# Blender 4.5.2 LTS
# www.blender.org
mtllib merged_model_12_5.mtl
o merged_model_12_5
v -249.995316 250.075150 463.960846
v 249.938766 249.955475 561.009949
v 250.004852 244.420029 552.187378
v -250.009796 234.326508 455.165833
v 249.928543 234.022537 547.091797
v -250.006226 229.229385 453.992615
v 250.016464 217.847107 542.069763
v -249.952011 214.095795 449.158691
v -250.024033 208.660309 447.142883
v 250.096237 210.770615 539.382874
v -250.004150 198.118195 446.490417
v 250.001648 196.359024 539.148071
v -249.979324 183.572159 449.841858
v 249.998749 185.330872 537.245178
v 249.890167 179.869843 537.779175
v -249.978790 176.934906 449.472748
v 250.094299 173.946762 538.938721
v 250.032013 163.471893 540.303040
v -250.037613 149.799026 451.216583
v 250.007721 156.367111 537.890747
v 250.045349 148.183075 532.675171
v -250.021301 132.636276 451.029999
v 250.013596 137.304306 530.272644
v 249.999374 130.271805 528.177612
v 250.063950 125.773636 528.753235
v -249.992508 121.867416 447.708649
v 249.959610 116.723412 524.435852
v -249.997894 110.235786 441.783325
v 250.054276 111.296654 523.858826
v -249.995819 104.439743 439.986664
v 249.983429 103.377113 521.993408
v 250.008530 95.116600 520.125671
v -249.995346 83.795464 429.599457
v 249.968307 88.157967 522.142456
v 249.946732 86.081177 523.391724
v 250.016418 83.497704 523.536072
v -249.993011 70.962799 428.269745
v 250.034439 72.658752 528.927856
v 249.827728 67.747513 528.887024
v -249.992249 60.537457 424.316162
v 249.857788 62.570045 527.763367
v 249.996490 53.618202 528.021484
v -250.008621 47.293766 421.219391
v 249.905090 46.273636 527.126770
v -249.955841 36.352436 422.746124
v 250.010040 32.655994 518.700378
v -250.008118 27.957493 421.299042
v -250.013794 20.489021 418.577179
v 249.962677 12.670246 513.022461
v -249.993881 0.742939 409.233978
v 250.048019 3.247890 514.420288
v 250.004608 -2.493942 514.955505
v 250.029327 -9.372609 517.561157
v -250.129013 -6.721013 408.981750
v -250.085876 -18.707138 407.848877
v 250.142502 -17.262880 518.738281
v 250.001633 -21.162886 519.985413
v -250.011810 -21.986532 406.035461
v -250.001770 -31.999605 401.347168
v 249.935608 -36.323917 520.356567
v -250.026505 -38.499474 395.432739
v 250.160675 -40.259701 521.097229
v 249.995422 -45.838558 522.117188
v -250.279907 -47.187550 390.782318
v 250.088058 -55.236584 525.456543
v -250.068375 -55.999329 388.549805
v 249.974869 -58.381409 525.939758
v 249.907394 -66.299240 528.378052
v -249.902557 -64.124084 385.538086
v -249.947235 -73.357918 382.857910
v 249.933701 -70.824783 529.052429
v 249.962250 -79.624718 529.056274
v -250.013046 -80.114349 382.592743
v -249.935806 -88.985359 380.721863
v 249.944061 -88.538986 528.626160
v 249.999786 -95.168365 529.382446
v -250.026382 -97.919815 380.742767
v 249.975967 -102.980515 528.667236
v -250.072647 -106.396843 378.053802
v 250.080307 -112.767288 526.408813
v -249.984985 -112.701653 377.884399
v 250.012802 -116.301819 525.752625
v -250.063873 -121.345757 375.228943
v 250.062500 -122.490868 523.361145
v -250.048767 -130.861603 376.791412
v 250.019257 -131.532822 519.542053
v -250.002884 -136.770630 377.109100
v -249.984314 -143.213425 376.323822
v 249.983490 -141.861847 514.779846
v 250.044662 -152.828522 513.982605
v -249.988556 -157.036011 374.992279
v 249.988449 -162.998352 511.784668
v -250.024231 -164.709030 373.969452
v 250.076920 -169.628769 509.248657
v -249.979797 -182.257996 372.972809
v 250.119888 -178.917389 508.132233
v 250.008881 -185.700760 507.568573
v -250.022949 -189.879593 372.050995
v 250.001724 -196.472702 506.709595
v -250.017731 -200.033386 370.833801
v -250.003967 -208.926117 370.490997
v 249.957001 -209.715820 504.758728
v 249.953690 -212.526245 503.608368
v 249.991791 -222.088867 501.396027
v -250.008774 -228.319580 368.111755
v 249.934113 -229.571457 501.024292
v 250.116653 -235.577942 500.999847
v -250.055130 -239.315475 364.344696
v 249.945023 -242.132217 501.749451
v -249.999939 -245.055023 365.974762
v -249.983398 -249.999756 365.584290
v 250.198090 -249.990143 500.662323
v -238.694839 -250.069885 362.448273
v -237.409531 249.994507 464.016205
v -233.896881 -249.996399 361.617859
v -226.655746 249.990311 470.971985
v -221.132324 -249.949890 361.087769
v -217.713394 250.143402 474.115295
v -211.170166 -250.017914 354.932343
v -209.262756 249.959717 467.758423
v -204.133698 249.999008 472.815704
v -201.956833 249.966064 471.571655
v -200.000015 250.000015 471.019531
v -198.000015 250.000015 464.715485
v -197.935364 -249.885300 347.558777
v -195.999649 250.000961 464.096008
v -192.000015 250.000015 467.444519
v -186.291031 249.849930 469.487579
v -184.000015 250.000015 472.276031
v -182.652283 -250.012299 342.340607
v -181.191467 249.947708 469.036652
v -173.477219 -249.980087 336.900085
v -177.670364 249.103333 463.061737
v -172.586746 251.234665 462.880707
v -170.755447 250.087219 461.524719
v -166.185242 249.857162 455.512421
v -164.906967 -249.984497 333.147400
v -161.081467 250.607300 456.741364
v -158.000000 250.000015 445.823029
v -156.308411 249.780182 443.741425
v -154.570374 -250.001862 329.916199
v -154.000000 250.000015 448.093018
v -152.228348 249.884399 439.579224
v -148.408844 250.148376 448.316803
v -139.397980 -250.006683 324.100220
v -146.000000 250.000015 448.772034
v -141.955582 250.800461 453.591705
v -140.000000 250.000015 453.088989
v -138.000000 250.000015 453.800018
v -131.931046 -250.013809 319.023651
v -136.000000 250.000015 456.746521
v -131.884766 250.050400 458.075226
v -126.396553 251.398315 467.536804
v -124.106148 249.848267 466.433044
v -121.004677 -249.997025 323.754852
v -120.152802 250.138351 471.626892
v -110.795601 249.890549 473.714233
v -107.443649 250.058823 474.998596
v -102.145256 -250.005661 343.431335
v -102.068832 249.997574 475.967834
v -100.000008 250.000015 477.785522
v -97.978539 250.014404 477.389191
v -94.451111 -250.004532 351.618408
v -89.809486 249.945938 480.094910
v -83.947731 250.057739 485.499512
v -80.949295 249.656937 485.577362
v -76.642616 -249.935623 364.352112
v -78.000000 250.000015 488.014526
v -75.988266 250.000015 486.064178
v -71.978828 250.010712 486.943848
v -70.000000 250.000015 488.356995
v -69.306450 -250.021942 370.090759
v -68.281097 249.820358 486.929535
v -65.182343 250.279327 485.881683
v -64.882507 -250.048050 371.568390
v -62.000004 250.000015 486.899017
v -60.204037 249.914185 485.864471
v -52.118294 250.011688 488.428711
v -53.703396 -250.006821 374.088898
v -43.806561 249.965210 488.609406
v -46.919083 -249.991913 374.921051
v -43.089336 -249.935791 374.956299
v -37.808014 250.027084 490.242279
v -29.148699 -249.964264 379.607910
v -29.916321 250.077515 490.729706
v -25.113024 250.014847 492.247498
v -21.608828 -249.934067 380.670532
v -11.479914 249.943207 498.755157
v -11.755874 -250.007568 383.559204
v -8.939148 250.023392 500.955231
v -5.672672 250.004761 501.241882
v 2.131503 -250.003067 392.129822
v 0.764112 249.857605 505.723938
v 9.636846 250.023560 511.808411
v 11.667136 -250.037186 397.070770
v 15.059995 250.020859 514.010254
v 24.192112 -250.011719 400.615845
v 20.007566 250.108963 515.427795
v 23.907873 249.899216 518.431458
v 31.122662 250.005066 519.489258
v 50.559467 -249.992355 405.258453
v 41.560703 250.029297 522.182739
v 51.727970 249.977798 523.818420
v 54.636520 249.876099 522.743835
v 57.172447 -250.063354 406.439972
v 59.138393 250.041443 523.284973
v 68.706566 249.991150 524.773865
v 76.644127 -250.007492 415.378693
v 79.699593 249.882950 526.318176
v 92.659775 -250.071716 423.881683
v 96.417610 249.910782 523.659241
v 98.269325 -250.064484 426.207031
v 106.733917 249.994919 523.641541
v 108.378700 -249.910400 427.408264
v 110.000008 250.000015 526.861023
v 112.499184 249.797897 524.803162
v 116.498398 -249.954086 429.028259
v 118.001266 249.996674 524.599731
v 125.606407 250.036789 527.098450
v 125.016487 -249.978653 431.800171
v 128.962036 249.974777 527.111450
v 135.703842 250.117828 528.541626
v 139.661789 -250.014725 440.781952
v 140.247986 250.001953 527.637024
v 146.358780 250.141785 527.210876
v 154.930771 -249.993118 451.531769
v 149.824966 250.242096 529.542542
v 152.838898 250.037216 529.526978
v 157.849731 250.105591 531.265625
v 160.031998 250.068832 530.929077
v 165.024673 -249.980942 453.433319
v 165.919144 249.964432 533.025024
v 168.000015 250.000015 532.962524
v 171.072067 250.466309 536.150635
v 171.873459 -249.982315 458.992645
v 174.000015 250.000015 535.779541
v 176.254913 249.941406 534.153320
v 184.674652 -249.997482 465.949371
v 186.884933 249.996246 535.613647
v 196.064545 -249.990524 468.932220
v 190.337372 250.140076 542.363464
v 194.000015 250.000015 542.280518
v 196.246353 250.182724 540.737976
v 199.873734 249.981430 547.246094
v 206.037292 249.979721 543.866516
v 210.382965 -250.005875 477.936615
v 208.328873 249.974014 544.614319
v 212.000015 250.000015 552.756042
v 214.000015 250.000015 550.575012
v 216.000015 250.000015 552.858521
v 218.000015 250.000015 552.750000
v 220.000015 250.000015 550.673523
v 222.000015 250.000015 550.143555
v 225.019119 249.768997 551.590332
v 229.140060 250.529358 552.624939
v 235.529037 -250.002121 492.352753
v 231.942276 249.962860 551.699280
v 235.769043 250.317276 553.261292
v 238.000015 250.000015 555.445557
v 240.000015 250.000015 555.533020
v 243.800064 250.850525 558.440125
v 246.430359 250.110535 557.075195
v 248.000015 250.000015 566.329041
v -237.805862 245.722672 463.019836
v -229.054993 242.395004 466.493805
v -221.407639 244.750946 470.824768
v -197.869141 246.928757 457.712433
v -187.237320 246.595459 464.225311
v -180.149719 247.485825 457.968903
v -175.571457 247.251862 458.045258
v -168.485382 246.132675 450.780182
v -142.362045 246.837112 442.466583
v -136.308243 247.599121 442.928497
v -117.359833 247.199112 469.119720
v -107.176147 245.231262 471.661377
v -84.476959 244.878799 481.034271
v -80.947220 247.754791 483.083893
v -56.897713 245.290482 483.928741
v -49.059444 239.555466 483.320618
v -1.317165 245.714340 500.745911
v 4.840706 241.763443 504.685883
v 11.035206 243.870422 509.678619
v 23.563629 245.167206 515.975708
v 33.145416 243.513260 518.048767
v 54.438530 246.313400 520.776428
v 70.850288 243.421432 523.266235
v 88.782463 245.347549 521.975891
v 110.025749 244.373047 521.928711
v 122.963402 246.055817 523.182312
v 129.932510 242.397232 522.836975
v 140.861359 244.788132 524.021729
v 187.029190 247.744507 535.145142
v 202.230835 245.406723 542.536743
v 208.412720 247.551544 540.810059
v 210.979675 245.863861 538.534851
v 214.105423 247.785690 538.519348
v 216.297592 247.516052 540.967468
v 225.186890 243.888702 546.577942
v 234.770447 247.505066 551.297729
v 241.234055 246.987122 552.717712
v -224.085541 242.111053 467.903473
v -204.561127 243.658264 468.145752
v -167.315231 243.512711 449.202759
v -163.434662 240.788925 435.904083
v -153.443741 246.328354 432.138519
v -141.045456 244.519165 437.647491
v -120.260933 243.337326 462.437408
v -113.016525 242.621567 469.147858
v -92.579185 242.187012 475.323303
v -32.749035 243.530045 487.062256
v -25.272129 245.155579 491.299988
v 47.601971 244.743256 520.577209
v 97.263405 238.778458 518.840881
v 166.772171 247.706070 530.843689
v 173.351318 242.454910 529.255737
v 183.735260 245.089844 533.373352
v 194.538040 244.747696 535.502319
v 246.166473 243.733871 551.345642
v -215.052811 238.773148 469.897491
v -209.891037 241.098480 468.966705
v -193.151352 243.077042 458.698578
v -172.475174 238.986465 451.109833
v -151.992157 244.129333 428.862305
v -134.243179 242.544296 440.278687
v -129.427032 238.882339 441.288452
v -67.059059 241.099411 480.228088
v -60.976021 240.931931 480.191864
v -40.757942 237.069321 482.516754
v -19.492355 239.295624 491.890869
v 14.867024 236.137024 508.727722
v 58.668945 235.586807 517.576477
v 144.208618 235.149017 522.844971
v 198.252563 242.877869 536.471436
v 202.621216 241.829468 540.879028
v 208.753677 240.608749 532.781189
v 234.328293 240.474426 547.740417
v -240.218460 240.066452 459.496216
v -187.863617 238.897552 459.809021
v -181.869949 235.312485 450.582977
v -151.730804 237.153595 430.058990
v -124.656464 236.060104 442.468018
v -107.911354 238.509140 466.853363
v -85.660042 238.779114 477.081146
v -75.658264 239.503738 481.362762
v 116.415314 235.318008 518.256592
v 176.803909 235.717880 525.215271
v 187.583817 232.251358 525.778320
v 197.604843 236.827789 529.307434
v 224.758057 238.985458 543.976013
v -208.040405 236.057526 466.812469
v -144.986526 232.184479 426.922363
v -112.601303 237.961365 463.933441
v -97.875725 236.766953 469.714020
v -61.441368 236.967712 478.276794
v -31.286806 237.152771 487.246216
v -8.384212 235.801804 495.505463
v 39.013035 233.374252 516.202332
v 141.581757 239.355042 522.157104
v 209.991043 230.670700 528.044312
v 220.183762 225.045670 530.243896
v 237.403824 234.660629 543.325439
v -233.796631 235.600723 463.324493
v -223.033920 227.402390 463.281036
v -198.543228 233.531372 458.862305
v -193.379562 235.592361 459.235229
v -169.256287 231.891006 437.675323
v -148.481461 234.013596 428.887421
v -122.583679 232.700470 440.582458
v 4.066885 237.575745 503.960663
v 23.704424 229.811630 511.751099
v 31.256113 234.249298 515.070068
v 73.871651 236.761749 520.365723
v 86.618965 231.297379 515.049377
v 137.715103 231.163422 520.506042
v 152.700928 232.979248 523.893250
v 158.369873 229.736084 524.439575
v 245.100983 233.016388 544.717651
v -231.772766 227.833847 461.623688
v -211.945694 233.319931 468.471497
v -140.956543 230.296555 426.957825
v -118.858383 231.386536 441.280304
v -84.082024 229.891403 472.684296
v -73.476761 234.919281 477.631805
v -49.556664 228.986267 478.634094
v -37.749725 230.389404 482.894318
v -13.734751 225.085785 491.172119
v 1.646170 231.603195 500.476105
v 47.162571 228.096100 515.507141
v 67.080826 232.134323 518.548889
v -243.759430 227.818710 456.297760
v -189.337463 233.226059 454.742310
v -109.753647 230.430557 460.485260
v -106.073372 228.554260 461.768250
v -92.563362 230.318146 469.533417
v -66.667381 229.806992 473.339935
v 9.159496 228.714249 502.912262
v 122.640572 226.856155 516.666687
v 129.971085 228.426895 517.967896
v 202.032059 233.406082 526.107910
v 231.221802 230.756821 536.701050
v -215.448151 226.933350 464.461609
v -95.503899 223.582138 464.420563
v -79.938873 226.596024 472.693085
v -73.291435 228.539703 474.572327
v -28.966667 229.115875 486.265472
v -20.097826 226.958984 488.132355
v -9.814713 224.889374 492.608215
v 19.891098 226.712387 508.394531
v 55.196903 229.831055 516.242737
v 62.999657 227.606567 515.361450
v 74.576294 229.989883 517.701355
v 90.389732 226.424713 513.609802
v 95.954567 226.060303 513.514709
v 103.041267 223.185272 513.684570
v 141.817337 229.502274 521.672852
v -206.226746 226.539490 464.199249
v -196.085846 226.570663 454.880920
v -165.267853 226.942688 435.084351
v -130.052170 227.524872 431.957062
v -124.506538 220.603729 433.284607
v -113.509148 227.102859 444.987701
v 79.397980 217.351303 509.625031
v 140.158569 224.378891 518.598022
v 180.143524 226.352661 520.354492
v 207.678650 218.503174 524.432678
v 237.891159 222.319382 535.651794
v -146.546371 229.904373 427.265717
v -141.540863 222.553055 423.752899
v -103.869156 224.728378 459.288544
v -68.652641 224.910309 471.240967
v -42.373245 225.847092 481.199554
v -2.650229 220.099457 495.580688
v 33.446617 221.983887 511.092743
v 195.649353 222.623245 517.572632
v 249.898956 222.979630 542.694641
v -227.789871 223.748642 462.114624
v -217.740494 218.810562 460.829529
v -202.121338 222.307968 460.945679
v -180.542435 223.872696 443.989716
v -158.947083 222.148117 432.899323
v -150.365891 221.900864 425.806702
v -136.649826 223.254471 426.822815
v -110.606438 224.445984 443.070312
v -88.984596 225.465561 467.986542
v -85.066795 218.045837 466.203674
v -35.647469 222.075974 482.190399
v -28.279736 219.447083 483.980530
v 4.296752 219.419296 498.662964
v 14.972610 222.974716 504.286530
v 37.899990 222.465897 512.630432
v 150.790253 217.549210 516.649170
v 158.287872 222.388535 520.749329
v -197.274033 216.856400 456.882202
v -117.534645 217.244568 434.442291
v -54.745770 219.427658 471.766449
v -44.071617 220.100174 476.628540
v 25.836826 220.260101 507.981812
v 65.637138 221.660995 513.715576
v 177.263840 217.731903 514.951721
v 187.387344 214.762466 514.675110
v 224.893661 216.684570 526.144226
v -237.219040 218.134872 454.981781
v -206.316055 217.257599 460.876678
v -169.581192 218.217117 438.386658
v -109.057953 221.903152 441.941711
v -100.514404 221.359543 458.255005
v -76.274681 219.998962 469.535187
v -68.673645 215.901062 466.575684
v 11.375946 221.421524 502.940155
v 22.833038 217.919556 506.184906
v 50.768818 218.560349 511.634766
v 73.265297 220.168854 512.526855
v 87.594162 216.737701 508.394257
v 116.306870 216.838806 512.422546
v 131.932465 216.451447 514.851318
v -225.490585 215.659698 456.746429
v -178.420151 218.897552 441.798706
v -159.975983 217.518250 433.607147
v -144.392075 219.040131 423.220001
v -140.277496 217.711578 422.521027
v -132.830643 214.013351 422.130066
v -50.569393 217.573349 473.415680
v -23.303177 210.763977 485.258514
v 40.072224 216.216721 510.431915
v 52.416454 213.652328 510.546234
v 103.655113 218.347122 511.471252
v 216.817963 216.988037 524.628296
v 229.976303 216.549500 527.864258
v -107.915161 214.786072 434.679321
v -105.154945 213.644943 434.860809
v -95.308182 217.524490 459.217834
v -60.121098 212.555145 467.681183
v -46.731277 207.597290 472.648285
v -40.730721 217.199631 478.299133
v 122.982277 209.162262 509.991455
v 157.341202 217.861282 519.179749
v 200.407379 212.706451 516.430908
v -236.722229 209.441498 449.908051
v -157.388992 205.878311 425.657623
v -87.521446 213.977783 462.059906
v -72.761330 211.631409 462.004669
v -13.036500 214.035873 490.847076
v -2.837802 212.659210 494.526520
v 11.551496 212.754761 499.028503
v 98.939720 213.232727 508.773193
v 157.061584 214.383774 516.615112
v 206.643219 208.470200 516.382690
v 233.112411 214.103500 529.727661
v 242.136429 211.968704 535.920654
v -215.144821 208.187042 455.713623
v -183.576157 208.793213 445.741699
v -173.986130 209.328674 436.234528
v -137.789627 210.750229 421.138092
v -83.687408 210.190872 461.484558
v -36.752239 208.902100 477.434326
v 65.989166 211.254196 509.517700
v 75.525772 211.889618 508.731750
v 185.677811 206.829758 511.008148
v -201.377441 205.152084 455.217804
v -181.660950 204.134293 443.689972
v -121.689690 211.437515 425.824219
v -90.524223 208.211761 446.687317
v -51.323689 210.132858 469.664001
v 29.554220 210.925674 505.576416
v 33.797337 203.223602 503.817474
v 93.616478 201.475403 501.202454
v 113.349709 208.381485 508.978455
v 138.037506 200.642441 507.950073
v 160.706985 207.929382 513.149536
v 177.493271 204.030273 507.819427
v 196.443481 209.338974 513.493530
v 230.159195 211.786942 528.878845
v 235.766769 208.685028 530.372314
v -167.496353 203.585999 430.562683
v -147.051498 202.691315 420.675812
v -134.121902 202.363373 411.223907
v -101.268272 207.834427 425.881012
v -78.135414 201.549255 456.348999
v -68.277451 208.658508 462.057129
v -6.266001 205.657639 492.767700
v 51.634552 204.719131 507.503510
v 63.588791 203.202271 507.883484
v 71.304237 202.895172 505.006775
v 89.557686 202.014420 500.480835
v 104.738640 209.461792 506.994263
v 131.536789 200.964005 507.157562
v 150.792786 204.563110 510.257538
v 212.214111 207.902390 518.923767
v 226.192154 204.681442 524.711060
v -227.935883 205.384415 450.905792
v -137.461777 203.106400 412.835114
v -131.817886 200.640762 409.323517
v -106.905670 205.869217 420.499481
v -80.948189 204.837234 457.920074
v -73.489426 204.210190 460.510773
v -23.314938 203.979919 484.964813
v -17.228621 199.719391 488.342896
v 6.316584 206.163467 493.526306
v 43.741642 205.237167 506.692627
v 83.374222 201.158478 499.467377
v 219.347885 205.743652 520.601196
v 245.251785 201.108459 537.981934
v -241.438034 202.888855 446.311737
v -120.761978 200.299271 404.292847
v -94.936150 202.669922 425.914490
v -67.408348 201.942261 460.902008
v -56.984497 204.340393 467.006073
v 12.450319 202.624756 494.547882
v 103.333771 202.713181 502.832001
v 195.337891 203.327438 512.898865
v -245.413025 196.594498 445.343109
v -206.669235 196.649521 450.791107
v -112.731850 198.055862 407.068207
v -105.043617 202.572647 413.156647
v -45.434067 199.589401 472.540131
v -35.543999 199.033218 478.213379
v 4.914464 201.736130 489.900116
v 23.301291 195.964523 497.664490
v 56.509827 192.292953 503.672150
v 115.758469 196.733276 500.165405
v 167.550842 195.918503 507.151123
v 181.273712 200.821518 506.997986
v 204.986588 200.561539 514.545898
v -231.940079 198.974014 446.142090
v -194.260910 196.232635 446.718201
v -186.553680 199.725128 444.033386
v -128.198273 198.932953 402.014923
v -91.406868 199.440277 429.772156
v -75.540504 198.294449 455.837372
v -6.571267 201.052811 490.934875
v 100.656815 195.602585 498.731384
v 208.954361 195.515411 515.850098
v 224.502884 200.095062 524.944763
v 233.251129 198.050293 530.926086
v -221.554489 194.745560 445.764130
v -178.082535 193.407166 436.845917
v -158.887070 197.113556 424.590485
v -138.245743 195.544067 410.816376
v -99.640785 196.137772 413.318695
v -83.128128 196.721481 439.859741
v -72.824051 196.957520 456.105591
v -32.723152 191.335037 480.424164
v -28.252731 187.403091 482.104523
v 7.408910 194.864975 488.063904
v 152.265533 193.987045 505.472137
v 196.562363 189.696365 510.457947
v 239.021851 196.389893 535.116699
v -129.897156 195.155136 404.862671
v -125.489799 197.454605 401.463226
v -120.347023 193.888657 399.859100
v -105.015739 192.984558 408.298828
v -94.478981 197.858521 424.293335
v -56.366802 192.515625 467.518158
v 33.763145 194.044922 500.014618
v 139.400406 192.036896 505.013397
v 231.579636 190.728806 529.233704
v -234.791901 194.683472 445.276001
v -88.687851 192.470856 428.723450
v -68.326859 194.884659 458.939667
v -65.422371 191.462448 460.434875
v -7.651258 193.932526 487.055176
v 15.212549 190.560165 491.343445
v 41.288399 189.413925 500.444946
v 97.331062 193.802185 499.001801
v 125.253059 190.180389 499.224152
v 202.414383 192.686905 511.301147
v 218.761215 188.426559 521.181946
v -201.760162 186.646194 448.300659
v -189.895233 189.637299 443.507507
v -160.389877 193.023514 424.137878
v -117.071274 192.226959 400.392700
v -96.380608 191.889725 412.640076
v -75.752411 191.850540 444.170532
v -44.074451 190.593170 473.808502
v -19.030699 191.177261 485.636292
v 0.399610 191.001892 485.363525
v 65.712982 192.408310 502.844086
v 74.067001 189.169128 499.728271
v 84.071930 192.492477 496.226074
v 148.614624 189.232315 504.290802
v 187.405090 188.578308 507.707214
v 225.659363 189.891953 526.170959
v -228.981735 190.619476 445.313629
v -219.973709 189.033081 445.214447
v -131.489883 185.802444 406.885101
v -10.997803 187.036362 483.260437
v 91.330086 188.244171 495.517609
v 104.051262 189.532120 496.766113
v -167.665268 177.857620 428.968109
v -124.723282 185.677795 401.957275
v -116.753868 186.820892 399.739410
v -111.453087 184.992645 400.025604
v -89.275230 189.669769 421.528137
v -70.322441 188.650436 447.981842
v -59.089622 184.794571 464.312378
v 112.958786 185.759628 497.554474
v 141.830658 186.186279 502.473572
v 157.003906 189.227097 503.824554
v 223.112396 182.149826 522.647278
v -217.396942 184.797821 444.332672
v -213.499329 181.100647 444.520721
v -181.962845 181.684326 440.138428
v -150.668015 190.068665 417.541656
v -99.304260 183.399658 405.449036
v -96.134308 184.030945 408.200592
v -84.303871 187.594330 427.969940
v -79.304070 185.385712 436.567535
v -66.295265 185.493820 459.477448
v -50.402836 181.469620 469.564575
v -4.405114 183.894653 481.617279
v 18.971828 185.827866 491.907379
v 48.091274 183.887497 500.918030
v 82.329636 181.993347 495.441681
v 123.409439 182.549133 496.702454
v 203.713974 181.837631 508.913818
v 214.417801 181.970139 517.232422
v 235.830307 181.684998 531.114868
v -228.913727 176.759872 445.644104
v -145.657913 180.728073 414.536469
v -111.244431 179.277954 398.597595
v -89.445053 182.052673 414.560120
v -23.605825 179.968979 479.652618
v 7.919983 181.538651 483.706512
v 33.215168 180.030670 493.110809
v 57.066109 182.341873 500.810547
v 68.280014 182.136856 499.926422
v 96.153458 178.126617 494.655457
v 113.230858 181.168015 497.179138
v 179.368484 187.452362 502.979584
v 183.813843 180.696823 501.451019
v 200.082581 181.660797 507.821198
v -197.803345 182.573410 447.643707
v -188.152557 180.117172 442.880463
v -76.036140 179.515854 441.121124
v -71.272308 181.705994 446.347046
v -45.709587 179.091324 470.838745
v 14.849627 179.939209 486.609100
v 195.420181 179.537460 504.539429
v -122.546768 170.997284 401.769958
v -102.501175 180.903320 403.774292
v -83.697845 181.208450 422.183716
v 20.652802 179.058670 489.432312
v 42.557095 179.560699 497.674835
v 146.812012 175.328232 496.667450
v 157.368454 172.225082 494.726654
v 163.989822 178.543976 497.346527
v -196.740265 176.767975 447.512207
v -155.449738 178.818222 421.951569
v -150.353012 173.332718 419.343872
v -84.666428 177.748932 420.890106
v -65.014183 178.250931 455.918915
v -54.879181 171.082031 463.421753
v -35.678913 177.917130 475.456482
v -11.828432 173.593552 475.833954
v -1.443191 176.603973 479.047211
v 37.035435 174.120056 492.701416
v 77.089539 177.947388 495.884766
v 106.363457 177.128616 494.864410
v 133.874344 171.492996 494.924622
v 177.047028 176.812592 498.996338
v 206.201813 172.283646 510.653198
v -225.406815 171.579483 445.427795
v -188.130447 176.481613 442.423676
v -107.324142 173.567780 397.740021
v -100.479561 172.842392 400.595764
v -69.638885 175.030716 447.164948
v 27.600245 173.085556 488.159546
v 185.213486 172.506546 500.556274
v 230.174988 175.486511 525.611511
v 237.078140 172.313309 530.699463
v -211.664062 171.655197 443.512238
v -177.870819 171.856613 440.199615
v -158.581726 173.255219 422.022736
v -139.271790 170.150528 410.526581
v -92.505035 172.063385 404.484253
v -80.090607 171.072922 432.377350
v 10.221314 173.216522 482.066345
v 54.013264 170.979111 497.699341
v 68.921616 171.718857 495.004272
v -205.648560 169.448746 443.079132
v -195.872787 170.099792 444.442810
v -175.439484 169.363068 439.344727
v -76.416481 166.592743 437.678772
v -62.174225 169.353989 454.564545
v -45.743259 167.782639 467.339203
v -38.708378 166.703217 470.195618
v -27.836582 171.891129 475.781433
v 16.716549 167.177139 482.190643
v 96.853851 171.042938 494.103699
v 121.142822 167.757401 493.791901
v 171.054138 169.905365 493.907379
v 193.781067 170.150986 501.956909
v 201.333588 173.279678 509.297058
v 216.222000 172.649414 516.662842
v -237.401840 159.006119 448.597504
v -200.783463 165.107986 441.754120
v -157.346481 167.877655 421.969177
v -105.630852 167.404663 396.777679
v -85.729095 170.119232 415.542999
v -65.759727 169.897385 448.438263
v 199.523499 166.397522 505.683167
v -244.384720 158.233292 449.684021
v -223.141373 165.218216 447.358917
v -91.080132 166.629517 403.819733
v -13.424948 168.471695 473.312897
v 1.241564 166.943237 475.599640
v 40.515663 169.890594 494.062622
v 48.419487 166.582977 495.676086
v 98.519287 160.250595 492.720612
v 104.982178 164.591354 493.026917
v 143.360855 168.436295 495.732483
v 220.726685 163.700790 519.992798
v 228.399872 165.339722 525.047241
v 240.907806 166.635300 533.979065
v -214.227280 156.383469 444.100922
v -190.566727 154.835495 435.016296
v -117.017563 163.758484 397.454681
v -102.823105 161.144608 395.565369
v -94.846107 161.089005 399.254456
v -79.645805 163.409714 433.771423
v -30.163645 160.091507 470.311096
v 5.435871 161.918167 475.590668
v 20.672972 163.347549 481.368042
v 63.773678 165.104538 492.108490
v 74.640877 164.878525 492.218536
v 130.990646 162.517136 493.198151
v 180.068436 164.616745 495.313416
v 185.655197 160.682007 495.676880
v -169.792816 159.604538 431.196960
v -136.034668 160.165359 408.323120
v -71.731682 162.427551 439.557587
v -59.836391 162.936646 456.465393
v -47.375557 159.785767 464.054871
v -16.753801 162.021530 470.743011
v 31.379076 164.649918 486.797119
v 68.900169 162.632187 490.353302
v 192.661743 156.711044 499.112122
v 215.408844 160.048447 516.552490
v -229.310974 158.319153 447.887390
v -85.796906 162.038559 416.549347
v -63.293774 159.525208 448.947021
v -54.385464 158.217484 459.480438
v -40.026009 154.161087 466.052643
v 42.444267 161.566864 491.600464
v 75.345383 158.237900 490.116760
v 85.576981 159.995483 491.057983
v 113.974075 160.251175 492.561340
v 133.511078 154.503662 490.930237
v 158.089172 159.887680 491.533722
v 169.559311 158.418137 490.906769
v 201.026215 157.560455 507.022339
v -197.243042 154.785614 436.422119
v -139.194885 156.512817 409.281708
v -89.943657 157.562775 412.451202
v -75.989227 161.029602 436.502258
v -4.564486 158.299637 470.961456
v 50.955715 161.101318 493.738220
v 54.719406 158.682678 492.411743
v -185.939392 150.133392 431.391632
v -107.899338 151.263824 393.781097
v -101.147430 153.956253 393.195099
v -71.804550 156.842117 439.362488
v 14.466949 155.563507 476.590363
v 37.049358 149.755386 486.455841
v 66.952667 157.771942 487.937164
v 154.383453 155.554321 491.222290
v 178.926025 155.396957 492.425873
v 221.328827 158.704071 521.957397
v 242.467148 159.002823 535.673157
v -203.102219 156.882080 439.258942
v -96.932457 156.220352 397.501495
v -84.159538 158.253632 419.356201
v -58.709610 153.406448 448.624451
v 126.311790 152.837402 490.519470
v 204.251755 153.889511 509.563690
v 211.114746 155.750092 515.416992
v 229.100815 153.826538 527.560364
v -128.895493 148.630066 400.685394
v -80.808449 154.845016 424.888275
v 6.525944 153.588928 472.803772
v 26.260216 151.103317 481.049683
v 90.448486 149.068741 488.230682
v 164.696335 153.566727 487.545563
v 185.986084 151.012131 495.288971
v 198.722885 150.757767 504.848755
v 216.061432 151.816772 518.967896
v -240.073471 147.729736 448.609802
v -160.909012 146.670990 419.003082
v -91.232529 148.735779 408.025574
v -80.895599 148.935089 421.064728
v -78.622993 149.351715 426.219421
v -72.046944 149.256531 433.089081
v -66.115616 149.050018 436.881775
v -47.910725 151.001602 458.597839
v -43.217030 150.672073 462.323029
v -12.269266 147.493240 465.966980
v -2.617322 145.582169 466.952454
v 44.131271 150.962692 490.189423
v 58.444443 145.061264 485.148438
v 64.801903 150.560089 486.286377
v 101.245796 145.617599 486.566162
v 107.830360 148.205429 488.337006
v 115.171616 153.979477 489.260468
v 174.525421 151.509354 488.522247
v 217.701523 148.469269 519.975647
v 239.407745 153.470413 532.344727
v -206.421448 149.131058 439.522614
v -132.218307 143.441910 402.387024
v -111.538742 145.592758 394.959961
v -96.503288 148.328369 398.066040
v -85.481056 147.527817 412.736267
v -51.082993 147.197906 449.236664
v -28.723158 147.021103 465.531860
v 12.556786 147.865280 473.895782
v 32.693565 142.957306 481.503998
v 50.563801 147.562607 488.794250
v 72.863892 149.184143 486.385406
v 83.422081 141.937729 484.350677
v -229.921280 149.102570 447.001373
v -215.193695 148.011765 441.417480
v -177.753723 147.726654 426.858398
v -100.307030 146.966049 393.586609
v 169.533508 145.063141 484.516663
v 224.831741 146.947769 523.103333
v 234.164307 144.660522 525.773987
v 239.490875 144.485199 526.868286
v -196.559647 145.900558 434.648956
v -162.889771 142.691299 418.143585
v 116.904503 135.712051 483.601562
v 124.501122 146.920883 488.156738
v 130.048553 144.789093 487.025665
v 140.310669 137.242294 484.768799
v 177.977692 146.528534 489.059418
v 187.094162 142.488480 496.642426
v 193.924286 142.723465 503.070709
v 202.814423 146.241547 509.687958
v -222.560684 142.212097 445.267548
v -154.438278 136.646179 410.471741
v -124.218697 140.450546 397.286163
v -93.337532 145.784851 404.634613
v -80.516014 143.636780 411.641907
v -61.582924 143.865128 435.201782
v -44.161743 140.155273 452.042786
v -39.102226 144.274414 461.178467
v 8.508156 144.135162 470.270264
v 21.348412 143.327972 476.371368
v 45.735847 143.397247 487.226105
v 95.014938 139.785904 483.314148
v 150.728638 141.390915 486.015045
v 166.678268 136.993759 481.525085
v 198.806244 140.147095 506.197449
v 207.472610 143.379013 512.477661
v -236.044067 142.566666 447.706970
v -231.614105 135.179276 446.298584
v -200.122437 142.480927 437.545013
v -143.723221 128.645401 403.393250
v -108.450752 141.835770 393.734558
v -99.955208 141.612137 395.724823
v -84.738167 140.807693 406.986877
v -74.185760 143.639236 415.410919
v -68.854073 141.874054 419.727173
v -48.642227 141.443481 446.755920
v -23.248291 133.366226 461.188812
v -13.361711 140.976273 464.011993
v 69.505096 140.290207 482.966492
v 105.187805 141.215942 485.395721
v 171.087341 140.802444 483.681641
v 249.993011 142.737839 530.709045
v -112.492340 140.111099 392.507202
v -59.837029 137.756287 432.992157
v -54.576313 138.096893 437.201141
v 40.271297 136.623703 482.793152
v 45.521214 135.608734 482.617432
v 77.530769 137.588516 482.177063
v 220.275894 138.605835 516.913391
v 225.695557 138.909744 518.291931
v -193.478928 136.225647 434.722626
v -104.129059 136.650604 391.711731
v -99.040901 139.504974 400.356201
v -95.010010 138.273712 401.914673
v -36.485447 136.282501 457.918335
v -7.667540 133.790024 462.073486
v 10.675200 133.641190 466.749481
v 25.866531 134.038666 473.235626
v 57.610874 133.133804 479.167450
v 123.223389 131.302872 483.322296
v 147.137543 133.283600 482.414185
v 176.823654 139.319504 488.013641
v 181.034943 133.649521 492.840729
v 186.613388 131.467056 496.486603
v 211.112473 137.494019 512.343811
v 232.591568 138.516586 521.438171
v -231.633408 131.833115 445.903107
v -216.700836 133.785660 442.687927
v -209.907303 123.558449 438.609924
v -172.807968 122.041748 423.067688
v -111.544998 132.558609 391.280853
v -73.282448 136.840195 411.861877
v -69.793373 135.278961 412.989624
v -42.417446 134.880234 448.310394
v 0.117295 130.226440 463.288361
v 99.625374 134.787643 482.126556
v 107.547043 132.007599 481.604706
v 226.473480 133.993057 516.318542
v 241.404785 135.460037 527.560608
v -162.908493 131.221603 418.348297
v -98.081993 135.357162 399.602814
v -82.722717 133.828400 400.951508
v -63.915634 133.219299 420.464050
v -51.305550 129.363983 434.589478
v 20.214317 130.455414 470.034180
v 66.571045 132.165268 478.477112
v 85.244316 127.037163 480.174408
v 157.876205 127.184090 475.216888
v 217.146484 130.091263 509.428589
v -133.011414 123.028244 397.274994
v -103.731758 131.718384 393.717773
v -56.105198 131.188507 432.712463
v -33.049461 132.902267 458.197144
v 39.822964 129.860107 477.464752
v 142.407364 126.447273 478.443268
v 168.738617 131.197433 481.173096
v 233.952393 130.034302 522.018250
v -202.940887 120.631752 436.918945
v -108.233719 129.238297 390.045959
v -94.283112 127.590355 395.761902
v -76.116325 131.038223 404.550781
v -72.189056 125.560806 403.558075
v -42.073288 130.602356 444.141449
v -16.008461 131.945282 460.175171
v 6.768971 129.260925 465.095459
v 14.401948 123.946877 464.314148
v 50.390099 132.671082 479.961273
v 57.161541 127.241402 477.259460
v 94.400139 129.207825 481.388641
v 113.075600 128.187973 478.984406
v 199.963318 120.570511 499.714325
v 209.693039 126.397316 505.297974
v 242.546265 129.206741 526.075439
v -219.620148 121.880516 439.841675
v -182.916718 120.945961 428.638550
v -85.969406 124.266144 393.079742
v -64.699181 124.174416 407.509979
v -36.286472 129.656036 453.415924
v -29.598251 126.176537 456.685455
v -9.550892 125.420975 459.228394
v 25.942884 126.813454 470.427155
v 99.589180 123.174156 480.141663
v 154.245529 124.018234 474.461884
v 192.873016 126.882202 500.119537
v 222.938354 127.304825 513.018127
v 228.563614 128.564072 519.046936
v -239.601334 126.600182 445.381958
v -232.744568 122.127754 441.181061
v -223.856339 121.585243 441.092438
v -155.708527 119.266220 411.944000
v -109.922676 124.103668 386.429352
v -78.511002 124.823639 397.737976
v -57.920063 124.415138 418.497131
v -42.054562 123.889709 437.869965
v -21.747210 127.186752 459.551117
v 19.482090 125.244667 466.357666
v 65.210358 126.813057 477.433044
v 73.109024 124.331596 476.378204
v -170.523834 112.546227 420.780029
v -150.282776 109.896355 407.159241
v -105.712570 124.077545 382.542755
v -76.580978 121.826256 398.470001
v -36.097870 122.435326 449.666473
v 40.861687 121.862984 474.716431
v 50.781918 114.567314 469.554718
v 93.331505 116.469398 476.367218
v 104.592941 119.011765 477.930756
v 111.640480 123.304581 477.511688
v 118.182533 124.598907 478.593658
v 134.944595 123.208221 478.135895
v 168.360901 125.325630 481.173553
v 184.375122 124.681900 493.980713
v 226.397552 123.502449 513.624451
v -196.775345 117.224411 436.043091
v -101.673935 122.360252 381.484222
v -50.477291 120.540718 431.793915
v -15.325717 115.681976 454.757263
v -0.244716 118.499390 459.136169
v 7.579783 118.001663 459.545563
v 31.749973 123.210114 471.452301
v 187.946335 119.430336 493.769073
v 215.196579 122.878708 506.813080
v 239.441605 122.759796 523.680847
v -243.662033 117.206100 443.780731
v -98.875801 118.238312 379.953247
v -92.089745 121.121475 385.491821
v -61.804184 119.753204 404.738159
v -48.418388 117.810760 430.805847
v -39.633965 119.871094 439.142731
v -31.363071 117.299866 443.755493
v -27.547850 118.243965 453.095642
v -8.759615 116.702583 455.780396
v 25.162872 121.320488 466.330475
v 80.578751 116.257835 474.309448
v 116.215813 116.418343 473.443542
v 148.321716 120.683975 472.962250
v 160.365265 122.186394 475.879517
v 163.863144 115.632347 475.580688
v -230.367691 117.361351 438.420593
v -105.533813 118.461700 381.737396
v -93.016235 115.810921 378.200165
v -81.403435 113.961052 388.670166
v -55.750481 119.045319 420.155304
v -35.547199 117.098846 442.004578
v 18.745808 119.014603 462.622528
v 34.408630 116.564735 471.142029
v 42.174839 114.714653 471.326324
v 71.343224 115.754608 470.918610
v 151.180679 118.101143 472.817902
v 207.811600 116.589691 501.597565
v 215.740692 117.533249 504.632751
v -221.060883 116.270515 436.889282
v -216.793304 112.081718 433.469330
v -184.057602 112.734047 429.938538
v -117.335030 109.441208 389.981506
v -21.556337 116.616852 454.204071
v 57.689281 114.532394 469.106659
v 86.212631 116.028496 474.559540
v 146.082825 109.958511 467.764191
v 173.996933 112.280365 479.529572
v 225.324982 115.543510 511.772552
v 236.308105 115.528114 519.535828
v -239.870041 110.642380 440.397583
v -206.457138 109.303322 432.979309
v -192.606781 110.013718 433.667419
v -178.186981 110.060837 424.255707
v -142.914185 105.172707 401.931305
v -136.001205 102.012283 398.730560
v -72.074493 111.115280 395.062439
v -63.898537 111.874809 398.258392
v -58.250195 114.960258 402.599762
v -53.137802 114.330917 413.418304
v -46.895790 111.199829 430.616791
v -43.602177 114.104225 432.425812
v -25.915649 113.408035 444.846344
v 1.648546 109.108932 454.153137
v 9.444294 113.979538 458.570618
v 12.569853 108.607758 456.020874
v 22.202000 113.403725 461.685425
v 34.795792 112.137978 470.191986
v 112.424164 112.817314 470.501617
v 116.868904 108.580902 468.106750
v 189.923172 112.697083 490.235443
v 196.108780 112.745735 494.338379
v -226.854706 102.749130 433.615753
v -95.011215 111.369904 376.840454
v -90.997215 110.015228 374.623505
v -81.136696 109.507393 385.188416
v -30.659616 114.290535 443.777924
v -19.109554 110.746536 450.405396
v -4.441832 110.350929 453.916809
v 25.122633 106.390808 463.038330
v 100.306839 107.690735 471.023132
v 157.186523 108.170975 470.894836
v 169.329010 112.538933 477.629059
v 184.473785 110.271179 484.379944
v -105.164963 108.752968 380.465149
v -88.159187 109.022644 374.043701
v -56.451752 109.331322 401.287872
v 64.204926 107.321770 462.834808
v 87.048073 107.057297 468.938995
v 136.836121 105.263062 464.804871
v 203.234879 109.509705 497.390320
v 219.985352 104.155602 506.497437
v 235.766586 109.101593 518.665771
v 244.124405 110.209404 519.596863
v -242.532776 105.319321 437.627472
v -217.200211 102.763290 430.175415
v -164.975784 104.945465 414.527191
v -108.053123 107.978943 383.602722
v -68.422676 104.266685 390.668549
v -53.919983 107.220825 401.787903
v -52.141430 104.747147 403.417175
v -24.431705 105.004692 439.886017
v -13.141722 107.210098 450.341827
v 15.631025 105.037651 455.564362
v 54.491379 105.665825 462.761353
v 81.525185 103.541527 467.049530
v 209.406433 108.002449 500.649261
v 224.467590 107.280731 510.780853
v -197.952835 103.956482 431.021271
v -102.118034 106.817932 377.699402
v -93.573105 107.680824 376.827240
v -84.095032 104.828918 374.294403
v -73.221024 103.715225 384.715393
v -62.726486 104.735985 394.727631
v -43.735973 107.933960 430.047150
v -32.069572 101.921616 434.954468
v -3.526489 107.255684 451.453949
v 27.637760 100.487900 461.272491
v 37.015545 102.973885 465.043335
v 42.282318 96.861946 460.704407
v 113.601234 100.236153 464.171448
v 159.985962 102.965622 474.058411
v -207.495682 103.610741 428.906219
v -187.588013 101.700943 428.336121
v -117.858826 98.976067 390.823700
v -43.858196 102.659538 425.921234
v -41.424412 100.922829 427.769379
v -4.980087 101.892555 449.076172
v 92.189903 95.509216 463.824280
v 119.729401 105.755272 466.420868
v 152.583801 96.734131 470.660156
v 182.441483 95.998810 485.157562
v 188.653336 103.524864 487.531464
v 211.291397 100.003006 502.217865
v 242.400269 102.353897 519.328613
v -237.479965 97.395866 433.808014
v -171.926376 99.786774 416.843201
v -159.252426 95.622246 408.171814
v -144.983948 97.927849 401.833221
v 1.843346 97.717491 449.876282
v 65.049530 101.023529 458.986755
v 76.893936 88.900742 453.815613
v 118.295479 101.333061 462.787689
v 161.796280 95.877464 475.163208
v 199.748184 95.609299 493.343689
v 234.866959 97.646225 514.050354
v -196.632721 96.734581 426.574524
v -184.136902 95.785393 424.719879
v -110.980591 97.983719 384.287170
v -100.000229 91.028465 376.501099
v -91.642998 94.094582 376.182068
v -79.092918 98.536667 374.353149
v -63.206387 98.701447 392.756653
v -50.998661 99.636314 401.367371
v -15.870954 101.063805 443.630920
v 8.788801 100.921829 450.865387
v 55.459976 99.174423 458.590973
v 142.092773 99.066040 465.386932
v 225.734436 99.749763 507.808929
v -232.378357 94.140884 430.779968
v -202.793961 97.101898 426.498962
v -82.170433 98.342453 373.848755
v -76.143715 93.625206 373.789703
v -25.432476 96.050407 436.539185
v -21.369123 92.080353 436.902344
v -18.359760 96.550606 441.504120
v -11.608538 97.260330 442.839569
v 15.004135 90.112396 449.891510
v 99.217628 94.682541 463.091248
v -241.707230 88.983521 430.990479
v -221.309769 93.536972 429.784607
v -143.015991 88.582443 398.622772
v -72.973007 90.191589 374.757080
v -53.773197 97.072998 398.469757
v -47.774414 96.133331 400.494751
v -41.352303 97.723221 426.937592
v -37.662838 96.855003 428.394165
v -6.562087 92.109726 443.045929
v 34.263664 94.394524 458.360504
v 56.231117 90.841461 452.239532
v 81.501076 93.875504 458.982971
v 114.702240 93.588860 457.702637
v 118.304222 95.843849 457.762238
v 126.687187 95.469788 459.179932
v 209.618881 92.526306 499.326569
v 216.617813 96.917763 501.105377
v -168.866211 86.628647 412.523224
v -151.186539 94.121391 402.724335
v -121.242142 92.204773 390.952057
v -34.464634 94.592728 429.381409
v 24.277782 90.785332 454.333771
v 44.126007 87.779991 454.376190
v 140.804962 94.039551 464.469757
v 178.360886 92.398933 482.280151
v 191.277039 90.532974 488.530731
v 222.514603 94.572334 506.902557
v 242.823837 92.568138 517.438293
v -190.593964 91.454514 424.131195
v -176.063416 89.158295 418.462250
v -130.450943 83.043274 392.479675
v -116.287148 80.288933 386.200531
v -65.267632 87.724762 381.958893
v -60.633152 90.590622 390.071655
v -46.596912 91.521828 398.691742
v -41.271751 90.947342 411.945709
v 68.623161 88.431297 451.553925
v 144.989899 89.131714 465.559479
v 165.665009 86.280159 475.677002
v 226.377457 89.370872 508.442810
v -54.025570 91.915901 397.064270
v -29.275007 89.406219 432.180481
v 2.014007 90.951859 444.344025
v 11.211360 93.274925 449.013184
v 35.190956 89.663101 454.948029
v 96.617996 82.368530 453.668854
v 122.145370 86.923523 455.460907
v 130.195221 85.253754 460.957855
v 157.151550 82.342461 467.282776
v 216.686905 88.610291 502.540558
v 237.904068 83.072372 515.967102
v 246.205124 84.002808 520.563049
v -198.657806 87.368210 421.292023
v -183.394699 84.465721 420.594513
v -160.166306 78.858315 405.054291
v -82.048706 82.478951 373.962555
v -59.087212 86.598183 389.445740
v -44.269917 89.022400 399.125824
v -34.064091 84.763412 426.087402
v 81.396500 86.057373 452.955872
v 152.598801 86.934258 468.276672
v 195.553619 85.760201 490.645782
v 210.112701 85.152206 499.706543
v 238.029236 88.341049 514.297363
v -188.880630 80.686996 420.398956
v -153.610214 79.676285 401.551392
v -68.911377 80.936729 373.789703
v -51.690754 88.683846 394.545837
v -41.290977 86.193947 404.762177
v 17.744816 86.560471 450.040222
v 63.726608 85.562614 450.243927
v 138.971115 81.746460 463.004425
v 181.935410 84.404221 484.410950
v 189.315552 84.929276 487.546173
v -243.750351 78.502388 426.217865
v -210.892822 80.636826 422.431885
v -206.704651 83.543991 423.052948
v -197.691574 78.000275 416.332489
v -173.686859 84.990593 417.071198
v -97.158485 80.878395 374.459808
v -72.404167 82.769760 373.242920
v -49.016953 83.191246 393.658813
v -24.505529 84.297012 431.075378
v -17.633387 82.725380 434.328979
v -3.434699 77.722191 435.584045
v 4.521619 78.363113 440.403351
v 19.366215 77.743721 444.170288
v 149.067841 82.747749 463.931641
v 225.890991 82.677910 511.170990
v -226.139450 78.267799 422.570068
v -143.519852 80.177902 398.455933
v -63.377613 78.226883 378.552277
v -55.429520 83.076431 389.009247
v 28.874294 79.935883 447.501740
v 40.863506 76.806168 445.977295
v 56.534664 81.133125 445.175598
v 167.045761 81.899895 477.652466
v 177.026184 83.464859 480.198547
v -237.730270 76.493652 424.403839
v -165.649612 78.449638 408.754456
v -42.551716 81.344124 399.821564
v -40.282955 78.884781 400.688690
v -34.050999 75.683327 421.983246
v -8.464216 82.245636 437.566376
v 51.983349 75.374054 442.437897
v 69.311264 78.865250 444.706451
v 72.499039 78.036255 445.573212
v 101.587143 78.395348 448.431091
v 164.194443 79.899788 473.506104
v 200.000732 77.201675 499.227905
v 212.950500 78.877312 504.596893
v -184.482147 74.203728 417.024017
v -139.434967 76.777069 396.957672
v -75.743851 75.942543 373.401367
v -56.059620 76.761742 387.393494
v -49.255173 77.119164 392.295197
v -26.007515 75.189079 428.624908
v -10.661048 74.808815 433.315735
v 11.343331 80.580116 443.353638
v 82.369690 77.607788 447.475861
v 97.301857 76.898376 449.950928
v 108.356262 74.248436 442.161530
v 124.454117 75.258080 455.726196
v 151.120255 78.450378 462.631195
v 175.962158 77.713799 483.677612
v 189.512955 74.190849 494.538116
v 218.019852 74.663139 509.978210
v 232.290848 79.099152 516.395264
v 237.620163 74.507690 519.929626
v -123.985466 72.403389 391.776672
v -68.238045 72.973953 372.684448
v -45.767250 75.981331 396.838226
v -38.572693 71.097015 398.947510
v 138.738113 75.249786 459.900482
v 155.646011 73.646042 468.914703
v 169.814926 76.064392 479.769135
v 203.363831 73.045258 503.271637
v 245.046371 73.731972 524.813721
v -219.789352 72.816872 419.958954
v -177.371323 68.634445 413.268646
v -96.556229 71.309723 375.986328
v -66.427383 71.435791 372.949646
v 145.307404 72.726463 461.783997
v 168.177979 71.222115 479.866974
v 182.245880 73.814247 489.404144
v -232.002335 66.109329 418.489349
v -196.160217 67.402496 411.817719
v -162.628128 67.752884 406.223358
v -158.625778 71.578140 401.920898
v -150.463425 69.085922 395.465759
v -134.945724 72.629425 395.724701
v -116.187798 67.355240 387.906189
v -110.590973 70.455376 384.231995
v -83.439972 73.082069 372.797943
v -79.241898 68.575249 373.405518
v -56.024021 74.244446 385.189880
v -47.718048 69.020004 390.912537
v -26.597984 67.430618 426.474731
v -15.084723 68.193130 431.112427
v -8.395473 68.816086 431.093109
v 9.327403 72.667694 438.933899
v 22.655527 67.630585 438.828674
v 59.190994 67.299393 437.953674
v 98.166031 69.295471 442.386444
v 194.011795 69.908295 497.914398
v 207.268997 71.099495 505.388641
v 224.170700 71.826828 513.482849
v -206.784531 66.564018 415.191559
v -32.136383 70.113129 422.474792
v 0.086436 66.634071 433.064392
v 51.170525 69.341576 438.511627
v 91.105080 66.713043 442.070435
v 153.555664 68.404945 467.877167
v 234.673157 69.721664 518.723450
v -243.289841 68.749489 423.999268
v -218.848770 68.691803 418.401733
v -144.112442 64.190033 391.714691
v -133.312057 67.808647 393.789215
v -60.475056 67.791649 378.813538
v -55.417961 65.419579 385.018188
v 68.336899 63.199711 435.763641
v 73.912788 59.097694 434.822540
v 115.846046 64.903740 444.395782
v 135.581177 64.780678 458.284851
v 139.767807 64.210960 458.964355
v 159.382675 68.041176 473.128571
v 216.981445 66.888969 507.891449
v 222.324219 65.831680 511.025665
v -199.649200 61.989235 410.281250
v -179.668808 62.187000 410.559296
v -127.683868 63.756729 390.903717
v -93.864357 58.550285 372.647858
v -83.880615 61.962955 371.818512
v -69.851456 62.600910 372.200806
v -39.115185 63.739788 403.359070
v -21.766739 67.144379 427.631683
v 37.210899 61.800999 437.195953
v 102.602760 65.885262 439.916016
v 109.840805 62.485516 440.393860
v -229.203110 59.969765 415.453613
v -115.084412 60.348167 384.642700
v -42.923222 62.840893 397.556580
v -31.723803 65.901054 424.558228
v -17.176476 59.515450 424.774109
v 83.664894 60.874943 437.953888
v 94.553040 61.756969 440.446594
v 122.591446 62.197220 450.742432
v 147.160553 61.773247 459.814240
v 166.097824 60.828148 476.948608
v 175.613861 63.299881 485.000610
v 185.849457 62.130680 491.981873
v 195.160965 58.992329 495.304474
v 198.891068 61.373257 498.750061
v 204.703705 59.040474 499.760468
v 225.358215 63.147858 511.274078
v 235.055542 62.697170 517.082031
v -239.923813 61.366928 420.420013
v -214.947739 58.061996 412.679016
v -189.972198 59.518166 407.694794
v -170.586929 61.485203 408.592163
v -159.609634 57.963367 403.588165
v -80.271996 55.763363 370.731567
v -66.555565 53.950245 372.115540
v -28.686316 58.858994 424.218842
v -8.983422 58.909863 426.146667
v 12.677977 60.628441 433.876312
v 27.815289 58.182861 435.041992
v 46.639416 60.358959 434.122284
v 58.068817 60.509144 433.718140
v 112.669510 60.783752 442.216888
v 157.823792 59.806580 469.455597
v 214.258652 61.660408 504.930328
v -225.703476 57.897964 413.325867
v -148.447983 57.096920 393.325775
v -138.730301 59.290676 389.274170
v -49.958569 60.610413 391.339203
v -38.579384 57.312683 399.448029
v -32.192944 61.318333 422.643524
v -3.098824 59.317905 428.812012
v 100.342201 61.417210 439.237549
v 174.149292 54.822540 482.302094
v 221.352234 57.928364 509.203705
v 243.496796 59.537262 522.321533
v -193.353516 50.242939 404.277039
v -60.382950 54.892590 378.910370
v 79.649727 54.674690 435.940643
v 103.729858 58.755726 437.712494
v 128.376495 58.388355 453.802673
v 142.293594 54.327709 458.368164
v 153.109955 53.914730 465.632568
v 182.515228 54.735237 487.333374
v 189.846329 56.505005 492.602478
v 233.548721 53.999519 516.622437
v -237.052307 54.533344 416.013214
v -209.448410 54.292980 409.377655
v -199.860153 50.066967 405.668457
v -180.626755 50.960278 405.984772
v -132.293335 53.491627 385.695465
v -122.337456 54.832378 382.986359
v -111.180542 50.264389 380.766693
v -76.772316 48.226536 371.459900
v -46.351730 54.041584 393.184601
v -23.508759 53.952168 422.311371
v -0.464740 52.423721 426.888580
v 48.569176 53.568233 429.110229
v 60.255844 53.874977 430.145966
v 87.969376 54.263298 433.429260
v 111.839615 53.115391 443.535706
v 137.105164 50.199505 456.605469
v -168.360107 52.322899 402.564667
v -160.503571 50.939175 401.571899
v -90.796280 53.869579 371.917328
v -69.609085 53.948235 370.957855
v -52.716076 51.986767 388.632263
v -31.122635 53.348343 417.542084
v 15.795090 51.562290 429.875092
v 37.178631 52.207047 431.265320
v 160.337311 54.399338 470.152252
v 162.037231 51.175194 470.865265
v 205.358505 52.043137 499.703430
v 214.163635 41.411915 506.506287
v -179.376862 45.900837 403.257751
v -150.220810 51.941044 392.718292
v -143.376587 44.827915 388.926788
v -88.517494 47.776703 370.043945
v -16.204081 46.430202 419.467957
v 73.636490 47.599277 429.881226
v 95.645126 47.206295 428.005951
v 126.060913 50.359661 453.136719
v 190.062576 44.928852 491.920593
v 224.856262 50.162670 512.617798
v -242.688354 47.541233 416.778290
v -223.147354 50.952858 408.158203
v -146.826721 48.093136 390.368927
v -103.791138 46.328548 375.678345
v -100.527100 45.015305 374.831299
v -79.686264 50.344608 371.837769
v -60.057034 49.017361 380.932495
v -41.330513 49.599495 398.572174
v -33.558056 48.612049 413.305206
v 28.604540 45.540836 428.873291
v 61.424892 44.184505 425.685120
v 106.383125 43.850590 438.270782
v 159.294449 46.454243 469.472778
v 173.602890 45.997639 479.074585
v 236.916763 46.557720 518.303345
v -214.866364 44.980850 403.518799
v -167.402039 45.810543 397.491913
v -124.572914 46.152401 380.973236
v -72.149132 45.463406 371.223053
v 116.476311 45.946297 444.389923
v 126.753410 45.337643 452.470337
v 147.229340 46.151871 462.112762
v 165.857010 47.391575 472.999786
v 198.940201 47.762169 496.594360
v -236.395340 46.426014 413.023804
v -130.252914 48.486320 382.834778
v -54.111130 42.790291 387.242615
v -43.433670 45.091923 395.454773
v -26.032669 47.243954 419.901337
v 4.577292 44.514832 425.170135
v 21.866304 45.163601 428.104065
v 40.729443 42.192081 424.405914
v 83.781395 36.972675 422.351990
v 181.228821 42.632607 485.726166
v -227.511200 42.471821 407.822327
v -163.773254 37.024059 392.073914
v -69.093979 42.948975 373.633179
v -56.757835 45.216362 383.102631
v -34.064651 40.825584 417.795715
v -9.083281 37.899574 418.710327
v 44.579018 44.577721 424.263855
v 92.857040 44.105289 427.308075
v 100.276131 44.476059 433.428986
v 166.709061 39.813446 474.167999
v 200.878738 43.522099 498.444336
v 221.158722 43.592739 510.339142
v -238.328583 42.376755 415.446930
v -198.312119 36.539379 397.669373
v -154.819794 38.988659 392.261902
v -136.705368 39.677292 385.842743
v -105.100060 33.442772 371.762238
v -81.538170 40.391827 370.322540
v -31.423758 43.394772 419.595612
v 67.026001 41.364475 425.449219
v 114.514465 38.392826 442.767609
v 141.777054 40.371517 458.354767
v 155.195251 42.095787 466.312500
v 209.496475 41.733601 504.184021
v 229.213791 45.307529 515.005371
v 240.070129 42.675964 518.919312
v 245.625641 38.090481 518.963928
v 250.067642 41.505901 524.341248
v -235.280655 33.342876 414.771179
v -219.849075 41.414593 403.343475
v -181.408539 35.048672 398.540619
v -168.865051 39.841019 394.670471
v -131.752792 34.732533 382.319183
v -94.241280 35.114803 368.899506
v -90.239632 35.659214 369.532288
v -75.820534 37.806557 370.531128
v -61.091801 38.987659 384.006744
v -40.243073 44.025173 397.941162
v -40.492298 38.440212 399.371307
v -34.346909 35.382137 415.952606
v -22.092579 38.647076 416.126251
v -2.239816 37.024555 420.555725
v 11.718708 38.832195 424.126221
v 19.555328 36.574821 423.817963
v 47.896484 37.161503 420.474670
v 123.473663 40.138260 450.813385
v 171.600723 38.036285 477.113403
v 219.666122 37.475414 509.464172
v -213.340591 39.555069 400.014526
v -208.558105 37.923862 397.570770
v -190.645691 35.511669 398.408813
v 87.325035 35.870960 423.699249
v 98.342194 39.629955 433.946136
v 109.734337 37.979069 440.645996
v 129.522568 37.918320 453.098846
v 141.851913 35.371716 457.413177
v 155.189407 32.863266 466.942108
v 182.452560 40.017067 485.906738
v 200.703568 36.696815 498.327820
v 226.117645 36.764378 512.116394
v 234.895706 37.575958 515.408569
v -228.893372 33.563969 410.516602
v -142.826614 35.324738 386.559509
v -123.678436 31.978132 377.515869
v -66.662430 38.384392 378.532959
v -60.617245 35.366978 384.869476
v -51.980110 34.418774 394.351501
v 72.341934 32.259216 418.014618
v 100.917183 28.090424 433.207367
v 149.445480 33.533314 462.400452
v 192.826141 30.899139 492.981384
v -207.604950 33.553375 395.659576
v -173.807373 29.444141 393.171173
v -72.056023 34.870571 375.391174
v -38.369820 32.712479 413.996368
v 8.046909 34.315453 421.844391
v 25.609980 31.377880 421.393066
v 95.022881 29.984869 429.338135
v 125.277061 33.204720 452.325043
v 136.198883 30.319679 454.132843
v 165.801163 31.968245 472.270569
v 212.581497 32.504345 504.661530
v 234.145370 22.091076 507.649628
v -220.585495 31.046259 405.029602
v -153.287415 23.408926 383.721222
v -82.331459 29.809742 369.765320
v -65.350952 33.527901 384.147125
v -43.083111 29.588751 411.731903
v -20.944386 31.780666 413.054291
v 17.068630 28.506929 420.131653
v 184.425186 35.275246 487.756317
v 242.760300 29.762987 514.276184
v -89.231216 26.535673 369.590393
v -58.975082 26.831987 392.267578
v -57.070423 24.450031 398.188232
v -5.016751 29.471512 417.627258
v 34.243736 25.401133 417.693756
v 57.697330 28.749268 413.767395
v 74.373566 27.943106 416.772675
v 108.934471 26.888535 438.127136
v 115.514038 30.264511 444.353516
v 144.947800 18.982241 456.855591
v 176.701004 28.093523 479.951111
v 194.792267 25.066570 493.395782
v 218.492142 26.848127 503.738525
v -242.978546 24.726601 417.381073
v -231.019638 27.276234 411.448395
v -204.177383 26.598812 391.452148
v -195.515961 25.778374 392.161102
v -163.548233 18.666416 384.660522
v -116.748230 25.111416 371.920258
v -99.517715 24.886473 366.846558
v -94.184364 28.276272 367.847107
v -79.799446 28.893463 373.543091
v -72.995155 26.366810 384.543732
v -66.672859 27.805077 387.378510
v -53.420269 24.993578 401.360474
v -34.682903 25.317057 410.346680
v 85.423462 26.466906 425.423676
v 160.535233 28.699133 470.478333
v 171.138184 27.462545 477.085785
v 227.127792 26.763483 507.041046
v -233.852997 22.502382 411.416656
v -227.084229 20.835184 407.181549
v -212.403656 26.728174 399.261505
v -142.046143 21.607210 379.266449
v -125.472977 22.284182 374.901978
v -79.316254 26.429613 376.455780
v -46.620296 25.933485 410.480988
v -16.355433 23.953083 412.780731
v 4.607973 25.514320 418.071106
v 42.675297 19.800093 412.915497
v 67.899719 26.042820 410.540283
v 120.663025 22.745848 446.113647
v 129.904373 22.188948 451.746429
v 150.611023 21.557459 460.768372
v 164.506912 25.602131 471.831116
v 179.523422 23.904636 482.081787
v 181.690369 17.961592 483.323792
v 205.218857 23.380192 497.278503
v 208.080688 25.428772 498.730652
v -205.242325 18.911774 390.913452
v -183.095261 20.609413 387.988098
v -174.697495 16.429995 383.628204
v -135.914215 19.665089 375.509979
v -108.118622 21.773117 366.894409
v -94.876823 24.126215 372.173065
v -75.425728 22.584213 389.977448
v -64.506172 19.584408 400.875854
v -30.071629 17.482025 407.233276
v -8.035881 20.571892 414.914398
v 10.051496 22.110180 417.450684
v 57.027252 25.692900 412.708069
v 64.079605 23.730082 409.959351
v 123.962585 24.676325 449.255890
v -170.009140 22.769087 388.542236
v -109.717972 16.285635 366.897644
v -91.481056 22.669516 376.883270
v -87.141579 20.669924 382.164062
v -55.419960 21.305183 405.736786
v -24.520706 19.922144 409.220490
v 71.943489 20.756002 416.179443
v 111.518593 19.394650 438.838074
v 116.251350 17.670855 443.570557
v 137.030853 20.433115 453.491730
v 172.801132 20.804617 476.123688
v 197.306778 21.659338 493.079468
v 211.334366 20.963238 495.644958
v 228.051468 21.585159 505.106873
v 250.031265 23.795513 515.467834
v -239.465622 19.422911 414.531860
v -209.875305 17.431892 393.609528
v -81.168282 21.092394 388.472717
v -72.717911 20.308107 396.127808
v -60.404457 20.651237 403.811218
v -50.339817 21.367889 407.906586
v -43.092823 17.231224 405.428772
v -1.290609 17.722164 415.498840
v 26.378519 16.254684 414.962799
v 52.826485 18.511656 408.529358
v 56.217865 18.620720 406.017456
v 91.118996 21.519754 427.464172
v 97.347229 17.862658 429.863007
v 217.995712 17.866367 498.432617
v 240.447220 16.531889 510.475922
v -217.259430 14.698236 399.428345
v -193.801239 15.041976 383.936951
v -156.261383 17.643211 379.607239
v -104.256386 14.676013 367.101471
v -91.153381 19.217060 379.489349
v -13.478978 16.245993 412.234344
v 31.766916 15.960508 414.643951
v 61.436420 13.056822 410.329712
v 80.844337 16.702028 420.801453
v 90.585533 15.970689 426.623199
v 127.156097 17.654032 451.756958
v 138.303223 14.399570 454.614685
v 160.810013 14.512530 466.960419
v 194.251404 15.302116 487.540863
v 208.879150 17.343065 493.752716
v -232.817825 10.595727 409.239532
v -149.977615 11.839378 374.382233
v -88.291740 13.577766 381.242340
v -20.979975 15.801397 409.609802
v 43.310444 11.970450 407.685425
v 76.077835 10.123916 418.146820
v 122.656204 13.499329 448.789551
v 132.012970 13.927135 453.262054
v 175.605225 16.451876 478.290741
v 204.755081 14.513288 490.289307
v 229.546234 14.072468 504.516296
v -224.917831 16.260283 405.387726
v -228.187973 8.086795 405.962616
v -187.124344 12.581897 381.787567
v -112.955910 9.678888 365.116852
v -97.503319 14.261448 374.428345
v -80.979195 9.962518 389.204742
v -76.670891 4.364976 391.012115
v -66.900871 9.787407 398.179077
v -60.735367 11.484605 401.238586
v -39.022396 13.018313 404.130188
v 55.526814 13.287984 404.972687
v 104.065376 11.744188 437.229401
v 110.981430 12.719112 442.595276
v 143.368881 13.809872 457.160370
v 212.186981 13.920033 496.020355
v 236.708008 12.880455 507.708252
v -165.361313 11.292337 378.454559
v -123.679039 5.266522 364.639984
v -51.595715 5.961582 399.217651
v -33.522049 10.333449 405.071991
v 15.024552 9.638215 412.820343
v 115.423119 11.882257 444.667786
v 216.288116 9.749893 497.161102
v 242.476181 6.602836 509.620392
v -241.150833 -0.571365 407.650238
v -210.986725 11.791031 394.129639
v -132.319122 12.370731 370.304474
v -103.167473 10.341319 366.912659
v -92.642998 4.341912 378.981964
v -26.714443 9.409749 407.662292
v -20.847931 5.505726 408.494324
v -0.887437 6.172627 412.509399
v 32.294533 6.523514 406.414062
v 55.770634 0.438994 404.786713
v 84.421387 5.663348 424.703613
v 91.509521 7.912958 430.388275
v 97.783562 5.091894 432.880554
v 147.003082 7.755258 460.861328
v 159.504166 6.923096 465.533386
v 181.835876 8.878713 479.390167
v 199.330048 8.268244 487.691071
v -212.665863 7.531132 393.262238
v -196.243225 4.201728 381.303894
v -160.010483 2.974299 372.245239
v -12.809436 3.498859 409.844666
v 63.741127 4.147942 410.656982
v 109.327370 3.943578 439.722382
v 125.486160 7.012385 452.025238
v 166.586884 9.470415 470.041199
v 195.301270 7.359933 483.667084
v 224.179718 6.737549 501.204498
v -219.766830 2.104093 398.505676
v -180.123276 2.811121 374.991364
v -168.165512 6.048574 375.974915
v -69.519615 6.417400 395.182983
v -63.394474 4.057415 396.899323
v -20.257629 -5.502183 405.630463
v 53.164619 6.249152 402.503998
v 68.149704 4.177352 412.530914
v 114.156158 0.941568 441.751526
v 136.088974 4.797473 454.904297
v 185.158432 2.385440 478.999878
v 228.666260 2.276621 502.776764
v -229.270966 0.246410 403.792877
v -140.752716 -4.038971 361.928162
v -114.040840 4.688225 364.906525
v -102.067604 5.907385 367.977264
v -88.038063 -5.236644 383.041809
v -45.511616 1.309570 397.665802
v -31.024836 1.990872 404.467957
v 103.350380 5.374822 436.813812
v 151.249939 -0.956527 461.492828
v 161.321869 0.088371 466.100800
v 236.264206 4.279966 505.731293
v -235.875885 1.323859 405.885193
v -125.917755 -0.855630 362.501587
v -41.180511 -1.505922 399.579803
v 43.693092 -1.064235 398.265320
v 82.815353 -5.084082 422.316498
v 86.259132 1.037171 426.397339
v 123.518883 -1.853558 446.416016
v 127.264862 2.490488 452.130524
v 145.149826 1.574254 457.900879
v 168.751129 0.060323 467.825928
v 195.591202 3.692517 483.992798
v 204.592117 1.348693 488.032715
v 212.799500 0.436625 492.021271
v 216.850891 -1.142193 494.256134
v 245.152954 1.524953 511.541809
v -174.407318 -1.956205 370.524078
v -130.795166 -0.845483 360.435638
v -114.380783 1.827767 363.839478
v -73.647324 -3.718205 389.577454
v -62.396816 -0.645474 395.286560
v 7.160326 2.220687 411.786072
v 53.888096 -5.641972 403.865967
v 139.897446 -0.297406 454.671844
v 184.928680 -0.922094 479.121063
v 199.315506 -0.482869 484.588593
v -211.616989 -1.076332 392.128967
v -183.005753 -9.565339 371.994232
v -170.245132 -4.106349 368.970184
v -99.403023 -4.128408 374.592957
v 13.399320 -5.897815 404.785553
v 31.352779 -5.395907 401.238007
v 95.528046 -3.555450 429.805878
v 101.918358 -5.456465 432.810516
v 133.368530 0.227726 452.181702
v 229.038208 -4.139797 505.607880
v -221.897308 -6.468709 396.191650
v -192.989563 -11.877559 375.244110
v -113.668861 -3.906394 365.070404
v -92.740448 -9.266808 379.689209
v -60.942219 -7.486989 391.985901
v -53.257099 -8.239286 393.237122
v -33.730816 -7.102908 401.148163
v -14.922280 -7.434003 406.088867
v -4.614715 -6.908491 408.923920
v 41.785683 -4.934390 397.397736
v 119.907623 -3.401905 442.997101
v 144.035736 -7.487670 459.149170
v 160.276382 -5.094032 466.522766
v 187.845367 -3.457157 480.109344
v 208.340805 -8.698276 494.041473
v 238.909348 -5.715721 511.279968
v -236.356430 -7.220640 400.808563
v -134.698059 -7.732515 359.494293
v -126.208382 -6.071496 362.179474
v -121.176628 -6.969341 362.721741
v -78.133919 -10.291596 384.558655
v 66.014832 -5.330545 410.243042
v 111.552368 -7.557892 433.530823
v 115.374947 -5.657197 435.158752
v 129.002533 -12.098649 450.897949
v 137.777863 -7.181835 454.444244
v 153.131607 -11.968463 463.384125
v 197.622025 -7.393207 487.688690
v -229.660019 -8.584373 397.131317
v -161.380646 -10.231982 363.642426
v -137.643600 -14.277859 358.548523
v -109.505447 -10.617905 370.297241
v 3.841858 -12.782896 406.818237
v 106.126289 -10.332882 429.571960
v 165.612076 -8.376929 467.787384
v 174.325348 -11.339587 474.281616
v 214.151337 -8.275164 498.042969
v 217.120361 -8.674147 499.183197
v 222.162079 -11.601643 504.030457
v -208.696304 -11.829973 388.058838
v -99.932762 -12.697462 377.002258
v -69.499069 -11.115294 387.706970
v 20.655741 -9.586791 399.296417
v 27.875193 -11.612713 394.968536
v 40.243202 -11.809355 393.379120
v 76.200645 -10.120679 418.348022
v 122.796501 -9.197809 444.956573
v -243.993942 -13.911900 404.870972
v -175.713181 -15.252354 367.034546
v -123.803490 -14.693461 367.177826
v -111.866882 -17.360565 374.205017
v -37.850063 -13.889317 398.639465
v -9.734859 -11.881496 405.380249
v -4.162759 -19.044626 404.230591
v 35.115181 -11.556705 394.320038
v 52.303444 -13.524243 402.175140
v 84.426468 -13.006696 421.646423
v 92.775627 -10.647743 427.112976
v 97.768181 -11.593957 427.529480
v 113.090767 -13.458527 435.402344
v 117.454620 -12.673912 440.118439
v 141.616272 -12.436988 455.829224
v 147.718033 -14.626045 460.148712
v 181.494476 -15.505317 478.904724
v 189.507782 -10.765818 484.287567
v -225.983658 -15.602487 392.612854
v -186.189987 -17.729822 369.298492
v -84.674599 -16.587271 380.146759
v -63.689796 -18.259253 386.627777
v -26.767843 -18.919872 401.247070
v 63.562332 -16.238020 409.267883
v 99.580139 -14.690394 426.451569
v 235.715790 -14.047155 511.346680
v 241.988342 -15.915374 515.117920
v -74.152069 -15.990330 383.172272
v -60.960430 -23.725006 386.734100
v -42.181160 -19.917038 395.925171
v 2.447021 -17.525745 405.034027
v 30.977661 -16.808043 390.442841
v 44.570507 -20.464300 396.936432
v 87.639191 -18.181173 418.105927
v 122.433685 -17.512552 449.696869
v 162.634888 -21.105499 468.752380
v 169.810883 -18.793259 471.827789
v 176.644531 -16.370667 476.177887
v 197.564880 -18.739029 488.739624
v 210.485138 -20.363081 496.209045
v -236.981003 -17.006336 400.764099
v -221.316208 -20.592411 389.719360
v -158.300522 -25.229921 356.051270
v -145.946152 -16.578505 357.535889
v -94.028969 -20.477253 377.055725
v 37.645267 -17.565786 389.650696
v 80.120232 -17.734835 416.918640
v 94.796677 -21.880547 421.276398
v 144.543686 -20.468964 461.505920
v 225.924866 -19.092089 506.882751
v -206.165405 -20.438055 380.898682
v -165.360657 -21.311718 360.013306
v -135.137558 -29.072189 360.696991
v -118.522263 -23.422438 372.433258
v -101.876610 -22.989344 375.282593
v -73.285721 -23.927374 383.045929
v -53.468697 -26.321699 390.688019
v -37.701996 -25.606997 397.376221
v 2.950062 -24.078726 403.222137
v 9.696221 -24.251667 401.046967
v 70.607521 -21.651148 408.932373
v 84.143211 -21.378265 413.554016
v 114.887520 -21.539312 440.369232
v 133.333466 -18.350245 454.547699
v 156.478882 -20.272696 464.333801
v 217.995605 -19.628021 501.305878
v -243.623093 -22.446255 403.814209
v -236.482117 -25.256382 398.724976
v -184.876892 -34.893322 363.901886
v -144.356354 -23.700718 357.335358
v -107.313599 -24.234581 374.623688
v -83.858093 -24.584063 379.734589
v -49.415382 -24.705336 392.082520
v -29.129618 -25.846382 398.704773
v 46.006313 -27.000959 397.232086
v 57.270897 -24.273609 402.099487
v 89.321381 -21.215273 419.002991
v 104.266945 -24.539080 428.105743
v 118.457657 -21.936028 447.029083
v 179.334045 -22.582506 477.510010
v -225.889587 -29.645990 390.092072
v -217.663086 -27.175917 384.046509
v -198.705933 -29.519581 371.493347
v -139.006683 -25.843199 358.686920
v -40.856663 -24.489925 397.361938
v -18.858936 -27.722837 399.069580
v -8.543022 -25.293531 402.221710
v 19.459255 -27.510544 393.162384
v 30.216705 -28.026102 387.734711
v 37.428745 -23.574856 389.875397
v 79.368866 -24.594545 412.047424
v 99.756325 -22.435825 425.794708
v 122.465714 -24.857117 451.245178
v 136.571701 -30.956514 456.762482
v 170.953812 -23.971252 474.962372
v 223.738419 -28.071741 504.747223
v 230.150620 -27.837141 508.529724
v 235.046631 -29.364248 510.843842
v 242.743958 -24.450975 515.390991
v -209.203400 -28.245171 377.652954
v -124.493774 -29.175665 369.817871
v 92.425903 -24.686653 423.179169
v 128.592697 -26.843594 453.490173
v 143.986877 -30.739058 461.789154
v 189.664856 -25.816761 484.859741
v 196.724258 -28.956707 489.396271
v 211.263535 -29.725084 497.620728
v -158.781342 -35.776043 353.626526
v -77.482773 -36.703999 381.767761
v 62.977871 -28.619280 399.373749
v 68.492744 -31.286999 405.185150
v 92.963928 -27.982925 424.543091
v 112.326248 -28.044558 437.582916
v 160.354340 -31.737522 470.266449
v 171.135559 -30.003782 477.725586
v 246.353073 -29.685930 518.162903
v -144.935486 -35.768208 354.975342
v -139.938904 -29.866268 355.819061
v -113.911766 -41.255680 370.800262
v -100.731529 -30.907682 374.292847
v -43.781834 -28.827419 393.628967
v -37.380680 -31.720665 396.528137
v 5.090545 -32.881344 397.774506
v 40.133114 -30.058611 392.547852
v 51.598148 -30.363613 397.494019
v 103.425964 -30.441177 430.267273
v 106.671227 -35.046581 432.881866
v 151.547653 -39.167912 464.601501
v 183.213638 -33.485130 485.160156
v -244.318481 -35.119122 397.471771
v -232.141479 -40.641968 389.862244
v -197.666580 -33.545532 369.711151
v -87.650436 -33.156456 377.774597
v -56.843193 -34.572365 388.195526
v -30.295361 -32.850281 395.999786
v -3.191851 -35.891075 394.619019
v 9.978135 -36.417648 391.750702
v 27.416063 -31.726892 384.608398
v 81.917053 -33.536507 413.371033
v 97.686584 -32.517372 427.709564
v 113.576248 -32.993622 443.414032
v 121.643898 -31.850397 450.001617
v 212.046524 -36.039192 498.793671
v 241.838303 -33.333214 515.223938
v -222.067978 -34.809032 386.887482
v -176.281708 -36.967415 359.028961
v -119.688255 -32.718967 371.145569
v -55.247402 -39.598076 388.179688
v -41.084682 -34.239491 392.860168
v -16.739773 -35.632061 393.672668
v 48.289501 -35.296631 392.567902
v 141.368652 -35.253624 460.975861
v 174.729752 -33.535465 480.549530
v 225.915222 -41.444904 508.938385
v -209.394073 -35.803993 375.846130
v -134.447922 -38.635929 361.851440
v -128.207397 -37.384243 366.989899
v -64.891853 -36.123409 385.876251
v -37.064762 -35.665333 393.088074
v 18.010466 -40.562496 384.647491
v 54.648544 -36.482052 395.968567
v 74.957825 -39.009579 408.627960
v 116.532837 -36.982841 446.347870
v 126.296829 -38.439507 452.965057
v 197.694870 -38.900848 493.830933
v -28.147501 -44.580868 388.750488
v 25.183472 -38.776569 383.848358
v 35.752094 -40.299423 387.648254
v 62.693947 -39.717350 401.782379
v 98.157402 -44.224380 428.015076
v 133.701553 -40.446068 456.022888
v 145.654770 -44.438007 463.146362
v 157.923950 -39.940338 468.262726
v 234.108704 -40.823814 513.418579
v -194.025482 -40.984085 365.645325
v -156.469604 -41.709846 351.482971
v -145.124863 -38.305740 354.912567
v -96.182808 -40.132229 373.744873
v -65.643410 -44.547997 383.571533
v -19.451361 -48.242668 384.096741
v 11.977869 -41.634750 387.696136
v 40.262268 -44.121208 389.118500
v 85.886978 -41.499985 416.486877
v 106.777802 -38.546181 432.335510
v 112.414421 -40.731388 437.614777
v 117.930832 -42.249393 445.223389
v 170.723083 -42.179489 479.244568
v 181.681656 -44.396008 486.934967
v 205.887634 -44.248421 499.958710
v -240.669144 -42.272743 390.979095
v -223.419785 -45.531219 382.980957
v -202.547684 -48.478790 366.816284
v -182.729767 -46.471455 359.653870
v -143.659714 -44.091564 353.476898
v -120.879166 -46.431602 368.518005
v -89.041969 -46.678425 376.675232
v -38.307911 -41.153946 391.613647
v 217.238419 -41.175621 504.639740
v -75.510834 -44.403778 381.795898
v -14.796387 -52.033539 380.590637
v 18.942354 -47.593105 381.359436
v 50.733791 -48.772251 395.088074
v 62.147861 -48.604301 403.226196
v 75.688797 -42.981129 411.205627
v 80.263229 -45.917850 414.853668
v 106.882034 -49.512226 437.005890
v -214.895035 -54.224823 374.160736
v -173.186050 -45.966084 356.083191
v -132.125214 -44.871784 363.252869
v -101.645538 -45.246773 372.522827
v -39.598972 -46.296635 390.362244
v 91.151573 -46.991085 422.159729
v 155.920364 -45.341881 466.362549
v 167.285568 -47.804569 476.150635
v 226.886734 -48.531010 512.411682
v 234.612411 -54.790867 517.453735
v 241.308487 -50.032806 518.968384
v -190.576843 -50.723553 362.453918
v -153.798782 -50.779694 350.086426
v -65.122078 -51.661617 381.790833
v 1.843174 -48.848263 384.216064
v 31.281956 -58.387745 382.134094
v 113.429413 -50.191025 443.661713
v 136.555634 -48.538929 457.211151
v 139.678528 -51.800880 458.368622
v 147.109207 -54.560730 464.092560
v 191.221878 -51.575912 492.743622
v -242.489365 -50.083569 386.384094
v -170.594116 -54.941280 353.638184
v -134.593353 -53.777412 363.063141
v -128.240799 -53.839916 365.073334
v -120.450203 -52.886108 366.896454
v -110.298660 -50.898613 369.766724
v -57.296070 -56.659679 384.036255
v -30.724266 -51.103424 384.889465
v 13.408395 -54.373306 380.617401
v 40.435070 -48.862518 387.804230
v 67.404099 -55.429764 405.730377
v 75.107590 -58.387409 409.035950
v 126.647636 -51.083790 454.415497
v 171.238190 -50.659100 479.619171
v 213.946381 -49.120853 505.979248
v -228.862396 -55.356647 379.909363
v -96.433762 -53.108566 373.745880
v -76.239861 -57.550743 378.448273
v -42.401836 -56.800552 384.950531
v 84.144943 -55.923508 416.780853
v 154.346680 -56.162746 466.370758
v 181.086731 -53.652447 487.028564
v 202.164810 -56.365143 500.458344
v -234.259415 -59.025764 380.001099
v -177.228531 -54.797424 356.078430
v -147.725616 -57.971577 351.679413
v -119.366982 -56.691151 365.489014
v -80.625717 -52.792061 379.011047
v -50.601372 -57.699162 384.811371
v 50.863205 -57.924797 394.973480
v 114.538460 -55.066040 445.263031
v 163.072983 -54.996582 472.667633
v -98.045792 -61.147667 373.764526
v -63.549915 -60.388218 380.706604
v 19.687260 -56.837837 379.703949
v 45.814556 -59.973385 391.842590
v 94.552818 -60.691906 426.158936
v 107.774582 -58.387753 434.747833
v 191.921616 -58.803848 493.485687
v 212.551743 -56.634438 506.272247
v 221.808533 -57.401031 511.730804
v 244.868820 -59.630638 523.954712
v -250.033325 -60.718311 387.154633
v -211.715576 -62.827801 369.082520
v -199.959106 -59.918507 363.913208
v -196.764008 -61.796947 363.575958
v -183.633453 -64.226593 359.432007
v -157.898041 -57.359982 350.308350
v -107.609100 -60.211220 370.506012
v -89.765137 -66.243805 376.369720
v -24.802488 -62.346523 375.827881
v 1.037449 -62.007122 375.825256
v 32.420441 -66.457497 381.533417
v 63.942421 -58.991585 401.858307
v 101.635017 -58.587528 431.705322
v 137.097321 -62.629784 458.896973
v 168.202835 -61.041946 477.492310
v -205.580734 -65.969093 366.346039
v -172.564011 -62.171982 352.659637
v -15.514300 -65.757881 372.139954
v 87.328323 -62.782112 419.244324
v 110.019363 -61.200809 436.232666
v 117.730446 -60.889256 446.499603
v 130.503159 -57.952106 456.319611
v 159.298416 -62.942791 469.283234
v 174.475372 -63.931831 481.686981
v 209.940094 -60.901176 505.153473
v 226.137573 -62.912296 513.896606
v -227.342804 -61.673958 376.941742
v -158.038818 -71.051605 347.578491
v -135.057037 -63.093266 360.668518
v -35.510292 -62.766624 379.017334
v 55.782364 -62.256634 395.628174
v 148.139496 -62.621475 463.626251
v 180.525299 -65.272987 486.224060
v 200.785461 -64.135445 499.451721
v -223.643845 -66.585434 373.867035
v -150.694595 -68.514137 349.515656
v -117.225586 -65.062683 365.693970
v -72.951241 -67.120743 376.447968
v 21.830198 -65.591766 378.292847
v 46.307896 -64.914093 390.295929
v 63.711735 -64.619110 402.638794
v 79.264015 -59.921177 411.584717
v 241.111389 -69.379402 522.315125
v -237.926041 -67.834877 379.863739
v -163.830399 -69.005043 349.673645
v 6.784239 -70.145721 375.674713
v 13.419773 -68.609207 377.084717
v 44.001316 -69.003204 388.734131
v 52.265606 -68.741585 394.125092
v 100.532761 -67.944054 431.304260
v 110.271408 -66.188622 438.515381
v 120.371819 -67.947372 450.083801
v 156.472870 -68.014847 466.743134
v 217.797073 -65.090195 509.570312
v -130.193573 -69.405991 359.882996
v -106.949394 -78.240105 373.144592
v -81.224899 -68.691536 375.904572
v -53.587357 -67.131584 380.462219
v -27.255033 -74.568626 368.143005
v 105.056480 -72.798187 432.350861
v 131.873444 -68.369446 454.512299
v 163.613754 -68.750496 471.562775
v -202.888443 -76.132744 363.983765
v -195.727020 -69.344528 363.651337
v -178.170456 -73.790504 356.117401
v -46.864662 -79.840294 369.342682
v -1.815776 -72.396942 371.236938
v 66.489731 -70.915535 404.485504
v 75.211143 -73.658310 411.335449
v 85.891617 -72.464233 418.476929
v 94.500732 -72.565292 425.126770
v 137.144196 -69.581299 457.077057
v 147.949783 -73.438744 463.664185
v 173.272430 -72.029274 477.958282
v 185.816971 -72.701927 488.979401
v 189.933151 -75.325493 490.569244
v 199.276886 -73.418518 496.191742
v -243.132599 -75.583359 380.307373
v -216.514587 -73.284241 368.690094
v -135.039185 -75.765610 357.711395
v -101.344612 -86.042137 373.955902
v 22.028460 -74.292267 378.171722
v 28.451681 -73.937126 380.153259
v 36.560287 -72.938560 384.482910
v 114.723831 -73.338860 444.007812
v 217.340576 -76.010445 505.754150
v 223.519562 -73.277664 511.768158
v 232.381210 -74.726677 516.606628
v -237.803650 -84.699883 376.177155
v -170.833115 -74.579666 351.756989
v -119.173576 -77.256836 366.223969
v -72.249809 -78.360741 373.316223
v -62.648308 -78.029480 373.283478
v 48.978935 -77.476013 393.100037
v 56.022419 -76.991386 397.600922
v 124.290321 -71.424934 450.539246
v 139.345352 -76.387390 460.666016
v 162.671402 -78.997772 475.189911
v 178.221664 -74.794853 482.723755
v 208.657486 -78.033928 500.994690
v -228.564468 -88.165771 373.060211
v -223.442123 -81.955383 371.908844
v -164.753815 -81.591217 348.636658
v -148.203262 -78.602814 349.026978
v -52.499348 -81.951904 369.075714
v -16.493856 -84.927437 365.424866
v -12.451097 -84.562752 365.423248
v 69.762100 -74.646835 407.051208
v 119.892258 -78.084114 449.562622
v 132.062958 -80.362137 456.712952
v 203.744934 -75.834686 497.905884
v 237.610474 -78.569801 519.846252
v -185.559555 -78.408226 357.293915
v -156.360001 -80.376877 346.999390
v -139.074509 -82.583488 353.492188
v 5.129607 -78.686020 371.672333
v 7.530718 -83.278107 369.883270
v 42.860573 -80.611130 389.747498
v 78.658813 -80.214455 411.625092
v 89.371902 -78.740929 418.637665
v 103.509727 -81.167564 431.655640
v 171.795883 -79.385796 481.211853
v 224.162292 -81.254097 511.559967
v -200.086197 -82.066597 363.204132
v -112.298454 -84.872917 369.503754
v 29.522509 -85.055595 379.062653
v 63.089252 -81.342896 400.459656
v 69.012474 -84.841583 402.651093
v 93.850967 -79.681961 421.883392
v 108.946335 -85.091133 436.989807
v 147.949707 -79.851280 464.677277
v 182.136627 -83.531441 489.109924
v 191.650604 -80.900703 493.239075
v 240.424667 -84.452873 522.207153
v -207.496201 -93.900475 368.015411
v -126.552155 -81.733139 362.384399
v -93.972687 -87.611084 373.157135
v -85.964340 -88.274010 371.437195
v 18.051859 -84.251648 375.423462
v 116.993362 -83.588257 447.498138
v 165.790619 -84.407410 477.952911
v 214.475739 -84.330688 506.900360
v 235.472290 -87.952660 519.353638
v -244.930481 -85.288216 379.619904
v -193.883087 -89.300018 361.103668
v -181.232880 -88.700142 356.229523
v -68.858765 -83.298492 371.360046
v -35.800095 -86.228096 362.714386
v 50.452965 -88.263290 389.213318
v 88.425735 -84.231682 420.328064
v 96.101967 -88.548302 428.261475
v 137.274506 -85.928589 460.731812
v 152.474777 -85.190056 467.671997
v 214.581573 -89.321190 508.203552
v -154.531219 -88.257668 344.406555
v 33.567818 -87.347855 382.109589
v 44.183159 -88.327599 387.710907
v 55.269650 -84.477989 392.568298
v 73.480896 -87.341179 408.343811
v 105.705055 -92.245728 437.171204
v 125.187958 -85.980896 452.440613
v 130.836151 -88.776733 456.479889
v 174.875198 -86.730827 485.112762
v 192.557587 -89.481422 496.454895
v -46.675262 -92.386444 358.573608
v -26.671774 -90.389297 362.855804
v -0.780732 -87.092804 368.378784
v 11.445740 -88.369423 375.229950
v 117.423882 -87.847069 449.241547
v 154.608200 -91.618134 469.054504
v 185.450058 -91.481346 492.684540
v 201.383804 -89.901947 500.722931
v -166.556610 -96.487457 348.757324
v -119.543503 -94.326439 362.737885
v -107.072754 -94.309174 369.838348
v -74.134277 -97.106148 364.587769
v -34.300461 -92.132713 360.362854
v -7.458636 -90.973419 367.401337
v 23.832327 -89.565010 379.769806
v 80.286552 -93.328232 415.931305
v 87.549377 -94.543823 423.363617
v 126.571976 -95.636467 456.673004
v 144.631271 -92.224350 465.258514
v 166.270874 -90.079002 477.360626
v 171.925629 -92.046104 481.604279
v -236.259216 -96.312500 374.270874
v -56.895760 -90.778885 362.986786
v -13.776960 -95.987183 369.346954
v 8.295522 -92.257530 375.494385
v 63.781319 -91.309486 402.549072
v 71.853920 -93.275345 411.471008
v 176.955887 -94.973801 487.414368
v 223.374268 -95.376083 514.659912
v 240.588287 -95.177124 523.606079
v -196.394852 -96.096970 363.197083
v -191.490295 -100.075783 361.352325
v -169.168320 -99.765114 348.678680
v -159.553894 -96.164597 343.794281
v -153.942780 -96.808525 344.468353
v -130.434052 -98.298424 355.911926
v -98.300591 -94.375946 370.968781
v -88.495964 -98.182442 367.838135
v 24.365374 -93.824020 381.946045
v 30.573669 -99.470932 389.413086
v 98.238274 -96.059998 431.013824
v 133.351135 -94.994072 459.924042
v 199.416138 -98.028969 501.570374
v -215.144608 -102.079285 370.371643
v -95.151100 -100.549240 368.325653
v -51.750362 -95.766113 355.429596
v 16.492136 -97.699471 382.400818
v 37.722378 -102.565132 393.751984
v 51.355000 -97.105247 397.504547
v 67.579903 -98.669281 409.316193
v 113.593895 -97.091545 449.765503
v 181.886948 -96.224388 490.864380
v 186.209412 -100.746101 494.100983
v 227.932266 -104.065186 517.771057
v -45.994118 -104.272316 359.049591
v -28.222860 -106.478050 365.873566
v 57.988224 -100.176056 403.201233
v 75.197784 -102.213348 415.123138
v 123.007431 -99.255241 456.463013
v 154.161987 -100.380005 472.801727
v 194.251053 -101.239471 498.107605
v 211.982956 -98.902069 508.944885
v -239.534851 -101.885681 376.336304
v -203.755966 -103.127106 365.290222
v -180.628769 -104.967636 352.808563
v -162.400986 -99.548859 343.506287
v -106.098198 -103.983978 367.712585
v -54.815205 -99.652344 354.763855
v -15.519588 -102.619232 371.160400
v 4.117166 -100.917175 379.789459
v 97.803886 -102.811852 432.789612
v 107.921562 -101.557564 444.697449
v 138.276138 -99.778786 464.439392
v 139.876907 -104.372986 465.870361
v 165.406891 -102.457809 480.952332
v 221.788544 -104.195877 514.419495
v 242.681641 -101.687256 525.329224
v -151.146408 -104.562622 343.930847
v -111.536003 -104.426765 366.384644
v -82.061813 -103.395012 364.021027
v 173.808151 -105.578644 488.993439
v -234.433197 -107.956039 374.418701
v -161.943878 -104.850235 343.197723
v -130.341553 -109.263962 355.035797
v 16.509596 -106.482132 389.408142
v 42.293537 -107.508911 399.448212
v 84.957695 -102.199883 424.742676
v 119.339256 -111.150871 455.652802
v 127.607216 -104.325012 461.286255
v 215.679825 -107.112450 511.641754
v -227.176895 -111.431305 371.779236
v -159.820984 -108.679268 341.641663
v -125.990486 -115.813004 357.390503
v -117.935425 -113.173477 363.075195
v -98.400467 -110.558418 362.232971
v -91.280708 -111.885040 360.102997
v -78.032005 -120.007996 353.268585
v -66.624199 -111.523109 354.401337
v -7.280344 -106.041534 376.492432
v 28.012304 -106.569435 392.772156
v 49.725975 -107.420822 402.140991
v 60.236961 -104.816521 408.751404
v 67.633812 -106.613876 414.366974
v 74.624580 -107.315063 417.101318
v 91.301804 -106.984802 428.651062
v 107.717308 -112.988304 443.979645
v 165.004715 -106.792252 483.304840
v 184.991058 -109.406395 496.137909
v 234.566574 -107.010567 520.192505
v -208.784866 -112.240379 368.050964
v -196.834625 -110.428101 361.435822
v -163.338226 -113.045120 340.018463
v -56.992516 -109.173813 352.763916
v -14.102458 -109.817696 372.679993
v 85.142876 -107.252129 425.253387
v 103.465935 -110.359612 437.531525
v 148.983170 -111.004410 474.271027
v 194.745255 -107.626091 500.868805
v 207.342728 -109.199226 508.519379
v -237.245010 -110.104507 373.888519
v -150.955826 -109.781158 343.525024
v -29.586391 -115.063263 365.220734
v -21.481846 -116.054901 369.784882
v -1.774314 -112.701317 381.512299
v 29.691139 -113.665924 396.525208
v 63.899994 -111.377327 414.009399
v 95.724480 -109.878624 433.184814
v 130.270004 -110.038658 464.141785
v 240.102463 -114.304695 521.445190
v -190.074478 -115.493874 357.824097
v -111.819138 -115.041862 363.359344
v -38.974926 -121.827553 359.638458
v 45.657829 -112.762405 403.343811
v 57.415577 -113.394173 410.953064
v 71.652962 -113.680489 419.130890
v 80.152847 -112.613647 424.796936
v 93.750298 -112.077515 431.455719
v 136.213898 -112.634819 468.487488
v 160.020584 -116.624275 483.995575
v 168.128204 -114.550133 488.813446
v 219.286316 -115.860680 512.736755
v 227.123184 -120.913185 515.356689
v -221.892792 -118.863823 369.602386
v -197.616730 -115.888977 361.710999
v -160.063370 -113.357208 339.587830
v -107.761757 -117.183624 361.950653
v -46.527351 -123.163742 357.242798
v -13.616696 -115.155617 371.930084
v 7.302188 -113.982758 386.866577
v 20.935053 -112.544930 392.666168
v 38.636478 -116.943703 401.447327
v 101.119591 -113.907387 437.560608
v 145.898483 -115.122559 475.024628
v 192.836639 -115.547005 501.220978
v 201.954102 -114.941727 505.949188
v -61.847912 -118.485275 349.778046
v -5.637790 -117.601410 378.619446
v 15.036712 -121.287415 390.644012
v 113.751297 -117.167542 451.260254
v 123.796936 -117.517967 457.509033
v 130.081299 -119.363953 462.754456
v 211.467499 -120.514664 509.794220
v -234.349976 -119.635818 369.698730
v -156.677002 -122.018059 339.546204
v -147.009827 -120.332245 342.744720
v -55.823204 -122.541512 352.608307
v 57.943054 -119.606407 412.976013
v 104.774818 -117.422791 445.688080
v 153.440796 -118.745773 480.903961
v -211.656967 -122.309189 366.457733
v -207.547897 -127.247414 363.355621
v -4.231637 -122.095100 378.730133
v 68.555641 -123.016487 418.597992
v 71.607826 -124.614799 421.257416
v 84.305046 -119.750313 428.957672
v 98.378838 -125.718262 438.367584
v 139.840836 -119.359055 472.422638
v 147.702576 -123.299088 478.897217
v 168.806717 -122.916771 491.518494
v 195.861511 -122.276459 502.849304
v 237.626266 -124.688011 517.948730
v -245.265259 -123.307838 372.404083
v -126.708824 -125.751274 354.668549
v -113.822281 -127.804008 357.988953
v -93.693283 -128.228195 349.702148
v -70.117455 -123.828171 348.322540
v -28.961946 -124.802177 369.573456
v -13.294006 -121.846207 376.735321
v 30.223658 -122.583138 396.319580
v 40.109962 -124.742111 401.165344
v 93.054962 -122.604744 433.474762
v 111.336784 -125.504059 453.713837
v 123.948669 -121.753639 458.445251
v 184.801727 -124.188942 497.882996
v 222.873810 -124.889168 512.343079
v 244.743896 -120.073715 521.288269
v -164.701233 -127.017235 339.369019
v -143.360275 -128.187912 344.309784
v -134.092087 -131.946716 347.643799
v -117.883354 -128.410461 358.159210
v -0.057444 -124.887268 381.981506
v 4.699475 -122.742744 384.798706
v 19.227093 -126.401955 393.638519
v 35.350174 -125.755310 399.802094
v 45.189529 -123.461014 404.676331
v 58.379726 -124.189140 412.638214
v 101.511497 -127.712936 444.629425
v 120.269554 -126.633003 459.842133
v 129.108368 -125.191422 464.170746
v 197.808563 -132.061493 503.452881
v -233.002930 -130.126068 369.339569
v -218.246017 -128.651810 366.502777
v -155.367279 -128.654282 335.774689
v -74.497528 -126.595345 346.721802
v -57.604107 -127.305473 354.620392
v 25.628635 -131.031769 396.077972
v 137.132584 -129.930237 472.920013
v 157.312714 -125.725639 485.530762
v 162.000549 -128.909485 488.199493
v -240.373260 -128.238556 371.250916
v -174.264389 -131.630508 344.420593
v -83.512299 -129.062042 347.964355
v -45.925594 -130.932343 361.054077
v -18.149164 -130.437958 378.265656
v 2.958567 -129.181015 385.561859
v 51.140030 -129.857727 409.607971
v 60.749352 -131.316925 416.197937
v 79.705177 -127.844879 426.286377
v 88.895767 -127.137161 431.778320
v 176.833344 -130.860214 494.075409
v -186.636963 -131.468872 353.786957
v -161.535339 -131.230972 334.146240
v -28.072908 -133.756897 372.430084
v -6.783079 -130.957016 384.334473
v 45.894978 -136.671616 408.753387
v 190.948227 -132.159836 499.608185
v 232.031143 -130.035492 513.570496
v -204.633820 -135.005646 362.241852
v -93.378929 -134.448425 344.222656
v -78.135170 -131.224243 346.024200
v -68.892540 -130.371124 351.128906
v 13.024172 -133.286240 391.433960
v 32.258553 -133.514038 398.557953
v 64.375000 -136.728683 418.674591
v 109.524261 -134.292877 456.665222
v 146.118042 -132.629211 479.209229
v 168.052094 -132.814423 489.976318
v 209.120621 -134.491562 506.874176
v 223.037018 -135.808319 509.221283
v -241.243195 -137.973709 373.678253
v -229.715271 -136.829773 369.547211
v -217.732788 -132.634293 367.159760
v -168.049377 -137.663925 337.744324
v -160.727020 -136.644379 333.530151
v -155.331055 -134.916718 333.333099
v -110.947334 -139.473373 348.801697
v -97.604469 -137.138504 344.515289
v -72.820572 -133.922684 348.584015
v -64.552010 -136.982742 352.816498
v -38.826378 -136.402740 367.593292
v 79.106346 -133.477737 429.554413
v 85.952400 -134.743149 433.380554
v 92.015167 -136.660706 440.247314
v 131.533447 -132.737579 469.365753
v -172.459824 -137.139343 340.776733
v -121.556099 -139.012711 351.665283
v -83.861824 -140.420898 344.010864
v -54.683201 -137.202271 358.462585
v -25.859818 -138.600739 375.035126
v -0.029789 -138.697021 390.574646
v 53.491257 -141.149841 415.868561
v 101.713058 -137.469894 452.788239
v 162.413391 -138.175049 486.790619
v 187.571045 -136.892044 497.130951
v 240.072800 -135.786942 514.395020
v -225.669708 -139.785706 369.603455
v -182.221695 -141.844864 348.248077
v -140.555344 -138.293945 342.704193
v -87.426735 -140.957214 342.981567
v -15.065931 -142.311752 384.936829
v -5.031907 -140.967316 390.195679
v 9.266524 -139.595718 393.262054
v 12.402081 -142.945572 395.841217
v 20.735907 -141.481323 397.092926
v 83.585388 -141.720306 437.285339
v 131.561768 -141.139404 469.955261
v 142.224045 -138.124466 476.158386
v 154.145752 -140.275146 482.830109
v 209.845734 -142.543243 504.488342
v -199.441452 -146.565430 358.665802
v -160.541245 -144.359299 332.530457
v -60.738541 -145.903137 359.533142
v 28.489502 -141.534363 400.372803
v 38.231667 -140.510391 406.009583
v 58.719788 -145.794083 420.546448
v 90.436592 -146.914474 447.701996
v 113.839264 -141.154007 460.641174
v 125.228676 -140.406509 466.812317
v 145.314880 -143.003738 475.981689
v 178.008179 -138.774155 492.789642
v 200.320267 -142.931335 500.468140
v -166.998566 -141.605820 333.797272
v -149.543427 -148.844376 336.123566
v -102.110748 -144.167908 340.324615
v -94.885330 -141.984039 343.749634
v -75.575134 -145.760941 352.183136
v -51.751423 -147.423126 365.361969
v 66.924232 -145.119003 425.011810
v 185.584656 -143.543777 493.826111
v 194.257462 -143.725449 496.650909
v 224.589981 -144.401413 505.447876
v 236.081696 -145.841431 508.490570
v -233.544662 -149.677460 371.422211
v -213.201706 -146.398392 365.377686
v -133.002243 -151.188156 341.951477
v -92.658730 -147.640793 343.713715
v -72.097153 -151.608383 355.690277
v -39.040081 -146.624924 372.275665
v -29.192024 -146.694870 376.653839
v 3.784830 -144.799118 395.674805
v 72.000809 -147.516571 431.374207
v 104.890022 -150.143326 457.591034
v 149.121918 -144.589981 476.578583
v 175.025726 -147.191727 488.505798
v 207.110687 -151.931503 499.670166
v 241.288300 -145.461227 510.048767
v -240.704514 -148.091949 373.670593
v -226.569946 -149.259857 370.200623
v -140.596252 -146.343170 340.875366
v -123.367722 -149.316681 343.700562
v 34.448689 -150.128006 406.813934
v 40.285751 -152.057999 412.606750
v 95.100937 -146.496490 452.361511
v 117.809944 -150.325882 463.470612
v 127.942223 -150.247025 467.882507
v 155.310654 -148.553574 479.505981
v 164.831894 -147.299698 484.206909
v -205.347778 -152.520126 359.809174
v -183.895966 -148.412384 349.747986
v -172.247757 -153.653763 340.529541
v -159.238556 -151.572861 332.836975
v -107.957115 -152.782059 338.855652
v -63.104462 -152.828201 361.419739
v -12.446926 -152.576538 390.569550
v -6.531065 -157.893661 398.308136
v 21.685926 -147.937347 398.911438
v 27.664495 -149.697784 402.077454
v 76.447701 -150.622650 435.721863
v 134.307327 -146.893417 470.798645
v 191.310577 -151.577026 493.728577
v -136.333405 -156.066681 340.716248
v -43.773640 -153.545410 373.675018
v -20.883698 -150.755371 383.887817
v 3.894400 -152.288574 398.863770
v 51.008720 -150.447800 417.757599
v 166.442947 -154.902130 480.396790
v 179.067856 -156.287003 487.187805
v 229.625290 -150.092819 503.961029
v -242.338501 -152.756393 373.166443
v -117.159401 -156.352127 336.615265
v -80.050758 -153.462982 352.559692
v -28.897741 -152.944321 381.411499
v 10.872798 -156.034500 400.458832
v 45.891739 -156.703522 417.965881
v 58.497509 -153.718903 424.910675
v 67.928665 -155.128586 433.733185
v 90.662537 -152.323883 450.621002
v 109.337349 -155.210648 459.270660
v 142.200684 -158.124756 469.638763
v 148.187668 -154.914886 473.534943
v 175.294540 -155.379440 485.352020
v 200.483978 -151.717300 497.818695
v 220.738632 -155.160645 498.992767
v 239.034866 -152.298721 508.682281
v 242.746170 -159.444092 509.290771
v -199.183411 -156.533737 356.383453
v -151.330658 -151.076141 335.107361
v -144.275818 -160.248688 339.254761
v -130.247894 -156.001785 340.314606
v -206.337891 -159.738571 359.268005
v -124.266220 -159.701157 337.438232
v -55.419727 -155.121979 367.982391
v -21.496571 -161.290726 390.671967
v 19.204590 -153.906128 400.521484
v 27.077358 -156.420868 407.274109
v 79.801514 -155.202545 442.048492
v 102.756081 -160.932999 455.652161
v 188.473709 -157.997284 490.442902
v 230.729004 -157.027115 503.543823
v -239.149399 -160.199005 371.560608
v -218.941345 -165.024002 363.666443
v -155.538483 -161.874130 329.834686
v -153.913330 -159.961472 329.738495
v -140.987839 -161.820709 339.979675
v -97.794594 -165.836029 348.013733
v -66.482193 -157.946899 360.387299
v -44.551929 -160.004883 374.057343
v -35.250061 -159.141418 381.284851
v 19.599306 -159.415222 404.567627
v 36.246311 -160.170547 414.989105
v 72.212723 -160.220581 439.205139
v 85.162834 -156.765121 447.941895
v 90.971886 -161.007782 451.072235
v 115.202286 -160.496231 461.147064
v 184.824905 -164.384491 486.513580
v 217.668335 -160.074356 496.396057
v -182.787262 -164.335632 348.748352
v -114.589073 -160.970428 338.738556
v -81.208176 -159.816086 354.551788
v -70.276947 -160.945206 360.419434
v -61.429462 -159.710831 364.785767
v -28.851606 -163.589706 386.804626
v -12.730039 -160.708298 395.239868
v 2.778309 -160.365707 404.108032
v 51.627876 -165.559128 427.697418
v 60.209160 -160.651642 431.819122
v 121.512436 -165.744186 462.440918
v 203.153534 -160.976395 494.138275
v 233.945084 -162.634293 504.198120
v -228.056961 -166.593491 367.598450
v -200.548325 -163.590195 356.069580
v 26.566116 -161.835449 410.299347
v 131.392593 -160.929428 466.292603
v 151.465637 -165.324463 470.539459
v 163.673676 -162.759796 476.289764
v 195.352341 -164.019897 491.296875
v 218.944809 -169.881439 493.807526
v -85.698738 -167.449005 355.062744
v -48.361771 -164.405197 373.608795
v 1.377195 -168.366104 407.546906
v 7.699430 -163.449051 407.228699
v 12.027010 -168.101746 410.742920
v 28.935997 -166.946350 415.730438
v 39.399136 -167.655991 420.553253
v 81.571877 -163.516663 445.056000
v 139.316910 -167.656219 465.822449
v 172.933441 -166.537003 479.059723
v 211.699356 -167.522552 491.457214
v 228.283737 -170.209000 498.790161
v -243.934784 -167.655289 372.736542
v -214.783417 -168.062714 361.483887
v -166.993668 -167.154144 337.165863
v -153.426682 -166.325790 328.467651
v -136.692917 -169.718765 334.089996
v -129.434509 -166.104874 334.561646
v -122.731606 -170.268478 335.292755
v -73.695068 -168.207947 362.458435
v -61.245670 -169.408234 370.257324
v -39.335396 -166.213821 378.840851
v 65.508446 -166.575699 434.938843
v 96.472183 -169.747589 451.313599
v 110.251129 -169.410477 455.827698
v 160.161102 -167.765747 472.301331
v -190.409988 -176.091080 350.971283
v -158.367432 -172.493134 332.181305
v -149.079285 -171.012192 328.316711
v -50.548191 -172.092758 377.384247
v -34.019600 -171.818710 383.799072
v -12.142011 -167.352966 399.100677
v 20.352690 -170.782791 414.719757
v 182.898575 -169.775024 482.917236
v -233.112610 -173.303406 369.482330
v -179.507324 -176.281799 344.459320
v -152.666229 -170.770981 327.791962
v -110.470360 -168.209579 340.792877
v -28.302361 -171.957611 386.985199
v 127.992241 -173.328308 460.955994
v 164.344666 -172.833420 473.911499
v 209.896957 -172.782089 489.764679
v 237.099380 -171.587479 503.422852
v -226.557159 -174.911575 368.243774
v -219.646149 -174.937149 364.249329
v -205.282578 -180.481766 357.193787
v -133.872086 -171.880798 332.509216
v -109.740112 -173.114120 343.399963
v -96.577759 -174.372574 354.211304
v -77.625542 -172.924362 361.740631
v -66.175140 -176.050095 369.652313
v -19.852907 -172.324539 393.957764
v -9.101242 -172.398544 401.610870
v 9.768111 -176.733902 414.824463
v 30.483332 -175.137360 419.275116
v 49.114025 -173.563461 425.813873
v 56.563911 -175.209030 428.605499
v 80.973488 -169.961533 442.629333
v 111.369873 -176.309586 454.596161
v 155.012360 -172.962433 469.703156
v 192.014328 -173.533310 485.932800
v -242.633286 -176.359100 371.318115
v -86.681030 -175.990784 359.450378
v 42.768772 -171.743530 423.622070
v 72.778404 -174.005173 436.604736
v 101.235901 -174.768188 451.523407
v 141.241776 -175.144669 464.699463
v -174.325211 -182.271088 340.369568
v -150.650467 -178.629196 328.333466
v -137.483582 -174.734695 332.630157
v -118.105309 -176.933868 342.803131
v -39.306183 -179.413742 387.674316
v -23.753143 -176.491592 391.667053
v -1.009136 -179.773209 408.181610
v 89.831406 -178.891373 444.313110
v 97.993225 -179.603714 447.921570
v 160.135803 -181.261902 468.900848
v 172.230499 -174.838379 476.129242
v 202.147202 -178.761841 485.504333
v 221.893997 -178.954208 494.620331
v -213.870438 -182.947144 362.247162
v -146.041977 -180.020996 327.817932
v -125.915688 -179.807434 339.199829
v -60.376163 -178.588272 374.810059
v -47.837307 -177.466064 382.226349
v -28.060003 -180.845306 391.217743
v -20.840786 -181.750381 395.478210
v -10.955106 -179.182800 400.956146
v 13.430490 -178.024811 416.771545
v 23.542131 -178.489349 418.170624
v 42.205650 -181.744644 421.424408
v 77.216240 -181.615738 436.791565
v 134.626038 -177.003036 461.551300
v 170.291916 -181.894485 472.123627
v 179.298874 -178.729080 477.517578
v 207.478683 -183.284790 486.942688
v 233.925095 -177.640961 500.984894
v -225.326569 -178.542984 367.481140
v -184.813492 -178.355820 346.619568
v -115.523994 -183.386948 348.384277
v -82.441017 -180.966232 363.034851
v 33.905106 -182.506287 419.056458
v 50.935356 -185.684769 423.631378
v 122.948547 -181.500107 456.534760
v 188.269806 -184.737991 479.633514
v -221.182693 -183.787170 366.835327
v -191.403748 -185.633682 350.787262
v -138.846466 -185.147079 328.070618
v -134.742233 -181.579422 333.372040
v -103.881630 -184.012695 353.325409
v -14.489385 -182.917480 400.872528
v 4.782139 -180.599792 411.805389
v 11.491844 -184.594894 418.487946
v 69.931557 -187.308945 431.390717
v 133.982117 -187.722687 458.957642
v 149.493942 -183.623398 464.040894
v 155.886612 -185.708588 466.563446
v 198.638382 -183.685074 483.401611
v 231.131027 -186.847290 497.888367
v 238.578415 -182.315826 502.232788
v -239.179199 -181.531113 370.688446
v -233.307068 -187.365753 368.337708
v -180.878967 -197.605743 345.850098
v -79.059074 -184.907913 365.849670
v -68.137054 -186.417435 372.057617
v -42.872307 -184.977768 387.565308
v -9.688154 -185.008026 404.091400
v 26.505426 -185.300781 417.870239
v 61.166870 -188.646347 427.707520
v 108.792068 -188.989914 451.368774
v 183.173843 -184.212906 478.374664
v -241.610474 -191.836899 369.356049
v -208.585739 -185.014603 358.504303
v -130.326660 -187.407654 337.764465
v -123.892609 -188.571289 343.406403
v -113.024017 -188.622330 350.173859
v -91.991043 -186.808624 359.344879
v -63.237396 -191.277542 376.086945
v -31.100704 -185.383163 394.433777
v -24.637287 -186.357285 397.023987
v 15.791373 -188.185974 417.997711
v 37.489597 -186.313507 418.705994
v 81.218414 -188.316223 435.589569
v 95.443275 -186.024170 443.880981
v 100.433830 -188.276901 446.653687
v 176.097580 -186.439789 472.725159
v 242.766815 -192.703186 503.495026
v -216.684174 -187.874695 365.755371
v -205.731613 -192.542313 358.873718
v -173.836731 -196.966156 341.686462
v -145.131287 -189.539963 326.478912
v -53.520760 -187.994339 382.490540
v 4.290993 -185.787735 414.389496
v 4.624740 -192.203033 416.884186
v 141.682312 -189.705444 460.467651
v 166.485260 -192.093582 469.203918
v 191.619019 -192.014542 477.173553
v 221.025574 -187.677429 492.597504
v -196.160355 -195.067337 353.281158
v -119.343910 -193.024216 346.938507
v -101.039009 -195.039871 355.222412
v -41.523205 -188.816071 388.740143
v 10.507774 -190.290756 418.414215
v 93.179237 -194.739990 440.729767
v 104.854507 -194.026550 448.288879
v 118.853668 -191.611862 453.242218
v 151.672516 -190.798203 462.762024
v 203.813385 -189.785690 484.391205
v -218.156036 -197.011826 365.992981
v -212.817902 -195.063385 362.117035
v -153.591385 -201.964401 331.063080
v -75.115448 -196.685303 368.950714
v -36.441040 -193.727753 395.273529
v -31.639828 -194.383286 400.391327
v -22.141918 -191.044083 403.185211
v 68.428665 -196.726334 427.426178
v 144.877045 -192.628036 460.020996
v 179.743713 -193.429810 473.275482
v 196.659500 -194.603363 480.150940
v -236.123428 -197.092529 369.384888
v -185.330551 -195.661621 348.490936
v -146.361603 -197.523453 326.505371
v -136.545151 -194.479370 326.914490
v -112.627655 -194.877029 349.773224
v -86.787971 -201.515381 362.531219
v -70.087517 -198.048920 372.884918
v -11.800570 -194.380066 409.630127
v 21.064898 -197.815338 413.527710
v 51.852551 -193.697296 423.105194
v 76.345123 -193.897797 431.714569
v 78.907959 -201.373550 430.764282
v 132.022217 -200.081650 456.582153
v 153.084427 -197.936203 461.380463
v 221.531891 -198.945007 491.450928
v 235.137146 -193.688538 498.304657
v -229.894684 -200.436066 368.443787
v -93.182907 -200.194092 359.222473
v -58.993843 -197.393799 380.551483
v -43.483791 -197.482834 390.355530
v -21.889509 -195.008820 405.458649
v -7.070365 -196.655670 412.575165
v 28.596308 -198.667999 413.438507
v 40.704971 -198.786423 417.450226
v 62.100254 -200.544830 424.516510
v 101.117043 -199.695740 443.565765
v 119.698280 -199.999817 452.588043
v 169.485550 -197.831543 470.021545
v 178.030640 -203.626526 471.270386
v 205.248596 -198.633484 482.147614
v -207.629852 -202.922974 360.469879
v -142.420151 -199.254532 326.131775
v -134.819809 -202.027222 326.341034
v -123.114395 -197.486450 338.440643
v -18.714849 -198.302048 407.794830
v -4.031195 -198.044067 414.234131
v 0.591273 -199.106110 414.134125
v 12.886033 -204.284973 411.165894
v 110.572334 -197.543503 449.257843
v 160.064453 -198.203461 465.119812
v 193.061646 -198.169388 476.356720
v -213.582596 -202.925949 363.424286
v -195.079285 -202.133224 351.659119
v -118.448441 -202.018616 341.829742
v -108.097160 -202.594498 349.486450
v -80.273773 -201.167603 366.264191
v -64.335335 -204.550812 377.767883
v 57.387997 -201.285294 422.474030
v 86.833870 -197.973999 435.932281
v 95.269531 -202.181030 438.297028
v 105.876106 -204.109314 445.570160
v 145.389282 -204.445679 458.747955
v 162.984421 -201.274551 466.385559
v 236.893158 -201.276306 499.563782
v -219.979889 -204.760635 365.893005
v -181.312988 -208.262497 346.337830
v -58.414845 -208.957306 381.713043
v -44.122940 -206.584076 392.215149
v -14.122041 -202.157257 409.435455
v -5.371637 -200.847229 411.952789
v 4.262614 -203.153793 412.072418
v 67.976547 -205.830536 424.464172
v 74.984138 -207.590530 427.551117
v 228.565720 -204.096436 495.340912
v -231.700012 -205.026688 368.079681
v -140.166428 -206.239716 325.615387
v -126.878662 -213.155670 329.489136
v 127.631622 -206.573730 453.840515
v 181.754272 -209.186264 470.417236
v 201.812775 -207.471161 478.599365
v -165.357224 -205.475983 337.814880
v -103.459328 -210.328598 351.173248
v -95.007500 -206.535828 355.746216
v -80.921448 -207.996750 366.447357
v -75.315475 -208.543518 370.019409
v -37.076878 -210.202362 396.405151
v -25.356445 -204.879654 403.906250
v -15.038307 -207.685287 406.628082
v 27.773708 -211.736511 410.334869
v 83.947594 -207.978561 431.382996
v 93.432022 -205.389221 437.134552
v 209.944260 -206.477310 484.313019
v -207.385468 -208.673218 358.751373
v -192.688797 -214.378464 350.913666
v -136.574936 -210.177917 322.725586
v -108.230835 -210.508575 347.282410
v -51.105904 -209.712738 386.607178
v 52.124992 -211.083374 418.983093
v 62.123840 -207.027573 421.334839
v 113.644569 -211.706451 447.947174
v 161.408508 -208.485672 462.791199
v 218.399979 -206.152969 490.332886
v 241.358490 -212.653000 499.213257
v -226.230133 -211.383148 367.377625
v -155.932724 -214.186676 332.783508
v -148.521744 -214.441772 328.618469
v -134.185471 -210.811905 323.301086
v -117.744263 -210.918015 340.120605
v -6.798940 -215.063583 403.884674
v 3.082651 -214.048584 405.968628
v 22.159344 -208.654465 408.983551
v 40.145607 -210.711243 415.780457
v 99.842598 -212.185745 440.050964
v 105.880295 -211.003021 444.547333
v 129.686707 -213.120010 453.317230
v 147.258728 -210.588638 457.780273
v 190.554489 -209.311264 473.355042
v 203.728668 -211.915512 480.109222
v -205.962173 -216.979095 357.780182
v -173.287109 -213.371567 342.509674
v -91.635361 -211.431458 358.409851
v -71.082718 -215.155121 374.238586
v -19.949289 -214.109604 403.316132
v 67.664070 -214.237045 421.083496
v 91.054131 -210.691711 433.925293
v 123.492599 -213.092941 450.858459
v 172.281265 -212.169998 464.707092
v 219.349854 -219.972687 486.714813
v 232.402527 -213.536316 494.385559
v -219.763855 -218.756165 365.596191
v -179.388550 -214.808975 346.251953
v -163.682053 -214.679337 337.579102
v -120.467026 -217.568451 336.665802
v -112.245338 -215.119553 345.987396
v -48.209892 -218.165283 389.132751
v -40.565739 -218.898788 393.646759
v -34.297424 -217.033646 396.854523
v 57.233456 -218.571854 417.808929
v 74.941467 -216.004272 424.086426
v 145.305099 -217.343475 455.711487
v 162.487183 -219.438660 459.298340
v 205.905716 -218.651993 479.731293
v 214.478760 -215.890594 484.520721
v -245.842163 -217.879364 369.331970
v -191.559036 -220.690414 351.051636
v -91.436516 -217.899521 360.357605
v -81.363525 -216.469528 367.178680
v -63.126617 -220.554749 380.107635
v 12.002409 -218.478455 404.221375
v 33.106651 -218.650711 410.745087
v 40.068012 -220.955963 412.662384
v 82.105232 -218.731171 427.449341
v 97.403534 -217.419113 438.445374
v 151.474564 -216.491318 456.280121
v 155.680435 -220.953796 456.182892
v 168.975769 -218.005325 462.220337
v 172.917160 -216.098846 465.390106
v 190.070969 -215.677811 472.541412
v 200.436447 -216.074570 476.983002
v 235.325928 -219.359695 495.373444
v -210.127487 -224.105957 359.993347
v -175.878555 -216.963776 345.415680
v -133.347321 -221.232803 321.943268
v -105.320877 -220.075150 350.590240
v -94.852020 -223.093201 358.577209
v -59.290951 -226.523163 382.699768
v -9.134519 -219.948669 401.162018
v 106.514992 -219.539688 443.140442
v 112.281067 -218.760986 445.291901
v 126.511353 -221.119385 450.388733
v 136.603409 -220.245605 453.791199
v -232.011810 -222.535004 367.198334
v -169.975739 -221.616989 339.997192
v -160.253250 -223.350449 335.564972
v -143.680511 -223.041214 327.621918
v -128.725647 -222.780029 321.647583
v 4.156559 -223.188309 400.633698
v 24.521629 -225.909363 407.538422
v 49.580093 -225.890961 412.914307
v 116.149994 -222.830521 447.244507
v 179.929825 -221.735184 468.134094
v 186.696152 -221.916702 470.176880
v 193.904419 -221.551834 474.276978
v -177.877655 -226.560715 343.831329
v -137.403915 -224.387726 323.533508
v -3.573661 -225.363419 398.590088
v 57.747181 -226.660355 414.980774
v -240.268219 -230.241058 366.758301
v -195.059525 -223.660095 353.631805
v -152.705902 -228.422852 332.672455
v -118.411705 -226.550369 333.872986
v -87.861832 -224.916229 363.675568
v -78.117973 -223.498734 370.642456
v -69.246208 -224.118118 376.359467
v -16.406759 -226.079529 396.232880
v 17.630333 -222.980850 404.216553
v 75.370186 -227.873886 421.180023
v 90.568871 -223.468964 431.261902
v 109.685387 -227.131989 439.993958
v 119.900436 -226.807053 447.147919
v 142.341217 -223.729843 453.516357
v 218.294937 -229.517105 484.839844
v 226.148834 -223.694595 489.633362
v 240.927002 -222.569260 497.070679
v -228.624115 -229.825470 366.272583
v -213.393295 -231.087891 362.780945
v -206.023666 -228.736237 358.490356
v -112.163223 -230.832977 338.594940
v -98.983360 -227.971771 354.313477
v -46.744919 -227.555527 388.818115
v 100.760956 -226.305511 437.021729
v 131.538284 -226.066879 447.409210
v 146.848984 -227.717957 453.450073
v 158.271194 -227.886215 455.617218
v 177.542999 -228.429092 465.210266
v 183.284775 -226.723663 469.424347
v 189.992950 -226.733063 471.235901
v 202.653214 -225.994492 478.057220
v 237.140503 -229.792465 493.614716
v -220.686676 -228.520599 366.148163
v -201.501175 -230.213348 357.028656
v -73.907066 -228.651993 372.641876
v -69.536240 -234.637482 375.036987
v -38.480915 -228.605209 390.644440
v -21.369217 -233.453827 390.033539
v 36.604122 -234.868256 407.214996
v 69.934898 -228.843155 418.201172
v 114.009476 -230.518066 442.625488
v 171.721664 -229.629257 462.366791
v 228.912292 -228.874924 490.693970
v -163.552185 -232.940399 339.157745
v -145.675201 -230.020630 330.780579
v -134.223251 -230.544708 321.508667
v -130.165359 -231.179901 321.506714
v -92.033844 -231.134140 359.348175
v -87.575470 -236.248108 363.291290
v -77.266167 -230.082275 371.083862
v -57.437851 -233.964386 382.049225
v -31.254272 -235.102600 387.952820
v 4.537603 -230.242081 397.283356
v 85.984665 -230.981110 426.293457
v 99.278572 -230.006332 435.490784
v 129.028702 -231.247467 444.987244
v 153.121201 -230.417206 454.182007
v -195.800583 -235.012894 353.864166
v -171.374069 -233.580444 341.657806
v -96.854309 -231.138657 356.687531
v -82.815155 -236.596588 366.078918
v -52.705517 -235.841019 383.070160
v -10.314573 -237.809189 391.096405
v 8.890516 -237.297333 398.066467
v 28.994894 -234.639069 406.264984
v 47.102489 -237.079712 409.107330
v 62.603859 -234.444672 413.779144
v 106.655632 -238.140762 435.315979
v 133.908249 -235.287415 443.639923
v 143.799225 -232.396317 449.698395
v 183.840393 -230.947800 468.265076
v 198.849243 -234.351639 474.312775
v 210.912842 -231.760666 479.651001
v -225.899033 -236.189926 365.157379
v -152.789688 -237.109589 333.206360
v -135.352203 -236.227036 319.886902
v 14.442652 -237.527756 401.598145
v 74.164742 -233.773178 418.683197
v 121.083076 -232.826172 444.292175
v 182.391800 -241.699127 467.020416
v 192.092728 -238.281525 470.853821
v 204.295975 -234.379883 476.575714
v 227.126114 -240.788818 488.862244
v 239.605591 -233.970184 495.495575
v -240.843521 -236.767899 365.982056
v -205.576874 -239.287506 357.095276
v -181.054840 -236.157501 345.379272
v -143.170975 -241.420868 326.460785
v -125.671341 -236.926376 322.503418
v -113.218842 -242.499329 334.625275
v -102.942474 -236.876541 345.964966
v -19.960081 -242.352371 386.002533
v 0.290064 -235.708954 394.333008
v 19.767229 -239.748489 403.702179
v 98.237396 -235.330643 431.871582
v 112.111053 -234.836884 439.040588
v 122.114174 -237.268295 437.776947
v 162.465057 -238.596725 455.838715
v 167.387787 -237.885696 458.877411
v 211.111298 -237.546768 479.645905
v -191.677109 -241.149292 349.252289
v -166.659744 -238.486374 339.147736
v -95.487274 -240.611130 354.153809
v -75.574432 -241.054321 368.823975
v -42.264160 -236.600510 385.190735
v 61.439758 -238.869080 410.765778
v 85.396675 -240.046387 423.609894
v 132.129959 -240.186203 439.306335
v 154.935745 -238.522003 454.631683
v -132.661453 -241.322052 319.841919
v -123.235512 -242.127197 322.044189
v -38.964878 -244.942963 378.932648
v 0.239032 -240.624100 392.484467
v 47.888317 -241.186111 407.344116
v 68.140800 -239.596161 413.021088
v 76.970802 -243.681473 417.927856
v 112.087601 -240.565445 436.059143
v 140.133667 -240.633469 444.669891
v 238.260071 -242.338684 494.826782
v -239.998199 -244.161713 365.460358
v -215.611801 -244.510971 359.761566
v -181.947601 -243.304977 341.983002
v -82.703369 -242.728348 364.316376
v -71.154106 -242.811264 371.858154
v -30.415791 -243.751862 382.841736
v 37.535191 -241.739212 404.939178
v 93.760025 -242.807129 427.276123
v 157.003571 -243.177261 452.980499
v 201.190628 -244.079865 472.431183
v -243.369720 -244.627792 364.712189
v -225.838379 -244.484589 363.623566
v -204.113663 -249.980652 351.533264
v -150.708557 -244.152542 329.840271
v -107.841934 -249.971939 338.747192
v -59.871529 -244.399612 376.403046
v 8.250245 -244.513672 397.437592
v 26.221989 -243.344589 402.846161
v 66.834335 -250.026108 410.035645
v 144.935181 -243.993103 446.898712
v 150.619324 -245.942917 448.144928
v 223.848373 -250.053329 486.793854
v -187.322327 -249.996674 343.152985
v -132.544601 -245.644958 320.366516
v -85.935745 -249.930374 357.695007
v -9.584521 -243.874939 387.074402
v 132.859756 -246.115616 437.425293
v 193.948761 -245.966263 469.028076
v -240.768616 -247.717926 363.165680
vn -0.0057 -0.2266 0.9740
vn -0.5375 -0.1439 0.8309
vn -0.3617 -0.3861 0.8486
vn -0.3076 -0.3332 0.8913
vn 0.0191 -0.9998 0.0060
vn 0.5861 -0.7379 0.3346
vn 0.1244 -0.9078 0.4005
vn -0.4106 -0.7688 0.4902
vn -0.1614 -0.9090 0.3842
vn -0.5706 -0.6486 0.5037
vn 0.2939 -0.9170 0.2696
vn 0.1574 -0.9607 0.2285
vn -0.0537 -0.9439 0.3259
vn 0.3586 -0.8170 0.4516
vn -0.0088 -0.7692 0.6390
vn 0.4741 -0.7891 0.3906
vn -0.0374 -0.7763 0.6292
vn 0.5719 -0.7782 0.2595
vn 0.0938 0.9952 -0.0289
vn 0.0499 -0.9985 0.0240
vn -0.7007 -0.6349 0.3255
vn -0.1172 -0.9424 0.3132
vn -0.2192 -0.9160 0.3361
vn -0.2149 -0.9175 0.3347
vn -0.2833 -0.9001 0.3310
vn -0.1087 -0.9459 0.3058
vn 0.1043 -0.9676 0.2299
vn -0.2521 -0.9525 0.1711
vn -0.0435 -0.9841 0.1720
vn -0.4016 -0.8449 0.3533
vn -0.1677 -0.7272 0.6656
vn -0.1524 -0.5677 0.8090
vn -0.2914 -0.4503 0.8440
vn 0.0060 -1.0000 -0.0055
vn -0.5838 -0.4951 0.6434
vn -0.1057 -0.6431 0.7584
vn 0.2833 -0.7624 0.5818
vn -0.3782 -0.7362 0.5613
vn 0.2594 -0.9280 0.2675
vn -0.0491 -0.9706 0.2355
vn -0.0511 -0.9966 0.0639
vn -0.0732 -0.9963 -0.0445
vn -0.2522 -0.5216 0.8151
vn -0.2929 -0.4875 0.8225
vn -0.0220 -0.4440 0.8957
vn -0.4259 -0.1597 0.8905
vn -0.0099 -0.9988 0.0478
vn -0.4801 -0.5650 0.6710
vn -0.6640 -0.4143 0.6224
vn -0.5225 -0.3622 0.7719
vn -0.3487 -0.3763 0.8584
vn -0.2385 -0.4500 0.8606
vn -0.5853 -0.3395 0.7363
vn -0.1231 -0.4501 0.8845
vn -0.2492 -0.2832 0.9261
vn -0.2392 -0.2808 0.9295
vn 0.2903 -0.4749 0.8308
vn -0.0875 -0.4778 0.8741
vn -0.1495 -0.2673 0.9520
vn -0.1367 -0.2637 0.9549
vn 0.1338 -0.5323 0.8359
vn -0.5941 -0.5318 0.6035
vn 0.4933 -0.5721 0.6552
vn 0.0498 -0.4853 0.8730
vn -0.2492 -0.5900 0.7680
vn -0.0156 -0.6959 0.7180
vn -0.1595 -0.5665 0.8085
vn -0.2076 -0.4762 0.8545
vn 0.1493 -0.5515 0.8207
vn 0.0703 -0.5628 0.8236
vn -0.0664 -0.9877 0.1412
vn -0.0074 -0.9981 0.0607
vn 0.0335 -0.6877 0.7252
vn -0.6717 -0.2756 0.6876
vn -0.0728 -0.8595 0.5060
vn 0.1445 -0.9612 0.2351
vn -0.1320 -0.2100 0.9687
vn -0.8788 -0.1505 0.4527
vn -0.0287 -0.9447 0.3267
vn 0.1741 -0.9750 0.1381
vn 0.4021 -0.5480 0.7335
vn -0.1738 -0.8324 0.5262
vn -0.7532 -0.5622 0.3414
vn -0.3372 -0.8972 0.2851
vn 0.2732 -0.9288 0.2505
vn 0.5177 -0.8407 0.1589
vn -0.2002 -0.9640 0.1753
vn -0.3218 -0.9284 0.1859
vn 0.0111 -0.9788 0.2047
vn 0.1840 -0.9668 0.1772
vn 0.0599 -0.9723 0.2260
vn -0.2584 -0.8799 0.3988
vn -0.0707 -0.6483 0.7581
vn 0.0924 -0.6999 0.7082
vn -0.2946 -0.4745 0.8295
vn -0.6976 -0.2268 0.6796
vn -0.0231 -0.8486 0.5285
vn -0.2047 -0.7117 0.6720
vn -0.3179 -0.7136 0.6243
vn 0.0469 -0.8375 0.5444
vn -0.0380 -0.9993 -0.0055
vn -0.4560 -0.3407 0.8222
vn -0.2510 -0.5925 0.7655
vn 0.4047 -0.5598 0.7231
vn -0.3531 -0.7660 0.5372
vn 0.3221 -0.9172 0.2343
vn -0.2670 -0.5818 0.7683
vn 0.5525 -0.7517 0.3600
vn 0.3774 -0.8580 0.3484
vn -0.2711 -0.8505 0.4508
vn 0.0777 -0.8900 0.4493
vn -0.5897 -0.6458 0.4849
vn -0.2943 -0.7665 0.5708
vn 0.0069 -0.8671 0.4981
vn -0.6729 -0.2350 0.7014
vn -0.1486 -0.4931 0.8572
vn -0.2725 -0.5573 0.7843
vn -0.2878 -0.4250 0.8582
vn -0.4649 -0.3375 0.8186
vn -0.0514 -0.4710 0.8806
vn -0.4209 -0.2978 0.8568
vn -0.2988 -0.1732 0.9385
vn -0.1451 -0.4357 0.8883
vn 0.1109 -0.5849 0.8035
vn -0.2015 -0.3591 0.9113
vn 0.0336 -0.3948 0.9181
vn -0.0398 -0.3821 0.9233
vn -0.2441 -0.7198 0.6498
vn -0.1830 -0.4875 0.8537
vn -0.2182 -0.4736 0.8533
vn -0.1643 -0.3984 0.9024
vn -0.2817 -0.6183 0.7337
vn -0.8607 -0.1860 0.4739
vn -0.5966 -0.5304 0.6023
vn -0.2233 -0.6463 0.7296
vn -0.6619 -0.4857 0.5710
vn 0.0348 -0.8464 0.5313
vn -0.1061 -0.4848 0.8682
vn -0.2324 -0.3856 0.8929
vn 0.5917 -0.1550 0.7911
vn 0.1209 0.1257 0.9847
vn -0.6952 0.1453 0.7040
vn 0.3836 -0.5643 0.7311
vn 0.7870 -0.5119 0.3443
vn -0.4880 -0.3990 0.7763
vn -0.1372 -0.6664 0.7329
vn -0.2576 -0.8964 0.3608
vn -0.4354 -0.5510 0.7119
vn -0.8085 -0.4962 0.3164
vn -0.6485 -0.6379 0.4154
vn -0.2142 -0.5527 0.8054
vn -0.5302 0.0475 0.8465
vn 0.3401 -0.5426 0.7681
vn -0.0093 -0.5230 0.8523
vn -0.0360 -0.5314 0.8464
vn -0.2214 -0.5070 0.8330
vn -0.0432 -0.4351 0.8993
vn -0.2289 -0.4595 0.8582
vn -0.3779 -0.2838 0.8813
vn -0.3746 -0.2866 0.8818
vn -0.4974 -0.3825 0.7786
vn -0.3653 -0.2898 0.8846
vn 0.0040 -0.2893 0.9572
vn 0.0500 -0.6174 0.7850
vn -0.3315 -0.2197 0.9175
vn -0.4875 -0.6935 0.5305
vn -0.3609 -0.7527 0.5506
vn 0.1653 -0.3998 0.9016
vn 0.4746 -0.4714 0.7433
vn 0.4284 -0.4240 0.7979
vn 0.4561 -0.7379 0.4975
vn -0.7437 0.0203 0.6682
vn -0.2695 -0.4278 0.8628
vn -0.2459 -0.4253 0.8710
vn -0.0886 -0.4992 0.8620
vn -0.4835 -0.4057 0.7757
vn 0.6165 -0.4703 0.6315
vn -0.0406 -0.5141 0.8568
vn 0.8279 -0.4466 0.3393
vn 0.5241 -0.2551 0.8125
vn 0.5842 -0.7446 0.3230
vn 0.5460 -0.5634 0.6201
vn -0.6245 0.1093 0.7733
vn -0.4476 -0.8012 0.3972
vn -0.6030 -0.6765 0.4227
vn -0.5383 -0.7467 0.3906
vn -0.0949 -0.5722 0.8146
vn -0.4173 -0.4359 0.7974
vn -0.2764 -0.4001 0.8738
vn -0.1112 -0.4092 0.9057
vn 0.2112 -0.5768 0.7891
vn -0.2747 -0.4647 0.8418
vn -0.0917 -0.4945 0.8644
vn -0.3764 -0.2843 0.8818
vn -0.2195 -0.3290 0.9184
vn -0.4633 -0.2388 0.8534
vn -0.2459 -0.2509 0.9363
vn -0.2007 -0.3519 0.9143
vn -0.3177 -0.2228 0.9216
vn -0.1736 -0.5704 0.8028
vn -0.0421 -0.5180 0.8543
vn -0.2422 -0.5083 0.8264
vn -0.4804 -0.6482 0.5908
vn -0.7040 -0.3604 0.6120
vn -0.5968 -0.3348 0.7292
vn -0.2265 -0.4284 0.8748
vn -0.3596 -0.5041 0.7852
vn 0.2797 -0.2886 0.9157
vn -0.1318 0.0913 0.9871
vn 0.6884 -0.4023 0.6035
vn -0.3026 -0.7225 0.6216
vn -0.3165 -0.4774 0.8197
vn -0.3710 -0.4677 0.8023
vn -0.0066 -0.4344 0.9007
vn -0.4449 -0.0763 0.8923
vn -0.4774 -0.0842 0.8746
vn -0.1689 -0.2703 0.9478
vn -0.2243 -0.2988 0.9276
vn 0.1779 -0.4710 0.8640
vn -0.0463 -0.3997 0.9155
vn -0.0448 -0.4024 0.9144
vn -0.0371 -0.3979 0.9167
vn -0.1346 -0.3442 0.9292
vn -0.6805 -0.3170 0.6607
vn -0.1803 -0.3138 0.9322
vn 0.4869 -0.7305 0.4788
vn -0.4546 -0.4287 0.7807
vn -0.6471 -0.4166 0.6385
vn -0.2709 -0.4326 0.8599
vn -0.0024 -0.6056 0.7958
vn -0.1505 -0.5691 0.8083
vn -0.6069 -0.2174 0.7645
vn -0.4095 -0.1351 0.9022
vn 0.2922 -0.2831 0.9135
vn 0.8125 -0.4392 0.3835
vn 0.6467 0.0329 0.7621
vn -0.1340 0.0926 0.9866
vn 0.1865 -0.5896 0.7859
vn 0.6748 -0.5735 0.4646
vn 0.8177 -0.4684 0.3346
vn 0.4813 0.1657 0.8607
vn -0.2167 -0.5301 0.8197
vn 0.0681 -0.6669 0.7420
vn -0.4709 -0.7725 0.4260
vn -0.7191 -0.5456 0.4303
vn -0.4144 -0.4268 0.8038
vn -0.3180 -0.4714 0.8226
vn -0.3215 -0.2244 0.9199
vn -0.5569 -0.0408 0.8296
vn -0.6232 -0.0202 0.7818
vn -0.4181 -0.3121 0.8531
vn -0.2573 -0.2585 0.9311
vn 0.0347 -0.2731 0.9614
vn -0.1283 -0.4444 0.8866
vn -0.0185 -0.4063 0.9136
vn 0.1686 -0.4566 0.8735
vn -0.0531 -0.2380 0.9698
vn 0.2182 -0.2908 0.9316
vn -0.1924 -0.3019 0.9337
vn -0.2475 -0.2762 0.9287
vn -0.0917 -0.2960 0.9508
vn -0.0297 -0.3232 0.9459
vn 0.0034 -0.6153 0.7883
vn -0.6563 -0.5462 0.5206
vn -0.2898 -0.8264 0.4828
vn -0.2554 -0.4900 0.8334
vn -0.0942 -0.5168 0.8509
vn -0.3310 -0.4133 0.8483
vn -0.2773 -0.2578 0.9256
vn -0.1919 -0.3067 0.9323
vn -0.3114 -0.3051 0.9000
vn -0.0087 -0.1570 0.9876
vn 0.4408 -0.1111 0.8907
vn 0.4169 -0.1086 0.9024
vn -0.4354 -0.5426 0.7183
vn -0.5165 -0.4847 0.7059
vn -0.6774 -0.6306 0.3789
vn -0.3693 -0.8602 0.3517
vn -0.4008 -0.4624 0.7909
vn -0.3197 -0.4651 0.8255
vn 0.2093 -0.5554 0.8048
vn -0.2757 -0.3788 0.8835
vn -0.3576 -0.1911 0.9141
vn -0.5573 -0.0411 0.8293
vn -0.4631 -0.2391 0.8535
vn -0.0403 -0.3322 0.9423
vn 0.0179 -0.2917 0.9563
vn -0.1686 -0.1359 0.9763
vn -0.0098 -0.4409 0.8975
vn -0.2174 -0.5444 0.8101
vn 0.4188 -0.7959 0.4372
vn -0.3518 -0.4381 0.8272
vn -0.4182 -0.4491 0.7895
vn -0.1862 -0.6548 0.7325
vn -0.5425 -0.0619 0.8378
vn 0.3985 -0.0127 0.9171
vn 0.3358 -0.6746 0.6574
vn 0.5014 -0.6453 0.5764
vn 0.2908 -0.8155 0.5004
vn -0.2777 -0.5783 0.7671
vn -0.4831 -0.5232 0.7021
vn -0.4134 -0.5037 0.7586
vn -0.3165 -0.4772 0.8198
vn -0.3448 -0.3089 0.8864
vn -0.0502 -0.6447 0.7628
vn 0.1498 -0.5111 0.8464
vn -0.0882 -0.5209 0.8490
vn -0.2876 -0.3890 0.8752
vn -0.0324 -0.4039 0.9142
vn -0.4408 -0.1485 0.8853
vn -0.4043 -0.3331 0.8518
vn -0.4173 -0.3395 0.8430
vn -0.1048 -0.2872 0.9521
vn 0.2372 -0.3342 0.9122
vn -0.1633 -0.2969 0.9408
vn -0.0966 -0.3278 0.9398
vn -0.3156 -0.0421 0.9480
vn 0.0354 -0.6577 0.7524
vn -0.2193 -0.7372 0.6391
vn -0.2868 -0.2151 0.9335
vn -0.2409 -0.2671 0.9331
vn -0.1650 -0.4070 0.8984
vn -0.2865 -0.3918 0.8743
vn 0.2523 -0.7440 0.6188
vn 0.5289 -0.3769 0.7604
vn 0.3856 -0.0580 0.9209
vn -0.5889 -0.3349 -0.7356
vn -0.8067 -0.4694 0.3591
vn -0.4936 -0.4662 0.7342
vn -0.2654 -0.3312 0.9055
vn -0.3771 -0.2187 0.9000
vn -0.3258 -0.2066 0.9226
vn -0.4745 -0.2352 0.8483
vn -0.3459 -0.1981 0.9171
vn -0.5152 -0.2664 0.8146
vn -0.4889 -0.2897 0.8229
vn -0.2611 -0.3871 0.8843
vn 0.0005 -0.3661 0.9306
vn -0.0899 -0.3455 0.9341
vn -0.0296 -0.3237 0.9457
vn -0.1895 -0.3236 0.9270
vn -0.1558 -0.1371 0.9782
vn 0.4406 -0.2847 0.8513
vn -0.3695 -0.1333 0.9196
vn -0.3880 -0.2925 0.8740
vn 0.4729 -0.1483 0.8685
vn 0.6242 -0.0940 0.7756
vn 0.3714 -0.3587 0.8564
vn -0.4587 -0.5598 0.6901
vn -0.0465 -0.5106 0.8586
vn -0.3159 -0.4528 0.8338
vn -0.7156 -0.6270 0.3080
vn -0.3964 -0.4026 0.8251
vn -0.4597 -0.4009 0.7925
vn -0.1262 -0.4319 0.8930
vn 0.2424 -0.4138 0.8775
vn -0.3279 -0.0945 0.9400
vn -0.2607 -0.2696 0.9270
vn -0.4919 -0.1626 0.8553
vn -0.0467 -0.1986 0.9790
vn -0.0590 -0.5385 0.8405
vn 0.2383 -0.4568 0.8571
vn -0.0095 -0.3854 0.9227
vn -0.2993 -0.0708 0.9515
vn -0.0118 -0.5118 0.8590
vn -0.2070 -0.5078 0.8362
vn -0.3009 -0.2184 0.9283
vn 0.0014 -0.5323 0.8466
vn 0.6660 -0.1791 0.7242
vn 0.4001 -0.1373 0.9061
vn 0.4136 -0.1477 0.8984
vn -0.1789 -0.3647 0.9138
vn -0.6477 -0.3938 0.6523
vn -0.5139 -0.8047 0.2973
vn 0.2471 -0.4647 0.8503
vn -0.2891 -0.3914 0.8737
vn -0.3387 -0.0062 0.9409
vn -0.4799 -0.1857 0.8575
vn -0.4777 -0.2840 0.8313
vn -0.1728 -0.3316 0.9275
vn 0.0387 -0.2477 0.9681
vn -0.1703 -0.3657 0.9150
vn -0.0989 -0.2536 0.9622
vn -0.1876 -0.3279 0.9259
vn -0.3915 -0.3770 0.8394
vn -0.1483 -0.3525 0.9240
vn -0.3230 -0.4219 0.8472
vn 0.0966 -0.4500 0.8878
vn -0.0240 -0.6601 0.7508
vn -0.0654 -0.6893 0.7215
vn -0.4859 -0.4753 0.7335
vn -0.2581 -0.5175 0.8158
vn -0.3553 -0.3450 0.8688
vn -0.1891 -0.0666 0.9797
vn -0.1652 -0.3634 0.9169
vn 0.6737 0.0897 0.7335
vn 0.4590 -0.4494 0.7664
vn 0.6291 -0.3321 0.7028
vn 0.5092 -0.0397 0.8597
vn 0.3746 0.0725 0.9244
vn -0.4593 -0.2969 0.8372
vn -0.5272 -0.7941 0.3023
vn -0.4586 -0.6541 0.6015
vn -0.3067 -0.4869 0.8178
vn -0.3242 -0.4959 0.8056
vn -0.4089 -0.4116 0.8145
vn -0.3428 -0.4288 0.8358
vn -0.2193 -0.1372 0.9660
vn -0.3746 -0.1719 0.9111
vn -0.2554 -0.2395 0.9367
vn -0.3811 -0.2378 0.8934
vn -0.4137 -0.1906 0.8903
vn -0.4777 -0.2848 0.8311
vn -0.3320 0.0654 0.9410
vn -0.1446 -0.3453 0.9273
vn -0.0033 -0.3773 0.9261
vn -0.1555 -0.4872 0.8593
vn 0.0972 -0.4476 0.8890
vn 0.0329 -0.6322 0.7741
vn -0.2117 -0.5238 0.8251
vn -0.4743 -0.3059 0.8255
vn -0.3473 -0.4344 0.8311
vn -0.5106 -0.4126 0.7544
vn -0.6505 -0.7568 0.0640
vn -0.7224 -0.6177 0.3108
vn -0.0076 -0.6815 0.7318
vn -0.4701 -0.4602 0.7532
vn -0.3900 -0.4120 0.8235
vn -0.2660 -0.4047 0.8749
vn -0.2071 -0.3350 0.9192
vn -0.0030 -0.3774 0.9260
vn -0.1251 -0.3158 0.9405
vn -0.0681 -0.3308 0.9412
vn -0.0588 -0.4214 0.9050
vn -0.5476 -0.2955 0.7828
vn -0.3174 -0.2139 0.9238
vn -0.4526 -0.3790 0.8072
vn -0.4386 -0.3270 0.8371
vn 0.0124 -0.3371 0.9414
vn 0.3668 -0.3167 0.8747
vn 0.6836 0.0661 0.7268
vn 0.4886 0.0870 0.8681
vn 0.4142 0.1359 0.9000
vn 0.5757 -0.4043 0.7107
vn 0.2372 -0.2826 0.9294
vn -0.4962 -0.2374 0.8351
vn -0.7405 -0.5921 0.3179
vn -0.4615 -0.6461 0.6079
vn -0.2025 -0.5121 0.8347
vn 0.0569 -0.4052 0.9125
vn -0.3932 -0.4983 0.7727
vn -0.4362 -0.0221 0.8996
vn -0.4818 -0.1431 0.8645
vn -0.3141 -0.0918 0.9449
vn -0.2878 -0.3229 0.9016
vn -0.0476 -0.3912 0.9191
vn 0.0453 -0.4704 0.8813
vn 0.1870 -0.4773 0.8586
vn -0.0157 -0.4705 0.8823
vn -0.1125 -0.2675 0.9570
vn -0.1674 -0.2739 0.9471
vn 0.1155 -0.5549 0.8238
vn -0.4082 -0.4232 0.8089
vn -0.3875 -0.2818 0.8777
vn -0.3051 -0.3276 0.8942
vn -0.3768 -0.3699 0.8492
vn 0.1829 -0.5070 0.8423
vn -0.2832 -0.4204 0.8620
vn -0.0573 -0.3940 0.9173
vn 0.5823 0.0951 0.8074
vn 0.3305 -0.2588 0.9077
vn 0.4474 0.0372 0.8936
vn 0.6365 -0.0236 0.7709
vn 0.2370 -0.3309 0.9134
vn -0.4673 -0.3306 0.8200
vn -0.3606 -0.5530 0.7511
vn -0.6267 -0.7174 0.3043
vn -0.4317 -0.5957 0.6773
vn -0.3524 -0.3905 0.8505
vn 0.0972 -0.4578 0.8837
vn -0.1656 -0.3311 0.9290
vn -0.2832 -0.4534 0.8451
vn -0.4703 -0.3321 0.8176
vn -0.2887 -0.3768 0.8802
vn -0.3091 -0.2395 0.9204
vn -0.4092 -0.1011 0.9068
vn -0.0309 -0.3412 0.9395
vn -0.1084 -0.2498 0.9622
vn -0.0543 -0.2887 0.9559
vn 0.0930 -0.4927 0.8652
vn -0.1664 -0.3559 0.9196
vn -0.1289 -0.4260 0.8955
vn -0.1097 -0.3282 0.9382
vn -0.1537 -0.3015 0.9410
vn -0.1224 -0.4974 0.8589
vn 0.0660 -0.4055 0.9117
vn -0.1071 -0.5380 0.8361
vn -0.1770 -0.5119 0.8406
vn -0.2648 -0.6264 0.7332
vn 0.3709 -0.3200 0.8718
vn 0.0930 -0.2227 0.9705
vn -0.2096 -0.5102 0.8341
vn -0.4832 -0.5469 0.6837
vn -0.3308 -0.6995 0.6334
vn -0.6990 -0.6263 0.3452
vn -0.5312 -0.5618 0.6342
vn -0.1876 -0.3893 0.9018
vn -0.3663 -0.2106 0.9064
vn -0.5421 -0.1480 0.8272
vn -0.5267 -0.1222 0.8412
vn -0.3457 -0.0494 0.9370
vn -0.4276 -0.3523 0.8325
vn 0.0531 -0.4420 0.8954
vn -0.1498 -0.4145 0.8976
vn 0.1917 -0.3570 0.9142
vn -0.5517 -0.3518 0.7562
vn -0.6103 -0.1981 0.7670
vn -0.2235 -0.5008 0.8362
vn -0.3204 -0.4911 0.8101
vn -0.0643 -0.4457 0.8929
vn 0.6801 -0.3043 0.6669
vn 0.3299 -0.1533 0.9315
vn -0.1993 -0.7154 0.6697
vn -0.5961 -0.7199 0.3556
vn -0.4827 -0.4649 0.7423
vn -0.0894 -0.6867 0.7214
vn -0.2825 -0.4406 0.8521
vn -0.4315 -0.1871 0.8825
vn -0.3366 -0.3475 0.8752
vn -0.4637 -0.0553 0.8843
vn -0.4000 -0.0299 0.9160
vn -0.4123 -0.1176 0.9034
vn -0.3953 -0.3845 0.8342
vn -0.1598 -0.4088 0.8985
vn -0.4055 -0.3072 0.8609
vn -0.2873 -0.3447 0.8937
vn -0.2713 -0.3515 0.8960
vn -0.2168 -0.3902 0.8948
vn -0.1411 -0.3570 0.9234
vn -0.3393 -0.2440 0.9085
vn 0.1633 -0.5941 0.7877
vn -0.1185 -0.6139 0.7804
vn -0.4655 -0.3233 0.8239
vn -0.5576 -0.1129 0.8224
vn -0.1667 -0.5777 0.7991
vn -0.2546 -0.4694 0.8455
vn 0.6187 -0.0333 0.7849
vn 0.6627 -0.0465 0.7474
vn 0.3104 -0.3662 0.8772
vn -0.0547 -0.2133 0.9754
vn -0.4093 -0.6184 0.6708
vn -0.2096 -0.7611 0.6139
vn -0.4031 -0.5223 0.7515
vn -0.1950 -0.5300 0.8253
vn 0.0507 -0.6562 0.7528
vn -0.3859 -0.2768 0.8801
vn -0.3601 -0.2658 0.8943
vn -0.2866 -0.2615 0.9217
vn -0.0577 -0.2346 0.9704
vn 0.0133 -0.3295 0.9441
vn 0.2705 -0.3392 0.9010
vn -0.0669 -0.3687 0.9271
vn -0.2764 -0.5559 0.7839
vn -0.0928 -0.4012 0.9113
vn -0.1604 -0.1885 0.9689
vn -0.5781 -0.0913 0.8109
vn 0.3806 -0.2596 0.8876
vn 0.6687 -0.0518 0.7417
vn 0.7188 -0.0692 0.6918
vn 0.3662 -0.4679 0.8043
vn 0.1173 -0.1530 0.9812
vn -0.3676 -0.6794 0.6350
vn -0.5595 -0.7531 0.3461
vn -0.4956 -0.7770 0.3882
vn -0.3120 -0.5390 0.7824
vn -0.3055 -0.4038 0.8623
vn -0.2729 -0.3405 0.8998
vn -0.2462 -0.3427 0.9066
vn 0.1015 -0.3915 0.9146
vn -0.1757 -0.4755 0.8620
vn -0.0202 -0.4518 0.8919
vn -0.1208 -0.4584 0.8805
vn -0.0692 -0.3554 0.9321
vn -0.0619 -0.4193 0.9057
vn 0.1415 -0.4051 0.9033
vn 0.1727 -0.4525 0.8749
vn -0.3727 -0.5570 0.7422
vn -0.3105 0.1866 0.9321
vn -0.3974 0.1766 0.9005
vn -0.5858 -0.1934 0.7870
vn -0.4179 -0.3266 0.8478
vn -0.0658 -0.4445 0.8934
vn 0.3834 -0.3924 0.8361
vn 0.4722 -0.3624 0.8036
vn -0.3728 -0.6118 0.6977
vn -0.5290 -0.7984 0.2876
vn -0.6210 -0.6863 0.3787
vn 0.0246 -0.4990 0.8662
vn -0.3293 -0.4823 0.8117
vn -0.2628 -0.1783 0.9482
vn -0.6303 -0.2977 0.7170
vn -0.4818 -0.1490 0.8635
vn -0.4685 -0.0374 0.8826
vn -0.2275 -0.1310 0.9649
vn -0.3484 -0.4082 0.8438
vn -0.0804 -0.3453 0.9350
vn -0.0702 -0.3161 0.9461
vn 0.1023 -0.4212 0.9012
vn -0.2151 -0.4844 0.8480
vn -0.2493 -0.2892 0.9242
vn -0.1258 -0.4388 0.8897
vn -0.0265 -0.4414 0.8969
vn -0.2130 -0.4315 0.8766
vn -0.1832 -0.4563 0.8708
vn -0.1932 -0.5059 0.8407
vn -0.4200 -0.3203 0.8491
vn -0.3196 -0.3824 0.8670
vn -0.1849 -0.3680 0.9113
vn -0.5668 -0.1579 0.8086
vn -0.2652 -0.0152 0.9641
vn -0.2913 -0.4194 0.8598
vn -0.2303 -0.4389 0.8685
vn 0.4953 -0.2901 0.8189
vn 0.3741 -0.2017 0.9052
vn 0.3242 -0.6896 0.6476
vn 0.1890 -0.6822 0.7063
vn -0.1300 -0.8435 0.5212
vn -0.3623 -0.8004 0.4775
vn -0.1636 -0.8590 0.4851
vn -0.3691 -0.6385 0.6753
vn -0.6346 -0.0922 0.7673
vn -0.1328 -0.1831 0.9741
vn -0.3919 -0.0460 0.9188
vn -0.3244 -0.1020 0.9404
vn -0.2572 -0.4907 0.8325
vn -0.1874 -0.3722 0.9090
vn -0.1173 -0.3110 0.9431
vn 0.0371 -0.2094 0.9771
vn 0.6128 -0.5303 0.5860
vn 0.3195 -0.4460 0.8361
vn 0.0897 -0.5133 0.8535
vn -0.0768 -0.4800 0.8739
vn -0.0738 -0.5161 0.8534
vn -0.0789 -0.5058 0.8590
vn -0.1181 -0.3956 0.9108
vn -0.2802 -0.4222 0.8621
vn -0.5262 -0.1567 0.8358
vn -0.3935 -0.2917 0.8718
vn -0.6445 -0.0400 0.7636
vn -0.1404 -0.3426 0.9289
vn -0.1816 -0.3695 0.9113
vn 0.0977 -0.1685 0.9808
vn -0.1104 -0.7993 0.5907
vn 0.1815 -0.8702 0.4580
vn -0.5992 -0.7326 0.3227
vn -0.6823 -0.6137 0.3973
vn -0.4856 -0.2088 0.8489
vn -0.5036 0.0982 0.8584
vn -0.4901 -0.0090 0.8716
vn -0.0499 -0.2203 0.9742
vn -0.3717 -0.4029 0.8363
vn -0.3486 -0.4048 0.8453
vn -0.2538 -0.4689 0.8460
vn -0.1301 -0.4384 0.8893
vn -0.2118 -0.0576 0.9756
vn -0.2758 -0.0443 0.9602
vn -0.3902 0.0624 0.9186
vn -0.0046 -0.1493 0.9888
vn 0.6800 0.0457 0.7318
vn 0.5116 -0.6220 0.5928
vn -0.1206 -0.8344 0.5377
vn -0.0590 -0.9162 0.3964
vn -0.5650 -0.6897 0.4528
vn -0.1315 -0.1845 0.9740
vn -0.4224 -0.0806 0.9028
vn -0.5035 0.0066 0.8640
vn -0.1791 -0.3536 0.9181
vn -0.4202 -0.2807 0.8629
vn -0.0705 -0.3191 0.9451
vn 0.3255 -0.2803 0.9030
vn -0.0342 -0.6075 0.7936
vn 0.2130 -0.3367 0.9172
vn -0.1884 -0.4459 0.8750
vn -0.4221 -0.1203 0.8985
vn 0.2233 -0.0598 0.9729
vn -0.1459 -0.3932 0.9078
vn -0.2998 -0.4413 0.8458
vn -0.2080 -0.4964 0.8428
vn -0.0624 -0.4301 0.9006
vn 0.4947 -0.3593 0.7913
vn 0.4328 -0.3021 0.8494
vn 0.3103 -0.2734 0.9105
vn 0.3828 -0.1759 0.9069
vn 0.0933 -0.9583 0.2701
vn -0.3747 -0.8300 0.4132
vn -0.8030 -0.5110 0.3069
vn -0.6641 -0.6490 0.3712
vn -0.4289 -0.4638 0.7752
vn -0.2542 -0.5437 0.7998
vn -0.4483 -0.2419 0.8605
vn -0.4972 0.0076 0.8676
vn -0.4714 -0.0373 0.8812
vn -0.0215 -0.6294 0.7768
vn -0.4130 -0.4952 0.7643
vn -0.2768 -0.3563 0.8924
vn -0.1019 -0.4871 0.8674
vn 0.1944 -0.5439 0.8163
vn -0.3044 -0.3643 0.8801
vn -0.2149 -0.1780 0.9603
vn -0.2725 -0.1636 0.9482
vn -0.4771 0.2191 0.8511
vn -0.5540 0.1734 0.8143
vn -0.5312 0.1689 0.8302
vn -0.2517 -0.0141 0.9677
vn -0.1842 -0.5265 0.8300
vn 0.4092 -0.3898 0.8250
vn 0.6551 -0.2388 0.7168
vn 0.4627 -0.1847 0.8671
vn 0.6176 -0.2620 0.7415
vn 0.1704 -0.8821 0.4392
vn -0.6581 -0.5393 0.5255
vn -0.6652 -0.6477 0.3714
vn -0.3097 -0.4627 0.8306
vn -0.4658 -0.1803 0.8663
vn -0.5020 0.0638 0.8625
vn -0.4881 -0.0052 0.8728
vn 0.1053 -0.3738 0.9215
vn -0.4527 -0.3799 0.8067
vn -0.1865 -0.3755 0.9079
vn -0.1201 -0.4275 0.8960
vn -0.1291 -0.6152 0.7778
vn -0.2256 -0.5201 0.8238
vn -0.1184 -0.4230 0.8984
vn -0.2181 -0.1910 0.9571
vn -0.4322 -0.1084 0.8953
vn -0.5323 0.1543 0.8324
vn -0.5119 0.2307 0.8275
vn -0.5346 0.2086 0.8189
vn -0.2151 -0.5127 0.8312
vn 0.2409 -0.5619 0.7914
vn 0.3673 -0.2752 0.8884
vn 0.4482 -0.3209 0.8343
vn 0.8892 -0.0577 0.4539
vn -0.1443 -0.5670 0.8110
vn -0.1421 -0.5693 0.8098
vn -0.4057 -0.5375 0.7392
vn -0.8658 -0.2317 0.4435
vn -0.8102 -0.2548 0.5279
vn -0.6013 -0.6992 0.3868
vn -0.6900 -0.6111 0.3878
vn -0.5754 -0.1487 0.8042
vn -0.4851 0.0125 0.8744
vn -0.3766 -0.0735 0.9234
vn -0.3854 -0.0442 0.9217
vn -0.0682 -0.3319 0.9409
vn -0.0386 -0.4640 0.8850
vn -0.5727 -0.0583 0.8177
vn -0.0190 -0.1403 0.9899
vn -0.0505 -0.1652 0.9850
vn 0.4178 -0.2502 0.8734
vn 0.4336 -0.3322 0.8376
vn 0.5602 -0.3472 0.7521
vn 0.3997 0.4303 0.8093
vn -0.4930 -0.3944 0.7755
vn -0.7577 -0.3759 0.5334
vn -0.7633 -0.3768 0.5249
vn -0.4452 -0.8455 0.2947
vn -0.5311 -0.0823 0.8433
vn -0.6163 0.0019 0.7875
vn -0.1565 -0.4542 0.8771
vn 0.1071 -0.4882 0.8661
vn -0.5141 -0.3282 0.7925
vn -0.4391 -0.3232 0.8383
vn -0.2676 -0.3680 0.8905
vn -0.2249 -0.2786 0.9337
vn 0.3698 -0.2677 0.8897
vn 0.1809 -0.1892 0.9651
vn -0.0465 -0.4858 0.8728
vn -0.2458 -0.4774 0.8436
vn -0.1282 -0.5382 0.8330
vn 0.0294 -0.4087 0.9122
vn 0.0729 -0.4002 0.9135
vn -0.4968 -0.0351 0.8671
vn -0.3427 -0.1138 0.9325
vn -0.0355 -0.1750 0.9839
vn 0.3082 -0.0847 0.9476
vn 0.5788 -0.1026 0.8090
vn 0.4832 -0.2697 0.8330
vn 0.5117 -0.4270 0.7455
vn -0.3976 -0.5474 0.7364
vn -0.1489 -0.6949 0.7036
vn -0.4860 -0.3961 0.7790
vn -0.6878 -0.5944 0.4167
vn -0.6587 -0.6197 0.4268
vn -0.4475 0.0582 0.8924
vn -0.4950 0.0475 0.8676
vn -0.2592 -0.2416 0.9351
vn -0.0483 -0.2924 0.9551
vn 0.0446 -0.4048 0.9133
vn -0.1846 -0.3157 0.9307
vn 0.0869 -0.4073 0.9091
vn 0.3150 -0.3499 0.8822
vn 0.2243 -0.3101 0.9239
vn 0.4010 -0.2924 0.8681
vn -0.1030 -0.3557 0.9289
vn -0.2096 -0.3620 0.9083
vn -0.0544 -0.3745 0.9256
vn 0.1493 -0.2615 0.9536
vn -0.0323 -0.2835 0.9584
vn -0.4780 -0.1897 0.8577
vn -0.3641 -0.1289 0.9224
vn -0.2606 -0.1928 0.9460
vn -0.5075 -0.1813 0.8424
vn -0.4648 0.0535 0.8838
vn -0.5961 -0.0492 0.8014
vn 0.3032 0.2144 0.9285
vn 0.0108 0.0246 0.9996
vn -0.0366 -0.0431 0.9984
vn -0.0062 -0.0975 0.9952
vn -0.2808 -0.2507 0.9264
vn 0.4055 -0.1689 0.8984
vn 0.3946 -0.1777 0.9015
vn 0.5313 -0.2187 0.8185
vn 0.5830 -0.0210 0.8122
vn 0.5813 0.0762 0.8101
vn -0.7691 -0.5091 0.3863
vn -0.5895 -0.6115 0.5277
vn -0.6614 -0.5619 0.4968
vn -0.5885 -0.6810 0.4358
vn -0.5056 0.0619 0.8606
vn 0.0085 -0.4852 0.8743
vn -0.1332 -0.3394 0.9312
vn -0.1140 -0.3498 0.9299
vn -0.2013 -0.3550 0.9129
vn 0.1891 -0.2051 0.9603
vn -0.0637 -0.3394 0.9385
vn -0.3148 -0.3508 0.8819
vn 0.0022 -0.2427 0.9701
vn -0.5900 0.0301 0.8069
vn -0.3406 -0.1598 0.9265
vn 0.6182 0.0161 0.7858
vn 0.5853 0.0720 0.8076
vn 0.3357 0.0613 0.9400
vn -0.2233 -0.1298 0.9661
vn -0.4812 -0.4129 0.7733
vn -0.4442 -0.4634 0.7668
vn -0.6286 -0.7060 0.3262
vn -0.6817 -0.6612 0.3131
vn -0.6673 -0.5886 0.4564
vn -0.7754 -0.4777 0.4130
vn -0.6037 -0.1146 0.7889
vn -0.4714 -0.2746 0.8381
vn -0.2691 -0.3862 0.8823
vn -0.0336 -0.5046 0.8627
vn -0.2784 -0.4774 0.8334
vn 0.0531 -0.2790 0.9588
vn -0.5485 -0.1901 0.8142
vn 0.3199 -0.0026 0.9474
vn -0.2817 -0.2499 0.9264
vn -0.1556 -0.3099 0.9379
vn 0.4665 0.0926 0.8797
vn 0.4835 -0.0222 0.8751
vn 0.4775 -0.0183 0.8784
vn 0.5880 0.0741 0.8055
vn 0.2516 0.1116 0.9614
vn -0.0964 -0.1250 0.9875
vn -0.4408 -0.4869 0.7541
vn -0.7761 -0.3285 0.5384
vn -0.6709 -0.3802 0.6367
vn -0.9336 0.0805 0.3492
vn -0.5599 -0.0508 0.8270
vn -0.4646 -0.0876 0.8812
vn 0.0149 -0.4756 0.8795
vn -0.0093 -0.4786 0.8780
vn 0.0129 -0.4731 0.8809
vn -0.3734 0.0294 0.9272
vn -0.1803 -0.1385 0.9738
vn 0.0896 -0.2706 0.9585
vn 0.3657 -0.1295 0.9217
vn 0.0489 -0.0825 0.9954
vn -0.1654 -0.1882 0.9681
vn -0.1051 -0.2890 0.9515
vn -0.4809 -0.2430 0.8424
vn -0.5476 -0.1366 0.8255
vn -0.5701 -0.0983 0.8157
vn 0.0152 0.0239 0.9996
vn 0.3313 0.1723 0.9277
vn -0.3264 -0.4428 0.8351
vn -0.5433 -0.4258 0.7236
vn -0.7807 -0.4122 0.4697
vn -0.8708 -0.0900 0.4833
vn -0.5522 -0.1461 0.8208
vn -0.1770 -0.4063 0.8964
vn -0.3498 -0.4243 0.8352
vn -0.2450 -0.4207 0.8735
vn 0.0713 -0.2560 0.9640
vn 0.2739 -0.1988 0.9410
vn 0.0380 -0.0668 0.9970
vn -0.1248 -0.0882 0.9883
vn 0.0076 -0.2333 0.9724
vn -0.2440 -0.2506 0.9368
vn -0.0558 -0.4170 0.9072
vn 0.0482 -0.4850 0.8732
vn -0.0013 -0.4435 0.8963
vn 0.0184 -0.3045 0.9524
vn -0.2692 -0.2376 0.9333
vn -0.5191 -0.1640 0.8389
vn -0.4143 -0.2606 0.8720
vn -0.3531 -0.1736 0.9193
vn 0.1074 0.2908 0.9507
vn 0.4022 0.0133 0.9155
vn -0.6678 -0.2033 0.7160
vn -0.6720 -0.4917 0.5538
vn -0.7902 0.0347 0.6119
vn -0.7244 -0.0625 0.6865
vn -0.9385 0.0479 0.3419
vn -0.4903 -0.1519 0.8582
vn -0.4752 -0.1715 0.8630
vn -0.2193 -0.3348 0.9164
vn -0.5319 -0.3295 0.7801
vn -0.3025 -0.4117 0.8597
vn -0.0364 -0.2781 0.9599
vn 0.0572 -0.0780 0.9953
vn -0.4060 -0.4475 0.7968
vn -0.1990 -0.4765 0.8563
vn -0.3780 -0.4339 0.8178
vn -0.6041 -0.1641 0.7799
vn 0.2278 -0.0541 0.9722
vn 0.1782 -0.0955 0.9794
vn 0.4472 0.0230 0.8942
vn 0.5604 -0.0051 0.8282
vn 0.5440 0.0390 0.8382
vn -0.5204 0.0973 0.8484
vn -0.7150 -0.5055 0.4830
vn -0.8280 -0.4176 0.3742
vn -0.5277 -0.4479 0.7217
vn -0.3451 -0.1884 0.9195
vn -0.2299 -0.4314 0.8724
vn -0.4297 -0.3553 0.8301
vn -0.2319 -0.3843 0.8936
vn -0.4314 -0.2952 0.8525
vn -0.3018 -0.2938 0.9070
vn -0.0844 -0.1245 0.9886
vn -0.0202 -0.4786 0.8778
vn 0.0236 -0.4713 0.8817
vn -0.0093 -0.5229 0.8523
vn -0.2677 -0.5213 0.8103
vn -0.5543 -0.0884 0.8276
vn -0.4161 0.0967 0.9042
vn 0.1790 0.0243 0.9836
vn -0.2195 -0.1879 0.9573
vn 0.1732 0.0094 0.9848
vn 0.4546 0.0631 0.8885
vn 0.4859 0.1322 0.8640
vn 0.5366 0.1003 0.8378
vn 0.6357 0.0945 0.7661
vn 0.5879 0.0769 0.8053
vn 0.2644 0.0269 0.9640
vn -0.1363 -0.2449 0.9599
vn -0.6470 0.3882 0.6563
vn -0.7986 -0.0015 0.6019
vn -0.9544 0.1775 0.2400
vn -0.8970 -0.1897 0.3992
vn -0.8362 -0.3538 0.4190
vn -0.5658 -0.2252 0.7932
vn -0.4286 -0.2690 0.8625
vn -0.2275 -0.4047 0.8857
vn -0.4491 -0.4031 0.7974
vn -0.4272 -0.3343 0.8401
vn 0.3127 -0.2313 0.9213
vn 0.2690 -0.2464 0.9311
vn -0.2133 -0.1868 0.9590
vn -0.2161 -0.3511 0.9111
vn 0.0990 -0.4678 0.8783
vn -0.1600 -0.3153 0.9354
vn -0.6134 -0.0160 0.7896
vn 0.0966 0.0239 0.9950
vn 0.0192 0.0710 0.9973
vn 0.5034 -0.1047 0.8577
vn 0.6366 0.2696 0.7225
vn -0.4093 -0.4039 0.8181
vn -0.3869 -0.4206 0.8206
vn -0.3701 -0.4196 0.8288
vn -0.6913 -0.3971 0.6036
vn -0.8454 -0.2282 0.4830
vn -0.9203 0.0389 0.3892
vn -0.7168 -0.0907 0.6914
vn -0.8513 -0.1466 0.5037
vn -0.2205 -0.4417 0.8696
vn 0.0703 -0.2810 0.9571
vn 0.0641 0.0263 0.9976
vn -0.0356 -0.1579 0.9868
vn -0.1581 -0.3157 0.9356
vn -0.2606 -0.1488 0.9539
vn -0.2682 -0.1498 0.9516
vn -0.2911 0.0975 0.9517
vn -0.4365 -0.0978 0.8944
vn 0.1381 -0.0786 0.9873
vn -0.2099 -0.1440 0.9671
vn 0.1574 -0.1222 0.9800
vn 0.3662 0.1582 0.9170
vn 0.4956 -0.2684 0.8260
vn 0.4653 -0.0540 0.8835
vn 0.2470 0.0338 0.9684
vn -0.4346 -0.3847 0.8143
vn -0.6853 -0.2547 0.6823
vn 0.0213 -0.4845 0.8746
vn 0.0958 -0.2961 0.9503
vn -0.3133 -0.2663 0.9116
vn -0.4257 -0.2869 0.8582
vn -0.4541 -0.2627 0.8514
vn -0.3196 -0.2716 0.9078
vn -0.2207 -0.3301 0.9178
vn -0.0325 -0.2558 0.9662
vn 0.2142 -0.4065 0.8882
vn 0.0185 -0.4648 0.8852
vn -0.5089 -0.1634 0.8452
vn -0.5462 -0.2194 0.8084
vn -0.6236 -0.1173 0.7729
vn -0.0932 -0.4303 0.8978
vn 0.4749 -0.3163 0.8213
vn 0.6004 0.3367 0.7254
vn 0.2515 0.0274 0.9675
vn -0.8577 -0.1086 0.5026
vn -0.7336 -0.1547 0.6617
vn -0.7306 -0.4182 0.5398
vn -0.8264 -0.3329 0.4541
vn -0.6995 -0.3205 0.6387
vn -0.3783 -0.2726 0.8846
vn -0.2676 -0.2988 0.9160
vn 0.0450 -0.4508 0.8915
vn -0.1324 -0.4730 0.8710
vn -0.3768 -0.3879 0.8412
vn -0.2289 -0.4502 0.8631
vn -0.3848 -0.3090 0.8698
vn 0.1819 -0.4109 0.8934
vn 0.0649 -0.0711 0.9954
vn -0.0282 -0.0804 0.9964
vn -0.1315 -0.3150 0.9399
vn -0.1725 -0.4829 0.8585
vn -0.2168 -0.2236 0.9503
vn -0.5910 0.0535 0.8049
vn -0.2405 0.1334 0.9614
vn -0.5202 -0.1521 0.8404
vn -0.0635 -0.4241 0.9034
vn 0.3069 -0.1608 0.9381
vn 0.6363 0.0938 0.7658
vn -0.3953 -0.2468 0.8848
vn -0.8486 -0.2192 0.4814
vn -0.4281 -0.2865 0.8571
vn -0.3840 -0.3124 0.8689
vn -0.5480 -0.1887 0.8149
vn 0.1818 -0.4140 0.8920
vn 0.0733 -0.2034 0.9764
vn -0.3472 -0.3421 0.8732
vn -0.5928 -0.1158 0.7970
vn -0.7186 -0.1656 0.6754
vn -0.5045 -0.1496 0.8503
vn -0.5344 0.1226 0.8363
vn -0.5550 0.1413 0.8197
vn 0.1789 0.0776 0.9808
vn 0.1286 0.3297 0.9353
vn -0.1164 -0.4070 0.9060
vn 0.6650 0.2508 0.7035
vn 0.3085 0.0614 0.9493
vn 0.2922 -0.3151 0.9030
vn -0.8402 -0.2773 0.4660
vn -0.9424 -0.0937 0.3210
vn -0.4644 -0.2939 0.8354
vn -0.2971 -0.3386 0.8928
vn 0.0452 -0.4525 0.8906
vn -0.1657 -0.3934 0.9043
vn -0.1808 -0.3748 0.9093
vn -0.3365 -0.3981 0.8534
vn -0.5446 -0.1848 0.8181
vn -0.2486 -0.1256 0.9604
vn 0.1177 -0.2886 0.9502
vn 0.0147 -0.1466 0.9891
vn -0.0188 -0.1430 0.9896
vn -0.0321 -0.1882 0.9816
vn -0.1099 -0.0794 0.9908
vn 0.1222 -0.1932 0.9735
vn -0.0082 -0.3756 0.9267
vn -0.5449 0.0374 0.8377
vn -0.5570 0.0513 0.8289
vn 0.1768 0.0787 0.9811
vn 0.4844 -0.3316 0.8096
vn 0.6911 0.1517 0.7067
vn -0.4428 -0.2779 0.8525
vn -0.5789 -0.2468 0.7771
vn -0.9483 0.0027 0.3175
vn -0.7942 0.0638 0.6043
vn -0.6306 -0.2988 0.7163
vn -0.3975 -0.2702 0.8769
vn 0.0528 -0.4286 0.9020
vn -0.3907 -0.3276 0.8603
vn -0.2402 -0.4346 0.8680
vn -0.0574 -0.3562 0.9326
vn 0.2735 -0.5564 0.7846
vn -0.0174 -0.3896 0.9208
vn -0.0353 -0.1778 0.9834
vn -0.1307 -0.1466 0.9805
vn -0.3434 -0.3541 0.8699
vn -0.2495 -0.3773 0.8918
vn -0.3191 -0.3735 0.8710
vn -0.5050 -0.1455 0.8508
vn -0.5758 0.0554 0.8157
vn 0.3270 -0.0185 0.9448
vn 0.1075 -0.2271 0.9679
vn 0.6683 -0.2093 0.7138
vn 0.6279 0.0320 0.7776
vn 0.4651 -0.0443 0.8841
vn 0.5095 -0.1189 0.8522
vn 0.0993 -0.1268 0.9869
vn -0.3245 -0.3181 0.8908
vn -0.3990 -0.3237 0.8579
vn -0.9418 0.0493 0.3325
vn -0.6051 -0.3603 0.7100
vn -0.7606 -0.0865 0.6434
vn -0.4576 -0.2563 0.8514
vn -0.2872 -0.3557 0.8894
vn -0.3446 -0.3527 0.8700
vn -0.0207 -0.6069 0.7945
vn -0.2700 -0.2103 0.9396
vn -0.3185 -0.3717 0.8720
vn -0.5940 -0.1189 0.7956
vn -0.5568 0.0287 0.8302
vn -0.5846 0.0725 0.8081
vn -0.5396 0.1119 0.8345
vn 0.1475 0.0553 0.9875
vn -0.1739 0.2288 0.9578
vn -0.9146 0.0575 0.4003
vn -0.7579 -0.1490 0.6351
vn -0.8559 -0.1797 0.4850
vn -0.8625 -0.1734 0.4753
vn -0.6255 -0.2504 0.7389
vn -0.4820 -0.2735 0.8324
vn -0.3977 -0.2779 0.8744
vn -0.2316 -0.2831 0.9307
vn 0.0251 -0.3812 0.9242
vn -0.3979 -0.3173 0.8608
vn -0.4532 -0.3478 0.8208
vn -0.3214 -0.3363 0.8852
vn 0.1165 -0.2884 0.9504
vn -0.0407 -0.2773 0.9599
vn -0.0044 -0.2616 0.9652
vn -0.1233 -0.1448 0.9817
vn 0.0348 -0.1218 0.9920
vn -0.0185 -0.1445 0.9893
vn -0.0577 -0.2886 0.9557
vn 0.1342 -0.2409 0.9612
vn 0.0147 -0.2545 0.9670
vn -0.5572 0.0310 0.8298
vn -0.5692 0.2405 0.7862
vn 0.1728 0.0628 0.9830
vn 0.0993 0.1531 0.9832
vn -0.0633 -0.3556 0.9325
vn -0.0147 -0.4629 0.8863
vn 0.4815 -0.1922 0.8551
vn 0.1045 -0.1437 0.9841
vn -0.8203 0.3370 0.4620
vn -0.6673 -0.2028 0.7167
vn -0.5219 -0.2147 0.8255
vn -0.1806 -0.3681 0.9121
vn -0.3221 -0.2705 0.9072
vn 0.1918 -0.2254 0.9552
vn 0.2059 -0.2456 0.9473
vn 0.0210 -0.2493 0.9682
vn -0.4986 -0.1396 0.8555
vn -0.6867 -0.0066 0.7269
vn -0.5556 0.0286 0.8310
vn -0.5512 0.0719 0.8313
vn 0.2260 -0.1281 0.9657
vn 0.1655 0.0102 0.9862
vn 0.1853 -0.4689 0.8636
vn 0.2012 -0.4662 0.8615
vn 0.3036 -0.5010 0.8104
vn 0.0886 -0.2209 0.9713
vn -0.3922 -0.3692 0.8425
vn -0.9278 -0.1469 0.3431
vn -0.6949 -0.5800 0.4251
vn -0.5784 -0.0209 0.8155
vn -0.7458 -0.0135 0.6660
vn -0.3528 -0.3381 0.8725
vn -0.3278 -0.3581 0.8742
vn -0.1957 -0.3950 0.8976
vn -0.4343 -0.1855 0.8814
vn 0.2613 -0.5116 0.8185
vn -0.1800 -0.3141 0.9322
vn -0.0177 -0.1453 0.9892
vn 0.1572 -0.2038 0.9663
vn -0.2452 -0.2620 0.9334
vn -0.6309 0.2169 0.7450
vn -0.5842 0.0603 0.8094
vn -0.3638 -0.2984 0.8824
vn 0.3852 -0.3656 0.8473
vn 0.3021 -0.3537 0.8853
vn 0.0450 -0.3280 0.9436
vn 0.4772 -0.1999 0.8558
vn 0.4741 -0.1987 0.8578
vn -0.7308 0.0686 0.6792
vn -0.8614 0.2012 0.4664
vn -0.8834 0.2602 0.3896
vn -0.7662 0.1345 0.6284
vn -0.6595 -0.5226 0.5404
vn -0.7079 -0.4968 0.5021
vn -0.4236 -0.2437 0.8724
vn -0.1136 -0.3166 0.9417
vn -0.2425 -0.4212 0.8739
vn -0.2151 -0.3643 0.9061
vn 0.0103 -0.0856 0.9963
vn -0.0006 -0.2664 0.9639
vn 0.0033 -0.3279 0.9447
vn -0.2367 -0.2636 0.9352
vn -0.5601 0.0788 0.8247
vn -0.6405 0.4820 0.5978
vn -0.5128 0.1532 0.8447
vn -0.5539 0.1452 0.8198
vn 0.5148 -0.2285 0.8263
vn 0.5152 -0.2281 0.8261
vn 0.1887 -0.2676 0.9449
vn -0.8835 -0.1468 0.4448
vn -0.7542 -0.3959 0.5238
vn -0.2921 -0.3376 0.8948
vn -0.1159 -0.2969 0.9478
vn 0.0076 -0.2701 0.9628
vn 0.2696 -0.2963 0.9163
vn -0.0252 -0.5521 0.8334
vn -0.4021 -0.0504 0.9142
vn -0.4630 -0.0513 0.8849
vn -0.6871 0.0005 0.7265
vn -0.4482 0.2188 0.8667
vn -0.6436 0.1681 0.7467
vn 0.1576 -0.0363 0.9868
vn 0.0858 -0.0192 0.9961
vn 0.3027 -0.4994 0.8118
vn 0.6691 -0.2120 0.7123
vn -0.7384 -0.2130 0.6398
vn -0.8782 -0.2506 0.4074
vn -0.8203 -0.1961 0.5373
vn -0.6375 -0.4788 0.6036
vn -0.5217 -0.5801 0.6256
vn -0.6330 -0.5052 0.5866
vn -0.4093 -0.4634 0.7860
vn -0.5865 -0.4013 0.7035
vn -0.5000 -0.3764 0.7799
vn -0.1216 -0.3437 0.9312
vn -0.2887 -0.3278 0.8996
vn -0.4238 -0.2037 0.8825
vn -0.4126 -0.2113 0.8860
vn -0.4208 -0.2149 0.8813
vn -0.2488 -0.1665 0.9541
vn 0.0821 -0.3780 0.9222
vn 0.2901 -0.3924 0.8729
vn 0.2848 -0.3834 0.8786
vn -0.2409 -0.1477 0.9592
vn -0.1851 -0.3227 0.9282
vn 0.0194 -0.3846 0.9229
vn 0.0095 -0.3862 0.9224
vn -0.1565 -0.2548 0.9542
vn 0.2204 -0.4210 0.8799
vn -0.1470 -0.4825 0.8635
vn -0.2919 -0.4927 0.8198
vn -0.6390 -0.0293 0.7687
vn -0.5055 0.0121 0.8628
vn -0.4109 -0.2923 0.8635
vn -0.3687 -0.3209 0.8724
vn 0.2290 -0.1082 0.9674
vn 0.4004 -0.1407 0.9055
vn 0.3916 -0.1367 0.9099
vn 0.3436 -0.0253 0.9388
vn -0.7174 0.0108 0.6965
vn -0.8999 -0.0833 0.4282
vn -0.6369 -0.3466 0.6887
vn -0.8850 -0.1607 0.4371
vn -0.4612 -0.5567 0.6909
vn -0.5667 -0.6457 0.5119
vn -0.6295 -0.6218 0.4660
vn -0.1822 -0.3553 0.9168
vn -0.3741 -0.2223 0.9004
vn -0.5532 -0.2290 0.8010
vn -0.4332 -0.1863 0.8819
vn 0.0355 -0.3211 0.9464
vn 0.0249 -0.2301 0.9728
vn -0.0733 -0.3628 0.9290
vn -0.0206 -0.3761 0.9263
vn -0.1785 -0.4332 0.8835
vn -0.6640 0.1367 0.7351
vn -0.5770 0.0116 0.8167
vn -0.5670 0.0416 0.8227
vn 0.1695 -0.1054 0.9799
vn 0.3146 -0.3225 0.8928
vn 0.1842 -0.4799 0.8577
vn 0.5090 -0.3432 0.7894
vn 0.5852 -0.1113 0.8032
vn -0.7530 -0.0538 0.6558
vn -0.8835 -0.0146 0.4682
vn -0.8096 -0.3104 0.4982
vn 0.0189 -0.3415 0.9397
vn -0.0160 -0.3167 0.9484
vn -0.1585 -0.3188 0.9345
vn -0.3690 -0.2414 0.8975
vn -0.0539 -0.3420 0.9381
vn -0.1760 -0.4176 0.8914
vn -0.5025 -0.2593 0.8248
vn -0.4975 -0.2608 0.8273
vn -0.4353 -0.2835 0.8545
vn -0.3998 -0.3831 0.8327
vn -0.2903 -0.5000 0.8159
vn 0.2389 -0.3213 0.9163
vn 0.3981 -0.1500 0.9050
vn 0.3465 -0.1579 0.9247
vn 0.4779 -0.4061 0.7789
vn 0.4168 -0.1353 0.8989
vn 0.0613 0.0632 0.9961
vn -0.6376 -0.3397 0.6914
vn -0.5500 -0.6206 0.5589
vn -0.2428 -0.4471 0.8609
vn -0.4041 -0.2704 0.8738
vn -0.1394 -0.3302 0.9336
vn 0.0352 -0.3799 0.9244
vn 0.0401 -0.3849 0.9221
vn 0.0037 -0.3349 0.9423
vn -0.4353 -0.2073 0.8761
vn -0.5365 0.0639 0.8415
vn -0.5826 0.1722 0.7943
vn -0.6874 0.1408 0.7125
vn -0.3367 -0.3559 0.8718
vn -0.1890 -0.5123 0.8377
vn -0.2652 -0.5191 0.8126
vn 0.2542 0.0054 0.9671
vn 0.1624 -0.0457 0.9857
vn 0.3602 0.1533 0.9202
vn 0.3054 -0.5006 0.8101
vn 0.2079 -0.0713 0.9756
vn -0.8813 0.0973 0.4624
vn -0.5061 -0.7603 0.4071
vn -0.6636 -0.6632 0.3462
vn -0.4076 -0.8309 0.3787
vn -0.2366 -0.9173 0.3201
vn -0.5212 -0.6390 0.5658
vn -0.5371 -0.5645 0.6268
vn -0.6332 -0.5112 0.5812
vn -0.4482 -0.4286 0.7845
vn -0.4528 -0.3182 0.8329
vn -0.3914 -0.2801 0.8765
vn 0.0103 -0.3628 0.9318
vn -0.0530 -0.3408 0.9386
vn -0.0086 -0.4713 0.8819
vn -0.0158 -0.4740 0.8804
vn 0.1045 -0.2852 0.9527
vn -0.1182 -0.3040 0.9453
vn 0.0279 -0.3513 0.9359
vn 0.2684 -0.3004 0.9153
vn -0.0148 -0.3430 0.9392
vn -0.6279 0.0418 0.7772
vn -0.6810 0.1418 0.7184
vn -0.7222 0.0816 0.6868
vn -0.5485 -0.0817 0.8321
vn 0.1903 -0.0726 0.9790
vn 0.4876 0.2098 0.8475
vn 0.3961 -0.2510 0.8832
vn 0.4002 -0.2513 0.8813
vn 0.5221 -0.0552 0.8511
vn 0.3427 -0.0247 0.9391
vn 0.0221 -0.0062 0.9997
vn -0.7761 0.1892 0.6015
vn -0.8296 0.2529 0.4978
vn -0.5123 -0.5903 0.6238
vn -0.3424 -0.6324 0.6949
vn -0.1890 -0.9290 0.3181
vn -0.5603 -0.7285 0.3942
vn -0.6304 -0.6752 0.3831
vn -0.7328 -0.5066 0.4542
vn -0.7068 -0.5285 0.4702
vn -0.0172 -0.2847 0.9585
vn 0.0690 -0.2781 0.9581
vn -0.0688 -0.3352 0.9396
vn -0.1131 -0.3487 0.9304
vn -0.0559 -0.3551 0.9331
vn -0.6417 -0.0085 0.7669
vn -0.4962 0.1056 0.8618
vn -0.5784 -0.0381 0.8149
vn -0.3717 -0.3121 0.8743
vn 0.1663 -0.0699 0.9836
vn 0.2027 0.0658 0.9770
vn 0.4736 -0.0461 0.8796
vn 0.4868 -0.0701 0.8707
vn 0.4460 -0.3954 0.8029
vn 0.3295 -0.4328 0.8391
vn -0.1113 -0.3897 0.9142
vn -0.2048 0.3514 0.9136
vn -0.5507 -0.4186 0.7222
vn -0.6090 -0.5376 0.5832
vn -0.0295 -0.3137 0.9491
vn -0.1491 -0.2611 0.9537
vn -0.3084 -0.3060 0.9007
vn -0.4192 -0.3566 0.8350
vn -0.4257 -0.3385 0.8392
vn -0.3940 -0.3354 0.8558
vn -0.2292 -0.3968 0.8888
vn 0.1612 -0.5059 0.8474
vn -0.0440 -0.3983 0.9162
vn -0.1367 -0.3671 0.9201
vn -0.0350 -0.3764 0.9258
vn 0.1537 -0.3757 0.9139
vn -0.2278 -0.2666 0.9365
vn -0.4063 -0.3162 0.8573
vn -0.6056 -0.0185 0.7956
vn -0.4383 -0.3689 0.8197
vn -0.1832 -0.5193 0.8347
vn -0.3498 -0.5085 0.7868
vn 0.2511 -0.0103 0.9679
vn 0.5174 0.1711 0.8385
vn 0.2591 0.0898 0.9617
vn -0.2098 -0.5021 0.8390
vn -0.7991 0.4720 0.3725
vn -0.4109 -0.2281 0.8827
vn -0.3821 -0.2382 0.8929
vn -0.6513 -0.4174 0.6338
vn -0.8136 -0.3889 0.4323
vn -0.6343 -0.5169 0.5749
vn -0.6744 -0.4573 0.5797
vn -0.2482 -0.4345 0.8658
vn -0.1102 -0.3393 0.9342
vn -0.4181 -0.3654 0.8317
vn -0.3791 -0.4562 0.8051
vn -0.0692 -0.5066 0.8594
vn 0.2545 -0.4476 0.8572
vn -0.0165 -0.4473 0.8942
vn 0.0783 -0.3006 0.9505
vn -0.6616 0.1364 0.7374
vn -0.5742 -0.1022 0.8123
vn -0.5576 -0.1049 0.8234
vn -0.4603 -0.3037 0.8342
vn -0.3897 -0.4623 0.7965
vn -0.1870 -0.5340 0.8245
vn -0.3726 -0.3509 0.8591
vn 0.2268 0.0067 0.9739
vn 0.4423 0.0332 0.8963
vn 0.2974 -0.0023 0.9548
vn 0.4799 -0.0213 0.8771
vn 0.3728 -0.1030 0.9222
vn -0.2135 -0.1826 0.9597
vn 0.1026 -0.2862 0.9527
vn -0.8368 0.4169 0.3549
vn -0.4544 -0.4589 0.7635
vn -0.6971 -0.5532 0.4560
vn -0.3016 -0.3967 0.8670
vn -0.2673 -0.2684 0.9255
vn -0.3073 -0.2723 0.9118
vn -0.1888 -0.3472 0.9186
vn -0.4602 -0.3880 0.7985
vn 0.1581 -0.5051 0.8485
vn 0.1262 -0.5072 0.8526
vn -0.1404 -0.3496 0.9263
vn -0.1540 -0.2807 0.9474
vn 0.0627 -0.4282 0.9015
vn -0.5438 0.0119 0.8391
vn -0.6856 0.0196 0.7277
vn -0.3801 -0.3633 0.8506
vn -0.3998 -0.3952 0.8270
vn -0.5004 0.2294 0.8349
vn -0.2844 -0.0778 0.9556
vn 0.2530 -0.0326 0.9669
vn 0.4185 0.0155 0.9081
vn -0.7833 -0.2817 0.5541
vn -0.4154 -0.2547 0.8733
vn -0.1874 -0.6729 0.7156
vn -0.2972 -0.6722 0.6781
vn -0.5444 -0.5591 0.6254
vn -0.4756 -0.5946 0.6483
vn -0.8048 -0.4238 0.4155
vn -0.6904 -0.4321 0.5802
vn -0.6442 -0.4676 0.6053
vn -0.2769 -0.2041 0.9390
vn -0.4110 -0.3732 0.8317
vn -0.2370 -0.4122 0.8797
vn -0.0690 -0.4633 0.8835
vn -0.1410 -0.2831 0.9487
vn -0.0421 -0.3896 0.9200
vn 0.0126 -0.2707 0.9626
vn -0.5596 0.1912 0.8064
vn -0.3148 -0.5588 0.7673
vn -0.2060 -0.3924 0.8964
vn 0.2010 -0.1161 0.9727
vn 0.3563 -0.1322 0.9250
vn 0.6768 0.0120 0.7361
vn 0.4596 -0.2325 0.8571
vn -0.7642 0.1892 0.6166
vn -0.7713 -0.3978 0.4969
vn -0.5698 -0.3553 0.7410
vn -0.6617 -0.5664 0.4912
vn -0.3889 -0.5541 0.7360
vn 0.0145 -0.4876 0.8729
vn -0.0790 -0.3967 0.9145
vn 0.0050 -0.5048 0.8632
vn 0.0677 -0.5819 0.8104
vn -0.4879 -0.2247 0.8435
vn -0.6950 0.0911 0.7133
vn -0.4775 -0.3140 0.8206
vn -0.5788 -0.0371 0.8146
vn 0.2134 -0.0555 0.9754
vn 0.3845 -0.2383 0.8919
vn 0.0911 -0.2661 0.9596
vn -0.6873 0.2255 0.6905
vn -0.1643 -0.5007 0.8499
vn -0.1143 -0.5016 0.8575
vn -0.5674 -0.5237 0.6355
vn -0.4698 -0.5525 0.6886
vn -0.7807 -0.4615 0.4213
vn -0.4630 -0.4086 0.7866
vn -0.5256 -0.6151 0.5877
vn -0.6788 -0.5398 0.4979
vn -0.6275 -0.5965 0.5004
vn 0.0489 -0.4027 0.9140
vn -0.1323 -0.3545 0.9257
vn -0.2759 -0.1144 0.9544
vn -0.0921 -0.6124 0.7851
vn 0.0022 -0.6687 0.7436
vn 0.1236 -0.3142 0.9413
vn 0.0396 -0.3106 0.9497
vn 0.0556 -0.1819 0.9817
vn 0.0312 -0.5343 0.8447
vn 0.0967 -0.4892 0.8668
vn 0.2762 -0.4897 0.8270
vn -0.4129 -0.2007 0.8884
vn -0.1763 -0.5115 0.8410
vn -0.2140 -0.5040 0.8368
vn -0.3355 -0.5494 0.7653
vn -0.6208 -0.0461 0.7826
vn -0.2375 -0.2653 0.9344
vn -0.2238 -0.2779 0.9342
vn 0.0122 -0.1174 0.9930
vn 0.2257 -0.1383 0.9643
vn 0.1666 -0.2677 0.9490
vn -0.4005 -0.5561 0.7283
vn -0.5632 -0.4027 0.7215
vn -0.7855 -0.3202 0.5295
vn -0.8444 0.0574 0.5327
vn -0.2602 -0.3369 0.9049
vn 0.0894 -0.2348 0.9679
vn -0.1517 -0.2874 0.9457
vn -0.4101 -0.3674 0.8348
vn -0.2838 -0.3500 0.8927
vn -0.3646 -0.3407 0.8666
vn -0.1340 -0.3593 0.9236
vn 0.0369 -0.2655 0.9634
vn 0.0145 -0.1444 0.9894
vn 0.0229 -0.1834 0.9828
vn -0.2485 -0.4116 0.8768
vn 0.2665 -0.5018 0.8229
vn -0.5636 -0.1222 0.8169
vn -0.4707 -0.1848 0.8627
vn -0.5609 -0.1086 0.8208
vn -0.7358 0.0559 0.6749
vn -0.5161 0.2176 0.8284
vn -0.4317 -0.2823 0.8567
vn 0.2784 -0.3546 0.8926
vn 0.2357 -0.2607 0.9362
vn 0.3335 -0.0700 0.9401
vn 0.6765 0.0129 0.7364
vn 0.3340 -0.1692 0.9273
vn -0.2082 -0.5165 0.8306
vn -0.0045 -0.6347 0.7728
vn -0.8196 -0.2496 0.5158
vn -0.5387 -0.5327 0.6527
vn -0.4627 -0.7759 0.4288
vn -0.5528 -0.5697 0.6081
vn -0.7881 -0.4214 0.4487
vn -0.2904 -0.3104 0.9051
vn 0.0063 -0.1375 0.9905
vn -0.2628 -0.2570 0.9300
vn -0.0947 -0.2766 0.9563
vn -0.1305 -0.3373 0.9323
vn 0.0052 -0.4403 0.8978
vn -0.0310 -0.1838 0.9825
vn 0.0653 -0.2070 0.9762
vn -0.2138 -0.3308 0.9192
vn -0.0890 -0.1734 0.9808
vn -0.5614 -0.1174 0.8192
vn -0.3245 -0.4190 0.8480
vn -0.3872 -0.2200 0.8954
vn -0.5693 -0.1399 0.8101
vn -0.2851 0.1176 0.9512
vn 0.3286 -0.2776 0.9028
vn 0.2370 -0.4468 0.8626
vn -0.0176 -0.4358 0.8999
vn 0.2896 -0.2891 0.9124
vn 0.4756 -0.0214 0.8794
vn 0.4948 -0.0892 0.8644
vn 0.5406 -0.0202 0.8411
vn -0.0065 -0.8249 0.5652
vn -0.3866 -0.6096 0.6920
vn -0.6431 -0.2362 0.7285
vn -0.4188 -0.7325 0.5368
vn -0.7281 -0.5781 0.3684
vn -0.6335 -0.3695 0.6798
vn -0.5324 -0.4362 0.7255
vn -0.2910 -0.3113 0.9047
vn -0.1876 -0.5485 0.8148
vn -0.3714 -0.4998 0.7824
vn -0.3645 -0.3409 0.8665
vn 0.0451 -0.5354 0.8434
vn -0.0372 -0.3638 0.9307
vn 0.2225 -0.3117 0.9238
vn 0.2661 -0.3492 0.8985
vn -0.2383 -0.4337 0.8690
vn 0.1325 -0.3916 0.9106
vn 0.1530 -0.5734 0.8049
vn -0.5615 0.0362 0.8267
vn -0.6923 0.0446 0.7202
vn -0.6222 -0.1337 0.7713
vn -0.5737 -0.1105 0.8116
vn -0.6059 -0.4462 0.6586
vn 0.1624 0.0403 0.9859
vn 0.4838 -0.0140 0.8751
vn 0.5468 -0.1150 0.8293
vn 0.6742 0.0133 0.7385
vn 0.4056 -0.3951 0.8242
vn 0.5429 -0.5956 0.5921
vn -0.1869 -0.7952 0.5768
vn -0.4353 -0.7489 0.4997
vn -0.6933 -0.5705 0.4403
vn -0.8773 -0.2178 0.4276
vn -0.4739 -0.3061 0.8257
vn -0.0337 -0.4004 0.9157
vn -0.2279 -0.3187 0.9200
vn -0.3613 -0.3447 0.8664
vn 0.1632 -0.3026 0.9390
vn -0.1078 -0.2579 0.9601
vn -0.0242 -0.5640 0.8254
vn -0.4830 -0.3606 0.7979
vn -0.4333 -0.1229 0.8928
vn -0.3914 -0.1488 0.9081
vn 0.3474 -0.3015 0.8879
vn -0.5973 -0.6022 0.5298
vn -0.0646 -0.8505 0.5219
vn -0.1794 -0.8492 0.4966
vn -0.5185 -0.1274 0.8455
vn -0.4798 -0.4565 0.7492
vn -0.6293 -0.6646 0.4028
vn -0.3424 -0.5372 0.7708
vn -0.8244 -0.3577 0.4386
vn -0.9105 -0.2091 0.3569
vn -0.1564 -0.8042 0.5734
vn -0.2538 -0.4525 0.8549
vn -0.0750 -0.4452 0.8923
vn -0.2202 -0.4440 0.8686
vn -0.3588 -0.5248 0.7719
vn -0.4399 -0.4959 0.7487
vn -0.1896 -0.4047 0.8946
vn -0.0364 -0.5261 0.8496
vn -0.0207 -0.5291 0.8483
vn 0.1405 -0.6028 0.7854
vn -0.2200 0.0197 0.9753
vn -0.4479 -0.1054 0.8878
vn -0.4514 -0.2795 0.8474
vn -0.3595 -0.4561 0.8141
vn -0.2085 -0.6720 0.7106
vn 0.3356 -0.2974 0.8938
vn 0.6757 -0.0835 0.7325
vn 0.1980 -0.1330 0.9711
vn -0.3412 -0.7387 0.5813
vn -0.5228 -0.5205 0.6751
vn -0.9030 -0.2590 0.3427
vn -0.8769 -0.2228 0.4259
vn -0.6585 -0.1641 0.7344
vn -0.1918 -0.8118 0.5516
vn -0.2703 -0.3752 0.8867
vn -0.2179 -0.4828 0.8482
vn -0.3142 -0.4606 0.8302
vn -0.5466 -0.2559 0.7974
vn -0.0469 -0.5407 0.8399
vn -0.0529 -0.5285 0.8473
vn -0.1827 -0.3473 0.9198
vn -0.1326 -0.2010 0.9706
vn -0.5940 -0.3480 0.7253
vn -0.5458 -0.4008 0.7359
vn -0.3522 -0.2705 0.8960
vn -0.4043 -0.2540 0.8787
vn -0.2892 -0.3866 0.8757
vn -0.4382 -0.3774 0.8158
vn -0.7159 -0.0653 0.6951
vn 0.3565 -0.3287 0.8746
vn -0.0225 -0.5094 0.8602
vn 0.2769 -0.5022 0.8192
vn 0.1930 -0.4952 0.8471
vn 0.4536 0.0775 0.8879
vn 0.6356 -0.1373 0.7597
vn 0.2486 -0.1844 0.9509
vn -0.4012 -0.6078 0.6853
vn -0.6652 -0.6406 0.3837
vn -0.6868 -0.6186 0.3815
vn -0.8382 -0.3894 0.3818
vn -0.2771 -0.4377 0.8554
vn -0.1456 -0.4487 0.8817
vn -0.0859 -0.3731 0.9238
vn -0.3556 -0.1850 0.9162
vn -0.1268 -0.4440 0.8870
vn 0.1788 -0.3946 0.9013
vn 0.0519 -0.5377 0.8415
vn -0.0643 -0.5327 0.8438
vn -0.2807 -0.4736 0.8348
vn -0.0580 -0.4576 0.8872
vn -0.1918 -0.4593 0.8674
vn 0.1845 -0.5050 0.8432
vn 0.3125 -0.4663 0.8276
vn -0.2607 -0.1307 0.9565
vn -0.4677 -0.2688 0.8420
vn -0.3757 -0.2739 0.8854
vn -0.3465 -0.1680 0.9229
vn -0.5623 -0.2274 0.7951
vn -0.5449 -0.2266 0.8073
vn -0.2964 -0.4084 0.8633
vn 0.0611 -0.5992 0.7983
vn 0.1927 -0.4953 0.8471
vn 0.0798 -0.3494 0.9336
vn 0.4149 -0.0593 0.9079
vn 0.4894 -0.1343 0.8617
vn 0.5647 -0.0319 0.8247
vn 0.4035 -0.0430 0.9140
vn 0.4921 -0.0097 0.8705
vn 0.4250 0.0044 0.9052
vn -0.1495 -0.7901 0.5944
vn -0.5998 -0.3480 0.7205
vn -0.1662 -0.5996 0.7828
vn -0.2897 -0.5609 0.7756
vn -0.7197 -0.6465 0.2529
vn -0.5747 -0.7583 0.3078
vn -0.3966 -0.1174 0.9105
vn -0.5668 -0.4291 0.7033
vn -0.8982 -0.2071 0.3878
vn -0.2602 -0.8546 0.4495
vn -0.3100 -0.8457 0.4344
vn -0.1783 -0.4890 0.8538
vn -0.0671 -0.2643 0.9621
vn -0.3067 -0.3561 0.8827
vn -0.1501 -0.4365 0.8871
vn -0.1180 -0.4810 0.8687
vn -0.3631 -0.3667 0.8565
vn -0.5480 -0.2613 0.7946
vn 0.3526 -0.5017 0.7899
vn -0.1084 -0.5580 0.8227
vn -0.0030 -0.5630 0.8264
vn -0.2416 -0.1725 0.9549
vn -0.3409 -0.5134 0.7875
vn -0.3939 -0.3808 0.8366
vn -0.6117 -0.2050 0.7640
vn 0.2135 -0.4435 0.8705
vn 0.1402 -0.3884 0.9108
vn 0.3644 -0.2516 0.8966
vn 0.1233 -0.2831 0.9511
vn -0.0580 -0.3789 0.9236
vn -0.0406 -0.3170 0.9476
vn 0.6992 0.0160 0.7148
vn 0.4397 -0.1090 0.8915
vn 0.2391 -0.2860 0.9279
vn 0.1350 -0.3450 0.9288
vn 0.3315 -0.4092 0.8501
vn -0.5733 -0.5656 0.5929
vn -0.6273 -0.5243 0.5758
vn -0.2448 -0.5930 0.7671
vn -0.6384 -0.7246 0.2595
vn -0.9288 -0.2224 0.2966
vn -0.6775 -0.3104 0.6668
vn -0.3814 -0.0823 0.9208
vn -0.6370 -0.5880 0.4984
vn -0.1582 -0.5821 0.7976
vn -0.2524 -0.4264 0.8686
vn -0.3372 -0.3534 0.8726
vn -0.0744 -0.2155 0.9737
vn 0.0229 -0.5065 0.8619
vn -0.0430 -0.5085 0.8600
vn -0.2622 -0.3339 0.9054
vn -0.5276 -0.2889 0.7988
vn -0.2824 -0.3820 0.8800
vn 0.5451 -0.1088 0.8313
vn 0.3588 -0.1079 0.9272
vn -0.2273 -0.8860 0.4041
vn -0.4512 -0.3368 0.8264
vn -0.8512 -0.3608 0.3812
vn -0.7040 -0.2421 0.6677
vn -0.0933 -0.3382 0.9364
vn -0.1325 -0.4853 0.8642
vn -0.5945 -0.0935 0.7986
vn -0.4901 -0.2237 0.8425
vn -0.0374 -0.6748 0.7370
vn -0.0592 -0.5339 0.8434
vn -0.1768 -0.5343 0.8266
vn 0.2763 -0.5746 0.7704
vn -0.0980 -0.5657 0.8188
vn 0.0343 -0.5936 0.8040
vn 0.0437 -0.5928 0.8042
vn -0.2881 -0.3683 0.8840
vn -0.3062 -0.3562 0.8828
vn -0.4342 -0.5593 0.7062
vn -0.5125 -0.5122 0.6892
vn -0.4642 -0.2111 0.8602
vn -0.3355 -0.1647 0.9275
vn -0.6063 -0.0821 0.7910
vn -0.5675 -0.0398 0.8224
vn -0.5762 -0.0618 0.8150
vn -0.2786 -0.3993 0.8735
vn -0.5691 -0.0967 0.8165
vn 0.1367 -0.5102 0.8491
vn 0.4236 0.0025 0.9058
vn 0.5674 0.0101 0.8234
vn 0.7417 -0.0594 0.6681
vn -0.7546 -0.4316 0.4943
vn -0.5849 -0.5210 0.6216
vn -0.2382 -0.6112 0.7547
vn -0.6252 -0.6464 0.4373
vn -0.8569 -0.4122 0.3096
vn -0.8951 -0.3631 0.2588
vn -0.1955 -0.3491 0.9165
vn -0.5250 -0.4628 0.7143
vn -0.6621 -0.4642 0.5884
vn -0.2875 -0.4999 0.8170
vn -0.1741 -0.4900 0.8541
vn -0.3185 -0.3839 0.8667
vn 0.0491 -0.5929 0.8038
vn -0.2635 -0.5420 0.7980
vn 0.0177 -0.4947 0.8689
vn -0.1003 -0.5743 0.8125
vn -0.4933 -0.0354 0.8691
vn -0.6848 -0.0164 0.7285
vn -0.0934 -0.1258 0.9876
vn 0.3445 -0.3577 0.8680
vn -0.0444 -0.3312 0.9425
vn -0.0301 -0.3284 0.9441
vn -0.0264 -0.3805 0.9244
vn 0.4760 -0.3248 0.8172
vn 0.5061 -0.2968 0.8098
vn 0.4021 -0.4807 0.7793
vn 0.5248 0.2016 0.8270
vn -0.6576 -0.6109 0.4409
vn -0.4730 -0.6910 0.5466
vn -0.4643 -0.4527 0.7612
vn -0.6616 -0.6909 0.2915
vn -0.5092 -0.4606 0.7270
vn -0.2973 -0.5318 0.7930
vn -0.2787 -0.5242 0.8047
vn -0.0857 -0.6357 0.7671
vn -0.1602 -0.6432 0.7488
vn -0.1682 -0.5009 0.8490
vn -0.6066 -0.1005 0.7886
vn -0.3734 -0.4083 0.8330
vn 0.0342 -0.4832 0.8748
vn 0.1659 -0.5035 0.8479
vn 0.0967 -0.6021 0.7926
vn -0.3055 -0.4891 0.8169
vn 0.2166 -0.4225 0.8801
vn 0.0581 -0.4444 0.8940
vn -0.6493 0.1083 0.7528
vn -0.5066 -0.3909 0.7684
vn -0.4939 -0.1855 0.8495
vn 0.3192 -0.2805 0.9052
vn 0.3439 -0.2177 0.9134
vn 0.4557 -0.2690 0.8485
vn 0.7119 0.1363 0.6889
vn -0.5703 -0.6369 0.5187
vn -0.4956 -0.4136 0.7638
vn -0.7194 -0.4175 0.5551
vn -0.5541 -0.4168 0.7206
vn -0.4078 -0.6988 0.5877
vn -0.1045 -0.3793 0.9194
vn -0.1735 -0.3488 0.9210
vn -0.1982 -0.5162 0.8332
vn -0.3077 -0.5258 0.7930
vn -0.1182 -0.4456 0.8874
vn 0.0706 -0.4574 0.8864
vn -0.2579 0.0840 0.9625
vn -0.3531 -0.0044 0.9356
vn -0.4008 0.1067 0.9099
vn -0.7047 -0.1091 0.7010
vn -0.1094 -0.0099 0.9939
vn -0.0301 -0.4495 0.8928
vn 0.2189 -0.4026 0.8888
vn 0.3175 -0.3283 0.8896
vn 0.1551 -0.5934 0.7898
vn -0.1104 -0.4918 0.8637
vn 0.1193 -0.4840 0.8669
vn 0.4908 -0.2929 0.8205
vn 0.3720 -0.1187 0.9206
vn 0.3239 0.4355 0.8399
vn -0.5088 -0.7323 0.4526
vn -0.4936 -0.4493 0.7446
vn -0.9205 -0.2272 0.3178
vn -0.2998 -0.3176 0.8996
vn -0.3382 -0.3358 0.8791
vn 0.1147 -0.5074 0.8540
vn 0.2400 -0.5238 0.8174
vn -0.2785 -0.5940 0.7547
vn 0.3506 -0.5083 0.7866
vn -0.1324 -0.6032 0.7865
vn -0.2472 -0.1193 0.9616
vn -0.4731 0.1150 0.8735
vn -0.4989 -0.1808 0.8476
vn -0.4650 0.0636 0.8830
vn -0.5174 -0.2845 0.8071
vn -0.3363 0.0417 0.9408
vn -0.5506 -0.1867 0.8136
vn -0.3056 -0.5166 0.7999
vn 0.1114 -0.5062 0.8552
vn 0.6192 -0.2337 0.7496
vn 0.5782 -0.2154 0.7869
vn 0.5009 -0.2561 0.8268
vn 0.4064 0.0531 0.9121
vn 0.6905 0.0236 0.7230
vn 0.5520 -0.1050 0.8272
vn 0.1540 -0.0542 0.9866
vn -0.0206 -0.0116 0.9997
vn 0.0527 -0.0399 0.9978
vn 0.4528 0.0220 0.8913
vn -0.6277 -0.4933 0.6022
vn -0.5740 -0.2126 0.7908
vn -0.8979 -0.3214 0.3007
vn -0.5305 -0.5065 0.6797
vn -0.3054 -0.6371 0.7077
vn 0.1682 -0.6049 0.7784
vn -0.3418 -0.4017 0.8496
vn 0.0839 -0.5297 0.8440
vn 0.0638 -0.5141 0.8554
vn -0.5441 0.2023 0.8143
vn -0.3943 0.0424 0.9180
vn -0.3753 0.0326 0.9263
vn -0.4875 -0.1291 0.8635
vn -0.4788 -0.3908 0.7861
vn -0.4053 -0.3141 0.8585
vn 0.4420 -0.2659 0.8567
vn 0.4613 -0.2291 0.8572
vn 0.4202 -0.1322 0.8978
vn 0.6822 -0.1508 0.7155
vn 0.1984 0.0935 0.9757
vn -0.1863 -0.1222 0.9749
vn -0.1537 -0.1131 0.9816
vn -0.6788 -0.4400 0.5879
vn -0.5544 -0.2182 0.8032
vn -0.5444 -0.2540 0.7994
vn -0.8489 -0.3490 0.3969
vn -0.4430 -0.2700 0.8549
vn -0.3629 -0.2904 0.8854
vn -0.4567 -0.1605 0.8750
vn -0.3421 -0.5430 0.7669
vn -0.5715 -0.2705 0.7747
vn -0.3974 -0.4143 0.8188
vn 0.0275 -0.5221 0.8524
vn 0.1392 -0.5240 0.8403
vn 0.0535 -0.6442 0.7630
vn -0.4539 -0.0281 0.8906
vn -0.4346 0.0846 0.8967
vn -0.6120 0.0108 0.7908
vn -0.4703 -0.3760 0.7984
vn -0.5798 -0.3816 0.7198
vn 0.3197 -0.3427 0.8834
vn 0.2360 -0.4373 0.8678
vn 0.3300 -0.1862 0.9254
vn 0.1469 -0.2480 0.9576
vn -0.0420 -0.5294 0.8473
vn 0.4804 -0.2732 0.8334
vn 0.4061 -0.2192 0.8871
vn -0.6532 -0.4611 0.6006
vn -0.6690 -0.4514 0.5906
vn -0.6918 -0.4311 0.5792
vn -0.5309 -0.3148 0.7868
vn -0.6707 -0.6870 0.2796
vn -0.6888 -0.6695 0.2779
vn -0.9671 -0.0842 0.2399
vn -0.4047 -0.2386 0.8828
vn -0.5372 -0.3812 0.7524
vn -0.6263 -0.3132 0.7139
vn -0.4540 -0.4132 0.7894
vn -0.0259 -0.2431 0.9697
vn -0.1717 -0.5705 0.8031
vn 0.0827 -0.5993 0.7963
vn 0.1439 -0.6343 0.7596
vn 0.3516 -0.6223 0.6993
vn 0.3796 -0.6244 0.6827
vn 0.0143 -0.5091 0.8606
vn -0.3280 -0.1914 0.9251
vn -0.4368 0.0286 0.8991
vn -0.5238 -0.1144 0.8441
vn -0.5517 -0.1906 0.8120
vn -0.1446 -0.5470 0.8246
vn -0.2985 -0.2113 0.9307
vn 0.1303 -0.4456 0.8857
vn 0.0650 -0.3496 0.9346
vn 0.0336 -0.3878 0.9211
vn 0.2025 -0.4220 0.8837
vn 0.5231 -0.1536 0.8383
vn 0.4175 -0.5031 0.7567
vn 0.6332 -0.3029 0.7123
vn 0.5855 0.0170 0.8105
vn -0.3456 -0.5137 0.7853
vn -0.5184 -0.4038 0.7538
vn -0.5299 -0.3968 0.7495
vn -0.3676 -0.4442 0.8170
vn -0.3903 -0.3317 0.8589
vn -0.4465 -0.3015 0.8425
vn -0.1369 -0.5444 0.8276
vn -0.0464 -0.6045 0.7952
vn 0.2385 -0.5221 0.8188
vn -0.1674 -0.6314 0.7571
vn -0.2951 -0.4937 0.8180
vn 0.2030 -0.6654 0.7183
vn -0.1530 -0.6674 0.7288
vn -0.4566 -0.0451 0.8885
vn -0.4238 -0.2215 0.8782
vn -0.4803 -0.0296 0.8766
vn -0.0125 -0.3582 0.9336
vn -0.6231 0.2583 0.7383
vn -0.4831 -0.1862 0.8555
vn 0.1189 -0.3686 0.9220
vn 0.5611 -0.0931 0.8225
vn 0.3702 -0.1676 0.9137
vn -0.1463 -0.1990 0.9690
vn -0.6839 -0.4423 0.5802
vn -0.5229 -0.4128 0.7458
vn -0.9134 -0.3277 0.2415
vn -0.7433 -0.6110 0.2722
vn -0.3524 -0.8535 0.3839
vn -0.1454 -0.3550 0.9235
vn -0.3566 -0.4586 0.8139
vn 0.1996 -0.5084 0.8377
vn -0.0537 -0.5188 0.8532
vn -0.3567 -0.0785 0.9309
vn -0.4282 -0.1680 0.8879
vn -0.4128 -0.1181 0.9031
vn -0.3568 -0.0002 0.9342
vn -0.3262 0.0375 0.9446
vn -0.5617 0.0157 0.8272
vn -0.2827 -0.1937 0.9394
vn 0.2511 -0.4185 0.8728
vn 0.1973 -0.1290 0.9718
vn 0.2895 -0.2559 0.9223
vn 0.3599 -0.1953 0.9123
vn 0.3500 -0.1992 0.9153
vn 0.5759 -0.0848 0.8131
vn -0.7203 -0.4130 0.5574
vn -0.7033 -0.1547 0.6939
vn -0.3435 -0.2313 0.9102
vn -0.6093 -0.6943 0.3830
vn -0.5948 -0.1713 0.7854
vn -0.3991 -0.3303 0.8553
vn -0.0692 -0.6926 0.7180
vn -0.1986 -0.6234 0.7563
vn -0.2249 -0.6202 0.7515
vn -0.1060 -0.5953 0.7965
vn 0.2799 -0.5654 0.7758
vn 0.0111 -0.6091 0.7930
vn -0.1719 -0.3148 0.9334
vn -0.3466 0.0440 0.9370
vn -0.4450 -0.2123 0.8700
vn -0.2391 -0.4260 0.8726
vn -0.4497 -0.1881 0.8731
vn -0.5161 0.0096 0.8565
vn -0.6711 0.1208 0.7315
vn -0.3637 0.0443 0.9304
vn -0.4916 0.2016 0.8472
vn -0.5812 0.2296 0.7807
vn -0.0396 -0.4844 0.8740
vn -0.0652 -0.4795 0.8751
vn 0.1371 -0.3312 0.9335
vn 0.4309 -0.2839 0.8566
vn 0.6074 -0.1167 0.7858
vn 0.5266 -0.1831 0.8302
vn 0.5455 -0.0733 0.8349
vn 0.2355 0.0088 0.9718
vn 0.0155 0.0073 0.9999
vn -0.6447 -0.3557 0.6766
vn -0.7282 -0.6319 0.2652
vn -0.6495 -0.2653 0.7126
vn -0.0534 -0.5910 0.8049
vn -0.0702 -0.5798 0.8117
vn -0.1936 -0.5389 0.8198
vn 0.1111 -0.2031 0.9728
vn -0.3836 -0.2188 0.8972
vn -0.4765 -0.0377 0.8784
vn -0.2650 0.0319 0.9637
vn -0.4561 0.1478 0.8776
vn -0.5088 -0.1257 0.8516
vn -0.4543 -0.1310 0.8812
vn -0.4587 -0.1326 0.8786
vn 0.2271 -0.3374 0.9136
vn 0.3465 -0.3237 0.8804
vn 0.5418 -0.1821 0.8205
vn 0.5235 -0.0247 0.8517
vn -0.7419 -0.3745 0.5561
vn -0.2586 -0.7030 0.6625
vn -0.0122 -0.6201 0.7845
vn -0.4195 -0.4215 0.8040
vn -0.4884 -0.3132 0.8145
vn -0.8787 -0.3971 0.2651
vn -0.9061 -0.1672 0.3887
vn -0.1926 -0.4479 0.8731
vn -0.3996 -0.2717 0.8755
vn -0.0232 -0.3822 0.9238
vn -0.2267 -0.5927 0.7728
vn -0.2575 -0.5878 0.7669
vn -0.1899 -0.6396 0.7449
vn 0.2179 -0.6217 0.7524
vn -0.2554 -0.0768 0.9638
vn -0.6333 -0.2155 0.7433
vn -0.4294 0.0484 0.9018
vn -0.5286 -0.0074 0.8488
vn -0.6705 0.2386 0.7025
vn 0.1194 -0.4306 0.8946
vn -0.0700 -0.4724 0.8786
vn 0.1719 -0.2981 0.9389
vn 0.6575 0.1270 0.7427
vn 0.4804 -0.1508 0.8640
vn 0.3689 -0.1366 0.9194
vn 0.0995 -0.1693 0.9805
vn 0.0483 -0.1489 0.9877
vn -0.4865 -0.2103 0.8480
vn -0.6949 -0.3695 0.6169
vn -0.7585 -0.2933 0.5820
vn -0.4776 -0.3618 0.8006
vn -0.8745 -0.4034 0.2693
vn -0.4096 -0.5412 0.7344
vn -0.3247 -0.4795 0.8153
vn -0.4653 -0.4026 0.7883
vn -0.3310 -0.3709 0.8677
vn -0.3846 -0.3425 0.8572
vn -0.1249 -0.5115 0.8502
vn -0.4405 -0.2925 0.8488
vn -0.4988 -0.3517 0.7921
vn -0.1635 -0.5674 0.8071
vn -0.1039 -0.5611 0.8212
vn -0.5706 -0.0533 0.8195
vn -0.3217 -0.0646 0.9446
vn -0.4137 -0.4640 0.7833
vn -0.6398 -0.0824 0.7641
vn -0.3894 -0.0255 0.9207
vn -0.4448 -0.0017 0.8956
vn -0.3904 0.3717 0.8423
vn -0.6829 0.3818 0.6228
vn 0.0565 -0.4411 0.8957
vn 0.0773 -0.4458 0.8918
vn 0.0340 -0.2554 0.9662
vn -0.3005 -0.3547 0.8854
vn 0.4233 -0.0433 0.9049
vn 0.0751 -0.0243 0.9969
vn -0.2588 -0.2121 0.9424
vn -0.7023 -0.4033 0.5866
vn -0.3908 -0.5015 0.7718
vn -0.5377 -0.3831 0.7511
vn -0.3225 -0.4114 0.8525
vn -0.3211 -0.4274 0.8451
vn -0.4840 -0.2645 0.8342
vn -0.2794 -0.5672 0.7748
vn -0.1508 -0.5717 0.8065
vn -0.0696 -0.5775 0.8134
vn -0.1988 -0.5807 0.7895
vn -0.2810 0.3196 0.9050
vn -0.3977 -0.1514 0.9049
vn -0.4381 0.5127 0.7384
vn -0.5113 0.3176 0.7986
vn -0.5123 0.3717 0.7742
vn -0.5043 0.3571 0.7862
vn -0.3631 0.2893 0.8857
vn -0.6125 0.0276 0.7900
vn 0.2373 -0.3930 0.8884
vn 0.6953 -0.0567 0.7165
vn 0.5605 -0.1545 0.8136
vn 0.3614 -0.2118 0.9080
vn -0.4891 -0.5878 0.6444
vn -0.7008 -0.0927 0.7074
vn -0.9038 -0.1665 0.3941
vn -0.9459 -0.0755 0.3155
vn -0.7501 -0.5799 0.3179
vn -0.2017 -0.5001 0.8421
vn 0.1609 -0.6296 0.7601
vn 0.2792 -0.5592 0.7806
vn 0.1182 -0.5723 0.8115
vn -0.1928 -0.5424 0.8177
vn -0.1876 -0.5444 0.8176
vn 0.2417 -0.6489 0.7215
vn -0.2564 -0.5529 0.7928
vn -0.5748 -0.0953 0.8128
vn -0.0599 -0.2824 0.9574
vn -0.6771 -0.0923 0.7301
vn -0.8232 -0.0034 0.5677
vn -0.6206 0.4867 0.6148
vn -0.3934 0.2544 0.8835
vn 0.3744 -0.4034 0.8349
vn 0.2021 -0.3409 0.9181
vn 0.2948 -0.0366 0.9549
vn 0.4003 0.0786 0.9130
vn 0.0748 -0.0135 0.9971
vn -0.7033 -0.1294 0.6990
vn -0.9575 -0.1199 0.2622
vn -0.4440 -0.3696 0.8163
vn -0.6372 -0.1005 0.7642
vn -0.4522 -0.1614 0.8772
vn -0.3241 -0.3955 0.8594
vn 0.2644 -0.5765 0.7731
vn -0.0940 -0.6798 0.7274
vn -0.3499 -0.5618 0.7496
vn -0.1716 -0.5499 0.8174
vn 0.4361 -0.4679 0.7687
vn 0.2567 -0.6552 0.7105
vn -0.6366 -0.1086 0.7635
vn -0.3244 -0.2856 0.9018
vn -0.4356 -0.4448 0.7826
vn -0.3138 -0.4875 0.8148
vn -0.2866 0.5341 0.7953
vn -0.4718 0.4750 0.7428
vn -0.4402 0.4842 0.7561
vn -0.3912 0.4491 0.8033
vn -0.5053 0.3810 0.7743
vn -0.3264 0.5444 0.7727
vn 0.4114 -0.0939 0.9066
vn 0.1253 -0.4313 0.8935
vn 0.2015 -0.3863 0.9001
vn 0.2597 -0.5445 0.7975
vn 0.3444 -0.1146 0.9318
vn 0.2956 -0.0648 0.9531
vn 0.4296 0.2029 0.8800
vn -0.0340 -0.1180 0.9924
vn -0.2307 -0.1529 0.9609
vn -0.5728 -0.1491 0.8060
vn -0.5779 -0.1572 0.8009
vn -0.7733 0.1171 0.6231
vn -0.9369 -0.2584 0.2354
vn -0.0540 -0.5967 0.8006
vn -0.1811 -0.5497 0.8155
vn -0.0402 -0.4296 0.9021
vn -0.1182 -0.3389 0.9334
vn -0.6867 0.2472 0.6836
vn -0.5923 0.2465 0.7671
vn -0.7796 -0.1494 0.6082
vn -0.5446 0.0453 0.8375
vn -0.4692 0.4918 0.7335
vn -0.2266 0.4151 0.8811
vn -0.4798 0.3815 0.7901
vn -0.4801 0.3811 0.7901
vn -0.5390 0.3744 0.7545
vn 0.0656 -0.3679 0.9275
vn 0.2159 -0.3412 0.9149
vn 0.3406 -0.2850 0.8960
vn 0.5537 -0.3049 0.7749
vn 0.4801 -0.2591 0.8381
vn 0.3701 0.1270 0.9203
vn 0.3380 0.1439 0.9301
vn 0.0157 0.1585 0.9872
vn -0.6872 -0.1566 0.7094
vn -0.4734 -0.4242 0.7719
vn -0.7290 -0.2101 0.6515
vn -0.7971 -0.0738 0.5994
vn -0.5054 -0.1678 0.8464
vn -0.2808 -0.3611 0.8893
vn -0.0830 -0.4759 0.8756
vn -0.1607 -0.5685 0.8068
vn -0.2562 -0.4092 0.8757
vn -0.2387 0.0995 0.9660
vn -0.6481 0.2337 0.7248
vn -0.5684 0.2398 0.7870
vn -0.3902 0.4602 0.7975
vn -0.7003 -0.3225 0.6369
vn -0.5413 0.3730 0.7536
vn 0.2025 -0.3979 0.8948
vn 0.3336 -0.3525 0.8744
vn -0.2761 -0.4102 0.8692
vn -0.0877 -0.5061 0.8580
vn 0.5609 -0.0373 0.8271
vn 0.7732 -0.1056 0.6254
vn 0.1923 -0.4454 0.8745
vn 0.5158 0.1293 0.8469
vn 0.4918 0.1673 0.8545
vn 0.2531 -0.1558 0.9548
vn -0.0949 0.0456 0.9944
vn 0.0874 -0.0196 0.9960
vn -0.5735 -0.5441 0.6123
vn -0.4505 -0.5916 0.6686
vn -0.7976 -0.2454 0.5509
vn -0.2279 -0.5933 0.7720
vn -0.5911 -0.2974 0.7497
vn -0.2929 -0.1201 0.9486
vn -0.4061 -0.5340 0.7415
vn -0.2387 -0.4265 0.8724
vn -0.2395 -0.4263 0.8723
vn -0.0510 -0.4699 0.8813
vn 0.4454 -0.6055 0.6595
vn 0.3099 -0.6042 0.7342
vn -0.5365 0.4380 0.7213
vn -0.6026 0.2731 0.7499
vn -0.5661 0.2440 0.7874
vn -0.4491 0.2125 0.8679
vn -0.5488 0.3109 0.7760
vn -0.3206 0.3247 0.8898
vn -0.4707 0.4227 0.7744
vn -0.3895 0.2506 0.8863
vn -0.4588 0.2541 0.8514
vn 0.2184 -0.2066 0.9537
vn 0.0812 -0.3521 0.9324
vn 0.1243 -0.4250 0.8966
vn 0.5355 -0.2955 0.7912
vn 0.5013 0.1169 0.8574
vn 0.4989 0.1171 0.8587
vn -0.6501 -0.2461 0.7189
vn -0.6349 -0.1514 0.7576
vn -0.1302 -0.3877 0.9126
vn -0.2882 -0.2983 0.9099
vn -0.3552 -0.3130 0.8809
vn -0.1796 -0.5045 0.8445
vn 0.1871 -0.5534 0.8116
vn 0.0422 -0.4560 0.8890
vn -0.1851 -0.4956 0.8486
vn 0.2158 -0.6763 0.7043
vn -0.2800 -0.0634 0.9579
vn -0.5705 0.0655 0.8187
vn -0.5748 0.2103 0.7908
vn -0.4390 0.0441 0.8974
vn -0.5367 0.1200 0.8352
vn 0.4884 -0.1716 0.8556
vn 0.0726 -0.3377 0.9384
vn 0.3091 -0.3346 0.8902
vn 0.4248 -0.0931 0.9005
vn -0.0763 -0.3591 0.9302
vn 0.3284 -0.2005 0.9230
vn -0.7377 -0.1432 0.6598
vn -0.9243 -0.2965 0.2405
vn -0.6283 -0.1630 0.7607
vn -0.3512 -0.2251 0.9088
vn -0.1843 -0.5052 0.8431
vn -0.0415 -0.5615 0.8264
vn -0.0781 -0.5364 0.8403
vn -0.0139 -0.4951 0.8687
vn -0.3445 -0.4828 0.8052
vn -0.1625 -0.5400 0.8258
vn -0.6021 -0.3063 0.7373
vn -0.3125 -0.1092 0.9436
vn -0.6346 0.1474 0.7587
vn -0.4887 -0.0321 0.8719
vn -0.3263 -0.2042 0.9229
vn -0.5408 -0.1499 0.8277
vn -0.5398 0.1343 0.8310
vn -0.6336 0.0202 0.7734
vn 0.1391 -0.4011 0.9054
vn 0.3035 -0.4361 0.8472
vn 0.6426 0.1684 0.7475
vn 0.1846 -0.4356 0.8810
vn -0.0476 -0.3860 0.9213
vn 0.2725 -0.2775 0.9213
vn 0.3148 -0.2411 0.9180
vn 0.5084 -0.1160 0.8533
vn -0.2230 -0.0768 0.9718
vn 0.0803 -0.0376 0.9961
vn -0.1621 -0.0208 0.9866
vn -0.7857 -0.0659 0.6151
vn -0.5902 -0.0562 0.8053
vn -0.9366 0.2284 0.2658
vn -0.1894 -0.7787 0.5982
vn 0.0340 -0.3362 0.9412
vn -0.0968 -0.4851 0.8691
vn 0.2097 -0.5314 0.8208
vn -0.2055 -0.4755 0.8554
vn 0.2063 -0.3836 0.9001
vn -0.1417 -0.1646 0.9761
vn -0.4904 -0.1897 0.8506
vn -0.6608 0.1168 0.7414
vn -0.5788 -0.1110 0.8079
vn -0.5771 0.0022 0.8167
vn -0.5941 0.0100 0.8043
vn -0.4697 -0.2071 0.8582
vn 0.4317 -0.3198 0.8434
vn 0.3595 -0.3042 0.8822
vn 0.0865 -0.4096 0.9082
vn 0.7547 -0.0741 0.6519
vn 0.1391 -0.4254 0.8943
vn 0.4141 -0.1894 0.8903
vn 0.6237 -0.2472 0.7415
vn 0.2564 -0.1937 0.9470
vn 0.1135 -0.0916 0.9893
vn 0.0892 -0.0602 0.9942
vn -0.6711 0.2352 0.7031
vn -0.8082 0.3455 0.4769
vn -0.4201 0.3689 0.8291
vn -0.3366 -0.5012 0.7972
vn -0.2630 -0.4350 0.8612
vn -0.1510 -0.4183 0.8957
vn -0.1819 -0.4969 0.8485
vn -0.0868 -0.4978 0.8629
vn 0.2380 -0.3474 0.9070
vn -0.1726 -0.0992 0.9800
vn -0.1777 -0.2032 0.9629
vn -0.6550 -0.2397 0.7166
vn -0.6294 -0.0907 0.7717
vn -0.5622 0.0082 0.8270
vn -0.5628 0.0088 0.8266
vn -0.3996 -0.2527 0.8812
vn -0.4701 -0.1842 0.8632
vn -0.3666 -0.3283 0.8705
vn -0.5240 -0.1798 0.8325
vn -0.4016 -0.3768 0.8347
vn -0.5631 -0.2170 0.7974
vn 0.3669 -0.2650 0.8917
vn 0.3734 -0.2613 0.8901
vn -0.0829 -0.5121 0.8549
vn 0.1592 -0.4301 0.8886
vn 0.6623 0.0025 0.7492
vn -0.7103 -0.0283 0.7034
vn -0.7693 0.0291 0.6382
vn -0.9442 0.0670 0.3224
vn -0.2393 -0.1922 0.9517
vn -0.0567 -0.3979 0.9157
vn 0.0374 -0.4539 0.8903
vn -0.0729 -0.5191 0.8516
vn -0.0318 -0.5252 0.8504
vn -0.5494 -0.0182 0.8354
vn -0.7098 -0.1605 0.6859
vn -0.4447 -0.2632 0.8561
vn -0.6631 -0.1966 0.7222
vn -0.5674 -0.2475 0.7853
vn -0.5247 -0.1959 0.8284
vn -0.5770 -0.1764 0.7975
vn 0.1993 -0.5178 0.8320
vn 0.0604 -0.4559 0.8880
vn 0.3761 -0.1309 0.9173
vn -0.0163 -0.4601 0.8877
vn 0.0773 -0.5049 0.8597
vn 0.3380 -0.3531 0.8724
vn -0.0493 -0.2003 0.9785
vn -0.0042 -0.2040 0.9790
vn -0.0969 -0.0467 0.9942
vn -0.6545 0.2112 0.7260
vn -0.6842 0.2176 0.6961
vn -0.7392 -0.3940 0.5462
vn -0.9420 -0.0426 0.3328
vn -0.2328 -0.3545 0.9056
vn -0.4729 -0.1147 0.8736
vn -0.0242 -0.3634 0.9313
vn -0.3053 -0.4108 0.8591
vn -0.3679 -0.3424 0.8646
vn -0.2491 -0.4033 0.8805
vn 0.1956 -0.5084 0.8386
vn -0.1714 -0.4124 0.8947
vn 0.0574 -0.2745 0.9599
vn 0.1851 -0.2384 0.9534
vn -0.1098 -0.0947 0.9894
vn -0.6567 0.1120 0.7458
vn -0.6425 -0.2074 0.7377
vn -0.5686 -0.1587 0.8071
vn -0.2956 -0.3517 0.8882
vn -0.5581 -0.1206 0.8210
vn -0.2451 -0.1891 0.9509
vn -0.5086 -0.2221 0.8319
vn -0.5723 -0.2181 0.7905
vn 0.3762 -0.2672 0.8872
vn 0.2839 -0.4602 0.8412
vn 0.1755 -0.3719 0.9115
vn 0.1231 -0.3823 0.9158
vn -0.1077 -0.5041 0.8569
vn 0.6760 -0.0179 0.7367
vn 0.4602 -0.0805 0.8842
vn 0.4732 -0.1753 0.8634
vn -0.7364 -0.0444 0.6751
vn -0.7625 -0.0156 0.6467
vn -0.9192 -0.2577 0.2976
vn 0.0580 -0.5979 0.7995
vn -0.1800 -0.4309 0.8843
vn -0.1385 -0.4327 0.8908
vn -0.2824 -0.1259 0.9510
vn -0.0422 -0.5367 0.8427
vn -0.4936 -0.0523 0.8681
vn -0.1997 -0.4016 0.8938
vn -0.1450 -0.0965 0.9847
vn -0.7484 -0.0790 0.6585
vn -0.5368 -0.1130 0.8361
vn -0.3817 -0.1710 0.9083
vn -0.3928 -0.2897 0.8728
vn -0.5113 0.0522 0.8578
vn -0.5091 0.0428 0.8596
vn 0.2077 -0.4553 0.8658
vn 0.1670 -0.3842 0.9080
vn 0.0618 -0.4735 0.8786
vn 0.2432 -0.5581 0.7933
vn 0.4771 -0.1483 0.8663
vn -0.1547 0.0236 0.9877
vn -0.6324 -0.1328 0.7632
vn -0.5720 -0.1753 0.8013
vn -0.0227 -0.3830 0.9235
vn -0.2598 -0.3503 0.8999
vn -0.1393 -0.4395 0.8874
vn 0.0363 -0.5867 0.8090
vn -0.0467 -0.4855 0.8730
vn -0.1507 -0.4111 0.8991
vn -0.1282 -0.6156 0.7776
vn -0.4864 0.1827 0.8544
vn -0.4439 0.1983 0.8739
vn -0.3753 -0.0841 0.9231
vn -0.4953 -0.2912 0.8185
vn -0.5158 -0.2770 0.8107
vn -0.3518 -0.5476 0.7592
vn -0.6532 0.0117 0.7571
vn 0.3597 -0.3942 0.8457
vn 0.3405 -0.4043 0.8489
vn 0.0576 -0.5822 0.8110
vn 0.2046 -0.3564 0.9117
vn -0.1620 -0.3605 0.9186
vn 0.2226 -0.4975 0.8384
vn 0.3903 -0.0296 0.9202
vn 0.1104 -0.0822 0.9905
vn 0.1763 -0.1351 0.9750
vn -0.3508 -0.1428 0.9255
vn -0.7767 0.0513 0.6278
vn -0.5632 -0.0781 0.8226
vn -0.9000 -0.3142 0.3021
vn -0.6172 -0.4813 0.6224
vn 0.1930 -0.5164 0.8343
vn 0.2183 -0.5386 0.8138
vn -0.0642 -0.4894 0.8697
vn 0.2401 -0.4369 0.8669
vn -0.4398 0.0525 0.8966
vn -0.2340 -0.1180 0.9651
vn -0.6432 -0.2039 0.7380
vn -0.5908 -0.2374 0.7711
vn -0.6620 -0.1211 0.7397
vn -0.4298 -0.0604 0.9009
vn -0.4224 -0.0469 0.9052
vn -0.4645 -0.0507 0.8841
vn -0.5581 0.0670 0.8271
vn -0.4875 0.0700 0.8703
vn -0.5149 0.0440 0.8561
vn 0.4605 -0.2027 0.8642
vn 0.3158 -0.3658 0.8755
vn 0.0736 -0.5942 0.8009
vn 0.1961 -0.3569 0.9134
vn -0.1094 -0.3083 0.9450
vn 0.2137 -0.4221 0.8810
vn 0.3225 -0.4643 0.8249
vn 0.0709 -0.2835 0.9563
vn 0.6411 -0.2860 0.7122
vn 0.6325 -0.3016 0.7134
vn 0.4095 -0.1532 0.8993
vn 0.2882 -0.5330 0.7955
vn 0.0464 -0.3427 0.9383
vn 0.2468 -0.1993 0.9484
vn 0.0546 -0.1415 0.9884
vn -0.0646 -0.6513 0.7561
vn 0.1209 -0.6398 0.7590
vn -0.6550 0.1964 0.7297
vn -0.5417 0.1953 0.8176
vn -0.5191 -0.1325 0.8444
vn -0.6567 -0.1845 0.7312
vn 0.5001 -0.3148 0.8067
vn 0.3344 -0.4803 0.8109
vn 0.3628 -0.2311 0.9027
vn 0.1226 -0.2896 0.9492
vn 0.2902 -0.3829 0.8770
vn 0.4885 -0.1853 0.8527
vn 0.2664 0.0243 0.9635
vn -0.2431 0.1687 0.9552
vn 0.2817 0.2211 0.9337
vn -0.7457 0.1795 0.6417
vn -0.6580 0.1509 0.7377
vn -0.8703 0.2631 0.4163
vn -0.3672 -0.6472 0.6681
vn -0.1844 -0.4492 0.8742
vn -0.0362 -0.4401 0.8972
vn 0.1694 -0.5186 0.8381
vn -0.1080 -0.5942 0.7970
vn -0.6178 -0.0807 0.7822
vn -0.5590 0.0039 0.8291
vn -0.2995 0.0073 0.9541
vn -0.5301 -0.0029 0.8479
vn -0.4982 -0.2704 0.8238
vn -0.5732 -0.0589 0.8173
vn -0.4299 -0.0611 0.9008
vn -0.4725 0.1672 0.8653
vn -0.6197 0.0722 0.7816
vn 0.4148 -0.2850 0.8641
vn 0.3621 -0.5391 0.7605
vn -0.0088 -0.6153 0.7883
vn 0.3788 -0.1437 0.9142
vn 0.1981 -0.2696 0.9424
vn 0.0592 0.0135 0.9982
vn -0.3514 0.1342 0.9266
vn -0.7403 0.1817 0.6473
vn -0.8829 0.0352 0.4682
vn -0.4452 -0.4589 0.7689
vn -0.0284 -0.3774 0.9256
vn -0.1801 -0.3811 0.9068
vn -0.3846 -0.2526 0.8878
vn -0.2838 -0.3567 0.8901
vn -0.1875 -0.3212 0.9283
vn -0.1381 -0.4413 0.8867
vn -0.1632 -0.3862 0.9079
vn -0.4304 -0.3476 0.8330
vn -0.5739 -0.2794 0.7698
vn -0.2977 -0.1658 0.9402
vn -0.4245 0.1525 0.8925
vn -0.5558 0.0447 0.8301
vn -0.6335 -0.2213 0.7414
vn -0.4892 0.1047 0.8658
vn -0.5591 0.1091 0.8219
vn 0.4562 -0.2751 0.8463
vn 0.0621 -0.5572 0.8281
vn 0.0719 -0.5608 0.8248
vn -0.0888 -0.4895 0.8675
vn 0.0908 -0.2471 0.9647
vn 0.2613 0.0270 0.9649
vn 0.3932 -0.1327 0.9098
vn -0.1021 -0.3092 0.9455
vn -0.7249 0.0059 0.6888
vn -0.5735 -0.0367 0.8184
vn -0.7634 -0.0865 0.6401
vn -0.6611 -0.0207 0.7500
vn 0.0131 -0.3424 0.9395
vn -0.0877 -0.3421 0.9356
vn 0.1670 -0.5162 0.8401
vn 0.2183 -0.4976 0.8395
vn -0.0671 -0.4502 0.8904
vn -0.0643 -0.6171 0.7843
vn 0.2451 -0.4089 0.8790
vn -0.7036 -0.0989 0.7037
vn -0.5209 0.0076 0.8536
vn -0.4221 -0.0221 0.9063
vn -0.4752 0.0166 0.8797
vn -0.6257 -0.2335 0.7443
vn -0.6642 -0.0286 0.7470
vn -0.4362 0.0504 0.8985
vn -0.4872 -0.0233 0.8730
vn -0.5609 -0.0932 0.8226
vn 0.4067 -0.2441 0.8803
vn 0.4581 -0.2692 0.8472
vn 0.2347 -0.3721 0.8980
vn -0.0847 -0.5481 0.8321
vn 0.6431 0.1040 0.7587
vn 0.4680 -0.2869 0.8358
vn -0.7052 0.2540 0.6619
vn -0.7881 -0.5957 0.1548
vn -0.6099 0.0021 0.7924
vn -0.6436 -0.2089 0.7363
vn -0.8689 -0.2197 0.4436
vn -0.2977 -0.3281 0.8965
vn 0.3763 -0.5635 0.7354
vn -0.0859 -0.4251 0.9010
vn -0.4909 0.5343 0.6882
vn -0.4757 -0.2058 0.8552
vn -0.6140 -0.1864 0.7669
vn -0.5023 -0.0856 0.8604
vn -0.6103 0.0532 0.7904
vn -0.5648 -0.0494 0.8237
vn -0.5058 0.1401 0.8512
vn -0.4982 0.1354 0.8564
vn -0.4702 -0.0411 0.8816
vn -0.3972 0.0274 0.9173
vn -0.5383 -0.3132 0.7824
vn 0.5119 0.1211 0.8505
vn 0.5284 0.2358 0.8156
vn 0.5620 0.2104 0.7999
vn 0.0584 -0.5300 0.8460
vn 0.1098 -0.5778 0.8087
vn 0.5562 -0.3297 0.7628
vn 0.3172 -0.0821 0.9448
vn 0.3376 0.0731 0.9384
vn 0.0859 -0.2310 0.9692
vn 0.4261 -0.3024 0.8527
vn -0.1166 -0.0728 0.9905
vn -0.0258 -0.1282 0.9914
vn -0.4806 0.2277 0.8468
vn -0.7416 0.3707 0.5591
vn -0.4641 0.5980 0.6535
vn -0.1403 -0.3855 0.9120
vn -0.1788 -0.4291 0.8854
vn -0.1849 -0.4316 0.8829
vn 0.1237 -0.5859 0.8009
vn -0.5997 0.3808 0.7038
vn -0.5098 -0.0520 0.8587
vn -0.3673 -0.0090 0.9301
vn -0.5139 -0.1314 0.8478
vn -0.4808 0.0805 0.8731
vn -0.4969 0.1460 0.8554
vn -0.2543 0.7468 0.6145
vn -0.4979 -0.0205 0.8670
vn -0.4306 -0.5145 0.7415
vn -0.5351 -0.4397 0.7213
vn 0.5703 0.1318 0.8108
vn 0.1956 -0.4825 0.8538
vn 0.3896 -0.4275 0.8158
vn 0.4192 -0.4699 0.7768
vn 0.4207 0.0016 0.9072
vn 0.4467 -0.1775 0.8769
vn 0.1247 -0.3001 0.9457
vn 0.4089 -0.2638 0.8736
vn -0.0733 -0.0317 0.9968
vn -0.0633 -0.0597 0.9962
vn -0.7087 0.2726 0.6508
vn -0.2500 0.3072 0.9182
vn -0.6116 0.0146 0.7911
vn -0.9227 0.1338 0.3615
vn -0.9278 0.2299 0.2939
vn 0.1796 -0.3253 0.9284
vn 0.0074 -0.3992 0.9168
vn -0.2850 -0.3363 0.8976
vn -0.2341 -0.3466 0.9084
vn -0.1439 -0.3508 0.9253
vn -0.0873 -0.4259 0.9005
vn -0.0848 -0.4832 0.8714
vn -0.6819 0.4912 0.5419
vn -0.6184 -0.0082 0.7859
vn -0.4409 0.0613 0.8955
vn -0.5338 -0.0733 0.8424
vn -0.6618 -0.0182 0.7495
vn -0.5298 -0.1909 0.8263
vn -0.4784 -0.0089 0.8781
vn 0.4616 0.1650 0.8716
vn 0.2979 -0.4574 0.8379
vn 0.1727 -0.6291 0.7579
vn -0.0498 -0.3775 0.9247
vn -0.0328 -0.3933 0.9188
vn 0.1901 -0.4572 0.8688
vn -0.1535 -0.0199 0.9879
vn -0.5184 0.1729 0.8375
vn -0.5724 0.4933 0.6550
vn 0.1055 -0.4432 0.8902
vn -0.0788 -0.4281 0.9003
vn -0.7015 0.1677 0.6927
vn -0.6121 0.3214 0.7225
vn -0.4580 0.2730 0.8460
vn -0.6233 -0.0398 0.7810
vn -0.4116 0.1300 0.9020
vn -0.6759 0.2004 0.7092
vn -0.3721 -0.0604 0.9262
vn -0.3824 -0.0646 0.9217
vn -0.6441 0.0525 0.7631
vn -0.5328 0.0034 0.8462
vn -0.5891 -0.2220 0.7770
vn -0.5543 -0.0000 0.8323
vn -0.4782 -0.1209 0.8699
vn -0.3288 -0.1934 0.9244
vn -0.3550 -0.2135 0.9102
vn -0.4126 -0.1940 0.8900
vn 0.5147 0.1740 0.8395
vn -0.0777 -0.5140 0.8543
vn -0.1399 -0.3885 0.9108
vn 0.3687 -0.2045 0.9068
vn 0.2654 -0.2186 0.9390
vn 0.4555 -0.1837 0.8711
vn -0.6175 0.3988 0.6780
vn -0.6778 0.3392 0.6524
vn -0.7030 0.0763 0.7071
vn -0.5725 0.4412 0.6911
vn -0.4580 0.2396 0.8561
vn -0.2025 -0.2530 0.9460
vn -0.3891 -0.1378 0.9108
vn -0.5177 -0.1692 0.8386
vn -0.5141 -0.0708 0.8548
vn -0.6242 -0.0919 0.7759
vn -0.6343 0.0373 0.7722
vn -0.5440 -0.0438 0.8379
vn -0.5197 -0.0378 0.8535
vn -0.5617 0.0003 0.8273
vn -0.4463 -0.2272 0.8655
vn -0.3836 -0.0384 0.9227
vn -0.2821 -0.3331 0.8997
vn 0.5428 0.1648 0.8235
vn 0.3460 -0.3116 0.8850
vn -0.0644 -0.4116 0.9091
vn 0.3862 -0.3089 0.8692
vn 0.3017 -0.3629 0.8817
vn 0.2888 -0.3504 0.8909
vn -0.6299 0.3445 0.6961
vn -0.5648 0.4459 0.6944
vn -0.8974 0.3509 0.2676
vn -0.3331 -0.2868 0.8982
vn -0.1800 -0.3920 0.9022
vn -0.1979 -0.3090 0.9302
vn 0.1795 -0.4888 0.8537
vn 0.0506 -0.6137 0.7879
vn -0.0496 -0.6085 0.7920
vn -0.6501 -0.1336 0.7480
vn -0.6669 -0.0110 0.7450
vn -0.3103 0.1248 0.9424
vn -0.3552 -0.1875 0.9158
vn -0.5687 -0.1605 0.8067
vn -0.4537 -0.1595 0.8768
vn -0.4935 -0.0915 0.8649
vn -0.5179 -0.0843 0.8513
vn -0.2848 -0.4184 0.8625
vn -0.5219 -0.4561 0.7208
vn 0.5681 0.0926 0.8177
vn 0.3696 -0.2878 0.8835
vn 0.0853 -0.4725 0.8772
vn 0.3254 -0.3105 0.8931
vn -0.0646 -0.0476 0.9968
vn -0.5849 0.4092 0.7003
vn -0.6545 0.4894 0.5763
vn -0.3580 0.6632 0.6573
vn -0.7345 0.0647 0.6755
vn -0.4637 0.7635 0.4495
vn -0.6295 0.6882 0.3609
vn -0.2495 -0.2989 0.9211
vn -0.1997 -0.4278 0.8815
vn -0.0776 -0.3944 0.9156
vn -0.0625 -0.6529 0.7549
vn -0.5796 -0.1802 0.7947
vn -0.3863 -0.1777 0.9051
vn -0.3706 -0.1772 0.9117
vn -0.5469 -0.1365 0.8260
vn -0.2710 -0.3997 0.8757
vn 0.4909 0.1009 0.8653
vn 0.5711 0.0921 0.8157
vn -0.0270 0.0034 0.9996
vn -0.0581 -0.0481 0.9971
vn -0.6481 0.4238 0.6327
vn 0.0920 -0.3938 0.9146
vn -0.3013 -0.2631 0.9165
vn -0.0813 -0.3960 0.9147
vn -0.1397 -0.3756 0.9162
vn 0.0283 -0.4715 0.8814
vn 0.1087 -0.4049 0.9079
vn 0.3122 -0.4542 0.8344
vn 0.0142 -0.6132 0.7898
vn -0.2457 -0.5545 0.7951
vn -0.1992 -0.3564 0.9128
vn -0.7005 0.0527 0.7117
vn -0.6434 0.0696 0.7623
vn -0.5665 -0.1347 0.8130
vn -0.6165 -0.0931 0.7818
vn -0.7035 -0.0155 0.7105
vn -0.3700 -0.4499 0.8128
vn -0.3823 -0.3499 0.8552
vn 0.5548 -0.0647 0.8295
vn -0.0161 -0.5234 0.8520
vn -0.1478 -0.4808 0.8643
vn 0.3097 -0.2783 0.9092
vn 0.2487 -0.3601 0.8992
vn 0.2715 -0.4420 0.8550
vn 0.3018 -0.4341 0.8488
vn 0.4069 -0.3073 0.8602
vn 0.2996 -0.4025 0.8650
vn 0.2878 -0.3290 0.8994
vn -0.0879 -0.1522 0.9844
vn -0.1342 -0.1518 0.9793
vn -0.3417 -0.0318 0.9393
vn -0.5910 0.5982 0.5412
vn -0.5982 0.6168 0.5117
vn -0.3229 0.5208 0.7902
vn -0.3936 0.5577 0.7308
vn -0.7157 0.5372 0.4464
vn -0.5982 0.5351 0.5966
vn -0.7179 0.4827 0.5016
vn -0.1039 -0.4813 0.8704
vn -0.2820 -0.2549 0.9249
vn -0.1942 -0.2917 0.9366
vn 0.1546 -0.3938 0.9061
vn -0.5992 0.1370 0.7888
vn -0.2832 0.2281 0.9315
vn -0.5334 -0.1506 0.8324
vn -0.1664 -0.0120 0.9860
vn -0.4258 0.2023 0.8819
vn -0.6571 0.0268 0.7533
vn -0.4594 0.0178 0.8880
vn -0.4980 -0.1116 0.8600
vn -0.2789 -0.4314 0.8580
vn -0.3855 -0.4043 0.8294
vn -0.3221 -0.4541 0.8307
vn -0.2906 -0.4173 0.8610
vn 0.4471 -0.1546 0.8810
vn 0.4394 -0.1230 0.8898
vn 0.5030 -0.1943 0.8421
vn 0.3751 -0.2286 0.8984
vn 0.5380 -0.0573 0.8410
vn 0.5631 -0.1889 0.8045
vn 0.5828 0.0190 0.8124
vn 0.6842 -0.0998 0.7224
vn -0.1165 -0.4764 0.8715
vn -0.0385 -0.5261 0.8496
vn 0.2689 -0.4402 0.8567
vn 0.3953 -0.3066 0.8659
vn -0.5651 0.6325 0.5297
vn -0.4454 0.5160 0.7316
vn -0.7082 0.5231 0.4741
vn -0.5561 0.2690 0.7864
vn 0.0575 -0.4872 0.8714
vn -0.2976 -0.2070 0.9320
vn -0.1778 -0.3283 0.9277
vn -0.0638 -0.3721 0.9260
vn 0.2149 -0.4435 0.8702
vn -0.0014 -0.7684 0.6399
vn -0.5430 -0.4581 0.7037
vn -0.4422 0.2475 0.8621
vn -0.5789 -0.2122 0.7873
vn -0.1960 -0.1334 0.9715
vn -0.5089 -0.1647 0.8449
vn -0.6235 -0.1648 0.7642
vn -0.3223 0.0002 0.9466
vn -0.6322 0.0753 0.7711
vn -0.6718 -0.0780 0.7366
vn -0.6623 -0.0859 0.7443
vn -0.5683 -0.1187 0.8142
vn -0.5024 -0.1084 0.8578
vn -0.3761 -0.3802 0.8450
vn -0.3278 -0.4757 0.8163
vn 0.5155 -0.1503 0.8436
vn 0.6801 -0.1446 0.7188
vn 0.0245 -0.5917 0.8058
vn 0.3564 -0.3461 0.8679
vn 0.3510 -0.4644 0.8131
vn 0.1625 -0.4433 0.8815
vn 0.3220 -0.4342 0.8413
vn 0.1549 -0.4142 0.8969
vn 0.0094 0.7208 0.6930
vn -0.6375 0.5329 0.5565
vn -0.9248 0.2007 0.3232
vn -0.3645 0.8328 0.4167
vn -0.2357 0.8127 0.5328
vn -0.0074 -0.3730 0.9278
vn -0.3119 -0.1786 0.9332
vn -0.0833 -0.3061 0.9484
vn 0.2480 -0.3653 0.8972
vn 0.1511 -0.4683 0.8705
vn -0.6217 -0.1786 0.7626
vn -0.4584 -0.2375 0.8564
vn -0.4231 -0.1105 0.8993
vn -0.5589 -0.1302 0.8189
vn 0.1226 -0.6822 0.7208
vn 0.1256 -0.5922 0.7959
vn 0.2149 -0.4710 0.8555
vn 0.3770 -0.2127 0.9015
vn -0.5198 0.6565 0.5466
vn -0.1910 0.8904 0.4131
vn -0.1195 0.8920 0.4360
vn -0.3938 0.8062 0.4415
vn -0.5779 0.7347 0.3552
vn 0.0937 -0.5459 0.8326
vn -0.0248 -0.4523 0.8915
vn -0.2348 -0.2342 0.9434
vn -0.3020 -0.2096 0.9300
vn 0.2022 -0.4414 0.8742
vn -0.7092 0.1836 0.6807
vn -0.5343 0.0597 0.8432
vn -0.6385 -0.1485 0.7552
vn -0.4262 -0.0810 0.9010
vn -0.2565 -0.0840 0.9629
vn -0.4038 -0.0930 0.9101
vn -0.6286 -0.1609 0.7609
vn -0.5562 -0.2533 0.7915
vn -0.4244 -0.2325 0.8751
vn -0.6491 -0.0513 0.7590
vn -0.3761 -0.3570 0.8550
vn -0.3288 -0.3814 0.8640
vn -0.3996 -0.3150 0.8609
vn 0.3438 -0.3218 0.8822
vn 0.5260 -0.1050 0.8440
vn 0.4593 -0.2782 0.8436
vn 0.5028 -0.0986 0.8587
vn 0.5508 -0.3191 0.7713
vn -0.0869 -0.0577 0.9946
vn 0.1168 -0.5949 0.7953
vn -0.0504 -0.5883 0.8070
vn -0.4738 0.7866 0.3960
vn 0.0914 0.9048 0.4159
vn -0.3194 0.8833 0.3431
vn -0.3085 0.8398 0.4466
vn -0.3809 0.8156 0.4357
vn -0.2365 0.8125 0.5328
vn -0.4727 0.7999 0.3698
vn -0.2583 0.8646 0.4309
vn -0.4831 0.7657 0.4246
vn -0.3830 -0.1968 0.9025
vn -0.0028 -0.5175 0.8557
vn -0.1162 -0.4251 0.8977
vn -0.1802 -0.2304 0.9563
vn -0.1341 -0.2177 0.9668
vn -0.0100 -0.3772 0.9261
vn 0.1272 -0.3826 0.9151
vn -0.5331 -0.1703 0.8287
vn 0.0881 -0.6899 0.7186
vn -0.4159 0.4954 0.7627
vn -0.5991 0.1375 0.7887
vn -0.4891 -0.2143 0.8455
vn -0.3656 -0.0373 0.9300
vn -0.5307 -0.0903 0.8427
vn -0.7198 -0.0850 0.6889
vn -0.5261 -0.3329 0.7826
vn -0.0069 -0.5719 0.8203
vn -0.2475 -0.6663 0.7034
vn -0.5090 -0.4168 0.7532
vn -0.3195 -0.4688 0.8235
vn -0.5135 -0.1528 0.8444
vn -0.3226 -0.2088 0.9232
vn 0.3199 -0.2752 0.9066
vn 0.5709 -0.2195 0.7912
vn 0.6549 -0.2545 0.7116
vn 0.3645 -0.6581 0.6588
vn 0.4597 -0.1335 0.8780
vn -0.6028 0.4435 0.6633
vn -0.3335 0.8269 0.4528
vn -0.2758 0.8644 0.4204
vn -0.3134 -0.1830 0.9318
vn -0.0603 -0.2715 0.9606
vn 0.0388 -0.3164 0.9478
vn 0.2757 -0.5385 0.7962
vn 0.4737 -0.6332 0.6121
vn -0.5712 0.1693 0.8031
vn -0.5000 -0.1199 0.8577
vn -0.4075 -0.0984 0.9079
vn -0.4276 -0.1426 0.8927
vn -0.6751 -0.0447 0.7364
vn -0.3106 0.1904 0.9313
vn -0.3750 0.0926 0.9224
vn -0.4861 -0.4294 0.7611
vn 0.0417 -0.4849 0.8736
vn -0.4086 -0.3824 0.8287
vn 0.5071 -0.1122 0.8546
vn 0.2897 -0.5524 0.7816
vn 0.0920 -0.6094 0.7875
vn 0.2207 -0.5736 0.7888
vn 0.0060 -0.0012 1.0000
vn -0.0263 0.0372 0.9990
vn -0.6442 0.4419 0.6243
vn -0.6808 0.3990 0.6142
vn -0.7268 0.0287 0.6863
vn -0.3156 -0.1832 0.9311
vn -0.3149 -0.1836 0.9312
vn -0.0243 -0.3565 0.9340
vn 0.0528 -0.3885 0.9199
vn 0.2681 -0.3591 0.8940
vn 0.2835 -0.5167 0.8079
vn -0.5230 0.1586 0.8375
vn -0.4673 -0.0181 0.8839
vn -0.5245 -0.1007 0.8454
vn -0.6086 0.0967 0.7875
vn -0.2041 0.1260 0.9708
vn -0.3336 0.2390 0.9119
vn -0.6516 -0.0427 0.7574
vn -0.6262 -0.0660 0.7769
vn -0.3686 -0.4629 0.8061
vn -0.2768 -0.5859 0.7617
vn -0.2384 -0.5935 0.7687
vn -0.4435 -0.1602 0.8818
vn -0.3706 -0.1458 0.9173
vn -0.3285 -0.2008 0.9229
vn 0.4950 -0.1038 0.8626
vn 0.5817 -0.1769 0.7939
vn 0.0146 -0.6066 0.7949
vn 0.0247 -0.6188 0.7851
vn 0.0567 -0.6376 0.7683
vn 0.1774 -0.5122 0.8403
vn 0.2988 -0.3821 0.8745
vn -0.6837 0.3335 0.6491
vn -0.7271 0.3021 0.6165
vn -0.5498 -0.0194 0.8351
vn -0.6690 0.0375 0.7423
vn -0.5296 -0.1373 0.8371
vn -0.5048 -0.1122 0.8559
vn -0.4064 -0.1488 0.9015
vn -0.5320 -0.2109 0.8201
vn -0.3822 -0.2058 0.9009
vn -0.1186 -0.3954 0.9108
vn 0.5842 -0.2283 0.7788
vn -0.6717 -0.0576 0.7385
vn -0.5158 -0.0797 0.8530
vn -0.5277 0.3515 0.7733
vn -0.5479 0.4434 0.7094
vn -0.2068 0.1252 0.9703
vn -0.2179 0.1340 0.9667
vn -0.4245 0.1819 0.8870
vn -0.6224 0.2340 0.7469
vn -0.5879 -0.1529 0.7944
vn -0.5882 -0.1527 0.7942
vn -0.4586 0.1384 0.8778
vn -0.5016 -0.1341 0.8546
vn 0.5272 -0.1083 0.8428
vn 0.0828 -0.6349 0.7681
vn 0.0606 -0.6514 0.7563
vn 0.3694 -0.6499 0.6643
vn 0.2723 -0.5981 0.7538
vn 0.1663 -0.4963 0.8521
vn -0.7287 0.0326 0.6840
vn -0.5366 -0.1343 0.8331
vn -0.3212 -0.2451 0.9147
vn -0.0993 -0.4827 0.8702
vn 0.0166 -0.4922 0.8703
vn -0.2755 -0.1470 0.9500
vn -0.2109 -0.3091 0.9273
vn 0.3071 -0.5113 0.8027
vn 0.2395 -0.4588 0.8557
vn -0.4742 -0.0215 0.8801
vn -0.5202 0.2303 0.8224
vn -0.5856 0.1063 0.8036
vn -0.4170 -0.1840 0.8901
vn -0.4908 0.0538 0.8696
vn -0.5824 -0.1834 0.7919
vn -0.3654 -0.3749 0.8520
vn -0.2482 -0.5658 0.7863
vn -0.3380 -0.0758 0.9381
vn -0.5018 -0.1666 0.8488
vn -0.4199 -0.1111 0.9007
vn -0.3101 -0.1443 0.9397
vn 0.3082 -0.3327 0.8912
vn 0.5169 -0.1475 0.8432
vn 0.6300 -0.0527 0.7748
vn 0.2018 -0.2739 0.9404
vn 0.2094 -0.4975 0.8418
vn 0.1493 -0.4990 0.8536
vn -0.0992 -0.2134 0.9719
vn -0.7247 -0.2106 0.6561
vn -0.5964 -0.0537 0.8009
vn -0.1279 -0.4029 0.9062
vn -0.2625 -0.0580 0.9632
vn -0.3228 -0.1060 0.9405
vn -0.0685 -0.2522 0.9652
vn 0.0087 -0.6570 0.7539
vn 0.2275 -0.6328 0.7402
vn -0.6719 -0.0235 0.7402
vn -0.5002 0.1400 0.8545
vn -0.4811 0.3252 0.8141
vn -0.6653 0.1501 0.7314
vn -0.5902 0.4315 0.6823
vn -0.3770 0.2243 0.8986
vn -0.4841 0.2261 0.8453
vn -0.5172 -0.0714 0.8529
vn -0.5479 -0.3398 0.7644
vn -0.2613 -0.1684 0.9504
vn -0.6127 -0.0706 0.7872
vn -0.4753 -0.0377 0.8790
vn 0.2750 -0.3335 0.9017
vn 0.5003 -0.3578 0.7885
vn 0.8135 -0.2103 -0.5422
vn 0.5371 -0.1803 0.8240
vn 0.4196 -0.3024 0.8559
vn 0.2299 -0.4828 0.8450
vn -0.1741 -0.0865 0.9809
vn -0.5344 -0.5141 0.6709
vn -0.6921 0.1535 0.7053
vn -0.2462 -0.1697 0.9542
vn -0.3659 -0.1030 0.9249
vn -0.2088 -0.1908 0.9592
vn -0.2219 -0.2516 0.9421
vn -0.5545 -0.1132 0.8244
vn -0.5826 0.0965 0.8070
vn -0.2770 0.2120 0.9372
vn -0.4451 -0.2017 0.8725
vn -0.5178 0.1901 0.8341
vn -0.4028 0.2891 0.8685
vn -0.3544 -0.1135 0.9282
vn -0.3161 -0.4493 0.8356
vn -0.5946 -0.4146 0.6889
vn -0.4712 -0.0528 0.8804
vn 0.5807 -0.1739 0.7953
vn 0.5518 -0.1925 0.8114
vn 0.0460 -0.5480 0.8352
vn 0.1916 -0.5014 0.8437
vn 0.2496 -0.4846 0.8384
vn -0.6939 0.0008 0.7201
vn -0.3456 -0.4591 0.8184
vn -0.3212 -0.3894 0.8633
vn -0.0948 -0.4767 0.8740
vn -0.2097 -0.1080 0.9718
vn -0.1733 -0.1903 0.9663
vn 0.0532 -0.3288 0.9429
vn 0.1890 -0.5807 0.7919
vn 0.2395 -0.3919 0.8883
vn -0.4834 -0.0931 0.8704
vn -0.6530 0.2579 0.7121
vn -0.6144 0.0175 0.7888
vn -0.4270 0.2475 0.8697
vn -0.2152 0.0790 0.9734
vn -0.5036 0.1418 0.8522
vn -0.5071 -0.2999 0.8081
vn -0.3177 -0.2180 0.9228
vn -0.5477 -0.1348 0.8258
vn -0.5841 -0.3779 0.7183
vn -0.4178 -0.1020 0.9028
vn -0.4191 -0.1018 0.9022
vn -0.4728 -0.1711 0.8644
vn -0.4917 0.1234 0.8620
vn 0.6718 -0.1863 0.7170
vn 0.1956 -0.5028 0.8420
vn 0.2063 -0.5269 0.8245
vn -0.0298 -0.0356 0.9989
vn -0.1803 -0.0023 0.9836
vn -0.7332 0.1853 0.6543
vn -0.6595 0.0015 0.7517
vn -0.3918 -0.4223 0.8174
vn -0.1049 -0.4355 0.8941
vn -0.3103 -0.3219 0.8945
vn -0.3709 -0.1770 0.9116
vn -0.2870 -0.2333 0.9291
vn -0.6879 -0.0236 0.7254
vn -0.3673 -0.3312 0.8692
vn -0.6316 0.0327 0.7746
vn -0.5774 0.0115 0.8164
vn -0.4665 -0.1946 0.8629
vn -0.4722 -0.1756 0.8639
vn -0.6260 -0.1324 0.7685
vn -0.3543 -0.1054 0.9292
vn -0.2712 -0.1594 0.9492
vn -0.3095 -0.1978 0.9301
vn -0.4751 -0.1738 0.8626
vn -0.5191 0.0492 0.8533
vn 0.0979 -0.4256 0.8996
vn 0.4213 -0.4282 0.7995
vn 0.3614 -0.4203 0.8323
vn 0.5079 -0.2942 0.8096
vn 0.3076 -0.3849 0.8702
vn 0.0828 -0.5571 0.8263
vn -0.0451 -0.3147 0.9481
vn -0.2607 0.1638 0.9514
vn -0.4609 -0.1104 0.8806
vn -0.2221 -0.2566 0.9406
vn 0.1904 -0.5714 0.7983
vn 0.0874 -0.5818 0.8086
vn -0.5655 -0.0245 0.8244
vn -0.6404 -0.0741 0.7645
vn -0.4326 -0.1821 0.8830
vn -0.5009 -0.3806 0.7773
vn -0.7040 -0.2615 0.6603
vn -0.1494 -0.0358 0.9881
vn -0.3077 0.0337 0.9509
vn -0.5184 -0.0671 0.8525
vn -0.5062 -0.3062 0.8062
vn -0.4359 0.0454 0.8989
vn -0.7074 0.0068 0.7067
vn -0.5147 -0.2457 0.8214
vn 0.1014 -0.6128 0.7837
vn 0.2936 -0.5500 0.7819
vn 0.0369 -0.5952 0.8027
vn -0.0282 -0.3464 0.9377
vn -0.3703 -0.3295 0.8685
vn -0.3386 -0.3687 0.8657
vn -0.1269 -0.3457 0.9297
vn -0.3762 -0.1784 0.9092
vn 0.0139 -0.1525 0.9882
vn 0.2562 -0.3946 0.8824
vn -0.4544 0.0740 0.8877
vn -0.5822 0.0575 0.8110
vn -0.4714 -0.2502 0.8457
vn -0.3605 -0.3096 0.8799
vn -0.3833 -0.3260 0.8642
vn -0.5603 -0.2151 0.7999
vn -0.2187 -0.2710 0.9374
vn -0.4645 -0.2952 0.8349
vn -0.4470 -0.2983 0.8434
vn -0.5394 -0.2429 0.8062
vn -0.5223 -0.2366 0.8193
vn -0.5394 0.0340 0.8413
vn 0.6086 -0.0302 0.7929
vn 0.5835 -0.0357 0.8113
vn 0.3265 -0.2936 0.8984
vn 0.0126 -0.5695 0.8219
vn -0.7208 0.2378 0.6511
vn -0.5051 -0.1124 0.8557
vn -0.4124 -0.3065 0.8579
vn 0.2567 -0.4020 0.8789
vn 0.3442 -0.3967 0.8509
vn -0.7319 -0.0417 0.6802
vn -0.4249 -0.2028 0.8822
vn -0.5665 -0.1409 0.8119
vn -0.4719 -0.2501 0.8454
vn -0.2579 -0.6802 0.6861
vn -0.1667 -0.4295 0.8875
vn -0.4270 -0.2833 0.8587
vn -0.5056 -0.3072 0.8063
vn -0.4373 0.0632 0.8971
vn -0.4437 -0.2999 0.8445
vn -0.4179 0.3463 0.8399
vn 0.2457 -0.2899 0.9250
vn 0.5071 -0.3398 0.7921
vn 0.4942 -0.3389 0.8006
vn 0.3536 -0.2664 0.8967
vn 0.2625 -0.4965 0.8274
vn -0.3842 -0.1760 0.9063
vn -0.9236 -0.0327 0.3819
vn -0.2492 0.0077 0.9684
vn -0.5107 0.3745 0.7739
vn -0.6055 0.0456 0.7945
vn -0.1055 -0.3755 0.9208
vn -0.0567 -0.3819 0.9225
vn -0.2782 -0.2553 0.9260
vn -0.1847 -0.2872 0.9399
vn -0.1665 -0.2162 0.9620
vn -0.0379 -0.2541 0.9664
vn 0.1754 -0.5621 0.8082
vn -0.4696 0.0336 0.8823
vn -0.5817 -0.0645 0.8108
vn -0.4569 -0.3010 0.8370
vn -0.4941 -0.2276 0.8391
vn -0.5022 -0.4539 0.7360
vn -0.4128 -0.0342 0.9102
vn -0.2240 0.1239 0.9667
vn -0.3841 -0.0834 0.9195
vn -0.3240 -0.1558 0.9331
vn -0.3725 0.3700 0.8511
vn -0.6136 0.2887 0.7350
vn -0.4359 0.3459 0.8309
vn -0.5267 0.0828 0.8460
vn 0.1831 -0.5097 0.8406
vn 0.0884 -0.5778 0.8114
vn 0.1667 -0.5503 0.8182
vn 0.2228 -0.2549 0.9410
vn -0.3898 -0.0351 0.9202
vn -0.1047 -0.0454 0.9935
vn -0.3518 0.1545 0.9232
vn -0.5841 0.0463 0.8103
vn -0.4597 -0.3190 0.8288
vn -0.1864 -0.4588 0.8688
vn -0.3590 -0.2239 0.9061
vn -0.2777 -0.2558 0.9260
vn -0.2422 -0.2730 0.9310
vn 0.3362 -0.3607 0.8700
vn -0.5342 -0.1644 0.8292
vn -0.3870 -0.1327 0.9125
vn 0.0462 -0.7018 0.7109
vn -0.5842 -0.6251 0.5177
vn -0.5178 0.0948 0.8503
vn -0.3499 0.0769 0.9336
vn -0.5550 0.1438 0.8194
vn -0.5854 0.1808 0.7903
vn -0.4444 0.1756 0.8784
vn -0.4243 0.1582 0.8916
vn -0.4663 0.0647 0.8823
vn -0.4238 0.4552 0.7831
vn -0.3400 0.3583 0.8695
vn -0.4237 0.3513 0.8349
vn -0.3762 0.2926 0.8791
vn 0.1709 -0.0364 0.9846
vn 0.4371 -0.4724 0.7654
vn 0.4285 -0.4792 0.7660
vn 0.2964 -0.5834 0.7561
vn 0.2535 -0.5896 0.7668
vn 0.4159 -0.3044 0.8570
vn 0.2313 -0.5478 0.8040
vn 0.2321 -0.2406 0.9425
vn -0.3093 0.0455 0.9499
vn -0.1166 -0.0547 0.9917
vn -0.5276 0.2936 0.7972
vn -0.2962 -0.4654 0.8341
vn -0.4368 -0.0619 0.8974
vn 0.4396 -0.3685 0.8191
vn -0.4656 0.0102 0.8849
vn -0.1934 -0.6531 0.7321
vn -0.2045 -0.6474 0.7342
vn -0.1911 0.0666 0.9793
vn -0.5710 0.1750 0.8021
vn -0.4820 0.3496 0.8034
vn -0.5018 0.5461 0.6709
vn -0.2428 0.5250 0.8158
vn 0.4512 -0.2061 0.8683
vn 0.2835 -0.1370 0.9491
vn -0.4466 0.2677 0.8538
vn -0.3162 -0.3557 0.8795
vn -0.2798 -0.3799 0.8817
vn 0.0156 -0.3174 0.9482
vn 0.1551 -0.7128 0.6840
vn 0.1757 -0.7460 0.6423
vn 0.2928 -0.6294 0.7198
vn -0.4545 -0.3713 0.8097
vn -0.5800 0.1279 0.8045
vn -0.5062 -0.0146 0.8623
vn -0.6665 -0.0817 0.7410
vn -0.7068 -0.0704 0.7039
vn -0.3957 0.0446 0.9173
vn -0.5417 0.1978 0.8170
vn -0.5879 0.2423 0.7718
vn -0.5502 0.4433 0.7077
vn -0.5430 0.3378 0.7688
vn 0.5079 -0.0580 0.8594
vn 0.6010 -0.1349 0.7878
vn 0.6235 -0.1621 0.7648
vn 0.1931 -0.3946 0.8983
vn -0.0039 0.5007 0.8656
vn -0.4462 0.5562 0.7011
vn -0.3578 0.4913 0.7941
vn -0.5150 0.2614 0.8164
vn -0.3468 -0.4081 0.8445
vn -0.3814 -0.1716 0.9083
vn -0.2237 -0.4023 0.8878
vn -0.2730 -0.3558 0.8938
vn -0.0188 -0.3612 0.9323
vn 0.0669 -0.7268 0.6836
vn -0.4329 -0.2413 0.8685
vn -0.5201 -0.1193 0.8458
vn -0.4577 -0.1548 0.8755
vn -0.1752 -0.5714 0.8017
vn -0.1003 -0.6091 0.7867
vn -0.4531 0.1600 0.8770
vn -0.8728 0.0815 0.4813
vn -0.6463 -0.0651 0.7603
vn -0.5921 -0.2288 0.7727
vn -0.2942 -0.0180 0.9556
vn -0.5318 0.0543 0.8452
vn -0.4595 0.0735 0.8851
vn -0.2990 -0.1214 0.9465
vn -0.4957 0.1039 0.8623
vn -0.2799 0.0517 0.9586
vn -0.6410 0.2659 0.7201
vn -0.4123 0.4551 0.7892
vn -0.3654 0.2292 0.9022
vn -0.4959 0.3060 0.8126
vn 0.4757 -0.0344 0.8790
vn 0.2254 -0.4412 0.8686
vn 0.3191 -0.4661 0.8252
vn 0.3673 -0.4176 0.8311
vn 0.3211 -0.3128 0.8939
vn -0.0266 -0.3206 0.9468
vn -0.3465 0.3963 0.8503
vn -0.1695 0.5379 0.8258
vn -0.3466 -0.3270 0.8792
vn -0.3002 -0.3183 0.8992
vn -0.2869 -0.3670 0.8849
vn -0.1853 -0.3993 0.8979
vn -0.3141 -0.1556 0.9366
vn 0.1290 -0.5218 0.8432
vn -0.5933 -0.0530 0.8032
vn -0.4613 -0.0964 0.8820
vn -0.6026 0.0644 0.7954
vn -0.4567 -0.3856 0.8017
vn -0.1587 -0.4061 0.8999
vn -0.6160 0.0877 0.7828
vn -0.7327 0.2345 0.6389
vn -0.3645 -0.0209 0.9310
vn -0.6140 -0.2102 0.7608
vn -0.3266 -0.0236 0.9449
vn -0.4670 0.1859 0.8645
vn -0.4652 0.1853 0.8656
vn 0.4881 -0.0804 0.8691
vn 0.4933 -0.0354 0.8691
vn 0.3753 -0.4193 0.8267
vn 0.2673 -0.2907 0.9187
vn -0.5232 0.1134 0.8446
vn -0.3902 0.5602 0.7308
vn -0.2353 -0.3819 0.8938
vn -0.3442 -0.4420 0.8284
vn -0.2971 -0.1672 0.9401
vn -0.2936 -0.1651 0.9416
vn -0.1664 -0.2323 0.9583
vn 0.3413 -0.4932 0.8002
vn 0.0742 -0.6295 0.7735
vn -0.5850 0.0404 0.8100
vn -0.5253 0.0421 0.8499
vn -0.2765 -0.6537 0.7044
vn -0.1898 -0.6972 0.6913
vn -0.5499 0.2570 0.7947
vn -0.7439 0.3552 0.5661
vn -0.5552 0.1912 0.8095
vn -0.5774 0.0823 0.8123
vn -0.5006 0.0936 0.8606
vn -0.4153 0.0860 0.9056
vn -0.5007 0.0823 0.8617
vn -0.5689 0.0480 0.8210
vn -0.3842 0.1308 0.9140
vn 0.6003 -0.1863 0.7778
vn 0.2979 -0.2548 0.9200
vn -0.2328 -0.1970 0.9524
vn -0.3656 -0.4225 0.8294
vn -0.3967 -0.1806 0.9000
vn -0.1136 -0.2842 0.9520
vn -0.0354 -0.3428 0.9388
vn 0.0254 -0.6067 0.7945
vn 0.1198 -0.5772 0.8077
vn -0.7403 -0.0967 0.6652
vn -0.4170 -0.3705 0.8300
vn -0.2548 -0.4475 0.8572
vn -0.5022 0.4447 0.7417
vn -0.3423 0.2855 0.8952
vn -0.4216 0.4159 0.8058
vn -0.4212 0.4160 0.8059
vn -0.4337 0.1685 0.8852
vn -0.5510 0.0597 0.8324
vn -0.3620 -0.0315 0.9316
vn -0.3793 0.1567 0.9119
vn -0.4812 0.1735 0.8593
vn 0.4813 -0.0688 0.8738
vn 0.5737 -0.4175 0.7047
vn 0.4501 -0.3229 0.8326
vn 0.3417 -0.4011 0.8499
vn 0.1827 -0.4139 0.8918
vn -0.5280 0.0338 0.8485
vn -0.4509 0.2441 0.8585
vn -0.1781 -0.1294 0.9755
vn -0.3740 -0.1438 0.9162
vn -0.2733 -0.1065 0.9560
vn -0.0548 -0.2700 0.9613
vn 0.3746 -0.2570 0.8908
vn -0.3901 -0.5533 0.7360
vn -0.2982 -0.6582 0.6913
vn -0.5195 -0.3293 0.7885
vn -0.7331 0.2304 0.6400
vn -0.3761 0.2589 0.8897
vn -0.5609 0.0081 0.8279
vn -0.5170 -0.0451 0.8548
vn -0.4926 0.0706 0.8674
vn -0.5655 0.1131 0.8170
vn -0.6621 0.0912 0.7438
vn -0.5761 0.0217 0.8171
vn 0.4833 -0.1027 0.8694
vn 0.6009 -0.1574 0.7837
vn 0.4163 -0.4498 0.7901
vn 0.4797 -0.4734 0.7387
vn 0.2641 -0.2709 0.9257
vn -0.1068 -0.0518 0.9929
vn -0.1165 -0.0167 0.9930
vn -0.2833 -0.0782 0.9558
vn -0.2715 -0.0772 0.9594
vn -0.2959 -0.0475 0.9540
vn -0.4947 -0.1156 0.8613
vn -0.2754 -0.1310 0.9524
vn -0.3826 -0.1532 0.9111
vn -0.4219 -0.1024 0.9008
vn 0.1439 -0.3852 0.9115
vn -0.3557 -0.1708 0.9189
vn -0.5589 -0.2638 0.7862
vn -0.3257 -0.4745 0.8178
vn -0.0273 -0.6943 0.7192
vn -0.3759 0.0649 0.9244
vn -0.5410 -0.1176 0.8328
vn -0.7641 0.2059 0.6114
vn -0.8450 0.2579 0.4684
vn -0.7541 0.3383 0.5629
vn -0.3872 0.1886 0.9025
vn -0.4770 -0.0923 0.8740
vn -0.4868 -0.0235 0.8732
vn 0.2613 -0.4626 0.8472
vn 0.5251 -0.1741 0.8330
vn 0.3908 -0.1601 0.9065
vn 0.4854 -0.4899 0.7241
vn 0.5487 -0.3402 0.7637
vn 0.2780 -0.3877 0.8788
vn -0.2301 0.0388 0.9724
vn -0.1962 -0.0704 0.9780
vn -0.3058 -0.1004 0.9468
vn -0.1512 -0.2096 0.9660
vn -0.3230 -0.0503 0.9450
vn 0.1116 0.3271 0.9384
vn -0.0912 -0.3156 0.9445
vn -0.1348 -0.2385 0.9617
vn -0.1051 -0.2368 0.9659
vn -0.0551 -0.2704 0.9612
vn 0.4660 -0.3142 0.8271
vn 0.4832 -0.3122 0.8180
vn 0.0877 -0.2394 0.9670
vn -0.3106 0.0467 0.9494
vn -0.7135 0.0518 0.6988
vn -0.5130 -0.0740 0.8552
vn -0.4335 -0.4897 0.7565
vn 0.1406 -0.5834 0.7999
vn -0.7085 -0.1921 0.6791
vn -0.6762 -0.0775 0.7327
vn -0.4854 -0.0848 0.8702
vn -0.6617 0.1519 0.7343
vn -0.3250 0.0639 0.9435
vn -0.5253 0.0145 0.8508
vn -0.2225 0.3337 0.9160
vn -0.5869 0.3205 0.7435
vn -0.3012 0.0735 0.9507
vn -0.5413 0.1507 0.8272
vn -0.5719 -0.0554 0.8185
vn -0.4047 -0.0234 0.9141
vn -0.5165 -0.0055 0.8563
vn -0.4067 -0.0068 0.9135
vn 0.3998 -0.4802 0.7807
vn 0.3953 -0.3217 0.8604
vn -0.0865 -0.0473 0.9951
vn -0.2827 -0.1226 0.9513
vn -0.5237 0.1136 0.8443
vn -0.1544 -0.2936 0.9434
vn -0.1843 -0.3888 0.9027
vn 0.2929 -0.2339 0.9271
vn 0.5481 -0.2717 0.7910
vn -0.2102 -0.7025 0.6799
vn -0.2155 0.6662 0.7140
vn -0.4180 0.7246 0.5479
vn -0.4652 0.3810 0.7990
vn -0.4900 0.0900 0.8671
vn -0.5650 0.0769 0.8215
vn -0.4301 -0.0108 0.9027
vn -0.5007 -0.0166 0.8655
vn -0.5984 0.2636 0.7566
vn 0.5905 -0.1388 0.7950
vn 0.4133 -0.2773 0.8674
vn 0.3782 -0.2512 0.8910
vn 0.3796 -0.2237 0.8977
vn -0.4201 0.0603 0.9055
vn -0.5325 0.1763 0.8279
vn -0.2814 -0.0727 0.9569
vn -0.2990 0.0028 0.9542
vn 0.4282 -0.2394 0.8714
vn -0.6727 -0.1147 0.7309
vn -0.7434 -0.0943 0.6622
vn -0.3988 -0.2550 0.8808
vn -0.7213 0.1218 0.6818
vn -0.7358 0.1392 0.6627
vn -0.4000 0.2939 0.8681
vn -0.3559 0.2315 0.9054
vn -0.7581 0.0193 0.6518
vn -0.3446 0.0759 0.9357
vn -0.5614 0.0532 0.8258
vn -0.2310 0.0393 0.9722
vn -0.5463 0.2318 0.8049
vn -0.5783 0.2353 0.7812
vn -0.4782 0.3538 0.8038
vn -0.3263 0.3855 0.8631
vn -0.5073 0.0968 0.8563
vn -0.4975 0.0151 0.8673
vn -0.5529 0.0589 0.8312
vn 0.2736 -0.4076 0.8712
vn 0.6217 -0.2840 0.7300
vn -0.0696 -0.1883 0.9797
vn -0.3892 -0.4732 0.7903
vn -0.6406 0.1672 0.7495
vn -0.3260 -0.0895 0.9411
vn -0.1983 -0.1100 0.9739
vn -0.0884 -0.1361 0.9867
vn -0.1731 -0.1468 0.9739
vn -0.4438 0.0789 0.8927
vn -0.4830 -0.3608 0.7978
vn -0.2011 -0.5576 0.8054
vn -0.1555 -0.1437 0.9773
vn -0.1100 -0.5802 0.8070
vn 0.2616 -0.4611 0.8479
vn -0.3929 0.2056 0.8963
vn -0.6386 0.0502 0.7679
vn -0.2807 -0.3988 0.8730
vn -0.3286 0.0460 0.9433
vn -0.7394 0.1508 0.6562
vn -0.3793 0.3654 0.8501
vn -0.7287 0.1382 0.6708
vn -0.8693 0.1391 0.4743
vn -0.7710 -0.1736 0.6127
vn -0.2650 0.0828 0.9607
vn -0.4429 0.4040 0.8004
vn -0.4863 0.0958 0.8685
vn -0.5042 -0.0817 0.8597
vn 0.3307 -0.4368 0.8366
vn 0.4076 -0.4265 0.8074
vn 0.5984 -0.0477 0.7998
vn 0.3008 -0.2674 0.9154
vn -0.0945 -0.2190 0.9711
vn -0.6416 -0.3411 0.6870
vn -0.6498 0.0447 0.7588
vn -0.2718 -0.0987 0.9573
vn -0.3785 -0.0440 0.9246
vn -0.2377 -0.1905 0.9525
vn -0.2537 -0.1832 0.9498
vn -0.0961 -0.3446 0.9338
vn -0.0179 -0.5293 0.8482
vn 0.4843 -0.5241 0.7006
vn 0.4067 -0.5487 0.7304
vn 0.2776 -0.7339 0.6200
vn -0.3498 -0.5210 0.7786
vn -0.4472 0.1500 0.8818
vn -0.2156 0.3627 0.9066
vn -0.7826 0.3817 0.4918
vn -0.3755 -0.1193 0.9191
vn -0.6333 0.1759 0.7537
vn -0.3164 0.3748 0.8714
vn -0.4381 0.4066 0.8017
vn -0.5260 0.0377 0.8497
vn -0.5690 0.0426 0.8212
vn 0.5193 -0.3119 0.7957
vn 0.6012 -0.0501 0.7976
vn 0.4849 -0.2149 0.8478
vn 0.4662 -0.2547 0.8472
vn 0.4025 -0.3343 0.8522
vn 0.0645 -0.1945 0.9788
vn -0.1685 -0.1534 0.9737
vn -0.1245 -0.1713 0.9773
vn -0.2835 -0.1956 0.9388
vn -0.3408 -0.1112 0.9335
vn -0.3386 -0.1122 0.9342
vn -0.3741 -0.3106 0.8738
vn -0.6480 -0.1380 0.7491
vn 0.0118 -0.3620 0.9321
vn -0.0670 -0.6037 0.7944
vn -0.0803 -0.6075 0.7903
vn -0.3463 -0.5363 0.7697
vn -0.6567 -0.1711 0.7344
vn -0.6256 -0.0647 0.7774
vn -0.5559 0.1760 0.8124
vn -0.3866 0.3585 0.8497
vn -0.3848 0.1471 0.9112
vn -0.4901 0.0235 0.8714
vn 0.4036 -0.2479 0.8807
vn 0.6356 -0.1946 0.7471
vn -0.4717 0.2798 0.8362
vn -0.7150 0.0328 0.6984
vn -0.6383 0.0237 0.7694
vn -0.3653 -0.1512 0.9185
vn -0.2867 -0.0017 0.9580
vn -0.2694 -0.6451 0.7150
vn -0.0490 -0.6587 0.7508
vn 0.3891 -0.5332 0.7512
vn 0.4864 -0.5146 0.7061
vn -0.4661 -0.3380 0.8176
vn -0.3100 -0.3726 0.8747
vn 0.0724 -0.4600 0.8850
vn -0.5124 -0.0466 0.8575
vn -0.5458 -0.0316 0.8373
vn -0.8145 0.3444 0.4669
vn -0.6375 0.0902 0.7651
vn -0.4795 0.0553 0.8758
vn -0.4858 0.1010 0.8682
vn -0.5045 0.1824 0.8439
vn 0.1334 -0.6673 0.7328
vn 0.3545 -0.3896 0.8500
vn -0.3114 0.0330 0.9497
vn -0.2199 -0.2438 0.9446
vn 0.0714 -0.5491 0.8327
vn 0.1467 -0.1518 0.9775
vn -0.5021 -0.1890 0.8439
vn -0.2219 -0.3420 0.9131
vn -0.4866 -0.4319 0.7594
vn -0.5223 0.1936 0.8305
vn -0.6735 0.1732 0.7186
vn -0.4865 -0.0179 0.8735
vn -0.4533 0.1766 0.8737
vn -0.8056 -0.1825 0.5637
vn -0.5635 -0.0266 0.8257
vn -0.3659 0.0303 0.9302
vn -0.3720 0.0403 0.9273
vn -0.2891 0.0595 0.9554
vn -0.5026 -0.0617 0.8623
vn -0.3676 0.3486 0.8622
vn -0.5034 0.0971 0.8586
vn -0.4282 0.2313 0.8736
vn -0.5386 -0.0122 0.8425
vn 0.4868 -0.3169 0.8140
vn 0.3679 -0.3008 0.8798
vn 0.3014 -0.2179 0.9283
vn -0.0969 -0.0174 0.9951
vn -0.5444 0.0199 0.8386
vn -0.1541 -0.1341 0.9789
vn -0.2263 -0.2382 0.9445
vn -0.3559 -0.1159 0.9273
vn 0.1523 -0.6183 0.7711
vn 0.0882 -0.8261 0.5565
vn 0.4674 -0.4238 0.7758
vn -0.3475 -0.0499 0.9363
vn -0.6705 -0.0445 0.7406
vn -0.7042 -0.1304 0.6979
vn -0.7781 -0.3540 0.5189
vn -0.5644 -0.3129 0.7639
vn -0.5938 0.1176 0.7960
vn -0.3693 0.0470 0.9281
vn -0.5778 0.1203 0.8072
vn -0.5360 0.1224 0.8353
vn -0.3696 0.3966 0.8403
vn -0.5809 0.2819 0.7636
vn -0.4293 0.2057 0.8794
vn -0.4803 0.2295 0.8466
vn -0.4483 0.2561 0.8564
vn -0.0361 -0.4708 0.8815
vn 0.2151 -0.5939 0.7753
vn 0.4480 -0.3554 0.8204
vn 0.4349 -0.2380 0.8684
vn -0.1914 -0.1686 0.9669
vn -0.3265 -0.1756 0.9288
vn 0.0068 -0.5248 0.8512
vn 0.1532 -0.5691 0.8079
vn -0.3376 0.0055 0.9413
vn -0.6876 0.3020 0.6603
vn -0.4695 0.1087 0.8762
vn -0.6857 -0.0086 0.7278
vn -0.4984 0.0026 0.8670
vn -0.3594 -0.1546 0.9203
vn -0.7961 -0.3209 0.5131
vn -0.6504 0.0072 0.7595
vn -0.4760 0.0886 0.8750
vn -0.5333 0.2082 0.8199
vn -0.3841 0.3445 0.8566
vn 0.6027 -0.3392 0.7223
vn 0.3791 -0.2940 0.8774
vn 0.3480 -0.2654 0.8991
vn 0.3068 -0.1991 0.9307
vn -0.1576 -0.3892 0.9076
vn -0.5220 -0.3276 0.7876
vn -0.6274 -0.0592 0.7764
vn -0.3691 -0.1439 0.9182
vn -0.3763 -0.0365 0.9258
vn -0.1775 -0.0419 0.9832
vn -0.2925 -0.2280 0.9287
vn -0.1745 -0.3445 0.9224
vn -0.2127 -0.2083 0.9547
vn 0.0668 -0.5156 0.8542
vn -0.0662 -0.6270 0.7762
vn 0.1980 -0.3936 0.8977
vn -0.5506 0.1162 0.8266
vn -0.4728 0.2949 0.8303
vn -0.5825 0.3138 0.7498
vn -0.4416 0.4421 0.7807
vn -0.4312 0.1430 0.8909
vn 0.2736 -0.5662 0.7776
vn 0.5678 -0.2416 0.7869
vn 0.3530 -0.1792 0.9183
vn -0.1987 -0.2831 0.9383
vn -0.4382 -0.2072 0.8746
vn -0.1595 -0.0650 0.9851
vn -0.4049 -0.0326 0.9138
vn -0.2113 -0.1807 0.9606
vn 0.1426 -0.5854 0.7981
vn -0.3564 -0.1908 0.9147
vn -0.4598 0.0723 0.8851
vn -0.5511 0.1667 0.8177
vn -0.4603 0.4222 0.7810
vn -0.6647 0.1239 0.7368
vn -0.5148 -0.0559 0.8555
vn -0.5306 -0.0476 0.8463
vn -0.5050 -0.1136 0.8556
vn -0.6552 -0.0226 0.7551
vn -0.6528 -0.0176 0.7573
vn -0.4455 0.2043 0.8717
vn -0.4134 0.3153 0.8542
vn -0.4714 0.3352 0.8157
vn -0.4287 0.1963 0.8819
vn 0.2092 -0.5316 0.8208
vn 0.5771 -0.2436 0.7795
vn 0.4043 -0.1523 0.9018
vn 0.2801 -0.0650 0.9578
vn -0.1874 -0.2032 0.9611
vn -0.6477 -0.0708 0.7586
vn -0.1927 -0.1757 0.9654
vn -0.1454 -0.2170 0.9653
vn -0.2323 -0.2353 0.9438
vn 0.1742 -0.2739 0.9459
vn 0.4720 -0.3214 0.8209
vn -0.4647 0.0849 0.8814
vn -0.5741 0.1656 0.8018
vn -0.5000 0.3424 0.7955
vn -0.5812 0.3142 0.7506
vn -0.3574 0.0966 0.9289
vn -0.2812 0.0416 0.9587
vn -0.4870 -0.1617 0.8583
vn -0.2807 0.0493 0.9585
vn -0.4055 0.0353 0.9134
vn -0.5114 0.1893 0.8382
vn -0.5073 0.1869 0.8413
vn -0.4298 0.3492 0.8327
vn -0.3760 0.2446 0.8937
vn -0.4094 0.1758 0.8953
vn 0.2565 -0.5338 0.8058
vn 0.3025 -0.1984 0.9323
vn 0.2475 -0.1875 0.9506
vn -0.6321 0.1590 0.7584
vn -0.1289 -0.2497 0.9597
vn -0.2326 -0.1894 0.9539
vn -0.3305 -0.0963 0.9389
vn -0.3600 -0.0888 0.9287
vn -0.2892 -0.2523 0.9234
vn 0.1970 -0.5559 0.8076
vn 0.0899 -0.6145 0.7838
vn -0.0460 -0.6362 0.7701
vn 0.3947 -0.4120 0.8212
vn -0.1859 -0.1428 0.9721
vn -0.3703 -0.1859 0.9101
vn -0.4850 -0.2500 0.8380
vn -0.5591 -0.2403 0.7935
vn -0.4891 -0.0573 0.8704
vn -0.6529 -0.0814 0.7531
vn -0.6463 0.3606 0.6725
vn -0.7419 0.3028 0.5983
vn -0.7176 0.2815 0.6370
vn -0.6265 0.0716 0.7761
vn -0.3038 0.0561 0.9511
vn -0.6625 -0.0072 0.7491
vn -0.5743 0.0013 0.8187
vn -0.3840 0.2435 0.8907
vn 0.3766 -0.4600 0.8041
vn -0.4240 0.0002 0.9057
vn -0.2811 -0.0372 0.9589
vn -0.2222 0.0044 0.9750
vn -0.3739 0.0073 0.9274
vn -0.1343 -0.2375 0.9621
vn -0.3738 -0.1763 0.9106
vn 0.0360 -0.4653 0.8844
vn 0.1979 -0.5560 0.8073
vn 0.0423 -0.4817 0.8753
vn -0.4274 -0.1102 0.8973
vn -0.2913 0.0431 0.9557
vn -0.5916 0.0462 0.8049
vn -0.5105 0.1914 0.8383
vn -0.4341 0.3217 0.8414
vn -0.4441 0.1870 0.8763
vn -0.4484 0.2953 0.8436
vn 0.4189 -0.2135 0.8826
vn 0.1481 -0.4807 0.8643
vn 0.3367 -0.4749 0.8131
vn 0.3533 -0.1622 0.9213
vn 0.3381 -0.1552 0.9282
vn -0.2947 -0.0373 0.9549
vn -0.3005 0.0630 0.9517
vn -0.1802 -0.3860 0.9047
vn -0.1750 -0.2511 0.9520
vn 0.2458 -0.4950 0.8334
vn 0.1923 -0.5286 0.8268
vn -0.5772 -0.0184 0.8164
vn -0.5803 -0.0184 0.8142
vn -0.6322 -0.0972 0.7687
vn -0.5602 -0.0582 0.8263
vn -0.6135 -0.0144 0.7895
vn -0.6380 0.0934 0.7643
vn -0.5795 -0.0544 0.8132
vn -0.5084 0.1908 0.8397
vn -0.4962 0.1256 0.8591
vn 0.3699 -0.4576 0.8086
vn -0.6699 0.1010 0.7356
vn -0.1913 -0.2511 0.9489
vn -0.2764 -0.0035 0.9610
vn -0.3161 0.0656 0.9465
vn -0.1636 -0.2349 0.9581
vn -0.3761 -0.1807 0.9088
vn -0.0859 -0.5191 0.8504
vn 0.0763 -0.1698 0.9825
vn -0.2256 -0.1893 0.9557
vn -0.5525 0.0352 0.8328
vn -0.5395 0.0444 0.8408
vn -0.6534 0.0581 0.7547
vn -0.6536 0.0580 0.7546
vn -0.6945 0.0713 0.7159
vn -0.4215 -0.2632 0.8678
vn -0.7041 -0.2408 0.6681
vn -0.8392 -0.0123 0.5437
vn -0.6225 0.1128 0.7745
vn -0.2936 0.0988 0.9508
vn -0.2695 0.0824 0.9595
vn -0.6530 0.0158 0.7572
vn -0.5990 0.0111 0.8007
vn -0.4823 0.1233 0.8673
vn -0.4317 0.1793 0.8840
vn -0.4663 0.2654 0.8439
vn 0.4422 -0.2513 0.8610
vn 0.5775 -0.2461 0.7784
vn 0.4260 -0.1308 0.8952
vn 0.3097 -0.1675 0.9360
vn 0.1233 0.0316 0.9919
vn 0.3941 -0.1280 0.9101
vn 0.5052 -0.0365 0.8622
vn 0.2321 -0.1120 0.9662
vn -0.1261 0.1118 0.9857
vn -0.2960 -0.2239 0.9286
vn -0.4032 -0.0439 0.9141
vn -0.3677 -0.0009 0.9299
vn -0.2708 -0.0050 0.9626
vn -0.2070 -0.1573 0.9656
vn 0.1864 -0.5552 0.8106
vn -0.0668 -0.5335 0.8431
vn -0.2172 -0.1029 0.9707
vn -0.6269 -0.2072 0.7511
vn -0.6821 -0.0547 0.7292
vn -0.5880 -0.1266 0.7989
vn -0.5599 0.1730 0.8103
vn -0.6597 0.0391 0.7505
vn -0.5673 0.0296 0.8230
vn -0.3905 0.1535 0.9077
vn 0.4041 -0.0077 0.9147
vn 0.2581 -0.5202 0.8141
vn 0.0054 -0.5379 0.8430
vn -0.4693 -0.1945 0.8614
vn -0.5758 -0.2904 0.7643
vn -0.6999 -0.0695 0.7109
vn -0.7574 -0.2976 0.5812
vn -0.7601 -0.2935 0.5798
vn -0.5677 -0.1388 0.8115
vn -0.5899 -0.1094 0.8000
vn -0.2895 0.1154 0.9502
vn -0.5773 -0.0722 0.8134
vn -0.6789 0.0098 0.7342
vn -0.4134 0.0329 0.9100
vn 0.4222 -0.2361 0.8752
vn 0.2592 -0.3589 0.8967
vn 0.3829 -0.3157 0.8682
vn 0.2963 -0.0270 0.9547
vn 0.3330 -0.2150 0.9181
vn -0.1424 -0.1921 0.9710
vn -0.6147 -0.1675 0.7708
vn 0.2639 -0.5096 0.8190
vn -0.0545 -0.4661 0.8831
vn -0.4531 -0.3937 0.7998
vn -0.4846 -0.3836 0.7861
vn -0.5729 -0.0565 0.8177
vn -0.6034 -0.0260 0.7970
vn -0.4851 -0.0371 0.8737
vn -0.4888 -0.0262 0.8720
vn -0.5559 0.1248 0.8218
vn -0.4069 0.2977 0.8636
vn 0.4158 -0.3769 0.8277
vn 0.4392 -0.3307 0.8353
vn 0.2121 0.1885 0.9589
vn 0.5288 -0.0581 0.8467
vn -0.5797 -0.0040 0.8148
vn -0.1802 -0.3114 0.9330
vn -0.4121 -0.0832 0.9074
vn -0.2681 0.0560 0.9618
vn -0.2275 -0.2735 0.9346
vn -0.1739 -0.4775 0.8613
vn 0.1408 -0.5244 0.8397
vn -0.3019 -0.2233 0.9268
vn -0.5605 -0.1398 0.8162
vn -0.6343 0.1317 0.7618
vn -0.5376 -0.0589 0.8412
vn -0.3915 -0.1029 0.9144
vn -0.3180 -0.0952 0.9433
vn -0.5501 0.0324 0.8345
vn -0.4582 -0.0107 0.8888
vn -0.4580 0.0906 0.8843
vn -0.5159 0.0551 0.8549
vn 0.3779 -0.1715 0.9098
vn 0.3659 -0.2801 0.8875
vn 0.1878 -0.1818 0.9652
vn 0.2207 -0.1648 0.9613
vn -0.2069 -0.1405 0.9682
vn 0.9660 0.2488 0.0708
vn -0.0015 -0.1917 0.9815
vn -0.0787 -0.1883 0.9790
vn -0.0238 -0.2124 0.9769
vn 0.0314 -0.4267 0.9038
vn -0.1744 -0.1412 0.9745
vn -0.1678 -0.1282 0.9775
vn -0.5472 -0.1721 0.8191
vn -0.4072 -0.3096 0.8592
vn -0.2213 -0.1047 0.9696
vn -0.5248 0.1380 0.8399
vn -0.6234 0.0400 0.7809
vn -0.4443 0.0140 0.8957
vn -0.4948 0.0626 0.8667
vn -0.6015 0.3071 0.7375
vn -0.7822 0.2262 0.5806
vn -0.6243 0.1552 0.7656
vn -0.3713 -0.0375 0.9278
vn -0.5839 -0.0794 0.8080
vn -0.5615 -0.0075 0.8275
vn -0.4671 0.0545 0.8825
vn -0.5065 0.0220 0.8620
vn -0.4058 0.2721 0.8725
vn 0.3478 -0.1592 0.9240
vn 0.3854 -0.0501 0.9214
vn 0.2736 -0.1908 0.9427
vn -0.2071 -0.2763 0.9385
vn -0.3502 -0.1834 0.9185
vn -0.3088 0.1267 0.9427
vn -0.2157 -0.3517 0.9109
vn 0.2580 -0.5508 0.7937
vn -0.0774 -0.1771 0.9811
vn -0.0982 -0.3062 0.9469
vn -0.5972 -0.1394 0.7899
vn -0.6259 0.1626 0.7627
vn -0.5052 0.0301 0.8625
vn -0.6836 -0.0469 0.7284
vn -0.5258 -0.3201 0.7881
vn -0.7479 0.0560 0.6615
vn -0.4332 -0.1184 0.8935
vn -0.3824 -0.2364 0.8932
vn -0.5636 -0.0968 0.8203
vn -0.6439 -0.1873 0.7418
vn -0.4554 -0.2282 0.8606
vn -0.5394 -0.1355 0.8311
vn 0.3453 -0.2631 0.9009
vn 0.3932 -0.2566 0.8829
vn 0.3500 -0.1231 0.9286
vn 0.3093 0.0520 0.9495
vn 0.5216 0.0022 0.8532
vn 0.3835 0.0885 0.9193
vn -0.1926 -0.3182 0.9282
vn 0.2155 -0.5759 0.7886
vn 0.1871 -0.5755 0.7961
vn -0.1202 -0.3732 0.9199
vn -0.3798 -0.2844 0.8803
vn -0.5910 -0.0243 0.8063
vn -0.6442 0.1766 0.7442
vn -0.5571 0.0169 0.8303
vn -0.6108 0.0279 0.7913
vn -0.6874 -0.0692 0.7230
vn -0.3479 -0.3483 0.8704
vn -0.4678 -0.2268 0.8542
vn -0.6105 -0.2214 0.7604
vn -0.5931 -0.2624 0.7612
vn -0.6157 -0.2523 0.7465
vn -0.5161 -0.0505 0.8550
vn -0.4178 -0.1089 0.9020
vn -0.5863 -0.0719 0.8069
vn -0.5055 -0.0492 0.8614
vn -0.5865 0.0907 0.8048
vn 0.3771 -0.2808 0.8826
vn 0.0327 0.0145 0.9994
vn 0.3939 -0.1891 0.8995
vn -0.5241 -0.1942 0.8292
vn -0.4906 0.1159 0.8636
vn -0.4830 0.1095 0.8687
vn -0.2461 0.0932 0.9647
vn 0.0166 -0.1306 0.9913
vn 0.1281 -0.5462 0.8278
vn -0.1362 -0.0169 0.9905
vn -0.5180 0.0575 0.8534
vn -0.5461 -0.0119 0.8377
vn -0.5448 0.0951 0.8331
vn -0.6280 0.1715 0.7591
vn -0.7496 0.0407 0.6607
vn -0.5173 0.0121 0.8557
vn -0.3450 0.0093 0.9386
vn -0.4685 -0.2240 0.8546
vn -0.4446 -0.0711 0.8929
vn -0.4908 -0.1200 0.8630
vn -0.5908 0.1156 0.7985
vn 0.3942 -0.1935 0.8984
vn 0.2968 -0.1409 0.9445
vn 0.4690 -0.2756 0.8391
vn -0.1366 -0.2253 0.9647
vn -0.4366 0.1086 0.8931
vn 0.2046 -0.5820 0.7870
vn -0.2940 -0.0200 0.9556
vn -0.2937 -0.0205 0.9557
vn -0.5406 0.1055 0.8346
vn -0.5791 0.0782 0.8115
vn -0.7694 0.0114 0.6386
vn -0.4565 -0.4110 0.7891
vn -0.3537 -0.2818 0.8919
vn -0.4075 0.3193 0.8555
vn -0.4383 0.3355 0.8339
vn -0.7148 -0.0824 0.6945
vn -0.6059 -0.1412 0.7829
vn -0.4738 -0.2850 0.8333
vn -0.5699 -0.1346 0.8106
vn -0.6226 -0.2348 0.7464
vn 0.3690 -0.1959 0.9085
vn 0.2840 -0.1004 0.9535
vn 0.3474 -0.1140 0.9307
vn 0.5206 -0.1012 0.8478
vn 0.2626 -0.1786 0.9482
vn 0.3579 -0.1027 0.9281
vn 0.3069 -0.1005 0.9464
vn -0.5173 -0.1684 0.8391
vn -0.0122 -0.2691 0.9630
vn -0.1953 -0.2745 0.9415
vn -0.1083 -0.3500 0.9305
vn -0.4778 0.0923 0.8736
vn -0.5456 0.1078 0.8311
vn -0.5374 -0.3338 0.7745
vn -0.5792 0.2697 0.7693
vn -0.5051 0.1480 0.8503
vn -0.4022 0.1591 0.9016
vn -0.5004 0.3324 0.7994
vn -0.5048 0.3289 0.7981
vn -0.4085 -0.2858 0.8668
vn -0.5379 -0.0215 0.8427
vn 0.3033 -0.1499 0.9410
vn -0.2213 -0.1001 0.9701
vn -0.2192 -0.1011 0.9704
vn -0.4680 0.0554 0.8820
vn -0.1708 -0.0202 0.9851
vn 0.0222 -0.5628 0.8263
vn 0.0960 -0.6020 0.7927
vn 0.1840 -0.5903 0.7859
vn -0.0760 -0.3262 0.9422
vn -0.3603 -0.3377 0.8696
vn -0.0990 -0.4062 0.9084
vn -0.5414 0.1258 0.8313
vn -0.5726 0.0600 0.8176
vn -0.5213 -0.2380 0.8195
vn -0.5844 -0.3048 0.7520
vn -0.4718 0.1852 0.8620
vn -0.5603 0.2373 0.7936
vn -0.5813 0.1270 0.8037
vn -0.4835 0.4334 0.7605
vn -0.4878 0.4331 0.7579
vn -0.6786 -0.0738 0.7308
vn -0.6051 0.0167 0.7960
vn 0.3387 -0.0402 0.9400
vn 0.3325 0.0332 0.9425
vn 0.1169 -0.0749 0.9903
vn -0.5041 -0.2187 0.8355
vn -0.4712 0.0204 0.8818
vn -0.4958 -0.0750 0.8652
vn -0.1002 -0.4062 0.9083
vn -0.3187 -0.3115 0.8952
vn -0.5253 0.1251 0.8417
vn -0.5077 -0.2920 0.8106
vn -0.5572 -0.2942 0.7765
vn -0.5040 -0.2583 0.8242
vn -0.6010 -0.2854 0.7466
vn -0.5421 -0.3070 0.7822
vn -0.7040 0.0714 0.7066
vn -0.6751 0.0637 0.7350
vn -0.7698 -0.0027 0.6383
vn -0.3695 0.1450 0.9178
vn -0.6557 0.2315 0.7187
vn -0.2953 0.1118 0.9489
vn -0.5357 0.2248 0.8140
vn -0.3592 -0.0022 0.9333
vn -0.6090 0.0268 0.7927
vn -0.5828 -0.0015 0.8126
vn 0.3782 0.1355 0.9157
vn 0.4080 -0.1713 0.8968
vn 0.1950 -0.0258 0.9805
vn 0.0664 -0.1871 0.9801
vn 0.1821 -0.2604 0.9482
vn 0.0303 -0.3318 0.9429
vn -0.2841 -0.1480 0.9473
vn -0.4545 -0.1302 0.8812
vn -0.6286 0.0173 0.7775
vn -0.4876 -0.3155 0.8141
vn -0.7956 0.0299 0.6050
vn -0.6883 0.0926 0.7195
vn -0.5441 0.1110 0.8316
vn -0.4454 0.2714 0.8532
vn -0.5110 0.2876 0.8100
vn -0.4861 -0.0619 0.8717
vn -0.5486 0.0452 0.8349
vn -0.4900 0.0660 0.8692
vn 0.3924 -0.1371 0.9095
vn 0.4401 -0.1443 0.8863
vn 0.3089 0.1042 0.9454
vn 0.3668 0.0447 0.9292
vn 0.1745 -0.0284 0.9842
vn 0.5008 -0.0964 0.8602
vn 0.4289 -0.0299 0.9029
vn -0.5632 -0.1674 0.8092
vn 0.0329 -0.2299 0.9727
vn 0.0156 -0.3590 0.9332
vn 0.1600 -0.4994 0.8515
vn 0.1922 -0.5265 0.8282
vn -0.4692 -0.0558 0.8813
vn -0.3079 -0.1222 0.9435
vn -0.4861 -0.3543 0.7989
vn -0.5821 -0.2723 0.7661
vn -0.5483 0.3309 0.7680
vn -0.5067 0.3322 0.7955
vn -0.6454 0.3313 0.6883
vn -0.5130 -0.0512 0.8569
vn -0.5232 0.1194 0.8438
vn -0.3904 0.0911 0.9161
vn -0.5795 -0.0344 0.8143
vn -0.4603 0.3801 0.8022
vn -0.3108 0.2340 0.9212
vn -0.5046 0.2563 0.8244
vn 0.3435 -0.1909 0.9195
vn 0.2208 -0.2582 0.9405
vn -0.1562 -0.3412 0.9269
vn -0.4742 -0.1074 0.8738
vn -0.4507 -0.0225 0.8924
vn -0.3869 -0.1840 0.9036
vn 0.0944 -0.3100 0.9461
vn -0.2421 -0.2016 0.9491
vn -0.6161 -0.0418 0.7865
vn -0.4667 -0.2996 0.8321
vn -0.3390 -0.2940 0.8937
vn -0.2142 -0.3569 0.9093
vn -0.1511 -0.5410 0.8274
vn -0.5523 -0.4261 0.7165
vn -0.7188 0.2183 0.6601
vn -0.6023 0.2569 0.7558
vn -0.5194 -0.0141 0.8544
vn -0.5612 0.0590 0.8256
vn -0.5685 0.0602 0.8205
vn -0.6122 0.0500 0.7891
vn -0.5402 0.2068 0.8158
vn -0.4361 0.2429 0.8665
vn -0.5700 -0.0384 0.8208
vn 0.1585 -0.6129 0.7741
vn -0.0678 -0.3185 0.9455
vn -0.2814 -0.2023 0.9380
vn -0.0016 -0.3638 0.9315
vn -0.3550 0.5334 0.7678
vn -0.5336 -0.4582 0.7108
vn -0.6133 0.1767 0.7698
vn -0.5646 0.2755 0.7781
vn -0.7947 0.1594 0.5857
vn -0.4246 0.3059 0.8521
vn -0.6096 -0.0320 0.7920
vn -0.5805 0.1786 0.7945
vn -0.4376 0.2106 0.8741
vn -0.4066 0.2826 0.8688
vn -0.4362 0.2476 0.8651
vn -0.5070 0.2921 0.8109
vn -0.5389 0.0788 0.8387
vn 0.4230 0.1012 0.9005
vn 0.3568 0.0535 0.9326
vn 0.4341 -0.0452 0.8997
vn -0.4756 -0.2410 0.8460
vn -0.3869 -0.1822 0.9040
vn 0.1434 -0.4794 0.8658
vn 0.2031 -0.6360 0.7445
vn -0.0629 -0.3830 0.9216
vn -0.2286 -0.3161 0.9208
vn -0.2169 0.1296 0.9675
vn -0.3766 0.5174 0.7684
vn -0.2794 0.4073 0.8695
vn -0.2430 0.4420 0.8635
vn -0.5304 0.4173 0.7379
vn -0.6718 0.1545 0.7245
vn -0.4775 0.2852 0.8311
vn -0.6349 0.3384 0.6945
vn -0.4251 0.3116 0.8498
vn -0.4186 0.1543 0.8950
vn -0.4134 0.1531 0.8976
vn -0.5633 -0.1329 0.8155
vn -0.6352 -0.1478 0.7580
vn 0.4392 -0.0884 0.8940
vn 0.2768 -0.1197 0.9535
vn -0.5608 -0.1840 0.8073
vn -0.4555 -0.2294 0.8602
vn -0.4805 -0.2362 0.8446
vn 0.2614 -0.5037 0.8234
vn 0.2238 -0.6265 0.7466
vn 0.0790 -0.6486 0.7570
vn -0.0292 0.3277 0.9443
vn -0.4176 0.3941 0.8187
vn -0.3015 0.3057 0.9031
vn -0.3095 0.5158 0.7989
vn -0.6660 0.2142 0.7145
vn -0.5865 0.4639 0.6640
vn -0.5858 0.4977 0.6397
vn -0.4503 0.3035 0.8397
vn -0.5418 -0.0292 0.8400
vn -0.3587 0.0809 0.9299
vn -0.6241 -0.1332 0.7699
vn -0.5153 0.1073 0.8503
vn -0.5081 0.2547 0.8228
vn -0.4890 0.2107 0.8464
vn -0.4649 0.2145 0.8590
vn -0.5488 0.0999 0.8300
vn -0.5256 0.1021 0.8446
vn 0.3379 -0.1822 0.9234
vn 0.2304 -0.0096 0.9731
vn 0.4310 0.1163 0.8948
vn -0.1194 -0.0010 0.9928
vn -0.4989 -0.0281 0.8662
vn -0.1213 -0.3739 0.9195
vn 0.1651 -0.3737 0.9127
vn 0.2311 -0.3838 0.8940
vn -0.1236 -0.3941 0.9107
vn 0.0369 0.3208 0.9464
vn -0.6108 0.2983 0.7334
vn -0.3113 0.5456 0.7781
vn -0.3995 0.5107 0.7613
vn -0.6685 0.2617 0.6961
vn -0.6596 0.0860 0.7466
vn -0.7330 0.3469 0.5852
vn -0.4655 0.2773 0.8405
vn -0.7583 -0.0094 0.6518
vn -0.4195 0.1940 0.8867
vn -0.4783 0.2137 0.8518
vn 0.2453 0.0495 0.9682
vn 0.4156 0.1239 0.9011
vn 0.3536 0.1000 0.9300
vn 0.3168 -0.2742 0.9080
vn 0.2423 -0.2270 0.9433
vn -0.4406 -0.1050 0.8915
vn 0.0328 -0.3266 0.9446
vn 0.0847 -0.3553 0.9309
vn 0.1410 -0.7795 0.6104
vn -0.3542 0.2341 0.9054
vn -0.3792 0.4486 0.8093
vn -0.3091 0.5336 0.7873
vn -0.1618 0.4329 0.8868
vn -0.3677 0.4997 0.7843
vn -0.1809 0.6629 0.7266
vn -0.6834 0.2707 0.6780
vn -0.7339 0.3375 0.5895
vn -0.5472 0.1252 0.8276
vn -0.5764 0.1230 0.8078
vn -0.4869 0.0929 0.8685
vn -0.5060 0.1063 0.8560
vn -0.4878 0.1981 0.8502
vn -0.4153 0.1056 0.9035
vn -0.4986 0.1495 0.8538
vn -0.5209 0.0924 0.8486
vn 0.1762 -0.0202 0.9841
vn 0.5790 -0.0635 0.8128
vn 0.1944 -0.3587 0.9130
vn 0.5079 -0.5184 0.6879
vn -0.1437 0.0314 0.9891
vn -0.3461 0.2051 0.9155
vn -0.3674 0.2056 0.9071
vn -0.2504 0.5442 0.8007
vn -0.4117 0.5079 0.7567
vn -0.4587 0.1836 0.8694
vn -0.5634 0.1382 0.8146
vn -0.4768 0.2454 0.8441
vn -0.4358 0.2948 0.8504
vn -0.3487 0.3835 0.8552
vn -0.4459 -0.2188 0.8679
vn -0.5223 0.0573 0.8509
vn 0.4256 -0.0022 0.9049
vn 0.4149 0.0917 0.9053
vn 0.3753 -0.1193 0.9192
vn 0.4028 -0.1740 0.8986
vn 0.5176 -0.4948 0.6981
vn -0.1262 -0.2250 0.9661
vn 0.2929 -0.6121 0.7346
vn -0.3473 0.5458 0.7626
vn -0.3056 0.5373 0.7861
vn -0.3156 0.6317 0.7080
vn -0.5861 0.4333 0.6847
vn -0.5359 0.4047 0.7409
vn -0.6654 0.3197 0.6746
vn -0.6438 0.3413 0.6849
vn -0.6859 0.2260 0.6917
vn -0.7551 0.2940 0.5861
vn -0.4638 0.4113 0.7847
vn -0.4672 0.3030 0.8306
vn -0.3277 0.1750 0.9284
vn -0.5741 0.3465 0.7419
vn -0.5154 0.2718 0.8127
vn -0.6180 0.3426 0.7076
vn -0.5396 0.0839 0.8377
vn -0.4893 0.2068 0.8472
vn -0.4859 0.1977 0.8514
vn -0.4266 -0.0812 0.9008
vn 0.5691 -0.1489 0.8087
vn 0.5499 -0.4550 0.7004
vn -0.1176 0.0145 0.9930
vn -0.4383 -0.2185 0.8719
vn -0.4932 -0.0782 0.8664
vn -0.2131 -0.2301 0.9495
vn 0.0627 -0.3656 0.9287
vn 0.2313 -0.3726 0.8987
vn -0.4479 0.3434 0.8255
vn 0.1110 0.2349 0.9657
vn -0.3823 0.5127 0.7688
vn -0.2531 0.6031 0.7565
vn -0.3082 0.6178 0.7234
vn -0.4102 0.4998 0.7629
vn -0.5093 0.5474 0.6640
vn -0.5652 0.1219 0.8159
vn -0.5213 0.3190 0.7915
vn -0.7411 0.3064 0.5974
vn -0.5319 0.2700 0.8026
vn -0.6338 0.4136 0.6537
vn -0.5480 0.2800 0.7883
vn -0.5045 0.2718 0.8195
vn -0.4622 0.0590 0.8848
vn 0.2744 -0.2921 0.9162
vn 0.4319 0.0791 0.8984
vn 0.3967 -0.1084 0.9115
vn 0.2583 -0.1256 0.9578
vn 0.6071 0.0061 0.7946
vn -0.0917 -0.0657 0.9936
vn -0.5105 -0.0728 0.8568
vn -0.5284 0.0037 0.8490
vn -0.4164 0.5041 0.7566
vn -0.4163 0.4234 0.8046
vn -0.5055 0.2497 0.8259
vn -0.5580 0.1161 0.8217
vn -0.4351 0.3813 0.8157
vn -0.4287 0.3833 0.8181
vn -0.4760 0.2291 0.8491
vn -0.3764 0.1317 0.9170
vn -0.4477 0.0906 0.8896
vn -0.4790 0.0623 0.8756
vn 0.3704 0.0698 0.9263
vn 0.3794 -0.1243 0.9168
vn 0.4389 -0.2923 0.8497
vn 0.1510 -0.2991 0.9422
vn -0.4363 -0.0211 0.8995
vn 0.2575 -0.5620 0.7860
vn 0.1001 -0.5045 0.8576
vn 0.3080 -0.4632 0.8310
vn 0.3738 -0.3974 0.8381
vn -0.3736 0.1375 0.9173
vn -0.3267 0.2151 0.9203
vn -0.4021 0.3500 0.8460
vn -0.3109 0.5924 0.7433
vn -0.2421 0.4850 0.8403
vn -0.2860 0.4922 0.8222
vn -0.3327 0.2462 0.9103
vn -0.5429 0.5229 0.6572
vn -0.6618 0.3345 0.6709
vn -0.5312 -0.0124 0.8471
vn -0.6499 -0.0361 0.7592
vn -0.6358 0.1444 0.7582
vn -0.4052 0.3714 0.8354
vn -0.3445 0.1677 0.9237
vn -0.4659 0.4551 0.7588
vn -0.4661 0.2318 0.8538
vn -0.3873 0.2624 0.8838
vn -0.6442 0.2610 0.7189
vn -0.4878 0.1846 0.8532
vn -0.3720 -0.0775 0.9250
vn -0.5539 0.0420 0.8315
vn 0.2125 -0.1275 0.9688
vn 0.1645 -0.0634 0.9843
vn 0.4107 0.0491 0.9104
vn 0.5208 -0.2623 0.8123
vn 0.4232 -0.3894 0.8181
vn -0.1917 -0.1365 0.9719
vn -0.4825 -0.0738 0.8728
vn -0.5329 -0.0503 0.8447
vn -0.5688 -0.0338 0.8217
vn 0.1246 -0.5451 0.8291
vn 0.1581 -0.5096 0.8458
vn -0.4683 -0.0778 0.8801
vn -0.5187 0.0776 0.8514
vn -0.4038 0.5712 0.7146
vn -0.4842 0.0704 0.8721
vn -0.7454 -0.1513 0.6493
vn -0.3337 0.2924 0.8962
vn -0.4862 0.3479 0.8016
vn -0.4172 0.2633 0.8698
vn -0.4944 0.1784 0.8507
vn -0.4357 -0.1823 0.8815
vn 0.1630 -0.4323 0.8869
vn 0.4703 -0.0016 0.8825
vn 0.0237 -0.3651 0.9307
vn -0.2170 -0.0836 0.9726
vn -0.4841 -0.0854 0.8708
vn 0.2603 -0.4631 0.8473
vn 0.2210 -0.2486 0.9431
vn -0.3599 -0.0138 0.9329
vn -0.4185 0.0751 0.9051
vn -0.4103 0.1103 0.9053
vn -0.3941 0.3228 0.8605
vn -0.4696 0.3531 0.8092
vn -0.4178 0.4930 0.7632
vn -0.5135 0.3435 0.7863
vn -0.3051 0.3739 0.8759
vn -0.6118 0.0573 0.7889
vn -0.6218 0.2249 0.7502
vn -0.4721 0.1871 0.8615
vn -0.8383 -0.0192 0.5449
vn -0.5282 0.3636 0.7673
vn -0.4601 0.3221 0.8274
vn -0.4095 -0.2093 0.8880
vn 0.1933 -0.1019 0.9758
vn 0.4846 -0.0024 0.8747
vn -0.2086 -0.2629 0.9420
vn 0.1184 -0.5191 0.8465
vn -0.5489 0.1641 0.8197
vn -0.2553 0.4041 0.8784
vn -0.3122 0.4287 0.8478
vn -0.5584 0.3738 0.7406
vn -0.4873 0.3640 0.7937
vn -0.5293 0.4719 0.7051
vn -0.5486 0.4506 0.7043
vn -0.4772 0.2367 0.8463
vn -0.6949 0.0605 0.7165
vn -0.7091 0.0055 0.7051
vn -0.6166 0.1027 0.7805
vn -0.4008 0.4334 0.8072
vn -0.4168 0.4372 0.7969
vn -0.5441 0.3290 0.7718
vn -0.3945 -0.0478 0.9177
vn -0.4784 -0.0240 0.8778
vn -0.3845 -0.1128 0.9162
vn 0.3032 -0.0214 0.9527
vn 0.4871 -0.0258 0.8729
vn 0.0813 -0.4042 0.9110
vn -0.2372 -0.3802 0.8940
vn -0.4689 -0.2383 0.8505
vn -0.1265 -0.2688 0.9549
vn 0.2665 -0.4136 0.8706
vn -0.4710 -0.0708 0.8793
vn -0.4896 0.0115 0.8719
vn -0.4588 0.2772 0.8442
vn -0.2658 0.2986 0.9166
vn -0.3323 0.3783 0.8640
vn -0.4301 0.3436 0.8348
vn -0.4488 0.5074 0.7356
vn -0.3399 0.1974 0.9195
vn -0.3991 0.4424 0.8031
vn -0.4517 0.3056 0.8382
vn -0.4150 0.4550 0.7879
vn -0.5278 0.3228 0.7856
vn -0.4981 0.1579 0.8526
vn -0.4620 0.0369 0.8861
vn -0.4382 -0.1814 0.8804
vn 0.3387 -0.2791 0.8985
vn 0.1902 -0.1490 0.9704
vn 0.5579 -0.1086 0.8228
vn 0.2493 -0.4112 0.8768
vn -0.4286 -0.1415 0.8923
vn -0.2432 -0.1566 0.9573
vn -0.5850 -0.0175 0.8108
vn -0.3484 0.1123 0.9306
vn -0.4766 0.1201 0.8709
vn -0.3616 0.3253 0.8738
vn -0.6416 -0.0267 0.7665
vn -0.6571 0.4396 0.6124
vn -0.7119 0.1624 0.6832
vn -0.5910 -0.1848 0.7852
vn -0.6545 -0.0983 0.7496
vn -0.5432 0.3296 0.7722
vn -0.4515 0.2688 0.8508
vn -0.4533 0.1483 0.8789
vn -0.3461 -0.0205 0.9380
vn -0.3403 -0.0226 0.9400
vn -0.3800 -0.1133 0.9180
vn -0.3697 -0.1224 0.9210
vn -0.4202 -0.1579 0.8936
vn 0.1102 -0.3717 0.9218
vn 0.4589 -0.0210 0.8883
vn -0.3257 -0.1903 0.9261
vn 0.0994 -0.4086 0.9073
vn 0.2114 -0.3378 0.9171
vn -0.4520 -0.0499 0.8906
vn -0.6627 -0.1630 0.7309
vn -0.4734 0.2361 0.8486
vn -0.4830 0.2440 0.8409
vn -0.4523 0.2812 0.8464
vn -0.5987 0.6012 0.5293
vn -0.5272 -0.1240 0.8406
vn -0.4050 0.4491 0.7964
vn -0.4913 0.3861 0.7808
vn -0.3947 -0.0405 0.9179
vn 0.3456 -0.2876 0.8932
vn 0.1565 -0.3691 0.9161
vn 0.2205 -0.2135 0.9517
vn 0.4126 -0.2560 0.8742
vn 0.1347 0.0479 0.9897
vn -0.5592 -0.0747 0.8256
vn -0.4483 -0.0496 0.8925
vn -0.2879 -0.0831 0.9540
vn -0.4834 -0.1299 0.8657
vn -0.5168 -0.1160 0.8482
vn -0.4701 0.4433 0.7632
vn -0.4740 0.2360 0.8483
vn -0.4418 0.0957 0.8920
vn -0.5613 0.1602 0.8119
vn -0.3872 0.2858 0.8766
vn -0.5974 0.1918 0.7787
vn -0.4470 0.5641 0.6943
vn -0.6161 -0.1037 0.7808
vn -0.5081 0.2142 0.8342
vn -0.5050 0.2759 0.8178
vn -0.4477 0.2420 0.8608
vn -0.4790 0.1090 0.8710
vn -0.4607 0.0076 0.8875
vn -0.3118 -0.2356 0.9205
vn 0.3431 -0.3906 0.8542
vn 0.0239 -0.2653 0.9639
vn -0.2931 -0.1192 0.9486
vn -0.5239 -0.1896 0.8304
vn 0.1052 -0.3997 0.9106
vn 0.2645 -0.5453 0.7954
vn 0.2809 -0.4880 0.8264
vn 0.1522 -0.4721 0.8683
vn -0.4280 0.3458 0.8350
vn -0.2776 0.5516 0.7866
vn -0.3486 0.0185 0.9371
vn -0.4077 -0.0454 0.9120
vn -0.4954 -0.0496 0.8673
vn -0.5548 0.1539 0.8176
vn -0.3978 0.1981 0.8958
vn -0.6025 0.1885 0.7755
vn -0.8468 0.2293 0.4800
vn -0.4967 0.3743 0.7830
vn -0.5166 0.1671 0.8398
vn -0.6070 0.1507 0.7803
vn -0.7033 0.0361 0.7100
vn -0.5307 0.2643 0.8053
vn -0.3595 0.1139 0.9262
vn -0.4284 -0.2086 0.8792
vn -0.2757 -0.2471 0.9290
vn -0.4320 -0.3700 0.8225
vn 0.4022 -0.2231 0.8879
vn -0.5556 -0.0935 0.8262
vn -0.4248 -0.2793 0.8612
vn -0.1368 -0.3046 0.9426
vn 0.0960 -0.5445 0.8333
vn -0.6322 0.2820 0.7216
vn -0.4432 0.3591 0.8213
vn -0.4592 0.5035 0.7319
vn -0.2159 -0.0435 0.9754
vn -0.5632 -0.0276 0.8259
vn -0.4847 -0.0620 0.8725
vn -0.3163 0.2728 0.9086
vn -0.5420 0.0454 0.8392
vn -0.2579 -0.0835 0.9626
vn -0.5408 -0.1322 0.8307
vn -0.5204 -0.1033 0.8476
vn -0.6017 0.1549 0.7836
vn -0.8436 0.2170 0.4912
vn -0.6891 0.1455 0.7099
vn -0.3445 0.4892 0.8012
vn -0.6227 0.2814 0.7301
vn -0.6760 0.2787 0.6822
vn -0.4143 0.0339 0.9095
vn -0.4255 -0.0289 0.9045
vn -0.3938 -0.0386 0.9184
vn -0.4672 -0.3219 0.8234
vn 0.5435 0.1368 0.8282
vn 0.2508 -0.0009 0.9680
vn 0.0256 -0.2931 0.9557
vn 0.2181 -0.2198 0.9508
vn 0.3056 -0.3111 0.8999
vn 0.5578 -0.1339 0.8191
vn 0.0073 -0.0471 0.9989
vn -0.1877 -0.5131 0.8376
vn 0.0978 -0.3990 0.9117
vn 0.1449 -0.6573 0.7396
vn -0.3565 0.3119 0.8807
vn -0.1325 0.4273 0.8944
vn -0.5499 0.1374 0.8239
vn -0.2750 0.1223 0.9536
vn -0.5181 -0.1119 0.8480
vn -0.4928 -0.1106 0.8631
vn -0.4921 0.3739 0.7862
vn -0.4399 0.5377 0.7193
vn -0.6640 0.2040 0.7194
vn -0.5685 0.1834 0.8020
vn -0.5005 0.2680 0.8232
vn -0.4811 0.2831 0.8297
vn -0.5427 0.2942 0.7867
vn -0.4167 0.1394 0.8983
vn -0.5717 0.2101 0.7931
vn 0.2378 0.0088 0.9713
vn 0.4983 -0.0887 0.8624
vn 0.2547 -0.4393 0.8615
vn -0.4283 -0.2999 0.8524
vn -0.6003 -0.1706 0.7814
vn 0.0973 -0.5463 0.8319
vn 0.2685 -0.6027 0.7514
vn -0.4149 0.1363 0.8996
vn -0.3921 0.3805 0.8375
vn -0.4426 0.3936 0.8057
vn -0.1633 0.5605 0.8119
vn -0.2356 0.5670 0.7893
vn -0.5033 0.2347 0.8316
vn -0.4592 0.1376 0.8776
vn -0.4510 0.2206 0.8648
vn -0.5001 0.1867 0.8456
vn -0.5110 0.2421 0.8248
vn -0.5229 0.0159 0.8522
vn -0.4656 -0.0273 0.8846
vn -0.5155 0.1578 0.8423
vn -0.5780 0.2382 0.7805
vn -0.3740 -0.0806 0.9239
vn -0.3883 -0.0662 0.9191
vn 0.4362 0.2292 0.8702
vn 0.1897 -0.0093 0.9818
vn 0.6014 -0.0717 0.7957
vn 0.1292 -0.7320 0.6689
vn -0.5735 -0.1046 0.8125
vn 0.2117 -0.3063 0.9281
vn -0.3114 0.4662 0.8281
vn -0.3405 0.3927 0.8543
vn -0.5914 0.3817 0.7103
vn -0.4459 0.2316 0.8646
vn -0.4211 0.3843 0.8216
vn -0.5739 0.2477 0.7805
vn -0.5912 0.2089 0.7790
vn -0.3923 -0.1047 0.9139
vn -0.3105 -0.3408 0.8874
vn -0.3422 -0.3545 0.8702
vn -0.3157 -0.3679 0.8746
vn 0.2542 0.1892 0.9485
vn 0.2244 -0.0554 0.9729
vn 0.4593 -0.1442 0.8765
vn 0.3236 -0.4872 0.8111
vn 0.0742 -0.6571 0.7502
vn -0.3702 0.4185 0.8293
vn -0.2014 0.5400 0.8172
vn -0.4588 0.1320 0.8787
vn -0.3534 -0.0092 0.9354
vn -0.4527 0.2408 0.8585
vn -0.5255 0.2338 0.8180
vn -0.4170 0.1322 0.8993
vn -0.5892 0.1840 0.7868
vn -0.4924 0.1099 0.8634
vn -0.6763 0.3560 0.6449
vn -0.5448 0.1203 0.8299
vn -0.3492 -0.1182 0.9296
vn -0.3999 -0.1113 0.9098
vn -0.4880 -0.0433 0.8718
vn -0.3146 -0.1432 0.9384
vn -0.2664 -0.1541 0.9515
vn -0.2731 -0.1500 0.9502
vn -0.2745 -0.2681 0.9235
vn 0.2948 0.2063 0.9330
vn 0.1762 0.1167 0.9774
vn 0.4423 -0.1291 0.8875
vn 0.6777 -0.3146 0.6646
vn -0.1977 -0.1399 0.9702
vn 0.1484 -0.3585 0.9217
vn -0.5433 -0.3077 0.7811
vn -0.4382 -0.3939 0.8080
vn 0.1165 -0.5478 0.8285
vn 0.3108 -0.5395 0.7825
vn 0.0370 -0.6149 0.7877
vn -0.3664 0.1495 0.9184
vn -0.5867 0.0708 0.8067
vn -0.5462 0.2049 0.8122
vn -0.2665 0.5134 0.8157
vn -0.2654 -0.0486 0.9629
vn -0.5428 0.2473 0.8026
vn -0.3513 0.4975 0.7931
vn -0.4990 0.3592 0.7887
vn -0.7028 0.4963 0.5097
vn -0.4944 0.3666 0.7882
vn -0.4548 0.4012 0.7951
vn -0.6145 0.3038 0.7281
vn -0.5433 0.1200 0.8309
vn -0.4931 0.0031 0.8699
vn -0.3704 -0.0855 0.9249
vn -0.1850 -0.2727 0.9441
vn -0.3425 -0.3541 0.8702
vn -0.3076 -0.3510 0.8844
vn 0.4524 0.1775 0.8740
vn 0.3511 -0.0025 0.9363
vn 0.5702 -0.3150 0.7587
vn 0.5590 -0.3222 0.7640
vn 0.5195 -0.2862 0.8051
vn -0.4570 -0.3441 0.8202
vn 0.1891 -0.5782 0.7936
vn -0.3056 0.0421 0.9512
vn -0.4845 0.1886 0.8542
vn -0.4177 0.2190 0.8818
vn -0.4057 0.4347 0.8040
vn -0.1979 0.5048 0.8403
vn -0.3478 0.0131 0.9375
vn -0.4963 0.3396 0.7989
vn -0.5663 0.3739 0.7345
vn -0.5977 0.4604 0.6563
vn -0.6895 0.4562 0.5626
vn -0.5401 0.5333 0.6511
vn -0.4270 0.2371 0.8726
vn -0.5279 0.2779 0.8025
vn -0.3695 -0.1558 0.9161
vn 0.3083 -0.0344 0.9507
vn 0.1242 0.1885 0.9742
vn 0.1390 0.1786 0.9741
vn 0.4368 -0.0810 0.8959
vn 0.6415 -0.1306 0.7559
vn 0.5011 -0.0236 0.8650
vn -0.4170 -0.2544 0.8726
vn 0.3394 -0.5800 0.7405
vn 0.4217 -0.5873 0.6908
vn -0.0632 -0.2424 0.9681
vn -0.2714 -0.0415 0.9616
vn -0.4808 -0.0931 0.8719
vn -0.5442 0.1907 0.8170
vn -0.4275 0.3559 0.8310
vn -0.2207 0.3904 0.8938
vn -0.3790 0.4042 0.8324
vn -0.2696 0.2173 0.9381
vn -0.5410 0.3188 0.7782
vn -0.3306 0.5438 0.7713
vn -0.6682 0.5021 0.5491
vn -0.5551 0.0564 0.8299
vn -0.5809 -0.0397 0.8130
vn -0.4757 -0.0848 0.8755
vn -0.3944 -0.1553 0.9057
vn -0.3735 -0.2025 0.9053
vn -0.3696 -0.2101 0.9051
vn -0.4848 -0.1083 0.8679
vn 0.9996 0.0063 -0.0278
vn 0.3154 0.1835 0.9310
vn 0.0766 -0.1263 0.9890
vn -0.5590 -0.2792 0.7808
vn -0.4464 0.4086 0.7961
vn -0.5021 0.3803 0.7767
vn -0.4570 0.3725 0.8077
vn -0.4482 0.2559 0.8565
vn -0.5996 0.2680 0.7541
vn -0.2692 0.4511 0.8509
vn -0.2723 0.4139 0.8686
vn -0.3608 0.3639 0.8588
vn -0.4894 0.4048 0.7724
vn -0.4629 0.3139 0.8290
vn -0.1814 0.3061 0.9345
vn -0.5770 0.3733 0.7264
vn -0.6475 0.4328 0.6273
vn -0.5490 0.5422 0.6361
vn -0.4791 0.1036 0.8716
vn -0.5079 0.0247 0.8610
vn -0.3489 -0.2537 0.9022
vn -0.3367 -0.3209 0.8853
vn -0.1860 -0.2945 0.9374
vn -0.2798 -0.4012 0.8722
vn 0.4092 -0.5888 0.6970
vn 0.4708 -0.5584 0.6830
vn -0.5442 -0.0584 0.8369
vn 0.3351 -0.6316 0.6991
vn 0.1237 -0.0868 0.9885
vn 0.1136 -0.0848 0.9899
vn -0.2646 0.3363 0.9038
vn -0.4087 0.3871 0.8265
vn -0.4685 0.3839 0.7957
vn -0.1765 0.1767 0.9683
vn -0.4828 0.4112 0.7731
vn -0.4380 0.0615 0.8969
vn -0.5590 -0.2066 0.8031
vn -0.3973 -0.1226 0.9095
vn -0.3584 -0.2013 0.9116
vn -0.3331 -0.3379 0.8803
vn -0.3412 -0.3938 0.8535
vn -0.4708 -0.3331 0.8170
vn -0.3614 -0.2947 0.8846
vn -0.1613 -0.4211 0.8926
vn -0.3274 -0.3309 0.8851
vn -0.2811 -0.4006 0.8721
vn 0.3338 0.0380 0.9419
vn 0.0754 0.1220 0.9897
vn 0.3506 -0.0059 0.9365
vn 0.6643 -0.2742 0.6953
vn 0.1399 -0.1239 0.9824
vn -0.2822 0.0744 0.9565
vn -0.4687 -0.1934 0.8619
vn -0.3108 -0.2858 0.9065
vn -0.4320 -0.2783 0.8579
vn -0.6122 0.2146 0.7610
vn -0.3162 0.3425 0.8847
vn -0.3252 0.3411 0.8820
vn -0.4665 0.3961 0.7909
vn -0.4606 0.3776 0.8033
vn -0.1789 0.5627 0.8071
vn -0.4563 0.4439 0.7712
vn -0.6336 0.4060 0.6586
vn -0.5643 0.3806 0.7327
vn -0.5496 0.5450 0.6332
vn -0.4832 0.1912 0.8544
vn -0.3631 -0.6045 0.7090
vn -0.3490 -0.3398 0.8733
vn -0.3658 -0.3159 0.8754
vn -0.3532 -0.3437 0.8701
vn -0.1112 -0.4164 0.9024
vn -0.2314 -0.4227 0.8762
vn -0.2921 -0.4222 0.8581
vn 0.1697 0.0459 0.9844
vn 0.3111 -0.0206 0.9502
vn 0.4362 -0.0813 0.8962
vn 0.5468 -0.2012 0.8127
vn -0.4155 -0.1995 0.8874
vn -0.0258 -0.6085 0.7931
vn 0.1790 -0.6212 0.7629
vn -0.3241 -0.3224 0.8894
vn 0.0980 0.0323 0.9947
vn -0.4469 0.4089 0.7957
vn -0.3816 0.3298 0.8635
vn -0.5527 0.3763 0.7436
vn -0.5035 0.2668 0.8218
vn -0.4725 0.3723 0.7988
vn -0.5042 0.3782 0.7764
vn -0.6515 0.4483 0.6120
vn -0.5267 0.3492 0.7750
vn -0.4132 0.1730 0.8941
vn -0.4786 0.0629 0.8758
vn -0.4468 -0.0260 0.8943
vn -0.4789 -0.1007 0.8721
vn -0.3396 -0.2480 0.9073
vn -0.3148 -0.3915 0.8647
vn -0.2965 -0.3525 0.8876
vn 0.2818 0.0143 0.9594
vn 0.3027 0.0154 0.9530
vn 0.3340 0.0276 0.9422
vn 0.4219 -0.2512 0.8712
vn 0.5026 0.0687 0.8618
vn 0.6838 0.1056 0.7220
vn 0.3221 0.3510 0.8792
vn -0.3167 -0.0169 0.9484
vn -0.3839 -0.1569 0.9099
vn -0.3077 0.3383 0.8893
vn -0.4295 0.4922 0.7571
vn -0.4726 0.3282 0.8179
vn -0.2630 0.4358 0.8607
vn -0.1294 0.5261 0.8405
vn -0.1854 0.2410 0.9526
vn -0.3807 0.1984 0.9032
vn -0.4031 0.2259 0.8868
vn -0.5492 0.3036 0.7786
vn -0.4109 0.1016 0.9060
vn -0.3991 -0.0104 0.9168
vn -0.3928 -0.0528 0.9181
vn -0.5809 -0.3724 0.7238
vn -0.3790 -0.3437 0.8592
vn -0.3302 -0.3326 0.8834
vn -0.3058 -0.2292 0.9241
vn -0.5175 -0.1211 0.8471
vn 0.1245 -0.5759 0.8080
vn 0.4796 -0.4536 0.7511
vn -0.5488 0.2803 0.7876
vn -0.3656 0.4517 0.8138
vn -0.1012 0.3885 0.9159
vn -0.5484 0.2237 0.8058
vn -0.6186 0.3039 0.7246
vn -0.4494 0.2915 0.8444
vn -0.4776 0.2956 0.8273
vn -0.4571 0.4388 0.7736
vn -0.6532 0.4122 0.6352
vn -0.3370 -0.4779 0.8112
vn -0.3509 -0.2852 0.8919
vn -0.1123 -0.4276 0.8970
vn -0.2805 -0.4672 0.8384
vn 0.4724 -0.1851 0.8618
vn 0.6256 0.0186 0.7799
vn -0.4613 -0.0343 0.8866
vn -0.2055 -0.1060 0.9729
vn 0.0808 -0.6710 0.7371
vn -0.4499 0.3025 0.8403
vn -0.4074 0.2792 0.8695
vn -0.4610 0.3764 0.8036
vn -0.4463 0.4604 0.7674
vn -0.3329 0.5612 0.7578
vn -0.3800 0.5489 0.7445
vn -0.5561 0.2863 0.7802
vn -0.5798 0.3933 0.7135
vn -0.2498 0.3762 0.8922
vn -0.0347 0.3361 0.9412
vn -0.1236 0.3429 0.9312
vn -0.3450 0.3755 0.8602
vn -0.4456 0.3913 0.8052
vn -0.5401 0.5214 0.6606
vn -0.6829 0.3246 0.6544
vn -0.4480 0.0751 0.8909
vn -0.4141 -0.0625 0.9081
vn -0.4148 -0.2780 0.8664
vn -0.2518 -0.2526 0.9342
vn -0.5198 -0.1979 0.8310
vn -0.3691 -0.2739 0.8881
vn -0.3953 -0.2719 0.8774
vn -0.2666 -0.2828 0.9214
vn -0.2366 -0.4362 0.8682
vn -0.2787 -0.0991 0.9553
vn -0.3171 -0.0843 0.9446
vn -0.4453 -0.0947 0.8904
vn 0.2280 -0.0934 0.9692
vn 0.4901 0.1252 0.8626
vn -0.2560 -0.2233 0.9405
vn -0.4819 0.0254 0.8759
vn -0.0961 -0.3693 0.9243
vn -0.3190 0.0551 0.9462
vn -0.4586 0.3760 0.8052
vn -0.4262 0.4502 0.7846
vn -0.5228 0.4224 0.7405
vn -0.5712 0.5059 0.6464
vn -0.4282 0.4685 0.7727
vn -0.3122 -0.3121 0.8973
vn -0.4746 -0.3299 0.8160
vn -0.4760 -0.3297 0.8153
vn 0.3403 -0.2181 0.9147
vn 0.2551 -0.1918 0.9477
vn 0.5022 -0.1329 0.8545
vn 0.3747 -0.1977 0.9058
vn 0.0870 -0.5200 0.8497
vn 0.3315 -0.5081 0.7950
vn -0.4827 0.4795 0.7329
vn -0.4382 0.4697 0.7664
vn -0.3784 0.5166 0.7681
vn -0.5498 0.4303 0.7159
vn -0.0815 0.2910 0.9532
vn -0.4167 0.5784 0.7013
vn -0.6260 0.4353 0.6470
vn -0.6626 0.3340 0.6703
vn -0.4280 -0.0772 0.9005
vn -0.3000 -0.2345 0.9246
vn -0.2249 -0.2552 0.9404
vn -0.3599 -0.2941 0.8854
vn -0.0739 -0.4935 0.8666
vn -0.5095 -0.1322 0.8503
vn -0.4432 -0.1766 0.8789
vn -0.4968 -0.0657 0.8654
vn 0.3698 -0.1974 0.9079
vn 0.5155 -0.0639 0.8545
vn -0.2188 -0.4573 0.8620
vn -0.2378 -0.0501 0.9700
vn -0.0890 -0.0553 0.9945
vn 0.0661 -0.2871 0.9556
vn -0.3814 0.3132 0.8697
vn -0.4395 0.3222 0.8385
vn -0.5132 0.1689 0.8415
vn -0.4703 0.4970 0.7293
vn -0.4650 0.5022 0.7291
vn -0.4450 0.5717 0.6893
vn -0.4074 0.5316 0.7426
vn -0.5371 0.4726 0.6987
vn -0.4285 0.4693 0.7721
vn -0.5711 0.4908 0.6580
vn -0.6334 0.3765 0.6760
vn -0.4435 0.0307 0.8957
vn -0.3601 -0.0956 0.9280
vn -0.3905 -0.1087 0.9142
vn -0.3962 -0.1067 0.9119
vn -0.3375 -0.4779 0.8110
vn -0.3617 -0.3298 0.8720
vn -0.4303 -0.1223 0.8944
vn 0.2303 -0.1099 0.9669
vn 0.3980 -0.2048 0.8942
vn 0.4186 -0.1249 0.8995
vn 0.6188 -0.0062 0.7855
vn 0.2676 -0.1798 0.9466
vn -0.6891 -0.2174 0.6913
vn -0.3178 0.2443 0.9161
vn -0.4120 0.3401 0.8453
vn -0.4160 0.3451 0.8414
vn -0.2967 0.3848 0.8740
vn -0.5906 0.2340 0.7723
vn -0.5899 0.2343 0.7727
vn -0.4482 0.1065 0.8875
vn -0.4310 0.4256 0.7957
vn -0.4158 0.4096 0.8120
vn -0.4341 0.4600 0.7746
vn -0.3341 0.5453 0.7688
vn 0.0939 0.5330 0.8409
vn -0.1536 0.5777 0.8016
vn -0.4050 0.4374 0.8029
vn -0.5243 0.4529 0.7211
vn -0.4987 0.4620 0.7334
vn -0.5386 0.5243 0.6596
vn -0.7241 0.0930 0.6834
vn -0.4572 0.0299 0.8889
vn -0.3408 -0.1824 0.9223
vn -0.3725 -0.4336 0.8205
vn -0.2568 -0.4200 0.8704
vn -0.0746 -0.4963 0.8649
vn -0.4363 -0.1919 0.8791
vn -0.4532 -0.1575 0.8774
vn -0.4506 -0.1592 0.8784
vn 0.2774 -0.0876 0.9568
vn 0.1796 -0.1611 0.9705
vn 0.4148 -0.1698 0.8939
vn 0.4173 -0.1208 0.9007
vn 0.4107 -0.0286 0.9113
vn 0.0667 -0.1796 0.9815
vn -0.0736 0.3825 0.9210
vn -0.4492 0.3408 0.8259
vn -0.4298 0.5516 0.7149
vn -0.4811 0.0196 0.8764
vn -0.6160 0.1203 0.7785
vn -0.4492 0.4677 0.7612
vn -0.5893 0.4926 0.6404
vn -0.4630 0.2127 0.8605
vn -0.3976 -0.1181 0.9099
vn -0.2577 -0.2232 0.9401
vn -0.3645 -0.3617 0.8581
vn -0.3846 -0.3651 0.8478
vn -0.2958 -0.3968 0.8690
vn -0.3421 -0.3378 0.8769
vn -0.3649 -0.2913 0.8843
vn -0.2391 -0.2605 0.9354
vn -0.1157 -0.4066 0.9062
vn -0.4022 -0.1913 0.8953
vn 0.2665 -0.1294 0.9551
vn -0.2087 0.1553 0.9656
vn -0.4453 0.3180 0.8370
vn -0.4540 0.3078 0.8362
vn -0.5209 0.3840 0.7624
vn -0.3968 0.4203 0.8160
vn -0.0357 0.6821 0.7303
vn -0.0724 0.6892 0.7209
vn -0.4601 0.4658 0.7559
vn -0.4387 0.5510 0.7099
vn -0.4188 0.5350 0.7337
vn -0.4875 0.4152 0.7681
vn -0.5206 -0.0862 0.8494
vn -0.2072 -0.3090 0.9282
vn -0.3879 -0.3159 0.8659
vn -0.4711 -0.3556 0.8073
vn -0.4766 -0.3532 0.8051
vn -0.1041 -0.4903 0.8653
vn -0.4090 -0.2823 0.8678
vn -0.5213 -0.2023 0.8290
vn 0.2650 -0.1286 0.9556
vn 0.3781 -0.1400 0.9151
vn 0.3746 -0.1134 0.9202
vn 0.5947 0.0313 0.8033
vn 0.5391 -0.0001 0.8423
vn -0.6925 -0.1918 0.6955
vn -0.4211 -0.5472 0.7234
vn 0.2270 -0.4681 0.8541
vn 0.1174 -0.4842 0.8670
vn -0.2438 -0.2268 0.9429
vn -0.1580 -0.2185 0.9630
vn -0.4786 0.3359 0.8113
vn -0.3963 0.4163 0.8184
vn -0.4357 0.2904 0.8520
vn -0.6162 0.0854 0.7829
vn -0.6161 0.0853 0.7830
vn -0.5439 0.3851 0.7456
vn -0.4772 0.3506 0.8058
vn -0.3453 0.4619 0.8170
vn -0.5158 0.3604 0.7772
vn -0.5234 -0.0196 0.8518
vn -0.3540 -0.1976 0.9141
vn -0.3744 -0.3129 0.8729
vn -0.4145 -0.2854 0.8641
vn -0.2983 -0.4579 0.8375
vn -0.4406 -0.3809 0.8129
vn -0.3835 -0.3150 0.8682
vn -0.4650 -0.2227 0.8568
vn -0.4253 -0.2257 0.8764
vn 0.2080 0.0207 0.9779
vn 0.3942 -0.1590 0.9051
vn 0.3776 -0.0703 0.9233
vn 0.5223 0.0490 0.8514
vn 0.2568 -0.1703 0.9513
vn -0.5067 -0.4928 0.7074
vn -0.2579 -0.6638 0.7021
vn 0.2012 -0.5129 0.8345
vn -0.4470 0.4305 0.7841
vn -0.4482 0.4328 0.7821
vn -0.3840 0.4482 0.8072
vn -0.3933 0.4930 0.7761
vn -0.6179 0.1034 0.7794
vn -0.4409 0.4214 0.7925
vn -0.2834 0.4202 0.8621
vn -0.0199 0.5908 0.8066
vn -0.1443 0.6538 0.7428
vn -0.3698 0.6051 0.7050
vn -0.3526 0.5998 0.7183
vn -0.5195 0.1961 0.8317
vn -0.4585 0.0569 0.8869
vn -0.5319 -0.0073 0.8468
vn -0.4656 -0.2737 0.8416
vn -0.3779 -0.2819 0.8819
vn -0.4163 -0.2313 0.8793
vn 0.3403 0.0076 0.9403
vn 0.5703 -0.1344 0.8104
vn 0.5803 0.0253 0.8140
vn -0.1540 -0.1742 0.9726
vn -0.4125 0.0237 0.9107
vn -0.5125 0.1887 0.8377
vn -0.4626 -0.0112 0.8865
vn -0.6178 0.1259 0.7762
vn -0.2966 -0.2431 0.9235
vn -0.1912 -0.3434 0.9195
vn -0.2273 -0.3317 0.9156
vn -0.3019 -0.2742 0.9131
vn -0.5745 -0.2241 0.7872
vn -0.3658 -0.2369 0.9000
vn -0.4393 -0.3847 0.8118
vn -0.3624 -0.4242 0.8299
vn -0.1475 -0.4460 0.8828
vn -0.4807 -0.2423 0.8427
vn 0.2757 -0.0254 0.9609
vn 0.2112 0.1134 0.9708
vn 0.3721 0.1383 0.9178
vn 0.4750 0.0180 0.8798
vn 0.3664 -0.0408 0.9296
vn 0.3982 -0.0506 0.9159
vn 0.1604 -0.4376 0.8847
vn -0.2145 -0.1766 0.9606
vn -0.5127 0.3422 0.7874
vn -0.3828 0.5064 0.7727
vn -0.4901 0.2829 0.8245
vn -0.4884 0.2874 0.8239
vn -0.4870 -0.0131 0.8733
vn -0.6221 0.1755 0.7631
vn -0.5210 0.1073 0.8468
vn -0.2982 0.4383 0.8479
vn -0.2046 0.4617 0.8631
vn -0.3814 0.3055 0.8725
vn -0.4658 -0.1563 0.8710
vn -0.4740 -0.2763 0.8361
vn -0.4374 -0.2263 0.8703
vn -0.2528 -0.2205 0.9421
vn -0.4166 -0.3312 0.8466
vn 0.0503 -0.3215 0.9456
vn -0.3420 -0.3397 0.8761
vn 0.6129 -0.0152 0.7901
vn -0.2555 0.4238 0.8689
vn -0.3559 0.4591 0.8140
vn -0.3607 0.4586 0.8121
vn -0.3608 0.4918 0.7924
vn -0.5787 0.0560 0.8136
vn -0.2592 0.3419 0.9033
vn -0.3521 -0.1082 0.9297
vn -0.3687 -0.1016 0.9240
vn -0.4196 -0.2127 0.8825
vn -0.4805 -0.2696 0.8345
vn -0.4677 -0.2711 0.8413
vn -0.2966 -0.2429 0.9236
vn -0.2927 -0.2150 0.9317
vn -0.3162 -0.2197 0.9229
vn -0.3267 -0.2899 0.8996
vn -0.4226 -0.2697 0.8653
vn -0.1722 -0.4272 0.8876
vn 0.1723 -0.0554 0.9835
vn 0.5004 0.0153 0.8657
vn 0.5035 -0.1662 0.8479
vn 0.5501 -0.0909 0.8301
vn -0.1426 0.0316 0.9893
vn -0.3970 -0.1982 0.8962
vn 0.2742 -0.3083 0.9109
vn -0.4189 0.5355 0.7333
vn -0.5442 0.4407 0.7139
vn -0.4819 0.2821 0.8296
vn -0.1859 0.5462 0.8168
vn -0.6237 0.1635 0.7644
vn -0.5320 0.1576 0.8320
vn -0.2542 0.4670 0.8470
vn -0.3936 0.3220 0.8611
vn -0.4628 -0.3019 0.8334
vn -0.4089 -0.3528 0.8417
vn -0.2647 -0.3981 0.8783
vn -0.2996 -0.4005 0.8659
vn -0.2978 -0.2395 0.9241
vn -0.5554 -0.2022 0.8066
vn -0.4081 -0.2973 0.8632
vn -0.1744 -0.4113 0.8946
vn -0.3547 -0.1741 0.9186
vn -0.4714 -0.0745 0.8787
vn 0.2260 -0.1237 0.9662
vn 0.5003 -0.0123 0.8657
vn 0.4143 0.0719 0.9073
vn 0.4897 0.0746 0.8687
vn 0.4782 -0.0461 0.8770
vn 0.5594 0.1989 0.8047
vn -0.3937 -0.1826 0.9009
vn -0.2771 0.4419 0.8532
vn -0.5062 0.4662 0.7255
vn -0.4913 0.2841 0.8233
vn -0.4854 0.4336 0.7592
vn -0.3693 0.5123 0.7753
vn -0.3747 0.5151 0.7709
vn -0.4442 0.3753 0.8135
vn -0.4598 0.3716 0.8066
vn -0.5777 0.0795 0.8124
vn -0.5503 0.1607 0.8193
vn -0.2678 0.4908 0.8291
vn -0.1109 0.3676 0.9234
vn -0.2857 0.2907 0.9132
vn -0.3669 -0.1799 0.9127
vn -0.4039 -0.3528 0.8440
vn -0.3132 -0.2159 0.9248
vn -0.2363 -0.2370 0.9423
vn -0.3849 -0.4029 0.8304
vn -0.3951 -0.0462 0.9175
vn -0.4753 -0.1027 0.8738
vn -0.4091 -0.1481 0.9004
vn -0.3929 -0.1115 0.9128
vn 0.3012 -0.1093 0.9473
vn 0.1464 -0.1555 0.9769
vn 0.4711 -0.3724 0.7996
vn 0.1053 -0.0195 0.9942
vn -0.3064 0.5496 0.7772
vn -0.3379 0.3434 0.8763
vn -0.4462 0.3963 0.8024
vn -0.4867 0.4364 0.7568
vn -0.6385 0.1873 0.7464
vn -0.5130 0.1888 0.8373
vn -0.5826 0.0812 0.8087
vn -0.2890 -0.1622 0.9435
vn -0.3844 -0.2192 0.8967
vn -0.4844 -0.2620 0.8347
vn -0.4457 -0.2819 0.8496
vn -0.2633 -0.3283 0.9071
vn -0.3743 -0.3779 0.8468
vn -0.4220 -0.3330 0.8432
vn -0.3796 -0.1575 0.9116
vn 0.1876 0.0057 0.9822
vn 0.3881 0.1958 0.9006
vn 0.5117 0.1579 0.8445
vn 0.5924 -0.0772 0.8020
vn -0.2831 -0.3534 0.8916
vn -0.7013 -0.2069 0.6822
vn -0.0394 0.0921 0.9950
vn -0.5639 0.1232 0.8166
vn -0.5701 0.3642 0.7364
vn -0.4290 0.2515 0.8676
vn -0.4424 0.3526 0.8246
vn -0.5178 0.4740 0.7122
vn -0.5284 0.0187 0.8488
vn -0.1186 0.2836 0.9516
vn -0.2526 -0.1941 0.9479
vn -0.4225 -0.1935 0.8855
vn -0.4494 -0.2410 0.8602
vn -0.3212 -0.4177 0.8499
vn -0.2907 -0.3103 0.9051
vn -0.3414 -0.2969 0.8918
vn -0.3941 -0.1034 0.9132
vn -0.3353 -0.3521 0.8739
vn -0.2992 -0.4076 0.8628
vn -0.1226 -0.3147 0.9413
vn -0.5065 -0.1328 0.8520
vn -0.4091 -0.1678 0.8969
vn 0.1958 -0.0822 0.9772
vn 0.5327 -0.1472 0.8334
vn 0.3643 0.0373 0.9305
vn -0.3016 0.5483 0.7800
vn -0.4319 0.2034 0.8787
vn -0.4445 0.2814 0.8504
vn -0.5637 0.2864 0.7747
vn -0.1875 0.5468 0.8160
vn -0.1561 0.6386 0.7535
vn -0.5488 0.3005 0.7801
vn -0.6762 0.3787 0.6319
vn -0.4036 0.2013 0.8925
vn -0.1127 -0.0926 0.9893
vn -0.1254 -0.0875 0.9882
vn -0.3295 -0.2150 0.9193
vn -0.4137 -0.2102 0.8858
vn -0.3351 -0.2808 0.8994
vn -0.2452 -0.1920 0.9503
vn -0.3757 -0.1966 0.9056
vn -0.2269 -0.2930 0.9288
vn -0.2740 -0.3366 0.9009
vn -0.2416 -0.0191 0.9702
vn -0.3561 -0.1773 0.9175
vn -0.4521 -0.1252 0.8831
vn -0.4148 -0.1745 0.8930
vn 0.3060 -0.1160 0.9449
vn 0.2818 -0.1023 0.9540
vn -0.0083 -0.1263 0.9920
vn 0.1288 -0.0203 0.9915
vn 0.4001 -0.0593 0.9145
vn 0.6269 0.0105 0.7790
vn 0.4078 0.0949 0.9081
vn -0.5668 0.1770 0.8046
vn -0.4859 0.2845 0.8264
vn -0.6293 0.3489 0.6945
vn -0.3814 0.1307 0.9151
vn -0.3988 0.2204 0.8902
vn -0.4985 0.1973 0.8442
vn -0.5060 0.2935 0.8111
vn -0.4719 0.2757 0.8375
vn -0.4774 0.2897 0.8295
vn -0.4751 0.2882 0.8314
vn -0.3701 0.5550 0.7450
vn -0.4324 0.4345 0.7901
vn -0.5062 0.3547 0.7861
vn 0.0592 -0.0651 0.9961
vn 0.0213 -0.0348 0.9992
vn -0.2351 -0.3062 0.9225
vn -0.4074 -0.3914 0.8251
vn -0.4027 -0.3676 0.8383
vn -0.3858 -0.2388 0.8911
vn -0.3187 -0.2048 0.9255
vn -0.3779 -0.3705 0.8485
vn -0.5495 -0.2644 0.7925
vn -0.2772 -0.3988 0.8741
vn -0.3632 -0.1349 0.9219
vn -0.4382 -0.0678 0.8963
vn -0.4389 -0.0673 0.8960
vn 0.2996 -0.0815 0.9506
vn 0.4793 0.3107 0.8208
vn 0.6161 0.1920 0.7639
vn 0.2100 0.1272 0.9694
vn 0.0707 -0.1323 0.9887
vn -0.1421 -0.1512 0.9782
vn -0.6208 0.2181 0.7530
vn -0.4659 0.2203 0.8570
vn -0.5866 0.2110 0.7819
vn -0.1958 0.6510 0.7334
vn -0.4534 0.5960 0.6628
vn -0.4042 0.3638 0.8392
vn -0.5093 0.2888 0.8107
vn -0.3276 -0.2099 0.9212
vn -0.4194 -0.3799 0.8245
vn -0.5582 -0.2717 0.7840
vn -0.4955 -0.1183 0.8605
vn -0.2454 -0.2371 0.9400
vn -0.3075 -0.1540 0.9390
vn -0.2724 -0.4183 0.8665
vn -0.4206 -0.1439 0.8958
vn -0.4403 -0.1610 0.8833
vn 0.2118 -0.1743 0.9616
vn 0.4263 0.0241 0.9042
vn 0.4823 0.0636 0.8737
vn 0.4732 0.0433 0.8799
vn 0.4129 0.0543 0.9092
vn -0.7583 -0.0876 0.6460
vn -0.4895 0.0635 0.8697
vn -0.4439 0.0396 0.8952
vn -0.4531 0.1115 0.8845
vn -0.4997 0.0881 0.8617
vn -0.4532 0.6114 0.6487
vn -0.4543 0.4139 0.7889
vn -0.2615 0.0327 0.9647
vn -0.5340 -0.1614 0.8300
vn -0.4955 -0.1371 0.8577
vn -0.2326 -0.2147 0.9486
vn -0.3068 -0.1801 0.9346
vn -0.2422 -0.2411 0.9398
vn -0.4306 -0.2835 0.8569
vn -0.2417 -0.1826 0.9530
vn -0.2254 -0.7766 0.5884
vn -0.4153 -0.1198 0.9018
vn 0.6040 -0.0767 0.7933
vn 0.6700 -0.0153 0.7422
vn 0.5213 0.0987 0.8476
vn 0.5004 0.0938 0.8607
vn -0.7545 -0.2607 0.6023
vn -0.5514 0.0942 0.8289
vn -0.4861 0.0667 0.8714
vn -0.5377 0.4178 0.7323
vn -0.6176 0.4595 0.6383
vn -0.2395 0.5458 0.8029
vn -0.4149 0.6353 0.6513
vn -0.5977 0.5035 0.6239
vn -0.4299 0.3077 0.8488
vn 0.0898 -0.0284 0.9956
vn -0.0332 -0.3147 0.9486
vn -0.1902 -0.2660 0.9450
vn -0.3942 -0.1051 0.9130
vn -0.3245 -0.3226 0.8892
vn -0.3530 -0.3654 0.8613
vn -0.4610 -0.2347 0.8558
vn -0.2465 -0.4041 0.8809
vn -0.3836 -0.1996 0.9017
vn -0.3001 -0.0817 0.9504
vn -0.4673 -0.1755 0.8665
vn -0.2404 -0.4084 0.8806
vn -0.5567 -0.1427 0.8184
vn -0.4001 -0.1941 0.8957
vn -0.3611 -0.1572 0.9192
vn -0.4653 -0.0805 0.8815
vn -0.4358 -0.0713 0.8972
vn 0.0761 0.0849 0.9935
vn 0.2241 -0.0108 0.9745
vn 0.5510 0.1456 0.8217
vn 0.4726 0.0432 0.8802
vn 0.5681 -0.0848 0.8185
vn -0.1390 -0.1554 0.9780
vn -0.6395 -0.4228 0.6421
vn -0.4071 -0.0841 0.9095
vn -0.2888 -0.0794 0.9541
vn -0.4245 0.0461 0.9042
vn -0.3917 0.0604 0.9181
vn -0.5654 0.0995 0.8188
vn -0.5357 0.1490 0.8311
vn -0.4559 0.0827 0.8862
vn -0.2436 0.4707 0.8480
vn -0.3550 0.5136 0.7812
vn -0.2976 0.5345 0.7910
vn -0.4067 0.2800 0.8696
vn 0.1102 -0.3682 0.9232
vn -0.0251 -0.3209 0.9468
vn -0.3381 -0.1002 0.9358
vn -0.3642 -0.3114 0.8777
vn -0.3559 -0.3030 0.8840
vn -0.3212 -0.1294 0.9381
vn -0.4590 -0.2555 0.8509
vn -0.4643 -0.2533 0.8487
vn -0.2964 -0.2068 0.9324
vn -0.4539 -0.1104 0.8842
vn -0.5210 -0.2555 0.8144
vn 0.1120 0.0373 0.9930
vn 0.3557 0.1799 0.9171
vn 0.4059 0.0367 0.9132
vn -0.4540 0.0323 0.8904
vn -0.5000 0.0601 0.8639
vn -0.5825 0.1544 0.7980
vn -0.5824 0.1754 0.7938
vn -0.6453 0.2786 0.7114
vn -0.3921 0.4387 0.8086
vn -0.3112 -0.1743 0.9342
vn -0.3747 -0.1880 0.9079
vn -0.3055 -0.2689 0.9134
vn -0.4548 -0.2423 0.8570
vn -0.5435 -0.1570 0.8246
vn -0.5979 -0.2424 0.7641
vn -0.2952 -0.0182 0.9553
vn -0.3839 -0.2850 0.8783
vn 0.2789 -0.1142 0.9535
vn 0.1776 0.0544 0.9826
vn 0.3949 0.0687 0.9162
vn 0.0898 -0.0105 0.9959
vn -0.0451 -0.0482 0.9978
vn -0.1076 -0.0997 0.9892
vn -0.6444 -0.4143 0.6428
vn -0.7665 -0.3623 0.5303
vn -0.4374 0.0307 0.8987
vn -0.5137 0.2681 0.8150
vn -0.3827 0.2599 0.8865
vn -0.4022 0.1897 0.8957
vn -0.0578 -0.3401 0.9386
vn -0.1524 -0.2876 0.9455
vn 0.0223 -0.4568 0.8893
vn 0.2347 -0.4153 0.8789
vn 0.0501 -0.3978 0.9161
vn -0.2635 -0.2691 0.9264
vn -0.4091 -0.2517 0.8771
vn -0.4635 -0.2571 0.8480
vn -0.3308 -0.2904 0.8979
vn -0.2458 -0.2802 0.9280
vn -0.2942 -0.1366 0.9459
vn -0.5820 -0.2396 0.7771
vn -0.3410 -0.2827 0.8965
vn -0.3891 -0.1728 0.9049
vn -0.5631 0.0068 0.8264
vn 0.0838 0.0929 0.9921
vn 0.2084 -0.0146 0.9779
vn 0.5660 0.0814 0.8204
vn 0.4421 0.1051 0.8908
vn 0.3932 -0.1481 0.9074
vn 0.4903 0.1684 0.8551
vn -0.6634 -0.2063 0.7192
vn -0.7558 -0.3787 0.5342
vn -0.4502 -0.4745 0.7564
vn -0.4124 -0.2743 0.8687
vn -0.5362 0.1496 0.8308
vn -0.6067 0.1491 0.7809
vn -0.4425 0.1945 0.8754
vn -0.3983 0.2958 0.8683
vn -0.3346 -0.3179 0.8871
vn -0.4226 -0.3867 0.8197
vn -0.3963 -0.4192 0.8168
vn -0.4883 -0.1350 0.8622
vn -0.2271 -0.1490 0.9624
vn -0.3447 -0.1153 0.9316
vn -0.4732 -0.0886 0.8765
vn -0.4427 -0.1046 0.8906
vn -0.3972 -0.4502 0.7997
vn -0.4947 -0.1100 0.8621
vn 0.2220 -0.0648 0.9729
vn 0.3835 -0.1021 0.9179
vn 0.4752 -0.1272 0.8707
vn 0.3398 -0.0521 0.9391
vn 0.5160 0.0182 0.8564
vn -0.4987 0.0554 0.8650
vn -0.5745 0.1831 0.7977
vn -0.5332 0.0581 0.8440
vn -0.3732 -0.0504 0.9264
vn -0.2359 -0.2356 0.9428
vn -0.5656 -0.3407 0.7510
vn -0.1188 -0.5920 0.7972
vn 0.0393 -0.4250 0.9044
vn -0.3829 -0.2686 0.8839
vn -0.3608 -0.2383 0.9017
vn -0.5173 -0.3937 0.7599
vn -0.3665 -0.1090 0.9240
vn -0.3072 -0.1047 0.9459
vn -0.1475 -0.2160 0.9652
vn -0.2539 -0.1855 0.9493
vn -0.4615 0.0390 0.8863
vn -0.4626 0.0399 0.8857
vn 0.1229 -0.0940 0.9880
vn 0.0887 -0.1134 0.9896
vn 0.5736 0.0210 0.8189
vn 0.4831 0.0609 0.8735
vn 0.2728 0.4360 0.8576
vn -0.0614 -0.0933 0.9937
vn -0.7032 -0.2178 0.6769
vn -0.5675 -0.3607 0.7401
vn -0.5226 0.0593 0.8505
vn -0.6015 0.2003 0.7733
vn -0.3098 -0.2012 0.9293
vn -0.2510 -0.2882 0.9241
vn -0.3883 -0.2863 0.8759
vn -0.1051 -0.2615 0.9595
vn -0.1949 -0.1134 0.9743
vn -0.2938 -0.3742 0.8796
vn -0.2407 -0.1482 0.9592
vn -0.2483 -0.1995 0.9479
vn 0.1846 -0.1497 0.9713
vn 0.4681 0.0214 0.8834
vn 0.3913 0.0583 0.9184
vn -0.5323 -0.1370 0.8354
vn -0.4075 -0.1730 0.8967
vn -0.5693 -0.2632 0.7789
vn -0.5309 0.0730 0.8443
vn -0.5549 0.0497 0.8304
vn -0.5934 0.0768 0.8013
vn -0.5984 0.0779 0.7974
vn -0.7224 0.0751 0.6874
vn -0.4990 -0.0085 0.8666
vn -0.5390 -0.3087 0.7837
vn -0.1926 -0.4188 0.8874
vn -0.0332 -0.3893 0.9205
vn -0.3309 -0.1983 0.9226
vn -0.4103 -0.1076 0.9056
vn -0.2306 -0.2465 0.9413
vn -0.4465 -0.2605 0.8561
vn -0.5154 -0.0152 0.8568
vn -0.5773 -0.2730 0.7695
vn -0.3039 -0.1888 0.9338
vn -0.3022 -0.3391 0.8909
vn -0.4273 -0.1889 0.8842
vn -0.5623 -0.1104 0.8195
vn -0.4961 -0.0578 0.8663
vn -0.4505 0.0576 0.8909
vn -0.4474 -0.1009 0.8886
vn 0.1385 -0.0379 0.9896
vn 0.4315 -0.2414 0.8692
vn 0.5703 -0.2129 0.7933
vn 0.2245 -0.4351 0.8719
vn -0.6448 -0.2564 0.7200
vn -0.5824 -0.2089 0.7856
vn -0.4866 -0.3081 0.8175
vn -0.4472 -0.3690 0.8148
vn -0.5595 -0.1950 0.8055
vn -0.4178 0.2100 0.8839
vn -0.5284 -0.0322 0.8484
vn -0.3072 -0.2350 0.9222
vn -0.2105 -0.3978 0.8930
vn -0.2589 -0.1978 0.9454
vn -0.3044 -0.4206 0.8547
vn -0.3628 -0.4116 0.8360
vn -0.4391 -0.2211 0.8708
vn -0.5626 0.0228 0.8264
vn -0.4424 -0.1773 0.8791
vn -0.3772 -0.1661 0.9111
vn -0.2315 -0.2414 0.9424
vn -0.4644 -0.2529 0.8488
vn -0.5948 -0.2507 0.7638
vn -0.3511 -0.3288 0.8767
vn -0.3963 -0.1546 0.9050
vn -0.5785 0.1264 0.8058
vn -0.4152 -0.1904 0.8896
vn -0.5076 -0.1239 0.8526
vn 0.3663 0.0149 0.9304
vn 0.4905 0.0286 0.8710
vn -0.6711 -0.2853 0.6843
vn -0.5901 -0.1971 0.7829
vn -0.6143 -0.2020 0.7627
vn -0.6037 0.0179 0.7970
vn -0.5979 0.0781 0.7977
vn -0.1476 -0.4852 0.8618
vn -0.0830 -0.5111 0.8555
vn 0.0272 -0.4908 0.8708
vn 0.0366 -0.3832 0.9229
vn -0.1106 -0.2803 0.9535
vn -0.5429 -0.1581 0.8248
vn -0.5777 -0.1201 0.8073
vn -0.4077 -0.1343 0.9032
vn -0.1605 -0.2011 0.9663
vn -0.2998 -0.4461 0.8433
vn -0.5770 0.0285 0.8162
vn -0.3724 -0.2420 0.8960
vn 0.1821 0.0483 0.9821
vn 0.4123 -0.2644 0.8719
vn 0.5050 -0.0144 0.8630
vn 0.4617 0.0624 0.8848
vn 0.4911 0.0285 0.8706
vn -0.3031 -0.3311 0.8936
vn -0.7259 -0.1847 0.6625
vn -0.6011 0.1195 0.7902
vn -0.5264 0.0525 0.8486
vn -0.3080 -0.2393 0.9208
vn -0.1350 -0.4731 0.8706
vn -0.3928 -0.1094 0.9131
vn -0.3915 -0.3308 0.8587
vn -0.4480 -0.3192 0.8351
vn -0.3917 -0.2151 0.8946
vn -0.4253 -0.3213 0.8461
vn -0.5828 -0.2132 0.7841
vn -0.3155 -0.2042 0.9267
vn -0.3055 -0.2289 0.9243
vn -0.2460 -0.1537 0.9570
vn -0.3150 -0.1227 0.9411
vn -0.3841 -0.3859 0.8388
vn -0.3843 -0.2585 0.8863
vn -0.4490 -0.2031 0.8701
vn 0.2478 -0.0167 0.9687
vn 0.4944 -0.0169 0.8691
vn 0.4539 0.0344 0.8904
vn 0.3320 0.0853 0.9394
vn 0.4949 0.1342 0.8585
vn 0.4624 0.0615 0.8845
vn 0.5215 0.0731 0.8501
vn 0.3667 -0.0332 0.9297
vn -0.7549 -0.0313 0.6551
vn -0.5828 0.2947 0.7573
vn -0.5112 0.1116 0.8522
vn -0.6304 0.0159 0.7761
vn -0.5113 -0.0479 0.8581
vn -0.5311 -0.0551 0.8455
vn -0.4872 -0.1416 0.8617
vn -0.3511 -0.2631 0.8986
vn -0.0693 -0.4148 0.9073
vn -0.1293 -0.2391 0.9623
vn -0.2169 -0.2000 0.9555
vn -0.3748 -0.4008 0.8360
vn -0.4252 -0.2994 0.8541
vn -0.3632 -0.1870 0.9128
vn -0.2063 -0.2230 0.9527
vn -0.2371 -0.2212 0.9460
vn -0.2676 -0.3166 0.9100
vn -0.4349 0.1159 0.8930
vn -0.4314 -0.1889 0.8822
vn -0.5552 -0.2499 0.7933
vn -0.5616 -0.2455 0.7901
vn -0.4237 -0.3427 0.8385
vn 0.1432 -0.0613 0.9878
vn 0.1054 -0.0191 0.9942
vn 0.4907 -0.0109 0.8713
vn -0.4909 0.2373 0.8383
vn -0.6287 0.2065 0.7498
vn -0.5676 0.1001 0.8172
vn -0.5277 0.1003 0.8435
vn -0.5431 0.1053 0.8331
vn 0.0042 -0.4397 0.8981
vn -0.3324 -0.2015 0.9214
vn -0.3750 -0.2361 0.8965
vn -0.2561 -0.2797 0.9253
vn -0.4832 -0.2266 0.8457
vn -0.4095 -0.2507 0.8772
vn -0.5702 0.0137 0.8214
vn -0.2516 -0.4033 0.8798
vn -0.3710 -0.1782 0.9114
vn -0.6355 0.0312 0.7714
vn -0.3164 -0.0966 0.9437
vn -0.3952 -0.0869 0.9145
vn -0.4805 -0.2513 0.8403
vn -0.5172 -0.2136 0.8288
vn -0.4320 -0.1886 0.8819
vn -0.3958 -0.2503 0.8836
vn -0.4663 -0.0847 0.8806
vn 0.3320 0.0800 0.9399
vn 0.4223 0.3661 0.8292
vn -0.6664 -0.1488 0.7306
vn -0.4646 0.1598 0.8710
vn -0.6319 0.0745 0.7715
vn -0.5671 0.0924 0.8185
vn -0.5726 0.1480 0.8063
vn -0.5496 0.0742 0.8322
vn -0.0716 -0.4593 0.8854
vn -0.0411 -0.4371 0.8985
vn -0.2005 -0.2517 0.9468
vn -0.3381 -0.2717 0.9010
vn -0.5658 -0.1749 0.8058
vn -0.4072 -0.2517 0.8779
vn -0.3630 -0.1899 0.9123
vn -0.2940 -0.2235 0.9293
vn -0.1794 -0.1091 0.9777
vn -0.0498 -0.2793 0.9589
vn -0.3225 -0.3233 0.8896
vn -0.3358 -0.3160 0.8873
vn -0.5294 0.0614 0.8462
vn 0.1253 -0.0809 0.9888
vn 0.4447 -0.0929 0.8909
vn 0.5257 0.0103 0.8506
vn 0.2911 0.0532 0.9552
vn 0.6053 -0.0316 0.7954
vn -0.2680 -0.1456 0.9523
vn -0.7952 -0.2840 0.5358
vn -0.7438 -0.0420 0.6671
vn -0.5933 0.0653 0.8023
vn -0.5381 0.0667 0.8402
vn -0.4255 -0.1141 0.8977
vn -0.1441 -0.4283 0.8921
vn -0.0855 -0.5097 0.8561
vn -0.4572 -0.0700 0.8866
vn -0.2015 -0.3416 0.9180
vn -0.2686 -0.3254 0.9066
vn -0.6620 -0.1288 0.7383
vn -0.4671 -0.0531 0.8826
vn -0.3230 -0.1772 0.9297
vn -0.5892 -0.1824 0.7872
vn -0.2976 -0.1268 0.9462
vn -0.2634 -0.1548 0.9522
vn -0.4315 -0.1004 0.8965
vn -0.3337 -0.1216 0.9348
vn -0.2881 -0.1991 0.9367
vn -0.4433 -0.2037 0.8729
vn 0.1588 -0.0981 0.9824
vn 0.5032 0.0013 0.8642
vn 0.4946 -0.0192 0.8689
vn 0.4180 -0.1314 0.8989
vn 0.1184 -0.1857 0.9754
vn 0.7026 0.0663 0.7085
vn 0.4067 -0.0510 0.9121
vn 0.4869 0.1750 0.8557
vn 0.5481 0.0156 0.8363
vn 0.3421 0.0334 0.9391
vn -0.1531 -0.6064 0.7803
vn -0.6705 -0.3116 0.6733
vn -0.4779 0.0730 0.8753
vn -0.3230 -0.3542 0.8776
vn -0.1201 -0.5317 0.8384
vn -0.0941 -0.5044 0.8583
vn -0.0830 -0.5096 0.8564
vn -0.2462 -0.1329 0.9601
vn -0.4791 -0.1616 0.8627
vn -0.5258 -0.2598 0.8100
vn -0.4910 -0.0637 0.8688
vn -0.3933 0.0149 0.9193
vn -0.4251 0.0608 0.9031
vn -0.4000 -0.1571 0.9029
vn 0.0145 -0.1218 0.9925
vn 0.0975 -0.1605 0.9822
vn 0.4308 0.1505 0.8898
vn 0.5259 0.1126 0.8430
vn 0.4432 0.0935 0.8916
vn -0.6636 -0.3564 0.6577
vn -0.5702 0.0953 0.8159
vn -0.5675 0.0975 0.8176
vn -0.5726 0.1342 0.8088
vn -0.5351 0.0891 0.8401
vn -0.5549 0.0822 0.8278
vn -0.3445 -0.3442 0.8734
vn -0.1491 -0.5359 0.8310
vn -0.2607 -0.3334 0.9061
vn -0.1528 -0.3348 0.9298
vn -0.4828 -0.2247 0.8464
vn -0.6389 -0.2601 0.7240
vn -0.2427 -0.2517 0.9369
vn -0.1198 -0.2725 0.9547
vn -0.0783 -0.0954 0.9924
vn -0.4582 -0.1077 0.8823
vn -0.4520 -0.1343 0.8818
vn -0.4929 -0.1008 0.8642
vn -0.4069 -0.2448 0.8800
vn 0.1468 -0.0572 0.9875
vn 0.4549 0.1385 0.8797
vn 0.3959 0.0533 0.9167
vn 0.5433 -0.2457 0.8028
vn -0.7673 -0.3439 0.5413
vn -0.6258 -0.1405 0.7672
vn -0.4427 -0.0989 0.8912
vn -0.5323 -0.3262 0.7812
vn -0.4917 -0.3158 0.8115
vn -0.1940 -0.6432 0.7407
vn -0.1952 -0.2365 0.9518
vn -0.1235 -0.2289 0.9656
vn -0.3675 -0.2113 0.9057
vn -0.5145 -0.1825 0.8379
vn -0.4840 -0.1414 0.8635
vn -0.4081 -0.0273 0.9125
vn -0.4872 -0.1162 0.8655
vn -0.3958 -0.2192 0.8918
vn 0.1055 -0.1569 0.9820
vn 0.0065 0.0558 0.9984
vn 0.3981 0.0823 0.9137
vn 0.4058 0.0849 0.9100
vn -0.5890 0.1218 0.7989
vn -0.5436 -0.1220 0.8304
vn -0.4784 -0.0965 0.8728
vn -0.5860 -0.0249 0.8099
vn -0.5132 -0.1086 0.8514
vn -0.2436 -0.3340 0.9105
vn -0.1249 -0.5275 0.8404
vn -0.1484 -0.4308 0.8902
vn -0.2793 -0.3501 0.8941
vn -0.2867 -0.2282 0.9304
vn -0.4193 -0.2381 0.8761
vn -0.4362 -0.2289 0.8703
vn -0.2554 -0.4593 0.8508
vn -0.6410 -0.2562 0.7235
vn -0.3084 -0.5681 0.7630
vn -0.3942 -0.0816 0.9154
vn -0.4224 -0.0884 0.9021
vn -0.2873 0.0541 0.9563
vn -0.2605 0.0338 0.9649
vn -0.4033 -0.0299 0.9146
vn -0.4977 -0.0888 0.8628
vn -0.3479 -0.2144 0.9127
vn -0.4285 -0.0415 0.9026
vn 0.0452 -0.1051 0.9934
vn 0.4674 0.1305 0.8744
vn 0.3936 0.0811 0.9157
vn 0.4345 0.1811 0.8823
vn 0.3128 0.3160 0.8957
vn 0.5646 0.2010 0.8005
vn 0.4181 -0.0816 0.9047
vn 0.0467 -0.0510 0.9976
vn -0.0021 -0.0164 0.9999
vn -0.6956 -0.2903 0.6572
vn -0.7138 -0.2677 0.6472
vn -0.6228 -0.1446 0.7689
vn -0.6068 -0.1376 0.7828
vn -0.6885 -0.0420 0.7240
vn -0.4229 0.0060 0.9062
vn -0.4430 -0.1870 0.8768
vn -0.1535 -0.5190 0.8409
vn -0.0621 -0.6175 0.7842
vn -0.1535 -0.2417 0.9581
vn -0.3376 -0.2691 0.9020
vn -0.4763 -0.2309 0.8484
vn -0.5068 -0.2387 0.8284
vn -0.5469 -0.2034 0.8121
vn -0.5167 -0.1423 0.8443
vn -0.3175 -0.4732 0.8218
vn 0.0797 -0.4536 0.8876
vn -0.1807 -0.1565 0.9710
vn -0.1953 -0.1520 0.9689
vn -0.4590 -0.1524 0.8753
vn -0.5527 -0.1602 0.8179
vn -0.4481 -0.1244 0.8853
vn -0.4935 -0.1511 0.8565
vn 0.3234 0.0554 0.9446
vn 0.6059 -0.0233 0.7952
vn 0.4770 0.0312 0.8784
vn 0.2958 0.0973 0.9503
vn 0.4515 0.1726 0.8754
vn 0.6296 0.0708 0.7737
vn -0.7413 0.1160 0.6611
vn -0.4589 0.3144 0.8310
vn -0.5770 -0.0422 0.8156
vn -0.5082 -0.1151 0.8535
vn -0.6479 -0.0328 0.7610
vn -0.5679 -0.0872 0.8184
vn -0.3322 -0.3645 0.8699
vn -0.1361 -0.4559 0.8796
vn -0.1152 -0.4313 0.8948
vn -0.1273 -0.2068 0.9701
vn -0.1890 -0.3169 0.9294
vn -0.2598 -0.2590 0.9303
vn -0.2954 -0.3231 0.8991
vn -0.3267 -0.2466 0.9124
vn -0.3082 -0.2989 0.9031
vn -0.6039 -0.1652 0.7798
vn -0.3929 -0.3908 0.8324
vn -0.0629 -0.4379 0.8968
vn 0.0156 -0.4675 0.8839
vn -0.3714 -0.4315 0.8221
vn -0.3789 -0.4257 0.8217
vn -0.3648 -0.4261 0.8279
vn -0.5090 -0.2894 0.8107
vn -0.2501 -0.2867 0.9248
vn -0.4604 -0.1644 0.8723
vn -0.4583 -0.1813 0.8701
vn -0.4390 -0.4075 0.8008
vn 0.0410 -0.1554 0.9870
vn 0.3015 -0.3209 0.8978
vn 0.2714 0.0564 0.9608
vn 0.5853 -0.3279 0.7415
vn -0.0413 -0.2666 0.9629
vn -0.6731 -0.1959 0.7131
vn -0.4837 -0.1950 0.8532
vn -0.2465 -0.4264 0.8703
vn -0.1432 -0.5105 0.8478
vn -0.3988 -0.1455 0.9054
vn -0.5374 -0.0339 0.8426
vn -0.4542 -0.0605 0.8889
vn -0.1481 -0.2166 0.9650
vn -0.2254 -0.2687 0.9365
vn -0.2312 -0.2877 0.9294
vn -0.4229 -0.2785 0.8623
vn -0.4795 -0.2571 0.8390
vn -0.3425 -0.4568 0.8210
vn -0.0726 -0.3933 0.9165
vn -0.3769 -0.0990 0.9210
vn -0.3742 -0.2319 0.8979
vn -0.3350 -0.2272 0.9144
vn -0.4779 -0.0758 0.8751
vn -0.3422 -0.0925 0.9351
vn -0.5002 0.0924 0.8609
vn 0.1119 -0.1271 0.9856
vn 0.0457 -0.1219 0.9915
vn 0.5224 -0.0900 0.8479
vn 0.4768 -0.0131 0.8789
vn 0.4971 -0.0247 0.8673
vn 0.3505 0.0349 0.9359
vn 0.6849 -0.1218 0.7184
vn -0.6334 -0.3783 0.6750
vn -0.7064 -0.2909 0.6453
vn -0.8250 -0.1452 0.5461
vn -0.4621 -0.2908 0.8378
vn -0.4351 0.0422 0.8994
vn -0.2079 -0.4821 0.8511
vn -0.3814 -0.4309 0.8178
vn -0.2190 -0.4846 0.8469
vn -0.1839 -0.4320 0.8829
vn -0.1010 -0.4106 0.9062
vn -0.4176 -0.1584 0.8947
vn -0.4053 -0.1122 0.9073
vn -0.3689 -0.2284 0.9010
vn -0.4953 -0.4200 0.7604
vn -0.4616 -0.4352 0.7730
vn -0.1951 -0.5742 0.7951
vn -0.3502 -0.5023 0.7906
vn 0.1115 -0.8128 0.5718
vn -0.2993 -0.4705 0.8301
vn -0.2348 -0.0719 0.9694
vn -0.4593 -0.1618 0.8734
vn -0.5135 -0.0910 0.8532
vn -0.4878 -0.0594 0.8709
vn -0.4498 -0.0427 0.8921
vn -0.4048 -0.1037 0.9085
vn -0.5708 -0.0203 0.8208
vn -0.4790 -0.0628 0.8756
vn -0.5048 0.0887 0.8586
vn -0.4660 -0.0178 0.8846
vn -0.0784 -0.3228 0.9432
vn 0.0602 -0.1472 0.9873
vn 0.2714 -0.1149 0.9556
vn 0.4537 -0.3202 0.8317
vn 0.3127 -0.1769 0.9332
vn 0.4976 0.0484 0.8660
vn -0.6832 -0.1791 0.7079
vn -0.7701 -0.2662 0.5797
vn -0.4728 -0.2471 0.8458
vn -0.5533 -0.2490 0.7949
vn -0.1622 -0.5260 0.8349
vn -0.4527 -0.2260 0.8626
vn -0.1327 -0.8286 0.5439
vn -0.2859 -0.5827 0.7607
vn -0.2694 -0.5814 0.7677
vn -0.4252 -0.0450 0.9040
vn -0.1581 0.0194 0.9872
vn -0.4046 -0.1676 0.8990
vn -0.4165 -0.0151 0.9090
vn 0.3723 -0.1605 0.9141
vn 0.4413 -0.4032 0.8017
vn 0.3809 -0.1041 0.9187
vn -0.1955 -0.1118 0.9743
vn -0.3110 -0.0789 0.9471
vn -0.6426 -0.3607 0.6760
vn -0.7768 -0.1388 0.6143
vn -0.7254 -0.1083 0.6798
vn -0.4776 -0.2347 0.8466
vn -0.1093 -0.6238 0.7739
vn -0.0940 -0.5132 0.8531
vn -0.2078 -0.4307 0.8782
vn -0.1389 -0.5588 0.8176
vn -0.4263 -0.3146 0.8481
vn -0.3268 -0.4718 0.8189
vn -0.3221 -0.4673 0.8233
vn -0.5489 -0.2170 0.8072
vn -0.4953 -0.2046 0.8443
vn -0.4714 -0.2394 0.8488
vn -0.0002 -0.4617 0.8871
vn -0.4218 -0.3283 0.8452
vn -0.5105 -0.2710 0.8160
vn -0.3480 -0.0614 0.9355
vn -0.4716 0.0054 0.8818
vn -0.4635 0.0037 0.8861
vn 0.0574 -0.0637 0.9963
vn 0.2797 -0.2545 0.9257
vn 0.4796 -0.4248 0.7678
vn 0.3206 -0.3614 0.8756
vn 0.3528 -0.3360 0.8733
vn 0.5183 -0.2392 0.8210
vn 0.4649 -0.2226 0.8569
vn -0.5031 -0.2472 0.8281
vn -0.6046 -0.1819 0.7755
vn -0.2991 -0.5068 0.8085
vn -0.3721 -0.3234 0.8700
vn -0.1268 -0.3273 0.9364
vn -0.1555 -0.4147 0.8966
vn -0.4781 -0.2207 0.8501
vn -0.3108 -0.4378 0.8436
vn -0.5127 -0.4569 0.7269
vn -0.3199 -0.2536 0.9129
vn -0.3715 -0.2617 0.8908
vn -0.4810 -0.2098 0.8513
vn -0.1436 -0.1127 0.9832
vn -0.2036 -0.0920 0.9747
vn 0.3479 -0.1680 0.9224
vn 0.3728 -0.2619 0.8902
vn 0.4152 -0.3744 0.8291
vn 0.1806 -0.4404 0.8794
vn 0.5594 -0.3148 0.7667
vn 0.5123 0.2634 0.8174
vn -0.2389 -0.1959 0.9511
vn -0.7545 -0.0770 0.6518
vn -0.6174 -0.3529 0.7031
vn -0.4745 -0.2512 0.8437
vn -0.3916 -0.3656 0.8444
vn -0.3381 -0.3856 0.8585
vn -0.5006 -0.1334 0.8553
vn -0.6509 -0.0084 0.7591
vn -0.0685 -0.3457 0.9358
vn -0.2349 -0.3342 0.9128
vn -0.1844 -0.4174 0.8898
vn -0.5374 -0.1692 0.8262
vn -0.4395 -0.2644 0.8584
vn 0.0526 -0.5826 0.8110
vn -0.5263 -0.2046 0.8253
vn -0.3449 -0.4960 0.7969
vn -0.1496 -0.3889 0.9091
vn -0.3425 -0.2947 0.8921
vn -0.5185 -0.0864 0.8507
vn -0.4541 -0.0381 0.8902
vn -0.5080 0.1110 0.8542
vn 0.1632 0.2710 0.9486
vn 0.1225 -0.1796 0.9761
vn 0.5125 -0.3400 0.7885
vn 0.3403 -0.4080 0.8472
vn 0.5315 -0.2876 0.7967
vn 0.3384 -0.3225 0.8840
vn 0.4266 -0.0606 0.9024
vn 0.5329 0.0015 0.8462
vn -0.2170 0.1118 0.9697
vn -0.7048 -0.1216 0.6990
vn -0.6156 -0.3656 0.6982
vn -0.5450 0.0715 0.8354
vn -0.3925 -0.3126 0.8650
vn -0.2065 -0.5135 0.8329
vn -0.1659 -0.5588 0.8126
vn -0.3519 -0.3686 0.8604
vn -0.5373 -0.0258 0.8430
vn -0.4664 -0.3155 0.8264
vn -0.3924 -0.3680 0.8430
vn -0.0889 -0.5644 0.8207
vn -0.3516 -0.5570 0.7524
vn -0.2646 -0.4654 0.8446
vn -0.5406 -0.3141 0.7805
vn -0.5632 -0.2920 0.7730
vn -0.4013 -0.4593 0.7925
vn -0.2702 -0.2568 0.9279
vn -0.4739 -0.2828 0.8339
vn -0.2646 -0.2829 0.9219
vn -0.5484 -0.0690 0.8334
vn -0.4751 -0.0283 0.8795
vn -0.1157 -0.5207 0.8458
vn 0.1030 -0.4697 0.8768
vn 0.3500 -0.1291 0.9278
vn 0.4146 0.1207 0.9020
vn -0.0579 -0.3007 0.9519
vn -0.7806 -0.0867 0.6189
vn -0.5572 -0.2731 0.7842
vn -0.4993 -0.4161 0.7600
vn -0.2827 -0.4666 0.8381
vn -0.1586 -0.5207 0.8389
vn -0.1764 -0.5403 0.8228
vn -0.3204 -0.2587 0.9113
vn -0.4362 -0.2191 0.8728
vn -0.1367 -0.2766 0.9512
vn -0.2026 -0.2835 0.9373
vn -0.1896 -0.2804 0.9410
vn -0.1710 -0.2978 0.9392
vn -0.3327 -0.2269 0.9153
vn -0.4429 -0.3202 0.8374
vn -0.5535 -0.2950 0.7789
vn -0.6082 0.0163 0.7936
vn -0.6147 -0.2207 0.7572
vn -0.5040 -0.1789 0.8450
vn -0.2350 -0.1877 0.9537
vn -0.5504 -0.0818 0.8309
vn -0.4901 -0.1047 0.8654
vn -0.5033 -0.1343 0.8536
vn 0.1913 -0.0766 0.9785
vn 0.0088 -0.5435 0.8394
vn 0.3993 -0.4010 0.8245
vn 0.3458 -0.4112 0.8434
vn 0.3492 -0.2187 0.9112
vn -0.7399 -0.1739 0.6499
vn -0.5851 -0.3942 0.7087
vn -0.7043 -0.2564 0.6620
vn -0.5240 -0.4370 0.7311
vn -0.5838 -0.3313 0.7413
vn -0.1832 -0.5404 0.8212
vn -0.0301 -0.6074 0.7938
vn -0.1207 -0.4776 0.8702
vn -0.1648 -0.5432 0.8233
vn -0.5202 -0.1368 0.8430
vn -0.4480 -0.3018 0.8416
vn -0.3583 -0.3501 0.8655
vn -0.1540 -0.6376 0.7548
vn -0.2776 -0.4492 0.8492
vn -0.1828 -0.1509 0.9715
vn -0.5320 -0.0394 0.8459
vn -0.4252 -0.1373 0.8946
vn 0.2628 -0.1694 0.9499
vn 0.7192 0.6791 -0.1472
vn 0.1709 -0.1465 0.9743
vn 0.0396 -0.3923 0.9190
vn 0.4985 -0.3084 0.8102
vn 0.1714 0.0345 0.9846
vn 0.5100 -0.0077 0.8601
vn 0.3700 -0.3848 0.8456
vn 0.2931 -0.1813 0.9387
vn 0.5537 -0.1726 0.8146
vn -0.3960 0.0865 0.9142
vn -0.0976 -0.5841 0.8058
vn 0.0016 -0.6089 0.7932
vn -0.3335 -0.4032 0.8522
vn -0.2773 -0.4875 0.8279
vn -0.2595 -0.4095 0.8746
vn -0.4359 -0.3254 0.8391
vn -0.2516 -0.3766 0.8916
vn -0.0437 -0.3049 0.9514
vn -0.1686 -0.2290 0.9587
vn -0.3395 -0.2193 0.9147
vn -0.4539 -0.3128 0.8344
vn -0.4321 -0.3178 0.8440
vn -0.5149 -0.1761 0.8389
vn -0.5469 -0.3108 0.7774
vn 0.0770 0.6865 0.7230
vn -0.4640 -0.2378 0.8533
vn -0.2502 -0.1543 0.9558
vn -0.3688 -0.2154 0.9042
vt 0.314120 0.249487
vt 0.314169 0.250021
vt 0.312597 0.250031
vt 0.315513 0.250021
vt 0.315214 0.249071
vt 0.316169 0.249366
vt 0.316631 0.250040
vt 0.318600 0.250018
vt 0.319094 0.250022
vt 0.318844 0.250022
vt 0.319111 0.249638
vt 0.319344 0.250022
vt 0.319844 0.250022
vt 0.320558 0.250003
vt 0.320439 0.249597
vt 0.320844 0.250022
vt 0.321195 0.250015
vt 0.321325 0.249708
vt 0.321635 0.249910
vt 0.321897 0.249679
vt 0.322270 0.250176
vt 0.322499 0.250033
vt 0.322783 0.249539
vt 0.323070 0.250004
vt 0.323708 0.250098
vt 0.322929 0.249211
vt 0.324304 0.249995
vt 0.324093 0.250022
vt 0.324814 0.250008
vt 0.324593 0.250022
vt 0.324844 0.249288
vt 0.325292 0.250041
vt 0.325593 0.250022
vt 0.326098 0.250122
vt 0.326047 0.249627
vt 0.326342 0.250022
vt 0.326592 0.250022
vt 0.326804 0.249722
vt 0.326842 0.250022
vt 0.327356 0.250028
vt 0.328329 0.250003
vt 0.328042 0.250197
vt 0.329172 0.249672
vt 0.329992 0.250008
vt 0.328823 0.250039
vt 0.330444 0.249426
vt 0.331082 0.250022
vt 0.330411 0.250029
vt 0.331594 0.250024
vt 0.331341 0.250022
vt 0.332615 0.250015
vt 0.333281 0.249382
vt 0.333347 0.250029
vt 0.333722 0.249979
vt 0.333722 0.249741
vt 0.334090 0.250022
vt 0.334342 0.250022
vt 0.335305 0.250000
vt 0.334843 0.250023
vt 0.335090 0.250022
vt 0.335692 0.250057
vt 0.336314 0.250011
vt 0.336090 0.250022
vt 0.336727 0.249433
vt 0.337325 0.250023
vt 0.337707 0.248717
vt 0.338363 0.250018
vt 0.340680 0.249417
vt 0.342403 0.250015
vt 0.340699 0.250024
vt 0.343129 0.250023
vt 0.342721 0.250025
vt 0.343673 0.249486
vt 0.343933 0.250004
vt 0.344443 0.248993
vt 0.345042 0.250025
vt 0.345217 0.249256
vt 0.345720 0.250025
vt 0.346338 0.250036
vt 0.346782 0.249418
vt 0.346825 0.250009
vt 0.347727 0.250023
vt 0.347980 0.249211
vt 0.349031 0.250026
vt 0.350302 0.250019
vt 0.350641 0.249561
vt 0.350665 0.250006
vt 0.351228 0.250027
vt 0.352692 0.249200
vt 0.352424 0.250021
vt 0.353797 0.250007
vt 0.354933 0.249441
vt 0.355887 0.250011
vt 0.357176 0.250021
vt 0.357587 0.249319
vt 0.357584 0.250022
vt 0.357896 0.249997
vt 0.358584 0.250022
vt 0.359204 0.249529
vt 0.359534 0.250027
vt 0.359954 0.250019
vt 0.360796 0.250037
vt 0.360075 0.249072
vt 0.361441 0.249371
vt 0.361364 0.250022
vt 0.362128 0.250040
vt 0.362937 0.250027
vt 0.362561 0.250052
vt 0.363836 0.250031
vt 0.363564 0.250035
vt 0.364679 0.249735
vt 0.364832 0.250022
vt 0.364572 0.250018
vt 0.365216 0.250080
vt 0.365582 0.250022
vt 0.365864 0.250015
vt 0.367210 0.249740
vt 0.367192 0.250022
vt 0.367624 0.250040
vt 0.368081 0.250022
vt 0.368362 0.250045
vt 0.369110 0.249448
vt 0.369585 0.250019
vt 0.368815 0.250020
vt 0.369882 0.249716
vt 0.369872 0.250019
vt 0.370331 0.250022
vt 0.370203 0.249505
vt 0.370581 0.250022
vt 0.370594 0.249745
vt 0.370830 0.250022
vt 0.370868 0.249712
vt 0.371080 0.250022
vt 0.371330 0.250022
vt 0.371580 0.250022
vt 0.371958 0.249993
vt 0.371978 0.249258
vt 0.372473 0.250088
vt 0.372823 0.250017
vt 0.373176 0.249710
vt 0.373301 0.250062
vt 0.373580 0.250022
vt 0.373830 0.250022
vt 0.373984 0.249645
vt 0.374305 0.250128
vt 0.374633 0.250036
vt 0.375072 0.250016
vt 0.374829 0.250022
vt 0.315834 0.249036
vt 0.318274 0.249229
vt 0.318328 0.250022
vt 0.323414 0.248871
vt 0.324662 0.249563
vt 0.326212 0.249337
vt 0.328809 0.249189
vt 0.329714 0.249100
vt 0.332268 0.249045
vt 0.339113 0.250025
vt 0.339745 0.249213
vt 0.340099 0.250032
vt 0.349786 0.249365
vt 0.355992 0.248620
vt 0.365501 0.249079
vt 0.366798 0.249408
vt 0.368148 0.249366
vt 0.374600 0.249239
vt 0.375080 0.249325
vt 0.312595 0.248063
vt 0.316963 0.248619
vt 0.317687 0.250017
vt 0.317608 0.248909
vt 0.319700 0.249157
vt 0.322284 0.248645
vt 0.327062 0.249090
vt 0.327664 0.248633
vt 0.330352 0.248586
vt 0.335457 0.248910
vt 0.336218 0.248889
vt 0.338744 0.248406
vt 0.341402 0.248684
vt 0.345696 0.248289
vt 0.361859 0.248166
vt 0.368613 0.249132
vt 0.369159 0.249001
vt 0.369925 0.248848
vt 0.373121 0.248832
vt 0.313818 0.248780
vt 0.320361 0.248634
vt 0.321110 0.248186
vt 0.324876 0.248416
vt 0.328260 0.248280
vt 0.333133 0.248620
vt 0.334383 0.248710
vt 0.342790 0.248247
vt 0.347744 0.248053
vt 0.351169 0.248221
vt 0.365932 0.248237
vt 0.367279 0.247804
vt 0.368532 0.248376
vt 0.371925 0.248645
vt 0.317840 0.248279
vt 0.319026 0.247964
vt 0.329766 0.248517
vt 0.331607 0.248368
vt 0.336160 0.248393
vt 0.339928 0.248416
vt 0.348713 0.247944
vt 0.353069 0.248367
vt 0.358386 0.248187
vt 0.361531 0.248692
vt 0.370079 0.247606
vt 0.371353 0.246903
vt 0.373505 0.248105
vt 0.314621 0.248222
vt 0.322686 0.247759
vt 0.325282 0.248024
vt 0.325719 0.247795
vt 0.328519 0.247860
vt 0.344346 0.248469
vt 0.346800 0.247499
vt 0.354662 0.247684
vt 0.361047 0.247668
vt 0.362920 0.247895
vt 0.363629 0.247489
vt 0.369085 0.247948
vt 0.374467 0.247899
vt 0.375070 0.248025
vt 0.314874 0.247252
vt 0.315966 0.247198
vt 0.319672 0.248221
vt 0.323185 0.247140
vt 0.326223 0.247559
vt 0.328984 0.247696
vt 0.333330 0.247509
vt 0.334656 0.248137
vt 0.337645 0.247396
vt 0.342121 0.246908
vt 0.349731 0.247284
vt 0.352221 0.247789
vt 0.313376 0.247250
vt 0.317352 0.247937
vt 0.320177 0.247926
vt 0.330122 0.247576
vt 0.330582 0.247342
vt 0.332270 0.247562
vt 0.335506 0.247498
vt 0.339120 0.247571
vt 0.344043 0.247723
vt 0.344982 0.247362
vt 0.353157 0.247521
vt 0.359164 0.247129
vt 0.360080 0.247326
vt 0.372733 0.247617
vt 0.312595 0.247426
vt 0.316914 0.247139
vt 0.321276 0.246756
vt 0.333848 0.247097
vt 0.340218 0.247412
vt 0.341326 0.247142
vt 0.342611 0.246884
vt 0.346323 0.247111
vt 0.351711 0.247223
vt 0.355133 0.247075
vt 0.356714 0.246671
vt 0.361560 0.247460
vt 0.366350 0.247066
vt 0.318066 0.247090
vt 0.319334 0.247094
vt 0.327586 0.247213
vt 0.328279 0.246348
vt 0.329653 0.247160
vt 0.331903 0.246720
vt 0.334679 0.247340
vt 0.350736 0.247501
vt 0.353760 0.245941
vt 0.355829 0.247030
vt 0.361353 0.246820
vt 0.369791 0.246085
vt 0.325524 0.247510
vt 0.326150 0.246592
vt 0.335258 0.246886
vt 0.338542 0.247003
vt 0.343506 0.246285
vt 0.348017 0.246520
vt 0.363618 0.246571
vt 0.368287 0.246600
vt 0.373566 0.246562
vt 0.375067 0.246645
vt 0.315372 0.246741
vt 0.316627 0.246124
vt 0.318579 0.246561
vt 0.323975 0.246541
vt 0.326761 0.246679
vt 0.330016 0.246828
vt 0.330858 0.246863
vt 0.332718 0.246956
vt 0.333207 0.246028
vt 0.339383 0.246532
vt 0.340304 0.246203
vt 0.344375 0.246200
vt 0.345709 0.246644
vt 0.348574 0.246581
vt 0.350182 0.246093
vt 0.362681 0.245966
vt 0.371942 0.245858
vt 0.329150 0.245928
vt 0.338330 0.246285
vt 0.347066 0.246305
vt 0.352040 0.246480
vt 0.356791 0.246066
vt 0.314193 0.246039
vt 0.318055 0.245930
vt 0.319185 0.245880
vt 0.322646 0.246050
vt 0.325047 0.246510
vt 0.330209 0.246510
vt 0.331277 0.246442
vt 0.334306 0.246272
vt 0.345259 0.246450
vt 0.346691 0.246012
vt 0.352993 0.246294
vt 0.354784 0.245865
vt 0.360325 0.245829
vt 0.365990 0.245989
vt 0.312602 0.245535
vt 0.315659 0.245730
vt 0.321541 0.246135
vt 0.323846 0.245962
vt 0.325794 0.246153
vt 0.326308 0.245986
vt 0.331927 0.245963
vt 0.335256 0.245760
vt 0.336996 0.246201
vt 0.337518 0.245969
vt 0.340926 0.245118
vt 0.348845 0.245800
vt 0.350388 0.245479
vt 0.358372 0.245877
vt 0.367255 0.245618
vt 0.370933 0.245896
vt 0.372577 0.245841
vt 0.327238 0.245524
vt 0.330352 0.245621
vt 0.330697 0.245478
vt 0.336325 0.245342
vt 0.337998 0.244722
vt 0.338748 0.245922
vt 0.342209 0.245527
vt 0.359206 0.244918
vt 0.363500 0.246005
vt 0.368882 0.245361
vt 0.372969 0.245535
vt 0.314255 0.244953
vt 0.316952 0.244796
vt 0.324169 0.244507
vt 0.332900 0.245520
vt 0.334745 0.245227
vt 0.343483 0.245355
vt 0.345281 0.245367
vt 0.347531 0.245138
vt 0.356202 0.245427
vt 0.363465 0.245570
vt 0.369661 0.244831
vt 0.374097 0.245269
vt 0.375081 0.246003
vt 0.320897 0.244872
vt 0.322095 0.244939
vt 0.326619 0.245116
vt 0.328631 0.245202
vt 0.333380 0.245046
vt 0.339245 0.244885
vt 0.352084 0.245179
vt 0.353276 0.245259
vt 0.367041 0.244626
vt 0.318672 0.244417
vt 0.321136 0.244289
vt 0.332525 0.244799
vt 0.337424 0.245039
vt 0.348061 0.244176
vt 0.355537 0.243957
vt 0.356926 0.244955
vt 0.358003 0.244820
vt 0.361088 0.243853
vt 0.363921 0.244764
vt 0.366018 0.244276
vt 0.372600 0.245246
vt 0.373301 0.244858
vt 0.375091 0.245119
vt 0.322906 0.244221
vt 0.327077 0.244068
vt 0.331183 0.244752
vt 0.334073 0.243966
vt 0.335305 0.244855
vt 0.336717 0.244315
vt 0.340924 0.244270
vt 0.343055 0.244480
vt 0.349304 0.244427
vt 0.350290 0.244363
vt 0.351784 0.244173
vt 0.352748 0.244135
vt 0.355029 0.244025
vt 0.360275 0.243893
vt 0.362682 0.244343
vt 0.368387 0.244940
vt 0.370357 0.244760
vt 0.371249 0.244491
vt 0.372104 0.244358
vt 0.315353 0.244446
vt 0.325461 0.244109
vt 0.326660 0.244161
vt 0.330478 0.244506
vt 0.333722 0.244377
vt 0.334654 0.244299
vt 0.341685 0.243738
vt 0.344627 0.244543
vt 0.354257 0.243917
vt 0.374486 0.243911
vt 0.312593 0.244855
vt 0.313666 0.244134
vt 0.327365 0.243853
vt 0.328747 0.243810
vt 0.331974 0.244106
vt 0.335414 0.244015
vt 0.345394 0.244101
vt 0.356751 0.244112
vt 0.368248 0.244189
vt 0.313169 0.243347
vt 0.329750 0.243530
vt 0.330711 0.244094
vt 0.338160 0.243721
vt 0.339396 0.243652
vt 0.343017 0.243904
vt 0.346750 0.243268
vt 0.350899 0.242809
vt 0.358304 0.243364
vt 0.364776 0.243263
vt 0.366491 0.243875
vt 0.369454 0.243843
vt 0.312596 0.243538
vt 0.314853 0.243645
vt 0.318011 0.243354
vt 0.319562 0.243302
vt 0.320525 0.243738
vt 0.323982 0.243412
vt 0.327817 0.243639
vt 0.332415 0.243703
vt 0.334398 0.243560
vt 0.344452 0.243990
vt 0.356416 0.243223
vt 0.369950 0.243212
vt 0.371893 0.243785
vt 0.372986 0.243529
vt 0.375080 0.243318
vt 0.316151 0.243116
vt 0.321583 0.242949
vt 0.326562 0.243216
vt 0.331386 0.243290
vt 0.333450 0.243363
vt 0.334737 0.243392
vt 0.335299 0.243133
vt 0.339748 0.242690
vt 0.340307 0.242198
vt 0.344764 0.243131
vt 0.348057 0.243028
vt 0.362866 0.243021
vt 0.368401 0.242485
vt 0.373707 0.243322
vt 0.327605 0.243167
vt 0.328156 0.243455
vt 0.328798 0.243009
vt 0.332031 0.243505
vt 0.336794 0.242837
vt 0.361258 0.242777
vt 0.372777 0.242614
vt 0.314497 0.243108
vt 0.323794 0.242901
vt 0.325009 0.242531
vt 0.330714 0.242896
vt 0.332755 0.242832
vt 0.335662 0.242706
vt 0.342882 0.243014
vt 0.345739 0.242593
vt 0.348997 0.242450
vt 0.353094 0.242419
vt 0.356001 0.242998
vt 0.359490 0.242545
vt 0.369133 0.242859
vt 0.371175 0.242326
vt 0.318624 0.242104
vt 0.329208 0.242801
vt 0.331793 0.242759
vt 0.334371 0.242754
vt 0.338330 0.242597
vt 0.341459 0.242670
vt 0.343888 0.242648
vt 0.352050 0.242824
vt 0.354344 0.242834
vt 0.363458 0.242426
vt 0.366253 0.242204
vt 0.367257 0.242345
vt 0.372037 0.242509
vt 0.312599 0.241720
vt 0.315223 0.242600
vt 0.316348 0.242402
vt 0.316670 0.241873
vt 0.320107 0.242478
vt 0.322885 0.241005
vt 0.327406 0.241998
vt 0.333303 0.242222
vt 0.342463 0.242152
vt 0.355251 0.242303
vt 0.356841 0.242464
vt 0.362410 0.242427
vt 0.375079 0.241939
vt 0.321098 0.241484
vt 0.328251 0.241983
vt 0.329247 0.242126
vt 0.329910 0.241897
vt 0.332681 0.242482
vt 0.335050 0.242354
vt 0.336454 0.241872
vt 0.346209 0.242001
vt 0.361562 0.242046
vt 0.371719 0.241542
vt 0.317157 0.241410
vt 0.325635 0.241364
vt 0.328523 0.240148
vt 0.331428 0.241698
vt 0.331824 0.241777
vt 0.333927 0.241946
vt 0.335553 0.241960
vt 0.337539 0.241457
vt 0.340888 0.241269
vt 0.343287 0.241760
vt 0.349847 0.241759
vt 0.350969 0.241566
vt 0.354126 0.241522
vt 0.357954 0.241993
vt 0.359260 0.241592
vt 0.369295 0.241503
vt 0.370633 0.241519
vt 0.373309 0.241484
vt 0.315231 0.240868
vt 0.319119 0.241595
vt 0.329936 0.241183
vt 0.332660 0.241530
vt 0.344827 0.241465
vt 0.347988 0.241277
vt 0.352370 0.241540
vt 0.355854 0.241039
vt 0.357988 0.241419
vt 0.362184 0.240689
vt 0.368841 0.241481
vt 0.320325 0.241288
vt 0.334336 0.241213
vt 0.334931 0.241486
vt 0.338126 0.241159
vt 0.345693 0.241265
vt 0.366808 0.241360
vt 0.368259 0.241215
vt 0.312599 0.240890
vt 0.331028 0.241386
vt 0.333378 0.241424
vt 0.335713 0.241054
vt 0.339379 0.241013
vt 0.346419 0.241155
vt 0.349156 0.241218
vt 0.363503 0.240301
vt 0.364331 0.241091
vt 0.375066 0.241257
vt 0.319252 0.240869
vt 0.324412 0.241125
vt 0.325049 0.240440
vt 0.333257 0.240992
vt 0.336980 0.240158
vt 0.343657 0.240849
vt 0.348466 0.240538
vt 0.353471 0.241016
vt 0.357129 0.240914
vt 0.360567 0.240210
vt 0.365963 0.240875
vt 0.369606 0.240309
vt 0.315669 0.240221
vt 0.320328 0.240833
vt 0.321610 0.240255
vt 0.330426 0.240469
vt 0.331281 0.240378
vt 0.332278 0.240281
vt 0.333829 0.240157
vt 0.335135 0.240652
vt 0.347287 0.240409
vt 0.350587 0.240146
vt 0.366983 0.240336
vt 0.373465 0.240312
vt 0.317387 0.240230
vt 0.324020 0.240430
vt 0.326433 0.240042
vt 0.342360 0.240472
vt 0.345115 0.240425
vt 0.348901 0.240010
vt 0.352451 0.240238
vt 0.370858 0.240354
vt 0.372602 0.240709
vt 0.318138 0.239954
vt 0.319360 0.240036
vt 0.321914 0.239944
vt 0.334288 0.239597
vt 0.335620 0.240010
vt 0.336068 0.239942
vt 0.338121 0.239746
vt 0.340359 0.240260
vt 0.345927 0.239670
vt 0.355941 0.240154
vt 0.358976 0.239743
vt 0.365214 0.240011
vt 0.368054 0.240042
vt 0.368998 0.240433
vt 0.318747 0.239412
vt 0.330637 0.239699
vt 0.333124 0.240038
vt 0.339000 0.239611
vt 0.347759 0.239354
vt 0.350205 0.238911
vt 0.368771 0.239573
vt 0.373943 0.239603
vt 0.375091 0.240516
vt 0.314170 0.238649
vt 0.315953 0.239425
vt 0.324175 0.239758
vt 0.329214 0.239243
vt 0.332456 0.239602
vt 0.342160 0.239832
vt 0.343993 0.239641
vt 0.349889 0.239596
vt 0.353165 0.239383
vt 0.356957 0.239347
vt 0.361753 0.239828
vt 0.371421 0.239236
vt 0.372380 0.239441
vt 0.320023 0.238128
vt 0.330988 0.238916
vt 0.331985 0.238909
vt 0.333885 0.239199
vt 0.340068 0.238785
vt 0.344517 0.239013
vt 0.346421 0.239192
vt 0.351807 0.239411
vt 0.360207 0.239088
vt 0.366340 0.239350
vt 0.367038 0.238858
vt 0.317067 0.238321
vt 0.322619 0.238724
vt 0.326838 0.238794
vt 0.333116 0.239028
vt 0.334874 0.239077
vt 0.336360 0.239140
vt 0.337917 0.238746
vt 0.352448 0.239102
vt 0.365027 0.238576
vt 0.367914 0.238362
vt 0.370757 0.238779
vt 0.375083 0.239207
vt 0.313298 0.238552
vt 0.315181 0.238563
vt 0.335928 0.238714
vt 0.337041 0.238550
vt 0.338836 0.238043
vt 0.341744 0.239026
vt 0.349142 0.238969
vt 0.353253 0.238553
vt 0.354532 0.238773
vt 0.356149 0.238805
vt 0.358081 0.238805
vt 0.360522 0.238086
vt 0.363594 0.238759
vt 0.368959 0.238468
vt 0.371496 0.238611
vt 0.312591 0.237498
vt 0.319189 0.238122
vt 0.326443 0.238337
vt 0.332598 0.238469
vt 0.334341 0.238902
vt 0.343267 0.238561
vt 0.350676 0.238609
vt 0.374138 0.238649
vt 0.320601 0.237540
vt 0.330354 0.237681
vt 0.331198 0.238018
vt 0.333321 0.238555
vt 0.334865 0.238379
vt 0.344653 0.237972
vt 0.345646 0.238219
vt 0.348468 0.237493
vt 0.352205 0.238495
vt 0.363130 0.238218
vt 0.366197 0.238198
vt 0.375080 0.238319
vt 0.318457 0.238384
vt 0.323729 0.237107
vt 0.331724 0.238301
vt 0.336501 0.237949
vt 0.359622 0.237878
vt 0.369362 0.238010
vt 0.370220 0.238242
vt 0.372468 0.238002
vt 0.327730 0.237352
vt 0.333739 0.238129
vt 0.355141 0.237407
vt 0.364419 0.237969
vt 0.367080 0.237650
vt 0.368671 0.237618
vt 0.370838 0.237750
vt 0.313837 0.237240
vt 0.321624 0.237239
vt 0.332437 0.237365
vt 0.333728 0.237390
vt 0.334012 0.237442
vt 0.334834 0.237430
vt 0.335575 0.237405
vt 0.337850 0.237649
vt 0.338437 0.237607
vt 0.342304 0.237210
vt 0.343511 0.236971
vt 0.345407 0.237256
vt 0.347119 0.237661
vt 0.349353 0.237644
vt 0.350156 0.237219
vt 0.351141 0.236906
vt 0.351936 0.237593
vt 0.354263 0.236516
vt 0.356490 0.236976
vt 0.357313 0.237299
vt 0.358230 0.238021
vt 0.365648 0.237712
vt 0.371043 0.237332
vt 0.373756 0.237957
vt 0.315105 0.237411
vt 0.318042 0.237415
vt 0.329899 0.236973
vt 0.331778 0.237314
vt 0.333155 0.237214
vt 0.337454 0.237173
vt 0.340248 0.237151
vt 0.347923 0.236643
vt 0.352943 0.237421
vt 0.369183 0.237054
vt 0.316946 0.237275
vt 0.324538 0.235854
vt 0.327315 0.236704
vt 0.331303 0.237144
vt 0.365024 0.236906
vt 0.366079 0.237090
vt 0.371934 0.237142
vt 0.373100 0.236856
vt 0.373766 0.236834
vt 0.319274 0.237011
vt 0.323482 0.236610
vt 0.328314 0.236330
vt 0.332174 0.236997
vt 0.336142 0.236757
vt 0.338951 0.236808
vt 0.346505 0.236689
vt 0.359396 0.237139
vt 0.360089 0.236872
vt 0.361372 0.235929
vt 0.367218 0.236585
vt 0.368072 0.236614
vt 0.375085 0.237296
vt 0.314340 0.236594
vt 0.316025 0.236550
vt 0.333776 0.236728
vt 0.334567 0.236728
vt 0.338319 0.236293
vt 0.344901 0.236790
vt 0.349553 0.236698
vt 0.352524 0.236310
vt 0.355711 0.236247
vt 0.358447 0.235738
vt 0.362674 0.236447
vt 0.364667 0.235898
vt 0.368682 0.236292
vt 0.369765 0.236696
vt 0.314894 0.235671
vt 0.318829 0.236584
vt 0.325877 0.234854
vt 0.330285 0.236503
vt 0.331347 0.236475
vt 0.333248 0.236375
vt 0.335233 0.236508
vt 0.337759 0.236454
vt 0.342168 0.236396
vt 0.356983 0.236426
vt 0.365935 0.236188
vt 0.375078 0.236616
vt 0.316757 0.235497
vt 0.319659 0.235802
vt 0.329780 0.236287
vt 0.336360 0.235993
vt 0.337018 0.236036
vt 0.340932 0.235444
vt 0.348870 0.235852
vt 0.349526 0.235725
vt 0.353526 0.235972
vt 0.365218 0.236374
vt 0.371365 0.236099
vt 0.372042 0.236137
vt 0.312593 0.235353
vt 0.330825 0.235855
vt 0.331461 0.236212
vt 0.331965 0.236058
vt 0.334680 0.235879
vt 0.339278 0.235809
vt 0.342880 0.235497
vt 0.345172 0.235479
vt 0.347070 0.235529
vt 0.351037 0.235415
vt 0.359236 0.235187
vt 0.366461 0.235480
vt 0.367158 0.235207
vt 0.370220 0.235960
vt 0.372904 0.236088
vt 0.322242 0.234029
vt 0.329898 0.235343
vt 0.338537 0.235634
vt 0.343852 0.235052
vt 0.350135 0.235357
vt 0.356287 0.235622
vt 0.362225 0.235434
vt 0.372139 0.235523
vt 0.374005 0.235706
vt 0.375081 0.235937
vt 0.323480 0.235176
vt 0.331581 0.235693
vt 0.333500 0.235502
vt 0.335116 0.235683
vt 0.335850 0.235426
vt 0.337426 0.234944
vt 0.339708 0.235386
vt 0.346364 0.235081
vt 0.352157 0.235294
vt 0.354490 0.234653
vt 0.357278 0.235275
vt 0.370974 0.235035
vt 0.314891 0.235253
vt 0.317606 0.234219
vt 0.327216 0.234152
vt 0.330875 0.235238
vt 0.336826 0.235172
vt 0.348814 0.235006
vt 0.361634 0.234580
vt 0.363567 0.234672
vt 0.364924 0.235173
vt 0.373074 0.235028
vt 0.318477 0.233853
vt 0.330312 0.234928
vt 0.332056 0.234723
vt 0.334326 0.235153
vt 0.334816 0.234469
vt 0.338580 0.235099
vt 0.341837 0.235267
vt 0.344684 0.234931
vt 0.350981 0.234679
vt 0.355635 0.234925
vt 0.357968 0.234797
vt 0.368826 0.233845
vt 0.370042 0.234573
vt 0.374148 0.234925
vt 0.375079 0.235058
vt 0.313896 0.234599
vt 0.316393 0.234009
vt 0.333094 0.234307
vt 0.339303 0.234981
vt 0.340139 0.234546
vt 0.341120 0.234672
vt 0.342644 0.234451
vt 0.345637 0.234267
vt 0.347080 0.234625
vt 0.352974 0.234315
vt 0.356283 0.234171
vt 0.363113 0.234276
vt 0.367940 0.234634
vt 0.371697 0.234687
vt 0.372401 0.234844
vt 0.315863 0.233972
vt 0.324379 0.233682
vt 0.330101 0.234287
vt 0.334027 0.234377
vt 0.336600 0.234326
vt 0.338582 0.234260
vt 0.348944 0.234007
vt 0.351987 0.234625
vt 0.366878 0.234359
vt 0.370730 0.234134
vt 0.375087 0.234495
vt 0.312597 0.234007
vt 0.314752 0.234040
vt 0.319247 0.233427
vt 0.320979 0.233892
vt 0.322528 0.232842
vt 0.325057 0.232511
vt 0.330627 0.234283
vt 0.334268 0.234002
vt 0.335752 0.234296
vt 0.339327 0.234078
vt 0.343807 0.233586
vt 0.346272 0.234429
vt 0.347805 0.234175
vt 0.350184 0.233095
vt 0.355501 0.233333
vt 0.356908 0.233650
vt 0.357789 0.234187
vt 0.358607 0.234349
vt 0.360701 0.234175
vt 0.363878 0.234047
vt 0.364877 0.234439
vt 0.372130 0.234212
vt 0.331132 0.234069
vt 0.337530 0.233841
vt 0.341922 0.233234
vt 0.367325 0.233703
vt 0.373760 0.234119
vt 0.313388 0.233425
vt 0.331482 0.233554
vt 0.332330 0.233914
vt 0.336114 0.233743
vt 0.337787 0.233500
vt 0.338885 0.233758
vt 0.339918 0.233436
vt 0.340395 0.233554
vt 0.344785 0.233524
vt 0.346982 0.233939
vt 0.353907 0.233306
vt 0.358361 0.233326
vt 0.362373 0.233859
vt 0.364315 0.233228
vt 0.330649 0.233582
vt 0.332214 0.233250
vt 0.333665 0.233019
vt 0.336871 0.233654
vt 0.339395 0.233411
vt 0.342743 0.233362
vt 0.346180 0.233651
vt 0.348138 0.233344
vt 0.351047 0.233090
vt 0.352753 0.233243
vt 0.362730 0.233536
vt 0.365581 0.232809
vt 0.369807 0.233348
vt 0.370798 0.233466
vt 0.371996 0.233217
vt 0.315049 0.233444
vt 0.316212 0.233308
vt 0.316746 0.232784
vt 0.320837 0.232866
vt 0.329175 0.232454
vt 0.341144 0.233351
vt 0.349108 0.233113
vt 0.354611 0.233277
vt 0.362093 0.232519
vt 0.364998 0.232841
vt 0.373368 0.233215
vt 0.375074 0.233364
vt 0.318037 0.232437
vt 0.319768 0.232526
vt 0.321570 0.232532
vt 0.325978 0.231921
vt 0.326842 0.231526
vt 0.334831 0.232663
vt 0.335853 0.232758
vt 0.336558 0.233144
vt 0.337197 0.233065
vt 0.337977 0.232674
vt 0.338389 0.233037
vt 0.340006 0.233060
vt 0.340599 0.232950
vt 0.344044 0.232413
vt 0.345018 0.233021
vt 0.345408 0.232350
vt 0.346612 0.232949
vt 0.357887 0.232876
vt 0.358442 0.232347
vt 0.367572 0.232861
vt 0.368345 0.232867
vt 0.312596 0.232553
vt 0.313862 0.232604
vt 0.315488 0.231618
vt 0.331965 0.232695
vt 0.332466 0.232526
vt 0.341450 0.232617
vt 0.343283 0.232568
vt 0.348186 0.232791
vt 0.356373 0.232235
vt 0.363481 0.232295
vt 0.330696 0.232368
vt 0.332821 0.232402
vt 0.336783 0.232440
vt 0.338372 0.232266
vt 0.346977 0.232073
vt 0.351861 0.232189
vt 0.354716 0.232156
vt 0.360938 0.231932
vt 0.366891 0.232558
vt 0.369235 0.232463
vt 0.370007 0.232274
vt 0.371328 0.231793
vt 0.371889 0.232184
vt 0.373301 0.232412
vt 0.374345 0.232550
vt 0.375086 0.232686
vt 0.313529 0.231939
vt 0.330335 0.232271
vt 0.333698 0.232462
vt 0.335287 0.231807
vt 0.337100 0.232177
vt 0.337322 0.231867
vt 0.340785 0.231900
vt 0.342195 0.232175
vt 0.345791 0.231904
vt 0.350647 0.231982
vt 0.354026 0.231717
vt 0.316695 0.231619
vt 0.319100 0.231769
vt 0.323221 0.231892
vt 0.331076 0.232126
vt 0.332144 0.232234
vt 0.333329 0.231878
vt 0.334687 0.231738
vt 0.335999 0.231866
vt 0.338661 0.231389
vt 0.339830 0.231514
vt 0.343397 0.232181
vt 0.347291 0.231335
vt 0.348463 0.231646
vt 0.349122 0.230882
vt 0.358034 0.231304
vt 0.363831 0.231645
vt 0.312597 0.231829
vt 0.320395 0.231487
vt 0.338357 0.231606
vt 0.343215 0.231511
vt 0.344068 0.230989
vt 0.351967 0.231402
vt 0.355358 0.230713
vt 0.358800 0.231993
vt 0.362906 0.230866
vt 0.366637 0.230774
vt 0.367413 0.231715
vt 0.374130 0.231568
vt 0.314161 0.230949
vt 0.317908 0.231725
vt 0.318495 0.230912
vt 0.322353 0.231247
vt 0.325720 0.231015
vt 0.353447 0.229887
vt 0.358621 0.231441
vt 0.361595 0.231157
vt 0.370242 0.231274
vt 0.373188 0.230980
vt 0.375077 0.231696
vt 0.319265 0.230866
vt 0.320827 0.230747
vt 0.323936 0.230727
vt 0.329109 0.231146
vt 0.329969 0.231022
vt 0.331341 0.230153
vt 0.332385 0.230536
vt 0.333954 0.231091
vt 0.335939 0.231112
vt 0.337465 0.231229
vt 0.341854 0.231407
vt 0.344936 0.231389
vt 0.350768 0.231171
vt 0.364057 0.230759
vt 0.368800 0.230725
vt 0.372047 0.231243
vt 0.333569 0.231067
vt 0.334322 0.230477
vt 0.340659 0.230780
vt 0.341167 0.230284
vt 0.341543 0.230843
vt 0.342387 0.230932
vt 0.345713 0.230038
vt 0.356237 0.230610
vt 0.370908 0.230889
vt 0.313632 0.229897
vt 0.314798 0.230542
vt 0.316181 0.230466
vt 0.325965 0.229847
vt 0.334719 0.230048
vt 0.337118 0.230908
vt 0.337867 0.230791
vt 0.338670 0.230990
vt 0.339131 0.230881
vt 0.343018 0.230288
vt 0.345239 0.230434
vt 0.348119 0.230574
vt 0.350865 0.230129
vt 0.354023 0.230509
vt 0.358172 0.230473
vt 0.358622 0.230755
vt 0.359669 0.230708
vt 0.370033 0.230340
vt 0.375080 0.230664
vt 0.312597 0.229249
vt 0.320020 0.230206
vt 0.322735 0.229603
vt 0.324944 0.230539
vt 0.328687 0.230300
vt 0.339531 0.230598
vt 0.346872 0.230122
vt 0.349352 0.229747
vt 0.361434 0.230529
vt 0.366127 0.230324
vt 0.367741 0.230091
vt 0.371645 0.230596
vt 0.374183 0.230345
vt 0.321836 0.229919
vt 0.335681 0.229740
vt 0.336261 0.230098
vt 0.338015 0.230214
vt 0.338680 0.230143
vt 0.352413 0.229828
vt 0.361957 0.229916
vt 0.364540 0.229559
vt 0.372127 0.229946
vt 0.327536 0.229155
vt 0.329306 0.228810
vt 0.337086 0.230264
vt 0.340179 0.229950
vt 0.344089 0.230143
vt 0.348235 0.229982
vt 0.355912 0.229070
vt 0.359102 0.229640
vt 0.360108 0.229431
vt 0.362907 0.229641
vt 0.363476 0.229067
vt 0.370095 0.229418
vt 0.370916 0.229851
vt 0.373568 0.229158
vt 0.374605 0.229275
vt 0.375075 0.229794
vt 0.319012 0.229695
vt 0.320920 0.229333
vt 0.323822 0.228632
vt 0.333584 0.229084
vt 0.336454 0.229599
vt 0.338305 0.229902
vt 0.339581 0.229370
vt 0.368275 0.229494
vt 0.373583 0.229817
vt 0.317483 0.228854
vt 0.318007 0.229217
vt 0.331696 0.228884
vt 0.337378 0.229860
vt 0.338678 0.229549
vt 0.342780 0.229055
vt 0.346055 0.229594
vt 0.351801 0.229470
vt 0.354009 0.229531
vt 0.361204 0.228993
vt 0.366574 0.229325
vt 0.313377 0.228587
vt 0.319133 0.228524
vt 0.320234 0.228860
vt 0.322133 0.229398
vt 0.324642 0.228734
vt 0.334790 0.229121
vt 0.335226 0.228891
vt 0.337712 0.229173
vt 0.340775 0.229311
vt 0.341634 0.229115
vt 0.343408 0.228490
vt 0.344403 0.228570
vt 0.345255 0.228847
vt 0.346258 0.228492
vt 0.347446 0.228766
vt 0.362466 0.229118
vt 0.365960 0.229207
vt 0.367496 0.229391
vt 0.372066 0.229109
vt 0.375073 0.229534
vt 0.315578 0.228558
vt 0.325903 0.228797
vt 0.335918 0.228553
vt 0.336911 0.229159
vt 0.350903 0.228916
vt 0.364713 0.229012
vt 0.368831 0.228425
vt 0.370449 0.228634
vt 0.375081 0.229212
vt 0.314129 0.228336
vt 0.323137 0.228581
vt 0.338520 0.228942
vt 0.338804 0.228635
vt 0.348944 0.228375
vt 0.350334 0.228196
vt 0.352499 0.228633
vt 0.352898 0.228529
vt 0.356533 0.228574
vt 0.357379 0.228055
vt 0.359390 0.228182
vt 0.364356 0.228762
vt 0.365827 0.228489
vt 0.320784 0.228050
vt 0.326413 0.228372
vt 0.334372 0.228267
vt 0.337682 0.228414
vt 0.339582 0.228235
vt 0.340588 0.228173
vt 0.342505 0.228126
vt 0.354131 0.228475
vt 0.355997 0.228387
vt 0.362723 0.228581
vt 0.367520 0.228048
vt 0.371083 0.228107
vt 0.372866 0.228662
vt 0.312597 0.227645
vt 0.328344 0.227825
vt 0.333411 0.227910
vt 0.335310 0.227896
vt 0.336832 0.228370
vt 0.338118 0.228272
vt 0.339017 0.227662
vt 0.361175 0.228181
vt 0.363288 0.227980
vt 0.365059 0.228282
vt 0.373532 0.228088
vt 0.374460 0.227991
vt 0.375084 0.227857
vt 0.316371 0.227877
vt 0.321672 0.227354
vt 0.324015 0.227722
vt 0.326974 0.227853
vt 0.331771 0.227688
vt 0.335537 0.227704
vt 0.361996 0.227865
vt 0.364854 0.227677
vt 0.366612 0.228001
vt 0.369251 0.227905
vt 0.314845 0.227038
vt 0.317997 0.227095
vt 0.319324 0.227200
vt 0.323515 0.227244
vt 0.325035 0.227410
vt 0.330018 0.227581
vt 0.333935 0.227346
vt 0.336837 0.228055
vt 0.337875 0.227402
vt 0.341953 0.227299
vt 0.345003 0.227858
vt 0.351235 0.227187
vt 0.356105 0.227436
vt 0.368083 0.227513
vt 0.369739 0.227662
vt 0.371852 0.227753
vt 0.313435 0.227368
vt 0.329318 0.227194
vt 0.339822 0.227539
vt 0.342789 0.227376
vt 0.343848 0.227104
vt 0.346669 0.227228
vt 0.350232 0.227442
vt 0.353074 0.226162
vt 0.355223 0.227114
vt 0.360781 0.226872
vt 0.363027 0.227325
vt 0.373164 0.227490
vt 0.316489 0.227361
vt 0.325828 0.226798
vt 0.336280 0.227248
vt 0.340514 0.227203
vt 0.352378 0.226675
vt 0.358315 0.226888
vt 0.361304 0.226801
vt 0.363755 0.227280
vt 0.370953 0.227136
vt 0.375058 0.227243
vt 0.316976 0.226032
vt 0.318888 0.226523
vt 0.327178 0.227251
vt 0.327881 0.226744
vt 0.332108 0.226093
vt 0.333355 0.226520
vt 0.335109 0.226600
vt 0.336912 0.226952
vt 0.338950 0.226742
vt 0.341118 0.227168
vt 0.348488 0.226500
vt 0.356660 0.227010
vt 0.357564 0.226585
vt 0.364594 0.226378
vt 0.367063 0.226541
vt 0.371621 0.227003
vt 0.312597 0.226342
vt 0.315195 0.226271
vt 0.321385 0.226548
vt 0.322520 0.226460
vt 0.329456 0.226318
vt 0.338474 0.226630
vt 0.339873 0.227012
vt 0.341691 0.226214
vt 0.345422 0.226353
vt 0.354293 0.226384
vt 0.355654 0.226494
vt 0.362228 0.226496
vt 0.365784 0.226687
vt 0.368226 0.226149
vt 0.368692 0.226446
vt 0.369419 0.226155
vt 0.372000 0.226668
vt 0.373212 0.226612
vt 0.313855 0.226446
vt 0.320098 0.226214
vt 0.323892 0.226020
vt 0.335520 0.225518
vt 0.340253 0.226132
vt 0.347314 0.226048
vt 0.349666 0.226320
vt 0.351094 0.226338
vt 0.357918 0.226373
vt 0.359158 0.226549
vt 0.363560 0.226250
vt 0.370613 0.226482
vt 0.375061 0.226596
vt 0.315632 0.226012
vt 0.326501 0.226186
vt 0.333806 0.225745
vt 0.337595 0.226351
vt 0.339017 0.225939
vt 0.339815 0.226439
vt 0.342715 0.226138
vt 0.343450 0.226189
vt 0.356377 0.226452
vt 0.365600 0.225627
vt 0.371499 0.226016
vt 0.374267 0.226217
vt 0.317664 0.225561
vt 0.319675 0.225055
vt 0.325287 0.225912
vt 0.336292 0.225636
vt 0.353791 0.225609
vt 0.356800 0.226119
vt 0.359880 0.226073
vt 0.361620 0.225566
vt 0.362971 0.225514
vt 0.367562 0.225838
vt 0.373023 0.225525
vt 0.321265 0.225145
vt 0.327305 0.225461
vt 0.328550 0.225629
vt 0.329944 0.225058
vt 0.334244 0.224803
vt 0.338045 0.225530
vt 0.340900 0.225519
vt 0.343780 0.225328
vt 0.345812 0.225220
vt 0.349907 0.225471
vt 0.351368 0.225509
vt 0.354831 0.225558
vt 0.357814 0.225414
vt 0.360971 0.225050
vt 0.366646 0.225617
vt 0.375079 0.225477
vt 0.314214 0.225591
vt 0.315952 0.225144
vt 0.318862 0.225033
vt 0.322798 0.225315
vt 0.332491 0.225508
vt 0.335139 0.225518
vt 0.337250 0.225273
vt 0.339949 0.225443
vt 0.348484 0.225301
vt 0.359591 0.225070
vt 0.363874 0.225575
vt 0.364087 0.225172
vt 0.369501 0.225280
vt 0.370601 0.223951
vt 0.312595 0.224687
vt 0.321422 0.224512
vt 0.323780 0.225142
vt 0.325065 0.225267
vt 0.325920 0.224378
vt 0.332776 0.224747
vt 0.355790 0.224676
vt 0.313510 0.224717
vt 0.325489 0.224786
vt 0.327560 0.224836
vt 0.330867 0.224566
vt 0.331275 0.224402
vt 0.333880 0.225068
vt 0.336333 0.224902
vt 0.338673 0.224975
vt 0.347412 0.224467
vt 0.357132 0.224256
vt 0.363744 0.224582
vt 0.365532 0.224525
vt 0.367589 0.224391
vt 0.371937 0.225045
vt 0.373444 0.224595
vt 0.314296 0.224578
vt 0.322918 0.224501
vt 0.328270 0.224544
vt 0.334821 0.224458
vt 0.339644 0.224851
vt 0.341813 0.224579
vt 0.344410 0.224339
vt 0.353040 0.224725
vt 0.358393 0.224518
vt 0.359678 0.224442
vt 0.362236 0.224544
vt 0.364564 0.224699
vt 0.368699 0.224745
vt 0.316987 0.224397
vt 0.337076 0.224124
vt 0.338410 0.224411
vt 0.340585 0.224680
vt 0.346570 0.224420
vt 0.348928 0.224049
vt 0.349409 0.224347
vt 0.354308 0.223397
vt 0.366485 0.224104
vt 0.372482 0.224438
vt 0.375067 0.224559
vt 0.315406 0.224084
vt 0.316364 0.223952
vt 0.323372 0.223403
vt 0.335203 0.224143
vt 0.336745 0.224427
vt 0.338809 0.224278
vt 0.342703 0.223512
vt 0.351514 0.224298
vt 0.356369 0.224334
vt 0.361555 0.223821
vt 0.364671 0.223752
vt 0.368941 0.224215
vt 0.371475 0.224224
vt 0.373838 0.224109
vt 0.312602 0.223319
vt 0.314055 0.224072
vt 0.317177 0.223719
vt 0.324490 0.223649
vt 0.326754 0.223735
vt 0.328382 0.222772
vt 0.330704 0.222955
vt 0.333648 0.223824
vt 0.339581 0.223878
vt 0.339911 0.224199
vt 0.352214 0.223945
vt 0.355442 0.224288
vt 0.358148 0.223574
vt 0.363232 0.224037
vt 0.370018 0.223992
vt 0.374533 0.223536
vt 0.375088 0.223963
vt 0.314435 0.222943
vt 0.319055 0.223342
vt 0.321168 0.223156
vt 0.322735 0.223755
vt 0.327373 0.223116
vt 0.332061 0.223164
vt 0.332561 0.223232
vt 0.334363 0.223501
vt 0.336203 0.223648
vt 0.338778 0.223580
vt 0.341077 0.223606
vt 0.343558 0.223403
vt 0.345302 0.223629
vt 0.346281 0.223347
vt 0.349823 0.223420
vt 0.363231 0.222883
vt 0.365282 0.223529
vt 0.366638 0.223777
vt 0.371289 0.223459
vt 0.317775 0.223515
vt 0.320013 0.223214
vt 0.339545 0.223198
vt 0.354750 0.223259
vt 0.356127 0.223729
vt 0.357551 0.223522
vt 0.359268 0.223792
vt 0.360024 0.223515
vt 0.368919 0.223362
vt 0.372095 0.223370
vt 0.373192 0.223472
vt 0.315234 0.222971
vt 0.325989 0.223191
vt 0.335507 0.223573
vt 0.336263 0.223196
vt 0.337342 0.223077
vt 0.356449 0.222286
vt 0.362513 0.222967
vt 0.366885 0.223184
vt 0.367934 0.222637
vt 0.317894 0.222969
vt 0.322118 0.222456
vt 0.334833 0.223134
vt 0.339043 0.222864
vt 0.344843 0.223064
vt 0.347038 0.222697
vt 0.352878 0.222807
vt 0.355712 0.222523
vt 0.359493 0.222926
vt 0.360858 0.222565
vt 0.361564 0.223196
vt 0.364557 0.222771
vt 0.370403 0.222838
vt 0.373098 0.221537
vt 0.375081 0.222857
vt 0.316272 0.222656
vt 0.324682 0.221701
vt 0.333549 0.222501
vt 0.335671 0.222966
vt 0.338454 0.222474
vt 0.341220 0.222748
vt 0.345971 0.222338
vt 0.351048 0.222369
vt 0.357451 0.222136
vt 0.374175 0.222495
vt 0.332687 0.222092
vt 0.336468 0.222129
vt 0.343211 0.222459
vt 0.348117 0.221950
vt 0.353132 0.222268
vt 0.358273 0.222558
vt 0.361951 0.221148
vt 0.365919 0.222287
vt 0.372221 0.222120
vt 0.314968 0.222185
vt 0.318322 0.222100
vt 0.319405 0.221997
vt 0.323400 0.221109
vt 0.326087 0.221476
vt 0.328158 0.221561
vt 0.329248 0.221914
vt 0.331401 0.221886
vt 0.332068 0.222310
vt 0.333865 0.222387
vt 0.334716 0.222071
vt 0.335506 0.222251
vt 0.336706 0.221831
vt 0.337162 0.221899
vt 0.339503 0.221940
vt 0.354513 0.222083
vt 0.363899 0.222362
vt 0.365224 0.222208
vt 0.368180 0.221908
vt 0.371142 0.222131
vt 0.312595 0.222270
vt 0.313474 0.221866
vt 0.314614 0.221588
vt 0.315460 0.221380
vt 0.317294 0.222116
vt 0.338012 0.222017
vt 0.341794 0.221769
vt 0.344414 0.221964
vt 0.349171 0.221250
vt 0.352323 0.222030
vt 0.358916 0.221618
vt 0.360071 0.221549
vt 0.362659 0.221470
vt 0.364395 0.221975
vt 0.366272 0.221763
vt 0.366543 0.221020
vt 0.369483 0.221698
vt 0.369841 0.221954
vt 0.318189 0.221139
vt 0.320957 0.221351
vt 0.326853 0.221233
vt 0.330326 0.221497
vt 0.331981 0.221791
vt 0.333926 0.222079
vt 0.334412 0.221598
vt 0.335777 0.221223
vt 0.340080 0.220961
vt 0.342833 0.221347
vt 0.345094 0.221539
vt 0.350964 0.221987
vt 0.351845 0.221741
vt 0.359329 0.221860
vt 0.322006 0.220829
vt 0.322592 0.221621
vt 0.330127 0.220811
vt 0.332406 0.221609
vt 0.332948 0.221359
vt 0.336912 0.221438
vt 0.337547 0.221446
vt 0.340773 0.221265
vt 0.352828 0.221370
vt 0.355225 0.221465
vt 0.357774 0.221200
vt 0.358365 0.220984
vt 0.360962 0.221329
vt 0.365432 0.221376
vt 0.368495 0.221483
vt 0.372336 0.221473
vt 0.375083 0.221750
vt 0.312594 0.221336
vt 0.313913 0.221203
vt 0.315730 0.220808
vt 0.317610 0.220954
vt 0.333694 0.221412
vt 0.334750 0.221314
vt 0.336289 0.221357
vt 0.338452 0.220929
vt 0.343676 0.220990
vt 0.347134 0.220807
vt 0.350439 0.221089
vt 0.350863 0.221103
vt 0.356003 0.221008
vt 0.370247 0.221396
vt 0.371080 0.221008
vt 0.373886 0.220842
vt 0.316688 0.220613
vt 0.324310 0.220981
vt 0.332447 0.221177
vt 0.342153 0.220806
vt 0.347807 0.220770
vt 0.351515 0.220407
vt 0.353940 0.220863
vt 0.355158 0.220772
vt 0.359728 0.220982
vt 0.361121 0.220575
vt 0.368113 0.220688
vt 0.369941 0.220943
vt 0.314743 0.220100
vt 0.319619 0.220655
vt 0.325096 0.220255
vt 0.330809 0.220610
vt 0.332804 0.220472
vt 0.341216 0.220750
vt 0.345715 0.219980
vt 0.349250 0.220272
vt 0.353345 0.220041
vt 0.359166 0.220463
vt 0.360335 0.220516
vt 0.365782 0.220832
vt 0.369425 0.220589
vt 0.372523 0.220534
vt 0.375075 0.220359
vt 0.315322 0.219786
vt 0.320453 0.220348
vt 0.327302 0.220322
vt 0.329722 0.219985
vt 0.331653 0.220558
vt 0.333718 0.220021
vt 0.334256 0.219321
vt 0.335477 0.219999
vt 0.336248 0.220211
vt 0.338961 0.220403
vt 0.350777 0.220436
vt 0.356842 0.220243
vt 0.357707 0.220365
vt 0.361754 0.220501
vt 0.363934 0.220589
vt 0.370354 0.220515
vt 0.373418 0.220385
vt 0.323173 0.220187
vt 0.328382 0.219434
vt 0.337390 0.219521
vt 0.358262 0.220261
vt 0.364656 0.219959
vt 0.366561 0.219885
vt 0.370866 0.219994
vt 0.374139 0.219601
vt 0.313702 0.218704
vt 0.317471 0.220249
vt 0.319314 0.219301
vt 0.330945 0.220068
vt 0.340499 0.219952
vt 0.341232 0.219464
vt 0.343727 0.219547
vt 0.347873 0.219591
vt 0.350807 0.218830
vt 0.354388 0.219483
vt 0.355273 0.219764
vt 0.356057 0.219412
vt 0.362208 0.219745
vt 0.363770 0.219641
vt 0.368747 0.219809
vt 0.317262 0.219717
vt 0.323842 0.219147
vt 0.332260 0.219318
vt 0.339649 0.220067
vt 0.342237 0.219213
vt 0.351803 0.219294
vt 0.357500 0.219268
vt 0.359519 0.219652
vt 0.368244 0.219695
vt 0.371853 0.219618
vt 0.316374 0.219038
vt 0.321328 0.219127
vt 0.322823 0.219531
vt 0.331083 0.219514
vt 0.335150 0.219577
vt 0.335916 0.219283
vt 0.350482 0.219556
vt 0.356753 0.219447
vt 0.360844 0.219375
vt 0.366976 0.219074
vt 0.369405 0.218944
vt 0.372413 0.219060
vt 0.375085 0.219181
vt 0.326248 0.218271
vt 0.329586 0.219361
vt 0.332836 0.218121
vt 0.338150 0.218939
vt 0.339961 0.219024
vt 0.352354 0.219298
vt 0.354617 0.218905
vt 0.358103 0.218893
vt 0.362739 0.218656
vt 0.373363 0.219310
vt 0.374474 0.218966
vt 0.312597 0.218868
vt 0.314361 0.218941
vt 0.315187 0.218806
vt 0.328102 0.218668
vt 0.338691 0.218587
vt 0.341306 0.218088
vt 0.349298 0.218642
vt 0.354187 0.218140
vt 0.359273 0.218544
vt 0.359742 0.219087
vt 0.363997 0.218786
vt 0.364926 0.218783
vt 0.368280 0.219237
vt 0.370937 0.218633
vt 0.322043 0.218531
vt 0.327493 0.218670
vt 0.329544 0.219004
vt 0.334634 0.218311
vt 0.336040 0.218695
vt 0.344732 0.219053
vt 0.350572 0.218070
vt 0.356574 0.218093
vt 0.360504 0.218804
vt 0.361320 0.218738
vt 0.361977 0.218972
vt 0.368745 0.218715
vt 0.370430 0.218830
vt 0.317393 0.218641
vt 0.320968 0.217580
vt 0.322563 0.218262
vt 0.331416 0.218259
vt 0.347756 0.218101
vt 0.355776 0.218331
vt 0.366948 0.218660
vt 0.372460 0.218258
vt 0.316108 0.217967
vt 0.319720 0.217291
vt 0.329633 0.218287
vt 0.332248 0.217617
vt 0.337182 0.217746
vt 0.339622 0.217888
vt 0.341973 0.217846
vt 0.343261 0.217912
vt 0.345512 0.218038
vt 0.349059 0.218159
vt 0.352087 0.218109
vt 0.358822 0.218350
vt 0.363867 0.218139
vt 0.367312 0.218343
vt 0.369873 0.217688
vt 0.373693 0.218061
vt 0.375080 0.218464
vt 0.314301 0.217873
vt 0.323671 0.217497
vt 0.327005 0.217809
vt 0.328066 0.218017
vt 0.328695 0.217904
vt 0.334074 0.217489
vt 0.336222 0.217840
vt 0.357778 0.217831
vt 0.358256 0.218068
vt 0.359959 0.217263
vt 0.361055 0.217878
vt 0.361837 0.217840
vt 0.365623 0.217358
vt 0.368534 0.217851
vt 0.312580 0.217935
vt 0.315138 0.217703
vt 0.326637 0.216991
vt 0.330153 0.217448
vt 0.344318 0.217178
vt 0.357100 0.217484
vt 0.364534 0.217729
vt 0.367520 0.217430
vt 0.370599 0.217741
vt 0.370970 0.217691
vt 0.317758 0.217297
vt 0.331349 0.217188
vt 0.335153 0.217386
vt 0.346419 0.217577
vt 0.347321 0.217324
vt 0.348226 0.217331
vt 0.348867 0.217299
vt 0.353360 0.217511
vt 0.359183 0.217626
vt 0.371600 0.217325
vt 0.313347 0.217037
vt 0.325599 0.216703
vt 0.328366 0.216939
vt 0.329858 0.216606
vt 0.339108 0.217039
vt 0.342621 0.217290
vt 0.343317 0.216395
vt 0.354388 0.217150
vt 0.355431 0.217445
vt 0.356055 0.217326
vt 0.357970 0.217093
vt 0.358516 0.217191
vt 0.361535 0.217221
vt 0.362297 0.216947
vt 0.362974 0.217280
vt 0.366518 0.216837
vt 0.374078 0.216786
vt 0.375083 0.217604
vt 0.314223 0.216650
vt 0.315597 0.216825
vt 0.320570 0.216559
vt 0.321879 0.216869
vt 0.333256 0.216702
vt 0.335879 0.216493
vt 0.350374 0.217085
vt 0.351781 0.216746
vt 0.353850 0.216559
vt 0.356282 0.216939
vt 0.363392 0.216242
vt 0.373294 0.217020
vt 0.312585 0.216437
vt 0.334571 0.216777
vt 0.340493 0.216411
vt 0.347709 0.216675
vt 0.349407 0.216218
vt 0.354790 0.216503
vt 0.359138 0.216587
vt 0.364162 0.216138
vt 0.365058 0.216427
vt 0.365912 0.216729
vt 0.368527 0.216433
vt 0.370141 0.216230
vt 0.375097 0.216618
vt 0.316181 0.216202
vt 0.332087 0.216216
vt 0.336220 0.215810
vt 0.344143 0.216585
vt 0.348542 0.216580
vt 0.355684 0.216041
vt 0.360500 0.216482
vt 0.361901 0.216217
vt 0.372071 0.216389
vt 0.318074 0.216221
vt 0.319006 0.215086
vt 0.323173 0.216112
vt 0.324055 0.215622
vt 0.326950 0.215142
vt 0.329026 0.215848
vt 0.331107 0.215902
vt 0.338566 0.216286
vt 0.339126 0.215575
vt 0.344206 0.215766
vt 0.345049 0.215744
vt 0.352661 0.216069
vt 0.354353 0.216103
vt 0.358195 0.216083
vt 0.366248 0.215953
vt 0.371080 0.216322
vt 0.313393 0.215970
vt 0.314285 0.215619
vt 0.316637 0.215379
vt 0.320734 0.214414
vt 0.325798 0.215813
vt 0.330427 0.215746
vt 0.333358 0.215703
vt 0.334679 0.215785
vt 0.337156 0.215486
vt 0.337662 0.215688
vt 0.349587 0.215401
vt 0.350995 0.215742
vt 0.355000 0.216124
vt 0.356868 0.215708
vt 0.358641 0.216034
vt 0.359142 0.215669
vt 0.312595 0.216027
vt 0.315609 0.215070
vt 0.317694 0.215245
vt 0.326467 0.215545
vt 0.338732 0.215715
vt 0.340197 0.215545
vt 0.341481 0.215310
vt 0.342770 0.215614
vt 0.346269 0.215337
vt 0.347614 0.215273
vt 0.348515 0.215829
vt 0.353756 0.215702
vt 0.356304 0.215971
vt 0.359907 0.215420
vt 0.360905 0.214906
vt 0.365201 0.215779
vt 0.367539 0.215549
vt 0.371797 0.215267
vt 0.372599 0.215296
vt 0.373211 0.215105
vt 0.374173 0.215719
vt 0.351708 0.215198
vt 0.355388 0.215690
vt 0.370239 0.215060
vt 0.375080 0.216130
vt 0.319136 0.214583
vt 0.323995 0.214304
vt 0.328280 0.215129
vt 0.331250 0.214912
vt 0.334155 0.214188
vt 0.352397 0.214865
vt 0.354075 0.214584
vt 0.355455 0.215278
vt 0.357875 0.215270
vt 0.361831 0.214933
vt 0.363877 0.214809
vt 0.365224 0.215025
vt 0.368422 0.215156
vt 0.374624 0.215065
vt 0.312596 0.214776
vt 0.325726 0.214305
vt 0.326350 0.215043
vt 0.328881 0.214686
vt 0.335728 0.214261
vt 0.338366 0.215172
vt 0.339166 0.214811
vt 0.341746 0.214322
vt 0.344474 0.214666
vt 0.348853 0.215018
vt 0.350286 0.214980
vt 0.356763 0.214971
vt 0.357168 0.214395
vt 0.362776 0.213880
vt 0.366733 0.214590
vt 0.313306 0.214386
vt 0.316087 0.214425
vt 0.321808 0.214155
vt 0.327036 0.213947
vt 0.332884 0.214631
vt 0.336734 0.214454
vt 0.340052 0.214670
vt 0.345085 0.214224
vt 0.347264 0.214810
vt 0.356045 0.214711
vt 0.358031 0.214652
vt 0.359039 0.214795
vt 0.365673 0.214584
vt 0.374059 0.214609
vt 0.314828 0.213696
vt 0.317670 0.214300
vt 0.329603 0.213619
vt 0.331818 0.213759
vt 0.336934 0.213826
vt 0.338703 0.214496
vt 0.343439 0.214290
vt 0.349872 0.214364
vt 0.361504 0.214369
vt 0.372070 0.213595
vt 0.375071 0.214235
vt 0.327816 0.214103
vt 0.339206 0.214318
vt 0.346088 0.213706
vt 0.350667 0.214216
vt 0.353205 0.213900
vt 0.358400 0.214153
vt 0.359621 0.213971
vt 0.370336 0.214271
vt 0.312593 0.213964
vt 0.340320 0.213203
vt 0.346985 0.213929
vt 0.348306 0.213739
vt 0.351672 0.213811
vt 0.360546 0.213720
vt 0.362040 0.213221
vt 0.363573 0.213784
vt 0.368543 0.213913
vt 0.373093 0.213673
vt 0.318526 0.212716
vt 0.319591 0.213653
vt 0.324284 0.213562
vt 0.325702 0.213988
vt 0.335634 0.213208
vt 0.341407 0.212746
vt 0.345335 0.213572
vt 0.348869 0.213261
vt 0.354571 0.213588
vt 0.357181 0.213958
vt 0.357886 0.213685
vt 0.358575 0.213495
vt 0.365172 0.213504
vt 0.369567 0.213245
vt 0.370985 0.213629
vt 0.312561 0.212878
vt 0.313762 0.213492
vt 0.315918 0.213085
vt 0.321003 0.212967
vt 0.328732 0.212972
vt 0.339051 0.213632
vt 0.353296 0.213403
vt 0.356104 0.213248
vt 0.366542 0.213227
vt 0.322195 0.213030
vt 0.325885 0.213265
vt 0.327326 0.213167
vt 0.332710 0.212941
vt 0.334401 0.213226
vt 0.341989 0.212272
vt 0.346205 0.212827
vt 0.350178 0.212680
vt 0.353868 0.213036
vt 0.357194 0.212587
vt 0.375099 0.213744
vt 0.316983 0.211998
vt 0.331135 0.213120
vt 0.338889 0.212989
vt 0.344068 0.212670
vt 0.347747 0.211478
vt 0.351604 0.212701
vt 0.355229 0.212902
vt 0.360903 0.212709
vt 0.363322 0.213108
vt 0.364743 0.212801
vt 0.370574 0.212636
vt 0.372191 0.212710
vt 0.373993 0.212522
vt 0.313535 0.212516
vt 0.320022 0.212436
vt 0.324618 0.212429
vt 0.330054 0.212414
vt 0.336678 0.211694
vt 0.337514 0.211564
vt 0.359664 0.212391
vt 0.361293 0.212301
vt 0.362221 0.211956
vt 0.366467 0.212070
vt 0.367734 0.212329
vt 0.373156 0.211927
vt 0.375079 0.213046
vt 0.322519 0.211909
vt 0.327018 0.212054
vt 0.328785 0.212165
vt 0.333762 0.212177
vt 0.335700 0.212318
vt 0.339998 0.212388
vt 0.345513 0.211980
vt 0.348891 0.212668
vt 0.352261 0.211847
vt 0.353224 0.211478
vt 0.358013 0.212502
vt 0.365237 0.212444
vt 0.315238 0.211857
vt 0.327812 0.212046
vt 0.331787 0.212138
vt 0.334310 0.211582
vt 0.338539 0.211676
vt 0.363126 0.211756
vt 0.369102 0.211731
vt 0.371556 0.211601
vt 0.375090 0.211872
vt 0.312588 0.211776
vt 0.314563 0.211398
vt 0.321690 0.211927
vt 0.325377 0.211530
vt 0.328921 0.211690
vt 0.350194 0.211536
vt 0.354353 0.211786
vt 0.364216 0.211902
vt 0.370399 0.211697
vt 0.330390 0.211250
vt 0.331585 0.211133
vt 0.335896 0.211228
vt 0.341899 0.210557
vt 0.346298 0.211672
vt 0.349563 0.211280
vt 0.355654 0.211190
vt 0.356539 0.211453
vt 0.357306 0.211478
vt 0.358151 0.211893
vt 0.360146 0.211532
vt 0.364857 0.211146
vt 0.374438 0.211322
vt 0.312592 0.211186
vt 0.317380 0.210923
vt 0.318849 0.211286
vt 0.319249 0.211052
vt 0.320890 0.210748
vt 0.324106 0.211606
vt 0.326960 0.210890
vt 0.332620 0.210496
vt 0.340738 0.210983
vt 0.343967 0.211025
vt 0.347889 0.210469
vt 0.351828 0.211402
vt 0.354751 0.210928
vt 0.360970 0.210948
vt 0.367821 0.211426
vt 0.375076 0.211479
vt 0.318147 0.210530
vt 0.353743 0.211286
vt 0.357586 0.211126
vt 0.358550 0.211165
vt 0.363745 0.210908
vt 0.372097 0.210912
vt 0.315428 0.211067
vt 0.322273 0.211005
vt 0.324088 0.209895
vt 0.339400 0.210930
vt 0.350809 0.210994
vt 0.365641 0.210785
vt 0.366397 0.210617
vt 0.368929 0.210759
vt 0.370073 0.211164
vt 0.312608 0.210761
vt 0.315890 0.210453
vt 0.325006 0.210212
vt 0.329188 0.210643
vt 0.334721 0.210386
vt 0.346566 0.210577
vt 0.351800 0.210699
vt 0.362350 0.210949
vt 0.371055 0.210640
vt 0.373969 0.210104
vt 0.314105 0.210297
vt 0.323364 0.210151
vt 0.333687 0.210190
vt 0.337141 0.210385
vt 0.344686 0.210008
vt 0.345515 0.210200
vt 0.349336 0.210151
vt 0.349625 0.210662
vt 0.350369 0.210184
vt 0.356401 0.210283
vt 0.357618 0.210503
vt 0.358880 0.210283
vt 0.363392 0.210274
vt 0.375068 0.210489
vt 0.327568 0.210101
vt 0.330473 0.208997
vt 0.340432 0.209455
vt 0.352147 0.209912
vt 0.356966 0.209677
vt 0.360976 0.210079
vt 0.364284 0.210183
vt 0.368741 0.209599
vt 0.312603 0.209607
vt 0.318483 0.209260
vt 0.319378 0.210108
vt 0.321572 0.209553
vt 0.337981 0.208797
vt 0.343611 0.209727
vt 0.353237 0.209569
vt 0.354571 0.209718
vt 0.355647 0.209706
vt 0.360317 0.210230
vt 0.365491 0.209773
vt 0.367059 0.209689
vt 0.367573 0.209361
vt 0.371770 0.209617
vt 0.316781 0.209616
vt 0.320649 0.208976
vt 0.326962 0.209306
vt 0.328945 0.209119
vt 0.331173 0.208021
vt 0.346590 0.209490
vt 0.348407 0.209659
vt 0.352556 0.209446
vt 0.358174 0.209609
vt 0.362326 0.209597
vt 0.372878 0.209436
vt 0.375071 0.209923
vt 0.314120 0.208189
vt 0.322489 0.209454
vt 0.347393 0.209534
vt 0.349958 0.209092
vt 0.350839 0.209153
vt 0.359370 0.209848
vt 0.361251 0.209228
vt 0.364166 0.208902
vt 0.366109 0.209427
vt 0.369299 0.209297
vt 0.369913 0.209022
vt 0.370998 0.209275
vt 0.313454 0.209329
vt 0.315275 0.207756
vt 0.315915 0.208532
vt 0.323249 0.208578
vt 0.325317 0.208951
vt 0.334809 0.208981
vt 0.342282 0.208206
vt 0.358820 0.209016
vt 0.360341 0.208731
vt 0.373531 0.208955
vt 0.324298 0.208729
vt 0.336009 0.209023
vt 0.337277 0.208533
vt 0.341777 0.208161
vt 0.344479 0.208941
vt 0.344779 0.208367
vt 0.349194 0.208700
vt 0.353667 0.208750
vt 0.355006 0.208934
vt 0.362326 0.208795
vt 0.365306 0.208853
vt 0.371850 0.208620
vt 0.312594 0.208762
vt 0.318834 0.208518
vt 0.326458 0.208454
vt 0.328023 0.208560
vt 0.329804 0.208167
vt 0.351722 0.208609
vt 0.352462 0.208171
vt 0.355566 0.208816
vt 0.356773 0.208631
vt 0.357452 0.208140
vt 0.366599 0.208335
vt 0.367788 0.208664
vt 0.373883 0.208220
vt 0.375075 0.208823
vt 0.317908 0.207039
vt 0.332094 0.207825
vt 0.333095 0.207742
vt 0.346094 0.208245
vt 0.347527 0.208145
vt 0.358458 0.208328
vt 0.364556 0.208226
vt 0.370640 0.208235
vt 0.373264 0.207783
vt 0.313230 0.208116
vt 0.319609 0.207614
vt 0.321190 0.207689
vt 0.335233 0.208364
vt 0.339364 0.207998
vt 0.350143 0.207744
vt 0.354888 0.208248
vt 0.355847 0.207708
vt 0.360992 0.208036
vt 0.362892 0.208128
vt 0.370653 0.207611
vt 0.312604 0.207654
vt 0.324526 0.207744
vt 0.343740 0.207890
vt 0.348033 0.207858
vt 0.349359 0.207736
vt 0.350745 0.208217
vt 0.353020 0.207859
vt 0.357047 0.207246
vt 0.359482 0.208029
vt 0.360188 0.207680
vt 0.365691 0.207935
vt 0.375072 0.207709
vt 0.336728 0.207429
vt 0.340505 0.207478
vt 0.345268 0.207731
vt 0.353871 0.207111
vt 0.358512 0.207796
vt 0.363158 0.207324
vt 0.367013 0.207342
vt 0.367901 0.207591
vt 0.369004 0.207539
vt 0.323024 0.206716
vt 0.328899 0.206986
vt 0.330457 0.206988
vt 0.334573 0.206638
vt 0.338005 0.207228
vt 0.339551 0.207260
vt 0.342906 0.207405
vt 0.346816 0.207581
vt 0.351808 0.207363
vt 0.354778 0.206959
vt 0.359655 0.206822
vt 0.361912 0.207249
vt 0.364616 0.207517
vt 0.365323 0.207271
vt 0.314313 0.206738
vt 0.327538 0.206489
vt 0.342116 0.206778
vt 0.344874 0.207245
vt 0.352817 0.207117
vt 0.365951 0.206905
vt 0.371752 0.206855
vt 0.373903 0.206880
vt 0.319295 0.206765
vt 0.319908 0.206267
vt 0.323899 0.206756
vt 0.324600 0.206676
vt 0.331553 0.206980
vt 0.332779 0.206504
vt 0.346883 0.207049
vt 0.347658 0.206343
vt 0.356114 0.206769
vt 0.360502 0.206902
vt 0.368758 0.206523
vt 0.316952 0.206017
vt 0.322697 0.206306
vt 0.331947 0.206208
vt 0.337371 0.206806
vt 0.345899 0.206564
vt 0.348552 0.205956
vt 0.350255 0.206639
vt 0.352283 0.206443
vt 0.358033 0.206640
vt 0.366567 0.206749
vt 0.367108 0.206184
vt 0.370328 0.206414
vt 0.372322 0.205769
vt 0.375079 0.206881
vt 0.336988 0.206320
vt 0.338090 0.205743
vt 0.340311 0.205467
vt 0.353235 0.206000
vt 0.363103 0.206229
vt 0.368113 0.206122
vt 0.374165 0.206066
vt 0.312593 0.206537
vt 0.313904 0.206041
vt 0.318375 0.205886
vt 0.321265 0.205656
vt 0.323543 0.206333
vt 0.330579 0.205779
vt 0.344352 0.206162
vt 0.351084 0.206255
vt 0.354455 0.206002
vt 0.356060 0.205925
vt 0.357324 0.206082
vt 0.359210 0.206370
vt 0.361118 0.206304
vt 0.361318 0.205730
vt 0.364508 0.205970
vt 0.375076 0.205904
vt 0.324949 0.205707
vt 0.329899 0.205724
vt 0.333583 0.205852
vt 0.341898 0.205949
vt 0.345901 0.205467
vt 0.349123 0.205338
vt 0.351365 0.205675
vt 0.364458 0.205428
vt 0.365558 0.205580
vt 0.371554 0.205752
vt 0.312587 0.205477
vt 0.314541 0.205282
vt 0.319240 0.204973
vt 0.323600 0.205671
vt 0.327549 0.205119
vt 0.358751 0.204883
vt 0.359784 0.205736
vt 0.369749 0.205127
vt 0.370790 0.205388
vt 0.315448 0.204848
vt 0.323865 0.205192
vt 0.329100 0.204630
vt 0.331541 0.204957
vt 0.332431 0.204791
vt 0.334086 0.203776
vt 0.335512 0.204837
vt 0.342928 0.205522
vt 0.347338 0.205456
vt 0.350052 0.205349
vt 0.353163 0.205363
vt 0.355247 0.205404
vt 0.357299 0.204653
vt 0.366955 0.205101
vt 0.368174 0.205324
vt 0.373151 0.205401
vt 0.317747 0.204747
vt 0.323426 0.204646
vt 0.328093 0.204300
vt 0.336716 0.205130
vt 0.342075 0.205050
vt 0.352290 0.205450
vt 0.354478 0.205370
vt 0.356767 0.204982
vt 0.360117 0.205022
vt 0.362456 0.204901
vt 0.373843 0.204489
vt 0.314190 0.205014
vt 0.320085 0.204340
vt 0.324973 0.205054
vt 0.340140 0.204394
vt 0.341153 0.204270
vt 0.343616 0.204689
vt 0.347548 0.204569
vt 0.351823 0.204855
vt 0.355800 0.205042
vt 0.375089 0.204681
vt 0.329864 0.204397
vt 0.349543 0.204682
vt 0.351013 0.204603
vt 0.352792 0.204567
vt 0.353854 0.204700
vt 0.355553 0.204767
vt 0.360860 0.204698
vt 0.364848 0.204458
vt 0.371241 0.204294
vt 0.372220 0.203663
vt 0.312598 0.204689
vt 0.319142 0.204291
vt 0.323835 0.204607
vt 0.325466 0.203736
vt 0.330371 0.204129
vt 0.338023 0.203382
vt 0.344750 0.204529
vt 0.346454 0.204709
vt 0.348666 0.204159
vt 0.356474 0.204539
vt 0.362070 0.204387
vt 0.363835 0.204199
vt 0.367936 0.204334
vt 0.369075 0.204409
vt 0.312588 0.203609
vt 0.316109 0.203919
vt 0.336109 0.203966
vt 0.338967 0.203549
vt 0.342136 0.204383
vt 0.343133 0.204077
vt 0.345717 0.203616
vt 0.358053 0.204131
vt 0.359308 0.204087
vt 0.360094 0.203857
vt 0.370264 0.203713
vt 0.375081 0.204239
vt 0.314552 0.203823
vt 0.336862 0.203459
vt 0.351079 0.203826
vt 0.354373 0.203808
vt 0.356931 0.204099
vt 0.363013 0.203934
vt 0.317388 0.203488
vt 0.324258 0.203525
vt 0.343309 0.203515
vt 0.352405 0.203400
vt 0.352786 0.203200
vt 0.356132 0.203062
vt 0.361313 0.203857
vt 0.362296 0.203365
vt 0.364933 0.203413
vt 0.366932 0.203254
vt 0.368314 0.203493
vt 0.373533 0.203191
vt 0.313188 0.203364
vt 0.328003 0.203058
vt 0.329614 0.202802
vt 0.332129 0.202749
vt 0.335075 0.203299
vt 0.340218 0.203177
vt 0.342176 0.203546
vt 0.347615 0.203454
vt 0.355466 0.203451
vt 0.357751 0.203089
vt 0.359327 0.203558
vt 0.371689 0.203166
vt 0.374422 0.203768
vt 0.317901 0.202871
vt 0.325922 0.202754
vt 0.329106 0.202726
vt 0.344425 0.203434
vt 0.346240 0.202977
vt 0.348255 0.203058
vt 0.348850 0.203184
vt 0.349485 0.203345
vt 0.356523 0.202813
vt 0.358867 0.202948
vt 0.359972 0.203128
vt 0.368557 0.202270
vt 0.375087 0.203466
vt 0.312590 0.202420
vt 0.313799 0.202747
vt 0.314720 0.202512
vt 0.316564 0.202696
vt 0.322060 0.202323
vt 0.323256 0.202900
vt 0.324422 0.202695
vt 0.334528 0.202953
vt 0.336639 0.202864
vt 0.343830 0.203166
vt 0.347040 0.202398
vt 0.351133 0.203254
vt 0.360975 0.202536
vt 0.363497 0.203061
vt 0.364082 0.202663
vt 0.327081 0.202284
vt 0.333401 0.202644
vt 0.338099 0.202411
vt 0.341570 0.202472
vt 0.342990 0.202408
vt 0.344207 0.202630
vt 0.350228 0.202545
vt 0.351429 0.202363
vt 0.353798 0.202797
vt 0.354947 0.202885
vt 0.365936 0.202420
vt 0.320514 0.202344
vt 0.323651 0.202373
vt 0.334073 0.202374
vt 0.338986 0.201727
vt 0.340330 0.202058
vt 0.349573 0.201693
vt 0.367700 0.202257
vt 0.372834 0.202523
vt 0.375082 0.202336
vt 0.316628 0.202198
vt 0.318265 0.201902
vt 0.332168 0.201971
vt 0.335228 0.202481
vt 0.345465 0.202116
vt 0.347869 0.202088
vt 0.351882 0.201686
vt 0.357524 0.201991
vt 0.362098 0.202199
vt 0.364839 0.202175
vt 0.369971 0.201966
vt 0.371710 0.201801
vt 0.313690 0.201531
vt 0.315131 0.201674
vt 0.322837 0.201569
vt 0.323752 0.201697
vt 0.324426 0.201913
vt 0.328647 0.201401
vt 0.329973 0.201343
vt 0.334738 0.202037
vt 0.343834 0.201440
vt 0.353723 0.202093
vt 0.354579 0.201934
vt 0.355337 0.201695
vt 0.360275 0.202185
vt 0.373839 0.201804
vt 0.322286 0.201635
vt 0.335771 0.201654
vt 0.337004 0.201627
vt 0.350522 0.201134
vt 0.356548 0.201594
vt 0.358064 0.201133
vt 0.364134 0.201505
vt 0.312598 0.200876
vt 0.315637 0.201304
vt 0.318914 0.200457
vt 0.321066 0.201047
vt 0.326273 0.201491
vt 0.331640 0.201635
vt 0.332912 0.201158
vt 0.333358 0.201225
vt 0.340606 0.201452
vt 0.341955 0.200988
vt 0.344996 0.201328
vt 0.345388 0.200909
vt 0.346429 0.201092
vt 0.354283 0.201062
vt 0.355139 0.200413
vt 0.360279 0.201135
vt 0.361611 0.201512
vt 0.363101 0.201243
vt 0.366083 0.201431
vt 0.367278 0.201666
vt 0.312596 0.201681
vt 0.323775 0.200733
vt 0.336247 0.200540
vt 0.337370 0.200350
vt 0.343209 0.201156
vt 0.347398 0.201086
vt 0.348615 0.201214
vt 0.351176 0.200553
vt 0.352201 0.200638
vt 0.359487 0.201227
vt 0.361997 0.200902
vt 0.368871 0.200911
vt 0.370061 0.200959
vt 0.375077 0.201045
vt 0.322968 0.201077
vt 0.325150 0.200172
vt 0.331077 0.200756
vt 0.331980 0.201029
vt 0.334393 0.200557
vt 0.338959 0.200449
vt 0.367030 0.200834
vt 0.368113 0.200812
vt 0.371904 0.200727
vt 0.373340 0.200547
vt 0.314652 0.200068
vt 0.317195 0.200478
vt 0.326268 0.200485
vt 0.327217 0.199879
vt 0.334828 0.199826
vt 0.344311 0.200678
vt 0.352835 0.200338
vt 0.356945 0.200010
vt 0.362473 0.200704
vt 0.364436 0.200365
vt 0.365710 0.200378
vt 0.369720 0.199786
vt 0.373991 0.200595
vt 0.315524 0.200120
vt 0.328421 0.200113
vt 0.332258 0.200322
vt 0.340190 0.200441
vt 0.348143 0.200011
vt 0.348872 0.199770
vt 0.355722 0.200465
vt 0.358560 0.199987
vt 0.359826 0.199997
vt 0.360622 0.200416
vt 0.363246 0.200208
vt 0.313758 0.200266
vt 0.318176 0.199713
vt 0.320857 0.200226
vt 0.322313 0.199571
vt 0.323938 0.199831
vt 0.342282 0.199705
vt 0.343022 0.199041
vt 0.346548 0.200285
vt 0.347295 0.200065
vt 0.353391 0.199950
vt 0.367745 0.199830
vt 0.330347 0.199680
vt 0.341228 0.199933
vt 0.344324 0.199741
vt 0.350212 0.199972
vt 0.351148 0.199563
vt 0.364637 0.199415
vt 0.366215 0.199242
vt 0.372533 0.200016
vt 0.318946 0.199211
vt 0.324926 0.199893
vt 0.326801 0.199269
vt 0.329197 0.199234
vt 0.333834 0.199595
vt 0.335952 0.199674
vt 0.338367 0.199584
vt 0.340226 0.199659
vt 0.345196 0.199273
vt 0.346238 0.199539
vt 0.349573 0.199190
vt 0.352326 0.199387
vt 0.355167 0.199737
vt 0.357501 0.199376
vt 0.361608 0.199012
vt 0.362356 0.199413
vt 0.368891 0.199813
vt 0.371423 0.199383
vt 0.373709 0.199740
vt 0.374173 0.198847
vt 0.312598 0.199148
vt 0.325808 0.198747
vt 0.327561 0.199277
vt 0.365744 0.199355
vt 0.313554 0.199683
vt 0.318052 0.198810
vt 0.328309 0.198815
vt 0.336912 0.199387
vt 0.341151 0.198616
vt 0.342247 0.198689
vt 0.347221 0.199225
vt 0.353810 0.199377
vt 0.356679 0.198661
vt 0.360257 0.198662
vt 0.367391 0.199028
vt 0.372671 0.199149
vt 0.375085 0.199674
vt 0.316477 0.198150
vt 0.324401 0.198543
vt 0.324604 0.198782
vt 0.326219 0.198550
vt 0.331617 0.198048
vt 0.335530 0.199034
vt 0.346287 0.198851
vt 0.348367 0.198756
vt 0.352862 0.198750
vt 0.354480 0.199182
vt 0.355206 0.198652
vt 0.358234 0.198716
vt 0.366935 0.198230
vt 0.313952 0.198753
vt 0.320995 0.198236
vt 0.329518 0.198656
vt 0.333689 0.198801
vt 0.335055 0.198660
vt 0.336161 0.198814
vt 0.338270 0.198777
vt 0.339433 0.198885
vt 0.340232 0.198329
vt 0.344185 0.198732
vt 0.350289 0.198083
vt 0.351362 0.198696
vt 0.354031 0.198338
vt 0.359023 0.198060
vt 0.369225 0.198656
vt 0.371039 0.198768
vt 0.373073 0.198448
vt 0.315338 0.197954
vt 0.318776 0.198329
vt 0.347158 0.198548
vt 0.362766 0.198112
vt 0.364291 0.198433
vt 0.368250 0.198275
vt 0.375078 0.198403
vt 0.330033 0.197752
vt 0.333128 0.197847
vt 0.337794 0.198227
vt 0.344010 0.197732
vt 0.344800 0.198347
vt 0.347454 0.197909
vt 0.361248 0.197821
vt 0.365449 0.197961
vt 0.370293 0.197837
vt 0.371198 0.197543
vt 0.372366 0.197502
vt 0.312593 0.198189
vt 0.316997 0.197770
vt 0.322969 0.197884
vt 0.324664 0.197987
vt 0.325208 0.197401
vt 0.327663 0.198015
vt 0.328500 0.197494
vt 0.334628 0.197752
vt 0.338922 0.198001
vt 0.342320 0.197859
vt 0.348761 0.197821
vt 0.352024 0.197956
vt 0.355893 0.197559
vt 0.357615 0.197601
vt 0.363852 0.197807
vt 0.373467 0.197329
vt 0.313354 0.197821
vt 0.320043 0.196766
vt 0.324047 0.197216
vt 0.326756 0.197563
vt 0.336184 0.197602
vt 0.337521 0.197266
vt 0.339586 0.197300
vt 0.345341 0.197765
vt 0.346381 0.197430
vt 0.349182 0.197310
vt 0.353957 0.197533
vt 0.314706 0.197115
vt 0.321405 0.196743
vt 0.324760 0.197431
vt 0.340301 0.197283
vt 0.359832 0.197112
vt 0.364375 0.197174
vt 0.366694 0.197556
vt 0.367833 0.197086
vt 0.315526 0.196914
vt 0.316389 0.196911
vt 0.318184 0.196218
vt 0.327108 0.197293
vt 0.330124 0.197139
vt 0.331769 0.196981
vt 0.334137 0.197162
vt 0.335568 0.196772
vt 0.341357 0.197237
vt 0.342700 0.197228
vt 0.345058 0.196686
vt 0.347647 0.196886
vt 0.350906 0.196877
vt 0.352933 0.197027
vt 0.357755 0.196739
vt 0.363209 0.197158
vt 0.370068 0.197180
vt 0.375089 0.197574
vt 0.329078 0.196661
vt 0.333005 0.196779
vt 0.349975 0.197082
vt 0.356489 0.196932
vt 0.361488 0.196885
vt 0.365361 0.196923
vt 0.312599 0.195996
vt 0.322053 0.195994
vt 0.325011 0.196449
vt 0.326657 0.196936
vt 0.338926 0.196351
vt 0.340869 0.196716
vt 0.343712 0.196306
vt 0.355064 0.196416
vt 0.356084 0.196327
vt 0.360661 0.196652
vt 0.363849 0.196120
vt 0.369099 0.196433
vt 0.371567 0.196409
vt 0.313517 0.196733
vt 0.315679 0.196460
vt 0.317111 0.195910
vt 0.325587 0.196275
vt 0.328102 0.196302
vt 0.336293 0.196454
vt 0.337860 0.196595
vt 0.340331 0.196172
vt 0.342469 0.196380
vt 0.345516 0.196525
vt 0.346780 0.196467
vt 0.349112 0.196060
vt 0.366244 0.196437
vt 0.373071 0.196573
vt 0.375094 0.196413
vt 0.320742 0.196483
vt 0.329401 0.195855
vt 0.333535 0.196157
vt 0.341233 0.196059
vt 0.348075 0.195965
vt 0.350203 0.195567
vt 0.353487 0.196076
vt 0.359202 0.196090
vt 0.365119 0.196041
vt 0.367365 0.195686
vt 0.369766 0.195867
vt 0.313948 0.196087
vt 0.316197 0.195805
vt 0.319919 0.195574
vt 0.326487 0.195635
vt 0.326999 0.196080
vt 0.330856 0.195776
vt 0.333958 0.195665
vt 0.342027 0.195913
vt 0.344435 0.196203
vt 0.345274 0.195704
vt 0.352577 0.195364
vt 0.362519 0.195825
vt 0.363318 0.195564
vt 0.368661 0.195817
vt 0.372721 0.195422
vt 0.373652 0.195988
vt 0.314682 0.195357
vt 0.317771 0.195651
vt 0.321234 0.194077
vt 0.332342 0.195427
vt 0.335323 0.195476
vt 0.339951 0.195605
vt 0.342627 0.195652
vt 0.344374 0.195554
vt 0.347150 0.195615
vt 0.351481 0.195197
vt 0.357433 0.195154
vt 0.360581 0.195313
vt 0.366728 0.195751
vt 0.371459 0.195318
vt 0.312593 0.195043
vt 0.313644 0.194798
vt 0.322114 0.194157
vt 0.327551 0.195352
vt 0.328355 0.195207
vt 0.329714 0.195200
vt 0.335935 0.194868
vt 0.337149 0.195279
vt 0.338480 0.195656
vt 0.340759 0.195483
vt 0.345811 0.195255
vt 0.348523 0.195489
vt 0.353987 0.195238
vt 0.355765 0.195525
vt 0.356389 0.195243
vt 0.365844 0.195473
vt 0.374175 0.194690
vt 0.375080 0.195565
vt 0.316759 0.195294
vt 0.318128 0.194710
vt 0.325701 0.195086
vt 0.344416 0.194753
vt 0.361543 0.195065
vt 0.364643 0.194766
vt 0.367784 0.194776
vt 0.319324 0.194395
vt 0.324644 0.193533
vt 0.328924 0.194650
vt 0.331211 0.194398
vt 0.338649 0.195176
vt 0.341071 0.194898
vt 0.342363 0.194481
vt 0.345151 0.194992
vt 0.355482 0.194436
vt 0.356941 0.194525
vt 0.358690 0.194827
vt 0.362792 0.194928
vt 0.369308 0.195055
vt 0.316576 0.194152
vt 0.317243 0.194395
vt 0.326774 0.194468
vt 0.334451 0.194192
vt 0.339284 0.194562
vt 0.339884 0.194480
vt 0.342954 0.194196
vt 0.346470 0.194051
vt 0.347411 0.193945
vt 0.350318 0.194566
vt 0.352389 0.194187
vt 0.353699 0.193606
vt 0.361943 0.194700
vt 0.363840 0.194003
vt 0.366300 0.194599
vt 0.368414 0.194453
vt 0.375080 0.194219
vt 0.314330 0.194142
vt 0.320678 0.194320
vt 0.325547 0.194088
vt 0.329763 0.194418
vt 0.332992 0.193589
vt 0.335079 0.194022
vt 0.336465 0.194104
vt 0.341102 0.194402
vt 0.353378 0.194541
vt 0.360336 0.193768
vt 0.362968 0.194036
vt 0.371522 0.193910
vt 0.373222 0.194567
vt 0.315109 0.193724
vt 0.332193 0.193754
vt 0.338404 0.194093
vt 0.348924 0.193930
vt 0.351598 0.193710
vt 0.354689 0.194031
vt 0.356474 0.193816
vt 0.365018 0.194049
vt 0.369487 0.193949
vt 0.312594 0.193774
vt 0.317891 0.193413
vt 0.326040 0.193871
vt 0.326990 0.193525
vt 0.328452 0.194092
vt 0.341499 0.193990
vt 0.343334 0.194023
vt 0.343912 0.193890
vt 0.345448 0.193243
vt 0.357656 0.194085
vt 0.366086 0.193325
vt 0.367964 0.194007
vt 0.373441 0.193619
vt 0.317147 0.193412
vt 0.319459 0.193512
vt 0.329036 0.193526
vt 0.330329 0.193454
vt 0.335798 0.193209
vt 0.351009 0.193618
vt 0.355743 0.193506
vt 0.357069 0.193265
vt 0.362006 0.193223
vt 0.364205 0.193619
vt 0.316348 0.193183
vt 0.321180 0.192745
vt 0.333806 0.193632
vt 0.336538 0.192659
vt 0.342073 0.193509
vt 0.343166 0.193672
vt 0.344370 0.193384
vt 0.352333 0.193049
vt 0.353208 0.192829
vt 0.358796 0.193778
vt 0.372401 0.193266
vt 0.314883 0.193150
vt 0.323174 0.193094
vt 0.326322 0.192998
vt 0.327982 0.192134
vt 0.338324 0.192955
vt 0.347308 0.192311
vt 0.354328 0.192781
vt 0.364008 0.192718
vt 0.367651 0.192614
vt 0.330909 0.192487
vt 0.331965 0.192961
vt 0.333725 0.192779
vt 0.334426 0.192710
vt 0.339204 0.192503
vt 0.340669 0.193168
vt 0.341958 0.192818
vt 0.346607 0.192697
vt 0.348855 0.192439
vt 0.355514 0.193105
vt 0.359787 0.192957
vt 0.366551 0.192630
vt 0.369058 0.192844
vt 0.370074 0.192969
vt 0.371130 0.193009
vt 0.312596 0.192663
vt 0.317922 0.192694
vt 0.326770 0.192506
vt 0.329124 0.192414
vt 0.330313 0.192465
vt 0.337451 0.192564
vt 0.350352 0.192393
vt 0.351601 0.192900
vt 0.358039 0.192315
vt 0.373999 0.192197
vt 0.375074 0.192564
vt 0.319758 0.191981
vt 0.324351 0.192005
vt 0.325277 0.191973
vt 0.327069 0.192427
vt 0.332386 0.192349
vt 0.342988 0.191895
vt 0.344223 0.192022
vt 0.356315 0.192255
vt 0.357069 0.192403
vt 0.362240 0.192455
vt 0.365367 0.192257
vt 0.369297 0.192289
vt 0.372880 0.192086
vt 0.315566 0.192355
vt 0.318099 0.191656
vt 0.322183 0.192107
vt 0.334955 0.191884
vt 0.341345 0.192015
vt 0.352293 0.191999
vt 0.355216 0.192442
vt 0.359270 0.192142
vt 0.360044 0.192138
vt 0.371249 0.191282
vt 0.316375 0.191434
vt 0.321420 0.191927
vt 0.323383 0.191944
vt 0.328783 0.191582
vt 0.329811 0.191888
vt 0.337813 0.191508
vt 0.338768 0.191416
vt 0.339552 0.191649
vt 0.350990 0.191457
vt 0.353203 0.191778
vt 0.361996 0.191611
vt 0.364143 0.191349
vt 0.369569 0.191447
vt 0.370640 0.191792
vt 0.375074 0.192213
vt 0.313116 0.191543
vt 0.332411 0.191541
vt 0.333670 0.191720
vt 0.335949 0.191209
vt 0.345338 0.191469
vt 0.346041 0.190906
vt 0.347975 0.191447
vt 0.348845 0.191159
vt 0.354098 0.191437
vt 0.356010 0.191601
vt 0.362767 0.191717
vt 0.364954 0.191528
vt 0.365447 0.191766
vt 0.367590 0.191819
vt 0.368886 0.191769
vt 0.373246 0.191359
vt 0.319899 0.191192
vt 0.321859 0.191658
vt 0.327174 0.191124
vt 0.330676 0.191269
vt 0.331984 0.190892
vt 0.336428 0.190463
vt 0.342696 0.191285
vt 0.357148 0.191336
vt 0.357869 0.191433
vt 0.359647 0.191139
vt 0.360909 0.191248
vt 0.363292 0.191159
vt 0.314844 0.190962
vt 0.322596 0.191076
vt 0.323811 0.190860
vt 0.325882 0.190898
vt 0.327751 0.190931
vt 0.344357 0.190880
vt 0.346902 0.190540
vt 0.350034 0.190542
vt 0.355156 0.190845
vt 0.358353 0.190925
vt 0.366323 0.191062
vt 0.367168 0.191039
vt 0.375078 0.191017
vt 0.316259 0.190214
vt 0.317579 0.190765
vt 0.321609 0.190458
vt 0.326667 0.190730
vt 0.339029 0.190203
vt 0.341787 0.190519
vt 0.343391 0.190608
vt 0.368069 0.191085
vt 0.312595 0.190239
vt 0.313812 0.189998
vt 0.319462 0.190821
vt 0.324755 0.190226
vt 0.329040 0.190460
vt 0.332858 0.190664
vt 0.334076 0.190841
vt 0.335184 0.190764
vt 0.351054 0.190446
vt 0.353256 0.190294
vt 0.357545 0.190387
vt 0.358821 0.190428
vt 0.361626 0.190812
vt 0.371117 0.190089
vt 0.372099 0.190817
vt 0.373946 0.190957
vt 0.315267 0.190050
vt 0.317171 0.189893
vt 0.318092 0.190187
vt 0.331468 0.190282
vt 0.337996 0.190334
vt 0.356429 0.190490
vt 0.360276 0.190520
vt 0.362189 0.190314
vt 0.363616 0.190293
vt 0.366025 0.190225
vt 0.367580 0.190437
vt 0.369163 0.190529
vt 0.373472 0.190055
vt 0.318657 0.190002
vt 0.334602 0.190197
vt 0.335148 0.189449
vt 0.344405 0.189998
vt 0.352577 0.190173
vt 0.358085 0.189964
vt 0.365297 0.190075
vt 0.366742 0.190438
vt 0.372444 0.190169
vt 0.375071 0.190082
vt 0.322422 0.189581
vt 0.323399 0.189661
vt 0.325633 0.190026
vt 0.327064 0.189961
vt 0.327571 0.189881
vt 0.329821 0.189925
vt 0.332337 0.189887
vt 0.332894 0.189248
vt 0.334182 0.190018
vt 0.336660 0.189533
vt 0.339932 0.189391
vt 0.341167 0.189597
vt 0.348412 0.189420
vt 0.354583 0.189906
vt 0.356244 0.190028
vt 0.359962 0.189873
vt 0.362973 0.189976
vt 0.319369 0.189402
vt 0.331734 0.189886
vt 0.333489 0.189204
vt 0.337251 0.189299
vt 0.342549 0.189053
vt 0.347461 0.189449
vt 0.349724 0.189144
vt 0.351661 0.189473
vt 0.357166 0.189011
vt 0.358969 0.189675
vt 0.360572 0.189368
vt 0.361808 0.189729
vt 0.366812 0.189910
vt 0.368687 0.189485
vt 0.370195 0.189809
vt 0.315608 0.189255
vt 0.324744 0.189140
vt 0.326923 0.189250
vt 0.338556 0.189204
vt 0.344949 0.189117
vt 0.345643 0.189088
vt 0.346308 0.188810
vt 0.353106 0.189557
vt 0.367843 0.188994
vt 0.369368 0.189481
vt 0.372221 0.188680
vt 0.373780 0.189532
vt 0.313740 0.189183
vt 0.318147 0.188868
vt 0.321212 0.189259
vt 0.325946 0.188601
vt 0.328133 0.189163
vt 0.330973 0.189169
vt 0.331905 0.188702
vt 0.341343 0.188485
vt 0.343874 0.189315
vt 0.356114 0.189362
vt 0.357848 0.189424
vt 0.359098 0.189120
vt 0.364140 0.188954
vt 0.364756 0.189043
vt 0.366631 0.188566
vt 0.370219 0.189085
vt 0.375094 0.189331
vt 0.312589 0.188864
vt 0.319884 0.188635
vt 0.323011 0.188968
vt 0.329689 0.188466
vt 0.334393 0.188647
vt 0.351516 0.188920
vt 0.354509 0.188773
vt 0.355555 0.188428
vt 0.360350 0.188755
vt 0.363200 0.188964
vt 0.319102 0.187543
vt 0.327259 0.188614
vt 0.328437 0.188513
vt 0.334946 0.188427
vt 0.338968 0.188161
vt 0.340037 0.188310
vt 0.342640 0.188294
vt 0.343868 0.188701
vt 0.352353 0.188829
vt 0.353456 0.188319
vt 0.357845 0.188708
vt 0.361350 0.188700
vt 0.373612 0.188486
vt 0.313846 0.188259
vt 0.316893 0.188215
vt 0.321100 0.188366
vt 0.322159 0.187531
vt 0.323230 0.187531
vt 0.325004 0.188260
vt 0.333503 0.188438
vt 0.348528 0.188561
vt 0.349822 0.188630
vt 0.368980 0.188269
vt 0.313425 0.188200
vt 0.315615 0.188218
vt 0.318330 0.187531
vt 0.330361 0.187532
vt 0.336356 0.188229
vt 0.344104 0.187529
vt 0.344869 0.188215
vt 0.347115 0.188361
vt 0.352190 0.187526
vt 0.358396 0.187535
vt 0.361950 0.188280
vt 0.362660 0.188036
vt 0.363458 0.188382
vt 0.368075 0.188033
vt 0.370129 0.187528
vt 0.371811 0.187522
vt 0.375072 0.188512
vt 0.312596 0.188147
vt 0.320429 0.187529
vt 0.326418 0.187528
vt 0.327274 0.188073
vt 0.333099 0.187538
vt 0.335177 0.187526
vt 0.337127 0.187528
vt 0.342369 0.187528
vt 0.355417 0.187520
vt 0.356118 0.187521
vt 0.357381 0.187540
vt 0.360441 0.188014
vt 0.361291 0.187527
vt 0.364460 0.187531
vt 0.313750 0.187814
vt 0.314608 0.187529
vt 0.316204 0.187535
vt 0.327351 0.187527
vt 0.328716 0.187529
vt 0.332034 0.187528
vt 0.334260 0.187537
vt 0.335730 0.187523
vt 0.341137 0.187537
vt 0.345296 0.187524
vt 0.346861 0.187527
vt 0.350156 0.187530
vt 0.350982 0.187521
vt 0.359461 0.187532
vt 0.363199 0.187530
vt 0.365316 0.187531
vt 0.366916 0.187529
vt 0.373271 0.187529
vt 0.375104 0.187530
vt 0.312598 0.187529
vt 0.317448 0.187527
vt 0.324522 0.187529
vt 0.331073 0.187528
vt 0.338453 0.187537
vt 0.340195 0.187533
vt 0.353416 0.187528
vt 0.368339 0.187530
vt 0.314009 0.187520
vt 0.321012 0.187527
vt 0.337974 0.187530
s 0
usemtl Material
f 264/1/1 114/2/1 1/3/1
f 264/1/2 116/4/2 114/2/2
f 265/5/3 266/6/3 116/4/3
f 266/6/4 118/7/4 116/4/4
f 122/8/5 124/9/5 123/10/5
f 122/8/6 267/11/6 124/9/6
f 267/11/7 126/12/7 124/9/7
f 267/11/8 127/13/8 126/12/8
f 267/11/9 128/14/9 127/13/9
f 268/15/10 129/16/10 128/14/10
f 268/15/11 131/17/11 129/16/11
f 269/18/12 133/19/12 131/17/12
f 269/18/13 270/20/13 133/19/13
f 270/20/14 134/21/14 133/19/14
f 270/20/15 135/22/15 134/21/15
f 271/23/16 136/24/16 135/22/16
f 271/23/17 138/25/17 136/24/17
f 303/26/18 140/27/18 138/25/18
f 140/27/19 139/28/19 138/25/19
f 140/27/20 143/29/20 142/30/20
f 143/29/21 323/31/21 144/32/21
f 323/31/22 146/33/22 144/32/22
f 323/31/23 147/34/23 146/33/23
f 323/31/24 272/35/24 147/34/24
f 272/35/25 148/36/25 147/34/25
f 272/35/26 149/37/26 148/36/26
f 272/35/27 273/38/27 149/37/27
f 273/38/28 151/39/28 149/37/28
f 273/38/29 152/40/29 151/39/29
f 152/40/30 154/41/30 153/42/30
f 274/43/31 157/44/31 156/45/31
f 275/46/32 160/47/32 158/48/32
f 275/46/33 162/49/33 160/47/33
f 162/49/34 161/50/34 160/47/34
f 164/51/35 276/52/35 165/53/35
f 276/52/36 166/54/36 165/53/36
f 276/52/37 277/55/37 166/54/37
f 277/55/38 168/56/38 166/54/38
f 277/55/39 169/57/39 168/56/39
f 169/57/40 173/58/40 170/59/40
f 173/58/41 171/60/41 170/59/41
f 174/61/42 177/62/42 176/63/42
f 278/64/43 178/65/43 177/62/43
f 278/64/44 279/66/44 178/65/44
f 279/66/45 180/67/45 178/65/45
f 311/68/46 188/69/46 186/70/46
f 188/69/47 191/71/47 190/72/47
f 191/71/48 280/73/48 193/74/48
f 280/73/49 281/75/49 193/74/49
f 281/75/50 194/76/50 193/74/50
f 282/77/51 196/78/51 194/76/51
f 282/77/52 198/79/52 196/78/52
f 198/79/53 283/80/53 199/81/53
f 283/80/54 200/82/54 199/81/54
f 283/80/55 284/83/55 200/82/55
f 284/83/56 202/84/56 200/82/56
f 203/85/57 285/86/57 204/87/57
f 285/86/58 206/88/58 204/87/58
f 206/88/59 286/89/59 207/90/59
f 286/89/60 209/91/60 207/90/60
f 287/92/61 211/93/61 209/91/61
f 213/94/62 288/95/62 215/96/62
f 288/95/63 216/97/63 215/96/63
f 288/95/64 218/98/64 216/97/64
f 289/99/65 219/100/65 218/98/65
f 289/99/66 221/101/66 219/100/66
f 289/99/67 222/102/67 221/101/67
f 289/99/68 290/103/68 222/102/68
f 291/104/69 224/105/69 222/102/69
f 291/104/70 225/106/70 224/105/70
f 225/106/71 228/107/71 227/108/71
f 228/107/72 230/109/72 229/110/72
f 314/111/73 233/112/73 232/113/73
f 314/111/74 234/114/74 233/112/74
f 314/111/75 236/115/75 234/114/75
f 314/111/76 237/116/76 236/115/76
f 292/117/77 239/118/77 237/116/77
f 292/117/78 241/119/78 239/118/78
f 292/117/79 242/120/79 241/119/79
f 292/117/80 243/121/80 242/120/80
f 293/122/81 245/123/81 244/124/81
f 245/123/82 294/125/82 247/126/82
f 294/125/83 248/127/83 247/126/83
f 294/125/84 295/128/84 248/127/84
f 295/128/85 249/129/85 248/127/85
f 295/128/86 296/130/86 249/129/86
f 296/130/87 250/131/87 249/129/87
f 296/130/88 297/132/88 250/131/88
f 297/132/89 251/133/89 250/131/89
f 297/132/90 252/134/90 251/133/90
f 297/132/91 253/135/91 252/134/91
f 297/132/92 254/136/92 253/135/92
f 254/136/93 298/137/93 255/138/93
f 298/137/94 257/139/94 255/138/94
f 257/139/95 299/140/95 258/141/95
f 299/140/96 259/142/96 258/141/96
f 299/140/97 260/143/97 259/142/97
f 299/140/98 300/144/98 260/143/98
f 300/144/99 261/145/99 260/143/99
f 300/144/100 262/146/100 261/145/100
f 262/146/101 2/147/101 263/148/101
f 264/1/102 265/5/102 116/4/102
f 301/149/103 266/6/103 265/5/103
f 302/150/104 122/8/104 121/151/104
f 268/15/105 128/14/105 267/11/105
f 268/15/106 269/18/106 131/17/106
f 303/26/107 138/25/107 271/23/107
f 304/152/108 305/153/108 140/27/108
f 305/153/109 143/29/109 140/27/109
f 305/153/110 323/31/110 143/29/110
f 306/154/111 273/38/111 272/35/111
f 307/155/112 156/45/112 154/41/112
f 307/155/113 274/43/113 156/45/113
f 307/155/114 157/44/114 274/43/114
f 307/155/115 308/156/115 157/44/115
f 308/156/116 275/46/116 157/44/116
f 275/46/117 158/48/117 157/44/117
f 162/49/118 309/157/118 164/51/118
f 309/157/119 276/52/119 164/51/119
f 183/158/120 310/159/120 185/160/120
f 310/159/121 311/68/121 185/160/121
f 311/68/122 186/70/122 185/160/122
f 312/161/123 203/85/123 202/84/123
f 312/161/124 285/86/124 203/85/124
f 285/86/125 286/89/125 206/88/125
f 287/92/126 313/162/126 211/93/126
f 288/95/127 289/99/127 218/98/127
f 314/111/128 232/113/128 230/109/128
f 314/111/129 315/163/129 237/116/129
f 315/163/130 316/164/130 237/116/130
f 316/164/131 292/117/131 237/116/131
f 317/165/132 243/121/132 292/117/132
f 317/165/133 244/124/133 243/121/133
f 298/137/134 254/136/134 297/132/134
f 318/166/135 262/146/135 300/144/135
f 318/166/136 2/147/136 262/146/136
f 318/166/137 3/167/137 2/147/137
f 4/168/138 264/1/138 1/3/138
f 266/6/139 319/169/139 118/7/139
f 319/169/140 120/170/140 118/7/140
f 319/169/141 320/171/141 120/170/141
f 320/171/142 121/151/142 120/170/142
f 320/171/143 302/150/143 121/151/143
f 302/150/144 267/11/144 122/8/144
f 321/172/145 268/15/145 267/11/145
f 322/173/146 135/22/146 270/20/146
f 306/154/147 272/35/147 323/31/147
f 306/154/148 324/174/148 273/38/148
f 324/174/149 152/40/149 273/38/149
f 325/175/150 307/155/150 154/41/150
f 342/176/151 162/49/151 275/46/151
f 276/52/152 169/57/152 277/55/152
f 173/58/153 326/177/153 174/61/153
f 326/177/154 327/178/154 174/61/154
f 327/178/155 177/62/155 174/61/155
f 327/178/156 278/64/156 177/62/156
f 279/66/157 328/179/157 180/67/157
f 328/179/158 183/158/158 180/67/158
f 329/180/159 188/69/159 311/68/159
f 329/180/160 191/71/160 188/69/160
f 281/75/161 282/77/161 194/76/161
f 330/181/162 198/79/162 282/77/162
f 211/93/163 288/95/163 213/94/163
f 290/103/164 291/104/164 222/102/164
f 225/106/165 332/182/165 228/107/165
f 317/165/166 333/183/166 244/124/166
f 333/183/167 293/122/167 244/124/167
f 334/184/168 245/123/168 293/122/168
f 334/184/169 294/125/169 245/123/169
f 334/184/170 295/128/170 294/125/170
f 335/185/171 296/130/171 295/128/171
f 335/185/172 297/132/172 296/130/172
f 298/137/173 336/186/173 257/139/173
f 336/186/174 299/140/174 257/139/174
f 4/168/175 337/187/175 264/1/175
f 321/172/176 338/188/176 268/15/176
f 339/189/177 269/18/177 268/15/177
f 269/18/178 339/189/178 270/20/178
f 322/173/179 271/23/179 135/22/179
f 322/173/180 303/26/180 271/23/180
f 304/152/181 140/27/181 303/26/181
f 323/31/182 305/153/182 304/152/182
f 340/190/183 306/154/183 323/31/183
f 324/174/184 154/41/184 152/40/184
f 324/174/185 325/175/185 154/41/185
f 325/175/186 341/191/186 307/155/186
f 308/156/187 342/176/187 275/46/187
f 343/192/188 276/52/188 309/157/188
f 276/52/189 344/193/189 169/57/189
f 344/193/190 173/58/190 169/57/190
f 344/193/191 326/177/191 173/58/191
f 278/64/192 327/178/192 279/66/192
f 328/179/193 310/159/193 183/158/193
f 329/180/194 356/194/194 191/71/194
f 356/194/195 280/73/195 191/71/195
f 330/181/196 283/80/196 198/79/196
f 371/195/197 284/83/197 283/80/197
f 285/86/198 331/196/198 286/89/198
f 291/104/199 332/182/199 225/106/199
f 315/163/200 346/197/200 316/164/200
f 316/164/201 347/198/201 292/117/201
f 347/198/202 317/165/202 292/117/202
f 348/199/203 333/183/203 317/165/203
f 334/184/204 293/122/204 333/183/204
f 349/200/205 298/137/205 297/132/205
f 336/186/206 300/144/206 299/140/206
f 301/149/207 319/169/207 266/6/207
f 350/201/208 302/150/208 320/171/208
f 267/11/209 364/202/209 321/172/209
f 338/188/210 339/189/210 268/15/210
f 352/203/211 342/176/211 308/156/211
f 353/204/212 162/49/212 342/176/212
f 353/204/213 309/157/213 162/49/213
f 326/177/214 354/205/214 327/178/214
f 328/179/215 355/206/215 310/159/215
f 355/206/216 311/68/216 310/159/216
f 371/195/217 357/207/217 284/83/217
f 357/207/218 202/84/218 284/83/218
f 372/208/219 287/92/219 209/91/219
f 313/162/220 288/95/220 211/93/220
f 313/162/221 345/209/221 288/95/221
f 345/209/222 289/99/222 288/95/222
f 345/209/223 290/103/223 289/99/223
f 358/210/224 332/182/224 291/104/224
f 332/182/225 230/109/225 228/107/225
f 334/184/226 335/185/226 295/128/226
f 359/211/227 297/132/227 335/185/227
f 297/132/228 360/212/228 349/200/228
f 349/200/229 336/186/229 298/137/229
f 336/186/230 361/213/230 300/144/230
f 361/213/231 318/166/231 300/144/231
f 362/214/232 264/1/232 337/187/232
f 362/214/233 265/5/233 264/1/233
f 319/169/234 350/201/234 320/171/234
f 350/201/235 267/11/235 302/150/235
f 350/201/236 364/202/236 267/11/236
f 364/202/237 338/188/237 321/172/237
f 339/189/238 322/173/238 270/20/238
f 322/173/239 366/215/239 303/26/239
f 366/215/240 304/152/240 303/26/240
f 304/152/241 340/190/241 323/31/241
f 367/216/242 306/154/242 340/190/242
f 367/216/243 351/217/243 306/154/243
f 368/218/244 308/156/244 307/155/244
f 368/218/245 352/203/245 308/156/245
f 353/204/246 343/192/246 309/157/246
f 343/192/247 344/193/247 276/52/247
f 355/206/248 329/180/248 311/68/248
f 369/219/249 281/75/249 280/73/249
f 369/219/250 282/77/250 281/75/250
f 369/219/251 330/181/251 282/77/251
f 370/220/252 371/195/252 283/80/252
f 331/196/253 285/86/253 312/161/253
f 372/208/254 286/89/254 331/196/254
f 372/208/255 209/91/255 286/89/255
f 372/208/256 373/221/256 287/92/256
f 290/103/257 374/222/257 291/104/257
f 374/222/258 358/210/258 291/104/258
f 375/223/259 230/109/259 332/182/259
f 375/223/260 376/224/260 230/109/260
f 376/224/261 314/111/261 230/109/261
f 376/224/262 315/163/262 314/111/262
f 347/198/263 348/199/263 317/165/263
f 348/199/264 334/184/264 333/183/264
f 348/199/265 399/225/265 334/184/265
f 361/213/266 377/226/266 318/166/266
f 377/226/267 3/167/267 318/166/267
f 377/226/268 5/227/268 3/167/268
f 378/228/269 301/149/269 265/5/269
f 378/228/270 363/229/270 301/149/270
f 363/229/271 319/169/271 301/149/271
f 364/202/272 365/230/272 338/188/272
f 366/215/273 418/231/273 304/152/273
f 418/231/274 340/190/274 304/152/274
f 306/154/275 380/232/275 324/174/275
f 380/232/276 325/175/276 324/174/276
f 341/191/277 368/218/277 307/155/277
f 368/218/278 381/233/278 352/203/278
f 353/204/279 382/234/279 343/192/279
f 382/234/280 344/193/280 343/192/280
f 383/235/281 326/177/281 344/193/281
f 384/236/282 279/66/282 327/178/282
f 386/237/283 356/194/283 329/180/283
f 356/194/284 369/219/284 280/73/284
f 330/181/285 370/220/285 283/80/285
f 357/207/286 312/161/286 202/84/286
f 388/238/287 331/196/287 312/161/287
f 331/196/288 389/239/288 372/208/288
f 287/92/289 373/221/289 313/162/289
f 346/197/290 347/198/290 316/164/290
f 399/225/291 335/185/291 334/184/291
f 399/225/292 359/211/292 335/185/292
f 359/211/293 360/212/293 297/132/293
f 361/213/294 336/186/294 349/200/294
f 390/240/295 362/214/295 337/187/295
f 379/241/296 350/201/296 319/169/296
f 391/242/297 338/188/297 365/230/297
f 391/242/298 339/189/298 338/188/298
f 339/189/299 366/215/299 322/173/299
f 351/217/300 380/232/300 306/154/300
f 380/232/301 341/191/301 325/175/301
f 352/203/302 392/243/302 342/176/302
f 393/244/303 353/204/303 342/176/303
f 394/245/304 382/234/304 353/204/304
f 383/235/305 344/193/305 382/234/305
f 383/235/306 395/246/306 326/177/306
f 395/246/307 354/205/307 326/177/307
f 354/205/308 384/236/308 327/178/308
f 384/236/309 328/179/309 279/66/309
f 328/179/310 385/247/310 355/206/310
f 387/248/311 396/249/311 369/219/311
f 396/249/312 330/181/312 369/219/312
f 357/207/313 388/238/313 312/161/313
f 411/250/314 373/221/314 372/208/314
f 345/209/315 397/251/315 290/103/315
f 397/251/316 398/252/316 290/103/316
f 374/222/317 332/182/317 358/210/317
f 347/198/318 399/225/318 348/199/318
f 400/253/319 361/213/319 349/200/319
f 6/254/320 337/187/320 4/168/320
f 362/214/321 378/228/321 265/5/321
f 363/229/322 401/255/322 319/169/322
f 401/255/323 379/241/323 319/169/323
f 364/202/324 391/242/324 365/230/324
f 391/242/325 439/256/325 339/189/325
f 418/231/326 351/217/326 340/190/326
f 351/217/327 367/216/327 340/190/327
f 392/243/328 352/203/328 381/233/328
f 392/243/329 393/244/329 342/176/329
f 403/257/330 383/235/330 382/234/330
f 405/258/331 355/206/331 385/247/331
f 405/258/332 329/180/332 355/206/332
f 406/259/333 386/237/333 329/180/333
f 386/237/334 407/260/334 356/194/334
f 356/194/335 387/248/335 369/219/335
f 408/261/336 370/220/336 330/181/336
f 410/262/337 389/239/337 331/196/337
f 389/239/338 411/250/338 372/208/338
f 412/263/339 313/162/339 373/221/339
f 313/162/340 414/264/340 345/209/340
f 398/252/341 374/222/341 290/103/341
f 415/265/342 375/223/342 332/182/342
f 424/266/343 346/197/343 315/163/343
f 6/254/344 390/240/344 337/187/344
f 390/240/345 378/228/345 362/214/345
f 379/241/346 416/267/346 350/201/346
f 416/267/347 364/202/347 350/201/347
f 417/268/348 391/242/348 364/202/348
f 380/232/349 419/269/349 341/191/349
f 341/191/350 420/270/350 368/218/350
f 420/270/351 381/233/351 368/218/351
f 381/233/352 421/271/352 392/243/352
f 393/244/353 402/272/353 353/204/353
f 402/272/354 394/245/354 353/204/354
f 403/257/355 404/273/355 383/235/355
f 404/273/356 395/246/356 383/235/356
f 384/236/357 385/247/357 328/179/357
f 406/259/358 329/180/358 405/258/358
f 387/248/359 356/194/359 407/260/359
f 388/238/360 409/274/360 331/196/360
f 410/262/361 411/250/361 389/239/361
f 422/275/362 373/221/362 411/250/362
f 412/263/363 413/276/363 313/162/363
f 415/265/364 332/182/364 374/222/364
f 415/265/365 423/277/365 375/223/365
f 424/266/366 347/198/366 346/197/366
f 399/225/367 425/278/367 359/211/367
f 401/255/368 416/267/368 379/241/368
f 416/267/369 417/268/369 364/202/369
f 427/279/370 351/217/370 418/231/370
f 427/279/371 428/280/371 351/217/371
f 428/280/372 380/232/372 351/217/372
f 419/269/373 420/270/373 341/191/373
f 421/271/374 393/244/374 392/243/374
f 404/273/375 430/281/375 395/246/375
f 395/246/376 384/236/376 354/205/376
f 431/282/377 385/247/377 384/236/377
f 407/260/378 432/283/378 387/248/378
f 396/249/379 408/261/379 330/181/379
f 433/284/380 357/207/380 371/195/380
f 409/274/381 410/262/381 331/196/381
f 413/276/382 414/264/382 313/162/382
f 414/264/383 397/251/383 345/209/383
f 398/252/384 423/277/384 374/222/384
f 423/277/385 415/265/385 374/222/385
f 452/285/386 375/223/386 423/277/386
f 452/285/387 376/224/387 375/223/387
f 376/224/388 424/266/388 315/163/388
f 424/266/389 434/286/389 347/198/389
f 360/212/390 400/253/390 349/200/390
f 400/253/391 426/287/391 361/213/391
f 426/287/392 377/226/392 361/213/392
f 435/288/393 5/227/393 377/226/393
f 378/228/394 436/289/394 363/229/394
f 363/229/395 437/290/395 401/255/395
f 438/291/396 417/268/396 416/267/396
f 417/268/397 439/256/397 391/242/397
f 439/256/398 366/215/398 339/189/398
f 439/256/399 418/231/399 366/215/399
f 440/292/400 427/279/400 418/231/400
f 442/293/401 419/269/401 380/232/401
f 421/271/402 443/294/402 393/244/402
f 429/295/403 402/272/403 393/244/403
f 402/272/404 444/296/404 394/245/404
f 444/296/405 382/234/405 394/245/405
f 444/296/406 445/297/406 382/234/406
f 445/297/407 403/257/407 382/234/407
f 431/282/408 446/298/408 385/247/408
f 385/247/409 446/298/409 405/258/409
f 447/299/410 406/259/410 405/258/410
f 432/283/411 396/249/411 387/248/411
f 432/283/412 448/300/412 396/249/412
f 449/301/413 408/261/413 396/249/413
f 450/302/414 388/238/414 433/284/414
f 388/238/415 357/207/415 433/284/415
f 471/303/416 409/274/416 388/238/416
f 451/304/417 452/285/417 423/277/417
f 452/285/418 424/266/418 376/224/418
f 434/286/419 399/225/419 347/198/419
f 461/305/420 400/253/420 360/212/420
f 428/280/421 442/293/421 380/232/421
f 420/270/422 454/306/422 381/233/422
f 454/306/423 443/294/423 381/233/423
f 443/294/424 421/271/424 381/233/424
f 443/294/425 429/295/425 393/244/425
f 403/257/426 430/281/426 404/273/426
f 384/236/427 456/307/427 431/282/427
f 457/308/428 370/220/428 408/261/428
f 457/308/429 433/284/429 370/220/429
f 433/284/430 371/195/430 370/220/430
f 471/303/431 410/262/431 409/274/431
f 458/309/432 411/250/432 410/262/432
f 422/275/433 412/263/433 373/221/433
f 486/310/434 397/251/434 414/264/434
f 434/286/435 425/278/435 399/225/435
f 425/278/436 360/212/436 359/211/436
f 435/288/437 377/226/437 426/287/437
f 462/311/438 436/289/438 378/228/438
f 463/312/439 416/267/439 401/255/439
f 463/312/440 438/291/440 416/267/440
f 438/291/441 453/313/441 417/268/441
f 464/314/442 418/231/442 439/256/442
f 464/314/443 440/292/443 418/231/443
f 440/292/444 441/315/444 427/279/444
f 441/315/445 428/280/445 427/279/445
f 442/293/446 420/270/446 419/269/446
f 465/316/447 429/295/447 443/294/447
f 466/317/448 402/272/448 429/295/448
f 445/297/449 467/318/449 403/257/449
f 467/318/450 430/281/450 403/257/450
f 456/307/451 446/298/451 431/282/451
f 447/299/452 386/237/452 406/259/452
f 448/300/453 469/319/453 396/249/453
f 469/319/454 449/301/454 396/249/454
f 470/320/455 457/308/455 408/261/455
f 450/302/456 471/303/456 388/238/456
f 472/321/457 411/250/457 458/309/457
f 472/321/458 422/275/458 411/250/458
f 473/322/459 413/276/459 412/263/459
f 475/323/460 398/252/460 397/251/460
f 475/323/461 423/277/461 398/252/461
f 459/324/462 424/266/462 452/285/462
f 461/305/463 426/287/463 400/253/463
f 6/254/464 8/325/464 390/240/464
f 8/325/465 462/311/465 390/240/465
f 462/311/466 378/228/466 390/240/466
f 476/326/467 363/229/467 436/289/467
f 476/326/468 437/290/468 363/229/468
f 437/290/469 463/312/469 401/255/469
f 439/256/470 417/268/470 453/313/470
f 477/327/471 464/314/471 439/256/471
f 464/314/472 478/328/472 440/292/472
f 478/328/473 441/315/473 440/292/473
f 479/329/474 428/280/474 441/315/474
f 480/330/475 442/293/475 428/280/475
f 454/306/476 465/316/476 443/294/476
f 465/316/477 466/317/477 429/295/477
f 491/331/478 445/297/478 402/272/478
f 445/297/479 444/296/479 402/272/479
f 467/318/480 468/332/480 430/281/480
f 430/281/481 455/333/481 395/246/481
f 455/333/482 384/236/482 395/246/482
f 482/334/483 384/236/483 455/333/483
f 482/334/484 456/307/484 384/236/484
f 446/298/485 447/299/485 405/258/485
f 483/335/486 386/237/486 447/299/486
f 484/336/487 471/303/487 450/302/487
f 471/303/488 485/337/488 410/262/488
f 485/337/489 458/309/489 410/262/489
f 473/322/490 412/263/490 422/275/490
f 473/322/491 414/264/491 413/276/491
f 473/322/492 486/310/492 414/264/492
f 486/310/493 474/338/493 397/251/493
f 474/338/494 475/323/494 397/251/494
f 459/324/495 460/339/495 424/266/495
f 460/339/496 434/286/496 424/266/496
f 487/340/497 360/212/497 425/278/497
f 487/340/498 461/305/498 360/212/498
f 488/341/499 426/287/499 461/305/499
f 463/312/500 453/313/500 438/291/500
f 479/329/501 480/330/501 428/280/501
f 481/342/502 442/293/502 480/330/502
f 481/342/503 420/270/503 442/293/503
f 489/343/504 490/344/504 465/316/504
f 490/344/505 466/317/505 465/316/505
f 491/331/506 402/272/506 466/317/506
f 492/345/507 455/333/507 430/281/507
f 482/334/508 493/346/508 456/307/508
f 493/346/509 494/347/509 456/307/509
f 494/347/510 446/298/510 456/307/510
f 502/348/511 407/260/511 386/237/511
f 449/301/512 470/320/512 408/261/512
f 485/337/513 472/321/513 458/309/513
f 474/338/514 495/349/514 475/323/514
f 496/350/515 459/324/515 452/285/515
f 434/286/516 497/351/516 425/278/516
f 508/352/517 426/287/517 488/341/517
f 8/325/518 498/353/518 462/311/518
f 498/353/519 436/289/519 462/311/519
f 437/290/520 510/354/520 463/312/520
f 499/355/521 441/315/521 478/328/521
f 499/355/522 479/329/522 441/315/522
f 489/343/523 465/316/523 454/306/523
f 490/344/524 491/331/524 466/317/524
f 491/331/525 500/356/525 445/297/525
f 501/357/526 468/332/526 467/318/526
f 468/332/527 492/345/527 430/281/527
f 492/345/528 482/334/528 455/333/528
f 494/347/529 447/299/529 446/298/529
f 483/335/530 502/348/530 386/237/530
f 502/348/531 432/283/531 407/260/531
f 503/358/532 448/300/532 432/283/532
f 504/359/533 469/319/533 448/300/533
f 504/359/534 449/301/534 469/319/534
f 504/359/535 470/320/535 449/301/535
f 457/308/536 524/360/536 433/284/536
f 524/360/537 450/302/537 433/284/537
f 524/360/538 484/336/538 450/302/538
f 505/361/539 486/310/539 473/322/539
f 451/304/540 496/350/540 452/285/540
f 506/362/541 459/324/541 496/350/541
f 507/363/542 487/340/542 425/278/542
f 508/352/543 435/288/543 426/287/543
f 509/364/544 7/365/544 435/288/544
f 498/353/545 476/326/545 436/289/545
f 476/326/546 510/354/546 437/290/546
f 511/366/547 439/256/547 453/313/547
f 511/366/548 477/327/548 439/256/548
f 512/367/549 464/314/549 477/327/549
f 513/368/550 481/342/550 480/330/550
f 481/342/551 454/306/551 420/270/551
f 521/369/552 489/343/552 454/306/552
f 500/356/553 514/370/553 445/297/553
f 514/370/554 467/318/554 445/297/554
f 514/370/555 501/357/555 467/318/555
f 493/346/556 515/371/556 494/347/556
f 515/371/557 447/299/557 494/347/557
f 503/358/558 504/359/558 448/300/558
f 484/336/559 485/337/559 471/303/559
f 485/337/560 516/372/560 472/321/560
f 517/373/561 422/275/561 472/321/561
f 475/323/562 451/304/562 423/277/562
f 506/362/563 496/350/563 451/304/563
f 518/374/564 460/339/564 459/324/564
f 460/339/565 497/351/565 434/286/565
f 508/352/566 509/364/566 435/288/566
f 519/375/567 453/313/567 463/312/567
f 511/366/568 520/376/568 477/327/568
f 520/376/569 512/367/569 477/327/569
f 499/355/570 478/328/570 464/314/570
f 479/329/571 513/368/571 480/330/571
f 521/369/572 454/306/572 481/342/572
f 490/344/573 522/377/573 491/331/573
f 522/377/574 500/356/574 491/331/574
f 501/357/575 492/345/575 468/332/575
f 492/345/576 523/378/576 482/334/576
f 524/360/577 457/308/577 470/320/577
f 524/360/578 525/379/578 484/336/578
f 516/372/579 517/373/579 472/321/579
f 526/380/580 505/361/580 473/322/580
f 505/361/581 545/381/581 486/310/581
f 545/381/582 474/338/582 486/310/582
f 527/382/583 495/349/583 474/338/583
f 475/323/584 528/383/584 451/304/584
f 529/384/585 459/324/585 506/362/585
f 529/384/586 530/385/586 459/324/586
f 497/351/587 507/363/587 425/278/587
f 532/386/588 488/341/588 461/305/588
f 532/386/589 508/352/589 488/341/589
f 533/387/590 509/364/590 508/352/590
f 509/364/591 10/388/591 7/365/591
f 519/375/592 463/312/592 510/354/592
f 512/367/593 534/389/593 464/314/593
f 534/389/594 499/355/594 464/314/594
f 536/390/595 521/369/595 481/342/595
f 537/391/596 522/377/596 490/344/596
f 522/377/597 514/370/597 500/356/597
f 514/370/598 538/392/598 501/357/598
f 539/393/599 492/345/599 501/357/599
f 567/394/600 523/378/600 492/345/600
f 523/378/601 493/346/601 482/334/601
f 515/371/602 483/335/602 447/299/602
f 556/395/603 502/348/603 483/335/603
f 540/396/604 503/358/604 432/283/604
f 504/359/605 524/360/605 470/320/605
f 484/336/606 559/397/606 485/337/606
f 541/398/607 542/399/607 485/337/607
f 543/400/608 517/373/608 516/372/608
f 544/401/609 526/380/609 473/322/609
f 545/381/610 527/382/610 474/338/610
f 495/349/611 546/402/611 475/323/611
f 528/383/612 547/403/612 451/304/612
f 547/403/613 506/362/613 451/304/613
f 530/385/614 518/374/614 459/324/614
f 531/404/615 497/351/615 460/339/615
f 548/405/616 487/340/616 507/363/616
f 548/405/617 561/406/617 487/340/617
f 561/406/618 461/305/618 487/340/618
f 549/407/619 532/386/619 461/305/619
f 533/387/620 508/352/620 532/386/620
f 550/408/621 476/326/621 498/353/621
f 550/408/622 510/354/622 476/326/622
f 519/375/623 511/366/623 453/313/623
f 499/355/624 535/409/624 479/329/624
f 551/410/625 481/342/625 513/368/625
f 551/410/626 536/390/626 481/342/626
f 521/369/627 553/411/627 489/343/627
f 553/411/628 490/344/628 489/343/628
f 553/411/629 537/391/629 490/344/629
f 554/412/630 538/392/630 514/370/630
f 538/392/631 555/413/631 501/357/631
f 555/413/632 539/393/632 501/357/632
f 557/414/633 432/283/633 502/348/633
f 557/414/634 540/396/634 432/283/634
f 503/358/635 558/415/635 504/359/635
f 525/379/636 559/397/636 484/336/636
f 559/397/637 541/398/637 485/337/637
f 542/399/638 516/372/638 485/337/638
f 543/400/639 422/275/639 517/373/639
f 543/400/640 560/416/640 422/275/640
f 560/416/641 473/322/641 422/275/641
f 560/416/642 544/401/642 473/322/642
f 526/380/643 545/381/643 505/361/643
f 547/403/644 529/384/644 506/362/644
f 518/374/645 531/404/645 460/339/645
f 531/404/646 507/363/646 497/351/646
f 561/406/647 549/407/647 461/305/647
f 549/407/648 533/387/648 532/386/648
f 533/387/649 562/417/649 509/364/649
f 9/418/650 563/419/650 8/325/650
f 563/419/651 498/353/651 8/325/651
f 535/409/652 513/368/652 479/329/652
f 536/390/653 552/420/653 521/369/653
f 564/421/654 521/369/654 552/420/654
f 565/422/655 522/377/655 537/391/655
f 522/377/656 554/412/656 514/370/656
f 566/423/657 492/345/657 539/393/657
f 567/394/658 493/346/658 523/378/658
f 556/395/659 557/414/659 502/348/659
f 558/415/660 503/358/660 540/396/660
f 558/415/661 568/424/661 504/359/661
f 568/424/662 524/360/662 504/359/662
f 569/425/663 527/382/663 545/381/663
f 546/402/664 528/383/664 475/323/664
f 518/374/665 570/426/665 531/404/665
f 570/426/666 507/363/666 531/404/666
f 10/388/667 509/364/667 562/417/667
f 571/427/668 563/419/668 9/418/668
f 520/376/669 534/389/669 512/367/669
f 535/409/670 551/410/670 513/368/670
f 573/428/671 553/411/671 521/369/671
f 574/429/672 537/391/672 553/411/672
f 574/429/673 565/422/673 537/391/673
f 555/413/674 566/423/674 539/393/674
f 493/346/675 575/430/675 515/371/675
f 576/431/676 483/335/676 515/371/676
f 590/432/677 540/396/677 557/414/677
f 578/433/678 524/360/678 568/424/678
f 541/398/679 579/434/679 542/399/679
f 542/399/680 543/400/680 516/372/680
f 580/435/681 495/349/681 527/382/681
f 529/384/682 581/436/682 530/385/682
f 582/437/683 518/374/683 530/385/683
f 583/438/684 548/405/684 507/363/684
f 11/439/685 571/427/685 9/418/685
f 563/419/686 584/440/686 498/353/686
f 584/440/687 550/408/687 498/353/687
f 584/440/688 510/354/688 550/408/688
f 572/441/689 519/375/689 510/354/689
f 519/375/690 585/442/690 511/366/690
f 585/442/691 586/443/691 511/366/691
f 586/443/692 520/376/692 511/366/692
f 597/444/693 535/409/693 499/355/693
f 587/445/694 564/421/694 552/420/694
f 564/421/695 573/428/695 521/369/695
f 565/422/696 588/446/696 522/377/696
f 588/446/697 554/412/697 522/377/697
f 538/392/698 589/447/698 555/413/698
f 589/447/699 566/423/699 555/413/699
f 566/423/700 567/394/700 492/345/700
f 575/430/701 576/431/701 515/371/701
f 576/431/702 556/395/702 483/335/702
f 540/396/703 577/448/703 558/415/703
f 577/448/704 568/424/704 558/415/704
f 525/379/705 524/360/705 578/433/705
f 526/380/706 591/449/706 545/381/706
f 591/449/707 569/425/707 545/381/707
f 582/437/708 570/426/708 518/374/708
f 570/426/709 583/438/709 507/363/709
f 592/450/710 561/406/710 548/405/710
f 593/451/711 549/407/711 561/406/711
f 549/407/712 594/452/712 533/387/712
f 594/452/713 562/417/713 533/387/713
f 562/417/714 12/453/714 10/388/714
f 595/454/715 510/354/715 584/440/715
f 586/443/716 596/455/716 520/376/716
f 596/455/717 534/389/717 520/376/717
f 534/389/718 597/444/718 499/355/718
f 598/456/719 551/410/719 535/409/719
f 573/428/720 574/429/720 553/411/720
f 599/457/721 565/422/721 574/429/721
f 600/458/722 554/412/722 588/446/722
f 589/447/723 601/459/723 566/423/723
f 619/460/724 567/394/724 566/423/724
f 602/461/725 556/395/725 576/431/725
f 603/462/726 557/414/726 556/395/726
f 590/432/727 577/448/727 540/396/727
f 604/463/728 568/424/728 577/448/728
f 525/379/729 614/464/729 559/397/729
f 614/464/730 541/398/730 559/397/730
f 569/425/731 580/435/731 527/382/731
f 580/435/732 546/402/732 495/349/732
f 605/465/733 529/384/733 547/403/733
f 606/466/734 583/438/734 570/426/734
f 583/438/735 592/450/735 548/405/735
f 592/450/736 593/451/736 561/406/736
f 593/451/737 594/452/737 549/407/737
f 594/452/738 607/467/738 562/417/738
f 595/454/739 572/441/739 510/354/739
f 572/441/740 585/442/740 519/375/740
f 598/456/741 536/390/741 551/410/741
f 598/456/742 552/420/742 536/390/742
f 608/468/743 587/445/743 552/420/743
f 609/469/744 564/421/744 587/445/744
f 609/469/745 610/470/745 564/421/745
f 610/470/746 573/428/746 564/421/746
f 599/457/747 612/471/747 565/422/747
f 612/471/748 588/446/748 565/422/748
f 600/458/749 538/392/749 554/412/749
f 600/458/750 589/447/750 538/392/750
f 601/459/751 619/460/751 566/423/751
f 613/472/752 493/346/752 567/394/752
f 613/472/753 575/430/753 493/346/753
f 602/461/754 603/462/754 556/395/754
f 615/473/755 547/403/755 528/383/755
f 605/465/756 581/436/756 529/384/756
f 616/474/757 594/452/757 593/451/757
f 571/427/758 617/475/758 563/419/758
f 617/475/759 584/440/759 563/419/759
f 630/476/760 597/444/760 534/389/760
f 597/444/761 663/477/761 535/409/761
f 663/477/762 598/456/762 535/409/762
f 608/468/763 609/469/763 587/445/763
f 611/478/764 599/457/764 574/429/764
f 612/471/765 618/479/765 588/446/765
f 618/479/766 600/458/766 588/446/766
f 600/458/767 601/459/767 589/447/767
f 619/460/768 620/480/768 567/394/768
f 620/480/769 613/472/769 567/394/769
f 621/481/770 590/432/770 557/414/770
f 621/481/771 577/448/771 590/432/771
f 604/463/772 622/482/772 568/424/772
f 622/482/773 578/433/773 568/424/773
f 578/433/774 614/464/774 525/379/774
f 614/464/775 623/483/775 541/398/775
f 638/484/776 560/416/776 543/400/776
f 624/485/777 591/449/777 526/380/777
f 591/449/778 580/435/778 569/425/778
f 625/486/779 546/402/779 580/435/779
f 625/486/780 528/383/780 546/402/780
f 615/473/781 605/465/781 547/403/781
f 606/466/782 626/487/782 583/438/782
f 592/450/783 627/488/783 593/451/783
f 607/467/784 12/453/784 562/417/784
f 617/475/785 595/454/785 584/440/785
f 628/489/786 585/442/786 572/441/786
f 596/455/787 630/476/787 534/389/787
f 630/476/788 663/477/788 597/444/788
f 598/456/789 608/468/789 552/420/789
f 610/470/790 631/490/790 573/428/790
f 631/490/791 574/429/791 573/428/791
f 631/490/792 611/478/792 574/429/792
f 632/491/793 612/471/793 599/457/793
f 633/492/794 601/459/794 600/458/794
f 634/493/795 575/430/795 613/472/795
f 634/493/796 576/431/796 575/430/796
f 603/462/797 635/494/797 557/414/797
f 635/494/798 621/481/798 557/414/798
f 621/481/799 636/495/799 577/448/799
f 636/495/800 604/463/800 577/448/800
f 637/496/801 542/399/801 579/434/801
f 637/496/802 543/400/802 542/399/802
f 637/496/803 638/484/803 543/400/803
f 638/484/804 639/497/804 560/416/804
f 639/497/805 544/401/805 560/416/805
f 544/401/806 624/485/806 526/380/806
f 605/465/807 658/498/807 581/436/807
f 581/436/808 689/499/808 530/385/808
f 689/499/809 582/437/809 530/385/809
f 689/499/810 641/500/810 582/437/810
f 641/500/811 570/426/811 582/437/811
f 641/500/812 606/466/812 570/426/812
f 626/487/813 592/450/813 583/438/813
f 642/501/814 616/474/814 593/451/814
f 616/474/815 607/467/815 594/452/815
f 11/439/816 13/502/816 571/427/816
f 571/427/817 643/503/817 617/475/817
f 643/503/818 595/454/818 617/475/818
f 643/503/819 644/504/819 595/454/819
f 660/505/820 572/441/820 595/454/820
f 628/489/821 629/506/821 585/442/821
f 585/442/822 629/506/822 586/443/822
f 629/506/823 596/455/823 586/443/823
f 649/507/824 630/476/824 596/455/824
f 598/456/825 645/508/825 608/468/825
f 632/491/826 618/479/826 612/471/826
f 618/479/827 666/509/827 600/458/827
f 666/509/828 633/492/828 600/458/828
f 633/492/829 619/460/829 601/459/829
f 634/493/830 602/461/830 576/431/830
f 635/494/831 646/510/831 621/481/831
f 579/434/832 541/398/832 623/483/832
f 647/511/833 544/401/833 639/497/833
f 647/511/834 624/485/834 544/401/834
f 648/512/835 591/449/835 624/485/835
f 648/512/836 580/435/836 591/449/836
f 625/486/837 615/473/837 528/383/837
f 640/513/838 605/465/838 615/473/838
f 627/488/839 642/501/839 593/451/839
f 14/514/840 12/453/840 607/467/840
f 662/515/841 649/507/841 596/455/841
f 608/468/842 650/516/842 609/469/842
f 650/516/843 610/470/843 609/469/843
f 610/470/844 651/517/844 631/490/844
f 652/518/845 611/478/845 631/490/845
f 611/478/846 632/491/846 599/457/846
f 653/519/847 618/479/847 632/491/847
f 653/519/848 666/509/848 618/479/848
f 654/520/849 619/460/849 633/492/849
f 654/520/850 620/480/850 619/460/850
f 620/480/851 655/521/851 613/472/851
f 622/482/852 671/522/852 578/433/852
f 671/522/853 614/464/853 578/433/853
f 647/511/854 648/512/854 624/485/854
f 657/523/855 615/473/855 625/486/855
f 640/513/856 658/498/856 605/465/856
f 659/524/857 642/501/857 627/488/857
f 644/504/858 660/505/858 595/454/858
f 660/505/859 661/525/859 572/441/859
f 661/525/860 628/489/860 572/441/860
f 662/515/861 596/455/861 629/506/861
f 663/477/862 679/526/862 598/456/862
f 679/526/863 699/527/863 598/456/863
f 645/508/864 650/516/864 608/468/864
f 650/516/865 651/517/865 610/470/865
f 651/517/866 652/518/866 631/490/866
f 664/528/867 632/491/867 611/478/867
f 665/529/868 653/519/868 632/491/868
f 667/530/869 654/520/869 633/492/869
f 654/520/870 668/531/870 620/480/870
f 668/531/871 655/521/871 620/480/871
f 669/532/872 634/493/872 613/472/872
f 682/533/873 646/510/873 635/494/873
f 670/534/874 621/481/874 646/510/874
f 670/534/875 636/495/875 621/481/875
f 636/495/876 622/482/876 604/463/876
f 672/535/877 579/434/877 623/483/877
f 579/434/878 685/536/878 637/496/878
f 638/484/879 673/537/879 639/497/879
f 673/537/880 647/511/880 639/497/880
f 648/512/881 656/538/881 580/435/881
f 674/539/882 625/486/882 580/435/882
f 675/540/883 592/450/883 626/487/883
f 676/541/884 627/488/884 592/450/884
f 677/542/885 607/467/885 616/474/885
f 643/503/886 678/543/886 644/504/886
f 692/544/887 629/506/887 628/489/887
f 680/545/888 664/528/888 611/478/888
f 664/528/889 665/529/889 632/491/889
f 681/546/890 666/509/890 653/519/890
f 667/530/891 633/492/891 666/509/891
f 655/521/892 669/532/892 613/472/892
f 682/533/893 635/494/893 603/462/893
f 683/547/894 622/482/894 636/495/894
f 671/522/895 684/548/895 614/464/895
f 685/536/896 686/549/896 637/496/896
f 686/549/897 638/484/897 637/496/897
f 673/537/898 687/550/898 647/511/898
f 688/551/899 656/538/899 648/512/899
f 656/538/900 674/539/900 580/435/900
f 674/539/901 657/523/901 625/486/901
f 657/523/902 640/513/902 615/473/902
f 704/552/903 658/498/903 640/513/903
f 658/498/904 689/499/904 581/436/904
f 691/553/905 626/487/905 606/466/905
f 691/553/906 675/540/906 626/487/906
f 676/541/907 659/524/907 627/488/907
f 659/524/908 616/474/908 642/501/908
f 677/542/909 14/514/909 607/467/909
f 13/502/910 643/503/910 571/427/910
f 693/554/911 662/515/911 629/506/911
f 652/518/912 680/545/912 611/478/912
f 665/529/913 681/546/913 653/519/913
f 694/555/914 654/520/914 667/530/914
f 694/555/915 695/556/915 654/520/915
f 695/556/916 668/531/916 654/520/916
f 634/493/917 696/557/917 602/461/917
f 696/557/918 603/462/918 602/461/918
f 670/534/919 683/547/919 636/495/919
f 622/482/920 697/558/920 671/522/920
f 684/548/921 623/483/921 614/464/921
f 672/535/922 685/536/922 579/434/922
f 688/551/923 674/539/923 656/538/923
f 689/499/924 690/559/924 641/500/924
f 641/500/925 698/560/925 606/466/925
f 698/560/926 691/553/926 606/466/926
f 675/540/927 676/541/927 592/450/927
f 16/561/928 643/503/928 13/502/928
f 678/543/929 660/505/929 644/504/929
f 692/544/930 693/554/930 629/506/930
f 649/507/931 663/477/931 630/476/931
f 699/527/932 645/508/932 598/456/932
f 700/562/933 664/528/933 680/545/933
f 681/546/934 701/563/934 666/509/934
f 701/563/935 667/530/935 666/509/935
f 668/531/936 711/564/936 655/521/936
f 696/557/937 634/493/937 669/532/937
f 713/565/938 682/533/938 603/462/938
f 683/547/939 697/558/939 622/482/939
f 702/566/940 684/548/940 671/522/940
f 684/548/941 703/567/941 623/483/941
f 703/567/942 672/535/942 623/483/942
f 687/550/943 648/512/943 647/511/943
f 704/552/944 640/513/944 657/523/944
f 704/552/945 705/568/945 658/498/945
f 658/498/946 706/569/946 689/499/946
f 690/559/947 698/560/947 641/500/947
f 677/542/948 616/474/948 659/524/948
f 677/542/949 15/570/949 14/514/949
f 16/561/950 678/543/950 643/503/950
f 661/525/951 707/571/951 628/489/951
f 707/571/952 692/544/952 628/489/952
f 707/571/953 693/554/953 692/544/953
f 649/507/954 708/572/954 663/477/954
f 708/572/955 709/573/955 663/477/955
f 709/573/956 679/526/956 663/477/956
f 699/527/957 650/516/957 645/508/957
f 650/516/958 699/527/958 651/517/958
f 680/545/959 652/518/959 651/517/959
f 700/562/960 665/529/960 664/528/960
f 710/574/961 701/563/961 681/546/961
f 701/563/962 710/574/962 667/530/962
f 710/574/963 694/555/963 667/530/963
f 695/556/964 711/564/964 668/531/964
f 712/575/965 669/532/965 655/521/965
f 713/565/966 603/462/966 696/557/966
f 715/576/967 683/547/967 670/534/967
f 697/558/968 702/566/968 671/522/968
f 716/577/969 703/567/969 684/548/969
f 686/549/970 717/578/970 638/484/970
f 717/578/971 673/537/971 638/484/971
f 718/579/972 688/551/972 648/512/972
f 674/539/973 719/580/973 657/523/973
f 705/568/974 706/569/974 658/498/974
f 706/569/975 720/581/975 689/499/975
f 721/582/976 676/541/976 675/540/976
f 722/583/977 660/505/977 678/543/977
f 722/583/978 661/525/978 660/505/978
f 707/571/979 723/584/979 693/554/979
f 732/585/980 649/507/980 662/515/980
f 724/586/981 700/562/981 680/545/981
f 724/586/982 725/587/982 700/562/982
f 725/587/983 665/529/983 700/562/983
f 665/529/984 735/588/984 681/546/984
f 735/588/985 710/574/985 681/546/985
f 710/574/986 736/589/986 694/555/986
f 694/555/987 726/590/987 695/556/987
f 726/590/988 711/564/988 695/556/988
f 727/591/989 684/548/989 702/566/989
f 738/592/990 686/549/990 685/536/990
f 717/578/991 687/550/991 673/537/991
f 687/550/992 718/579/992 648/512/992
f 720/581/993 690/559/993 689/499/993
f 720/581/994 728/593/994 690/559/994
f 728/593/995 698/560/995 690/559/995
f 691/553/996 721/582/996 675/540/996
f 730/594/997 15/570/997 677/542/997
f 722/583/998 731/595/998 661/525/998
f 731/595/999 707/571/999 661/525/999
f 723/584/1000 732/585/1000 693/554/1000
f 732/585/1001 662/515/1001 693/554/1001
f 733/596/1002 708/572/1002 649/507/1002
f 734/597/1003 699/527/1003 679/526/1003
f 699/527/1004 680/545/1004 651/517/1004
f 725/587/1005 735/588/1005 665/529/1005
f 711/564/1006 712/575/1006 655/521/1006
f 682/533/1007 714/598/1007 646/510/1007
f 646/510/1008 715/576/1008 670/534/1008
f 715/576/1009 737/599/1009 683/547/1009
f 683/547/1010 737/599/1010 697/558/1010
f 737/599/1011 702/566/1011 697/558/1011
f 703/567/1012 767/600/1012 672/535/1012
f 767/600/1013 738/592/1013 672/535/1013
f 738/592/1014 685/536/1014 672/535/1014
f 686/549/1015 739/601/1015 717/578/1015
f 719/580/1016 704/552/1016 657/523/1016
f 754/602/1017 729/603/1017 659/524/1017
f 729/603/1018 677/542/1018 659/524/1018
f 729/603/1019 730/594/1019 677/542/1019
f 731/595/1020 740/604/1020 707/571/1020
f 741/605/1021 723/584/1021 707/571/1021
f 732/585/1022 742/606/1022 649/507/1022
f 699/527/1023 724/586/1023 680/545/1023
f 736/589/1024 743/607/1024 694/555/1024
f 743/607/1025 726/590/1025 694/555/1025
f 726/590/1026 760/608/1026 711/564/1026
f 760/608/1027 744/609/1027 711/564/1027
f 744/609/1028 712/575/1028 711/564/1028
f 669/532/1029 745/610/1029 696/557/1029
f 713/565/1030 747/611/1030 682/533/1030
f 747/611/1031 714/598/1031 682/533/1031
f 714/598/1032 715/576/1032 646/510/1032
f 737/599/1033 748/612/1033 702/566/1033
f 702/566/1034 748/612/1034 727/591/1034
f 727/591/1035 716/577/1035 684/548/1035
f 738/592/1036 739/601/1036 686/549/1036
f 717/578/1037 749/613/1037 687/550/1037
f 687/550/1038 749/613/1038 718/579/1038
f 750/614/1039 688/551/1039 718/579/1039
f 706/569/1040 751/615/1040 720/581/1040
f 728/593/1041 752/616/1041 698/560/1041
f 753/617/1042 691/553/1042 698/560/1042
f 753/617/1043 721/582/1043 691/553/1043
f 754/602/1044 659/524/1044 676/541/1044
f 756/618/1045 741/605/1045 707/571/1045
f 733/596/1046 709/573/1046 708/572/1046
f 709/573/1047 734/597/1047 679/526/1047
f 758/619/1048 725/587/1048 724/586/1048
f 735/588/1049 759/620/1049 710/574/1049
f 746/621/1050 713/565/1050 696/557/1050
f 795/622/1051 716/577/1051 727/591/1051
f 716/577/1052 767/600/1052 703/567/1052
f 817/623/1053 739/601/1053 738/592/1053
f 688/551/1054 750/614/1054 674/539/1054
f 751/615/1055 728/593/1055 720/581/1055
f 752/616/1056 761/624/1056 698/560/1056
f 761/624/1057 753/617/1057 698/560/1057
f 721/582/1058 754/602/1058 676/541/1058
f 730/594/1059 774/625/1059 15/570/1059
f 774/625/1060 17/626/1060 15/570/1060
f 16/561/1061 755/627/1061 678/543/1061
f 763/628/1062 731/595/1062 722/583/1062
f 740/604/1063 756/618/1063 707/571/1063
f 742/606/1064 733/596/1064 649/507/1064
f 757/629/1065 709/573/1065 733/596/1065
f 777/630/1066 724/586/1066 699/527/1066
f 764/631/1067 759/620/1067 735/588/1067
f 759/620/1068 736/589/1068 710/574/1068
f 712/575/1069 745/610/1069 669/532/1069
f 746/621/1070 747/611/1070 713/565/1070
f 765/632/1071 714/598/1071 747/611/1071
f 765/632/1072 715/576/1072 714/598/1072
f 765/632/1073 766/633/1073 715/576/1073
f 766/633/1074 737/599/1074 715/576/1074
f 795/622/1075 767/600/1075 716/577/1075
f 768/634/1076 738/592/1076 767/600/1076
f 785/635/1077 717/578/1077 739/601/1077
f 749/613/1078 770/636/1078 718/579/1078
f 718/579/1079 770/636/1079 750/614/1079
f 750/614/1080 719/580/1080 674/539/1080
f 771/637/1081 704/552/1081 719/580/1081
f 771/637/1082 705/568/1082 704/552/1082
f 705/568/1083 751/615/1083 706/569/1083
f 772/638/1084 729/603/1084 754/602/1084
f 772/638/1085 773/639/1085 729/603/1085
f 755/627/1086 722/583/1086 678/543/1086
f 741/605/1087 776/640/1087 723/584/1087
f 757/629/1088 733/596/1088 742/606/1088
f 778/641/1089 735/588/1089 725/587/1089
f 779/642/1090 764/631/1090 735/588/1090
f 759/620/1091 780/643/1091 736/589/1091
f 780/643/1092 743/607/1092 736/589/1092
f 743/607/1093 760/608/1093 726/590/1093
f 745/610/1094 746/621/1094 696/557/1094
f 781/644/1095 765/632/1095 747/611/1095
f 782/645/1096 737/599/1096 766/633/1096
f 783/646/1097 727/591/1097 748/612/1097
f 768/634/1098 817/623/1098 738/592/1098
f 817/623/1099 784/647/1099 739/601/1099
f 784/647/1100 785/635/1100 739/601/1100
f 786/648/1101 719/580/1101 750/614/1101
f 786/648/1102 771/637/1102 719/580/1102
f 751/615/1103 787/649/1103 728/593/1103
f 788/650/1104 752/616/1104 728/593/1104
f 761/624/1105 721/582/1105 753/617/1105
f 761/624/1106 754/602/1106 721/582/1106
f 773/639/1107 730/594/1107 729/603/1107
f 763/628/1108 775/651/1108 731/595/1108
f 723/584/1109 742/606/1109 732/585/1109
f 789/652/1110 757/629/1110 742/606/1110
f 790/653/1111 734/597/1111 709/573/1111
f 790/653/1112 699/527/1112 734/597/1112
f 790/653/1113 777/630/1113 699/527/1113
f 777/630/1114 758/619/1114 724/586/1114
f 758/619/1115 778/641/1115 725/587/1115
f 778/641/1116 779/642/1116 735/588/1116
f 800/654/1117 780/643/1117 759/620/1117
f 791/655/1118 760/608/1118 743/607/1118
f 792/656/1119 712/575/1119 744/609/1119
f 793/657/1120 745/610/1120 712/575/1120
f 781/644/1121 747/611/1121 746/621/1121
f 782/645/1122 748/612/1122 737/599/1122
f 796/658/1123 785/635/1123 784/647/1123
f 810/659/1124 787/649/1124 751/615/1124
f 787/649/1125 788/650/1125 728/593/1125
f 797/660/1126 761/624/1126 752/616/1126
f 798/661/1127 772/638/1127 754/602/1127
f 773/639/1128 774/625/1128 730/594/1128
f 18/662/1129 17/626/1129 774/625/1129
f 762/663/1130 755/627/1130 16/561/1130
f 799/664/1131 763/628/1131 722/583/1131
f 764/631/1132 800/654/1132 759/620/1132
f 791/655/1133 801/665/1133 760/608/1133
f 801/665/1134 744/609/1134 760/608/1134
f 801/665/1135 792/656/1135 744/609/1135
f 792/656/1136 802/666/1136 712/575/1136
f 802/666/1137 793/657/1137 712/575/1137
f 793/657/1138 746/621/1138 745/610/1138
f 803/667/1139 781/644/1139 746/621/1139
f 794/668/1140 765/632/1140 781/644/1140
f 783/646/1141 795/622/1141 727/591/1141
f 795/622/1142 804/669/1142 767/600/1142
f 804/669/1143 768/634/1143 767/600/1143
f 805/670/1144 717/578/1144 785/635/1144
f 805/670/1145 806/671/1145 717/578/1145
f 806/671/1146 749/613/1146 717/578/1146
f 806/671/1147 769/672/1147 749/613/1147
f 770/636/1148 749/613/1148 769/672/1148
f 807/673/1149 750/614/1149 770/636/1149
f 808/674/1150 771/637/1150 786/648/1150
f 771/637/1151 809/675/1151 705/568/1151
f 810/659/1152 751/615/1152 705/568/1152
f 811/676/1153 754/602/1153 761/624/1153
f 828/677/1154 773/639/1154 772/638/1154
f 19/678/1155 762/663/1155 16/561/1155
f 755/627/1156 799/664/1156 722/583/1156
f 731/595/1157 756/618/1157 740/604/1157
f 812/679/1158 741/605/1158 756/618/1158
f 709/573/1159 813/680/1159 790/653/1159
f 777/630/1160 778/641/1160 758/619/1160
f 814/681/1161 800/654/1161 764/631/1161
f 780/643/1162 815/682/1162 743/607/1162
f 815/682/1163 791/655/1163 743/607/1163
f 765/632/1164 816/683/1164 766/633/1164
f 816/683/1165 782/645/1165 766/633/1165
f 818/684/1166 784/647/1166 817/623/1166
f 818/684/1167 796/658/1167 784/647/1167
f 809/675/1168 810/659/1168 705/568/1168
f 788/650/1169 797/660/1169 752/616/1169
f 797/660/1170 811/676/1170 761/624/1170
f 754/602/1171 811/676/1171 798/661/1171
f 774/625/1172 829/685/1172 18/662/1172
f 799/664/1173 775/651/1173 763/628/1173
f 775/651/1174 756/618/1174 731/595/1174
f 812/679/1175 776/640/1175 741/605/1175
f 776/640/1176 819/686/1176 742/606/1176
f 819/686/1177 789/652/1177 742/606/1177
f 820/687/1178 778/641/1178 777/630/1178
f 821/688/1179 779/642/1179 778/641/1179
f 832/689/1180 780/643/1180 800/654/1180
f 832/689/1181 815/682/1181 780/643/1181
f 822/690/1182 791/655/1182 815/682/1182
f 822/690/1183 801/665/1183 791/655/1183
f 782/645/1184 840/691/1184 748/612/1184
f 840/691/1185 823/692/1185 748/612/1185
f 823/692/1186 783/646/1186 748/612/1186
f 795/622/1187 824/693/1187 804/669/1187
f 818/684/1188 825/694/1188 796/658/1188
f 796/658/1189 805/670/1189 785/635/1189
f 807/673/1190 786/648/1190 750/614/1190
f 826/695/1191 809/675/1191 771/637/1191
f 827/696/1192 788/650/1192 787/649/1192
f 798/661/1193 828/677/1193 772/638/1193
f 773/639/1194 829/685/1194 774/625/1194
f 829/685/1195 20/697/1195 18/662/1195
f 775/651/1196 830/698/1196 756/618/1196
f 830/698/1197 812/679/1197 756/618/1197
f 776/640/1198 742/606/1198 723/584/1198
f 848/699/1199 709/573/1199 757/629/1199
f 848/699/1200 813/680/1200 709/573/1200
f 821/688/1201 831/700/1201 779/642/1201
f 831/700/1202 764/631/1202 779/642/1202
f 831/700/1203 814/681/1203 764/631/1203
f 814/681/1204 832/689/1204 800/654/1204
f 833/701/1205 792/656/1205 801/665/1205
f 833/701/1206 802/666/1206 792/656/1206
f 803/667/1207 746/621/1207 793/657/1207
f 794/668/1208 816/683/1208 765/632/1208
f 804/669/1209 817/623/1209 768/634/1209
f 825/694/1210 805/670/1210 796/658/1210
f 769/672/1211 807/673/1211 770/636/1211
f 807/673/1212 834/702/1212 786/648/1212
f 808/674/1213 826/695/1213 771/637/1213
f 810/659/1214 827/696/1214 787/649/1214
f 835/703/1215 798/661/1215 811/676/1215
f 835/703/1216 836/704/1216 798/661/1216
f 828/677/1217 837/705/1217 773/639/1217
f 837/705/1218 829/685/1218 773/639/1218
f 813/680/1219 838/706/1219 790/653/1219
f 838/706/1220 777/630/1220 790/653/1220
f 820/687/1221 821/688/1221 778/641/1221
f 839/707/1222 815/682/1222 832/689/1222
f 839/707/1223 822/690/1223 815/682/1223
f 840/691/1224 782/645/1224 816/683/1224
f 842/708/1225 769/672/1225 806/671/1225
f 834/702/1226 808/674/1226 786/648/1226
f 826/695/1227 843/709/1227 809/675/1227
f 843/709/1228 810/659/1228 809/675/1228
f 827/696/1229 844/710/1229 788/650/1229
f 844/710/1230 797/660/1230 788/650/1230
f 845/711/1231 811/676/1231 797/660/1231
f 836/704/1232 846/712/1232 798/661/1232
f 846/712/1233 828/677/1233 798/661/1233
f 762/663/1234 847/713/1234 755/627/1234
f 847/713/1235 799/664/1235 755/627/1235
f 819/686/1236 881/714/1236 789/652/1236
f 848/699/1237 757/629/1237 789/652/1237
f 849/715/1238 832/689/1238 814/681/1238
f 850/716/1239 851/717/1239 839/707/1239
f 851/717/1240 822/690/1240 839/707/1240
f 851/717/1241 852/718/1241 822/690/1241
f 822/690/1242 853/719/1242 801/665/1242
f 853/719/1243 833/701/1243 801/665/1243
f 854/720/1244 793/657/1244 802/666/1244
f 854/720/1245 855/721/1245 793/657/1245
f 855/721/1246 803/667/1246 793/657/1246
f 856/722/1247 816/683/1247 794/668/1247
f 857/723/1248 840/691/1248 816/683/1248
f 874/724/1249 783/646/1249 823/692/1249
f 874/724/1250 841/725/1250 783/646/1250
f 841/725/1251 795/622/1251 783/646/1251
f 858/726/1252 817/623/1252 804/669/1252
f 858/726/1253 818/684/1253 817/623/1253
f 876/727/1254 825/694/1254 818/684/1254
f 876/727/1255 859/728/1255 825/694/1255
f 860/729/1256 805/670/1256 825/694/1256
f 878/730/1257 842/708/1257 806/671/1257
f 861/731/1258 769/672/1258 842/708/1258
f 861/731/1259 807/673/1259 769/672/1259
f 861/731/1260 862/732/1260 807/673/1260
f 862/732/1261 863/733/1261 807/673/1261
f 863/733/1262 834/702/1262 807/673/1262
f 864/734/1263 827/696/1263 810/659/1263
f 845/711/1264 835/703/1264 811/676/1264
f 846/712/1265 865/735/1265 828/677/1265
f 866/736/1266 829/685/1266 837/705/1266
f 866/736/1267 20/697/1267 829/685/1267
f 879/737/1268 775/651/1268 799/664/1268
f 775/651/1269 867/738/1269 830/698/1269
f 867/738/1270 812/679/1270 830/698/1270
f 777/630/1271 869/739/1271 820/687/1271
f 821/688/1272 870/740/1272 831/700/1272
f 831/700/1273 849/715/1273 814/681/1273
f 849/715/1274 871/741/1274 832/689/1274
f 871/741/1275 839/707/1275 832/689/1275
f 852/718/1276 853/719/1276 822/690/1276
f 833/701/1277 872/742/1277 802/666/1277
f 872/742/1278 854/720/1278 802/666/1278
f 803/667/1279 873/743/1279 781/644/1279
f 840/691/1280 874/724/1280 823/692/1280
f 875/744/1281 824/693/1281 795/622/1281
f 824/693/1282 858/726/1282 804/669/1282
f 858/726/1283 876/727/1283 818/684/1283
f 859/728/1284 860/729/1284 825/694/1284
f 860/729/1285 877/745/1285 805/670/1285
f 877/745/1286 806/671/1286 805/670/1286
f 843/709/1287 864/734/1287 810/659/1287
f 835/703/1288 896/746/1288 836/704/1288
f 896/746/1289 846/712/1289 836/704/1289
f 865/735/1290 837/705/1290 828/677/1290
f 879/737/1291 799/664/1291 847/713/1291
f 880/747/1292 775/651/1292 879/737/1292
f 812/679/1293 819/686/1293 776/640/1293
f 898/748/1294 813/680/1294 848/699/1294
f 868/749/1295 838/706/1295 813/680/1295
f 882/750/1296 870/740/1296 821/688/1296
f 870/740/1297 849/715/1297 831/700/1297
f 871/741/1298 850/716/1298 839/707/1298
f 873/743/1299 794/668/1299 781/644/1299
f 873/743/1300 856/722/1300 794/668/1300
f 856/722/1301 857/723/1301 816/683/1301
f 841/725/1302 875/744/1302 795/622/1302
f 877/745/1303 878/730/1303 806/671/1303
f 883/751/1304 864/734/1304 843/709/1304
f 864/734/1305 893/752/1305 827/696/1305
f 893/752/1306 844/710/1306 827/696/1306
f 884/753/1307 837/705/1307 865/735/1307
f 885/754/1308 866/736/1308 837/705/1308
f 886/755/1309 20/697/1309 866/736/1309
f 880/747/1310 867/738/1310 775/651/1310
f 887/756/1311 812/679/1311 867/738/1311
f 887/756/1312 819/686/1312 812/679/1312
f 888/757/1313 848/699/1313 789/652/1313
f 838/706/1314 899/758/1314 777/630/1314
f 820/687/1315 882/750/1315 821/688/1315
f 900/759/1316 871/741/1316 849/715/1316
f 902/760/1317 872/742/1317 833/701/1317
f 904/761/1318 873/743/1318 803/667/1318
f 906/762/1319 875/744/1319 841/725/1319
f 863/733/1320 890/763/1320 834/702/1320
f 890/763/1321 808/674/1321 834/702/1321
f 890/763/1322 891/764/1322 808/674/1322
f 892/765/1323 826/695/1323 808/674/1323
f 883/751/1324 893/752/1324 864/734/1324
f 894/766/1325 797/660/1325 844/710/1325
f 895/767/1326 845/711/1326 797/660/1326
f 845/711/1327 896/746/1327 835/703/1327
f 884/753/1328 885/754/1328 837/705/1328
f 885/754/1329 886/755/1329 866/736/1329
f 886/755/1330 21/768/1330 20/697/1330
f 19/678/1331 847/713/1331 762/663/1331
f 847/713/1332 913/769/1332 879/737/1332
f 897/770/1333 880/747/1333 879/737/1333
f 881/714/1334 888/757/1334 789/652/1334
f 899/758/1335 869/739/1335 777/630/1335
f 870/740/1336 900/759/1336 849/715/1336
f 871/741/1337 901/771/1337 850/716/1337
f 901/771/1338 851/717/1338 850/716/1338
f 901/771/1339 852/718/1339 851/717/1339
f 920/772/1340 853/719/1340 852/718/1340
f 902/760/1341 833/701/1341 853/719/1341
f 903/773/1342 855/721/1342 854/720/1342
f 903/773/1343 904/761/1343 855/721/1343
f 904/761/1344 803/667/1344 855/721/1344
f 905/774/1345 874/724/1345 840/691/1345
f 874/724/1346 906/762/1346 841/725/1346
f 907/775/1347 876/727/1347 858/726/1347
f 925/776/1348 878/730/1348 877/745/1348
f 878/730/1349 908/777/1349 842/708/1349
f 908/777/1350 861/731/1350 842/708/1350
f 862/732/1351 889/778/1351 863/733/1351
f 889/778/1352 890/763/1352 863/733/1352
f 892/765/1353 909/779/1353 826/695/1353
f 910/780/1354 843/709/1354 826/695/1354
f 910/780/1355 883/751/1355 843/709/1355
f 894/766/1356 844/710/1356 893/752/1356
f 894/766/1357 895/767/1357 797/660/1357
f 911/781/1358 896/746/1358 845/711/1358
f 912/782/1359 846/712/1359 896/746/1359
f 913/769/1360 914/783/1360 879/737/1360
f 915/784/1361 887/756/1361 867/738/1361
f 916/785/1362 813/680/1362 898/748/1362
f 916/785/1363 868/749/1363 813/680/1363
f 868/749/1364 899/758/1364 838/706/1364
f 869/739/1365 917/786/1365 820/687/1365
f 917/786/1366 882/750/1366 820/687/1366
f 882/750/1367 918/787/1367 870/740/1367
f 918/787/1368 900/759/1368 870/740/1368
f 919/788/1369 871/741/1369 900/759/1369
f 919/788/1370 901/771/1370 871/741/1370
f 901/771/1371 920/772/1371 852/718/1371
f 920/772/1372 921/789/1372 853/719/1372
f 921/789/1373 902/760/1373 853/719/1373
f 922/790/1374 854/720/1374 872/742/1374
f 922/790/1375 903/773/1375 854/720/1375
f 873/743/1376 924/791/1376 856/722/1376
f 859/728/1377 925/776/1377 860/729/1377
f 925/776/1378 877/745/1378 860/729/1378
f 926/792/1379 862/732/1379 861/731/1379
f 891/764/1380 892/765/1380 808/674/1380
f 893/752/1381 948/793/1381 894/766/1381
f 895/767/1382 911/781/1382 845/711/1382
f 865/735/1383 846/712/1383 912/782/1383
f 928/794/1384 21/768/1384 886/755/1384
f 914/783/1385 897/770/1385 879/737/1385
f 880/747/1386 954/795/1386 867/738/1386
f 937/796/1387 881/714/1387 819/686/1387
f 937/796/1388 888/757/1388 881/714/1388
f 888/757/1389 898/748/1389 848/699/1389
f 899/758/1390 929/797/1390 869/739/1390
f 929/797/1391 917/786/1391 869/739/1391
f 917/786/1392 918/787/1392 882/750/1392
f 930/798/1393 931/799/1393 902/760/1393
f 931/799/1394 872/742/1394 902/760/1394
f 923/800/1395 924/791/1395 873/743/1395
f 924/791/1396 857/723/1396 856/722/1396
f 857/723/1397 905/774/1397 840/691/1397
f 906/762/1398 874/724/1398 905/774/1398
f 875/744/1399 932/801/1399 824/693/1399
f 932/801/1400 858/726/1400 824/693/1400
f 932/801/1401 907/775/1401 858/726/1401
f 907/775/1402 933/802/1402 876/727/1402
f 934/803/1403 878/730/1403 925/776/1403
f 908/777/1404 926/792/1404 861/731/1404
f 926/792/1405 889/778/1405 862/732/1405
f 909/779/1406 910/780/1406 826/695/1406
f 927/804/1407 883/751/1407 910/780/1407
f 927/804/1408 893/752/1408 883/751/1408
f 927/804/1409 948/793/1409 893/752/1409
f 865/735/1410 935/805/1410 884/753/1410
f 935/805/1411 936/806/1411 884/753/1411
f 936/806/1412 885/754/1412 884/753/1412
f 22/807/1413 847/713/1413 19/678/1413
f 937/796/1414 887/756/1414 915/784/1414
f 887/756/1415 937/796/1415 819/686/1415
f 938/808/1416 918/787/1416 917/786/1416
f 939/809/1417 900/759/1417 918/787/1417
f 939/809/1418 940/810/1418 900/759/1418
f 940/810/1419 919/788/1419 900/759/1419
f 958/811/1420 921/789/1420 920/772/1420
f 921/789/1421 930/798/1421 902/760/1421
f 931/799/1422 922/790/1422 872/742/1422
f 903/773/1423 941/812/1423 904/761/1423
f 941/812/1424 873/743/1424 904/761/1424
f 942/813/1425 857/723/1425 924/791/1425
f 905/774/1426 943/814/1426 906/762/1426
f 944/815/1427 875/744/1427 906/762/1427
f 932/801/1428 933/802/1428 907/775/1428
f 876/727/1429 945/816/1429 859/728/1429
f 945/816/1430 925/776/1430 859/728/1430
f 946/817/1431 891/764/1431 890/763/1431
f 949/818/1432 894/766/1432 948/793/1432
f 950/819/1433 911/781/1433 895/767/1433
f 911/781/1434 912/782/1434 896/746/1434
f 951/820/1435 865/735/1435 912/782/1435
f 936/806/1436 952/821/1436 885/754/1436
f 952/821/1437 886/755/1437 885/754/1437
f 952/821/1438 928/794/1438 886/755/1438
f 22/807/1439 913/769/1439 847/713/1439
f 897/770/1440 954/795/1440 880/747/1440
f 954/795/1441 915/784/1441 867/738/1441
f 937/796/1442 956/822/1442 888/757/1442
f 899/758/1443 957/823/1443 929/797/1443
f 957/823/1444 917/786/1444 929/797/1444
f 957/823/1445 938/808/1445 917/786/1445
f 938/808/1446 939/809/1446 918/787/1446
f 958/811/1447 920/772/1447 901/771/1447
f 922/790/1448 960/824/1448 903/773/1448
f 941/812/1449 923/800/1449 873/743/1449
f 942/813/1450 961/825/1450 857/723/1450
f 961/825/1451 905/774/1451 857/723/1451
f 961/825/1452 943/814/1452 905/774/1452
f 944/815/1453 932/801/1453 875/744/1453
f 933/802/1454 993/826/1454 876/727/1454
f 993/826/1455 945/816/1455 876/727/1455
f 962/827/1456 926/792/1456 908/777/1456
f 889/778/1457 946/817/1457 890/763/1457
f 892/765/1458 947/828/1458 909/779/1458
f 950/819/1459 894/766/1459 949/818/1459
f 894/766/1460 950/819/1460 895/767/1460
f 951/820/1461 935/805/1461 865/735/1461
f 964/829/1462 952/821/1462 936/806/1462
f 965/830/1463 928/794/1463 952/821/1463
f 965/830/1464 23/831/1464 928/794/1464
f 914/783/1465 913/769/1465 22/807/1465
f 956/822/1466 966/832/1466 888/757/1466
f 938/808/1467 967/833/1467 939/809/1467
f 967/833/1468 940/810/1468 939/809/1468
f 940/810/1469 968/834/1469 919/788/1469
f 968/834/1470 901/771/1470 919/788/1470
f 968/834/1471 958/811/1471 901/771/1471
f 958/811/1472 959/835/1472 921/789/1472
f 921/789/1473 969/836/1473 930/798/1473
f 970/837/1474 922/790/1474 931/799/1474
f 970/837/1475 960/824/1475 922/790/1475
f 941/812/1476 979/838/1476 923/800/1476
f 943/814/1477 971/839/1477 906/762/1477
f 971/839/1478 944/815/1478 906/762/1478
f 972/840/1479 934/803/1479 925/776/1479
f 934/803/1480 973/841/1480 878/730/1480
f 963/842/1481 889/778/1481 926/792/1481
f 946/817/1482 892/765/1482 891/764/1482
f 910/780/1483 948/793/1483 927/804/1483
f 975/843/1484 935/805/1484 951/820/1484
f 935/805/1485 964/829/1485 936/806/1485
f 914/783/1486 953/844/1486 897/770/1486
f 955/845/1487 915/784/1487 954/795/1487
f 966/832/1488 898/748/1488 888/757/1488
f 976/846/1489 899/758/1489 868/749/1489
f 977/847/1490 967/833/1490 938/808/1490
f 959/835/1491 969/836/1491 921/789/1491
f 978/848/1492 931/799/1492 930/798/1492
f 960/824/1493 941/812/1493 903/773/1493
f 944/815/1494 980/849/1494 932/801/1494
f 972/840/1495 925/776/1495 945/816/1495
f 962/827/1496 963/842/1496 926/792/1496
f 981/850/1497 947/828/1497 892/765/1497
f 974/851/1498 910/780/1498 909/779/1498
f 982/852/1499 948/793/1499 910/780/1499
f 982/852/1500 949/818/1500 948/793/1500
f 951/820/1501 912/782/1501 911/781/1501
f 952/821/1502 983/853/1502 965/830/1502
f 984/854/1503 915/784/1503 955/845/1503
f 916/785/1504 976/846/1504 868/749/1504
f 957/823/1505 985/855/1505 938/808/1505
f 985/855/1506 977/847/1506 938/808/1506
f 967/833/1507 986/856/1507 940/810/1507
f 986/856/1508 968/834/1508 940/810/1508
f 987/857/1509 958/811/1509 968/834/1509
f 988/858/1510 959/835/1510 958/811/1510
f 969/836/1511 978/848/1511 930/798/1511
f 978/848/1512 970/837/1512 931/799/1512
f 970/837/1513 989/859/1513 960/824/1513
f 989/859/1514 941/812/1514 960/824/1514
f 989/859/1515 979/838/1515 941/812/1515
f 990/860/1516 924/791/1516 923/800/1516
f 990/860/1517 942/813/1517 924/791/1517
f 991/861/1518 943/814/1518 961/825/1518
f 980/849/1519 933/802/1519 932/801/1519
f 980/849/1520 993/826/1520 933/802/1520
f 993/826/1521 994/862/1521 945/816/1521
f 994/862/1522 972/840/1522 945/816/1522
f 995/863/1523 962/827/1523 908/777/1523
f 963/842/1524 996/864/1524 889/778/1524
f 946/817/1525 981/850/1525 892/765/1525
f 947/828/1526 974/851/1526 909/779/1526
f 974/851/1527 982/852/1527 910/780/1527
f 997/865/1528 998/866/1528 951/820/1528
f 998/866/1529 975/843/1529 951/820/1529
f 975/843/1530 964/829/1530 935/805/1530
f 983/853/1531 952/821/1531 964/829/1531
f 999/867/1532 23/831/1532 965/830/1532
f 999/867/1533 24/868/1533 23/831/1533
f 1013/869/1534 953/844/1534 914/783/1534
f 954/795/1535 897/770/1535 953/844/1535
f 1000/870/1536 955/845/1536 954/795/1536
f 977/847/1537 986/856/1537 967/833/1537
f 1002/871/1538 987/857/1538 968/834/1538
f 988/858/1539 969/836/1539 959/835/1539
f 1004/872/1540 979/838/1540 989/859/1540
f 1005/873/1541 923/800/1541 979/838/1541
f 1021/874/1542 990/860/1542 923/800/1542
f 1006/875/1543 942/813/1543 990/860/1543
f 992/876/1544 971/839/1544 943/814/1544
f 971/839/1545 1007/877/1545 944/815/1545
f 944/815/1546 1007/877/1546 980/849/1546
f 972/840/1547 1024/878/1547 934/803/1547
f 973/841/1548 908/777/1548 878/730/1548
f 995/863/1549 963/842/1549 962/827/1549
f 995/863/1550 1008/879/1550 963/842/1550
f 996/864/1551 946/817/1551 889/778/1551
f 947/828/1552 1009/880/1552 974/851/1552
f 1010/881/1553 911/781/1553 950/819/1553
f 1010/881/1554 951/820/1554 911/781/1554
f 975/843/1555 1011/882/1555 964/829/1555
f 1011/882/1556 1012/883/1556 964/829/1556
f 1012/883/1557 983/853/1557 964/829/1557
f 983/853/1558 999/867/1558 965/830/1558
f 1013/869/1559 914/783/1559 22/807/1559
f 1015/884/1560 954/795/1560 953/844/1560
f 984/854/1561 937/796/1561 915/784/1561
f 1016/885/1562 898/748/1562 966/832/1562
f 976/846/1563 957/823/1563 899/758/1563
f 957/823/1564 1017/886/1564 985/855/1564
f 986/856/1565 1002/871/1565 968/834/1565
f 1018/887/1566 958/811/1566 987/857/1566
f 1018/887/1567 988/858/1567 958/811/1567
f 1019/888/1568 970/837/1568 978/848/1568
f 1020/889/1569 989/859/1569 970/837/1569
f 1020/889/1570 1004/872/1570 989/859/1570
f 1005/873/1571 1021/874/1571 923/800/1571
f 1021/874/1572 1006/875/1572 990/860/1572
f 1006/875/1573 961/825/1573 942/813/1573
f 992/876/1574 943/814/1574 991/861/1574
f 980/849/1575 1030/890/1575 993/826/1575
f 1030/890/1576 994/862/1576 993/826/1576
f 1023/891/1577 972/840/1577 994/862/1577
f 1023/891/1578 1024/878/1578 972/840/1578
f 1024/878/1579 973/841/1579 934/803/1579
f 973/841/1580 995/863/1580 908/777/1580
f 1038/892/1581 1010/881/1581 950/819/1581
f 1010/881/1582 997/865/1582 951/820/1582
f 998/866/1583 1048/893/1583 975/843/1583
f 1048/893/1584 1011/882/1584 975/843/1584
f 999/867/1585 25/894/1585 24/868/1585
f 26/895/1586 1013/869/1586 22/807/1586
f 1013/869/1587 1014/896/1587 953/844/1587
f 1014/896/1588 1015/884/1588 953/844/1588
f 1015/884/1589 1000/870/1589 954/795/1589
f 1040/897/1590 1001/898/1590 937/796/1590
f 1025/899/1591 966/832/1591 956/822/1591
f 1026/900/1592 916/785/1592 898/748/1592
f 1027/901/1593 977/847/1593 985/855/1593
f 1002/871/1594 1018/887/1594 987/857/1594
f 1028/902/1595 988/858/1595 1018/887/1595
f 988/858/1596 1003/903/1596 969/836/1596
f 969/836/1597 1019/888/1597 978/848/1597
f 1004/872/1598 1029/904/1598 979/838/1598
f 1029/904/1599 1005/873/1599 979/838/1599
f 961/825/1600 1044/905/1600 991/861/1600
f 992/876/1601 1022/906/1601 971/839/1601
f 1022/906/1602 1007/877/1602 971/839/1602
f 1046/907/1603 980/849/1603 1007/877/1603
f 1031/908/1604 994/862/1604 1030/890/1604
f 973/841/1605 1032/909/1605 995/863/1605
f 1033/910/1606 996/864/1606 963/842/1606
f 1033/910/1607 1034/911/1607 996/864/1607
f 1035/912/1608 946/817/1608 996/864/1608
f 1036/913/1609 981/850/1609 946/817/1609
f 981/850/1610 1009/880/1610 947/828/1610
f 1063/914/1611 1037/915/1611 982/852/1611
f 1037/915/1612 949/818/1612 982/852/1612
f 1037/915/1613 1038/892/1613 949/818/1613
f 1038/892/1614 950/819/1614 949/818/1614
f 1039/916/1615 1012/883/1615 1011/882/1615
f 984/854/1616 1040/897/1616 937/796/1616
f 1001/898/1617 956/822/1617 937/796/1617
f 1025/899/1618 1016/885/1618 966/832/1618
f 1016/885/1619 1026/900/1619 898/748/1619
f 976/846/1620 1017/886/1620 957/823/1620
f 1017/886/1621 1027/901/1621 985/855/1621
f 1027/901/1622 1041/917/1622 977/847/1622
f 1041/917/1623 986/856/1623 977/847/1623
f 1003/903/1624 1019/888/1624 969/836/1624
f 1019/888/1625 1042/918/1625 970/837/1625
f 1042/918/1626 1020/889/1626 970/837/1626
f 1021/874/1627 1043/919/1627 1006/875/1627
f 1006/875/1628 1044/905/1628 961/825/1628
f 1046/907/1629 1030/890/1629 980/849/1629
f 1008/879/1630 1033/910/1630 963/842/1630
f 1034/911/1631 1035/912/1631 996/864/1631
f 1035/912/1632 1036/913/1632 946/817/1632
f 1038/892/1633 1047/920/1633 1010/881/1633
f 1049/921/1634 999/867/1634 983/853/1634
f 1049/921/1635 25/894/1635 999/867/1635
f 1050/922/1636 1014/896/1636 1013/869/1636
f 1051/923/1637 986/856/1637 1041/917/1637
f 1051/923/1638 1052/924/1638 986/856/1638
f 1052/924/1639 1002/871/1639 986/856/1639
f 1028/902/1640 1018/887/1640 1002/871/1640
f 1028/902/1641 1003/903/1641 988/858/1641
f 1053/925/1642 1019/888/1642 1003/903/1642
f 1042/918/1643 1054/926/1643 1020/889/1643
f 1055/927/1644 1004/872/1644 1020/889/1644
f 1055/927/1645 1029/904/1645 1004/872/1645
f 1029/904/1646 1056/928/1646 1005/873/1646
f 1057/929/1647 1021/874/1647 1005/873/1647
f 1044/905/1648 1045/930/1648 991/861/1648
f 1045/930/1649 992/876/1649 991/861/1649
f 1022/906/1650 1059/931/1650 1007/877/1650
f 1059/931/1651 1046/907/1651 1007/877/1651
f 1060/932/1652 973/841/1652 1024/878/1652
f 1034/911/1653 1061/933/1653 1035/912/1653
f 1061/933/1654 1036/913/1654 1035/912/1654
f 981/850/1655 1062/934/1655 1009/880/1655
f 1009/880/1656 1063/914/1656 974/851/1656
f 1063/914/1657 982/852/1657 974/851/1657
f 1064/935/1658 1037/915/1658 1063/914/1658
f 1047/920/1659 997/865/1659 1010/881/1659
f 1039/916/1660 983/853/1660 1012/883/1660
f 26/895/1661 1050/922/1661 1013/869/1661
f 1017/886/1662 1066/936/1662 1027/901/1662
f 1066/936/1663 1041/917/1663 1027/901/1663
f 1067/937/1664 1002/871/1664 1052/924/1664
f 1002/871/1665 1068/938/1665 1028/902/1665
f 1053/925/1666 1069/939/1666 1019/888/1666
f 1069/939/1667 1042/918/1667 1019/888/1667
f 1054/926/1668 1055/927/1668 1020/889/1668
f 1070/940/1669 1056/928/1669 1029/904/1669
f 1058/941/1670 1044/905/1670 1006/875/1670
f 1071/942/1671 1022/906/1671 992/876/1671
f 1071/942/1672 1059/931/1672 1022/906/1672
f 1059/931/1673 1072/943/1673 1046/907/1673
f 994/862/1674 1083/944/1674 1023/891/1674
f 1023/891/1675 1074/945/1675 1024/878/1675
f 1032/909/1676 1008/879/1676 995/863/1676
f 1062/934/1677 1075/946/1677 1009/880/1677
f 1037/915/1678 1086/947/1678 1038/892/1678
f 1086/947/1679 1047/920/1679 1038/892/1679
f 1076/948/1680 998/866/1680 997/865/1680
f 1076/948/1681 1048/893/1681 998/866/1681
f 1076/948/1682 1077/949/1682 1048/893/1682
f 1077/949/1683 1011/882/1683 1048/893/1683
f 1087/950/1684 983/853/1684 1039/916/1684
f 1065/951/1685 1014/896/1685 1050/922/1685
f 1065/951/1686 1015/884/1686 1014/896/1686
f 1078/952/1687 1000/870/1687 1015/884/1687
f 1000/870/1688 1079/953/1688 955/845/1688
f 1080/954/1689 1001/898/1689 1040/897/1689
f 1081/955/1690 1066/936/1690 1017/886/1690
f 1066/936/1691 1051/923/1691 1041/917/1691
f 1068/938/1692 1003/903/1692 1028/902/1692
f 1069/939/1693 1054/926/1693 1042/918/1693
f 1055/927/1694 1070/940/1694 1029/904/1694
f 1056/928/1695 1057/929/1695 1005/873/1695
f 1057/929/1696 1082/956/1696 1021/874/1696
f 1082/956/1697 1043/919/1697 1021/874/1697
f 1043/919/1698 1058/941/1698 1006/875/1698
f 1072/943/1699 1030/890/1699 1046/907/1699
f 1072/943/1700 1073/957/1700 1030/890/1700
f 1073/957/1701 1031/908/1701 1030/890/1701
f 1083/944/1702 994/862/1702 1031/908/1702
f 1083/944/1703 1074/945/1703 1023/891/1703
f 1074/945/1704 1060/932/1704 1024/878/1704
f 1060/932/1705 1084/958/1705 973/841/1705
f 1084/958/1706 1032/909/1706 973/841/1706
f 1036/913/1707 1085/959/1707 981/850/1707
f 1085/959/1708 1062/934/1708 981/850/1708
f 1075/946/1709 1063/914/1709 1009/880/1709
f 1064/935/1710 1121/960/1710 1037/915/1710
f 1121/960/1711 1086/947/1711 1037/915/1711
f 1011/882/1712 1087/950/1712 1039/916/1712
f 1087/950/1713 1088/961/1713 983/853/1713
f 1088/961/1714 1049/921/1714 983/853/1714
f 1049/921/1715 27/962/1715 25/894/1715
f 1065/951/1716 1078/952/1716 1015/884/1716
f 1078/952/1717 1079/953/1717 1000/870/1717
f 1090/963/1718 984/854/1718 955/845/1718
f 1091/964/1719 1080/954/1719 1040/897/1719
f 1092/965/1720 956/822/1720 1001/898/1720
f 1026/900/1721 1093/966/1721 916/785/1721
f 1093/966/1722 1094/967/1722 916/785/1722
f 1094/967/1723 976/846/1723 916/785/1723
f 976/846/1724 1081/955/1724 1017/886/1724
f 1051/923/1725 1067/937/1725 1052/924/1725
f 1068/938/1726 1095/968/1726 1003/903/1726
f 1096/969/1727 1053/925/1727 1003/903/1727
f 1096/969/1728 1097/970/1728 1053/925/1728
f 1097/970/1729 1069/939/1729 1053/925/1729
f 1098/971/1730 1054/926/1730 1069/939/1730
f 1099/972/1731 1100/973/1731 1054/926/1731
f 1100/973/1732 1055/927/1732 1054/926/1732
f 1056/928/1733 1115/974/1733 1057/929/1733
f 1115/974/1734 1101/975/1734 1057/929/1734
f 1101/975/1735 1082/956/1735 1057/929/1735
f 1102/976/1736 1103/977/1736 1044/905/1736
f 1103/977/1737 1045/930/1737 1044/905/1737
f 1103/977/1738 992/876/1738 1045/930/1738
f 1103/977/1739 1071/942/1739 992/876/1739
f 1103/977/1740 1104/978/1740 1071/942/1740
f 1105/979/1741 1059/931/1741 1071/942/1741
f 1105/979/1742 1072/943/1742 1059/931/1742
f 1033/910/1743 1107/980/1743 1034/911/1743
f 1107/980/1744 1061/933/1744 1034/911/1744
f 1108/981/1745 1036/913/1745 1061/933/1745
f 1064/935/1746 1063/914/1746 1075/946/1746
f 1109/982/1747 997/865/1747 1047/920/1747
f 1110/983/1748 1076/948/1748 997/865/1748
f 1077/949/1749 1087/950/1749 1011/882/1749
f 26/895/1750 28/984/1750 1050/922/1750
f 28/984/1751 1089/985/1751 1050/922/1751
f 1050/922/1752 1089/985/1752 1065/951/1752
f 1111/986/1753 1078/952/1753 1065/951/1753
f 1079/953/1754 1090/963/1754 955/845/1754
f 1090/963/1755 1040/897/1755 984/854/1755
f 1080/954/1756 1092/965/1756 1001/898/1756
f 1092/965/1757 1025/899/1757 956/822/1757
f 1066/936/1758 1112/987/1758 1051/923/1758
f 1112/987/1759 1067/937/1759 1051/923/1759
f 1112/987/1760 1113/988/1760 1067/937/1760
f 1113/988/1761 1002/871/1761 1067/937/1761
f 1113/988/1762 1068/938/1762 1002/871/1762
f 1095/968/1763 1096/969/1763 1003/903/1763
f 1097/970/1764 1098/971/1764 1069/939/1764
f 1098/971/1765 1099/972/1765 1054/926/1765
f 1100/973/1766 1070/940/1766 1055/927/1766
f 1070/940/1767 1115/974/1767 1056/928/1767
f 1101/975/1768 1116/989/1768 1082/956/1768
f 1116/989/1769 1043/919/1769 1082/956/1769
f 1117/990/1770 1044/905/1770 1058/941/1770
f 1104/978/1771 1105/979/1771 1071/942/1771
f 1072/943/1772 1106/991/1772 1073/957/1772
f 1032/909/1773 1119/992/1773 1008/879/1773
f 1119/992/1774 1033/910/1774 1008/879/1774
f 1120/993/1775 1064/935/1775 1075/946/1775
f 1109/982/1776 1110/983/1776 997/865/1776
f 1088/961/1777 27/962/1777 1049/921/1777
f 1025/899/1778 1026/900/1778 1016/885/1778
f 1123/994/1779 1112/987/1779 1066/936/1779
f 1124/995/1780 1068/938/1780 1113/988/1780
f 1096/969/1781 1125/996/1781 1097/970/1781
f 1125/996/1782 1098/971/1782 1097/970/1782
f 1153/997/1783 1070/940/1783 1100/973/1783
f 1043/919/1784 1117/990/1784 1058/941/1784
f 1117/990/1785 1102/976/1785 1044/905/1785
f 1118/998/1786 1072/943/1786 1105/979/1786
f 1118/998/1787 1106/991/1787 1072/943/1787
f 1126/999/1788 1074/945/1788 1083/944/1788
f 1060/932/1789 1127/1000/1789 1084/958/1789
f 1127/1000/1790 1032/909/1790 1084/958/1790
f 1119/992/1791 1107/980/1791 1033/910/1791
f 1107/980/1792 1108/981/1792 1061/933/1792
f 1108/981/1793 1128/1001/1793 1036/913/1793
f 1128/1001/1794 1085/959/1794 1036/913/1794
f 1062/934/1795 1085/959/1795 1075/946/1795
f 1085/959/1796 1120/993/1796 1075/946/1796
f 1086/947/1797 1122/1002/1797 1047/920/1797
f 1122/1002/1798 1109/982/1798 1047/920/1798
f 1129/1003/1799 1076/948/1799 1110/983/1799
f 1145/1004/1800 1077/949/1800 1076/948/1800
f 1077/949/1801 1130/1005/1801 1087/950/1801
f 1146/1006/1802 1131/1007/1802 1087/950/1802
f 1131/1007/1803 1088/961/1803 1087/950/1803
f 1088/961/1804 1132/1008/1804 27/962/1804
f 1132/1008/1805 29/1009/1805 27/962/1805
f 1133/1010/1806 1089/985/1806 28/984/1806
f 1094/967/1807 1081/955/1807 976/846/1807
f 1136/1011/1808 1066/936/1808 1081/955/1808
f 1136/1011/1809 1123/994/1809 1066/936/1809
f 1124/995/1810 1114/1012/1810 1068/938/1810
f 1114/1012/1811 1095/968/1811 1068/938/1811
f 1137/1013/1812 1096/969/1812 1095/968/1812
f 1125/996/1813 1138/1014/1813 1098/971/1813
f 1138/1014/1814 1139/1015/1814 1098/971/1814
f 1139/1015/1815 1099/972/1815 1098/971/1815
f 1099/972/1816 1153/997/1816 1100/973/1816
f 1153/997/1817 1115/974/1817 1070/940/1817
f 1140/1016/1818 1116/989/1818 1101/975/1818
f 1116/989/1819 1141/1017/1819 1043/919/1819
f 1141/1017/1820 1117/990/1820 1043/919/1820
f 1142/1018/1821 1105/979/1821 1104/978/1821
f 1143/1019/1822 1083/944/1822 1031/908/1822
f 1126/999/1823 1060/932/1823 1074/945/1823
f 1144/1020/1824 1127/1000/1824 1060/932/1824
f 1127/1000/1825 1119/992/1825 1032/909/1825
f 1145/1004/1826 1130/1005/1826 1077/949/1826
f 1130/1005/1827 1146/1006/1827 1087/950/1827
f 1131/1007/1828 1132/1008/1828 1088/961/1828
f 1079/953/1829 1078/952/1829 1111/986/1829
f 1134/1021/1830 1090/963/1830 1079/953/1830
f 1090/963/1831 1091/964/1831 1040/897/1831
f 1090/963/1832 1147/1022/1832 1091/964/1832
f 1092/965/1833 1135/1023/1833 1025/899/1833
f 1135/1023/1834 1026/900/1834 1025/899/1834
f 1148/1024/1835 1112/987/1835 1123/994/1835
f 1112/987/1836 1149/1025/1836 1113/988/1836
f 1124/995/1837 1150/1026/1837 1114/1012/1837
f 1151/1027/1838 1095/968/1838 1114/1012/1838
f 1152/1028/1839 1125/996/1839 1096/969/1839
f 1139/1015/1840 1153/997/1840 1099/972/1840
f 1165/1029/1841 1154/1030/1841 1115/974/1841
f 1154/1030/1842 1140/1016/1842 1115/974/1842
f 1140/1016/1843 1101/975/1843 1115/974/1843
f 1141/1017/1844 1155/1031/1844 1117/990/1844
f 1155/1031/1845 1102/976/1845 1117/990/1845
f 1102/976/1846 1104/978/1846 1103/977/1846
f 1142/1018/1847 1118/998/1847 1105/979/1847
f 1118/998/1848 1156/1032/1848 1106/991/1848
f 1157/1033/1849 1073/957/1849 1106/991/1849
f 1158/1034/1850 1031/908/1850 1073/957/1850
f 1143/1019/1851 1126/999/1851 1083/944/1851
f 1126/999/1852 1144/1020/1852 1060/932/1852
f 1119/992/1853 1159/1035/1853 1107/980/1853
f 1159/1035/1854 1108/981/1854 1107/980/1854
f 1120/993/1855 1160/1036/1855 1064/935/1855
f 1109/982/1856 1129/1003/1856 1110/983/1856
f 1129/1003/1857 1145/1004/1857 1076/948/1857
f 30/1037/1858 1133/1010/1858 28/984/1858
f 1111/986/1859 1065/951/1859 1089/985/1859
f 1162/1038/1860 1080/954/1860 1091/964/1860
f 1136/1011/1861 1148/1024/1861 1123/994/1861
f 1151/1027/1862 1137/1013/1862 1095/968/1862
f 1152/1028/1863 1138/1014/1863 1125/996/1863
f 1164/1039/1864 1165/1029/1864 1153/997/1864
f 1165/1029/1865 1115/974/1865 1153/997/1865
f 1140/1016/1866 1141/1017/1866 1116/989/1866
f 1166/1040/1867 1155/1031/1867 1141/1017/1867
f 1178/1041/1868 1104/978/1868 1102/976/1868
f 1156/1032/1869 1157/1033/1869 1106/991/1869
f 1179/1042/1870 1144/1020/1870 1126/999/1870
f 1167/1043/1871 1119/992/1871 1127/1000/1871
f 1168/1044/1872 1128/1001/1872 1108/981/1872
f 1169/1045/1873 1120/993/1873 1085/959/1873
f 1160/1036/1874 1121/960/1874 1064/935/1874
f 1170/1046/1875 1122/1002/1875 1086/947/1875
f 1122/1002/1876 1171/1047/1876 1109/982/1876
f 1131/1007/1877 1173/1048/1877 1132/1008/1877
f 1133/1010/1878 1174/1049/1878 1089/985/1878
f 1174/1049/1879 1111/986/1879 1089/985/1879
f 1111/986/1880 1134/1021/1880 1079/953/1880
f 1134/1021/1881 1161/1050/1881 1090/963/1881
f 1199/1051/1882 1147/1022/1882 1090/963/1882
f 1147/1022/1883 1162/1038/1883 1091/964/1883
f 1175/1052/1884 1135/1023/1884 1092/965/1884
f 1177/1053/1885 1094/967/1885 1093/966/1885
f 1124/995/1886 1113/988/1886 1149/1025/1886
f 1150/1026/1887 1151/1027/1887 1114/1012/1887
f 1137/1013/1888 1152/1028/1888 1096/969/1888
f 1139/1015/1889 1164/1039/1889 1153/997/1889
f 1166/1040/1890 1178/1041/1890 1155/1031/1890
f 1178/1041/1891 1102/976/1891 1155/1031/1891
f 1157/1033/1892 1158/1034/1892 1073/957/1892
f 1158/1034/1893 1143/1019/1893 1031/908/1893
f 1179/1042/1894 1180/1054/1894 1144/1020/1894
f 1159/1035/1895 1181/1055/1895 1108/981/1895
f 1181/1055/1896 1168/1044/1896 1108/981/1896
f 1128/1001/1897 1196/1056/1897 1085/959/1897
f 1170/1046/1898 1171/1047/1898 1122/1002/1898
f 1171/1047/1899 1129/1003/1899 1109/982/1899
f 1172/1057/1900 1130/1005/1900 1145/1004/1900
f 1146/1006/1901 1184/1058/1901 1131/1007/1901
f 1173/1048/1902 31/1059/1902 1132/1008/1902
f 31/1059/1903 29/1009/1903 1132/1008/1903
f 1161/1050/1904 1199/1051/1904 1090/963/1904
f 1185/1060/1905 1162/1038/1905 1147/1022/1905
f 1186/1061/1906 1092/965/1906 1080/954/1906
f 1186/1061/1907 1175/1052/1907 1092/965/1907
f 1135/1023/1908 1176/1062/1908 1026/900/1908
f 1081/955/1909 1094/967/1909 1163/1063/1909
f 1163/1063/1910 1187/1064/1910 1081/955/1910
f 1187/1064/1911 1136/1011/1911 1081/955/1911
f 1148/1024/1912 1188/1065/1912 1112/987/1912
f 1188/1065/1913 1149/1025/1913 1112/987/1913
f 1188/1065/1914 1189/1066/1914 1149/1025/1914
f 1189/1066/1915 1124/995/1915 1149/1025/1915
f 1190/1067/1916 1151/1027/1916 1150/1026/1916
f 1191/1068/1917 1138/1014/1917 1152/1028/1917
f 1192/1069/1918 1164/1039/1918 1139/1015/1918
f 1193/1070/1919 1141/1017/1919 1140/1016/1919
f 1193/1070/1920 1166/1040/1920 1141/1017/1920
f 1194/1071/1921 1104/978/1921 1178/1041/1921
f 1194/1071/1922 1142/1018/1922 1104/978/1922
f 1195/1072/1923 1126/999/1923 1143/1019/1923
f 1195/1072/1924 1179/1042/1924 1126/999/1924
f 1169/1045/1925 1160/1036/1925 1120/993/1925
f 1160/1036/1926 1182/1073/1926 1121/960/1926
f 1182/1073/1927 1086/947/1927 1121/960/1927
f 1183/1074/1928 1145/1004/1928 1129/1003/1928
f 1130/1005/1929 1197/1075/1929 1146/1006/1929
f 1184/1058/1930 1173/1048/1930 1131/1007/1930
f 1162/1038/1931 1186/1061/1931 1080/954/1931
f 1176/1062/1932 1093/966/1932 1026/900/1932
f 1176/1062/1933 1177/1053/1933 1093/966/1933
f 1187/1064/1934 1148/1024/1934 1136/1011/1934
f 1189/1066/1935 1200/1076/1935 1124/995/1935
f 1200/1076/1936 1150/1026/1936 1124/995/1936
f 1200/1076/1937 1190/1067/1937 1150/1026/1937
f 1201/1077/1938 1137/1013/1938 1151/1027/1938
f 1137/1013/1939 1191/1068/1939 1152/1028/1939
f 1191/1068/1940 1192/1069/1940 1138/1014/1940
f 1192/1069/1941 1139/1015/1941 1138/1014/1941
f 1202/1078/1942 1140/1016/1942 1154/1030/1942
f 1202/1078/1943 1203/1079/1943 1140/1016/1943
f 1204/1080/1944 1193/1070/1944 1140/1016/1944
f 1193/1070/1945 1205/1081/1945 1166/1040/1945
f 1206/1082/1946 1118/998/1946 1142/1018/1946
f 1206/1082/1947 1156/1032/1947 1118/998/1947
f 1167/1043/1948 1207/1083/1948 1119/992/1948
f 1207/1083/1949 1159/1035/1949 1119/992/1949
f 1181/1055/1950 1128/1001/1950 1168/1044/1950
f 1196/1056/1951 1169/1045/1951 1085/959/1951
f 1182/1073/1952 1170/1046/1952 1086/947/1952
f 1183/1074/1953 1172/1057/1953 1145/1004/1953
f 1224/1084/1954 1197/1075/1954 1130/1005/1954
f 1197/1075/1955 1184/1058/1955 1146/1006/1955
f 30/1037/1956 1208/1085/1956 1133/1010/1956
f 1174/1049/1957 1198/1086/1957 1111/986/1957
f 1111/986/1958 1209/1087/1958 1134/1021/1958
f 1134/1021/1959 1199/1051/1959 1161/1050/1959
f 1185/1060/1960 1147/1022/1960 1199/1051/1960
f 1175/1052/1961 1176/1062/1961 1135/1023/1961
f 1210/1088/1962 1094/967/1962 1177/1053/1962
f 1190/1067/1963 1201/1077/1963 1151/1027/1963
f 1201/1077/1964 1211/1089/1964 1137/1013/1964
f 1211/1089/1965 1191/1068/1965 1137/1013/1965
f 1212/1090/1966 1192/1069/1966 1191/1068/1966
f 1213/1091/1967 1164/1039/1967 1192/1069/1967
f 1213/1091/1968 1165/1029/1968 1164/1039/1968
f 1213/1091/1969 1214/1092/1969 1165/1029/1969
f 1214/1092/1970 1215/1093/1970 1165/1029/1970
f 1215/1093/1971 1154/1030/1971 1165/1029/1971
f 1203/1079/1972 1204/1080/1972 1140/1016/1972
f 1205/1081/1973 1216/1094/1973 1166/1040/1973
f 1178/1041/1974 1251/1095/1974 1194/1071/1974
f 1217/1096/1975 1157/1033/1975 1156/1032/1975
f 1218/1097/1976 1179/1042/1976 1195/1072/1976
f 1219/1098/1977 1127/1000/1977 1144/1020/1977
f 1220/1099/1978 1181/1055/1978 1159/1035/1978
f 1220/1099/1979 1221/1100/1979 1181/1055/1979
f 1181/1055/1980 1222/1101/1980 1128/1001/1980
f 1222/1101/1981 1196/1056/1981 1128/1001/1981
f 1182/1073/1982 1160/1036/1982 1169/1045/1982
f 1171/1047/1983 1183/1074/1983 1129/1003/1983
f 1223/1102/1984 1172/1057/1984 1183/1074/1984
f 1224/1084/1985 1130/1005/1985 1172/1057/1985
f 1173/1048/1986 32/1103/1986 31/1059/1986
f 33/1104/1987 1208/1085/1987 30/1037/1987
f 1198/1086/1988 1209/1087/1988 1111/986/1988
f 1185/1060/1989 1236/1105/1989 1162/1038/1989
f 1236/1105/1990 1186/1061/1990 1162/1038/1990
f 1225/1106/1991 1176/1062/1991 1175/1052/1991
f 1226/1107/1992 1177/1053/1992 1176/1062/1992
f 1227/1108/1993 1187/1064/1993 1163/1063/1993
f 1187/1064/1994 1188/1065/1994 1148/1024/1994
f 1212/1090/1995 1213/1091/1995 1192/1069/1995
f 1228/1109/1996 1154/1030/1996 1215/1093/1996
f 1228/1109/1997 1202/1078/1997 1154/1030/1997
f 1216/1094/1998 1178/1041/1998 1166/1040/1998
f 1251/1095/1999 1142/1018/1999 1194/1071/1999
f 1251/1095/2000 1206/1082/2000 1142/1018/2000
f 1229/1110/2001 1217/1096/2001 1156/1032/2001
f 1217/1096/2002 1158/1034/2002 1157/1033/2002
f 1230/1111/2003 1143/1019/2003 1158/1034/2003
f 1180/1054/2004 1219/1098/2004 1144/1020/2004
f 1167/1043/2005 1127/1000/2005 1219/1098/2005
f 1220/1099/2006 1159/1035/2006 1207/1083/2006
f 1221/1100/2007 1222/1101/2007 1181/1055/2007
f 1231/1112/2008 1169/1045/2008 1196/1056/2008
f 1232/1113/2009 1170/1046/2009 1182/1073/2009
f 1233/1114/2010 1183/1074/2010 1171/1047/2010
f 1223/1102/2011 1224/1084/2011 1172/1057/2011
f 1234/1115/2012 1197/1075/2012 1224/1084/2012
f 1184/1058/2013 1235/1116/2013 1173/1048/2013
f 1208/1085/2014 1174/1049/2014 1133/1010/2014
f 1237/1117/2015 1175/1052/2015 1186/1061/2015
f 1227/1108/2016 1163/1063/2016 1094/967/2016
f 1200/1076/2017 1201/1077/2017 1190/1067/2017
f 1240/1118/2018 1191/1068/2018 1211/1089/2018
f 1241/1119/2019 1212/1090/2019 1191/1068/2019
f 1242/1120/2020 1214/1092/2020 1213/1091/2020
f 1242/1120/2021 1243/1121/2021 1214/1092/2021
f 1243/1121/2022 1215/1093/2022 1214/1092/2022
f 1204/1080/2023 1205/1081/2023 1193/1070/2023
f 1229/1110/2024 1156/1032/2024 1206/1082/2024
f 1230/1111/2025 1195/1072/2025 1143/1019/2025
f 1218/1097/2026 1244/1122/2026 1179/1042/2026
f 1231/1112/2027 1196/1056/2027 1222/1101/2027
f 1231/1112/2028 1245/1123/2028 1169/1045/2028
f 1246/1124/2029 1232/1113/2029 1182/1073/2029
f 1233/1114/2030 1171/1047/2030 1170/1046/2030
f 1234/1115/2031 1247/1125/2031 1197/1075/2031
f 1247/1125/2032 1184/1058/2032 1197/1075/2032
f 1235/1116/2033 32/1103/2033 1173/1048/2033
f 1208/1085/2034 1198/1086/2034 1174/1049/2034
f 1199/1051/2035 1134/1021/2035 1209/1087/2035
f 1226/1107/2036 1210/1088/2036 1177/1053/2036
f 1210/1088/2037 1238/1126/2037 1094/967/2037
f 1238/1126/2038 1227/1108/2038 1094/967/2038
f 1239/1127/2039 1187/1064/2039 1227/1108/2039
f 1240/1118/2040 1241/1119/2040 1191/1068/2040
f 1248/1128/2041 1212/1090/2041 1241/1119/2041
f 1248/1128/2042 1213/1091/2042 1212/1090/2042
f 1243/1121/2043 1228/1109/2043 1215/1093/2043
f 1249/1129/2044 1202/1078/2044 1228/1109/2044
f 1249/1129/2045 1203/1079/2045 1202/1078/2045
f 1203/1079/2046 1205/1081/2046 1204/1080/2046
f 1216/1094/2047 1250/1130/2047 1178/1041/2047
f 1250/1130/2048 1251/1095/2048 1178/1041/2048
f 1252/1131/2049 1217/1096/2049 1229/1110/2049
f 1230/1111/2050 1218/1097/2050 1195/1072/2050
f 1167/1043/2051 1253/1132/2051 1207/1083/2051
f 1254/1133/2052 1222/1101/2052 1221/1100/2052
f 1255/1134/2053 1231/1112/2053 1222/1101/2053
f 1268/1135/2054 1182/1073/2054 1169/1045/2054
f 1268/1135/2055 1256/1136/2055 1182/1073/2055
f 1232/1113/2056 1233/1114/2056 1170/1046/2056
f 1270/1137/2057 1223/1102/2057 1183/1074/2057
f 1257/1138/2058 1234/1115/2058 1224/1084/2058
f 1235/1116/2059 1258/1139/2059 32/1103/2059
f 1258/1139/2060 1259/1140/2060 32/1103/2060
f 1259/1140/2061 34/1141/2061 32/1103/2061
f 1260/1142/2062 1185/1060/2062 1199/1051/2062
f 1260/1142/2063 1236/1105/2063 1185/1060/2063
f 1236/1105/2064 1261/1143/2064 1186/1061/2064
f 1261/1143/2065 1237/1117/2065 1186/1061/2065
f 1237/1117/2066 1225/1106/2066 1175/1052/2066
f 1262/1144/2067 1226/1107/2067 1176/1062/2067
f 1239/1127/2068 1188/1065/2068 1187/1064/2068
f 1189/1066/2069 1263/1145/2069 1200/1076/2069
f 1263/1145/2070 1201/1077/2070 1200/1076/2070
f 1264/1146/2071 1248/1128/2071 1241/1119/2071
f 1265/1147/2072 1243/1121/2072 1242/1120/2072
f 1266/1148/2073 1249/1129/2073 1228/1109/2073
f 1252/1131/2074 1158/1034/2074 1217/1096/2074
f 1252/1131/2075 1230/1111/2075 1158/1034/2075
f 1244/1122/2076 1180/1054/2076 1179/1042/2076
f 1220/1099/2077 1254/1133/2077 1221/1100/2077
f 1245/1123/2078 1268/1135/2078 1169/1045/2078
f 1269/1149/2079 1183/1074/2079 1233/1114/2079
f 1270/1137/2080 1224/1084/2080 1223/1102/2080
f 1270/1137/2081 1257/1138/2081 1224/1084/2081
f 1257/1138/2082 1247/1125/2082 1234/1115/2082
f 1247/1125/2083 1271/1150/2083 1184/1058/2083
f 1271/1150/2084 1235/1116/2084 1184/1058/2084
f 1209/1087/2085 1283/1151/2085 1199/1051/2085
f 1199/1051/2086 1284/1152/2086 1260/1142/2086
f 1225/1106/2087 1262/1144/2087 1176/1062/2087
f 1287/1153/2088 1188/1065/2088 1239/1127/2088
f 1240/1118/2089 1264/1146/2089 1241/1119/2089
f 1275/1154/2090 1248/1128/2090 1264/1146/2090
f 1275/1154/2091 1213/1091/2091 1248/1128/2091
f 1275/1154/2092 1242/1120/2092 1213/1091/2092
f 1275/1154/2093 1265/1147/2093 1242/1120/2093
f 1265/1147/2094 1276/1155/2094 1243/1121/2094
f 1243/1121/2095 1266/1148/2095 1228/1109/2095
f 1311/1156/2096 1250/1130/2096 1216/1094/2096
f 1277/1157/2097 1229/1110/2097 1206/1082/2097
f 1218/1097/2098 1278/1158/2098 1244/1122/2098
f 1180/1054/2099 1267/1159/2099 1219/1098/2099
f 1267/1159/2100 1167/1043/2100 1219/1098/2100
f 1267/1159/2101 1253/1132/2101 1167/1043/2101
f 1253/1132/2102 1220/1099/2102 1207/1083/2102
f 1255/1134/2103 1279/1160/2103 1231/1112/2103
f 1256/1136/2104 1246/1124/2104 1182/1073/2104
f 1280/1161/2105 1233/1114/2105 1232/1113/2105
f 1269/1149/2106 1270/1137/2106 1183/1074/2106
f 1271/1150/2107 1258/1139/2107 1235/1116/2107
f 33/1104/2108 1282/1162/2108 1208/1085/2108
f 1260/1142/2109 1285/1163/2109 1236/1105/2109
f 1272/1164/2110 1261/1143/2110 1236/1105/2110
f 1286/1165/2111 1225/1106/2111 1237/1117/2111
f 1262/1144/2112 1273/1166/2112 1226/1107/2112
f 1273/1166/2113 1210/1088/2113 1226/1107/2113
f 1188/1065/2114 1287/1153/2114 1189/1066/2114
f 1287/1153/2115 1263/1145/2115 1189/1066/2115
f 1201/1077/2116 1288/1167/2116 1211/1089/2116
f 1211/1089/2117 1274/1168/2117 1240/1118/2117
f 1274/1168/2118 1264/1146/2118 1240/1118/2118
f 1289/1169/2119 1265/1147/2119 1275/1154/2119
f 1276/1155/2120 1266/1148/2120 1243/1121/2120
f 1266/1148/2121 1290/1170/2121 1249/1129/2121
f 1290/1170/2122 1203/1079/2122 1249/1129/2122
f 1290/1170/2123 1291/1171/2123 1203/1079/2123
f 1291/1171/2124 1205/1081/2124 1203/1079/2124
f 1291/1171/2125 1216/1094/2125 1205/1081/2125
f 1311/1156/2126 1292/1172/2126 1250/1130/2126
f 1293/1173/2127 1206/1082/2127 1251/1095/2127
f 1326/1174/2128 1277/1157/2128 1206/1082/2128
f 1277/1157/2129 1294/1175/2129 1229/1110/2129
f 1229/1110/2130 1301/1176/2130 1252/1131/2130
f 1254/1133/2131 1255/1134/2131 1222/1101/2131
f 1279/1160/2132 1245/1123/2132 1231/1112/2132
f 1295/1177/2133 1268/1135/2133 1245/1123/2133
f 1305/1178/2134 1280/1161/2134 1232/1113/2134
f 1280/1161/2135 1281/1179/2135 1233/1114/2135
f 1281/1179/2136 1269/1149/2136 1233/1114/2136
f 1296/1180/2137 1271/1150/2137 1247/1125/2137
f 35/1181/2138 34/1141/2138 1259/1140/2138
f 1198/1086/2139 1297/1182/2139 1209/1087/2139
f 1297/1182/2140 1283/1151/2140 1209/1087/2140
f 1283/1151/2141 1284/1152/2141 1199/1051/2141
f 1285/1163/2142 1272/1164/2142 1236/1105/2142
f 1298/1183/2143 1238/1126/2143 1210/1088/2143
f 1288/1167/2144 1201/1077/2144 1263/1145/2144
f 1288/1167/2145 1274/1168/2145 1211/1089/2145
f 1299/1184/2146 1264/1146/2146 1274/1168/2146
f 1300/1185/2147 1275/1154/2147 1264/1146/2147
f 1300/1185/2148 1289/1169/2148 1275/1154/2148
f 1291/1171/2149 1311/1156/2149 1216/1094/2149
f 1292/1172/2150 1251/1095/2150 1250/1130/2150
f 1292/1172/2151 1293/1173/2151 1251/1095/2151
f 1326/1174/2152 1294/1175/2152 1277/1157/2152
f 1294/1175/2153 1301/1176/2153 1229/1110/2153
f 1301/1176/2154 1230/1111/2154 1252/1131/2154
f 1303/1186/2155 1278/1158/2155 1218/1097/2155
f 1304/1187/2156 1305/1178/2156 1246/1124/2156
f 1305/1178/2157 1232/1113/2157 1246/1124/2157
f 1317/1188/2158 1270/1137/2158 1269/1149/2158
f 1270/1137/2159 1247/1125/2159 1257/1138/2159
f 1270/1137/2160 1318/1189/2160 1247/1125/2160
f 1318/1189/2161 1296/1180/2161 1247/1125/2161
f 1296/1180/2162 1258/1139/2162 1271/1150/2162
f 1259/1140/2163 36/1190/2163 35/1181/2163
f 1306/1191/2164 1198/1086/2164 1208/1085/2164
f 1307/1192/2165 1225/1106/2165 1286/1165/2165
f 1225/1106/2166 1307/1192/2166 1262/1144/2166
f 1238/1126/2167 1239/1127/2167 1227/1108/2167
f 1299/1184/2168 1300/1185/2168 1264/1146/2168
f 1308/1193/2169 1265/1147/2169 1289/1169/2169
f 1308/1193/2170 1276/1155/2170 1265/1147/2170
f 1308/1193/2171 1266/1148/2171 1276/1155/2171
f 1308/1193/2172 1309/1194/2172 1266/1148/2172
f 1326/1174/2173 1206/1082/2173 1293/1173/2173
f 1302/1195/2174 1312/1196/2174 1230/1111/2174
f 1230/1111/2175 1303/1186/2175 1218/1097/2175
f 1278/1158/2176 1313/1197/2176 1244/1122/2176
f 1244/1122/2177 1314/1198/2177 1180/1054/2177
f 1314/1198/2178 1267/1159/2178 1180/1054/2178
f 1253/1132/2179 1315/1199/2179 1220/1099/2179
f 1220/1099/2180 1329/1200/2180 1254/1133/2180
f 1254/1133/2181 1330/1201/2181 1255/1134/2181
f 1279/1160/2182 1295/1177/2182 1245/1123/2182
f 1316/1202/2183 1246/1124/2183 1256/1136/2183
f 1316/1202/2184 1304/1187/2184 1246/1124/2184
f 1305/1178/2185 1332/1203/2185 1280/1161/2185
f 1332/1203/2186 1281/1179/2186 1280/1161/2186
f 1285/1163/2187 1260/1142/2187 1284/1152/2187
f 1272/1164/2188 1319/1204/2188 1261/1143/2188
f 1298/1183/2189 1210/1088/2189 1273/1166/2189
f 1320/1205/2190 1238/1126/2190 1298/1183/2190
f 1263/1145/2191 1321/1206/2191 1288/1167/2191
f 1323/1207/2192 1308/1193/2192 1289/1169/2192
f 1309/1194/2193 1310/1208/2193 1266/1148/2193
f 1310/1208/2194 1290/1170/2194 1266/1148/2194
f 1310/1208/2195 1324/1209/2195 1290/1170/2195
f 1324/1209/2196 1291/1171/2196 1290/1170/2196
f 1291/1171/2197 1325/1210/2197 1311/1156/2197
f 1312/1196/2198 1303/1186/2198 1230/1111/2198
f 1313/1197/2199 1278/1158/2199 1303/1186/2199
f 1313/1197/2200 1314/1198/2200 1244/1122/2200
f 1327/1211/2201 1253/1132/2201 1267/1159/2201
f 1328/1212/2202 1315/1199/2202 1253/1132/2202
f 1315/1199/2203 1329/1200/2203 1220/1099/2203
f 1329/1200/2204 1330/1201/2204 1254/1133/2204
f 1330/1201/2205 1279/1160/2205 1255/1134/2205
f 1295/1177/2206 1331/1213/2206 1268/1135/2206
f 1331/1213/2207 1256/1136/2207 1268/1135/2207
f 1304/1187/2208 1332/1203/2208 1305/1178/2208
f 1332/1203/2209 1333/1214/2209 1281/1179/2209
f 1333/1214/2210 1269/1149/2210 1281/1179/2210
f 1317/1188/2211 1318/1189/2211 1270/1137/2211
f 1334/1215/2212 1296/1180/2212 1318/1189/2212
f 1335/1216/2213 1258/1139/2213 1296/1180/2213
f 37/1217/2214 1282/1162/2214 33/1104/2214
f 1306/1191/2215 1208/1085/2215 1282/1162/2215
f 1306/1191/2216 1297/1182/2216 1198/1086/2216
f 1283/1151/2217 1285/1163/2217 1284/1152/2217
f 1261/1143/2218 1286/1165/2218 1237/1117/2218
f 1273/1166/2219 1320/1205/2219 1298/1183/2219
f 1337/1218/2220 1239/1127/2220 1238/1126/2220
f 1361/1219/2221 1321/1206/2221 1263/1145/2221
f 1288/1167/2222 1338/1220/2222 1274/1168/2222
f 1322/1221/2223 1323/1207/2223 1300/1185/2223
f 1323/1207/2224 1289/1169/2224 1300/1185/2224
f 1323/1207/2225 1339/1222/2225 1308/1193/2225
f 1340/1223/2226 1310/1208/2226 1309/1194/2226
f 1301/1176/2227 1302/1195/2227 1230/1111/2227
f 1314/1198/2228 1327/1211/2228 1267/1159/2228
f 1341/1224/2229 1295/1177/2229 1279/1160/2229
f 1341/1224/2230 1331/1213/2230 1295/1177/2230
f 1331/1213/2231 1342/1225/2231 1256/1136/2231
f 1342/1225/2232 1316/1202/2232 1256/1136/2232
f 1316/1202/2233 1343/1226/2233 1304/1187/2233
f 1343/1226/2234 1332/1203/2234 1304/1187/2234
f 1333/1214/2235 1317/1188/2235 1269/1149/2235
f 1335/1216/2236 1336/1227/2236 1258/1139/2236
f 1336/1227/2237 1345/1228/2237 1258/1139/2237
f 1345/1228/2238 1259/1140/2238 1258/1139/2238
f 1259/1140/2239 38/1229/2239 36/1190/2239
f 1346/1230/2240 1283/1151/2240 1297/1182/2240
f 1319/1204/2241 1347/1231/2241 1261/1143/2241
f 1347/1231/2242 1286/1165/2242 1261/1143/2242
f 1286/1165/2243 1347/1231/2243 1307/1192/2243
f 1356/1232/2244 1273/1166/2244 1262/1144/2244
f 1320/1205/2245 1358/1233/2245 1238/1126/2245
f 1358/1233/2246 1337/1218/2246 1238/1126/2246
f 1348/1234/2247 1263/1145/2247 1287/1153/2247
f 1338/1220/2248 1299/1184/2248 1274/1168/2248
f 1338/1220/2249 1349/1235/2249 1299/1184/2249
f 1349/1235/2250 1300/1185/2250 1299/1184/2250
f 1349/1235/2251 1322/1221/2251 1300/1185/2251
f 1339/1222/2252 1309/1194/2252 1308/1193/2252
f 1324/1209/2253 1325/1210/2253 1291/1171/2253
f 1325/1210/2254 1292/1172/2254 1311/1156/2254
f 1327/1211/2255 1328/1212/2255 1253/1132/2255
f 1330/1201/2256 1341/1224/2256 1279/1160/2256
f 1350/1236/2257 1331/1213/2257 1341/1224/2257
f 1351/1237/2258 1343/1226/2258 1316/1202/2258
f 1332/1203/2259 1352/1238/2259 1333/1214/2259
f 1344/1239/2260 1318/1189/2260 1317/1188/2260
f 1296/1180/2261 1336/1227/2261 1335/1216/2261
f 1345/1228/2262 38/1229/2262 1259/1140/2262
f 1353/1240/2263 1297/1182/2263 1306/1191/2263
f 1283/1151/2264 1375/1241/2264 1285/1163/2264
f 1354/1242/2265 1272/1164/2265 1285/1163/2265
f 1354/1242/2266 1319/1204/2266 1272/1164/2266
f 1355/1243/2267 1262/1144/2267 1307/1192/2267
f 1355/1243/2268 1356/1232/2268 1262/1144/2268
f 1357/1244/2269 1320/1205/2269 1273/1166/2269
f 1360/1245/2270 1287/1153/2270 1239/1127/2270
f 1360/1245/2271 1348/1234/2271 1287/1153/2271
f 1348/1234/2272 1361/1219/2272 1263/1145/2272
f 1361/1219/2273 1362/1246/2273 1321/1206/2273
f 1321/1206/2274 1338/1220/2274 1288/1167/2274
f 1349/1235/2275 1363/1247/2275 1322/1221/2275
f 1363/1247/2276 1323/1207/2276 1322/1221/2276
f 1323/1207/2277 1364/1248/2277 1339/1222/2277
f 1364/1248/2278 1309/1194/2278 1339/1222/2278
f 1364/1248/2279 1340/1223/2279 1309/1194/2279
f 1324/1209/2280 1366/1249/2280 1325/1210/2280
f 1292/1172/2281 1368/1250/2281 1293/1173/2281
f 1368/1250/2282 1326/1174/2282 1293/1173/2282
f 1368/1250/2283 1294/1175/2283 1326/1174/2283
f 1370/1251/2284 1313/1197/2284 1303/1186/2284
f 1371/1252/2285 1315/1199/2285 1328/1212/2285
f 1371/1252/2286 1329/1200/2286 1315/1199/2286
f 1350/1236/2287 1342/1225/2287 1331/1213/2287
f 1342/1225/2288 1351/1237/2288 1316/1202/2288
f 1343/1226/2289 1352/1238/2289 1332/1203/2289
f 1372/1253/2290 1317/1188/2290 1333/1214/2290
f 1372/1253/2291 1344/1239/2291 1317/1188/2291
f 1344/1239/2292 1373/1254/2292 1318/1189/2292
f 1373/1254/2293 1334/1215/2293 1318/1189/2293
f 1334/1215/2294 1374/1255/2294 1296/1180/2294
f 1374/1255/2295 1336/1227/2295 1296/1180/2295
f 1382/1256/2296 1306/1191/2296 1282/1162/2296
f 1353/1240/2297 1346/1230/2297 1297/1182/2297
f 1346/1230/2298 1375/1241/2298 1283/1151/2298
f 1356/1232/2299 1357/1244/2299 1273/1166/2299
f 1337/1218/2300 1359/1257/2300 1239/1127/2300
f 1359/1257/2301 1360/1245/2301 1239/1127/2301
f 1364/1248/2302 1323/1207/2302 1363/1247/2302
f 1376/1258/2303 1324/1209/2303 1310/1208/2303
f 1325/1210/2304 1367/1259/2304 1292/1172/2304
f 1367/1259/2305 1377/1260/2305 1292/1172/2305
f 1377/1260/2306 1368/1250/2306 1292/1172/2306
f 1294/1175/2307 1369/1261/2307 1301/1176/2307
f 1378/1262/2308 1312/1196/2308 1302/1195/2308
f 1370/1251/2309 1303/1186/2309 1312/1196/2309
f 1389/1263/2310 1327/1211/2310 1314/1198/2310
f 1379/1264/2311 1371/1252/2311 1328/1212/2311
f 1330/1201/2312 1391/1265/2312 1341/1224/2312
f 1350/1236/2313 1380/1266/2313 1342/1225/2313
f 1351/1237/2314 1352/1238/2314 1343/1226/2314
f 1381/1267/2315 1336/1227/2315 1374/1255/2315
f 1381/1267/2316 1345/1228/2316 1336/1227/2316
f 37/1217/2317 1382/1256/2317 1282/1162/2317
f 1353/1240/2318 1383/1268/2318 1346/1230/2318
f 1375/1241/2319 1354/1242/2319 1285/1163/2319
f 1347/1231/2320 1355/1243/2320 1307/1192/2320
f 1384/1269/2321 1358/1233/2321 1320/1205/2321
f 1358/1233/2322 1359/1257/2322 1337/1218/2322
f 1349/1235/2323 1386/1270/2323 1363/1247/2323
f 1340/1223/2324 1376/1258/2324 1310/1208/2324
f 1376/1258/2325 1365/1271/2325 1324/1209/2325
f 1365/1271/2326 1366/1249/2326 1324/1209/2326
f 1368/1250/2327 1369/1261/2327 1294/1175/2327
f 1302/1195/2328 1301/1176/2328 1369/1261/2328
f 1378/1262/2329 1370/1251/2329 1312/1196/2329
f 1370/1251/2330 1388/1272/2330 1313/1197/2330
f 1389/1263/2331 1314/1198/2331 1313/1197/2331
f 1327/1211/2332 1379/1264/2332 1328/1212/2332
f 1390/1273/2333 1330/1201/2333 1329/1200/2333
f 1392/1274/2334 1350/1236/2334 1341/1224/2334
f 1393/1275/2335 1351/1237/2335 1342/1225/2335
f 1372/1253/2336 1373/1254/2336 1344/1239/2336
f 1373/1254/2337 1394/1276/2337 1334/1215/2337
f 1394/1276/2338 1374/1255/2338 1334/1215/2338
f 39/1277/2339 1345/1228/2339 1381/1267/2339
f 39/1277/2340 38/1229/2340 1345/1228/2340
f 1346/1230/2341 1425/1278/2341 1375/1241/2341
f 1396/1279/2342 1354/1242/2342 1375/1241/2342
f 1355/1243/2343 1357/1244/2343 1356/1232/2343
f 1384/1269/2344 1320/1205/2344 1357/1244/2344
f 1384/1269/2345 1385/1280/2345 1358/1233/2345
f 1385/1280/2346 1398/1281/2346 1358/1233/2346
f 1398/1281/2347 1359/1257/2347 1358/1233/2347
f 1360/1245/2348 1399/1282/2348 1348/1234/2348
f 1400/1283/2349 1362/1246/2349 1361/1219/2349
f 1362/1246/2350 1338/1220/2350 1321/1206/2350
f 1401/1284/2351 1349/1235/2351 1338/1220/2351
f 1386/1270/2352 1387/1285/2352 1363/1247/2352
f 1387/1285/2353 1364/1248/2353 1363/1247/2353
f 1402/1286/2354 1376/1258/2354 1340/1223/2354
f 1403/1287/2355 1366/1249/2355 1365/1271/2355
f 1366/1249/2356 1367/1259/2356 1325/1210/2356
f 1369/1261/2357 1404/1288/2357 1302/1195/2357
f 1404/1288/2358 1378/1262/2358 1302/1195/2358
f 1388/1272/2359 1389/1263/2359 1313/1197/2359
f 1405/1289/2360 1329/1200/2360 1371/1252/2360
f 1405/1289/2361 1406/1290/2361 1329/1200/2361
f 1406/1290/2362 1390/1273/2362 1329/1200/2362
f 1380/1266/2363 1393/1275/2363 1342/1225/2363
f 1393/1275/2364 1416/1291/2364 1351/1237/2364
f 1352/1238/2365 1418/1292/2365 1333/1214/2365
f 1418/1292/2366 1372/1253/2366 1333/1214/2366
f 1395/1293/2367 1381/1267/2367 1374/1255/2367
f 40/1294/2368 1382/1256/2368 37/1217/2368
f 1382/1256/2369 1353/1240/2369 1306/1191/2369
f 1407/1295/2370 1383/1268/2370 1353/1240/2370
f 1383/1268/2371 1425/1278/2371 1346/1230/2371
f 1397/1296/2372 1347/1231/2372 1319/1204/2372
f 1427/1297/2373 1355/1243/2373 1347/1231/2373
f 1359/1257/2374 1408/1298/2374 1360/1245/2374
f 1399/1282/2375 1361/1219/2375 1348/1234/2375
f 1399/1282/2376 1400/1283/2376 1361/1219/2376
f 1362/1246/2377 1401/1284/2377 1338/1220/2377
f 1409/1299/2378 1340/1223/2378 1364/1248/2378
f 1409/1299/2379 1402/1286/2379 1340/1223/2379
f 1410/1300/2380 1365/1271/2380 1376/1258/2380
f 1411/1301/2381 1366/1249/2381 1403/1287/2381
f 1377/1260/2382 1433/1302/2382 1368/1250/2382
f 1433/1302/2383 1369/1261/2383 1368/1250/2383
f 1412/1303/2384 1327/1211/2384 1389/1263/2384
f 1412/1303/2385 1379/1264/2385 1327/1211/2385
f 1413/1304/2386 1405/1289/2386 1371/1252/2386
f 1391/1265/2387 1392/1274/2387 1341/1224/2387
f 1392/1274/2388 1415/1305/2388 1350/1236/2388
f 1415/1305/2389 1380/1266/2389 1350/1236/2389
f 1416/1291/2390 1417/1306/2390 1351/1237/2390
f 1417/1306/2391 1352/1238/2391 1351/1237/2391
f 1417/1306/2392 1418/1292/2392 1352/1238/2392
f 1418/1292/2393 1419/1307/2393 1372/1253/2393
f 1420/1308/2394 1373/1254/2394 1372/1253/2394
f 1421/1309/2395 1394/1276/2395 1373/1254/2395
f 1395/1293/2396 1374/1255/2396 1394/1276/2396
f 1422/1310/2397 1381/1267/2397 1395/1293/2397
f 1423/1311/2398 39/1277/2398 1381/1267/2398
f 40/1294/2399 1424/1312/2399 1382/1256/2399
f 1424/1312/2400 1353/1240/2400 1382/1256/2400
f 1426/1313/2401 1319/1204/2401 1354/1242/2401
f 1397/1296/2402 1427/1297/2402 1347/1231/2402
f 1428/1314/2403 1357/1244/2403 1355/1243/2403
f 1349/1235/2404 1430/1315/2404 1386/1270/2404
f 1430/1315/2405 1387/1285/2405 1386/1270/2405
f 1402/1286/2406 1410/1300/2406 1376/1258/2406
f 1431/1316/2407 1403/1287/2407 1365/1271/2407
f 1434/1317/2408 1404/1288/2408 1369/1261/2408
f 1435/1318/2409 1436/1319/2409 1378/1262/2409
f 1436/1319/2410 1370/1251/2410 1378/1262/2410
f 1436/1319/2411 1388/1272/2411 1370/1251/2411
f 1406/1290/2412 1437/1320/2412 1390/1273/2412
f 1414/1321/2413 1330/1201/2413 1390/1273/2413
f 1414/1321/2414 1391/1265/2414 1330/1201/2414
f 1438/1322/2415 1393/1275/2415 1380/1266/2415
f 1419/1307/2416 1420/1308/2416 1372/1253/2416
f 1439/1323/2417 1395/1293/2417 1394/1276/2417
f 1423/1311/2418 41/1324/2418 39/1277/2418
f 1407/1295/2419 1440/1325/2419 1383/1268/2419
f 1440/1325/2420 1425/1278/2420 1383/1268/2420
f 1427/1297/2421 1428/1314/2421 1355/1243/2421
f 1442/1326/2422 1385/1280/2422 1384/1269/2422
f 1442/1326/2423 1398/1281/2423 1385/1280/2423
f 1398/1281/2424 1408/1298/2424 1359/1257/2424
f 1400/1283/2425 1429/1327/2425 1362/1246/2425
f 1429/1327/2426 1401/1284/2426 1362/1246/2426
f 1401/1284/2427 1430/1315/2427 1349/1235/2427
f 1443/1328/2428 1364/1248/2428 1387/1285/2428
f 1443/1328/2429 1409/1299/2429 1364/1248/2429
f 1409/1299/2430 1444/1329/2430 1402/1286/2430
f 1402/1286/2431 1445/1330/2431 1410/1300/2431
f 1445/1330/2432 1365/1271/2432 1410/1300/2432
f 1445/1330/2433 1431/1316/2433 1365/1271/2433
f 1431/1316/2434 1411/1301/2434 1403/1287/2434
f 1432/1331/2435 1377/1260/2435 1367/1259/2435
f 1432/1331/2436 1446/1332/2436 1377/1260/2436
f 1446/1332/2437 1433/1302/2437 1377/1260/2437
f 1404/1288/2438 1435/1318/2438 1378/1262/2438
f 1412/1303/2439 1413/1304/2439 1379/1264/2439
f 1413/1304/2440 1371/1252/2440 1379/1264/2440
f 1447/1333/2441 1405/1289/2441 1413/1304/2441
f 1447/1333/2442 1406/1290/2442 1405/1289/2442
f 1437/1320/2443 1414/1321/2443 1390/1273/2443
f 1438/1322/2444 1416/1291/2444 1393/1275/2444
f 1448/1334/2445 1418/1292/2445 1417/1306/2445
f 1420/1308/2446 1421/1309/2446 1373/1254/2446
f 1439/1323/2447 1449/1335/2447 1395/1293/2447
f 1449/1335/2448 1422/1310/2448 1395/1293/2448
f 1422/1310/2449 1423/1311/2449 1381/1267/2449
f 1450/1336/2450 41/1324/2450 1423/1311/2450
f 1424/1312/2451 1407/1295/2451 1353/1240/2451
f 1462/1337/2452 1396/1279/2452 1375/1241/2452
f 1396/1279/2453 1451/1338/2453 1354/1242/2453
f 1451/1338/2454 1426/1313/2454 1354/1242/2454
f 1426/1313/2455 1397/1296/2455 1319/1204/2455
f 1428/1314/2456 1441/1339/2456 1357/1244/2456
f 1441/1339/2457 1384/1269/2457 1357/1244/2457
f 1408/1298/2458 1399/1282/2458 1360/1245/2458
f 1452/1340/2459 1387/1285/2459 1430/1315/2459
f 1452/1340/2460 1443/1328/2460 1387/1285/2460
f 1444/1329/2461 1445/1330/2461 1402/1286/2461
f 1411/1301/2462 1367/1259/2462 1366/1249/2462
f 1411/1301/2463 1432/1331/2463 1367/1259/2463
f 1433/1302/2464 1434/1317/2464 1369/1261/2464
f 1389/1263/2465 1453/1341/2465 1412/1303/2465
f 1454/1342/2466 1406/1290/2466 1447/1333/2466
f 1455/1343/2467 1391/1265/2467 1414/1321/2467
f 1455/1343/2468 1392/1274/2468 1391/1265/2468
f 1456/1344/2469 1415/1305/2469 1392/1274/2469
f 1457/1345/2470 1380/1266/2470 1415/1305/2470
f 1457/1345/2471 1438/1322/2471 1380/1266/2471
f 1418/1292/2472 1459/1346/2472 1419/1307/2472
f 1421/1309/2473 1439/1323/2473 1394/1276/2473
f 1449/1335/2474 1423/1311/2474 1422/1310/2474
f 1449/1335/2475 1460/1347/2475 1423/1311/2475
f 1462/1337/2476 1375/1241/2476 1425/1278/2476
f 1464/1348/2477 1427/1297/2477 1397/1296/2477
f 1442/1326/2478 1465/1349/2478 1398/1281/2478
f 1398/1281/2479 1466/1350/2479 1408/1298/2479
f 1467/1351/2480 1399/1282/2480 1408/1298/2480
f 1429/1327/2481 1468/1352/2481 1401/1284/2481
f 1469/1353/2482 1409/1299/2482 1443/1328/2482
f 1469/1353/2483 1444/1329/2483 1409/1299/2483
f 1470/1354/2484 1411/1301/2484 1431/1316/2484
f 1471/1355/2485 1433/1302/2485 1446/1332/2485
f 1483/1356/2486 1434/1317/2486 1433/1302/2486
f 1472/1357/2487 1436/1319/2487 1435/1318/2487
f 1436/1319/2488 1473/1358/2488 1388/1272/2488
f 1473/1358/2489 1389/1263/2489 1388/1272/2489
f 1474/1359/2490 1413/1304/2490 1412/1303/2490
f 1454/1342/2491 1475/1360/2491 1406/1290/2491
f 1475/1360/2492 1437/1320/2492 1406/1290/2492
f 1455/1343/2493 1476/1361/2493 1392/1274/2493
f 1448/1334/2494 1458/1362/2494 1418/1292/2494
f 1458/1362/2495 1459/1346/2495 1418/1292/2495
f 1419/1307/2496 1421/1309/2496 1420/1308/2496
f 1450/1336/2497 42/1363/2497 41/1324/2497
f 40/1294/2498 1461/1364/2498 1424/1312/2498
f 1461/1364/2499 1407/1295/2499 1424/1312/2499
f 1500/1365/2500 1425/1278/2500 1440/1325/2500
f 1463/1366/2501 1451/1338/2501 1396/1279/2501
f 1426/1313/2502 1464/1348/2502 1397/1296/2502
f 1477/1367/2503 1428/1314/2503 1427/1297/2503
f 1441/1339/2504 1442/1326/2504 1384/1269/2504
f 1479/1368/2505 1400/1283/2505 1399/1282/2505
f 1468/1352/2506 1480/1369/2506 1401/1284/2506
f 1480/1369/2507 1430/1315/2507 1401/1284/2507
f 1452/1340/2508 1481/1370/2508 1443/1328/2508
f 1481/1370/2509 1469/1353/2509 1443/1328/2509
f 1444/1329/2510 1482/1371/2510 1445/1330/2510
f 1445/1330/2511 1482/1371/2511 1431/1316/2511
f 1484/1372/2512 1435/1318/2512 1404/1288/2512
f 1484/1372/2513 1472/1357/2513 1435/1318/2513
f 1472/1357/2514 1473/1358/2514 1436/1319/2514
f 1453/1341/2515 1474/1359/2515 1412/1303/2515
f 1414/1321/2516 1496/1373/2516 1455/1343/2516
f 1476/1361/2517 1456/1344/2517 1392/1274/2517
f 1485/1374/2518 1416/1291/2518 1438/1322/2518
f 1486/1375/2519 1417/1306/2519 1416/1291/2519
f 1486/1375/2520 1448/1334/2520 1417/1306/2520
f 1459/1346/2521 1487/1376/2521 1419/1307/2521
f 1487/1376/2522 1421/1309/2522 1419/1307/2522
f 1487/1376/2523 1439/1323/2523 1421/1309/2523
f 1487/1376/2524 1488/1377/2524 1439/1323/2524
f 1488/1377/2525 1449/1335/2525 1439/1323/2525
f 1460/1347/2526 1450/1336/2526 1423/1311/2526
f 43/1378/2527 1461/1364/2527 40/1294/2527
f 1461/1364/2528 1440/1325/2528 1407/1295/2528
f 1500/1365/2529 1462/1337/2529 1425/1278/2529
f 1462/1337/2530 1463/1366/2530 1396/1279/2530
f 1451/1338/2531 1464/1348/2531 1426/1313/2531
f 1464/1348/2532 1489/1379/2532 1427/1297/2532
f 1489/1379/2533 1477/1367/2533 1427/1297/2533
f 1477/1367/2534 1478/1380/2534 1428/1314/2534
f 1478/1380/2535 1490/1381/2535 1428/1314/2535
f 1490/1381/2536 1441/1339/2536 1428/1314/2536
f 1441/1339/2537 1491/1382/2537 1442/1326/2537
f 1465/1349/2538 1466/1350/2538 1398/1281/2538
f 1466/1350/2539 1467/1351/2539 1408/1298/2539
f 1479/1368/2540 1492/1383/2540 1400/1283/2540
f 1492/1383/2541 1429/1327/2541 1400/1283/2541
f 1474/1359/2542 1495/1384/2542 1413/1304/2542
f 1495/1384/2543 1447/1333/2543 1413/1304/2543
f 1475/1360/2544 1414/1321/2544 1437/1320/2544
f 1456/1344/2545 1457/1345/2545 1415/1305/2545
f 1457/1345/2546 1485/1374/2546 1438/1322/2546
f 1485/1374/2547 1486/1375/2547 1416/1291/2547
f 43/1378/2548 1499/1385/2548 1461/1364/2548
f 1500/1365/2549 1440/1325/2549 1461/1364/2549
f 1490/1381/2550 1501/1386/2550 1441/1339/2550
f 1501/1386/2551 1491/1382/2551 1441/1339/2551
f 1524/1387/2552 1466/1350/2552 1465/1349/2552
f 1502/1388/2553 1399/1282/2553 1467/1351/2553
f 1503/1389/2554 1479/1368/2554 1399/1282/2554
f 1504/1390/2555 1429/1327/2555 1492/1383/2555
f 1504/1390/2556 1468/1352/2556 1429/1327/2556
f 1505/1391/2557 1481/1370/2557 1452/1340/2557
f 1506/1392/2558 1444/1329/2558 1469/1353/2558
f 1506/1392/2559 1482/1371/2559 1444/1329/2559
f 1482/1371/2560 1470/1354/2560 1431/1316/2560
f 1471/1355/2561 1483/1356/2561 1433/1302/2561
f 1508/1393/2562 1404/1288/2562 1434/1317/2562
f 1508/1393/2563 1484/1372/2563 1404/1288/2563
f 1495/1384/2564 1454/1342/2564 1447/1333/2564
f 1510/1394/2565 1475/1360/2565 1454/1342/2565
f 1475/1360/2566 1496/1373/2566 1414/1321/2566
f 1496/1373/2567 1476/1361/2567 1455/1343/2567
f 1457/1345/2568 1511/1395/2568 1485/1374/2568
f 1512/1396/2569 1458/1362/2569 1448/1334/2569
f 1458/1362/2570 1497/1397/2570 1459/1346/2570
f 1497/1397/2571 1487/1376/2571 1459/1346/2571
f 1449/1335/2572 1498/1398/2572 1460/1347/2572
f 1513/1399/2573 42/1363/2573 1450/1336/2573
f 1523/1400/2574 1500/1365/2574 1461/1364/2574
f 1489/1379/2575 1515/1401/2575 1477/1367/2575
f 1515/1401/2576 1478/1380/2576 1477/1367/2576
f 1491/1382/2577 1465/1349/2577 1442/1326/2577
f 1516/1402/2578 1466/1350/2578 1524/1387/2578
f 1468/1352/2579 1517/1403/2579 1480/1369/2579
f 1517/1403/2580 1430/1315/2580 1480/1369/2580
f 1505/1391/2581 1452/1340/2581 1430/1315/2581
f 1506/1392/2582 1507/1404/2582 1482/1371/2582
f 1507/1404/2583 1470/1354/2583 1482/1371/2583
f 1470/1354/2584 1493/1405/2584 1411/1301/2584
f 1493/1405/2585 1432/1331/2585 1411/1301/2585
f 1493/1405/2586 1446/1332/2586 1432/1331/2586
f 1493/1405/2587 1471/1355/2587 1446/1332/2587
f 1471/1355/2588 1528/1406/2588 1483/1356/2588
f 1483/1356/2589 1508/1393/2589 1434/1317/2589
f 1473/1358/2590 1494/1407/2590 1389/1263/2590
f 1494/1407/2591 1453/1341/2591 1389/1263/2591
f 1518/1408/2592 1496/1373/2592 1475/1360/2592
f 1519/1409/2593 1476/1361/2593 1496/1373/2593
f 1476/1361/2594 1520/1410/2594 1456/1344/2594
f 1520/1410/2595 1457/1345/2595 1456/1344/2595
f 1521/1411/2596 1448/1334/2596 1486/1375/2596
f 1497/1397/2597 1522/1412/2597 1487/1376/2597
f 1488/1377/2598 1498/1398/2598 1449/1335/2598
f 1499/1385/2599 1523/1400/2599 1461/1364/2599
f 1500/1365/2600 1514/1413/2600 1462/1337/2600
f 1514/1413/2601 1463/1366/2601 1462/1337/2601
f 1489/1379/2602 1464/1348/2602 1451/1338/2602
f 1516/1402/2603 1467/1351/2603 1466/1350/2603
f 1503/1389/2604 1399/1282/2604 1502/1388/2604
f 1503/1389/2605 1492/1383/2605 1479/1368/2605
f 1492/1383/2606 1468/1352/2606 1504/1390/2606
f 1505/1391/2607 1525/1414/2607 1481/1370/2607
f 1525/1414/2608 1469/1353/2608 1481/1370/2608
f 1526/1415/2609 1506/1392/2609 1469/1353/2609
f 1527/1416/2610 1470/1354/2610 1507/1404/2610
f 1527/1416/2611 1493/1405/2611 1470/1354/2611
f 1529/1417/2612 1508/1393/2612 1483/1356/2612
f 1508/1393/2613 1530/1418/2613 1484/1372/2613
f 1530/1418/2614 1472/1357/2614 1484/1372/2614
f 1539/1419/2615 1473/1358/2615 1472/1357/2615
f 1494/1407/2616 1531/1420/2616 1453/1341/2616
f 1453/1341/2617 1495/1384/2617 1474/1359/2617
f 1495/1384/2618 1510/1394/2618 1454/1342/2618
f 1520/1410/2619 1511/1395/2619 1457/1345/2619
f 1511/1395/2620 1486/1375/2620 1485/1374/2620
f 1511/1395/2621 1521/1411/2621 1486/1375/2621
f 1521/1411/2622 1512/1396/2622 1448/1334/2622
f 1512/1396/2623 1532/1421/2623 1458/1362/2623
f 1557/1422/2624 1460/1347/2624 1498/1398/2624
f 1460/1347/2625 1513/1399/2625 1450/1336/2625
f 1513/1399/2626 44/1423/2626 42/1363/2626
f 1523/1400/2627 1533/1424/2627 1500/1365/2627
f 1533/1424/2628 1562/1425/2628 1500/1365/2628
f 1562/1425/2629 1514/1413/2629 1500/1365/2629
f 1515/1401/2630 1534/1426/2630 1478/1380/2630
f 1478/1380/2631 1501/1386/2631 1490/1381/2631
f 1491/1382/2632 1524/1387/2632 1465/1349/2632
f 1535/1427/2633 1505/1391/2633 1430/1315/2633
f 1536/1428/2634 1525/1414/2634 1505/1391/2634
f 1525/1414/2635 1526/1415/2635 1469/1353/2635
f 1526/1415/2636 1570/1429/2636 1506/1392/2636
f 1570/1429/2637 1507/1404/2637 1506/1392/2637
f 1538/1430/2638 1471/1355/2638 1493/1405/2638
f 1539/1419/2639 1472/1357/2639 1530/1418/2639
f 1539/1419/2640 1509/1431/2640 1473/1358/2640
f 1541/1432/2641 1510/1394/2641 1495/1384/2641
f 1510/1394/2642 1518/1408/2642 1475/1360/2642
f 1518/1408/2643 1519/1409/2643 1496/1373/2643
f 1554/1433/2644 1520/1410/2644 1476/1361/2644
f 1542/1434/2645 1512/1396/2645 1521/1411/2645
f 1532/1421/2646 1497/1397/2646 1458/1362/2646
f 1543/1435/2647 1487/1376/2647 1522/1412/2647
f 1543/1435/2648 1488/1377/2648 1487/1376/2648
f 1544/1436/2649 1498/1398/2649 1488/1377/2649
f 1557/1422/2650 1513/1399/2650 1460/1347/2650
f 1513/1399/2651 1558/1437/2651 44/1423/2651
f 43/1378/2652 45/1438/2652 1499/1385/2652
f 1499/1385/2653 1545/1439/2653 1523/1400/2653
f 1545/1439/2654 1533/1424/2654 1523/1400/2654
f 1581/1440/2655 1463/1366/2655 1514/1413/2655
f 1534/1426/2656 1547/1441/2656 1478/1380/2656
f 1547/1441/2657 1501/1386/2657 1478/1380/2657
f 1547/1441/2658 1491/1382/2658 1501/1386/2658
f 1548/1442/2659 1516/1402/2659 1524/1387/2659
f 1596/1443/2660 1467/1351/2660 1516/1402/2660
f 1549/1444/2661 1502/1388/2661 1467/1351/2661
f 1550/1445/2662 1468/1352/2662 1492/1383/2662
f 1550/1445/2663 1517/1403/2663 1468/1352/2663
f 1517/1403/2664 1535/1427/2664 1430/1315/2664
f 1537/1446/2665 1551/1447/2665 1507/1404/2665
f 1551/1447/2666 1527/1416/2666 1507/1404/2666
f 1528/1406/2667 1529/1417/2667 1483/1356/2667
f 1509/1431/2668 1552/1448/2668 1473/1358/2668
f 1552/1448/2669 1494/1407/2669 1473/1358/2669
f 1531/1420/2670 1495/1384/2670 1453/1341/2670
f 1540/1449/2671 1541/1432/2671 1495/1384/2671
f 1510/1394/2672 1553/1450/2672 1518/1408/2672
f 1519/1409/2673 1554/1433/2673 1476/1361/2673
f 1555/1451/2674 1511/1395/2674 1520/1410/2674
f 1511/1395/2675 1542/1434/2675 1521/1411/2675
f 1497/1397/2676 1543/1435/2676 1522/1412/2676
f 1556/1452/2677 1488/1377/2677 1543/1435/2677
f 1544/1436/2678 1557/1422/2678 1498/1398/2678
f 1558/1437/2679 1559/1453/2679 44/1423/2679
f 1559/1453/2680 1560/1454/2680 44/1423/2680
f 1545/1439/2681 1561/1455/2681 1533/1424/2681
f 1546/1456/2682 1451/1338/2682 1463/1366/2682
f 1563/1457/2683 1515/1401/2683 1489/1379/2683
f 1563/1457/2684 1564/1458/2684 1515/1401/2684
f 1548/1442/2685 1524/1387/2685 1491/1382/2685
f 1565/1459/2686 1516/1402/2686 1548/1442/2686
f 1549/1444/2687 1503/1389/2687 1502/1388/2687
f 1566/1460/2688 1492/1383/2688 1503/1389/2688
f 1567/1461/2689 1550/1445/2689 1492/1383/2689
f 1568/1462/2690 1517/1403/2690 1550/1445/2690
f 1569/1463/2691 1505/1391/2691 1535/1427/2691
f 1569/1463/2692 1536/1428/2692 1505/1391/2692
f 1525/1414/2693 1570/1429/2693 1526/1415/2693
f 1571/1464/2694 1507/1404/2694 1570/1429/2694
f 1571/1464/2695 1537/1446/2695 1507/1404/2695
f 1573/1465/2696 1527/1416/2696 1551/1447/2696
f 1573/1465/2697 1493/1405/2697 1527/1416/2697
f 1538/1430/2698 1574/1466/2698 1471/1355/2698
f 1574/1466/2699 1528/1406/2699 1471/1355/2699
f 1575/1467/2700 1529/1417/2700 1528/1406/2700
f 1575/1467/2701 1576/1468/2701 1529/1417/2701
f 1577/1469/2702 1509/1431/2702 1539/1419/2702
f 1531/1420/2703 1540/1449/2703 1495/1384/2703
f 1553/1450/2704 1519/1409/2704 1518/1408/2704
f 1589/1470/2705 1555/1451/2705 1520/1410/2705
f 1542/1434/2706 1579/1471/2706 1512/1396/2706
f 1579/1471/2707 1532/1421/2707 1512/1396/2707
f 1532/1421/2708 1590/1472/2708 1497/1397/2708
f 1580/1473/2709 1544/1436/2709 1488/1377/2709
f 45/1438/2710 1545/1439/2710 1499/1385/2710
f 1581/1440/2711 1514/1413/2711 1562/1425/2711
f 1582/1474/2712 1463/1366/2712 1581/1440/2712
f 1583/1475/2713 1489/1379/2713 1451/1338/2713
f 1583/1475/2714 1563/1457/2714 1489/1379/2714
f 1564/1458/2715 1534/1426/2715 1515/1401/2715
f 1566/1460/2716 1567/1461/2716 1492/1383/2716
f 1568/1462/2717 1535/1427/2717 1517/1403/2717
f 1569/1463/2718 1525/1414/2718 1536/1428/2718
f 1572/1476/2719 1573/1465/2719 1551/1447/2719
f 1576/1468/2720 1508/1393/2720 1529/1417/2720
f 1584/1477/2721 1585/1478/2721 1540/1449/2721
f 1585/1478/2722 1541/1432/2722 1540/1449/2722
f 1585/1478/2723 1586/1479/2723 1541/1432/2723
f 1586/1479/2724 1510/1394/2724 1541/1432/2724
f 1586/1479/2725 1553/1450/2725 1510/1394/2725
f 1553/1450/2726 1578/1480/2726 1519/1409/2726
f 1587/1481/2727 1519/1409/2727 1578/1480/2727
f 1587/1481/2728 1554/1433/2728 1519/1409/2728
f 1555/1451/2729 1589/1470/2729 1511/1395/2729
f 1589/1470/2730 1542/1434/2730 1511/1395/2730
f 1579/1471/2731 1590/1472/2731 1532/1421/2731
f 1591/1482/2732 1556/1452/2732 1543/1435/2732
f 1544/1436/2733 1592/1483/2733 1557/1422/2733
f 1592/1483/2734 1593/1484/2734 1557/1422/2734
f 1593/1484/2735 1513/1399/2735 1557/1422/2735
f 1593/1484/2736 1558/1437/2736 1513/1399/2736
f 1594/1485/2737 1562/1425/2737 1533/1424/2737
f 1546/1456/2738 1463/1366/2738 1582/1474/2738
f 1546/1456/2739 1583/1475/2739 1451/1338/2739
f 1547/1441/2740 1595/1486/2740 1491/1382/2740
f 1595/1486/2741 1548/1442/2741 1491/1382/2741
f 1565/1459/2742 1596/1443/2742 1516/1402/2742
f 1568/1462/2743 1597/1487/2743 1535/1427/2743
f 1597/1487/2744 1569/1463/2744 1535/1427/2744
f 1598/1488/2745 1569/1463/2745 1597/1487/2745
f 1525/1414/2746 1599/1489/2746 1570/1429/2746
f 1599/1489/2747 1571/1464/2747 1570/1429/2747
f 1538/1430/2748 1493/1405/2748 1573/1465/2748
f 1531/1420/2749 1584/1477/2749 1540/1449/2749
f 1585/1478/2750 1601/1490/2750 1586/1479/2750
f 1554/1433/2751 1602/1491/2751 1520/1410/2751
f 1602/1491/2752 1589/1470/2752 1520/1410/2752
f 1590/1472/2753 1623/1492/2753 1497/1397/2753
f 1623/1492/2754 1603/1493/2754 1497/1397/2754
f 1603/1493/2755 1543/1435/2755 1497/1397/2755
f 1603/1493/2756 1591/1482/2756 1543/1435/2756
f 1591/1482/2757 1488/1377/2757 1556/1452/2757
f 1580/1473/2758 1592/1483/2758 1544/1436/2758
f 1593/1484/2759 1559/1453/2759 1558/1437/2759
f 1561/1455/2760 1594/1485/2760 1533/1424/2760
f 1604/1494/2761 1582/1474/2761 1581/1440/2761
f 1582/1474/2762 1604/1494/2762 1546/1456/2762
f 1605/1495/2763 1564/1458/2763 1563/1457/2763
f 1596/1443/2764 1549/1444/2764 1467/1351/2764
f 1549/1444/2765 1566/1460/2765 1503/1389/2765
f 1606/1496/2766 1597/1487/2766 1568/1462/2766
f 1569/1463/2767 1599/1489/2767 1525/1414/2767
f 1607/1497/2768 1537/1446/2768 1571/1464/2768
f 1537/1446/2769 1572/1476/2769 1551/1447/2769
f 1574/1466/2770 1575/1467/2770 1528/1406/2770
f 1574/1466/2771 1608/1498/2771 1575/1467/2771
f 1609/1499/2772 1530/1418/2772 1508/1393/2772
f 1600/1500/2773 1494/1407/2773 1552/1448/2773
f 1600/1500/2774 1531/1420/2774 1494/1407/2774
f 1584/1477/2775 1610/1501/2775 1585/1478/2775
f 1611/1502/2776 1578/1480/2776 1553/1450/2776
f 1611/1502/2777 1587/1481/2777 1578/1480/2777
f 1587/1481/2778 1612/1503/2778 1554/1433/2778
f 1588/1504/2779 1602/1491/2779 1554/1433/2779
f 1613/1505/2780 1542/1434/2780 1589/1470/2780
f 1591/1482/2781 1614/1506/2781 1488/1377/2781
f 1614/1506/2782 1580/1473/2782 1488/1377/2782
f 1592/1483/2783 1615/1507/2783 1593/1484/2783
f 1559/1453/2784 46/1508/2784 1560/1454/2784
f 1594/1485/2785 1616/1509/2785 1562/1425/2785
f 1604/1494/2786 1581/1440/2786 1562/1425/2786
f 1534/1426/2787 1617/1510/2787 1547/1441/2787
f 1595/1486/2788 1565/1459/2788 1548/1442/2788
f 1618/1511/2789 1550/1445/2789 1567/1461/2789
f 1618/1511/2790 1606/1496/2790 1568/1462/2790
f 1619/1512/2791 1597/1487/2791 1606/1496/2791
f 1619/1512/2792 1598/1488/2792 1597/1487/2792
f 1598/1488/2793 1599/1489/2793 1569/1463/2793
f 1599/1489/2794 1620/1513/2794 1571/1464/2794
f 1620/1513/2795 1607/1497/2795 1571/1464/2795
f 1607/1497/2796 1572/1476/2796 1537/1446/2796
f 1621/1514/2797 1538/1430/2797 1573/1465/2797
f 1575/1467/2798 1622/1515/2798 1576/1468/2798
f 1630/1516/2799 1600/1500/2799 1552/1448/2799
f 1610/1501/2800 1601/1490/2800 1585/1478/2800
f 1632/1517/2801 1553/1450/2801 1586/1479/2801
f 1612/1503/2802 1588/1504/2802 1554/1433/2802
f 1613/1505/2803 1579/1471/2803 1542/1434/2803
f 1624/1518/2804 1559/1453/2804 1593/1484/2804
f 1561/1455/2805 1545/1439/2805 45/1438/2805
f 1616/1509/2806 1604/1494/2806 1562/1425/2806
f 1625/1519/2807 1618/1511/2807 1567/1461/2807
f 1618/1511/2808 1568/1462/2808 1550/1445/2808
f 1626/1520/2809 1599/1489/2809 1598/1488/2809
f 1572/1476/2810 1621/1514/2810 1573/1465/2810
f 1621/1514/2811 1628/1521/2811 1538/1430/2811
f 1608/1498/2812 1622/1515/2812 1575/1467/2812
f 1622/1515/2813 1508/1393/2813 1576/1468/2813
f 1622/1515/2814 1609/1499/2814 1508/1393/2814
f 1629/1522/2815 1530/1418/2815 1609/1499/2815
f 1629/1522/2816 1539/1419/2816 1530/1418/2816
f 1630/1516/2817 1509/1431/2817 1577/1469/2817
f 1509/1431/2818 1630/1516/2818 1552/1448/2818
f 1631/1523/2819 1531/1420/2819 1600/1500/2819
f 1633/1524/2820 1553/1450/2820 1632/1517/2820
f 1633/1524/2821 1611/1502/2821 1553/1450/2821
f 1634/1525/2822 1602/1491/2822 1588/1504/2822
f 1635/1526/2823 1590/1472/2823 1579/1471/2823
f 1635/1526/2824 1623/1492/2824 1590/1472/2824
f 1654/1527/2825 1615/1507/2825 1592/1483/2825
f 1624/1518/2826 46/1508/2826 1559/1453/2826
f 1639/1528/2827 1594/1485/2827 1561/1455/2827
f 1640/1529/2828 1546/1456/2828 1604/1494/2828
f 1641/1530/2829 1583/1475/2829 1546/1456/2829
f 1605/1495/2830 1534/1426/2830 1564/1458/2830
f 1642/1531/2831 1617/1510/2831 1534/1426/2831
f 1617/1510/2832 1595/1486/2832 1547/1441/2832
f 1658/1532/2833 1565/1459/2833 1595/1486/2833
f 1659/1533/2834 1596/1443/2834 1565/1459/2834
f 1643/1534/2835 1549/1444/2835 1596/1443/2835
f 1644/1535/2836 1566/1460/2836 1549/1444/2836
f 1644/1535/2837 1645/1536/2837 1566/1460/2837
f 1645/1536/2838 1567/1461/2838 1566/1460/2838
f 1645/1536/2839 1625/1519/2839 1567/1461/2839
f 1646/1537/2840 1606/1496/2840 1618/1511/2840
f 1646/1537/2841 1647/1538/2841 1606/1496/2841
f 1648/1539/2842 1598/1488/2842 1619/1512/2842
f 1648/1539/2843 1626/1520/2843 1598/1488/2843
f 1626/1520/2844 1627/1540/2844 1599/1489/2844
f 1627/1540/2845 1649/1541/2845 1599/1489/2845
f 1649/1541/2846 1620/1513/2846 1599/1489/2846
f 1607/1497/2847 1650/1542/2847 1572/1476/2847
f 1628/1521/2848 1574/1466/2848 1538/1430/2848
f 1628/1521/2849 1608/1498/2849 1574/1466/2849
f 1629/1522/2850 1577/1469/2850 1539/1419/2850
f 1631/1523/2851 1651/1543/2851 1531/1420/2851
f 1651/1543/2852 1584/1477/2852 1531/1420/2852
f 1601/1490/2853 1632/1517/2853 1586/1479/2853
f 1611/1502/2854 1612/1503/2854 1587/1481/2854
f 1652/1544/2855 1613/1505/2855 1589/1470/2855
f 1613/1505/2856 1653/1545/2856 1579/1471/2856
f 1653/1545/2857 1635/1526/2857 1579/1471/2857
f 1636/1546/2858 1614/1506/2858 1591/1482/2858
f 1614/1506/2859 1637/1547/2859 1580/1473/2859
f 1637/1547/2860 1592/1483/2860 1580/1473/2860
f 1637/1547/2861 1654/1527/2861 1592/1483/2861
f 1615/1507/2862 1624/1518/2862 1593/1484/2862
f 47/1548/2863 1561/1455/2863 45/1438/2863
f 47/1548/2864 1638/1549/2864 1561/1455/2864
f 1638/1549/2865 1655/1550/2865 1561/1455/2865
f 1655/1550/2866 1639/1528/2866 1561/1455/2866
f 1639/1528/2867 1616/1509/2867 1594/1485/2867
f 1639/1528/2868 1656/1551/2868 1616/1509/2868
f 1616/1509/2869 1657/1552/2869 1604/1494/2869
f 1657/1552/2870 1640/1529/2870 1604/1494/2870
f 1640/1529/2871 1641/1530/2871 1546/1456/2871
f 1641/1530/2872 1563/1457/2872 1583/1475/2872
f 1617/1510/2873 1658/1532/2873 1595/1486/2873
f 1659/1533/2874 1643/1534/2874 1596/1443/2874
f 1647/1538/2875 1619/1512/2875 1606/1496/2875
f 1647/1538/2876 1648/1539/2876 1619/1512/2876
f 1649/1541/2877 1661/1553/2877 1620/1513/2877
f 1661/1553/2878 1607/1497/2878 1620/1513/2878
f 1650/1542/2879 1621/1514/2879 1572/1476/2879
f 1662/1554/2880 1628/1521/2880 1621/1514/2880
f 1663/1555/2881 1608/1498/2881 1628/1521/2881
f 1663/1555/2882 1622/1515/2882 1608/1498/2882
f 1664/1556/2883 1630/1516/2883 1577/1469/2883
f 1665/1557/2884 1600/1500/2884 1630/1516/2884
f 1665/1557/2885 1631/1523/2885 1600/1500/2885
f 1651/1543/2886 1610/1501/2886 1584/1477/2886
f 1666/1558/2887 1611/1502/2887 1633/1524/2887
f 1667/1559/2888 1612/1503/2888 1611/1502/2888
f 1634/1525/2889 1668/1560/2889 1602/1491/2889
f 1668/1560/2890 1589/1470/2890 1602/1491/2890
f 1652/1544/2891 1669/1561/2891 1613/1505/2891
f 1669/1561/2892 1653/1545/2892 1613/1505/2892
f 1635/1526/2893 1670/1562/2893 1623/1492/2893
f 1670/1562/2894 1671/1563/2894 1623/1492/2894
f 1671/1563/2895 1603/1493/2895 1623/1492/2895
f 1636/1546/2896 1591/1482/2896 1603/1493/2896
f 1672/1564/2897 1614/1506/2897 1636/1546/2897
f 1673/1565/2898 1637/1547/2898 1614/1506/2898
f 1656/1551/2899 1657/1552/2899 1616/1509/2899
f 1657/1552/2900 1674/1566/2900 1640/1529/2900
f 1641/1530/2901 1675/1567/2901 1563/1457/2901
f 1642/1531/2902 1534/1426/2902 1605/1495/2902
f 1658/1532/2903 1677/1568/2903 1565/1459/2903
f 1677/1568/2904 1659/1533/2904 1565/1459/2904
f 1643/1534/2905 1678/1569/2905 1549/1444/2905
f 1678/1569/2906 1644/1535/2906 1549/1444/2906
f 1679/1570/2907 1625/1519/2907 1645/1536/2907
f 1618/1511/2908 1660/1571/2908 1646/1537/2908
f 1660/1571/2909 1680/1572/2909 1646/1537/2909
f 1680/1572/2910 1647/1538/2910 1646/1537/2910
f 1648/1539/2911 1681/1573/2911 1626/1520/2911
f 1650/1542/2912 1682/1574/2912 1621/1514/2912
f 1662/1554/2913 1683/1575/2913 1628/1521/2913
f 1684/1576/2914 1622/1515/2914 1663/1555/2914
f 1685/1577/2915 1686/1578/2915 1630/1516/2915
f 1686/1578/2916 1665/1557/2916 1630/1516/2916
f 1687/1579/2917 1611/1502/2917 1666/1558/2917
f 1687/1579/2918 1667/1559/2918 1611/1502/2918
f 1634/1525/2919 1588/1504/2919 1612/1503/2919
f 1671/1563/2920 1636/1546/2920 1603/1493/2920
f 1672/1564/2921 1673/1565/2921 1614/1506/2921
f 1676/1580/2922 1605/1495/2922 1563/1457/2922
f 1688/1581/2923 1642/1531/2923 1605/1495/2923
f 1659/1533/2924 1689/1582/2924 1643/1534/2924
f 1644/1535/2925 1679/1570/2925 1645/1536/2925
f 1679/1570/2926 1690/1583/2926 1625/1519/2926
f 1690/1583/2927 1691/1584/2927 1625/1519/2927
f 1691/1584/2928 1618/1511/2928 1625/1519/2928
f 1692/1585/2929 1661/1553/2929 1649/1541/2929
f 1708/1586/2930 1607/1497/2930 1661/1553/2930
f 1708/1586/2931 1650/1542/2931 1607/1497/2931
f 1682/1574/2932 1693/1587/2932 1621/1514/2932
f 1693/1587/2933 1662/1554/2933 1621/1514/2933
f 1629/1522/2934 1664/1556/2934 1577/1469/2934
f 1694/1588/2935 1631/1523/2935 1665/1557/2935
f 1714/1589/2936 1601/1490/2936 1610/1501/2936
f 1632/1517/2937 1695/1590/2937 1633/1524/2937
f 1696/1591/2938 1666/1558/2938 1633/1524/2938
f 1667/1559/2939 1697/1592/2939 1612/1503/2939
f 1697/1592/2940 1634/1525/2940 1612/1503/2940
f 1668/1560/2941 1652/1544/2941 1589/1470/2941
f 1669/1561/2942 1698/1593/2942 1653/1545/2942
f 1698/1593/2943 1635/1526/2943 1653/1545/2943
f 1698/1593/2944 1670/1562/2944 1635/1526/2944
f 1699/1594/2945 1672/1564/2945 1636/1546/2945
f 1701/1595/2946 1615/1507/2946 1654/1527/2946
f 1702/1596/2947 46/1508/2947 1624/1518/2947
f 48/1597/2948 1638/1549/2948 47/1548/2948
f 1703/1598/2949 1655/1550/2949 1638/1549/2949
f 1656/1551/2950 1639/1528/2950 1655/1550/2950
f 1656/1551/2951 1744/1599/2951 1657/1552/2951
f 1704/1600/2952 1674/1566/2952 1657/1552/2952
f 1674/1566/2953 1641/1530/2953 1640/1529/2953
f 1675/1567/2954 1676/1580/2954 1563/1457/2954
f 1676/1580/2955 1688/1581/2955 1605/1495/2955
f 1691/1584/2956 1705/1601/2956 1618/1511/2956
f 1705/1601/2957 1660/1571/2957 1618/1511/2957
f 1705/1601/2958 1680/1572/2958 1660/1571/2958
f 1680/1572/2959 1706/1602/2959 1647/1538/2959
f 1706/1602/2960 1648/1539/2960 1647/1538/2960
f 1706/1602/2961 1681/1573/2961 1648/1539/2961
f 1681/1573/2962 1707/1603/2962 1626/1520/2962
f 1707/1603/2963 1627/1540/2963 1626/1520/2963
f 1627/1540/2964 1692/1585/2964 1649/1541/2964
f 1708/1586/2965 1661/1553/2965 1692/1585/2965
f 1709/1604/2966 1650/1542/2966 1708/1586/2966
f 1709/1604/2967 1682/1574/2967 1650/1542/2967
f 1683/1575/2968 1710/1605/2968 1628/1521/2968
f 1710/1605/2969 1663/1555/2969 1628/1521/2969
f 1684/1576/2970 1609/1499/2970 1622/1515/2970
f 1711/1606/2971 1629/1522/2971 1609/1499/2971
f 1712/1607/2972 1685/1577/2972 1630/1516/2972
f 1713/1608/2973 1686/1578/2973 1685/1577/2973
f 1686/1578/2974 1694/1588/2974 1665/1557/2974
f 1694/1588/2975 1651/1543/2975 1631/1523/2975
f 1694/1588/2976 1714/1589/2976 1651/1543/2976
f 1714/1589/2977 1610/1501/2977 1651/1543/2977
f 1715/1609/2978 1632/1517/2978 1601/1490/2978
f 1695/1590/2979 1696/1591/2979 1633/1524/2979
f 1668/1560/2980 1669/1561/2980 1652/1544/2980
f 1672/1564/2981 1700/1610/2981 1673/1565/2981
f 1700/1610/2982 1637/1547/2982 1673/1565/2982
f 1700/1610/2983 1716/1611/2983 1637/1547/2983
f 1716/1611/2984 1654/1527/2984 1637/1547/2984
f 1615/1507/2985 1717/1612/2985 1624/1518/2985
f 1717/1612/2986 1702/1596/2986 1624/1518/2986
f 48/1597/2987 1703/1598/2987 1638/1549/2987
f 1744/1599/2988 1718/1613/2988 1657/1552/2988
f 1718/1613/2989 1704/1600/2989 1657/1552/2989
f 1642/1531/2990 1720/1614/2990 1617/1510/2990
f 1689/1582/2991 1678/1569/2991 1643/1534/2991
f 1722/1615/2992 1691/1584/2992 1690/1583/2992
f 1705/1601/2993 1706/1602/2993 1680/1572/2993
f 1707/1603/2994 1692/1585/2994 1627/1540/2994
f 1723/1616/2995 1683/1575/2995 1662/1554/2995
f 1710/1605/2996 1684/1576/2996 1663/1555/2996
f 1711/1606/2997 1724/1617/2997 1629/1522/2997
f 1664/1556/2998 1712/1607/2998 1630/1516/2998
f 1712/1607/2999 1713/1608/2999 1685/1577/2999
f 1725/1618/3000 1694/1588/3000 1686/1578/3000
f 1726/1619/3001 1714/1589/3001 1694/1588/3001
f 1727/1620/3002 1715/1609/3002 1714/1589/3002
f 1715/1609/3003 1601/1490/3003 1714/1589/3003
f 1666/1558/3004 1728/1621/3004 1687/1579/3004
f 1728/1621/3005 1667/1559/3005 1687/1579/3005
f 1729/1622/3006 1634/1525/3006 1697/1592/3006
f 1731/1623/3007 1699/1594/3007 1636/1546/3007
f 1732/1624/3008 1700/1610/3008 1672/1564/3008
f 1716/1611/3009 1701/1595/3009 1654/1527/3009
f 1733/1625/3010 1656/1551/3010 1655/1550/3010
f 1719/1626/3011 1641/1530/3011 1674/1566/3011
f 1720/1614/3012 1734/1627/3012 1617/1510/3012
f 1734/1627/3013 1658/1532/3013 1617/1510/3013
f 1689/1582/3014 1644/1535/3014 1678/1569/3014
f 1689/1582/3015 1721/1628/3015 1644/1535/3015
f 1644/1535/3016 1722/1615/3016 1679/1570/3016
f 1722/1615/3017 1690/1583/3017 1679/1570/3017
f 1735/1629/3018 1705/1601/3018 1691/1584/3018
f 1693/1587/3019 1736/1630/3019 1662/1554/3019
f 1736/1630/3020 1723/1616/3020 1662/1554/3020
f 1684/1576/3021 1764/1631/3021 1609/1499/3021
f 1764/1631/3022 1711/1606/3022 1609/1499/3022
f 1724/1617/3023 1664/1556/3023 1629/1522/3023
f 1737/1632/3024 1712/1607/3024 1664/1556/3024
f 1713/1608/3025 1725/1618/3025 1686/1578/3025
f 1738/1633/3026 1726/1619/3026 1694/1588/3026
f 1695/1590/3027 1632/1517/3027 1715/1609/3027
f 1739/1634/3028 1728/1621/3028 1666/1558/3028
f 1728/1621/3029 1740/1635/3029 1667/1559/3029
f 1669/1561/3030 1741/1636/3030 1698/1593/3030
f 1741/1636/3031 1670/1562/3031 1698/1593/3031
f 1741/1636/3032 1671/1563/3032 1670/1562/3032
f 1671/1563/3033 1731/1623/3033 1636/1546/3033
f 1699/1594/3034 1742/1637/3034 1672/1564/3034
f 1742/1637/3035 1732/1624/3035 1672/1564/3035
f 1732/1624/3036 1716/1611/3036 1700/1610/3036
f 1743/1638/3037 1615/1507/3037 1701/1595/3037
f 1717/1612/3038 49/1639/3038 1702/1596/3038
f 1733/1625/3039 1744/1599/3039 1656/1551/3039
f 1745/1640/3040 1718/1613/3040 1744/1599/3040
f 1719/1626/3041 1675/1567/3041 1641/1530/3041
f 1719/1626/3042 1746/1641/3042 1675/1567/3042
f 1676/1580/3043 1642/1531/3043 1688/1581/3043
f 1677/1568/3044 1770/1642/3044 1659/1533/3044
f 1747/1643/3045 1689/1582/3045 1659/1533/3045
f 1721/1628/3046 1748/1644/3046 1644/1535/3046
f 1748/1644/3047 1722/1615/3047 1644/1535/3047
f 1735/1629/3048 1691/1584/3048 1722/1615/3048
f 1705/1601/3049 1749/1645/3049 1706/1602/3049
f 1749/1645/3050 1750/1646/3050 1706/1602/3050
f 1751/1647/3051 1681/1573/3051 1706/1602/3051
f 1751/1647/3052 1752/1648/3052 1681/1573/3052
f 1752/1648/3053 1707/1603/3053 1681/1573/3053
f 1752/1648/3054 1708/1586/3054 1692/1585/3054
f 1753/1649/3055 1682/1574/3055 1709/1604/3055
f 1712/1607/3056 1754/1650/3056 1713/1608/3056
f 1754/1650/3057 1725/1618/3057 1713/1608/3057
f 1727/1620/3058 1714/1589/3058 1726/1619/3058
f 1755/1651/3059 1695/1590/3059 1715/1609/3059
f 1756/1652/3060 1696/1591/3060 1695/1590/3060
f 1740/1635/3061 1697/1592/3061 1667/1559/3061
f 1740/1635/3062 1729/1622/3062 1697/1592/3062
f 1757/1653/3063 1634/1525/3063 1729/1622/3063
f 1634/1525/3064 1757/1653/3064 1668/1560/3064
f 1730/1654/3065 1669/1561/3065 1668/1560/3065
f 1730/1654/3066 1741/1636/3066 1669/1561/3066
f 1758/1655/3067 1716/1611/3067 1732/1624/3067
f 1759/1656/3068 1717/1612/3068 1615/1507/3068
f 1703/1598/3069 1733/1625/3069 1655/1550/3069
f 1746/1641/3070 1676/1580/3070 1675/1567/3070
f 1760/1657/3071 1642/1531/3071 1676/1580/3071
f 1760/1657/3072 1720/1614/3072 1642/1531/3072
f 1734/1627/3073 1677/1568/3073 1658/1532/3073
f 1761/1658/3074 1747/1643/3074 1659/1533/3074
f 1735/1629/3075 1749/1645/3075 1705/1601/3075
f 1750/1646/3076 1751/1647/3076 1706/1602/3076
f 1752/1648/3077 1692/1585/3077 1707/1603/3077
f 1752/1648/3078 1762/1659/3078 1708/1586/3078
f 1762/1659/3079 1709/1604/3079 1708/1586/3079
f 1736/1630/3080 1693/1587/3080 1682/1574/3080
f 1723/1616/3081 1710/1605/3081 1683/1575/3081
f 1737/1632/3082 1664/1556/3082 1724/1617/3082
f 1737/1632/3083 1754/1650/3083 1712/1607/3083
f 1725/1618/3084 1738/1633/3084 1694/1588/3084
f 1765/1660/3085 1739/1634/3085 1696/1591/3085
f 1739/1634/3086 1666/1558/3086 1696/1591/3086
f 1739/1634/3087 1740/1635/3087 1728/1621/3087
f 1730/1654/3088 1668/1560/3088 1757/1653/3088
f 1730/1654/3089 1792/1661/3089 1741/1636/3089
f 1783/1662/3090 1731/1623/3090 1671/1563/3090
f 1731/1623/3091 1742/1637/3091 1699/1594/3091
f 1758/1655/3092 1766/1663/3092 1716/1611/3092
f 1716/1611/3093 1743/1638/3093 1701/1595/3093
f 1759/1656/3094 1615/1507/3094 1743/1638/3094
f 1767/1664/3095 49/1639/3095 1717/1612/3095
f 1768/1665/3096 1703/1598/3096 48/1597/3096
f 1733/1625/3097 1745/1640/3097 1744/1599/3097
f 1769/1666/3098 1704/1600/3098 1718/1613/3098
f 1786/1667/3099 1746/1641/3099 1719/1626/3099
f 1734/1627/3100 1770/1642/3100 1677/1568/3100
f 1770/1642/3101 1761/1658/3101 1659/1533/3101
f 1747/1643/3102 1721/1628/3102 1689/1582/3102
f 1771/1668/3103 1748/1644/3103 1721/1628/3103
f 1748/1644/3104 1735/1629/3104 1722/1615/3104
f 1762/1659/3105 1753/1649/3105 1709/1604/3105
f 1682/1574/3106 1773/1669/3106 1736/1630/3106
f 1774/1670/3107 1723/1616/3107 1736/1630/3107
f 1775/1671/3108 1684/1576/3108 1710/1605/3108
f 1711/1606/3109 1776/1672/3109 1724/1617/3109
f 1776/1672/3110 1737/1632/3110 1724/1617/3110
f 1754/1650/3111 1777/1673/3111 1725/1618/3111
f 1778/1674/3112 1727/1620/3112 1726/1619/3112
f 1779/1675/3113 1715/1609/3113 1727/1620/3113
f 1715/1609/3114 1780/1676/3114 1755/1651/3114
f 1755/1651/3115 1756/1652/3115 1695/1590/3115
f 1756/1652/3116 1765/1660/3116 1696/1591/3116
f 1781/1677/3117 1730/1654/3117 1757/1653/3117
f 1782/1678/3118 1792/1661/3118 1730/1654/3118
f 1783/1662/3119 1671/1563/3119 1741/1636/3119
f 1784/1679/3120 1742/1637/3120 1731/1623/3120
f 1742/1637/3121 1758/1655/3121 1732/1624/3121
f 1766/1663/3122 1743/1638/3122 1716/1611/3122
f 1768/1665/3123 1733/1625/3123 1703/1598/3123
f 1718/1613/3124 1785/1680/3124 1769/1666/3124
f 1769/1666/3125 1785/1680/3125 1704/1600/3125
f 1785/1680/3126 1674/1566/3126 1704/1600/3126
f 1674/1566/3127 1786/1667/3127 1719/1626/3127
f 1787/1681/3128 1720/1614/3128 1760/1657/3128
f 1747/1643/3129 1771/1668/3129 1721/1628/3129
f 1771/1668/3130 1735/1629/3130 1748/1644/3130
f 1772/1682/3131 1749/1645/3131 1735/1629/3131
f 1763/1683/3132 1682/1574/3132 1753/1649/3132
f 1763/1683/3133 1773/1669/3133 1682/1574/3133
f 1774/1670/3134 1788/1684/3134 1723/1616/3134
f 1723/1616/3135 1775/1671/3135 1710/1605/3135
f 1777/1673/3136 1789/1685/3136 1725/1618/3136
f 1738/1633/3137 1778/1674/3137 1726/1619/3137
f 1779/1675/3138 1780/1676/3138 1715/1609/3138
f 1790/1686/3139 1765/1660/3139 1756/1652/3139
f 1765/1660/3140 1791/1687/3140 1739/1634/3140
f 1729/1622/3141 1781/1677/3141 1757/1653/3141
f 1782/1678/3142 1730/1654/3142 1781/1677/3142
f 1783/1662/3143 1793/1688/3143 1731/1623/3143
f 1793/1688/3144 1784/1679/3144 1731/1623/3144
f 1794/1689/3145 1743/1638/3145 1766/1663/3145
f 1795/1690/3146 1718/1613/3146 1745/1640/3146
f 1785/1680/3147 1786/1667/3147 1674/1566/3147
f 1796/1691/3148 1676/1580/3148 1746/1641/3148
f 1676/1580/3149 1797/1692/3149 1760/1657/3149
f 1787/1681/3150 1734/1627/3150 1720/1614/3150
f 1771/1668/3151 1810/1693/3151 1735/1629/3151
f 1750/1646/3152 1798/1694/3152 1751/1647/3152
f 1751/1647/3153 1799/1695/3153 1752/1648/3153
f 1799/1695/3154 1762/1659/3154 1752/1648/3154
f 1773/1669/3155 1774/1670/3155 1736/1630/3155
f 1788/1684/3156 1775/1671/3156 1723/1616/3156
f 1775/1671/3157 1764/1631/3157 1684/1576/3157
f 1764/1631/3158 1776/1672/3158 1711/1606/3158
f 1801/1696/3159 1754/1650/3159 1737/1632/3159
f 1738/1633/3160 1725/1618/3160 1789/1685/3160
f 1778/1674/3161 1779/1675/3161 1727/1620/3161
f 1814/1697/3162 1756/1652/3162 1755/1651/3162
f 1791/1687/3163 1740/1635/3163 1739/1634/3163
f 1804/1698/3164 1729/1622/3164 1740/1635/3164
f 1804/1698/3165 1781/1677/3165 1729/1622/3165
f 1792/1661/3166 1783/1662/3166 1741/1636/3166
f 1805/1699/3167 1793/1688/3167 1783/1662/3167
f 1829/1700/3168 1766/1663/3168 1742/1637/3168
f 1766/1663/3169 1758/1655/3169 1742/1637/3169
f 1794/1689/3170 1806/1701/3170 1743/1638/3170
f 1806/1701/3171 1759/1656/3171 1743/1638/3171
f 1767/1664/3172 1717/1612/3172 1759/1656/3172
f 51/1702/3173 49/1639/3173 1767/1664/3173
f 1795/1690/3174 1785/1680/3174 1718/1613/3174
f 1797/1692/3175 1787/1681/3175 1760/1657/3175
f 1734/1627/3176 1808/1703/3176 1770/1642/3176
f 1761/1658/3177 1809/1704/3177 1747/1643/3177
f 1809/1704/3178 1771/1668/3178 1747/1643/3178
f 1772/1682/3179 1735/1629/3179 1810/1693/3179
f 1811/1705/3180 1749/1645/3180 1772/1682/3180
f 1798/1694/3181 1799/1695/3181 1751/1647/3181
f 1812/1706/3182 1753/1649/3182 1762/1659/3182
f 1812/1706/3183 1763/1683/3183 1753/1649/3183
f 1813/1707/3184 1773/1669/3184 1763/1683/3184
f 1813/1707/3185 1774/1670/3185 1773/1669/3185
f 1801/1696/3186 1777/1673/3186 1754/1650/3186
f 1789/1685/3187 1802/1708/3187 1738/1633/3187
f 1778/1674/3188 1823/1709/3188 1779/1675/3188
f 1780/1676/3189 1814/1697/3189 1755/1651/3189
f 1814/1697/3190 1790/1686/3190 1756/1652/3190
f 1790/1686/3191 1803/1710/3191 1765/1660/3191
f 1803/1710/3192 1791/1687/3192 1765/1660/3192
f 1815/1711/3193 1782/1678/3193 1781/1677/3193
f 1784/1679/3194 1829/1700/3194 1742/1637/3194
f 1806/1701/3195 1817/1712/3195 1759/1656/3195
f 1817/1712/3196 1767/1664/3196 1759/1656/3196
f 1767/1664/3197 1832/1713/3197 51/1702/3197
f 50/1714/3198 1768/1665/3198 48/1597/3198
f 1818/1715/3199 1733/1625/3199 1768/1665/3199
f 1818/1715/3200 1745/1640/3200 1733/1625/3200
f 1807/1716/3201 1795/1690/3201 1745/1640/3201
f 1786/1667/3202 1796/1691/3202 1746/1641/3202
f 1796/1691/3203 1797/1692/3203 1676/1580/3203
f 1819/1717/3204 1809/1704/3204 1761/1658/3204
f 1809/1704/3205 1810/1693/3205 1771/1668/3205
f 1820/1718/3206 1763/1683/3206 1812/1706/3206
f 1800/1719/3207 1788/1684/3207 1774/1670/3207
f 1821/1720/3208 1737/1632/3208 1776/1672/3208
f 1821/1720/3209 1801/1696/3209 1737/1632/3209
f 1822/1721/3210 1738/1633/3210 1802/1708/3210
f 1738/1633/3211 1822/1721/3211 1778/1674/3211
f 1823/1709/3212 1780/1676/3212 1779/1675/3212
f 1803/1710/3213 1824/1722/3213 1791/1687/3213
f 1824/1722/3214 1825/1723/3214 1791/1687/3214
f 1825/1723/3215 1740/1635/3215 1791/1687/3215
f 1825/1723/3216 1804/1698/3216 1740/1635/3216
f 1782/1678/3217 1816/1724/3217 1792/1661/3217
f 1827/1725/3218 1783/1662/3218 1792/1661/3218
f 1828/1726/3219 1793/1688/3219 1805/1699/3219
f 1828/1726/3220 1784/1679/3220 1793/1688/3220
f 1831/1727/3221 1794/1689/3221 1766/1663/3221
f 1833/1728/3222 1797/1692/3222 1796/1691/3222
f 1808/1703/3223 1834/1729/3223 1770/1642/3223
f 1834/1729/3224 1761/1658/3224 1770/1642/3224
f 1819/1717/3225 1835/1730/3225 1809/1704/3225
f 1836/1731/3226 1799/1695/3226 1798/1694/3226
f 1836/1731/3227 1837/1732/3227 1799/1695/3227
f 1837/1732/3228 1762/1659/3228 1799/1695/3228
f 1820/1718/3229 1813/1707/3229 1763/1683/3229
f 1775/1671/3230 1838/1733/3230 1764/1631/3230
f 1838/1733/3231 1776/1672/3231 1764/1631/3231
f 1821/1720/3232 1839/1734/3232 1801/1696/3232
f 1839/1734/3233 1777/1673/3233 1801/1696/3233
f 1850/1735/3234 1790/1686/3234 1814/1697/3234
f 1851/1736/3235 1840/1737/3235 1804/1698/3235
f 1840/1737/3236 1781/1677/3236 1804/1698/3236
f 1815/1711/3237 1781/1677/3237 1826/1738/3237
f 1816/1724/3238 1827/1725/3238 1792/1661/3238
f 1842/1739/3239 1784/1679/3239 1828/1726/3239
f 1842/1739/3240 1829/1700/3240 1784/1679/3240
f 1830/1740/3241 1831/1727/3241 1766/1663/3241
f 1831/1727/3242 1806/1701/3242 1794/1689/3242
f 1817/1712/3243 1832/1713/3243 1767/1664/3243
f 1843/1741/3244 1785/1680/3244 1795/1690/3244
f 1843/1741/3245 1786/1667/3245 1785/1680/3245
f 1844/1742/3246 1796/1691/3246 1786/1667/3246
f 1833/1728/3247 1845/1743/3247 1797/1692/3247
f 1846/1744/3248 1772/1682/3248 1810/1693/3248
f 1811/1705/3249 1750/1646/3249 1749/1645/3249
f 1750/1646/3250 1836/1731/3250 1798/1694/3250
f 1848/1745/3251 1776/1672/3251 1838/1733/3251
f 1776/1672/3252 1848/1745/3252 1821/1720/3252
f 1822/1721/3253 1823/1709/3253 1778/1674/3253
f 1823/1709/3254 1849/1746/3254 1780/1676/3254
f 1849/1746/3255 1814/1697/3255 1780/1676/3255
f 1849/1746/3256 1850/1735/3256 1814/1697/3256
f 1824/1722/3257 1851/1736/3257 1825/1723/3257
f 1851/1736/3258 1804/1698/3258 1825/1723/3258
f 1840/1737/3259 1826/1738/3259 1781/1677/3259
f 1827/1725/3260 1805/1699/3260 1783/1662/3260
f 1841/1747/3261 1828/1726/3261 1805/1699/3261
f 1829/1700/3262 1830/1740/3262 1766/1663/3262
f 1852/1748/3263 1817/1712/3263 1806/1701/3263
f 1807/1716/3264 1745/1640/3264 1818/1715/3264
f 1853/1749/3265 1795/1690/3265 1807/1716/3265
f 1853/1749/3266 1843/1741/3266 1795/1690/3266
f 1854/1750/3267 1844/1742/3267 1786/1667/3267
f 1787/1681/3268 1808/1703/3268 1734/1627/3268
f 1834/1729/3269 1819/1717/3269 1761/1658/3269
f 1835/1730/3270 1855/1751/3270 1809/1704/3270
f 1855/1751/3271 1810/1693/3271 1809/1704/3271
f 1855/1751/3272 1846/1744/3272 1810/1693/3272
f 1856/1752/3273 1811/1705/3273 1772/1682/3273
f 1837/1732/3274 1858/1753/3274 1762/1659/3274
f 1858/1753/3275 1812/1706/3275 1762/1659/3275
f 1859/1754/3276 1774/1670/3276 1813/1707/3276
f 1800/1719/3277 1860/1755/3277 1788/1684/3277
f 1861/1756/3278 1775/1671/3278 1788/1684/3278
f 1861/1756/3279 1838/1733/3279 1775/1671/3279
f 1847/1757/3280 1848/1745/3280 1838/1733/3280
f 1862/1758/3281 1839/1734/3281 1821/1720/3281
f 1874/1759/3282 1822/1721/3282 1802/1708/3282
f 1822/1721/3283 1849/1746/3283 1823/1709/3283
f 1850/1735/3284 1803/1710/3284 1790/1686/3284
f 1863/1760/3285 1824/1722/3285 1803/1710/3285
f 1815/1711/3286 1816/1724/3286 1782/1678/3286
f 1865/1761/3287 1827/1725/3287 1816/1724/3287
f 1866/1762/3288 1828/1726/3288 1841/1747/3288
f 1866/1762/3289 1842/1739/3289 1828/1726/3289
f 1867/1763/3290 1830/1740/3290 1829/1700/3290
f 1852/1748/3291 1806/1701/3291 1831/1727/3291
f 1868/1764/3292 1832/1713/3292 1817/1712/3292
f 1832/1713/3293 52/1765/3293 51/1702/3293
f 1869/1766/3294 1807/1716/3294 1818/1715/3294
f 1845/1743/3295 1882/1767/3295 1797/1692/3295
f 1882/1767/3296 1787/1681/3296 1797/1692/3296
f 1870/1768/3297 1834/1729/3297 1808/1703/3297
f 1834/1729/3298 1871/1769/3298 1819/1717/3298
f 1872/1770/3299 1835/1730/3299 1819/1717/3299
f 1872/1770/3300 1855/1751/3300 1835/1730/3300
f 1846/1744/3301 1856/1752/3301 1772/1682/3301
f 1873/1771/3302 1836/1731/3302 1750/1646/3302
f 1857/1772/3303 1858/1753/3303 1837/1732/3303
f 1859/1754/3304 1813/1707/3304 1820/1718/3304
f 1859/1754/3305 1800/1719/3305 1774/1670/3305
f 1860/1755/3306 1861/1756/3306 1788/1684/3306
f 1848/1745/3307 1862/1758/3307 1821/1720/3307
f 1777/1673/3308 1874/1759/3308 1789/1685/3308
f 1874/1759/3309 1802/1708/3309 1789/1685/3309
f 1875/1773/3310 1876/1774/3310 1803/1710/3310
f 1876/1774/3311 1863/1760/3311 1803/1710/3311
f 1877/1775/3312 1851/1736/3312 1824/1722/3312
f 1851/1736/3313 1878/1776/3313 1840/1737/3313
f 1878/1776/3314 1826/1738/3314 1840/1737/3314
f 1878/1776/3315 1864/1777/3315 1826/1738/3315
f 1864/1777/3316 1815/1711/3316 1826/1738/3316
f 1815/1711/3317 1865/1761/3317 1816/1724/3317
f 1888/1778/3318 1841/1747/3318 1805/1699/3318
f 1866/1762/3319 1880/1779/3319 1842/1739/3319
f 1867/1763/3320 1831/1727/3320 1830/1740/3320
f 1852/1748/3321 1868/1764/3321 1817/1712/3321
f 52/1765/3322 1832/1713/3322 1868/1764/3322
f 54/1780/3323 1768/1665/3323 50/1714/3323
f 54/1780/3324 1869/1766/3324 1768/1665/3324
f 1869/1766/3325 1818/1715/3325 1768/1665/3325
f 1869/1766/3326 1881/1781/3326 1807/1716/3326
f 1881/1781/3327 1853/1749/3327 1807/1716/3327
f 1844/1742/3328 1833/1728/3328 1796/1691/3328
f 1882/1767/3329 1808/1703/3329 1787/1681/3329
f 1883/1782/3330 1870/1768/3330 1808/1703/3330
f 1870/1768/3331 1871/1769/3331 1834/1729/3331
f 1871/1769/3332 1872/1770/3332 1819/1717/3332
f 1884/1783/3333 1846/1744/3333 1855/1751/3333
f 1836/1731/3334 1857/1772/3334 1837/1732/3334
f 1858/1753/3335 1820/1718/3335 1812/1706/3335
f 1885/1784/3336 1847/1757/3336 1838/1733/3336
f 1839/1734/3337 1874/1759/3337 1777/1673/3337
f 1886/1785/3338 1803/1710/3338 1850/1735/3338
f 1886/1785/3339 1875/1773/3339 1803/1710/3339
f 1865/1761/3340 1887/1786/3340 1827/1725/3340
f 1888/1778/3341 1805/1699/3341 1827/1725/3341
f 1917/1787/3342 1880/1779/3342 1866/1762/3342
f 1867/1763/3343 1889/1788/3343 1831/1727/3343
f 1889/1788/3344 1890/1789/3344 1831/1727/3344
f 1892/1790/3345 1843/1741/3345 1853/1749/3345
f 1844/1742/3346 1845/1743/3346 1833/1728/3346
f 1893/1791/3347 1856/1752/3347 1846/1744/3347
f 1811/1705/3348 1873/1771/3348 1750/1646/3348
f 1894/1792/3349 1857/1772/3349 1836/1731/3349
f 1885/1784/3350 1838/1733/3350 1861/1756/3350
f 1895/1793/3351 1848/1745/3351 1847/1757/3351
f 1895/1793/3352 1896/1794/3352 1848/1745/3352
f 1848/1745/3353 1907/1795/3353 1862/1758/3353
f 1897/1796/3354 1839/1734/3354 1862/1758/3354
f 1898/1797/3355 1822/1721/3355 1874/1759/3355
f 1898/1797/3356 1849/1746/3356 1822/1721/3356
f 1899/1798/3357 1824/1722/3357 1863/1760/3357
f 1899/1798/3358 1877/1775/3358 1824/1722/3358
f 1877/1775/3359 1878/1776/3359 1851/1736/3359
f 1887/1786/3360 1888/1778/3360 1827/1725/3360
f 1842/1739/3361 1867/1763/3361 1829/1700/3361
f 1890/1789/3362 1852/1748/3362 1831/1727/3362
f 1890/1789/3363 1891/1799/3363 1852/1748/3363
f 1900/1800/3364 1869/1766/3364 54/1780/3364
f 1892/1790/3365 1786/1667/3365 1843/1741/3365
f 1892/1790/3366 1854/1750/3366 1786/1667/3366
f 1943/1801/3367 1808/1703/3367 1882/1767/3367
f 1871/1769/3368 1902/1802/3368 1872/1770/3368
f 1872/1770/3369 1902/1802/3369 1855/1751/3369
f 1903/1803/3370 1855/1751/3370 1902/1802/3370
f 1893/1791/3371 1846/1744/3371 1884/1783/3371
f 1873/1771/3372 1894/1792/3372 1836/1731/3372
f 1858/1753/3373 1904/1804/3373 1820/1718/3373
f 1860/1755/3374 1905/1805/3374 1861/1756/3374
f 1905/1805/3375 1906/1806/3375 1861/1756/3375
f 1906/1806/3376 1885/1784/3376 1861/1756/3376
f 1896/1794/3377 1907/1795/3377 1848/1745/3377
f 1909/1807/3378 1849/1746/3378 1898/1797/3378
f 1909/1807/3379 1910/1808/3379 1849/1746/3379
f 1910/1808/3380 1850/1735/3380 1849/1746/3380
f 1910/1808/3381 1911/1809/3381 1850/1735/3381
f 1911/1809/3382 1886/1785/3382 1850/1735/3382
f 1912/1810/3383 1876/1774/3383 1875/1773/3383
f 1876/1774/3384 1913/1811/3384 1863/1760/3384
f 1913/1811/3385 1899/1798/3385 1863/1760/3385
f 1914/1812/3386 1864/1777/3386 1878/1776/3386
f 1864/1777/3387 1915/1813/3387 1815/1711/3387
f 1915/1813/3388 1879/1814/3388 1815/1711/3388
f 1879/1814/3389 1865/1761/3389 1815/1711/3389
f 1879/1814/3390 1887/1786/3390 1865/1761/3390
f 1916/1815/3391 1841/1747/3391 1888/1778/3391
f 1916/1815/3392 1866/1762/3392 1841/1747/3392
f 1916/1815/3393 1917/1787/3393 1866/1762/3393
f 1880/1779/3394 1867/1763/3394 1842/1739/3394
f 1926/1816/3395 52/1765/3395 1868/1764/3395
f 1926/1816/3396 53/1817/3396 52/1765/3396
f 1940/1818/3397 1881/1781/3397 1869/1766/3397
f 1881/1781/3398 1918/1819/3398 1853/1749/3398
f 1918/1819/3399 1892/1790/3399 1853/1749/3399
f 1854/1750/3400 1919/1820/3400 1844/1742/3400
f 1845/1743/3401 1901/1821/3401 1882/1767/3401
f 1943/1801/3402 1883/1782/3402 1808/1703/3402
f 1870/1768/3403 1902/1802/3403 1871/1769/3403
f 1903/1803/3404 1884/1783/3404 1855/1751/3404
f 1856/1752/3405 1920/1822/3405 1811/1705/3405
f 1920/1822/3406 1873/1771/3406 1811/1705/3406
f 1921/1823/3407 1857/1772/3407 1894/1792/3407
f 1921/1823/3408 1858/1753/3408 1857/1772/3408
f 1904/1804/3409 1859/1754/3409 1820/1718/3409
f 1907/1795/3410 1897/1796/3410 1862/1758/3410
f 1897/1796/3411 1908/1824/3411 1839/1734/3411
f 1908/1824/3412 1874/1759/3412 1839/1734/3412
f 1923/1825/3413 1898/1797/3413 1874/1759/3413
f 1946/1826/3414 1909/1807/3414 1898/1797/3414
f 1924/1827/3415 1886/1785/3415 1911/1809/3415
f 1886/1785/3416 1912/1810/3416 1875/1773/3416
f 1912/1810/3417 1913/1811/3417 1876/1774/3417
f 1877/1775/3418 1914/1812/3418 1878/1776/3418
f 1914/1812/3419 1915/1813/3419 1864/1777/3419
f 1879/1814/3420 1964/1828/3420 1887/1786/3420
f 1925/1829/3421 1868/1764/3421 1852/1748/3421
f 1925/1829/3422 1926/1816/3422 1868/1764/3422
f 55/1830/3423 1900/1800/3423 54/1780/3423
f 1900/1800/3424 1940/1818/3424 1869/1766/3424
f 1919/1820/3425 1845/1743/3425 1844/1742/3425
f 1919/1820/3426 1901/1821/3426 1845/1743/3426
f 1883/1782/3427 1902/1802/3427 1870/1768/3427
f 1903/1803/3428 1893/1791/3428 1884/1783/3428
f 1920/1822/3429 1927/1831/3429 1873/1771/3429
f 1927/1831/3430 1894/1792/3430 1873/1771/3430
f 1904/1804/3431 1922/1832/3431 1859/1754/3431
f 1859/1754/3432 1922/1832/3432 1800/1719/3432
f 1922/1832/3433 1860/1755/3433 1800/1719/3433
f 1895/1793/3434 1931/1833/3434 1896/1794/3434
f 1931/1833/3435 1907/1795/3435 1896/1794/3435
f 1932/1834/3436 1908/1824/3436 1897/1796/3436
f 1908/1824/3437 1923/1825/3437 1874/1759/3437
f 1933/1835/3438 1910/1808/3438 1909/1807/3438
f 1910/1808/3439 1933/1835/3439 1911/1809/3439
f 1924/1827/3440 1912/1810/3440 1886/1785/3440
f 1934/1836/3441 1899/1798/3441 1913/1811/3441
f 1935/1837/3442 1887/1786/3442 1964/1828/3442
f 1936/1838/3443 1888/1778/3443 1887/1786/3443
f 1937/1839/3444 1916/1815/3444 1888/1778/3444
f 1917/1787/3445 1938/1840/3445 1880/1779/3445
f 1938/1840/3446 1867/1763/3446 1880/1779/3446
f 1867/1763/3447 1939/1841/3447 1889/1788/3447
f 1926/1816/3448 56/1842/3448 53/1817/3448
f 1918/1819/3449 1881/1781/3449 1940/1818/3449
f 1941/1843/3450 1892/1790/3450 1918/1819/3450
f 1944/1844/3451 1920/1822/3451 1856/1752/3451
f 1927/1831/3452 1921/1823/3452 1894/1792/3452
f 1921/1823/3453 1928/1845/3453 1858/1753/3453
f 1922/1832/3454 1905/1805/3454 1860/1755/3454
f 1906/1806/3455 1930/1846/3455 1885/1784/3455
f 1931/1833/3456 1945/1847/3456 1907/1795/3456
f 1945/1847/3457 1897/1796/3457 1907/1795/3457
f 1945/1847/3458 1932/1834/3458 1897/1796/3458
f 1923/1825/3459 1946/1826/3459 1898/1797/3459
f 1947/1848/3460 1924/1827/3460 1911/1809/3460
f 1934/1836/3461 1877/1775/3461 1899/1798/3461
f 1963/1849/3462 1914/1812/3462 1877/1775/3462
f 1963/1849/3463 1948/1850/3463 1914/1812/3463
f 1948/1850/3464 1915/1813/3464 1914/1812/3464
f 1935/1837/3465 1936/1838/3465 1887/1786/3465
f 1936/1838/3466 1937/1839/3466 1888/1778/3466
f 1939/1841/3467 1890/1789/3467 1889/1788/3467
f 1949/1851/3468 1852/1748/3468 1891/1799/3468
f 1949/1851/3469 1925/1829/3469 1852/1748/3469
f 55/1830/3470 1940/1818/3470 1900/1800/3470
f 1950/1852/3471 1854/1750/3471 1892/1790/3471
f 1982/1853/3472 1919/1820/3472 1854/1750/3472
f 1951/1854/3473 1882/1767/3473 1901/1821/3473
f 1942/1855/3474 1943/1801/3474 1882/1767/3474
f 1883/1782/3475 1952/1856/3475 1902/1802/3475
f 1953/1857/3476 1903/1803/3476 1902/1802/3476
f 1903/1803/3477 1954/1858/3477 1893/1791/3477
f 1858/1753/3478 1929/1859/3478 1904/1804/3478
f 1957/1860/3479 1922/1832/3479 1904/1804/3479
f 1958/1861/3480 1930/1846/3480 1906/1806/3480
f 1885/1784/3481 1959/1862/3481 1847/1757/3481
f 1960/1863/3482 1946/1826/3482 1923/1825/3482
f 1961/1864/3483 1933/1835/3483 1909/1807/3483
f 1933/1835/3484 1947/1848/3484 1911/1809/3484
f 1912/1810/3485 1962/1865/3485 1913/1811/3485
f 1963/1849/3486 1877/1775/3486 1934/1836/3486
f 1916/1815/3487 1979/1866/3487 1917/1787/3487
f 1938/1840/3488 1917/1787/3488 1979/1866/3488
f 1938/1840/3489 1939/1841/3489 1867/1763/3489
f 1965/1867/3490 1890/1789/3490 1939/1841/3490
f 1965/1867/3491 1891/1799/3491 1890/1789/3491
f 1965/1867/3492 1949/1851/3492 1891/1799/3492
f 1966/1868/3493 1940/1818/3493 55/1830/3493
f 1967/1869/3494 1918/1819/3494 1940/1818/3494
f 1941/1843/3495 1981/1870/3495 1892/1790/3495
f 1981/1870/3496 1950/1852/3496 1892/1790/3496
f 1968/1871/3497 1901/1821/3497 1919/1820/3497
f 1969/1872/3498 1883/1782/3498 1943/1801/3498
f 1970/1873/3499 1954/1858/3499 1903/1803/3499
f 1971/1874/3500 1920/1822/3500 1944/1844/3500
f 1920/1822/3501 1971/1874/3501 1927/1831/3501
f 1971/1874/3502 1955/1875/3502 1927/1831/3502
f 1928/1845/3503 1956/1876/3503 1858/1753/3503
f 1956/1876/3504 1972/1877/3504 1858/1753/3504
f 1972/1877/3505 1929/1859/3505 1858/1753/3505
f 1929/1859/3506 1957/1860/3506 1904/1804/3506
f 1930/1846/3507 1959/1862/3507 1885/1784/3507
f 1974/1878/3508 1975/1879/3508 1908/1824/3508
f 1975/1879/3509 1923/1825/3509 1908/1824/3509
f 1975/1879/3510 1960/1863/3510 1923/1825/3510
f 1946/1826/3511 1961/1864/3511 1909/1807/3511
f 1976/1880/3512 1947/1848/3512 1933/1835/3512
f 1977/1881/3513 1912/1810/3513 1924/1827/3513
f 1977/1881/3514 1962/1865/3514 1912/1810/3514
f 1962/1865/3515 1978/1882/3515 1913/1811/3515
f 1978/1882/3516 1934/1836/3516 1913/1811/3516
f 1992/1883/3517 1963/1849/3517 1934/1836/3517
f 1915/1813/3518 1964/1828/3518 1879/1814/3518
f 1979/1866/3519 1916/1815/3519 1937/1839/3519
f 58/1884/3520 1966/1868/3520 55/1830/3520
f 1966/1868/3521 1967/1869/3521 1940/1818/3521
f 1980/1885/3522 1941/1843/3522 1918/1819/3522
f 1999/1886/3523 1950/1852/3523 1981/1870/3523
f 1982/1853/3524 1854/1750/3524 1950/1852/3524
f 1951/1854/3525 1942/1855/3525 1882/1767/3525
f 1983/1887/3526 1883/1782/3526 1969/1872/3526
f 1953/1857/3527 1970/1873/3527 1903/1803/3527
f 1954/1858/3528 1856/1752/3528 1893/1791/3528
f 1954/1858/3529 1944/1844/3529 1856/1752/3529
f 1955/1875/3530 1921/1823/3530 1927/1831/3530
f 1984/1888/3531 1957/1860/3531 1929/1859/3531
f 1973/1889/3532 1985/1890/3532 1922/1832/3532
f 1986/1891/3533 1905/1805/3533 1922/1832/3533
f 1986/1891/3534 1906/1806/3534 1905/1805/3534
f 1986/1891/3535 1958/1861/3535 1906/1806/3535
f 1847/1757/3536 1987/1892/3536 1895/1793/3536
f 1987/1892/3537 1931/1833/3537 1895/1793/3537
f 1988/1893/3538 1945/1847/3538 1931/1833/3538
f 1988/1893/3539 1989/1894/3539 1945/1847/3539
f 1989/1894/3540 1932/1834/3540 1945/1847/3540
f 1932/1834/3541 1974/1878/3541 1908/1824/3541
f 1990/1895/3542 1946/1826/3542 1960/1863/3542
f 1990/1895/3543 1961/1864/3543 1946/1826/3543
f 1961/1864/3544 1976/1880/3544 1933/1835/3544
f 1947/1848/3545 1991/1896/3545 1924/1827/3545
f 1991/1896/3546 1977/1881/3546 1924/1827/3546
f 1978/1882/3547 1992/1883/3547 1934/1836/3547
f 1992/1883/3548 2002/1897/3548 1963/1849/3548
f 1963/1849/3549 1993/1898/3549 1948/1850/3549
f 1948/1850/3550 1964/1828/3550 1915/1813/3550
f 1994/1899/3551 1937/1839/3551 1936/1838/3551
f 1994/1899/3552 1979/1866/3552 1937/1839/3552
f 2004/1900/3553 1938/1840/3553 1979/1866/3553
f 1965/1867/3554 1995/1901/3554 1949/1851/3554
f 1949/1851/3555 1996/1902/3555 1925/1829/3555
f 1997/1903/3556 1926/1816/3556 1925/1829/3556
f 1998/1904/3557 56/1842/3557 1926/1816/3557
f 1999/1886/3558 1982/1853/3558 1950/1852/3558
f 1968/1871/3559 1951/1854/3559 1901/1821/3559
f 1942/1855/3560 1969/1872/3560 1943/1801/3560
f 1955/1875/3561 1928/1845/3561 1921/1823/3561
f 1972/1877/3562 1984/1888/3562 1929/1859/3562
f 1957/1860/3563 1973/1889/3563 1922/1832/3563
f 1985/1890/3564 1986/1891/3564 1922/1832/3564
f 1958/1861/3565 1959/1862/3565 1930/1846/3565
f 1959/1862/3566 1987/1892/3566 1847/1757/3566
f 1975/1879/3567 2009/1905/3567 1960/1863/3567
f 2001/1906/3568 1947/1848/3568 1976/1880/3568
f 2001/1906/3569 1991/1896/3569 1947/1848/3569
f 1935/1837/3570 1994/1899/3570 1936/1838/3570
f 1938/1840/3571 2006/1907/3571 1939/1841/3571
f 2006/1907/3572 1965/1867/3572 1939/1841/3572
f 1996/1902/3573 1997/1903/3573 1925/1829/3573
f 1997/1903/3574 1998/1904/3574 1926/1816/3574
f 1998/1904/3575 57/1908/3575 56/1842/3575
f 1967/1869/3576 1980/1885/3576 1918/1819/3576
f 1982/1853/3577 2031/1909/3577 1919/1820/3577
f 2031/1909/3578 1968/1871/3578 1919/1820/3578
f 2007/1910/3579 1942/1855/3579 1951/1854/3579
f 1983/1887/3580 1952/1856/3580 1883/1782/3580
f 2000/1911/3581 1953/1857/3581 1902/1802/3581
f 2019/1912/3582 1971/1874/3582 1944/1844/3582
f 2008/1913/3583 1955/1875/3583 1971/1874/3583
f 1987/1892/3584 1988/1893/3584 1931/1833/3584
f 1974/1878/3585 1932/1834/3585 1989/1894/3585
f 2010/1914/3586 1960/1863/3586 2009/1905/3586
f 2010/1914/3587 1990/1895/3587 1960/1863/3587
f 1961/1864/3588 2038/1915/3588 1976/1880/3588
f 2038/1915/3589 2001/1906/3589 1976/1880/3589
f 2001/1906/3590 2011/1916/3590 1991/1896/3590
f 2011/1916/3591 1977/1881/3591 1991/1896/3591
f 1977/1881/3592 2012/1917/3592 1962/1865/3592
f 2002/1897/3593 1993/1898/3593 1963/1849/3593
f 1993/1898/3594 2003/1918/3594 1948/1850/3594
f 1948/1850/3595 2003/1918/3595 1964/1828/3595
f 2013/1919/3596 1935/1837/3596 1964/1828/3596
f 2013/1919/3597 2014/1920/3597 1935/1837/3597
f 2014/1920/3598 1994/1899/3598 1935/1837/3598
f 2014/1920/3599 1979/1866/3599 1994/1899/3599
f 2004/1900/3600 2005/1921/3600 1938/1840/3600
f 2006/1907/3601 1995/1901/3601 1965/1867/3601
f 2015/1922/3602 57/1908/3602 1998/1904/3602
f 59/1923/3603 1966/1868/3603 58/1884/3603
f 1980/1885/3604 1981/1870/3604 1941/1843/3604
f 1942/1855/3605 2016/1924/3605 1969/1872/3605
f 1969/1872/3606 2017/1925/3606 1983/1887/3606
f 1952/1856/3607 2000/1911/3607 1902/1802/3607
f 2000/1911/3608 2046/1926/3608 1953/1857/3608
f 2046/1926/3609 1970/1873/3609 1953/1857/3609
f 2019/1912/3610 1954/1858/3610 1970/1873/3610
f 2019/1912/3611 1944/1844/3611 1954/1858/3611
f 1928/1845/3612 2057/1927/3612 1956/1876/3612
f 2020/1928/3613 1984/1888/3613 1972/1877/3613
f 2020/1928/3614 1957/1860/3614 1984/1888/3614
f 2021/1929/3615 1973/1889/3615 1957/1860/3615
f 2049/1930/3616 1986/1891/3616 1985/1890/3616
f 2022/1931/3617 1959/1862/3617 1958/1861/3617
f 1988/1893/3618 2023/1932/3618 1989/1894/3618
f 2023/1932/3619 1974/1878/3619 1989/1894/3619
f 2024/1933/3620 1975/1879/3620 1974/1878/3620
f 1990/1895/3621 2038/1915/3621 1961/1864/3621
f 2038/1915/3622 2011/1916/3622 2001/1906/3622
f 2011/1916/3623 2025/1934/3623 1977/1881/3623
f 2026/1935/3624 2012/1917/3624 1977/1881/3624
f 2012/1917/3625 1978/1882/3625 1962/1865/3625
f 2012/1917/3626 1992/1883/3626 1978/1882/3626
f 2003/1918/3627 2027/1936/3627 1964/1828/3627
f 2028/1937/3628 2004/1900/3628 1979/1866/3628
f 2005/1921/3629 2006/1907/3629 1938/1840/3629
f 1996/1902/3630 1949/1851/3630 1995/1901/3630
f 2029/1938/3631 1966/1868/3631 59/1923/3631
f 2029/1938/3632 1967/1869/3632 1966/1868/3632
f 2044/1939/3633 1999/1886/3633 1981/1870/3633
f 2045/1940/3634 2007/1910/3634 1951/1854/3634
f 2007/1910/3635 2016/1924/3635 1942/1855/3635
f 2017/1925/3636 1952/1856/3636 1983/1887/3636
f 2055/1941/3637 2000/1911/3637 1952/1856/3637
f 2032/1942/3638 1971/1874/3638 2019/1912/3638
f 2032/1942/3639 2008/1913/3639 1971/1874/3639
f 2033/1943/3640 1956/1876/3640 2057/1927/3640
f 2033/1943/3641 1972/1877/3641 1956/1876/3641
f 2034/1944/3642 1985/1890/3642 1973/1889/3642
f 2022/1931/3643 1958/1861/3643 1986/1891/3643
f 2022/1931/3644 2036/1945/3644 1959/1862/3644
f 2036/1945/3645 1987/1892/3645 1959/1862/3645
f 2037/1946/3646 1988/1893/3646 1987/1892/3646
f 2023/1932/3647 2024/1933/3647 1974/1878/3647
f 2039/1947/3648 2025/1934/3648 2011/1916/3648
f 2025/1934/3649 2026/1935/3649 1977/1881/3649
f 2040/1948/3650 1992/1883/3650 2012/1917/3650
f 2041/1949/3651 2002/1897/3651 1992/1883/3651
f 2027/1936/3652 2013/1919/3652 1964/1828/3652
f 2014/1920/3653 2052/1950/3653 1979/1866/3653
f 2052/1950/3654 2028/1937/3654 1979/1866/3654
f 2043/1951/3655 1998/1904/3655 1997/1903/3655
f 2043/1951/3656 2015/1922/3656 1998/1904/3656
f 1967/1869/3657 2030/1952/3657 1980/1885/3657
f 2044/1939/3658 1981/1870/3658 1980/1885/3658
f 2054/1953/3659 2031/1909/3659 1999/1886/3659
f 2031/1909/3660 1982/1853/3660 1999/1886/3660
f 2045/1940/3661 1951/1854/3661 1968/1871/3661
f 2016/1924/3662 2017/1925/3662 1969/1872/3662
f 2046/1926/3663 2018/1954/3663 1970/1873/3663
f 2018/1954/3664 2019/1912/3664 1970/1873/3664
f 2077/1955/3665 2032/1942/3665 2019/1912/3665
f 2047/1956/3666 1972/1877/3666 2033/1943/3666
f 2047/1956/3667 2020/1928/3667 1972/1877/3667
f 2020/1928/3668 2048/1957/3668 1957/1860/3668
f 2048/1957/3669 2021/1929/3669 1957/1860/3669
f 2021/1929/3670 2034/1944/3670 1973/1889/3670
f 2049/1930/3671 2035/1958/3671 1986/1891/3671
f 2035/1958/3672 2022/1931/3672 1986/1891/3672
f 2050/1959/3673 2024/1933/3673 2023/1932/3673
f 2039/1947/3674 2011/1916/3674 2038/1915/3674
f 2041/1949/3675 1992/1883/3675 2040/1948/3675
f 1993/1898/3676 2051/1960/3676 2003/1918/3676
f 2028/1937/3677 2005/1921/3677 2004/1900/3677
f 2053/1961/3678 1997/1903/3678 1996/1902/3678
f 2015/1922/3679 60/1962/3679 57/1908/3679
f 2030/1952/3680 2044/1939/3680 1980/1885/3680
f 2044/1939/3681 2054/1953/3681 1999/1886/3681
f 2016/1924/3682 2055/1941/3682 2017/1925/3682
f 2055/1941/3683 1952/1856/3683 2017/1925/3683
f 2056/1963/3684 2000/1911/3684 2055/1941/3684
f 2056/1963/3685 2046/1926/3685 2000/1911/3685
f 2008/1913/3686 1928/1845/3686 1955/1875/3686
f 2048/1957/3687 2058/1964/3687 2021/1929/3687
f 2058/1964/3688 2034/1944/3688 2021/1929/3688
f 2036/1945/3689 2059/1965/3689 1987/1892/3689
f 2059/1965/3690 2037/1946/3690 1987/1892/3690
f 2037/1946/3691 2023/1932/3691 1988/1893/3691
f 2060/1966/3692 1975/1879/3692 2024/1933/3692
f 2060/1966/3693 2009/1905/3693 1975/1879/3693
f 2061/1967/3694 1990/1895/3694 2010/1914/3694
f 2061/1967/3695 2038/1915/3695 1990/1895/3695
f 2040/1948/3696 2012/1917/3696 2026/1935/3696
f 2062/1968/3697 2041/1949/3697 2040/1948/3697
f 2063/1969/3698 2002/1897/3698 2041/1949/3698
f 2042/1970/3699 2006/1907/3699 2005/1921/3699
f 1995/1901/3700 2053/1961/3700 1996/1902/3700
f 61/1971/3701 2029/1938/3701 59/1923/3701
f 2029/1938/3702 2030/1952/3702 1967/1869/3702
f 2008/1913/3703 2057/1927/3703 1928/1845/3703
f 2047/1956/3704 2048/1957/3704 2020/1928/3704
f 2065/1972/3705 2049/1930/3705 1985/1890/3705
f 2059/1965/3706 2066/1973/3706 2037/1946/3706
f 2037/1946/3707 2067/1974/3707 2023/1932/3707
f 2067/1974/3708 2050/1959/3708 2023/1932/3708
f 2050/1959/3709 2060/1966/3709 2024/1933/3709
f 2060/1966/3710 2068/1975/3710 2009/1905/3710
f 2068/1975/3711 2010/1914/3711 2009/1905/3711
f 2068/1975/3712 2061/1967/3712 2010/1914/3712
f 2039/1947/3713 2026/1935/3713 2025/1934/3713
f 2026/1935/3714 2062/1968/3714 2040/1948/3714
f 2062/1968/3715 2063/1969/3715 2041/1949/3715
f 2063/1969/3716 1993/1898/3716 2002/1897/3716
f 2063/1969/3717 2070/1976/3717 1993/1898/3717
f 2071/1977/3718 2027/1936/3718 2003/1918/3718
f 2072/1978/3719 2013/1919/3719 2027/1936/3719
f 2064/1979/3720 2042/1970/3720 2005/1921/3720
f 2042/1970/3721 1995/1901/3721 2006/1907/3721
f 2073/1980/3722 2043/1951/3722 1997/1903/3722
f 60/1962/3723 2015/1922/3723 2043/1951/3723
f 2091/1981/3724 2031/1909/3724 2054/1953/3724
f 2074/1982/3725 1968/1871/3725 2031/1909/3725
f 2045/1940/3726 2075/1983/3726 2007/1910/3726
f 2007/1910/3727 2076/1984/3727 2016/1924/3727
f 2076/1984/3728 2055/1941/3728 2016/1924/3728
f 2018/1954/3729 2077/1955/3729 2019/1912/3729
f 2078/1985/3730 2033/1943/3730 2057/1927/3730
f 2078/1985/3731 2047/1956/3731 2033/1943/3731
f 2065/1972/3732 2079/1986/3732 2049/1930/3732
f 2035/1958/3733 2036/1945/3733 2022/1931/3733
f 2080/1987/3734 2059/1965/3734 2036/1945/3734
f 2081/1988/3735 2050/1959/3735 2067/1974/3735
f 2082/1989/3736 2039/1947/3736 2038/1915/3736
f 2083/1990/3737 2084/1991/3737 2026/1935/3737
f 2084/1991/3738 2062/1968/3738 2026/1935/3738
f 2085/1992/3739 2063/1969/3739 2062/1968/3739
f 2070/1976/3740 2051/1960/3740 1993/1898/3740
f 2051/1960/3741 2071/1977/3741 2003/1918/3741
f 2013/1919/3742 2086/1993/3742 2014/1920/3742
f 2086/1993/3743 2052/1950/3743 2014/1920/3743
f 2064/1979/3744 2088/1994/3744 2042/1970/3744
f 2042/1970/3745 2097/1995/3745 1995/1901/3745
f 2097/1995/3746 2053/1961/3746 1995/1901/3746
f 2053/1961/3747 2073/1980/3747 1997/1903/3747
f 2073/1980/3748 60/1962/3748 2043/1951/3748
f 64/1996/3749 2029/1938/3749 61/1971/3749
f 2089/1997/3750 2030/1952/3750 2029/1938/3750
f 2090/1998/3751 2044/1939/3751 2030/1952/3751
f 1968/1871/3752 2092/1999/3752 2045/1940/3752
f 2094/2000/3753 2018/1954/3753 2046/1926/3753
f 2096/2001/3754 2034/1944/3754 2058/1964/3754
f 2034/1944/3755 2065/1972/3755 1985/1890/3755
f 2035/1958/3756 2080/1987/3756 2036/1945/3756
f 2066/1973/3757 2067/1974/3757 2037/1946/3757
f 2061/1967/3758 2103/2002/3758 2038/1915/3758
f 2103/2002/3759 2082/1989/3759 2038/1915/3759
f 2082/1989/3760 2069/2003/3760 2039/1947/3760
f 2069/2003/3761 2026/1935/3761 2039/1947/3761
f 2069/2003/3762 2083/1990/3762 2026/1935/3762
f 2084/1991/3763 2085/1992/3763 2062/1968/3763
f 2072/1978/3764 2086/1993/3764 2013/1919/3764
f 2086/1993/3765 2028/1937/3765 2052/1950/3765
f 2086/1993/3766 2087/2004/3766 2028/1937/3766
f 2028/1937/3767 2064/1979/3767 2005/1921/3767
f 2090/1998/3768 2054/1953/3768 2044/1939/3768
f 2091/1981/3769 2074/1982/3769 2031/1909/3769
f 2074/1982/3770 2092/1999/3770 1968/1871/3770
f 2107/2005/3771 2075/1983/3771 2045/1940/3771
f 2075/1983/3772 2076/1984/3772 2007/1910/3772
f 2093/2006/3773 2055/1941/3773 2076/1984/3773
f 2108/2007/3774 2056/1963/3774 2055/1941/3774
f 2056/1963/3775 2094/2000/3775 2046/1926/3775
f 2095/2008/3776 2008/1913/3776 2032/1942/3776
f 2098/2009/3777 2078/1985/3777 2008/1913/3777
f 2078/1985/3778 2057/1927/3778 2008/1913/3778
f 2047/1956/3779 2058/1964/3779 2048/1957/3779
f 2047/1956/3780 2096/2001/3780 2058/1964/3780
f 2096/2001/3781 2065/1972/3781 2034/1944/3781
f 2049/1930/3782 2099/2010/3782 2035/1958/3782
f 2100/2011/3783 2066/1973/3783 2059/1965/3783
f 2101/2012/3784 2068/1975/3784 2060/1966/3784
f 2104/2013/3785 2082/1989/3785 2103/2002/3785
f 2069/2003/3786 2105/2014/3786 2083/1990/3786
f 2088/1994/3787 2097/1995/3787 2042/1970/3787
f 2073/1980/3788 62/2015/3788 60/1962/3788
f 64/1996/3789 2089/1997/3789 2029/1938/3789
f 2106/2016/3790 2054/1953/3790 2090/1998/3790
f 2092/1999/3791 2107/2005/3791 2045/1940/3791
f 2093/2006/3792 2076/1984/3792 2075/1983/3792
f 2108/2007/3793 2094/2000/3793 2056/1963/3793
f 2109/2017/3794 2077/1955/3794 2018/1954/3794
f 2077/1955/3795 2095/2008/3795 2032/1942/3795
f 2047/1956/3796 2110/2018/3796 2096/2001/3796
f 2035/1958/3797 2120/2019/3797 2080/1987/3797
f 2066/1973/3798 2121/2020/3798 2067/1974/3798
f 2081/1988/3799 2060/1966/3799 2050/1959/3799
f 2102/2021/3800 2103/2002/3800 2068/1975/3800
f 2103/2002/3801 2061/1967/3801 2068/1975/3801
f 2082/1989/3802 2111/2022/3802 2069/2003/3802
f 2123/2023/3803 2051/1960/3803 2070/1976/3803
f 2123/2023/3804 2071/1977/3804 2051/1960/3804
f 2112/2024/3805 2072/1978/3805 2027/1936/3805
f 2112/2024/3806 2113/2025/3806 2072/1978/3806
f 2113/2025/3807 2086/1993/3807 2072/1978/3807
f 2087/2004/3808 2064/1979/3808 2028/1937/3808
f 2141/2026/3809 2053/1961/3809 2097/1995/3809
f 2114/2027/3810 2073/1980/3810 2053/1961/3810
f 2116/2028/3811 62/2015/3811 2073/1980/3811
f 2127/2029/3812 2030/1952/3812 2089/1997/3812
f 2106/2016/3813 2091/1981/3813 2054/1953/3813
f 2117/2030/3814 2092/1999/3814 2074/1982/3814
f 2118/2031/3815 2075/1983/3815 2107/2005/3815
f 2075/1983/3816 2118/2031/3816 2093/2006/3816
f 2108/2007/3817 2055/1941/3817 2093/2006/3817
f 2132/2032/3818 2109/2017/3818 2018/1954/3818
f 2133/2033/3819 2155/2034/3819 2047/1956/3819
f 2155/2034/3820 2110/2018/3820 2047/1956/3820
f 2110/2018/3821 2065/1972/3821 2096/2001/3821
f 2080/1987/3822 2100/2011/3822 2059/1965/3822
f 2101/2012/3823 2060/1966/3823 2081/1988/3823
f 2101/2012/3824 2102/2021/3824 2068/1975/3824
f 2104/2013/3825 2111/2022/3825 2082/1989/3825
f 2105/2014/3826 2084/1991/3826 2083/1990/3826
f 2139/2035/3827 2070/1976/3827 2063/1969/3827
f 2139/2035/3828 2123/2023/3828 2070/1976/3828
f 2123/2023/3829 2124/2036/3829 2071/1977/3829
f 2125/2037/3830 2027/1936/3830 2071/1977/3830
f 2148/2038/3831 2064/1979/3831 2087/2004/3831
f 2148/2038/3832 2126/2039/3832 2064/1979/3832
f 2126/2039/3833 2088/1994/3833 2064/1979/3833
f 2141/2026/3834 2114/2027/3834 2053/1961/3834
f 2115/2040/3835 2116/2028/3835 2073/1980/3835
f 2116/2028/3836 63/2041/3836 62/2015/3836
f 64/1996/3837 2127/2029/3837 2089/1997/3837
f 2091/1981/3838 2117/2030/3838 2074/1982/3838
f 2128/2042/3839 2118/2031/3839 2107/2005/3839
f 2093/2006/3840 2129/2043/3840 2108/2007/3840
f 2131/2044/3841 2018/1954/3841 2094/2000/3841
f 2131/2044/3842 2132/2032/3842 2018/1954/3842
f 2095/2008/3843 2154/2045/3843 2008/1913/3843
f 2154/2045/3844 2098/2009/3844 2008/1913/3844
f 2078/1985/3845 2119/2046/3845 2047/1956/3845
f 2110/2018/3846 2134/2047/3846 2065/1972/3846
f 2079/1986/3847 2099/2010/3847 2049/1930/3847
f 2099/2010/3848 2120/2019/3848 2035/1958/3848
f 2135/2048/3849 2100/2011/3849 2080/1987/3849
f 2100/2011/3850 2121/2020/3850 2066/1973/3850
f 2121/2020/3851 2136/2049/3851 2067/1974/3851
f 2136/2049/3852 2081/1988/3852 2067/1974/3852
f 2136/2049/3853 2101/2012/3853 2081/1988/3853
f 2137/2050/3854 2103/2002/3854 2102/2021/3854
f 2103/2002/3855 2138/2051/3855 2104/2013/3855
f 2105/2014/3856 2122/2052/3856 2084/1991/3856
f 2122/2052/3857 2085/1992/3857 2084/1991/3857
f 2122/2052/3858 2063/1969/3858 2085/1992/3858
f 2122/2052/3859 2139/2035/3859 2063/1969/3859
f 2125/2037/3860 2112/2024/3860 2027/1936/3860
f 2113/2025/3861 2140/2053/3861 2086/1993/3861
f 2140/2053/3862 2087/2004/3862 2086/1993/3862
f 2114/2027/3863 2115/2040/3863 2073/1980/3863
f 2030/1952/3864 2142/2054/3864 2090/1998/3864
f 2130/2055/3865 2094/2000/3865 2108/2007/3865
f 2132/2032/3866 2143/2056/3866 2109/2017/3866
f 2143/2056/3867 2077/1955/3867 2109/2017/3867
f 2143/2056/3868 2095/2008/3868 2077/1955/3868
f 2154/2045/3869 2144/2057/3869 2098/2009/3869
f 2119/2046/3870 2133/2033/3870 2047/1956/3870
f 2155/2034/3871 2145/2058/3871 2110/2018/3871
f 2134/2047/3872 2079/1986/3872 2065/1972/3872
f 2135/2048/3873 2080/1987/3873 2120/2019/3873
f 2137/2050/3874 2138/2051/3874 2103/2002/3874
f 2125/2037/3875 2147/2059/3875 2112/2024/3875
f 2140/2053/3876 2148/2038/3876 2087/2004/3876
f 2149/2060/3877 2141/2026/3877 2088/1994/3877
f 2141/2026/3878 2097/1995/3878 2088/1994/3878
f 2167/2061/3879 2114/2027/3879 2141/2026/3879
f 65/2062/3880 63/2041/3880 2116/2028/3880
f 66/2063/3881 2127/2029/3881 64/1996/3881
f 2127/2029/3882 2150/2064/3882 2030/1952/3882
f 2150/2064/3883 2142/2054/3883 2030/1952/3883
f 2092/1999/3884 2151/2065/3884 2107/2005/3884
f 2151/2065/3885 2128/2042/3885 2107/2005/3885
f 2118/2031/3886 2152/2066/3886 2093/2006/3886
f 2129/2043/3887 2130/2055/3887 2108/2007/3887
f 2153/2067/3888 2132/2032/3888 2131/2044/3888
f 2119/2046/3889 2078/1985/3889 2098/2009/3889
f 2145/2058/3890 2134/2047/3890 2110/2018/3890
f 2134/2047/3891 2099/2010/3891 2079/1986/3891
f 2156/2068/3892 2101/2012/3892 2136/2049/3892
f 2101/2012/3893 2156/2068/3893 2102/2021/3893
f 2138/2051/3894 2146/2069/3894 2104/2013/3894
f 2146/2069/3895 2111/2022/3895 2104/2013/3895
f 2124/2036/3896 2125/2037/3896 2071/1977/3896
f 2147/2059/3897 2113/2025/3897 2112/2024/3897
f 2147/2059/3898 2158/2070/3898 2113/2025/3898
f 2149/2060/3899 2088/1994/3899 2126/2039/3899
f 2166/2071/3900 2167/2061/3900 2141/2026/3900
f 2142/2054/3901 2106/2016/3901 2090/1998/3901
f 2152/2066/3902 2129/2043/3902 2093/2006/3902
f 2130/2055/3903 2131/2044/3903 2094/2000/3903
f 2132/2032/3904 2175/2072/3904 2143/2056/3904
f 2175/2072/3905 2159/2073/3905 2143/2056/3905
f 2144/2057/3906 2119/2046/3906 2098/2009/3906
f 2160/2074/3907 2133/2033/3907 2119/2046/3907
f 2186/2075/3908 2120/2019/3908 2099/2010/3908
f 2135/2048/3909 2161/2076/3909 2100/2011/3909
f 2161/2076/3910 2121/2020/3910 2100/2011/3910
f 2121/2020/3911 2162/2077/3911 2136/2049/3911
f 2162/2077/3912 2156/2068/3912 2136/2049/3912
f 2146/2069/3913 2163/2078/3913 2111/2022/3913
f 2163/2078/3914 2069/2003/3914 2111/2022/3914
f 2163/2078/3915 2105/2014/3915 2069/2003/3915
f 2181/2079/3916 2164/2080/3916 2105/2014/3916
f 2164/2080/3917 2122/2052/3917 2105/2014/3917
f 2164/2080/3918 2157/2081/3918 2122/2052/3918
f 2157/2081/3919 2139/2035/3919 2122/2052/3919
f 2139/2035/3920 2190/2082/3920 2123/2023/3920
f 2190/2082/3921 2124/2036/3921 2123/2023/3921
f 2158/2070/3922 2140/2053/3922 2113/2025/3922
f 2183/2083/3923 2148/2038/3923 2140/2053/3923
f 2149/2060/3924 2166/2071/3924 2141/2026/3924
f 2167/2061/3925 2115/2040/3925 2114/2027/3925
f 2116/2028/3926 2168/2084/3926 65/2062/3926
f 66/2063/3927 2169/2085/3927 2127/2029/3927
f 2106/2016/3928 2170/2086/3928 2091/1981/3928
f 2170/2086/3929 2171/2087/3929 2091/1981/3929
f 2171/2087/3930 2117/2030/3930 2091/1981/3930
f 2171/2087/3931 2172/2088/3931 2117/2030/3931
f 2172/2088/3932 2092/1999/3932 2117/2030/3932
f 2173/2089/3933 2151/2065/3933 2092/1999/3933
f 2128/2042/3934 2174/2090/3934 2118/2031/3934
f 2174/2090/3935 2152/2066/3935 2118/2031/3935
f 2197/2091/3936 2130/2055/3936 2129/2043/3936
f 2153/2067/3937 2175/2072/3937 2132/2032/3937
f 2176/2092/3938 2095/2008/3938 2143/2056/3938
f 2176/2092/3939 2154/2045/3939 2095/2008/3939
f 2144/2057/3940 2160/2074/3940 2119/2046/3940
f 2177/2093/3941 2099/2010/3941 2134/2047/3941
f 2178/2094/3942 2120/2019/3942 2186/2075/3942
f 2161/2076/3943 2179/2095/3943 2121/2020/3943
f 2180/2096/3944 2137/2050/3944 2102/2021/3944
f 2187/2097/3945 2163/2078/3945 2146/2069/3945
f 2163/2078/3946 2181/2079/3946 2105/2014/3946
f 2182/2098/3947 2125/2037/3947 2124/2036/3947
f 2183/2083/3948 2140/2053/3948 2158/2070/3948
f 2165/2099/3949 2149/2060/3949 2126/2039/3949
f 2168/2084/3950 67/2100/3950 65/2062/3950
f 2170/2086/3951 2184/2101/3951 2171/2087/3951
f 2145/2058/3952 2177/2093/3952 2134/2047/3952
f 2178/2094/3953 2135/2048/3953 2120/2019/3953
f 2180/2096/3954 2102/2021/3954 2156/2068/3954
f 2210/2102/3955 2146/2069/3955 2138/2051/3955
f 2210/2102/3956 2187/2097/3956 2146/2069/3956
f 2188/2103/3957 2157/2081/3957 2164/2080/3957
f 2188/2103/3958 2189/2104/3958 2157/2081/3958
f 2189/2104/3959 2139/2035/3959 2157/2081/3959
f 2189/2104/3960 2190/2082/3960 2139/2035/3960
f 2190/2082/3961 2182/2098/3961 2124/2036/3961
f 2147/2059/3962 2191/2105/3962 2158/2070/3962
f 2191/2105/3963 2183/2083/3963 2158/2070/3963
f 2194/2106/3964 2115/2040/3964 2167/2061/3964
f 2169/2085/3965 2150/2064/3965 2127/2029/3965
f 2150/2064/3966 2195/2107/3966 2142/2054/3966
f 2195/2107/3967 2106/2016/3967 2142/2054/3967
f 2173/2089/3968 2092/1999/3968 2172/2088/3968
f 2185/2108/3969 2128/2042/3969 2151/2065/3969
f 2196/2109/3970 2152/2066/3970 2174/2090/3970
f 2197/2091/3971 2129/2043/3971 2152/2066/3971
f 2198/2110/3972 2177/2093/3972 2145/2058/3972
f 2178/2094/3973 2161/2076/3973 2135/2048/3973
f 2199/2111/3974 2180/2096/3974 2156/2068/3974
f 2180/2096/3975 2138/2051/3975 2137/2050/3975
f 2192/2112/3976 2148/2038/3976 2183/2083/3976
f 2192/2112/3977 2201/2113/3977 2148/2038/3977
f 2201/2113/3978 2126/2039/3978 2148/2038/3978
f 2202/2114/3979 2166/2071/3979 2149/2060/3979
f 2202/2114/3980 2193/2115/3980 2166/2071/3980
f 2168/2084/3981 2116/2028/3981 2115/2040/3981
f 69/2116/3982 2150/2064/3982 2169/2085/3982
f 2203/2117/3983 2170/2086/3983 2106/2016/3983
f 2184/2101/3984 2172/2088/3984 2171/2087/3984
f 2173/2089/3985 2185/2108/3985 2151/2065/3985
f 2204/2118/3986 2197/2091/3986 2152/2066/3986
f 2197/2091/3987 2131/2044/3987 2130/2055/3987
f 2205/2119/3988 2175/2072/3988 2153/2067/3988
f 2159/2073/3989 2176/2092/3989 2143/2056/3989
f 2206/2120/3990 2160/2074/3990 2144/2057/3990
f 2160/2074/3991 2155/2034/3991 2133/2033/3991
f 2177/2093/3992 2186/2075/3992 2099/2010/3992
f 2207/2121/3993 2179/2095/3993 2161/2076/3993
f 2179/2095/3994 2162/2077/3994 2121/2020/3994
f 2199/2111/3995 2209/2122/3995 2180/2096/3995
f 2180/2096/3996 2210/2102/3996 2138/2051/3996
f 2182/2098/3997 2200/2123/3997 2125/2037/3997
f 2200/2123/3998 2147/2059/3998 2125/2037/3998
f 2201/2113/3999 2165/2099/3999 2126/2039/3999
f 2222/2124/4000 2194/2106/4000 2167/2061/4000
f 2211/2125/4001 2115/2040/4001 2194/2106/4001
f 2211/2125/4002 2168/2084/4002 2115/2040/4002
f 2212/2126/4003 2150/2064/4003 69/2116/4003
f 2203/2117/4004 2106/2016/4004 2195/2107/4004
f 2185/2108/4005 2213/2127/4005 2128/2042/4005
f 2213/2127/4006 2174/2090/4006 2128/2042/4006
f 2196/2109/4007 2204/2118/4007 2152/2066/4007
f 2205/2119/4008 2153/2067/4008 2131/2044/4008
f 2176/2092/4009 2225/2128/4009 2154/2045/4009
f 2225/2128/4010 2144/2057/4010 2154/2045/4010
f 2225/2128/4011 2206/2120/4011 2144/2057/4011
f 2155/2034/4012 2226/2129/4012 2145/2058/4012
f 2214/2130/4013 2215/2131/4013 2178/2094/4013
f 2215/2131/4014 2161/2076/4014 2178/2094/4014
f 2216/2132/4015 2162/2077/4015 2179/2095/4015
f 2208/2133/4016 2156/2068/4016 2162/2077/4016
f 2217/2134/4017 2199/2111/4017 2156/2068/4017
f 2209/2122/4018 2210/2102/4018 2180/2096/4018
f 2218/2135/4019 2181/2079/4019 2163/2078/4019
f 2218/2135/4020 2164/2080/4020 2181/2079/4020
f 2218/2135/4021 2188/2103/4021 2164/2080/4021
f 2218/2135/4022 2219/2136/4022 2188/2103/4022
f 2219/2136/4023 2189/2104/4023 2188/2103/4023
f 2220/2137/4024 2190/2082/4024 2189/2104/4024
f 2200/2123/4025 2221/2138/4025 2147/2059/4025
f 2221/2138/4026 2191/2105/4026 2147/2059/4026
f 2202/2114/4027 2149/2060/4027 2165/2099/4027
f 2222/2124/4028 2166/2071/4028 2193/2115/4028
f 2222/2124/4029 2167/2061/4029 2166/2071/4029
f 68/2139/4030 67/2100/4030 2168/2084/4030
f 2212/2126/4031 2195/2107/4031 2150/2064/4031
f 2203/2117/4032 2184/2101/4032 2170/2086/4032
f 2213/2127/4033 2196/2109/4033 2174/2090/4033
f 2223/2140/4034 2131/2044/4034 2197/2091/4034
f 2223/2140/4035 2205/2119/4035 2131/2044/4035
f 2224/2141/4036 2159/2073/4036 2175/2072/4036
f 2226/2129/4037 2155/2034/4037 2160/2074/4037
f 2227/2142/4038 2177/2093/4038 2198/2110/4038
f 2215/2131/4039 2207/2121/4039 2161/2076/4039
f 2216/2132/4040 2208/2133/4040 2162/2077/4040
f 2208/2133/4041 2217/2134/4041 2156/2068/4041
f 2217/2134/4042 2209/2122/4042 2199/2111/4042
f 2236/2143/4043 2210/2102/4043 2209/2122/4043
f 2187/2097/4044 2218/2135/4044 2163/2078/4044
f 2228/2144/4045 2219/2136/4045 2218/2135/4045
f 2220/2137/4046 2189/2104/4046 2219/2136/4046
f 2220/2137/4047 2182/2098/4047 2190/2082/4047
f 2182/2098/4048 2240/2145/4048 2200/2123/4048
f 2221/2138/4049 2230/2146/4049 2191/2105/4049
f 2230/2146/4050 2183/2083/4050 2191/2105/4050
f 2202/2114/4051 2245/2147/4051 2193/2115/4051
f 2245/2147/4052 2222/2124/4052 2193/2115/4052
f 69/2116/4053 70/2148/4053 2212/2126/4053
f 2212/2126/4054 2203/2117/4054 2195/2107/4054
f 2231/2149/4055 2172/2088/4055 2184/2101/4055
f 2232/2150/4056 2173/2089/4056 2172/2088/4056
f 2233/2151/4057 2185/2108/4057 2173/2089/4057
f 2233/2151/4058 2213/2127/4058 2185/2108/4058
f 2206/2120/4059 2226/2129/4059 2160/2074/4059
f 2234/2152/4060 2145/2058/4060 2226/2129/4060
f 2234/2152/4061 2198/2110/4061 2145/2058/4061
f 2186/2075/4062 2235/2153/4062 2178/2094/4062
f 2235/2153/4063 2214/2130/4063 2178/2094/4063
f 2217/2134/4064 2236/2143/4064 2209/2122/4064
f 2237/2154/4065 2187/2097/4065 2210/2102/4065
f 2237/2154/4066 2238/2155/4066 2187/2097/4066
f 2238/2155/4067 2239/2156/4067 2187/2097/4067
f 2187/2097/4068 2239/2156/4068 2218/2135/4068
f 2220/2137/4069 2229/2157/4069 2182/2098/4069
f 2229/2157/4070 2240/2145/4070 2182/2098/4070
f 2230/2146/4071 2192/2112/4071 2183/2083/4071
f 2230/2146/4072 2242/2158/4072 2192/2112/4072
f 2242/2158/4073 2201/2113/4073 2192/2112/4073
f 2243/2159/4074 2165/2099/4074 2201/2113/4074
f 2243/2159/4075 2244/2160/4075 2165/2099/4075
f 2244/2160/4076 2202/2114/4076 2165/2099/4076
f 2255/2161/4077 2211/2125/4077 2194/2106/4077
f 2168/2084/4078 2211/2125/4078 68/2139/4078
f 2203/2117/4079 2247/2162/4079 2184/2101/4079
f 2231/2149/4080 2232/2150/4080 2172/2088/4080
f 2232/2150/4081 2281/2163/4081 2173/2089/4081
f 2204/2118/4082 2248/2164/4082 2197/2091/4082
f 2205/2119/4083 2259/2165/4083 2175/2072/4083
f 2259/2165/4084 2224/2141/4084 2175/2072/4084
f 2224/2141/4085 2176/2092/4085 2159/2073/4085
f 2249/2166/4086 2225/2128/4086 2176/2092/4086
f 2227/2142/4087 2186/2075/4087 2177/2093/4087
f 2250/2167/4088 2207/2121/4088 2215/2131/4088
f 2252/2168/4089 2216/2132/4089 2179/2095/4089
f 2216/2132/4090 2217/2134/4090 2208/2133/4090
f 2236/2143/4091 2276/2169/4091 2210/2102/4091
f 2276/2169/4092 2237/2154/4092 2210/2102/4092
f 2253/2170/4093 2220/2137/4093 2219/2136/4093
f 2240/2145/4094 2241/2171/4094 2200/2123/4094
f 2241/2171/4095 2221/2138/4095 2200/2123/4095
f 2244/2160/4096 2245/2147/4096 2202/2114/4096
f 2255/2161/4097 2194/2106/4097 2222/2124/4097
f 2255/2161/4098 2256/2172/4098 2211/2125/4098
f 71/2173/4099 68/2139/4099 2211/2125/4099
f 2257/2174/4100 2203/2117/4100 2212/2126/4100
f 2247/2162/4101 2231/2149/4101 2184/2101/4101
f 2258/2175/4102 2213/2127/4102 2233/2151/4102
f 2248/2164/4103 2223/2140/4103 2197/2091/4103
f 2223/2140/4104 2259/2165/4104 2205/2119/4104
f 2234/2152/4105 2227/2142/4105 2198/2110/4105
f 2250/2167/4106 2179/2095/4106 2207/2121/4106
f 2250/2167/4107 2251/2176/4107 2179/2095/4107
f 2262/2177/4108 2263/2178/4108 2217/2134/4108
f 2263/2178/4109 2236/2143/4109 2217/2134/4109
f 2253/2170/4110 2219/2136/4110 2228/2144/4110
f 2253/2170/4111 2264/2179/4111 2220/2137/4111
f 2264/2179/4112 2229/2157/4112 2220/2137/4112
f 2265/2180/4113 2241/2171/4113 2240/2145/4113
f 2266/2181/4114 2242/2158/4114 2230/2146/4114
f 2242/2158/4115 2267/2182/4115 2201/2113/4115
f 2267/2182/4116 2243/2159/4116 2201/2113/4116
f 2279/2183/4117 2222/2124/4117 2245/2147/4117
f 2279/2183/4118 2268/2184/4118 2222/2124/4118
f 2254/2185/4119 2255/2161/4119 2222/2124/4119
f 2246/2186/4120 2257/2174/4120 2212/2126/4120
f 2257/2174/4121 2269/2187/4121 2203/2117/4121
f 2269/2187/4122 2270/2188/4122 2203/2117/4122
f 2270/2188/4123 2247/2162/4123 2203/2117/4123
f 2281/2163/4124 2233/2151/4124 2173/2089/4124
f 2258/2175/4125 2271/2189/4125 2213/2127/4125
f 2271/2189/4126 2196/2109/4126 2213/2127/4126
f 2272/2190/4127 2248/2164/4127 2204/2118/4127
f 2225/2128/4128 2260/2191/4128 2206/2120/4128
f 2260/2191/4129 2226/2129/4129 2206/2120/4129
f 2275/2192/4130 2235/2153/4130 2186/2075/4130
f 2251/2176/4131 2252/2168/4131 2179/2095/4131
f 2216/2132/4132 2262/2177/4132 2217/2134/4132
f 2228/2144/4133 2218/2135/4133 2239/2156/4133
f 2253/2170/4134 2277/2193/4134 2264/2179/4134
f 2264/2179/4135 2278/2194/4135 2229/2157/4135
f 2278/2194/4136 2240/2145/4136 2229/2157/4136
f 2241/2171/4137 2266/2181/4137 2221/2138/4137
f 2266/2181/4138 2230/2146/4138 2221/2138/4138
f 2268/2184/4139 2254/2185/4139 2222/2124/4139
f 2280/2195/4140 2211/2125/4140 2256/2172/4140
f 2246/2186/4141 2212/2126/4141 70/2148/4141
f 2282/2196/4142 2204/2118/4142 2196/2109/4142
f 2282/2196/4143 2272/2190/4143 2204/2118/4143
f 2248/2164/4144 2259/2165/4144 2223/2140/4144
f 2224/2141/4145 2249/2166/4145 2176/2092/4145
f 2260/2191/4146 2261/2197/4146 2226/2129/4146
f 2261/2197/4147 2273/2198/4147 2226/2129/4147
f 2273/2198/4148 2234/2152/4148 2226/2129/4148
f 2274/2199/4149 2186/2075/4149 2227/2142/4149
f 2284/2200/4150 2214/2130/4150 2235/2153/4150
f 2214/2130/4151 2285/2201/4151 2215/2131/4151
f 2252/2168/4152 2286/2202/4152 2216/2132/4152
f 2263/2178/4153 2276/2169/4153 2236/2143/4153
f 2237/2154/4154 2287/2203/4154 2238/2155/4154
f 2238/2155/4155 2288/2204/4155 2239/2156/4155
f 2277/2193/4156 2278/2194/4156 2264/2179/4156
f 2278/2194/4157 2265/2180/4157 2240/2145/4157
f 2299/2205/4158 2266/2181/4158 2241/2171/4158
f 2266/2181/4159 2290/2206/4159 2242/2158/4159
f 2290/2206/4160 2267/2182/4160 2242/2158/4160
f 2254/2185/4161 2291/2207/4161 2255/2161/4161
f 2280/2195/4162 71/2173/4162 2211/2125/4162
f 73/2208/4163 2246/2186/4163 70/2148/4163
f 2292/2209/4164 2231/2149/4164 2247/2162/4164
f 2292/2209/4165 2232/2150/4165 2231/2149/4165
f 2272/2190/4166 2283/2210/4166 2248/2164/4166
f 2304/2211/4167 2259/2165/4167 2248/2164/4167
f 2259/2165/4168 2293/2212/4168 2224/2141/4168
f 2284/2200/4169 2285/2201/4169 2214/2130/4169
f 2285/2201/4170 2250/2167/4170 2215/2131/4170
f 2286/2202/4171 2262/2177/4171 2216/2132/4171
f 2295/2213/4172 2276/2169/4172 2263/2178/4172
f 2296/2214/4173 2237/2154/4173 2276/2169/4173
f 2287/2203/4174 2288/2204/4174 2238/2155/4174
f 2288/2204/4175 2297/2215/4175 2239/2156/4175
f 2297/2215/4176 2228/2144/4176 2239/2156/4176
f 2297/2215/4177 2289/2216/4177 2228/2144/4177
f 2289/2216/4178 2298/2217/4178 2228/2144/4178
f 2298/2217/4179 2253/2170/4179 2228/2144/4179
f 2265/2180/4180 2299/2205/4180 2241/2171/4180
f 2267/2182/4181 2300/2218/4181 2243/2159/4181
f 2300/2218/4182 2244/2160/4182 2243/2159/4182
f 2301/2219/4183 2245/2147/4183 2244/2160/4183
f 2301/2219/4184 2279/2183/4184 2245/2147/4184
f 2280/2195/4185 2302/2220/4185 71/2173/4185
f 2302/2220/4186 72/2221/4186 71/2173/4186
f 2303/2222/4187 2292/2209/4187 2247/2162/4187
f 2292/2209/4188 2281/2163/4188 2232/2150/4188
f 2271/2189/4189 2282/2196/4189 2196/2109/4189
f 2305/2223/4190 2225/2128/4190 2249/2166/4190
f 2305/2223/4191 2306/2224/4191 2225/2128/4191
f 2274/2199/4192 2275/2192/4192 2186/2075/4192
f 2307/2225/4193 2251/2176/4193 2250/2167/4193
f 2294/2226/4194 2252/2168/4194 2251/2176/4194
f 2294/2226/4195 2286/2202/4195 2252/2168/4195
f 2295/2213/4196 2296/2214/4196 2276/2169/4196
f 2298/2217/4197 2308/2227/4197 2253/2170/4197
f 2308/2227/4198 2277/2193/4198 2253/2170/4198
f 2309/2228/4199 2290/2206/4199 2266/2181/4199
f 2300/2218/4200 2301/2219/4200 2244/2160/4200
f 2310/2229/4201 2254/2185/4201 2268/2184/4201
f 2291/2207/4202 2256/2172/4202 2255/2161/4202
f 2291/2207/4203 2311/2230/4203 2256/2172/4203
f 2311/2230/4204 2280/2195/4204 2256/2172/4204
f 2312/2231/4205 2246/2186/4205 73/2208/4205
f 2312/2231/4206 2257/2174/4206 2246/2186/4206
f 2270/2188/4207 2303/2222/4207 2247/2162/4207
f 2292/2209/4208 2313/2232/4208 2281/2163/4208
f 2281/2163/4209 2314/2233/4209 2233/2151/4209
f 2233/2151/4210 2314/2233/4210 2258/2175/4210
f 2314/2233/4211 2271/2189/4211 2258/2175/4211
f 2283/2210/4212 2304/2211/4212 2248/2164/4212
f 2306/2224/4213 2260/2191/4213 2225/2128/4213
f 2315/2234/4214 2261/2197/4214 2260/2191/4214
f 2315/2234/4215 2273/2198/4215 2261/2197/4215
f 2316/2235/4216 2227/2142/4216 2234/2152/4216
f 2285/2201/4217 2307/2225/4217 2250/2167/4217
f 2307/2225/4218 2294/2226/4218 2251/2176/4218
f 2317/2236/4219 2263/2178/4219 2262/2177/4219
f 2296/2214/4220 2287/2203/4220 2237/2154/4220
f 2287/2203/4221 2318/2237/4221 2288/2204/4221
f 2318/2237/4222 2297/2215/4222 2288/2204/4222
f 2319/2238/4223 2289/2216/4223 2297/2215/4223
f 2308/2227/4224 2278/2194/4224 2277/2193/4224
f 2320/2239/4225 2265/2180/4225 2278/2194/4225
f 2320/2239/4226 2299/2205/4226 2265/2180/4226
f 2321/2240/4227 2266/2181/4227 2299/2205/4227
f 2290/2206/4228 2300/2218/4228 2267/2182/4228
f 2310/2229/4229 2322/2241/4229 2254/2185/4229
f 2322/2241/4230 2291/2207/4230 2254/2185/4230
f 74/2242/4231 2312/2231/4231 73/2208/4231
f 2323/2243/4232 2282/2196/4232 2271/2189/4232
f 2323/2243/4233 2272/2190/4233 2282/2196/4233
f 2323/2243/4234 2283/2210/4234 2272/2190/4234
f 2304/2211/4235 2293/2212/4235 2259/2165/4235
f 2293/2212/4236 2249/2166/4236 2224/2141/4236
f 2306/2224/4237 2315/2234/4237 2260/2191/4237
f 2335/2244/4238 2284/2200/4238 2235/2153/4238
f 2294/2226/4239 2324/2245/4239 2286/2202/4239
f 2324/2245/4240 2325/2246/4240 2286/2202/4240
f 2325/2246/4241 2262/2177/4241 2286/2202/4241
f 2325/2246/4242 2317/2236/4242 2262/2177/4242
f 2317/2236/4243 2326/2247/4243 2263/2178/4243
f 2326/2247/4244 2295/2213/4244 2263/2178/4244
f 2296/2214/4245 2327/2248/4245 2287/2203/4245
f 2319/2238/4246 2328/2249/4246 2289/2216/4246
f 2329/2250/4247 2278/2194/4247 2308/2227/4247
f 2329/2250/4248 2330/2251/4248 2278/2194/4248
f 2330/2251/4249 2320/2239/4249 2278/2194/4249
f 2321/2240/4250 2309/2228/4250 2266/2181/4250
f 2331/2252/4251 2300/2218/4251 2290/2206/4251
f 2301/2219/4252 2268/2184/4252 2279/2183/4252
f 2302/2220/4253 75/2253/4253 72/2221/4253
f 2315/2234/4254 2355/2254/4254 2273/2198/4254
f 2334/2255/4255 2274/2199/4255 2227/2142/4255
f 2335/2244/4256 2235/2153/4256 2275/2192/4256
f 2335/2244/4257 2285/2201/4257 2284/2200/4257
f 2336/2256/4258 2307/2225/4258 2285/2201/4258
f 2326/2247/4259 2296/2214/4259 2295/2213/4259
f 2287/2203/4260 2348/2257/4260 2318/2237/4260
f 2328/2249/4261 2298/2217/4261 2289/2216/4261
f 2337/2258/4262 2308/2227/4262 2298/2217/4262
f 2337/2258/4263 2329/2250/4263 2308/2227/4263
f 2321/2240/4264 2338/2259/4264 2309/2228/4264
f 2309/2228/4265 2331/2252/4265 2290/2206/4265
f 2339/2260/4266 2301/2219/4266 2300/2218/4266
f 2332/2261/4267 2340/2262/4267 2301/2219/4267
f 2340/2262/4268 2268/2184/4268 2301/2219/4268
f 2340/2262/4269 2310/2229/4269 2268/2184/4269
f 2311/2230/4270 2302/2220/4270 2280/2195/4270
f 2303/2222/4271 2313/2232/4271 2292/2209/4271
f 2313/2232/4272 2314/2233/4272 2281/2163/4272
f 2341/2263/4273 2271/2189/4273 2314/2233/4273
f 2342/2264/4274 2293/2212/4274 2304/2211/4274
f 2293/2212/4275 2343/2265/4275 2249/2166/4275
f 2306/2224/4276 2344/2266/4276 2315/2234/4276
f 2333/2267/4277 2234/2152/4277 2273/2198/4277
f 2316/2235/4278 2345/2268/4278 2227/2142/4278
f 2345/2268/4279 2334/2255/4279 2227/2142/4279
f 2346/2269/4280 2335/2244/4280 2275/2192/4280
f 2335/2244/4281 2336/2256/4281 2285/2201/4281
f 2336/2256/4282 2347/2270/4282 2307/2225/4282
f 2347/2270/4283 2294/2226/4283 2307/2225/4283
f 2358/2271/4284 2296/2214/4284 2326/2247/4284
f 2327/2248/4285 2348/2257/4285 2287/2203/4285
f 2349/2272/4286 2297/2215/4286 2318/2237/4286
f 2349/2272/4287 2319/2238/4287 2297/2215/4287
f 2337/2258/4288 2350/2273/4288 2329/2250/4288
f 2351/2274/4289 2299/2205/4289 2320/2239/4289
f 2351/2274/4290 2321/2240/4290 2299/2205/4290
f 2338/2259/4291 2352/2275/4291 2309/2228/4291
f 2353/2276/4292 2331/2252/4292 2309/2228/4292
f 2312/2231/4293 2354/2277/4293 2257/2174/4293
f 2354/2277/4294 2269/2187/4294 2257/2174/4294
f 2283/2210/4295 2368/2278/4295 2304/2211/4295
f 2368/2278/4296 2342/2264/4296 2304/2211/4296
f 2342/2264/4297 2343/2265/4297 2293/2212/4297
f 2344/2266/4298 2355/2254/4298 2315/2234/4298
f 2355/2254/4299 2333/2267/4299 2273/2198/4299
f 2333/2267/4300 2316/2235/4300 2234/2152/4300
f 2274/2199/4301 2356/2279/4301 2275/2192/4301
f 2335/2244/4302 2357/2280/4302 2336/2256/4302
f 2357/2280/4303 2347/2270/4303 2336/2256/4303
f 2347/2270/4304 2324/2245/4304 2294/2226/4304
f 2317/2236/4305 2358/2271/4305 2326/2247/4305
f 2358/2271/4306 2327/2248/4306 2296/2214/4306
f 2358/2271/4307 2359/2281/4307 2327/2248/4307
f 2350/2273/4308 2330/2251/4308 2329/2250/4308
f 2330/2251/4309 2351/2274/4309 2320/2239/4309
f 2338/2259/4310 2321/2240/4310 2351/2274/4310
f 2352/2275/4311 2353/2276/4311 2309/2228/4311
f 2331/2252/4312 2360/2282/4312 2300/2218/4312
f 2339/2260/4313 2332/2261/4313 2301/2219/4313
f 2322/2241/4314 2310/2229/4314 2340/2262/4314
f 2361/2283/4315 2311/2230/4315 2291/2207/4315
f 2311/2230/4316 2362/2284/4316 2302/2220/4316
f 2362/2284/4317 75/2253/4317 2302/2220/4317
f 74/2242/4318 2354/2277/4318 2312/2231/4318
f 2269/2187/4319 2303/2222/4319 2270/2188/4319
f 2363/2285/4320 2364/2286/4320 2313/2232/4320
f 2366/2287/4321 2367/2288/4321 2323/2243/4321
f 2367/2288/4322 2283/2210/4322 2323/2243/4322
f 2343/2265/4323 2369/2289/4323 2249/2166/4323
f 2305/2223/4324 2370/2290/4324 2306/2224/4324
f 2370/2290/4325 2344/2266/4325 2306/2224/4325
f 2333/2267/4326 2345/2268/4326 2316/2235/4326
f 2356/2279/4327 2346/2269/4327 2275/2192/4327
f 2371/2291/4328 2372/2292/4328 2347/2270/4328
f 2372/2292/4329 2324/2245/4329 2347/2270/4329
f 2359/2281/4330 2348/2257/4330 2327/2248/4330
f 2348/2257/4331 2349/2272/4331 2318/2237/4331
f 2373/2293/4332 2328/2249/4332 2319/2238/4332
f 2328/2249/4333 2337/2258/4333 2298/2217/4333
f 2374/2294/4334 2351/2274/4334 2330/2251/4334
f 2353/2276/4335 2360/2282/4335 2331/2252/4335
f 2375/2295/4336 2340/2262/4336 2332/2261/4336
f 2322/2241/4337 2361/2283/4337 2291/2207/4337
f 2376/2296/4338 2303/2222/4338 2269/2187/4338
f 2363/2285/4339 2313/2232/4339 2303/2222/4339
f 2364/2286/4340 2314/2233/4340 2313/2232/4340
f 2365/2297/4341 2341/2263/4341 2314/2233/4341
f 2366/2287/4342 2323/2243/4342 2271/2189/4342
f 2367/2288/4343 2368/2278/4343 2283/2210/4343
f 2369/2289/4344 2305/2223/4344 2249/2166/4344
f 2369/2289/4345 2377/2298/4345 2305/2223/4345
f 2355/2254/4346 2378/2299/4346 2333/2267/4346
f 2334/2255/4347 2356/2279/4347 2274/2199/4347
f 2357/2280/4348 2335/2244/4348 2346/2269/4348
f 2379/2300/4349 2347/2270/4349 2357/2280/4349
f 2379/2300/4350 2371/2291/4350 2347/2270/4350
f 2380/2301/4351 2325/2246/4351 2324/2245/4351
f 2381/2302/4352 2317/2236/4352 2325/2246/4352
f 2382/2303/4353 2359/2281/4353 2358/2271/4353
f 2328/2249/4354 2383/2304/4354 2337/2258/4354
f 2360/2282/4355 2384/2305/4355 2300/2218/4355
f 2384/2305/4356 2339/2260/4356 2300/2218/4356
f 2339/2260/4357 2385/2306/4357 2332/2261/4357
f 2385/2306/4358 2375/2295/4358 2332/2261/4358
f 2394/2307/4359 2361/2283/4359 2322/2241/4359
f 2361/2283/4360 2386/2308/4360 2311/2230/4360
f 2386/2308/4361 2362/2284/4361 2311/2230/4361
f 2362/2284/4362 76/2309/4362 75/2253/4362
f 2354/2277/4363 2376/2296/4363 2269/2187/4363
f 2341/2263/4364 2366/2287/4364 2271/2189/4364
f 2377/2298/4365 2370/2290/4365 2305/2223/4365
f 2400/2310/4366 2378/2299/4366 2355/2254/4366
f 2387/2311/4367 2345/2268/4367 2333/2267/4367
f 2345/2268/4368 2388/2312/4368 2334/2255/4368
f 2388/2312/4369 2356/2279/4369 2334/2255/4369
f 2372/2292/4370 2380/2301/4370 2324/2245/4370
f 2380/2301/4371 2381/2302/4371 2325/2246/4371
f 2359/2281/4372 2390/2313/4372 2348/2257/4372
f 2373/2293/4373 2319/2238/4373 2349/2272/4373
f 2383/2304/4374 2350/2273/4374 2337/2258/4374
f 2350/2273/4375 2374/2294/4375 2330/2251/4375
f 2351/2274/4376 2392/2314/4376 2338/2259/4376
f 2393/2315/4377 2375/2295/4377 2385/2306/4377
f 2409/2316/4378 76/2309/4378 2362/2284/4378
f 77/2317/4379 2354/2277/4379 74/2242/4379
f 77/2317/4380 2395/2318/4380 2354/2277/4380
f 2396/2319/4381 2363/2285/4381 2303/2222/4381
f 2397/2320/4382 2365/2297/4382 2314/2233/4382
f 2341/2263/4383 2398/2321/4383 2366/2287/4383
f 2343/2265/4384 2399/2322/4384 2369/2289/4384
f 2400/2310/4385 2355/2254/4385 2344/2266/4385
f 2402/2323/4386 2357/2280/4386 2346/2269/4386
f 2402/2323/4387 2379/2300/4387 2357/2280/4387
f 2381/2302/4388 2389/2324/4388 2317/2236/4388
f 2389/2324/4389 2358/2271/4389 2317/2236/4389
f 2389/2324/4390 2382/2303/4390 2358/2271/4390
f 2390/2313/4391 2419/2325/4391 2348/2257/4391
f 2419/2325/4392 2349/2272/4392 2348/2257/4392
f 2403/2326/4393 2328/2249/4393 2373/2293/4393
f 2404/2327/4394 2383/2304/4394 2328/2249/4394
f 2383/2304/4395 2391/2328/4395 2350/2273/4395
f 2405/2329/4396 2351/2274/4396 2374/2294/4396
f 2405/2329/4397 2406/2330/4397 2351/2274/4397
f 2392/2314/4398 2352/2275/4398 2338/2259/4398
f 2407/2331/4399 2353/2276/4399 2352/2275/4399
f 2407/2331/4400 2360/2282/4400 2353/2276/4400
f 2384/2305/4401 2385/2306/4401 2339/2260/4401
f 2375/2295/4402 2322/2241/4402 2340/2262/4402
f 2375/2295/4403 2394/2307/4403 2322/2241/4403
f 2409/2316/4404 78/2332/4404 76/2309/4404
f 2364/2286/4405 2397/2320/4405 2314/2233/4405
f 2365/2297/4406 2398/2321/4406 2341/2263/4406
f 2398/2321/4407 2367/2288/4407 2366/2287/4407
f 2410/2333/4408 2368/2278/4408 2367/2288/4408
f 2342/2264/4409 2411/2334/4409 2343/2265/4409
f 2411/2334/4410 2399/2322/4410 2343/2265/4410
f 2399/2322/4411 2377/2298/4411 2369/2289/4411
f 2412/2335/4412 2344/2266/4412 2370/2290/4412
f 2401/2336/4413 2356/2279/4413 2388/2312/4413
f 2356/2279/4414 2401/2336/4414 2346/2269/4414
f 2401/2336/4415 2402/2323/4415 2346/2269/4415
f 2379/2300/4416 2417/2337/4416 2371/2291/4416
f 2417/2337/4417 2372/2292/4417 2371/2291/4417
f 2380/2301/4418 2418/2338/4418 2381/2302/4418
f 2389/2324/4419 2434/2339/4419 2382/2303/4419
f 2382/2303/4420 2390/2313/4420 2359/2281/4420
f 2419/2325/4421 2373/2293/4421 2349/2272/4421
f 2403/2326/4422 2404/2327/4422 2328/2249/4422
f 2392/2314/4423 2407/2331/4423 2352/2275/4423
f 2439/2340/4424 2360/2282/4424 2407/2331/4424
f 2439/2340/4425 2413/2341/4425 2360/2282/4425
f 2413/2341/4426 2384/2305/4426 2360/2282/4426
f 2394/2307/4427 2408/2342/4427 2361/2283/4427
f 79/2343/4428 2395/2318/4428 77/2317/4428
f 2395/2318/4429 2414/2344/4429 2354/2277/4429
f 2376/2296/4430 2396/2319/4430 2303/2222/4430
f 2443/2345/4431 2364/2286/4431 2363/2285/4431
f 2365/2297/4432 2415/2346/4432 2398/2321/4432
f 2415/2346/4433 2367/2288/4433 2398/2321/4433
f 2416/2347/4434 2342/2264/4434 2368/2278/4434
f 2378/2299/4435 2387/2311/4435 2333/2267/4435
f 2418/2338/4436 2389/2324/4436 2381/2302/4436
f 2434/2339/4437 2390/2313/4437 2382/2303/4437
f 2419/2325/4438 2403/2326/4438 2373/2293/4438
f 2383/2304/4439 2420/2348/4439 2391/2328/4439
f 2391/2328/4440 2421/2349/4440 2350/2273/4440
f 2421/2349/4441 2374/2294/4441 2350/2273/4441
f 2406/2330/4442 2392/2314/4442 2351/2274/4442
f 2451/2350/4443 2422/2351/4443 2394/2307/4443
f 2422/2351/4444 2408/2342/4444 2394/2307/4444
f 2408/2342/4445 2386/2308/4445 2361/2283/4445
f 2414/2344/4446 2423/2352/4446 2354/2277/4446
f 2396/2319/4447 2443/2345/4447 2363/2285/4447
f 2397/2320/4448 2415/2346/4448 2365/2297/4448
f 2424/2353/4449 2367/2288/4449 2415/2346/4449
f 2426/2354/4450 2411/2334/4450 2342/2264/4450
f 2427/2355/4451 2370/2290/4451 2377/2298/4451
f 2428/2356/4452 2412/2335/4452 2370/2290/4452
f 2429/2357/4453 2344/2266/4453 2412/2335/4453
f 2430/2358/4454 2400/2310/4454 2344/2266/4454
f 2400/2310/4455 2387/2311/4455 2378/2299/4455
f 2388/2312/4456 2345/2268/4456 2387/2311/4456
f 2431/2359/4457 2402/2323/4457 2401/2336/4457
f 2402/2323/4458 2417/2337/4458 2379/2300/4458
f 2432/2360/4459 2372/2292/4459 2417/2337/4459
f 2432/2360/4460 2380/2301/4460 2372/2292/4460
f 2418/2338/4461 2433/2361/4461 2389/2324/4461
f 2433/2361/4462 2434/2339/4462 2389/2324/4462
f 2436/2362/4463 2419/2325/4463 2390/2313/4463
f 2437/2363/4464 2403/2326/4464 2419/2325/4464
f 2404/2327/4465 2438/2364/4465 2383/2304/4465
f 2420/2348/4466 2421/2349/4466 2391/2328/4466
f 2421/2349/4467 2405/2329/4467 2374/2294/4467
f 2421/2349/4468 2406/2330/4468 2405/2329/4468
f 2439/2340/4469 2407/2331/4469 2392/2314/4469
f 2413/2341/4470 2440/2365/4470 2384/2305/4470
f 2440/2365/4471 2385/2306/4471 2384/2305/4471
f 2450/2366/4472 2375/2295/4472 2393/2315/4472
f 2451/2350/4473 2394/2307/4473 2375/2295/4473
f 2441/2367/4474 2362/2284/4474 2386/2308/4474
f 2441/2367/4475 2409/2316/4475 2362/2284/4475
f 79/2343/4476 2414/2344/4476 2395/2318/4476
f 2354/2277/4477 2423/2352/4477 2376/2296/4477
f 2442/2368/4478 2396/2319/4478 2376/2296/4478
f 2364/2286/4479 2443/2345/4479 2397/2320/4479
f 2397/2320/4480 2444/2369/4480 2415/2346/4480
f 2424/2353/4481 2410/2333/4481 2367/2288/4481
f 2410/2333/4482 2416/2347/4482 2368/2278/4482
f 2416/2347/4483 2425/2370/4483 2342/2264/4483
f 2425/2370/4484 2426/2354/4484 2342/2264/4484
f 2399/2322/4485 2427/2355/4485 2377/2298/4485
f 2427/2355/4486 2428/2356/4486 2370/2290/4486
f 2445/2371/4487 2387/2311/4487 2400/2310/4487
f 2446/2372/4488 2431/2359/4488 2401/2336/4488
f 2435/2373/4489 2390/2313/4489 2434/2339/4489
f 2447/2374/4490 2437/2363/4490 2419/2325/4490
f 2448/2375/4491 2404/2327/4491 2403/2326/4491
f 2460/2376/4492 2406/2330/4492 2421/2349/4492
f 2449/2377/4493 2392/2314/4493 2406/2330/4493
f 2440/2365/4494 2393/2315/4494 2385/2306/4494
f 2450/2366/4495 2451/2350/4495 2375/2295/4495
f 2409/2316/4496 2461/2378/4496 78/2332/4496
f 2452/2379/4497 2414/2344/4497 79/2343/4497
f 2462/2380/4498 2397/2320/4498 2443/2345/4498
f 2444/2369/4499 2424/2353/4499 2415/2346/4499
f 2453/2381/4500 2410/2333/4500 2424/2353/4500
f 2453/2381/4501 2416/2347/4501 2410/2333/4501
f 2429/2357/4502 2430/2358/4502 2344/2266/4502
f 2445/2371/4503 2400/2310/4503 2430/2358/4503
f 2387/2311/4504 2454/2382/4504 2388/2312/4504
f 2455/2383/4505 2446/2372/4505 2388/2312/4505
f 2446/2372/4506 2401/2336/4506 2388/2312/4506
f 2431/2359/4507 2456/2384/4507 2402/2323/4507
f 2456/2384/4508 2417/2337/4508 2402/2323/4508
f 2457/2385/4509 2418/2338/4509 2380/2301/4509
f 2458/2386/4510 2435/2373/4510 2434/2339/4510
f 2436/2362/4511 2390/2313/4511 2435/2373/4511
f 2436/2362/4512 2447/2374/4512 2419/2325/4512
f 2437/2363/4513 2459/2387/4513 2403/2326/4513
f 2459/2387/4514 2448/2375/4514 2403/2326/4514
f 2448/2375/4515 2438/2364/4515 2404/2327/4515
f 2449/2377/4516 2439/2340/4516 2392/2314/4516
f 2440/2365/4517 2450/2366/4517 2393/2315/4517
f 2461/2378/4518 80/2388/4518 78/2332/4518
f 2423/2352/4519 2442/2368/4519 2376/2296/4519
f 2442/2368/4520 2443/2345/4520 2396/2319/4520
f 2463/2389/4521 2399/2322/4521 2411/2334/4521
f 2428/2356/4522 2429/2357/4522 2412/2335/4522
f 2456/2384/4523 2431/2359/4523 2446/2372/4523
f 2432/2360/4524 2457/2385/4524 2380/2301/4524
f 2418/2338/4525 2465/2390/4525 2433/2361/4525
f 2433/2361/4526 2466/2391/4526 2434/2339/4526
f 2466/2391/4527 2458/2386/4527 2434/2339/4527
f 2467/2392/4528 2468/2393/4528 2436/2362/4528
f 2468/2393/4529 2447/2374/4529 2436/2362/4529
f 2447/2374/4530 2469/2394/4530 2437/2363/4530
f 2469/2394/4531 2459/2387/4531 2437/2363/4531
f 2438/2364/4532 2420/2348/4532 2383/2304/4532
f 2420/2348/4533 2460/2376/4533 2421/2349/4533
f 2470/2395/4534 2406/2330/4534 2460/2376/4534
f 2470/2395/4535 2449/2377/4535 2406/2330/4535
f 2472/2396/4536 2413/2341/4536 2439/2340/4536
f 2422/2351/4537 2473/2397/4537 2408/2342/4537
f 2473/2397/4538 2386/2308/4538 2408/2342/4538
f 2474/2398/4539 2441/2367/4539 2386/2308/4539
f 81/2399/4540 2452/2379/4540 79/2343/4540
f 2476/2400/4541 2443/2345/4541 2442/2368/4541
f 2444/2369/4542 2477/2401/4542 2424/2353/4542
f 2477/2401/4543 2453/2381/4543 2424/2353/4543
f 2497/2402/4544 2416/2347/4544 2453/2381/4544
f 2426/2354/4545 2463/2389/4545 2411/2334/4545
f 2478/2403/4546 2427/2355/4546 2399/2322/4546
f 2445/2371/4547 2479/2404/4547 2387/2311/4547
f 2454/2382/4548 2455/2383/4548 2388/2312/4548
f 2456/2384/4549 2481/2405/4549 2417/2337/4549
f 2482/2406/4550 2432/2360/4550 2417/2337/4550
f 2482/2406/4551 2457/2385/4551 2432/2360/4551
f 2483/2407/4552 2465/2390/4552 2418/2338/4552
f 2465/2390/4553 2466/2391/4553 2433/2361/4553
f 2458/2386/4554 2436/2362/4554 2435/2373/4554
f 2458/2386/4555 2467/2392/4555 2436/2362/4555
f 2484/2408/4556 2448/2375/4556 2459/2387/4556
f 2485/2409/4557 2449/2377/4557 2470/2395/4557
f 2449/2377/4558 2471/2410/4558 2439/2340/4558
f 2486/2411/4559 2451/2350/4559 2450/2366/4559
f 2486/2411/4560 2487/2412/4560 2451/2350/4560
f 2441/2367/4561 2461/2378/4561 2409/2316/4561
f 83/2413/4562 2452/2379/4562 81/2399/4562
f 2475/2414/4563 2442/2368/4563 2423/2352/4563
f 2462/2380/4564 2444/2369/4564 2397/2320/4564
f 2488/2415/4565 2445/2371/4565 2430/2358/4565
f 2464/2416/4566 2454/2382/4566 2387/2311/4566
f 2455/2383/4567 2480/2417/4567 2446/2372/4567
f 2489/2418/4568 2456/2384/4568 2446/2372/4568
f 2490/2419/4569 2417/2337/4569 2481/2405/4569
f 2490/2419/4570 2482/2406/4570 2417/2337/4570
f 2457/2385/4571 2483/2407/4571 2418/2338/4571
f 2469/2394/4572 2484/2408/4572 2459/2387/4572
f 2484/2408/4573 2438/2364/4573 2448/2375/4573
f 2491/2420/4574 2420/2348/4574 2438/2364/4574
f 2492/2421/4575 2460/2376/4575 2420/2348/4575
f 2492/2421/4576 2493/2422/4576 2460/2376/4576
f 2471/2410/4577 2472/2396/4577 2439/2340/4577
f 2472/2396/4578 2440/2365/4578 2413/2341/4578
f 2486/2411/4579 2450/2366/4579 2440/2365/4579
f 2494/2423/4580 2422/2351/4580 2451/2350/4580
f 2494/2423/4581 2473/2397/4581 2422/2351/4581
f 2473/2397/4582 2474/2398/4582 2386/2308/4582
f 2474/2398/4583 2461/2378/4583 2441/2367/4583
f 82/2424/4584 80/2388/4584 2461/2378/4584
f 2495/2425/4585 2414/2344/4585 2452/2379/4585
f 2462/2380/4586 2443/2345/4586 2476/2400/4586
f 2497/2402/4587 2453/2381/4587 2477/2401/4587
f 2463/2389/4588 2478/2403/4588 2399/2322/4588
f 2478/2403/4589 2428/2356/4589 2427/2355/4589
f 2488/2415/4590 2498/2426/4590 2445/2371/4590
f 2480/2417/4591 2489/2418/4591 2446/2372/4591
f 2499/2427/4592 2458/2386/4592 2466/2391/4592
f 2499/2427/4593 2467/2392/4593 2458/2386/4593
f 2507/2428/4594 2469/2394/4594 2447/2374/4594
f 2484/2408/4595 2500/2429/4595 2438/2364/4595
f 2492/2421/4596 2420/2348/4596 2491/2420/4596
f 2485/2409/4597 2501/2430/4597 2449/2377/4597
f 2501/2430/4598 2471/2410/4598 2449/2377/4598
f 2487/2412/4599 2494/2423/4599 2451/2350/4599
f 2495/2425/4600 2452/2379/4600 83/2413/4600
f 2495/2425/4601 2423/2352/4601 2414/2344/4601
f 2475/2414/4602 2502/2431/4602 2442/2368/4602
f 2502/2431/4603 2476/2400/4603 2442/2368/4603
f 2444/2369/4604 2496/2432/4604 2477/2401/4604
f 2497/2402/4605 2425/2370/4605 2416/2347/4605
f 2498/2426/4606 2479/2404/4606 2445/2371/4606
f 2479/2404/4607 2464/2416/4607 2387/2311/4607
f 2489/2418/4608 2504/2433/4608 2456/2384/4608
f 2504/2433/4609 2481/2405/4609 2456/2384/4609
f 2483/2407/4610 2466/2391/4610 2465/2390/4610
f 2483/2407/4611 2499/2427/4611 2466/2391/4611
f 2499/2427/4612 2505/2434/4612 2467/2392/4612
f 2506/2435/4613 2468/2393/4613 2467/2392/4613
f 2468/2393/4614 2507/2428/4614 2447/2374/4614
f 2508/2436/4615 2484/2408/4615 2469/2394/4615
f 2500/2429/4616 2491/2420/4616 2438/2364/4616
f 2493/2422/4617 2470/2395/4617 2460/2376/4617
f 2509/2437/4618 2485/2409/4618 2470/2395/4618
f 2510/2438/4619 2501/2430/4619 2485/2409/4619
f 2511/2439/4620 2440/2365/4620 2472/2396/4620
f 2526/2440/4621 2486/2411/4621 2440/2365/4621
f 2512/2441/4622 2487/2412/4622 2486/2411/4622
f 2474/2398/4623 2513/2442/4623 2461/2378/4623
f 83/2413/4624 2514/2443/4624 2495/2425/4624
f 2495/2425/4625 2475/2414/4625 2423/2352/4625
f 2496/2432/4626 2497/2402/4626 2477/2401/4626
f 2515/2444/4627 2426/2354/4627 2425/2370/4627
f 2516/2445/4628 2478/2403/4628 2463/2389/4628
f 2478/2403/4629 2517/2446/4629 2428/2356/4629
f 2429/2357/4630 2518/2447/4630 2430/2358/4630
f 2518/2447/4631 2488/2415/4631 2430/2358/4631
f 2519/2448/4632 2455/2383/4632 2454/2382/4632
f 2520/2449/4633 2480/2417/4633 2455/2383/4633
f 2490/2419/4634 2521/2450/4634 2482/2406/4634
f 2521/2450/4635 2457/2385/4635 2482/2406/4635
f 2521/2450/4636 2483/2407/4636 2457/2385/4636
f 2506/2435/4637 2507/2428/4637 2468/2393/4637
f 2523/2451/4638 2469/2394/4638 2507/2428/4638
f 2523/2451/4639 2508/2436/4639 2469/2394/4639
f 2508/2436/4640 2500/2429/4640 2484/2408/4640
f 2524/2452/4641 2491/2420/4641 2500/2429/4641
f 2525/2453/4642 2492/2421/4642 2491/2420/4642
f 2525/2453/4643 2493/2422/4643 2492/2421/4643
f 2493/2422/4644 2509/2437/4644 2470/2395/4644
f 2509/2437/4645 2510/2438/4645 2485/2409/4645
f 2526/2440/4646 2440/2365/4646 2511/2439/4646
f 2527/2454/4647 2474/2398/4647 2473/2397/4647
f 2513/2442/4648 2528/2455/4648 2461/2378/4648
f 2528/2455/4649 82/2424/4649 2461/2378/4649
f 2502/2431/4650 2503/2456/4650 2476/2400/4650
f 2530/2457/4651 2425/2370/4651 2497/2402/4651
f 2515/2444/4652 2532/2458/4652 2426/2354/4652
f 2532/2458/4653 2463/2389/4653 2426/2354/4653
f 2517/2446/4654 2429/2357/4654 2428/2356/4654
f 2464/2416/4655 2519/2448/4655 2454/2382/4655
f 2519/2448/4656 2520/2449/4656 2455/2383/4656
f 2520/2449/4657 2489/2418/4657 2480/2417/4657
f 2520/2449/4658 2504/2433/4658 2489/2418/4658
f 2534/2459/4659 2481/2405/4659 2504/2433/4659
f 2534/2459/4660 2490/2419/4660 2481/2405/4660
f 2535/2460/4661 2521/2450/4661 2490/2419/4661
f 2521/2450/4662 2536/2461/4662 2483/2407/4662
f 2536/2461/4663 2522/2462/4663 2483/2407/4663
f 2522/2462/4664 2537/2463/4664 2483/2407/4664
f 2537/2463/4665 2499/2427/4665 2483/2407/4665
f 2505/2434/4666 2506/2435/4666 2467/2392/4666
f 2508/2436/4667 2539/2464/4667 2500/2429/4667
f 2539/2464/4668 2524/2452/4668 2500/2429/4668
f 2491/2420/4669 2540/2465/4669 2525/2453/4669
f 2541/2466/4670 2493/2422/4670 2525/2453/4670
f 2541/2466/4671 2509/2437/4671 2493/2422/4671
f 2526/2440/4672 2512/2441/4672 2486/2411/4672
f 2512/2441/4673 2542/2467/4673 2487/2412/4673
f 2542/2467/4674 2494/2423/4674 2487/2412/4674
f 84/2468/4675 82/2424/4675 2528/2455/4675
f 85/2469/4676 2514/2443/4676 83/2413/4676
f 2552/2470/4677 2543/2471/4677 2495/2425/4677
f 2544/2472/4678 2475/2414/4678 2495/2425/4678
f 2544/2472/4679 2502/2431/4679 2475/2414/4679
f 2544/2472/4680 2503/2456/4680 2502/2431/4680
f 2462/2380/4681 2553/2473/4681 2444/2369/4681
f 2529/2474/4682 2496/2432/4682 2444/2369/4682
f 2545/2475/4683 2497/2402/4683 2496/2432/4683
f 2532/2458/4684 2516/2445/4684 2463/2389/4684
f 2546/2476/4685 2518/2447/4685 2429/2357/4685
f 2518/2447/4686 2547/2477/4686 2488/2415/4686
f 2547/2477/4687 2498/2426/4687 2488/2415/4687
f 2533/2478/4688 2534/2459/4688 2504/2433/4688
f 2535/2460/4689 2548/2479/4689 2521/2450/4689
f 2537/2463/4690 2538/2480/4690 2499/2427/4690
f 2538/2480/4691 2505/2434/4691 2499/2427/4691
f 2524/2452/4692 2540/2465/4692 2491/2420/4692
f 2540/2465/4693 2541/2466/4693 2525/2453/4693
f 2541/2466/4694 2549/2481/4694 2509/2437/4694
f 2549/2481/4695 2510/2438/4695 2509/2437/4695
f 2510/2438/4696 2550/2482/4696 2501/2430/4696
f 2550/2482/4697 2471/2410/4697 2501/2430/4697
f 2550/2482/4698 2472/2396/4698 2471/2410/4698
f 2550/2482/4699 2551/2483/4699 2472/2396/4699
f 2551/2483/4700 2511/2439/4700 2472/2396/4700
f 2552/2470/4701 2495/2425/4701 2514/2443/4701
f 2553/2473/4702 2529/2474/4702 2444/2369/4702
f 2529/2474/4703 2545/2475/4703 2496/2432/4703
f 2530/2457/4704 2531/2484/4704 2425/2370/4704
f 2515/2444/4705 2425/2370/4705 2531/2484/4705
f 2517/2446/4706 2554/2485/4706 2429/2357/4706
f 2554/2485/4707 2546/2476/4707 2429/2357/4707
f 2546/2476/4708 2547/2477/4708 2518/2447/4708
f 2498/2426/4709 2555/2486/4709 2479/2404/4709
f 2556/2487/4710 2520/2449/4710 2519/2448/4710
f 2520/2449/4711 2566/2488/4711 2504/2433/4711
f 2566/2488/4712 2533/2478/4712 2504/2433/4712
f 2557/2489/4713 2490/2419/4713 2534/2459/4713
f 2557/2489/4714 2535/2460/4714 2490/2419/4714
f 2548/2479/4715 2536/2461/4715 2521/2450/4715
f 2558/2490/4716 2538/2480/4716 2537/2463/4716
f 2559/2491/4717 2505/2434/4717 2538/2480/4717
f 2506/2435/4718 2560/2492/4718 2507/2428/4718
f 2560/2492/4719 2523/2451/4719 2507/2428/4719
f 2560/2492/4720 2561/2493/4720 2523/2451/4720
f 2561/2493/4721 2508/2436/4721 2523/2451/4721
f 2511/2439/4722 2562/2494/4722 2526/2440/4722
f 2513/2442/4723 84/2468/4723 2528/2455/4723
f 85/2469/4724 2552/2470/4724 2514/2443/4724
f 2543/2471/4725 2544/2472/4725 2495/2425/4725
f 2563/2495/4726 2553/2473/4726 2462/2380/4726
f 2564/2496/4727 2545/2475/4727 2529/2474/4727
f 2545/2475/4728 2530/2457/4728 2497/2402/4728
f 2554/2485/4729 2572/2497/4729 2546/2476/4729
f 2547/2477/4730 2555/2486/4730 2498/2426/4730
f 2555/2486/4731 2464/2416/4731 2479/2404/4731
f 2592/2498/4732 2519/2448/4732 2464/2416/4732
f 2592/2498/4733 2565/2499/4733 2519/2448/4733
f 2556/2487/4734 2566/2488/4734 2520/2449/4734
f 2557/2489/4735 2534/2459/4735 2533/2478/4735
f 2567/2500/4736 2537/2463/4736 2522/2462/4736
f 2526/2440/4737 2568/2501/4737 2512/2441/4737
f 2569/2502/4738 2474/2398/4738 2527/2454/4738
f 2569/2502/4739 2513/2442/4739 2474/2398/4739
f 86/2503/4740 84/2468/4740 2513/2442/4740
f 2544/2472/4741 2584/2504/4741 2503/2456/4741
f 2570/2505/4742 2476/2400/4742 2503/2456/4742
f 2570/2505/4743 2462/2380/4743 2476/2400/4743
f 2517/2446/4744 2478/2403/4744 2516/2445/4744
f 2571/2506/4745 2554/2485/4745 2517/2446/4745
f 2573/2507/4746 2547/2477/4746 2546/2476/4746
f 2566/2488/4747 2557/2489/4747 2533/2478/4747
f 2574/2508/4748 2535/2460/4748 2557/2489/4748
f 2548/2479/4749 2575/2509/4749 2536/2461/4749
f 2567/2500/4750 2558/2490/4750 2537/2463/4750
f 2558/2490/4751 2559/2491/4751 2538/2480/4751
f 2576/2510/4752 2505/2434/4752 2559/2491/4752
f 2576/2510/4753 2506/2435/4753 2505/2434/4753
f 2576/2510/4754 2560/2492/4754 2506/2435/4754
f 2577/2511/4755 2524/2452/4755 2539/2464/4755
f 2578/2512/4756 2510/2438/4756 2549/2481/4756
f 2579/2513/4757 2511/2439/4757 2551/2483/4757
f 2579/2513/4758 2562/2494/4758 2511/2439/4758
f 2568/2501/4759 2542/2467/4759 2512/2441/4759
f 2580/2514/4760 2494/2423/4760 2542/2467/4760
f 2580/2514/4761 2473/2397/4761 2494/2423/4761
f 2580/2514/4762 2527/2454/4762 2473/2397/4762
f 2581/2515/4763 2569/2502/4763 2527/2454/4763
f 2582/2516/4764 2543/2471/4764 2552/2470/4764
f 2583/2517/4765 2544/2472/4765 2543/2471/4765
f 2570/2505/4766 2563/2495/4766 2462/2380/4766
f 2585/2518/4767 2564/2496/4767 2529/2474/4767
f 2564/2496/4768 2586/2519/4768 2545/2475/4768
f 2586/2519/4769 2587/2520/4769 2545/2475/4769
f 2587/2520/4770 2530/2457/4770 2545/2475/4770
f 2531/2484/4771 2532/2458/4771 2515/2444/4771
f 2532/2458/4772 2598/2521/4772 2516/2445/4772
f 2588/2522/4773 2517/2446/4773 2516/2445/4773
f 2571/2506/4774 2572/2497/4774 2554/2485/4774
f 2572/2497/4775 2590/2523/4775 2546/2476/4775
f 2590/2523/4776 2573/2507/4776 2546/2476/4776
f 2565/2499/4777 2556/2487/4777 2519/2448/4777
f 2602/2524/4778 2574/2508/4778 2557/2489/4778
f 2575/2509/4779 2522/2462/4779 2536/2461/4779
f 2575/2509/4780 2567/2500/4780 2522/2462/4780
f 2593/2525/4781 2594/2526/4781 2560/2492/4781
f 2594/2526/4782 2561/2493/4782 2560/2492/4782
f 2595/2527/4783 2539/2464/4783 2508/2436/4783
f 2577/2511/4784 2540/2465/4784 2524/2452/4784
f 2596/2528/4785 2541/2466/4785 2540/2465/4785
f 2596/2528/4786 2549/2481/4786 2541/2466/4786
f 2578/2512/4787 2550/2482/4787 2510/2438/4787
f 2578/2512/4788 2551/2483/4788 2550/2482/4788
f 2562/2494/4789 2568/2501/4789 2526/2440/4789
f 2580/2514/4790 2581/2515/4790 2527/2454/4790
f 2569/2502/4791 2607/2529/4791 2513/2442/4791
f 2607/2529/4792 86/2503/4792 2513/2442/4792
f 2582/2516/4793 2552/2470/4793 85/2469/4793
f 2584/2504/4794 2570/2505/4794 2503/2456/4794
f 2597/2530/4795 2553/2473/4795 2563/2495/4795
f 2597/2530/4796 2529/2474/4796 2553/2473/4796
f 2597/2530/4797 2585/2518/4797 2529/2474/4797
f 2531/2484/4798 2598/2521/4798 2532/2458/4798
f 2598/2521/4799 2588/2522/4799 2516/2445/4799
f 2573/2507/4800 2591/2531/4800 2547/2477/4800
f 2591/2531/4801 2600/2532/4801 2547/2477/4801
f 2600/2532/4802 2555/2486/4802 2547/2477/4802
f 2555/2486/4803 2592/2498/4803 2464/2416/4803
f 2602/2524/4804 2557/2489/4804 2566/2488/4804
f 2574/2508/4805 2548/2479/4805 2535/2460/4805
f 2603/2533/4806 2559/2491/4806 2558/2490/4806
f 2594/2526/4807 2508/2436/4807 2561/2493/4807
f 2594/2526/4808 2595/2527/4808 2508/2436/4808
f 2604/2534/4809 2539/2464/4809 2595/2527/4809
f 2604/2534/4810 2577/2511/4810 2539/2464/4810
f 2577/2511/4811 2629/2535/4811 2540/2465/4811
f 2629/2535/4812 2596/2528/4812 2540/2465/4812
f 2605/2536/4813 2579/2513/4813 2551/2483/4813
f 88/2537/4814 2582/2516/4814 85/2469/4814
f 2583/2517/4815 2608/2538/4815 2544/2472/4815
f 2608/2538/4816 2584/2504/4816 2544/2472/4816
f 2622/2539/4817 2563/2495/4817 2570/2505/4817
f 2609/2540/4818 2597/2530/4818 2563/2495/4818
f 2585/2518/4819 2586/2519/4819 2564/2496/4819
f 2610/2541/4820 2531/2484/4820 2530/2457/4820
f 2588/2522/4821 2589/2542/4821 2517/2446/4821
f 2589/2542/4822 2571/2506/4822 2517/2446/4822
f 2611/2543/4823 2572/2497/4823 2571/2506/4823
f 2611/2543/4824 2599/2544/4824 2572/2497/4824
f 2591/2531/4825 2573/2507/4825 2590/2523/4825
f 2565/2499/4826 2601/2545/4826 2556/2487/4826
f 2556/2487/4827 2612/2546/4827 2566/2488/4827
f 2602/2524/4828 2614/2547/4828 2574/2508/4828
f 2615/2548/4829 2548/2479/4829 2574/2508/4829
f 2548/2479/4830 2616/2549/4830 2575/2509/4830
f 2567/2500/4831 2603/2533/4831 2558/2490/4831
f 2617/2550/4832 2594/2526/4832 2593/2525/4832
f 2595/2527/4833 2628/2551/4833 2604/2534/4833
f 2618/2552/4834 2549/2481/4834 2596/2528/4834
f 2619/2553/4835 2578/2512/4835 2549/2481/4835
f 2620/2554/4836 2551/2483/4836 2578/2512/4836
f 2620/2554/4837 2605/2536/4837 2551/2483/4837
f 2632/2555/4838 2568/2501/4838 2562/2494/4838
f 2632/2555/4839 2606/2556/4839 2568/2501/4839
f 2606/2556/4840 2542/2467/4840 2568/2501/4840
f 87/2557/4841 88/2537/4841 85/2469/4841
f 2582/2516/4842 2583/2517/4842 2543/2471/4842
f 2623/2558/4843 2587/2520/4843 2586/2519/4843
f 2587/2520/4844 2610/2541/4844 2530/2457/4844
f 2591/2531/4845 2624/2559/4845 2600/2532/4845
f 2639/2560/4846 2555/2486/4846 2600/2532/4846
f 2639/2560/4847 2592/2498/4847 2555/2486/4847
f 2592/2498/4848 2601/2545/4848 2565/2499/4848
f 2601/2545/4849 2612/2546/4849 2556/2487/4849
f 2613/2561/4850 2602/2524/4850 2566/2488/4850
f 2614/2547/4851 2615/2548/4851 2574/2508/4851
f 2616/2549/4852 2625/2562/4852 2575/2509/4852
f 2625/2562/4853 2626/2563/4853 2575/2509/4853
f 2603/2533/4854 2627/2564/4854 2559/2491/4854
f 2627/2564/4855 2576/2510/4855 2559/2491/4855
f 2640/2565/4856 2560/2492/4856 2576/2510/4856
f 2640/2565/4857 2593/2525/4857 2560/2492/4857
f 2617/2550/4858 2595/2527/4858 2594/2526/4858
f 2629/2535/4859 2630/2566/4859 2596/2528/4859
f 2619/2553/4860 2549/2481/4860 2618/2552/4860
f 2631/2567/4861 2578/2512/4861 2619/2553/4861
f 2633/2568/4862 2580/2514/4862 2542/2467/4862
f 2621/2569/4863 2581/2515/4863 2580/2514/4863
f 89/2570/4864 86/2503/4864 2607/2529/4864
f 2597/2530/4865 2634/2571/4865 2585/2518/4865
f 2634/2571/4866 2586/2519/4866 2585/2518/4866
f 2635/2572/4867 2610/2541/4867 2587/2520/4867
f 2588/2522/4868 2636/2573/4868 2589/2542/4868
f 2637/2574/4869 2571/2506/4869 2589/2542/4869
f 2637/2574/4870 2611/2543/4870 2571/2506/4870
f 2572/2497/4871 2638/2575/4871 2590/2523/4871
f 2650/2576/4872 2601/2545/4872 2592/2498/4872
f 2612/2546/4873 2613/2561/4873 2566/2488/4873
f 2616/2549/4874 2548/2479/4874 2615/2548/4874
f 2626/2563/4875 2567/2500/4875 2575/2509/4875
f 2630/2566/4876 2618/2552/4876 2596/2528/4876
f 2631/2567/4877 2620/2554/4877 2578/2512/4877
f 2605/2536/4878 2562/2494/4878 2579/2513/4878
f 2605/2536/4879 2632/2555/4879 2562/2494/4879
f 2632/2555/4880 2641/2577/4880 2606/2556/4880
f 2642/2578/4881 2542/2467/4881 2606/2556/4881
f 2642/2578/4882 2633/2568/4882 2542/2467/4882
f 2621/2569/4883 2580/2514/4883 2633/2568/4883
f 2643/2579/4884 2569/2502/4884 2581/2515/4884
f 2643/2579/4885 2607/2529/4885 2569/2502/4885
f 2643/2579/4886 2644/2580/4886 2607/2529/4886
f 2645/2581/4887 2583/2517/4887 2582/2516/4887
f 2645/2581/4888 2608/2538/4888 2583/2517/4888
f 2584/2504/4889 2646/2582/4889 2570/2505/4889
f 2609/2540/4890 2634/2571/4890 2597/2530/4890
f 2634/2571/4891 2623/2558/4891 2586/2519/4891
f 2623/2558/4892 2635/2572/4892 2587/2520/4892
f 2610/2541/4893 2661/2583/4893 2531/2484/4893
f 2661/2583/4894 2647/2584/4894 2531/2484/4894
f 2647/2584/4895 2598/2521/4895 2531/2484/4895
f 2599/2544/4896 2638/2575/4896 2572/2497/4896
f 2638/2575/4897 2649/2585/4897 2590/2523/4897
f 2649/2585/4898 2591/2531/4898 2590/2523/4898
f 2649/2585/4899 2624/2559/4899 2591/2531/4899
f 2639/2560/4900 2650/2576/4900 2592/2498/4900
f 2652/2586/4901 2614/2547/4901 2602/2524/4901
f 2627/2564/4902 2640/2565/4902 2576/2510/4902
f 2640/2565/4903 2653/2587/4903 2593/2525/4903
f 2653/2587/4904 2617/2550/4904 2593/2525/4904
f 2617/2550/4905 2628/2551/4905 2595/2527/4905
f 2654/2588/4906 2629/2535/4906 2577/2511/4906
f 2655/2589/4907 2620/2554/4907 2631/2567/4907
f 2669/2590/4908 2632/2555/4908 2605/2536/4908
f 2669/2590/4909 2656/2591/4909 2632/2555/4909
f 2633/2568/4910 2657/2592/4910 2621/2569/4910
f 2621/2569/4911 2643/2579/4911 2581/2515/4911
f 2644/2580/4912 2658/2593/4912 2607/2529/4912
f 2658/2593/4913 89/2570/4913 2607/2529/4913
f 2645/2581/4914 2660/2594/4914 2608/2538/4914
f 2608/2538/4915 2646/2582/4915 2584/2504/4915
f 2646/2582/4916 2622/2539/4916 2570/2505/4916
f 2622/2539/4917 2609/2540/4917 2563/2495/4917
f 2635/2572/4918 2661/2583/4918 2610/2541/4918
f 2647/2584/4919 2662/2595/4919 2598/2521/4919
f 2662/2595/4920 2588/2522/4920 2598/2521/4920
f 2636/2573/4921 2637/2574/4921 2589/2542/4921
f 2637/2574/4922 2648/2596/4922 2611/2543/4922
f 2624/2559/4923 2639/2560/4923 2600/2532/4923
f 2650/2576/4924 2651/2597/4924 2601/2545/4924
f 2651/2597/4925 2612/2546/4925 2601/2545/4925
f 2663/2598/4926 2626/2563/4926 2625/2562/4926
f 2664/2599/4927 2567/2500/4927 2626/2563/4927
f 2664/2599/4928 2603/2533/4928 2567/2500/4928
f 2665/2600/4929 2604/2534/4929 2628/2551/4929
f 2665/2600/4930 2577/2511/4930 2604/2534/4930
f 2665/2600/4931 2654/2588/4931 2577/2511/4931
f 2666/2601/4932 2630/2566/4932 2629/2535/4932
f 2667/2602/4933 2618/2552/4933 2630/2566/4933
f 2618/2552/4934 2681/2603/4934 2619/2553/4934
f 2681/2603/4935 2631/2567/4935 2619/2553/4935
f 2668/2604/4936 2605/2536/4936 2620/2554/4936
f 2641/2577/4937 2642/2578/4937 2606/2556/4937
f 88/2537/4938 2659/2605/4938 2582/2516/4938
f 2659/2605/4939 2645/2581/4939 2582/2516/4939
f 2660/2594/4940 2646/2582/4940 2608/2538/4940
f 2670/2606/4941 2622/2539/4941 2646/2582/4941
f 2671/2607/4942 2609/2540/4942 2622/2539/4942
f 2672/2608/4943 2634/2571/4943 2609/2540/4943
f 2634/2571/4944 2672/2608/4944 2623/2558/4944
f 2673/2609/4945 2635/2572/4945 2623/2558/4945
f 2636/2573/4946 2648/2596/4946 2637/2574/4946
f 2648/2596/4947 2599/2544/4947 2611/2543/4947
f 2648/2596/4948 2638/2575/4948 2599/2544/4948
f 2612/2546/4949 2676/2610/4949 2613/2561/4949
f 2613/2561/4950 2677/2611/4950 2602/2524/4950
f 2652/2586/4951 2615/2548/4951 2614/2547/4951
f 2615/2548/4952 2678/2612/4952 2616/2549/4952
f 2678/2612/4953 2625/2562/4953 2616/2549/4953
f 2678/2612/4954 2679/2613/4954 2625/2562/4954
f 2653/2587/4955 2680/2614/4955 2617/2550/4955
f 2654/2588/4956 2666/2601/4956 2629/2535/4956
f 2666/2601/4957 2667/2602/4957 2630/2566/4957
f 2667/2602/4958 2681/2603/4958 2618/2552/4958
f 2655/2589/4959 2668/2604/4959 2620/2554/4959
f 2668/2604/4960 2669/2590/4960 2605/2536/4960
f 2656/2591/4961 2641/2577/4961 2632/2555/4961
f 2641/2577/4962 2682/2615/4962 2642/2578/4962
f 2682/2615/4963 2633/2568/4963 2642/2578/4963
f 2662/2595/4964 2674/2616/4964 2588/2522/4964
f 2674/2616/4965 2636/2573/4965 2588/2522/4965
f 2685/2617/4966 2612/2546/4966 2651/2597/4966
f 2677/2611/4967 2652/2586/4967 2602/2524/4967
f 2686/2618/4968 2615/2548/4968 2652/2586/4968
f 2679/2613/4969 2663/2598/4969 2625/2562/4969
f 2663/2598/4970 2664/2599/4970 2626/2563/4970
f 2664/2599/4971 2687/2619/4971 2603/2533/4971
f 2687/2619/4972 2627/2564/4972 2603/2533/4972
f 2627/2564/4973 2697/2620/4973 2640/2565/4973
f 2680/2614/4974 2628/2551/4974 2617/2550/4974
f 2669/2590/4975 2688/2621/4975 2656/2591/4975
f 2689/2622/4976 2641/2577/4976 2656/2591/4976
f 2657/2592/4977 2643/2579/4977 2621/2569/4977
f 2690/2623/4978 2644/2580/4978 2643/2579/4978
f 2622/2539/4979 2708/2624/4979 2671/2607/4979
f 2671/2607/4980 2672/2608/4980 2609/2540/4980
f 2709/2625/4981 2661/2583/4981 2635/2572/4981
f 2683/2626/4982 2647/2584/4982 2661/2583/4982
f 2692/2627/4983 2674/2616/4983 2662/2595/4983
f 2693/2628/4984 2638/2575/4984 2648/2596/4984
f 2693/2628/4985 2649/2585/4985 2638/2575/4985
f 2649/2585/4986 2675/2629/4986 2624/2559/4986
f 2684/2630/4987 2650/2576/4987 2639/2560/4987
f 2694/2631/4988 2651/2597/4988 2650/2576/4988
f 2694/2631/4989 2685/2617/4989 2651/2597/4989
f 2685/2617/4990 2676/2610/4990 2612/2546/4990
f 2676/2610/4991 2677/2611/4991 2613/2561/4991
f 2677/2611/4992 2686/2618/4992 2652/2586/4992
f 2686/2618/4993 2695/2632/4993 2615/2548/4993
f 2695/2632/4994 2678/2612/4994 2615/2548/4994
f 2678/2612/4995 2716/2633/4995 2679/2613/4995
f 2696/2634/4996 2687/2619/4996 2664/2599/4996
f 2697/2620/4997 2698/2635/4997 2640/2565/4997
f 2628/2551/4998 2699/2636/4998 2665/2600/4998
f 2665/2600/4999 2699/2636/4999 2654/2588/4999
f 2700/2637/5000 2666/2601/5000 2654/2588/5000
f 2701/2638/5001 2702/2639/5001 2631/2567/5001
f 2702/2639/5002 2655/2589/5002 2631/2567/5002
f 2702/2639/5003 2668/2604/5003 2655/2589/5003
f 2689/2622/5004 2682/2615/5004 2641/2577/5004
f 2682/2615/5005 2704/2640/5005 2633/2568/5005
f 2704/2640/5006 2657/2592/5006 2633/2568/5006
f 2705/2641/5007 2690/2623/5007 2643/2579/5007
f 2644/2580/5008 2706/2642/5008 2658/2593/5008
f 2706/2642/5009 2707/2643/5009 2658/2593/5009
f 2707/2643/5010 89/2570/5010 2658/2593/5010
f 91/2644/5011 2659/2605/5011 88/2537/5011
f 2672/2608/5012 2673/2609/5012 2623/2558/5012
f 2673/2609/5013 2709/2625/5013 2635/2572/5013
f 2710/2645/5014 2661/2583/5014 2709/2625/5014
f 2711/2646/5015 2662/2595/5015 2647/2584/5015
f 2674/2616/5016 2648/2596/5016 2636/2573/5016
f 2675/2629/5017 2639/2560/5017 2624/2559/5017
f 2684/2630/5018 2694/2631/5018 2650/2576/5018
f 2687/2619/5019 2697/2620/5019 2627/2564/5019
f 2698/2635/5020 2653/2587/5020 2640/2565/5020
f 2698/2635/5021 2680/2614/5021 2653/2587/5021
f 2701/2638/5022 2631/2567/5022 2681/2603/5022
f 2688/2621/5023 2703/2647/5023 2656/2591/5023
f 2703/2647/5024 2689/2622/5024 2656/2591/5024
f 91/2644/5025 2691/2648/5025 2659/2605/5025
f 2691/2648/5026 2645/2581/5026 2659/2605/5026
f 2646/2582/5027 2712/2649/5027 2670/2606/5027
f 2670/2606/5028 2708/2624/5028 2622/2539/5028
f 2713/2650/5029 2662/2595/5029 2711/2646/5029
f 2713/2650/5030 2692/2627/5030 2662/2595/5030
f 2675/2629/5031 2714/2651/5031 2639/2560/5031
f 2714/2651/5032 2684/2630/5032 2639/2560/5032
f 2694/2631/5033 2715/2652/5033 2685/2617/5033
f 2745/2653/5034 2677/2611/5034 2676/2610/5034
f 2716/2633/5035 2678/2612/5035 2695/2632/5035
f 2717/2654/5036 2679/2613/5036 2716/2633/5036
f 2718/2655/5037 2699/2636/5037 2680/2614/5037
f 2699/2636/5038 2628/2551/5038 2680/2614/5038
f 2719/2656/5039 2700/2637/5039 2654/2588/5039
f 2755/2657/5040 2681/2603/5040 2667/2602/5040
f 2755/2657/5041 2701/2638/5041 2681/2603/5041
f 2720/2658/5042 2682/2615/5042 2689/2622/5042
f 2705/2641/5043 2643/2579/5043 2657/2592/5043
f 2721/2659/5044 2644/2580/5044 2690/2623/5044
f 2721/2659/5045 2706/2642/5045 2644/2580/5045
f 2707/2643/5046 90/2660/5046 89/2570/5046
f 2723/2661/5047 2646/2582/5047 2660/2594/5047
f 2724/2662/5048 2673/2609/5048 2672/2608/5048
f 2673/2609/5049 2725/2663/5049 2709/2625/5049
f 2710/2645/5050 2726/2664/5050 2661/2583/5050
f 2726/2664/5051 2683/2626/5051 2661/2583/5051
f 2683/2626/5052 2711/2646/5052 2647/2584/5052
f 2674/2616/5053 2727/2665/5053 2648/2596/5053
f 2727/2665/5054 2693/2628/5054 2648/2596/5054
f 2728/2666/5055 2675/2629/5055 2649/2585/5055
f 2715/2652/5056 2676/2610/5056 2685/2617/5056
f 2731/2667/5057 2717/2654/5057 2716/2633/5057
f 2717/2654/5058 2663/2598/5058 2679/2613/5058
f 2717/2654/5059 2732/2668/5059 2663/2598/5059
f 2732/2668/5060 2664/2599/5060 2663/2598/5060
f 2733/2669/5061 2680/2614/5061 2698/2635/5061
f 2733/2669/5062 2718/2655/5062 2680/2614/5062
f 2734/2670/5063 2699/2636/5063 2718/2655/5063
f 2735/2671/5064 2654/2588/5064 2699/2636/5064
f 2735/2671/5065 2719/2656/5065 2654/2588/5065
f 2700/2637/5066 2736/2672/5066 2666/2601/5066
f 2736/2672/5067 2667/2602/5067 2666/2601/5067
f 2688/2621/5068 2669/2590/5068 2668/2604/5068
f 2737/2673/5069 2720/2658/5069 2689/2622/5069
f 2721/2659/5070 2690/2623/5070 2705/2641/5070
f 2722/2674/5071 2645/2581/5071 2691/2648/5071
f 2723/2661/5072 2712/2649/5072 2646/2582/5072
f 2712/2649/5073 2708/2624/5073 2670/2606/5073
f 2739/2675/5074 2672/2608/5074 2671/2607/5074
f 2724/2662/5075 2725/2663/5075 2673/2609/5075
f 2725/2663/5076 2710/2645/5076 2709/2625/5076
f 2740/2676/5077 2674/2616/5077 2692/2627/5077
f 2741/2677/5078 2649/2585/5078 2693/2628/5078
f 2741/2677/5079 2742/2678/5079 2649/2585/5079
f 2742/2678/5080 2728/2666/5080 2649/2585/5080
f 2728/2666/5081 2743/2679/5081 2675/2629/5081
f 2743/2679/5082 2714/2651/5082 2675/2629/5082
f 2729/2680/5083 2684/2630/5083 2714/2651/5083
f 2684/2630/5084 2730/2681/5084 2694/2631/5084
f 2730/2681/5085 2744/2682/5085 2694/2631/5085
f 2715/2652/5086 2745/2653/5086 2676/2610/5086
f 2677/2611/5087 2746/2683/5087 2686/2618/5087
f 2746/2683/5088 2695/2632/5088 2686/2618/5088
f 2695/2632/5089 2731/2667/5089 2716/2633/5089
f 2732/2668/5090 2696/2634/5090 2664/2599/5090
f 2696/2634/5091 2747/2684/5091 2687/2619/5091
f 2747/2684/5092 2697/2620/5092 2687/2619/5092
f 2748/2685/5093 2698/2635/5093 2697/2620/5093
f 2718/2655/5094 2767/2686/5094 2734/2670/5094
f 2734/2670/5095 2735/2671/5095 2699/2636/5095
f 2736/2672/5096 2749/2687/5096 2667/2602/5096
f 2682/2615/5097 2750/2688/5097 2704/2640/5097
f 2750/2688/5098 2657/2592/5098 2704/2640/5098
f 2750/2688/5099 2705/2641/5099 2657/2592/5099
f 2738/2689/5100 2721/2659/5100 2705/2641/5100
f 2751/2690/5101 2706/2642/5101 2721/2659/5101
f 2751/2690/5102 2707/2643/5102 2706/2642/5102
f 91/2644/5103 2722/2674/5103 2691/2648/5103
f 2752/2691/5104 2660/2594/5104 2645/2581/5104
f 2752/2691/5105 2723/2661/5105 2660/2594/5105
f 2712/2649/5106 2753/2692/5106 2708/2624/5106
f 2708/2624/5107 2739/2675/5107 2671/2607/5107
f 2726/2664/5108 2711/2646/5108 2683/2626/5108
f 2713/2650/5109 2740/2676/5109 2692/2627/5109
f 2727/2665/5110 2741/2677/5110 2693/2628/5110
f 2742/2678/5111 2743/2679/5111 2728/2666/5111
f 2743/2679/5112 2729/2680/5112 2714/2651/5112
f 2729/2680/5113 2730/2681/5113 2684/2630/5113
f 2754/2693/5114 2732/2668/5114 2717/2654/5114
f 2747/2684/5115 2748/2685/5115 2697/2620/5115
f 2733/2669/5116 2767/2686/5116 2718/2655/5116
f 2719/2656/5117 2736/2672/5117 2700/2637/5117
f 2749/2687/5118 2755/2657/5118 2667/2602/5118
f 2701/2638/5119 2756/2694/5119 2702/2639/5119
f 2756/2694/5120 2668/2604/5120 2702/2639/5120
f 2756/2694/5121 2688/2621/5121 2668/2604/5121
f 2756/2694/5122 2757/2695/5122 2688/2621/5122
f 2720/2658/5123 2758/2696/5123 2682/2615/5123
f 2758/2696/5124 2750/2688/5124 2682/2615/5124
f 2750/2688/5125 2738/2689/5125 2705/2641/5125
f 2707/2643/5126 92/2697/5126 90/2660/5126
f 2722/2674/5127 2752/2691/5127 2645/2581/5127
f 2740/2676/5128 2797/2698/5128 2674/2616/5128
f 2727/2665/5129 2760/2699/5129 2741/2677/5129
f 2761/2700/5130 2729/2680/5130 2743/2679/5130
f 2744/2682/5131 2715/2652/5131 2694/2631/5131
f 2677/2611/5132 2762/2701/5132 2746/2683/5132
f 2763/2702/5133 2695/2632/5133 2746/2683/5133
f 2763/2702/5134 2731/2667/5134 2695/2632/5134
f 2754/2693/5135 2717/2654/5135 2731/2667/5135
f 2765/2703/5136 2732/2668/5136 2754/2693/5136
f 2732/2668/5137 2747/2684/5137 2696/2634/5137
f 2748/2685/5138 2733/2669/5138 2698/2635/5138
f 2767/2686/5139 2735/2671/5139 2734/2670/5139
f 2768/2704/5140 2701/2638/5140 2755/2657/5140
f 2769/2705/5141 2688/2621/5141 2757/2695/5141
f 2769/2705/5142 2703/2647/5142 2688/2621/5142
f 2769/2705/5143 2689/2622/5143 2703/2647/5143
f 2750/2688/5144 2770/2706/5144 2738/2689/5144
f 2759/2707/5145 2721/2659/5145 2738/2689/5145
f 2771/2708/5146 2751/2690/5146 2721/2659/5146
f 93/2709/5147 2722/2674/5147 91/2644/5147
f 2773/2710/5148 2712/2649/5148 2723/2661/5148
f 2753/2692/5149 2739/2675/5149 2708/2624/5149
f 2739/2675/5150 2774/2711/5150 2672/2608/5150
f 2774/2711/5151 2724/2662/5151 2672/2608/5151
f 2775/2712/5152 2710/2645/5152 2725/2663/5152
f 2788/2713/5153 2726/2664/5153 2710/2645/5153
f 2726/2664/5154 2777/2714/5154 2711/2646/5154
f 2777/2714/5155 2713/2650/5155 2711/2646/5155
f 2777/2714/5156 2778/2715/5156 2713/2650/5156
f 2778/2715/5157 2740/2676/5157 2713/2650/5157
f 2760/2699/5158 2779/2716/5158 2741/2677/5158
f 2779/2716/5159 2742/2678/5159 2741/2677/5159
f 2761/2700/5160 2781/2717/5160 2729/2680/5160
f 2781/2717/5161 2730/2681/5161 2729/2680/5161
f 2781/2717/5162 2744/2682/5162 2730/2681/5162
f 2745/2653/5163 2791/2718/5163 2677/2611/5163
f 2791/2718/5164 2762/2701/5164 2677/2611/5164
f 2765/2703/5165 2766/2719/5165 2732/2668/5165
f 2766/2719/5166 2747/2684/5166 2732/2668/5166
f 2782/2720/5167 2733/2669/5167 2748/2685/5167
f 2735/2671/5168 2783/2721/5168 2719/2656/5168
f 2719/2656/5169 2784/2722/5169 2736/2672/5169
f 2784/2722/5170 2749/2687/5170 2736/2672/5170
f 2756/2694/5171 2785/2723/5171 2757/2695/5171
f 2769/2705/5172 2737/2673/5172 2689/2622/5172
f 2737/2673/5173 2758/2696/5173 2720/2658/5173
f 2759/2707/5174 2771/2708/5174 2721/2659/5174
f 2802/2724/5175 2707/2643/5175 2751/2690/5175
f 93/2709/5176 2772/2725/5176 2722/2674/5176
f 2773/2710/5177 2753/2692/5177 2712/2649/5177
f 2753/2692/5178 2786/2726/5178 2739/2675/5178
f 2787/2727/5179 2724/2662/5179 2774/2711/5179
f 2724/2662/5180 2775/2712/5180 2725/2663/5180
f 2788/2713/5181 2710/2645/5181 2775/2712/5181
f 2788/2713/5182 2776/2728/5182 2726/2664/5182
f 2776/2728/5183 2777/2714/5183 2726/2664/5183
f 2779/2716/5184 2743/2679/5184 2742/2678/5184
f 2779/2716/5185 2780/2729/5185 2743/2679/5185
f 2780/2729/5186 2761/2700/5186 2743/2679/5186
f 2780/2729/5187 2789/2730/5187 2761/2700/5187
f 2790/2731/5188 2744/2682/5188 2781/2717/5188
f 2791/2718/5189 2745/2653/5189 2715/2652/5189
f 2762/2701/5190 2763/2702/5190 2746/2683/5190
f 2764/2732/5191 2731/2667/5191 2763/2702/5191
f 2792/2733/5192 2731/2667/5192 2764/2732/5192
f 2792/2733/5193 2754/2693/5193 2731/2667/5193
f 2792/2733/5194 2765/2703/5194 2754/2693/5194
f 2766/2719/5195 2823/2734/5195 2747/2684/5195
f 2747/2684/5196 2782/2720/5196 2748/2685/5196
f 2782/2720/5197 2767/2686/5197 2733/2669/5197
f 2817/2735/5198 2735/2671/5198 2767/2686/5198
f 2738/2689/5199 2770/2706/5199 2759/2707/5199
f 2802/2724/5200 92/2697/5200 2707/2643/5200
f 2794/2736/5201 2752/2691/5201 2722/2674/5201
f 2795/2737/5202 2774/2711/5202 2739/2675/5202
f 2787/2727/5203 2775/2712/5203 2724/2662/5203
f 2796/2738/5204 2788/2713/5204 2775/2712/5204
f 2797/2698/5205 2740/2676/5205 2778/2715/5205
f 2797/2698/5206 2727/2665/5206 2674/2616/5206
f 2798/2739/5207 2715/2652/5207 2744/2682/5207
f 2798/2739/5208 2791/2718/5208 2715/2652/5208
f 2783/2721/5209 2784/2722/5209 2719/2656/5209
f 2749/2687/5210 2799/2740/5210 2755/2657/5210
f 2799/2740/5211 2768/2704/5211 2755/2657/5211
f 2768/2704/5212 2756/2694/5212 2701/2638/5212
f 2785/2723/5213 2800/2741/5213 2757/2695/5213
f 2800/2741/5214 2769/2705/5214 2757/2695/5214
f 2793/2742/5215 2737/2673/5215 2769/2705/5215
f 2793/2742/5216 2758/2696/5216 2737/2673/5216
f 2820/2743/5217 2750/2688/5217 2758/2696/5217
f 2771/2708/5218 2802/2724/5218 2751/2690/5218
f 2772/2725/5219 2794/2736/5219 2722/2674/5219
f 2794/2736/5220 2803/2744/5220 2752/2691/5220
f 2803/2744/5221 2723/2661/5221 2752/2691/5221
f 2804/2745/5222 2773/2710/5222 2723/2661/5222
f 2805/2746/5223 2753/2692/5223 2773/2710/5223
f 2805/2746/5224 2786/2726/5224 2753/2692/5224
f 2776/2728/5225 2806/2747/5225 2777/2714/5225
f 2806/2747/5226 2778/2715/5226 2777/2714/5226
f 2807/2748/5227 2727/2665/5227 2797/2698/5227
f 2808/2749/5228 2760/2699/5228 2727/2665/5228
f 2809/2750/5229 2779/2716/5229 2760/2699/5229
f 2810/2751/5230 2780/2729/5230 2779/2716/5230
f 2790/2731/5231 2798/2739/5231 2744/2682/5231
f 2811/2752/5232 2791/2718/5232 2798/2739/5232
f 2812/2753/5233 2762/2701/5233 2791/2718/5233
f 2762/2701/5234 2813/2754/5234 2763/2702/5234
f 2813/2754/5235 2764/2732/5235 2763/2702/5235
f 2814/2755/5236 2766/2719/5236 2765/2703/5236
f 2747/2684/5237 2816/2756/5237 2782/2720/5237
f 2824/2757/5238 2767/2686/5238 2782/2720/5238
f 2818/2758/5239 2749/2687/5239 2784/2722/5239
f 2819/2759/5240 2785/2723/5240 2756/2694/5240
f 2793/2742/5241 2820/2743/5241 2758/2696/5241
f 2801/2760/5242 2770/2706/5242 2750/2688/5242
f 2802/2724/5243 94/2761/5243 92/2697/5243
f 2796/2738/5244 2775/2712/5244 2787/2727/5244
f 2830/2762/5245 2807/2748/5245 2797/2698/5245
f 2808/2749/5246 2822/2763/5246 2760/2699/5246
f 2822/2763/5247 2809/2750/5247 2760/2699/5247
f 2789/2730/5248 2781/2717/5248 2761/2700/5248
f 2811/2752/5249 2812/2753/5249 2791/2718/5249
f 2792/2733/5250 2814/2755/5250 2765/2703/5250
f 2823/2734/5251 2815/2764/5251 2747/2684/5251
f 2815/2764/5252 2816/2756/5252 2747/2684/5252
f 2816/2756/5253 2824/2757/5253 2782/2720/5253
f 2824/2757/5254 2817/2735/5254 2767/2686/5254
f 2817/2735/5255 2783/2721/5255 2735/2671/5255
f 2825/2765/5256 2784/2722/5256 2783/2721/5256
f 2799/2740/5257 2826/2766/5257 2768/2704/5257
f 2826/2766/5258 2756/2694/5258 2768/2704/5258
f 2837/2767/5259 2769/2705/5259 2800/2741/5259
f 2837/2767/5260 2793/2742/5260 2769/2705/5260
f 2820/2743/5261 2801/2760/5261 2750/2688/5261
f 95/2768/5262 2772/2725/5262 93/2709/5262
f 2803/2744/5263 2804/2745/5263 2723/2661/5263
f 2795/2737/5264 2739/2675/5264 2786/2726/5264
f 2795/2737/5265 2827/2769/5265 2774/2711/5265
f 2828/2770/5266 2788/2713/5266 2796/2738/5266
f 2829/2771/5267 2776/2728/5267 2788/2713/5267
f 2829/2771/5268 2806/2747/5268 2776/2728/5268
f 2778/2715/5269 2830/2762/5269 2797/2698/5269
f 2808/2749/5270 2727/2665/5270 2807/2748/5270
f 2810/2751/5271 2789/2730/5271 2780/2729/5271
f 2781/2717/5272 2831/2772/5272 2790/2731/5272
f 2798/2739/5273 2832/2773/5273 2811/2752/5273
f 2812/2753/5274 2833/2774/5274 2762/2701/5274
f 2813/2754/5275 2792/2733/5275 2764/2732/5275
f 2823/2734/5276 2766/2719/5276 2814/2755/5276
f 2834/2775/5277 2783/2721/5277 2817/2735/5277
f 2835/2776/5278 2825/2765/5278 2783/2721/5278
f 2818/2758/5279 2799/2740/5279 2749/2687/5279
f 2852/2777/5280 2826/2766/5280 2799/2740/5280
f 2826/2766/5281 2819/2759/5281 2756/2694/5281
f 2836/2778/5282 2800/2741/5282 2785/2723/5282
f 2837/2767/5283 2820/2743/5283 2793/2742/5283
f 2838/2779/5284 2801/2760/5284 2820/2743/5284
f 2801/2760/5285 2759/2707/5285 2770/2706/5285
f 2839/2780/5286 2771/2708/5286 2759/2707/5286
f 2821/2781/5287 2794/2736/5287 2772/2725/5287
f 2857/2782/5288 2804/2745/5288 2803/2744/5288
f 2804/2745/5289 2840/2783/5289 2773/2710/5289
f 2840/2783/5290 2805/2746/5290 2773/2710/5290
f 2827/2769/5291 2787/2727/5291 2774/2711/5291
f 2787/2727/5292 2828/2770/5292 2796/2738/5292
f 2841/2784/5293 2829/2771/5293 2788/2713/5293
f 2842/2785/5294 2778/2715/5294 2806/2747/5294
f 2842/2785/5295 2830/2762/5295 2778/2715/5295
f 2809/2750/5296 2810/2751/5296 2779/2716/5296
f 2810/2751/5297 2843/2786/5297 2789/2730/5297
f 2844/2787/5298 2781/2717/5298 2789/2730/5298
f 2844/2787/5299 2831/2772/5299 2781/2717/5299
f 2790/2731/5300 2845/2788/5300 2798/2739/5300
f 2845/2788/5301 2832/2773/5301 2798/2739/5301
f 2847/2789/5302 2812/2753/5302 2811/2752/5302
f 2833/2774/5303 2813/2754/5303 2762/2701/5303
f 2848/2790/5304 2792/2733/5304 2813/2754/5304
f 2848/2790/5305 2849/2791/5305 2792/2733/5305
f 2849/2791/5306 2814/2755/5306 2792/2733/5306
f 2850/2792/5307 2815/2764/5307 2823/2734/5307
f 2834/2775/5308 2835/2776/5308 2783/2721/5308
f 2818/2758/5309 2784/2722/5309 2825/2765/5309
f 2819/2759/5310 2836/2778/5310 2785/2723/5310
f 2854/2793/5311 2820/2743/5311 2837/2767/5311
f 2801/2760/5312 2839/2780/5312 2759/2707/5312
f 2771/2708/5313 2856/2794/5313 2802/2724/5313
f 2856/2794/5314 96/2795/5314 2802/2724/5314
f 96/2795/5315 94/2761/5315 2802/2724/5315
f 95/2768/5316 2821/2781/5316 2772/2725/5316
f 2794/2736/5317 2857/2782/5317 2803/2744/5317
f 2858/2796/5318 2795/2737/5318 2786/2726/5318
f 2828/2770/5319 2841/2784/5319 2788/2713/5319
f 2859/2797/5320 2807/2748/5320 2830/2762/5320
f 2822/2763/5321 2860/2798/5321 2809/2750/5321
f 2860/2798/5322 2810/2751/5322 2809/2750/5322
f 2843/2786/5323 2844/2787/5323 2789/2730/5323
f 2832/2773/5324 2846/2799/5324 2811/2752/5324
f 2846/2799/5325 2847/2789/5325 2811/2752/5325
f 2847/2789/5326 2833/2774/5326 2812/2753/5326
f 2861/2800/5327 2823/2734/5327 2814/2755/5327
f 2862/2801/5328 2816/2756/5328 2815/2764/5328
f 2824/2757/5329 2851/2802/5329 2817/2735/5329
f 2851/2802/5330 2834/2775/5330 2817/2735/5330
f 2863/2803/5331 2852/2777/5331 2799/2740/5331
f 2853/2804/5332 2854/2793/5332 2837/2767/5332
f 2854/2793/5333 2864/2805/5333 2820/2743/5333
f 2838/2779/5334 2855/2806/5334 2801/2760/5334
f 2821/2781/5335 2880/2807/5335 2794/2736/5335
f 2865/2808/5336 2804/2745/5336 2857/2782/5336
f 2865/2808/5337 2840/2783/5337 2804/2745/5337
f 2786/2726/5338 2866/2809/5338 2858/2796/5338
f 2841/2784/5339 2867/2810/5339 2829/2771/5339
f 2867/2810/5340 2868/2811/5340 2829/2771/5340
f 2868/2811/5341 2806/2747/5341 2829/2771/5341
f 2868/2811/5342 2842/2785/5342 2806/2747/5342
f 2869/2812/5343 2808/2749/5343 2807/2748/5343
f 2860/2798/5344 2883/2813/5344 2810/2751/5344
f 2845/2788/5345 2846/2799/5345 2832/2773/5345
f 2870/2814/5346 2847/2789/5346 2846/2799/5346
f 2871/2815/5347 2813/2754/5347 2833/2774/5347
f 2872/2816/5348 2849/2791/5348 2848/2790/5348
f 2861/2800/5349 2850/2792/5349 2823/2734/5349
f 2862/2801/5350 2824/2757/5350 2816/2756/5350
f 2873/2817/5351 2851/2802/5351 2824/2757/5351
f 2835/2776/5352 2818/2758/5352 2825/2765/5352
f 2863/2803/5353 2799/2740/5353 2818/2758/5353
f 2875/2818/5354 2836/2778/5354 2819/2759/5354
f 2875/2818/5355 2876/2819/5355 2836/2778/5355
f 2836/2778/5356 2837/2767/5356 2800/2741/5356
f 2836/2778/5357 2853/2804/5357 2837/2767/5357
f 2820/2743/5358 2877/2820/5358 2838/2779/5358
f 2878/2821/5359 2856/2794/5359 2771/2708/5359
f 2879/2822/5360 96/2795/5360 2856/2794/5360
f 2794/2736/5361 2881/2823/5361 2857/2782/5361
f 2840/2783/5362 2892/2824/5362 2805/2746/5362
f 2858/2796/5363 2882/2825/5363 2795/2737/5363
f 2859/2797/5364 2869/2812/5364 2807/2748/5364
f 2808/2749/5365 2896/2826/5365 2822/2763/5365
f 2883/2813/5366 2884/2827/5366 2810/2751/5366
f 2884/2827/5367 2843/2786/5367 2810/2751/5367
f 2831/2772/5368 2845/2788/5368 2790/2731/5368
f 2831/2772/5369 2898/2828/5369 2845/2788/5369
f 2886/2829/5370 2833/2774/5370 2847/2789/5370
f 2871/2815/5371 2912/2830/5371 2813/2754/5371
f 2912/2830/5372 2848/2790/5372 2813/2754/5372
f 2887/2831/5373 2814/2755/5373 2849/2791/5373
f 2887/2831/5374 2861/2800/5374 2814/2755/5374
f 2850/2792/5375 2862/2801/5375 2815/2764/5375
f 2862/2801/5376 2888/2832/5376 2824/2757/5376
f 2888/2832/5377 2873/2817/5377 2824/2757/5377
f 2889/2833/5378 2863/2803/5378 2818/2758/5378
f 2874/2834/5379 2826/2766/5379 2852/2777/5379
f 2874/2834/5380 2875/2818/5380 2826/2766/5380
f 2875/2818/5381 2819/2759/5381 2826/2766/5381
f 2890/2835/5382 2864/2805/5382 2854/2793/5382
f 2917/2836/5383 2771/2708/5383 2839/2780/5383
f 2917/2836/5384 2878/2821/5384 2771/2708/5384
f 2878/2821/5385 2879/2822/5385 2856/2794/5385
f 98/2837/5386 2821/2781/5386 95/2768/5386
f 98/2837/5387 2891/2838/5387 2821/2781/5387
f 2891/2838/5388 2880/2807/5388 2821/2781/5388
f 2881/2823/5389 2865/2808/5389 2857/2782/5389
f 2805/2746/5390 2866/2809/5390 2786/2726/5390
f 2882/2825/5391 2827/2769/5391 2795/2737/5391
f 2909/2839/5392 2787/2727/5392 2827/2769/5392
f 2893/2840/5393 2842/2785/5393 2868/2811/5393
f 2894/2841/5394 2830/2762/5394 2842/2785/5394
f 2894/2841/5395 2859/2797/5395 2830/2762/5395
f 2895/2842/5396 2869/2812/5396 2859/2797/5396
f 2869/2812/5397 2896/2826/5397 2808/2749/5397
f 2884/2827/5398 2897/2843/5398 2843/2786/5398
f 2911/2844/5399 2844/2787/5399 2843/2786/5399
f 2911/2844/5400 2831/2772/5400 2844/2787/5400
f 2911/2844/5401 2885/2845/5401 2831/2772/5401
f 2885/2845/5402 2898/2828/5402 2831/2772/5402
f 2845/2788/5403 2899/2846/5403 2846/2799/5403
f 2833/2774/5404 2912/2830/5404 2871/2815/5404
f 2912/2830/5405 2872/2816/5405 2848/2790/5405
f 2900/2847/5406 2849/2791/5406 2872/2816/5406
f 2900/2847/5407 2887/2831/5407 2849/2791/5407
f 2901/2848/5408 2850/2792/5408 2861/2800/5408
f 2851/2802/5409 2902/2849/5409 2834/2775/5409
f 2834/2775/5410 2903/2850/5410 2835/2776/5410
f 2904/2851/5411 2818/2758/5411 2835/2776/5411
f 2863/2803/5412 2874/2834/5412 2852/2777/5412
f 2905/2852/5413 2854/2793/5413 2853/2804/5413
f 2905/2852/5414 2890/2835/5414 2854/2793/5414
f 2864/2805/5415 2877/2820/5415 2820/2743/5415
f 2877/2820/5416 2855/2806/5416 2838/2779/5416
f 2906/2853/5417 96/2795/5417 2879/2822/5417
f 2906/2853/5418 97/2854/5418 96/2795/5418
f 2880/2807/5419 2881/2823/5419 2794/2736/5419
f 2865/2808/5420 2907/2855/5420 2840/2783/5420
f 2907/2855/5421 2892/2824/5421 2840/2783/5421
f 2908/2856/5422 2805/2746/5422 2892/2824/5422
f 2910/2857/5423 2841/2784/5423 2828/2770/5423
f 2910/2857/5424 2867/2810/5424 2841/2784/5424
f 2893/2840/5425 2894/2841/5425 2842/2785/5425
f 2896/2826/5426 2860/2798/5426 2822/2763/5426
f 2897/2843/5427 2911/2844/5427 2843/2786/5427
f 2898/2828/5428 2899/2846/5428 2845/2788/5428
f 2899/2846/5429 2870/2814/5429 2846/2799/5429
f 2870/2814/5430 2886/2829/5430 2847/2789/5430
f 2913/2858/5431 2872/2816/5431 2912/2830/5431
f 2901/2848/5432 2862/2801/5432 2850/2792/5432
f 2902/2849/5433 2903/2850/5433 2834/2775/5433
f 2903/2850/5434 2904/2851/5434 2835/2776/5434
f 2904/2851/5435 2889/2833/5435 2818/2758/5435
f 2914/2859/5436 2875/2818/5436 2874/2834/5436
f 2915/2860/5437 2853/2804/5437 2836/2778/5437
f 2864/2805/5438 2916/2861/5438 2877/2820/5438
f 2855/2806/5439 2917/2836/5439 2801/2760/5439
f 2917/2836/5440 2839/2780/5440 2801/2760/5440
f 2891/2838/5441 2881/2823/5441 2880/2807/5441
f 2918/2862/5442 2866/2809/5442 2805/2746/5442
f 2866/2809/5443 2882/2825/5443 2858/2796/5443
f 2787/2727/5444 2930/2863/5444 2828/2770/5444
f 2930/2863/5445 2910/2857/5445 2828/2770/5445
f 2867/2810/5446 2893/2840/5446 2868/2811/5446
f 2919/2864/5447 2895/2842/5447 2859/2797/5447
f 2920/2865/5448 2896/2826/5448 2869/2812/5448
f 2921/2866/5449 2885/2845/5449 2911/2844/5449
f 2921/2866/5450 2898/2828/5450 2885/2845/5450
f 2934/2867/5451 2870/2814/5451 2899/2846/5451
f 2946/2868/5452 2912/2830/5452 2833/2774/5452
f 2913/2858/5453 2922/2869/5453 2872/2816/5453
f 2923/2870/5454 2904/2851/5454 2903/2850/5454
f 2924/2871/5455 2889/2833/5455 2904/2851/5455
f 2889/2833/5456 2925/2872/5456 2863/2803/5456
f 2925/2872/5457 2874/2834/5457 2863/2803/5457
f 2914/2859/5458 2926/2873/5458 2875/2818/5458
f 2926/2873/5459 2876/2819/5459 2875/2818/5459
f 2915/2860/5460 2905/2852/5460 2853/2804/5460
f 2905/2852/5461 2864/2805/5461 2890/2835/5461
f 2927/2874/5462 2917/2836/5462 2855/2806/5462
f 2928/2875/5463 2929/2876/5463 2907/2855/5463
f 2929/2876/5464 2892/2824/5464 2907/2855/5464
f 2908/2856/5465 2918/2862/5465 2805/2746/5465
f 2882/2825/5466 2909/2839/5466 2827/2769/5466
f 2942/2877/5467 2893/2840/5467 2867/2810/5467
f 2894/2841/5468 2919/2864/5468 2859/2797/5468
f 2883/2813/5469 2931/2878/5469 2884/2827/5469
f 2921/2866/5470 2932/2879/5470 2898/2828/5470
f 2932/2879/5471 2933/2880/5471 2898/2828/5471
f 2933/2880/5472 2899/2846/5472 2898/2828/5472
f 2933/2880/5473 2934/2867/5473 2899/2846/5473
f 2886/2829/5474 2946/2868/5474 2833/2774/5474
f 2960/2881/5475 2913/2858/5475 2912/2830/5475
f 2922/2869/5476 2900/2847/5476 2872/2816/5476
f 2887/2831/5477 2947/2882/5477 2861/2800/5477
f 2861/2800/5478 2961/2883/5478 2901/2848/5478
f 2948/2884/5479 2888/2832/5479 2862/2801/5479
f 2935/2885/5480 2873/2817/5480 2888/2832/5480
f 2873/2817/5481 2902/2849/5481 2851/2802/5481
f 2950/2886/5482 2903/2850/5482 2902/2849/5482
f 2936/2887/5483 2926/2873/5483 2914/2859/5483
f 2978/2888/5484 2915/2860/5484 2836/2778/5484
f 2915/2860/5485 2937/2889/5485 2905/2852/5485
f 2937/2889/5486 2864/2805/5486 2905/2852/5486
f 2937/2889/5487 2916/2861/5487 2864/2805/5487
f 2916/2861/5488 2938/2890/5488 2877/2820/5488
f 2938/2890/5489 2927/2874/5489 2877/2820/5489
f 2927/2874/5490 2855/2806/5490 2877/2820/5490
f 2906/2853/5491 2879/2822/5491 2878/2821/5491
f 99/2891/5492 97/2854/5492 2906/2853/5492
f 2891/2838/5493 2939/2892/5493 2881/2823/5493
f 2865/2808/5494 2928/2875/5494 2907/2855/5494
f 2940/2893/5495 2882/2825/5495 2866/2809/5495
f 2909/2839/5496 2930/2863/5496 2787/2727/5496
f 2930/2863/5497 2941/2894/5497 2910/2857/5497
f 2910/2857/5498 2942/2877/5498 2867/2810/5498
f 2942/2877/5499 2894/2841/5499 2893/2840/5499
f 2919/2864/5500 2943/2895/5500 2895/2842/5500
f 2943/2895/5501 2869/2812/5501 2895/2842/5501
f 2943/2895/5502 2920/2865/5502 2869/2812/5502
f 2896/2826/5503 2944/2896/5503 2860/2798/5503
f 2944/2896/5504 2883/2813/5504 2860/2798/5504
f 2945/2897/5505 2897/2843/5505 2884/2827/5505
f 2957/2898/5506 2921/2866/5506 2911/2844/5506
f 2959/2899/5507 2870/2814/5507 2934/2867/5507
f 2959/2899/5508 2946/2868/5508 2870/2814/5508
f 2946/2868/5509 2886/2829/5509 2870/2814/5509
f 2960/2881/5510 2912/2830/5510 2946/2868/5510
f 2900/2847/5511 2947/2882/5511 2887/2831/5511
f 2947/2882/5512 2961/2883/5512 2861/2800/5512
f 2901/2848/5513 2948/2884/5513 2862/2801/5513
f 2935/2885/5514 2949/2900/5514 2873/2817/5514
f 2949/2900/5515 2902/2849/5515 2873/2817/5515
f 2925/2872/5516 2951/2901/5516 2874/2834/5516
f 2952/2902/5517 2876/2819/5517 2926/2873/5517
f 2952/2902/5518 2978/2888/5518 2876/2819/5518
f 2978/2888/5519 2836/2778/5519 2876/2819/5519
f 2953/2903/5520 2878/2821/5520 2917/2836/5520
f 2954/2904/5521 2906/2853/5521 2878/2821/5521
f 2881/2823/5522 2955/2905/5522 2865/2808/5522
f 2929/2876/5523 2908/2856/5523 2892/2824/5523
f 2918/2862/5524 2940/2893/5524 2866/2809/5524
f 2956/2906/5525 2944/2896/5525 2896/2826/5525
f 2931/2878/5526 2883/2813/5526 2944/2896/5526
f 2931/2878/5527 2945/2897/5527 2884/2827/5527
f 2957/2898/5528 2911/2844/5528 2897/2843/5528
f 2958/2907/5529 2932/2879/5529 2921/2866/5529
f 2933/2880/5530 2959/2899/5530 2934/2867/5530
f 2961/2883/5531 2962/2908/5531 2901/2848/5531
f 2962/2908/5532 2948/2884/5532 2901/2848/5532
f 2948/2884/5533 2963/2909/5533 2888/2832/5533
f 2950/2886/5534 2987/2910/5534 2903/2850/5534
f 2987/2910/5535 2923/2870/5535 2903/2850/5535
f 2964/2911/5536 2924/2871/5536 2904/2851/5536
f 2966/2912/5537 2937/2889/5537 2915/2860/5537
f 2968/2913/5538 2917/2836/5538 2927/2874/5538
f 100/2914/5539 2891/2838/5539 98/2837/5539
f 2939/2892/5540 2955/2905/5540 2881/2823/5540
f 2969/2915/5541 2908/2856/5541 2929/2876/5541
f 2941/2894/5542 2970/2916/5542 2910/2857/5542
f 2970/2916/5543 2971/2917/5543 2910/2857/5543
f 2971/2917/5544 2942/2877/5544 2910/2857/5544
f 2942/2877/5545 2972/2918/5545 2894/2841/5545
f 2972/2918/5546 2919/2864/5546 2894/2841/5546
f 2956/2906/5547 2896/2826/5547 2920/2865/5547
f 2957/2898/5548 2958/2907/5548 2921/2866/5548
f 2959/2899/5549 2973/2919/5549 2946/2868/5549
f 2974/2920/5550 2913/2858/5550 2960/2881/5550
f 2974/2920/5551 2975/2921/5551 2913/2858/5551
f 2913/2858/5552 2975/2921/5552 2922/2869/5552
f 2975/2921/5553 2976/2922/5553 2922/2869/5553
f 2976/2922/5554 2900/2847/5554 2922/2869/5554
f 2976/2922/5555 2947/2882/5555 2900/2847/5555
f 2963/2909/5556 2935/2885/5556 2888/2832/5556
f 2949/2900/5557 2950/2886/5557 2902/2849/5557
f 2923/2870/5558 2964/2911/5558 2904/2851/5558
f 2977/2923/5559 2889/2833/5559 2924/2871/5559
f 2977/2923/5560 2925/2872/5560 2889/2833/5560
f 2967/2924/5561 2916/2861/5561 2937/2889/5561
f 2979/2925/5562 2938/2890/5562 2916/2861/5562
f 2968/2913/5563 2927/2874/5563 2938/2890/5563
f 2954/2904/5564 2878/2821/5564 2953/2903/5564
f 2954/2904/5565 2992/2926/5565 2906/2853/5565
f 100/2914/5566 2939/2892/5566 2891/2838/5566
f 2955/2905/5567 2928/2875/5567 2865/2808/5567
f 2980/2927/5568 2929/2876/5568 2928/2875/5568
f 2980/2927/5569 2969/2915/5569 2929/2876/5569
f 2981/2928/5570 2940/2893/5570 2918/2862/5570
f 2882/2825/5571 2930/2863/5571 2909/2839/5571
f 2971/2917/5572 2972/2918/5572 2942/2877/5572
f 2972/2918/5573 2982/2929/5573 2919/2864/5573
f 2982/2929/5574 2943/2895/5574 2919/2864/5574
f 2983/2930/5575 2920/2865/5575 2943/2895/5575
f 2945/2897/5576 2985/2931/5576 2897/2843/5576
f 2985/2931/5577 2957/2898/5577 2897/2843/5577
f 2933/2880/5578 2973/2919/5578 2959/2899/5578
f 2973/2919/5579 2960/2881/5579 2946/2868/5579
f 2986/2932/5580 2963/2909/5580 2948/2884/5580
f 2987/2910/5581 2988/2933/5581 2923/2870/5581
f 2964/2911/5582 2977/2923/5582 2924/2871/5582
f 2964/2911/5583 2989/2934/5583 2977/2923/5583
f 2951/2901/5584 2914/2859/5584 2874/2834/5584
f 2990/2935/5585 2926/2873/5585 2936/2887/5585
f 2991/2936/5586 2915/2860/5586 2978/2888/5586
f 2991/2936/5587 2966/2912/5587 2915/2860/5587
f 2979/2925/5588 2968/2913/5588 2938/2890/5588
f 2968/2913/5589 2953/2903/5589 2917/2836/5589
f 2993/2937/5590 2928/2875/5590 2955/2905/5590
f 2993/2937/5591 2980/2927/5591 2928/2875/5591
f 2908/2856/5592 2981/2928/5592 2918/2862/5592
f 2981/2928/5593 2994/2938/5593 2940/2893/5593
f 2994/2938/5594 2882/2825/5594 2940/2893/5594
f 2944/2896/5595 2984/2939/5595 2931/2878/5595
f 2984/2939/5596 2945/2897/5596 2931/2878/5596
f 2995/2940/5597 2958/2907/5597 2957/2898/5597
f 2997/2941/5598 2960/2881/5598 2973/2919/5598
f 2997/2941/5599 2998/2942/5599 2960/2881/5599
f 2998/2942/5600 2974/2920/5600 2960/2881/5600
f 2998/2942/5601 2975/2921/5601 2974/2920/5601
f 2999/2943/5602 2976/2922/5602 2975/2921/5602
f 3000/2944/5603 2949/2900/5603 2935/2885/5603
f 3001/2945/5604 2950/2886/5604 2949/2900/5604
f 2988/2933/5605 2964/2911/5605 2923/2870/5605
f 2965/2946/5606 2925/2872/5606 2977/2923/5606
f 2965/2946/5607 2951/2901/5607 2925/2872/5607
f 2990/2935/5608 2952/2902/5608 2926/2873/5608
f 2967/2924/5609 2979/2925/5609 2916/2861/5609
f 3002/2947/5610 2954/2904/5610 2953/2903/5610
f 3002/2947/5611 2992/2926/5611 2954/2904/5611
f 100/2914/5612 3003/2948/5612 2939/2892/5612
f 3003/2948/5613 2955/2905/5613 2939/2892/5613
f 2969/2915/5614 2981/2928/5614 2908/2856/5614
f 2882/2825/5615 3009/2949/5615 2930/2863/5615
f 2930/2863/5616 2970/2916/5616 2941/2894/5616
f 2970/2916/5617 3004/2950/5617 2971/2917/5617
f 3005/2951/5618 2982/2929/5618 2972/2918/5618
f 2982/2929/5619 2983/2930/5619 2943/2895/5619
f 2985/2931/5620 2995/2940/5620 2957/2898/5620
f 2995/2940/5621 2996/2952/5621 2958/2907/5621
f 3017/2953/5622 2962/2908/5622 2961/2883/5622
f 2963/2909/5623 3000/2944/5623 2935/2885/5623
f 3018/2954/5624 2988/2933/5624 2987/2910/5624
f 2951/2901/5625 2936/2887/5625 2914/2859/5625
f 2951/2901/5626 2990/2935/5626 2936/2887/5626
f 3029/2955/5627 2966/2912/5627 2991/2936/5627
f 2967/2924/5628 2937/2889/5628 2966/2912/5628
f 2967/2924/5629 3045/2956/5629 2979/2925/5629
f 3003/2948/5630 2993/2937/5630 2955/2905/5630
f 2994/2938/5631 3009/2949/5631 2882/2825/5631
f 2930/2863/5632 3004/2950/5632 2970/2916/5632
f 2983/2930/5633 3010/2957/5633 2920/2865/5633
f 3010/2957/5634 3011/2958/5634 2920/2865/5634
f 3011/2958/5635 2956/2906/5635 2920/2865/5635
f 3012/2959/5636 3013/2960/5636 2984/2939/5636
f 3013/2960/5637 2945/2897/5637 2984/2939/5637
f 3013/2960/5638 2985/2931/5638 2945/2897/5638
f 2958/2907/5639 3014/2961/5639 2932/2879/5639
f 3014/2961/5640 2933/2880/5640 2932/2879/5640
f 2933/2880/5641 3015/2962/5641 2973/2919/5641
f 3016/2963/5642 2997/2941/5642 2973/2919/5642
f 2997/2941/5643 3016/2963/5643 2998/2942/5643
f 2947/2882/5644 3039/2964/5644 2961/2883/5644
f 3039/2964/5645 3017/2953/5645 2961/2883/5645
f 2962/2908/5646 3040/2965/5646 2948/2884/5646
f 3040/2965/5647 2986/2932/5647 2948/2884/5647
f 2950/2886/5648 3018/2954/5648 2987/2910/5648
f 3018/2954/5649 3019/2966/5649 2988/2933/5649
f 2989/2934/5650 2964/2911/5650 2988/2933/5650
f 2965/2946/5651 3006/2967/5651 2951/2901/5651
f 3007/2968/5652 3045/2956/5652 2967/2924/5652
f 2979/2925/5653 3008/2969/5653 2968/2913/5653
f 3008/2969/5654 3020/2970/5654 2968/2913/5654
f 3020/2970/5655 2953/2903/5655 2968/2913/5655
f 2953/2903/5656 3030/2971/5656 3002/2947/5656
f 2992/2926/5657 99/2891/5657 2906/2853/5657
f 101/2972/5658 3003/2948/5658 100/2914/5658
f 2980/2927/5659 3021/2973/5659 2969/2915/5659
f 2969/2915/5660 3021/2973/5660 2981/2928/5660
f 3004/2950/5661 3023/2974/5661 2971/2917/5661
f 3005/2951/5662 2972/2918/5662 2971/2917/5662
f 3036/2975/5663 3024/2976/5663 2983/2930/5663
f 3011/2958/5664 2944/2896/5664 2956/2906/5664
f 3011/2958/5665 2984/2939/5665 2944/2896/5665
f 3025/2977/5666 2996/2952/5666 2995/2940/5666
f 2996/2952/5667 3014/2961/5667 2958/2907/5667
f 3014/2961/5668 3015/2962/5668 2933/2880/5668
f 3015/2962/5669 3016/2963/5669 2973/2919/5669
f 3016/2963/5670 2975/2921/5670 2998/2942/5670
f 3026/2978/5671 2986/2932/5671 3040/2965/5671
f 3027/2979/5672 2963/2909/5672 2986/2932/5672
f 3027/2979/5673 3000/2944/5673 2963/2909/5673
f 3001/2945/5674 2949/2900/5674 3000/2944/5674
f 3019/2966/5675 2989/2934/5675 2988/2933/5675
f 2989/2934/5676 3028/2980/5676 2977/2923/5676
f 3028/2980/5677 2965/2946/5677 2977/2923/5677
f 3006/2967/5678 2990/2935/5678 2951/2901/5678
f 3029/2955/5679 2978/2888/5679 2952/2902/5679
f 3029/2955/5680 2991/2936/5680 2978/2888/5680
f 3029/2955/5681 2967/2924/5681 2966/2912/5681
f 3045/2956/5682 3008/2969/5682 2979/2925/5682
f 3030/2971/5683 2953/2903/5683 3020/2970/5683
f 3031/2981/5684 99/2891/5684 2992/2926/5684
f 3031/2981/5685 102/2982/5685 99/2891/5685
f 3022/2983/5686 2994/2938/5686 2981/2928/5686
f 3033/2984/5687 3034/2985/5687 2930/2863/5687
f 3035/2986/5688 3005/2951/5688 2971/2917/5688
f 3036/2975/5689 2983/2930/5689 2982/2929/5689
f 3024/2976/5690 3010/2957/5690 2983/2930/5690
f 3049/2987/5691 3012/2959/5691 3011/2958/5691
f 3012/2959/5692 2984/2939/5692 3011/2958/5692
f 3037/2988/5693 2975/2921/5693 3016/2963/5693
f 3037/2988/5694 2999/2943/5694 2975/2921/5694
f 3038/2989/5695 2976/2922/5695 2999/2943/5695
f 3039/2964/5696 2947/2882/5696 2976/2922/5696
f 3026/2978/5697 3027/2979/5697 2986/2932/5697
f 3041/2990/5698 2989/2934/5698 3019/2966/5698
f 3041/2990/5699 3042/2991/5699 2989/2934/5699
f 3042/2991/5700 3028/2980/5700 2989/2934/5700
f 3044/2992/5701 2952/2902/5701 2990/2935/5701
f 3055/2993/5702 2967/2924/5702 3029/2955/5702
f 3046/2994/5703 3020/2970/5703 3008/2969/5703
f 3002/2947/5704 3057/2995/5704 2992/2926/5704
f 3032/2996/5705 2993/2937/5705 3003/2948/5705
f 2993/2937/5706 3021/2973/5706 2980/2927/5706
f 3047/2997/5707 2981/2928/5707 3021/2973/5707
f 3048/2998/5708 3009/2949/5708 2994/2938/5708
f 3009/2949/5709 3033/2984/5709 2930/2863/5709
f 3023/2974/5710 3035/2986/5710 2971/2917/5710
f 3005/2951/5711 3036/2975/5711 2982/2929/5711
f 3050/2999/5712 2985/2931/5712 3013/2960/5712
f 3050/2999/5713 2995/2940/5713 2985/2931/5713
f 3051/3000/5714 3016/2963/5714 3015/2962/5714
f 3038/2989/5715 2999/2943/5715 3037/2988/5715
f 3017/2953/5716 3040/2965/5716 2962/2908/5716
f 3052/3001/5717 3000/2944/5717 3027/2979/5717
f 3052/3001/5718 3001/2945/5718 3000/2944/5718
f 3018/2954/5719 2950/2886/5719 3001/2945/5719
f 3053/3002/5720 3019/2966/5720 3018/2954/5720
f 3053/3002/5721 3041/2990/5721 3019/2966/5721
f 3028/2980/5722 3006/2967/5722 2965/2946/5722
f 3028/2980/5723 3054/3003/5723 3006/2967/5723
f 3043/3004/5724 2990/2935/5724 3006/2967/5724
f 3044/2992/5725 3029/2955/5725 2952/2902/5725
f 3055/2993/5726 3007/2968/5726 2967/2924/5726
f 3056/3005/5727 3002/2947/5727 3030/2971/5727
f 3057/2995/5728 3031/2981/5728 2992/2926/5728
f 3032/2996/5729 3058/3006/5729 2993/2937/5729
f 3058/3006/5730 3047/2997/5730 3021/2973/5730
f 3047/2997/5731 3022/2983/5731 2981/2928/5731
f 3059/3007/5732 2994/2938/5732 3022/2983/5732
f 3059/3007/5733 3048/2998/5733 2994/2938/5733
f 3060/3008/5734 3009/2949/5734 3048/2998/5734
f 3060/3008/5735 3033/2984/5735 3009/2949/5735
f 3034/2985/5736 3004/2950/5736 2930/2863/5736
f 3061/3009/5737 3036/2975/5737 3005/2951/5737
f 3036/2975/5738 3062/3010/5738 3024/2976/5738
f 3010/2957/5739 3049/2987/5739 3011/2958/5739
f 3025/2977/5740 3063/3011/5740 2996/2952/5740
f 3063/3011/5741 3064/3012/5741 2996/2952/5741
f 3064/3012/5742 3014/2961/5742 2996/2952/5742
f 3065/3013/5743 3015/2962/5743 3014/2961/5743
f 3065/3013/5744 3051/3000/5744 3015/2962/5744
f 3051/3000/5745 3037/2988/5745 3016/2963/5745
f 3066/3014/5746 3027/2979/5746 3026/2978/5746
f 3066/3014/5747 3052/3001/5747 3027/2979/5747
f 3052/3001/5748 3018/2954/5748 3001/2945/5748
f 3052/3001/5749 3067/3015/5749 3018/2954/5749
f 3054/3003/5750 3043/3004/5750 3006/2967/5750
f 3043/3004/5751 3068/3016/5751 2990/2935/5751
f 3068/3016/5752 3044/2992/5752 2990/2935/5752
f 3069/3017/5753 3055/2993/5753 3029/2955/5753
f 3045/2956/5754 3046/2994/5754 3008/2969/5754
f 3046/2994/5755 3070/3018/5755 3020/2970/5755
f 3071/3019/5756 3030/2971/5756 3020/2970/5756
f 3071/3019/5757 3056/3005/5757 3030/2971/5757
f 3031/2981/5758 103/3020/5758 102/2982/5758
f 3072/3021/5759 3003/2948/5759 101/2972/5759
f 3072/3021/5760 3032/2996/5760 3003/2948/5760
f 3058/3006/5761 3021/2973/5761 2993/2937/5761
f 3010/2957/5762 3074/3022/5762 3049/2987/5762
f 3074/3022/5763 3012/2959/5763 3049/2987/5763
f 3074/3022/5764 3075/3023/5764 3012/2959/5764
f 3075/3023/5765 3013/2960/5765 3012/2959/5765
f 3050/2999/5766 3076/3024/5766 2995/2940/5766
f 3077/3025/5767 3039/2964/5767 2976/2922/5767
f 3124/3026/5768 3017/2953/5768 3039/2964/5768
f 3078/3027/5769 3040/2965/5769 3017/2953/5769
f 3079/3028/5770 3026/2978/5770 3040/2965/5770
f 3067/3015/5771 3080/3029/5771 3018/2954/5771
f 3080/3029/5772 3053/3002/5772 3018/2954/5772
f 3081/3030/5773 3041/2990/5773 3053/3002/5773
f 3082/3031/5774 3029/2955/5774 3044/2992/5774
f 3069/3017/5775 3084/3032/5775 3055/2993/5775
f 3084/3032/5776 3085/3033/5776 3055/2993/5776
f 3086/3034/5777 3045/2956/5777 3007/2968/5777
f 3086/3034/5778 3087/3035/5778 3045/2956/5778
f 3087/3035/5779 3046/2994/5779 3045/2956/5779
f 3087/3035/5780 3070/3018/5780 3046/2994/5780
f 3070/3018/5781 3071/3019/5781 3020/2970/5781
f 3056/3005/5782 3057/2995/5782 3002/2947/5782
f 3057/2995/5783 3088/3036/5783 3031/2981/5783
f 3073/3037/5784 3059/3007/5784 3022/2983/5784
f 3059/3007/5785 3090/3038/5785 3048/2998/5785
f 3091/3039/5786 3005/2951/5786 3035/2986/5786
f 3062/3010/5787 3092/3040/5787 3024/2976/5787
f 3092/3040/5788 3010/2957/5788 3024/2976/5788
f 3093/3041/5789 3074/3022/5789 3010/2957/5789
f 3075/3023/5790 3050/2999/5790 3013/2960/5790
f 3094/3042/5791 3025/2977/5791 2995/2940/5791
f 3051/3000/5792 3095/3043/5792 3037/2988/5792
f 3038/2989/5793 3077/3025/5793 2976/2922/5793
f 3077/3025/5794 3124/3026/5794 3039/2964/5794
f 3078/3027/5795 3079/3028/5795 3040/2965/5795
f 3096/3044/5796 3042/2991/5796 3041/2990/5796
f 3097/3045/5797 3028/2980/5797 3042/2991/5797
f 3098/3046/5798 3043/3004/5798 3054/3003/5798
f 3098/3046/5799 3099/3047/5799 3043/3004/5799
f 3099/3047/5800 3068/3016/5800 3043/3004/5800
f 3068/3016/5801 3082/3031/5801 3044/2992/5801
f 3082/3031/5802 3083/3048/5802 3029/2955/5802
f 3083/3048/5803 3069/3017/5803 3029/2955/5803
f 3085/3033/5804 3007/2968/5804 3055/2993/5804
f 3072/3021/5805 3100/3049/5805 3032/2996/5805
f 3101/3050/5806 3060/3008/5806 3048/2998/5806
f 3102/3051/5807 3033/2984/5807 3060/3008/5807
f 3103/3052/5808 3004/2950/5808 3034/2985/5808
f 3103/3052/5809 3023/2974/5809 3004/2950/5809
f 3023/2974/5810 3091/3039/5810 3035/2986/5810
f 3104/3053/5811 3061/3009/5811 3005/2951/5811
f 3061/3009/5812 3062/3010/5812 3036/2975/5812
f 3092/3040/5813 3093/3041/5813 3010/2957/5813
f 3094/3042/5814 3063/3011/5814 3025/2977/5814
f 3064/3012/5815 3065/3013/5815 3014/2961/5815
f 3095/3043/5816 3038/2989/5816 3037/2988/5816
f 3105/3054/5817 3077/3025/5817 3038/2989/5817
f 3124/3026/5818 3106/3055/5818 3017/2953/5818
f 3079/3028/5819 3107/3056/5819 3026/2978/5819
f 3107/3056/5820 3066/3014/5820 3026/2978/5820
f 3053/3002/5821 3126/3057/5821 3081/3030/5821
f 3081/3030/5822 3096/3044/5822 3041/2990/5822
f 3096/3044/5823 3097/3045/5823 3042/2991/5823
f 3097/3045/5824 3108/3058/5824 3028/2980/5824
f 3108/3058/5825 3054/3003/5825 3028/2980/5825
f 3108/3058/5826 3098/3046/5826 3054/3003/5826
f 3109/3059/5827 3007/2968/5827 3085/3033/5827
f 3109/3059/5828 3086/3034/5828 3007/2968/5828
f 3109/3059/5829 3110/3060/5829 3086/3034/5829
f 104/3061/5830 103/3020/5830 3031/2981/5830
f 3100/3049/5831 3058/3006/5831 3032/2996/5831
f 3148/3062/5832 3089/3063/5832 3058/3006/5832
f 3089/3063/5833 3047/2997/5833 3058/3006/5833
f 3073/3037/5834 3112/3064/5834 3059/3007/5834
f 3112/3064/5835 3090/3038/5835 3059/3007/5835
f 3101/3050/5836 3048/2998/5836 3090/3038/5836
f 3101/3050/5837 3102/3051/5837 3060/3008/5837
f 3103/3052/5838 3034/2985/5838 3033/2984/5838
f 3103/3052/5839 3113/3065/5839 3023/2974/5839
f 3113/3065/5840 3091/3039/5840 3023/2974/5840
f 3091/3039/5841 3104/3053/5841 3005/2951/5841
f 3061/3009/5842 3092/3040/5842 3062/3010/5842
f 3076/3024/5843 3094/3042/5843 2995/2940/5843
f 3065/3013/5844 3152/3066/5844 3051/3000/5844
f 3123/3067/5845 3095/3043/5845 3051/3000/5845
f 3114/3068/5846 3038/2989/5846 3095/3043/5846
f 3114/3068/5847 3105/3054/5847 3038/2989/5847
f 3106/3055/5848 3078/3027/5848 3017/2953/5848
f 3126/3057/5849 3053/3002/5849 3080/3029/5849
f 3084/3032/5850 3109/3059/5850 3085/3033/5850
f 3110/3060/5851 3111/3069/5851 3086/3034/5851
f 3111/3069/5852 3087/3035/5852 3086/3034/5852
f 3111/3069/5853 3070/3018/5853 3087/3035/5853
f 3088/3036/5854 104/3061/5854 3031/2981/5854
f 105/3070/5855 3072/3021/5855 101/2972/5855
f 3116/3071/5856 3100/3049/5856 3072/3021/5856
f 3047/2997/5857 3117/3072/5857 3022/2983/5857
f 3117/3072/5858 3073/3037/5858 3022/2983/5858
f 3118/3073/5859 3103/3052/5859 3033/2984/5859
f 3119/3074/5860 3092/3040/5860 3061/3009/5860
f 3120/3075/5861 3074/3022/5861 3093/3041/5861
f 3120/3075/5862 3075/3023/5862 3074/3022/5862
f 3121/3076/5863 3050/2999/5863 3075/3023/5863
f 3121/3076/5864 3122/3077/5864 3050/2999/5864
f 3122/3077/5865 3076/3024/5865 3050/2999/5865
f 3064/3012/5866 3152/3066/5866 3065/3013/5866
f 3152/3066/5867 3123/3067/5867 3051/3000/5867
f 3107/3056/5868 3115/3078/5868 3066/3014/5868
f 3115/3078/5869 3052/3001/5869 3066/3014/5869
f 3125/3079/5870 3080/3029/5870 3067/3015/5870
f 3127/3080/5871 3108/3058/5871 3097/3045/5871
f 3128/3081/5872 3098/3046/5872 3108/3058/5872
f 3129/3082/5873 3068/3016/5873 3099/3047/5873
f 3068/3016/5874 3083/3048/5874 3082/3031/5874
f 3130/3083/5875 3071/3019/5875 3070/3018/5875
f 3056/3005/5876 3131/3084/5876 3057/2995/5876
f 3131/3084/5877 3088/3036/5877 3057/2995/5877
f 3132/3085/5878 104/3061/5878 3088/3036/5878
f 3100/3049/5879 3133/3086/5879 3058/3006/5879
f 3134/3087/5880 3089/3063/5880 3148/3062/5880
f 3089/3063/5881 3135/3088/5881 3047/2997/5881
f 3112/3064/5882 3101/3050/5882 3090/3038/5882
f 3104/3053/5883 3119/3074/5883 3061/3009/5883
f 3137/3089/5884 3093/3041/5884 3092/3040/5884
f 3138/3090/5885 3063/3011/5885 3094/3042/5885
f 3139/3091/5886 3081/3030/5886 3126/3057/5886
f 3139/3091/5887 3096/3044/5887 3081/3030/5887
f 3098/3046/5888 3140/3092/5888 3099/3047/5888
f 3129/3082/5889 3141/3093/5889 3068/3016/5889
f 3068/3016/5890 3141/3093/5890 3083/3048/5890
f 3142/3094/5891 3069/3017/5891 3083/3048/5891
f 3143/3095/5892 3109/3059/5892 3084/3032/5892
f 3145/3096/5893 3111/3069/5893 3110/3060/5893
f 3146/3097/5894 3070/3018/5894 3111/3069/5894
f 3130/3083/5895 3056/3005/5895 3071/3019/5895
f 3147/3098/5896 3132/3085/5896 3088/3036/5896
f 105/3070/5897 3116/3071/5897 3072/3021/5897
f 3133/3086/5898 3148/3062/5898 3058/3006/5898
f 3149/3099/5899 3117/3072/5899 3047/2997/5899
f 3102/3051/5900 3118/3073/5900 3033/2984/5900
f 3120/3075/5901 3121/3076/5901 3075/3023/5901
f 3150/3100/5902 3122/3077/5902 3121/3076/5902
f 3122/3077/5903 3151/3101/5903 3076/3024/5903
f 3151/3101/5904 3094/3042/5904 3076/3024/5904
f 3138/3090/5905 3064/3012/5905 3063/3011/5905
f 3138/3090/5906 3152/3066/5906 3064/3012/5906
f 3123/3067/5907 3114/3068/5907 3095/3043/5907
f 3105/3054/5908 3168/3102/5908 3077/3025/5908
f 3168/3102/5909 3124/3026/5909 3077/3025/5909
f 3115/3078/5910 3155/3103/5910 3052/3001/5910
f 3155/3103/5911 3067/3015/5911 3052/3001/5911
f 3155/3103/5912 3125/3079/5912 3067/3015/5912
f 3096/3044/5913 3127/3080/5913 3097/3045/5913
f 3156/3104/5914 3108/3058/5914 3127/3080/5914
f 3140/3092/5915 3129/3082/5915 3099/3047/5915
f 3157/3105/5916 3084/3032/5916 3069/3017/5916
f 3157/3105/5917 3143/3095/5917 3084/3032/5917
f 3144/3106/5918 3110/3060/5918 3109/3059/5918
f 3144/3106/5919 3145/3096/5919 3110/3060/5919
f 3146/3097/5920 3130/3083/5920 3070/3018/5920
f 3158/3107/5921 3088/3036/5921 3131/3084/5921
f 3158/3107/5922 3147/3098/5922 3088/3036/5922
f 106/3108/5923 104/3061/5923 3132/3085/5923
f 3116/3071/5924 3133/3086/5924 3100/3049/5924
f 3134/3087/5925 3135/3088/5925 3089/3063/5925
f 3174/3109/5926 3101/3050/5926 3112/3064/5926
f 3159/3110/5927 3102/3051/5927 3101/3050/5927
f 3160/3111/5928 3103/3052/5928 3118/3073/5928
f 3160/3111/5929 3113/3065/5929 3103/3052/5929
f 3161/3112/5930 3091/3039/5930 3113/3065/5930
f 3091/3039/5931 3161/3112/5931 3104/3053/5931
f 3161/3112/5932 3162/3113/5932 3104/3053/5932
f 3119/3074/5933 3136/3114/5933 3092/3040/5933
f 3136/3114/5934 3137/3089/5934 3092/3040/5934
f 3137/3089/5935 3163/3115/5935 3093/3041/5935
f 3163/3115/5936 3120/3075/5936 3093/3041/5936
f 3163/3115/5937 3164/3116/5937 3120/3075/5937
f 3165/3117/5938 3150/3100/5938 3121/3076/5938
f 3166/3118/5939 3138/3090/5939 3094/3042/5939
f 3167/3119/5940 3123/3067/5940 3152/3066/5940
f 3167/3119/5941 3153/3120/5941 3123/3067/5941
f 3106/3055/5942 3154/3121/5942 3078/3027/5942
f 3154/3121/5943 3079/3028/5943 3078/3027/5943
f 3125/3079/5944 3169/3122/5944 3080/3029/5944
f 3169/3122/5945 3126/3057/5945 3080/3029/5945
f 3169/3122/5946 3170/3123/5946 3126/3057/5946
f 3170/3123/5947 3139/3091/5947 3126/3057/5947
f 3127/3080/5948 3096/3044/5948 3139/3091/5948
f 3098/3046/5949 3171/3124/5949 3140/3092/5949
f 3141/3093/5950 3172/3125/5950 3083/3048/5950
f 3172/3125/5951 3142/3094/5951 3083/3048/5951
f 3142/3094/5952 3157/3105/5952 3069/3017/5952
f 3143/3095/5953 3144/3106/5953 3109/3059/5953
f 3130/3083/5954 3131/3084/5954 3056/3005/5954
f 3147/3098/5955 106/3108/5955 3132/3085/5955
f 3135/3088/5956 3149/3099/5956 3047/2997/5956
f 3173/3126/5957 3073/3037/5957 3117/3072/5957
f 3173/3126/5958 3112/3064/5958 3073/3037/5958
f 3174/3109/5959 3159/3110/5959 3101/3050/5959
f 3159/3110/5960 3118/3073/5960 3102/3051/5960
f 3160/3111/5961 3161/3112/5961 3113/3065/5961
f 3162/3113/5962 3119/3074/5962 3104/3053/5962
f 3175/3127/5963 3163/3115/5963 3137/3089/5963
f 3164/3116/5964 3121/3076/5964 3120/3075/5964
f 3164/3116/5965 3176/3128/5965 3121/3076/5965
f 3176/3128/5966 3165/3117/5966 3121/3076/5966
f 3150/3100/5967 3151/3101/5967 3122/3077/5967
f 3166/3118/5968 3177/3129/5968 3138/3090/5968
f 3178/3130/5969 3114/3068/5969 3123/3067/5969
f 3114/3068/5970 3168/3102/5970 3105/3054/5970
f 3180/3131/5971 3154/3121/5971 3106/3055/5971
f 3154/3121/5972 3107/3056/5972 3079/3028/5972
f 3181/3132/5973 3115/3078/5973 3107/3056/5973
f 3182/3133/5974 3155/3103/5974 3115/3078/5974
f 3170/3123/5975 3127/3080/5975 3139/3091/5975
f 3170/3123/5976 3183/3134/5976 3127/3080/5976
f 3183/3134/5977 3156/3104/5977 3127/3080/5977
f 3156/3104/5978 3128/3081/5978 3108/3058/5978
f 3194/3135/5979 3098/3046/5979 3128/3081/5979
f 3194/3135/5980 3171/3124/5980 3098/3046/5980
f 3184/3136/5981 3129/3082/5981 3140/3092/5981
f 3184/3136/5982 3185/3137/5982 3129/3082/5982
f 3185/3137/5983 3141/3093/5983 3129/3082/5983
f 3143/3095/5984 3186/3138/5984 3144/3106/5984
f 3186/3138/5985 3145/3096/5985 3144/3106/5985
f 3145/3096/5986 3146/3097/5986 3111/3069/5986
f 3145/3096/5987 3187/3139/5987 3146/3097/5987
f 3188/3140/5988 3130/3083/5988 3146/3097/5988
f 3189/3141/5989 3148/3062/5989 3133/3086/5989
f 3189/3141/5990 3134/3087/5990 3148/3062/5990
f 3190/3142/5991 3160/3111/5991 3118/3073/5991
f 3191/3143/5992 3161/3112/5992 3160/3111/5992
f 3191/3143/5993 3162/3113/5993 3161/3112/5993
f 3136/3114/5994 3119/3074/5994 3162/3113/5994
f 3151/3101/5995 3166/3118/5995 3094/3042/5995
f 3177/3129/5996 3152/3066/5996 3138/3090/5996
f 3220/3144/5997 3167/3119/5997 3152/3066/5997
f 3168/3102/5998 3179/3145/5998 3124/3026/5998
f 3179/3145/5999 3192/3146/5999 3124/3026/5999
f 3192/3146/6000 3106/3055/6000 3124/3026/6000
f 3209/3147/6001 3180/3131/6001 3106/3055/6001
f 3154/3121/6002 3181/3132/6002 3107/3056/6002
f 3181/3132/6003 3182/3133/6003 3115/3078/6003
f 3193/3148/6004 3125/3079/6004 3155/3103/6004
f 3193/3148/6005 3169/3122/6005 3125/3079/6005
f 3194/3135/6006 3128/3081/6006 3156/3104/6006
f 3171/3124/6007 3184/3136/6007 3140/3092/6007
f 3186/3138/6008 3196/3149/6008 3145/3096/6008
f 3187/3139/6009 3197/3150/6009 3146/3097/6009
f 3197/3150/6010 3188/3140/6010 3146/3097/6010
f 3130/3083/6011 3158/3107/6011 3131/3084/6011
f 3198/3151/6012 3147/3098/6012 3158/3107/6012
f 3147/3098/6013 3199/3152/6013 106/3108/6013
f 3200/3153/6014 3116/3071/6014 105/3070/6014
f 3200/3153/6015 3133/3086/6015 3116/3071/6015
f 3134/3087/6016 3201/3154/6016 3135/3088/6016
f 3149/3099/6017 3173/3126/6017 3117/3072/6017
f 3202/3155/6018 3112/3064/6018 3173/3126/6018
f 3202/3155/6019 3174/3109/6019 3112/3064/6019
f 3203/3156/6020 3191/3143/6020 3160/3111/6020
f 3204/3157/6021 3136/3114/6021 3162/3113/6021
f 3206/3158/6022 3137/3089/6022 3136/3114/6022
f 3206/3158/6023 3175/3127/6023 3137/3089/6023
f 3175/3127/6024 3218/3159/6024 3163/3115/6024
f 3151/3101/6025 3150/3100/6025 3165/3117/6025
f 3177/3129/6026 3220/3144/6026 3152/3066/6026
f 3153/3120/6027 3207/3160/6027 3123/3067/6027
f 3207/3160/6028 3178/3130/6028 3123/3067/6028
f 3178/3130/6029 3208/3161/6029 3114/3068/6029
f 3208/3161/6030 3168/3102/6030 3114/3068/6030
f 3208/3161/6031 3179/3145/6031 3168/3102/6031
f 3192/3146/6032 3209/3147/6032 3106/3055/6032
f 3182/3133/6033 3193/3148/6033 3155/3103/6033
f 3169/3122/6034 3210/3162/6034 3170/3123/6034
f 3210/3162/6035 3183/3134/6035 3170/3123/6035
f 3211/3163/6036 3156/3104/6036 3183/3134/6036
f 3211/3163/6037 3194/3135/6037 3156/3104/6037
f 3212/3164/6038 3171/3124/6038 3194/3135/6038
f 3185/3137/6039 3172/3125/6039 3141/3093/6039
f 3172/3125/6040 3213/3165/6040 3142/3094/6040
f 3213/3165/6041 3157/3105/6041 3142/3094/6041
f 3213/3165/6042 3214/3166/6042 3157/3105/6042
f 3214/3166/6043 3195/3167/6043 3143/3095/6043
f 3195/3167/6044 3186/3138/6044 3143/3095/6044
f 3196/3149/6045 3187/3139/6045 3145/3096/6045
f 3215/3168/6046 3130/3083/6046 3188/3140/6046
f 3130/3083/6047 3198/3151/6047 3158/3107/6047
f 3198/3151/6048 3199/3152/6048 3147/3098/6048
f 3199/3152/6049 107/3169/6049 106/3108/6049
f 105/3070/6050 108/3170/6050 3200/3153/6050
f 3200/3153/6051 3189/3141/6051 3133/3086/6051
f 3201/3154/6052 3149/3099/6052 3135/3088/6052
f 3216/3171/6053 3202/3155/6053 3173/3126/6053
f 3174/3109/6054 3217/3172/6054 3159/3110/6054
f 3159/3110/6055 3190/3142/6055 3118/3073/6055
f 3205/3173/6056 3206/3158/6056 3136/3114/6056
f 3206/3158/6057 3218/3159/6057 3175/3127/6057
f 3176/3128/6058 3219/3174/6058 3165/3117/6058
f 3219/3174/6059 3151/3101/6059 3165/3117/6059
f 3181/3132/6060 3221/3175/6060 3182/3133/6060
f 3222/3176/6061 3242/3177/6061 3169/3122/6061
f 3212/3164/6062 3194/3135/6062 3211/3163/6062
f 3212/3164/6063 3223/3178/6063 3171/3124/6063
f 3223/3178/6064 3184/3136/6064 3171/3124/6064
f 3185/3137/6065 3224/3179/6065 3172/3125/6065
f 3224/3179/6066 3213/3165/6066 3172/3125/6066
f 3214/3166/6067 3143/3095/6067 3157/3105/6067
f 3197/3150/6068 3215/3168/6068 3188/3140/6068
f 3201/3154/6069 3173/3126/6069 3149/3099/6069
f 3201/3154/6070 125/3180/6070 3173/3126/6070
f 3202/3155/6071 3217/3172/6071 3174/3109/6071
f 3225/3181/6072 3162/3113/6072 3191/3143/6072
f 3225/3181/6073 3204/3157/6073 3162/3113/6073
f 3204/3157/6074 3226/3182/6074 3136/3114/6074
f 3226/3182/6075 3205/3173/6075 3136/3114/6075
f 3218/3159/6076 3164/3116/6076 3163/3115/6076
f 3239/3183/6077 3166/3118/6077 3151/3101/6077
f 3227/3184/6078 3167/3119/6078 3220/3144/6078
f 3240/3185/6079 3153/3120/6079 3167/3119/6079
f 3240/3185/6080 3207/3160/6080 3153/3120/6080
f 3178/3130/6081 3260/3186/6081 3208/3161/6081
f 3228/3187/6082 3179/3145/6082 3208/3161/6082
f 3221/3175/6083 3230/3188/6083 3182/3133/6083
f 3230/3188/6084 3193/3148/6084 3182/3133/6084
f 3230/3188/6085 3231/3189/6085 3193/3148/6085
f 3231/3189/6086 3169/3122/6086 3193/3148/6086
f 3242/3177/6087 3210/3162/6087 3169/3122/6087
f 3232/3190/6088 3212/3164/6088 3211/3163/6088
f 3233/3191/6089 3185/3137/6089 3184/3136/6089
f 3233/3191/6090 3224/3179/6090 3185/3137/6090
f 3195/3167/6091 3196/3149/6091 3186/3138/6091
f 3198/3151/6092 3234/3192/6092 3199/3152/6092
f 3234/3192/6093 107/3169/6093 3199/3152/6093
f 3235/3193/6094 3189/3141/6094 3200/3153/6094
f 3236/3194/6095 3134/3087/6095 3189/3141/6095
f 3216/3171/6096 3237/3195/6096 3202/3155/6096
f 132/3196/6097 3217/3172/6097 3202/3155/6097
f 137/3197/6098 3190/3142/6098 3159/3110/6098
f 3190/3142/6099 3248/3198/6099 3160/3111/6099
f 3248/3198/6100 3203/3156/6100 3160/3111/6100
f 3164/3116/6101 3238/3199/6101 3176/3128/6101
f 3219/3174/6102 3239/3183/6102 3151/3101/6102
f 3240/3185/6103 3167/3119/6103 3227/3184/6103
f 3260/3186/6104 3228/3187/6104 3208/3161/6104
f 3241/3200/6105 3154/3121/6105 3180/3131/6105
f 3229/3201/6106 3221/3175/6106 3181/3132/6106
f 3231/3189/6107 3222/3176/6107 3169/3122/6107
f 3183/3134/6108 3232/3190/6108 3211/3163/6108
f 3223/3178/6109 3233/3191/6109 3184/3136/6109
f 3196/3149/6110 3244/3202/6110 3187/3139/6110
f 3244/3202/6111 3197/3150/6111 3187/3139/6111
f 3244/3202/6112 3215/3168/6112 3197/3150/6112
f 3245/3203/6113 3200/3153/6113 108/3170/6113
f 3245/3203/6114 3235/3193/6114 3200/3153/6114
f 3246/3204/6115 3236/3194/6115 3189/3141/6115
f 3236/3194/6116 3201/3154/6116 3134/3087/6116
f 3236/3194/6117 3247/3205/6117 3201/3154/6117
f 3237/3195/6118 132/3196/6118 3202/3155/6118
f 137/3197/6119 3159/3110/6119 3217/3172/6119
f 3203/3156/6120 3225/3181/6120 3191/3143/6120
f 3225/3181/6121 3226/3182/6121 3204/3157/6121
f 3249/3206/6122 3218/3159/6122 3206/3158/6122
f 3218/3159/6123 3238/3199/6123 3164/3116/6123
f 3238/3199/6124 3219/3174/6124 3176/3128/6124
f 3239/3183/6125 3250/3207/6125 3166/3118/6125
f 3250/3207/6126 3177/3129/6126 3166/3118/6126
f 3228/3187/6127 192/3208/6127 3179/3145/6127
f 192/3208/6128 3251/3209/6128 3179/3145/6128
f 3252/3210/6129 3180/3131/6129 3209/3147/6129
f 3252/3210/6105 3241/3200/6105 3180/3131/6105
f 3241/3200/6130 3181/3132/6130 3154/3121/6130
f 3241/3200/6131 3229/3201/6131 3181/3132/6131
f 3253/3211/6132 3231/3189/6132 3230/3188/6132
f 3242/3177/6133 3183/3134/6133 3210/3162/6133
f 3232/3190/6134 217/3212/6134 3212/3164/6134
f 3254/3213/6135 3224/3179/6135 3233/3191/6135
f 3254/3213/6136 3255/3214/6136 3224/3179/6136
f 3243/3215/6137 3213/3165/6137 3224/3179/6137
f 3262/3216/6138 3244/3202/6138 3196/3149/6138
f 246/3217/6139 3130/3083/6139 3215/3168/6139
f 3256/3218/6140 3198/3151/6140 3130/3083/6140
f 3234/3192/6141 109/3219/6141 107/3169/6141
f 110/3220/6142 3245/3203/6142 108/3170/6142
f 3235/3193/6143 3246/3204/6143 3189/3141/6143
f 3247/3205/6144 125/3180/6144 3201/3154/6144
f 125/3180/6145 3216/3171/6145 3173/3126/6145
f 3216/3171/6146 3257/3221/6146 3237/3195/6146
f 137/3197/6147 3248/3198/6147 3190/3142/6147
f 3248/3198/6148 145/3222/6148 3203/3156/6148
f 145/3222/6149 3225/3181/6149 3203/3156/6149
f 3258/3223/6150 3226/3182/6150 3225/3181/6150
f 3249/3206/6151 3206/3158/6151 3205/3173/6151
f 3259/3224/6152 3238/3199/6152 3218/3159/6152
f 3238/3199/6153 3239/3183/6153 3219/3174/6153
f 172/3225/6154 3250/3207/6154 3239/3183/6154
f 179/3226/6155 3220/3144/6155 3177/3129/6155
f 3260/3186/6156 3178/3130/6156 3207/3160/6156
f 189/3227/6157 3228/3187/6157 3260/3186/6157
f 3251/3209/6158 3192/3146/6158 3179/3145/6158
f 3222/3176/6159 210/3228/6159 3242/3177/6159
f 212/3229/6160 3183/3134/6160 3242/3177/6160
f 212/3229/6161 214/3230/6161 3183/3134/6161
f 214/3230/6162 3232/3190/6162 3183/3134/6162
f 217/3212/6163 3223/3178/6163 3212/3164/6163
f 3223/3178/6164 3261/3231/6164 3233/3191/6164
f 223/3232/6165 3254/3213/6165 3233/3191/6165
f 3255/3214/6166 3243/3215/6166 3224/3179/6166
f 3243/3215/6167 231/3233/6167 3213/3165/6167
f 231/3233/6168 3214/3166/6168 3213/3165/6168
f 3262/3216/6169 3196/3149/6169 3195/3167/6169
f 246/3217/6170 3256/3218/6170 3130/3083/6170
f 3256/3218/6171 3234/3192/6171 3198/3151/6171
f 3245/3203/6172 3263/3234/6172 3235/3193/6172
f 115/3235/6173 3246/3204/6173 3235/3193/6173
f 117/3236/6174 3236/3194/6174 3246/3204/6174
f 145/3222/6175 3258/3223/6175 3225/3181/6175
f 3258/3223/6176 150/3237/6176 3226/3182/6176
f 155/3238/6177 3205/3173/6177 3226/3182/6177
f 163/3239/6178 3259/3224/6178 3218/3159/6178
f 167/3240/6179 3239/3183/6179 3238/3199/6179
f 172/3225/6180 175/3241/6180 3250/3207/6180
f 3250/3207/6181 179/3226/6181 3177/3129/6181
f 187/3242/6182 3207/3160/6182 3240/3185/6182
f 3251/3209/6183 195/3243/6183 3192/3146/6183
f 195/3243/6184 3209/3147/6184 3192/3146/6184
f 197/3244/6185 3241/3200/6185 3252/3210/6185
f 3241/3200/6186 201/3245/6186 3229/3201/6186
f 3229/3201/6187 201/3245/6187 3221/3175/6187
f 201/3245/6188 205/3246/6188 3221/3175/6188
f 205/3246/6189 3230/3188/6189 3221/3175/6189
f 220/3247/6190 3261/3231/6190 3223/3178/6190
f 223/3232/6191 3233/3191/6191 3261/3231/6191
f 3255/3214/6192 226/3248/6192 3243/3215/6192
f 231/3233/6193 235/3249/6193 3214/3166/6193
f 235/3249/6194 3195/3167/6194 3214/3166/6194
f 238/3250/6195 3262/3216/6195 3195/3167/6195
f 3244/3202/6196 246/3217/6196 3215/3168/6196
f 256/3251/6197 112/3252/6197 3234/3192/6197
f 112/3252/6198 109/3219/6198 3234/3192/6198
f 111/3253/6199 3245/3203/6199 110/3220/6199
f 3263/3234/6200 115/3235/6200 3235/3193/6200
f 119/3254/6201 3247/3205/6201 3236/3194/6201
f 3257/3221/6202 3216/3171/6202 125/3180/6202
f 141/3255/6203 145/3222/6203 3248/3198/6203
f 155/3238/6204 3249/3206/6204 3205/3173/6204
f 159/3256/6205 3218/3159/6205 3249/3206/6205
f 163/3239/6206 3218/3159/6206 159/3256/6206
f 3259/3224/6207 167/3240/6207 3238/3199/6207
f 167/3240/6208 172/3225/6208 3239/3183/6208
f 175/3241/6209 179/3226/6209 3250/3207/6209
f 3220/3144/6210 182/3257/6210 3227/3184/6210
f 184/3258/6211 187/3242/6211 3240/3185/6211
f 187/3242/6212 3260/3186/6212 3207/3160/6212
f 192/3208/6213 3228/3187/6213 189/3227/6213
f 208/3259/6214 210/3228/6214 3222/3176/6214
f 210/3228/6215 212/3229/6215 3242/3177/6215
f 214/3230/6216 217/3212/6216 3232/3190/6216
f 217/3212/6217 220/3247/6217 3223/3178/6217
f 226/3248/6218 231/3233/6218 3243/3215/6218
f 240/3260/6219 246/3217/6219 3244/3202/6219
f 256/3251/6220 3234/3192/6220 3256/3218/6220
f 111/3253/6221 113/3261/6221 3245/3203/6221
f 113/3261/6222 3263/3234/6222 3245/3203/6222
f 113/3261/6223 115/3235/6223 3263/3234/6223
f 115/3235/6224 117/3236/6224 3246/3204/6224
f 119/3254/6225 3236/3194/6225 117/3236/6225
f 3257/3221/6226 130/3262/6226 3237/3195/6226
f 130/3262/6227 132/3196/6227 3237/3195/6227
f 132/3196/6228 137/3197/6228 3217/3172/6228
f 137/3197/6229 141/3255/6229 3248/3198/6229
f 150/3237/6230 3258/3223/6230 145/3222/6230
f 150/3237/6231 155/3238/6231 3226/3182/6231
f 181/3263/6232 3220/3144/6232 179/3226/6232
f 181/3263/6233 182/3257/6233 3220/3144/6233
f 182/3257/6234 3240/3185/6234 3227/3184/6234
f 182/3257/6235 184/3258/6235 3240/3185/6235
f 187/3242/6236 189/3227/6236 3260/3186/6236
f 192/3208/6237 195/3243/6237 3251/3209/6237
f 195/3243/6238 197/3244/6238 3209/3147/6238
f 197/3244/6239 3252/3210/6239 3209/3147/6239
f 197/3244/6240 201/3245/6240 3241/3200/6240
f 205/3246/6241 3253/3211/6241 3230/3188/6241
f 3253/3211/6242 208/3259/6242 3231/3189/6242
f 208/3259/6243 3222/3176/6243 3231/3189/6243
f 220/3247/6244 223/3232/6244 3261/3231/6244
f 223/3232/6245 226/3248/6245 3254/3213/6245
f 226/3248/6246 3255/3214/6246 3254/3213/6246
f 238/3250/6247 3195/3167/6247 235/3249/6247
f 238/3250/6248 240/3260/6248 3262/3216/6248
f 240/3260/6249 3244/3202/6249 3262/3216/6249
