# Blender 4.5.2 LTS
# www.blender.org
mtllib merged_model_15_7.mtl
o merged_model_15_7
v -249.995148 250.002029 328.418335
v 249.958893 249.999680 266.104065
v -249.997589 243.883728 326.789337
v 250.047302 244.081924 265.798370
v 249.995163 236.980759 267.286957
v -250.029678 232.368896 327.010590
v 249.987106 227.928024 270.539948
v -250.001556 223.210342 325.615173
v 249.991623 216.994171 272.812561
v -250.069275 214.362640 325.792419
v 249.985596 210.066803 272.514343
v -250.024734 200.217819 325.407837
v 249.979401 195.679001 268.772095
v -250.019547 185.634995 323.556732
v 249.944412 185.586319 267.100128
v -249.995209 177.661545 322.066956
v 249.997726 177.125931 265.738617
v -250.010925 172.865967 322.652954
v 250.006821 173.937073 263.727936
v 250.000015 170.000015 266.131012
v 249.996063 161.235565 268.042145
v -249.983124 158.316925 320.513184
v 249.955185 154.791214 270.510010
v -249.996033 148.595367 321.567810
v 249.983322 143.225769 276.689636
v -249.952072 143.334290 321.168732
v -249.928268 138.056488 321.154144
v 249.994644 134.107468 280.502075
v -250.041794 132.152679 320.540344
v -249.925522 123.612587 319.477509
v 250.010147 124.519592 283.056732
v 249.962646 118.107239 283.899261
v -250.067123 116.465012 318.129883
v 249.958572 108.822990 284.853333
v -249.976715 108.320625 316.601776
v -249.997833 104.172783 315.361328
v 250.012344 96.463493 283.134247
v -250.011673 97.844330 315.158051
v 249.982407 92.921005 282.906311
v -250.015381 89.816437 315.760468
v 250.016464 86.241959 280.750153
v -249.998672 81.191284 314.670380
v 250.018814 76.434181 278.922638
v -250.023712 75.933075 313.026245
v -250.000778 68.917206 309.264465
v -250.044357 57.691216 302.985260
v 250.021606 52.123913 276.976196
v -249.970367 52.132347 299.202271
v -250.002426 38.619942 292.060150
v 249.996674 40.374359 275.792633
v 250.000824 33.556889 275.640411
v -249.997726 26.097960 283.695526
v 249.993149 28.718231 274.180481
v -249.975555 15.573727 276.047760
v 250.012146 21.113026 272.692719
v 249.991226 10.886749 270.170441
v -249.891068 5.132073 278.229156
v 250.036499 -0.134912 268.136658
v -250.003571 -0.451240 279.802490
v 249.991669 -11.606978 265.048004
v -250.025131 -7.065186 279.647217
v -250.012833 -15.013649 278.857605
v -250.101624 -23.718836 278.472534
v 249.995499 -32.932438 260.074158
v -249.995178 -27.530956 277.501221
v -250.007919 -31.508368 277.388092
v -250.013962 -37.579773 276.171173
v -249.935593 -42.038792 276.139984
v 250.035477 -51.652458 255.173523
v -250.034378 -46.361324 275.669861
v -249.899506 -51.750500 275.826538
v -250.010544 -59.428986 276.064758
v 250.009537 -57.402279 255.034470
v 250.001495 -64.473236 253.402283
v -250.005905 -76.907516 275.322296
v 250.039963 -71.753761 251.063965
v 250.000046 -84.469383 254.270966
v -250.002426 -90.021210 274.832458
v 250.001938 -96.811798 254.924911
v -249.993790 -110.787277 275.212982
v 250.030029 -106.343010 253.764542
v 250.006531 -117.659752 251.398590
v -249.986969 -125.522659 272.473206
v 250.053482 -122.867393 249.429367
v 250.009872 -128.421341 248.205719
v -249.970276 -132.761017 271.555817
v 250.081116 -138.181625 245.436310
v -250.065964 -145.782867 268.077057
v 250.021347 -144.802582 244.163788
v 249.892792 -152.418839 241.256485
v -249.995041 -156.690552 262.131378
v 250.013184 -160.836212 237.778229
v -249.977249 -165.151978 257.129608
v 250.000504 -170.779694 233.270935
v -249.962479 -170.555450 254.273682
v -250.027863 -178.036362 252.154968
v 250.000107 -183.711472 226.028229
v -250.018097 -187.643631 249.502625
v 250.248718 -187.033447 223.836411
v -250.014587 -194.506943 247.169876
v 250.018433 -199.783997 226.259201
v -249.941940 -201.347382 242.307632
v 250.007996 -206.859375 225.993027
v -250.037842 -210.008316 231.213791
v 250.022476 -212.519211 225.180298
v -249.946350 -214.275986 230.008881
v -250.113449 -222.475113 225.594055
v -250.207703 -225.278107 222.638153
v 250.006927 -226.885498 220.914734
v -250.007462 -228.660492 217.303528
v 249.997665 -235.936829 216.628387
v -249.975281 -240.190140 210.149231
v 249.969910 -246.969498 211.910995
v -250.036530 -247.787521 206.629059
v -249.972397 -250.130081 215.387421
v 250.002548 -250.000137 211.733780
v -243.654724 -250.006821 217.340897
v -232.822617 249.998154 331.625519
v -215.045670 -249.997971 226.016937
v -205.021790 249.997437 336.103729
v -201.580475 -250.051636 230.188095
v -193.934799 250.000046 339.037811
v -192.980820 -249.982147 233.904785
v -186.422974 -249.978241 234.007355
v -172.205917 249.994690 344.100952
v -176.348404 -249.940796 242.509247
v -167.410248 -250.027969 247.908112
v -161.211807 250.025055 347.657227
v -153.267181 -249.996292 254.458450
v -151.796600 250.043671 349.978943
v -148.000000 -250.000015 255.297516
v -143.059357 -249.998764 254.532364
v -137.702911 250.001907 356.010468
v -128.030869 -249.999817 248.088669
v -120.868362 249.992996 363.225952
v -120.716324 -249.997986 243.704620
v -111.616646 -250.004974 248.689743
v -107.104385 249.991882 365.434265
v -100.680077 -249.938507 254.349640
v -95.164482 250.013000 366.028412
v -91.652390 -250.004181 259.979919
v -83.275200 249.999496 365.774475
v -83.227409 -249.972168 265.060883
v -77.120026 249.968079 365.580261
v -70.220673 -249.961121 270.541290
v -67.403137 250.056946 364.121796
v -62.109798 -249.932266 272.105927
v -61.609795 250.074738 363.085388
v -50.199036 249.994400 361.370239
v -53.103027 -249.963318 273.297699
v -44.293781 -249.974335 277.085327
v -39.633411 249.975998 359.698212
v -35.056286 -249.985916 280.690063
v -31.175615 249.967773 357.932892
v -28.633169 -249.989151 284.286346
v -22.038528 250.017166 356.001190
v -11.348526 -249.988724 294.057709
v -6.083277 250.007889 350.946320
v -4.369344 -249.995453 298.794525
v 6.941244 -249.981079 303.153839
v 6.968245 250.019287 345.763580
v 22.131008 250.022705 338.259552
v 21.140074 -249.989944 302.522522
v 28.329977 -249.986984 298.869202
v 35.621532 -250.001404 293.896545
v 37.116932 250.004562 333.072601
v 41.448780 250.040039 332.845612
v 53.476673 -249.993622 284.474579
v 46.470341 250.000839 330.842865
v 52.073608 249.969955 326.807007
v 56.577923 250.066208 325.404633
v 61.592514 249.996674 321.143616
v 69.563736 250.017319 319.125427
v 77.317467 249.999619 317.276245
v 87.978546 250.006363 317.740570
v 86.801193 -250.006546 270.044647
v 101.945869 -249.986053 265.837311
v 97.992111 249.992615 315.869873
v 110.563255 -249.971893 264.250427
v 116.765587 250.005173 314.462372
v 130.192307 -249.967148 261.628967
v 126.833313 250.010284 312.732635
v 141.260635 250.002106 311.960541
v 140.205154 -249.988663 260.967743
v 156.441483 -249.989746 258.192047
v 158.576706 249.999878 309.605347
v 170.565369 249.982086 306.185760
v 171.416611 -249.955399 252.185211
v 180.882614 250.066559 299.294128
v 182.055756 -249.936661 246.544098
v 185.991013 250.005020 296.688934
v 196.201828 250.009506 289.394958
v 198.193161 -249.977585 240.407654
v 202.874329 249.994553 285.494812
v 209.157120 -249.988922 234.597885
v 214.265793 250.023438 280.421844
v 227.364044 250.001343 274.181946
v 229.014755 -249.981155 221.727386
v 237.074707 250.000931 270.632904
v 238.648636 -249.984818 217.112579
v -246.518982 242.963455 327.254700
v -234.507980 242.736847 330.287018
v -220.060760 245.176529 333.136749
v -214.340012 240.977875 334.231476
v -186.905731 244.089767 340.047363
v -176.243958 244.982681 342.106598
v -166.453064 245.369156 344.657837
v -156.727219 247.682327 347.954254
v -143.894699 244.890152 353.617615
v -121.449776 244.716324 363.092987
v -94.933861 240.192368 368.277283
v -17.625767 241.599686 356.826111
v 17.835648 242.107681 342.046021
v 29.067259 249.998688 334.999268
v 42.457989 243.870682 334.986786
v 47.070015 243.673599 332.921356
v 62.688393 242.972687 321.741089
v 85.359131 238.733063 317.905945
v 100.231659 244.439133 316.100037
v 119.605247 246.595184 314.794006
v 132.840790 244.907684 313.173828
v 143.700272 243.669754 311.806427
v 190.410889 245.438034 291.750427
v 196.324875 246.509232 287.492126
v 208.970230 245.943268 283.600647
v 237.685608 245.497055 270.013062
v 241.786591 241.532654 269.011078
v -155.174820 241.444031 349.101166
v -139.897903 241.280289 356.028656
v -128.508026 242.651825 360.840363
v -71.455162 239.362183 368.977142
v -46.010902 244.182953 363.281342
v -28.809189 239.935196 360.344513
v 10.723263 244.130997 345.179810
v 52.267258 243.987564 328.737000
v 77.405212 245.334976 317.980408
v 93.887756 240.845825 318.478333
v 110.174927 241.683899 315.820892
v 154.673477 243.805878 309.999908
v 170.559036 244.573822 304.156647
v 182.195847 246.068420 296.847107
v 216.141541 243.474396 279.277130
v 223.394806 239.923874 276.850433
v 231.720901 238.993851 272.998779
v -200.005844 241.547577 337.420410
v -163.849747 240.963776 346.116577
v -116.985817 236.337555 364.887543
v -55.200439 240.280090 366.866302
v -0.476371 242.222580 350.821075
v 31.848583 242.015366 336.825439
v 56.309624 238.386261 327.728485
v 125.525887 239.469467 315.633911
v 169.605072 237.676346 303.127594
v 174.257584 242.349197 301.923645
v 186.657928 239.795868 294.368683
v 202.715622 242.128494 285.371613
v 208.139252 240.022690 282.806519
v -240.080597 239.339706 327.737305
v -229.862259 240.291275 330.162018
v -183.242752 239.922607 341.754486
v -146.358368 237.403198 353.535614
v -134.660843 234.881744 359.297424
v -109.068947 237.193405 366.837006
v -63.181072 235.670715 370.034973
v 103.771736 235.489655 317.057892
v 161.095673 236.770859 307.013977
v 178.983566 241.188629 298.055878
v -206.354935 237.852280 336.657959
v -195.507782 237.234177 339.941498
v -172.007004 237.013977 344.727386
v -86.114410 236.022705 370.178467
v -49.462307 239.293106 366.790558
v -39.277359 235.634918 364.914948
v 45.568741 231.426117 337.276215
v 65.528122 234.287292 322.948486
v 71.613617 233.755386 321.031342
v 135.474762 232.372467 314.727448
v 192.219101 237.560471 292.332825
v -181.101059 231.997650 344.616486
v -163.261032 233.374557 347.906555
v -123.775322 232.870010 363.463104
v 11.694938 233.541336 346.620819
v 39.896458 233.406372 338.965973
v 153.476883 232.122498 310.613953
v 178.981491 233.748581 298.338348
v 199.599670 235.743454 288.407593
v 221.019272 234.336578 278.879456
v 235.044846 230.709732 274.156036
v -246.357285 231.154266 325.935150
v -230.947479 236.449753 330.421356
v -214.891418 232.481049 334.225403
v -202.664139 230.600006 338.043884
v -184.830902 232.920776 343.814423
v -153.975403 230.918930 351.756744
v -98.907578 230.923874 369.874634
v -24.628712 231.073746 361.950531
v -5.531081 234.047379 354.581635
v 24.242989 231.888840 342.542267
v 56.526649 233.881241 329.093323
v 80.599388 232.457642 318.417664
v 94.900986 228.542343 318.863708
v 121.566154 232.091736 316.689148
v 211.171539 232.476013 283.686584
v -221.064041 230.797714 331.825317
v -72.740814 230.484390 372.946991
v -50.694683 228.125778 371.680450
v -39.657295 230.934143 367.027344
v -35.212711 226.548904 367.119202
v -16.505938 230.144379 359.785980
v 0.287848 230.438370 352.499237
v 61.507473 233.849976 324.895264
v 168.405579 228.093323 305.568604
v 184.436401 230.211426 295.979523
v -192.991379 226.623367 341.893341
v -171.472488 230.148392 347.122040
v -141.745071 226.041779 357.660980
v -84.242668 226.995407 373.727386
v 52.050957 225.751160 334.083038
v 96.930565 222.660858 319.276855
v 191.922867 230.580963 293.632050
v 205.708115 228.048492 287.430420
v 217.628448 225.674469 283.898376
v -237.433273 219.514343 326.923035
v -159.408340 229.599991 350.871796
v -147.730728 223.187805 356.336029
v -129.657425 224.127701 362.004791
v -115.550224 227.626251 366.162323
v -108.552917 225.471863 367.951416
v -92.655136 227.050629 372.445099
v -71.689957 225.871063 375.163055
v -61.291924 226.024445 374.843414
v 9.591763 224.783997 349.915833
v 17.392550 222.021179 348.594818
v 66.296768 226.894638 324.719025
v 71.371925 222.514938 321.605347
v 104.792633 220.150467 319.362152
v 119.279007 223.180084 318.208008
v 145.254852 225.255508 313.889526
v 159.561829 228.982147 308.956146
v 175.560959 225.286469 303.401031
v -203.317749 222.822418 337.643494
v -162.990829 223.749039 350.928284
v -153.403061 226.668686 353.687073
v -103.391403 223.023483 370.703125
v -1.793601 219.961609 356.299011
v 36.992416 223.784897 342.664612
v 76.001244 225.456604 319.768524
v 156.730942 224.319397 310.815643
v 186.119568 225.051514 298.902313
v 210.104767 222.923004 288.218231
v 240.423660 222.745193 274.880432
v -247.287964 219.265244 324.614319
v -208.543732 224.924667 335.218964
v -181.844879 223.939148 345.794495
v -137.641724 221.588867 359.962830
v -115.428650 215.214050 367.137390
v -41.048271 223.620667 370.684265
v -31.595730 219.857269 368.854828
v -22.704536 222.497101 364.686676
v -14.551946 220.088730 362.130798
v 56.140205 222.099060 331.393372
v 132.077301 213.976700 318.151947
v 199.601883 223.926544 292.973480
v 230.669891 220.899567 279.993835
v -225.156708 219.309311 329.176605
v -92.512360 217.506958 375.525421
v -77.099342 216.724594 379.026611
v -66.663193 220.458160 378.045074
v 26.739111 221.958725 346.019592
v 62.909771 221.230804 328.341309
v 74.545433 216.535141 320.643951
v 225.115082 220.219269 282.439880
v 245.079865 216.824509 274.521576
v -206.815613 216.981186 334.390472
v -155.660843 219.541336 353.697815
v -123.287704 217.287109 364.197296
v -59.007477 214.948135 380.327118
v 43.503845 217.679916 341.141541
v 175.006989 219.741928 306.716003
v 206.622131 216.784668 292.944000
v -171.833374 215.857529 349.253296
v -132.451401 216.164993 361.271240
v -101.078865 221.512955 371.548889
v -52.209541 215.448029 378.680664
v -43.158432 215.602921 375.273987
v -20.690216 213.314926 366.948364
v -6.560523 215.021591 360.527405
v 83.148186 210.039108 321.000427
v 115.546188 214.025009 320.107666
v 120.323410 211.258560 319.574738
v 138.424240 211.023148 317.544769
v 145.727371 215.038773 314.932495
v 162.336807 217.458679 310.857941
v 183.808258 217.892960 303.101532
v 193.490326 214.796829 299.716278
v -181.450287 211.733246 346.083282
v -106.193085 214.231201 370.825165
v -102.137978 213.058914 373.050659
v 2.470084 214.401367 356.576996
v 41.193977 214.845291 342.163147
v 60.399029 214.179932 329.477753
v 66.323013 215.092438 326.188080
v 168.846573 210.342422 310.832825
v 203.354691 214.612473 295.032196
v 230.759140 213.048157 281.244049
v -243.671188 207.256149 323.852966
v -221.766434 209.744064 329.731110
v -205.200531 211.148056 335.082947
v -190.477493 210.815872 341.924255
v -154.955536 213.084747 353.989075
v -73.057465 212.838928 381.901825
v -65.571396 213.578751 381.909454
v -40.878353 210.042953 377.012573
v -30.919434 210.062500 372.753998
v 19.848194 211.451645 351.428650
v 33.899662 213.535324 345.516205
v 92.696693 206.002274 321.334229
v 156.318039 208.489731 313.350159
v 176.959579 211.454971 308.300934
v 214.604568 211.904190 290.104706
v 225.274384 213.571060 284.079773
v -237.022125 207.854156 325.774231
v -117.667091 211.072220 366.131836
v -97.912445 210.704758 375.478882
v 8.657814 210.733246 355.249481
v 54.978069 208.106857 334.058624
v 71.386040 211.202103 322.406616
v 241.542007 210.820694 276.055786
v -138.885223 210.896744 358.632111
v -127.647896 206.828537 361.305145
v -90.351471 210.046143 379.066833
v -78.143150 210.198456 383.291656
v -60.318344 211.987045 383.268707
v -46.880184 210.064880 379.875977
v 24.278212 207.234741 349.565491
v 51.220551 210.705750 335.918457
v 75.845795 208.182587 321.484924
v 188.693130 203.566574 306.273346
v -218.501022 203.057205 330.638306
v -173.663010 203.103027 348.113892
v -74.332054 207.918152 385.499298
v -67.978600 208.609482 385.867371
v -23.313778 206.920242 370.574341
v 100.810966 203.126907 320.502808
v 199.306824 207.213364 299.490234
v 232.687943 208.158463 280.143097
v -206.837051 200.535477 335.461823
v -195.642029 206.037537 339.780273
v -165.674911 201.801331 349.898682
v -153.528275 203.407623 353.364655
v -112.817612 207.528915 368.969116
v -104.243980 201.428329 373.821442
v -89.630295 203.804962 381.318420
v -61.498756 204.750122 388.107056
v -55.518051 201.488464 387.500336
v -35.410568 205.328278 376.653870
v -29.979488 204.994385 374.385529
v -19.087317 201.631409 370.214691
v -8.901512 201.127609 365.287933
v 3.757171 202.762497 358.658478
v 11.472420 205.334442 354.715485
v 39.760338 206.957123 341.907013
v 47.709965 199.186920 336.714172
v 62.761959 203.724350 328.485809
v 147.430099 200.569931 317.469360
v 234.928909 201.726532 278.159607
v -139.490356 199.525940 355.593109
v -119.717072 204.324066 365.415771
v -80.123535 200.991943 386.337891
v -70.073074 203.328156 388.401184
v -46.853348 202.819138 382.887238
v 42.648357 197.887100 338.957184
v 68.900963 203.062759 323.523560
v 125.624245 205.523209 318.858429
v 179.544525 199.990433 309.351440
v 208.241608 202.580521 295.278687
v 215.437927 202.991013 290.568939
v 223.656082 202.544785 284.954376
v 243.905212 201.227188 272.733337
v -229.955994 196.420975 325.946899
v -182.835327 197.204208 345.634583
v -127.967613 196.686111 360.225922
v -1.812264 202.748642 361.579529
v 19.305019 200.701630 350.602295
v 37.623127 200.586441 341.377075
v 57.009003 202.837494 332.711121
v 77.221809 199.005630 322.455383
v 158.888000 201.010803 314.086182
v 198.589371 201.485321 300.805817
v 226.239655 200.744629 282.626129
v -198.908569 194.103989 338.791412
v -193.480728 199.010788 341.388367
v -111.593452 197.576904 370.078583
v -41.943649 197.943832 382.395538
v -33.766315 199.640579 378.501160
v 10.034077 194.599289 355.009277
v 131.996704 199.876770 318.161957
v -243.007217 197.618179 323.131104
v -211.189087 195.176758 333.487061
v -162.745575 194.304581 348.629517
v -92.513870 196.247437 380.826416
v -90.319267 191.844955 382.953552
v -49.925579 195.017731 388.001099
v -28.874504 193.583267 377.281769
v -8.020535 192.677338 365.093872
v 27.743542 198.800827 346.340149
v 121.456985 191.962311 316.558929
v 164.652954 196.859528 312.466248
v 189.381485 196.674881 306.719879
v -219.929947 193.467270 329.611725
v -154.062469 195.586517 351.056000
v -136.428085 186.555878 355.259796
v -117.722984 189.637085 365.629944
v -106.001816 190.672638 372.593689
v -79.158394 194.758514 387.778381
v -70.847458 193.079727 390.215729
v -66.119728 196.524780 391.434021
v -62.562836 195.777100 391.470947
v -16.411970 195.722458 369.908722
v 2.451071 193.452835 358.901520
v 59.260826 196.208725 329.091644
v 64.431778 194.582489 326.482422
v 86.375534 189.163940 321.783020
v 91.110367 191.515274 321.394470
v 143.475647 191.523178 318.089905
v 179.254333 191.030380 308.892365
v 196.886642 195.225082 300.936981
v 205.079559 193.155060 294.896088
v 214.416611 196.014023 290.541931
v 221.517319 193.314026 283.754883
v -146.325821 191.868729 351.201416
v -95.725761 192.086578 378.577393
v -55.383362 192.862518 390.585205
v 18.319315 192.029510 351.034454
v 28.960932 189.986649 346.474030
v 37.552914 191.849609 342.243042
v 51.835705 195.877518 334.345917
v 113.064758 194.831436 318.237640
v 128.499619 185.252686 315.056488
v 149.598846 194.229874 317.343201
v 229.617081 190.897903 277.901398
v 233.948853 194.067551 276.922211
v 246.304779 194.900269 270.465820
v -232.515366 188.854218 324.070099
v -188.140381 188.670578 342.503784
v -179.482605 192.690781 345.986267
v -127.070694 191.801163 360.626129
v -42.219158 188.807510 384.288666
v -35.181320 191.071869 380.721313
v -4.495581 190.316681 363.263336
v 22.461946 190.397171 349.747131
v 66.336029 191.202301 325.395905
v 75.495811 187.821350 322.866943
v 167.908569 188.633026 311.113037
v 189.436951 192.312454 304.953491
v -243.282059 185.209503 322.351868
v -219.109467 185.365082 327.938873
v -75.419502 187.304733 388.593933
v -62.368465 192.146317 391.599213
v 6.318817 185.954041 358.579529
v 47.045956 187.584198 338.642242
v 157.831467 189.884872 314.115021
v 182.687210 185.165237 305.590485
v 216.762238 188.401794 285.818634
v 240.321274 189.911804 273.920868
v -226.130325 184.900726 325.117157
v -193.910461 188.012283 339.919464
v -179.817734 186.086273 343.959473
v -96.497917 187.088013 378.531433
v -82.505714 184.427261 385.628082
v -56.923424 186.955917 390.738922
v -51.069836 183.424362 389.496216
v 35.056973 187.406372 343.323547
v 55.110523 188.824554 333.676270
v 71.352661 182.622574 323.439606
v 110.940994 181.553467 319.386200
v 151.869537 183.926025 314.014771
v 204.635406 185.194290 291.046478
v 208.570251 183.936935 287.676178
v 224.773560 188.335480 280.553375
v -206.033005 186.397903 335.122986
v -164.286835 184.769958 344.550079
v -28.972185 181.728088 379.120941
v -20.604401 185.489136 373.403687
v -11.944730 183.881882 369.010193
v 142.795120 186.646133 316.484894
v 170.930389 184.366302 309.365997
v 193.256531 186.665421 298.044281
v 197.392654 183.714478 294.999481
v 240.737625 183.943695 272.040192
v -236.349884 178.613174 323.105957
v -126.617081 178.898804 360.170471
v -108.749367 185.041214 370.796631
v -1.930998 182.560379 364.436798
v 12.274661 184.178070 355.253937
v 69.122070 180.187592 324.990051
v 97.572662 179.202881 321.369781
v 160.780502 181.537231 311.785553
v 216.842834 182.995682 281.678955
v 229.148499 184.470474 277.590942
v -216.889557 175.914444 327.440704
v -202.487427 178.404495 334.561615
v -72.723763 180.714096 387.109070
v -58.261021 181.460022 389.498871
v -45.707855 180.098053 387.014130
v -38.187874 174.780960 385.062347
v -33.889351 183.106705 381.476868
v 17.491257 178.001801 355.084900
v 28.918343 178.637558 349.247131
v 143.742294 179.297958 313.472168
v 188.239227 178.651321 298.217194
v 226.794189 179.989349 276.374847
v 242.359909 181.263885 270.295898
v -247.379883 177.967941 321.071747
v -183.516251 175.270065 338.449951
v -175.427902 179.168106 341.525726
v -160.332764 182.183151 344.059509
v -155.767197 174.090485 345.451691
v -146.556732 178.583832 349.568665
v -108.057838 177.736389 370.792419
v -100.217987 178.966705 375.333099
v -87.348358 177.628693 382.713470
v -18.933212 179.598984 374.184967
v -7.121753 179.706039 367.724030
v 10.430711 179.169830 358.723572
v 39.980198 177.931442 343.241028
v 48.049492 176.871262 338.418396
v 53.681904 179.904465 335.397430
v 78.308311 178.483765 323.466644
v 133.214035 179.382843 313.591583
v 192.252060 181.140274 295.667816
v 233.433228 177.061096 272.391602
v -136.727463 173.454529 354.927124
v -40.291897 172.802628 385.784546
v -25.301466 176.357071 378.672607
v 5.287777 173.926773 363.005737
v 24.410519 176.381897 351.996735
v 86.642616 177.110733 322.800232
v 167.110397 178.393799 307.994995
v 178.903091 177.944733 302.611542
v 203.029770 178.828979 288.774078
v 209.681000 176.880646 283.814819
v -224.083542 168.313828 324.440826
v -171.902725 172.212662 338.670685
v -120.770248 170.957184 363.233185
v -59.737259 173.945068 387.312622
v -34.045937 171.333466 384.677917
v 59.230747 169.157867 330.543091
v 104.073311 172.236053 319.392181
v 148.791153 175.167084 311.079651
v 163.503235 173.279297 308.042786
v 171.745316 174.394089 304.795410
v 197.313934 176.836731 290.263611
v 226.472244 173.491104 275.737457
v 238.600983 176.017639 269.160797
v -243.626785 173.008911 320.815369
v -195.665970 174.938797 335.237213
v -99.685005 171.812515 375.493378
v -92.439514 173.847733 379.455292
v -84.127922 170.019562 382.936676
v -73.192352 171.304199 384.960327
v -46.385262 173.117584 386.944672
v -19.004133 173.556595 376.208527
v -9.090749 171.906418 371.167145
v -2.699834 169.363327 368.614197
v 14.218879 172.147552 358.815643
v 67.306175 174.797974 325.758972
v 72.939186 172.434937 324.920868
v 98.343346 172.300690 320.327667
v 110.701691 171.534805 317.708282
v 121.534622 170.656143 315.480133
v 217.584976 174.887222 280.024200
v 243.512711 174.285675 265.889740
v -214.516586 169.569458 327.136932
v -163.305954 170.530991 342.520081
v -55.074677 169.750793 386.717590
v 20.774597 168.707550 355.710938
v 28.636320 171.188248 350.242218
v 93.141411 172.317398 321.761688
v 140.665100 172.114243 311.785461
v 156.027512 168.911087 308.082611
v 181.871201 169.589081 298.498566
v 189.856979 169.580872 294.747894
v 194.984161 170.867340 291.074066
v 200.878128 172.009277 286.161865
v 211.830658 172.185669 281.561707
v 223.725922 168.314178 275.676392
v -241.831161 171.352585 320.126892
v -236.964828 166.536255 321.933807
v -206.468445 169.290878 330.531372
v -180.916672 163.216537 333.714050
v -168.383652 169.215363 339.580292
v 32.747089 166.357849 348.850952
v 51.766323 169.124588 336.777802
v 125.407852 166.993820 315.167816
v 151.995895 169.595184 309.537140
v 167.309418 170.045761 304.432800
v 215.238541 169.806198 279.586151
v 234.650864 170.786804 270.638977
v 244.281891 170.300674 268.261444
v -192.409363 165.161438 331.706451
v -27.882973 166.042923 384.185974
v 0.843899 164.847137 367.760376
v 41.179409 166.576721 343.973114
v 79.768440 163.894424 324.913452
v 137.577011 165.421906 313.283081
v 175.360901 169.895065 301.136261
v 203.499664 168.755341 286.891541
v 212.853195 166.735535 282.077850
v 237.885971 165.942245 271.262634
v -243.900177 165.815079 320.191559
v -226.548035 156.037811 323.008820
v -143.574936 161.836899 352.413635
v -133.199997 164.184616 357.327637
v -121.991859 164.872498 362.983093
v -109.499069 164.946716 369.471161
v -89.277863 163.195328 380.534546
v -70.894981 165.320206 383.817932
v -32.176308 165.268417 385.372131
v -15.727741 163.616959 377.834869
v 62.827946 166.149323 328.506958
v 91.927765 164.569626 323.012970
v 103.382851 163.190292 320.450226
v 112.953644 162.734909 317.812042
v 163.129517 167.254211 307.663940
v 171.036102 165.115997 306.118805
v 194.633575 166.598999 292.539337
v 208.792740 165.807724 283.960175
v 221.007690 166.054947 277.682159
v 243.305588 165.700729 269.500336
v -247.971100 158.472260 319.212830
v -204.011810 159.621948 327.458191
v -154.203094 160.276016 346.707397
v -101.799614 164.625519 373.796692
v -81.998466 160.990463 381.449097
v 13.981839 157.815033 361.043396
v 18.759918 161.522278 357.332031
v 28.594114 161.462112 351.326996
v 161.890900 161.269699 310.169159
v 184.457367 161.306152 300.282043
v 196.809555 162.265320 291.778503
v 202.261353 160.678024 289.431610
v 232.735519 161.826874 275.548218
v -212.826752 159.320648 325.031006
v -167.910172 162.298096 339.493317
v -110.585899 158.480774 368.963287
v -95.807442 160.159729 377.089142
v -59.680325 160.663834 384.146576
v -53.059788 162.061371 385.695892
v -48.813915 158.317368 384.118347
v -24.668913 158.941040 384.469421
v -6.441607 159.075775 373.107422
v 22.974831 157.025742 355.632690
v 45.996727 159.491623 342.303833
v 75.425835 160.253204 325.408478
v 150.130432 161.567215 310.972717
v -246.422485 159.053894 319.164246
v -237.466705 153.924057 319.904755
v -174.891281 156.903549 335.978851
v -133.990356 157.002396 358.298859
v -122.484154 157.368805 363.330841
v -71.461037 153.550446 380.853912
v -40.386276 156.978226 384.168884
v -30.875473 159.761887 385.268219
v 38.148029 158.361053 346.913696
v 51.474007 156.034805 339.381775
v 68.646576 161.865570 326.289154
v 207.323196 156.730225 287.896179
v -183.894058 157.480133 331.960480
v -166.749191 156.718552 340.638092
v -14.402662 156.997131 378.987732
v -2.896358 156.303238 371.704468
v 78.396408 154.011536 325.998230
v 87.033112 157.614746 325.331848
v 100.074486 154.293823 323.119446
v 114.913109 151.879654 319.182281
v 131.993591 156.636093 316.162659
v 144.300507 153.158081 312.880188
v 173.539078 157.151886 308.329742
v 188.603607 149.670670 300.815399
v 200.066223 156.421509 292.588715
v 214.399216 156.037048 284.541687
v -196.047012 155.035675 327.480530
v -140.812134 153.097351 355.888275
v -100.905159 149.844986 373.559875
v -94.093590 151.702408 376.814850
v -87.203049 155.167374 379.352051
v -55.834797 154.603928 382.946259
v 62.975395 155.855286 330.533600
v 156.406479 152.419830 313.025848
v 167.991516 155.304337 310.715118
v 182.992554 155.082108 303.681824
v 196.859146 155.036743 294.097260
v 225.637085 151.110428 282.234802
v 234.204147 153.468033 277.672333
v 238.693558 154.840149 275.807098
v -244.971146 152.740768 317.429077
v -209.588806 149.840393 324.267029
v -158.211487 146.507233 345.874695
v -27.743031 152.337006 385.054108
v -14.634089 147.804413 380.160706
v 4.497078 156.700180 366.761566
v 48.955280 152.173660 340.923645
v 65.331169 147.866928 329.633545
v 72.023956 152.475845 326.867310
v -217.465897 149.676437 323.021942
v -181.951584 148.752899 334.024414
v -162.544739 151.211136 343.354401
v -150.733688 148.709320 349.809143
v -128.650620 145.950500 363.412048
v -120.351074 147.111252 365.595398
v -45.201931 147.912445 382.082977
v -18.358421 147.668823 382.306976
v 28.387941 149.755920 353.624878
v 35.808693 146.620056 349.540039
v 60.876057 151.796921 331.127289
v 88.830948 150.945282 326.077362
v 202.341278 151.113846 292.507355
v 207.207718 147.344208 292.415009
v -247.138458 147.907532 319.919067
v -205.339981 148.349411 325.414124
v -194.252167 148.602203 328.981476
v -136.196640 151.453949 358.238861
v -109.251793 145.804260 369.664398
v 11.225433 148.945297 363.674652
v 164.587067 146.638321 312.984772
v 170.443436 149.292328 311.112213
v 178.688522 147.838776 308.180573
v 218.696121 145.113480 287.827698
v -238.027084 141.592087 318.055267
v -78.801758 147.558456 378.380127
v -65.293770 147.774033 380.197479
v -54.577553 147.478760 381.558105
v -33.308502 146.085129 383.360229
v -23.189846 145.617264 384.053406
v -9.253059 147.863129 376.332275
v -1.481432 146.399506 371.926178
v -0.531961 142.660736 370.961243
v 15.431005 144.473358 361.348572
v 58.384140 143.221161 334.934113
v 116.287651 145.543808 319.119354
v 125.313271 143.126938 316.986938
v 135.849243 147.073090 314.993958
v 249.943573 149.150040 273.185608
v -244.053543 146.248123 317.206970
v -86.677650 145.641632 377.212280
v 42.573872 137.048080 345.566223
v 79.407867 134.461929 326.924500
v 191.406906 146.529358 299.266937
v 207.425858 139.325668 297.211639
v 238.190582 146.043854 278.823944
v -242.896210 136.501007 315.799835
v -222.825653 136.711960 320.594147
v -172.232742 142.794067 338.581635
v -141.962814 143.460480 354.940826
v 4.922194 136.735687 367.560394
v 88.664177 143.284943 326.398926
v 108.840393 141.112747 320.859375
v 141.925262 144.749817 315.043457
v 201.059982 141.450500 298.855011
v 228.368576 140.753662 286.270020
v -210.250137 137.462357 323.668365
v -201.361008 135.567398 326.005341
v -185.727310 142.303329 332.885468
v -155.151672 135.403427 346.683411
v -94.208221 140.164581 374.241211
v -75.358147 139.415894 376.906921
v -51.952190 139.301605 379.205078
v -24.129738 138.908524 383.389740
v 100.529610 138.755447 322.990540
v 153.382523 142.222275 315.168152
v 185.766800 142.334366 305.538544
v 192.436890 139.591125 302.733521
v 222.968292 136.497681 290.223083
v -234.306625 133.861008 317.364990
v -193.848480 135.480911 329.478516
v -131.830902 137.675934 359.905212
v -124.024078 140.771973 364.436707
v -116.050247 137.882889 366.345825
v -108.452019 138.403748 369.232788
v -9.299258 138.952209 375.948792
v 18.529470 137.818100 359.091583
v 51.561451 139.421600 339.903595
v 69.238297 134.594986 328.955292
v 73.331642 134.309021 327.718170
v 177.448975 139.479691 310.378571
v 245.026688 137.437927 281.103790
v -21.955099 136.982758 382.366058
v -14.974198 134.453857 379.324188
v 32.141956 133.363892 351.278290
v 39.567268 133.603485 346.818909
v 53.964409 133.876801 337.691589
v 116.059357 133.376541 319.215973
v 130.221771 139.495255 317.088623
v 185.934494 136.583527 307.843597
v 194.552078 135.360703 304.856750
v 237.177750 135.401566 284.511353
v -175.908340 133.150497 336.151794
v -136.391235 132.758911 357.160278
v -100.881355 132.254166 370.352661
v -62.838264 137.059097 377.617584
v -35.181625 135.040451 381.074158
v 87.333374 135.219482 326.738617
v 110.167473 132.813156 320.346313
v 134.437256 132.627472 318.664368
v 146.440201 132.966507 317.610016
v 164.508377 134.166153 314.948700
v 170.829529 132.603241 313.876587
v 216.046951 136.953644 294.064819
v -240.482941 132.249863 315.035278
v -147.296722 132.927475 351.725037
v -88.322113 137.153152 374.871613
v -80.795448 128.123596 374.014008
v -56.831161 132.794708 376.873932
v -10.151775 133.063004 375.722900
v -2.471807 132.589676 371.130035
v 227.763245 131.133972 290.357117
v -245.327271 132.259338 318.305237
v -153.101654 130.210083 347.926941
v -109.759674 128.944672 367.201721
v -66.625259 128.974915 374.640076
v -48.613869 122.350418 376.191345
v 7.747717 127.545036 364.893890
v 22.600590 127.914307 356.147003
v 99.725204 125.831810 323.148010
v 182.821335 131.303726 310.189575
v 207.706848 131.633255 300.008362
v -219.330017 129.966873 321.611145
v -204.811401 128.488968 324.852905
v -196.136200 127.626526 327.259766
v -126.954300 125.177261 359.636993
v -94.062515 128.248230 371.479248
v 47.111465 130.625870 342.481598
v 92.448181 126.625435 324.898041
v 241.899994 126.973564 285.731232
v -182.364822 124.763222 332.304443
v -164.834213 126.464005 341.614624
v -86.189140 124.178986 371.535431
v -30.358788 128.612930 380.739777
v -23.034107 123.582703 379.906281
v -12.583673 125.426659 375.884186
v 58.423031 127.063484 334.760529
v 61.830193 124.279221 332.670807
v 83.871361 122.822777 326.015472
v 135.345749 123.834511 320.334747
v 153.629028 124.335541 317.739349
v 192.868240 126.660774 308.660706
v 217.327271 128.323105 296.850067
v -241.046600 123.440788 314.653320
v -234.159836 121.316780 317.119080
v -170.780731 119.165230 337.028320
v -140.146683 124.723366 354.512604
v -79.360275 122.913116 371.446472
v -61.943634 122.672615 373.590088
v -42.961918 118.243126 376.591156
v 31.924402 122.542465 350.885803
v 73.764107 123.409660 327.863556
v 120.270012 122.766022 321.623962
v 165.746185 119.992348 316.333252
v 178.327286 118.366241 314.277405
v 184.264664 123.304543 312.047729
v 198.343277 121.453705 307.554077
v 210.547668 124.175537 300.632721
v 229.567139 123.632309 292.290680
v -214.726700 117.859032 322.443695
v -150.928024 121.498024 348.669067
v -118.631752 120.630180 362.287537
v -72.151970 121.800110 371.957306
v -9.234718 118.947243 373.257385
v -4.160115 120.029663 370.810852
v 146.617752 119.143402 319.779907
v -222.403427 115.994682 319.808228
v -127.602821 117.148331 357.315704
v -112.388023 118.743690 364.783691
v -97.107368 115.858231 367.974548
v -56.576672 119.484314 374.282166
v -35.639744 114.261559 377.254150
v 22.366117 122.548027 355.422546
v 36.559868 120.984169 348.129303
v 100.970619 120.203079 323.047455
v -198.666534 118.629059 325.059143
v -161.509705 120.260727 343.052826
v -156.394073 115.867142 344.785095
v -137.987930 117.888962 353.743073
v -19.883514 117.010315 377.272675
v 5.510438 118.443779 364.970551
v 69.705643 115.913109 329.458984
v 95.403191 116.085144 324.450867
v 124.216270 115.467567 322.160736
v 234.952393 117.821434 291.114471
v 244.361633 115.399391 287.388824
v -242.098495 116.620216 313.952148
v -148.133347 115.107803 349.777039
v -107.662819 112.286591 365.016083
v -77.436729 112.047874 367.440247
v -29.001884 113.060822 377.537720
v 16.516354 114.051842 358.218323
v 47.248772 116.421593 341.787567
v 191.056992 114.390007 311.479645
v 201.195541 113.204651 307.459106
v 211.744247 116.835075 301.609558
v -187.383194 110.515854 327.678528
v -162.555695 113.177040 340.901703
v -61.254101 114.946671 371.204773
v 27.047821 114.508797 352.598267
v 66.449196 115.596771 330.242828
v 111.553452 109.663376 324.252258
v 152.529755 107.877541 319.557220
v 181.485199 111.367302 314.072357
v 218.703094 114.615860 299.263275
v -169.055771 108.576027 335.971466
v -133.643631 110.284210 353.718445
v -91.891754 113.859398 367.471405
v -47.814819 108.492294 372.629028
v 0.980496 111.937210 366.511841
v 42.248493 110.139076 344.208008
v 54.788406 109.844391 336.867493
v 77.890083 109.556625 326.842255
v 224.705383 112.308617 296.876404
v -245.433960 112.563255 315.443268
v -237.807938 101.211655 313.895691
v -212.640930 109.307350 321.547211
v -205.950363 108.498917 323.165253
v -143.009064 108.791336 350.408722
v -117.049538 109.552834 361.293427
v -53.738293 109.663918 371.223145
v -18.765932 110.734383 375.454865
v -12.407928 107.147690 372.638000
v -6.127533 106.661514 369.262207
v 34.488754 109.069145 348.377258
v 63.133743 108.404716 332.686371
v 169.028778 111.600754 316.285004
v 185.714050 107.219795 313.349487
v 230.977646 111.496384 294.102509
v -242.242874 105.935120 313.599182
v -228.082748 102.233742 315.921844
v -188.927551 105.941002 327.069458
v -178.254608 105.276657 330.953156
v -59.532562 110.400871 371.310333
v 124.565964 106.093567 323.201416
v 135.104523 106.498589 321.854095
v 211.515854 107.281975 303.081512
v -155.203064 109.286552 344.338837
v -131.505112 103.679382 353.111633
v -71.961502 107.665138 367.351379
v -64.109192 107.776031 368.270691
v -1.449207 106.688171 366.488953
v 7.047643 102.340340 361.225800
v 18.911358 103.650864 355.512390
v 72.603424 105.770195 328.368622
v 95.421707 104.198273 324.809540
v 158.424133 103.138756 319.153229
v 217.528397 101.954636 300.308685
v 236.139679 106.699402 292.184570
v -161.713303 104.275177 338.998993
v -147.598236 101.741386 345.255371
v -141.228989 103.789192 350.325989
v -122.219292 104.908974 357.462585
v -104.332664 102.818001 362.975891
v -85.721039 102.732605 362.419678
v -40.513103 102.426987 373.487518
v -30.389553 103.917679 376.009552
v 165.468628 101.134621 318.033569
v 191.997711 103.174347 311.985565
v 203.202652 101.737091 307.607117
v 247.190750 105.049507 286.374084
v -246.076492 103.270668 312.023163
v -222.775452 103.545525 317.638336
v -154.728806 101.027824 341.913483
v -115.048698 102.839569 360.895233
v -94.921272 102.172134 362.116760
v -77.644493 100.001976 362.495300
v -24.984388 99.508636 375.075775
v 24.870241 99.994453 351.833008
v 47.083366 101.162209 340.649750
v 57.402733 99.321793 335.390869
v 114.815262 101.404068 324.756683
v 141.300064 98.143600 321.509796
v 222.989334 99.911308 298.282806
v -214.149536 99.901901 320.661621
v -203.164185 99.663620 324.365387
v -184.130798 99.777412 328.434723
v -167.883484 97.733459 334.410400
v -109.469467 100.061264 362.055420
v -71.690887 97.695793 364.865601
v -64.788002 101.651436 365.661804
v 72.613510 98.496338 328.634247
v 187.719147 98.838760 312.863861
v 232.251663 99.068794 294.239349
v -235.376083 97.245193 312.931183
v -137.925751 99.737137 350.265808
v -45.356323 100.182053 370.179901
v -17.153131 96.542084 372.548126
v 35.621895 101.387787 346.738129
v 58.455574 93.278618 334.787231
v 77.799919 95.095009 327.116760
v 126.885719 92.604736 324.539948
v 177.068832 94.251236 315.705383
v 192.400497 95.546486 311.547791
v 241.449966 100.672012 288.869385
v -246.015976 98.039116 311.414307
v -243.226959 97.053116 310.854492
v -115.724190 97.582787 358.899261
v -104.342400 94.675323 359.831207
v -67.357597 95.218857 362.200134
v -58.975090 96.516716 364.568542
v -30.590145 95.324661 373.703857
v -10.389631 93.657196 368.908234
v -5.796654 94.168701 365.826996
v 12.495509 95.333977 357.397278
v 50.806087 94.917068 338.286957
v 170.154053 92.792068 317.573944
v -195.259186 90.994568 326.209503
v -154.342834 95.324341 340.473602
v -141.289413 93.564110 347.733765
v -130.226730 92.656219 352.296387
v -113.346695 96.212051 359.512634
v -86.033012 95.664917 358.926483
v -73.244888 93.593842 361.278961
v -45.076256 95.248627 368.765686
v 21.712267 92.674057 351.969482
v 107.537827 94.071007 325.162872
v 204.347336 93.423615 305.956635
v 219.574799 91.800514 299.419800
v 238.627670 96.584320 290.404083
v -246.501266 94.209930 314.035980
v -240.814087 93.698837 309.830078
v -232.556152 92.495140 312.742950
v -181.211090 89.209763 329.157257
v -170.679901 91.260406 332.544861
v -137.257294 91.047882 348.413635
v -124.698021 90.034462 353.386749
v -98.933533 91.107056 357.146790
v 65.285805 91.840187 331.565491
v 72.540413 90.849342 329.100403
v 156.141144 87.805336 320.055786
v 185.544495 93.060425 312.274963
v 197.487869 89.017914 307.201752
v 214.650513 93.572289 300.674957
v -238.368179 91.445312 309.724884
v -216.463654 89.550255 318.722931
v -78.511696 88.985168 356.359833
v -38.710964 93.883598 371.032654
v 34.100452 94.239662 346.159576
v 84.972633 92.684525 325.888458
v 137.267914 90.683060 322.638672
v 145.876724 88.843063 321.603973
v 226.139786 91.384392 297.050446
v -206.428757 87.301231 322.971558
v -156.229050 89.658653 338.050354
v -150.696884 84.360100 339.674530
v -111.516876 86.340248 357.326782
v -90.834129 85.523445 353.808594
v -47.216328 86.339882 364.027100
v -35.664745 85.562393 370.926086
v -17.230892 88.031570 371.318390
v 0.664577 86.452682 361.041351
v 54.801231 79.158852 334.578552
v 78.005424 87.298424 327.728241
v 93.414719 88.080605 325.921021
v 105.259415 81.078934 325.684296
v 236.818130 91.551704 290.147949
v 239.377686 87.476913 286.532379
v -225.044586 82.344780 313.720795
v -119.048660 89.096786 355.963654
v -50.678078 79.014923 359.117432
v -8.624500 86.878586 365.951080
v 18.444708 86.325500 352.987885
v 24.508654 80.395645 348.608826
v 48.494808 87.517677 338.055847
v 118.887260 88.057022 324.653259
v 188.858459 81.250381 308.064850
v 200.347473 86.178482 305.769897
v -245.547211 81.200119 313.198761
v -238.226425 87.151955 309.575043
v -232.058807 84.926216 311.724457
v -187.636993 82.612549 327.126770
v -132.637024 86.871971 349.316254
v -82.624634 79.896019 351.297943
v -62.660969 88.956306 360.071930
v -62.012508 81.812355 356.558624
v -41.135357 82.990402 364.524872
v -35.967323 84.991798 371.153748
v -23.199259 82.512886 370.674164
v 40.260994 80.006882 340.788696
v 50.619183 84.072151 336.851837
v 131.307465 83.868042 323.368286
v 160.715988 83.496254 318.986664
v 181.181396 82.456741 311.516907
v 203.402008 81.541557 302.689850
v 218.641632 80.579224 300.015198
v -239.712326 84.097420 308.419586
v -173.526505 78.529877 329.545532
v -163.386230 81.123718 333.085236
v -145.292435 78.944473 341.696411
v -115.297813 82.979004 354.973816
v -101.096611 82.039879 353.592957
v -17.435043 84.976753 370.401978
v 9.433816 78.976967 355.617157
v 173.993378 83.816109 313.424438
v 211.471848 84.648384 300.689240
v 226.397888 84.909225 295.284119
v -207.259460 79.491844 320.831299
v -122.763039 83.865082 352.861694
v -108.512077 80.766808 354.853668
v -91.723915 77.541260 349.932892
v -14.301353 79.396545 367.915375
v -8.651966 80.182854 364.554016
v 2.474364 76.477592 357.991119
v 82.905380 80.186745 327.493103
v 140.756332 81.303940 322.295746
v 166.061584 80.270973 316.025330
v 234.115417 77.405067 286.714874
v 240.150040 77.504112 283.156982
v 245.561111 81.054474 280.903931
v -237.458603 73.497101 308.309540
v -195.761261 74.475212 323.565155
v -154.592545 73.997498 334.730194
v -135.257599 76.814072 345.735504
v -74.475410 78.262291 352.031982
v -39.423119 82.219383 366.991486
v -31.949839 81.016304 369.424744
v -3.483904 77.657448 361.130615
v 15.717367 76.487495 351.890411
v 27.664711 71.685173 345.316315
v 65.497032 79.198921 330.319794
v 91.891487 76.350128 327.619354
v 118.862457 77.905006 324.470215
v 194.712509 78.312881 304.999908
v -125.612961 76.836220 350.688324
v -118.769524 75.352623 352.851654
v -114.492928 73.053009 352.622650
v -103.445953 76.325623 351.539642
v -40.003311 78.188599 368.446838
v -37.841034 77.069862 367.747894
v 126.398186 67.249275 323.065918
v 210.305756 76.876152 301.424500
v 226.267654 80.310074 293.878296
v -211.406372 75.004921 317.627411
v -57.393211 74.434502 354.527771
v -42.304462 78.451942 361.090546
v 12.279494 67.228973 352.281708
v 44.825989 72.549721 337.208832
v 148.881927 75.862732 320.908997
v -240.119995 70.028114 308.174896
v -220.643753 67.156601 312.289886
v -181.461380 72.467033 327.050507
v -140.406052 69.009651 340.821106
v -101.091461 71.895393 348.409485
v -85.964760 71.998955 347.435852
v -66.913261 70.802032 350.613556
v -41.132225 75.587234 360.571869
v -31.335407 74.862038 365.925995
v -24.882565 69.703728 365.930023
v -18.764225 69.073837 365.301147
v -12.031054 73.294540 363.624268
v 35.341621 70.141762 341.356659
v 107.538368 69.220985 326.613190
v 117.597145 68.953964 324.955292
v 157.242599 72.454056 318.736542
v 165.476990 70.975113 314.886078
v 175.795212 70.308083 312.440613
v 188.990753 73.798515 306.862854
v 200.285812 73.688416 302.901367
v 216.687805 73.726425 298.040649
v 223.682968 73.200089 292.614349
v -244.535797 71.457359 311.386871
v -228.111404 65.414497 310.206238
v -191.319427 70.368172 323.649353
v -163.929916 65.334244 329.669922
v -135.247787 70.292625 343.594025
v -50.153938 68.795860 355.177521
v -39.361641 73.736115 360.598053
v 23.649094 70.882408 346.779449
v 65.886017 71.373909 329.881134
v 80.377182 70.027542 328.989197
v 181.924683 72.224365 309.529816
v 187.153091 68.079208 307.389984
v -149.137482 65.027573 334.697754
v -129.056229 64.840111 345.439453
v -118.491745 66.512894 349.246033
v -72.630402 65.209579 347.082733
v -42.910984 71.268120 357.803650
v -36.666897 70.472237 361.322784
v 4.843421 69.381126 355.619537
v 16.957458 66.599419 349.594086
v 72.120888 67.555481 329.264282
v 138.489563 68.312111 320.660431
v 205.673126 67.101036 301.964081
v 223.137604 68.176498 293.069305
v 234.572021 69.558670 285.410217
v 242.988586 67.557945 281.252747
v -246.726883 69.604774 311.118896
v -237.520462 67.177589 307.570251
v -110.274139 65.523361 349.171204
v 49.885742 68.018250 334.874207
v 91.169624 65.077629 329.155396
v 157.470016 66.070084 317.416382
v 183.222092 66.956635 308.398926
v -207.899399 65.035782 316.057922
v -94.870247 63.304298 344.004303
v -87.929710 62.712540 343.442322
v -79.412338 61.937412 344.854462
v -57.700226 64.015381 349.598480
v -6.819569 66.757568 360.371735
v 37.293983 60.882343 339.168518
v 53.561489 61.756100 332.532898
v 145.792343 61.361900 318.674347
v 163.516159 63.284687 315.172760
v 195.713867 66.431580 302.782379
v 206.445084 58.386036 301.056946
v 216.167236 66.903893 297.718292
v 230.310181 63.290184 288.191650
v -243.762512 63.730831 308.259949
v -200.791107 60.531433 317.248779
v -173.041992 57.482643 326.848145
v -122.073868 58.041615 345.908508
v -44.958374 65.598648 354.517914
v -41.599483 58.173336 352.539093
v -23.532770 64.202263 363.925415
v -21.102985 57.612026 361.995667
v 31.122959 61.110706 341.659576
v 40.248936 56.799274 336.652893
v 61.168686 56.578953 329.760620
v 95.886475 59.062233 329.114746
v 109.473625 61.178528 327.060913
v 178.121231 59.354500 310.471619
v -236.868164 62.095852 305.773773
v -231.223206 59.545139 307.513397
v -187.797318 60.452576 322.177643
v -138.470169 60.956173 338.836182
v -49.897404 58.744698 349.284576
v -7.832905 61.610783 359.547729
v -0.539972 58.388191 356.161255
v 82.680756 57.137676 330.058990
v 168.928482 58.083229 313.341797
v 192.394394 54.713734 302.548309
v 219.798309 60.152225 292.906433
v 249.985474 61.755955 278.032959
v -213.391525 55.926682 311.327118
v -155.572037 52.900028 329.804321
v -112.655128 52.118027 344.655060
v -36.003376 63.087860 357.856201
v -31.171818 60.696686 359.579529
v -16.874161 56.978703 362.155426
v 21.524483 56.964260 345.717804
v 66.683090 57.464890 329.327362
v 137.152740 60.320648 320.476929
v 232.011597 60.655029 287.414337
v -237.140472 57.903706 302.840546
v -162.592438 56.520073 328.767487
v -147.244858 58.588097 333.987213
v -56.913830 55.246162 345.741028
v 11.552213 55.797432 350.266815
v 42.753281 51.435963 334.824158
v 54.491329 52.622234 330.829895
v 150.999969 55.917068 316.969055
v 183.396317 50.854912 306.918030
v 198.910812 56.140717 301.085968
v 213.783264 57.261063 296.928986
v 224.044220 56.594379 289.917633
v 240.900452 56.738274 281.453308
v -243.388306 54.734207 303.096863
v -225.497192 52.642601 307.184143
v -196.383270 53.834648 317.270599
v -144.112839 51.864281 333.519379
v -117.299324 53.242882 345.209381
v -88.909569 54.248829 339.800110
v -67.859131 55.792526 344.087341
v -26.113197 54.291096 359.021667
v 113.768677 55.624966 326.342773
v 127.248772 57.570862 322.882690
v 234.595413 49.921879 284.370697
v -182.420990 51.340515 322.695679
v -133.389771 49.288635 337.717133
v -124.432449 49.362957 342.756409
v -104.936684 53.354031 342.763184
v -95.487724 54.883579 340.753967
v -50.399227 45.945770 344.246796
v -11.530413 52.368454 359.658905
v 0.391155 48.818100 354.451447
v 104.412117 52.391541 328.178528
v 134.502213 48.499905 321.194122
v 161.393631 53.325100 315.006866
v 202.597321 49.955902 300.750122
v 229.675613 50.967243 286.857178
v -241.111343 52.242012 302.489655
v -234.815872 49.570381 301.903381
v -190.155045 45.384506 317.339294
v -80.789803 46.021351 338.350433
v -65.756073 51.193153 342.466309
v -17.428532 50.011810 360.741364
v 66.126228 44.889812 328.975281
v 89.008110 47.515656 330.401733
v 94.030548 49.588451 329.341949
v 170.130890 47.405266 311.768158
v 214.924606 49.545570 294.438141
v -199.195358 49.083435 314.012665
v -141.299377 44.983871 333.155365
v -94.722221 43.566170 336.807526
v -41.078323 49.179905 349.409393
v 18.725178 49.056648 346.099243
v 45.191154 43.082119 332.996399
v 110.562164 44.044617 326.035614
v 210.549164 49.208389 297.232056
v 225.547562 48.014507 287.925842
v -219.902893 48.061241 307.406860
v -169.585358 48.684032 325.903381
v -100.049934 47.412235 339.327362
v -60.065609 49.359901 343.522980
v -32.253204 44.839699 352.356140
v -22.261866 48.029949 359.096863
v -10.981119 43.817959 359.256317
v -4.524345 45.707680 356.423859
v 10.261524 45.682652 348.953766
v 25.897091 45.749451 341.664276
v 30.475122 41.797340 338.781586
v 74.953049 40.457527 329.827026
v 97.354866 39.510120 327.996887
v 121.560402 45.507980 323.366730
v 147.650818 46.738907 317.550568
v 155.054047 44.575336 314.830078
v 182.296799 44.223850 306.760742
v 193.416992 43.747643 300.797333
v 230.084854 45.381084 286.081085
v -241.700623 45.501377 297.920776
v -227.623489 46.472126 302.938202
v -207.302444 43.147930 309.328125
v -184.446167 43.618732 319.733765
v -174.985336 42.605034 322.766815
v -131.277328 42.796616 337.077148
v -119.876915 40.940250 340.850342
v -66.659958 45.000301 339.444916
v 51.754169 44.340649 330.795288
v 127.177742 39.280128 321.542908
v 164.426025 42.617424 313.597717
v 217.250473 41.960541 294.219727
v -235.544846 45.426094 297.991852
v -197.922348 37.843895 311.182983
v -159.360245 42.636147 326.758545
v -143.340118 37.510704 330.640137
v -126.116875 43.253708 340.157745
v -87.968040 39.719070 334.630310
v -57.966637 44.038578 340.768402
v -39.040047 43.863274 349.129028
v -15.319432 39.988022 358.287109
v 0.996925 40.291229 352.706757
v 133.463272 38.228561 319.995483
v 211.328796 43.082325 298.299561
v -224.424271 41.385464 301.092957
v -215.766113 38.390144 305.322662
v 56.233166 37.699642 328.921143
v 87.209198 41.328995 329.449280
v -234.875229 39.751450 295.286896
v -105.687813 40.115379 338.135773
v -33.306145 39.369141 349.441132
v -25.898491 40.472050 354.822113
v -9.096517 37.382801 356.314056
v 16.971783 33.915989 343.675507
v 77.543091 33.352913 329.502960
v 117.932671 35.199448 323.266968
v 143.931808 36.045437 317.088440
v 205.056183 39.079491 300.366547
v 244.387314 35.981339 278.692291
v -223.233170 36.756073 298.406525
v -186.117401 35.818878 316.004578
v -153.382065 28.698503 325.551483
v -101.198906 35.288769 334.969360
v -75.210632 36.452801 334.876068
v -19.298336 35.142872 356.078613
v 179.860474 35.762424 307.074707
v 189.614594 38.242027 300.916168
v 232.476822 38.352798 284.171143
v -213.929474 31.242889 302.995148
v -203.604370 33.275509 307.312836
v -179.065094 34.087582 318.523621
v -163.030121 33.858299 323.724182
v -129.485565 34.827911 336.150085
v -117.264267 33.964771 336.869751
v -55.984413 32.900215 337.794922
v -44.470081 36.611115 343.486145
v -25.847219 37.447758 353.352661
v 27.177109 29.371603 338.327606
v 148.826080 34.602901 314.613892
v 157.160400 32.819885 312.738037
v 211.621674 36.421349 296.273590
v 222.199890 37.498718 289.372650
v 237.722107 32.467178 280.359528
v -245.001694 33.970943 288.416229
v -240.127274 30.423708 285.775116
v -228.274460 32.862408 294.579010
v -134.323166 31.835377 332.847290
v -123.457687 34.221714 338.005524
v -67.898079 31.037125 333.820496
v -15.080369 29.858410 355.664825
v 20.897547 28.886768 341.373779
v 39.435360 33.138874 333.853546
v 49.436817 29.398743 329.371307
v 56.568798 27.645653 328.238739
v 66.549095 30.383949 329.055145
v 105.619545 34.278759 325.499908
v 170.076126 37.978230 311.739288
v 192.772339 30.316008 299.783478
v 216.386551 33.731583 293.217010
v -108.880180 33.074444 336.035309
v -90.856300 27.563690 330.630066
v -6.668848 28.495832 354.508484
v 7.275902 30.841909 348.256073
v 93.723129 27.480024 327.244476
v 134.957016 28.530369 318.583588
v 169.203369 27.586039 308.687927
v 184.952469 30.031227 302.391541
v 207.658859 33.187771 297.912109
v 232.001404 27.865631 282.052948
v -219.973587 28.147099 299.190948
v -189.311737 22.160435 309.007721
v -173.253845 26.390182 318.023224
v -126.489456 29.042784 334.437622
v -94.879074 30.613440 332.179260
v -85.574371 25.106176 328.979858
v -46.527153 27.676434 339.908173
v -33.190639 27.729443 346.299927
v -22.100372 29.373394 352.867645
v 163.432373 27.394682 310.114136
v 177.500320 26.193151 304.645599
v 210.473770 29.364431 294.538330
v 223.965408 27.859344 286.645599
v -230.469009 28.295628 290.698944
v -194.377396 26.321817 308.160889
v -164.672440 18.707251 318.979889
v -143.392136 23.908504 327.596741
v -118.804665 26.829666 333.724121
v -11.404838 28.856920 355.520538
v 9.630667 23.076862 345.976776
v 43.440838 27.258368 331.131683
v 83.334602 27.976492 328.876678
v 102.490227 25.057100 324.878174
v 140.083801 21.812023 316.148193
v 149.064789 22.131321 313.632599
v -107.144615 26.860817 332.619019
v -100.263275 22.312126 329.967590
v -73.911446 24.612307 330.365082
v -56.750923 21.467791 333.871765
v -25.524792 21.694405 349.318146
v 0.639973 26.177752 350.976868
v 110.072395 18.414677 322.610413
v 123.897964 20.035477 320.483002
v 196.660782 25.677217 297.586761
v 218.329773 24.097111 288.207947
v 237.140594 24.264940 278.789246
v 243.464615 21.497622 275.936646
v -240.592850 25.192703 283.803284
v -231.816162 23.884630 289.892883
v -182.268967 19.724648 311.655762
v -65.608467 19.191132 330.367340
v -42.281776 19.882044 339.773468
v -8.748437 20.859142 354.118011
v 17.346302 18.672548 341.310028
v 30.600458 19.673130 335.431732
v 75.346649 15.450320 328.786774
v 85.717072 21.183270 328.135376
v 156.818115 20.225807 311.334229
v 180.527237 23.938126 303.566498
v 187.179565 18.374729 299.269104
v 202.135864 22.962107 292.598328
v -224.109863 21.107733 295.063354
v -204.899399 21.253704 301.050323
v -148.380539 18.134911 324.528107
v -124.482155 20.984907 331.498291
v -113.529533 18.254877 330.779022
v -86.137123 13.852337 324.738892
v -17.108421 17.453884 352.333954
v 47.659081 16.733343 328.135651
v 228.071823 21.039562 281.604126
v -246.030548 16.648853 277.505585
v -239.718399 22.489269 284.164856
v -222.735367 15.667233 294.514008
v -212.083481 21.862133 298.814240
v -195.777954 18.195063 303.653992
v -137.045303 19.718796 328.333710
v -33.022503 18.950504 344.372803
v -3.022617 18.887186 352.709961
v 54.141361 14.837714 327.366364
v 65.660400 20.576000 328.629425
v 128.968277 14.844558 319.177643
v 167.259567 17.271105 305.007172
v 203.298019 17.259621 288.343872
v 212.860504 21.138962 287.629028
v -234.840759 16.460646 287.495758
v -189.248993 13.801835 304.592743
v -172.662537 13.497462 313.946686
v -50.722824 15.728619 335.071350
v 6.574082 14.897638 345.000275
v 24.459702 14.335117 336.936340
v 92.893204 16.138168 326.032227
v 122.656502 7.020298 319.071594
v 174.193176 15.593202 300.981232
v -242.362396 14.495523 277.639130
v -231.698929 8.254138 289.506378
v -215.980255 14.352393 294.988586
v -206.467621 12.169250 296.746185
v -155.801300 10.326756 319.773987
v -126.068398 14.942384 329.618713
v 37.016823 16.139425 331.598633
v 145.288727 11.033490 315.141174
v 190.959427 11.155106 293.034821
v 217.609344 13.398867 282.995300
v -138.749542 11.691808 325.633850
v -94.124557 14.179860 325.717499
v -25.231176 13.514732 347.853088
v -10.198654 9.415864 351.634552
v -1.734738 13.004520 350.522766
v 10.791723 14.313694 343.363342
v 17.680445 8.369534 339.671692
v 133.600082 10.130093 317.587433
v 209.509399 7.294507 282.789337
v 234.506805 12.748010 276.514130
v 239.159012 8.011274 272.894531
v -179.254044 6.349351 308.026245
v -74.093346 9.158200 325.803680
v -60.931320 8.875594 329.329102
v -47.573166 8.677144 334.912598
v 86.438721 9.641090 327.321503
v 169.343613 6.273412 302.012482
v 177.782745 11.057828 298.324341
v -245.222717 9.269348 279.762543
v -237.804703 10.596625 284.904053
v -214.504684 4.493083 292.159760
v -200.803268 6.418241 296.820526
v -167.596069 5.156873 313.109619
v -127.708763 7.483980 327.252319
v -110.239563 9.282559 327.908630
v -41.098412 5.844077 337.980255
v -29.560287 8.602651 343.915802
v -17.378714 7.050849 350.001709
v 8.630085 7.781615 343.692200
v 29.074059 7.196452 334.225983
v 38.196468 5.837851 329.675323
v 50.490643 3.991221 326.735992
v 62.004730 -2.733287 327.015350
v 109.001541 7.277778 322.057526
v 153.564438 8.021292 311.188141
v 160.188782 5.570113 307.988434
v 200.660843 10.964753 286.998688
v 204.527985 5.952166 283.016083
v 219.608383 6.251611 279.310699
v -241.222519 6.457185 283.139069
v -144.376022 5.587757 322.628693
v -136.157364 4.286922 325.075714
v -119.616959 7.933034 328.244751
v -105.771347 1.054243 325.396851
v -3.522206 8.507980 350.174011
v 2.428617 6.466854 346.725403
v 74.595985 3.930191 327.949677
v 100.334785 10.843380 324.049194
v 184.215820 7.950556 293.118286
v 226.870895 3.462460 275.932892
v -228.569717 4.153138 291.803528
v -224.810196 4.267700 292.457642
v -187.393646 6.078008 302.904449
v -144.346863 -6.139527 320.030029
v -94.856659 4.613723 322.757050
v -83.974335 4.803584 323.072083
v -69.627029 1.567012 325.683655
v -25.074951 0.769942 344.995270
v 191.588730 3.591870 286.578644
v 250.030762 6.499248 269.747009
v -91.178940 -1.022384 320.781769
v -57.575134 -5.399370 329.047699
v -10.096037 3.187484 351.207611
v -5.565629 4.893528 351.352295
v 9.819186 2.161606 342.618195
v 33.122353 -0.732951 331.331116
v 88.936432 -2.902544 326.366028
v 98.982803 -0.881735 324.597321
v 150.511475 5.329991 312.562073
v 186.422989 5.823721 291.365234
v -220.061020 -0.203086 291.282166
v -176.590149 1.086616 306.824585
v -156.531494 2.324265 317.334900
v -115.595650 -1.488856 326.374115
v -43.696430 0.034095 335.333893
v -37.709923 -1.174477 337.840881
v -16.647110 0.365092 348.547119
v -3.121739 -0.867387 348.166931
v -1.653230 3.866096 347.696869
v 15.804765 -3.889403 339.738739
v 111.882355 -3.251653 320.765381
v 127.846077 -2.681490 316.435577
v 139.388824 3.079768 315.682892
v 176.805939 2.465309 298.236908
v 233.928268 0.050441 271.421844
v -238.473038 -0.275427 286.456573
v -207.309006 -5.792247 290.548340
v -192.919586 -0.802289 297.611450
v -136.226730 -3.661366 323.210510
v -125.772919 -3.005380 325.650208
v -30.377541 0.709238 342.817139
v -7.719586 -1.726427 349.326050
v 41.886299 0.594243 327.913788
v 77.335175 -3.773031 327.388672
v 152.183197 -0.688824 310.854797
v 159.556427 -0.195688 306.971680
v 188.279343 -4.227458 288.583008
v 194.848740 -0.550095 284.196625
v 208.894287 -3.945041 277.896362
v -199.401321 -4.340355 293.822601
v -182.109879 -6.511131 301.133698
v -164.835754 -2.210120 312.231750
v -97.187057 -7.157010 320.877350
v -54.407951 -12.052593 329.261658
v 103.639297 -3.845513 323.938080
v 136.424652 -6.869433 313.141052
v 173.103928 -3.663698 298.578888
v -238.663055 -4.241620 285.995178
v -235.592224 -5.318547 288.392731
v -227.231567 -6.653010 291.932831
v -215.036407 -7.036334 288.858734
v -177.425461 -3.388963 305.208130
v -103.784874 -10.222666 322.768494
v -76.854111 1.018105 323.236572
v 20.112528 -8.841512 336.495178
v 26.421938 -8.862428 333.994873
v 43.935898 -9.274372 326.646820
v 52.757240 -9.822457 325.622009
v 131.139328 -11.642756 314.640991
v 165.194534 -3.594604 303.256042
v 193.374741 -11.076044 281.620483
v 199.391571 -4.940684 280.387115
v 226.292374 -10.388755 271.428772
v -169.434280 -6.199575 307.985229
v -160.403549 -8.668525 313.482788
v -87.961922 -11.008829 318.394501
v -72.449005 -10.887239 323.497559
v -33.415440 -6.778429 338.995697
v -21.897207 -7.849089 344.636261
v -12.577850 -9.510348 347.714966
v 3.075421 -5.337473 344.709229
v 109.018311 -6.554589 322.001801
v 146.293427 -7.833322 310.512817
v 158.432205 -9.547185 304.677979
v 239.883987 -7.411042 267.537292
v -189.204941 -9.115257 296.584137
v -153.220428 -9.969884 316.119965
v -6.040565 -10.268911 347.989655
v 87.252174 -13.910260 325.502899
v 110.831985 -10.737480 320.729889
v 171.171021 -7.663367 299.204010
v 218.647842 -9.222147 273.727020
v -238.486633 -9.326388 286.288361
v -219.554459 -15.617051 287.709869
v -180.565338 -8.445725 301.089783
v -173.472092 -11.155078 305.248047
v -125.287704 -14.435574 323.778625
v -45.807018 -17.109455 331.856049
v -34.860107 -13.231664 337.057770
v 31.157200 -15.810615 331.165161
v 68.000420 -13.962700 326.334747
v 104.428192 -12.454681 322.578186
v 119.348129 -14.566080 317.920197
v 144.322067 -12.606690 309.227417
v 184.257416 -15.095021 287.425781
v 202.637497 -12.551870 275.968689
v -229.211670 -12.258234 290.424774
v -197.704819 -14.249350 291.810181
v -180.545837 -12.720078 299.383087
v -134.340088 -22.976662 319.794312
v -116.163185 -15.060513 324.206482
v -63.869873 -17.338724 325.495209
v 0.621821 -19.785826 343.819183
v 7.816693 -14.505365 341.124664
v 37.435551 -17.590366 329.012146
v 160.760361 -20.389446 299.496521
v 172.098083 -16.753700 294.510773
v 210.764313 -14.886925 272.889587
v 226.249695 -16.609636 268.784637
v -170.152451 -16.442829 306.604034
v -164.945572 -20.729202 308.837677
v -110.486267 -15.998196 323.145538
v -88.501274 -17.427858 317.038361
v -80.380890 -21.515917 319.112030
v -13.964809 -17.442934 346.212372
v 76.032173 -18.105091 325.786163
v 139.838226 -17.931664 309.899841
v 152.990677 -20.891317 302.466125
v 196.430939 -17.760344 278.280334
v -224.530365 -18.055082 289.157532
v -209.882309 -17.909155 287.169891
v -188.750687 -16.219976 294.052216
v -19.025276 -17.468039 343.926544
v 12.982142 -15.414623 339.263031
v 23.074953 -16.679468 334.794342
v 238.592728 -19.714235 264.396240
v -158.720871 -23.348473 311.300293
v -148.149658 -21.895853 315.830353
v -36.766834 -19.862591 335.392578
v -7.783812 -19.185125 346.496674
v 215.169022 -22.037119 270.070892
v -232.834473 -21.297337 287.347443
v -201.529831 -22.781088 289.331207
v -178.188507 -24.058981 299.993195
v -94.227112 -23.192938 317.267242
v -71.720963 -24.782770 321.969971
v -27.355810 -20.989353 339.342316
v 9.427625 -21.979362 339.827759
v 146.619644 -20.577953 306.008545
v 190.617523 -22.319996 279.956268
v -226.342209 -23.387856 288.388580
v -212.514984 -29.564655 284.893219
v -192.847610 -22.851002 291.244415
v -110.195900 -25.442541 321.058472
v 20.313137 -22.498560 334.936218
v 27.242846 -24.824266 332.193146
v 52.464790 -21.272509 325.007477
v 95.931755 -23.341724 322.692505
v 105.631546 -25.713820 319.718384
v 131.818832 -26.877918 312.054749
v 178.581650 -25.128813 285.532013
v 194.738708 -25.974001 277.025818
v 205.446808 -26.364695 272.147491
v 224.867508 -26.620224 266.763947
v -86.905701 -24.268490 316.503448
v -62.633888 -29.179382 324.389862
v -11.646858 -25.088871 345.527130
v 29.940701 -29.293703 330.569153
v 84.069725 -30.367102 323.478943
v 118.528725 -22.986464 316.641388
v -243.467377 -28.305126 281.010345
v -218.372238 -27.416702 285.558990
v -205.667694 -29.797199 286.309204
v -119.614845 -25.479706 321.738770
v -101.247017 -26.254295 318.349915
v -48.338657 -34.012939 328.485321
v -38.822052 -25.276808 333.180267
v -19.383259 -26.203735 342.420746
v -4.919950 -29.262629 344.144196
v 39.600021 -28.161694 327.276733
v 47.065781 -30.710087 325.316895
v 66.830132 -26.952259 324.316132
v 140.575531 -27.437584 308.081299
v 167.079971 -29.694096 290.088318
v 183.526382 -30.823841 282.065247
v 218.105011 -25.169413 268.057922
v 241.381241 -27.053274 262.726929
v -225.864258 -28.568583 287.865295
v -177.862274 -34.158157 296.938232
v -169.181976 -28.192503 304.634186
v -142.975739 -32.969215 315.657776
v -92.012451 -31.728687 314.967621
v -30.197033 -29.125477 336.522797
v 0.928531 -31.264166 341.558960
v 10.572341 -28.478714 338.491730
v 19.548218 -34.023582 333.911469
v 92.468666 -31.732225 321.775177
v 99.774361 -26.024609 321.823395
v 144.814224 -30.965239 304.341461
v 151.537338 -30.749699 300.926666
v 198.209213 -31.176180 275.462677
v 212.521301 -29.765882 269.446136
v -234.466400 -34.778221 284.381409
v -192.184555 -28.109158 290.853973
v -185.412704 -34.687603 292.779602
v -163.725433 -32.723152 307.098389
v -149.404770 -35.339733 312.911285
v -115.947479 -34.433006 319.679932
v -56.927200 -37.563343 324.855377
v -12.006988 -32.541691 344.333710
v 73.019142 -34.796307 323.351807
v 158.283035 -34.439125 295.550018
v 178.917435 -31.514696 283.089630
v 190.626389 -33.677029 278.544037
v -221.771698 -33.243721 285.793793
v -126.716415 -32.117733 319.617249
v -109.296509 -33.800426 319.192078
v -90.131332 -35.983753 313.966553
v -76.398041 -41.373856 317.320526
v 105.715302 -31.349012 318.019470
v 121.579498 -30.501602 313.936127
v 125.770767 -31.936663 312.493408
v 229.206726 -33.847012 264.020172
v -198.258667 -33.884518 286.907776
v -157.115952 -33.405746 310.553070
v -65.705505 -37.257526 321.941711
v -38.298168 -33.411877 332.314056
v -26.436895 -36.967873 337.387024
v 7.424037 -35.997787 338.406250
v 58.869522 -39.604156 325.127838
v 95.149605 -37.038719 319.589264
v 107.668175 -38.439964 316.266785
v 136.234756 -40.204468 306.096375
v 168.922424 -36.930355 285.916077
v 205.626068 -33.785362 271.154785
v 221.748459 -36.513920 265.784515
v -227.914963 -38.605736 285.155090
v -219.082657 -38.414169 283.965485
v -213.152679 -38.770695 283.840881
v -193.006393 -39.468887 287.929810
v -171.279251 -36.888832 299.709259
v -135.845474 -45.186935 316.332367
v -124.489746 -42.952938 318.202789
v -111.686058 -41.860615 318.179657
v -102.660141 -38.652725 316.934357
v -5.899398 -36.323746 342.843811
v 27.389278 -38.947437 330.418091
v 35.840553 -40.290386 327.319763
v 44.010513 -39.840870 325.859924
v 159.491974 -39.504200 292.921967
v 178.821625 -38.362949 282.198639
v 235.047607 -37.075825 261.905487
v -200.249435 -40.646221 285.176971
v -159.269531 -38.809093 308.082367
v -153.321808 -42.340157 310.891174
v -47.633537 -43.890686 327.804657
v -20.125238 -39.931953 340.392883
v 6.200479 -43.397224 337.998077
v 70.311005 -44.138893 324.053497
v 82.692482 -40.014984 321.482422
v 112.887321 -43.399250 313.278595
v 242.288040 -40.971806 259.365326
v -13.620818 -42.078751 342.316833
v 2.574398 -42.369049 339.247833
v 46.556232 -53.221115 325.388672
v 125.831474 -42.172630 309.898712
v 147.988327 -41.713570 299.948486
v 171.064133 -40.582176 284.118134
v 186.576660 -40.733841 277.648621
v -233.709457 -43.509205 282.446014
v -178.538528 -42.807575 294.868652
v -174.081055 -44.313812 296.568298
v -164.824722 -45.644432 302.868652
v -145.759033 -46.934452 313.405060
v -69.151344 -44.857994 319.597656
v -36.450321 -44.167351 332.317505
v 13.528128 -45.409058 334.813690
v 90.562035 -45.213650 318.328003
v 165.466690 -41.909409 287.896973
v 195.001617 -44.399109 272.806549
v 205.636673 -41.631084 269.338165
v -237.511856 -47.214649 280.628082
v -224.668457 -44.042370 284.048553
v -217.956360 -44.679432 281.434143
v -214.045792 -49.208435 281.174866
v -204.261337 -45.885529 283.300385
v -96.088631 -45.885868 314.195068
v 32.206390 -46.258484 328.061890
v 95.924950 -48.070057 316.427643
v 101.041885 -49.270725 314.140289
v 148.222260 -48.039017 297.715088
v 189.984482 -44.477844 274.538635
v 213.943039 -45.800648 264.860931
v 232.573807 -42.390072 261.872559
v -243.437485 -51.672962 278.087189
v -191.161621 -47.331570 288.018066
v -104.887794 -50.490471 315.928589
v -89.433632 -46.506401 312.152863
v -27.340673 -46.436970 336.384644
v -8.017703 -50.964931 341.515808
v 22.820002 -45.516224 331.162964
v 74.206940 -50.258137 323.276642
v 131.206039 -52.021046 303.857452
v 170.646713 -47.952396 282.681396
v 240.448349 -48.023056 258.272827
v 246.496719 -47.936737 256.639526
v -224.990707 -50.324554 279.977814
v -177.489441 -51.050892 293.796906
v -156.848419 -48.215965 308.384735
v -115.826843 -51.734951 317.456909
v 59.932835 -50.805511 325.221710
v 65.885963 -52.831619 324.340912
v 118.618904 -49.329983 310.371399
v 142.527023 -49.088795 300.451111
v 158.590424 -46.479012 290.538422
v 187.792343 -50.314404 274.812958
v 203.470566 -47.461792 268.591064
v 228.665359 -53.342129 260.023010
v -129.326996 -53.914253 317.193665
v -87.462006 -49.383942 312.499207
v -67.648514 -56.557140 318.978424
v -57.522114 -52.408909 323.548340
v -41.047894 -54.483212 329.753113
v -16.172052 -56.297253 341.287201
v 3.131613 -51.838829 337.973511
v 37.194843 -54.442482 326.090851
v 83.694771 -52.868366 320.572296
v 111.491898 -50.527191 311.384613
v 173.164413 -53.164288 279.996429
v 179.493607 -49.227325 279.106018
v 208.907440 -52.174175 265.643799
v 215.248520 -57.233093 262.438965
v -233.359024 -53.853256 278.705994
v -173.243530 -54.688332 296.989105
v -33.303516 -57.187740 332.976166
v 14.378928 -54.465572 333.598694
v 28.796066 -55.361744 327.953033
v 143.404282 -56.220024 297.341736
v 165.086258 -53.023350 284.881775
v 194.154831 -54.549633 271.165710
v 233.925156 -53.777786 259.098053
v -196.581833 -52.917526 285.595276
v -183.680237 -52.152878 290.283630
v -157.503784 -55.173279 308.653351
v -141.121048 -59.934662 315.579315
v -95.533516 -52.769634 313.055664
v -89.429260 -59.498051 310.366241
v -79.570709 -54.158707 314.861145
v 93.729050 -57.475292 316.968384
v 116.334137 -53.052181 309.222656
v 121.124092 -56.582108 305.892670
v 150.782089 -56.580704 293.661652
v 179.847885 -53.748768 276.864410
v 210.993057 -58.442471 263.769470
v 238.827347 -55.909760 256.981659
v -110.838310 -62.698753 315.943268
v -23.609459 -55.785198 338.781586
v 61.744598 -59.050098 324.887054
v 102.316360 -59.837032 313.596497
v 194.723999 -60.310787 268.725739
v -236.285538 -60.900806 277.669403
v -215.431839 -62.762459 279.921753
v -207.780396 -60.591389 281.616577
v -192.196350 -59.024086 288.113617
v -180.651840 -57.440964 292.172119
v -168.438461 -60.597164 302.088531
v -148.796768 -58.249420 312.539978
v -46.815788 -61.704998 326.615051
v -4.584435 -61.101498 339.318420
v 14.533375 -64.667145 331.789398
v 81.906639 -61.636749 320.452698
v 115.387283 -62.890179 308.795410
v 124.051155 -59.881321 303.168732
v 132.967712 -60.890194 299.930725
v 137.014008 -63.935730 297.758362
v 164.676331 -59.879932 282.986023
v 181.041367 -61.773144 273.674835
v 200.589813 -59.474430 267.169739
v 229.087906 -59.820713 259.125336
v -245.668747 -60.324272 276.906860
v -227.649719 -63.357059 278.001007
v -185.170731 -62.088326 292.470581
v -177.818771 -59.496380 295.876251
v -128.264877 -61.920769 317.879700
v -51.780087 -58.938198 324.881073
v -26.298916 -61.711437 336.988403
v 8.927747 -64.530945 334.560791
v 22.151751 -60.878712 329.692810
v 72.204483 -64.368874 322.482178
v 156.127441 -61.104248 287.150513
v 169.789124 -61.913971 280.238831
v 175.905945 -61.409870 276.545166
v 184.865067 -62.591820 271.274994
v 222.971909 -59.276150 260.457275
v 240.636658 -60.037350 256.545532
v -157.356277 -63.014351 308.814789
v -120.688423 -66.656601 317.583191
v -76.353905 -65.095039 314.740662
v -15.408984 -63.276928 340.705505
v -0.635831 -64.965767 337.181488
v 32.496635 -65.874451 326.283447
v 41.604160 -66.375954 325.080627
v 61.125191 -64.437691 324.268738
v 127.729362 -60.998238 302.466339
v 149.939972 -62.037426 291.620483
v -190.906830 -71.429787 291.290680
v -177.001785 -65.416748 297.758118
v -151.455261 -67.152199 312.018463
v -142.380585 -68.495712 315.948059
v -135.401001 -66.559608 317.858826
v -95.361832 -66.568138 311.418335
v -40.319469 -68.774101 328.444672
v -12.848163 -72.331932 338.847382
v 90.585007 -64.891136 317.605591
v 141.740051 -65.100166 295.391724
v 161.937088 -63.435001 285.132324
v 193.832916 -63.453423 268.477570
v 203.389008 -63.900738 264.543182
v 217.561005 -64.309410 261.148499
v -213.296890 -69.042374 280.869263
v -201.029495 -68.100433 285.471558
v -185.197968 -67.476883 293.775055
v -88.439507 -67.826500 309.280151
v -83.596764 -75.242485 309.612366
v -70.405228 -74.554955 315.598450
v -56.571697 -67.077126 321.554382
v -19.789984 -68.529221 338.510223
v 20.851961 -71.572533 329.326721
v 100.751213 -66.239929 314.579681
v 114.031517 -67.763321 310.331573
v 134.177567 -68.865211 301.696960
v 154.574982 -67.226562 291.705078
v 170.240112 -67.129341 281.124634
v 177.152954 -66.721436 278.541748
v 225.651016 -64.776550 258.313354
v 237.746170 -65.650726 255.699661
v -129.903152 -75.438675 320.345215
v 15.631984 -73.085793 330.950989
v 53.177013 -73.783508 323.539276
v 65.297684 -70.123024 323.385468
v 83.037796 -69.947441 317.970856
v 126.932632 -66.717056 304.888947
v 172.972137 -71.799667 282.459106
v 186.335266 -70.773369 275.047577
v 196.485947 -66.088737 267.604553
v 210.229843 -66.920258 263.383240
v 222.438507 -68.889778 260.541443
v 230.900589 -66.837090 256.249146
v 243.446182 -68.974831 253.674713
v -174.953613 -70.615402 299.768219
v -167.594894 -73.149933 304.451752
v -160.548447 -76.291710 308.460266
v -103.599190 -66.195801 313.846252
v -105.315613 -74.488083 313.786774
v -28.807491 -68.342300 334.547943
v 2.737432 -72.624847 335.250641
v 27.078270 -73.349586 327.162994
v 101.636559 -73.442787 314.673553
v 146.063721 -66.595261 294.986206
v 168.187576 -71.167923 284.418640
v 201.113281 -68.476921 267.112854
v 227.188858 -74.733292 260.102814
v 235.734207 -68.538269 254.773605
v -196.350021 -79.001205 289.791809
v -183.487167 -70.424271 294.008942
v -91.502655 -74.752724 307.939117
v -50.995705 -75.824989 322.387268
v 7.921080 -75.607697 333.022400
v 73.605751 -77.283035 318.045135
v 95.327225 -72.486397 315.509674
v 151.468719 -70.050232 294.252014
v 195.194733 -73.163124 271.948639
v 202.961792 -75.137756 268.817078
v 208.636917 -75.611671 266.141968
v 244.779877 -71.210289 252.471481
v -207.071945 -75.362175 284.080200
v -186.485168 -75.545937 293.949585
v -134.191422 -78.025993 319.584778
v -119.314812 -75.027367 318.102753
v -28.213633 -77.994896 333.110077
v -8.717443 -80.358673 336.964508
v 34.361790 -78.219620 325.413330
v 114.002373 -79.573257 310.777832
v 124.811905 -73.756187 307.477692
v 131.866089 -75.351814 304.392975
v 146.126587 -72.382202 296.989868
v 161.077591 -78.833443 291.068146
v 175.421738 -76.119499 282.613281
v 215.118057 -75.686775 263.314606
v 239.438965 -75.053902 255.430939
v -226.591461 -78.519508 277.282562
v -177.795746 -77.070808 298.863770
v -160.554016 -82.233101 308.307098
v -143.172424 -77.337570 316.324921
v -108.874237 -80.592857 314.662354
v -101.429642 -83.431808 311.319397
v 43.457554 -76.326347 324.002075
v 61.004604 -77.877213 321.367859
v 68.780251 -75.857819 320.388367
v 94.820946 -77.511780 315.298889
v -243.392517 -86.365250 274.694275
v -175.209518 -80.765709 300.103973
v -171.373718 -80.220428 303.143036
v -62.982952 -83.545357 316.879608
v -34.868641 -80.639214 329.281128
v -18.360046 -77.366608 337.890991
v 55.696400 -76.580681 323.474030
v 85.229553 -77.844696 316.537079
v 152.400131 -79.011589 295.428497
v 163.169250 -82.235100 290.407745
v 189.595230 -78.112480 275.621368
v -210.924622 -81.738007 282.111328
v -187.983719 -82.631271 294.167389
v -167.471710 -80.236473 304.880524
v -126.518692 -86.371574 320.795715
v -92.834976 -82.542450 307.743988
v -80.289032 -81.275215 309.199799
v -44.550709 -81.632187 324.843048
v 2.340312 -81.909737 333.979218
v 15.415548 -82.571037 329.922211
v 57.089523 -82.230652 322.095154
v 128.109146 -80.583435 306.138794
v 140.289474 -81.052773 301.012665
v -232.713776 -87.570343 276.109680
v -219.616653 -85.103722 279.219147
v -200.942520 -82.249153 287.108673
v -138.864868 -83.749649 317.438904
v -119.940170 -86.308372 319.056244
v -88.324036 -80.284523 305.955566
v -48.621151 -86.888855 321.343658
v -21.856098 -80.242065 334.969452
v 26.627483 -83.075111 327.293549
v 52.777237 -83.844719 322.417053
v 75.995956 -81.780022 317.356110
v 107.438660 -85.254387 311.281647
v 171.582397 -85.280487 285.590057
v 181.800598 -84.935989 280.513306
v 206.376205 -85.418381 269.629395
v 230.186646 -85.488823 260.423248
v -222.684616 -87.958908 278.494293
v -182.723816 -84.561729 296.920898
v -152.480957 -83.351158 311.524292
v -112.643669 -83.403275 316.042114
v -86.909286 -86.120888 305.692596
v -83.809677 -87.193588 305.134918
v -35.620327 -83.948982 327.880157
v -17.720558 -84.160576 336.286072
v -14.356101 -87.889023 336.606812
v -7.154095 -84.045952 336.952271
v 79.704315 -85.758537 315.397064
v 92.936172 -86.364677 312.726074
v 152.330627 -84.523506 295.533966
v 198.982773 -83.412384 272.346161
v 216.426346 -82.320168 264.439972
v 242.570587 -88.130539 257.117767
v -241.036316 -95.609917 273.817383
v -196.836212 -88.407158 289.254761
v -187.627777 -86.084396 293.711395
v -171.296295 -86.063400 302.895508
v -144.809036 -85.185287 315.184723
v -108.294106 -89.663055 314.798004
v -76.629585 -88.050293 309.507629
v -44.635754 -90.247231 322.883026
v 0.438685 -87.262466 334.719574
v 40.345505 -85.805756 324.705627
v -159.157501 -90.743103 309.067322
v -133.884628 -94.477608 319.047363
v -65.856049 -95.869812 313.405029
v -52.639400 -90.775932 319.453430
v -24.367992 -90.370178 332.203491
v 9.565822 -86.190613 331.970154
v 24.340872 -88.260391 327.943237
v 62.144516 -88.472343 319.838806
v 113.747421 -90.340675 308.645721
v 124.888458 -86.430794 306.470428
v 135.635849 -88.593849 301.512604
v 145.411575 -87.902260 297.744446
v 160.207962 -89.395805 290.994324
v 193.566101 -90.036522 275.006470
v 218.586441 -91.900833 264.814545
v -210.809189 -88.510963 282.404816
v -205.071671 -92.858871 285.617981
v -183.275620 -90.162697 296.352600
v -141.754944 -90.568001 316.359039
v -98.647583 -86.602432 310.584137
v -58.983593 -95.320976 316.513214
v -36.801964 -89.575203 326.383026
v -8.966177 -93.240776 335.604279
v 86.309319 -92.417366 312.331604
v 140.075043 -92.254875 298.081665
v 167.088287 -93.033119 286.268890
v 229.716415 -93.717873 261.035522
v -228.323120 -97.785713 276.174072
v -213.235306 -95.570404 282.354828
v -167.671371 -91.689018 305.196625
v -155.727127 -97.001167 310.478149
v -124.123627 -94.248817 319.462463
v -73.415962 -93.713135 309.454376
v 10.604874 -98.256905 330.311005
v -246.610977 -99.630913 274.899109
v -188.858414 -95.389809 293.962921
v -175.288300 -96.848221 301.332764
v -130.824448 -97.990845 318.985260
v -100.543953 -95.238815 310.231049
v -86.791054 -96.240128 303.580231
v -83.874367 -95.382233 303.797363
v 30.170929 -97.722565 326.408905
v 46.905220 -98.725952 323.474915
v 61.979294 -94.918472 319.754608
v 69.738274 -92.435555 317.475037
v 95.316460 -95.118111 309.496155
v 103.801338 -92.213509 309.820618
v 117.219551 -95.459854 305.795258
v 128.721527 -97.553200 300.751740
v 182.727737 -95.613495 278.550323
v 193.492859 -97.481201 274.009460
v -169.278656 -99.720917 304.645782
v -144.876831 -99.308182 314.746246
v -35.803661 -94.873734 325.698639
v -20.052778 -96.400345 333.593964
v -15.222100 -99.264168 334.426331
v -3.268736 -103.894310 333.117981
v 149.429855 -97.619629 290.666016
v 159.421402 -99.891052 286.098511
v 174.854187 -101.301903 280.108795
v 205.975876 -93.911057 269.955750
v -239.745193 -102.825516 272.701508
v -221.640732 -101.704758 278.743774
v -165.863129 -101.354515 306.590057
v -114.736221 -103.003616 314.488892
v -53.131001 -100.408707 317.505768
v -44.448494 -97.887001 321.187805
v -30.088026 -100.060402 327.052429
v 12.046557 -109.061325 329.216064
v 78.647636 -98.786339 315.449097
v 101.422180 -98.944778 306.440002
v 140.323120 -102.461594 291.086548
v 240.769821 -105.750221 257.308533
v -212.003983 -100.584503 284.390961
v -197.545975 -100.479568 290.856232
v -153.918625 -102.831833 310.982300
v -125.527710 -105.570557 316.489563
v -100.999573 -101.321602 308.932587
v -73.228645 -103.275429 307.300018
v -63.501991 -104.157799 312.091736
v 3.591532 -103.381790 331.898590
v 38.094635 -113.724663 324.405060
v 105.035057 -101.013878 305.053680
v 122.034958 -102.010468 301.154449
v 135.343414 -102.504692 294.491180
v 199.639496 -102.337341 270.653839
v -172.837997 -104.908844 303.498199
v -140.043381 -105.218895 315.525024
v -85.674026 -101.918037 301.881073
v -79.153008 -103.623260 304.576538
v -42.218536 -102.012184 321.713226
v -26.698530 -102.442596 328.759552
v -19.630091 -106.599556 330.794586
v -10.066183 -104.866669 333.104248
v 53.375935 -107.666885 321.544342
v 71.818588 -104.791824 317.477966
v 87.157043 -104.367821 312.688324
v 97.116089 -105.824944 309.219788
v 167.576691 -103.239769 281.755493
v 185.032303 -104.207985 275.050140
v 210.069687 -103.399872 266.990387
v 220.998505 -106.459183 262.990662
v -198.032471 -105.060127 292.017242
v -180.662308 -106.178596 299.624054
v -163.613586 -109.724869 307.257477
v -119.942863 -109.114952 313.945557
v 108.708481 -103.429855 303.073151
v 149.471558 -102.053528 286.804718
v 155.137344 -106.868401 282.592377
v -243.678177 -110.659416 273.329346
v -238.736771 -110.573235 271.919220
v -224.140488 -106.273720 277.422089
v -216.798065 -107.339043 281.936005
v -209.198502 -105.266197 286.009033
v -85.331566 -106.652954 300.406647
v -55.017815 -108.463081 314.743958
v -49.854980 -106.278328 317.494720
v -37.622021 -111.241371 321.363129
v 25.839901 -113.948311 326.585754
v 124.462700 -106.338211 298.180176
v 134.111725 -108.757729 291.056030
v 144.431976 -110.464066 283.544067
v -150.669525 -108.069214 311.552979
v -106.078102 -109.123299 307.708954
v -92.524414 -106.179550 302.898193
v -46.798141 -111.364433 317.377838
v -30.871248 -106.753548 324.743103
v 1.162896 -117.262909 331.354401
v 112.125854 -106.652763 301.088165
v 139.550659 -110.882095 286.735199
v 164.011536 -106.927048 280.278717
v 177.487793 -113.413666 273.861786
v 187.885452 -114.470734 270.596069
v -237.124435 -115.223717 272.205322
v -223.829391 -115.945801 278.394745
v -202.709930 -112.249733 290.620392
v -193.533035 -112.559982 295.649780
v -184.867355 -113.447380 298.855835
v -174.653946 -113.185631 302.831604
v -135.136063 -111.720360 314.420197
v -91.850395 -111.679924 297.345520
v -80.190125 -109.175980 301.836029
v -75.048981 -110.213394 303.530640
v -56.086033 -114.558983 311.543915
v -27.372240 -109.531219 326.082062
v -15.648832 -112.065239 331.326477
v 115.919296 -109.438683 298.762054
v 127.273743 -114.966515 292.377014
v 200.664627 -110.739700 267.851929
v 237.059921 -118.862679 257.319366
v -147.784592 -116.278152 310.547913
v -142.718979 -116.938667 311.080933
v -98.032539 -112.487457 300.730438
v -87.351044 -113.648666 293.300873
v -63.680828 -115.442253 306.316406
v -19.597399 -115.459297 328.469421
v -10.455057 -115.295204 331.950592
v 62.611664 -113.197159 318.845917
v 91.646187 -116.684341 310.075684
v 101.476311 -115.449898 305.396881
v 120.279816 -112.704865 296.349365
v 152.952560 -113.337509 280.346039
v 162.229538 -111.469589 278.462402
v 214.687469 -113.308334 263.747284
v 250.040909 -111.363380 253.053986
v -210.556137 -116.498405 285.618774
v -124.995140 -113.275291 312.948578
v -75.834435 -114.405678 299.621521
v -67.735092 -115.950745 304.675140
v -31.664673 -118.491493 321.175201
v -8.852466 -121.099236 332.036285
v 13.983130 -120.105576 328.289368
v 74.800728 -119.148499 315.151947
v 78.844849 -113.395660 314.247955
v 111.158882 -115.015381 301.319336
v 167.905853 -115.793648 274.332458
v -203.385635 -118.830086 290.237793
v -194.223236 -117.275986 295.008484
v -173.606003 -120.316566 303.041840
v -88.933006 -116.273865 293.649078
v -81.320595 -114.406540 297.085266
v -27.976952 -115.099182 324.687531
v 54.343750 -125.477272 320.532471
v 130.844421 -117.636246 289.180145
v 202.148346 -120.100845 264.259491
v 227.987442 -123.272728 259.245087
v -216.333008 -123.980988 281.961334
v -184.727341 -122.397820 299.106384
v -158.130020 -123.835716 306.918823
v -137.473145 -121.939293 307.841858
v -101.570671 -122.766556 296.253601
v -86.367432 -117.598000 292.390747
v -85.041847 -121.252464 292.110657
v -45.257080 -117.535385 316.468018
v -34.214523 -120.595909 319.699310
v 45.872227 -121.752647 322.595398
v 115.622459 -121.676361 300.458374
v 146.141006 -117.545204 280.509460
v 156.230194 -121.040268 276.580017
v -233.791809 -119.021057 273.287384
v -197.304703 -124.685036 292.148468
v -191.487473 -121.173920 295.996277
v -164.045593 -121.666878 306.294403
v -116.161201 -119.549850 306.255310
v -107.617966 -118.453987 302.515900
v -91.768066 -120.639641 292.676697
v -62.607666 -120.841805 303.944489
v -50.005119 -124.719498 309.510651
v -41.615139 -121.103752 316.610016
v 99.031120 -122.884491 308.791168
v 123.684669 -121.389229 294.505829
v 135.994629 -121.917603 284.573822
v 179.176132 -121.702789 269.691254
v 212.270401 -125.332581 261.144867
v 219.136002 -121.471916 261.232361
v -212.384628 -121.049004 284.589081
v -149.195114 -121.310448 308.342621
v -125.206757 -125.183640 304.359009
v -70.484795 -124.314301 296.637970
v -11.822406 -121.628220 331.330200
v 24.944551 -133.432327 325.917542
v 166.015930 -122.371819 272.652557
v 187.830048 -123.316986 267.021362
v -242.371979 -124.246689 270.113251
v -236.180206 -127.724617 272.061340
v -225.251389 -126.731796 277.085144
v -209.522598 -124.296593 287.442261
v -206.055054 -126.445923 288.596985
v -116.365891 -124.566597 302.634430
v -87.421677 -127.938263 288.443634
v -80.948776 -124.945564 291.395477
v -53.792347 -124.663216 307.772095
v -47.396965 -128.536087 310.261383
v -21.686041 -123.504211 325.075806
v 2.617915 -126.828430 329.813202
v 86.436768 -124.732620 312.832214
v 106.682144 -128.537613 306.118866
v 148.016174 -123.746071 277.509491
v 168.885437 -126.727661 270.292847
v 239.790558 -133.086807 253.774124
v -214.018478 -125.290810 282.526917
v -177.106613 -130.944733 300.705414
v -129.816223 -121.205811 307.968170
v -91.671371 -126.551224 290.711609
v -62.446766 -129.785507 299.441376
v -36.589165 -126.639008 317.467194
v 69.554077 -129.832581 317.093536
v 125.063354 -126.724594 293.622314
v 193.410934 -129.303955 263.720551
v -167.731705 -129.200378 303.486694
v -144.099274 -127.453598 302.930359
v -110.221352 -130.416306 296.745544
v -15.922998 -127.654312 328.131012
v -10.520221 -129.463989 329.956696
v 37.653561 -138.698257 323.186005
v 141.801743 -130.699753 281.831787
v 153.540955 -127.014030 274.086212
v 158.708160 -127.985931 272.147736
v 174.452286 -130.263535 266.911621
v 206.670837 -130.650681 260.224213
v -214.218979 -130.771973 283.673218
v -189.927460 -130.436752 294.935272
v -174.044373 -137.416809 300.167542
v -160.625137 -128.200317 305.208466
v -125.095734 -133.302338 297.583160
v -116.344566 -131.089478 297.944611
v -103.277290 -132.067154 292.880981
v -75.996834 -131.432816 291.534973
v -70.051506 -134.142487 293.927094
v -42.182533 -136.238113 312.157013
v -27.573048 -133.026871 319.113739
v 86.884369 -132.917831 313.554047
v 99.047394 -131.100479 309.403625
v 114.152214 -133.682083 301.447662
v 133.241150 -127.955994 285.943329
v 162.719208 -130.478333 269.596252
v 180.098236 -132.722977 264.787811
v 196.544342 -133.332382 261.568085
v 227.645935 -132.812454 257.860535
v -204.228287 -136.106384 288.264526
v -195.380814 -134.488235 292.533325
v -184.523529 -135.217422 297.427002
v -159.618591 -136.330917 298.848663
v -135.483826 -133.521973 296.573303
v -95.781921 -133.720520 287.595734
v -85.368454 -133.319534 286.014801
v -57.992676 -133.160660 300.540192
v -53.091190 -135.151001 304.016571
v -35.051914 -135.191177 316.510498
v -4.669221 -136.876282 328.837830
v 19.590223 -142.795700 325.875580
v 152.181229 -134.768021 276.565521
v -244.435471 -139.977859 268.366425
v -234.462677 -134.935669 272.379639
v -222.167633 -135.046570 278.894257
v -166.584869 -135.600128 300.596222
v -152.004837 -135.218582 298.146545
v -141.922836 -138.471848 294.698395
v -91.647484 -135.272766 285.244720
v 133.657120 -135.014481 286.913696
v 168.819458 -133.496323 266.440765
v 222.803162 -141.035065 256.586121
v -213.189224 -138.959366 283.648682
v -190.956589 -139.216492 294.317230
v -130.630356 -138.011673 293.962463
v -83.647850 -135.560318 286.296021
v -66.199844 -138.214935 294.000183
v -24.663111 -138.382950 319.641235
v 126.259514 -135.361542 292.599823
v 140.769669 -138.282791 283.163788
v 176.963684 -136.208069 263.278961
v 245.881973 -138.341431 248.861237
v -242.725586 -143.932678 268.080597
v -236.447662 -141.876144 270.990051
v -195.540421 -143.272308 292.116699
v -119.311760 -141.863342 291.441040
v -113.640923 -140.257690 291.087280
v -108.204918 -143.979584 287.626709
v -100.702545 -139.063843 288.122101
v -15.227666 -140.660416 323.985626
v -10.351175 -140.284561 326.844147
v -0.482236 -140.074371 328.257568
v 55.227589 -140.406631 319.998260
v 73.189415 -137.820145 316.523956
v 96.104637 -139.074036 310.132019
v 116.568672 -142.955185 298.706421
v 169.597504 -137.021774 266.897491
v -220.168594 -141.084015 279.874237
v -154.819290 -142.111816 294.225616
v -74.295143 -141.501892 290.036591
v -49.892109 -145.684860 304.650940
v -32.195705 -141.320679 316.325409
v 105.820229 -142.477402 304.784668
v 126.395264 -143.443604 291.317566
v 132.193924 -141.551666 287.464264
v 181.540802 -141.380676 261.396881
v 196.149002 -143.063309 258.717896
v -232.487167 -148.862930 272.740936
v -180.175262 -147.812561 298.190430
v -134.369736 -142.680145 291.128143
v -91.524017 -142.396164 281.766052
v -82.274490 -147.085220 285.357452
v -60.752388 -142.808472 295.645599
v 62.877632 -150.029205 317.844971
v 91.267944 -152.593460 310.205872
v 140.544800 -143.469009 282.356689
v 159.352905 -144.346237 272.492432
v 167.175018 -143.007568 268.199097
v 176.809692 -142.230057 263.904938
v 208.689728 -143.081482 256.359955
v 234.321060 -143.754166 253.433578
v -184.878052 -143.218002 297.158417
v -172.620697 -143.080200 298.311371
v -159.098694 -145.352280 293.530396
v -148.923904 -145.287399 291.353363
v -71.660568 -146.684341 289.195251
v 150.257492 -149.377808 276.140442
v 189.609375 -144.146317 258.755493
v -207.555008 -150.586014 285.591156
v -142.352402 -148.942963 288.130981
v -130.796631 -151.727097 285.525543
v -118.609810 -153.552017 283.290710
v -93.105728 -147.527405 279.689392
v -62.807316 -149.012802 292.869385
v -39.708477 -146.838028 311.258911
v -27.562525 -152.563019 316.175293
v -20.965977 -146.692764 320.133789
v 34.011612 -150.121414 322.665222
v 219.054138 -148.407196 254.070312
v 243.453430 -148.855789 247.475922
v -222.228745 -154.540573 278.325287
v -216.659500 -150.485062 281.162170
v -194.873016 -152.917038 291.841003
v -167.447250 -147.675858 295.540375
v -105.356270 -147.945618 284.252960
v -57.576595 -146.448883 298.400696
v -10.677592 -150.131729 323.705658
v 1.107212 -151.288589 326.709320
v 51.985821 -152.380249 319.549896
v 124.347778 -150.414337 290.392853
v 182.695023 -146.263260 261.766846
v 194.443726 -146.674118 257.472565
v 226.428253 -154.399033 251.325714
v -236.953323 -148.236176 270.955170
v -178.877625 -159.675720 296.192566
v -156.814789 -151.692642 290.178833
v -87.378105 -151.446808 282.263824
v -58.874126 -151.845200 296.370636
v -44.795258 -152.200119 306.682220
v -34.857544 -153.180206 312.230133
v 80.649513 -147.857117 314.208069
v 98.685974 -152.991760 306.852936
v 108.647507 -152.322586 301.627930
v 137.833450 -150.800613 281.198395
v 154.766617 -153.762360 273.593933
v 197.577118 -151.450165 255.814789
v 236.293869 -152.853012 248.955811
v -245.600845 -151.632523 264.543457
v -190.180344 -154.311630 293.995148
v -151.204910 -155.858231 286.908264
v -93.790268 -151.456146 277.160126
v -70.289871 -153.432571 289.040039
v -15.847198 -158.000580 319.867493
v -5.129438 -156.196793 324.373016
v 129.748474 -153.203644 286.123291
v 182.516922 -155.417999 262.043579
v 211.967346 -154.117935 252.939606
v -236.594223 -160.710129 267.540222
v -230.994797 -157.985550 272.598572
v -185.056992 -159.328278 295.295959
v -171.334137 -156.722870 295.231323
v -98.944077 -154.098068 277.774536
v -39.598270 -153.185486 309.222412
v 39.370316 -160.043640 320.148987
v 115.224052 -154.380295 297.092316
v 171.243439 -153.664520 265.705627
v 205.766830 -154.274887 253.533279
v -248.266098 -158.382416 261.030426
v -201.735977 -160.629913 287.922241
v -163.093307 -157.169525 291.578857
v -110.133011 -157.500214 279.543213
v -91.296555 -154.633774 279.438873
v -56.427807 -158.018066 298.156677
v 11.729908 -158.567047 324.727539
v 23.838263 -162.014404 322.067566
v 120.298042 -160.051102 291.493103
v 139.888962 -157.436890 280.528412
v 196.434097 -155.041397 257.082336
v 217.742142 -156.447144 250.499374
v 221.556335 -160.569168 247.098877
v 243.851990 -157.536316 242.834045
v -212.800125 -159.395920 282.114716
v -154.153305 -162.242569 286.356750
v -140.259872 -160.167786 282.557678
v -127.777138 -157.259521 282.289185
v -79.506775 -165.154602 282.682404
v -67.442039 -161.046097 290.331604
v -27.074875 -161.867889 314.559540
v 1.064280 -164.370743 324.023254
v 131.677383 -164.007233 284.131104
v 163.854538 -159.720596 268.650635
v 174.020218 -159.720169 264.623169
v -240.627640 -163.874115 263.881470
v -96.405121 -159.933960 275.699829
v -92.503723 -163.511383 277.442108
v -85.681145 -165.378296 279.230408
v -47.135868 -162.529312 303.493317
v -38.804565 -164.540619 308.209930
v 77.285759 -160.237564 313.496307
v 112.320969 -163.725891 298.074341
v 125.913628 -163.645020 287.010864
v 158.553268 -159.283371 271.511292
v 204.498108 -162.534225 255.021515
v 229.224121 -162.231903 245.521683
v -221.736481 -166.037781 277.220520
v -147.181198 -165.490402 282.816010
v -131.523102 -164.231171 279.427338
v -108.084015 -164.767807 275.363831
v -100.980141 -163.338058 272.654724
v -21.690321 -163.216675 317.051270
v 10.515656 -169.132172 323.036987
v 187.531250 -165.708908 260.522980
v 211.725647 -162.987183 252.235046
v -247.869156 -162.093735 258.574097
v -232.514450 -166.501617 268.819183
v -227.944336 -162.617798 272.859680
v -193.097824 -164.785751 291.533722
v -178.439178 -168.201508 293.259399
v -120.682678 -164.895432 277.359985
v -57.651466 -167.433105 295.739075
v -11.583328 -166.757553 320.615784
v 62.414089 -165.303238 315.202484
v 88.873077 -167.228775 309.055756
v 98.299782 -162.911774 305.191772
v 141.335800 -163.145905 278.982758
v 149.676132 -166.326141 275.636108
v 175.360031 -170.836777 265.036499
v 225.341400 -166.163940 242.452408
v 235.409058 -166.401703 241.426102
v -247.719086 -170.299164 255.528580
v -213.691650 -171.028931 280.277924
v -171.016449 -166.099060 292.510040
v -164.746307 -173.088699 288.738251
v -159.144119 -174.704361 286.477661
v -135.237442 -170.813644 277.606689
v -108.589478 -174.467514 270.262787
v -104.556435 -167.038101 273.275024
v -97.980515 -167.950806 273.944000
v -44.849243 -165.313232 304.036316
v 51.086418 -167.499283 316.251617
v 74.939194 -171.045364 311.570160
v 101.264458 -167.752258 303.546875
v 122.608856 -169.731277 290.862854
v 165.609253 -165.584747 268.645844
v 215.338882 -168.679092 249.874268
v 241.276703 -169.425201 237.686844
v -238.950363 -169.256027 261.210541
v -207.867584 -171.212692 283.499756
v -198.885620 -167.976974 288.365112
v -188.596512 -169.895630 291.957184
v -66.128021 -169.405609 290.469635
v -32.412895 -170.560776 310.727417
v -8.348924 -170.822296 320.557892
v 30.576023 -168.130295 319.379456
v 160.104691 -170.733978 272.001831
v 167.796585 -172.791519 268.357025
v -226.422073 -169.811417 272.758881
v -152.560333 -174.911148 284.004944
v -100.643303 -169.069199 273.458801
v -17.873812 -170.431595 317.519653
v 3.310479 -176.076599 321.392395
v 118.255310 -177.217392 293.079834
v 221.583252 -170.210052 244.980682
v 230.008453 -169.456360 240.009018
v -241.426758 -173.176590 258.743164
v -232.893677 -173.134338 264.202057
v -198.247360 -173.760727 287.397247
v -175.190018 -172.449905 291.152679
v -143.056534 -174.059753 279.742126
v -105.779388 -172.487488 270.155334
v -26.468201 -172.418930 313.623413
v 38.600384 -175.070084 315.940704
v 57.866825 -174.460938 313.463409
v 94.381317 -175.377243 304.856384
v 131.075348 -172.968552 286.031616
v 208.078354 -174.845337 254.349762
v -224.606186 -172.432434 273.085114
v -221.503479 -175.635071 274.093048
v -124.214462 -174.844955 273.595764
v -102.967567 -173.816254 271.483887
v -93.688309 -172.775299 274.949890
v -87.399887 -177.548538 277.162994
v -80.127930 -180.106796 281.399567
v -70.419792 -176.900421 287.090118
v -59.545479 -175.219238 293.297119
v -46.128033 -173.125336 302.460388
v -39.411076 -173.851959 305.831451
v 66.369644 -176.642426 311.394165
v 84.850105 -175.110855 307.998657
v 109.241913 -175.243912 298.308716
v 151.843048 -178.900452 275.714417
v 195.490494 -174.733475 258.800079
v 234.224060 -173.832092 236.637756
v 245.623703 -175.759552 232.167480
v -228.669403 -176.676758 265.441986
v -214.532639 -177.103378 277.833649
v -205.531158 -179.050064 282.566071
v -34.448151 -178.642639 307.913452
v -25.834578 -177.538818 312.760254
v -12.271375 -178.654892 317.592834
v -5.882901 -181.565018 318.375702
v 12.973752 -176.292206 320.729065
v 43.147488 -184.716843 312.317810
v 74.432365 -178.086044 309.190216
v 228.744812 -178.052628 240.070786
v 238.416565 -176.552612 233.453506
v -244.968628 -179.581146 253.909882
v -196.673355 -183.445160 282.890472
v -185.189392 -179.342880 288.310974
v -161.258286 -182.491180 285.133911
v -146.703644 -179.949615 280.523560
v -132.604446 -179.928955 274.459320
v -103.455940 -183.471207 270.623199
v -19.209587 -182.093567 314.346924
v 22.816027 -178.124878 318.441315
v 127.288086 -184.377899 286.243988
v 139.464310 -178.304153 281.406586
v 180.544342 -182.331589 263.471924
v 218.628632 -176.858475 247.069336
v 225.186935 -178.251694 241.627441
v -238.969055 -180.367508 258.088318
v -231.488724 -180.566132 262.928436
v -180.705109 -184.904526 286.405334
v -166.286133 -185.433136 285.028809
v -126.022469 -180.253448 272.104004
v -108.914055 -179.018127 268.581207
v -47.654518 -182.655441 300.089783
v 96.408295 -181.283401 301.747284
v 105.065338 -183.397537 297.284241
v 112.882416 -183.744598 294.092834
v 168.652649 -181.426483 267.810486
v 235.971939 -180.059631 234.295639
v 241.511337 -180.647034 229.937439
v -219.422272 -181.189850 271.991211
v -139.753036 -188.098343 276.327179
v -87.433578 -182.611038 277.614624
v -61.744049 -182.803223 291.254272
v 25.698051 -188.468613 315.420563
v 64.246895 -182.414261 308.090942
v 84.185455 -182.607071 304.040466
v 143.749176 -182.074326 278.847321
v 154.684082 -185.064545 273.515839
v 204.662857 -190.809631 255.392502
v 211.771378 -187.505203 252.325729
v -229.239471 -184.324844 262.969055
v -214.860809 -185.261826 274.338715
v -209.820724 -184.989777 277.759094
v -155.232925 -191.525436 281.285004
v -95.078247 -185.844223 274.149536
v -58.646690 -191.809814 291.669159
v 14.252861 -187.290207 317.663727
v 50.348152 -185.606430 309.951141
v 195.954498 -184.468277 258.429596
v 226.783447 -186.912476 241.911636
v 235.285721 -185.199951 234.742172
v -236.987503 -186.955627 257.665375
v -205.941910 -186.369171 278.749146
v -114.246765 -184.839859 267.830658
v -101.914581 -189.962250 271.045502
v -80.252968 -189.981094 279.681244
v -73.534019 -189.012192 283.837921
v -68.696014 -188.399139 285.898926
v -42.920300 -187.891968 302.009796
v -39.557777 -194.364624 302.643707
v -25.574112 -189.241318 309.859253
v -11.751930 -188.165695 314.665985
v 2.965846 -186.494446 317.958679
v 45.341854 -190.327637 309.429504
v 87.613808 -186.457657 300.469666
v 129.161453 -191.368347 283.331116
v 246.761475 -184.891968 226.509277
v -224.637115 -187.328384 265.266510
v -220.363373 -186.970154 270.408844
v -176.212128 -188.607620 284.077667
v 29.769255 -197.131699 312.669128
v 67.147713 -189.497818 301.385223
v 75.006935 -190.450974 299.779480
v 144.426453 -187.860138 276.661621
v 159.448990 -190.149155 269.991272
v 237.282211 -189.563507 234.256104
v -237.456985 -190.763992 255.723145
v -215.663940 -191.284286 272.913513
v -196.757950 -189.483231 280.433380
v -132.611053 -193.466293 272.429565
v -120.676468 -191.304901 267.805145
v -113.186897 -189.966064 267.080780
v -50.038845 -196.111115 296.286499
v -19.544447 -196.917740 310.047333
v -3.224038 -190.025253 316.187347
v 58.350166 -189.641342 305.015808
v 78.475235 -195.896957 293.895081
v 95.466316 -190.434158 296.155762
v 168.040405 -189.964584 266.777405
v 178.659088 -192.177872 262.902222
v -231.618561 -191.889984 259.381348
v -184.915115 -191.932541 282.887573
v -170.229019 -198.205688 279.702179
v -93.786140 -194.393707 273.488892
v -34.002361 -193.886627 305.335724
v 4.782813 -195.807724 315.553711
v 90.354240 -193.858109 294.762695
v 107.244713 -189.498032 293.377869
v 119.138161 -192.587311 287.138611
v 130.404175 -198.113541 280.416656
v 216.144562 -196.932800 248.590790
v -222.396164 -196.112274 263.875336
v -212.042450 -195.097565 272.381256
v -202.394394 -197.362000 276.170929
v -147.993286 -196.587219 277.511658
v -12.290316 -197.865738 311.936188
v 15.881806 -197.138763 315.102539
v 51.956707 -196.575851 302.350525
v 105.493477 -194.568039 290.240234
v 142.624512 -199.068008 274.438202
v 180.187286 -196.701828 261.713196
v 189.675293 -197.361588 258.373840
v 240.217209 -199.219772 232.663437
v 249.930710 -191.842636 224.545349
v -240.817795 -196.423584 251.643326
v -178.831894 -200.525558 278.285767
v -159.745850 -198.558990 279.629242
v -140.259018 -202.354584 273.868652
v -124.391212 -197.734451 268.112915
v -116.926414 -195.600906 264.568085
v -102.928642 -195.662277 269.711975
v -82.614403 -197.712006 277.661194
v -74.968552 -197.089844 281.599731
v -65.445091 -198.403595 287.009796
v -44.871181 -200.292480 297.996246
v -5.774786 -200.220490 312.824493
v 58.937996 -202.610886 295.189911
v 65.247604 -196.949249 297.248077
v 112.393425 -198.440979 286.669891
v 122.693993 -204.175079 280.828827
v 207.090759 -197.254425 253.259979
v 231.023682 -198.023026 239.088379
v 236.172699 -203.193909 234.929810
v -233.709229 -201.427689 253.856903
v -203.745651 -201.471039 274.462860
v -55.850246 -198.806503 292.461029
v -28.494999 -199.494125 305.685486
v 66.135040 -202.839020 291.874481
v 81.941574 -198.605469 290.834991
v 160.442261 -199.046539 267.194153
v 223.747559 -197.319397 243.884033
v -238.675415 -200.314606 249.701950
v -119.587852 -200.273056 264.439209
v -115.594971 -200.368195 264.680878
v -94.353706 -199.786133 272.316223
v 16.767159 -216.039932 311.265228
v 32.887928 -201.016800 310.245361
v 42.341209 -200.686966 305.846954
v 73.466484 -202.108185 290.612976
v 96.460770 -204.119629 286.467346
v 225.841400 -202.566315 241.752838
v -227.258942 -200.179794 259.235107
v -220.962967 -202.799698 262.056946
v -148.183487 -209.290741 274.501495
v -88.211990 -203.271072 274.397308
v 3.814340 -202.865173 313.937378
v 104.033379 -208.553680 282.679016
v 194.566818 -204.501831 255.002274
v -230.457092 -205.871078 254.419037
v -211.821854 -208.575104 265.965485
v -193.189682 -204.517685 276.390991
v -127.558426 -209.402283 266.416016
v -109.661301 -203.263748 266.308929
v -69.326378 -202.055969 283.960999
v -54.335339 -206.394547 291.078979
v -24.614635 -204.647934 305.095306
v 86.404816 -203.237122 287.777527
v 153.523972 -205.551788 268.582245
v 162.296906 -210.004425 264.777191
v 183.964325 -206.667587 257.926086
v 207.347488 -203.984833 249.833405
v 216.832916 -203.936142 245.462006
v -243.509949 -209.376785 236.760452
v -236.600815 -205.789429 247.517273
v -163.842880 -210.281921 275.749939
v -118.488945 -208.158234 261.592987
v -63.021694 -210.494339 285.998322
v -39.359623 -204.386703 299.098175
v -35.158440 -207.319916 299.112762
v 41.728561 -207.313705 303.590302
v 50.781731 -206.816772 297.350830
v 59.119568 -209.257736 292.409912
v 141.251831 -204.690170 273.266663
v 173.732498 -209.642136 261.244598
v 217.474182 -209.406708 242.525360
v -220.563782 -208.674423 259.892273
v -196.388962 -212.414948 272.331940
v -183.147308 -208.561844 274.551178
v -99.142105 -209.621277 269.557465
v -83.270348 -212.050522 275.634125
v -70.222626 -212.047058 282.069672
v -45.763786 -208.227615 294.558441
v -17.056814 -210.960480 305.341919
v -6.967664 -209.903839 309.600342
v 4.108456 -212.732086 311.427063
v 11.698440 -214.137863 311.910645
v 34.016804 -211.521561 305.989227
v 91.879021 -209.018082 284.294403
v 113.029350 -210.510895 280.106781
v 205.668915 -208.677887 248.431046
v 232.698807 -213.090622 233.115921
v -231.406799 -210.124268 249.288773
v -227.864090 -207.966187 255.892593
v -202.713074 -212.247894 270.430573
v -190.166183 -211.863968 273.140045
v -175.555222 -209.761444 274.241455
v -156.027512 -210.373856 275.568756
v -108.596596 -211.972977 264.991913
v -89.057098 -211.737747 273.188049
v -76.617905 -211.008759 278.850800
v -54.880676 -211.145981 289.847015
v 23.790819 -216.912720 309.135132
v 66.784943 -209.451584 289.169220
v 96.172234 -214.098068 280.181183
v 197.609039 -211.486252 250.836899
v -241.423172 -211.021637 236.778564
v -235.417358 -216.967636 243.527023
v -94.745178 -216.811508 269.659058
v -22.282869 -218.036728 297.977234
v -11.011453 -214.603500 306.202972
v 50.385113 -219.560226 293.241211
v 69.677086 -215.825592 285.944122
v 75.438789 -213.934891 284.295532
v 127.198166 -214.209656 274.548767
v 139.985764 -213.738419 271.125732
v 149.284744 -211.307510 268.323364
v 241.919937 -215.229156 228.616135
v -244.783325 -214.677673 234.439606
v -228.986954 -213.634811 248.239395
v -222.845596 -215.724426 252.375992
v -215.314529 -213.523956 259.519226
v -187.263657 -215.230026 270.761353
v -118.469215 -214.307281 258.766785
v -33.220356 -219.559494 291.326294
v 85.955299 -213.154999 283.505554
v 190.487488 -212.159592 254.648972
v 200.673721 -215.345886 246.594467
v -213.329803 -215.367950 260.466217
v -179.086258 -218.618164 268.950012
v -167.814026 -218.436218 271.899445
v -150.338684 -217.839172 272.417389
v -137.758942 -219.098297 268.317963
v -128.669907 -215.690994 264.930237
v -113.595795 -215.810745 260.237030
v -70.401535 -217.812531 280.713837
v -40.526619 -217.552826 290.813538
v 31.962002 -221.791382 304.345154
v 41.657707 -216.620956 300.258057
v 57.152065 -215.832016 290.138947
v 105.297997 -215.310822 278.467926
v 115.824760 -217.594223 276.016937
v 172.610291 -218.443420 260.783875
v 210.384750 -215.189621 241.082626
v -239.756226 -217.703064 238.244858
v -230.708481 -220.816376 242.351303
v -204.011429 -216.928238 264.555145
v -197.947235 -218.463684 264.741180
v -193.839478 -218.233353 265.109009
v -158.690720 -220.714157 272.084961
v -100.585167 -220.417389 266.843903
v -65.626549 -224.065186 281.355682
v -56.483513 -216.350845 287.204895
v -51.335827 -219.802170 287.563324
v -5.841296 -219.570724 306.681458
v 80.832886 -216.936203 281.566406
v 85.972595 -219.300720 279.857452
v 157.401657 -219.518051 264.020020
v 180.994003 -219.860489 258.050995
v 204.266708 -219.635345 242.933853
v 216.124680 -218.244293 237.560394
v 228.943466 -220.339569 231.263290
v -221.189758 -219.161682 253.335739
v -219.425339 -221.335876 252.435654
v -212.900070 -220.265533 258.706604
v -188.874863 -218.996704 265.531036
v -173.447052 -221.342789 268.257507
v -84.158997 -222.378403 273.482147
v -26.071430 -224.716202 291.969482
v 185.107285 -225.429718 255.433777
v 194.912857 -222.286850 250.232513
v -239.836716 -223.722336 230.052933
v -181.798782 -223.156219 262.798645
v -117.356522 -221.733810 257.051819
v -110.021759 -223.503571 259.705231
v -93.327637 -224.807739 268.843262
v -43.021275 -222.395508 287.952606
v -13.872489 -224.177139 300.203522
v 2.874346 -225.559708 307.600677
v 72.970428 -225.155899 281.338837
v 80.178429 -227.094360 277.897827
v 106.929443 -223.054001 274.920746
v 125.496468 -223.682953 271.050659
v 136.949493 -224.994354 268.284851
v 144.332138 -221.433670 267.533722
v 174.755814 -227.288086 258.671143
v 210.676132 -225.128357 237.999969
v 239.181137 -224.265701 226.571823
v -228.633224 -223.154465 242.126007
v -208.459534 -223.044083 259.120178
v -163.467865 -224.412689 269.396973
v -153.624893 -228.899323 268.840027
v -133.673996 -228.486389 263.136475
v -120.737213 -225.214249 256.114960
v -77.334229 -228.084579 275.153961
v -55.231949 -224.758682 284.407135
v -30.526119 -227.018951 287.710144
v -21.943947 -228.669983 291.926147
v 10.477651 -225.864624 308.669342
v 17.497641 -225.591187 308.410706
v 40.778206 -225.443954 297.832336
v -236.776230 -228.161392 225.189438
v -225.257782 -226.617767 244.306534
v -204.070251 -227.564224 256.879364
v -197.066498 -226.040131 259.211548
v -174.517990 -225.400848 262.593719
v -146.843643 -229.497452 267.777100
v -46.417812 -226.006836 284.656433
v 24.796221 -229.180313 305.498108
v 91.651894 -227.060532 275.505981
v 118.443047 -227.293259 270.973816
v 152.058426 -234.795044 262.692078
v 165.437408 -231.666931 259.330811
v 222.490341 -227.218979 230.979080
v -232.311554 -232.499359 233.656204
v -213.146790 -229.106003 252.414795
v -209.301605 -229.631927 253.270828
v -190.083099 -229.585403 255.974777
v -182.199677 -228.357910 258.770691
v -169.972351 -227.808136 262.310699
v -158.807266 -227.533890 268.666962
v -104.031342 -232.246765 261.702545
v -87.800575 -228.913116 270.731659
v -39.072208 -231.213608 283.594208
v -4.536831 -231.071686 303.144623
v 46.308228 -231.180420 292.672363
v 56.969578 -227.798187 287.602386
v 63.703751 -233.787186 283.292786
v 102.791054 -229.603699 273.416534
v 189.540497 -227.544067 252.621185
v 196.417603 -228.835312 247.182144
v 227.549179 -228.813080 227.130447
v 239.033920 -229.180557 224.110733
v -177.796967 -233.997925 254.930176
v -119.885292 -231.241776 254.073929
v -95.973465 -234.209778 265.294342
v -44.954044 -233.359528 281.391510
v -19.265104 -232.441864 292.948517
v 1.305086 -232.632004 305.253296
v 36.574230 -237.612686 296.904114
v -219.920746 -234.807541 241.377121
v -166.466446 -233.889389 259.740021
v -54.168816 -233.119141 280.348663
v 14.105447 -237.013199 306.047211
v 72.032959 -236.680389 277.896820
v 89.061295 -233.727066 273.523102
v 117.213890 -234.853714 268.202423
v 127.624748 -233.023193 267.368011
v 140.875610 -235.458176 264.747345
v 215.593338 -231.545792 234.637680
v -241.214157 -236.141632 217.733994
v -217.673981 -234.844360 241.578659
v -196.666504 -235.411072 249.021332
v -152.139191 -235.204147 264.617218
v -142.369659 -239.170731 261.403900
v -113.493881 -232.841370 256.408752
v -83.799957 -239.878906 268.997284
v -78.855164 -238.867813 271.533234
v -63.111862 -234.276672 278.488220
v -34.914249 -237.473557 284.521118
v -27.484711 -234.426239 287.309204
v -12.963747 -234.988831 296.442657
v 43.645889 -240.637573 290.458954
v 85.469872 -242.864929 271.855011
v 104.473854 -236.343796 269.511230
v 172.424667 -238.096832 255.420166
v 180.147629 -237.651871 253.612839
v 187.843521 -235.503647 251.486969
v 197.612289 -240.405853 244.055969
v 238.337860 -237.875168 220.266220
v -243.979324 -242.812897 212.595184
v -203.645737 -236.815903 245.066666
v -186.805969 -236.539642 250.673447
v -128.797104 -237.457169 255.783478
v 4.834133 -242.409409 304.097473
v 27.587616 -240.701569 301.339539
v 58.307793 -237.286819 284.716705
v 222.452881 -234.431030 229.212830
v 227.938110 -237.990723 224.490646
v -179.265793 -243.140701 246.611008
v -166.297455 -241.332245 253.063400
v -163.677887 -237.701157 257.753693
v -148.817535 -240.434174 261.335175
v -135.906662 -239.216980 257.477417
v -119.866867 -239.238464 250.987213
v -109.207794 -239.846527 255.597321
v -66.134773 -240.333511 275.036194
v -2.609530 -241.563477 301.419037
v 20.952797 -241.697296 303.930054
v 46.643940 -238.071915 289.755096
v 93.048187 -238.025757 271.197998
v 205.055588 -241.066757 239.038132
v 218.997971 -242.287537 228.758224
v -206.594711 -241.973663 236.206863
v -199.443634 -240.710464 241.870926
v -155.227097 -240.586823 259.416168
v -103.677094 -239.977310 257.524750
v -94.004929 -241.770050 262.796356
v -53.596046 -239.071045 278.092010
v -45.136528 -239.079712 279.904114
v -36.844887 -243.106186 281.480652
v -29.835867 -238.892654 286.049011
v -22.830189 -238.935287 289.451080
v -14.578313 -240.478714 293.676147
v -10.171361 -241.652313 296.613464
v 116.283005 -239.547699 266.964264
v 130.629349 -240.354584 264.361298
v 161.726501 -243.828323 258.201996
v -222.777069 -243.185562 229.297958
v -217.209549 -241.540192 232.610123
v -183.220993 -242.709747 245.057724
v -161.240906 -245.592957 252.684189
v -21.268194 -245.204834 287.643005
v 59.505493 -249.989532 280.276306
v 97.833519 -243.951477 268.129120
v 149.293884 -246.238098 260.575958
v 190.891907 -247.052505 244.611267
v 227.076187 -241.429504 224.969589
v 241.843750 -241.948181 217.005386
v -244.843628 -245.979309 209.444458
v -202.376465 -246.125626 233.034714
v -131.374481 -247.187119 250.334595
v -124.380951 -245.516632 247.323288
v -118.459137 -244.544281 248.423752
v 15.126548 -249.993835 303.720154
v 38.720055 -244.676651 293.237000
v 181.728088 -243.574539 250.341614
v 236.537582 -245.443649 219.983276
v -209.905930 -245.403687 231.807953
v -191.965836 -244.557541 237.912292
v -190.451050 -246.901428 235.329773
v -168.222855 -246.210663 249.532059
v -150.322525 -247.882034 256.004486
v -140.976898 -247.411819 255.089508
v -111.054474 -246.617996 250.534424
v -87.237099 -246.974213 263.318176
v 73.599785 -249.994385 275.380737
v 120.930222 -246.528671 264.001953
v -235.304291 -246.585983 217.141190
v -223.249298 -248.007675 221.638916
v -196.892349 -246.281952 234.405884
v -186.038391 -247.928696 235.063950
v -120.449005 -248.269501 243.919205
v -233.490036 -247.460571 217.922531
v -207.886200 -248.188248 228.618027
vn -0.1780 -0.2455 0.9529
vn -0.1581 -0.1108 0.9812
vn -0.2258 -0.1030 0.9687
vn -0.1636 -0.2481 0.9548
vn -0.2410 -0.1850 0.9527
vn -0.2967 -0.2583 0.9194
vn -0.2265 -0.3168 0.9211
vn -0.3929 0.0460 0.9184
vn 0.2930 0.2442 0.9244
vn 0.3578 0.2432 0.9016
vn 0.4359 0.1848 0.8808
vn 0.3484 0.3577 0.8664
vn 0.3986 0.3201 0.8595
vn 0.5575 0.3063 0.7716
vn -0.0435 0.0248 0.9987
vn 0.1647 0.2304 0.9591
vn 0.0529 0.1477 0.9876
vn 0.5319 -0.2980 0.7926
vn 0.5541 -0.3024 0.7756
vn 0.5859 -0.3710 0.7204
vn 0.4592 -0.4118 0.7872
vn 0.3997 0.1813 0.8985
vn 0.3316 0.0038 0.9434
vn -0.1936 -0.2523 0.9481
vn -0.2451 -0.1204 0.9620
vn -0.1919 -0.0055 0.9814
vn -0.2322 -0.3284 0.9155
vn -0.4749 0.2748 0.8360
vn -0.3267 0.0319 0.9446
vn -0.3862 0.0578 0.9206
vn -0.4372 0.1119 0.8924
vn -0.3915 0.1105 0.9135
vn -0.3066 0.0098 0.9518
vn -0.0488 0.2219 0.9739
vn 0.0211 0.2236 0.9744
vn 0.1635 0.3558 0.9202
vn 0.1976 0.2729 0.9415
vn 0.4413 0.1946 0.8760
vn 0.2225 0.2904 0.9307
vn 0.0447 0.4005 0.9152
vn 0.5951 0.2641 0.7590
vn 0.2774 0.3031 0.9117
vn 0.2434 0.1198 0.9625
vn 0.2241 0.1394 0.9645
vn 0.2297 0.1495 0.9617
vn 0.1804 0.1940 0.9643
vn 0.2720 0.1491 0.9507
vn 0.0743 0.1031 0.9919
vn 0.2575 -0.3397 0.9046
vn 0.5342 -0.3067 0.7878
vn 0.4185 -0.3701 0.8294
vn 0.4580 -0.4098 0.7889
vn 0.4298 -0.0346 0.9023
vn 0.3411 0.1128 0.9332
vn 0.1262 -0.1184 0.9849
vn -0.1687 -0.1407 0.9756
vn -0.2558 -0.0012 0.9667
vn -0.1863 -0.0539 0.9810
vn -0.3419 0.1071 0.9336
vn -0.3975 0.1019 0.9119
vn -0.3489 0.0148 0.9370
vn -0.1580 0.0749 0.9846
vn 0.1369 0.4334 0.8907
vn 0.1712 0.4169 0.8927
vn 0.1439 0.4012 0.9046
vn 0.1913 0.3553 0.9150
vn 0.2610 0.2287 0.9378
vn 0.4176 0.1977 0.8869
vn 0.3327 0.3189 0.8875
vn 0.1023 0.3411 0.9345
vn 0.4474 0.1646 0.8791
vn 0.6401 0.1637 0.7506
vn 0.0444 0.0592 0.9973
vn 0.0403 0.1299 0.9907
vn 0.1577 0.2438 0.9569
vn 0.1391 0.2467 0.9590
vn 0.1277 0.0251 0.9915
vn 0.3476 -0.1602 0.9239
vn 0.5291 0.0283 0.8481
vn 0.3019 -0.0210 0.9531
vn 0.6082 -0.1888 0.7710
vn 0.4173 -0.0392 0.9079
vn 0.3607 0.1034 0.9269
vn 0.4190 -0.0087 0.9079
vn 0.3735 -0.0423 0.9267
vn -0.2387 -0.3012 0.9232
vn -0.1347 -0.3041 0.9431
vn -0.2180 0.0226 0.9757
vn -0.2025 0.2135 0.9557
vn -0.2548 0.1649 0.9528
vn -0.4008 0.1219 0.9080
vn -0.3994 0.1362 0.9066
vn -0.2512 0.1435 0.9572
vn -0.1272 0.1273 0.9837
vn 0.0319 0.2114 0.9769
vn 0.1348 0.3668 0.9205
vn 0.0751 0.4267 0.9013
vn 0.1137 0.4216 0.8996
vn 0.4182 0.1784 0.8907
vn 0.6228 0.1389 0.7699
vn 0.1347 0.0278 0.9905
vn 0.1628 -0.0398 0.9859
vn 0.3475 -0.0793 0.9343
vn 0.4209 -0.1905 0.8869
vn 0.5918 -0.1959 0.7819
vn 0.4242 -0.0554 0.9039
vn 0.5290 0.0414 0.8476
vn 0.5859 -0.0137 0.8103
vn 0.4202 -0.0227 0.9071
vn 0.1962 -0.1574 0.9679
vn 0.4924 -0.0528 0.8688
vn -0.1275 0.0194 0.9916
vn -0.1788 -0.3859 0.9050
vn -0.3603 0.1638 0.9183
vn -0.2139 -0.0369 0.9762
vn -0.2204 0.1810 0.9585
vn -0.2418 0.2892 0.9262
vn -0.2494 0.1803 0.9515
vn -0.4237 0.1296 0.8965
vn -0.0430 0.3378 0.9402
vn 0.0076 0.3087 0.9511
vn 0.1025 0.5312 0.8410
vn 0.2014 0.3346 0.9206
vn 0.2820 0.2866 0.9156
vn 0.6072 0.1991 0.7692
vn 0.5471 0.2511 0.7985
vn 0.2119 0.2022 0.9562
vn 0.1340 0.1504 0.9795
vn -0.0748 0.0320 0.9967
vn 0.2438 0.1980 0.9494
vn 0.1404 0.1508 0.9785
vn 0.4245 -0.1908 0.8851
vn 0.5430 -0.3431 0.7664
vn 0.4561 0.2523 0.8534
vn 0.3403 0.1162 0.9331
vn -0.2405 0.1329 0.9615
vn -0.1904 0.2242 0.9558
vn -0.2427 0.2708 0.9315
vn -0.1438 0.2394 0.9602
vn -0.3288 0.1926 0.9246
vn -0.2426 0.0778 0.9670
vn 0.3041 0.4044 0.8626
vn 0.2330 0.3829 0.8939
vn 0.4055 0.2365 0.8830
vn 0.3609 0.2729 0.8918
vn 0.5383 0.2862 0.7927
vn 0.3067 0.0961 0.9469
vn 0.0641 0.1313 0.9893
vn 0.2039 0.1625 0.9654
vn 0.1619 0.0352 0.9862
vn 0.4544 0.4102 0.7908
vn 0.4253 0.2718 0.8633
vn 0.4944 0.1645 0.8535
vn 0.4762 0.1772 0.8613
vn 0.3464 0.1446 0.9269
vn 0.3850 0.1660 0.9079
vn 0.2768 0.2664 0.9232
vn 0.3428 0.1903 0.9199
vn 0.2476 -0.1042 0.9632
vn -0.1367 -0.1119 0.9843
vn -0.2808 0.0040 0.9598
vn -0.2843 0.0178 0.9586
vn -0.3757 0.1434 0.9156
vn -0.2066 0.3190 0.9250
vn -0.2590 0.2027 0.9444
vn -0.3716 0.1871 0.9093
vn -0.4182 0.1178 0.9007
vn -0.3423 0.0853 0.9357
vn -0.3275 0.0937 0.9402
vn -0.1466 0.2287 0.9624
vn 0.0898 0.4540 0.8865
vn 0.2488 0.2851 0.9256
vn 0.3269 0.2206 0.9190
vn 0.4221 0.1602 0.8923
vn 0.4359 0.1605 0.8856
vn 0.3289 0.2505 0.9105
vn 0.3389 0.2565 0.9052
vn 0.1046 0.3310 0.9378
vn 0.0472 0.0456 0.9978
vn 0.1657 0.0445 0.9852
vn 0.0182 0.1320 0.9911
vn 0.4252 0.0040 0.9051
vn 0.4046 0.0346 0.9138
vn 0.3841 0.2577 0.8866
vn 0.4286 0.1418 0.8923
vn 0.2791 0.3245 0.9038
vn -0.1963 -0.1009 0.9753
vn -0.3678 0.0232 0.9296
vn -0.2933 0.0334 0.9555
vn -0.1748 0.0982 0.9797
vn -0.1270 0.3064 0.9434
vn -0.2338 0.0901 0.9681
vn -0.1082 0.2137 0.9709
vn -0.0188 0.4104 0.9117
vn 0.0615 0.4000 0.9144
vn 0.1139 0.3879 0.9146
vn 0.2934 0.3162 0.9022
vn 0.3078 0.3083 0.9001
vn 0.2769 0.2657 0.9234
vn 0.3532 0.2194 0.9094
vn 0.4165 0.1546 0.8959
vn 0.4190 0.1546 0.8947
vn 0.6243 0.2539 0.7388
vn 0.4400 -0.0556 0.8963
vn 0.2917 0.1046 0.9508
vn 0.0464 0.1356 0.9897
vn 0.2231 0.0886 0.9708
vn 0.3926 0.1806 0.9018
vn 0.5000 0.1545 0.8522
vn 0.4657 0.0334 0.8843
vn 0.4081 0.0207 0.9127
vn 0.4915 0.1392 0.8597
vn 0.4284 0.2726 0.8615
vn 0.3016 0.2496 0.9202
vn -0.3349 0.0931 0.9377
vn -0.2095 0.3074 0.9282
vn -0.3312 0.1952 0.9232
vn -0.4081 0.1606 0.8987
vn -0.2481 0.1001 0.9636
vn -0.0451 0.3574 0.9329
vn 0.2915 0.3565 0.8876
vn 0.2765 0.2657 0.9236
vn 0.1700 0.3845 0.9073
vn 0.5371 0.2682 0.7997
vn -0.0073 0.0868 0.9962
vn -0.0732 0.0252 0.9970
vn 0.1154 0.1092 0.9873
vn 0.0104 0.1855 0.9826
vn 0.2878 0.1634 0.9436
vn 0.4216 0.2230 0.8789
vn 0.3528 0.3618 0.8629
vn 0.3696 0.2724 0.8884
vn -0.1829 0.3110 0.9326
vn -0.2460 0.4309 0.8682
vn -0.3913 0.2141 0.8950
vn -0.3442 0.0755 0.9359
vn -0.2526 0.0992 0.9625
vn -0.2291 0.0626 0.9714
vn -0.1618 0.3509 0.9223
vn -0.1397 0.3371 0.9311
vn 0.0352 0.4392 0.8977
vn 0.1670 0.4659 0.8690
vn 0.2775 0.3750 0.8845
vn 0.3294 0.2622 0.9071
vn 0.5607 0.1865 0.8068
vn 0.6407 0.1133 0.7593
vn 0.3272 0.5160 0.7916
vn 0.3108 0.2518 0.9165
vn 0.5421 0.0312 0.8397
vn 0.0470 0.1514 0.9873
vn 0.0501 0.1553 0.9866
vn -0.0956 0.1910 0.9769
vn 0.3375 0.1646 0.9268
vn 0.3670 0.1564 0.9170
vn 0.3944 0.3491 0.8500
vn 0.4343 0.2343 0.8697
vn 0.2333 -0.1458 0.9614
vn -0.3754 -0.0162 0.9267
vn -0.3023 0.1026 0.9477
vn -0.2195 0.1609 0.9623
vn -0.2026 0.2881 0.9359
vn -0.1855 0.3855 0.9039
vn -0.3066 0.2124 0.9278
vn -0.3409 0.2873 0.8951
vn 0.0208 0.4493 0.8931
vn 0.3941 0.1088 0.9126
vn 0.3909 0.2442 0.8874
vn 0.2770 0.3553 0.8928
vn 0.1738 0.3641 0.9150
vn 0.3534 0.2408 0.9039
vn 0.3462 0.0404 0.9373
vn 0.2795 0.0017 0.9601
vn 0.0375 0.1509 0.9878
vn 0.1573 0.0950 0.9830
vn 0.2212 0.1913 0.9563
vn 0.2667 0.1359 0.9542
vn 0.3375 0.1647 0.9268
vn 0.5246 0.2708 0.8071
vn 0.2286 0.5352 0.8132
vn 0.3585 0.3671 0.8583
vn 0.3788 0.3485 0.8574
vn 0.2735 0.2687 0.9236
vn 0.1816 -0.1226 0.9757
vn -0.2444 -0.1055 0.9639
vn -0.3230 -0.1484 0.9347
vn -0.3148 -0.1410 0.9386
vn -0.3054 0.1071 0.9462
vn -0.1701 0.1579 0.9727
vn -0.2540 0.2231 0.9411
vn -0.4142 0.2620 0.8717
vn -0.1890 0.1251 0.9740
vn -0.3553 0.3465 0.8682
vn -0.3742 0.1299 0.9182
vn -0.2790 0.1103 0.9539
vn -0.2907 0.0361 0.9561
vn -0.2256 0.0741 0.9714
vn -0.2481 0.2249 0.9423
vn -0.0659 0.4198 0.9052
vn 0.2723 0.3884 0.8803
vn 0.3440 0.3668 0.8644
vn 0.2784 0.3480 0.8952
vn 0.3781 0.2793 0.8826
vn 0.3961 0.2385 0.8867
vn 0.2532 0.2796 0.9261
vn 0.5493 -0.0004 0.8356
vn 0.5178 0.2498 0.8182
vn 0.1196 0.1603 0.9798
vn 0.3666 0.1440 0.9192
vn 0.3389 0.5450 0.7669
vn 0.4352 0.4236 0.7944
vn 0.2900 0.3835 0.8768
vn 0.3820 0.3408 0.8590
vn 0.3858 0.3386 0.8582
vn -0.2195 -0.1442 0.9649
vn -0.3072 -0.1085 0.9454
vn -0.4245 -0.0109 0.9054
vn -0.3611 0.1158 0.9253
vn -0.2068 0.2174 0.9539
vn -0.1417 0.3021 0.9427
vn -0.0658 0.4210 0.9047
vn 0.0197 0.4841 0.8748
vn 0.2716 0.3765 0.8857
vn 0.3611 0.2778 0.8902
vn 0.2486 0.3752 0.8930
vn 0.4239 0.2943 0.8566
vn 0.3494 0.0349 0.9363
vn 0.3627 0.2583 0.8954
vn 0.3169 0.1929 0.9286
vn -0.2250 -0.0902 0.9702
vn -0.1811 -0.1320 0.9746
vn -0.2887 -0.1612 0.9437
vn -0.3024 0.0972 0.9482
vn -0.3027 0.2025 0.9313
vn -0.2907 0.0358 0.9562
vn -0.3331 0.0706 0.9402
vn -0.2879 0.2902 0.9126
vn 0.1673 0.4649 0.8694
vn 0.3245 0.3980 0.8581
vn 0.3099 0.3514 0.8835
vn 0.4056 0.2394 0.8821
vn 0.3922 0.1939 0.8992
vn 0.5404 0.1516 0.8277
vn 0.6033 0.1412 0.7849
vn 0.0004 0.1145 0.9934
vn 0.0459 0.0858 0.9953
vn 0.3214 0.2682 0.9081
vn 0.4133 0.4365 0.7991
vn 0.3580 0.4525 0.8167
vn 0.4348 0.4241 0.7944
vn 0.3575 0.4338 0.8270
vn 0.3165 0.1932 0.9287
vn -0.4758 -0.1930 0.8581
vn -0.2390 -0.3593 0.9021
vn -0.2609 0.0883 0.9613
vn -0.2470 -0.0026 0.9690
vn -0.3553 0.1652 0.9200
vn -0.5808 -0.5563 0.5943
vn -0.0655 0.4209 0.9047
vn 0.0608 0.4529 0.8895
vn 0.1770 0.4594 0.8704
vn 0.2913 0.4355 0.8517
vn 0.3156 0.4075 0.8569
vn 0.3261 0.4035 0.8549
vn 0.3645 0.2973 0.8825
vn 0.3924 0.3496 0.8508
vn 0.2965 0.4292 0.8531
vn 0.0289 0.0929 0.9953
vn 0.0389 0.1878 0.9814
vn 0.0916 0.1213 0.9884
vn 0.1636 0.1513 0.9749
vn 0.1956 0.1548 0.9684
vn 0.2655 0.1101 0.9578
vn 0.2424 0.3176 0.9167
vn 0.4180 0.3554 0.8360
vn 0.4084 0.3601 0.8387
vn 0.4128 0.3630 0.8354
vn 0.3886 0.3647 0.8461
vn 0.3662 0.0158 0.9304
vn -0.3278 0.0118 0.9447
vn -0.3177 0.0122 0.9481
vn -0.3353 0.0210 0.9419
vn -0.3063 0.0198 0.9517
vn -0.3315 0.2051 0.9209
vn -0.1917 0.3414 0.9202
vn 0.1031 0.4995 0.8601
vn 0.3329 0.2937 0.8961
vn 0.3283 0.2966 0.8968
vn 0.3071 0.0912 0.9473
vn 0.5930 0.0734 0.8019
vn 0.4111 0.0006 0.9116
vn 0.6152 0.0665 0.7855
vn 0.0996 0.1250 0.9871
vn 0.2804 0.1103 0.9535
vn 0.2630 0.2372 0.9352
vn 0.4071 0.3505 0.8435
vn 0.3413 0.3319 0.8794
vn 0.3894 0.3017 0.8703
vn 0.4375 0.1463 0.8873
vn 0.3298 0.0395 0.9432
vn -0.2231 -0.1285 0.9663
vn -0.2782 -0.0430 0.9596
vn -0.4388 -0.0680 0.8960
vn -0.4122 -0.0638 0.9088
vn -0.2888 0.1220 0.9496
vn -0.3189 0.0079 0.9477
vn -0.3002 -0.0576 0.9521
vn -0.3520 0.1555 0.9230
vn -0.4232 0.2096 0.8815
vn -0.1056 0.5182 0.8487
vn -0.0486 0.4833 0.8741
vn 0.3688 0.3657 0.8546
vn 0.3652 0.2967 0.8824
vn 0.2549 0.3052 0.9175
vn 0.2448 0.3120 0.9180
vn 0.3653 0.1456 0.9194
vn 0.3939 0.1341 0.9093
vn 0.5805 0.1173 0.8057
vn 0.5345 0.1499 0.8318
vn 0.0262 0.1160 0.9929
vn 0.1827 0.1278 0.9748
vn 0.2349 0.1477 0.9607
vn 0.4134 0.2641 0.8714
vn 0.4921 0.3383 0.8021
vn 0.3896 0.3077 0.8681
vn 0.3683 0.2310 0.9006
vn -0.1813 -0.1028 0.9781
vn -0.2907 -0.1205 0.9492
vn -0.3578 -0.0332 0.9332
vn -0.3576 0.2778 0.8916
vn -0.1870 0.3765 0.9073
vn 0.3271 0.4016 0.8554
vn 0.3959 0.3461 0.8506
vn 0.3481 0.2614 0.9003
vn 0.2893 0.3100 0.9056
vn 0.5703 0.0159 0.8213
vn 0.5252 0.1614 0.8355
vn 0.4892 -0.0337 0.8715
vn 0.5655 -0.0633 0.8223
vn 0.1775 0.1511 0.9724
vn 0.2591 0.2400 0.9356
vn 0.4525 0.2238 0.8632
vn 0.4653 0.1443 0.8733
vn 0.3629 0.2307 0.9028
vn 0.4297 -0.0225 0.9027
vn 0.3296 -0.0409 0.9432
vn -0.2473 -0.0315 0.9684
vn -0.4216 -0.0091 0.9068
vn -0.2680 0.0142 0.9633
vn -0.2764 -0.1388 0.9510
vn -0.2851 -0.1432 0.9477
vn -0.3729 -0.0237 0.9276
vn -0.3872 0.3014 0.8713
vn -0.0598 0.5528 0.8312
vn -0.0600 0.5992 0.7983
vn 0.0266 0.6985 0.7151
vn 0.1279 0.6699 0.7313
vn 0.3016 0.4813 0.8231
vn 0.3926 0.4173 0.8196
vn 0.3839 0.3312 0.8619
vn 0.3878 0.0002 0.9217
vn 0.0390 0.1061 0.9936
vn 0.0155 0.1187 0.9928
vn 0.3651 0.3182 0.8749
vn 0.4033 0.3268 0.8547
vn 0.4275 -0.0348 0.9034
vn 0.3873 0.0073 0.9219
vn -0.2919 -0.0128 0.9564
vn -0.3284 0.0212 0.9443
vn -0.2962 -0.0428 0.9542
vn -0.2769 -0.0460 0.9598
vn -0.2891 -0.1040 0.9516
vn -0.4051 -0.0829 0.9105
vn -0.4106 0.1572 0.8981
vn -0.4320 0.1824 0.8832
vn -0.2780 0.5563 0.7831
vn -0.0972 0.6037 0.7913
vn -0.1144 0.6522 0.7493
vn 0.3653 0.3660 0.8559
vn 0.3527 0.3478 0.8687
vn 0.5233 -0.1225 0.8433
vn 0.2908 0.1406 0.9464
vn 0.1157 0.0394 0.9925
vn -0.0274 0.0732 0.9969
vn 0.1726 0.1545 0.9728
vn 0.4348 0.3083 0.8461
vn 0.4147 0.2924 0.8617
vn 0.3290 0.3488 0.8776
vn 0.4790 0.0903 0.8732
vn 0.2641 -0.0254 0.9642
vn -0.2675 -0.1038 0.9580
vn -0.3982 0.0940 0.9125
vn -0.4200 0.0474 0.9063
vn -0.4221 0.0501 0.9052
vn -0.2607 -0.1004 0.9602
vn -0.4347 0.1377 0.8900
vn -0.3932 0.2715 0.8785
vn -0.3163 0.2894 0.9035
vn -0.0118 0.6265 0.7794
vn 0.0399 0.5508 0.8337
vn 0.2482 0.5101 0.8235
vn 0.2806 0.4643 0.8401
vn 0.3663 0.3595 0.8582
vn 0.3880 0.3468 0.8539
vn 0.4008 0.2605 0.8784
vn 0.4332 0.2260 0.8725
vn 0.4041 0.2041 0.8917
vn 0.3179 0.2009 0.9266
vn 0.3181 0.0723 0.9453
vn 0.4311 -0.1074 0.8959
vn 0.4720 -0.1023 0.8756
vn 0.4993 -0.0927 0.8615
vn 0.4823 0.0259 0.8756
vn 0.5880 -0.0208 0.8086
vn 0.2405 0.0595 0.9688
vn 0.1226 -0.0106 0.9924
vn 0.2627 0.1965 0.9447
vn 0.4527 0.2411 0.8584
vn 0.4647 0.1071 0.8790
vn 0.4453 -0.1185 0.8875
vn -0.3641 0.0892 0.9271
vn -0.2358 -0.1254 0.9637
vn -0.3035 -0.2309 0.9244
vn -0.4493 0.0418 0.8924
vn -0.4760 0.0515 0.8779
vn -0.3496 0.3612 0.8645
vn -0.1014 0.4627 0.8807
vn 0.3285 0.4476 0.8317
vn 0.4040 0.3523 0.8442
vn 0.3787 0.3749 0.8462
vn 0.3796 0.3465 0.8578
vn 0.4170 0.1284 0.8998
vn 0.3751 -0.0155 0.9269
vn 0.4398 -0.0979 0.8927
vn 0.4327 -0.1513 0.8888
vn 0.6196 0.0383 0.7840
vn 0.5855 0.0556 0.8088
vn 0.6211 -0.0827 0.7794
vn 0.0740 -0.0640 0.9952
vn 0.0988 0.0077 0.9951
vn 0.2338 0.1945 0.9526
vn 0.2759 0.1492 0.9495
vn 0.2634 0.1468 0.9534
vn 0.4836 0.1486 0.8626
vn 0.5588 -0.0865 0.8248
vn 0.4753 -0.0106 0.8798
vn 0.3597 -0.2250 0.9055
vn -0.2338 -0.1300 0.9636
vn -0.4294 0.0739 0.9001
vn -0.2578 -0.0053 0.9662
vn -0.4781 -0.0780 0.8748
vn -0.4138 0.1346 0.9004
vn -0.4714 0.1670 0.8660
vn -0.0433 0.4461 0.8940
vn 0.3967 0.3535 0.8471
vn 0.4082 0.2336 0.8825
vn 0.4495 0.2475 0.8583
vn 0.3881 -0.1511 0.9092
vn 0.4326 -0.1894 0.8814
vn 0.4157 -0.0640 0.9072
vn 0.3966 -0.0810 0.9144
vn 0.0378 0.1107 0.9931
vn 0.0996 -0.0068 0.9950
vn 0.0716 -0.0582 0.9957
vn 0.1725 0.1550 0.9727
vn 0.5006 0.1337 0.8553
vn 0.5414 0.0941 0.8355
vn 0.5625 -0.2226 0.7963
vn 0.4642 -0.1093 0.8790
vn 0.5029 -0.1696 0.8475
vn 0.3722 -0.2338 0.8982
vn -0.3702 0.0244 0.9286
vn -0.3695 0.0065 0.9292
vn -0.2039 -0.2643 0.9426
vn -0.2289 -0.2400 0.9434
vn -0.4702 0.0404 0.8816
vn -0.2989 0.3571 0.8849
vn 0.3996 0.3156 0.8606
vn 0.3760 0.3828 0.8439
vn 0.4648 -0.0381 0.8846
vn 0.4377 -0.2194 0.8719
vn 0.3408 -0.1909 0.9206
vn 0.1889 0.1312 0.9732
vn 0.1042 -0.0050 0.9945
vn 0.2716 0.1863 0.9442
vn 0.4802 0.1388 0.8661
vn 0.2909 -0.0515 0.9554
vn -0.2690 -0.0903 0.9589
vn -0.3868 -0.0256 0.9218
vn -0.4718 0.0562 0.8799
vn -0.2348 -0.2507 0.9391
vn -0.4687 0.1219 0.8749
vn -0.4276 0.1466 0.8920
vn -0.2628 0.3295 0.9068
vn -0.0332 0.3908 0.9199
vn 0.3834 0.3960 0.8344
vn 0.3333 0.3770 0.8641
vn 0.5211 0.2570 0.8139
vn 0.4211 0.2612 0.8686
vn 0.4094 0.2679 0.8721
vn 0.4365 0.1517 0.8868
vn 0.4584 0.0274 0.8883
vn 0.4498 -0.0060 0.8931
vn 0.6239 -0.0568 0.7794
vn 0.0799 -0.1510 0.9853
vn -0.0318 -0.1576 0.9870
vn 0.2880 0.0264 0.9573
vn 0.1925 0.0588 0.9795
vn 0.2857 0.0904 0.9541
vn 0.4978 0.1055 0.8609
vn 0.5433 -0.2152 0.8115
vn -0.3551 -0.0469 0.9337
vn -0.3555 -0.0470 0.9335
vn -0.3987 -0.0387 0.9163
vn -0.2285 -0.0707 0.9710
vn -0.2237 -0.2618 0.9388
vn -0.3747 -0.1121 0.9203
vn -0.4295 -0.0822 0.8993
vn -0.4401 -0.0467 0.8967
vn -0.6002 0.0153 0.7997
vn -0.4237 0.1412 0.8948
vn -0.2390 0.1868 0.9529
vn -0.3719 0.1890 0.9088
vn 0.0625 0.3438 0.9369
vn 0.2624 0.3113 0.9134
vn 0.4641 -0.0420 0.8848
vn 0.5994 -0.2171 0.7705
vn 0.2258 0.2127 0.9507
vn 0.1350 0.0579 0.9892
vn -0.0204 0.0343 0.9992
vn 0.1248 -0.2030 0.9712
vn 0.0328 0.0364 0.9988
vn 0.0582 0.0430 0.9974
vn 0.2159 -0.0569 0.9748
vn 0.5866 -0.1429 0.7972
vn 0.5035 -0.1190 0.8557
vn 0.5437 -0.2153 0.8112
vn 0.4386 -0.0677 0.8961
vn 0.5589 -0.0850 0.8249
vn 0.5566 -0.2326 0.7975
vn -0.2200 -0.1213 0.9679
vn -0.3976 -0.0152 0.9174
vn -0.3796 -0.0684 0.9226
vn -0.2112 -0.0810 0.9741
vn -0.1885 -0.3565 0.9151
vn -0.4950 -0.0546 0.8672
vn -0.4409 -0.0303 0.8970
vn -0.5283 -0.0503 0.8475
vn -0.5232 0.1450 0.8398
vn -0.2425 0.1826 0.9528
vn 0.4555 0.0558 0.8885
vn 0.1014 0.3364 0.9362
vn 0.2965 0.3257 0.8978
vn 0.4427 0.3631 0.8199
vn 0.4703 0.0180 0.8823
vn 0.5318 -0.0001 0.8469
vn 0.4612 -0.0416 0.8863
vn 0.4481 -0.0356 0.8933
vn 0.4315 -0.0041 0.9021
vn 0.4496 -0.0066 0.8932
vn 0.4370 0.0740 0.8964
vn 0.4251 0.0859 0.9011
vn 0.4684 0.0834 0.8796
vn 0.4263 -0.1110 0.8977
vn 0.4285 -0.1078 0.8971
vn 0.5682 -0.2372 0.7880
vn 0.4165 -0.1214 0.9010
vn 0.0843 -0.0051 0.9964
vn 0.0088 -0.2097 0.9777
vn 0.1128 0.0188 0.9934
vn 0.2796 0.0766 0.9570
vn 0.3006 0.0457 0.9526
vn 0.6212 -0.2408 0.7457
vn 0.4649 -0.2483 0.8498
vn 0.4987 -0.2001 0.8434
vn 0.4400 -0.1504 0.8853
vn 0.2654 -0.1213 0.9565
vn -0.3719 -0.1071 0.9221
vn -0.1320 -0.2154 0.9676
vn -0.4332 -0.1252 0.8926
vn -0.4746 -0.0150 0.8801
vn 0.5284 0.1570 0.8344
vn 0.3950 0.1687 0.9030
vn 0.4222 0.1614 0.8920
vn 0.4794 0.1725 0.8604
vn 0.5064 0.0330 0.8617
vn 0.3486 0.1557 0.9243
vn 0.4523 0.0760 0.8886
vn 0.5725 0.0915 0.8148
vn 0.3337 -0.1128 0.9359
vn 0.1494 -0.0490 0.9876
vn 0.2798 -0.0470 0.9589
vn 0.2074 -0.0783 0.9751
vn 0.2399 -0.0574 0.9691
vn 0.5422 -0.3094 0.7812
vn 0.5300 -0.2121 0.8210
vn 0.3484 -0.1928 0.9173
vn 0.4660 -0.1366 0.8742
vn -0.3866 -0.1933 0.9018
vn -0.3582 -0.2234 0.9065
vn -0.3062 -0.1543 0.9394
vn -0.5014 -0.0168 0.8651
vn -0.6262 0.0633 0.7771
vn -0.2887 -0.0401 0.9566
vn -0.1719 -0.1103 0.9789
vn -0.0030 0.0351 0.9994
vn 0.4271 0.1822 0.8857
vn 0.4720 0.1750 0.8641
vn 0.4963 0.2392 0.8345
vn 0.0965 0.0217 0.9951
vn 0.3213 -0.0915 0.9425
vn 0.4324 -0.3337 0.8377
vn 0.4818 -0.3500 0.8033
vn 0.4588 0.0635 0.8863
vn 0.1716 -0.0655 0.9830
vn -0.2155 -0.0564 0.9749
vn -0.0831 -0.2133 0.9734
vn -0.2510 -0.1522 0.9559
vn -0.3519 -0.1168 0.9287
vn -0.3896 -0.1514 0.9084
vn -0.2473 -0.2728 0.9297
vn -0.1226 -0.2855 0.9505
vn -0.4896 -0.0185 0.8718
vn -0.3579 -0.0777 0.9305
vn 0.1449 -0.0120 0.9894
vn 0.1932 -0.0249 0.9808
vn 0.4013 0.0781 0.9126
vn 0.4758 0.0661 0.8771
vn 0.4000 0.1744 0.8998
vn 0.4667 0.1588 0.8701
vn 0.4077 0.1465 0.9013
vn 0.4788 0.2529 0.8407
vn 0.5829 0.0681 0.8097
vn 0.2919 -0.0472 0.9553
vn 0.1134 0.0191 0.9934
vn 0.1325 0.0644 0.9891
vn 0.2124 0.0504 0.9759
vn -0.1233 -0.1778 0.9763
vn 0.2268 -0.2538 0.9403
vn 0.2355 -0.2514 0.9388
vn 0.3538 -0.2930 0.8882
vn 0.5541 -0.4677 0.6886
vn 0.4527 -0.4518 0.7688
vn 0.4247 -0.4531 0.7838
vn 0.6076 -0.2751 0.7451
vn 0.5422 -0.1740 0.8221
vn -0.3507 -0.2233 0.9095
vn -0.4005 -0.0649 0.9140
vn -0.2020 -0.3575 0.9118
vn -0.1990 -0.3787 0.9039
vn -0.5024 -0.0938 0.8595
vn -0.5092 0.0708 0.8577
vn -0.6242 0.0893 0.7761
vn -0.3807 -0.0686 0.9221
vn 0.4883 0.1299 0.8630
vn 0.5435 0.0632 0.8370
vn 0.5175 0.0790 0.8520
vn 0.4711 0.1748 0.8646
vn 0.5276 0.1378 0.8382
vn 0.5017 0.2229 0.8358
vn 0.5032 0.0753 0.8609
vn 0.4474 -0.0340 0.8937
vn 0.3634 0.0224 0.9314
vn 0.0395 0.0849 0.9956
vn 0.1552 -0.3283 0.9317
vn 0.2324 -0.2230 0.9467
vn 0.4035 -0.3192 0.8575
vn 0.5007 -0.3993 0.7680
vn 0.5216 -0.3948 0.7563
vn 0.5396 -0.1765 0.8232
vn 0.3305 -0.1645 0.9294
vn 0.3420 -0.0702 0.9371
vn 0.4093 -0.2481 0.8780
vn 0.6093 -0.1993 0.7675
vn 0.4327 -0.0910 0.8969
vn 0.4877 -0.1443 0.8610
vn -0.4714 -0.1139 0.8745
vn -0.1504 -0.4013 0.9035
vn -0.4766 -0.0478 0.8778
vn -0.4800 -0.0478 0.8760
vn -0.5089 -0.0263 0.8604
vn -0.5326 -0.0102 0.8463
vn 0.4062 0.3005 0.8630
vn 0.4293 0.2659 0.8631
vn 0.3640 0.2077 0.9079
vn 0.5737 0.1152 0.8109
vn 0.1182 0.0601 0.9912
vn 0.1346 0.0687 0.9885
vn -0.0654 -0.3037 0.9505
vn 0.2615 -0.1726 0.9497
vn 0.3092 -0.3226 0.8946
vn 0.5572 -0.4649 0.6880
vn 0.4540 -0.5374 0.7107
vn 0.5104 -0.0786 0.8563
vn -0.1446 -0.0389 0.9887
vn -0.0738 -0.3723 0.9252
vn -0.0565 -0.3850 0.9212
vn -0.2566 -0.3111 0.9151
vn -0.0449 -0.2370 0.9705
vn -0.1480 -0.2198 0.9643
vn -0.1831 -0.2569 0.9489
vn -0.0453 -0.2094 0.9768
vn 0.0644 -0.2345 0.9700
vn 0.4638 0.0900 0.8813
vn 0.4199 0.1136 0.9004
vn 0.3626 0.1769 0.9150
vn 0.4382 0.1551 0.8854
vn 0.4253 0.1536 0.8919
vn 0.4583 0.1326 0.8789
vn 0.4745 0.2467 0.8450
vn 0.4503 0.2103 0.8677
vn 0.4970 0.0939 0.8626
vn 0.0877 0.0901 0.9921
vn 0.1432 -0.3596 0.9221
vn 0.1862 -0.2025 0.9614
vn 0.5773 -0.3454 0.7399
vn 0.4608 -0.5352 0.7079
vn 0.2648 -0.3797 0.8864
vn 0.3678 -0.1697 0.9143
vn 0.1545 -0.2561 0.9542
vn -0.4662 -0.1554 0.8709
vn -0.3970 -0.2384 0.8863
vn -0.3348 -0.2130 0.9179
vn -0.2687 -0.3627 0.8923
vn -0.3837 -0.0579 0.9216
vn -0.3929 -0.1054 0.9135
vn -0.4243 -0.1032 0.8996
vn -0.5198 -0.0962 0.8488
vn -0.5354 -0.0856 0.8402
vn -0.4060 -0.1002 0.9083
vn 0.4292 0.2264 0.8744
vn 0.5337 0.3399 0.7743
vn 0.3335 0.2569 0.9071
vn 0.4366 0.2024 0.8766
vn 0.5157 0.2015 0.8327
vn 0.3557 0.1768 0.9177
vn 0.5206 0.0309 0.8532
vn 0.4254 0.1053 0.8989
vn 0.5566 0.0706 0.8277
vn 0.0417 0.0765 0.9962
vn 0.2338 0.0278 0.9719
vn -0.0669 -0.2918 0.9541
vn 0.2773 -0.1893 0.9419
vn 0.3219 -0.4229 0.8471
vn 0.3571 -0.3476 0.8670
vn 0.3321 -0.4056 0.8516
vn 0.3879 -0.3685 0.8448
vn 0.4871 -0.1358 0.8627
vn -0.1767 -0.0735 0.9815
vn -0.1775 -0.0262 0.9838
vn -0.3619 -0.1336 0.9226
vn -0.3883 -0.1595 0.9076
vn -0.1454 -0.4091 0.9008
vn -0.4951 -0.0474 0.8676
vn 0.2830 0.0487 0.9579
vn 0.4677 0.2488 0.8482
vn 0.4715 0.2461 0.8468
vn 0.4831 0.2656 0.8343
vn 0.4728 0.3775 0.7962
vn 0.4375 0.1955 0.8777
vn 0.4750 0.2395 0.8468
vn 0.0934 0.0858 0.9919
vn 0.0074 -0.3785 0.9256
vn 0.1354 -0.3573 0.9241
vn 0.3165 -0.3999 0.8602
vn 0.3630 -0.4228 0.8304
vn 0.2962 -0.4928 0.8182
vn 0.3957 -0.5198 0.7571
vn 0.6547 -0.3960 0.6439
vn 0.5007 -0.4003 0.7675
vn 0.5189 -0.4005 0.7552
vn 0.5253 -0.3433 0.7785
vn 0.4318 -0.1423 0.8907
vn 0.3646 -0.3428 0.8658
vn 0.3163 -0.3755 0.8712
vn -0.3131 -0.0772 0.9466
vn -0.2605 -0.3362 0.9051
vn -0.2301 -0.3537 0.9066
vn -0.0475 -0.3998 0.9154
vn -0.1207 -0.3599 0.9251
vn -0.4831 -0.0112 0.8755
vn -0.4552 -0.0122 0.8903
vn -0.4959 -0.0304 0.8678
vn -0.5092 -0.0273 0.8602
vn -0.1453 -0.2500 0.9573
vn 0.0804 -0.2930 0.9527
vn 0.4717 0.2255 0.8525
vn 0.4303 0.2790 0.8585
vn 0.1667 -0.1222 0.9784
vn 0.2121 -0.0729 0.9745
vn 0.1430 -0.3593 0.9222
vn 0.3930 -0.2690 0.8793
vn 0.3941 -0.2506 0.8842
vn 0.6172 -0.2219 0.7548
vn 0.3652 -0.5308 0.7648
vn 0.3816 -0.5272 0.7593
vn 0.4179 -0.1092 0.9019
vn 0.4023 -0.4595 0.7918
vn 0.2990 -0.4015 0.8657
vn -0.1684 -0.1776 0.9696
vn -0.1573 -0.0596 0.9857
vn -0.4919 -0.0471 0.8694
vn -0.5886 -0.0257 0.8080
vn -0.4623 -0.1115 0.8797
vn -0.4331 -0.1782 0.8836
vn -0.3709 -0.1300 0.9195
vn -0.2059 -0.1572 0.9659
vn 0.3952 -0.0475 0.9174
vn 0.1856 -0.0278 0.9822
vn 0.2916 0.2473 0.9240
vn 0.4532 0.2380 0.8590
vn 0.4547 0.2780 0.8461
vn 0.4559 0.2778 0.8456
vn 0.4615 0.2730 0.8441
vn 0.4147 0.2526 0.8742
vn 0.4604 0.2434 0.8537
vn 0.4760 0.2678 0.8377
vn 0.5157 0.0304 0.8562
vn 0.5580 -0.0848 0.8255
vn 0.6451 -0.1095 0.7562
vn 0.1275 0.2207 0.9670
vn 0.1784 0.0774 0.9809
vn 0.1857 -0.1666 0.9684
vn 0.2571 -0.0948 0.9617
vn 0.5498 -0.4444 0.7073
vn 0.4291 -0.3807 0.8191
vn 0.3969 -0.1485 0.9058
vn 0.2824 -0.6051 0.7444
vn 0.3418 0.1129 0.9330
vn 0.2700 0.1552 0.9503
vn -0.3478 -0.0350 0.9369
vn -0.4614 0.0024 0.8872
vn -0.1271 -0.2148 0.9683
vn 0.0578 -0.2151 0.9749
vn 0.4717 0.2537 0.8445
vn 0.4467 0.2645 0.8547
vn 0.4519 0.2550 0.8549
vn 0.5147 0.2373 0.8239
vn 0.4395 0.2140 0.8724
vn 0.4820 0.0981 0.8707
vn 0.5406 -0.0625 0.8389
vn 0.1355 -0.0308 0.9903
vn 0.2637 -0.1152 0.9577
vn 0.1583 -0.1301 0.9788
vn 0.2263 -0.1661 0.9598
vn 0.1928 -0.0459 0.9802
vn 0.0092 -0.2323 0.9726
vn 0.2072 -0.3463 0.9149
vn 0.3843 -0.2627 0.8851
vn 0.4265 -0.2729 0.8623
vn 0.6028 -0.1890 0.7752
vn 0.6356 -0.1451 0.7583
vn 0.3653 -0.4312 0.8250
vn 0.3624 -0.2631 0.8941
vn 0.3955 -0.2203 0.8917
vn 0.4756 -0.1092 0.8729
vn 0.2454 -0.5166 0.8203
vn -0.6898 -0.7211 -0.0643
vn -0.2416 -0.0815 0.9669
vn -0.2515 -0.1399 0.9577
vn -0.3872 -0.1880 0.9026
vn -0.4021 -0.2176 0.8894
vn -0.2442 -0.3010 0.9218
vn -0.1569 -0.3903 0.9072
vn -0.3378 -0.1130 0.9344
vn -0.5038 0.0144 0.8637
vn -0.4970 -0.0336 0.8671
vn -0.5132 -0.0190 0.8580
vn -0.1536 -0.2127 0.9650
vn -0.0429 -0.1869 0.9814
vn 0.5319 0.1513 0.8332
vn 0.4262 0.1039 0.8986
vn 0.4796 0.1215 0.8690
vn 0.6410 -0.0156 0.7674
vn 0.1806 0.1076 0.9776
vn 0.1947 -0.3025 0.9331
vn 0.1525 -0.1813 0.9715
vn 0.0656 -0.2310 0.9707
vn 0.4058 -0.2836 0.8689
vn 0.4102 -0.2611 0.8738
vn 0.6500 -0.1526 0.7444
vn 0.3780 -0.2542 0.8902
vn 0.3548 -0.2417 0.9032
vn 0.3691 -0.2477 0.8958
vn 0.4883 -0.1456 0.8605
vn 0.5044 -0.1401 0.8520
vn 0.5118 -0.1473 0.8464
vn 0.2933 0.5301 0.7956
vn -0.1895 -0.3887 0.9016
vn -0.2246 -0.3963 0.8902
vn -0.2228 -0.3977 0.8900
vn -0.0844 -0.4147 0.9061
vn -0.4218 0.0346 0.9060
vn -0.4569 0.0521 0.8880
vn -0.1155 -0.2643 0.9575
vn 0.2040 0.1369 0.9694
vn 0.3780 0.3611 0.8525
vn 0.4661 0.3235 0.8235
vn 0.4506 0.2310 0.8623
vn 0.4957 0.1079 0.8618
vn 0.5205 0.1096 0.8468
vn 0.4589 0.0321 0.8879
vn 0.2217 0.1892 0.9566
vn 0.1407 0.1116 0.9837
vn 0.1692 0.1402 0.9756
vn 0.2617 -0.3610 0.8951
vn 0.3096 -0.5225 0.7944
vn 0.3791 -0.4540 0.8063
vn 0.3380 -0.4153 0.8446
vn 0.3220 -0.4280 0.8445
vn 0.3382 0.4569 0.8227
vn 0.4798 0.1715 0.8604
vn 0.5862 0.1847 0.7888
vn 0.3373 0.3383 0.8785
vn 0.0481 0.5177 0.8542
vn 0.3265 0.4920 0.8070
vn 0.2801 -0.0935 0.9554
vn -0.2526 0.1056 0.9618
vn -0.1789 -0.0860 0.9801
vn -0.1800 -0.0782 0.9805
vn -0.4817 0.0955 0.8711
vn -0.4538 0.0576 0.8892
vn -0.4976 -0.0335 0.8668
vn -0.4684 -0.0497 0.8821
vn -0.5046 -0.0625 0.8611
vn -0.3064 -0.1019 0.9464
vn -0.1134 -0.2281 0.9670
vn 0.2315 0.1808 0.9559
vn 0.4881 0.2953 0.8213
vn 0.4770 0.2131 0.8527
vn 0.5459 0.0854 0.8335
vn 0.5019 0.0149 0.8648
vn 0.0969 0.1078 0.9894
vn 0.1965 0.0543 0.9790
vn 0.2644 0.1133 0.9577
vn 0.2531 0.0761 0.9645
vn 0.2061 0.0642 0.9764
vn 0.1877 0.6100 0.7698
vn 0.2945 0.5010 0.8138
vn 0.3319 0.5201 0.7870
vn 0.5258 0.2372 0.8169
vn 0.6003 0.2151 0.7703
vn 0.3830 0.4849 0.7863
vn 0.4376 -0.1026 0.8933
vn 0.4406 0.2383 0.8655
vn 0.4515 -0.2496 0.8566
vn 0.3235 0.1815 0.9287
vn 0.3513 0.1993 0.9148
vn 0.2768 -0.1393 0.9508
vn 0.5391 -0.2498 0.8043
vn -0.0896 -0.0827 0.9925
vn -0.3724 -0.3657 0.8530
vn -0.1767 -0.3386 0.9242
vn -0.3616 -0.1451 0.9210
vn -0.4391 0.0650 0.8961
vn -0.4908 -0.0608 0.8691
vn -0.4786 -0.0659 0.8755
vn -0.1819 -0.2015 0.9624
vn -0.1561 -0.1963 0.9680
vn 0.1925 0.1543 0.9691
vn 0.2116 0.1753 0.9615
vn 0.4717 0.2916 0.8321
vn 0.4559 0.3070 0.8354
vn 0.5037 0.1245 0.8548
vn 0.4574 0.0717 0.8864
vn 0.5494 0.0903 0.8307
vn 0.6219 0.2388 0.7458
vn 0.1457 0.1355 0.9800
vn 0.2323 0.1415 0.9623
vn 0.1614 0.1025 0.9816
vn 0.2687 0.0916 0.9589
vn 0.2181 0.1162 0.9690
vn 0.1380 0.3580 0.9235
vn 0.3433 0.5110 0.7881
vn 0.5176 0.2160 0.8279
vn 0.5150 0.1093 0.8502
vn 0.4372 0.2081 0.8749
vn 0.5491 0.1729 0.8176
vn 0.4715 0.3051 0.8274
vn 0.3050 0.4066 0.8612
vn 0.3113 0.1850 0.9321
vn -0.2354 -0.2327 0.9436
vn -0.2506 -0.2343 0.9393
vn -0.4081 -0.0394 0.9121
vn -0.4919 -0.0446 0.8695
vn -0.2755 -0.1922 0.9419
vn -0.4525 0.0543 0.8901
vn -0.4604 0.0560 0.8859
vn -0.4609 0.0078 0.8874
vn -0.4724 0.0159 0.8813
vn -0.1167 -0.2293 0.9663
vn -0.1176 -0.2147 0.9696
vn 0.0228 -0.1258 0.9918
vn 0.0047 -0.1883 0.9821
vn 0.4872 0.2539 0.8356
vn 0.5145 0.1791 0.8386
vn 0.4684 0.2050 0.8594
vn 0.5022 0.1202 0.8564
vn 0.5496 0.1194 0.8268
vn 0.4427 0.0774 0.8933
vn 0.5548 0.0990 0.8261
vn 0.4211 0.0987 0.9016
vn 0.5276 0.1623 0.8338
vn 0.3443 -0.0183 0.9387
vn 0.1071 0.0848 0.9906
vn 0.1254 -0.0147 0.9920
vn 0.1737 0.1002 0.9797
vn 0.2160 0.1230 0.9686
vn 0.3509 0.0852 0.9325
vn 0.3790 0.4549 0.8059
vn 0.3024 0.4030 0.8638
vn 0.3983 0.3738 0.8376
vn 0.1005 -0.1860 0.9774
vn -0.2375 -0.0587 0.9696
vn -0.4090 -0.0638 0.9103
vn -0.4964 0.0742 0.8649
vn -0.4425 0.0314 0.8962
vn -0.4528 0.1682 0.8756
vn -0.4893 0.0138 0.8720
vn -0.1264 -0.2365 0.9634
vn -0.1885 -0.1777 0.9659
vn 0.1708 -0.2118 0.9623
vn -0.0249 -0.1194 0.9925
vn -0.1023 -0.0429 0.9938
vn 0.2589 0.0429 0.9650
vn 0.5330 0.2476 0.8091
vn 0.4943 0.1255 0.8602
vn 0.5385 0.1528 0.8286
vn 0.6168 0.1403 0.7745
vn 0.1383 0.2243 0.9647
vn 0.0726 0.3142 0.9466
vn 0.2653 0.3251 0.9077
vn 0.4482 0.2762 0.8502
vn 0.4745 0.2844 0.8331
vn 0.3343 0.3289 0.8832
vn -0.1666 -0.1502 0.9745
vn -0.1240 -0.0904 0.9882
vn -0.2142 -0.3097 0.9264
vn -0.4102 -0.0652 0.9097
vn -0.4528 0.0709 0.8888
vn -0.1784 -0.1884 0.9658
vn 0.1403 0.1028 0.9848
vn 0.4923 0.2441 0.8355
vn 0.4827 0.1840 0.8562
vn 0.5448 0.1430 0.8263
vn 0.4393 0.0799 0.8948
vn 0.4884 0.1287 0.8631
vn 0.0331 0.1045 0.9940
vn 0.2366 0.1974 0.9513
vn 0.1555 0.1513 0.9762
vn 0.1755 0.2041 0.9631
vn 0.2890 0.1273 0.9488
vn 0.4567 0.3683 0.8098
vn 0.5149 0.2214 0.8281
vn 0.6036 0.1662 0.7798
vn 0.4559 0.3665 0.8111
vn 0.4766 0.2300 0.8485
vn 0.3013 0.3799 0.8746
vn -0.2446 -0.1445 0.9588
vn -0.1871 -0.3204 0.9286
vn -0.3221 -0.1199 0.9391
vn -0.4314 0.2123 0.8769
vn -0.3996 0.1659 0.9016
vn -0.4322 0.0700 0.8991
vn -0.4214 -0.1146 0.8996
vn -0.2467 -0.2033 0.9475
vn -0.1109 -0.2603 0.9591
vn -0.0453 -0.2217 0.9741
vn -0.1019 -0.4821 0.8702
vn 0.6033 0.1624 0.7808
vn 0.4620 0.1777 0.8689
vn 0.0247 0.1057 0.9941
vn 0.2078 0.1747 0.9625
vn 0.2041 0.0798 0.9757
vn 0.0724 0.2655 0.9614
vn 0.2555 0.3440 0.9035
vn 0.2752 0.3365 0.9006
vn 0.3003 0.2932 0.9076
vn 0.4326 0.2974 0.8511
vn 0.2911 0.3602 0.8863
vn 0.3863 0.2903 0.8755
vn 0.2928 0.2835 0.9132
vn 0.3998 0.3720 0.8377
vn -0.2534 -0.3101 0.9163
vn -0.2566 -0.1644 0.9524
vn -0.4813 0.0895 0.8720
vn -0.5629 0.1455 0.8136
vn -0.5063 -0.0444 0.8612
vn -0.1168 -0.2425 0.9631
vn -0.1132 -0.2375 0.9648
vn 0.1311 0.0267 0.9910
vn 0.5189 0.1698 0.8378
vn 0.4860 0.0318 0.8734
vn 0.5502 0.0685 0.8322
vn 0.1551 0.1162 0.9810
vn 0.1004 0.1408 0.9849
vn 0.2053 0.1632 0.9650
vn 0.1245 0.1730 0.9770
vn 0.4738 0.3337 0.8150
vn 0.6242 0.2563 0.7381
vn 0.4972 0.2681 0.8252
vn 0.5019 0.3332 0.7982
vn 0.3393 0.3687 0.8654
vn 0.4035 0.3253 0.8552
vn 0.4037 0.3250 0.8552
vn 0.1195 -0.2375 0.9640
vn -0.1083 -0.1526 0.9823
vn -0.1521 -0.1309 0.9797
vn -0.3638 0.1142 0.9245
vn -0.3976 0.1264 0.9088
vn -0.4940 0.0749 0.8662
vn -0.4543 0.0903 0.8862
vn -0.4401 0.0740 0.8949
vn -0.4840 0.0883 0.8706
vn -0.3967 0.2206 0.8910
vn -0.4809 -0.0021 0.8768
vn -0.4069 -0.0392 0.9126
vn -0.0420 -0.2276 0.9728
vn -0.0947 -0.0686 0.9931
vn 0.4837 0.1041 0.8690
vn 0.5766 0.0891 0.8121
vn 0.5204 0.1556 0.8396
vn 0.4570 0.1636 0.8743
vn 0.5962 -0.1945 0.7789
vn 0.0272 0.1183 0.9926
vn 0.2794 0.1791 0.9433
vn 0.2694 0.1683 0.9482
vn 0.0146 0.2285 0.9734
vn 0.5243 0.2121 0.8247
vn 0.4255 0.3883 0.8174
vn 0.5356 0.0904 0.8396
vn 0.5149 0.0975 0.8517
vn 0.6445 0.1015 0.7579
vn -0.1381 -0.2351 0.9621
vn -0.2463 0.0431 0.9682
vn -0.4816 0.2133 0.8500
vn -0.4052 0.1514 0.9016
vn -0.4661 0.1760 0.8671
vn -0.2714 0.1533 0.9502
vn -0.4336 0.1074 0.8947
vn -0.3425 0.0159 0.9394
vn -0.4036 -0.1112 0.9081
vn -0.1176 -0.2525 0.9604
vn 0.4943 0.0978 0.8638
vn 0.4830 0.1845 0.8559
vn 0.5055 0.0973 0.8574
vn 0.5092 0.0900 0.8559
vn 0.4940 0.0949 0.8643
vn 0.6296 -0.1032 0.7701
vn 0.3037 -0.0178 0.9526
vn 0.2813 0.1595 0.9463
vn -0.0712 0.2673 0.9610
vn 0.1563 0.2143 0.9642
vn 0.1169 0.2084 0.9710
vn 0.3579 0.1832 0.9156
vn 0.4705 0.2466 0.8472
vn 0.3695 0.1443 0.9180
vn 0.3307 0.4061 0.8519
vn 0.3470 0.3927 0.8517
vn -0.2472 -0.1327 0.9598
vn -0.3063 0.1344 0.9424
vn -0.3774 0.1328 0.9165
vn -0.4415 0.1026 0.8914
vn -0.1138 -0.2313 0.9662
vn -0.1288 -0.2115 0.9689
vn -0.0469 -0.1990 0.9789
vn -0.1252 -0.1541 0.9801
vn 0.2034 -0.0080 0.9791
vn 0.3369 0.0080 0.9415
vn 0.5796 0.0102 0.8148
vn 0.5041 0.0912 0.8588
vn 0.5496 0.0971 0.8298
vn 0.4927 0.0826 0.8663
vn 0.5189 0.0758 0.8514
vn 0.5309 0.0552 0.8456
vn 0.1669 0.0264 0.9856
vn 0.1998 -0.0391 0.9790
vn 0.2534 -0.0160 0.9672
vn 0.2346 0.1590 0.9590
vn 0.3315 0.1961 0.9228
vn 0.5688 0.1627 0.8062
vn 0.5790 0.1191 0.8066
vn 0.4308 0.2507 0.8669
vn 0.4058 0.4060 0.8189
vn 0.3927 0.3935 0.8313
vn 0.6799 0.0711 0.7298
vn -0.3017 -0.0752 0.9504
vn -0.2385 -0.1334 0.9619
vn -0.0897 -0.2230 0.9707
vn -0.1255 -0.2433 0.9618
vn -0.0455 -0.2010 0.9785
vn -0.1292 -0.1567 0.9792
vn 0.6730 -0.0199 0.7394
vn 0.4746 0.1123 0.8730
vn 0.5387 0.0312 0.8420
vn 0.6302 0.1546 0.7609
vn 0.0064 0.0477 0.9988
vn 0.2175 -0.0481 0.9749
vn 0.0790 0.2274 0.9706
vn 0.4042 0.4776 0.7801
vn 0.2880 0.2959 0.9108
vn 0.3521 0.2856 0.8913
vn -0.2638 -0.1684 0.9497
vn -0.1013 -0.1425 0.9846
vn -0.1554 0.2848 0.9459
vn -0.3901 0.0662 0.9184
vn -0.4318 -0.0144 0.9019
vn -0.5150 -0.0228 0.8569
vn -0.4626 -0.0319 0.8860
vn -0.5423 0.0450 0.8390
vn -0.2348 -0.2254 0.9456
vn -0.0402 -0.2882 0.9567
vn 0.5276 -0.0020 0.8495
vn 0.5450 0.0783 0.8348
vn 0.5252 0.0393 0.8501
vn 0.4871 0.2322 0.8419
vn 0.1223 0.0533 0.9911
vn 0.2444 0.0354 0.9690
vn 0.2573 0.0054 0.9663
vn 0.2961 0.4967 0.8159
vn 0.3806 0.4719 0.7952
vn 0.3350 0.4175 0.8447
vn 0.4324 0.3604 0.8265
vn 0.4876 -0.0620 0.8709
vn 0.6030 -0.1573 0.7821
vn -0.2001 -0.0665 0.9775
vn -0.3048 -0.0509 0.9510
vn -0.3793 0.0590 0.9234
vn -0.4510 -0.0594 0.8905
vn -0.3782 -0.1980 0.9043
vn -0.2228 -0.2101 0.9520
vn -0.0919 -0.2148 0.9723
vn -0.1262 -0.2281 0.9654
vn -0.1370 -0.2157 0.9668
vn -0.1243 -0.1549 0.9801
vn 0.0607 -0.1067 0.9924
vn 0.3901 -0.1446 0.9093
vn 0.4871 -0.0401 0.8724
vn 0.4829 0.0022 0.8757
vn 0.2761 0.0001 0.9611
vn 0.2486 -0.0008 0.9686
vn 0.0740 0.2143 0.9740
vn 0.0326 0.1962 0.9800
vn 0.1241 0.1686 0.9778
vn 0.5314 0.3037 0.7908
vn 0.6482 0.2189 0.7293
vn 0.4966 0.4458 0.7448
vn 0.3368 0.4035 0.8507
vn 0.3021 0.4142 0.8586
vn -0.1918 -0.1785 0.9651
vn -0.2291 -0.1640 0.9595
vn -0.2318 -0.0856 0.9690
vn -0.4694 0.0402 0.8821
vn -0.4279 -0.2083 0.8795
vn -0.2501 -0.0320 0.9677
vn -0.2448 -0.0353 0.9689
vn -0.3520 -0.0883 0.9318
vn -0.3829 -0.0950 0.9189
vn -0.1288 -0.2251 0.9658
vn -0.0946 -0.3032 0.9482
vn 0.5796 -0.0380 0.8140
vn 0.5202 -0.0872 0.8496
vn 0.4988 0.0183 0.8666
vn 0.5247 -0.0440 0.8501
vn 0.5694 0.0507 0.8205
vn 0.5504 0.1198 0.8263
vn 0.3489 0.0549 0.9356
vn 0.1279 0.0556 0.9902
vn 0.0171 0.0416 0.9990
vn 0.2074 0.0353 0.9776
vn 0.1158 0.1838 0.9761
vn 0.3261 -0.0537 0.9438
vn 0.3006 0.2006 0.9324
vn 0.4538 0.1631 0.8761
vn 0.2790 0.4620 0.8418
vn 0.3668 0.4849 0.7939
vn 0.2862 0.4513 0.8452
vn 0.5575 0.0002 0.8302
vn 0.5990 -0.0443 0.7995
vn -0.2614 -0.0368 0.9645
vn -0.4194 0.0215 0.9076
vn -0.5177 -0.0290 0.8551
vn -0.5216 -0.0957 0.8478
vn -0.3482 -0.0920 0.9329
vn -0.3115 -0.1494 0.9384
vn -0.2148 -0.2207 0.9514
vn -0.1086 -0.2447 0.9635
vn -0.1419 -0.1775 0.9738
vn 0.3420 -0.1099 0.9333
vn 0.3610 -0.1164 0.9253
vn 0.5000 -0.0668 0.8634
vn 0.5483 -0.0662 0.8336
vn 0.4922 -0.0221 0.8702
vn 0.4855 -0.0197 0.8740
vn 0.5131 -0.1399 0.8469
vn 0.4956 0.0218 0.8683
vn 0.2929 0.0658 0.9539
vn 0.2744 -0.0048 0.9616
vn 0.2308 0.0034 0.9730
vn 0.2496 0.5312 0.8097
vn 0.4575 0.4415 0.7719
vn 0.2610 0.4356 0.8615
vn 0.1682 0.5027 0.8480
vn -0.4026 0.0223 0.9151
vn -0.4484 -0.0586 0.8919
vn -0.2290 -0.3039 0.9248
vn -0.3024 -0.2027 0.9314
vn -0.0964 -0.2193 0.9709
vn -0.1530 -0.1754 0.9725
vn 0.6071 -0.0532 0.7928
vn 0.0197 0.0388 0.9991
vn 0.2397 -0.0217 0.9706
vn 0.1880 0.0043 0.9822
vn 0.0860 0.1438 0.9859
vn 0.0543 0.2548 0.9655
vn 0.1304 0.1534 0.9795
vn 0.2015 0.1511 0.9678
vn 0.2960 0.1911 0.9359
vn 0.3766 0.3541 0.8560
vn 0.4796 0.3385 0.8096
vn 0.4136 0.4643 0.7831
vn -0.1641 -0.2641 0.9504
vn -0.3890 0.0030 0.9212
vn -0.3581 -0.0975 0.9286
vn -0.5369 0.0143 0.8435
vn -0.4462 -0.0469 0.8937
vn -0.2345 -0.2623 0.9361
vn -0.1194 -0.1921 0.9741
vn -0.0815 -0.2815 0.9561
vn 0.5258 -0.1085 0.8436
vn 0.4674 -0.0753 0.8808
vn 0.2494 -0.0037 0.9684
vn 0.0395 0.2271 0.9731
vn 0.3419 0.5525 0.7602
vn 0.3580 0.4328 0.8274
vn 0.3619 0.3452 0.8660
vn 0.4546 0.3239 0.8297
vn 0.3341 0.4193 0.8441
vn 0.3475 0.3621 0.8650
vn 0.4280 -0.1016 0.8980
vn 0.6172 0.1067 0.7796
vn -0.2924 -0.2237 0.9298
vn -0.2602 -0.0303 0.9651
vn -0.4471 -0.0546 0.8928
vn -0.5431 -0.0133 0.8396
vn -0.3445 -0.3848 0.8563
vn -0.2745 -0.1654 0.9472
vn -0.1099 -0.2978 0.9483
vn -0.1593 -0.2031 0.9661
vn -0.1478 -0.1617 0.9757
vn 0.1475 -0.3293 0.9327
vn 0.5731 -0.1141 0.8115
vn 0.5471 -0.0737 0.8338
vn 0.4815 -0.0620 0.8742
vn 0.5483 -0.0939 0.8310
vn 0.4976 -0.0470 0.8661
vn 0.2693 -0.0165 0.9629
vn 0.0782 0.2407 0.9675
vn 0.3069 0.1800 0.9346
vn 0.3436 0.2046 0.9165
vn 0.4020 0.3258 0.8557
vn 0.5519 0.1663 0.8171
vn -0.2387 0.0227 0.9708
vn -0.4172 -0.1325 0.8991
vn -0.3721 -0.1648 0.9134
vn -0.3709 -0.1643 0.9140
vn -0.3419 -0.1519 0.9274
vn -0.2667 -0.1882 0.9452
vn -0.1842 -0.2440 0.9521
vn -0.0288 -0.2350 0.9716
vn -0.0979 -0.3032 0.9479
vn -0.1832 -0.2069 0.9611
vn 0.5077 -0.0834 0.8575
vn 0.5117 -0.0526 0.8576
vn 0.5702 0.0083 0.8214
vn 0.2823 -0.0373 0.9586
vn 0.1336 0.1579 0.9784
vn 0.3462 0.2028 0.9160
vn 0.4193 0.2943 0.8588
vn 0.4742 0.3333 0.8149
vn 0.4097 0.3869 0.8261
vn 0.3116 0.3049 0.9000
vn -0.2656 -0.0220 0.9638
vn -0.2696 -0.0253 0.9626
vn -0.3620 -0.1543 0.9193
vn -0.3661 -0.1401 0.9199
vn -0.4509 -0.0177 0.8924
vn -0.1798 -0.3352 0.9248
vn 0.5602 -0.1613 0.8125
vn 0.5154 -0.0414 0.8560
vn -0.0206 0.3575 0.9337
vn 0.5674 0.0171 0.8233
vn 0.4960 -0.0439 0.8672
vn 0.0297 -0.0665 0.9973
vn 0.2335 -0.0027 0.9723
vn 0.1362 0.1282 0.9824
vn 0.3919 0.3270 0.8600
vn 0.3959 0.3347 0.8551
vn 0.3708 0.3332 0.8669
vn 0.3130 0.3043 0.8997
vn 0.4279 -0.1059 0.8976
vn 0.5499 -0.1819 0.8152
vn -0.3487 -0.0183 0.9371
vn -0.2183 -0.0035 0.9759
vn -0.5006 -0.1299 0.8559
vn -0.4789 0.0211 0.8776
vn -0.4455 -0.0854 0.8912
vn -0.0128 -0.4448 0.8955
vn -0.1915 -0.1693 0.9668
vn -0.1715 -0.1791 0.9688
vn -0.0114 -0.1796 0.9837
vn 0.3311 -0.1961 0.9230
vn 0.5078 -0.0470 0.8602
vn 0.5060 -0.0559 0.8607
vn 0.1290 0.0183 0.9915
vn 0.1745 -0.1058 0.9790
vn 0.0432 0.2374 0.9705
vn 0.0334 0.2429 0.9695
vn 0.0804 0.1940 0.9777
vn 0.1930 0.1121 0.9748
vn 0.3072 0.1880 0.9329
vn 0.4208 0.2576 0.8698
vn 0.3925 0.3169 0.8634
vn 0.3687 0.2399 0.8980
vn 0.4753 -0.0684 0.8772
vn -0.3431 -0.0224 0.9390
vn -0.2875 -0.0046 0.9578
vn -0.2195 -0.0164 0.9755
vn -0.5270 -0.0593 0.8478
vn -0.4527 -0.0933 0.8868
vn -0.3751 -0.1692 0.9114
vn -0.3771 -0.1582 0.9126
vn -0.3568 -0.1630 0.9199
vn -0.2660 -0.1868 0.9457
vn -0.1099 -0.2728 0.9558
vn -0.1215 -0.2503 0.9605
vn 0.5016 -0.1417 0.8534
vn 0.4470 -0.0827 0.8907
vn 0.4717 -0.0857 0.8776
vn 0.4924 -0.0995 0.8646
vn 0.5061 -0.1172 0.8545
vn 0.4728 -0.0414 0.8802
vn 0.5004 -0.0411 0.8648
vn 0.1794 -0.0080 0.9837
vn 0.1748 0.1302 0.9760
vn 0.0700 0.1931 0.9787
vn 0.1685 0.1550 0.9734
vn 0.1532 0.1093 0.9821
vn 0.3200 0.2688 0.9085
vn 0.2193 0.3549 0.9088
vn 0.4380 0.2394 0.8665
vn 0.3711 0.2169 0.9029
vn -0.2521 -0.0691 0.9652
vn -0.3126 -0.0536 0.9484
vn -0.4151 -0.0955 0.9048
vn -0.5349 -0.0919 0.8399
vn -0.4628 -0.0427 0.8855
vn -0.2621 -0.1893 0.9463
vn -0.3311 -0.2373 0.9133
vn -0.1309 -0.2399 0.9619
vn -0.0732 -0.4570 0.8865
vn -0.1312 -0.2570 0.9575
vn -0.1631 -0.1916 0.9678
vn -0.1798 -0.1692 0.9690
vn -0.0412 -0.2215 0.9743
vn 0.4822 -0.1034 0.8699
vn 0.5132 -0.1368 0.8473
vn 0.3768 0.0623 0.9242
vn 0.2908 0.0243 0.9565
vn 0.2202 0.0313 0.9749
vn 0.1752 0.1198 0.9772
vn 0.4363 0.3215 0.8404
vn 0.4677 -0.1727 0.8669
vn -0.5351 -0.0617 0.8425
vn -0.3981 -0.1132 0.9103
vn -0.2661 -0.1569 0.9511
vn -0.2358 -0.1901 0.9530
vn 0.3414 -0.2040 0.9175
vn 0.4235 -0.2225 0.8781
vn 0.4995 -0.1156 0.8585
vn 0.5392 -0.1003 0.8362
vn 0.3733 -0.0047 0.9277
vn 0.2363 0.0250 0.9714
vn 0.2222 0.0317 0.9745
vn 0.0402 0.2363 0.9708
vn 0.0766 0.1143 0.9905
vn 0.1130 0.1555 0.9813
vn 0.1516 0.2495 0.9564
vn 0.4155 0.2057 0.8860
vn 0.3624 0.2072 0.9087
vn -0.1567 -0.0770 0.9846
vn -0.2783 -0.1536 0.9481
vn -0.4004 -0.1074 0.9100
vn -0.4644 -0.0498 0.8842
vn -0.4046 -0.2237 0.8867
vn -0.2647 -0.1595 0.9510
vn -0.0742 -0.1787 0.9811
vn 0.3751 -0.1752 0.9103
vn 0.5035 -0.0631 0.8617
vn 0.4245 -0.1393 0.8946
vn 0.5171 0.0221 0.8557
vn 0.1787 -0.0193 0.9837
vn 0.2515 0.1306 0.9590
vn 0.3025 0.1708 0.9377
vn 0.4623 0.1498 0.8740
vn 0.3908 0.1837 0.9019
vn 0.4023 0.1766 0.8983
vn 0.4067 0.2137 0.8882
vn 0.4866 0.1103 0.8666
vn 0.4607 -0.1608 0.8728
vn -0.3484 -0.0425 0.9364
vn -0.3182 -0.1398 0.9376
vn -0.3695 -0.1667 0.9142
vn -0.5216 -0.1765 0.8348
vn -0.3081 -0.2020 0.9297
vn -0.1924 -0.2230 0.9556
vn -0.2982 -0.3058 0.9042
vn 0.4717 -0.0348 0.8811
vn 0.4278 -0.0675 0.9014
vn 0.5272 0.0075 0.8497
vn 0.2445 -0.1383 0.9597
vn 0.1738 0.0718 0.9822
vn 0.2374 0.0787 0.9682
vn 0.3415 0.1623 0.9258
vn 0.4263 0.1873 0.8850
vn 0.3775 0.2373 0.8951
vn -0.1526 -0.1398 0.9783
vn -0.3315 -0.1923 0.9237
vn -0.4150 -0.1986 0.8879
vn -0.0421 -0.3459 0.9373
vn -0.0511 -0.3414 0.9385
vn -0.1214 -0.3622 0.9241
vn 0.0057 -0.5653 0.8249
vn -0.2510 -0.2545 0.9339
vn 0.1578 -0.3012 0.9404
vn 0.4947 -0.1413 0.8575
vn 0.4814 -0.1068 0.8700
vn 0.4915 -0.0564 0.8690
vn 0.5364 -0.0163 0.8438
vn 0.3230 0.0265 0.9460
vn 0.1315 -0.0052 0.9913
vn 0.0509 0.1637 0.9852
vn 0.1039 0.1287 0.9862
vn 0.0894 0.0975 0.9912
vn 0.4221 0.1787 0.8888
vn 0.4013 0.1905 0.8959
vn 0.4644 -0.0570 0.8838
vn -0.2667 -0.1052 0.9580
vn -0.2833 -0.1681 0.9442
vn -0.2364 -0.0117 0.9716
vn -0.5175 -0.1680 0.8390
vn -0.4606 -0.1949 0.8659
vn -0.5209 -0.0805 0.8498
vn -0.3193 -0.1657 0.9330
vn -0.4267 -0.1238 0.8959
vn -0.2026 -0.2850 0.9369
vn 0.2897 -0.2183 0.9319
vn 0.3724 -0.1482 0.9162
vn 0.4622 -0.1689 0.8706
vn 0.4806 -0.1291 0.8674
vn 0.4792 -0.0651 0.8753
vn 0.4881 0.0156 0.8727
vn 0.4584 0.0891 0.8843
vn 0.1686 0.0603 0.9838
vn 0.2387 0.0746 0.9682
vn 0.4165 0.1609 0.8948
vn 0.4008 0.1731 0.8997
vn 0.3864 -0.1659 0.9073
vn 0.4436 -0.0356 0.8955
vn -0.3571 -0.0260 0.9337
vn -0.1800 -0.1979 0.9636
vn -0.2263 -0.0194 0.9739
vn -0.2549 -0.0426 0.9660
vn -0.4358 -0.1534 0.8869
vn -0.5214 -0.1513 0.8398
vn -0.3120 -0.1949 0.9299
vn 0.0154 -0.4198 0.9075
vn -0.1166 -0.3647 0.9238
vn 0.0189 0.0304 0.9994
vn 0.1374 -0.2529 0.9577
vn 0.4583 -0.0612 0.8867
vn 0.2069 0.2279 0.9515
vn 0.1350 0.0009 0.9908
vn 0.0926 0.0785 0.9926
vn 0.2046 0.0744 0.9760
vn 0.3781 0.1202 0.9179
vn 0.3547 0.1341 0.9253
vn -0.1939 -0.1209 0.9735
vn -0.4084 -0.1486 0.9006
vn -0.4284 -0.1586 0.8896
vn -0.4812 -0.1457 0.8644
vn -0.4379 -0.2695 0.8577
vn -0.3029 -0.1761 0.9366
vn -0.3316 -0.1922 0.9236
vn -0.4407 -0.1486 0.8853
vn -0.0814 -0.3575 0.9304
vn -0.1949 -0.2627 0.9450
vn -0.1334 -0.3032 0.9435
vn -0.4799 -0.1617 0.8623
vn -0.2707 -0.2543 0.9285
vn -0.2295 -0.2662 0.9362
vn 0.4570 -0.1687 0.8733
vn 0.4565 -0.1684 0.8736
vn 0.4968 -0.2336 0.8358
vn 0.4820 -0.1689 0.8598
vn 0.4715 -0.1188 0.8738
vn 0.5028 -0.0682 0.8617
vn 0.2904 -0.0199 0.9567
vn 0.2236 0.0297 0.9742
vn 0.1217 0.1140 0.9860
vn 0.1481 0.1003 0.9839
vn 0.4477 0.1257 0.8853
vn 0.3827 0.0407 0.9230
vn 0.4238 0.0960 0.9007
vn 0.4955 0.0886 0.8641
vn 0.3330 -0.1005 0.9376
vn -0.2764 -0.1570 0.9481
vn -0.5080 -0.2257 0.8312
vn -0.3125 -0.1268 0.9414
vn -0.3690 -0.3115 0.8757
vn -0.0391 -0.3387 0.9401
vn -0.0001 -0.4744 0.8803
vn -0.1046 -0.3407 0.9343
vn -0.0775 -0.6939 0.7159
vn -0.2687 -0.1899 0.9443
vn -0.2054 -0.2190 0.9539
vn -0.0700 -0.1541 0.9856
vn 0.4406 -0.0904 0.8932
vn 0.4824 -0.1142 0.8685
vn 0.4199 0.0224 0.9073
vn -0.0031 0.1105 0.9939
vn 0.1235 0.1225 0.9848
vn 0.3750 0.0731 0.9241
vn 0.4309 0.0870 0.8982
vn 0.4425 0.0329 0.8962
vn 0.4699 0.0420 0.8817
vn 0.4453 0.0340 0.8947
vn 0.5990 -0.2322 0.7664
vn 0.1108 -0.6192 0.7774
vn -0.2684 -0.1576 0.9503
vn -0.4817 -0.2265 0.8465
vn -0.3842 -0.2804 0.8796
vn -0.4311 -0.3326 0.8388
vn -0.3257 -0.1524 0.9331
vn -0.1841 -0.2685 0.9455
vn -0.1756 -0.2660 0.9478
vn 0.0531 -0.4273 0.9026
vn -0.2746 -0.3611 0.8912
vn 0.1700 -0.1271 0.9772
vn 0.4369 -0.2061 0.8756
vn 0.4535 -0.1458 0.8793
vn 0.5027 -0.0708 0.8616
vn 0.4458 -0.0148 0.8950
vn 0.1109 0.1137 0.9873
vn 0.1300 0.0487 0.9903
vn 0.1841 0.1007 0.9777
vn 0.2018 0.0624 0.9774
vn 0.2512 0.0646 0.9658
vn 0.3714 0.0770 0.9253
vn 0.3653 0.0549 0.9293
vn -0.3431 -0.0334 0.9387
vn -0.2138 0.0650 0.9747
vn -0.3425 -0.0095 0.9395
vn -0.3447 -0.0607 0.9368
vn -0.4758 -0.2729 0.8362
vn -0.5653 -0.2143 0.7966
vn -0.2730 -0.1753 0.9459
vn -0.4681 -0.1907 0.8629
vn -0.1905 0.0273 0.9813
vn -0.1351 -0.3743 0.9174
vn -0.1094 -0.2433 0.9638
vn -0.1924 -0.3664 0.9103
vn -0.4029 -0.3664 0.8387
vn 0.0319 -0.1695 0.9850
vn 0.3013 -0.1984 0.9327
vn 0.4477 -0.1349 0.8840
vn 0.4654 -0.0980 0.8797
vn 0.2535 0.0357 0.9667
vn 0.1350 0.0007 0.9908
vn 0.0697 0.0302 0.9971
vn -0.0041 0.0593 0.9982
vn 0.1081 0.1031 0.9888
vn 0.1231 0.0505 0.9911
vn 0.2078 -0.0070 0.9781
vn 0.4091 0.0468 0.9113
vn 0.3883 0.0499 0.9202
vn -0.2607 -0.1853 0.9475
vn -0.1601 -0.3248 0.9321
vn -0.2408 -0.0526 0.9692
vn -0.4229 -0.1738 0.8894
vn -0.4612 -0.1751 0.8698
vn -0.2702 -0.2341 0.9339
vn -0.4353 -0.2289 0.8707
vn 0.1248 -0.4005 0.9078
vn -0.2810 -0.3468 0.8948
vn 0.4333 -0.1322 0.8915
vn 0.4428 -0.0124 0.8966
vn 0.2906 0.0163 0.9567
vn 0.0161 0.0541 0.9984
vn 0.2064 0.0400 0.9777
vn 0.3599 -0.0345 0.9324
vn 0.5074 -0.0266 0.8613
vn 0.4531 -0.0886 0.8870
vn 0.5886 -0.1089 0.8011
vn 0.6350 -0.0821 0.7681
vn 0.1572 -0.1124 0.9812
vn -0.3188 0.0282 0.9474
vn -0.3506 -0.0535 0.9350
vn -0.4852 -0.4070 0.7739
vn -0.4290 0.0474 0.9021
vn -0.4767 -0.2578 0.8404
vn 0.0603 -0.3597 0.9311
vn -0.1734 -0.3889 0.9048
vn -0.2772 -0.3437 0.8972
vn -0.1993 -0.2496 0.9476
vn 0.2615 -0.1251 0.9571
vn 0.4559 -0.1732 0.8730
vn 0.5609 -0.2057 0.8019
vn 0.4986 -0.2175 0.8391
vn 0.4517 -0.1491 0.8796
vn 0.4381 -0.1253 0.8902
vn 0.4805 -0.0449 0.8758
vn 0.4155 -0.0244 0.9093
vn 0.1745 0.0176 0.9845
vn 0.1020 0.1156 0.9880
vn 0.1182 0.0625 0.9910
vn 0.2032 0.0603 0.9773
vn 0.4529 0.0477 0.8903
vn 0.4035 0.0514 0.9135
vn 0.6842 -0.0249 0.7289
vn -0.2812 -0.3002 0.9115
vn -0.1983 0.0276 0.9798
vn -0.2260 0.0397 0.9733
vn -0.4510 -0.1868 0.8728
vn -0.3903 -0.2501 0.8861
vn -0.4949 -0.1210 0.8605
vn -0.4740 -0.1005 0.8748
vn -0.3338 -0.2968 0.8947
vn -0.3648 -0.2288 0.9025
vn 0.0262 -0.3602 0.9325
vn -0.0052 -0.4082 0.9129
vn 0.0334 -0.4440 0.8954
vn -0.1545 -0.4323 0.8884
vn -0.4775 -0.4689 0.7431
vn 0.2065 -0.5264 0.8248
vn -0.0437 -0.2580 0.9652
vn 0.4022 -0.1876 0.8961
vn 0.4403 -0.1992 0.8755
vn 0.4594 -0.1820 0.8694
vn 0.4145 -0.0018 0.9101
vn 0.0257 0.0656 0.9975
vn 0.2556 0.0263 0.9664
vn 0.2557 0.0052 0.9667
vn 0.2423 -0.0428 0.9692
vn 0.5075 -0.0271 0.8612
vn 0.2956 0.1501 0.9434
vn 0.6199 0.3883 0.6819
vn 0.3374 0.5023 0.7961
vn -0.1881 -0.4081 0.8933
vn -0.2614 -0.3764 0.8888
vn -0.2580 -0.1907 0.9472
vn -0.2593 -0.1900 0.9469
vn -0.3555 -0.1138 0.9277
vn -0.4323 -0.2481 0.8669
vn -0.2946 -0.2208 0.9298
vn -0.3452 -0.2210 0.9121
vn -0.4714 -0.0628 0.8797
vn -0.4010 -0.1793 0.8984
vn -0.1109 -0.4677 0.8769
vn 0.0699 -0.6715 0.7377
vn -0.1899 -0.4054 0.8942
vn -0.3008 -0.2785 0.9121
vn -0.4550 -0.2692 0.8489
vn -0.2958 -0.3866 0.8735
vn 0.2555 -0.1405 0.9565
vn 0.4400 -0.1734 0.8811
vn 0.4358 -0.1644 0.8849
vn 0.4598 -0.1684 0.8719
vn 0.4240 -0.0149 0.9055
vn 0.3438 0.0347 0.9384
vn 0.3279 0.0544 0.9431
vn 0.0338 0.0218 0.9992
vn 0.1214 0.1187 0.9855
vn 0.1726 0.0876 0.9811
vn 0.1661 0.0333 0.9855
vn 0.3391 -0.2208 0.9145
vn 0.4464 -0.2281 0.8653
vn 0.2700 -0.1516 0.9509
vn 0.4524 -0.1133 0.8846
vn 0.3435 -0.0130 0.9391
vn 0.6795 -0.0528 0.7318
vn -0.2825 -0.3483 0.8938
vn -0.4037 -0.2742 0.8728
vn -0.3629 -0.0896 0.9275
vn -0.3617 -0.0929 0.9277
vn -0.3198 -0.0223 0.9472
vn -0.2041 0.0105 0.9789
vn -0.3029 -0.0185 0.9528
vn -0.2837 -0.2091 0.9358
vn -0.3639 -0.2270 0.9033
vn -0.1248 -0.4752 0.8710
vn -0.3917 -0.4239 0.8166
vn -0.3223 0.0656 0.9444
vn 0.4126 -0.0191 0.9107
vn 0.3133 0.0548 0.9481
vn 0.0315 0.0649 0.9974
vn 0.1883 0.0467 0.9810
vn 0.1167 0.0675 0.9909
vn 0.1526 0.0354 0.9877
vn 0.1613 -0.1600 0.9739
vn 0.4544 -0.1174 0.8830
vn 0.2340 -0.0379 0.9715
vn 0.3388 -0.0108 0.9408
vn 0.4013 0.0159 0.9158
vn 0.4925 -0.0745 0.8671
vn 0.6075 -0.2567 0.7517
vn 0.4883 -0.1342 0.8623
vn 0.3682 0.0694 0.9271
vn 0.5948 0.1893 0.7813
vn -0.4038 -0.0804 0.9113
vn -0.2666 -0.0382 0.9631
vn -0.4315 -0.2295 0.8724
vn -0.4594 -0.2156 0.8617
vn -0.4966 -0.2262 0.8380
vn -0.0733 -0.2285 0.9708
vn 0.1424 -0.4481 0.8826
vn -0.2991 -0.3758 0.8771
vn -0.2912 -0.1187 0.9493
vn -0.0002 -0.3113 0.9503
vn 0.4250 -0.1333 0.8953
vn 0.4333 -0.1843 0.8822
vn 0.4067 -0.1738 0.8969
vn 0.4032 -0.1178 0.9075
vn 0.0301 -0.0280 0.9992
vn 0.1351 0.0765 0.9879
vn 0.1617 0.0365 0.9862
vn 0.5306 -0.2323 0.8152
vn 0.4734 -0.3993 0.7851
vn 0.5298 0.5446 0.6502
vn -0.3721 -0.1878 0.9090
vn -0.3644 -0.1091 0.9248
vn -0.4271 -0.1056 0.8980
vn -0.2617 -0.2546 0.9310
vn 0.1699 -0.4149 0.8939
vn 0.0428 -0.4662 0.8836
vn -0.1816 -0.4358 0.8815
vn -0.2780 -0.4181 0.8648
vn -0.4853 -0.3169 0.8149
vn -0.3806 -0.3613 0.8512
vn 0.5610 -0.2039 0.8023
vn 0.4811 -0.1081 0.8700
vn 0.4351 -0.1442 0.8888
vn 0.4426 -0.1231 0.8882
vn 0.3534 -0.1393 0.9250
vn 0.2927 0.0824 0.9526
vn 0.1949 0.0818 0.9774
vn 0.0396 0.0331 0.9987
vn 0.3233 -0.2920 0.9001
vn 0.2006 -0.2785 0.9392
vn 0.3621 -0.3044 0.8811
vn 0.2884 -0.1834 0.9398
vn 0.4635 -0.0230 0.8858
vn 0.4621 -0.0232 0.8865
vn -0.4538 -0.0460 0.8899
vn -0.3726 -0.1478 0.9162
vn -0.3204 -0.1470 0.9358
vn -0.2154 -0.0895 0.9724
vn -0.4164 -0.2733 0.8672
vn -0.3276 -0.3213 0.8885
vn -0.0272 -0.4401 0.8975
vn -0.0971 -0.4504 0.8876
vn -0.0485 -0.3538 0.9341
vn 0.0707 -0.1907 0.9791
vn 0.4909 -0.2378 0.8382
vn 0.4553 -0.1617 0.8755
vn 0.4313 -0.1491 0.8898
vn 0.3213 -0.1297 0.9380
vn 0.3900 -0.1274 0.9120
vn 0.3719 -0.1099 0.9217
vn 0.0604 0.0295 0.9977
vn 0.1719 -0.0450 0.9841
vn 0.1890 -0.0428 0.9810
vn 0.4423 -0.2703 0.8552
vn 0.5338 -0.2027 0.8209
vn 0.4343 -0.2747 0.8578
vn 0.6845 -0.2471 0.6859
vn -0.5508 -0.0473 0.8333
vn -0.2734 -0.1622 0.9481
vn -0.3684 -0.2169 0.9040
vn -0.3282 -0.2824 0.9014
vn -0.4344 -0.2108 0.8757
vn -0.2930 -0.3251 0.8991
vn -0.2804 -0.3184 0.9055
vn 0.1410 -0.3370 0.9309
vn 0.2200 -0.4010 0.8892
vn -0.1811 -0.6135 0.7687
vn -0.3093 -0.4360 0.8451
vn -0.6808 -0.2580 0.6855
vn -0.7314 0.5492 0.4044
vn -0.0424 -0.2530 0.9665
vn 0.1699 -0.2936 0.9407
vn 0.4804 -0.2813 0.8307
vn 0.4067 -0.1737 0.8969
vn 0.3097 -0.0881 0.9468
vn 0.2232 -0.0330 0.9742
vn 0.0697 -0.0979 0.9928
vn 0.1482 -0.0099 0.9889
vn 0.2964 -0.2120 0.9312
vn 0.4185 -0.3099 0.8537
vn 0.2246 -0.1611 0.9610
vn 0.3717 -0.2174 0.9025
vn 0.2734 -0.1992 0.9410
vn 0.4491 -0.2699 0.8517
vn 0.2742 -0.0961 0.9568
vn 0.2202 -0.0769 0.9724
vn 0.1176 0.0429 0.9921
vn 0.3406 0.0216 0.9400
vn 0.5728 -0.3126 0.7578
vn 0.3119 -0.1185 0.9427
vn -0.3764 -0.1620 0.9122
vn -0.4195 -0.1982 0.8859
vn -0.2416 -0.1142 0.9636
vn -0.2892 -0.1578 0.9442
vn -0.5149 -0.2029 0.8329
vn -0.3880 -0.2368 0.8907
vn -0.3839 -0.1972 0.9021
vn 0.1117 -0.3856 0.9159
vn -0.0226 -0.4346 0.9003
vn -0.1901 -0.4471 0.8740
vn -0.3000 -0.4428 0.8449
vn -0.0703 -0.3642 0.9287
vn 0.4689 -0.1262 0.8742
vn 0.4527 -0.1839 0.8725
vn 0.3815 -0.2063 0.9011
vn 0.4035 -0.1733 0.8984
vn 0.5011 -0.1204 0.8570
vn 0.3830 -0.0852 0.9198
vn 0.1848 0.0950 0.9782
vn 0.0602 0.1173 0.9913
vn 0.0967 0.1303 0.9867
vn 0.1145 0.0062 0.9934
vn 0.1212 0.0088 0.9926
vn 0.3617 -0.2300 0.9035
vn 0.5867 -0.1913 0.7869
vn 0.4955 -0.2438 0.8337
vn 0.5039 -0.2417 0.8293
vn 0.4195 -0.3353 0.8435
vn -0.2521 -0.1656 0.9534
vn -0.1980 -0.1070 0.9743
vn -0.3553 -0.2292 0.9062
vn -0.4702 -0.2298 0.8521
vn -0.4033 -0.2119 0.8902
vn -0.1350 -0.4618 0.8767
vn -0.1649 -0.4219 0.8915
vn -0.2064 -0.4320 0.8779
vn -0.3047 -0.4267 0.8515
vn -0.7998 0.1112 0.5899
vn -0.3295 -0.6364 0.6975
vn 0.4737 0.0980 0.8752
vn 0.4370 -0.1458 0.8876
vn 0.3689 -0.0850 0.9256
vn 0.2294 -0.0431 0.9724
vn 0.0448 0.1374 0.9895
vn 0.0847 -0.0182 0.9962
vn 0.3130 -0.3121 0.8970
vn 0.3579 -0.3415 0.8691
vn 0.5740 -0.2860 0.7673
vn 0.2399 -0.1778 0.9544
vn -0.3864 -0.0917 0.9178
vn -0.3889 -0.1659 0.9062
vn -0.3879 -0.2178 0.8956
vn -0.3282 -0.1551 0.9318
vn -0.2845 -0.1346 0.9492
vn -0.0593 -0.2346 0.9703
vn 0.1324 -0.4448 0.8858
vn -0.8335 -0.1804 0.5222
vn -0.9239 0.2404 0.2976
vn 0.4146 0.2557 0.8734
vn -0.3024 0.0469 0.9520
vn 0.1787 -0.3150 0.9321
vn 0.5213 -0.1763 0.8349
vn 0.4660 -0.2111 0.8592
vn 0.4273 -0.1926 0.8834
vn 0.4242 -0.2157 0.8795
vn 0.4342 -0.1766 0.8834
vn 0.3391 -0.1417 0.9300
vn 0.1151 0.0465 0.9923
vn 0.1583 -0.0182 0.9872
vn 0.0881 -0.0441 0.9951
vn 0.1345 0.0733 0.9882
vn 0.6018 -0.2490 0.7588
vn -0.3158 -0.1315 0.9397
vn -0.3943 -0.2641 0.8802
vn -0.3153 -0.2195 0.9233
vn -0.4548 -0.0896 0.8861
vn 0.2207 -0.4089 0.8855
vn 0.1648 -0.3928 0.9047
vn -0.2975 -0.4220 0.8564
vn -0.2264 -0.5500 0.8039
vn 0.4327 -0.2176 0.8749
vn 0.3886 -0.1056 0.9153
vn 0.1534 -0.0227 0.9879
vn 0.1878 -0.0441 0.9812
vn 0.2160 -0.0900 0.9723
vn 0.3630 -0.1358 0.9219
vn 0.3860 -0.1488 0.9104
vn 0.4038 -0.1387 0.9043
vn 0.6010 -0.2492 0.7594
vn 0.3013 -0.2859 0.9097
vn 0.6428 -0.0319 0.7654
vn -0.0290 -0.0165 0.9994
vn -0.3641 -0.1914 0.9115
vn -0.2044 -0.1317 0.9700
vn -0.5153 -0.2035 0.8325
vn -0.4089 -0.2777 0.8693
vn -0.0748 -0.2356 0.9690
vn 0.1685 -0.5075 0.8450
vn -0.0238 -0.4311 0.9020
vn -0.1581 -0.3790 0.9118
vn -0.2149 -0.3882 0.8962
vn -0.8764 -0.4056 0.2596
vn -0.3437 -0.8759 0.3386
vn 0.0785 -0.4868 0.8700
vn -0.3878 -0.4845 0.7841
vn -0.0762 -0.3375 0.9382
vn 0.0595 -0.3536 0.9335
vn 0.1793 -0.3136 0.9325
vn 0.5138 -0.3573 0.7800
vn 0.4112 -0.3171 0.8546
vn 0.4266 -0.1615 0.8899
vn 0.4100 -0.1784 0.8945
vn 0.1204 0.0363 0.9921
vn 0.2140 0.0227 0.9766
vn 0.4089 -0.1490 0.9003
vn 0.2497 -0.0372 0.9676
vn 0.3769 -0.1410 0.9155
vn 0.2863 -0.0879 0.9541
vn 0.2691 -0.0809 0.9597
vn 0.1219 0.0753 0.9897
vn 0.3025 -0.3425 0.8895
vn 0.5735 -0.3736 0.7291
vn 0.5629 -0.3387 0.7540
vn 0.3929 -0.0153 0.9195
vn 0.1564 -0.1649 0.9738
vn 0.5656 -0.0937 0.8193
vn -0.3109 -0.1389 0.9402
vn -0.2551 -0.1625 0.9532
vn -0.2787 -0.1939 0.9406
vn -0.3265 -0.1891 0.9261
vn -0.3973 -0.2869 0.8717
vn -0.2214 -0.3852 0.8959
vn -0.2380 -0.2665 0.9340
vn -0.6558 -0.6212 0.4291
vn -0.1730 -0.8780 0.4462
vn 0.4274 -0.1923 0.8834
vn 0.4793 -0.2073 0.8528
vn -0.0115 0.1485 0.9888
vn 0.0437 0.1349 0.9899
vn 0.0975 0.1282 0.9869
vn 0.1113 0.0989 0.9889
vn 0.0764 -0.1376 0.9875
vn 0.4595 -0.1370 0.8775
vn 0.3587 -0.0293 0.9330
vn 0.5608 -0.3382 0.7557
vn -0.2312 -0.1574 0.9601
vn -0.2634 -0.2658 0.9274
vn -0.4706 -0.2892 0.8336
vn -0.4379 -0.2811 0.8540
vn -0.3452 -0.2913 0.8922
vn -0.2621 -0.3715 0.8907
vn 0.0625 -0.3553 0.9327
vn -0.1966 -0.3718 0.9073
vn -0.3523 -0.3524 0.8670
vn -0.2652 -0.3587 0.8950
vn -0.1437 -0.4914 0.8590
vn -0.4009 -0.3716 0.8374
vn -0.5000 -0.2272 0.8357
vn -0.5131 -0.2407 0.8239
vn 0.4482 -0.3966 0.8011
vn 0.3562 -0.1729 0.9183
vn 0.3746 -0.1790 0.9097
vn 0.4365 -0.2086 0.8752
vn 0.4733 -0.1717 0.8640
vn 0.3713 -0.2076 0.9050
vn 0.4298 -0.1632 0.8880
vn 0.3261 -0.1190 0.9378
vn 0.3669 -0.1374 0.9201
vn 0.1633 0.0304 0.9861
vn 0.0999 -0.0476 0.9939
vn 0.2280 -0.0404 0.9728
vn 0.2289 -0.1599 0.9602
vn 0.1511 -0.0171 0.9884
vn 0.5225 -0.1102 0.8455
vn 0.5060 -0.1127 0.8551
vn 0.3874 -0.0655 0.9196
vn -0.3710 -0.4398 0.8179
vn 0.0888 -0.2447 0.9655
vn 0.1020 -0.1166 0.9879
vn -0.3366 -0.2818 0.8985
vn -0.2006 -0.1367 0.9701
vn -0.4537 -0.2972 0.8402
vn -0.4649 -0.2395 0.8523
vn -0.1540 -0.3773 0.9132
vn 0.1173 -0.3588 0.9260
vn 0.2654 -0.3636 0.8930
vn 0.3527 -0.4076 0.8423
vn -0.1766 -0.3509 0.9196
vn -0.1256 -0.3672 0.9216
vn -0.3770 -0.3870 0.8415
vn 0.4039 -0.1658 0.8997
vn 0.3823 -0.1032 0.9183
vn 0.3050 -0.0382 0.9516
vn 0.1275 0.1018 0.9866
vn 0.2060 -0.1575 0.9658
vn 0.4234 -0.1690 0.8900
vn 0.3733 -0.1359 0.9177
vn 0.2822 -0.1344 0.9499
vn 0.3208 -0.0158 0.9470
vn 0.5552 0.0150 0.8316
vn 0.5037 -0.2803 0.8172
vn -0.3845 -0.2740 0.8815
vn -0.3091 -0.3159 0.8970
vn 0.0612 -0.4200 0.9055
vn 0.0398 -0.4018 0.9148
vn -0.1843 -0.3551 0.9165
vn -0.2068 -0.4134 0.8867
vn -0.1650 -0.4493 0.8780
vn -0.4975 -0.2934 0.8163
vn -0.3466 -0.4329 0.8321
vn 0.0631 -0.3280 0.9426
vn 0.3444 -0.1836 0.9207
vn 0.4237 -0.1228 0.8975
vn 0.3242 -0.1584 0.9326
vn 0.0453 0.1320 0.9902
vn 0.1752 -0.1863 0.9667
vn 0.1817 -0.1929 0.9643
vn 0.2292 -0.0222 0.9731
vn 0.4511 -0.1269 0.8834
vn 0.1000 -0.0793 0.9918
vn 0.0520 -0.0988 0.9937
vn 0.4377 -0.0757 0.8959
vn 0.6068 -0.0836 0.7904
vn 0.5529 0.0154 0.8331
vn 0.4330 -0.0487 0.9001
vn 0.1859 -0.3526 0.9171
vn 0.1493 -0.0730 0.9861
vn -0.2870 -0.1085 0.9518
vn -0.3258 -0.2749 0.9046
vn -0.1954 -0.1229 0.9730
vn -0.2953 -0.2395 0.9249
vn -0.0444 -0.4367 0.8985
vn 0.2693 -0.2778 0.9221
vn -0.2393 -0.5534 0.7978
vn -0.4242 -0.4074 0.8087
vn -0.3679 -0.4220 0.8286
vn 0.0074 -0.2785 0.9604
vn 0.4104 -0.2224 0.8844
vn 0.4248 -0.1686 0.8894
vn 0.4895 -0.1724 0.8548
vn 0.3202 -0.1262 0.9389
vn 0.0783 -0.0331 0.9964
vn 0.1643 0.0942 0.9819
vn 0.1021 -0.1727 0.9797
vn 0.4448 -0.0661 0.8932
vn 0.4679 -0.0738 0.8807
vn 0.5574 -0.0106 0.8302
vn -0.3254 -0.5415 0.7752
vn -0.3052 -0.2587 0.9165
vn -0.3420 -0.2624 0.9023
vn -0.2719 -0.2351 0.9332
vn -0.4451 -0.3137 0.8387
vn -0.3900 -0.3077 0.8679
vn -0.1832 -0.3841 0.9050
vn -0.2716 -0.4527 0.8493
vn -0.3727 -0.3970 0.8387
vn 0.3617 -0.1257 0.9238
vn 0.3662 -0.1402 0.9199
vn 0.0080 0.0841 0.9964
vn 0.0246 0.0870 0.9959
vn 0.1293 0.0947 0.9871
vn 0.3278 -0.0484 0.9435
vn 0.2561 -0.0728 0.9639
vn 0.2717 -0.0758 0.9594
vn 0.4019 -0.1020 0.9100
vn 0.5684 -0.2524 0.7831
vn 0.4570 0.0822 0.8856
vn 0.4687 0.0423 0.8824
vn 0.3781 -0.0569 0.9240
vn 0.2626 -0.2915 0.9198
vn -0.4167 -0.3501 0.8389
vn -0.2984 -0.2712 0.9151
vn -0.3319 -0.1989 0.9221
vn -0.1906 -0.1286 0.9732
vn -0.3152 -0.2019 0.9273
vn -0.3246 -0.2007 0.9243
vn -0.4251 -0.2218 0.8776
vn -0.4797 -0.2613 0.8376
vn 0.2525 -0.3489 0.9025
vn -0.4053 -0.4181 0.8130
vn -0.4146 -0.1976 0.8883
vn 0.3439 -0.1857 0.9205
vn 0.3718 -0.2177 0.9024
vn 0.3677 -0.1347 0.9201
vn 0.3723 -0.1371 0.9179
vn 0.4572 -0.1368 0.8788
vn 0.4424 -0.1605 0.8824
vn 0.3418 -0.1464 0.9283
vn 0.1988 -0.0714 0.9774
vn 0.0846 -0.0393 0.9956
vn 0.1355 0.0876 0.9869
vn 0.2354 0.0023 0.9719
vn 0.1995 -0.0558 0.9783
vn 0.2106 -0.0576 0.9759
vn 0.1647 -0.1479 0.9752
vn 0.3095 -0.1042 0.9452
vn 0.4473 -0.1443 0.8827
vn 0.4509 -0.2053 0.8687
vn 0.4589 0.0615 0.8864
vn -0.2558 -0.4712 0.8441
vn -0.1819 -0.3287 0.9267
vn -0.3252 -0.2740 0.9051
vn -0.3442 -0.2563 0.9032
vn -0.2107 -0.1312 0.9687
vn -0.0341 -0.3538 0.9347
vn -0.1832 -0.3811 0.9062
vn -0.1563 -0.4094 0.8989
vn -0.0756 -0.2620 0.9621
vn 0.4713 -0.1821 0.8630
vn 0.4250 -0.1572 0.8914
vn 0.3443 -0.1550 0.9260
vn 0.3136 -0.1431 0.9387
vn 0.0649 0.0441 0.9969
vn 0.2148 0.0399 0.9759
vn 0.2170 0.0392 0.9754
vn 0.4702 -0.0758 0.8793
vn 0.2705 -0.0853 0.9589
vn 0.2361 -0.0862 0.9679
vn 0.0479 -0.1480 0.9878
vn 0.4602 -0.1848 0.8684
vn 0.4494 -0.1959 0.8716
vn 0.3292 -0.0653 0.9420
vn 0.4598 -0.2522 0.8514
vn -0.2324 -0.4914 0.8394
vn 0.1937 -0.4822 0.8543
vn 0.3145 -0.5578 0.7681
vn -0.4516 -0.4916 0.7446
vn -0.3284 -0.1984 0.9235
vn -0.4144 -0.2539 0.8740
vn -0.1087 -0.2484 0.9626
vn 0.0342 -0.3245 0.9453
vn 0.0445 -0.3626 0.9309
vn -0.1846 -0.3704 0.9103
vn -0.1300 -0.3598 0.9239
vn -0.2407 -0.4088 0.8803
vn -0.3398 -0.3445 0.8751
vn -0.2846 -0.3646 0.8866
vn 0.3524 -0.1697 0.9203
vn 0.3986 -0.1837 0.8985
vn -0.0450 0.0305 0.9985
vn 0.6119 -0.2136 0.7615
vn 0.5175 -0.1158 0.8478
vn -0.2560 -0.5462 0.7976
vn -0.2449 -0.2479 0.9373
vn -0.3460 -0.2247 0.9109
vn -0.3467 -0.2253 0.9105
vn -0.3240 -0.1380 0.9359
vn -0.5185 -0.1684 0.8383
vn -0.3757 -0.3261 0.8675
vn -0.4811 -0.1808 0.8578
vn 0.2777 -0.3904 0.8778
vn 0.2498 -0.3646 0.8971
vn 0.0932 -0.4026 0.9106
vn -0.4535 -0.3110 0.8353
vn -0.3075 -0.3725 0.8756
vn -0.4896 -0.4516 0.7459
vn 0.3503 -0.0984 0.9315
vn 0.4139 -0.1209 0.9023
vn 0.3674 -0.1247 0.9217
vn 0.4579 -0.2020 0.8658
vn -0.0462 -0.0259 0.9986
vn 0.1427 0.0436 0.9888
vn 0.1867 0.0174 0.9823
vn 0.2344 0.0064 0.9721
vn 0.2147 -0.0990 0.9717
vn 0.1502 -0.1388 0.9789
vn 0.3131 -0.0825 0.9461
vn 0.2578 -0.0710 0.9636
vn 0.4771 -0.1279 0.8695
vn 0.0170 -0.0441 0.9989
vn 0.5631 -0.0220 0.8261
vn 0.3611 -0.1401 0.9220
vn 0.4198 -0.1527 0.8947
vn 0.3979 -0.0986 0.9121
vn -0.3007 -0.4761 0.8264
vn 0.1107 -0.1386 0.9841
vn 0.0512 -0.0975 0.9939
vn -0.5581 -0.2449 0.7928
vn -0.3720 -0.3496 0.8599
vn -0.2414 -0.2492 0.9379
vn -0.2612 -0.2486 0.9327
vn -0.3356 -0.2400 0.9109
vn -0.1330 -0.3650 0.9214
vn -0.1565 -0.3912 0.9069
vn -0.4157 -0.3565 0.8367
vn 0.4390 -0.1491 0.8860
vn 0.0602 0.0751 0.9954
vn 0.2481 0.0035 0.9687
vn 0.2466 0.0035 0.9691
vn 0.3095 -0.1044 0.9451
vn 0.4487 -0.2362 0.8619
vn 0.5465 -0.1830 0.8172
vn -0.3464 -0.3824 0.8566
vn -0.4415 -0.2109 0.8721
vn -0.1937 -0.1797 0.9645
vn -0.2217 -0.1541 0.9629
vn -0.3998 -0.2107 0.8921
vn -0.4103 -0.3113 0.8572
vn -0.1616 -0.2978 0.9409
vn 0.1055 -0.3211 0.9412
vn -0.4969 -0.3108 0.8102
vn -0.0659 -0.1934 0.9789
vn 0.2577 -0.2118 0.9427
vn 0.3643 -0.1293 0.9222
vn 0.4229 -0.1063 0.8999
vn 0.3106 -0.1158 0.9435
vn 0.3552 -0.1363 0.9248
vn 0.2137 -0.0184 0.9767
vn 0.1108 0.0021 0.9938
vn 0.5390 -0.1855 0.8217
vn 0.3491 -0.1534 0.9244
vn -0.2777 -0.2098 0.9375
vn -0.3187 -0.2127 0.9237
vn 0.2467 -0.3250 0.9130
vn 0.2155 -0.3085 0.9265
vn -0.1978 -0.3561 0.9133
vn -0.2470 -0.2231 0.9430
vn -0.1659 -0.2687 0.9488
vn -0.2823 -0.3418 0.8964
vn -0.3697 -0.3244 0.8707
vn -0.3829 -0.2248 0.8960
vn -0.2142 -0.2590 0.9418
vn 0.4058 -0.0170 0.9138
vn 0.3912 -0.0351 0.9196
vn 0.3740 -0.1662 0.9124
vn 0.4785 -0.1275 0.8688
vn 0.4287 -0.1529 0.8904
vn 0.0833 -0.0316 0.9960
vn -0.0836 0.0249 0.9962
vn 0.1342 -0.0875 0.9871
vn 0.2206 -0.0869 0.9715
vn 0.2591 -0.0835 0.9622
vn 0.1525 -0.1303 0.9797
vn 0.2797 -0.1091 0.9539
vn 0.4686 -0.0985 0.8779
vn 0.2442 -0.1306 0.9609
vn 0.3918 -0.1230 0.9118
vn 0.5080 -0.1093 0.8544
vn 0.4334 -0.0928 0.8964
vn 0.4340 -0.0160 0.9007
vn -0.1546 -0.5450 0.8240
vn -0.3177 -0.4608 0.8287
vn -0.3844 -0.4297 0.8170
vn -0.2447 -0.2626 0.9334
vn -0.3109 -0.2897 0.9052
vn -0.3200 -0.2650 0.9096
vn -0.2807 -0.2313 0.9315
vn 0.0300 -0.3394 0.9402
vn 0.2724 -0.3038 0.9129
vn -0.1798 -0.3401 0.9231
vn -0.0996 -0.4025 0.9100
vn -0.2002 -0.4058 0.8917
vn -0.2871 -0.3858 0.8768
vn -0.4355 -0.3124 0.8442
vn -0.4734 -0.2812 0.8348
vn 0.4376 -0.1705 0.8829
vn 0.3356 -0.1148 0.9350
vn -0.0441 0.0066 0.9990
vn 0.2466 -0.0939 0.9646
vn 0.2350 -0.0719 0.9693
vn 0.1388 -0.0729 0.9876
vn 0.2626 -0.0347 0.9643
vn 0.3288 -0.0311 0.9439
vn 0.3738 -0.1506 0.9152
vn 0.4672 -0.0968 0.8789
vn 0.0298 -0.0365 0.9989
vn 0.5321 0.1391 0.8352
vn -0.3069 -0.4442 0.8417
vn -0.0168 -0.6847 0.7286
vn -0.3626 -0.6051 0.7087
vn -0.4346 -0.2209 0.8731
vn -0.2035 -0.2088 0.9566
vn -0.3761 -0.2017 0.9043
vn -0.4747 -0.2380 0.8473
vn 0.1166 -0.3262 0.9381
vn -0.1843 -0.5082 0.8413
vn -0.2450 -0.5202 0.8182
vn -0.2074 -0.2736 0.9392
vn 0.1934 -0.0337 0.9805
vn 0.3932 -0.1269 0.9107
vn 0.1977 -0.0694 0.9778
vn 0.2900 -0.2274 0.9296
vn 0.1252 -0.0906 0.9880
vn 0.1844 -0.1148 0.9761
vn 0.3287 -0.0602 0.9425
vn 0.1093 -0.0992 0.9890
vn 0.5146 0.2103 0.8312
vn 0.5802 0.1549 0.7996
vn 0.3204 -0.1073 0.9412
vn -0.1283 -0.5487 0.8261
vn -0.3514 -0.5066 0.7873
vn -0.2598 -0.3083 0.9151
vn -0.3293 -0.2654 0.9062
vn -0.5055 -0.2641 0.8214
vn -0.4045 -0.2911 0.8670
vn -0.2378 -0.2701 0.9330
vn -0.3175 -0.1602 0.9346
vn -0.2915 -0.2032 0.9347
vn -0.4845 -0.2259 0.8451
vn -0.1604 -0.2996 0.9405
vn -0.3972 -0.1995 0.8958
vn -0.0059 -0.2390 0.9710
vn 0.4446 -0.1491 0.8832
vn 0.2448 -0.1068 0.9637
vn 0.0331 -0.0530 0.9980
vn 0.2156 -0.1347 0.9672
vn 0.3090 -0.0047 0.9511
vn 0.3609 -0.0819 0.9290
vn 0.4120 0.2071 0.8873
vn -0.4372 -0.4285 0.7907
vn -0.5091 -0.3838 0.7704
vn -0.2237 -0.3286 0.9176
vn 0.2538 -0.3437 0.9041
vn 0.2110 -0.3142 0.9256
vn -0.0991 -0.3902 0.9154
vn -0.4896 -0.2388 0.8386
vn 0.1311 -0.3802 0.9156
vn 0.4505 -0.2587 0.8544
vn 0.4507 -0.1918 0.8718
vn 0.3033 -0.1462 0.9416
vn 0.0578 -0.0779 0.9953
vn 0.2939 0.0328 0.9553
vn 0.4015 -0.0892 0.9115
vn 0.4382 -0.0576 0.8970
vn -0.1364 -0.5418 0.8294
vn -0.0157 -0.4317 0.9019
vn -0.3561 -0.5084 0.7841
vn -0.5133 -0.5257 0.6784
vn -0.4472 -0.3060 0.8405
vn -0.3197 -0.3521 0.8797
vn -0.2922 -0.2062 0.9338
vn 0.1492 -0.4037 0.9027
vn 0.2275 -0.3773 0.8977
vn -0.5232 -0.2437 0.8166
vn -0.3456 -0.4012 0.8483
vn -0.3588 -0.3842 0.8507
vn -0.3058 -0.3530 0.8842
vn -0.3138 -0.1683 0.9345
vn 0.4478 -0.1486 0.8817
vn 0.3806 -0.1890 0.9052
vn 0.3713 -0.0937 0.9238
vn -0.0152 -0.0511 0.9986
vn 0.1685 -0.1977 0.9657
vn 0.2546 -0.1810 0.9500
vn 0.1833 -0.0740 0.9803
vn 0.2386 -0.1363 0.9615
vn 0.2489 -0.1280 0.9600
vn 0.3795 -0.0050 0.9252
vn 0.4430 -0.2876 0.8491
vn -0.0192 -0.0396 0.9990
vn 0.6475 -0.1022 0.7552
vn 0.2926 -0.1568 0.9433
vn 0.4353 -0.0952 0.8953
vn 0.5105 -0.0873 0.8554
vn -0.3509 -0.3117 0.8830
vn -0.4041 -0.2916 0.8670
vn -0.3808 -0.2597 0.8874
vn -0.2407 -0.2257 0.9440
vn -0.4122 -0.1875 0.8916
vn -0.3853 -0.2139 0.8977
vn -0.4877 -0.2083 0.8478
vn -0.2281 -0.3423 0.9115
vn 0.1425 -0.4498 0.8817
vn -0.1199 -0.3999 0.9087
vn -0.1334 -0.3601 0.9233
vn -0.1789 -0.3539 0.9180
vn -0.3356 -0.2983 0.8936
vn -0.3463 -0.2926 0.8913
vn -0.3761 -0.3100 0.8732
vn -0.5036 -0.3288 0.7989
vn -0.5473 -0.3733 0.7491
vn 0.4426 -0.1446 0.8850
vn 0.4351 -0.1443 0.8888
vn 0.3726 -0.1325 0.9185
vn 0.2195 -0.0866 0.9718
vn 0.3758 -0.2540 0.8912
vn 0.4130 -0.0853 0.9067
vn 0.5526 -0.1286 0.8235
vn 0.1489 -0.0815 0.9855
vn 0.4402 -0.2435 0.8643
vn 0.5230 -0.2269 0.8216
vn 0.4529 -0.0216 0.8913
vn 0.3606 -0.2589 0.8961
vn -0.1039 -0.6804 0.7255
vn -0.3799 -0.4472 0.8097
vn -0.2129 -0.5308 0.8203
vn -0.2299 -0.3543 0.9065
vn -0.2864 -0.2039 0.9362
vn -0.3719 -0.2424 0.8960
vn -0.4626 -0.2044 0.8627
vn -0.3073 -0.2275 0.9240
vn 0.1430 -0.4496 0.8817
vn -0.4678 -0.3927 0.7918
vn -0.2199 -0.2493 0.9431
vn 0.2001 -0.2411 0.9496
vn 0.3844 -0.2229 0.8958
vn 0.3754 -0.1271 0.9181
vn 0.4409 -0.1493 0.8851
vn 0.3770 -0.1393 0.9157
vn 0.3390 -0.1412 0.9301
vn 0.0427 -0.0662 0.9969
vn 0.1962 -0.1524 0.9687
vn 0.1890 -0.1391 0.9721
vn 0.0609 -0.3064 0.9500
vn 0.4698 -0.1552 0.8690
vn -0.1030 -0.6812 0.7248
vn -0.3165 -0.3021 0.8992
vn 0.0614 -0.3108 0.9485
vn 0.2322 -0.3732 0.8982
vn 0.1104 -0.3356 0.9355
vn 0.1076 -0.3338 0.9365
vn -0.4978 -0.2306 0.8361
vn 0.3583 -0.0909 0.9292
vn 0.4246 -0.1393 0.8946
vn 0.4538 -0.1147 0.8837
vn 0.3641 -0.1313 0.9220
vn -0.0824 0.0031 0.9966
vn -0.0947 0.0027 0.9955
vn 0.2136 -0.1251 0.9689
vn 0.1356 -0.1500 0.9793
vn 0.3573 -0.2906 0.8876
vn 0.5566 -0.1699 0.8132
vn 0.3167 -0.0094 0.9485
vn 0.1773 -0.3107 0.9338
vn 0.4791 -0.1488 0.8651
vn 0.6141 -0.1587 0.7731
vn 0.4212 -0.1979 0.8851
vn 0.4711 -0.0194 0.8819
vn 0.0892 -0.5532 0.8282
vn -0.4461 -0.5034 0.7400
vn -0.6475 -0.1776 0.7411
vn -0.3515 -0.3703 0.8598
vn -0.3898 -0.3460 0.8534
vn -0.3163 -0.2973 0.9009
vn -0.2902 -0.2971 0.9097
vn -0.3515 -0.2031 0.9139
vn -0.3056 -0.4123 0.8582
vn 0.1185 -0.6094 0.7839
vn 0.0469 -0.4114 0.9102
vn 0.1630 -0.3337 0.9285
vn 0.1336 -0.3383 0.9315
vn -0.1136 -0.3745 0.9203
vn -0.3526 -0.2768 0.8939
vn -0.4475 -0.2591 0.8560
vn 0.2181 -0.1260 0.9678
vn -0.0258 -0.0549 0.9982
vn 0.1273 -0.0793 0.9887
vn 0.2207 -0.1071 0.9694
vn 0.2463 -0.1024 0.9638
vn 0.1759 -0.2564 0.9504
vn 0.2386 -0.2920 0.9262
vn 0.3728 -0.3136 0.8733
vn 0.4212 -0.3194 0.8489
vn 0.5543 -0.2827 0.7828
vn 0.4015 -0.2797 0.8721
vn 0.4563 -0.1639 0.8746
vn 0.3677 -0.2692 0.8901
vn 0.0605 -0.5413 0.8387
vn -0.4839 -0.4198 0.7678
vn -0.5358 -0.1268 0.8348
vn -0.3325 -0.3337 0.8821
vn -0.4050 -0.3465 0.8461
vn -0.3092 -0.2535 0.9166
vn -0.2909 -0.2078 0.9339
vn -0.0295 -0.3979 0.9170
vn -0.2612 -0.2921 0.9200
vn -0.4042 -0.2583 0.8774
vn -0.4619 -0.2652 0.8464
vn -0.3293 -0.3320 0.8839
vn 0.0129 -0.0961 0.9953
vn 0.1963 -0.1434 0.9700
vn 0.4174 -0.0650 0.9064
vn 0.4551 -0.1209 0.8822
vn 0.3396 -0.1946 0.9202
vn 0.0537 -0.0583 0.9969
vn 0.1494 -0.1066 0.9830
vn 0.2217 -0.1403 0.9650
vn 0.1863 -0.1289 0.9740
vn 0.4047 -0.1688 0.8988
vn 0.2714 -0.0703 0.9599
vn 0.6411 -0.2482 0.7262
vn 0.3767 -0.1876 0.9071
vn 0.4869 -0.1941 0.8516
vn -0.3876 -0.3481 0.8536
vn -0.3257 -0.2502 0.9118
vn -0.3215 -0.4180 0.8497
vn 0.0849 -0.4617 0.8829
vn 0.2413 -0.4149 0.8773
vn 0.1529 -0.3458 0.9258
vn -0.1380 -0.3658 0.9204
vn -0.3550 -0.2821 0.8913
vn -0.4187 -0.2405 0.8757
vn 0.1416 -0.0623 0.9880
vn 0.1524 -0.0542 0.9868
vn 0.1831 -0.1239 0.9752
vn 0.2213 -0.0912 0.9709
vn 0.2731 -0.1367 0.9522
vn 0.2041 -0.0729 0.9762
vn 0.1754 -0.2974 0.9385
vn 0.4390 -0.3432 0.8304
vn 0.3357 -0.2000 0.9205
vn 0.4496 -0.1945 0.8718
vn -0.0443 -0.3489 0.9361
vn -0.4839 -0.2706 0.8322
vn -0.9385 0.2416 0.2465
vn -0.4167 -0.3354 0.8449
vn -0.4182 -0.2645 0.8690
vn -0.2859 -0.2800 0.9165
vn 0.1273 -0.3487 0.9285
vn 0.1152 -0.3248 0.9387
vn -0.2026 -0.3099 0.9289
vn -0.2555 -0.3158 0.9138
vn -0.2854 -0.2939 0.9122
vn -0.4184 -0.2430 0.8751
vn -0.4809 -0.1820 0.8577
vn 0.2002 -0.1043 0.9742
vn 0.3681 -0.1337 0.9201
vn 0.3772 -0.1402 0.9155
vn 0.3933 -0.1518 0.9068
vn -0.0297 -0.0407 0.9987
vn 0.0635 -0.0477 0.9968
vn 0.2381 -0.0938 0.9667
vn 0.2981 -0.1137 0.9477
vn 0.3085 -0.0408 0.9504
vn 0.3169 -0.1885 0.9296
vn 0.3737 -0.5786 0.7250
vn 0.2295 -0.5435 0.8074
vn 0.4221 -0.1992 0.8844
vn 0.3303 -0.1967 0.9231
vn -0.5479 -0.0657 0.8340
vn -0.5904 0.0329 0.8064
vn -0.5599 -0.1990 0.8043
vn -0.2728 -0.4359 0.8576
vn -0.3023 -0.4146 0.8583
vn -0.3006 -0.2320 0.9251
vn -0.2879 -0.2747 0.9174
vn -0.0123 -0.3454 0.9384
vn 0.0915 -0.2727 0.9577
vn -0.1250 -0.3652 0.9225
vn -0.1251 -0.3444 0.9305
vn -0.4889 -0.1960 0.8500
vn -0.3522 -0.1886 0.9167
vn -0.0314 -0.2544 0.9666
vn 0.4495 -0.1234 0.8847
vn 0.1284 -0.1141 0.9851
vn -0.0714 -0.0368 0.9968
vn 0.1643 -0.1152 0.9797
vn 0.2565 -0.1140 0.9598
vn 0.4436 -0.1518 0.8833
vn 0.3076 -0.1843 0.9335
vn 0.2524 -0.5664 0.7845
vn 0.4696 -0.3243 0.8212
vn 0.4292 -0.1724 0.8866
vn -0.1373 -0.5825 0.8012
vn -0.0639 -0.5655 0.8223
vn -0.6673 -0.1175 0.7355
vn -0.5838 -0.1271 0.8019
vn -0.1986 -0.3051 0.9314
vn -0.3079 -0.4372 0.8450
vn -0.3755 -0.3961 0.8379
vn -0.3731 -0.4000 0.8372
vn -0.4440 -0.3748 0.8139
vn -0.1902 -0.3779 0.9061
vn 0.1534 -0.3141 0.9369
vn 0.4341 -0.0039 0.9009
vn 0.4776 -0.0312 0.8780
vn 0.4602 -0.1251 0.8790
vn 0.3274 -0.1500 0.9329
vn 0.3134 -0.1357 0.9399
vn -0.0351 -0.0356 0.9987
vn 0.1023 -0.0724 0.9921
vn 0.2015 -0.1187 0.9723
vn 0.2277 -0.1199 0.9663
vn 0.2039 -0.0468 0.9779
vn 0.3187 -0.0985 0.9427
vn 0.2347 -0.3656 0.9007
vn 0.3551 -0.3728 0.8573
vn 0.2475 -0.6056 0.7563
vn 0.4536 -0.3368 0.8251
vn 0.3723 -0.2727 0.8871
vn -0.5839 -0.0241 0.8114
vn -0.4892 -0.2091 0.8468
vn -0.4432 -0.4213 0.7913
vn -0.3974 -0.2932 0.8696
vn -0.3205 -0.2405 0.9162
vn -0.2756 -0.2545 0.9270
vn -0.0222 -0.3369 0.9413
vn 0.1428 -0.3716 0.9173
vn 0.1174 -0.3673 0.9227
vn -0.3910 -0.2241 0.8927
vn -0.3868 -0.2261 0.8940
vn -0.4519 -0.1995 0.8694
vn -0.1213 -0.2104 0.9701
vn 0.2032 -0.1051 0.9735
vn 0.5227 -0.2910 0.8013
vn 0.4408 -0.1588 0.8834
vn 0.4435 -0.1617 0.8816
vn 0.3561 -0.1497 0.9224
vn 0.0928 -0.0852 0.9920
vn -0.0832 -0.0520 0.9952
vn 0.1649 -0.1219 0.9788
vn 0.3833 -0.4063 0.8295
vn 0.0751 -0.3466 0.9350
vn 0.2776 -0.5375 0.7963
vn -0.3372 -0.5259 0.7808
vn -0.5656 -0.0356 0.8239
vn -0.1400 -0.3908 0.9098
vn -0.3632 -0.3470 0.8647
vn -0.3635 -0.2960 0.8833
vn -0.3199 -0.2521 0.9133
vn -0.2146 -0.2383 0.9472
vn -0.0106 -0.2945 0.9556
vn 0.0993 -0.3552 0.9295
vn -0.4992 -0.1701 0.8496
vn -0.3945 -0.2053 0.8957
vn 0.5722 -0.1728 0.8017
vn 0.4170 -0.2037 0.8858
vn 0.2130 -0.0890 0.9730
vn 0.2911 0.0309 0.9562
vn 0.4441 -0.2640 0.8562
vn 0.4657 -0.4260 0.7757
vn 0.4829 -0.4289 0.7635
vn 0.1449 -0.4413 0.8856
vn 0.4147 -0.4210 0.8067
vn 0.3451 -0.1639 0.9241
vn -0.7422 -0.2590 0.6180
vn -0.5711 -0.0176 0.8207
vn -0.3596 -0.1832 0.9149
vn -0.3066 -0.3010 0.9030
vn -0.2515 -0.3786 0.8907
vn -0.4050 -0.4294 0.8072
vn -0.2759 -0.2533 0.9272
vn -0.2259 -0.2671 0.9368
vn -0.4984 -0.1701 0.8501
vn -0.1282 -0.1948 0.9724
vn 0.3241 -0.2307 0.9175
vn 0.4161 -0.2088 0.8850
vn 0.4635 -0.1245 0.8773
vn 0.2867 -0.0412 0.9571
vn 0.5029 -0.4487 0.7388
vn 0.2171 -0.3685 0.9039
vn 0.2592 -0.3740 0.8904
vn 0.3385 -0.2874 0.8960
vn 0.4050 -0.3223 0.8556
vn -0.4130 -0.3241 0.8511
vn -0.0088 -0.3006 0.9537
vn -0.1103 -0.1752 0.9783
vn 0.1368 -0.2560 0.9570
vn -0.1908 -0.2758 0.9421
vn -0.1808 -0.2765 0.9439
vn -0.3058 -0.2316 0.9235
vn -0.4004 -0.1990 0.8945
vn 0.1576 -0.2285 0.9607
vn 0.2447 -0.2904 0.9251
vn 0.3761 -0.1336 0.9169
vn 0.2465 -0.0528 0.9677
vn 0.1983 -0.0870 0.9763
vn 0.4828 -0.1437 0.8639
vn 0.1606 -0.4012 0.9018
vn 0.2292 -0.4084 0.8835
vn 0.3326 -0.2923 0.8966
vn 0.3631 -0.3138 0.8773
vn 0.1441 0.3038 0.9418
vn -0.8002 0.1476 0.5812
vn -0.6113 -0.0404 0.7904
vn -0.3634 -0.3467 0.8647
vn -0.5396 -0.3014 0.7861
vn -0.4949 -0.3297 0.8040
vn -0.3569 -0.3054 0.8828
vn -0.3648 -0.3027 0.8805
vn 0.2213 -0.3153 0.9228
vn -0.2571 -0.2115 0.9430
vn -0.3732 -0.2027 0.9053
vn -0.4520 -0.1667 0.8763
vn -0.5170 -0.2096 0.8299
vn 0.4497 -0.1403 0.8821
vn 0.4291 -0.1180 0.8955
vn 0.3134 -0.1395 0.9393
vn 0.0918 -0.0885 0.9918
vn -0.0487 -0.0614 0.9969
vn 0.1970 -0.0675 0.9781
vn 0.2119 -0.0688 0.9749
vn 0.2706 -0.0317 0.9622
vn 0.3935 -0.1158 0.9120
vn 0.4696 -0.1480 0.8704
vn 0.3223 -0.5164 0.7934
vn 0.4850 -0.3723 0.7913
vn 0.1509 -0.4079 0.9005
vn 0.3218 -0.3612 0.8752
vn 0.2942 -0.2294 0.9278
vn -0.3848 0.1858 0.9041
vn -0.5545 0.2360 0.7980
vn -0.4376 0.2188 0.8721
vn -0.7133 0.3240 0.6214
vn -0.2396 -0.3007 0.9231
vn -0.3592 -0.3489 0.8656
vn -0.3288 -0.2431 0.9126
vn -0.2582 -0.2246 0.9396
vn -0.2578 -0.1620 0.9525
vn -0.1429 -0.2706 0.9520
vn -0.3810 -0.1905 0.9047
vn -0.4717 -0.1344 0.8715
vn -0.4160 -0.1786 0.8917
vn -0.4018 -0.1904 0.8957
vn 0.1916 -0.1514 0.9697
vn 0.5677 -0.1122 0.8156
vn 0.3525 -0.0697 0.9332
vn 0.4092 -0.0897 0.9080
vn 0.4245 -0.0684 0.9028
vn 0.3425 -0.1318 0.9302
vn -0.0811 -0.0562 0.9951
vn 0.2321 -0.0377 0.9719
vn 0.1313 -0.1192 0.9841
vn 0.1759 -0.1551 0.9721
vn 0.1996 0.0650 0.9777
vn 0.3966 -0.1166 0.9105
vn 0.5489 -0.0640 0.8334
vn 0.4640 -0.1447 0.8739
vn 0.2990 -0.6102 0.7337
vn 0.4105 -0.3517 0.8413
vn 0.3026 -0.3054 0.9029
vn -0.3233 0.5027 0.8017
vn -0.5297 0.0694 0.8454
vn -0.1034 -0.1780 0.9786
vn 0.0337 -0.2710 0.9620
vn -0.4018 -0.2866 0.8697
vn -0.3326 -0.1861 0.9245
vn 0.0745 -0.2790 0.9574
vn 0.1891 -0.1913 0.9631
vn -0.1698 -0.2176 0.9611
vn -0.2584 -0.1671 0.9515
vn -0.4112 -0.2042 0.8884
vn -0.1496 -0.2126 0.9656
vn 0.4251 -0.2367 0.8736
vn 0.4452 -0.0358 0.8947
vn 0.2885 -0.1163 0.9504
vn 0.1630 -0.0719 0.9840
vn 0.1059 -0.0789 0.9912
vn 0.0840 -0.0649 0.9944
vn 0.2969 -0.6056 0.7383
vn 0.4274 -0.5661 0.7048
vn 0.2654 -0.0902 0.9599
vn -0.1676 -0.0994 0.9808
vn -0.4054 -0.3317 0.8518
vn -0.3985 -0.2339 0.8868
vn -0.2749 -0.2087 0.9386
vn 0.3161 -0.3025 0.8992
vn 0.1038 -0.3013 0.9479
vn 0.0814 -0.2819 0.9560
vn -0.1370 -0.2110 0.9678
vn -0.3847 -0.1085 0.9166
vn -0.5326 -0.1914 0.8244
vn -0.1991 -0.0703 0.9774
vn -0.0061 -0.0685 0.9976
vn 0.2335 0.1795 0.9556
vn 0.4092 -0.0870 0.9083
vn 0.4310 -0.1071 0.8960
vn -0.0369 -0.0700 0.9969
vn 0.2313 0.0188 0.9727
vn 0.1791 -0.1676 0.9695
vn 0.4250 -0.0201 0.9050
vn 0.7084 0.1705 0.6849
vn 0.2654 -0.3821 0.8852
vn 0.3413 -0.3357 0.8780
vn -0.5125 0.2554 0.8198
vn -0.5674 0.1212 0.8145
vn 0.0330 -0.2212 0.9747
vn -0.2777 -0.2616 0.9244
vn -0.4011 -0.3921 0.8279
vn -0.3302 -0.2475 0.9109
vn 0.0597 -0.1698 0.9837
vn -0.4830 -0.1748 0.8580
vn -0.4060 -0.2137 0.8885
vn -0.3870 -0.2363 0.8913
vn 0.6584 -0.1306 0.7413
vn 0.6583 -0.1306 0.7414
vn 0.3984 -0.3018 0.8661
vn 0.4254 -0.0602 0.9030
vn -0.0485 -0.0417 0.9980
vn 0.2121 -0.0617 0.9753
vn 0.1389 -0.1504 0.9788
vn 0.2107 -0.0900 0.9734
vn 0.2959 -0.1553 0.9425
vn 0.4271 -0.0577 0.9024
vn 0.6045 -0.0768 0.7929
vn 0.5919 -0.0489 0.8045
vn 0.3118 -0.4319 0.8463
vn -0.4905 0.2157 0.8443
vn -0.5695 0.1643 0.8054
vn -0.2630 -0.3263 0.9080
vn -0.4741 -0.4170 0.7755
vn -0.1628 -0.2241 0.9609
vn -0.1107 -0.1700 0.9792
vn -0.0382 -0.2102 0.9769
vn 0.1511 -0.2127 0.9654
vn -0.1545 -0.2491 0.9561
vn -0.3016 -0.1922 0.9339
vn -0.3699 -0.1210 0.9212
vn -0.4141 -0.2175 0.8839
vn -0.5502 -0.0590 0.8330
vn -0.3776 -0.0892 0.9217
vn -0.2780 -0.2332 0.9319
vn 0.0896 -0.3181 0.9438
vn 0.4509 -0.0746 0.8895
vn 0.3878 -0.0543 0.9202
vn 0.0750 -0.0459 0.9961
vn 0.0919 -0.0574 0.9941
vn 0.2314 -0.0280 0.9725
vn 0.2774 -0.0419 0.9598
vn 0.4872 -0.1104 0.8663
vn 0.4689 -0.1079 0.8766
vn 0.3650 -0.2004 0.9092
vn 0.5461 -0.2032 0.8127
vn 0.4517 0.0006 0.8922
vn 0.6026 -0.1076 0.7908
vn 0.6569 -0.0860 0.7490
vn 0.3024 -0.2850 0.9096
vn 0.3228 -0.3186 0.8912
vn 0.1493 -0.4015 0.9036
vn 0.3545 -0.3901 0.8498
vn 0.2228 -0.3170 0.9219
vn -0.5054 0.0947 0.8577
vn -0.4011 -0.2940 0.8676
vn -0.2504 -0.4560 0.8541
vn -0.4358 -0.3022 0.8478
vn -0.4464 -0.3056 0.8410
vn -0.4013 -0.2552 0.8797
vn -0.3502 -0.1851 0.9182
vn -0.2984 -0.2156 0.9298
vn 0.2933 -0.2071 0.9333
vn -0.1355 -0.2128 0.9676
vn -0.3615 -0.1425 0.9214
vn -0.1771 -0.4255 0.8875
vn 0.2912 -0.3654 0.8842
vn 0.2127 0.0310 0.9766
vn 0.4176 -0.1396 0.8978
vn 0.4817 -0.1469 0.8640
vn 0.4255 -0.1107 0.8982
vn 0.1681 0.0267 0.9854
vn 0.2639 -0.1189 0.9572
vn 0.4677 -0.2350 0.8521
vn 0.2619 -0.3972 0.8795
vn -0.4995 -0.0187 0.8661
vn -0.6273 -0.0603 0.7764
vn -0.4924 0.0522 0.8688
vn -0.1711 -0.0094 0.9852
vn 0.0837 -0.2779 0.9570
vn -0.1652 -0.2644 0.9502
vn -0.3194 -0.2928 0.9013
vn -0.5738 -0.1814 0.7987
vn -0.4932 -0.2126 0.8435
vn -0.4497 -0.2700 0.8514
vn -0.3188 -0.2058 0.9252
vn -0.2122 -0.1857 0.9594
vn 0.3387 -0.1566 0.9278
vn -0.3168 -0.0939 0.9438
vn 0.3701 -0.0746 0.9260
vn 0.1701 -0.0906 0.9812
vn -0.0299 -0.0832 0.9961
vn 0.3224 0.3074 0.8953
vn 0.2106 -0.3004 0.9303
vn 0.2177 -0.3020 0.9281
vn 0.3072 -0.2417 0.9204
vn 0.2043 -0.2142 0.9552
vn 0.5059 -0.0976 0.8570
vn 0.5660 -0.0283 0.8239
vn 0.4509 -0.2713 0.8503
vn 0.2700 -0.4563 0.8479
vn 0.2856 -0.3409 0.8956
vn 0.1919 -0.2313 0.9538
vn -0.3948 -0.0379 0.9180
vn 0.1645 -0.0837 0.9828
vn -0.4212 -0.3874 0.8201
vn -0.4592 -0.1454 0.8764
vn 0.2147 -0.1953 0.9570
vn -0.1254 -0.2687 0.9550
vn -0.3128 -0.0950 0.9451
vn -0.3177 -0.0933 0.9436
vn -0.5090 -0.2184 0.8326
vn -0.3589 -0.3047 0.8823
vn -0.4458 -0.2007 0.8723
vn -0.3893 -0.1812 0.9031
vn -0.1166 -0.1310 0.9845
vn 0.4151 -0.1219 0.9016
vn -0.0783 -0.0929 0.9926
vn 0.3564 0.0404 0.9335
vn 0.3286 -0.0679 0.9420
vn 0.3669 -0.3439 0.8644
vn 0.4633 -0.2632 0.8462
vn 0.4150 -0.2635 0.8708
vn -0.5879 0.3945 0.7063
vn 0.5462 -0.2269 0.8064
vn 0.2059 -0.3434 0.9163
vn 0.2301 -0.3096 0.9226
vn 0.4078 -0.2977 0.8632
vn 0.1847 -0.3338 0.9244
vn -0.4710 -0.0796 0.8785
vn -0.4348 -0.2993 0.8494
vn -0.4231 -0.3996 0.8132
vn -0.3684 -0.1892 0.9102
vn -0.4044 -0.1231 0.9063
vn -0.0606 -0.1659 0.9843
vn 0.2606 -0.0990 0.9604
vn 0.4023 -0.1419 0.9045
vn 0.3684 0.0010 0.9297
vn 0.3624 0.0067 0.9320
vn 0.3696 -0.0516 0.9278
vn 0.0943 -0.0922 0.9913
vn 0.5052 -0.1104 0.8559
vn 0.6339 -0.2665 0.7260
vn 0.2714 -0.3940 0.8781
vn 0.3140 -0.2291 0.9214
vn 0.1286 -0.2583 0.9575
vn -0.6099 0.0245 0.7921
vn 0.2729 -0.2087 0.9391
vn 0.1682 -0.2173 0.9615
vn -0.3691 -0.2747 0.8879
vn -0.4509 -0.3784 0.8084
vn -0.5189 -0.0486 0.8535
vn -0.5506 -0.2220 0.8047
vn -0.2142 -0.1667 0.9625
vn 0.1391 -0.1619 0.9770
vn 0.1892 -0.1702 0.9671
vn -0.3104 -0.0941 0.9459
vn -0.3616 -0.1424 0.9214
vn -0.3409 -0.2175 0.9146
vn 0.1114 -0.0617 0.9919
vn -0.0294 -0.0761 0.9967
vn 0.1931 -0.1060 0.9754
vn 0.1172 -0.0366 0.9924
vn 0.1776 -0.1376 0.9744
vn 0.2798 -0.1247 0.9519
vn 0.4613 -0.0689 0.8845
vn 0.2866 -0.0858 0.9542
vn 0.5462 -0.2860 0.7873
vn 0.4650 -0.2877 0.8372
vn -0.4411 -0.1463 0.8854
vn -0.4017 -0.1029 0.9100
vn -0.3585 -0.2444 0.9010
vn -0.4121 -0.3481 0.8420
vn -0.5659 -0.3079 0.7648
vn -0.2382 -0.1917 0.9521
vn -0.0458 -0.1633 0.9855
vn 0.1868 -0.1917 0.9635
vn -0.3086 -0.1181 0.9438
vn -0.4094 -0.1327 0.9026
vn -0.3362 -0.1687 0.9266
vn 0.4288 -0.1279 0.8943
vn 0.3749 -0.1629 0.9126
vn 0.4113 -0.0892 0.9071
vn 0.3190 -0.0209 0.9475
vn 0.3848 -0.0385 0.9222
vn 0.3112 -0.1504 0.9384
vn 0.2634 -0.0682 0.9623
vn 0.3885 -0.2978 0.8720
vn 0.1796 -0.3838 0.9058
vn 0.3298 -0.3712 0.8680
vn -0.4691 -0.0880 0.8788
vn -0.4874 -0.0830 0.8692
vn -0.5336 -0.0762 0.8423
vn -0.4895 -0.1467 0.8596
vn -0.3702 -0.2092 0.9051
vn -0.3129 -0.1734 0.9338
vn 0.1624 -0.1245 0.9788
vn 0.1681 -0.2173 0.9615
vn -0.3075 -0.1578 0.9384
vn -0.3649 -0.1919 0.9110
vn -0.4461 -0.1643 0.8798
vn -0.0616 -0.1753 0.9826
vn 0.4265 -0.2059 0.8808
vn -0.0734 -0.0993 0.9923
vn 0.0101 -0.1120 0.9937
vn 0.0688 -0.1170 0.9907
vn 0.2943 -0.0458 0.9546
vn 0.2329 -0.2066 0.9503
vn 0.6116 -0.4312 0.6634
vn 0.3261 -0.3690 0.8703
vn 0.3668 -0.3444 0.8642
vn 0.4462 -0.3061 0.8409
vn 0.5064 -0.3542 0.7862
vn 0.6032 -0.3018 0.7383
vn 0.4864 -0.2024 0.8500
vn 0.2338 -0.3712 0.8986
vn -0.5517 0.0289 0.8336
vn -0.0421 -0.2457 0.9684
vn 0.3413 -0.1452 0.9287
vn -0.1723 -0.2304 0.9577
vn -0.2967 -0.1975 0.9343
vn -0.3329 -0.2421 0.9114
vn -0.2978 -0.3373 0.8930
vn -0.4166 -0.3287 0.8476
vn -0.4058 -0.3405 0.8482
vn -0.2847 -0.1939 0.9388
vn -0.0569 -0.1551 0.9863
vn -0.4337 -0.1944 0.8799
vn 0.3943 -0.1231 0.9107
vn 0.3427 0.0238 0.9392
vn 0.3684 -0.0081 0.9296
vn 0.3957 -0.0758 0.9152
vn 0.4158 -0.0854 0.9055
vn 0.4669 -0.2121 0.8585
vn 0.4705 -0.3664 0.8027
vn 0.2117 -0.3835 0.8989
vn 0.1287 -0.2580 0.9575
vn -0.5303 -0.0321 0.8472
vn -0.0961 -0.2860 0.9534
vn 0.0212 -0.1436 0.9894
vn -0.6039 -0.1800 0.7764
vn -0.4179 -0.1509 0.8959
vn -0.3668 -0.1781 0.9131
vn -0.3369 -0.1657 0.9268
vn 0.3125 -0.0892 0.9457
vn -0.3101 -0.1173 0.9435
vn -0.3924 -0.1163 0.9124
vn -0.4092 -0.1003 0.9069
vn 0.1118 -0.0561 0.9921
vn 0.1161 -0.3015 0.9464
vn 0.2671 -0.3307 0.9051
vn 0.2373 -0.2236 0.9453
vn 0.2920 -0.2652 0.9189
vn -0.4374 -0.1278 0.8902
vn -0.3187 -0.1299 0.9389
vn -0.2718 -0.1542 0.9499
vn -0.5877 -0.0789 0.8052
vn 0.2530 -0.2138 0.9436
vn -0.3231 -0.1696 0.9310
vn -0.3098 -0.1199 0.9432
vn -0.4270 -0.1505 0.8916
vn -0.0870 -0.1479 0.9852
vn 0.2828 -0.2119 0.9355
vn -0.0607 -0.0519 0.9968
vn 0.1770 -0.1279 0.9759
vn 0.3899 -0.1461 0.9092
vn 0.4126 -0.2363 0.8797
vn 0.3548 -0.3400 0.8709
vn 0.5974 -0.2588 0.7590
vn 0.0805 -0.1919 0.9781
vn -0.1827 -0.0792 0.9800
vn 0.3845 -0.2584 0.8862
vn 0.0089 -0.1936 0.9810
vn -0.2093 -0.2688 0.9402
vn -0.5246 -0.0634 0.8490
vn 0.1461 -0.2092 0.9669
vn -0.3518 -0.1205 0.9283
vn -0.3961 -0.1149 0.9110
vn 0.3229 -0.0938 0.9418
vn 0.4004 -0.1389 0.9058
vn 0.3829 -0.1595 0.9099
vn 0.4189 -0.1771 0.8906
vn 0.3168 -0.0294 0.9480
vn 0.3156 -0.1726 0.9331
vn 0.2480 -0.1507 0.9570
vn 0.3033 -0.1719 0.9373
vn 0.4351 -0.2353 0.8691
vn 0.5038 -0.2309 0.8324
vn 0.2970 -0.1980 0.9341
vn 0.2865 -0.1934 0.9384
vn -0.4390 -0.1286 0.8892
vn -0.5128 -0.1863 0.8380
vn -0.0602 -0.2111 0.9756
vn 0.2288 -0.2033 0.9520
vn 0.2540 -0.2130 0.9435
vn 0.0956 -0.0554 0.9939
vn -0.3133 -0.1465 0.9383
vn -0.3067 -0.1234 0.9438
vn -0.3092 -0.1198 0.9434
vn -0.3416 -0.1017 0.9343
vn -0.4330 -0.1359 0.8911
vn -0.4071 -0.1389 0.9028
vn -0.3428 -0.1864 0.9207
vn -0.0772 -0.1122 0.9907
vn 0.3539 -0.0472 0.9341
vn 0.3682 -0.1130 0.9228
vn -0.0112 -0.1526 0.9882
vn 0.0758 -0.1361 0.9878
vn 0.1535 -0.1498 0.9767
vn 0.2471 -0.1828 0.9516
vn 0.2625 -0.1698 0.9499
vn 0.2836 -0.1482 0.9474
vn 0.3962 -0.1365 0.9080
vn 0.4984 -0.4246 0.7559
vn 0.4604 -0.4091 0.7878
vn 0.2672 -0.3311 0.9050
vn 0.1434 -0.2248 0.9638
vn -0.4369 -0.1404 0.8885
vn 0.2640 -0.1473 0.9532
vn 0.0478 -0.1745 0.9835
vn -0.2051 -0.1428 0.9683
vn -0.3483 -0.1899 0.9179
vn -0.4218 -0.1199 0.8987
vn -0.1701 -0.2628 0.9497
vn 0.0707 -0.2520 0.9651
vn 0.2577 -0.2620 0.9300
vn -0.3161 -0.1398 0.9384
vn -0.4105 -0.2071 0.8881
vn 0.0719 -0.2073 0.9756
vn 0.2916 -0.1381 0.9465
vn 0.3965 -0.0733 0.9151
vn 0.4131 -0.0645 0.9084
vn 0.1779 -0.0080 0.9840
vn -0.0127 -0.1524 0.9882
vn 0.2552 -0.2341 0.9381
vn 0.4536 -0.1334 0.8812
vn 0.4768 -0.4441 0.7586
vn 0.4444 -0.1516 0.8829
vn 0.4267 -0.2218 0.8767
vn 0.4037 -0.1667 0.8996
vn 0.2783 -0.1717 0.9450
vn 0.1390 -0.2143 0.9668
vn -0.4818 -0.2290 0.8458
vn -0.1937 -0.1163 0.9742
vn 0.3031 -0.0681 0.9505
vn -0.2087 -0.2805 0.9369
vn -0.5301 -0.0741 0.8447
vn -0.4879 -0.2671 0.8310
vn -0.6318 -0.0758 0.7714
vn -0.4419 -0.2365 0.8653
vn 0.0651 -0.2438 0.9676
vn -0.3997 -0.2126 0.8917
vn -0.4190 -0.1632 0.8932
vn -0.4412 -0.1524 0.8844
vn 0.3714 -0.1698 0.9128
vn 0.4025 -0.1158 0.9081
vn 0.3305 -0.0866 0.9398
vn 0.1682 -0.1755 0.9700
vn 0.3258 0.1651 0.9309
vn 0.4015 -0.1420 0.9048
vn 0.5335 -0.2236 0.8157
vn 0.4682 -0.2033 0.8599
vn 0.3611 -0.1956 0.9118
vn 0.4762 -0.4440 0.7590
vn 0.4147 0.0032 0.9100
vn 0.3932 -0.2071 0.8958
vn -0.4356 -0.1428 0.8888
vn -0.3053 -0.1087 0.9460
vn -0.4789 -0.2464 0.8426
vn -0.4496 -0.2719 0.8509
vn -0.4919 -0.1237 0.8618
vn -0.3694 -0.1641 0.9147
vn -0.2835 -0.1472 0.9476
vn 0.0714 -0.1957 0.9781
vn -0.3400 -0.0818 0.9368
vn -0.3237 -0.1687 0.9310
vn -0.3354 -0.1357 0.9323
vn -0.3530 -0.1313 0.9264
vn 0.3484 -0.1721 0.9214
vn 0.3984 -0.1074 0.9109
vn 0.3352 -0.1055 0.9362
vn 0.2222 -0.0953 0.9703
vn -0.0234 -0.1401 0.9899
vn 0.0500 -0.1530 0.9870
vn 0.1142 -0.1544 0.9814
vn 0.2776 -0.2735 0.9209
vn 0.4476 -0.2170 0.8675
vn 0.4804 -0.3147 0.8187
vn 0.6169 -0.3118 0.7227
vn 0.2519 -0.3341 0.9082
vn 0.4048 -0.1125 0.9074
vn 0.5124 -0.1056 0.8522
vn -0.4755 -0.0235 0.8794
vn -0.2563 -0.1780 0.9501
vn 0.3113 -0.1437 0.9394
vn -0.2216 -0.2033 0.9537
vn -0.1541 -0.1474 0.9770
vn -0.0586 -0.2465 0.9674
vn 0.0912 -0.2077 0.9739
vn 0.0254 -0.2183 0.9756
vn -0.3390 -0.1640 0.9264
vn 0.1012 -0.1621 0.9816
vn 0.3350 -0.1327 0.9328
vn 0.3542 -0.1231 0.9271
vn 0.0498 0.0043 0.9988
vn 0.2651 -0.3469 0.8996
vn 0.3385 -0.2670 0.9023
vn 0.2541 -0.2346 0.9383
vn 0.2503 -0.2174 0.9434
vn 0.3037 -0.1191 0.9453
vn 0.1988 0.0540 0.9785
vn 0.2635 -0.2001 0.9437
vn 0.1868 -0.1499 0.9709
vn 0.1052 -0.0213 0.9942
vn -0.2615 -0.3418 0.9027
vn -0.5525 -0.2297 0.8012
vn -0.4700 -0.1397 0.8715
vn -0.3178 -0.1206 0.9404
vn -0.3334 -0.1702 0.9273
vn 0.2697 -0.1821 0.9456
vn 0.2325 -0.1963 0.9526
vn -0.2825 -0.1281 0.9507
vn -0.3287 -0.1678 0.9294
vn -0.3473 -0.1214 0.9299
vn -0.4057 -0.1226 0.9057
vn -0.4506 -0.1185 0.8848
vn 0.3393 -0.1526 0.9282
vn 0.0436 0.0366 0.9984
vn 0.1308 -0.0187 0.9912
vn 0.2709 -0.2464 0.9305
vn 0.2541 -0.1655 0.9529
vn 0.3839 -0.2679 0.8837
vn 0.4840 -0.2928 0.8247
vn 0.4621 -0.3517 0.8141
vn 0.4093 -0.3071 0.8592
vn 0.3827 -0.0222 0.9236
vn 0.4714 -0.1057 0.8756
vn 0.2511 -0.1734 0.9523
vn 0.2881 -0.1838 0.9398
vn -0.4081 -0.1790 0.8952
vn 0.1516 -0.2864 0.9460
vn 0.1878 -0.2392 0.9526
vn -0.2047 -0.0972 0.9740
vn -0.4382 -0.1942 0.8776
vn -0.4964 -0.4337 0.7520
vn -0.2318 -0.0817 0.9693
vn 0.2882 -0.2030 0.9358
vn 0.1814 -0.1319 0.9745
vn 0.2667 -0.1393 0.9537
vn 0.1165 -0.1955 0.9738
vn 0.3323 -0.2152 0.9183
vn 0.3663 -0.1638 0.9160
vn 0.3480 -0.1066 0.9314
vn 0.2314 -0.0683 0.9704
vn 0.1591 -0.2218 0.9620
vn 0.2347 -0.1718 0.9568
vn 0.3150 -0.2984 0.9010
vn 0.6042 -0.2486 0.7571
vn 0.2335 -0.1287 0.9638
vn 0.2230 -0.2188 0.9500
vn -0.2340 -0.2086 0.9496
vn -0.1557 -0.1391 0.9780
vn -0.1308 -0.2095 0.9690
vn -0.3905 -0.2029 0.8980
vn -0.4699 -0.2053 0.8585
vn -0.3133 -0.0973 0.9447
vn -0.1309 -0.1547 0.9793
vn -0.3427 -0.1507 0.9273
vn -0.3159 -0.1631 0.9347
vn -0.3502 -0.0893 0.9324
vn -0.4672 -0.1044 0.8780
vn -0.3438 -0.1190 0.9315
vn 0.3317 -0.1023 0.9378
vn 0.1759 -0.0003 0.9844
vn 0.0485 0.0431 0.9979
vn 0.0738 -0.2122 0.9744
vn 0.2093 -0.2802 0.9369
vn 0.2950 -0.2459 0.9233
vn 0.2505 -0.2169 0.9435
vn 0.3718 -0.2260 0.9004
vn 0.4472 -0.2221 0.8664
vn 0.5206 -0.2416 0.8189
vn 0.6206 -0.2671 0.7372
vn 0.3327 -0.1262 0.9345
vn 0.2179 -0.2157 0.9518
vn 0.1444 -0.2234 0.9640
vn -0.5797 -0.0159 0.8147
vn -0.4225 -0.1196 0.8984
vn 0.1343 -0.2675 0.9541
vn 0.0140 -0.1145 0.9933
vn -0.3316 -0.1411 0.9328
vn -0.5774 -0.3000 0.7594
vn -0.0351 -0.1365 0.9900
vn -0.3238 -0.1430 0.9352
vn 0.2913 -0.1533 0.9443
vn 0.3469 -0.1416 0.9272
vn 0.2983 -0.1017 0.9491
vn 0.3287 -0.0986 0.9393
vn 0.0496 -0.0257 0.9984
vn 0.1101 0.0427 0.9930
vn 0.4275 -0.2310 0.8740
vn 0.3037 -0.2715 0.9133
vn 0.3244 -0.3000 0.8971
vn 0.3492 -0.2109 0.9130
vn -0.2456 -0.2300 0.9417
vn -0.4430 -0.1757 0.8792
vn -0.4114 -0.2190 0.8848
vn -0.5812 -0.1392 0.8018
vn -0.3678 -0.0762 0.9268
vn -0.2652 -0.1018 0.9588
vn -0.3522 -0.1263 0.9274
vn -0.4289 -0.0734 0.9004
vn 0.0992 -0.2219 0.9700
vn 0.3620 -0.1182 0.9246
vn 0.3619 -0.1181 0.9247
vn 0.3356 -0.1276 0.9333
vn 0.2057 -0.2609 0.9432
vn 0.2664 -0.2354 0.9347
vn 0.6123 -0.1137 0.7824
vn 0.4307 -0.2535 0.8662
vn 0.4389 -0.2781 0.8544
vn 0.4091 -0.2741 0.8704
vn 0.3522 -0.2107 0.9119
vn 0.2725 -0.1314 0.9532
vn -0.3980 -0.1744 0.9007
vn 0.1351 -0.1195 0.9836
vn -0.0031 -0.3751 0.9270
vn -0.1991 -0.2265 0.9534
vn -0.1338 -0.2345 0.9629
vn -0.1241 -0.2490 0.9605
vn -0.4661 -0.1713 0.8680
vn -0.5706 -0.1279 0.8112
vn -0.5067 -0.1833 0.8424
vn -0.3534 -0.0714 0.9327
vn 0.0864 -0.1494 0.9850
vn 0.2594 -0.1269 0.9574
vn -0.3162 -0.1457 0.9374
vn -0.3561 -0.0895 0.9301
vn -0.3748 -0.0641 0.9249
vn -0.3976 -0.0900 0.9131
vn 0.3700 -0.1121 0.9222
vn 0.3311 -0.0847 0.9398
vn 0.1981 0.0162 0.9800
vn 0.1982 -0.2571 0.9458
vn 0.2111 -0.3111 0.9266
vn 0.5309 -0.2646 0.8050
vn 0.5470 -0.2790 0.7893
vn 0.5237 -0.3353 0.7831
vn 0.5694 -0.0693 0.8191
vn 0.4031 -0.3392 0.8500
vn 0.3110 -0.3467 0.8849
vn 0.1903 -0.2543 0.9482
vn 0.1993 -0.2615 0.9444
vn 0.2724 -0.1327 0.9530
vn -0.3512 -0.0315 0.9358
vn -0.3275 -0.1002 0.9395
vn -0.2286 -0.2295 0.9461
vn -0.1836 -0.3002 0.9360
vn -0.3441 -0.0718 0.9362
vn -0.3449 -0.0704 0.9360
vn 0.2565 -0.1297 0.9578
vn 0.2385 -0.1212 0.9635
vn 0.2779 -0.1452 0.9496
vn -0.2999 -0.1813 0.9366
vn -0.4490 -0.0516 0.8920
vn -0.0007 -0.0902 0.9959
vn 0.3073 -0.1300 0.9427
vn 0.3045 -0.1045 0.9468
vn 0.2020 0.0042 0.9794
vn 0.3495 -0.0390 0.9361
vn 0.3501 -0.2353 0.9067
vn 0.3783 -0.3252 0.8667
vn 0.4031 -0.3331 0.8524
vn 0.3727 -0.2244 0.9004
vn 0.3178 -0.1537 0.9356
vn 0.2234 -0.2059 0.9527
vn 0.1839 -0.2599 0.9480
vn 0.1339 -0.2507 0.9588
vn 0.2623 -0.5342 0.8036
vn 0.3204 -0.3048 0.8969
vn -0.4876 -0.1047 0.8667
vn -0.4003 -0.1681 0.9008
vn -0.5174 -0.2119 0.8291
vn -0.0441 -0.1276 0.9908
vn 0.1276 -0.1255 0.9839
vn 0.1871 -0.1495 0.9709
vn 0.1500 -0.1117 0.9824
vn -0.3519 -0.0823 0.9324
vn -0.4186 -0.0560 0.9064
vn 0.0108 0.0094 0.9999
vn 0.0887 -0.0122 0.9960
vn 0.2675 -0.2960 0.9170
vn 0.3255 -0.1777 0.9287
vn 0.4572 -0.2810 0.8438
vn 0.5703 -0.3307 0.7520
vn 0.5798 -0.1874 0.7929
vn 0.2886 -0.1989 0.9365
vn 0.5555 -0.1704 0.8139
vn 0.3582 -0.2484 0.9000
vn 0.1951 -0.2306 0.9533
vn -0.9445 -0.0141 0.3281
vn -0.1783 -0.5286 0.8299
vn -0.4337 -0.1381 0.8904
vn -0.4225 -0.1695 0.8904
vn -0.5705 -0.0079 0.8213
vn -0.1585 -0.0209 0.9871
vn -0.3279 -0.1117 0.9381
vn -0.3383 -0.0961 0.9361
vn -0.3748 -0.0629 0.9250
vn -0.2889 -0.0175 0.9572
vn 0.2931 -0.1106 0.9497
vn 0.2867 -0.0556 0.9564
vn 0.1791 -0.0681 0.9815
vn 0.2616 -0.0479 0.9640
vn 0.2076 -0.3092 0.9281
vn 0.2490 -0.2940 0.9228
vn 0.1552 -0.0914 0.9836
vn 0.3790 -0.3247 0.8665
vn 0.3749 -0.2750 0.8853
vn 0.2836 -0.2463 0.9268
vn 0.4427 -0.2201 0.8692
vn 0.4282 -0.2061 0.8799
vn 0.3264 -0.0783 0.9420
vn 0.3016 -0.2306 0.9251
vn 0.3875 -0.1955 0.9009
vn 0.3428 -0.1571 0.9262
vn 0.2507 -0.2475 0.9359
vn 0.2575 -0.2132 0.9425
vn -0.1136 -0.3412 0.9331
vn 0.0004 -0.3400 0.9404
vn -0.5638 -0.0120 0.8258
vn -0.5484 0.0838 0.8320
vn -0.3932 -0.1509 0.9070
vn 0.2792 -0.1349 0.9507
vn 0.0142 0.1291 0.9915
vn -0.3399 -0.0956 0.9356
vn -0.3536 -0.0561 0.9337
vn -0.3247 -0.0934 0.9412
vn -0.3874 -0.0718 0.9191
vn -0.4158 -0.0406 0.9086
vn -0.4029 -0.0659 0.9129
vn 0.2958 -0.1103 0.9489
vn 0.3635 -0.1348 0.9218
vn 0.3633 -0.0903 0.9273
vn 0.1539 0.0229 0.9878
vn 0.1382 -0.0376 0.9897
vn 0.4575 -0.3075 0.8343
vn 0.4850 -0.2444 0.8397
vn 0.5372 -0.2379 0.8092
vn 0.3860 -0.1785 0.9051
vn 0.1689 -0.0503 0.9843
vn -0.1329 -0.3515 0.9267
vn -0.0938 -0.1375 0.9861
vn -0.3449 -0.0712 0.9359
vn -0.3362 -0.0808 0.9383
vn -0.4369 -0.2756 0.8563
vn -0.6102 -0.0171 0.7921
vn -0.5945 0.0310 0.8035
vn -0.2918 0.0556 0.9549
vn -0.1343 -0.0025 0.9909
vn -0.0050 -0.0895 0.9960
vn 0.2601 -0.1372 0.9558
vn -0.3417 -0.0934 0.9351
vn -0.3761 -0.0971 0.9215
vn -0.4747 -0.0157 0.8800
vn 0.0218 -0.0761 0.9969
vn 0.3419 -0.0933 0.9351
vn 0.3110 -0.0349 0.9498
vn 0.0774 -0.0204 0.9968
vn 0.3265 -0.0158 0.9451
vn 0.3288 -0.0225 0.9441
vn 0.1941 -0.3961 0.8974
vn 0.2762 -0.4341 0.8575
vn 0.3520 -0.4008 0.8458
vn 0.4167 -0.2848 0.8633
vn 0.5778 -0.2021 0.7908
vn 0.5057 -0.1893 0.8417
vn 0.3835 -0.3859 0.8390
vn 0.3971 -0.1786 0.9002
vn 0.3368 -0.1651 0.9270
vn 0.2240 -0.1774 0.9583
vn 0.3068 -0.2149 0.9272
vn 0.2578 -0.2075 0.9437
vn -0.0945 -0.1315 0.9868
vn -0.2323 0.0631 0.9706
vn -0.4184 0.0744 0.9052
vn 0.1458 -0.0699 0.9868
vn 0.1642 -0.2340 0.9583
vn -0.3540 -0.1266 0.9267
vn -0.5164 0.0265 0.8559
vn -0.3207 -0.0257 0.9468
vn 0.3584 -0.1578 0.9201
vn 0.3406 -0.1387 0.9299
vn 0.2255 -0.0961 0.9695
vn 0.1435 -0.0086 0.9896
vn 0.2528 -0.0193 0.9673
vn 0.3498 -0.1242 0.9286
vn 0.5457 -0.1680 0.8210
vn 0.3623 -0.3911 0.8461
vn 0.3677 -0.1498 0.9178
vn 0.2195 -0.1699 0.9607
vn -0.3304 0.0340 0.9432
vn -0.0852 -0.1131 0.9899
vn -0.1967 -0.0703 0.9779
vn -0.3455 0.1349 0.9287
vn -0.4968 0.0253 0.8675
vn -0.5779 0.2106 0.7885
vn -0.3966 0.0363 0.9173
vn -0.3630 0.0263 0.9314
vn -0.3769 -0.0991 0.9209
vn 0.2568 -0.0655 0.9642
vn 0.3062 -0.0754 0.9490
vn 0.3998 -0.0407 0.9157
vn 0.3493 -0.3925 0.8508
vn 0.3481 -0.3208 0.8808
vn 0.2873 -0.2732 0.9181
vn 0.4347 -0.3145 0.8439
vn 0.3576 -0.2985 0.8849
vn 0.2865 -0.3495 0.8921
vn 0.3739 -0.2387 0.8962
vn 0.1618 -0.1251 0.9789
vn -0.2057 -0.0800 0.9753
vn -0.0872 -0.1094 0.9902
vn -0.0949 -0.1302 0.9869
vn -0.2656 -0.1090 0.9579
vn -0.4268 0.2550 0.8676
vn -0.1809 0.2372 0.9545
vn -0.7256 0.1910 0.6610
vn -0.4513 0.2299 0.8622
vn -0.5041 0.2916 0.8129
vn -0.1665 0.0622 0.9841
vn -0.0325 0.0810 0.9962
vn 0.2628 -0.1270 0.9565
vn -0.3628 -0.1307 0.9226
vn -0.3247 -0.1359 0.9360
vn 0.0246 -0.0804 0.9965
vn 0.2935 -0.1065 0.9500
vn 0.3414 -0.0955 0.9351
vn 0.2829 -0.0385 0.9584
vn 0.0190 -0.0364 0.9992
vn 0.1498 -0.0768 0.9857
vn 0.3646 -0.0040 0.9312
vn 0.3289 -0.0725 0.9416
vn 0.5245 -0.0873 0.8469
vn 0.2869 -0.3396 0.8958
vn 0.5494 -0.4037 0.7315
vn 0.4527 -0.2627 0.8521
vn 0.4966 -0.2588 0.8285
vn 0.4251 -0.1392 0.8944
vn 0.4109 -0.1335 0.9018
vn 0.4451 -0.3443 0.8266
vn 0.2953 -0.3289 0.8970
vn 0.2130 -0.1335 0.9679
vn 0.2009 -0.1216 0.9720
vn 0.4284 0.0928 0.8988
vn 0.1701 -0.0295 0.9850
vn 0.1659 -0.0246 0.9858
vn -0.0711 -0.1162 0.9907
vn -0.1513 -0.0757 0.9856
vn -0.5031 0.5329 0.6804
vn -0.4043 0.0112 0.9146
vn 0.0369 -0.0036 0.9993
vn 0.1842 -0.0517 0.9815
vn 0.2889 -0.1176 0.9501
vn -0.3594 -0.1159 0.9260
vn -0.3444 -0.1116 0.9322
vn -0.3356 -0.1146 0.9350
vn 0.3480 -0.1557 0.9245
vn 0.4352 -0.1508 0.8876
vn 0.2237 -0.0756 0.9717
vn 0.0817 -0.0541 0.9952
vn 0.3414 -0.1458 0.9285
vn 0.1592 -0.0714 0.9847
vn 0.5751 -0.1532 0.8036
vn 0.3264 0.6338 0.7013
vn 0.3991 -0.3746 0.8369
vn 0.5114 -0.2968 0.8064
vn 0.4552 -0.2696 0.8486
vn 0.3090 -0.3449 0.8863
vn 0.2737 -0.1526 0.9496
vn 0.3214 -0.1715 0.9313
vn 0.2121 -0.1654 0.9632
vn -0.3913 0.0965 0.9152
vn -0.4629 0.1745 0.8691
vn -0.5176 0.0079 0.8556
vn -0.4335 0.0769 0.8979
vn -0.3577 0.0522 0.9324
vn -0.1404 0.2116 0.9672
vn 0.2385 -0.0863 0.9673
vn 0.2778 -0.0908 0.9563
vn -0.3723 -0.1034 0.9223
vn -0.4129 -0.1039 0.9048
vn -0.5106 -0.0283 0.8594
vn 0.1540 -0.1566 0.9756
vn 0.1586 -0.1576 0.9747
vn 0.2911 -0.0493 0.9554
vn 0.1289 -0.0363 0.9910
vn 0.2273 -0.0869 0.9699
vn 0.2966 -0.0438 0.9540
vn 0.3785 -0.2656 0.8866
vn 0.4843 -0.2733 0.8311
vn 0.5811 -0.3623 0.7288
vn 0.3998 0.2279 0.8878
vn 0.5075 0.1238 0.8527
vn 0.2807 -0.1544 0.9473
vn 0.3505 -0.3040 0.8859
vn 0.3228 -0.3236 0.8894
vn 0.3156 -0.0694 0.9463
vn 0.2211 -0.1046 0.9696
vn 0.2152 -0.2199 0.9515
vn -0.2338 0.0669 0.9700
vn -0.3574 0.1518 0.9215
vn -0.3921 0.1160 0.9126
vn -0.4456 0.1783 0.8773
vn -0.5066 0.2053 0.8374
vn -0.4695 0.2100 0.8576
vn -0.4705 0.2077 0.8576
vn -0.5264 0.1907 0.8286
vn -0.3821 -0.1849 0.9054
vn -0.3329 -0.1246 0.9347
vn -0.3651 -0.1599 0.9171
vn -0.3353 -0.1113 0.9355
vn 0.2676 -0.1344 0.9541
vn 0.2829 -0.0671 0.9568
vn 0.3769 0.0499 0.9249
vn 0.3558 0.0563 0.9329
vn 0.3142 0.5467 0.7762
vn 0.6008 0.2587 0.7564
vn 0.2338 0.4410 0.8665
vn 0.4807 0.4417 0.7576
vn 0.4677 0.4051 0.7856
vn 0.3140 -0.0714 0.9467
vn 0.3127 -0.2089 0.9266
vn 0.1805 -0.2797 0.9430
vn 0.1832 -0.2814 0.9419
vn 0.2067 -0.2490 0.9462
vn -0.1985 -0.0416 0.9792
vn -0.0852 -0.0727 0.9937
vn -0.3835 0.0960 0.9185
vn -0.2845 0.0830 0.9551
vn -0.1283 0.1930 0.9728
vn 0.1391 0.1613 0.9770
vn 0.2786 -0.0916 0.9560
vn -0.3077 -0.1589 0.9381
vn -0.3947 -0.1389 0.9083
vn -0.5101 -0.0274 0.8597
vn -0.3988 -0.1801 0.8992
vn -0.1813 -0.2466 0.9520
vn 0.2912 -0.0571 0.9550
vn 0.3150 -0.0707 0.9465
vn 0.0210 -0.0313 0.9993
vn 0.0495 -0.1195 0.9916
vn 0.1593 -0.0364 0.9866
vn 0.2806 -0.0366 0.9591
vn 0.3194 0.2029 0.9256
vn 0.3693 0.1844 0.9108
vn 0.3955 0.3110 0.8642
vn 0.4095 0.3069 0.8591
vn 0.4525 0.2577 0.8537
vn 0.4499 0.4568 0.7674
vn 0.4932 0.1869 0.8496
vn 0.4965 0.1869 0.8477
vn 0.2829 0.4129 0.8657
vn 0.3212 0.3984 0.8592
vn 0.5518 0.3228 0.7690
vn 0.3055 0.4434 0.8426
vn 0.5036 0.2313 0.8324
vn 0.3827 0.0804 0.9204
vn 0.2804 0.3602 0.8897
vn 0.1420 -0.0578 0.9882
vn 0.3335 0.2342 0.9132
vn 0.1523 -0.4783 0.8649
vn 0.1953 -0.2437 0.9500
vn 0.2046 -0.2405 0.9489
vn -0.5051 0.1309 0.8531
vn -0.5009 0.1275 0.8560
vn -0.4939 0.1287 0.8600
vn -0.4627 0.0877 0.8822
vn -0.4318 0.0798 0.8984
vn -0.3351 -0.1241 0.9340
vn -0.4130 -0.1469 0.8988
vn -0.4588 -0.1488 0.8760
vn 0.2675 -0.1231 0.9557
vn 0.2994 -0.1055 0.9483
vn 0.0539 -0.1220 0.9911
vn 0.2637 -0.2429 0.9335
vn 0.2148 -0.2525 0.9434
vn 0.3095 0.0504 0.9496
vn 0.4871 0.3567 0.7972
vn 0.5302 0.3576 0.7688
vn 0.4818 0.4368 0.7596
vn 0.2451 0.1337 0.9602
vn 0.3522 0.2180 0.9102
vn 0.4315 0.2237 0.8740
vn 0.1406 -0.3898 0.9101
vn 0.1102 -0.3723 0.9215
vn -0.3568 0.1193 0.9265
vn -0.4159 0.1751 0.8924
vn -0.3987 -0.1598 0.9031
vn -0.5550 0.1006 0.8257
vn 0.2151 -0.1347 0.9673
vn 0.2794 -0.0647 0.9580
vn 0.2354 -0.2841 0.9294
vn -0.3845 -0.1585 0.9094
vn 0.2371 -0.1380 0.9616
vn 0.4242 -0.2503 0.8703
vn 0.3428 -0.1019 0.9339
vn 0.0719 -0.0942 0.9929
vn 0.2725 -0.0941 0.9575
vn 0.2860 0.6318 0.7204
vn 0.3430 0.3515 0.8711
vn 0.3799 0.3532 0.8549
vn 0.3882 0.4559 0.8009
vn 0.3989 0.4259 0.8121
vn 0.3217 0.4521 0.8319
vn 0.3475 0.3218 0.8808
vn 0.2974 0.3295 0.8961
vn 0.4314 0.2002 0.8797
vn 0.2643 -0.3301 0.9062
vn 0.2180 -0.2974 0.9295
vn -0.1523 -0.0574 0.9867
vn -0.2903 0.0455 0.9558
vn -0.4543 0.1528 0.8777
vn -0.4497 0.0909 0.8886
vn -0.0777 0.0340 0.9964
vn -0.4788 0.0447 0.8768
vn -0.2427 0.1193 0.9627
vn 0.2028 0.0938 0.9747
vn 0.2102 0.0949 0.9730
vn 0.2963 -0.0682 0.9526
vn 0.3782 -0.2054 0.9027
vn -0.3999 -0.1591 0.9026
vn 0.2711 -0.2386 0.9325
vn 0.2059 -0.1218 0.9710
vn 0.2770 -0.0594 0.9590
vn 0.2098 -0.0372 0.9770
vn 0.1280 -0.0505 0.9905
vn 0.0484 -0.1186 0.9918
vn 0.3438 -0.2715 0.8989
vn 0.2351 -0.2929 0.9268
vn 0.1600 -0.1685 0.9726
vn 0.1357 0.0296 0.9903
vn 0.3635 0.2231 0.9045
vn 0.4296 0.1948 0.8817
vn 0.4447 0.2040 0.8721
vn 0.4129 0.2202 0.8837
vn 0.4248 0.3003 0.8540
vn 0.3214 0.3129 0.8937
vn 0.4864 0.2262 0.8440
vn 0.5598 0.2707 0.7832
vn 0.4484 0.2845 0.8474
vn 0.4481 0.2846 0.8475
vn 0.3928 0.2120 0.8948
vn 0.3654 0.2639 0.8927
vn 0.1488 0.1827 0.9718
vn 0.5461 -0.1204 0.8290
vn -0.0659 -0.0976 0.9930
vn -0.3450 0.1323 0.9292
vn -0.5289 0.3004 0.7937
vn -0.4786 0.0883 0.8736
vn -0.3434 -0.0239 0.9389
vn -0.3871 0.0738 0.9191
vn -0.2912 0.1123 0.9500
vn 0.2957 -0.0354 0.9546
vn 0.3871 -0.0851 0.9181
vn -0.2117 -0.0947 0.9727
vn -0.3999 -0.1698 0.9007
vn 0.1682 -0.0752 0.9829
vn 0.1038 -0.3039 0.9470
vn 0.2064 -0.3518 0.9130
vn 0.3625 -0.2492 0.8981
vn 0.1687 -0.1306 0.9770
vn 0.3161 0.0350 0.9481
vn 0.4242 0.3332 0.8420
vn 0.2445 0.1288 0.9611
vn 0.2756 0.3161 0.9078
vn -0.0512 -0.1018 0.9935
vn -0.1265 -0.0558 0.9904
vn -0.3848 0.0402 0.9221
vn -0.6241 0.0415 0.7802
vn -0.5058 0.1120 0.8553
vn -0.3356 0.0701 0.9394
vn -0.3280 -0.1376 0.9346
vn -0.3434 -0.1303 0.9301
vn -0.4588 -0.1490 0.8759
vn -0.4443 -0.1587 0.8817
vn -0.4259 -0.1316 0.8951
vn -0.0946 -0.0848 0.9919
vn 0.4186 0.3575 0.8349
vn 0.1204 -0.1449 0.9821
vn 0.1297 -0.0546 0.9900
vn 0.1231 -0.0540 0.9909
vn 0.2742 0.0356 0.9610
vn 0.3941 0.1598 0.9051
vn 0.4404 0.1617 0.8831
vn 0.4621 0.2964 0.8358
vn 0.5571 0.1854 0.8095
vn 0.3953 0.2921 0.8709
vn 0.3772 0.2375 0.8952
vn 0.3478 0.2878 0.8923
vn -0.3196 -0.0604 0.9456
vn -0.4286 0.1182 0.8957
vn -0.4062 0.0482 0.9125
vn -0.4267 0.0351 0.9037
vn 0.2023 0.1027 0.9739
vn 0.3904 -0.0897 0.9162
vn -0.3889 -0.2734 0.8798
vn -0.3859 -0.2719 0.8816
vn -0.4365 -0.1066 0.8934
vn -0.4033 -0.1213 0.9070
vn 0.2394 -0.1418 0.9605
vn 0.3209 -0.1420 0.9364
vn 0.3241 -0.1093 0.9397
vn 0.3341 -0.1449 0.9313
vn 0.3098 -0.0367 0.9501
vn 0.4035 0.0155 0.9148
vn 0.3887 0.0282 0.9209
vn 0.4379 0.1186 0.8912
vn 0.3916 0.1570 0.9066
vn 0.4182 0.2681 0.8679
vn 0.4563 0.2690 0.8482
vn 0.4094 0.1978 0.8907
vn 0.2456 0.1275 0.9609
vn 0.3080 0.2318 0.9227
vn -0.1354 -0.0367 0.9901
vn -0.4479 -0.0055 0.8941
vn -0.4811 -0.0431 0.8756
vn -0.4714 0.1265 0.8728
vn -0.4490 -0.0226 0.8933
vn -0.3830 -0.1365 0.9136
vn -0.3451 -0.0692 0.9360
vn 0.2544 0.0674 0.9647
vn 0.3795 -0.0892 0.9209
vn 0.4066 -0.0923 0.9089
vn -0.2121 -0.4356 0.8748
vn -0.3823 -0.3875 0.8389
vn 0.0271 -0.2151 0.9762
vn 0.2926 -0.1150 0.9493
vn 0.2895 -0.1097 0.9509
vn 0.3276 -0.0025 0.9448
vn 0.2349 0.0022 0.9720
vn -0.0929 -0.1067 0.9899
vn 0.1472 -0.2001 0.9687
vn 0.1241 -0.0855 0.9886
vn 0.1325 -0.2313 0.9638
vn 0.1962 -0.1804 0.9638
vn 0.2194 -0.1682 0.9610
vn 0.4525 0.1168 0.8841
vn 0.3852 0.1991 0.9011
vn 0.4311 0.2125 0.8769
vn 0.2362 0.2076 0.9493
vn 0.3564 0.1269 0.9257
vn -0.2487 0.0214 0.9684
vn -0.2657 -0.1343 0.9547
vn -0.4178 0.1222 0.9003
vn -0.4452 0.0612 0.8933
vn -0.4012 0.0265 0.9156
vn 0.3611 0.0586 0.9307
vn 0.3258 0.0270 0.9451
vn 0.1765 -0.0016 0.9843
vn -0.3873 -0.3542 0.8512
vn -0.4916 -0.1858 0.8508
vn -0.3745 -0.2880 0.8814
vn -0.4961 -0.2436 0.8334
vn -0.3589 -0.2464 0.9002
vn 0.0656 -0.0963 0.9932
vn 0.2737 0.1129 0.9552
vn 0.2254 -0.0587 0.9725
vn 0.0769 -0.1135 0.9906
vn 0.4602 0.1096 0.8810
vn 0.2009 -0.2757 0.9400
vn 0.4170 0.0121 0.9088
vn 0.4488 0.0114 0.8936
vn 0.5131 0.0631 0.8560
vn 0.4137 0.1815 0.8921
vn 0.3906 0.2272 0.8921
vn 0.3915 0.2284 0.8914
vn 0.3022 0.1124 0.9466
vn 0.2700 0.1865 0.9446
vn 0.0415 -0.0373 0.9984
vn -0.1447 -0.1299 0.9809
vn -0.2301 0.0296 0.9727
vn -0.4462 0.0312 0.8944
vn -0.4914 -0.0243 0.8706
vn -0.4721 -0.0259 0.8812
vn -0.5041 -0.1639 0.8480
vn -0.6168 -0.0415 0.7860
vn -0.4065 -0.0440 0.9126
vn -0.4466 -0.0117 0.8947
vn -0.4379 -0.0392 0.8982
vn -0.3400 -0.0654 0.9382
vn -0.1679 -0.0114 0.9857
vn 0.3206 0.0347 0.9466
vn 0.3497 0.0426 0.9359
vn -0.3264 -0.1580 0.9319
vn -0.3920 -0.2817 0.8758
vn 0.2929 0.0281 0.9557
vn 0.2291 0.0209 0.9732
vn 0.1483 0.0247 0.9886
vn 0.1788 0.0143 0.9838
vn 0.1069 0.0696 0.9918
vn 0.2285 -0.1620 0.9600
vn 0.2553 -0.1757 0.9508
vn 0.1746 -0.3089 0.9349
vn 0.3780 -0.1564 0.9125
vn 0.4128 0.0777 0.9075
vn 0.4396 0.1056 0.8920
vn 0.4102 0.1733 0.8954
vn 0.3008 0.1049 0.9479
vn 0.2909 0.1906 0.9376
vn -0.3970 -0.1603 0.9037
vn -0.3674 0.0228 0.9298
vn -0.1935 -0.0356 0.9805
vn 0.4221 0.0405 0.9056
vn 0.3717 0.1125 0.9215
vn 0.3792 0.1006 0.9198
vn -0.4358 -0.1955 0.8785
vn -0.3665 -0.1723 0.9143
vn -0.3209 -0.1248 0.9389
vn -0.4883 -0.1890 0.8519
vn -0.3621 -0.2034 0.9097
vn -0.4502 -0.2036 0.8694
vn -0.3318 -0.1711 0.9277
vn -0.4191 -0.1410 0.8969
vn -0.0376 -0.0193 0.9991
vn 0.2849 0.0313 0.9580
vn 0.2985 0.0567 0.9527
vn 0.1551 -0.2224 0.9626
vn 0.1519 -0.3055 0.9400
vn 0.1116 -0.3082 0.9447
vn 0.2409 -0.1940 0.9510
vn 0.2530 -0.1937 0.9479
vn 0.3031 -0.1133 0.9462
vn 0.3829 -0.1762 0.9068
vn 0.3649 -0.1644 0.9164
vn 0.3703 -0.1597 0.9151
vn 0.4608 -0.1185 0.8796
vn 0.3622 0.0769 0.9289
vn -0.3278 0.0353 0.9441
vn -0.4570 0.0531 0.8879
vn -0.4199 0.0360 0.9068
vn -0.5403 -0.0321 0.8408
vn -0.3642 -0.0584 0.9295
vn -0.4151 0.0735 0.9068
vn -0.3551 0.0025 0.9348
vn -0.4819 0.0659 0.8738
vn 0.3590 0.0644 0.9311
vn 0.3686 0.1093 0.9231
vn -0.5254 -0.2468 0.8143
vn -0.4509 -0.1861 0.8730
vn -0.3310 -0.1415 0.9330
vn -0.4270 -0.1477 0.8921
vn 0.0334 -0.1514 0.9879
vn 0.2059 -0.1815 0.9616
vn 0.2744 0.0978 0.9566
vn 0.2217 0.0244 0.9748
vn 0.1894 0.0580 0.9802
vn 0.2702 -0.2107 0.9395
vn 0.3567 -0.3710 0.8574
vn 0.4439 -0.1107 0.8892
vn 0.4792 -0.2030 0.8539
vn 0.4284 0.0126 0.9035
vn 0.4557 0.0127 0.8901
vn 0.3589 0.1171 0.9260
vn 0.2687 0.0562 0.9616
vn -0.2337 -0.0944 0.9677
vn -0.4998 0.0850 0.8619
vn -0.4662 0.0606 0.8826
vn -0.4150 0.0132 0.9097
vn -0.3901 -0.0063 0.9207
vn -0.3395 -0.0370 0.9399
vn 0.3860 -0.1221 0.9144
vn -0.4260 -0.1944 0.8836
vn -0.3431 -0.2313 0.9104
vn 0.2468 -0.1111 0.9627
vn 0.2031 -0.0335 0.9786
vn 0.2564 -0.0830 0.9630
vn 0.2935 -0.1439 0.9451
vn 0.1797 -0.2586 0.9491
vn 0.3885 -0.2083 0.8976
vn 0.0143 0.0120 0.9998
vn 0.2163 -0.0374 0.9756
vn -0.4056 0.1330 0.9043
vn -0.4579 0.0845 0.8850
vn -0.4935 0.0569 0.8679
vn -0.4786 0.0501 0.8766
vn -0.3820 -0.0151 0.9241
vn -0.1099 -0.1132 0.9875
vn 0.0197 -0.1610 0.9868
vn 0.3115 -0.1159 0.9432
vn 0.4175 -0.1810 0.8905
vn 0.1053 -0.2020 0.9737
vn -0.0261 -0.1610 0.9866
vn -0.5270 -0.1329 0.8394
vn -0.4291 -0.2517 0.8675
vn -0.5073 -0.2955 0.8095
vn -0.3958 -0.1625 0.9038
vn -0.3911 -0.0428 0.9193
vn -0.3913 -0.1590 0.9064
vn -0.4133 -0.2251 0.8824
vn 0.1813 -0.0016 0.9834
vn 0.2565 -0.0192 0.9664
vn 0.2078 -0.2884 0.9347
vn 0.0399 -0.2252 0.9735
vn 0.1651 -0.2846 0.9443
vn 0.2860 -0.3107 0.9064
vn 0.3246 -0.3416 0.8820
vn 0.3381 -0.3356 0.8793
vn 0.3548 -0.3684 0.8593
vn 0.3505 -0.4912 0.7974
vn 0.4426 -0.1796 0.8786
vn 0.4218 -0.1284 0.8976
vn 0.3707 -0.1367 0.9186
vn 0.3816 0.0175 0.9242
vn -0.3077 0.0902 0.9472
vn -0.4441 0.0935 0.8911
vn -0.4511 0.0837 0.8885
vn 0.2555 -0.0853 0.9630
vn 0.4315 -0.1312 0.8925
vn -0.3839 -0.2090 0.8994
vn -0.4009 -0.1912 0.8960
vn -0.4976 -0.1595 0.8526
vn -0.3880 -0.0657 0.9193
vn -0.2604 -0.1626 0.9517
vn 0.1764 -0.1332 0.9753
vn 0.2462 -0.0283 0.9688
vn 0.2877 -0.0199 0.9575
vn 0.3686 -0.3573 0.8582
vn 0.3544 -0.4170 0.8370
vn 0.3393 -0.1281 0.9319
vn 0.3286 0.0514 0.9431
vn 0.3358 0.0499 0.9406
vn 0.0323 0.0183 0.9993
vn -0.1053 -0.1704 0.9797
vn -0.3143 -0.0436 0.9483
vn -0.3464 0.0242 0.9378
vn -0.4865 0.1611 0.8587
vn -0.4701 0.0336 0.8819
vn -0.4181 0.0525 0.9069
vn -0.3728 -0.0379 0.9271
vn -0.3449 -0.0498 0.9373
vn 0.3254 -0.1786 0.9286
vn -0.3092 -0.1733 0.9351
vn -0.3793 -0.1647 0.9105
vn -0.3286 -0.2123 0.9203
vn -0.0039 -0.1880 0.9822
vn 0.2184 -0.0695 0.9734
vn 0.1723 -0.0063 0.9850
vn 0.2631 0.0619 0.9628
vn 0.2945 0.1104 0.9493
vn 0.1318 -0.4817 0.8664
vn 0.1875 -0.4474 0.8745
vn 0.1329 -0.4119 0.9015
vn 0.3184 -0.5306 0.7855
vn 0.2958 -0.4219 0.8570
vn 0.3667 -0.1270 0.9216
vn 0.2995 -0.0203 0.9539
vn -0.4293 0.2473 0.8686
vn -0.4263 0.1874 0.8850
vn -0.4669 0.0969 0.8790
vn -0.4812 0.0362 0.8758
vn -0.3723 -0.0353 0.9274
vn 0.3828 -0.2057 0.9007
vn 0.3888 -0.2201 0.8946
vn 0.4117 -0.2196 0.8844
vn -0.4400 -0.2056 0.8741
vn -0.4980 -0.1999 0.8438
vn -0.3824 -0.2496 0.8896
vn 0.3018 -0.1578 0.9402
vn 0.2923 -0.1055 0.9505
vn 0.1817 -0.0473 0.9822
vn 0.1703 -0.0390 0.9846
vn 0.0704 -0.4675 0.8812
vn 0.3103 -0.3870 0.8683
vn 0.4017 -0.4623 0.7905
vn 0.4973 -0.4822 0.7212
vn 0.3075 -0.3656 0.8785
vn 0.3517 -0.1885 0.9169
vn 0.2650 -0.0166 0.9641
vn -0.2485 -0.1007 0.9634
vn -0.3165 0.1349 0.9390
vn -0.4382 0.1735 0.8820
vn -0.4410 0.1054 0.8913
vn 0.0779 -0.2622 0.9619
vn 0.0123 -0.2845 0.9586
vn -0.4110 -0.1505 0.8991
vn -0.4060 -0.1473 0.9019
vn -0.4455 -0.2622 0.8560
vn -0.4272 -0.1167 0.8966
vn -0.5117 -0.1181 0.8510
vn -0.3134 -0.2634 0.9124
vn 0.0202 -0.2120 0.9771
vn 0.0285 -0.2127 0.9767
vn 0.1794 -0.0664 0.9815
vn 0.2573 0.0337 0.9657
vn 0.3136 0.0506 0.9482
vn 0.4753 0.0572 0.8780
vn 0.1605 -0.4682 0.8689
vn 0.3012 -0.3931 0.8688
vn 0.3842 -0.2918 0.8760
vn 0.3676 -0.2645 0.8916
vn 0.3320 -0.2781 0.9014
vn 0.3908 -0.1167 0.9130
vn 0.3272 -0.0639 0.9428
vn 0.3109 -0.0673 0.9481
vn -0.3863 -0.0550 0.9207
vn -0.4581 0.2638 0.8489
vn -0.4656 0.1073 0.8785
vn -0.3284 -0.0130 0.9445
vn -0.3792 0.0008 0.9253
vn -0.3111 -0.1303 0.9414
vn 0.2487 -0.2747 0.9288
vn 0.2320 -0.2804 0.9314
vn 0.4045 -0.1883 0.8950
vn -0.4042 -0.2576 0.8776
vn 0.2468 -0.0306 0.9686
vn 0.3389 0.0521 0.9394
vn 0.3329 0.0316 0.9424
vn 0.1749 -0.4803 0.8595
vn 0.3577 -0.6114 0.7059
vn 0.1924 -0.6434 0.7409
vn 0.1733 -0.5251 0.8332
vn 0.3129 -0.1577 0.9366
vn 0.2777 -0.0626 0.9586
vn 0.2599 -0.1020 0.9602
vn -0.2363 -0.1280 0.9632
vn -0.4574 0.1070 0.8828
vn -0.6192 0.1601 0.7687
vn -0.4608 0.2637 0.8474
vn -0.3845 0.1827 0.9049
vn -0.4545 0.0996 0.8852
vn -0.3429 -0.0252 0.9390
vn -0.3444 -0.1121 0.9321
vn -0.3983 -0.2394 0.8855
vn -0.3859 -0.2171 0.8966
vn -0.3362 -0.1894 0.9225
vn -0.3417 -0.2050 0.9172
vn -0.3901 -0.1950 0.8999
vn -0.1566 -0.3610 0.9193
vn 0.1749 -0.0360 0.9839
vn 0.2167 -0.0092 0.9762
vn 0.2985 -0.0170 0.9543
vn 0.4100 0.1092 0.9055
vn 0.3225 -0.4066 0.8548
vn 0.4231 -0.4374 0.7935
vn 0.4945 -0.4913 0.7170
vn 0.3802 -0.5234 0.7625
vn 0.2122 -0.5397 0.8147
vn 0.2774 -0.0425 0.9598
vn 0.3489 -0.1122 0.9304
vn -0.5194 0.0372 0.8537
vn -0.4762 0.0185 0.8791
vn -0.3152 -0.1340 0.9395
vn -0.2059 -0.1963 0.9587
vn 0.3863 -0.3831 0.8391
vn 0.3711 -0.3960 0.8399
vn 0.3002 -0.2637 0.9167
vn -0.4300 -0.2966 0.8527
vn -0.3526 -0.2286 0.9074
vn -0.3107 -0.2080 0.9275
vn -0.4914 -0.1565 0.8567
vn -0.3855 -0.2259 0.8946
vn -0.5546 -0.2127 0.8045
vn 0.2796 -0.0864 0.9562
vn 0.2401 -0.0661 0.9685
vn 0.2070 -0.0610 0.9764
vn 0.1713 -0.3786 0.9096
vn 0.2140 -0.4689 0.8569
vn 0.4452 -0.4430 0.7782
vn 0.5197 -0.4294 0.7386
vn 0.2335 -0.4699 0.8513
vn 0.2103 -0.5319 0.8203
vn 0.3236 -0.3772 0.8678
vn 0.3423 -0.2924 0.8929
vn 0.2820 -0.2776 0.9184
vn 0.2864 -0.0599 0.9562
vn 0.2749 -0.0611 0.9595
vn -0.3211 -0.0531 0.9456
vn -0.3514 -0.0356 0.9356
vn -0.5151 0.0693 0.8543
vn -0.4713 0.1374 0.8712
vn -0.3811 0.2077 0.9009
vn -0.3367 0.0958 0.9367
vn -0.4470 0.0261 0.8942
vn -0.4502 0.1129 0.8858
vn -0.1447 -0.2710 0.9516
vn -0.0030 -0.3147 0.9492
vn 0.3766 -0.3953 0.8378
vn 0.3816 -0.3805 0.8423
vn -0.4041 -0.3430 0.8480
vn -0.3735 -0.3535 0.8576
vn -0.4387 -0.3562 0.8250
vn -0.2705 -0.2856 0.9194
vn -0.5176 -0.2589 0.8155
vn -0.4168 -0.2863 0.8628
vn -0.2226 -0.0675 0.9726
vn 0.1757 -0.0362 0.9838
vn 0.2281 -0.0921 0.9693
vn 0.4699 -0.0091 0.8827
vn 0.4743 -0.0387 0.8795
vn 0.2171 -0.4343 0.8742
vn 0.4189 -0.4088 0.8108
vn 0.5653 -0.4799 0.6709
vn 0.1645 -0.4996 0.8505
vn 0.3000 -0.3849 0.8728
vn 0.2776 -0.2733 0.9210
vn 0.2945 -0.2698 0.9168
vn 0.2780 -0.0779 0.9574
vn -0.4724 0.1382 0.8705
vn -0.3630 0.1122 0.9250
vn -0.4125 0.0171 0.9108
vn -0.3040 -0.0852 0.9489
vn -0.2904 -0.2162 0.9321
vn 0.3814 -0.5803 0.7195
vn 0.4402 -0.6106 0.6583
vn 0.1981 -0.6842 0.7018
vn -0.4656 -0.5609 0.6846
vn -0.3574 -0.3717 0.8568
vn -0.4405 -0.3366 0.8323
vn -0.4069 -0.0737 0.9105
vn -0.4327 -0.2303 0.8716
vn 0.0138 -0.1105 0.9938
vn 0.3166 -0.0850 0.9447
vn 0.4661 -0.1361 0.8742
vn 0.2032 -0.3916 0.8974
vn 0.2086 -0.3829 0.8999
vn 0.2584 -0.3936 0.8822
vn 0.2243 -0.4364 0.8714
vn 0.2417 -0.1982 0.9499
vn 0.2965 -0.1694 0.9399
vn 0.3471 -0.1307 0.9287
vn -0.4780 0.0273 0.8779
vn -0.3655 -0.0240 0.9305
vn -0.1406 -0.3228 0.9360
vn -0.1981 -0.3077 0.9306
vn 0.0685 -0.4127 0.9083
vn 0.1545 -0.4037 0.9017
vn 0.2581 -0.7241 0.6396
vn -0.3570 -0.6004 0.7156
vn -0.4201 -0.3703 0.8285
vn -0.2913 -0.4322 0.8535
vn -0.4906 -0.3908 0.7788
vn -0.3732 -0.2449 0.8949
vn -0.3535 -0.3133 0.8814
vn -0.4657 -0.1671 0.8690
vn -0.1282 -0.0207 0.9915
vn 0.1689 -0.0530 0.9842
vn 0.2405 -0.1064 0.9648
vn 0.2990 -0.1116 0.9477
vn 0.4403 -0.1520 0.8849
vn 0.5039 -0.0344 0.8630
vn 0.3253 -0.4525 0.8303
vn 0.4950 -0.3502 0.7952
vn 0.2768 -0.4484 0.8499
vn 0.1655 -0.4981 0.8512
vn 0.2531 -0.3251 0.9112
vn 0.2463 -0.1207 0.9616
vn 0.3632 -0.1020 0.9261
vn 0.2846 -0.1751 0.9425
vn -0.4173 0.0776 0.9054
vn -0.5516 0.0377 0.8333
vn -0.4813 -0.0486 0.8752
vn -0.3649 -0.0262 0.9307
vn 0.3632 -0.4639 0.8080
vn 0.4854 -0.3399 0.8055
vn 0.5846 -0.2499 0.7719
vn -0.4998 -0.5207 0.6922
vn -0.3382 -0.5916 0.7318
vn -0.5197 -0.5286 0.6713
vn -0.3994 -0.3703 0.8387
vn -0.6207 -0.1264 0.7738
vn -0.4083 -0.2331 0.8826
vn -0.1807 -0.1015 0.9783
vn 0.1796 -0.0699 0.9812
vn 0.2576 -0.0408 0.9654
vn 0.3296 -0.0839 0.9404
vn 0.2855 -0.0982 0.9533
vn 0.3888 -0.0195 0.9211
vn 0.4799 -0.0074 0.8773
vn 0.4699 -0.3446 0.8127
vn 0.2115 -0.3208 0.9232
vn 0.2522 -0.0984 0.9627
vn 0.2688 0.1517 0.9512
vn -0.4244 -0.1166 0.8980
vn -0.4391 -0.0109 0.8984
vn -0.5400 0.0065 0.8416
vn -0.4613 -0.0042 0.8873
vn -0.3528 -0.0752 0.9327
vn -0.3631 0.0204 0.9315
vn -0.2960 -0.1377 0.9452
vn -0.2000 -0.1880 0.9616
vn 0.0026 -0.5417 0.8406
vn 0.0387 -0.5482 0.8354
vn 0.2586 -0.5106 0.8200
vn 0.4502 -0.4823 0.7515
vn 0.3896 -0.1136 0.9139
vn -0.5327 -0.3138 0.7860
vn -0.5621 -0.2640 0.7838
vn -0.4557 -0.2402 0.8571
vn -0.3853 -0.2281 0.8942
vn -0.3033 -0.2729 0.9130
vn 0.1959 -0.0312 0.9801
vn 0.2958 -0.0581 0.9535
vn 0.5190 0.1183 0.8465
vn 0.5368 -0.3254 0.7784
vn 0.2295 -0.3361 0.9134
vn 0.2520 -0.3364 0.9074
vn 0.0070 -0.2297 0.9732
vn -0.5225 -0.0133 0.8525
vn -0.3713 -0.0254 0.9282
vn -0.4150 0.0190 0.9096
vn -0.3295 -0.0640 0.9420
vn -0.1318 -0.0749 0.9884
vn 0.0375 -0.5470 0.8363
vn 0.4009 -0.4951 0.7708
vn 0.4319 -0.4920 0.7559
vn 0.4240 -0.4504 0.7857
vn -0.4770 -0.4312 0.7659
vn -0.4691 -0.4346 0.7688
vn -0.3280 -0.2991 0.8961
vn -0.3522 -0.2868 0.8909
vn -0.3874 -0.4256 0.8178
vn -0.3269 -0.3565 0.8753
vn 0.1042 -0.0961 0.9899
vn 0.3847 0.2757 0.8809
vn 0.4357 0.1779 0.8823
vn 0.5942 -0.0664 0.8016
vn 0.6250 -0.0923 0.7752
vn 0.4745 -0.3140 0.8224
vn 0.4527 -0.2567 0.8539
vn 0.1483 -0.4202 0.8952
vn 0.2951 -0.3596 0.8852
vn 0.1695 -0.2409 0.9556
vn 0.1186 -0.2328 0.9653
vn 0.1754 -0.2013 0.9637
vn 0.4223 -0.2326 0.8761
vn -0.4562 -0.0002 0.8899
vn -0.5358 0.0243 0.8440
vn -0.3301 -0.0207 0.9437
vn -0.0354 -0.3928 0.9189
vn -0.1442 -0.3630 0.9206
vn 0.1270 -0.5818 0.8034
vn 0.1924 -0.5763 0.7942
vn 0.3908 -0.4773 0.7871
vn 0.2522 -0.3635 0.8968
vn -0.3852 -0.3962 0.8334
vn -0.5263 -0.4928 0.6929
vn -0.4236 -0.5514 0.7187
vn -0.2911 -0.4327 0.8532
vn -0.4565 -0.2426 0.8560
vn -0.3556 -0.0148 0.9345
vn -0.2231 -0.0472 0.9737
vn 0.2725 -0.1125 0.9555
vn 0.1640 -0.0539 0.9850
vn 0.1631 -0.0413 0.9857
vn 0.2680 -0.0483 0.9622
vn 0.3609 0.2865 0.8875
vn 0.2448 -0.3613 0.8998
vn 0.2189 -0.3518 0.9101
vn 0.3368 -0.3805 0.8613
vn 0.2379 -0.3974 0.8862
vn 0.2109 -0.3674 0.9058
vn 0.3194 -0.1891 0.9286
vn -0.5778 0.0478 0.8148
vn -0.5567 0.2145 0.8026
vn -0.3569 -0.0755 0.9311
vn -0.4574 -0.0311 0.8887
vn -0.4925 -0.1275 0.8609
vn 0.0071 -0.5384 0.8427
vn 0.3933 -0.5486 0.7378
vn 0.2543 -0.3674 0.8946
vn -0.5307 -0.2545 0.8084
vn -0.3009 -0.4917 0.8171
vn -0.5109 -0.3939 0.7641
vn -0.5015 -0.4002 0.7670
vn -0.3876 -0.3983 0.8314
vn -0.4106 -0.3862 0.8260
vn -0.4160 -0.1274 0.9004
vn -0.4902 -0.2276 0.8414
vn 0.1205 -0.1400 0.9828
vn 0.2183 -0.0435 0.9749
vn 0.2836 0.1413 0.9485
vn 0.4565 -0.2718 0.8472
vn 0.3153 -0.3189 0.8938
vn 0.2753 -0.3114 0.9095
vn 0.2112 -0.3220 0.9229
vn 0.4226 -0.1420 0.8951
vn -0.3338 -0.0244 0.9423
vn -0.3762 -0.2839 0.8820
vn -0.3291 -0.2178 0.9188
vn -0.3145 -0.1039 0.9436
vn -0.0545 -0.3372 0.9399
vn -0.0036 -0.6627 0.7489
vn 0.1948 -0.5792 0.7915
vn 0.4546 -0.4653 0.7595
vn 0.3826 -0.2858 0.8786
vn 0.3766 -0.2867 0.8809
vn -0.3786 -0.4483 0.8098
vn -0.3668 -0.1921 0.9103
vn -0.5198 -0.0969 0.8488
vn 0.2642 0.1550 0.9519
vn 0.4346 0.1701 0.8844
vn 0.4288 0.1728 0.8867
vn 0.5903 0.0189 0.8069
vn 0.6475 -0.0399 0.7610
vn 0.2009 -0.4011 0.8937
vn 0.2680 -0.3079 0.9129
vn 0.5965 -0.2792 0.7525
vn -0.3226 -0.0447 0.9455
vn -0.4128 -0.0560 0.9091
vn -0.4684 -0.0454 0.8823
vn -0.7321 -0.0483 0.6794
vn -0.3394 -0.1782 0.9236
vn -0.1944 -0.2576 0.9465
vn 0.1364 -0.5888 0.7967
vn 0.3378 -0.4676 0.8169
vn -0.2148 -0.4098 0.8865
vn -0.5282 -0.3894 0.7545
vn -0.6275 -0.2864 0.7240
vn -0.3777 -0.2204 0.8993
vn -0.1927 -0.2004 0.9606
vn 0.1758 -0.0418 0.9835
vn 0.1895 -0.0512 0.9805
vn 0.1760 -0.0511 0.9831
vn 0.2254 0.0659 0.9720
vn 0.2907 0.0998 0.9516
vn 0.5934 0.0201 0.8047
vn 0.5135 0.0726 0.8550
vn 0.2497 -0.4666 0.8485
vn 0.2339 -0.4623 0.8553
vn 0.2814 -0.4428 0.8513
vn 0.2099 -0.3552 0.9109
vn 0.2579 -0.4242 0.8681
vn 0.2304 -0.2963 0.9269
vn 0.2207 -0.2645 0.9388
vn 0.1333 -0.3037 0.9434
vn 0.2736 -0.1477 0.9504
vn 0.3120 -0.1187 0.9426
vn -0.1199 0.2074 0.9709
vn -0.7442 0.1627 0.6478
vn -0.4223 -0.2073 0.8824
vn -0.4375 -0.1747 0.8821
vn -0.1658 -0.1593 0.9732
vn -0.2993 -0.1507 0.9422
vn -0.1925 -0.2607 0.9460
vn 0.0553 -0.7004 0.7116
vn 0.0487 -0.6396 0.7672
vn 0.1953 -0.5721 0.7966
vn 0.3807 -0.3762 0.8447
vn -0.4133 -0.2970 0.8608
vn -0.5901 -0.2075 0.7802
vn -0.4163 -0.2423 0.8764
vn -0.4209 -0.1641 0.8921
vn -0.3795 -0.3110 0.8714
vn 0.0612 -0.2523 0.9657
vn 0.2365 0.0601 0.9698
vn 0.3126 0.0712 0.9472
vn 0.3744 0.0697 0.9246
vn 0.5848 -0.0048 0.8112
vn 0.6669 -0.1380 0.7323
vn 0.2148 -0.5081 0.8341
vn 0.1831 -0.3671 0.9120
vn 0.1647 -0.3540 0.9206
vn 0.2094 -0.3291 0.9208
vn -0.3570 -0.0995 0.9288
vn -0.4269 -0.0483 0.9030
vn -0.5211 -0.0689 0.8507
vn -0.2974 -0.1579 0.9416
vn -0.5014 -0.1202 0.8568
vn -0.3386 -0.1275 0.9322
vn 0.1358 -0.5999 0.7885
vn 0.0470 -0.6899 0.7223
vn -0.0585 -0.6633 0.7460
vn 0.1289 -0.6344 0.7622
vn 0.2178 -0.5693 0.7928
vn 0.2647 -0.5080 0.8197
vn -0.1825 -0.4615 0.8682
vn -0.4343 -0.3134 0.8445
vn -0.4587 -0.2550 0.8512
vn -0.4681 -0.2541 0.8463
vn -0.4972 -0.4066 0.7665
vn -0.3975 -0.3328 0.8551
vn -0.2839 -0.1568 0.9459
vn -0.5536 -0.1684 0.8156
vn 0.0353 -0.1219 0.9919
vn 0.1691 -0.0629 0.9836
vn 0.2082 -0.0670 0.9758
vn 0.2158 0.0975 0.9716
vn 0.5324 0.0045 0.8465
vn 0.4345 0.0061 0.9006
vn 0.4832 0.1082 0.8688
vn 0.5842 0.1525 0.7972
vn 0.3787 0.2210 0.8987
vn 0.1880 -0.1477 0.9710
vn 0.3106 -0.1733 0.9346
vn 0.5342 -0.1859 0.8247
vn 0.3419 -0.1479 0.9280
vn -0.4126 -0.0581 0.9091
vn -0.4680 0.0187 0.8835
vn -0.4825 0.0116 0.8758
vn -0.1551 -0.4296 0.8896
vn 0.1622 -0.6320 0.7578
vn 0.1976 -0.5614 0.8036
vn 0.4773 -0.3757 0.7944
vn 0.2697 -0.5097 0.8170
vn 0.2713 -0.5118 0.8151
vn -0.6298 -0.2988 0.7169
vn -0.5767 -0.2406 0.7807
vn -0.4924 -0.1837 0.8507
vn 0.1231 -0.0748 0.9896
vn 0.2144 -0.0222 0.9765
vn 0.2040 0.0231 0.9787
vn 0.6852 0.0087 0.7283
vn 0.5989 0.1436 0.7879
vn 0.4662 0.1474 0.8723
vn 0.5457 0.0206 0.8377
vn 0.1996 -0.4861 0.8508
vn 0.2076 -0.4854 0.8493
vn 0.1081 -0.2791 0.9542
vn 0.1062 -0.2109 0.9717
vn -0.5331 0.0470 0.8447
vn -0.4902 -0.0643 0.8692
vn -0.4268 -0.1116 0.8975
vn -0.3912 -0.0189 0.9201
vn -0.4284 -0.0134 0.9035
vn 0.0869 -0.5852 0.8062
vn -0.0688 -0.5560 0.8283
vn 0.0145 -0.4067 0.9134
vn -0.4557 -0.2424 0.8565
vn -0.4009 -0.3641 0.8406
vn -0.4549 -0.3311 0.8267
vn -0.5358 -0.2106 0.8177
vn 0.5887 -0.0142 0.8082
vn 0.4780 0.0884 0.8739
vn 0.1874 -0.4534 0.8714
vn 0.1171 -0.4814 0.8687
vn 0.0229 -0.2645 0.9641
vn 0.1033 -0.2115 0.9719
vn 0.5290 -0.1651 0.8324
vn 0.6228 -0.2093 0.7538
vn -0.0683 -0.1013 0.9925
vn -0.3447 -0.0903 0.9344
vn -0.4107 -0.0576 0.9100
vn -0.4887 -0.0641 0.8701
vn -0.4065 -0.0359 0.9130
vn -0.2890 -0.2143 0.9330
vn 0.0460 -0.4043 0.9135
vn 0.1348 -0.6001 0.7885
vn 0.1004 -0.5343 0.8393
vn 0.2054 -0.5466 0.8118
vn 0.2185 -0.5423 0.8113
vn 0.3311 -0.4921 0.8051
vn 0.4815 -0.3649 0.7969
vn -0.4020 -0.3440 0.8486
vn -0.4551 -0.2624 0.8509
vn -0.1673 -0.2750 0.9468
vn 0.0411 -0.1260 0.9912
vn 0.0981 -0.1387 0.9855
vn 0.1761 -0.0248 0.9841
vn 0.4698 -0.1128 0.8755
vn 0.5797 -0.0884 0.8100
vn 0.4948 0.0846 0.8649
vn 0.5327 0.2233 0.8163
vn 0.4130 0.2061 0.8871
vn 0.1608 -0.3366 0.9278
vn -0.4010 -0.0682 0.9135
vn -0.4725 -0.0134 0.8812
vn -0.2571 -0.0210 0.9662
vn 0.1548 -0.5355 0.8303
vn 0.1179 -0.5269 0.8417
vn 0.1629 -0.5337 0.8298
vn 0.2571 -0.4770 0.8404
vn -0.1294 0.0251 0.9913
vn -0.4443 -0.2049 0.8721
vn -0.3234 -0.2897 0.9008
vn -0.6456 -0.1510 0.7486
vn -0.5622 -0.1821 0.8067
vn -0.2828 -0.1603 0.9457
vn -0.4752 -0.2501 0.8436
vn 0.1877 0.0154 0.9821
vn 0.3274 -0.0346 0.9443
vn 0.4139 -0.0699 0.9076
vn 0.4564 -0.0272 0.8894
vn 0.4950 0.1688 0.8523
vn -0.0360 -0.3696 0.9285
vn 0.2715 -0.2807 0.9206
vn 0.3094 -0.1884 0.9321
vn 0.2130 -0.2536 0.9436
vn -0.4681 -0.0435 0.8826
vn -0.4291 -0.0350 0.9026
vn -0.2488 -0.0373 0.9678
vn 0.0200 -0.3068 0.9516
vn 0.1797 -0.4172 0.8909
vn 0.2297 -0.4844 0.8442
vn 0.1303 -0.4949 0.8591
vn -0.0117 -0.5121 0.8589
vn -0.0224 -0.5927 0.8051
vn 0.4515 -0.3343 0.8273
vn 0.3298 -0.4096 0.8505
vn -0.1326 -0.4368 0.8897
vn -0.5114 -0.1301 0.8494
vn -0.3881 -0.1995 0.8998
vn -0.4865 -0.2806 0.8274
vn -0.6204 -0.2064 0.7566
vn -0.6546 -0.1542 0.7401
vn 0.1981 -0.0614 0.9783
vn 0.2882 -0.0979 0.9526
vn 0.4486 -0.1126 0.8866
vn 0.4837 -0.1298 0.8656
vn 0.5932 -0.1164 0.7966
vn 0.6088 -0.1143 0.7851
vn 0.5654 -0.0573 0.8228
vn 0.4844 -0.0093 0.8748
vn 0.4817 -0.0044 0.8763
vn 0.4321 0.0823 0.8981
vn 0.4555 0.0805 0.8866
vn 0.1361 -0.3145 0.9395
vn 0.1949 -0.2622 0.9451
vn 0.1967 -0.2623 0.9447
vn 0.4586 -0.2622 0.8491
vn -0.4669 -0.0433 0.8833
vn -0.4295 -0.0113 0.9030
vn 0.1553 -0.2722 0.9496
vn 0.2175 -0.4864 0.8463
vn 0.1201 -0.5341 0.8369
vn 0.1070 -0.5245 0.8447
vn 0.0108 -0.5252 0.8509
vn 0.3941 -0.4466 0.8033
vn -0.4126 -0.1227 0.9026
vn -0.3154 -0.3062 0.8982
vn -0.3652 -0.1073 0.9247
vn 0.4635 -0.1558 0.8723
vn 0.5197 -0.0931 0.8492
vn 0.0930 -0.5323 0.8414
vn 0.1768 -0.2833 0.9426
vn -0.4629 -0.0515 0.8849
vn -0.4408 -0.0640 0.8953
vn -0.4469 -0.0621 0.8924
vn 0.1906 -0.4399 0.8776
vn 0.1095 -0.5392 0.8350
vn 0.0107 -0.5234 0.8520
vn 0.1943 -0.5005 0.8436
vn -0.4234 -0.2249 0.8776
vn -0.4561 -0.2332 0.8588
vn -0.4918 -0.1868 0.8504
vn -0.4259 -0.2249 0.8764
vn -0.3467 -0.1552 0.9251
vn -0.4198 -0.1336 0.8977
vn -0.4424 -0.1444 0.8851
vn 0.1675 -0.1002 0.9808
vn 0.1698 -0.0988 0.9805
vn 0.1716 -0.0832 0.9816
vn 0.2298 -0.0534 0.9718
vn 0.3157 -0.0904 0.9445
vn 0.4894 -0.1548 0.8582
vn 0.4090 -0.0803 0.9090
vn 0.4045 0.0350 0.9139
vn 0.0340 -0.3382 0.9405
vn 0.4453 -0.2173 0.8686
vn 0.6189 -0.2414 0.7475
vn 0.5235 -0.1654 0.8358
vn 0.0160 -0.0652 0.9977
vn -0.4317 -0.0377 0.9013
vn -0.4372 -0.0619 0.8972
vn -0.4497 -0.0566 0.8914
vn -0.3933 -0.0535 0.9178
vn -0.4423 -0.0355 0.8962
vn 0.2888 -0.2346 0.9282
vn 0.0654 -0.5681 0.8204
vn 0.2742 -0.5012 0.8207
vn 0.3150 -0.5129 0.7986
vn -0.6326 0.0336 0.7737
vn -0.5493 -0.1970 0.8121
vn -0.3827 -0.2104 0.8996
vn -0.1536 -0.2954 0.9429
vn 0.0368 -0.1316 0.9906
vn 0.1006 -0.1221 0.9874
vn 0.5700 -0.2703 0.7759
vn 0.4375 0.1703 0.8829
vn 0.3546 0.1537 0.9223
vn 0.0637 -0.3521 0.9338
vn 0.1798 -0.3177 0.9310
vn -0.5408 -0.1759 0.8226
vn -0.4281 0.0291 0.9032
vn -0.3682 0.0242 0.9294
vn -0.4882 -0.0239 0.8724
vn -0.4970 -0.0238 0.8674
vn 0.0824 -0.1567 0.9842
vn 0.3109 -0.3542 0.8820
vn 0.1939 -0.4029 0.8944
vn 0.1696 -0.5650 0.8074
vn -0.5055 -0.1852 0.8427
vn -0.4205 -0.1434 0.8959
vn -0.3136 -0.3054 0.8991
vn -0.7049 -0.0818 0.7045
vn -0.6159 -0.1434 0.7747
vn -0.5498 -0.1755 0.8167
vn -0.4406 -0.2031 0.8744
vn -0.4532 -0.1984 0.8691
vn -0.4747 -0.2530 0.8430
vn -0.2619 -0.2429 0.9340
vn 0.1683 -0.0984 0.9808
vn 0.1604 -0.0803 0.9838
vn 0.2082 -0.0703 0.9755
vn 0.4355 -0.1510 0.8874
vn 0.4672 -0.1455 0.8721
vn 0.4828 -0.1386 0.8647
vn 0.5880 -0.2132 0.7802
vn 0.4777 -0.1987 0.8557
vn 0.5606 -0.3275 0.7606
vn 0.3893 -0.2825 0.8767
vn 0.3429 0.1889 0.9202
vn 0.0018 -0.3268 0.9451
vn 0.3705 -0.3442 0.8627
vn 0.1128 -0.4493 0.8863
vn -0.4293 -0.0519 0.9017
vn 0.2066 -0.4168 0.8852
vn 0.2029 -0.4164 0.8862
vn 0.0725 -0.5042 0.8605
vn 0.1762 -0.5559 0.8124
vn -0.5788 -0.3677 0.7279
vn -0.4043 -0.1030 0.9088
vn -0.2568 -0.1296 0.9577
vn 0.4057 -0.0965 0.9089
vn 0.5130 -0.2592 0.8183
vn 0.4163 -0.0970 0.9041
vn 0.4102 -0.0564 0.9102
vn 0.3331 -0.0137 0.9428
vn 0.1789 -0.2424 0.9535
vn 0.0627 -0.3508 0.9344
vn 0.2718 -0.3769 0.8855
vn 0.5710 -0.3012 0.7637
vn 0.0683 -0.4771 0.8762
vn -0.3896 -0.2536 0.8854
vn -0.3193 -0.1156 0.9406
vn 0.3380 -0.1768 0.9244
vn 0.3150 -0.5127 0.7987
vn 0.3702 -0.5476 0.7504
vn -0.5482 0.2320 0.8035
vn -0.7001 -0.0978 0.7073
vn -0.4639 -0.2779 0.8412
vn -0.5156 -0.2699 0.8132
vn -0.3746 -0.1909 0.9073
vn -0.3787 -0.1927 0.9052
vn 0.5199 -0.1792 0.8352
vn 0.6320 -0.1808 0.7536
vn 0.4837 -0.0201 0.8750
vn 0.3439 0.0217 0.9388
vn 0.1592 -0.2986 0.9410
vn 0.0981 -0.3472 0.9327
vn 0.0698 -0.2763 0.9585
vn 0.0801 -0.4849 0.8709
vn -0.5156 -0.2400 0.8225
vn -0.5171 -0.0979 0.8503
vn -0.4375 -0.0279 0.8988
vn -0.4493 -0.0533 0.8918
vn -0.3316 -0.0953 0.9386
vn 0.1997 -0.1978 0.9597
vn 0.3819 -0.1949 0.9034
vn 0.0918 -0.4650 0.8805
vn 0.1475 -0.4957 0.8559
vn -0.6212 0.0721 0.7803
vn -0.3278 -0.1873 0.9260
vn -0.5317 -0.1565 0.8323
vn 0.1006 -0.1220 0.9874
vn 0.1450 -0.1435 0.9790
vn 0.1479 -0.1673 0.9747
vn 0.2962 -0.1348 0.9455
vn 0.6317 -0.1794 0.7541
vn 0.5663 -0.1454 0.8113
vn 0.3747 0.0225 0.9269
vn 0.4360 -0.0726 0.8970
vn 0.4300 -0.1045 0.8968
vn 0.3347 0.0357 0.9416
vn 0.5806 0.1004 0.8080
vn 0.3311 0.2186 0.9179
vn 0.2016 -0.4249 0.8825
vn 0.0091 -0.4071 0.9133
vn 0.4016 -0.4175 0.8152
vn 0.5233 -0.3830 0.7612
vn -0.5086 -0.2308 0.8295
vn -0.6343 -0.1157 0.7644
vn -0.4178 -0.1073 0.9022
vn 0.3862 -0.2133 0.8974
vn 0.3499 -0.2398 0.9056
vn 0.1946 -0.4069 0.8925
vn 0.0856 -0.4679 0.8796
vn 0.2883 -0.5354 0.7938
vn -0.3832 -0.1924 0.9034
vn -0.4617 -0.1140 0.8797
vn -0.5339 -0.0566 0.8437
vn -0.6603 -0.0448 0.7496
vn -0.3699 -0.1777 0.9119
vn -0.3470 -0.2171 0.9124
vn 0.1601 -0.1857 0.9695
vn 0.1421 -0.1705 0.9751
vn 0.5323 -0.0607 0.8443
vn 0.3683 0.0027 0.9297
vn 0.3340 -0.0153 0.9424
vn 0.2795 0.0236 0.9599
vn 0.0651 -0.5985 0.7985
vn 0.4885 -0.3273 0.8089
vn -0.5096 -0.2879 0.8108
vn -0.4574 -0.2532 0.8525
vn -0.4696 -0.0678 0.8803
vn 0.3939 -0.2236 0.8915
vn 0.1181 -0.4239 0.8980
vn 0.2327 -0.2343 0.9439
vn -0.6299 0.0609 0.7743
vn -0.4981 -0.1253 0.8580
vn -0.2935 -0.1716 0.9404
vn -0.4303 -0.2418 0.8697
vn -0.4668 -0.2421 0.8506
vn -0.5802 0.0057 0.8145
vn -0.5415 -0.1335 0.8300
vn -0.4583 -0.1658 0.8732
vn -0.5099 -0.1117 0.8530
vn -0.5323 -0.1120 0.8391
vn -0.4568 -0.1754 0.8721
vn -0.2048 -0.1962 0.9589
vn 0.0448 -0.2011 0.9786
vn 0.1887 -0.1730 0.9667
vn 0.2125 -0.1135 0.9705
vn 0.4668 -0.1637 0.8691
vn 0.6659 -0.1296 0.7347
vn 0.4410 -0.0860 0.8934
vn 0.4316 -0.0438 0.9010
vn 0.4616 -0.1370 0.8764
vn 0.3448 0.1149 0.9316
vn 0.2756 -0.5068 0.8168
vn -0.4334 -0.0708 0.8984
vn -0.3529 -0.1198 0.9280
vn -0.1512 -0.1802 0.9719
vn 0.2545 -0.2861 0.9238
vn 0.1579 -0.4800 0.8629
vn 0.1433 -0.4627 0.8749
vn 0.3952 -0.3717 0.8401
vn 0.2838 -0.5118 0.8109
vn -0.2628 -0.4227 0.8673
vn -0.5438 -0.1417 0.8271
vn -0.4231 -0.0152 0.9060
vn 0.1637 -0.1742 0.9710
vn 0.1702 -0.1730 0.9701
vn 0.3905 -0.0727 0.9177
vn 0.5293 -0.1494 0.8352
vn 0.4573 -0.0487 0.8880
vn 0.5627 -0.1374 0.8152
vn 0.3842 0.0258 0.9229
vn 0.4447 -0.1273 0.8866
vn 0.3724 -0.0000 0.9281
vn 0.4432 -0.0340 0.8958
vn 0.3351 0.0241 0.9419
vn 0.0970 -0.0814 0.9919
vn 0.3591 -0.0836 0.9296
vn 0.0503 -0.5081 0.8598
vn 0.1969 -0.5264 0.8271
vn -0.5908 -0.4883 0.6423
vn -0.5838 -0.2400 0.7756
vn -0.4927 -0.2780 0.8246
vn -0.6087 -0.1017 0.7868
vn -0.4168 -0.1046 0.9030
vn -0.4223 -0.0942 0.9016
vn 0.2370 -0.3051 0.9224
vn 0.3816 -0.2457 0.8911
vn 0.3487 -0.2393 0.9062
vn 0.1197 -0.4314 0.8942
vn 0.0965 -0.4750 0.8747
vn -0.5474 -0.1407 0.8250
vn -0.4417 -0.1590 0.8829
vn -0.3609 -0.0965 0.9276
vn 0.0221 -0.1604 0.9868
vn 0.1791 -0.2199 0.9590
vn 0.1320 -0.2188 0.9668
vn 0.2901 -0.1221 0.9492
vn 0.4019 -0.1369 0.9054
vn 0.4378 -0.1650 0.8838
vn 0.4752 -0.1157 0.8722
vn 0.3661 0.1088 0.9242
vn 0.2905 0.0001 0.9569
vn 0.2980 0.0586 0.9528
vn 0.3635 0.1108 0.9250
vn 0.0786 -0.6049 0.7924
vn -0.0235 -0.6006 0.7992
vn 0.2323 -0.4840 0.8436
vn 0.3603 -0.4710 0.8052
vn -0.6112 -0.2852 0.7383
vn -0.6639 -0.3182 0.6768
vn -0.4288 -0.1123 0.8964
vn -0.3059 -0.1922 0.9325
vn -0.1528 -0.2508 0.9559
vn 0.1719 -0.2692 0.9476
vn 0.3326 -0.1990 0.9218
vn 0.4273 -0.1625 0.8894
vn 0.1677 -0.3496 0.9218
vn 0.1421 -0.4403 0.8865
vn 0.1430 -0.4665 0.8729
vn 0.3862 -0.2233 0.8950
vn -0.5053 -0.0887 0.8584
vn -0.4787 -0.0971 0.8726
vn -0.5223 -0.0510 0.8512
vn -0.5230 -0.2720 0.8078
vn -0.4416 -0.1207 0.8890
vn -0.3709 -0.1017 0.9231
vn 0.1503 -0.2543 0.9554
vn 0.2311 -0.2191 0.9479
vn 0.6076 0.0937 0.7887
vn 0.6620 0.1098 0.7414
vn 0.4791 0.1427 0.8661
vn 0.3193 0.0736 0.9448
vn 0.3977 -0.1246 0.9090
vn 0.5613 -0.1518 0.8136
vn 0.3146 -0.4337 0.8444
vn -0.1327 -0.3470 0.9284
vn -0.3326 -0.5004 0.7994
vn -0.4126 -0.1111 0.9041
vn -0.4840 -0.1002 0.8693
vn -0.4709 -0.0937 0.8772
vn -0.4401 -0.1171 0.8903
vn -0.4533 -0.1115 0.8843
vn -0.3718 -0.1371 0.9181
vn -0.2313 -0.1976 0.9526
vn -0.2131 -0.2024 0.9558
vn 0.4032 -0.0633 0.9129
vn 0.4417 0.2961 0.8469
vn 0.3610 0.0887 0.9283
vn 0.3843 0.0798 0.9198
vn 0.3832 0.0804 0.9202
vn 0.6162 -0.2129 0.7583
vn 0.4200 -0.4357 0.7961
vn -0.4262 -0.5052 0.7504
vn -0.5890 -0.1358 0.7967
vn -0.6202 -0.1421 0.7715
vn -0.3597 -0.2422 0.9011
vn 0.3170 -0.1984 0.9274
vn 0.4057 -0.1173 0.9064
vn 0.2655 -0.3008 0.9160
vn 0.1555 -0.3439 0.9260
vn 0.0264 0.1404 0.9897
vn -0.2274 0.1222 0.9661
vn -0.5155 -0.0669 0.8543
vn 0.1820 -0.2107 0.9605
vn 0.5451 -0.0696 0.8355
vn 0.4217 0.3266 0.8459
vn 0.4490 0.0989 0.8881
vn 0.6053 -0.0666 0.7932
vn -0.0127 -0.6074 0.7943
vn 0.1268 -0.5930 0.7952
vn 0.3688 -0.3841 0.8464
vn -0.4033 -0.4284 0.8086
vn -0.5163 -0.1982 0.8332
vn -0.6061 -0.4308 0.6686
vn -0.5384 -0.2738 0.7970
vn -0.3552 -0.1923 0.9148
vn -0.0662 -0.3277 0.9425
vn 0.1844 -0.3198 0.9294
vn 0.1941 -0.3253 0.9255
vn 0.3451 -0.1292 0.9296
vn 0.1999 -0.4080 0.8908
vn 0.3488 -0.4504 0.8219
vn 0.1641 -0.5176 0.8397
vn -0.2654 -0.4335 0.8612
vn -0.5178 -0.0673 0.8528
vn -0.5601 -0.0748 0.8250
vn -0.4590 -0.0909 0.8838
vn -0.3812 -0.1423 0.9135
vn -0.1801 -0.2485 0.9518
vn 0.1763 -0.2268 0.9579
vn 0.1689 -0.2738 0.9468
vn 0.1423 -0.2737 0.9512
vn 0.1373 -0.2502 0.9584
vn 0.3911 -0.1987 0.8986
vn 0.5155 0.0741 0.8537
vn 0.4269 0.1888 0.8844
vn 0.2943 0.0777 0.9525
vn 0.3622 0.0545 0.9305
vn 0.5021 0.0722 0.8618
vn -0.6420 -0.4129 0.6460
vn -0.6619 -0.3780 0.6474
vn -0.5400 -0.2726 0.7963
vn -0.4884 -0.2811 0.8261
vn 0.3266 -0.1759 0.9286
vn 0.1791 -0.4031 0.8974
vn -0.4733 -0.1307 0.8711
vn -0.1926 0.0331 0.9807
vn -0.4174 -0.1859 0.8895
vn -0.3016 -0.2115 0.9297
vn -0.3964 -0.0991 0.9127
vn -0.4842 -0.0796 0.8713
vn -0.5212 -0.0845 0.8493
vn -0.5098 -0.0937 0.8552
vn -0.4710 -0.1576 0.8679
vn -0.5474 -0.1326 0.8263
vn -0.3707 -0.1250 0.9203
vn -0.4567 -0.1921 0.8686
vn -0.5045 -0.1827 0.8439
vn -0.3033 -0.2545 0.9183
vn -0.0096 -0.2210 0.9752
vn 0.1968 -0.2389 0.9509
vn 0.1642 -0.2621 0.9510
vn 0.1541 -0.2659 0.9516
vn 0.2372 -0.2471 0.9395
vn 0.4724 -0.1085 0.8747
vn 0.4805 -0.1107 0.8700
vn 0.3333 0.0456 0.9417
vn 0.5326 -0.0129 0.8463
vn 0.0932 -0.5498 0.8301
vn 0.2262 -0.5529 0.8020
vn 0.3371 -0.4763 0.8121
vn -0.6076 -0.5119 0.6073
vn -0.4986 -0.2633 0.8259
vn -0.4724 -0.2720 0.8384
vn -0.4001 -0.2251 0.8884
vn -0.4397 -0.1952 0.8767
vn -0.0557 -0.3769 0.9246
vn 0.4153 -0.1234 0.9013
vn -0.3183 -0.2271 0.9204
vn -0.5163 -0.0519 0.8548
vn -0.4916 -0.0541 0.8691
vn -0.5458 -0.1270 0.8282
vn -0.5123 -0.1645 0.8429
vn -0.4757 -0.1800 0.8610
vn -0.1740 -0.2342 0.9565
vn 0.1802 -0.2269 0.9571
vn 0.1974 -0.2424 0.9499
vn 0.1146 -0.2712 0.9557
vn 0.1943 -0.3267 0.9249
vn 0.2943 -0.2730 0.9159
vn 0.3963 -0.2040 0.8952
vn 0.4881 -0.0255 0.8724
vn 0.4627 0.0852 0.8824
vn 0.4478 0.1003 0.8885
vn 0.5719 -0.0782 0.8166
vn 0.2349 -0.5643 0.7914
vn -0.4530 -0.2393 0.8588
vn -0.3879 -0.2687 0.8817
vn -0.5386 -0.2971 0.7884
vn -0.5287 -0.1871 0.8279
vn -0.2328 -0.4412 0.8667
vn 0.4156 -0.1381 0.8990
vn 0.3402 -0.2176 0.9148
vn -0.2383 0.3866 0.8909
vn -0.4604 -0.2027 0.8643
vn -0.3047 -0.2174 0.9273
vn -0.3437 -0.1770 0.9222
vn 0.0592 -0.2878 0.9559
vn 0.1990 -0.3267 0.9240
vn 0.4486 -0.2355 0.8622
vn 0.4080 -0.1404 0.9021
vn 0.3534 0.0667 0.9331
vn 0.4057 -0.0176 0.9138
vn 0.3445 0.0276 0.9384
vn 0.3385 0.0246 0.9407
vn 0.2717 0.0562 0.9607
vn 0.5594 -0.0586 0.8268
vn 0.6130 -0.0243 0.7897
vn 0.6332 -0.0386 0.7730
vn 0.5125 -0.1246 0.8496
vn 0.4028 -0.0526 0.9138
vn 0.2049 -0.5593 0.8032
vn -0.5206 -0.2522 0.8157
vn -0.5319 -0.2397 0.8122
vn -0.4484 -0.2327 0.8630
vn -0.6602 -0.4504 0.6011
vn -0.4922 -0.2462 0.8349
vn -0.2507 -0.4416 0.8615
vn -0.2566 -0.4272 0.8670
vn -0.0666 -0.3710 0.9262
vn 0.1968 -0.3046 0.9319
vn 0.3025 -0.2413 0.9221
vn 0.2485 -0.2512 0.9355
vn -0.1634 -0.3317 0.9291
vn -0.3426 -0.0662 0.9371
vn -0.3643 -0.2054 0.9084
vn -0.2265 -0.2436 0.9431
vn 0.1493 -0.2852 0.9468
vn 0.2816 -0.3695 0.8855
vn 0.3839 -0.3235 0.8648
vn 0.3771 -0.3031 0.8751
vn 0.3505 -0.2914 0.8901
vn 0.5149 -0.1552 0.8431
vn 0.4072 -0.1489 0.9011
vn 0.4234 -0.0166 0.9058
vn 0.4248 -0.0152 0.9051
vn 0.5258 -0.1662 0.8342
vn 0.2051 -0.5438 0.8138
vn -0.5741 -0.2667 0.7741
vn -0.7522 -0.1513 0.6413
vn -0.4928 -0.4633 0.7365
vn -0.4942 -0.3255 0.8061
vn 0.0871 -0.3883 0.9174
vn 0.0738 -0.3836 0.9206
vn 0.1571 -0.3021 0.9402
vn 0.3994 -0.1269 0.9079
vn 0.3878 -0.1307 0.9124
vn 0.3010 -0.3457 0.8887
vn 0.2049 -0.3233 0.9239
vn -0.4803 0.0811 0.8734
vn -0.4824 -0.0947 0.8708
vn -0.5473 -0.1184 0.8285
vn -0.4563 -0.1453 0.8779
vn -0.4792 -0.1185 0.8697
vn -0.3549 -0.1980 0.9137
vn 0.1947 -0.2246 0.9548
vn 0.2317 -0.4702 0.8516
vn 0.4185 -0.1222 0.9000
vn 0.4048 -0.1360 0.9043
vn 0.3082 -0.0215 0.9511
vn 0.3331 -0.0200 0.9427
vn 0.5722 0.0359 0.8193
vn 0.5966 -0.1304 0.7919
vn 0.5880 -0.2232 0.7775
vn 0.1435 -0.5082 0.8492
vn 0.3257 -0.4683 0.8213
vn 0.2941 -0.4670 0.8339
vn -0.4308 -0.2484 0.8676
vn -0.6274 -0.2851 0.7246
vn -0.5312 -0.2670 0.8040
vn 0.3385 -0.2048 0.9184
vn 0.3621 -0.2070 0.9088
vn 0.2131 -0.3520 0.9114
vn -0.3936 -0.0619 0.9172
vn -0.3914 -0.0147 0.9201
vn -0.3458 -0.0207 0.9381
vn -0.4402 0.0827 0.8941
vn -0.5444 -0.1111 0.8314
vn -0.4749 -0.1213 0.8716
vn 0.1759 -0.2453 0.9534
vn 0.1272 -0.3752 0.9182
vn 0.2331 -0.5462 0.8046
vn 0.1343 -0.5290 0.8379
vn 0.2117 -0.4710 0.8564
vn 0.3243 -0.0076 0.9459
vn 0.4067 -0.0274 0.9132
vn 0.3939 0.1026 0.9134
vn 0.6279 0.0226 0.7779
vn -0.3839 -0.2461 0.8900
vn -0.5768 -0.0830 0.8126
vn -0.5347 -0.2133 0.8177
vn -0.4771 -0.2765 0.8342
vn -0.5138 -0.4653 0.7208
vn -0.3608 -0.4152 0.8351
vn -0.2484 -0.4369 0.8645
vn -0.2913 -0.3571 0.8875
vn 0.3275 -0.1403 0.9344
vn 0.2132 -0.3145 0.9250
vn -0.5060 -0.1417 0.8508
vn -0.4746 -0.1124 0.8730
vn -0.3712 -0.1506 0.9162
vn -0.5155 -0.1644 0.8410
vn -0.4428 -0.1113 0.8897
vn -0.4801 -0.1152 0.8696
vn -0.4585 -0.1524 0.8755
vn -0.3781 -0.2307 0.8966
vn -0.3739 -0.2310 0.8982
vn -0.2803 -0.2963 0.9130
vn -0.1264 -0.3067 0.9434
vn 0.0580 -0.3142 0.9476
vn 0.0063 -0.2678 0.9635
vn 0.2213 -0.2497 0.9427
vn 0.2330 -0.4318 0.8713
vn 0.2110 -0.5570 0.8033
vn 0.4559 -0.2424 0.8564
vn 0.4577 -0.2347 0.8576
vn 0.4037 -0.1366 0.9046
vn 0.3303 -0.1367 0.9339
vn 0.6499 0.1443 0.7462
vn 0.6469 -0.0201 0.7623
vn 0.6173 -0.0141 0.7866
vn -0.5827 -0.3222 0.7460
vn -0.7664 -0.0505 0.6404
vn -0.5472 -0.1370 0.8257
vn -0.2631 -0.3865 0.8840
vn 0.0666 -0.4718 0.8792
vn 0.2537 -0.2310 0.9393
vn -0.2627 0.1172 0.9577
vn -0.3960 -0.0343 0.9176
vn -0.2484 -0.2973 0.9219
vn 0.1637 -0.2342 0.9583
vn 0.2136 -0.2031 0.9556
vn 0.2499 -0.3641 0.8972
vn 0.3190 -0.5794 0.7500
vn 0.1666 -0.5923 0.7883
vn 0.1416 -0.5953 0.7909
vn 0.3884 -0.1730 0.9051
vn 0.3526 -0.2943 0.8883
vn 0.4174 -0.2200 0.8817
vn 0.5685 0.0396 0.8217
vn 0.5325 0.1509 0.8329
vn 0.5995 0.1002 0.7941
vn 0.3050 -0.5085 0.8053
vn -0.4796 -0.2604 0.8379
vn -0.7009 -0.2536 0.6667
vn -0.5516 -0.1217 0.8252
vn -0.5529 -0.1213 0.8244
vn -0.2845 -0.3579 0.8894
vn -0.1026 -0.3954 0.9128
vn 0.3370 -0.1876 0.9226
vn 0.3935 -0.1365 0.9091
vn 0.3825 -0.1684 0.9085
vn 0.2443 -0.2466 0.9378
vn -0.2239 -0.1862 0.9566
vn -0.5090 -0.1494 0.8477
vn -0.2548 -0.2641 0.9302
vn -0.1120 -0.2817 0.9529
vn 0.3276 -0.3280 0.8861
vn 0.2316 -0.5347 0.8127
vn 0.0696 -0.6706 0.7385
vn 0.0957 -0.6297 0.7709
vn 0.1891 -0.5261 0.8291
vn 0.2873 -0.5208 0.8039
vn 0.3496 -0.1372 0.9268
vn 0.2951 -0.1114 0.9490
vn 0.6095 0.1932 0.7689
vn -0.4811 -0.2823 0.8299
vn -0.4384 -0.3649 0.8214
vn -0.5479 -0.2115 0.8093
vn -0.5443 -0.2135 0.8112
vn 0.0620 -0.4762 0.8772
vn 0.0383 -0.3947 0.9180
vn -0.3317 -0.0174 0.9432
vn -0.3647 -0.1264 0.9225
vn -0.4374 -0.0778 0.8959
vn -0.3689 -0.1548 0.9165
vn -0.5229 -0.1448 0.8400
vn -0.4268 -0.1007 0.8987
vn -0.3509 -0.2535 0.9014
vn -0.2323 -0.3114 0.9215
vn 0.0078 -0.2486 0.9686
vn 0.2167 -0.6495 0.7288
vn 0.1582 -0.5656 0.8094
vn 0.3260 -0.4244 0.8447
vn 0.4376 -0.3439 0.8308
vn 0.4431 -0.2855 0.8498
vn 0.4308 -0.2743 0.8597
vn 0.3192 -0.1155 0.9406
vn 0.5706 -0.0598 0.8191
vn -0.7275 -0.2845 0.6244
vn -0.6627 -0.3323 0.6711
vn -0.2918 -0.3985 0.8695
vn -0.3529 -0.3779 0.8560
vn -0.2700 -0.3016 0.9144
vn 0.1547 -0.2981 0.9419
vn 0.3388 -0.2006 0.9192
vn 0.1168 -0.1201 0.9859
vn -0.3253 -0.1966 0.9250
vn -0.3472 -0.1243 0.9295
vn -0.3792 -0.1238 0.9170
vn -0.2742 -0.2464 0.9296
vn -0.1194 -0.2700 0.9554
vn 0.1654 -0.2225 0.9608
vn 0.3791 -0.4888 0.7857
vn 0.2352 -0.5300 0.8147
vn 0.2743 -0.5054 0.8181
vn 0.0259 -0.5325 0.8460
vn 0.5036 -0.5737 0.6460
vn 0.3704 -0.2709 0.8885
vn 0.4113 -0.2405 0.8792
vn 0.3119 -0.1559 0.9372
vn 0.2453 -0.1236 0.9615
vn 0.4422 -0.1272 0.8879
vn 0.6145 0.0579 0.7868
vn 0.6341 0.0716 0.7699
vn -0.4675 -0.3172 0.8251
vn -0.5483 -0.2498 0.7981
vn -0.4113 -0.3318 0.8489
vn -0.2544 -0.3131 0.9150
vn 0.0478 -0.4451 0.8942
vn -0.0322 -0.4311 0.9017
vn -0.0065 -0.3832 0.9236
vn 0.1448 -0.3138 0.9384
vn 0.3701 -0.1706 0.9132
vn 0.3834 -0.1781 0.9062
vn 0.1707 -0.4936 0.8528
vn -0.3413 -0.1561 0.9269
vn -0.4498 -0.0947 0.8881
vn -0.5052 -0.1460 0.8506
vn -0.3647 -0.1879 0.9120
vn -0.4998 -0.0665 0.8636
vn -0.5608 -0.0909 0.8229
vn -0.5193 -0.1881 0.8336
vn -0.2199 -0.2529 0.9422
vn -0.2234 -0.2545 0.9409
vn 0.0093 -0.2502 0.9681
vn 0.4607 -0.4063 0.7891
vn 0.2632 -0.5750 0.7747
vn 0.3328 -0.5212 0.7859
vn 0.1137 -0.5043 0.8560
vn 0.0446 -0.5997 0.7990
vn 0.2002 -0.6107 0.7662
vn 0.2002 -0.4470 0.8718
vn 0.3196 -0.4356 0.8415
vn 0.3694 -0.3544 0.8590
vn 0.3516 -0.2879 0.8908
vn 0.3202 -0.1382 0.9372
vn 0.5266 0.0075 0.8501
vn 0.5862 -0.0175 0.8100
vn 0.5535 0.0648 0.8303
vn 0.4861 0.0036 0.8739
vn 0.6144 0.0570 0.7869
vn -0.4950 -0.3517 0.7945
vn -0.5168 -0.2610 0.8154
vn 0.2233 -0.3568 0.9071
vn 0.3117 -0.1722 0.9344
vn 0.4705 -0.2310 0.8516
vn -0.3594 -0.1515 0.9208
vn -0.3861 -0.1570 0.9090
vn -0.4765 -0.1238 0.8704
vn -0.5113 -0.1078 0.8526
vn -0.4552 -0.2086 0.8656
vn -0.3343 -0.2721 0.9023
vn -0.1281 -0.2816 0.9509
vn 0.2962 -0.5682 0.7677
vn 0.2327 -0.6361 0.7357
vn 0.0698 -0.7064 0.7043
vn 0.3638 -0.2372 0.9008
vn 0.3442 -0.2464 0.9060
vn 0.2973 -0.2060 0.9323
vn 0.2812 -0.1540 0.9472
vn 0.4579 -0.1357 0.8786
vn 0.6211 -0.0118 0.7837
vn -0.5895 -0.5964 0.5448
vn -0.5321 -0.3340 0.7780
vn -0.6169 -0.1449 0.7735
vn 0.0125 -0.4652 0.8851
vn 0.4773 -0.2947 0.8278
vn -0.0603 0.0068 0.9982
vn -0.3431 -0.1135 0.9324
vn -0.3609 -0.2616 0.8952
vn 0.1371 -0.1909 0.9720
vn 0.2012 -0.2094 0.9569
vn 0.3194 -0.3036 0.8977
vn 0.3980 -0.4007 0.8253
vn 0.2815 -0.6158 0.7359
vn 0.2196 -0.5310 0.8185
vn 0.2791 -0.3918 0.8767
vn 0.3067 -0.3294 0.8930
vn 0.3657 -0.2417 0.8988
vn 0.2769 -0.2062 0.9385
vn 0.5377 -0.1242 0.8340
vn -0.4590 -0.5179 0.7218
vn -0.4101 -0.5779 0.7056
vn -0.6669 -0.3252 0.6705
vn -0.4261 -0.5090 0.7479
vn -0.4027 -0.2353 0.8846
vn -0.2581 -0.3038 0.9171
vn 0.2096 -0.2284 0.9507
vn -0.2906 -0.0586 0.9550
vn -0.3892 -0.1424 0.9101
vn -0.5044 -0.1706 0.8465
vn -0.4627 -0.2208 0.8585
vn 0.3143 -0.6136 0.7244
vn 0.1926 -0.6222 0.7588
vn -0.0496 -0.5831 0.8109
vn 0.0495 -0.6099 0.7909
vn 0.1736 -0.4823 0.8586
vn 0.2742 -0.2506 0.9285
vn 0.5451 0.1826 0.8182
vn -0.5692 -0.3208 0.7571
vn -0.4961 -0.3252 0.8050
vn -0.4896 -0.3813 0.7841
vn -0.2542 -0.2988 0.9198
vn 0.2723 -0.2257 0.9354
vn 0.3816 -0.1816 0.9063
vn 0.4984 -0.2558 0.8284
vn -0.3397 -0.1169 0.9332
vn -0.3574 -0.1624 0.9197
vn -0.4504 -0.0893 0.8884
vn -0.4627 -0.2474 0.8513
vn -0.4038 -0.3122 0.8599
vn -0.3921 -0.3137 0.8648
vn -0.3814 -0.3205 0.8671
vn -0.3280 -0.3476 0.8784
vn -0.1668 -0.1983 0.9658
vn 0.0126 -0.2249 0.9743
vn 0.4334 -0.4350 0.7892
vn 0.2236 -0.5902 0.7757
vn 0.1494 -0.4823 0.8632
vn 0.3625 -0.2741 0.8908
vn 0.3415 -0.1658 0.9251
vn 0.3283 -0.1501 0.9326
vn 0.3083 -0.2336 0.9222
vn 0.3557 -0.4132 0.8383
vn 0.4319 -0.3961 0.8103
vn 0.4878 -0.3157 0.8139
vn 0.3991 -0.2039 0.8940
vn -0.3433 -0.7043 0.6214
vn -0.6233 -0.4819 0.6159
vn -0.5045 -0.3747 0.7778
vn -0.5516 -0.3658 0.7496
vn -0.0387 -0.4123 0.9102
vn -0.0039 -0.3129 0.9498
vn 0.4813 -0.2375 0.8438
vn -0.0649 -0.3468 0.9357
vn -0.4454 -0.1629 0.8804
vn -0.5451 -0.1240 0.8292
vn -0.3113 -0.4417 0.8414
vn -0.3806 -0.3829 0.8417
vn -0.2793 -0.3813 0.8812
vn 0.4429 -0.3254 0.8354
vn 0.5305 -0.4203 0.7362
vn 0.3832 -0.3475 0.8558
vn 0.0746 -0.4619 0.8838
vn 0.2340 -0.4549 0.8592
vn 0.4041 -0.2801 0.8708
vn 0.2817 -0.1610 0.9459
vn 0.2955 -0.1814 0.9380
vn 0.3021 -0.2299 0.9251
vn 0.3947 -0.3422 0.8527
vn 0.4004 -0.3965 0.8261
vn 0.5409 -0.1297 0.8310
vn 0.5424 -0.0749 0.8368
vn -0.6561 -0.4808 0.5817
vn -0.5850 -0.1657 0.7939
vn -0.5374 -0.3235 0.7788
vn -0.0029 -0.4201 0.9075
vn -0.0274 -0.4091 0.9121
vn -0.1348 -0.3719 0.9184
vn -0.3587 -0.2258 0.9057
vn -0.3451 -0.0939 0.9338
vn -0.3676 -0.0954 0.9251
vn -0.4537 -0.1044 0.8850
vn -0.5496 -0.1075 0.8285
vn -0.4452 -0.1629 0.8805
vn -0.4144 -0.3221 0.8512
vn -0.4106 -0.3232 0.8526
vn -0.3093 -0.3355 0.8898
vn -0.3394 -0.3216 0.8840
vn -0.2289 -0.2820 0.9317
vn -0.0083 -0.1826 0.9832
vn 0.0510 -0.1964 0.9792
vn 0.4106 -0.3042 0.8596
vn 0.1928 -0.3553 0.9147
vn 0.1489 -0.4408 0.8852
vn 0.1479 -0.4664 0.8721
vn 0.3409 -0.3750 0.8621
vn 0.3596 -0.3829 0.8509
vn 0.5075 -0.3244 0.7983
vn 0.5362 -0.0325 0.8435
vn -0.6175 -0.4877 0.6172
vn -0.7208 -0.4622 0.5166
vn -0.6943 -0.4857 0.5312
vn -0.4778 -0.3321 0.8133
vn -0.2672 -0.3600 0.8939
vn 0.0055 -0.4028 0.9153
vn 0.0182 -0.3198 0.9473
vn 0.1666 -0.2732 0.9474
vn 0.3913 -0.2356 0.8896
vn -0.3899 -0.1841 0.9023
vn -0.4383 -0.0841 0.8949
vn -0.3920 -0.1112 0.9132
vn -0.4048 -0.1818 0.8961
vn -0.4622 -0.1247 0.8780
vn -0.2326 -0.2190 0.9476
vn -0.1887 -0.2892 0.9385
vn -0.2187 -0.2467 0.9441
vn -0.1073 -0.2481 0.9628
vn 0.3600 -0.2684 0.8935
vn 0.4383 -0.3258 0.8377
vn 0.4021 -0.3439 0.8485
vn 0.3617 -0.3223 0.8748
vn 0.1605 -0.4441 0.8815
vn 0.1261 -0.4216 0.8980
vn 0.1085 -0.5321 0.8397
vn 0.3391 -0.3850 0.8584
vn 0.3282 -0.2607 0.9079
vn 0.3565 -0.2108 0.9102
vn 0.3773 -0.3476 0.8584
vn 0.3873 -0.3884 0.8361
vn 0.3903 -0.3995 0.8295
vn -0.4095 -0.7174 0.5636
vn -0.5194 -0.6529 0.5513
vn -0.5412 -0.3329 0.7722
vn -0.4685 -0.5597 0.6835
vn -0.5212 -0.3424 0.7817
vn -0.2784 -0.3474 0.8954
vn -0.0787 -0.4303 0.8992
vn -0.0392 -0.4753 0.8789
vn 0.4804 -0.2812 0.8308
vn -0.3820 -0.1837 0.9057
vn -0.3538 -0.0889 0.9311
vn -0.3703 -0.2137 0.9040
vn -0.4034 -0.1860 0.8959
vn -0.3189 -0.4526 0.8328
vn -0.4270 -0.4813 0.7655
vn -0.3337 -0.3466 0.8767
vn 0.2059 -0.3658 0.9076
vn 0.3692 -0.3892 0.8439
vn 0.1709 -0.5287 0.8314
vn 0.2587 -0.2566 0.9313
vn 0.3455 -0.2946 0.8910
vn 0.2777 -0.2463 0.9285
vn 0.2985 -0.2021 0.9328
vn 0.4909 -0.2093 0.8457
vn 0.4231 -0.1277 0.8970
vn -0.6180 -0.2259 0.7530
vn -0.6494 -0.1686 0.7415
vn -0.2690 -0.3313 0.9044
vn -0.8245 -0.2657 0.4997
vn -0.6202 -0.5841 0.5236
vn -0.3893 -0.7120 0.5845
vn -0.4745 -0.5655 0.6745
vn 0.0790 -0.5290 0.8449
vn 0.3004 -0.2594 0.9179
vn 0.3907 -0.2366 0.8896
vn 0.5182 -0.3558 0.7777
vn -0.4280 -0.3786 0.8207
vn -0.4313 -0.2193 0.8752
vn -0.3050 -0.5451 0.7809
vn -0.4048 -0.4832 0.7763
vn 0.2536 -0.2439 0.9361
vn 0.4219 -0.3012 0.8552
vn 0.4237 -0.2899 0.8582
vn 0.0943 -0.3151 0.9444
vn 0.2125 -0.4244 0.8802
vn 0.2414 -0.4347 0.8676
vn 0.3433 -0.1459 0.9278
vn 0.4728 -0.2902 0.8320
vn 0.4046 -0.5118 0.7579
vn 0.4074 -0.4059 0.8181
vn 0.3645 -0.2901 0.8849
vn -0.3440 -0.4786 0.8079
vn -0.5958 -0.4876 0.6382
vn -0.6608 -0.3782 0.6483
vn -0.5333 -0.4576 0.7115
vn -0.0193 -0.5071 0.8617
vn -0.1348 -0.3686 0.9197
vn 0.1666 -0.2730 0.9475
vn 0.2698 -0.2917 0.9176
vn 0.4254 -0.2786 0.8611
vn -0.3854 -0.4768 0.7900
vn -0.3442 -0.3386 0.8757
vn -0.3059 -0.4977 0.8116
vn 0.4314 -0.3070 0.8483
vn 0.5546 -0.2842 0.7821
vn 0.5454 -0.2726 0.7926
vn 0.5581 -0.4152 0.7184
vn 0.3488 -0.3975 0.8487
vn 0.2348 -0.4957 0.8362
vn 0.1335 -0.5060 0.8521
vn 0.2966 -0.0876 0.9510
vn 0.3525 -0.0937 0.9311
vn 0.4271 -0.5231 0.7376
vn 0.3317 -0.5902 0.7359
vn -0.5921 0.0290 0.8053
vn -0.7682 -0.0516 0.6382
vn -0.2725 -0.5701 0.7750
vn -0.3878 -0.6773 0.6252
vn -0.2075 -0.7423 0.6371
vn -0.2106 -0.7430 0.6353
vn -0.0122 -0.7808 0.6247
vn -0.0120 -0.7808 0.6247
vn -0.2581 -0.6960 0.6700
vn -0.1132 -0.3786 0.9186
vn 0.0181 -0.3234 0.9461
vn -0.3926 -0.1745 0.9030
vn -0.3296 -0.1885 0.9251
vn -0.3833 -0.2002 0.9017
vn -0.4311 -0.2169 0.8759
vn -0.4272 -0.3012 0.8525
vn -0.3130 -0.3763 0.8720
vn -0.1706 -0.4482 0.8775
vn -0.2074 -0.5483 0.8102
vn -0.2304 -0.3058 0.9238
vn 0.3915 -0.2213 0.8932
vn 0.1033 -0.5611 0.8213
vn 0.0511 -0.5097 0.8589
vn 0.2242 -0.4918 0.8414
vn 0.0917 -0.5143 0.8527
vn 0.2825 -0.2111 0.9357
vn 0.2768 -0.2170 0.9361
vn 0.3146 0.0313 0.9487
vn 0.4499 -0.4745 0.7566
vn 0.2415 -0.5031 0.8298
vn 0.4027 -0.4169 0.8149
vn 0.3291 -0.3903 0.8599
vn -0.6234 -0.3608 0.6937
vn -0.6828 -0.2926 0.6694
vn -0.6658 -0.1149 0.7373
vn -0.2873 -0.5560 0.7799
vn -0.6299 -0.3130 0.7108
vn -0.4250 -0.3389 0.8394
vn -0.1708 -0.7738 0.6099
vn -0.1837 -0.7700 0.6111
vn -0.1214 -0.4730 0.8727
vn -0.2877 -0.4804 0.8285
vn 0.0784 -0.3364 0.9385
vn -0.3917 -0.1553 0.9069
vn -0.4109 -0.1520 0.8989
vn -0.4233 -0.1418 0.8948
vn -0.4658 -0.1889 0.8645
vn -0.3756 -0.2346 0.8966
vn -0.4097 -0.4705 0.7815
vn -0.4081 -0.4961 0.7663
vn -0.3765 -0.3077 0.8738
vn 0.4801 -0.2315 0.8461
vn 0.3012 -0.3182 0.8989
vn 0.0584 -0.4056 0.9122
vn 0.1639 -0.4439 0.8809
vn 0.3364 -0.2356 0.9118
vn 0.2171 -0.1879 0.9579
vn 0.6019 -0.0833 0.7942
vn 0.4734 -0.3078 0.8253
vn 0.3142 -0.5010 0.8064
vn -0.5077 -0.6919 0.5134
vn -0.4623 -0.7226 0.5139
vn -0.6012 -0.4155 0.6826
vn -0.6317 -0.3106 0.7103
vn -0.1933 -0.7469 0.6362
vn 0.5217 -0.3152 0.7927
vn -0.3516 -0.2603 0.8992
vn -0.5266 -0.2997 0.7955
vn -0.3490 -0.1561 0.9240
vn -0.4101 -0.1642 0.8971
vn -0.1761 -0.4319 0.8846
vn -0.4757 -0.3606 0.8023
vn -0.4395 -0.3790 0.8144
vn -0.2706 -0.2512 0.9293
vn -0.1116 -0.2742 0.9552
vn 0.3542 -0.3104 0.8821
vn 0.3408 -0.3089 0.8879
vn 0.2654 -0.3426 0.9012
vn 0.1497 -0.3444 0.9268
vn 0.2271 -0.3730 0.8996
vn 0.2569 -0.3011 0.9183
vn 0.2818 -0.1577 0.9464
vn 0.5008 -0.1527 0.8520
vn 0.6320 -0.1235 0.7651
vn 0.4442 -0.2535 0.8593
vn 0.4003 -0.2607 0.8785
vn 0.3016 -0.2964 0.9062
vn -0.3350 -0.7577 0.5601
vn -0.5190 -0.5256 0.6741
vn -0.6515 -0.3902 0.6507
vn -0.7896 -0.4852 -0.3756
vn -0.3622 -0.4580 0.8118
vn -0.1547 -0.5540 0.8180
vn -0.1336 -0.4639 0.8758
vn 0.0751 -0.3270 0.9420
vn 0.4272 -0.2873 0.8573
vn 0.5126 -0.3020 0.8037
vn -0.3808 -0.2387 0.8933
vn -0.5087 -0.3061 0.8047
vn -0.4104 -0.1641 0.8970
vn -0.3991 -0.2133 0.8917
vn -0.2907 -0.3408 0.8941
vn -0.4380 -0.5153 0.7366
vn -0.5141 -0.4365 0.7383
vn 0.0463 -0.2828 0.9581
vn 0.2506 -0.2596 0.9326
vn 0.3843 -0.2333 0.8932
vn 0.5456 -0.2723 0.7926
vn 0.1444 -0.3409 0.9289
vn 0.1190 -0.3927 0.9119
vn 0.1781 -0.3689 0.9123
vn 0.2375 -0.2975 0.9247
vn 0.2179 -0.2226 0.9502
vn 0.4169 -0.1157 0.9015
vn 0.4485 -0.2548 0.8567
vn -0.3892 -0.7891 0.4753
vn -0.1845 -0.5745 0.7975
vn -0.1704 -0.5760 0.7995
vn -0.0389 -0.5920 0.8050
vn -0.2665 -0.7157 0.6455
vn -0.2214 -0.7724 0.5953
vn -0.2542 -0.5250 0.8122
vn 0.1167 -0.3369 0.9343
vn 0.2711 -0.2847 0.9195
vn -0.0332 -0.2296 0.9727
vn -0.3978 -0.2144 0.8921
vn -0.2857 -0.3406 0.8958
vn -0.2081 -0.5454 0.8120
vn -0.4295 -0.4569 0.7789
vn -0.3088 -0.3114 0.8987
vn -0.1446 -0.2496 0.9575
vn 0.0219 -0.2685 0.9630
vn 0.2466 -0.2568 0.9345
vn 0.3111 -0.2016 0.9287
vn 0.3901 -0.2931 0.8729
vn 0.1890 -0.3908 0.9009
vn 0.1340 -0.3772 0.9164
vn 0.1501 -0.4239 0.8932
vn 0.2799 -0.1799 0.9430
vn 0.1591 -0.1927 0.9683
vn 0.4474 -0.3004 0.8424
vn 0.3594 -0.3725 0.8556
vn 0.3796 -0.3121 0.8709
vn -0.3623 -0.6705 0.6474
vn -0.6313 -0.6068 0.4829
vn -0.6973 -0.2588 0.6684
vn -0.3983 -0.5245 0.7525
vn -0.2501 -0.6248 0.7397
vn -0.2633 -0.6215 0.7378
vn -0.1347 -0.5943 0.7929
vn 0.0037 -0.6702 0.7422
vn -0.1007 -0.6602 0.7443
vn -0.2979 -0.7484 0.5926
vn -0.3296 -0.6972 0.6366
vn -0.1565 -0.4404 0.8841
vn -0.3261 0.0628 0.9433
vn -0.4014 -0.2642 0.8770
vn -0.4154 -0.1464 0.8978
vn -0.0929 -0.4818 0.8713
vn -0.0879 -0.4727 0.8768
vn -0.1906 -0.4745 0.8594
vn -0.1777 -0.4805 0.8588
vn -0.4847 -0.3069 0.8191
vn 0.4946 -0.2759 0.8242
vn 0.5291 -0.2257 0.8180
vn 0.4929 -0.1876 0.8496
vn 0.3864 -0.2116 0.8978
vn 0.1123 -0.2893 0.9506
vn 0.1933 -0.3340 0.9225
vn 0.1997 -0.4091 0.8904
vn 0.2059 -0.2260 0.9521
vn 0.3245 -0.1953 0.9255
vn 0.4935 -0.1125 0.8624
vn 0.5761 -0.2326 0.7836
vn 0.6374 -0.2002 0.7441
vn 0.5561 -0.0930 0.8259
vn 0.2199 -0.4566 0.8620
vn 0.3342 -0.4300 0.8387
vn -0.2719 -0.8173 0.5080
vn -0.2738 -0.7899 0.5487
vn -0.8940 -0.0515 0.4451
vn -0.7134 -0.2952 0.6355
vn -0.5584 -0.4530 0.6950
vn -0.5728 -0.4646 0.6753
vn -0.1857 -0.5926 0.7838
vn -0.1617 -0.5964 0.7862
vn -0.2618 -0.5846 0.7679
vn -0.3517 -0.6765 0.6470
vn -0.1458 -0.4413 0.8854
vn 0.3357 -0.3390 0.8789
vn -0.4399 -0.2062 0.8741
vn -0.3712 -0.1768 0.9116
vn -0.0848 -0.4184 0.9043
vn -0.2472 -0.5161 0.8201
vn -0.6253 -0.2430 0.7416
vn -0.3817 -0.2138 0.8992
vn 0.4731 -0.2079 0.8561
vn 0.4463 -0.4506 0.7732
vn 0.2148 -0.4424 0.8707
vn -0.5345 -0.5711 0.6230
vn -0.1639 -0.6457 0.7457
vn -0.4050 -0.5441 0.7348
vn 0.5070 -0.2113 0.8356
vn -0.2490 -0.3420 0.9061
vn -0.4480 -0.2026 0.8708
vn -0.1756 -0.4285 0.8863
vn -0.4588 -0.4871 0.7432
vn -0.5094 -0.3555 0.7836
vn 0.0443 -0.2150 0.9756
vn 0.4477 -0.2891 0.8461
vn 0.1035 -0.3203 0.9416
vn 0.1960 -0.3654 0.9100
vn 0.1763 -0.3639 0.9146
vn 0.1339 -0.3369 0.9320
vn 0.1870 -0.3231 0.9277
vn 0.1893 -0.2500 0.9496
vn 0.2790 -0.1796 0.9434
vn 0.5452 -0.0213 0.8380
vn 0.5007 -0.0685 0.8629
vn -0.8759 0.0376 0.4811
vn -0.0579 -0.8720 0.4860
vn -0.2295 -0.8172 0.5286
vn -0.0644 -0.7358 0.6741
vn -0.0610 -0.7359 0.6743
vn -0.1385 -0.6290 0.7649
vn -0.3290 -0.5223 0.7868
vn -0.3003 -0.6363 0.7106
vn -0.1785 -0.5762 0.7976
vn 0.0835 -0.5409 0.8369
vn 0.3312 -0.4075 0.8510
vn 0.4410 -0.4132 0.7967
vn -0.3770 -0.1805 0.9084
vn -0.4780 -0.1290 0.8689
vn -0.5513 -0.1923 0.8119
vn -0.3260 -0.2593 0.9091
vn -0.3500 -0.3321 0.8759
vn -0.2863 -0.3237 0.9018
vn -0.1265 -0.4462 0.8860
vn -0.1122 -0.4455 0.8883
vn -0.2851 -0.1682 0.9436
vn -0.4647 -0.2370 0.8532
vn -0.5336 -0.1535 0.8317
vn -0.5404 -0.2247 0.8108
vn 0.2421 -0.2650 0.9333
vn 0.5069 -0.2484 0.8255
vn 0.5165 -0.2411 0.8216
vn 0.5528 -0.3343 0.7634
vn 0.3462 -0.2942 0.8908
vn 0.2556 -0.2699 0.9283
vn 0.1923 -0.3477 0.9177
vn 0.1444 -0.4689 0.8714
vn 0.2174 -0.3238 0.9208
vn 0.3312 -0.2691 0.9044
vn 0.4462 -0.2188 0.8678
vn 0.5756 -0.2344 0.7834
vn 0.5222 -0.1718 0.8353
vn 0.5533 -0.1977 0.8092
vn 0.2198 -0.4092 0.8856
vn 0.3327 -0.4039 0.8522
vn -0.8710 -0.0171 0.4909
vn -0.1110 -0.7843 0.6103
vn -0.1847 -0.7770 0.6019
vn -0.1716 -0.6425 0.7468
vn -0.3563 -0.2714 0.8941
vn -0.4038 -0.2395 0.8829
vn -0.1142 -0.3618 0.9252
vn -0.3830 -0.1187 0.9161
vn -0.1444 -0.2175 0.9653
vn -0.0597 -0.2469 0.9672
vn 0.3818 -0.2306 0.8950
vn 0.4939 -0.2345 0.8373
vn 0.3797 -0.2198 0.8986
vn 0.2975 -0.2529 0.9206
vn 0.1219 -0.3823 0.9159
vn 0.1952 -0.4547 0.8690
vn 0.1388 -0.2700 0.9528
vn 0.3251 -0.2671 0.9072
vn 0.5535 -0.2027 0.8078
vn 0.5573 -0.2076 0.8039
vn 0.3674 -0.2427 0.8978
vn 0.3330 -0.4035 0.8522
vn -0.4372 -0.4751 0.7636
vn -0.1973 -0.6514 0.7326
vn -0.3034 -0.6142 0.7285
vn -0.3653 -0.6262 0.6888
vn -0.3056 -0.6062 0.7343
vn 0.0405 -0.5125 0.8577
vn 0.0924 -0.5177 0.8506
vn 0.4507 -0.4880 0.7475
vn 0.3153 -0.4932 0.8108
vn -0.3958 -0.3315 0.8564
vn -0.4375 -0.3630 0.8227
vn -0.3973 -0.2830 0.8729
vn -0.5331 -0.1553 0.8317
vn -0.5371 -0.2320 0.8110
vn -0.3351 -0.2290 0.9139
vn 0.1788 -0.1762 0.9680
vn 0.3837 -0.2299 0.8944
vn 0.4703 -0.3245 0.8207
vn 0.4710 -0.1952 0.8603
vn 0.2332 -0.3259 0.9162
vn 0.5333 -0.2117 0.8190
vn 0.5594 -0.2545 0.7889
vn 0.5186 -0.2749 0.8096
vn -0.4464 -0.4657 0.7641
vn -0.4100 -0.6559 0.6338
vn -0.2312 -0.8054 0.5458
vn -0.2089 -0.7451 0.6334
vn -0.2654 -0.6471 0.7147
vn -0.3375 -0.5468 0.7662
vn 0.4487 -0.4945 0.7444
vn 0.3947 -0.3301 0.8575
vn -0.3898 -0.3377 0.8567
vn -0.3013 -0.4640 0.8330
vn -0.4528 -0.4399 0.7755
vn -0.4272 -0.3820 0.8195
vn -0.2860 -0.3627 0.8869
vn -0.1274 -0.4424 0.8877
vn -0.2036 -0.2403 0.9491
vn -0.2646 -0.2348 0.9353
vn -0.2839 -0.2191 0.9335
vn -0.5469 -0.2447 0.8006
vn -0.3126 -0.1019 0.9444
vn -0.4368 -0.0238 0.8992
vn -0.5274 -0.1599 0.8345
vn -0.5240 -0.1984 0.8283
vn -0.3823 -0.2179 0.8980
vn 0.3919 -0.3424 0.8539
vn 0.2523 -0.2688 0.9296
vn 0.1249 -0.2761 0.9530
vn 0.1238 -0.3327 0.9349
vn 0.2778 -0.1725 0.9450
vn 0.3410 -0.1895 0.9208
vn 0.5427 -0.1664 0.8233
vn 0.3329 -0.3979 0.8549
vn -0.5979 -0.5855 0.5475
vn -0.1096 -0.8044 0.5839
vn -0.0665 -0.8012 0.5947
vn -0.3021 -0.7713 0.5602
vn -0.2161 -0.7424 0.6341
vn -0.1941 -0.7196 0.6667
vn -0.1288 -0.7074 0.6950
vn -0.3483 -0.5996 0.7205
vn -0.4352 -0.5779 0.6904
vn -0.2132 -0.6129 0.7609
vn -0.1858 -0.3639 0.9127
vn -0.4450 -0.3487 0.8248
vn -0.5811 -0.2235 0.7825
vn -0.3526 -0.2344 0.9059
vn 0.4324 -0.3244 0.8413
vn 0.1852 -0.3298 0.9257
vn 0.1302 -0.2769 0.9520
vn 0.1515 -0.3213 0.9348
vn 0.1890 -0.2225 0.9564
vn 0.3436 -0.3821 0.8579
vn 0.3717 -0.4005 0.8375
vn 0.4361 -0.3726 0.8191
vn 0.5220 -0.2762 0.8070
vn 0.3758 0.0348 0.9261
vn -0.4369 -0.4799 0.7608
vn -0.6733 0.6057 -0.4240
vn -0.2189 -0.8068 0.5488
vn -0.3003 -0.7775 0.5526
vn -0.3175 -0.7579 0.5699
vn -0.3434 -0.5804 0.7384
vn 0.3181 -0.5260 0.7888
vn 0.2702 -0.6228 0.7343
vn -0.3708 -0.4819 0.7939
vn -0.4956 -0.3861 0.7780
vn -0.1921 -0.4026 0.8950
vn -0.3576 -0.3457 0.8675
vn -0.5507 -0.2408 0.7992
vn -0.0991 -0.1831 0.9781
vn 0.1910 -0.1586 0.9687
vn 0.4859 -0.1882 0.8535
vn 0.5555 -0.2439 0.7949
vn 0.6067 -0.2132 0.7658
vn 0.4389 -0.2593 0.8603
vn 0.1278 -0.2842 0.9502
vn 0.1542 -0.2972 0.9423
vn 0.1021 -0.2887 0.9520
vn 0.2295 -0.4229 0.8766
vn 0.4174 -0.1329 0.8990
vn 0.5628 -0.1642 0.8101
vn 0.3158 -0.3737 0.8721
vn -0.5411 -0.5696 0.6188
vn -0.4225 -0.6424 0.6393
vn -0.2518 -0.6288 0.7357
vn -0.2670 -0.6521 0.7095
vn -0.1793 -0.7058 0.6853
vn -0.1977 -0.8629 0.4651
vn -0.2821 -0.7869 0.5488
vn -0.3441 -0.4577 0.8198
vn -0.3459 -0.5782 0.7390
vn -0.2306 -0.5351 0.8127
vn 0.1077 -0.5929 0.7980
vn 0.3993 -0.4755 0.7839
vn 0.4393 -0.5247 0.7292
vn -0.0905 -0.4526 0.8871
vn -0.3633 -0.4923 0.7910
vn -0.4035 -0.4446 0.7997
vn -0.2853 -0.3034 0.9092
vn -0.1759 -0.3542 0.9185
vn -0.1870 -0.3577 0.9149
vn -0.3010 -0.2606 0.9173
vn -0.4300 -0.1869 0.8832
vn -0.2133 -0.3194 0.9233
vn -0.5792 -0.1917 0.7924
vn -0.5260 -0.1805 0.8311
vn 0.1929 -0.1600 0.9681
vn 0.3788 -0.1465 0.9138
vn 0.4004 -0.1694 0.9005
vn 0.3548 -0.1331 0.9254
vn 0.1353 -0.3185 0.9382
vn 0.2253 -0.2295 0.9469
vn 0.3312 -0.2744 0.9028
vn 0.3783 -0.3096 0.8724
vn 0.4228 0.0202 0.9060
vn -0.3278 -0.3950 0.8582
vn -0.7131 -0.3870 0.5846
vn -0.5262 -0.5976 0.6050
vn -0.2353 -0.8159 0.5282
vn -0.1618 -0.8166 0.5541
vn -0.1187 -0.8148 0.5675
vn -0.1689 -0.8533 0.4933
vn -0.3557 -0.5899 0.7249
vn -0.3982 -0.4296 0.8105
vn -0.3191 -0.4528 0.8326
vn 0.1080 -0.5931 0.7979
vn 0.0089 -0.7725 0.6349
vn -0.3709 -0.6285 0.6836
vn -0.2920 -0.5204 0.8025
vn -0.4950 -0.3955 0.7737
vn -0.4862 -0.4040 0.7749
vn -0.3674 -0.3933 0.8428
vn -0.3659 -0.3615 0.8576
vn -0.1213 -0.4045 0.9065
vn -0.3818 -0.2591 0.8872
vn -0.4395 -0.2145 0.8722
vn -0.5892 -0.1596 0.7921
vn -0.5562 -0.1389 0.8193
vn -0.3521 -0.2104 0.9120
vn -0.0685 -0.1421 0.9875
vn 0.5567 -0.2269 0.7992
vn 0.2123 -0.2027 0.9559
vn 0.2934 -0.2420 0.9248
vn 0.1761 -0.2423 0.9541
vn 0.1409 -0.2766 0.9506
vn 0.2195 -0.1898 0.9570
vn 0.3766 -0.2735 0.8851
vn 0.3324 -0.4707 0.8173
vn 0.5202 -0.2764 0.8081
vn 0.5806 -0.1328 0.8033
vn 0.4043 0.1655 0.8995
vn 0.3628 -0.2573 0.8956
vn 0.5843 -0.2219 0.7806
vn -0.5018 0.7376 0.4518
vn -0.3254 0.8216 0.4681
vn -0.2431 -0.8140 0.5275
vn -0.2545 -0.8026 0.5395
vn -0.1712 -0.7934 0.5841
vn -0.1621 -0.7761 0.6094
vn -0.2873 -0.8134 0.5058
vn -0.3437 -0.4241 0.8378
vn -0.4250 -0.3885 0.8176
vn -0.5712 -0.3262 0.7532
vn -0.3625 -0.3564 0.8611
vn -0.4799 -0.1881 0.8569
vn 0.4442 -0.1970 0.8740
vn 0.5493 -0.2198 0.8062
vn 0.6358 -0.2809 0.7189
vn 0.3740 -0.1879 0.9082
vn 0.3249 -0.1386 0.9355
vn 0.2635 -0.1803 0.9477
vn 0.1270 -0.3146 0.9407
vn 0.0628 -0.2755 0.9592
vn 0.1294 -0.2125 0.9685
vn 0.4191 -0.4493 0.7890
vn 0.4567 -0.2192 0.8622
vn 0.5339 -0.1912 0.8236
vn 0.4051 -0.3465 0.8460
vn 0.4479 -0.1664 0.8785
vn -0.0985 0.9612 0.2578
vn -0.1625 0.4481 0.8791
vn -0.2115 0.6853 0.6969
vn -0.2275 0.6525 0.7229
vn -0.3917 0.2992 0.8701
vn -0.2909 -0.1953 0.9366
vn -0.3553 -0.5948 0.7210
vn -0.2099 -0.6015 0.7708
vn -0.3458 -0.4752 0.8091
vn -0.1637 -0.3003 0.9397
vn -0.0140 -0.4103 0.9119
vn -0.0511 -0.4500 0.8915
vn -0.8334 -0.1216 0.5392
vn -0.5177 -0.5937 0.6161
vn -0.4702 -0.4284 0.7716
vn -0.4188 -0.0782 0.9047
vn -0.1409 -0.4490 0.8824
vn 0.1057 -0.2086 0.9723
vn 0.1451 -0.3186 0.9367
vn 0.3967 -0.4869 0.7781
vn 0.3809 -0.2566 0.8883
vn 0.4271 -0.1970 0.8825
vn 0.4961 -0.2626 0.8276
vn 0.5648 -0.1871 0.8037
vn -0.4802 -0.0345 0.8765
vn -0.4975 -0.3498 0.7938
vn -0.4237 -0.3780 0.8232
vn -0.5066 -0.1886 0.8413
vn -0.3566 -0.1976 0.9131
vn -0.4869 0.1453 0.8613
vn -0.3513 -0.2114 0.9121
vn 0.4654 -0.0751 0.8819
vn 0.3696 -0.1630 0.9148
vn 0.1259 -0.3110 0.9420
vn 0.1611 -0.2920 0.9427
vn 0.3550 -0.3060 0.8834
vn 0.3221 -0.4173 0.8498
vn 0.4276 -0.0482 0.9027
vt 0.437997 0.061663
vt 0.439709 0.062542
vt 0.437563 0.062543
vt 0.441304 0.061940
vt 0.443183 0.062542
vt 0.445447 0.061804
vt 0.447284 0.062542
vt 0.444569 0.062543
vt 0.446780 0.061915
vt 0.448003 0.061964
vt 0.448658 0.062546
vt 0.449218 0.062253
vt 0.449835 0.062548
vt 0.450822 0.061904
vt 0.451596 0.062543
vt 0.466602 0.061493
vt 0.468044 0.062544
vt 0.466050 0.062545
vt 0.468745 0.061570
vt 0.469675 0.062545
vt 0.471033 0.061556
vt 0.471570 0.062545
vt 0.474110 0.061776
vt 0.474611 0.062543
vt 0.473984 0.062547
vt 0.474686 0.061752
vt 0.475312 0.062539
vt 0.478466 0.062542
vt 0.479471 0.061134
vt 0.479799 0.062543
vt 0.483751 0.062117
vt 0.484654 0.062544
vt 0.483396 0.062543
vt 0.485405 0.061906
vt 0.486457 0.062543
vt 0.490118 0.061864
vt 0.491408 0.062551
vt 0.490119 0.062540
vt 0.492599 0.061972
vt 0.493323 0.062544
vt 0.492047 0.062543
vt 0.493338 0.062106
vt 0.494157 0.062542
vt 0.494918 0.062035
vt 0.495580 0.062545
vt 0.499019 0.061484
vt 0.500041 0.062542
vt 0.498431 0.062543
vt 0.437563 0.061778
vt 0.439498 0.061635
vt 0.442019 0.061415
vt 0.448328 0.061413
vt 0.449413 0.061473
vt 0.451322 0.061453
vt 0.452745 0.061624
vt 0.453700 0.062542
vt 0.453627 0.061882
vt 0.455420 0.062541
vt 0.456941 0.061317
vt 0.456912 0.062544
vt 0.458398 0.062542
vt 0.459875 0.061213
vt 0.461105 0.062552
vt 0.460381 0.062550
vt 0.465204 0.061285
vt 0.464908 0.062538
vt 0.470144 0.061809
vt 0.472437 0.062542
vt 0.472784 0.061545
vt 0.473442 0.062543
vt 0.475336 0.061791
vt 0.475875 0.062551
vt 0.476638 0.061664
vt 0.477497 0.062545
vt 0.476501 0.062542
vt 0.478477 0.061959
vt 0.480537 0.061398
vt 0.481050 0.062542
vt 0.481330 0.061848
vt 0.482572 0.061503
vt 0.488621 0.062543
vt 0.491573 0.062051
vt 0.495815 0.061727
vt 0.497217 0.062543
vt 0.496721 0.061283
vt 0.498507 0.061980
vt 0.443810 0.061486
vt 0.454185 0.060835
vt 0.461906 0.061328
vt 0.462531 0.062542
vt 0.463054 0.061816
vt 0.463851 0.062540
vt 0.475841 0.061091
vt 0.484491 0.061226
vt 0.486762 0.061751
vt 0.488133 0.061768
vt 0.490580 0.061586
vt 0.494137 0.061559
vt 0.494815 0.061296
vt 0.497762 0.061167
vt 0.500052 0.061803
vt 0.438802 0.061210
vt 0.440079 0.061329
vt 0.445905 0.061283
vt 0.450514 0.060968
vt 0.451976 0.060653
vt 0.455174 0.060942
vt 0.459167 0.062538
vt 0.460909 0.060752
vt 0.488936 0.060889
vt 0.489999 0.061002
vt 0.491171 0.061441
vt 0.492130 0.061267
vt 0.437559 0.060339
vt 0.439943 0.060849
vt 0.443017 0.061024
vt 0.444372 0.060947
vt 0.447309 0.060919
vt 0.458043 0.060796
vt 0.462623 0.061204
vt 0.463896 0.060747
vt 0.474499 0.060221
vt 0.476993 0.060579
vt 0.481772 0.060729
vt 0.485734 0.060339
vt 0.492825 0.060988
vt 0.446173 0.060292
vt 0.448402 0.060465
vt 0.453336 0.060402
vt 0.463848 0.060159
vt 0.473790 0.060469
vt 0.477753 0.060512
vt 0.487984 0.060308
vt 0.493747 0.060761
vt 0.496424 0.060585
vt 0.498177 0.060131
vt 0.500045 0.060915
vt 0.438018 0.060187
vt 0.441950 0.060353
vt 0.443478 0.060118
vt 0.445707 0.060408
vt 0.449562 0.060158
vt 0.456444 0.060158
vt 0.465726 0.060177
vt 0.468113 0.060549
vt 0.470266 0.060485
vt 0.471834 0.060279
vt 0.478876 0.060350
vt 0.480664 0.059861
vt 0.483996 0.060304
vt 0.491171 0.060511
vt 0.495193 0.060352
vt 0.500044 0.059784
vt 0.441179 0.060142
vt 0.454364 0.059746
vt 0.459714 0.060103
vt 0.462469 0.059809
vt 0.464404 0.059611
vt 0.466741 0.060061
vt 0.468840 0.060098
vt 0.475868 0.060528
vt 0.476491 0.060524
vt 0.489849 0.059804
vt 0.491852 0.060069
vt 0.492788 0.060115
vt 0.444687 0.059621
vt 0.447376 0.060061
vt 0.451091 0.059548
vt 0.458277 0.059667
vt 0.480917 0.059125
vt 0.494511 0.059799
vt 0.496000 0.059502
vt 0.448883 0.059993
vt 0.450343 0.059191
vt 0.452601 0.059309
vt 0.455239 0.059477
vt 0.457225 0.059674
vt 0.459845 0.059527
vt 0.461145 0.059546
vt 0.470003 0.059391
vt 0.475309 0.059512
vt 0.477089 0.059655
vt 0.477723 0.059107
vt 0.481900 0.058812
vt 0.483710 0.059190
vt 0.488744 0.059916
vt 0.490743 0.059454
vt 0.437562 0.059194
vt 0.443396 0.059146
vt 0.446080 0.059285
vt 0.448436 0.059262
vt 0.449634 0.059626
vt 0.455884 0.059171
vt 0.468580 0.058788
vt 0.470978 0.059046
vt 0.472146 0.059038
vt 0.473427 0.059266
vt 0.478302 0.059475
vt 0.486956 0.059450
vt 0.488390 0.059333
vt 0.492063 0.059424
vt 0.495060 0.059158
vt 0.498849 0.059136
vt 0.437901 0.058701
vt 0.439133 0.058732
vt 0.442743 0.059408
vt 0.451604 0.058992
vt 0.454379 0.058195
vt 0.456173 0.058982
vt 0.463674 0.059246
vt 0.465967 0.059105
vt 0.466986 0.058804
vt 0.475820 0.059055
vt 0.485309 0.058040
vt 0.493748 0.059284
vt 0.497630 0.058905
vt 0.440667 0.058707
vt 0.449352 0.058736
vt 0.457243 0.058481
vt 0.459169 0.058384
vt 0.460474 0.058850
vt 0.464856 0.058775
vt 0.476666 0.058947
vt 0.478120 0.058360
vt 0.496936 0.058820
vt 0.499431 0.058396
vt 0.442959 0.058416
vt 0.453397 0.058454
vt 0.461430 0.058161
vt 0.474241 0.058503
vt 0.479195 0.057548
vt 0.489091 0.058475
vt 0.490674 0.058761
vt 0.494625 0.058391
vt 0.500045 0.058417
vt 0.447331 0.058275
vt 0.452252 0.058314
vt 0.462280 0.058224
vt 0.463411 0.058243
vt 0.466219 0.057957
vt 0.467984 0.058171
vt 0.483244 0.058046
vt 0.483841 0.057700
vt 0.486103 0.057671
vt 0.487015 0.058173
vt 0.491774 0.058530
vt 0.492984 0.058143
vt 0.437554 0.058088
vt 0.446129 0.057760
vt 0.449440 0.057929
vt 0.456040 0.057925
vt 0.460610 0.057990
vt 0.469113 0.058093
vt 0.473952 0.058149
vt 0.476352 0.058066
vt 0.477092 0.058180
vt 0.489904 0.057586
vt 0.494217 0.058120
vt 0.497641 0.057924
vt 0.438353 0.057200
vt 0.441091 0.057511
vt 0.445001 0.057645
vt 0.455534 0.058072
vt 0.459674 0.057898
vt 0.464940 0.057551
vt 0.471285 0.057724
vt 0.473041 0.057985
vt 0.480388 0.057043
vt 0.488339 0.057354
vt 0.490918 0.057725
vt 0.495622 0.057781
vt 0.496956 0.057989
vt 0.439184 0.057275
vt 0.451448 0.057655
vt 0.454100 0.057677
vt 0.456568 0.057631
vt 0.457513 0.057549
vt 0.463696 0.057548
vt 0.469886 0.057635
vt 0.475205 0.057631
vt 0.475675 0.057306
vt 0.477725 0.057693
vt 0.498989 0.057646
vt 0.500044 0.057551
vt 0.443161 0.057687
vt 0.452852 0.057147
vt 0.459039 0.057568
vt 0.459515 0.057283
vt 0.461266 0.057791
vt 0.462946 0.057551
vt 0.465891 0.057158
vt 0.471838 0.057197
vt 0.478282 0.057316
vt 0.492384 0.056739
vt 0.497882 0.057313
vt 0.441499 0.056675
vt 0.447102 0.056681
vt 0.449618 0.056719
vt 0.454706 0.057234
vt 0.460309 0.057369
vt 0.473773 0.057163
vt 0.481402 0.056684
vt 0.493711 0.057195
vt 0.495727 0.056667
vt 0.437559 0.056320
vt 0.442956 0.056360
vt 0.444355 0.057048
vt 0.448100 0.056518
vt 0.455777 0.056472
vt 0.457603 0.056769
vt 0.461119 0.056887
vt 0.461866 0.056479
vt 0.464379 0.056959
vt 0.465058 0.056917
vt 0.466419 0.056497
vt 0.467692 0.056434
vt 0.469274 0.056639
vt 0.470238 0.056960
vt 0.474766 0.056192
vt 0.476647 0.056759
vt 0.477414 0.056676
vt 0.484503 0.056984
vt 0.487228 0.056364
vt 0.498162 0.056509
vt 0.451373 0.056234
vt 0.453844 0.056834
vt 0.458791 0.056417
vt 0.460047 0.056709
vt 0.462949 0.056646
vt 0.474134 0.056029
vt 0.475928 0.056648
vt 0.491241 0.056292
vt 0.494827 0.056616
vt 0.496754 0.056611
vt 0.499284 0.056447
vt 0.440067 0.055846
vt 0.444625 0.056170
vt 0.445956 0.055944
vt 0.452812 0.055879
vt 0.468578 0.056637
vt 0.471217 0.056381
vt 0.478454 0.056169
vt 0.480190 0.055233
vt 0.488660 0.056420
vt 0.493621 0.056479
vt 0.497077 0.056386
vt 0.500043 0.055753
vt 0.443947 0.055556
vt 0.449552 0.055742
vt 0.454859 0.055990
vt 0.463563 0.056036
vt 0.464584 0.056248
vt 0.470058 0.055618
vt 0.473506 0.056366
vt 0.485299 0.056278
vt 0.438436 0.055995
vt 0.442413 0.055690
vt 0.448466 0.055581
vt 0.457243 0.055824
vt 0.457517 0.055274
vt 0.460541 0.055859
vt 0.462565 0.055670
vt 0.465196 0.055491
vt 0.466753 0.055759
vt 0.467802 0.055378
vt 0.472271 0.056143
vt 0.476856 0.055616
vt 0.482933 0.055647
vt 0.483982 0.055289
vt 0.489380 0.055901
vt 0.492470 0.055878
vt 0.494432 0.055438
vt 0.441320 0.055477
vt 0.446375 0.055380
vt 0.451755 0.054613
vt 0.454093 0.054998
vt 0.458912 0.055638
vt 0.459951 0.055428
vt 0.460986 0.055765
vt 0.469110 0.055475
vt 0.476210 0.055819
vt 0.479598 0.054939
vt 0.486734 0.055234
vt 0.491205 0.055172
vt 0.493408 0.055696
vt 0.495599 0.055795
vt 0.496486 0.055458
vt 0.450518 0.055277
vt 0.455558 0.055127
vt 0.456842 0.055304
vt 0.461010 0.055312
vt 0.461883 0.055401
vt 0.468242 0.055083
vt 0.471093 0.055297
vt 0.472423 0.055042
vt 0.473497 0.055275
vt 0.475282 0.055778
vt 0.484862 0.054450
vt 0.487499 0.055572
vt 0.497499 0.055156
vt 0.498040 0.055552
vt 0.499584 0.055656
vt 0.437560 0.054498
vt 0.445293 0.054877
vt 0.452925 0.055268
vt 0.463528 0.054894
vt 0.464408 0.055177
vt 0.471611 0.055093
vt 0.474683 0.054741
vt 0.477094 0.055194
vt 0.488528 0.055029
vt 0.489787 0.054872
vt 0.492478 0.055332
vt 0.440545 0.054406
vt 0.441423 0.054464
vt 0.459379 0.054706
vt 0.469594 0.054538
vt 0.475691 0.054896
vt 0.478239 0.054771
vt 0.491634 0.054439
vt 0.495892 0.054844
vt 0.498836 0.055032
vt 0.438402 0.054445
vt 0.439748 0.054900
vt 0.443057 0.054593
vt 0.444572 0.054795
vt 0.446333 0.054554
vt 0.458494 0.054347
vt 0.461691 0.054663
vt 0.462422 0.054221
vt 0.477721 0.054121
vt 0.482668 0.053988
vt 0.487783 0.054284
vt 0.492955 0.054627
vt 0.494868 0.054285
vt 0.496893 0.054835
vt 0.448274 0.054390
vt 0.448768 0.054066
vt 0.456745 0.054679
vt 0.465184 0.054009
vt 0.466229 0.054480
vt 0.467311 0.054279
vt 0.468563 0.054113
vt 0.470338 0.054316
vt 0.473185 0.054719
vt 0.479632 0.053432
vt 0.486649 0.054624
vt 0.490165 0.054339
vt 0.493472 0.054258
vt 0.494377 0.054443
vt 0.497440 0.054352
vt 0.498888 0.054286
vt 0.500039 0.054492
vt 0.452981 0.053656
vt 0.455214 0.054424
vt 0.477442 0.053817
vt 0.480997 0.053694
vt 0.488896 0.053986
vt 0.495902 0.054168
vt 0.439268 0.053620
vt 0.446882 0.053690
vt 0.459716 0.053883
vt 0.461524 0.053976
vt 0.463092 0.053806
vt 0.464032 0.053141
vt 0.464569 0.054182
vt 0.466438 0.053743
vt 0.472418 0.053623
vt 0.478590 0.053604
vt 0.486767 0.053706
vt 0.492328 0.053625
vt 0.497146 0.053792
vt 0.437563 0.053501
vt 0.437890 0.053539
vt 0.441700 0.053283
vt 0.443500 0.053594
vt 0.445871 0.053202
vt 0.449339 0.053055
vt 0.450490 0.053616
vt 0.456280 0.053664
vt 0.457889 0.053497
vt 0.467914 0.053757
vt 0.470108 0.053690
vt 0.470990 0.053544
vt 0.473800 0.053535
vt 0.474809 0.053402
vt 0.475513 0.053781
vt 0.485451 0.053716
vt 0.492829 0.053936
vt 0.497976 0.053426
vt 0.500045 0.053434
vt 0.455301 0.053511
vt 0.463769 0.052894
vt 0.465642 0.053338
vt 0.469465 0.053034
vt 0.471855 0.053341
vt 0.487398 0.053189
vt 0.489687 0.053593
vt 0.491161 0.053537
vt 0.494176 0.053647
vt 0.495007 0.053404
vt 0.495995 0.053154
vt 0.499091 0.053951
vt 0.440801 0.052333
vt 0.444353 0.053161
vt 0.447322 0.052820
vt 0.451718 0.052975
vt 0.453712 0.052663
vt 0.461339 0.053037
vt 0.464550 0.052710
vt 0.481810 0.052823
vt 0.483992 0.052626
vt 0.489237 0.052953
vt 0.490267 0.053093
vt 0.493462 0.053398
vt 0.497106 0.052980
vt 0.498621 0.053296
vt 0.438359 0.052920
vt 0.456347 0.052770
vt 0.457252 0.053025
vt 0.458291 0.052546
vt 0.463008 0.052933
vt 0.466429 0.052988
vt 0.468467 0.052464
vt 0.470581 0.052812
vt 0.476206 0.052438
vt 0.477215 0.053143
vt 0.477919 0.052848
vt 0.482638 0.052735
vt 0.493907 0.052795
vt 0.499235 0.053079
vt 0.437561 0.052902
vt 0.448396 0.052610
vt 0.459658 0.052707
vt 0.461922 0.052512
vt 0.467668 0.052782
vt 0.471400 0.052382
vt 0.472383 0.052692
vt 0.480444 0.052833
vt 0.481094 0.052831
vt 0.486383 0.052808
vt 0.488302 0.052408
vt 0.491532 0.052492
vt 0.492530 0.052491
vt 0.493171 0.052652
vt 0.495276 0.052817
vt 0.496762 0.052333
vt 0.500047 0.053036
vt 0.438583 0.052713
vt 0.439191 0.052111
vt 0.441997 0.052490
vt 0.443003 0.052455
vt 0.446196 0.051696
vt 0.447762 0.052445
vt 0.455121 0.051912
vt 0.472896 0.052088
vt 0.475273 0.052434
vt 0.484476 0.052168
vt 0.487799 0.052493
vt 0.495702 0.052519
vt 0.498128 0.052642
vt 0.499331 0.052581
vt 0.444759 0.051939
vt 0.449534 0.051328
vt 0.465320 0.052049
vt 0.468910 0.051900
vt 0.473950 0.052116
vt 0.476656 0.052062
vt 0.478773 0.051781
vt 0.485997 0.051971
vt 0.489712 0.052549
vt 0.490718 0.052530
vt 0.494235 0.052388
vt 0.495404 0.052136
vt 0.498532 0.052036
vt 0.500046 0.052544
vt 0.438325 0.052020
vt 0.440493 0.050799
vt 0.450862 0.051523
vt 0.452159 0.051817
vt 0.457647 0.051693
vt 0.459945 0.051959
vt 0.464783 0.051952
vt 0.466839 0.051746
vt 0.480292 0.051865
vt 0.482920 0.051636
vt 0.489190 0.052200
vt 0.490178 0.051933
vt 0.493127 0.052119
vt 0.494896 0.052020
vt 0.496423 0.052051
vt 0.499209 0.052006
vt 0.500045 0.051448
vt 0.437565 0.051083
vt 0.437816 0.051103
vt 0.443310 0.051246
vt 0.456083 0.051872
vt 0.458557 0.051418
vt 0.470551 0.051021
vt 0.471148 0.051484
vt 0.472377 0.051476
vt 0.481724 0.051692
vt 0.489035 0.051452
vt 0.491855 0.051457
vt 0.493399 0.051577
vt 0.494080 0.051378
vt 0.497888 0.051522
vt 0.442208 0.051209
vt 0.447821 0.051581
vt 0.453559 0.051903
vt 0.454985 0.051104
vt 0.456831 0.051314
vt 0.461346 0.051377
vt 0.462173 0.051551
vt 0.462704 0.051083
vt 0.465721 0.051161
vt 0.467999 0.051178
vt 0.469366 0.050881
vt 0.471675 0.050922
vt 0.474552 0.051230
vt 0.477383 0.051527
vt 0.478230 0.051325
vt 0.487565 0.051490
vt 0.438010 0.051176
vt 0.446949 0.050907
vt 0.447966 0.050884
vt 0.452060 0.050919
vt 0.459874 0.050488
vt 0.463757 0.050916
vt 0.464946 0.051264
vt 0.467004 0.050918
vt 0.473571 0.051089
vt 0.475237 0.050798
vt 0.479680 0.050996
vt 0.494713 0.050885
vt 0.439129 0.050534
vt 0.444305 0.050673
vt 0.445824 0.050979
vt 0.453498 0.050965
vt 0.457907 0.050690
vt 0.468442 0.050832
vt 0.478601 0.050545
vt 0.481310 0.050581
vt 0.483164 0.050279
vt 0.485299 0.050873
vt 0.486837 0.050439
vt 0.490491 0.050938
vt 0.492373 0.050003
vt 0.493806 0.050846
vt 0.498633 0.050649
vt 0.451207 0.050431
vt 0.457046 0.050257
vt 0.461827 0.050619
vt 0.476674 0.050776
vt 0.488350 0.050346
vt 0.489797 0.050707
vt 0.493405 0.050673
vt 0.495597 0.050798
vt 0.497001 0.050183
vt 0.498072 0.050477
vt 0.438191 0.050386
vt 0.442613 0.050024
vt 0.449967 0.049883
vt 0.456194 0.050024
vt 0.465337 0.050336
vt 0.474922 0.050316
vt 0.476968 0.049777
vt 0.477805 0.050353
vt 0.479905 0.050162
vt 0.491672 0.050679
vt 0.500040 0.050643
vt 0.441628 0.050003
vt 0.444529 0.049869
vt 0.446066 0.049888
vt 0.448492 0.050195
vt 0.449033 0.049607
vt 0.452727 0.049538
vt 0.455151 0.049519
vt 0.466510 0.049752
vt 0.466975 0.049769
vt 0.472352 0.050013
vt 0.476412 0.050268
vt 0.486540 0.049388
vt 0.494090 0.050183
vt 0.494698 0.049712
vt 0.437563 0.049868
vt 0.437920 0.049782
vt 0.443144 0.049838
vt 0.451784 0.050226
vt 0.453764 0.049683
vt 0.458957 0.049739
vt 0.470207 0.049912
vt 0.473279 0.049621
vt 0.489372 0.049624
vt 0.490104 0.049955
vt 0.491134 0.049774
vt 0.496134 0.049433
vt 0.439059 0.048993
vt 0.460645 0.049766
vt 0.461984 0.049729
vt 0.464642 0.049555
vt 0.465906 0.049496
vt 0.467648 0.049777
vt 0.468619 0.049594
vt 0.468738 0.049127
vt 0.470733 0.049353
vt 0.483336 0.049487
vt 0.484464 0.049185
vt 0.485781 0.049678
vt 0.492724 0.049610
vt 0.500039 0.049938
vt 0.438306 0.049575
vt 0.457972 0.049499
vt 0.463155 0.049783
vt 0.474124 0.048425
vt 0.476100 0.049197
vt 0.478728 0.048102
vt 0.494725 0.048710
vt 0.498570 0.049549
vt 0.438450 0.048357
vt 0.440958 0.048383
vt 0.445594 0.049082
vt 0.447281 0.049143
vt 0.451064 0.049227
vt 0.462312 0.048707
vt 0.469419 0.048386
vt 0.475248 0.048722
vt 0.479884 0.049205
vt 0.482406 0.048933
vt 0.493930 0.048975
vt 0.497343 0.048888
vt 0.437568 0.049211
vt 0.442530 0.048477
vt 0.443641 0.048240
vt 0.449415 0.048219
vt 0.457031 0.048815
vt 0.459387 0.048721
vt 0.465789 0.048658
vt 0.467642 0.048663
vt 0.471120 0.048521
vt 0.481367 0.048638
vt 0.485078 0.048731
vt 0.487972 0.049072
vt 0.492019 0.049086
vt 0.492852 0.048743
vt 0.496668 0.048356
vt 0.439524 0.048027
vt 0.452330 0.048504
vt 0.453305 0.048891
vt 0.454302 0.048529
vt 0.455251 0.048595
vt 0.477457 0.048118
vt 0.477968 0.048083
vt 0.490979 0.048729
vt 0.499424 0.048474
vt 0.437571 0.048551
vt 0.444580 0.048229
vt 0.451760 0.047889
vt 0.457767 0.048438
vt 0.464408 0.048174
vt 0.466061 0.048417
vt 0.466933 0.048101
vt 0.472821 0.047965
vt 0.473749 0.047995
vt 0.475548 0.048029
vt 0.479718 0.048197
vt 0.483308 0.047966
vt 0.493117 0.048214
vt 0.495803 0.048413
vt 0.498444 0.048219
vt 0.500044 0.049197
vt 0.456197 0.047826
vt 0.460951 0.048426
vt 0.482571 0.047896
vt 0.485604 0.047873
vt 0.489362 0.048065
vt 0.490152 0.047869
vt 0.492040 0.048367
vt 0.438752 0.047825
vt 0.446822 0.047938
vt 0.450397 0.047910
vt 0.458707 0.047310
vt 0.461702 0.047893
vt 0.467536 0.047927
vt 0.468495 0.047868
vt 0.481267 0.047023
vt 0.487104 0.047915
vt 0.497267 0.047686
vt 0.500045 0.048058
vt 0.437557 0.047813
vt 0.438146 0.047827
vt 0.443210 0.047355
vt 0.449672 0.047570
vt 0.455088 0.047412
vt 0.460478 0.047416
vt 0.462729 0.046588
vt 0.465010 0.047371
vt 0.469772 0.047237
vt 0.471628 0.047284
vt 0.476105 0.047177
vt 0.491651 0.047707
vt 0.494761 0.047748
vt 0.441395 0.047540
vt 0.444294 0.047247
vt 0.452939 0.046941
vt 0.457049 0.047325
vt 0.474692 0.047622
vt 0.480357 0.047122
vt 0.492906 0.047127
vt 0.495963 0.047335
vt 0.499034 0.047166
vt 0.439542 0.046459
vt 0.446015 0.046890
vt 0.448205 0.047102
vt 0.458033 0.046817
vt 0.467232 0.046973
vt 0.472794 0.046612
vt 0.476531 0.046829
vt 0.479285 0.046647
vt 0.488003 0.046836
vt 0.497492 0.046748
vt 0.437572 0.046746
vt 0.438681 0.046724
vt 0.447462 0.046190
vt 0.451291 0.046885
vt 0.458887 0.046658
vt 0.463435 0.046075
vt 0.465926 0.046742
vt 0.478022 0.046721
vt 0.483834 0.046640
vt 0.485718 0.046774
vt 0.489517 0.046293
vt 0.491089 0.046090
vt 0.493591 0.046476
vt 0.500047 0.046859
vt 0.441971 0.046027
vt 0.449943 0.046482
vt 0.451560 0.046030
vt 0.453979 0.046373
vt 0.459788 0.046519
vt 0.461063 0.046628
vt 0.467650 0.046163
vt 0.468284 0.046298
vt 0.469493 0.046100
vt 0.473373 0.046417
vt 0.487127 0.046187
vt 0.491831 0.046707
vt 0.495116 0.046816
vt 0.441011 0.045794
vt 0.448621 0.046327
vt 0.452858 0.045938
vt 0.456669 0.045777
vt 0.461734 0.046230
vt 0.464350 0.045577
vt 0.471599 0.046613
vt 0.481422 0.046320
vt 0.437554 0.045852
vt 0.449260 0.045778
vt 0.454759 0.046137
vt 0.466319 0.045921
vt 0.477515 0.045784
vt 0.480726 0.045805
vt 0.484327 0.045728
vt 0.498165 0.046022
vt 0.499341 0.045719
vt 0.443978 0.046123
vt 0.450292 0.045683
vt 0.455350 0.045330
vt 0.465180 0.045427
vt 0.470868 0.045551
vt 0.474709 0.045847
vt 0.478538 0.044989
vt 0.492680 0.045593
vt 0.493947 0.045445
vt 0.495265 0.045899
vt 0.500041 0.046058
vt 0.438550 0.045872
vt 0.445388 0.045109
vt 0.448490 0.045441
vt 0.461149 0.045663
vt 0.472184 0.045608
vt 0.477108 0.045744
vt 0.487865 0.044779
vt 0.491484 0.045215
vt 0.496135 0.045621
vt 0.442231 0.044958
vt 0.452103 0.045080
vt 0.457321 0.045527
vt 0.459127 0.045300
vt 0.462829 0.044856
vt 0.468927 0.045287
vt 0.474084 0.045062
vt 0.475651 0.045025
vt 0.482745 0.045002
vt 0.496885 0.045333
vt 0.438133 0.045365
vt 0.439086 0.043946
vt 0.443067 0.044857
vt 0.447678 0.044866
vt 0.450933 0.044893
vt 0.454177 0.044989
vt 0.462089 0.045002
vt 0.466459 0.045136
vt 0.467254 0.044688
vt 0.468038 0.044627
vt 0.473114 0.044928
vt 0.476694 0.044845
vt 0.489927 0.045245
vt 0.492012 0.044697
vt 0.497669 0.045231
vt 0.437566 0.044835
vt 0.438532 0.044536
vt 0.440301 0.044074
vt 0.445195 0.044537
vt 0.446528 0.044454
vt 0.449409 0.044955
vt 0.456942 0.044066
vt 0.461365 0.045094
vt 0.485688 0.044607
vt 0.488602 0.044187
vt 0.495237 0.044705
vt 0.452370 0.044254
vt 0.459811 0.044753
vt 0.460793 0.044767
vt 0.468623 0.044630
vt 0.469685 0.044087
vt 0.471167 0.044251
vt 0.477877 0.044516
vt 0.480729 0.044319
vt 0.484371 0.044556
vt 0.495988 0.044039
vt 0.498314 0.044632
vt 0.500041 0.044897
vt 0.440965 0.044238
vt 0.448595 0.044329
vt 0.451155 0.044268
vt 0.453531 0.044408
vt 0.455766 0.044147
vt 0.458092 0.044136
vt 0.463741 0.044098
vt 0.465006 0.044284
vt 0.473256 0.043968
vt 0.489482 0.043936
vt 0.492798 0.044191
vt 0.494198 0.044012
vt 0.499695 0.044426
vt 0.437563 0.044316
vt 0.438053 0.044203
vt 0.449468 0.043923
vt 0.450359 0.044012
vt 0.454427 0.044149
vt 0.459101 0.043795
vt 0.465682 0.043733
vt 0.471912 0.043794
vt 0.474688 0.043940
vt 0.475978 0.043710
vt 0.486462 0.043563
vt 0.496670 0.043783
vt 0.442043 0.043782
vt 0.443415 0.043753
vt 0.445794 0.043767
vt 0.455124 0.043802
vt 0.459845 0.043507
vt 0.460708 0.044001
vt 0.463136 0.043817
vt 0.470366 0.043211
vt 0.477878 0.043607
vt 0.479423 0.042880
vt 0.482243 0.043054
vt 0.483152 0.043970
vt 0.492263 0.043649
vt 0.497828 0.043678
vt 0.439390 0.043450
vt 0.447824 0.043511
vt 0.451568 0.043762
vt 0.476109 0.042954
vt 0.478527 0.043182
vt 0.490932 0.043076
vt 0.492848 0.043238
vt 0.498977 0.043879
vt 0.500047 0.043353
vt 0.438060 0.043549
vt 0.438409 0.043426
vt 0.454342 0.043492
vt 0.455765 0.043129
vt 0.461434 0.043359
vt 0.464981 0.043210
vt 0.466661 0.043362
vt 0.467506 0.043002
vt 0.468080 0.043066
vt 0.475153 0.043159
vt 0.484661 0.042870
vt 0.490068 0.042894
vt 0.437561 0.043525
vt 0.444403 0.042669
vt 0.449516 0.043210
vt 0.451148 0.042990
vt 0.454640 0.043321
vt 0.456441 0.042683
vt 0.458053 0.043253
vt 0.459651 0.042994
vt 0.460387 0.043197
vt 0.471517 0.042879
vt 0.480478 0.042305
vt 0.498625 0.043368
vt 0.438000 0.043071
vt 0.438710 0.043007
vt 0.439742 0.042857
vt 0.447475 0.042702
vt 0.451652 0.042676
vt 0.452530 0.042877
vt 0.453221 0.042549
vt 0.463171 0.043201
vt 0.466651 0.042299
vt 0.473065 0.043075
vt 0.476963 0.042775
vt 0.477869 0.042651
vt 0.488317 0.042270
vt 0.491991 0.042927
vt 0.493484 0.042422
vt 0.494341 0.042973
vt 0.496244 0.042770
vt 0.500044 0.042910
vt 0.439016 0.042725
vt 0.441754 0.042488
vt 0.443007 0.042207
vt 0.446159 0.042446
vt 0.458993 0.042418
vt 0.463967 0.043030
vt 0.485958 0.042630
vt 0.487034 0.042400
vt 0.495628 0.042991
vt 0.497064 0.042718
vt 0.498399 0.042739
vt 0.437561 0.042522
vt 0.449281 0.042502
vt 0.449972 0.041840
vt 0.454868 0.042087
vt 0.460974 0.042414
vt 0.464347 0.041990
vt 0.468887 0.042101
vt 0.475652 0.041190
vt 0.483661 0.042302
vt 0.498718 0.042229
vt 0.440681 0.041588
vt 0.453927 0.042432
vt 0.457453 0.041985
vt 0.462471 0.041172
vt 0.462904 0.042087
vt 0.467726 0.042155
vt 0.471109 0.042086
vt 0.471867 0.041344
vt 0.474864 0.042234
vt 0.478552 0.042207
vt 0.481958 0.041430
vt 0.490548 0.041772
vt 0.492405 0.041451
vt 0.493841 0.042067
vt 0.438119 0.041445
vt 0.439034 0.042189
vt 0.439805 0.041911
vt 0.445356 0.041621
vt 0.452229 0.042154
vt 0.458479 0.041282
vt 0.465905 0.041609
vt 0.473835 0.041296
vt 0.475130 0.041804
vt 0.485213 0.041778
vt 0.488888 0.041732
vt 0.494223 0.041487
vt 0.497096 0.041908
vt 0.500048 0.042075
vt 0.438848 0.041807
vt 0.447119 0.041111
vt 0.448386 0.041435
vt 0.450647 0.041163
vt 0.453463 0.041778
vt 0.454396 0.041667
vt 0.455244 0.041391
vt 0.456170 0.041550
vt 0.463664 0.041669
vt 0.464309 0.041919
vt 0.466625 0.041917
vt 0.469983 0.041167
vt 0.476989 0.041195
vt 0.486394 0.041458
vt 0.489556 0.041329
vt 0.491446 0.041602
vt 0.495231 0.041876
vt 0.496127 0.041367
vt 0.437563 0.041444
vt 0.442904 0.041231
vt 0.457342 0.040988
vt 0.459497 0.041078
vt 0.461055 0.041521
vt 0.464811 0.041422
vt 0.467017 0.041219
vt 0.467723 0.041318
vt 0.469113 0.040855
vt 0.479165 0.041318
vt 0.480288 0.040839
vt 0.498061 0.040971
vt 0.498815 0.040983
vt 0.499491 0.041427
vt 0.444341 0.040604
vt 0.449485 0.040545
vt 0.451901 0.040897
vt 0.463878 0.041572
vt 0.477038 0.040217
vt 0.483658 0.041033
vt 0.493137 0.041084
vt 0.500048 0.040849
vt 0.439130 0.040482
vt 0.453107 0.040899
vt 0.453962 0.040714
vt 0.454496 0.040427
vt 0.463518 0.041101
vt 0.463805 0.041068
vt 0.464075 0.040929
vt 0.468369 0.041002
vt 0.470768 0.040856
vt 0.472261 0.040256
vt 0.474406 0.040364
vt 0.484600 0.039701
vt 0.495085 0.040904
vt 0.497080 0.041334
vt 0.442385 0.040671
vt 0.455877 0.040836
vt 0.461632 0.040599
vt 0.470339 0.039699
vt 0.487409 0.040778
vt 0.488454 0.040352
vt 0.489483 0.040167
vt 0.491539 0.040323
vt 0.492422 0.040520
vt 0.437560 0.040786
vt 0.438797 0.040048
vt 0.441231 0.039690
vt 0.446128 0.040353
vt 0.451258 0.039921
vt 0.456171 0.040282
vt 0.458061 0.040295
vt 0.460442 0.040145
vt 0.463664 0.040743
vt 0.464888 0.040653
vt 0.465695 0.040008
vt 0.466459 0.039929
vt 0.467301 0.040457
vt 0.473221 0.040063
vt 0.477817 0.039739
vt 0.483500 0.039914
vt 0.490773 0.040083
vt 0.493833 0.040506
vt 0.495883 0.040511
vt 0.496757 0.040445
vt 0.438245 0.040227
vt 0.440298 0.039472
vt 0.448318 0.039462
vt 0.451903 0.040081
vt 0.463885 0.040512
vt 0.467952 0.039640
vt 0.471759 0.040155
vt 0.478849 0.040048
vt 0.480197 0.039430
vt 0.482243 0.039948
vt 0.486111 0.039834
vt 0.492192 0.039805
vt 0.444896 0.040091
vt 0.450167 0.039423
vt 0.452677 0.039400
vt 0.453997 0.039609
vt 0.459728 0.039446
vt 0.462537 0.039894
vt 0.463442 0.040203
vt 0.464222 0.040104
vt 0.469409 0.039968
vt 0.470923 0.039620
vt 0.475038 0.039797
vt 0.493262 0.039599
vt 0.494506 0.039683
vt 0.498118 0.039990
vt 0.499170 0.039740
vt 0.437562 0.039910
vt 0.437972 0.039996
vt 0.439122 0.039692
vt 0.442824 0.039425
vt 0.455024 0.039485
vt 0.458880 0.039037
vt 0.461594 0.039297
vt 0.488483 0.039554
vt 0.491701 0.039665
vt 0.496689 0.039817
vt 0.438342 0.039261
vt 0.456949 0.039208
vt 0.457816 0.039134
vt 0.463186 0.039495
vt 0.464305 0.039181
vt 0.465863 0.039320
vt 0.473465 0.038905
vt 0.475498 0.039015
vt 0.487023 0.038965
vt 0.489238 0.039206
vt 0.494603 0.038593
vt 0.495818 0.039658
vt 0.443712 0.038861
vt 0.447180 0.038481
vt 0.453549 0.038550
vt 0.463606 0.038567
vt 0.466167 0.038497
vt 0.467825 0.038996
vt 0.472694 0.038934
vt 0.473834 0.038395
vt 0.476448 0.038367
vt 0.482485 0.038942
vt 0.491063 0.038714
vt 0.497585 0.039206
vt 0.439909 0.038738
vt 0.442137 0.038286
vt 0.445336 0.038852
vt 0.451500 0.038915
vt 0.462569 0.038638
vt 0.471494 0.038416
vt 0.479136 0.038437
vt 0.480787 0.038678
vt 0.489915 0.038556
vt 0.496272 0.038814
vt 0.497798 0.038877
vt 0.500044 0.039015
vt 0.439204 0.039057
vt 0.448486 0.038360
vt 0.449363 0.037908
vt 0.450403 0.038619
vt 0.454726 0.037810
vt 0.464909 0.038882
vt 0.466695 0.038417
vt 0.468737 0.038594
vt 0.475614 0.037873
vt 0.477137 0.038478
vt 0.484706 0.038492
vt 0.485944 0.038835
vt 0.487674 0.038285
vt 0.492847 0.038134
vt 0.437557 0.038507
vt 0.460324 0.038269
vt 0.461692 0.038201
vt 0.470248 0.038270
vt 0.474147 0.037725
vt 0.483021 0.038248
vt 0.491723 0.037652
vt 0.493661 0.038313
vt 0.495520 0.038453
vt 0.496802 0.038369
vt 0.498909 0.038387
vt 0.438389 0.038137
vt 0.439170 0.038533
vt 0.450795 0.037778
vt 0.454146 0.037951
vt 0.456871 0.038156
vt 0.457693 0.038076
vt 0.465541 0.038082
vt 0.498121 0.037535
vt 0.437566 0.037812
vt 0.440625 0.037876
vt 0.444263 0.038024
vt 0.446008 0.037713
vt 0.452135 0.037456
vt 0.453254 0.037466
vt 0.455691 0.037964
vt 0.462506 0.037039
vt 0.467363 0.037841
vt 0.468853 0.037397
vt 0.472040 0.037014
vt 0.477068 0.036907
vt 0.481852 0.037844
vt 0.485612 0.037358
vt 0.488973 0.037961
vt 0.494122 0.037540
vt 0.497506 0.037666
vt 0.500049 0.037811
vt 0.438673 0.037825
vt 0.439460 0.037491
vt 0.441324 0.037303
vt 0.445041 0.036968
vt 0.458708 0.037048
vt 0.460587 0.037694
vt 0.463671 0.037443
vt 0.479927 0.037235
vt 0.490065 0.037221
vt 0.495662 0.037488
vt 0.443911 0.037431
vt 0.447612 0.037381
vt 0.451147 0.036918
vt 0.456967 0.036741
vt 0.466626 0.037547
vt 0.471144 0.037427
vt 0.474452 0.036681
vt 0.480555 0.037494
vt 0.495116 0.037446
vt 0.496990 0.037297
vt 0.456301 0.037222
vt 0.461298 0.037465
vt 0.466022 0.037299
vt 0.467432 0.036773
vt 0.468239 0.037009
vt 0.470087 0.037006
vt 0.472613 0.036520
vt 0.478171 0.036353
vt 0.480970 0.036234
vt 0.482621 0.036801
vt 0.483995 0.036984
vt 0.488181 0.036867
vt 0.491585 0.036823
vt 0.492975 0.036764
vt 0.497557 0.036968
vt 0.438600 0.036983
vt 0.440359 0.037104
vt 0.442898 0.036689
vt 0.445755 0.036748
vt 0.446937 0.036621
vt 0.453824 0.036413
vt 0.457811 0.036260
vt 0.460474 0.036920
vt 0.464774 0.036900
vt 0.475272 0.036838
vt 0.484697 0.036205
vt 0.487255 0.037138
vt 0.489352 0.036623
vt 0.495953 0.036540
vt 0.437562 0.036123
vt 0.439369 0.036974
vt 0.448889 0.036625
vt 0.450891 0.035984
vt 0.452399 0.036645
vt 0.461560 0.036800
vt 0.466890 0.036294
vt 0.479702 0.036462
vt 0.495213 0.036681
vt 0.440759 0.036469
vt 0.441841 0.036094
vt 0.444070 0.036026
vt 0.453044 0.036702
vt 0.463925 0.036778
vt 0.468929 0.036332
vt 0.475831 0.036008
vt 0.485483 0.036074
vt 0.490058 0.036043
vt 0.439453 0.036264
vt 0.455597 0.036310
vt 0.459405 0.035852
vt 0.465568 0.036354
vt 0.467667 0.035968
vt 0.470925 0.035535
vt 0.486791 0.035801
vt 0.492894 0.035085
vt 0.494429 0.036180
vt 0.497856 0.036090
vt 0.499344 0.035793
vt 0.440908 0.035890
vt 0.445546 0.035773
vt 0.449636 0.034883
vt 0.456158 0.035707
vt 0.463247 0.035872
vt 0.464642 0.036217
vt 0.466393 0.035688
vt 0.478494 0.035465
vt 0.482003 0.035580
vt 0.483542 0.035695
vt 0.492500 0.036076
vt 0.496572 0.035983
vt 0.500045 0.036342
vt 0.443360 0.035455
vt 0.446427 0.035556
vt 0.448431 0.035528
vt 0.452623 0.035649
vt 0.454150 0.035541
vt 0.460319 0.035175
vt 0.461808 0.035408
vt 0.465574 0.035976
vt 0.471416 0.034906
vt 0.472200 0.034967
vt 0.487402 0.035621
vt 0.491281 0.035766
vt 0.495250 0.035848
vt 0.498511 0.035354
vt 0.438187 0.035542
vt 0.440278 0.035403
vt 0.442070 0.035201
vt 0.452018 0.035275
vt 0.453376 0.035573
vt 0.466920 0.035028
vt 0.473732 0.035438
vt 0.474982 0.034970
vt 0.475873 0.034751
vt 0.488444 0.035398
vt 0.495845 0.035512
vt 0.438796 0.035099
vt 0.455198 0.035430
vt 0.456948 0.035122
vt 0.457450 0.034741
vt 0.464656 0.034762
vt 0.467971 0.034857
vt 0.469713 0.035151
vt 0.477121 0.035094
vt 0.480516 0.034731
vt 0.489949 0.034744
vt 0.491917 0.035049
vt 0.494755 0.035444
vt 0.497797 0.034779
vt 0.500046 0.035490
vt 0.437563 0.034558
vt 0.441315 0.034814
vt 0.445147 0.034066
vt 0.447153 0.034594
vt 0.450885 0.034284
vt 0.452997 0.034926
vt 0.453957 0.034649
vt 0.458110 0.034434
vt 0.462990 0.034755
vt 0.466042 0.034967
vt 0.479218 0.034793
vt 0.485669 0.034862
vt 0.489228 0.034720
vt 0.490986 0.034570
vt 0.495106 0.034966
vt 0.496792 0.034778
vt 0.500045 0.034885
vt 0.440003 0.034833
vt 0.444513 0.034586
vt 0.448226 0.033634
vt 0.467379 0.034903
vt 0.468884 0.034568
vt 0.470008 0.034180
vt 0.474233 0.034703
vt 0.481612 0.034428
vt 0.486310 0.034022
vt 0.487432 0.034062
vt 0.496088 0.034308
vt 0.455415 0.034653
vt 0.456275 0.034085
vt 0.459568 0.034372
vt 0.461712 0.033979
vt 0.479516 0.033943
vt 0.482559 0.033597
vt 0.484287 0.033800
vt 0.493380 0.034505
vt 0.498439 0.034329
vt 0.499229 0.033983
vt 0.438738 0.034445
vt 0.439835 0.034281
vt 0.446027 0.033761
vt 0.460605 0.033694
vt 0.463520 0.033781
vt 0.465614 0.034007
vt 0.467711 0.033903
vt 0.470972 0.033630
vt 0.472628 0.033755
vt 0.477010 0.033868
vt 0.478220 0.033227
vt 0.488401 0.033824
vt 0.491364 0.034288
vt 0.492195 0.033593
vt 0.494064 0.034166
vt 0.438847 0.034107
vt 0.442301 0.034028
vt 0.443199 0.033952
vt 0.450262 0.033562
vt 0.451678 0.033761
vt 0.453248 0.033919
vt 0.454617 0.033578
vt 0.458040 0.033027
vt 0.464677 0.033664
vt 0.466666 0.033477
vt 0.474760 0.033387
vt 0.497306 0.033926
vt 0.500047 0.033935
vt 0.437566 0.033242
vt 0.438059 0.033377
vt 0.440798 0.033934
vt 0.440970 0.033254
vt 0.444338 0.033570
vt 0.468426 0.033657
vt 0.473430 0.033313
vt 0.480413 0.033313
vt 0.484921 0.033151
vt 0.489706 0.033455
vt 0.495405 0.033938
vt 0.439457 0.033353
vt 0.445154 0.033021
vt 0.447227 0.032983
vt 0.457042 0.033068
vt 0.462466 0.033262
vt 0.469626 0.033158
vt 0.471861 0.033088
vt 0.475570 0.033150
vt 0.484132 0.032173
vt 0.490573 0.033245
vt 0.494210 0.033453
vt 0.438517 0.033108
vt 0.441814 0.033090
vt 0.443003 0.032817
vt 0.449334 0.032587
vt 0.453050 0.033163
vt 0.465651 0.032985
vt 0.468587 0.032921
vt 0.481343 0.032651
vt 0.486960 0.032675
vt 0.492668 0.032690
vt 0.495998 0.032971
vt 0.439850 0.032328
vt 0.451465 0.032757
vt 0.467530 0.032473
vt 0.470153 0.033085
vt 0.471014 0.032342
vt 0.485500 0.032562
vt 0.494986 0.032208
vt 0.498110 0.032889
vt 0.498691 0.032297
vt 0.446403 0.032089
vt 0.452845 0.032231
vt 0.453856 0.032287
vt 0.455028 0.032456
vt 0.459545 0.032441
vt 0.461190 0.032405
vt 0.462859 0.032380
vt 0.479606 0.032501
vt 0.489966 0.032080
vt 0.491021 0.032678
vt 0.438160 0.032454
vt 0.439087 0.032620
vt 0.443710 0.032098
vt 0.445386 0.032056
vt 0.447860 0.031940
vt 0.465110 0.032371
vt 0.472437 0.032195
vt 0.473577 0.032026
vt 0.475114 0.031795
vt 0.476553 0.030954
vt 0.482426 0.032206
vt 0.487995 0.032298
vt 0.493880 0.032666
vt 0.494363 0.032040
vt 0.496248 0.032077
vt 0.500045 0.032657
vt 0.437576 0.031937
vt 0.437562 0.031239
vt 0.438659 0.032103
vt 0.441998 0.031857
vt 0.450762 0.031994
vt 0.451789 0.031832
vt 0.463668 0.032026
vt 0.466632 0.032177
vt 0.468364 0.032359
vt 0.469108 0.032104
vt 0.469883 0.032269
vt 0.488822 0.031992
vt 0.491825 0.032290
vt 0.497155 0.031729
vt 0.440241 0.031815
vt 0.440710 0.031829
vt 0.450766 0.030529
vt 0.455586 0.031428
vt 0.458310 0.031896
vt 0.460103 0.031492
vt 0.465671 0.031392
vt 0.474039 0.031370
vt 0.478126 0.031787
vt 0.492746 0.031745
vt 0.500050 0.032108
vt 0.449243 0.031586
vt 0.456950 0.031873
vt 0.457410 0.031168
vt 0.461609 0.030621
vt 0.467542 0.031694
vt 0.468109 0.031908
vt 0.470031 0.031566
vt 0.472943 0.031204
vt 0.481174 0.031186
vt 0.484781 0.030961
vt 0.487613 0.031962
vt 0.492101 0.032024
vt 0.441304 0.031271
vt 0.446736 0.031432
vt 0.454359 0.031110
vt 0.463344 0.031300
vt 0.464092 0.031149
vt 0.466724 0.031342
vt 0.468414 0.031188
vt 0.468598 0.031779
vt 0.470779 0.030810
vt 0.482786 0.030889
vt 0.486223 0.031681
vt 0.490899 0.031604
vt 0.439003 0.031262
vt 0.442898 0.030572
vt 0.451780 0.030838
vt 0.453087 0.030920
vt 0.459200 0.031423
vt 0.465008 0.031385
vt 0.467840 0.031080
vt 0.478468 0.030824
vt 0.479918 0.030933
vt 0.487822 0.031210
vt 0.488743 0.031271
vt 0.492333 0.030768
vt 0.493154 0.031227
vt 0.494909 0.030803
vt 0.498037 0.031302
vt 0.443886 0.030754
vt 0.444696 0.031196
vt 0.446047 0.030482
vt 0.448205 0.031020
vt 0.449657 0.030050
vt 0.456659 0.030401
vt 0.462005 0.029790
vt 0.471318 0.030191
vt 0.490436 0.030838
vt 0.437559 0.030413
vt 0.438979 0.030766
vt 0.439363 0.030631
vt 0.440408 0.030464
vt 0.441932 0.030416
vt 0.446632 0.030872
vt 0.455835 0.030018
vt 0.459751 0.029935
vt 0.469188 0.030629
vt 0.474295 0.030137
vt 0.481756 0.030815
vt 0.485853 0.030437
vt 0.487086 0.030317
vt 0.489448 0.030847
vt 0.492970 0.029912
vt 0.493721 0.030678
vt 0.496128 0.030143
vt 0.500050 0.031279
vt 0.447630 0.030521
vt 0.448759 0.030212
vt 0.457812 0.029920
vt 0.464628 0.030449
vt 0.466068 0.030315
vt 0.467232 0.030107
vt 0.475397 0.030068
vt 0.482428 0.030477
vt 0.485192 0.029841
vt 0.488603 0.030103
vt 0.490195 0.030338
vt 0.497083 0.029997
vt 0.498782 0.030370
vt 0.445160 0.030157
vt 0.446240 0.030240
vt 0.468049 0.030012
vt 0.472106 0.030188
vt 0.479708 0.029557
vt 0.494127 0.029727
vt 0.500045 0.029845
vt 0.439001 0.030130
vt 0.441367 0.029344
vt 0.447126 0.029902
vt 0.453147 0.029492
vt 0.454288 0.029414
vt 0.463080 0.029157
vt 0.477302 0.029551
vt 0.481854 0.029739
vt 0.482655 0.029954
vt 0.483719 0.029475
vt 0.491830 0.029409
vt 0.440160 0.029764
vt 0.444098 0.029515
vt 0.446242 0.029706
vt 0.452016 0.028424
vt 0.460823 0.029129
vt 0.466427 0.029113
vt 0.468882 0.028823
vt 0.469781 0.029483
vt 0.472698 0.029320
vt 0.473482 0.029097
vt 0.488894 0.028748
vt 0.495143 0.029435
vt 0.497078 0.029220
vt 0.437561 0.029419
vt 0.447541 0.029241
vt 0.448191 0.028705
vt 0.450290 0.028559
vt 0.454997 0.029296
vt 0.457744 0.029118
vt 0.458759 0.028607
vt 0.464448 0.029642
vt 0.467059 0.029116
vt 0.478306 0.029033
vt 0.486279 0.029055
vt 0.486840 0.029720
vt 0.487923 0.028685
vt 0.490311 0.029202
vt 0.493351 0.029076
vt 0.440745 0.029039
vt 0.442576 0.029058
vt 0.445217 0.029269
vt 0.470426 0.029369
vt 0.471688 0.029211
vt 0.487127 0.028724
vt 0.498620 0.028832
vt 0.437550 0.028331
vt 0.439708 0.028634
vt 0.448969 0.028378
vt 0.464209 0.028813
vt 0.475360 0.028637
vt 0.495693 0.028542
vt 0.496905 0.027969
vt 0.443620 0.028449
vt 0.446537 0.028289
vt 0.457029 0.028397
vt 0.459841 0.028198
vt 0.465386 0.028672
vt 0.467832 0.028898
vt 0.480792 0.028379
vt 0.492625 0.028506
vt 0.498969 0.027915
vt 0.440519 0.028373
vt 0.442247 0.027601
vt 0.444705 0.028440
vt 0.455033 0.028116
vt 0.469982 0.028549
vt 0.471343 0.028484
vt 0.472209 0.028193
vt 0.482005 0.028082
vt 0.483616 0.028423
vt 0.493140 0.028050
vt 0.494478 0.028001
vt 0.453856 0.028111
vt 0.457944 0.028263
vt 0.460977 0.027649
vt 0.466382 0.028021
vt 0.467349 0.028160
vt 0.472546 0.027635
vt 0.477156 0.027927
vt 0.479310 0.027500
vt 0.485277 0.027937
vt 0.491121 0.028155
vt 0.496060 0.028150
vt 0.500045 0.027180
vt 0.438379 0.027758
vt 0.441515 0.027869
vt 0.443103 0.027572
vt 0.444787 0.027783
vt 0.456152 0.028015
vt 0.462763 0.027045
vt 0.463953 0.028137
vt 0.468189 0.027638
vt 0.473753 0.027776
vt 0.483997 0.027484
vt 0.486371 0.027867
vt 0.489684 0.027585
vt 0.491739 0.027443
vt 0.495362 0.027576
vt 0.437563 0.027855
vt 0.440579 0.027725
vt 0.446577 0.027027
vt 0.447662 0.027772
vt 0.457306 0.027330
vt 0.465031 0.027656
vt 0.468920 0.027388
vt 0.470125 0.027736
vt 0.480360 0.027330
vt 0.481273 0.028043
vt 0.486901 0.027426
vt 0.487741 0.027453
vt 0.493574 0.027399
vt 0.439504 0.026949
vt 0.445634 0.026960
vt 0.448344 0.027206
vt 0.450134 0.026879
vt 0.450937 0.027175
vt 0.454315 0.026992
vt 0.461690 0.026601
vt 0.467304 0.027229
vt 0.471247 0.027043
vt 0.474686 0.027458
vt 0.477929 0.026947
vt 0.482015 0.027378
vt 0.488584 0.026992
vt 0.491163 0.027357
vt 0.492626 0.027087
vt 0.437562 0.027358
vt 0.441090 0.027141
vt 0.452969 0.027282
vt 0.455146 0.027071
vt 0.457541 0.026798
vt 0.459257 0.026125
vt 0.484521 0.027304
vt 0.494501 0.027073
vt 0.497447 0.027066
vt 0.444028 0.027061
vt 0.449170 0.027121
vt 0.464018 0.027120
vt 0.465500 0.026675
vt 0.469732 0.026797
vt 0.476161 0.026346
vt 0.480695 0.026667
vt 0.482259 0.026492
vt 0.485829 0.026271
vt 0.489914 0.026680
vt 0.496515 0.026732
vt 0.437561 0.026599
vt 0.440322 0.026471
vt 0.441426 0.026495
vt 0.442167 0.026450
vt 0.444685 0.026363
vt 0.447400 0.026685
vt 0.451828 0.025648
vt 0.454847 0.026064
vt 0.455975 0.026465
vt 0.468067 0.026756
vt 0.472227 0.026428
vt 0.473283 0.026260
vt 0.479138 0.026295
vt 0.488735 0.026358
vt 0.491151 0.026501
vt 0.498177 0.026662
vt 0.443780 0.026216
vt 0.448901 0.026445
vt 0.449644 0.026004
vt 0.453247 0.025927
vt 0.460593 0.026639
vt 0.462851 0.025810
vt 0.466289 0.026305
vt 0.474304 0.026316
vt 0.482911 0.025872
vt 0.484529 0.026025
vt 0.487298 0.026082
vt 0.499082 0.026175
vt 0.437571 0.026042
vt 0.467102 0.026037
vt 0.469126 0.026000
vt 0.469579 0.025872
vt 0.474622 0.024644
vt 0.477591 0.025779
vt 0.490181 0.026224
vt 0.492120 0.026205
vt 0.494502 0.026093
vt 0.439598 0.025858
vt 0.446493 0.025946
vt 0.447050 0.025757
vt 0.448207 0.025591
vt 0.450589 0.025430
vt 0.460163 0.025689
vt 0.464249 0.025776
vt 0.470495 0.025620
vt 0.471656 0.025607
vt 0.480121 0.025645
vt 0.489482 0.026058
vt 0.493173 0.025747
vt 0.439123 0.025395
vt 0.440728 0.025791
vt 0.441567 0.025712
vt 0.442056 0.025146
vt 0.443278 0.025561
vt 0.456796 0.025561
vt 0.472829 0.025514
vt 0.480792 0.025288
vt 0.481431 0.025138
vt 0.487327 0.025292
vt 0.488623 0.025487
vt 0.492546 0.025737
vt 0.495540 0.025571
vt 0.497868 0.025998
vt 0.437575 0.024828
vt 0.438383 0.024837
vt 0.444915 0.025380
vt 0.455697 0.024985
vt 0.457628 0.025483
vt 0.465388 0.025492
vt 0.467802 0.024926
vt 0.478078 0.025014
vt 0.479263 0.024688
vt 0.485200 0.024794
vt 0.498852 0.025294
vt 0.499608 0.025305
vt 0.500050 0.024840
vt 0.440688 0.025006
vt 0.446624 0.024915
vt 0.454330 0.024830
vt 0.476294 0.024946
vt 0.477038 0.024693
vt 0.482737 0.024981
vt 0.486615 0.025160
vt 0.490129 0.025303
vt 0.492272 0.025007
vt 0.494231 0.025364
vt 0.497380 0.024629
vt 0.437558 0.025501
vt 0.449203 0.025270
vt 0.452643 0.024557
vt 0.457874 0.025124
vt 0.458860 0.024527
vt 0.463675 0.024486
vt 0.466783 0.024260
vt 0.469195 0.024817
vt 0.473452 0.024491
vt 0.483627 0.025130
vt 0.490444 0.024651
vt 0.491235 0.025143
vt 0.494911 0.024775
vt 0.495703 0.024143
vt 0.439642 0.024565
vt 0.447155 0.024461
vt 0.449121 0.024400
vt 0.456866 0.024700
vt 0.461616 0.024746
vt 0.462333 0.023930
vt 0.464642 0.024148
vt 0.470601 0.024488
vt 0.486725 0.024269
vt 0.489434 0.024669
vt 0.493067 0.024478
vt 0.498037 0.024574
vt 0.444238 0.024682
vt 0.445850 0.024778
vt 0.451169 0.023805
vt 0.460350 0.024227
vt 0.480517 0.024112
vt 0.483342 0.024665
vt 0.483941 0.024224
vt 0.487647 0.024224
vt 0.491279 0.024578
vt 0.495171 0.023991
vt 0.498650 0.024308
vt 0.454953 0.023459
vt 0.457629 0.023859
vt 0.465854 0.024324
vt 0.470620 0.023213
vt 0.472403 0.024376
vt 0.476520 0.023915
vt 0.481590 0.023817
vt 0.437561 0.023868
vt 0.438104 0.023756
vt 0.441882 0.023451
vt 0.442839 0.023723
vt 0.444786 0.023919
vt 0.446229 0.024117
vt 0.447755 0.023722
vt 0.450210 0.024016
vt 0.462954 0.023584
vt 0.479040 0.023592
vt 0.484306 0.023812
vt 0.485421 0.023685
vt 0.485926 0.023305
vt 0.491428 0.023575
vt 0.493138 0.023758
vt 0.493871 0.023862
vt 0.497432 0.023819
vt 0.439276 0.023684
vt 0.440356 0.023377
vt 0.445664 0.023536
vt 0.446583 0.023860
vt 0.452775 0.023557
vt 0.465518 0.023583
vt 0.466879 0.023387
vt 0.468231 0.023659
vt 0.469920 0.023230
vt 0.471572 0.023687
vt 0.477827 0.023251
vt 0.483224 0.023435
vt 0.488315 0.023659
vt 0.489383 0.023812
vt 0.490022 0.023558
vt 0.491906 0.023473
vt 0.496668 0.023887
vt 0.498876 0.023792
vt 0.500047 0.024121
vt 0.449140 0.023420
vt 0.453722 0.022965
vt 0.455858 0.023022
vt 0.459262 0.023160
vt 0.468725 0.023176
vt 0.472865 0.023062
vt 0.474003 0.023000
vt 0.476443 0.023242
vt 0.484766 0.023672
vt 0.487542 0.023542
vt 0.490787 0.023621
vt 0.493027 0.023365
vt 0.444947 0.022368
vt 0.449877 0.022903
vt 0.451884 0.022977
vt 0.456887 0.022976
vt 0.463766 0.022700
vt 0.467199 0.022255
vt 0.480124 0.023185
vt 0.486517 0.023159
vt 0.489041 0.023367
vt 0.494221 0.023309
vt 0.495992 0.023258
vt 0.500046 0.023238
vt 0.442149 0.022667
vt 0.443682 0.022784
vt 0.445661 0.022862
vt 0.446685 0.023120
vt 0.458357 0.021892
vt 0.460006 0.021978
vt 0.461735 0.022912
vt 0.466331 0.022731
vt 0.471410 0.022350
vt 0.481395 0.023017
vt 0.485572 0.022689
vt 0.487057 0.022972
vt 0.488121 0.022894
vt 0.490942 0.022957
vt 0.495076 0.022932
vt 0.497003 0.023200
vt 0.498514 0.023090
vt 0.437562 0.021684
vt 0.451011 0.022735
vt 0.452571 0.021867
vt 0.457752 0.022819
vt 0.465204 0.022754
vt 0.470758 0.022161
vt 0.475450 0.022074
vt 0.476964 0.022531
vt 0.483054 0.022826
vt 0.484666 0.022957
vt 0.490078 0.022906
vt 0.490420 0.022322
vt 0.492090 0.022450
vt 0.493358 0.023036
vt 0.493937 0.022737
vt 0.496601 0.022686
vt 0.497659 0.022942
vt 0.499227 0.022675
vt 0.446941 0.022470
vt 0.447860 0.022153
vt 0.448741 0.021761
vt 0.462431 0.021819
vt 0.469146 0.022219
vt 0.472188 0.022128
vt 0.479181 0.022553
vt 0.481505 0.022117
vt 0.489822 0.022401
vt 0.497195 0.021955
vt 0.498263 0.022730
vt 0.442927 0.021877
vt 0.444267 0.021422
vt 0.445874 0.022494
vt 0.455643 0.021986
vt 0.457369 0.021953
vt 0.467715 0.021252
vt 0.469794 0.021846
vt 0.474235 0.021756
vt 0.480717 0.022236
vt 0.487733 0.022541
vt 0.493197 0.022152
vt 0.494168 0.021905
vt 0.494877 0.021846
vt 0.499393 0.022396
vt 0.500051 0.022328
vt 0.440488 0.021482
vt 0.445500 0.021854
vt 0.447876 0.021267
vt 0.452035 0.021544
vt 0.453894 0.021918
vt 0.465278 0.021548
vt 0.473098 0.021520
vt 0.478002 0.021637
vt 0.484401 0.022077
vt 0.485283 0.021878
vt 0.487065 0.022249
vt 0.488934 0.021443
vt 0.490726 0.021782
vt 0.495687 0.021836
vt 0.498726 0.021915
vt 0.438388 0.020501
vt 0.446586 0.021663
vt 0.448740 0.021018
vt 0.450912 0.021630
vt 0.455198 0.021223
vt 0.456129 0.020868
vt 0.476428 0.021562
vt 0.477399 0.021815
vt 0.479455 0.021566
vt 0.483051 0.021350
vt 0.446909 0.021201
vt 0.447388 0.021270
vt 0.460933 0.020854
vt 0.464447 0.021217
vt 0.466510 0.021626
vt 0.475764 0.021724
vt 0.480654 0.021608
vt 0.487849 0.021421
vt 0.489195 0.021018
vt 0.492497 0.021533
vt 0.441359 0.020659
vt 0.445313 0.020968
vt 0.452994 0.020501
vt 0.457203 0.020979
vt 0.457767 0.021261
vt 0.458771 0.021138
vt 0.463237 0.021093
vt 0.469097 0.021058
vt 0.470731 0.020976
vt 0.475938 0.021018
vt 0.484813 0.021224
vt 0.486336 0.021165
vt 0.500046 0.020738
vt 0.439723 0.020351
vt 0.442446 0.021080
vt 0.443693 0.021016
vt 0.449749 0.020878
vt 0.451451 0.020828
vt 0.453816 0.020509
vt 0.466073 0.021267
vt 0.472132 0.020913
vt 0.475400 0.020816
vt 0.478301 0.021075
vt 0.478765 0.020577
vt 0.482230 0.020640
vt 0.491523 0.020680
vt 0.493670 0.020870
vt 0.494594 0.020620
vt 0.495850 0.021007
vt 0.497570 0.020611
vt 0.440976 0.020302
vt 0.445970 0.020727
vt 0.454728 0.020872
vt 0.457943 0.020532
vt 0.458331 0.020398
vt 0.462728 0.020436
vt 0.464353 0.020803
vt 0.466590 0.020777
vt 0.467010 0.020311
vt 0.467910 0.020791
vt 0.487840 0.020732
vt 0.490246 0.020637
vt 0.499117 0.020281
vt 0.437562 0.020044
vt 0.438683 0.019346
vt 0.442460 0.020233
vt 0.444206 0.020246
vt 0.445357 0.020537
vt 0.447398 0.020539
vt 0.450708 0.020649
vt 0.455271 0.020089
vt 0.468859 0.020389
vt 0.471846 0.020265
vt 0.473846 0.020571
vt 0.476570 0.020238
vt 0.480418 0.020501
vt 0.484411 0.020493
vt 0.496120 0.019810
vt 0.448915 0.019954
vt 0.452073 0.019488
vt 0.456476 0.020472
vt 0.459228 0.020291
vt 0.460574 0.019314
vt 0.462226 0.019950
vt 0.463226 0.020016
vt 0.465759 0.020001
vt 0.470000 0.020523
vt 0.480715 0.019407
vt 0.483019 0.020005
vt 0.485754 0.020223
vt 0.486976 0.020309
vt 0.488825 0.020123
vt 0.492993 0.020043
vt 0.443177 0.019690
vt 0.445901 0.020027
vt 0.451090 0.019976
vt 0.461433 0.019382
vt 0.464205 0.020100
vt 0.467684 0.019642
vt 0.486309 0.019765
vt 0.489685 0.019668
vt 0.494544 0.019558
vt 0.497511 0.019583
vt 0.440271 0.019074
vt 0.447851 0.019836
vt 0.449343 0.019172
vt 0.456240 0.019392
vt 0.464330 0.019438
vt 0.470129 0.019015
vt 0.472575 0.019082
vt 0.477519 0.019743
vt 0.479590 0.019745
vt 0.437986 0.018843
vt 0.442157 0.019351
vt 0.445203 0.019374
vt 0.446899 0.019191
vt 0.452455 0.019048
vt 0.453293 0.019516
vt 0.457958 0.019267
vt 0.458323 0.019374
vt 0.459630 0.019583
vt 0.465044 0.018790
vt 0.474666 0.018957
vt 0.476550 0.019432
vt 0.481776 0.019770
vt 0.483453 0.019365
vt 0.484890 0.019103
vt 0.487478 0.019095
vt 0.491639 0.019346
vt 0.463250 0.019061
vt 0.466298 0.019247
vt 0.466902 0.018889
vt 0.468396 0.018311
vt 0.488726 0.018811
vt 0.492984 0.019112
vt 0.500046 0.019196
vt 0.437563 0.017449
vt 0.438844 0.018444
vt 0.441107 0.018584
vt 0.447650 0.018832
vt 0.448077 0.018628
vt 0.450699 0.018884
vt 0.454466 0.018422
vt 0.462165 0.018746
vt 0.470310 0.017665
vt 0.478632 0.018949
vt 0.481479 0.018929
vt 0.481930 0.018671
vt 0.486340 0.018490
vt 0.498892 0.018079
vt 0.442311 0.018724
vt 0.444118 0.018737
vt 0.449569 0.018443
vt 0.456183 0.018632
vt 0.459653 0.018388
vt 0.460869 0.018278
vt 0.469253 0.018375
vt 0.473565 0.017082
vt 0.484054 0.018546
vt 0.485718 0.018484
vt 0.490655 0.018635
vt 0.493752 0.018505
vt 0.442661 0.018139
vt 0.447205 0.018184
vt 0.453117 0.018101
vt 0.458098 0.018558
vt 0.458913 0.018344
vt 0.463528 0.018546
vt 0.465468 0.018492
vt 0.466351 0.017972
vt 0.467546 0.018189
vt 0.477779 0.018198
vt 0.479696 0.018251
vt 0.480940 0.018069
vt 0.482389 0.018369
vt 0.489746 0.018392
vt 0.491927 0.018271
vt 0.495056 0.018372
vt 0.496422 0.017990
vt 0.440794 0.018013
vt 0.444057 0.018165
vt 0.446227 0.018025
vt 0.448358 0.017582
vt 0.451303 0.018145
vt 0.453815 0.017658
vt 0.475474 0.017839
vt 0.487483 0.018541
vt 0.488191 0.017939
vt 0.438353 0.017465
vt 0.438970 0.017476
vt 0.441712 0.017880
vt 0.449975 0.017789
vt 0.461929 0.017740
vt 0.462574 0.018013
vt 0.464103 0.017392
vt 0.472033 0.017054
vt 0.484358 0.018005
vt 0.485564 0.017703
vt 0.486853 0.017489
vt 0.500049 0.018004
vt 0.455548 0.017657
vt 0.457242 0.018025
vt 0.458141 0.017966
vt 0.462956 0.017377
vt 0.464946 0.017953
vt 0.468949 0.016640
vt 0.482816 0.017966
vt 0.486243 0.017437
vt 0.489300 0.017932
vt 0.490984 0.017121
vt 0.492283 0.016989
vt 0.439172 0.016894
vt 0.440833 0.016804
vt 0.443472 0.017266
vt 0.444619 0.017227
vt 0.445702 0.017117
vt 0.446978 0.017149
vt 0.451917 0.017332
vt 0.458783 0.017651
vt 0.461795 0.016978
vt 0.465383 0.017606
vt 0.466849 0.017289
vt 0.476629 0.017148
vt 0.483290 0.017618
vt 0.484709 0.016927
vt 0.493881 0.017455
vt 0.498429 0.016440
vt 0.450336 0.016763
vt 0.456553 0.017237
vt 0.457326 0.017338
vt 0.457888 0.017091
vt 0.459426 0.017521
vt 0.466355 0.016865
vt 0.467498 0.016886
vt 0.480257 0.016712
vt 0.481485 0.016866
vt 0.483835 0.017209
vt 0.487918 0.017130
vt 0.489077 0.017364
vt 0.495633 0.017134
vt 0.500051 0.017377
vt 0.442492 0.016735
vt 0.450969 0.016680
vt 0.453184 0.017138
vt 0.459327 0.016997
vt 0.460339 0.016804
vt 0.460846 0.016867
vt 0.464847 0.016486
vt 0.465308 0.016910
vt 0.467698 0.016160
vt 0.470552 0.016284
vt 0.478152 0.016404
vt 0.478657 0.017123
vt 0.482695 0.016921
vt 0.485155 0.016593
vt 0.489787 0.016823
vt 0.437564 0.015607
vt 0.444533 0.016638
vt 0.447109 0.016258
vt 0.454288 0.016354
vt 0.457690 0.016763
vt 0.458642 0.016997
vt 0.475595 0.015613
vt 0.494066 0.016285
vt 0.497295 0.015889
vt 0.439588 0.016420
vt 0.441770 0.015800
vt 0.443388 0.016444
vt 0.445719 0.015998
vt 0.449043 0.015818
vt 0.451625 0.016055
vt 0.452582 0.016147
vt 0.456111 0.015952
vt 0.458011 0.016598
vt 0.458177 0.016141
vt 0.463149 0.016606
vt 0.464529 0.016223
vt 0.474537 0.016079
vt 0.483253 0.016088
vt 0.485799 0.016058
vt 0.487067 0.016604
vt 0.488328 0.016168
vt 0.438516 0.015767
vt 0.444875 0.016151
vt 0.448304 0.016089
vt 0.455356 0.016491
vt 0.457336 0.016218
vt 0.460980 0.016192
vt 0.462555 0.015708
vt 0.463604 0.016160
vt 0.481180 0.015937
vt 0.484261 0.016124
vt 0.491195 0.016085
vt 0.492277 0.015883
vt 0.495331 0.015631
vt 0.496189 0.016114
vt 0.500047 0.016590
vt 0.439290 0.015332
vt 0.442263 0.016166
vt 0.450160 0.016134
vt 0.453158 0.015650
vt 0.459996 0.015758
vt 0.466094 0.015860
vt 0.467327 0.016094
vt 0.469131 0.015444
vt 0.471921 0.014619
vt 0.487301 0.015829
vt 0.442621 0.015761
vt 0.443054 0.015492
vt 0.444148 0.015712
vt 0.454262 0.015727
vt 0.457879 0.015305
vt 0.458688 0.015679
vt 0.461000 0.015075
vt 0.462082 0.015715
vt 0.462881 0.015231
vt 0.479606 0.015706
vt 0.489551 0.016001
vt 0.489909 0.015457
vt 0.498770 0.014662
vt 0.442059 0.015636
vt 0.446672 0.014930
vt 0.448731 0.015273
vt 0.450797 0.015366
vt 0.455030 0.014996
vt 0.457348 0.015479
vt 0.464232 0.015468
vt 0.466814 0.015341
vt 0.482136 0.015230
vt 0.484433 0.015457
vt 0.490605 0.015015
vt 0.492974 0.015135
vt 0.500052 0.015939
vt 0.440655 0.015456
vt 0.447843 0.015148
vt 0.467490 0.015115
vt 0.473509 0.013961
vt 0.477496 0.015069
vt 0.479662 0.014683
vt 0.486525 0.014960
vt 0.487992 0.015421
vt 0.488637 0.015299
vt 0.494631 0.014966
vt 0.497252 0.014696
vt 0.437566 0.014703
vt 0.442034 0.014951
vt 0.445070 0.014993
vt 0.447054 0.014121
vt 0.453171 0.014635
vt 0.454265 0.014912
vt 0.455898 0.014789
vt 0.459307 0.014869
vt 0.463533 0.014268
vt 0.465358 0.014669
vt 0.481182 0.014910
vt 0.483069 0.014588
vt 0.485455 0.015303
vt 0.489139 0.014988
vt 0.491310 0.014707
vt 0.493366 0.014631
vt 0.443282 0.014285
vt 0.444388 0.014487
vt 0.445745 0.014396
vt 0.448857 0.014256
vt 0.451873 0.014608
vt 0.456835 0.014583
vt 0.458136 0.014633
vt 0.460050 0.014530
vt 0.461557 0.014653
vt 0.462169 0.014404
vt 0.464424 0.014399
vt 0.468221 0.014188
vt 0.471252 0.013448
vt 0.487822 0.014452
vt 0.500047 0.015245
vt 0.438258 0.013801
vt 0.439504 0.014431
vt 0.441041 0.014417
vt 0.447987 0.014348
vt 0.449809 0.014395
vt 0.451069 0.013989
vt 0.457351 0.014389
vt 0.475706 0.013747
vt 0.477950 0.014070
vt 0.484582 0.014378
vt 0.485507 0.014421
vt 0.489901 0.014611
vt 0.494883 0.013413
vt 0.496647 0.013668
vt 0.442163 0.013928
vt 0.444941 0.013896
vt 0.452480 0.014046
vt 0.458351 0.014353
vt 0.460531 0.014021
vt 0.465722 0.014000
vt 0.486396 0.014013
vt 0.490919 0.014272
vt 0.499531 0.014005
vt 0.500056 0.014025
vt 0.438472 0.013306
vt 0.444368 0.013389
vt 0.453894 0.013565
vt 0.454603 0.013766
vt 0.455282 0.013300
vt 0.456220 0.013915
vt 0.466901 0.013715
vt 0.467511 0.013762
vt 0.468744 0.013789
vt 0.482028 0.013488
vt 0.483371 0.013428
vt 0.489998 0.014170
vt 0.491491 0.013625
vt 0.439256 0.013563
vt 0.441290 0.013662
vt 0.445701 0.013396
vt 0.449457 0.013534
vt 0.459520 0.013610
vt 0.462569 0.013087
vt 0.464781 0.013633
vt 0.480814 0.013914
vt 0.485324 0.013604
vt 0.493316 0.013415
vt 0.498086 0.013329
vt 0.437554 0.013075
vt 0.439751 0.012690
vt 0.446288 0.012821
vt 0.447232 0.013413
vt 0.448922 0.013129
vt 0.452012 0.013463
vt 0.457367 0.013498
vt 0.458523 0.012912
vt 0.461212 0.013447
vt 0.476662 0.012544
vt 0.480210 0.012224
vt 0.484599 0.013367
vt 0.488718 0.013255
vt 0.489695 0.013422
vt 0.490900 0.013519
vt 0.450194 0.013137
vt 0.457169 0.012857
vt 0.459849 0.012962
vt 0.486367 0.013364
vt 0.487581 0.012626
vt 0.492499 0.013280
vt 0.441729 0.012487
vt 0.442867 0.012475
vt 0.451015 0.012680
vt 0.452459 0.012332
vt 0.460955 0.012671
vt 0.463842 0.012943
vt 0.465360 0.012228
vt 0.466184 0.012961
vt 0.473055 0.012533
vt 0.475301 0.012250
vt 0.478883 0.012816
vt 0.496179 0.012747
vt 0.499228 0.012691
vt 0.500049 0.013198
vt 0.441033 0.011980
vt 0.444452 0.012183
vt 0.447879 0.012838
vt 0.453982 0.012104
vt 0.455638 0.012805
vt 0.461609 0.012992
vt 0.467470 0.012531
vt 0.468943 0.012387
vt 0.484343 0.012496
vt 0.491635 0.013015
vt 0.493103 0.012964
vt 0.497100 0.011998
vt 0.438112 0.012344
vt 0.439193 0.012768
vt 0.446451 0.011339
vt 0.449208 0.012336
vt 0.457885 0.012367
vt 0.461447 0.012317
vt 0.463206 0.012273
vt 0.464448 0.012151
vt 0.481137 0.012174
vt 0.482381 0.012258
vt 0.485018 0.012148
vt 0.486029 0.012448
vt 0.493495 0.012367
vt 0.498333 0.012191
vt 0.445038 0.012009
vt 0.449909 0.011816
vt 0.457084 0.012366
vt 0.460020 0.012119
vt 0.468163 0.011773
vt 0.488145 0.012078
vt 0.490204 0.012090
vt 0.495293 0.012033
vt 0.500032 0.012246
vt 0.437563 0.011712
vt 0.439238 0.011209
vt 0.447393 0.011708
vt 0.456439 0.012036
vt 0.463856 0.012150
vt 0.466824 0.011548
vt 0.483203 0.012000
vt 0.491613 0.011871
vt 0.494518 0.012014
vt 0.437779 0.011500
vt 0.439938 0.011550
vt 0.443594 0.011219
vt 0.445678 0.011382
vt 0.452836 0.011641
vt 0.455041 0.011611
vt 0.457395 0.011969
vt 0.458868 0.010654
vt 0.461753 0.011546
vt 0.470270 0.011477
vt 0.473724 0.011293
vt 0.478462 0.011268
vt 0.483837 0.011292
vt 0.486286 0.011618
vt 0.493352 0.011918
vt 0.496015 0.011742
vt 0.499278 0.011606
vt 0.442211 0.011374
vt 0.448423 0.011652
vt 0.449540 0.011018
vt 0.451276 0.011277
vt 0.460376 0.011167
vt 0.465421 0.011065
vt 0.471783 0.011046
vt 0.485259 0.010797
vt 0.489281 0.011333
vt 0.490551 0.011333
vt 0.496491 0.011227
vt 0.500048 0.011194
vt 0.438734 0.010814
vt 0.440319 0.010971
vt 0.456757 0.011306
vt 0.457244 0.010859
vt 0.458097 0.010626
vt 0.462914 0.010982
vt 0.463955 0.010731
vt 0.468937 0.010752
vt 0.476604 0.010635
vt 0.481088 0.010934
vt 0.482841 0.010832
vt 0.484539 0.010843
vt 0.488618 0.011388
vt 0.494359 0.010981
vt 0.497449 0.011019
vt 0.444673 0.010700
vt 0.450411 0.010612
vt 0.453723 0.010686
vt 0.455297 0.010702
vt 0.456185 0.010881
vt 0.461600 0.010369
vt 0.466094 0.010896
vt 0.470118 0.010157
vt 0.481459 0.010329
vt 0.486466 0.010905
vt 0.487509 0.010507
vt 0.492239 0.010585
vt 0.495263 0.010925
vt 0.437565 0.010654
vt 0.437829 0.011036
vt 0.439748 0.010485
vt 0.441095 0.010544
vt 0.446505 0.010273
vt 0.447433 0.010536
vt 0.452368 0.010769
vt 0.467357 0.010454
vt 0.475188 0.010361
vt 0.479910 0.010395
vt 0.489500 0.010600
vt 0.496964 0.010528
vt 0.498222 0.010498
vt 0.437848 0.010011
vt 0.438943 0.010141
vt 0.443950 0.010301
vt 0.445236 0.010061
vt 0.448216 0.009662
vt 0.448916 0.009460
vt 0.451904 0.009947
vt 0.455234 0.009490
vt 0.455738 0.010418
vt 0.456560 0.010304
vt 0.463200 0.010634
vt 0.464754 0.009978
vt 0.472625 0.010282
vt 0.478169 0.009918
vt 0.484126 0.010082
vt 0.490718 0.009944
vt 0.495714 0.010213
vt 0.498956 0.010120
vt 0.442100 0.009920
vt 0.442828 0.009897
vt 0.466571 0.009994
vt 0.467761 0.009945
vt 0.488812 0.009956
vt 0.489773 0.009699
vt 0.440509 0.010072
vt 0.449739 0.009434
vt 0.456227 0.010165
vt 0.460540 0.010123
vt 0.483582 0.009146
vt 0.496495 0.010022
vt 0.497548 0.010116
vt 0.500046 0.009951
vt 0.437567 0.009979
vt 0.438634 0.009651
vt 0.439700 0.009656
vt 0.440736 0.009744
vt 0.444030 0.009578
vt 0.446911 0.009742
vt 0.453282 0.009443
vt 0.455585 0.009737
vt 0.463040 0.009658
vt 0.465497 0.009746
vt 0.469218 0.009289
vt 0.471655 0.009033
vt 0.473628 0.009415
vt 0.476036 0.009491
vt 0.480599 0.009376
vt 0.485184 0.009677
vt 0.493234 0.009457
vt 0.494807 0.009443
vt 0.441124 0.009344
vt 0.450927 0.009541
vt 0.455937 0.009571
vt 0.457096 0.009701
vt 0.457882 0.009105
vt 0.460004 0.009186
vt 0.461363 0.009396
vt 0.463879 0.009567
vt 0.470425 0.009262
vt 0.477098 0.009218
vt 0.479407 0.009409
vt 0.482456 0.009393
vt 0.498074 0.009569
vt 0.499499 0.009328
vt 0.440228 0.009214
vt 0.441995 0.009160
vt 0.443120 0.008917
vt 0.445662 0.008881
vt 0.458791 0.008785
vt 0.464499 0.008968
vt 0.468069 0.008603
vt 0.474196 0.008209
vt 0.478106 0.009038
vt 0.487779 0.008936
vt 0.497390 0.009042
vt 0.498598 0.009229
vt 0.437559 0.009044
vt 0.438191 0.008851
vt 0.444227 0.008368
vt 0.450471 0.008805
vt 0.452233 0.008807
vt 0.465576 0.009106
vt 0.466404 0.008537
vt 0.467271 0.008966
vt 0.482911 0.008330
vt 0.486232 0.009010
vt 0.489880 0.008620
vt 0.491366 0.008507
vt 0.496125 0.009191
vt 0.496945 0.009017
vt 0.438941 0.008752
vt 0.439876 0.008728
vt 0.446222 0.008185
vt 0.448024 0.008119
vt 0.448652 0.008487
vt 0.455194 0.008921
vt 0.455876 0.008365
vt 0.480852 0.008638
vt 0.481934 0.008374
vt 0.484711 0.008251
vt 0.486768 0.008539
vt 0.498293 0.008791
vt 0.498985 0.008717
vt 0.440157 0.008258
vt 0.441384 0.008650
vt 0.441954 0.008141
vt 0.451340 0.007786
vt 0.453056 0.008767
vt 0.457878 0.008472
vt 0.461088 0.008448
vt 0.462849 0.008467
vt 0.472016 0.007740
vt 0.479324 0.008473
vt 0.488134 0.008165
vt 0.493292 0.008240
vt 0.495269 0.007860
vt 0.499641 0.008187
vt 0.500046 0.008334
vt 0.442584 0.008175
vt 0.449405 0.007358
vt 0.456923 0.008068
vt 0.461475 0.007322
vt 0.463441 0.007812
vt 0.470585 0.007887
vt 0.475096 0.008098
vt 0.476833 0.008497
vt 0.494380 0.007447
vt 0.497145 0.007934
vt 0.437560 0.007843
vt 0.439189 0.007929
vt 0.443068 0.008002
vt 0.444216 0.007613
vt 0.452232 0.007115
vt 0.454527 0.008193
vt 0.458775 0.007551
vt 0.459615 0.007672
vt 0.460219 0.007749
vt 0.463861 0.007003
vt 0.465608 0.007643
vt 0.467336 0.007778
vt 0.469175 0.007987
vt 0.479753 0.007991
vt 0.484945 0.007378
vt 0.489803 0.007553
vt 0.498207 0.008148
vt 0.440732 0.007882
vt 0.441266 0.007927
vt 0.445696 0.007307
vt 0.446784 0.007723
vt 0.456068 0.007553
vt 0.472524 0.006657
vt 0.474470 0.007508
vt 0.476096 0.007593
vt 0.477195 0.007611
vt 0.478177 0.007492
vt 0.486853 0.007816
vt 0.488730 0.007530
vt 0.498456 0.007603
vt 0.500077 0.007919
vt 0.439130 0.007453
vt 0.441853 0.007388
vt 0.453724 0.007385
vt 0.454660 0.007553
vt 0.462551 0.006785
vt 0.466362 0.006684
vt 0.468401 0.007545
vt 0.478611 0.006811
vt 0.480734 0.007494
vt 0.491131 0.007276
vt 0.437561 0.006985
vt 0.439860 0.007312
vt 0.447531 0.006523
vt 0.457084 0.006999
vt 0.464555 0.007063
vt 0.469402 0.006823
vt 0.480095 0.007066
vt 0.482206 0.007611
vt 0.483692 0.007225
vt 0.485100 0.006534
vt 0.495815 0.006682
vt 0.441012 0.006785
vt 0.442306 0.006911
vt 0.443512 0.006628
vt 0.450310 0.006725
vt 0.454192 0.006849
vt 0.458480 0.006585
vt 0.467268 0.006565
vt 0.470789 0.006656
vt 0.475297 0.006727
vt 0.481987 0.006978
vt 0.486628 0.006415
vt 0.492507 0.006628
vt 0.494684 0.006642
vt 0.500037 0.007318
vt 0.438710 0.006746
vt 0.446456 0.006233
vt 0.448841 0.006479
vt 0.451276 0.006004
vt 0.453259 0.006582
vt 0.455941 0.006841
vt 0.459436 0.006662
vt 0.460626 0.006498
vt 0.463197 0.006262
vt 0.468082 0.006271
vt 0.474095 0.006213
vt 0.476169 0.005972
vt 0.476958 0.006680
vt 0.482850 0.006494
vt 0.484137 0.005777
vt 0.491322 0.006711
vt 0.496765 0.006634
vt 0.497674 0.006546
vt 0.498318 0.005899
vt 0.498823 0.006396
vt 0.439598 0.006120
vt 0.457013 0.006325
vt 0.461825 0.006448
vt 0.465243 0.006362
vt 0.477069 0.005944
vt 0.479044 0.006473
vt 0.488854 0.006418
vt 0.438978 0.006259
vt 0.440404 0.006276
vt 0.444662 0.005734
vt 0.453860 0.006265
vt 0.454359 0.006253
vt 0.455100 0.005891
vt 0.470899 0.004294
vt 0.472914 0.006172
vt 0.477985 0.006035
vt 0.480859 0.005784
vt 0.497027 0.005978
vt 0.437570 0.006130
vt 0.441191 0.005949
vt 0.443343 0.006115
vt 0.450286 0.005137
vt 0.457781 0.005890
vt 0.460141 0.006042
vt 0.479602 0.005894
vt 0.481805 0.005230
vt 0.493118 0.005736
vt 0.500048 0.006326
vt 0.440005 0.005565
vt 0.442334 0.005227
vt 0.452864 0.005124
vt 0.462014 0.005499
vt 0.463886 0.005750
vt 0.465728 0.005718
vt 0.469281 0.005941
vt 0.475150 0.005447
vt 0.486456 0.005712
vt 0.487990 0.005605
vt 0.489086 0.005048
vt 0.491794 0.005465
vt 0.494716 0.005801
vt 0.495901 0.005807
vt 0.438374 0.005127
vt 0.439237 0.005575
vt 0.446866 0.005079
vt 0.448329 0.005014
vt 0.453997 0.005279
vt 0.460928 0.004987
vt 0.464411 0.005384
vt 0.474019 0.005385
vt 0.476192 0.005142
vt 0.480286 0.005172
vt 0.482929 0.004985
vt 0.490515 0.005094
vt 0.495981 0.005123
vt 0.440329 0.005303
vt 0.441241 0.005214
vt 0.445917 0.005229
vt 0.456415 0.005096
vt 0.457675 0.004832
vt 0.458398 0.004793
vt 0.460029 0.004793
vt 0.463085 0.005270
vt 0.466673 0.004929
vt 0.467933 0.005061
vt 0.470266 0.004532
vt 0.473055 0.004859
vt 0.477150 0.005117
vt 0.478231 0.004557
vt 0.494506 0.005214
vt 0.497884 0.004662
vt 0.500047 0.005441
vt 0.439886 0.005033
vt 0.443472 0.004768
vt 0.445040 0.004816
vt 0.449306 0.005002
vt 0.455233 0.004802
vt 0.459229 0.004923
vt 0.461946 0.004906
vt 0.469318 0.004707
vt 0.471777 0.004185
vt 0.480822 0.004537
vt 0.484700 0.004523
vt 0.486298 0.004582
vt 0.493499 0.004863
vt 0.437558 0.005048
vt 0.438634 0.004921
vt 0.439385 0.004178
vt 0.441897 0.004608
vt 0.444262 0.004747
vt 0.445402 0.004395
vt 0.452725 0.004337
vt 0.456964 0.004197
vt 0.466020 0.004044
vt 0.467428 0.004473
vt 0.477511 0.004321
vt 0.487460 0.004885
vt 0.492609 0.004779
vt 0.499036 0.004395
vt 0.500049 0.004734
vt 0.437569 0.004514
vt 0.438214 0.004464
vt 0.440188 0.004595
vt 0.440956 0.004333
vt 0.451589 0.003912
vt 0.453999 0.004510
vt 0.464653 0.003854
vt 0.475101 0.003854
vt 0.479546 0.004654
vt 0.483278 0.004100
vt 0.493882 0.004381
vt 0.442145 0.004378
vt 0.446424 0.003972
vt 0.447833 0.003994
vt 0.450017 0.004069
vt 0.454609 0.004322
vt 0.461746 0.004255
vt 0.463740 0.004105
vt 0.474010 0.004221
vt 0.475946 0.004320
vt 0.479548 0.003886
vt 0.481963 0.004385
vt 0.490375 0.003993
vt 0.495095 0.004400
vt 0.438843 0.004086
vt 0.439973 0.003697
vt 0.443310 0.004183
vt 0.444067 0.003991
vt 0.444581 0.004020
vt 0.448973 0.003710
vt 0.456234 0.003747
vt 0.460006 0.004072
vt 0.460603 0.003291
vt 0.462389 0.003824
vt 0.468074 0.003853
vt 0.472798 0.003575
vt 0.478905 0.004182
vt 0.486841 0.003620
vt 0.488474 0.003859
vt 0.491422 0.003816
vt 0.495813 0.004018
vt 0.497414 0.003756
vt 0.437548 0.003490
vt 0.441163 0.003904
vt 0.441383 0.003632
vt 0.442199 0.003766
vt 0.445201 0.003924
vt 0.447129 0.003631
vt 0.458287 0.003502
vt 0.465546 0.003209
vt 0.482167 0.003417
vt 0.493162 0.003513
vt 0.494331 0.003845
vt 0.438833 0.003334
vt 0.446085 0.003404
vt 0.452099 0.002738
vt 0.454139 0.003582
vt 0.455055 0.003361
vt 0.457141 0.003198
vt 0.463428 0.003500
vt 0.467071 0.003277
vt 0.469163 0.003104
vt 0.477923 0.003155
vt 0.478824 0.002912
vt 0.484487 0.003339
vt 0.485918 0.003175
vt 0.490643 0.002888
vt 0.491936 0.003120
vt 0.495132 0.003158
vt 0.498694 0.003266
vt 0.440233 0.003405
vt 0.442754 0.003419
vt 0.444177 0.003044
vt 0.448376 0.003247
vt 0.449606 0.002687
vt 0.453716 0.003147
vt 0.459140 0.002788
vt 0.461902 0.003204
vt 0.464989 0.002922
vt 0.466062 0.002715
vt 0.470114 0.003066
vt 0.470991 0.003100
vt 0.471903 0.002652
vt 0.473900 0.003119
vt 0.489478 0.002341
vt 0.500047 0.002938
vt 0.439215 0.002779
vt 0.443302 0.002854
vt 0.446995 0.003124
vt 0.450454 0.002612
vt 0.463003 0.003048
vt 0.468237 0.002415
vt 0.475923 0.002824
vt 0.480258 0.002917
vt 0.483606 0.002887
vt 0.487806 0.001950
vt 0.496608 0.002897
vt 0.437537 0.003139
vt 0.440654 0.002972
vt 0.442168 0.002661
vt 0.442649 0.002595
vt 0.445050 0.002601
vt 0.447563 0.002823
vt 0.448959 0.002857
vt 0.455804 0.002268
vt 0.457832 0.002685
vt 0.463921 0.002397
vt 0.474591 0.002402
vt 0.476765 0.002076
vt 0.481650 0.002599
vt 0.492490 0.002856
vt 0.493350 0.002695
vt 0.497240 0.002697
vt 0.498675 0.002652
vt 0.437562 0.002716
vt 0.439773 0.002237
vt 0.446035 0.002754
vt 0.446585 0.002049
vt 0.456811 0.002023
vt 0.463186 0.002129
vt 0.466397 0.002244
vt 0.468967 0.002220
vt 0.441321 0.001948
vt 0.445460 0.001732
vt 0.448001 0.002063
vt 0.453822 0.002394
vt 0.470567 0.001673
vt 0.477806 0.001714
vt 0.479934 0.002083
vt 0.483452 0.001942
vt 0.484753 0.002171
vt 0.486409 0.001867
vt 0.495746 0.002356
vt 0.438660 0.001781
vt 0.441602 0.001944
vt 0.444227 0.001873
vt 0.449792 0.001899
vt 0.451013 0.001403
vt 0.452709 0.001617
vt 0.454621 0.002194
vt 0.458950 0.001441
vt 0.460917 0.002015
vt 0.462035 0.002159
vt 0.464441 0.001615
vt 0.465369 0.001996
vt 0.467184 0.001926
vt 0.472252 0.001212
vt 0.473375 0.001598
vt 0.474258 0.001220
vt 0.479485 0.000941
vt 0.481860 0.001756
vt 0.490351 0.001537
vt 0.491317 0.001593
vt 0.492278 0.001861
vt 0.493499 0.001248
vt 0.498588 0.001565
vt 0.500045 0.001807
vt 0.438315 0.000948
vt 0.443355 0.001697
vt 0.458332 0.001314
vt 0.462106 0.001415
vt 0.469408 0.000998
vt 0.476091 0.001638
vt 0.480432 0.001546
vt 0.496603 0.001995
vt 0.497289 0.001550
vt 0.437566 0.001275
vt 0.446402 0.000907
vt 0.448023 0.001133
vt 0.448350 0.001587
vt 0.450207 0.001245
vt 0.451820 0.001397
vt 0.453825 0.001394
vt 0.455157 0.001318
vt 0.465951 0.001432
vt 0.468478 0.001104
vt 0.471423 0.001087
vt 0.474633 0.001540
vt 0.494429 0.001166
vt 0.496172 0.001013
vt 0.439399 0.000476
vt 0.442987 0.001052
vt 0.443880 0.001210
vt 0.449406 0.001226
vt 0.451187 0.000373
vt 0.455848 0.001302
vt 0.457057 0.001078
vt 0.460540 0.001258
vt 0.463164 0.001414
vt 0.464200 0.000911
vt 0.465076 0.001438
vt 0.467533 0.001093
vt 0.483336 0.001356
vt 0.485128 0.001255
vt 0.489015 0.000821
vt 0.499027 0.001056
vt 0.440964 0.000901
vt 0.441660 0.001107
vt 0.445908 0.000961
vt 0.448654 0.000600
vt 0.466146 0.000649
vt 0.466982 0.001239
vt 0.481030 0.000805
vt 0.487461 0.000520
vt 0.491514 0.000852
vt 0.492659 0.000418
vt 0.497181 0.001121
vt 0.438207 0.000552
vt 0.443514 0.000534
vt 0.452387 0.000401
vt 0.453261 0.000610
vt 0.454001 0.000731
vt 0.462168 0.000054
vt 0.470695 0.000050
vt 0.472344 0.000051
vt 0.473643 0.000715
vt 0.476240 0.000051
vt 0.483916 0.000483
vt 0.498363 0.000619
vt 0.500042 0.000428
vt 0.439626 0.000367
vt 0.442573 0.000624
vt 0.444815 0.000730
vt 0.445004 0.000437
vt 0.447782 0.000523
vt 0.450019 0.000314
vt 0.454926 0.000472
vt 0.457902 0.000428
vt 0.460029 0.000054
vt 0.461042 0.000058
vt 0.463269 0.000053
vt 0.465226 0.000051
vt 0.467386 0.000051
vt 0.471446 0.000051
vt 0.475487 0.000050
vt 0.478002 0.000050
vt 0.482621 0.000053
vt 0.490225 0.000055
vt 0.493572 0.000052
vt 0.437558 0.000326
vt 0.440905 0.000298
vt 0.444199 0.000514
vt 0.445556 0.000308
vt 0.446767 0.000057
vt 0.447884 0.000046
vt 0.453752 0.000266
vt 0.456223 0.000057
vt 0.457351 0.000049
vt 0.464423 0.000051
vt 0.468258 0.000050
vt 0.469672 0.000052
vt 0.479651 0.000048
vt 0.481544 0.000051
vt 0.485074 0.000053
vt 0.488354 0.000051
vt 0.491555 0.000057
vt 0.494942 0.000051
vt 0.497423 0.000052
vt 0.498627 0.000051
vt 0.438356 0.000048
vt 0.442825 0.000276
vt 0.458403 0.000053
vt 0.473256 0.000049
vt 0.486325 0.000051
vt 0.437566 0.000033
vt 0.441931 0.000050
vt 0.443613 0.000043
vt 0.444688 0.000052
vt 0.445508 0.000052
vt 0.449651 0.000050
vt 0.450309 0.000049
vt 0.450927 0.000050
vt 0.452805 0.000049
vt 0.453719 0.000050
vt 0.454856 0.000049
vt 0.500046 0.000049
s 0
usemtl Material
f 201/1/1 118/2/1 1/3/1
f 203/4/2 120/5/2 118/2/2
f 205/6/3 125/7/3 122/8/3
f 205/6/4 206/9/4 125/7/4
f 206/9/5 207/10/5 125/7/5
f 207/10/6 128/11/6 125/7/6
f 208/12/7 130/13/7 128/11/7
f 209/14/8 133/15/8 130/13/8
f 212/16/9 158/17/9 156/18/9
f 249/19/10 161/20/10 158/17/10
f 213/21/11 162/22/11 161/20/11
f 215/23/12 169/24/12 167/25/12
f 215/23/13 216/26/13 169/24/13
f 216/26/14 170/27/14 169/24/14
f 174/28/15 218/29/15 175/30/15
f 220/31/16 182/32/16 180/33/16
f 221/34/17 183/35/17 182/32/17
f 240/36/18 189/37/18 187/38/18
f 223/39/19 192/40/19 191/41/19
f 223/39/20 224/42/20 192/40/20
f 224/42/21 194/43/21 192/40/21
f 194/43/22 225/44/22 196/45/22
f 227/46/23 2/47/23 199/48/23
f 3/49/24 201/1/24 1/3/24
f 201/1/25 202/50/25 118/2/25
f 203/4/26 204/51/26 120/5/26
f 207/10/27 208/12/27 128/11/27
f 246/52/28 130/13/28 208/12/28
f 246/52/29 228/53/29 130/13/29
f 228/53/30 209/14/30 130/13/30
f 229/54/31 133/15/31 209/14/31
f 230/55/32 135/56/32 133/15/32
f 230/55/33 210/57/33 135/56/33
f 138/58/34 211/59/34 140/60/34
f 140/60/35 211/59/35 142/61/35
f 231/62/36 148/63/36 146/64/36
f 233/65/37 156/18/37 154/66/37
f 234/67/38 213/21/38 161/20/38
f 214/68/39 250/69/39 166/70/39
f 250/69/40 167/25/40 166/70/40
f 216/26/41 235/71/41 170/27/41
f 235/71/42 171/72/42 170/27/42
f 217/73/43 173/74/43 172/75/43
f 217/73/44 236/76/44 173/74/44
f 236/76/45 174/28/45 173/74/45
f 175/30/46 237/77/46 178/78/46
f 237/77/47 219/79/47 178/78/47
f 238/80/48 180/33/48 178/78/48
f 186/81/49 240/36/49 187/38/49
f 240/36/50 241/82/50 189/37/50
f 241/82/51 191/41/51 189/37/51
f 241/82/52 223/39/52 191/41/52
f 242/83/53 197/84/53 196/45/53
f 243/85/54 199/48/54 197/84/54
f 226/86/55 227/46/55 199/48/55
f 202/50/56 203/4/56 118/2/56
f 245/87/57 122/8/57 120/5/57
f 245/87/58 205/6/58 122/8/58
f 207/10/59 246/52/59 208/12/59
f 229/54/60 230/55/60 133/15/60
f 210/57/61 247/88/61 135/56/61
f 247/88/62 138/58/62 135/56/62
f 148/63/63 248/89/63 149/90/63
f 248/89/64 232/91/64 149/90/64
f 232/91/65 152/92/65 149/90/65
f 232/91/66 154/66/66 152/92/66
f 233/65/67 212/16/67 156/18/67
f 213/21/68 214/68/68 162/22/68
f 213/21/69 250/69/69 214/68/69
f 215/23/70 167/25/70 250/69/70
f 235/71/71 251/93/71 171/72/71
f 171/72/72 217/73/72 172/75/72
f 219/79/73 238/80/73 178/78/73
f 238/80/74 220/31/74 180/33/74
f 252/94/75 182/32/75 220/31/75
f 252/94/76 221/34/76 182/32/76
f 222/95/77 183/35/77 221/34/77
f 239/96/78 240/36/78 186/81/78
f 254/97/79 241/82/79 240/36/79
f 256/98/80 194/43/80 224/42/80
f 257/99/81 196/45/81 225/44/81
f 257/99/82 242/83/82 196/45/82
f 242/83/83 243/85/83 197/84/83
f 243/85/84 244/100/84 199/48/84
f 227/46/85 4/101/85 2/47/85
f 201/1/86 258/102/86 202/50/86
f 259/103/87 203/4/87 202/50/87
f 204/51/88 245/87/88 120/5/88
f 260/104/89 206/9/89 205/6/89
f 246/52/90 207/10/90 206/9/90
f 261/105/91 209/14/91 228/53/91
f 262/106/92 230/55/92 229/54/92
f 247/88/93 263/107/93 138/58/93
f 263/107/94 211/59/94 138/58/94
f 211/59/95 144/108/95 142/61/95
f 231/62/96 146/64/96 144/108/96
f 231/62/97 264/109/97 148/63/97
f 264/109/98 248/89/98 148/63/98
f 249/19/99 234/67/99 161/20/99
f 251/93/100 217/73/100 171/72/100
f 222/95/101 186/81/101 183/35/101
f 222/95/102 239/96/102 186/81/102
f 239/96/103 266/110/103 240/36/103
f 253/111/104 254/97/104 240/36/104
f 267/112/105 241/82/105 254/97/105
f 267/112/106 255/113/106 241/82/106
f 255/113/107 223/39/107 241/82/107
f 255/113/108 224/42/108 223/39/108
f 256/98/109 257/99/109 194/43/109
f 257/99/110 225/44/110 194/43/110
f 244/100/111 226/86/111 199/48/111
f 3/49/112 6/114/112 201/1/112
f 258/102/113 259/103/113 202/50/113
f 290/115/114 203/4/114 259/103/114
f 290/115/115 204/51/115 203/4/115
f 268/116/116 245/87/116 204/51/116
f 269/117/117 205/6/117 245/87/117
f 270/118/118 246/52/118 206/9/118
f 261/105/119 229/54/119 209/14/119
f 211/59/120 271/119/120 144/108/120
f 271/119/121 231/62/121 144/108/121
f 248/89/122 272/120/122 232/91/122
f 232/91/123 273/121/123 154/66/123
f 273/121/124 233/65/124 154/66/124
f 216/26/125 274/122/125 235/71/125
f 274/122/126 251/93/126 235/71/126
f 275/123/127 236/76/127 217/73/127
f 236/76/128 218/29/128 174/28/128
f 218/29/129 237/77/129 175/30/129
f 237/77/130 265/124/130 219/79/130
f 221/34/131 277/125/131 222/95/131
f 266/110/132 253/111/132 240/36/132
f 253/111/133 267/112/133 254/97/133
f 278/126/134 256/98/134 224/42/134
f 244/100/135 227/46/135 226/86/135
f 258/102/136 290/115/136 259/103/136
f 269/117/137 260/104/137 205/6/137
f 279/127/138 206/9/138 260/104/138
f 279/127/139 270/118/139 206/9/139
f 280/128/140 228/53/140 246/52/140
f 281/129/141 247/88/141 210/57/141
f 272/120/142 273/121/142 232/91/142
f 273/121/143 307/130/143 233/65/143
f 215/23/144 283/131/144 216/26/144
f 283/131/145 274/122/145 216/26/145
f 251/93/146 275/123/146 217/73/146
f 275/123/147 276/132/147 236/76/147
f 265/124/148 238/80/148 219/79/148
f 252/94/149 277/125/149 221/34/149
f 284/133/150 239/96/150 222/95/150
f 267/112/151 278/126/151 255/113/151
f 278/126/152 224/42/152 255/113/152
f 278/126/153 286/134/153 256/98/153
f 286/134/154 257/99/154 256/98/154
f 257/99/155 287/135/155 242/83/155
f 287/135/156 243/85/156 242/83/156
f 288/136/157 4/101/157 227/46/157
f 288/136/158 5/137/158 4/101/158
f 289/138/159 201/1/159 6/114/159
f 289/138/160 258/102/160 201/1/160
f 289/138/161 290/115/161 258/102/161
f 291/139/162 268/116/162 204/51/162
f 245/87/163 292/140/163 269/117/163
f 269/117/164 293/141/164 260/104/164
f 270/118/165 280/128/165 246/52/165
f 294/142/166 261/105/166 228/53/166
f 261/105/167 262/106/167 229/54/167
f 262/106/168 281/129/168 230/55/168
f 281/129/169 210/57/169 230/55/169
f 263/107/170 295/143/170 211/59/170
f 264/109/171 272/120/171 248/89/171
f 296/144/172 212/16/172 233/65/172
f 158/17/173 297/145/173 249/19/173
f 249/19/174 282/146/174 234/67/174
f 282/146/175 213/21/175 234/67/175
f 298/147/176 213/21/176 282/146/176
f 298/147/177 250/69/177 213/21/177
f 250/69/178 283/131/178 215/23/178
f 300/148/179 218/29/179 236/76/179
f 301/149/180 265/124/180 237/77/180
f 302/150/181 252/94/181 220/31/181
f 284/133/182 266/110/182 239/96/182
f 285/151/183 278/126/183 267/112/183
f 303/152/184 287/135/184 257/99/184
f 243/85/185 287/135/185 244/100/185
f 288/136/186 7/153/186 5/137/186
f 304/154/187 204/51/187 290/115/187
f 291/139/188 204/51/188 304/154/188
f 291/139/189 292/140/189 268/116/189
f 292/140/190 245/87/190 268/116/190
f 293/141/191 279/127/191 260/104/191
f 327/155/192 295/143/192 263/107/192
f 295/143/193 271/119/193 211/59/193
f 271/119/194 305/156/194 231/62/194
f 305/156/195 264/109/195 231/62/195
f 306/157/196 272/120/196 264/109/196
f 308/158/197 233/65/197 307/130/197
f 308/158/198 296/144/198 233/65/198
f 212/16/199 309/159/199 158/17/199
f 309/159/200 297/145/200 158/17/200
f 297/145/201 310/160/201 249/19/201
f 310/160/202 282/146/202 249/19/202
f 299/161/203 311/162/203 251/93/203
f 311/162/204 275/123/204 251/93/204
f 276/132/205 300/148/205 236/76/205
f 265/124/206 302/150/206 220/31/206
f 277/125/207 284/133/207 222/95/207
f 266/110/208 312/163/208 253/111/208
f 312/163/209 285/151/209 253/111/209
f 285/151/210 267/112/210 253/111/210
f 285/151/211 313/164/211 278/126/211
f 320/165/212 286/134/212 278/126/212
f 286/134/213 303/152/213 257/99/213
f 288/136/214 227/46/214 244/100/214
f 292/140/215 314/166/215 269/117/215
f 315/167/216 280/128/216 270/118/216
f 280/128/217 294/142/217 228/53/217
f 316/168/218 262/106/218 261/105/218
f 327/155/219 263/107/219 247/88/219
f 317/169/220 305/156/220 271/119/220
f 272/120/221 306/157/221 273/121/221
f 296/144/222 309/159/222 212/16/222
f 298/147/223 283/131/223 250/69/223
f 274/122/224 299/161/224 251/93/224
f 300/148/225 301/149/225 218/29/225
f 301/149/226 237/77/226 218/29/226
f 301/149/227 319/170/227 265/124/227
f 265/124/228 220/31/228 238/80/228
f 313/164/229 320/165/229 278/126/229
f 321/171/230 303/152/230 286/134/230
f 303/152/231 322/172/231 287/135/231
f 288/136/232 244/100/232 287/135/232
f 279/127/233 315/167/233 270/118/233
f 324/173/234 294/142/234 280/128/234
f 294/142/235 325/174/235 261/105/235
f 262/106/236 326/175/236 281/129/236
f 281/129/237 327/155/237 247/88/237
f 328/176/238 295/143/238 327/155/238
f 329/177/239 271/119/239 295/143/239
f 329/177/240 317/169/240 271/119/240
f 305/156/241 330/178/241 264/109/241
f 331/179/242 306/157/242 264/109/242
f 306/157/243 307/130/243 273/121/243
f 332/180/244 298/147/244 282/146/244
f 274/122/245 318/181/245 299/161/245
f 318/181/246 311/162/246 299/161/246
f 318/181/247 275/123/247 311/162/247
f 334/182/248 276/132/248 275/123/248
f 334/182/249 335/183/249 276/132/249
f 336/184/250 337/185/250 265/124/250
f 337/185/251 302/150/251 265/124/251
f 302/150/252 337/185/252 252/94/252
f 339/186/253 266/110/253 284/133/253
f 339/186/254 312/163/254 266/110/254
f 312/163/255 340/187/255 285/151/255
f 320/165/256 321/171/256 286/134/256
f 8/188/257 289/138/257 6/114/257
f 341/189/258 314/166/258 292/140/258
f 314/166/259 293/141/259 269/117/259
f 354/190/260 315/167/260 279/127/260
f 315/167/261 342/191/261 280/128/261
f 343/192/262 325/174/262 294/142/262
f 325/174/263 316/168/263 261/105/263
f 344/193/264 295/143/264 328/176/264
f 331/179/265 264/109/265 330/178/265
f 310/160/266 297/145/266 309/159/266
f 345/194/267 282/146/267 310/160/267
f 332/180/268 333/195/268 298/147/268
f 369/196/269 283/131/269 298/147/269
f 346/197/270 274/122/270 283/131/270
f 335/183/271 347/198/271 276/132/271
f 347/198/272 300/148/272 276/132/272
f 336/184/273 265/124/273 319/170/273
f 277/125/274 252/94/274 337/185/274
f 338/199/275 284/133/275 277/125/275
f 338/199/276 348/200/276 284/133/276
f 348/200/277 339/186/277 284/133/277
f 340/187/278 313/164/278 285/151/278
f 349/201/279 320/165/279 313/164/279
f 350/202/280 322/172/280 303/152/280
f 322/172/281 288/136/281 287/135/281
f 351/203/282 7/153/282 288/136/282
f 8/188/283 352/204/283 289/138/283
f 323/205/284 290/115/284 289/138/284
f 304/154/285 353/206/285 291/139/285
f 353/206/286 292/140/286 291/139/286
f 314/166/287 354/190/287 293/141/287
f 354/190/288 279/127/288 293/141/288
f 354/190/289 342/191/289 315/167/289
f 342/191/290 324/173/290 280/128/290
f 342/191/291 294/142/291 324/173/291
f 342/191/292 343/192/292 294/142/292
f 355/207/293 262/106/293 316/168/293
f 355/207/294 326/175/294 262/106/294
f 326/175/295 327/155/295 281/129/295
f 356/208/296 328/176/296 327/155/296
f 383/209/297 329/177/297 295/143/297
f 317/169/298 330/178/298 305/156/298
f 306/157/299 357/210/299 307/130/299
f 357/210/300 308/158/300 307/130/300
f 296/144/301 359/211/301 309/159/301
f 360/212/302 310/160/302 309/159/302
f 345/194/303 332/180/303 282/146/303
f 369/196/304 346/197/304 283/131/304
f 361/213/305 334/182/305 318/181/305
f 334/182/306 275/123/306 318/181/306
f 337/185/307 362/214/307 277/125/307
f 348/200/308 312/163/308 339/186/308
f 340/187/309 349/201/309 313/164/309
f 363/215/310 321/171/310 320/165/310
f 321/171/311 350/202/311 303/152/311
f 322/172/312 364/216/312 288/136/312
f 364/216/313 351/203/313 288/136/313
f 365/217/314 304/154/314 290/115/314
f 365/217/315 353/206/315 304/154/315
f 353/206/316 341/189/316 292/140/316
f 375/218/317 325/174/317 343/192/317
f 344/193/318 383/209/318 295/143/318
f 366/219/319 317/169/319 329/177/319
f 367/220/320 330/178/320 317/169/320
f 368/221/321 331/179/321 330/178/321
f 308/158/322 358/222/322 296/144/322
f 359/211/323 360/212/323 309/159/323
f 369/196/324 298/147/324 333/195/324
f 361/213/325 370/223/325 334/182/325
f 335/183/326 371/224/326 347/198/326
f 372/225/327 364/216/327 322/172/327
f 351/203/328 373/226/328 7/153/328
f 352/204/329 323/205/329 289/138/329
f 365/217/330 290/115/330 323/205/330
f 365/217/331 374/227/331 353/206/331
f 375/218/332 343/192/332 342/191/332
f 325/174/333 355/207/333 316/168/333
f 376/228/334 327/155/334 326/175/334
f 376/228/335 356/208/335 327/155/335
f 383/209/336 366/219/336 329/177/336
f 377/229/337 306/157/337 331/179/337
f 358/222/338 308/158/338 357/210/338
f 358/222/339 359/211/339 296/144/339
f 360/212/340 345/194/340 310/160/340
f 378/230/341 274/122/341 346/197/341
f 378/230/342 318/181/342 274/122/342
f 370/223/343 335/183/343 334/182/343
f 388/231/344 301/149/344 300/148/344
f 388/231/345 319/170/345 301/149/345
f 348/200/346 393/232/346 312/163/346
f 312/163/347 379/233/347 340/187/347
f 379/233/348 349/201/348 340/187/348
f 363/215/349 380/234/349 321/171/349
f 380/234/350 350/202/350 321/171/350
f 373/226/351 9/235/351 7/153/351
f 374/227/352 341/189/352 353/206/352
f 374/227/353 314/166/353 341/189/353
f 354/190/354 381/236/354 342/191/354
f 355/207/355 382/237/355 326/175/355
f 356/208/356 383/209/356 328/176/356
f 383/209/357 344/193/357 328/176/357
f 367/220/358 368/221/358 330/178/358
f 368/221/359 377/229/359 331/179/359
f 377/229/360 384/238/360 306/157/360
f 384/238/361 357/210/361 306/157/361
f 384/238/362 385/239/362 357/210/362
f 385/239/363 358/222/363 357/210/363
f 386/240/364 360/212/364 359/211/364
f 387/241/365 345/194/365 360/212/365
f 345/194/366 333/195/366 332/180/366
f 371/224/367 388/231/367 347/198/367
f 336/184/368 389/242/368 337/185/368
f 390/243/369 362/214/369 337/185/369
f 362/214/370 391/244/370 277/125/370
f 391/244/371 338/199/371 277/125/371
f 392/245/372 348/200/372 338/199/372
f 393/232/373 379/233/373 312/163/373
f 379/233/374 394/246/374 349/201/374
f 394/246/375 395/247/375 349/201/375
f 395/247/376 320/165/376 349/201/376
f 395/247/377 363/215/377 320/165/377
f 10/248/378 352/204/378 8/188/378
f 314/166/379 396/249/379 354/190/379
f 396/249/380 381/236/380 354/190/380
f 410/250/381 355/207/381 325/174/381
f 382/237/382 376/228/382 326/175/382
f 398/251/383 366/219/383 383/209/383
f 366/219/384 367/220/384 317/169/384
f 412/252/385 377/229/385 368/221/385
f 358/222/386 386/240/386 359/211/386
f 399/253/387 333/195/387 345/194/387
f 400/254/388 378/230/388 346/197/388
f 378/230/389 361/213/389 318/181/389
f 361/213/390 401/255/390 370/223/390
f 402/256/391 335/183/391 370/223/391
f 347/198/392 388/231/392 300/148/392
f 391/244/393 392/245/393 338/199/393
f 393/232/394 403/257/394 379/233/394
f 395/247/395 404/258/395 363/215/395
f 404/258/396 380/234/396 363/215/396
f 350/202/397 372/225/397 322/172/397
f 405/259/398 351/203/398 364/216/398
f 10/248/399 406/260/399 352/204/399
f 406/260/400 323/205/400 352/204/400
f 407/261/401 374/227/401 365/217/401
f 409/262/402 314/166/402 374/227/402
f 409/262/403 396/249/403 314/166/403
f 381/236/404 375/218/404 342/191/404
f 410/250/405 325/174/405 375/218/405
f 410/250/406 382/237/406 355/207/406
f 356/208/407 397/263/407 383/209/407
f 397/263/408 398/251/408 383/209/408
f 411/264/409 368/221/409 367/220/409
f 411/264/410 412/252/410 368/221/410
f 414/265/411 386/240/411 358/222/411
f 386/240/412 387/241/412 360/212/412
f 333/195/413 415/266/413 369/196/413
f 415/266/414 346/197/414 369/196/414
f 415/266/415 416/267/415 346/197/415
f 416/267/416 400/254/416 346/197/416
f 401/255/417 361/213/417 378/230/417
f 371/224/418 335/183/418 402/256/418
f 417/268/419 336/184/419 319/170/419
f 389/242/420 390/243/420 337/185/420
f 392/245/421 418/269/421 348/200/421
f 419/270/422 394/246/422 379/233/422
f 380/234/423 420/271/423 350/202/423
f 420/271/424 372/225/424 350/202/424
f 421/272/425 364/216/425 372/225/425
f 422/273/426 365/217/426 323/205/426
f 429/274/427 382/237/427 410/250/427
f 423/275/428 356/208/428 376/228/428
f 398/251/429 424/276/429 366/219/429
f 431/277/430 367/220/430 366/219/430
f 385/239/431 413/278/431 358/222/431
f 387/241/432 399/253/432 345/194/432
f 425/279/433 333/195/433 399/253/433
f 415/266/434 333/195/434 425/279/434
f 378/230/435 436/280/435 401/255/435
f 436/280/436 426/281/436 401/255/436
f 401/255/437 402/256/437 370/223/437
f 427/282/438 371/224/438 402/256/438
f 418/269/439 393/232/439 348/200/439
f 403/257/440 419/270/440 379/233/440
f 420/271/441 421/272/441 372/225/441
f 421/272/442 405/259/442 364/216/442
f 405/259/443 373/226/443 351/203/443
f 405/259/444 428/283/444 373/226/444
f 373/226/445 11/284/445 9/235/445
f 422/273/446 407/261/446 365/217/446
f 408/285/447 409/262/447 374/227/447
f 410/250/448 375/218/448 381/236/448
f 429/274/449 430/286/449 382/237/449
f 430/286/450 376/228/450 382/237/450
f 423/275/451 397/263/451 356/208/451
f 424/276/452 431/277/452 366/219/452
f 432/287/453 411/264/453 367/220/453
f 411/264/454 441/288/454 412/252/454
f 412/252/455 433/289/455 377/229/455
f 433/289/456 384/238/456 377/229/456
f 434/290/457 385/239/457 384/238/457
f 434/290/458 413/278/458 385/239/458
f 443/291/459 386/240/459 414/265/459
f 435/292/460 416/267/460 415/266/460
f 437/293/461 388/231/461 371/224/461
f 388/231/462 417/268/462 319/170/462
f 419/270/463 438/294/463 394/246/463
f 438/294/464 395/247/464 394/246/464
f 446/295/465 428/283/465 405/259/465
f 428/283/466 11/284/466 373/226/466
f 439/296/467 374/227/467 407/261/467
f 439/296/468 408/285/468 374/227/468
f 440/297/469 381/236/469 396/249/469
f 440/297/470 410/250/470 381/236/470
f 450/298/471 429/274/471 410/250/471
f 423/275/472 376/228/472 430/286/472
f 423/275/473 451/299/473 397/263/473
f 451/299/474 398/251/474 397/263/474
f 431/277/475 432/287/475 367/220/475
f 432/287/476 441/288/476 411/264/476
f 441/288/477 442/300/477 412/252/477
f 414/265/478 358/222/478 413/278/478
f 443/291/479 387/241/479 386/240/479
f 462/301/480 378/230/480 400/254/480
f 427/282/481 437/293/481 371/224/481
f 417/268/482 444/302/482 336/184/482
f 444/302/483 389/242/483 336/184/483
f 418/269/484 403/257/484 393/232/484
f 438/294/485 445/303/485 395/247/485
f 445/303/486 404/258/486 395/247/486
f 445/303/487 380/234/487 404/258/487
f 420/271/488 477/304/488 421/272/488
f 12/305/489 406/260/489 10/248/489
f 406/260/490 422/273/490 323/205/490
f 447/306/491 448/307/491 408/285/491
f 448/307/492 409/262/492 408/285/492
f 448/307/493 396/249/493 409/262/493
f 450/298/494 410/250/494 449/308/494
f 452/309/495 424/276/495 398/251/495
f 424/276/496 453/310/496 431/277/496
f 453/310/497 432/287/497 431/277/497
f 442/300/498 433/289/498 412/252/498
f 442/300/499 454/311/499 433/289/499
f 454/311/500 384/238/500 433/289/500
f 455/312/501 434/290/501 384/238/501
f 456/313/502 414/265/502 413/278/502
f 457/314/503 443/291/503 414/265/503
f 458/315/504 387/241/504 443/291/504
f 458/315/505 459/316/505 387/241/505
f 387/241/506 460/317/506 399/253/506
f 460/317/507 425/279/507 399/253/507
f 461/318/508 415/266/508 425/279/508
f 462/301/509 400/254/509 416/267/509
f 462/301/510 463/319/510 378/230/510
f 463/319/511 436/280/511 378/230/511
f 401/255/512 464/320/512 402/256/512
f 464/320/513 427/282/513 402/256/513
f 473/321/514 437/293/514 427/282/514
f 474/322/515 362/214/515 390/243/515
f 465/323/516 418/269/516 392/245/516
f 445/303/517 420/271/517 380/234/517
f 477/304/518 405/259/518 421/272/518
f 466/324/519 428/283/519 446/295/519
f 447/306/520 408/285/520 439/296/520
f 440/297/521 449/308/521 410/250/521
f 467/325/522 430/286/522 429/274/522
f 468/326/523 423/275/523 430/286/523
f 468/326/524 451/299/524 423/275/524
f 453/310/525 469/327/525 432/287/525
f 470/328/526 442/300/526 441/288/526
f 454/311/527 455/312/527 384/238/527
f 471/329/528 413/278/528 434/290/528
f 471/329/529 456/313/529 413/278/529
f 456/313/530 457/314/530 414/265/530
f 460/317/531 461/318/531 425/279/531
f 461/318/532 435/292/532 415/266/532
f 435/292/533 462/301/533 416/267/533
f 472/330/534 463/319/534 462/301/534
f 486/331/535 401/255/535 426/281/535
f 486/331/536 464/320/536 401/255/536
f 464/320/537 473/321/537 427/282/537
f 444/302/538 390/243/538 389/242/538
f 474/322/539 391/244/539 362/214/539
f 391/244/540 465/323/540 392/245/540
f 475/332/541 419/270/541 403/257/541
f 475/332/542 438/294/542 419/270/542
f 445/303/543 476/333/543 420/271/543
f 477/304/544 478/334/544 405/259/544
f 478/334/545 446/295/545 405/259/545
f 479/335/546 11/284/546 428/283/546
f 422/273/547 480/336/547 407/261/547
f 492/337/548 396/249/548 448/307/548
f 481/338/549 440/297/549 396/249/549
f 482/339/550 468/326/550 430/286/550
f 451/299/551 452/309/551 398/251/551
f 452/309/552 453/310/552 424/276/552
f 470/328/553 454/311/553 442/300/553
f 455/312/554 471/329/554 434/290/554
f 459/316/555 483/340/555 387/241/555
f 483/340/556 460/317/556 387/241/556
f 484/341/557 435/292/557 461/318/557
f 484/341/558 462/301/558 435/292/558
f 463/319/559 486/331/559 436/280/559
f 486/331/560 426/281/560 436/280/560
f 437/293/561 487/342/561 388/231/561
f 417/268/562 524/343/562 444/302/562
f 444/302/563 474/322/563 390/243/563
f 488/344/564 403/257/564 418/269/564
f 438/294/565 489/345/565 445/303/565
f 476/333/566 477/304/566 420/271/566
f 490/346/567 446/295/567 478/334/567
f 490/346/568 466/324/568 446/295/568
f 466/324/569 479/335/569 428/283/569
f 479/335/570 13/347/570 11/284/570
f 491/348/571 448/307/571 447/306/571
f 492/337/572 481/338/572 396/249/572
f 450/298/573 511/349/573 429/274/573
f 511/349/574 467/325/574 429/274/574
f 493/350/575 452/309/575 451/299/575
f 469/327/576 441/288/576 432/287/576
f 494/351/577 456/313/577 471/329/577
f 495/352/578 457/314/578 456/313/578
f 460/317/579 496/353/579 461/318/579
f 484/341/580 485/354/580 462/301/580
f 485/354/581 472/330/581 462/301/581
f 473/321/582 487/342/582 437/293/582
f 497/355/583 391/244/583 474/322/583
f 465/323/584 488/344/584 418/269/584
f 489/345/585 476/333/585 445/303/585
f 12/305/586 498/356/586 406/260/586
f 498/356/587 422/273/587 406/260/587
f 439/296/588 499/357/588 447/306/588
f 491/348/589 492/337/589 448/307/589
f 500/358/590 450/298/590 449/308/590
f 452/309/591 501/359/591 453/310/591
f 502/360/592 469/327/592 453/310/592
f 469/327/593 470/328/593 441/288/593
f 470/328/594 517/361/594 454/311/594
f 455/312/595 503/362/595 471/329/595
f 495/352/596 456/313/596 494/351/596
f 495/352/597 504/363/597 457/314/597
f 504/363/598 443/291/598 457/314/598
f 504/363/599 458/315/599 443/291/599
f 458/315/600 519/364/600 459/316/600
f 459/316/601 505/365/601 483/340/601
f 506/366/602 485/354/602 484/341/602
f 522/367/603 473/321/603 464/320/603
f 538/368/604 474/322/604 444/302/604
f 474/322/605 507/369/605 497/355/605
f 508/370/606 403/257/606 488/344/606
f 508/370/607 475/332/607 403/257/607
f 475/332/608 509/371/608 438/294/608
f 509/371/609 489/345/609 438/294/609
f 528/372/610 477/304/610 476/333/610
f 480/336/611 510/373/611 407/261/611
f 510/373/612 439/296/612 407/261/612
f 510/373/613 499/357/613 439/296/613
f 546/374/614 449/308/614 440/297/614
f 500/358/615 511/349/615 450/298/615
f 467/325/616 512/375/616 430/286/616
f 512/375/617 482/339/617 430/286/617
f 468/326/618 513/376/618 451/299/618
f 513/376/619 493/350/619 451/299/619
f 502/360/620 515/377/620 469/327/620
f 469/327/621 516/378/621 470/328/621
f 516/378/622 517/361/622 470/328/622
f 518/379/623 454/311/623 517/361/623
f 518/379/624 455/312/624 454/311/624
f 483/340/625 520/380/625 460/317/625
f 521/381/626 464/320/626 486/331/626
f 522/367/627 487/342/627 473/321/627
f 487/342/628 523/382/628 388/231/628
f 523/382/629 417/268/629 388/231/629
f 507/369/630 474/322/630 538/368/630
f 497/355/631 525/383/631 391/244/631
f 525/383/632 465/323/632 391/244/632
f 526/384/633 475/332/633 508/370/633
f 509/371/634 527/385/634 489/345/634
f 527/385/635 476/333/635 489/345/635
f 527/385/636 528/372/636 476/333/636
f 528/372/637 529/386/637 477/304/637
f 529/386/638 478/334/638 477/304/638
f 478/334/639 530/387/639 490/346/639
f 498/356/640 480/336/640 422/273/640
f 499/357/641 491/348/641 447/306/641
f 491/348/642 481/338/642 492/337/642
f 546/374/643 440/297/643 481/338/643
f 531/388/644 467/325/644 511/349/644
f 482/339/645 513/376/645 468/326/645
f 493/350/646 514/389/646 452/309/646
f 532/390/647 501/359/647 452/309/647
f 502/360/648 453/310/648 501/359/648
f 515/377/649 516/378/649 469/327/649
f 518/379/650 559/391/650 455/312/650
f 559/391/651 533/392/651 455/312/651
f 533/392/652 503/362/652 455/312/652
f 503/362/653 494/351/653 471/329/653
f 505/365/654 550/393/654 483/340/654
f 550/393/655 520/380/655 483/340/655
f 520/380/656 496/353/656 460/317/656
f 496/353/657 484/341/657 461/318/657
f 496/353/658 534/394/658 484/341/658
f 534/394/659 506/366/659 484/341/659
f 535/395/660 485/354/660 506/366/660
f 535/395/661 536/396/661 485/354/661
f 536/396/662 472/330/662 485/354/662
f 537/397/663 463/319/663 472/330/663
f 537/397/664 486/331/664 463/319/664
f 537/397/665 521/381/665 486/331/665
f 521/381/666 522/367/666 464/320/666
f 523/382/667 524/343/667 417/268/667
f 539/398/668 497/355/668 507/369/668
f 525/383/669 540/399/669 465/323/669
f 540/399/670 488/344/670 465/323/670
f 540/399/671 508/370/671 488/344/671
f 529/386/672 530/387/672 478/334/672
f 490/346/673 541/400/673 466/324/673
f 542/401/674 479/335/674 466/324/674
f 543/402/675 13/347/675 479/335/675
f 14/403/676 498/356/676 12/305/676
f 545/404/677 481/338/677 491/348/677
f 546/374/678 500/358/678 449/308/678
f 531/388/679 512/375/679 467/325/679
f 547/405/680 513/376/680 482/339/680
f 503/362/681 548/406/681 494/351/681
f 494/351/682 549/407/682 495/352/682
f 549/407/683 504/363/683 495/352/683
f 504/363/684 519/364/684 458/315/684
f 519/364/685 505/365/685 459/316/685
f 551/408/686 506/366/686 534/394/686
f 551/408/687 535/395/687 506/366/687
f 561/409/688 521/381/688 537/397/688
f 552/410/689 487/342/689 522/367/689
f 524/343/690 538/368/690 444/302/690
f 562/411/691 554/412/691 508/370/691
f 554/412/692 526/384/692 508/370/692
f 526/384/693 509/371/693 475/332/693
f 555/413/694 527/385/694 509/371/694
f 530/387/695 541/400/695 490/346/695
f 541/400/696 542/401/696 466/324/696
f 543/402/697 479/335/697 542/401/697
f 480/336/698 566/414/698 510/373/698
f 510/373/699 557/415/699 499/357/699
f 545/404/700 546/374/700 481/338/700
f 514/389/701 532/390/701 452/309/701
f 532/390/702 502/360/702 501/359/702
f 558/416/703 516/378/703 515/377/703
f 516/378/704 559/391/704 517/361/704
f 559/391/705 518/379/705 517/361/705
f 520/380/706 560/417/706 496/353/706
f 561/409/707 537/397/707 472/330/707
f 574/418/708 522/367/708 521/381/708
f 553/419/709 523/382/709 487/342/709
f 562/411/710 508/370/710 540/399/710
f 563/420/711 555/413/711 509/371/711
f 528/372/712 564/421/712 529/386/712
f 565/422/713 543/402/713 542/401/713
f 14/403/714 556/423/714 498/356/714
f 556/423/715 480/336/715 498/356/715
f 556/423/716 544/424/716 480/336/716
f 544/424/717 566/414/717 480/336/717
f 581/425/718 567/426/718 491/348/718
f 567/426/719 545/404/719 491/348/719
f 545/404/720 568/427/720 546/374/720
f 568/427/721 500/358/721 546/374/721
f 512/375/722 547/405/722 482/339/722
f 570/428/723 558/416/723 515/377/723
f 559/391/724 571/429/724 533/392/724
f 571/429/725 572/430/725 533/392/725
f 572/430/726 503/362/726 533/392/726
f 572/430/727 548/406/727 503/362/727
f 548/406/728 549/407/728 494/351/728
f 560/417/729 534/394/729 496/353/729
f 536/396/730 561/409/730 472/330/730
f 574/418/731 521/381/731 561/409/731
f 574/418/732 552/410/732 522/367/732
f 552/410/733 575/431/733 487/342/733
f 575/431/734 553/419/734 487/342/734
f 576/432/735 538/368/735 524/343/735
f 576/432/736 507/369/736 538/368/736
f 539/398/737 525/383/737 497/355/737
f 525/383/738 577/433/738 540/399/738
f 577/433/739 562/411/739 540/399/739
f 526/384/740 563/420/740 509/371/740
f 588/434/741 527/385/741 555/413/741
f 588/434/742 528/372/742 527/385/742
f 579/435/743 564/421/743 528/372/743
f 564/421/744 530/387/744 529/386/744
f 580/436/745 541/400/745 530/387/745
f 557/415/746 510/373/746 566/414/746
f 581/425/747 491/348/747 499/357/747
f 582/437/748 511/349/748 500/358/748
f 617/438/749 531/388/749 511/349/749
f 513/376/750 514/389/750 493/350/750
f 514/389/751 569/439/751 532/390/751
f 569/439/752 502/360/752 532/390/752
f 502/360/753 570/428/753 515/377/753
f 583/440/754 519/364/754 504/363/754
f 583/440/755 584/441/755 519/364/755
f 584/441/756 505/365/756 519/364/756
f 584/441/757 585/442/757 505/365/757
f 585/442/758 550/393/758 505/365/758
f 594/443/759 560/417/759 520/380/759
f 560/417/760 595/444/760 534/394/760
f 573/445/761 536/396/761 535/395/761
f 573/445/762 561/409/762 536/396/762
f 523/382/763 638/446/763 524/343/763
f 586/447/764 577/433/764 525/383/764
f 554/412/765 587/448/765 526/384/765
f 589/449/766 528/372/766 588/434/766
f 589/449/767 578/450/767 528/372/767
f 578/450/768 579/435/768 528/372/768
f 564/421/769 580/436/769 530/387/769
f 541/400/770 565/422/770 542/401/770
f 541/400/771 600/451/771 565/422/771
f 600/451/772 590/452/772 565/422/772
f 565/422/773 590/452/773 543/402/773
f 590/452/774 13/347/774 543/402/774
f 590/452/775 15/453/775 13/347/775
f 557/415/776 581/425/776 499/357/776
f 582/437/777 617/438/777 511/349/777
f 512/375/778 592/454/778 547/405/778
f 592/454/779 513/376/779 547/405/779
f 513/376/780 593/455/780 514/389/780
f 593/455/781 569/439/781 514/389/781
f 585/442/782 520/380/782 550/393/782
f 585/442/783 594/443/783 520/380/783
f 595/444/784 551/408/784 534/394/784
f 574/418/785 596/456/785 552/410/785
f 638/446/786 597/457/786 524/343/786
f 597/457/787 576/432/787 524/343/787
f 539/398/788 586/447/788 525/383/788
f 598/458/789 554/412/789 562/411/789
f 587/448/790 563/420/790 526/384/790
f 563/420/791 588/434/791 555/413/791
f 579/435/792 599/459/792 564/421/792
f 600/451/793 541/400/793 580/436/793
f 591/460/794 544/424/794 556/423/794
f 616/461/795 500/358/795 568/427/795
f 616/461/796 582/437/796 500/358/796
f 570/428/797 603/462/797 558/416/797
f 603/462/798 516/378/798 558/416/798
f 603/462/799 604/463/799 516/378/799
f 604/463/800 559/391/800 516/378/800
f 604/463/801 571/429/801 559/391/801
f 604/463/802 572/430/802 571/429/802
f 572/430/803 605/464/803 548/406/803
f 605/464/804 549/407/804 548/406/804
f 605/464/805 606/465/805 549/407/805
f 606/465/806 607/466/806 549/407/806
f 607/466/807 504/363/807 549/407/807
f 607/466/808 583/440/808 504/363/808
f 584/441/809 623/467/809 585/442/809
f 609/468/810 535/395/810 551/408/810
f 596/456/811 575/431/811 552/410/811
f 553/419/812 629/469/812 523/382/812
f 610/470/813 577/433/813 586/447/813
f 577/433/814 598/458/814 562/411/814
f 611/471/815 588/434/815 563/420/815
f 599/459/816 580/436/816 564/421/816
f 580/436/817 612/472/817 600/451/817
f 16/473/818 614/474/818 14/403/818
f 614/474/819 556/423/819 14/403/819
f 601/475/820 581/425/820 557/415/820
f 601/475/821 602/476/821 581/425/821
f 602/476/822 567/426/822 581/425/822
f 615/477/823 568/427/823 545/404/823
f 618/478/824 619/479/824 617/438/824
f 619/479/825 531/388/825 617/438/825
f 619/479/826 512/375/826 531/388/826
f 621/480/827 569/439/827 593/455/827
f 621/480/828 502/360/828 569/439/828
f 502/360/829 622/481/829 570/428/829
f 624/482/830 594/443/830 585/442/830
f 625/483/831 595/444/831 560/417/831
f 595/444/832 608/484/832 551/408/832
f 608/484/833 609/468/833 551/408/833
f 609/468/834 573/445/834 535/395/834
f 626/485/835 561/409/835 573/445/835
f 627/486/836 574/418/836 561/409/836
f 627/486/837 628/487/837 574/418/837
f 628/487/838 596/456/838 574/418/838
f 629/469/839 553/419/839 575/431/839
f 576/432/840 539/398/840 507/369/840
f 630/488/841 586/447/841 539/398/841
f 598/458/842 587/448/842 554/412/842
f 631/489/843 589/449/843 588/434/843
f 599/459/844 612/472/844 580/436/844
f 612/472/845 632/490/845 600/451/845
f 632/490/846 590/452/846 600/451/846
f 17/491/847 15/453/847 590/452/847
f 614/474/848 591/460/848 556/423/848
f 591/460/849 566/414/849 544/424/849
f 566/414/850 601/475/850 557/415/850
f 602/476/851 545/404/851 567/426/851
f 615/477/852 616/461/852 568/427/852
f 620/492/853 621/480/853 593/455/853
f 605/464/854 634/493/854 606/465/854
f 583/440/855 635/494/855 584/441/855
f 635/494/856 623/467/856 584/441/856
f 594/443/857 636/495/857 560/417/857
f 625/483/858 608/484/858 595/444/858
f 637/496/859 609/468/859 608/484/859
f 626/485/860 573/445/860 609/468/860
f 638/446/861 523/382/861 629/469/861
f 630/488/862 610/470/862 586/447/862
f 650/497/863 598/458/863 577/433/863
f 639/498/864 587/448/864 598/458/864
f 639/498/865 640/499/865 587/448/865
f 640/499/866 563/420/866 587/448/866
f 640/499/867 611/471/867 563/420/867
f 611/471/868 631/489/868 588/434/868
f 641/500/869 578/450/869 589/449/869
f 641/500/870 579/435/870 578/450/870
f 642/501/871 599/459/871 579/435/871
f 672/502/872 612/472/872 599/459/872
f 632/490/873 613/503/873 590/452/873
f 613/503/874 17/491/874 590/452/874
f 643/504/875 601/475/875 566/414/875
f 602/476/876 657/505/876 545/404/876
f 657/505/877 615/477/877 545/404/877
f 616/461/878 644/506/878 582/437/878
f 644/506/879 617/438/879 582/437/879
f 619/479/880 633/507/880 512/375/880
f 633/507/881 592/454/881 512/375/881
f 592/454/882 645/508/882 513/376/882
f 645/508/883 593/455/883 513/376/883
f 646/509/884 604/463/884 603/462/884
f 646/509/885 572/430/885 604/463/885
f 647/510/886 583/440/886 607/466/886
f 636/495/887 625/483/887 560/417/887
f 597/457/888 649/511/888 576/432/888
f 671/512/889 630/488/889 539/398/889
f 610/470/890 650/497/890 577/433/890
f 651/513/891 639/498/891 598/458/891
f 652/514/892 640/499/892 639/498/892
f 611/471/893 653/515/893 631/489/893
f 653/515/894 589/449/894 631/489/894
f 653/515/895 641/500/895 589/449/895
f 654/516/896 612/472/896 672/502/896
f 655/517/897 613/503/897 632/490/897
f 655/517/898 17/491/898 613/503/898
f 656/518/899 591/460/899 614/474/899
f 591/460/900 643/504/900 566/414/900
f 645/508/901 620/492/901 593/455/901
f 658/519/902 502/360/902 621/480/902
f 658/519/903 622/481/903 502/360/903
f 658/519/904 659/520/904 622/481/904
f 660/521/905 570/428/905 622/481/905
f 660/521/906 603/462/906 570/428/906
f 572/430/907 662/522/907 605/464/907
f 662/522/908 634/493/908 605/464/908
f 606/465/909 647/510/909 607/466/909
f 647/510/910 635/494/910 583/440/910
f 663/523/911 623/467/911 635/494/911
f 663/523/912 585/442/912 623/467/912
f 663/523/913 624/482/913 585/442/913
f 624/482/914 665/524/914 594/443/914
f 665/524/915 636/495/915 594/443/915
f 666/525/916 608/484/916 625/483/916
f 626/485/917 627/486/917 561/409/917
f 628/487/918 648/526/918 596/456/918
f 667/527/919 575/431/919 596/456/919
f 667/527/920 629/469/920 575/431/920
f 667/527/921 668/528/921 629/469/921
f 670/529/922 671/512/922 576/432/922
f 671/512/923 539/398/923 576/432/923
f 641/500/924 685/530/924 579/435/924
f 685/530/925 642/501/925 579/435/925
f 642/501/926 672/502/926 599/459/926
f 655/517/927 673/531/927 17/491/927
f 18/532/928 614/474/928 16/473/928
f 18/532/929 656/518/929 614/474/929
f 675/533/930 618/478/930 617/438/930
f 645/508/931 592/454/931 633/507/931
f 661/534/932 646/509/932 603/462/932
f 676/535/933 662/522/933 572/430/933
f 663/523/934 664/536/934 624/482/934
f 665/524/935 624/482/935 664/536/935
f 636/495/936 666/525/936 625/483/936
f 666/525/937 677/537/937 608/484/937
f 677/537/938 637/496/938 608/484/938
f 678/538/939 609/468/939 637/496/939
f 648/526/940 667/527/940 596/456/940
f 679/539/941 597/457/941 638/446/941
f 679/539/942 669/540/942 597/457/942
f 669/540/943 649/511/943 597/457/943
f 649/511/944 670/529/944 576/432/944
f 671/512/945 680/541/945 630/488/945
f 680/541/946 610/470/946 630/488/946
f 681/542/947 651/513/947 598/458/947
f 651/513/948 652/514/948 639/498/948
f 682/543/949 611/471/949 640/499/949
f 683/544/950 684/545/950 611/471/950
f 684/545/951 653/515/951 611/471/951
f 685/530/952 641/500/952 653/515/952
f 686/546/953 672/502/953 642/501/953
f 687/547/954 654/516/954 672/502/954
f 654/516/955 632/490/955 612/472/955
f 673/531/956 19/548/956 17/491/956
f 688/549/957 689/550/957 656/518/957
f 689/550/958 591/460/958 656/518/958
f 643/504/959 674/551/959 601/475/959
f 674/551/960 690/552/960 601/475/960
f 690/552/961 602/476/961 601/475/961
f 690/552/962 657/505/962 602/476/962
f 615/477/963 691/553/963 616/461/963
f 692/554/964 617/438/964 644/506/964
f 692/554/965 675/533/965 617/438/965
f 620/492/966 716/555/966 621/480/966
f 716/555/967 658/519/967 621/480/967
f 660/521/968 661/534/968 603/462/968
f 676/535/969 572/430/969 646/509/969
f 677/537/970 678/538/970 637/496/970
f 678/538/971 693/556/971 609/468/971
f 693/556/972 626/485/972 609/468/972
f 694/557/973 648/526/973 628/487/973
f 695/558/974 680/541/974 671/512/974
f 680/541/975 650/497/975 610/470/975
f 680/541/976 696/559/976 650/497/976
f 696/559/977 598/458/977 650/497/977
f 682/543/978 640/499/978 652/514/978
f 682/543/979 683/544/979 611/471/979
f 684/545/980 685/530/980 653/515/980
f 685/530/981 686/546/981 642/501/981
f 686/546/982 698/560/982 672/502/982
f 698/560/983 687/547/983 672/502/983
f 654/516/984 699/561/984 632/490/984
f 699/561/985 655/517/985 632/490/985
f 699/561/986 673/531/986 655/517/986
f 700/562/987 19/548/987 673/531/987
f 701/563/988 657/505/988 690/552/988
f 701/563/989 615/477/989 657/505/989
f 701/563/990 691/553/990 615/477/990
f 691/553/991 644/506/991 616/461/991
f 733/564/992 619/479/992 618/478/992
f 733/564/993 633/507/993 619/479/993
f 661/534/994 676/535/994 646/509/994
f 634/493/995 647/510/995 606/465/995
f 647/510/996 702/565/996 635/494/996
f 702/565/997 663/523/997 635/494/997
f 703/566/998 666/525/998 636/495/998
f 693/556/999 704/567/999 626/485/999
f 704/567/1000 627/486/1000 626/485/1000
f 694/557/1001 628/487/1001 627/486/1001
f 721/568/1002 668/528/1002 667/527/1002
f 705/569/1003 629/469/1003 668/528/1003
f 695/558/1004 706/570/1004 680/541/1004
f 696/559/1005 681/542/1005 598/458/1005
f 681/542/1006 697/571/1006 651/513/1006
f 697/571/1007 652/514/1007 651/513/1007
f 707/572/1008 652/514/1008 697/571/1008
f 707/572/1009 682/543/1009 652/514/1009
f 708/573/1010 686/546/1010 685/530/1010
f 708/573/1011 709/574/1011 686/546/1011
f 709/574/1012 698/560/1012 686/546/1012
f 699/561/1013 710/575/1013 673/531/1013
f 710/575/1014 700/562/1014 673/531/1014
f 700/562/1015 20/576/1015 19/548/1015
f 656/518/1016 711/577/1016 688/549/1016
f 711/577/1017 689/550/1017 688/549/1017
f 689/550/1018 643/504/1018 591/460/1018
f 689/550/1019 712/578/1019 643/504/1019
f 733/564/1020 713/579/1020 633/507/1020
f 714/580/1021 645/508/1021 633/507/1021
f 716/555/1022 620/492/1022 645/508/1022
f 717/581/1023 659/520/1023 658/519/1023
f 717/581/1024 622/481/1024 659/520/1024
f 717/581/1025 660/521/1025 622/481/1025
f 718/582/1026 676/535/1026 661/534/1026
f 719/583/1027 702/565/1027 647/510/1027
f 702/565/1028 720/584/1028 663/523/1028
f 665/524/1029 703/566/1029 636/495/1029
f 704/567/1030 694/557/1030 627/486/1030
f 721/568/1031 667/527/1031 648/526/1031
f 705/569/1032 638/446/1032 629/469/1032
f 705/569/1033 679/539/1033 638/446/1033
f 722/585/1034 669/540/1034 679/539/1034
f 724/586/1035 670/529/1035 649/511/1035
f 724/586/1036 671/512/1036 670/529/1036
f 725/587/1037 697/571/1037 681/542/1037
f 725/587/1038 726/588/1038 697/571/1038
f 726/588/1039 707/572/1039 697/571/1039
f 727/589/1040 684/545/1040 683/544/1040
f 727/589/1041 685/530/1041 684/545/1041
f 727/589/1042 708/573/1042 685/530/1042
f 728/590/1043 709/574/1043 708/573/1043
f 729/591/1044 687/547/1044 698/560/1044
f 687/547/1045 699/561/1045 654/516/1045
f 730/592/1046 21/593/1046 700/562/1046
f 21/593/1047 20/576/1047 700/562/1047
f 22/594/1048 656/518/1048 18/532/1048
f 22/594/1049 731/595/1049 656/518/1049
f 731/595/1050 711/577/1050 656/518/1050
f 674/551/1051 732/596/1051 690/552/1051
f 732/596/1052 701/563/1052 690/552/1052
f 691/553/1053 692/554/1053 644/506/1053
f 714/580/1054 633/507/1054 713/579/1054
f 734/597/1055 658/519/1055 716/555/1055
f 734/597/1056 717/581/1056 658/519/1056
f 717/581/1057 735/598/1057 660/521/1057
f 735/598/1058 661/534/1058 660/521/1058
f 662/522/1059 719/583/1059 634/493/1059
f 719/583/1060 647/510/1060 634/493/1060
f 720/584/1061 664/536/1061 663/523/1061
f 720/584/1062 665/524/1062 664/536/1062
f 703/566/1063 736/599/1063 666/525/1063
f 666/525/1064 737/600/1064 677/537/1064
f 738/601/1065 678/538/1065 677/537/1065
f 721/568/1066 648/526/1066 694/557/1066
f 705/569/1067 722/585/1067 679/539/1067
f 722/585/1068 723/602/1068 669/540/1068
f 723/602/1069 649/511/1069 669/540/1069
f 723/602/1070 724/586/1070 649/511/1070
f 706/570/1071 696/559/1071 680/541/1071
f 681/542/1072 739/603/1072 725/587/1072
f 726/588/1073 682/543/1073 707/572/1073
f 740/604/1074 727/589/1074 683/544/1074
f 741/605/1075 708/573/1075 727/589/1075
f 741/605/1076 742/606/1076 708/573/1076
f 742/606/1077 728/590/1077 708/573/1077
f 709/574/1078 729/591/1078 698/560/1078
f 743/607/1079 699/561/1079 687/547/1079
f 710/575/1080 730/592/1080 700/562/1080
f 643/504/1081 744/608/1081 674/551/1081
f 744/608/1082 732/596/1082 674/551/1082
f 691/553/1083 745/609/1083 692/554/1083
f 745/609/1084 675/533/1084 692/554/1084
f 745/609/1085 618/478/1085 675/533/1085
f 714/580/1086 715/610/1086 645/508/1086
f 715/610/1087 716/555/1087 645/508/1087
f 715/610/1088 746/611/1088 716/555/1088
f 747/612/1089 717/581/1089 734/597/1089
f 735/598/1090 718/582/1090 661/534/1090
f 748/613/1091 676/535/1091 718/582/1091
f 749/614/1092 662/522/1092 676/535/1092
f 750/615/1093 719/583/1093 662/522/1093
f 751/616/1094 720/584/1094 702/565/1094
f 752/617/1095 665/524/1095 720/584/1095
f 752/617/1096 703/566/1096 665/524/1096
f 802/618/1097 736/599/1097 703/566/1097
f 736/599/1098 737/600/1098 666/525/1098
f 737/600/1099 753/619/1099 677/537/1099
f 753/619/1100 738/601/1100 677/537/1100
f 738/601/1101 693/556/1101 678/538/1101
f 754/620/1102 694/557/1102 704/567/1102
f 767/621/1103 668/528/1103 721/568/1103
f 767/621/1104 705/569/1104 668/528/1104
f 767/621/1105 755/622/1105 705/569/1105
f 724/586/1106 695/558/1106 671/512/1106
f 706/570/1107 756/623/1107 696/559/1107
f 756/623/1108 681/542/1108 696/559/1108
f 726/588/1109 683/544/1109 682/543/1109
f 729/591/1110 743/607/1110 687/547/1110
f 743/607/1111 710/575/1111 699/561/1111
f 731/595/1112 757/624/1112 711/577/1112
f 757/624/1113 689/550/1113 711/577/1113
f 759/625/1114 745/609/1114 691/553/1114
f 770/626/1115 618/478/1115 745/609/1115
f 770/626/1116 733/564/1116 618/478/1116
f 713/579/1117 760/627/1117 714/580/1117
f 746/611/1118 734/597/1118 716/555/1118
f 762/628/1119 748/613/1119 718/582/1119
f 748/613/1120 749/614/1120 676/535/1120
f 749/614/1121 750/615/1121 662/522/1121
f 750/615/1122 763/629/1122 719/583/1122
f 763/629/1123 764/630/1123 719/583/1123
f 764/630/1124 702/565/1124 719/583/1124
f 771/631/1125 752/617/1125 720/584/1125
f 693/556/1126 765/632/1126 704/567/1126
f 754/620/1127 766/633/1127 694/557/1127
f 766/633/1128 721/568/1128 694/557/1128
f 705/569/1129 774/634/1129 722/585/1129
f 756/623/1130 739/603/1130 681/542/1130
f 739/603/1131 726/588/1131 725/587/1131
f 740/604/1132 683/544/1132 726/588/1132
f 742/606/1133 768/635/1133 728/590/1133
f 768/635/1134 709/574/1134 728/590/1134
f 757/624/1135 758/636/1135 689/550/1135
f 712/578/1136 744/608/1136 643/504/1136
f 701/563/1137 783/637/1137 691/553/1137
f 769/638/1138 759/625/1138 691/553/1138
f 714/580/1139 761/639/1139 715/610/1139
f 787/640/1140 735/598/1140 717/581/1140
f 764/630/1141 751/616/1141 702/565/1141
f 751/616/1142 771/631/1142 720/584/1142
f 772/641/1143 703/566/1143 752/617/1143
f 772/641/1144 802/618/1144 703/566/1144
f 738/601/1145 765/632/1145 693/556/1145
f 765/632/1146 754/620/1146 704/567/1146
f 773/642/1147 774/634/1147 705/569/1147
f 775/643/1148 723/602/1148 722/585/1148
f 776/644/1149 695/558/1149 724/586/1149
f 777/645/1150 706/570/1150 695/558/1150
f 777/645/1151 778/646/1151 706/570/1151
f 779/647/1152 740/604/1152 726/588/1152
f 740/604/1153 780/648/1153 727/589/1153
f 780/648/1154 741/605/1154 727/589/1154
f 741/605/1155 781/649/1155 742/606/1155
f 768/635/1156 729/591/1156 709/574/1156
f 796/650/1157 730/592/1157 710/575/1157
f 758/636/1158 712/578/1158 689/550/1158
f 732/596/1159 783/637/1159 701/563/1159
f 783/637/1160 769/638/1160 691/553/1160
f 784/651/1161 760/627/1161 713/579/1161
f 760/627/1162 761/639/1162 714/580/1162
f 761/639/1163 746/611/1163 715/610/1163
f 747/612/1164 786/652/1164 717/581/1164
f 786/652/1165 787/640/1165 717/581/1165
f 762/628/1166 788/653/1166 748/613/1166
f 788/653/1167 750/615/1167 748/613/1167
f 750/615/1168 749/614/1168 748/613/1168
f 766/633/1169 789/654/1169 721/568/1169
f 789/654/1170 767/621/1170 721/568/1170
f 755/622/1171 773/642/1171 705/569/1171
f 774/634/1172 775/643/1172 722/585/1172
f 778/646/1173 756/623/1173 706/570/1173
f 790/655/1174 739/603/1174 756/623/1174
f 739/603/1175 791/656/1175 726/588/1175
f 791/656/1176 779/647/1176 726/588/1176
f 793/657/1177 781/649/1177 741/605/1177
f 782/658/1178 729/591/1178 768/635/1178
f 729/591/1179 794/659/1179 743/607/1179
f 794/659/1180 795/660/1180 743/607/1180
f 795/660/1181 796/650/1181 743/607/1181
f 796/650/1182 710/575/1182 743/607/1182
f 797/661/1183 758/636/1183 757/624/1183
f 798/662/1184 732/596/1184 744/608/1184
f 733/564/1185 809/663/1185 713/579/1185
f 809/663/1186 784/651/1186 713/579/1186
f 785/664/1187 747/612/1187 734/597/1187
f 787/640/1188 762/628/1188 735/598/1188
f 762/628/1189 718/582/1189 735/598/1189
f 764/630/1190 800/665/1190 751/616/1190
f 753/619/1191 737/600/1191 736/599/1191
f 803/666/1192 766/633/1192 754/620/1192
f 789/654/1193 804/667/1193 767/621/1193
f 767/621/1194 805/668/1194 755/622/1194
f 805/668/1195 773/642/1195 755/622/1195
f 817/669/1196 775/643/1196 774/634/1196
f 776/644/1197 777/645/1197 695/558/1197
f 779/647/1198 792/670/1198 740/604/1198
f 792/670/1199 780/648/1199 740/604/1199
f 780/648/1200 793/657/1200 741/605/1200
f 781/649/1201 768/635/1201 742/606/1201
f 782/658/1202 794/659/1202 729/591/1202
f 796/650/1203 21/593/1203 730/592/1203
f 796/650/1204 23/671/1204 21/593/1204
f 731/595/1205 797/661/1205 757/624/1205
f 712/578/1206 806/672/1206 744/608/1206
f 806/672/1207 798/662/1207 744/608/1207
f 822/673/1208 769/638/1208 783/637/1208
f 807/674/1209 759/625/1209 769/638/1209
f 770/626/1210 745/609/1210 759/625/1210
f 808/675/1211 733/564/1211 770/626/1211
f 808/675/1212 799/676/1212 733/564/1212
f 799/676/1213 809/663/1213 733/564/1213
f 810/677/1214 761/639/1214 760/627/1214
f 746/611/1215 824/678/1215 734/597/1215
f 824/678/1216 785/664/1216 734/597/1216
f 788/653/1217 763/629/1217 750/615/1217
f 763/629/1218 800/665/1218 764/630/1218
f 813/679/1219 771/631/1219 751/616/1219
f 801/680/1220 752/617/1220 771/631/1220
f 814/681/1221 738/601/1221 753/619/1221
f 814/681/1222 765/632/1222 738/601/1222
f 816/682/1223 789/654/1223 766/633/1223
f 817/669/1224 774/634/1224 773/642/1224
f 775/643/1225 776/644/1225 723/602/1225
f 776/644/1226 724/586/1226 723/602/1226
f 859/683/1227 790/655/1227 756/623/1227
f 818/684/1228 768/635/1228 781/649/1228
f 819/685/1229 782/658/1229 768/635/1229
f 24/686/1230 731/595/1230 22/594/1230
f 24/686/1231 820/687/1231 731/595/1231
f 820/687/1232 797/661/1232 731/595/1232
f 798/662/1233 783/637/1233 732/596/1233
f 798/662/1234 821/688/1234 783/637/1234
f 807/674/1235 770/626/1235 759/625/1235
f 784/651/1236 823/689/1236 760/627/1236
f 823/689/1237 810/677/1237 760/627/1237
f 810/677/1238 811/690/1238 761/639/1238
f 811/690/1239 746/611/1239 761/639/1239
f 811/690/1240 824/678/1240 746/611/1240
f 785/664/1241 786/652/1241 747/612/1241
f 787/640/1242 831/691/1242 762/628/1242
f 813/679/1243 801/680/1243 771/631/1243
f 801/680/1244 772/641/1244 752/617/1244
f 825/692/1245 736/599/1245 802/618/1245
f 814/681/1246 815/693/1246 765/632/1246
f 815/693/1247 754/620/1247 765/632/1247
f 803/666/1248 816/682/1248 766/633/1248
f 816/682/1249 804/667/1249 789/654/1249
f 804/667/1250 805/668/1250 767/621/1250
f 778/646/1251 859/683/1251 756/623/1251
f 790/655/1252 826/694/1252 739/603/1252
f 826/694/1253 791/656/1253 739/603/1253
f 827/695/1254 828/696/1254 779/647/1254
f 828/696/1255 792/670/1255 779/647/1255
f 793/657/1256 818/684/1256 781/649/1256
f 818/684/1257 819/685/1257 768/635/1257
f 829/697/1258 794/659/1258 782/658/1258
f 830/698/1259 712/578/1259 758/636/1259
f 821/688/1260 822/673/1260 783/637/1260
f 822/673/1261 807/674/1261 769/638/1261
f 807/674/1262 808/675/1262 770/626/1262
f 832/699/1263 788/653/1263 762/628/1263
f 833/700/1264 788/653/1264 832/699/1264
f 833/700/1265 763/629/1265 788/653/1265
f 834/701/1266 800/665/1266 763/629/1266
f 800/665/1267 835/702/1267 751/616/1267
f 835/702/1268 813/679/1268 751/616/1268
f 836/703/1269 772/641/1269 801/680/1269
f 836/703/1270 837/704/1270 772/641/1270
f 837/704/1271 802/618/1271 772/641/1271
f 838/705/1272 825/692/1272 802/618/1272
f 839/706/1273 753/619/1273 736/599/1273
f 815/693/1274 803/666/1274 754/620/1274
f 776/644/1275 841/707/1275 777/645/1275
f 842/708/1276 843/709/1276 777/645/1276
f 843/709/1277 778/646/1277 777/645/1277
f 826/694/1278 827/695/1278 791/656/1278
f 827/695/1279 779/647/1279 791/656/1279
f 828/696/1280 780/648/1280 792/670/1280
f 849/710/1281 793/657/1281 780/648/1281
f 849/710/1282 818/684/1282 793/657/1282
f 819/685/1283 829/697/1283 782/658/1283
f 844/711/1284 23/671/1284 796/650/1284
f 820/687/1285 845/712/1285 797/661/1285
f 845/712/1286 758/636/1286 797/661/1286
f 845/712/1287 830/698/1287 758/636/1287
f 846/713/1288 831/691/1288 787/640/1288
f 831/691/1289 832/699/1289 762/628/1289
f 833/700/1290 812/714/1290 763/629/1290
f 812/714/1291 834/701/1291 763/629/1291
f 837/704/1292 838/705/1292 802/618/1292
f 839/706/1293 814/681/1293 753/619/1293
f 847/715/1294 803/666/1294 815/693/1294
f 803/666/1295 840/716/1295 816/682/1295
f 848/717/1296 817/669/1296 773/642/1296
f 841/707/1297 842/708/1297 777/645/1297
f 843/709/1298 859/683/1298 778/646/1298
f 850/718/1299 829/697/1299 819/685/1299
f 851/719/1300 796/650/1300 795/660/1300
f 851/719/1301 844/711/1301 796/650/1301
f 852/720/1302 830/698/1302 845/712/1302
f 853/721/1303 806/672/1303 712/578/1303
f 806/672/1304 821/688/1304 798/662/1304
f 864/722/1305 854/723/1305 807/674/1305
f 854/723/1306 808/675/1306 807/674/1306
f 809/663/1307 855/724/1307 784/651/1307
f 855/724/1308 823/689/1308 784/651/1308
f 855/724/1309 810/677/1309 823/689/1309
f 786/652/1310 846/713/1310 787/640/1310
f 868/725/1311 812/714/1311 833/700/1311
f 838/705/1312 856/726/1312 825/692/1312
f 825/692/1313 839/706/1313 736/599/1313
f 847/715/1314 883/727/1314 803/666/1314
f 840/716/1315 804/667/1315 816/682/1315
f 805/668/1316 848/717/1316 773/642/1316
f 857/728/1317 775/643/1317 817/669/1317
f 775/643/1318 858/729/1318 776/644/1318
f 849/710/1319 860/730/1319 818/684/1319
f 860/730/1320 819/685/1320 818/684/1320
f 794/659/1321 861/731/1321 795/660/1321
f 861/731/1322 851/719/1322 795/660/1322
f 26/732/1323 820/687/1323 24/686/1323
f 26/732/1324 845/712/1324 820/687/1324
f 862/733/1325 821/688/1325 806/672/1325
f 863/734/1326 822/673/1326 821/688/1326
f 822/673/1327 864/722/1327 807/674/1327
f 865/735/1328 809/663/1328 799/676/1328
f 785/664/1329 866/736/1329 786/652/1329
f 866/736/1330 846/713/1330 786/652/1330
f 846/713/1331 867/737/1331 831/691/1331
f 867/737/1332 832/699/1332 831/691/1332
f 868/725/1333 834/701/1333 812/714/1333
f 834/701/1334 869/738/1334 800/665/1334
f 869/738/1335 835/702/1335 800/665/1335
f 869/738/1336 813/679/1336 835/702/1336
f 836/703/1337 881/739/1337 837/704/1337
f 882/740/1338 815/693/1338 814/681/1338
f 870/741/1339 775/643/1339 857/728/1339
f 870/741/1340 858/729/1340 775/643/1340
f 894/742/1341 859/683/1341 843/709/1341
f 871/743/1342 790/655/1342 859/683/1342
f 871/743/1343 826/694/1343 790/655/1343
f 872/744/1344 780/648/1344 828/696/1344
f 872/744/1345 849/710/1345 780/648/1345
f 872/744/1346 873/745/1346 849/710/1346
f 829/697/1347 874/746/1347 794/659/1347
f 874/746/1348 861/731/1348 794/659/1348
f 830/698/1349 875/747/1349 712/578/1349
f 875/747/1350 853/721/1350 712/578/1350
f 853/721/1351 862/733/1351 806/672/1351
f 854/723/1352 799/676/1352 808/675/1352
f 877/748/1353 878/749/1353 810/677/1353
f 878/749/1354 811/690/1354 810/677/1354
f 878/749/1355 879/750/1355 811/690/1355
f 879/750/1356 824/678/1356 811/690/1356
f 880/751/1357 785/664/1357 824/678/1357
f 867/737/1358 833/700/1358 832/699/1358
f 867/737/1359 868/725/1359 833/700/1359
f 881/739/1360 836/703/1360 801/680/1360
f 838/705/1361 837/704/1361 881/739/1361
f 856/726/1362 839/706/1362 825/692/1362
f 882/740/1363 814/681/1363 839/706/1363
f 883/727/1364 840/716/1364 803/666/1364
f 840/716/1365 884/752/1365 804/667/1365
f 884/752/1366 805/668/1366 804/667/1366
f 885/753/1367 848/717/1367 805/668/1367
f 848/717/1368 857/728/1368 817/669/1368
f 858/729/1369 841/707/1369 776/644/1369
f 894/742/1370 843/709/1370 842/708/1370
f 826/694/1371 828/696/1371 827/695/1371
f 826/694/1372 886/754/1372 828/696/1372
f 886/754/1373 872/744/1373 828/696/1373
f 873/745/1374 860/730/1374 849/710/1374
f 860/730/1375 850/718/1375 819/685/1375
f 887/755/1376 844/711/1376 851/719/1376
f 27/756/1377 845/712/1377 26/732/1377
f 27/756/1378 852/720/1378 845/712/1378
f 862/733/1379 863/734/1379 821/688/1379
f 863/734/1380 876/757/1380 822/673/1380
f 865/735/1381 855/724/1381 809/663/1381
f 899/758/1382 810/677/1382 855/724/1382
f 879/750/1383 880/751/1383 824/678/1383
f 880/751/1384 866/736/1384 785/664/1384
f 866/736/1385 912/759/1385 846/713/1385
f 912/759/1386 867/737/1386 846/713/1386
f 902/760/1387 869/738/1387 834/701/1387
f 888/761/1388 813/679/1388 869/738/1388
f 888/761/1389 889/762/1389 813/679/1389
f 889/762/1390 801/680/1390 813/679/1390
f 889/762/1391 881/739/1391 801/680/1391
f 882/740/1392 890/763/1392 815/693/1392
f 890/763/1393 847/715/1393 815/693/1393
f 890/763/1394 891/764/1394 847/715/1394
f 892/765/1395 884/752/1395 840/716/1395
f 884/752/1396 885/753/1396 805/668/1396
f 903/766/1397 870/741/1397 857/728/1397
f 893/767/1398 842/708/1398 841/707/1398
f 896/768/1399 860/730/1399 873/745/1399
f 909/769/1400 874/746/1400 829/697/1400
f 851/719/1401 897/770/1401 887/755/1401
f 887/755/1402 25/771/1402 844/711/1402
f 876/757/1403 864/722/1403 822/673/1403
f 854/723/1404 865/735/1404 799/676/1404
f 899/758/1405 877/748/1405 810/677/1405
f 900/772/1406 866/736/1406 880/751/1406
f 901/773/1407 868/725/1407 867/737/1407
f 902/760/1408 834/701/1408 868/725/1408
f 883/727/1409 892/765/1409 840/716/1409
f 903/766/1410 857/728/1410 848/717/1410
f 858/729/1411 904/774/1411 841/707/1411
f 904/774/1412 893/767/1412 841/707/1412
f 893/767/1413 894/742/1413 842/708/1413
f 905/775/1414 859/683/1414 894/742/1414
f 871/743/1415 907/776/1415 826/694/1415
f 907/776/1416 908/777/1416 826/694/1416
f 908/777/1417 886/754/1417 826/694/1417
f 886/754/1418 895/778/1418 872/744/1418
f 895/778/1419 873/745/1419 872/744/1419
f 850/718/1420 909/769/1420 829/697/1420
f 852/720/1421 910/779/1421 830/698/1421
f 876/757/1422 854/723/1422 864/722/1422
f 876/757/1423 898/780/1423 854/723/1423
f 911/781/1424 855/724/1424 865/735/1424
f 911/781/1425 899/758/1425 855/724/1425
f 900/772/1426 912/759/1426 866/736/1426
f 912/759/1427 913/782/1427 867/737/1427
f 914/783/1428 868/725/1428 901/773/1428
f 915/784/1429 838/705/1429 881/739/1429
f 916/785/1430 856/726/1430 838/705/1430
f 925/786/1431 858/729/1431 870/741/1431
f 859/683/1432 906/787/1432 871/743/1432
f 895/778/1433 896/768/1433 873/745/1433
f 896/768/1434 850/718/1434 860/730/1434
f 874/746/1435 917/788/1435 861/731/1435
f 917/788/1436 851/719/1436 861/731/1436
f 917/788/1437 897/770/1437 851/719/1437
f 887/755/1438 28/789/1438 25/771/1438
f 29/790/1439 918/791/1439 27/756/1439
f 918/791/1440 852/720/1440 27/756/1440
f 910/779/1441 875/747/1441 830/698/1441
f 862/733/1442 929/792/1442 863/734/1442
f 898/780/1443 865/735/1443 854/723/1443
f 919/793/1444 911/781/1444 865/735/1444
f 877/748/1445 879/750/1445 878/749/1445
f 920/794/1446 900/772/1446 880/751/1446
f 921/795/1447 901/773/1447 867/737/1447
f 922/796/1448 902/760/1448 868/725/1448
f 939/797/1449 869/738/1449 902/760/1449
f 939/797/1450 888/761/1450 869/738/1450
f 889/762/1451 915/784/1451 881/739/1451
f 923/798/1452 839/706/1452 856/726/1452
f 882/740/1453 924/799/1453 890/763/1453
f 847/715/1454 892/765/1454 883/727/1454
f 942/800/1455 884/752/1455 892/765/1455
f 925/786/1456 904/774/1456 858/729/1456
f 905/775/1457 906/787/1457 859/683/1457
f 908/777/1458 926/801/1458 886/754/1458
f 926/801/1459 895/778/1459 886/754/1459
f 927/802/1460 909/769/1460 850/718/1460
f 918/791/1461 910/779/1461 852/720/1461
f 928/803/1462 862/733/1462 853/721/1462
f 930/804/1463 876/757/1463 863/734/1463
f 899/758/1464 931/805/1464 877/748/1464
f 931/805/1465 879/750/1465 877/748/1465
f 879/750/1466 920/794/1466 880/751/1466
f 932/806/1467 912/759/1467 900/772/1467
f 932/806/1468 913/782/1468 912/759/1468
f 913/782/1469 921/795/1469 867/737/1469
f 921/795/1470 914/783/1470 901/773/1470
f 914/783/1471 922/796/1471 868/725/1471
f 915/784/1472 916/785/1472 838/705/1472
f 923/798/1473 882/740/1473 839/706/1473
f 933/807/1474 892/765/1474 847/715/1474
f 934/808/1475 870/741/1475 903/766/1475
f 906/787/1476 907/776/1476 871/743/1476
f 926/801/1477 896/768/1477 895/778/1477
f 947/809/1478 850/718/1478 896/768/1478
f 909/769/1479 948/810/1479 874/746/1479
f 948/810/1480 917/788/1480 874/746/1480
f 897/770/1481 935/811/1481 887/755/1481
f 950/812/1482 853/721/1482 875/747/1482
f 929/792/1483 930/804/1483 863/734/1483
f 930/804/1484 898/780/1484 876/757/1484
f 930/804/1485 936/813/1485 898/780/1485
f 937/814/1486 865/735/1486 898/780/1486
f 932/806/1487 938/815/1487 913/782/1487
f 889/762/1488 941/816/1488 915/784/1488
f 890/763/1489 956/817/1489 891/764/1489
f 956/817/1490 847/715/1490 891/764/1490
f 933/807/1491 942/800/1491 892/765/1491
f 942/800/1492 943/818/1492 884/752/1492
f 848/717/1493 944/819/1493 903/766/1493
f 934/808/1494 925/786/1494 870/741/1494
f 946/820/1495 907/776/1495 906/787/1495
f 947/809/1496 927/802/1496 850/718/1496
f 948/810/1497 909/769/1497 927/802/1497
f 964/821/1498 935/811/1498 897/770/1498
f 887/755/1499 935/811/1499 28/789/1499
f 30/822/1500 918/791/1500 29/790/1500
f 30/822/1501 910/779/1501 918/791/1501
f 949/823/1502 875/747/1502 910/779/1502
f 929/792/1503 862/733/1503 928/803/1503
f 951/824/1504 937/814/1504 898/780/1504
f 937/814/1505 919/793/1505 865/735/1505
f 911/781/1506 952/825/1506 899/758/1506
f 953/826/1507 921/795/1507 913/782/1507
f 955/827/1508 902/760/1508 922/796/1508
f 955/827/1509 939/797/1509 902/760/1509
f 939/797/1510 940/828/1510 888/761/1510
f 940/828/1511 889/762/1511 888/761/1511
f 923/798/1512 924/799/1512 882/740/1512
f 956/817/1513 933/807/1513 847/715/1513
f 957/829/1514 848/717/1514 885/753/1514
f 944/819/1515 934/808/1515 903/766/1515
f 958/830/1516 894/742/1516 893/767/1516
f 958/830/1517 905/775/1517 894/742/1517
f 945/831/1518 906/787/1518 905/775/1518
f 907/776/1519 959/832/1519 908/777/1519
f 960/833/1520 926/801/1520 908/777/1520
f 962/834/1521 927/802/1521 947/809/1521
f 964/821/1522 897/770/1522 917/788/1522
f 935/811/1523 31/835/1523 28/789/1523
f 30/822/1524 949/823/1524 910/779/1524
f 949/823/1525 950/812/1525 875/747/1525
f 950/812/1526 928/803/1526 853/721/1526
f 965/836/1527 929/792/1527 928/803/1527
f 966/837/1528 911/781/1528 919/793/1528
f 966/837/1529 952/825/1529 911/781/1529
f 984/838/1530 931/805/1530 899/758/1530
f 931/805/1531 967/839/1531 879/750/1531
f 967/839/1532 920/794/1532 879/750/1532
f 932/806/1533 900/772/1533 920/794/1533
f 953/826/1534 968/840/1534 921/795/1534
f 954/841/1535 914/783/1535 921/795/1535
f 941/816/1536 916/785/1536 915/784/1536
f 969/842/1537 970/843/1537 916/785/1537
f 970/843/1538 856/726/1538 916/785/1538
f 970/843/1539 923/798/1539 856/726/1539
f 923/798/1540 986/844/1540 924/799/1540
f 956/817/1541 890/763/1541 924/799/1541
f 956/817/1542 979/845/1542 933/807/1542
f 957/829/1543 944/819/1543 848/717/1543
f 925/786/1544 893/767/1544 904/774/1544
f 958/830/1545 945/831/1545 905/775/1545
f 971/846/1546 946/820/1546 906/787/1546
f 946/820/1547 959/832/1547 907/776/1547
f 961/847/1548 896/768/1548 926/801/1548
f 961/847/1549 947/809/1549 896/768/1549
f 962/834/1550 963/848/1550 927/802/1550
f 963/848/1551 948/810/1551 927/802/1551
f 950/812/1552 972/849/1552 928/803/1552
f 972/849/1553 965/836/1553 928/803/1553
f 936/813/1554 951/824/1554 898/780/1554
f 951/824/1555 982/850/1555 937/814/1555
f 982/850/1556 919/793/1556 937/814/1556
f 952/825/1557 984/838/1557 899/758/1557
f 984/838/1558 973/851/1558 931/805/1558
f 975/852/1559 938/815/1559 932/806/1559
f 938/815/1560 953/826/1560 913/782/1560
f 968/840/1561 954/841/1561 921/795/1561
f 976/853/1562 922/796/1562 914/783/1562
f 955/827/1563 977/854/1563 939/797/1563
f 977/854/1564 940/828/1564 939/797/1564
f 941/816/1565 969/842/1565 916/785/1565
f 986/844/1566 978/855/1566 924/799/1566
f 957/829/1567 884/752/1567 943/818/1567
f 957/829/1568 885/753/1568 884/752/1568
f 980/856/1569 893/767/1569 925/786/1569
f 959/832/1570 960/833/1570 908/777/1570
f 948/810/1571 964/821/1571 917/788/1571
f 33/857/1572 949/823/1572 30/822/1572
f 919/793/1573 983/858/1573 966/837/1573
f 967/839/1574 974/859/1574 920/794/1574
f 974/859/1575 932/806/1575 920/794/1575
f 954/841/1576 976/853/1576 914/783/1576
f 985/860/1577 889/762/1577 940/828/1577
f 985/860/1578 941/816/1578 889/762/1578
f 986/844/1579 923/798/1579 970/843/1579
f 979/845/1580 942/800/1580 933/807/1580
f 943/818/1581 987/861/1581 957/829/1581
f 988/862/1582 925/786/1582 934/808/1582
f 988/862/1583 980/856/1583 925/786/1583
f 980/856/1584 958/830/1584 893/767/1584
f 989/863/1585 945/831/1585 958/830/1585
f 971/846/1586 906/787/1586 945/831/1586
f 960/833/1587 961/847/1587 926/801/1587
f 990/864/1588 935/811/1588 964/821/1588
f 991/865/1589 31/835/1589 935/811/1589
f 965/836/1590 981/866/1590 929/792/1590
f 929/792/1591 981/866/1591 930/804/1591
f 982/850/1592 983/858/1592 919/793/1592
f 966/837/1593 993/867/1593 952/825/1593
f 967/839/1594 931/805/1594 973/851/1594
f 994/868/1595 932/806/1595 974/859/1595
f 996/869/1596 940/828/1596 977/854/1596
f 985/860/1597 969/842/1597 941/816/1597
f 997/870/1598 978/855/1598 986/844/1598
f 978/855/1599 956/817/1599 924/799/1599
f 998/871/1600 942/800/1600 979/845/1600
f 957/829/1601 1018/872/1601 944/819/1601
f 971/846/1546 959/832/1546 946/820/1546
f 960/833/1602 999/873/1602 961/847/1602
f 999/873/1603 947/809/1603 961/847/1603
f 1000/874/1604 963/848/1604 962/834/1604
f 1001/875/1605 948/810/1605 963/848/1605
f 1001/875/1606 964/821/1606 948/810/1606
f 990/864/1607 991/865/1607 935/811/1607
f 991/865/1608 32/876/1608 31/835/1608
f 33/857/1609 992/877/1609 949/823/1609
f 992/877/1610 950/812/1610 949/823/1610
f 981/866/1611 1002/878/1611 930/804/1611
f 1002/878/1612 936/813/1612 930/804/1612
f 951/824/1613 1003/879/1613 982/850/1613
f 993/867/1614 984/838/1614 952/825/1614
f 994/868/1615 975/852/1615 932/806/1615
f 1004/880/1616 976/853/1616 954/841/1616
f 997/870/1617 1005/881/1617 978/855/1617
f 1005/881/1618 956/817/1618 978/855/1618
f 998/871/1619 943/818/1619 942/800/1619
f 1006/882/1620 987/861/1620 943/818/1620
f 971/846/1621 1008/883/1621 959/832/1621
f 960/833/1622 1009/884/1622 999/873/1622
f 999/873/1623 962/834/1623 947/809/1623
f 1000/874/1624 1001/875/1624 963/848/1624
f 1001/875/1625 1010/885/1625 964/821/1625
f 1022/886/1626 981/866/1626 965/836/1626
f 984/838/1627 1012/887/1627 973/851/1627
f 973/851/1628 974/859/1628 967/839/1628
f 1013/888/1629 938/815/1629 975/852/1629
f 1013/888/1630 953/826/1630 938/815/1630
f 953/826/1631 995/889/1631 968/840/1631
f 1004/880/1632 922/796/1632 976/853/1632
f 922/796/1633 1014/890/1633 955/827/1633
f 996/869/1634 985/860/1634 940/828/1634
f 970/843/1635 1015/891/1635 986/844/1635
f 1005/881/1636 979/845/1636 956/817/1636
f 1016/892/1637 998/871/1637 979/845/1637
f 1017/893/1638 943/818/1638 998/871/1638
f 987/861/1639 1018/872/1639 957/829/1639
f 944/819/1640 988/862/1640 934/808/1640
f 1007/894/1641 958/830/1641 980/856/1641
f 1007/894/1642 989/863/1642 958/830/1642
f 989/863/1643 971/846/1643 945/831/1643
f 1019/895/1644 964/821/1644 1010/885/1644
f 1019/895/1645 990/864/1645 964/821/1645
f 1020/896/1646 992/877/1646 33/857/1646
f 1021/897/1647 972/849/1647 950/812/1647
f 1022/886/1648 965/836/1648 972/849/1648
f 1022/886/1649 1023/898/1649 981/866/1649
f 1011/899/1650 1003/879/1650 951/824/1650
f 1003/879/1651 983/858/1651 982/850/1651
f 983/858/1652 993/867/1652 966/837/1652
f 1024/900/1653 984/838/1653 993/867/1653
f 973/851/1654 1025/901/1654 974/859/1654
f 1026/902/1655 922/796/1655 1004/880/1655
f 1027/903/1656 1028/904/1656 985/860/1656
f 1028/904/1657 969/842/1657 985/860/1657
f 1029/905/1658 1015/891/1658 970/843/1658
f 1015/891/1659 997/870/1659 986/844/1659
f 1030/906/1660 1016/892/1660 979/845/1660
f 1017/893/1661 1006/882/1661 943/818/1661
f 1017/893/1662 1031/907/1662 1006/882/1662
f 1032/908/1663 960/833/1663 959/832/1663
f 1009/884/1664 1033/909/1664 999/873/1664
f 1019/895/1665 1034/910/1665 990/864/1665
f 1034/910/1666 991/865/1666 990/864/1666
f 33/857/1667 35/911/1667 1020/896/1667
f 1020/896/1668 1035/912/1668 992/877/1668
f 1035/912/1669 950/812/1669 992/877/1669
f 1021/897/1670 1036/913/1670 972/849/1670
f 1023/898/1671 1037/914/1671 981/866/1671
f 1037/914/1672 1002/878/1672 981/866/1672
f 936/813/1673 1038/915/1673 951/824/1673
f 1043/916/1674 993/867/1674 983/858/1674
f 1025/901/1675 994/868/1675 974/859/1675
f 1071/917/1676 953/826/1676 1013/888/1676
f 995/889/1677 954/841/1677 968/840/1677
f 1039/918/1678 1026/902/1678 1004/880/1678
f 996/869/1679 1027/903/1679 985/860/1679
f 1030/906/1680 979/845/1680 1005/881/1680
f 1031/907/1681 987/861/1681 1006/882/1681
f 1018/872/1682 988/862/1682 944/819/1682
f 989/863/1683 1041/919/1683 971/846/1683
f 1052/920/1684 1032/908/1684 959/832/1684
f 1000/874/1685 962/834/1685 999/873/1685
f 1042/921/1686 1010/885/1686 1001/875/1686
f 1035/912/1687 1021/897/1687 950/812/1687
f 1002/878/1688 1038/915/1688 936/813/1688
f 1011/899/1689 951/824/1689 1038/915/1689
f 1003/879/1690 1043/916/1690 983/858/1690
f 1043/916/1691 1024/900/1691 993/867/1691
f 1024/900/1692 1012/887/1692 984/838/1692
f 1012/887/1693 1044/922/1693 973/851/1693
f 1044/922/1694 1025/901/1694 973/851/1694
f 1071/917/1695 995/889/1695 953/826/1695
f 1045/923/1696 954/841/1696 995/889/1696
f 1045/923/1697 1004/880/1697 954/841/1697
f 1046/924/1698 1039/918/1698 1004/880/1698
f 1026/902/1699 1014/890/1699 922/796/1699
f 1014/890/1700 977/854/1700 955/827/1700
f 1028/904/1701 970/843/1701 969/842/1701
f 1028/904/1702 1029/905/1702 970/843/1702
f 1029/905/1703 1047/925/1703 1015/891/1703
f 1048/926/1704 997/870/1704 1015/891/1704
f 997/870/1705 1049/927/1705 1005/881/1705
f 1016/892/1706 1017/893/1706 998/871/1706
f 987/861/1707 1050/928/1707 1018/872/1707
f 1051/929/1708 980/856/1708 988/862/1708
f 1040/930/1709 1041/919/1709 989/863/1709
f 1008/883/1710 1052/920/1710 959/832/1710
f 1042/921/1711 1001/875/1711 1000/874/1711
f 1010/885/1712 1053/931/1712 1019/895/1712
f 1054/932/1713 991/865/1713 1034/910/1713
f 991/865/1714 34/933/1714 32/876/1714
f 35/911/1715 1035/912/1715 1020/896/1715
f 972/849/1716 1068/934/1716 1022/886/1716
f 1055/935/1717 1043/916/1717 1003/879/1717
f 1057/936/1718 1012/887/1718 1024/900/1718
f 1058/937/1719 1025/901/1719 1044/922/1719
f 1059/938/1720 1013/888/1720 975/852/1720
f 1060/939/1721 995/889/1721 1071/917/1721
f 1046/924/1722 1004/880/1722 1045/923/1722
f 1046/924/1723 1026/902/1723 1039/918/1723
f 1014/890/1724 1061/940/1724 977/854/1724
f 1061/940/1725 1062/941/1725 977/854/1725
f 1062/941/1726 996/869/1726 977/854/1726
f 1049/927/1727 1030/906/1727 1005/881/1727
f 1030/906/1728 1094/942/1728 1016/892/1728
f 1031/907/1729 1050/928/1729 987/861/1729
f 1051/929/1730 1007/894/1730 980/856/1730
f 1063/943/1731 960/833/1731 1032/908/1731
f 1064/944/1732 1000/874/1732 999/873/1732
f 1065/945/1733 1042/921/1733 1000/874/1733
f 1042/921/1734 1053/931/1734 1010/885/1734
f 1054/932/1735 1066/946/1735 991/865/1735
f 1066/946/1736 34/933/1736 991/865/1736
f 36/947/1737 1067/948/1737 35/911/1737
f 1067/948/1738 1035/912/1738 35/911/1738
f 1036/913/1739 1068/934/1739 972/849/1739
f 1011/899/1740 1055/935/1740 1003/879/1740
f 1069/949/1741 1056/950/1741 1043/916/1741
f 1056/950/1742 1024/900/1742 1043/916/1742
f 1070/951/1743 994/868/1743 1025/901/1743
f 1070/951/1744 1059/938/1744 994/868/1744
f 1059/938/1745 975/852/1745 994/868/1745
f 1071/917/1746 1013/888/1746 1059/938/1746
f 1072/952/1747 1045/923/1747 995/889/1747
f 1073/953/1748 1027/903/1748 996/869/1748
f 1047/925/1749 1048/926/1749 1015/891/1749
f 1074/954/1750 1030/906/1750 1049/927/1750
f 1075/955/1751 1017/893/1751 1016/892/1751
f 1017/893/1752 1076/956/1752 1031/907/1752
f 1007/894/1753 1040/930/1753 989/863/1753
f 1078/957/1754 1008/883/1754 971/846/1754
f 1052/920/1755 1063/943/1755 1032/908/1755
f 1063/943/1756 1009/884/1756 960/833/1756
f 1033/909/1757 1064/944/1757 999/873/1757
f 1064/944/1758 1065/945/1758 1000/874/1758
f 1079/958/1759 1019/895/1759 1053/931/1759
f 1080/959/1760 1022/886/1760 1068/934/1760
f 1081/960/1761 1037/914/1761 1023/898/1761
f 1037/914/1762 1038/915/1762 1002/878/1762
f 1037/914/1763 1082/961/1763 1038/915/1763
f 1055/935/1764 1069/949/1764 1043/916/1764
f 1056/950/1765 1057/936/1765 1024/900/1765
f 1057/936/1766 1044/922/1766 1012/887/1766
f 1058/937/1767 1070/951/1767 1025/901/1767
f 1084/962/1768 1059/938/1768 1070/951/1768
f 1060/939/1769 1072/952/1769 995/889/1769
f 1085/963/1770 1046/924/1770 1045/923/1770
f 1086/964/1771 1026/902/1771 1046/924/1771
f 1092/965/1772 1061/940/1772 1014/890/1772
f 1062/941/1773 1073/953/1773 996/869/1773
f 1073/953/1774 1028/904/1774 1027/903/1774
f 1048/926/1775 1110/966/1775 997/870/1775
f 1094/942/1776 1075/955/1776 1016/892/1776
f 1087/967/1777 1018/872/1777 1050/928/1777
f 1018/872/1778 1145/968/1778 988/862/1778
f 1145/968/1779 1051/929/1779 988/862/1779
f 1122/969/1780 1077/970/1780 1007/894/1780
f 1077/970/1781 1040/930/1781 1007/894/1781
f 1041/919/1782 1078/957/1782 971/846/1782
f 1088/971/1783 1064/944/1783 1033/909/1783
f 1079/958/1784 1034/910/1784 1019/895/1784
f 1089/972/1785 1054/932/1785 1034/910/1785
f 1067/948/1786 1021/897/1786 1035/912/1786
f 1021/897/1787 1090/973/1787 1036/913/1787
f 1080/959/1788 1023/898/1788 1022/886/1788
f 1038/915/1789 1083/974/1789 1011/899/1789
f 1083/974/1790 1055/935/1790 1011/899/1790
f 1091/975/1791 1044/922/1791 1057/936/1791
f 1072/952/1792 1085/963/1792 1045/923/1792
f 1085/963/1793 1086/964/1793 1046/924/1793
f 1092/965/1794 1014/890/1794 1026/902/1794
f 1110/966/1795 1049/927/1795 997/870/1795
f 1076/956/1796 1095/976/1796 1031/907/1796
f 1087/967/1797 1096/977/1797 1018/872/1797
f 1051/929/1798 1122/969/1798 1007/894/1798
f 1098/978/1799 1033/909/1799 1009/884/1799
f 1099/979/1800 1065/945/1800 1064/944/1800
f 1089/972/1801 1100/980/1801 1054/932/1801
f 1100/980/1802 1066/946/1802 1054/932/1802
f 1066/946/1803 37/981/1803 34/933/1803
f 36/947/1804 1101/982/1804 1067/948/1804
f 1101/982/1805 1102/983/1805 1067/948/1805
f 1080/959/1806 1081/960/1806 1023/898/1806
f 1082/961/1807 1083/974/1807 1038/915/1807
f 1056/950/1808 1091/975/1808 1057/936/1808
f 1091/975/1809 1058/937/1809 1044/922/1809
f 1103/984/1810 1070/951/1810 1058/937/1810
f 1104/985/1811 1071/917/1811 1059/938/1811
f 1106/986/1812 1026/902/1812 1086/964/1812
f 1106/986/1813 1092/965/1813 1026/902/1813
f 1061/940/1814 1107/987/1814 1062/941/1814
f 1093/988/1815 1028/904/1815 1073/953/1815
f 1108/989/1816 1029/905/1816 1028/904/1816
f 1108/989/1817 1109/990/1817 1029/905/1817
f 1109/990/1818 1047/925/1818 1029/905/1818
f 1110/966/1819 1074/954/1819 1049/927/1819
f 1074/954/1820 1094/942/1820 1030/906/1820
f 1075/955/1821 1111/991/1821 1017/893/1821
f 1111/991/1822 1076/956/1822 1017/893/1822
f 1096/977/1823 1145/968/1823 1018/872/1823
f 1097/992/1824 1040/930/1824 1077/970/1824
f 1078/957/1825 1052/920/1825 1008/883/1825
f 1112/993/1826 1009/884/1826 1063/943/1826
f 1065/945/1827 1053/931/1827 1042/921/1827
f 1079/958/1828 1089/972/1828 1034/910/1828
f 38/994/1829 1101/982/1829 36/947/1829
f 1102/983/1830 1021/897/1830 1067/948/1830
f 1113/995/1831 1037/914/1831 1081/960/1831
f 1113/995/1832 1082/961/1832 1037/914/1832
f 1083/974/1833 1069/949/1833 1055/935/1833
f 1069/949/1834 1114/996/1834 1056/950/1834
f 1114/996/1835 1115/997/1835 1056/950/1835
f 1115/997/1836 1091/975/1836 1056/950/1836
f 1103/984/1837 1084/962/1837 1070/951/1837
f 1103/984/1838 1117/998/1838 1084/962/1838
f 1084/962/1839 1104/985/1839 1059/938/1839
f 1133/999/1840 1060/939/1840 1071/917/1840
f 1133/999/1841 1118/1000/1841 1060/939/1841
f 1118/1000/1842 1072/952/1842 1060/939/1842
f 1119/1001/1843 1085/963/1843 1072/952/1843
f 1085/963/1844 1105/1002/1844 1086/964/1844
f 1107/987/1845 1073/953/1845 1062/941/1845
f 1093/988/1846 1108/989/1846 1028/904/1846
f 1109/990/1847 1048/926/1847 1047/925/1847
f 1110/966/1848 1121/1003/1848 1074/954/1848
f 1095/976/1849 1050/928/1849 1031/907/1849
f 1160/1004/1850 1122/969/1850 1051/929/1850
f 1112/993/1851 1098/978/1851 1009/884/1851
f 1098/978/1852 1088/971/1852 1033/909/1852
f 1088/971/1853 1099/979/1853 1064/944/1853
f 1125/1005/1854 1100/980/1854 1089/972/1854
f 1125/1005/1855 1066/946/1855 1100/980/1855
f 1126/1006/1856 1101/982/1856 38/994/1856
f 1126/1006/1857 1102/983/1857 1101/982/1857
f 1102/983/1858 1127/1007/1858 1021/897/1858
f 1127/1007/1859 1090/973/1859 1021/897/1859
f 1128/1008/1860 1036/913/1860 1090/973/1860
f 1128/1008/1861 1068/934/1861 1036/913/1861
f 1082/961/1862 1130/1009/1862 1083/974/1862
f 1083/974/1863 1114/996/1863 1069/949/1863
f 1115/997/1864 1131/1010/1864 1091/975/1864
f 1091/975/1865 1131/1010/1865 1058/937/1865
f 1131/1010/1866 1116/1011/1866 1058/937/1866
f 1132/1012/1867 1103/984/1867 1058/937/1867
f 1117/998/1868 1104/985/1868 1084/962/1868
f 1119/1001/1869 1105/1002/1869 1085/963/1869
f 1105/1002/1870 1106/986/1870 1086/964/1870
f 1120/1013/1871 1092/965/1871 1106/986/1871
f 1120/1013/1872 1061/940/1872 1092/965/1872
f 1120/1013/1873 1107/987/1873 1061/940/1873
f 1073/953/1874 1156/1014/1874 1093/988/1874
f 1121/1003/1875 1094/942/1875 1074/954/1875
f 1121/1003/1876 1144/1015/1876 1094/942/1876
f 1144/1015/1877 1075/955/1877 1094/942/1877
f 1095/976/1878 1134/1016/1878 1050/928/1878
f 1134/1016/1879 1087/967/1879 1050/928/1879
f 1134/1016/1880 1135/1017/1880 1087/967/1880
f 1122/969/1881 1097/992/1881 1077/970/1881
f 1097/992/1882 1041/919/1882 1040/930/1882
f 1097/992/1883 1078/957/1883 1041/919/1883
f 1136/1018/1884 1063/943/1884 1052/920/1884
f 1098/978/1885 1137/1019/1885 1088/971/1885
f 1099/979/1886 1138/1020/1886 1065/945/1886
f 1138/1020/1887 1123/1021/1887 1065/945/1887
f 1123/1021/1888 1053/931/1888 1065/945/1888
f 1053/931/1889 1124/1022/1889 1079/958/1889
f 39/1023/1890 37/981/1890 1066/946/1890
f 1127/1007/1891 1140/1024/1891 1090/973/1891
f 1140/1024/1892 1128/1008/1892 1090/973/1892
f 1128/1008/1893 1080/959/1893 1068/934/1893
f 1128/1008/1894 1141/1025/1894 1080/959/1894
f 1149/1026/1895 1081/960/1895 1080/959/1895
f 1113/995/1896 1129/1027/1896 1082/961/1896
f 1129/1027/1897 1130/1009/1897 1082/961/1897
f 1116/1011/1898 1132/1012/1898 1058/937/1898
f 1132/1012/1899 1117/998/1899 1103/984/1899
f 1142/1028/1900 1072/952/1900 1118/1000/1900
f 1142/1028/1901 1119/1001/1901 1072/952/1901
f 1143/1029/1902 1107/987/1902 1120/1013/1902
f 1111/991/1903 1095/976/1903 1076/956/1903
f 1135/1017/1904 1096/977/1904 1087/967/1904
f 1145/968/1905 1160/1004/1905 1051/929/1905
f 1097/992/1906 1146/1030/1906 1078/957/1906
f 1078/957/1907 1147/1031/1907 1052/920/1907
f 1147/1031/1908 1136/1018/1908 1052/920/1908
f 1137/1019/1909 1099/979/1909 1088/971/1909
f 1123/1021/1910 1139/1032/1910 1053/931/1910
f 1139/1032/1911 1124/1022/1911 1053/931/1911
f 1124/1022/1912 1148/1033/1912 1079/958/1912
f 1148/1033/1913 1089/972/1913 1079/958/1913
f 1148/1033/1914 1125/1005/1914 1089/972/1914
f 1162/1034/1915 1066/946/1915 1125/1005/1915
f 1162/1034/1916 39/1023/1916 1066/946/1916
f 40/1035/1917 1126/1006/1917 38/994/1917
f 1126/1006/1918 1127/1007/1918 1102/983/1918
f 1141/1025/1919 1149/1026/1919 1080/959/1919
f 1149/1026/1920 1113/995/1920 1081/960/1920
f 1083/974/1921 1150/1036/1921 1114/996/1921
f 1150/1036/1922 1151/1037/1922 1114/996/1922
f 1151/1037/1923 1115/997/1923 1114/996/1923
f 1152/1038/1924 1104/985/1924 1117/998/1924
f 1104/985/1925 1133/999/1925 1071/917/1925
f 1180/1039/1926 1120/1013/1926 1106/986/1926
f 1143/1029/1927 1155/1040/1927 1107/987/1927
f 1107/987/1928 1156/1014/1928 1073/953/1928
f 1156/1014/1929 1108/989/1929 1093/988/1929
f 1109/990/1930 1157/1041/1930 1048/926/1930
f 1157/1041/1931 1110/966/1931 1048/926/1931
f 1158/1042/1932 1134/1016/1932 1095/976/1932
f 1171/1043/1933 1097/992/1933 1122/969/1933
f 1146/1030/1934 1147/1031/1934 1078/957/1934
f 1136/1018/1935 1112/993/1935 1063/943/1935
f 1148/1033/1936 1162/1034/1936 1125/1005/1936
f 1163/1044/1937 39/1023/1937 1162/1034/1937
f 1126/1006/1938 1140/1024/1938 1127/1007/1938
f 1164/1045/1939 1141/1025/1939 1128/1008/1939
f 1130/1009/1940 1150/1036/1940 1083/974/1940
f 1165/1046/1941 1117/998/1941 1132/1012/1941
f 1165/1046/1942 1152/1038/1942 1117/998/1942
f 1152/1038/1943 1133/999/1943 1104/985/1943
f 1153/1047/1944 1118/1000/1944 1133/999/1944
f 1180/1039/1945 1106/986/1945 1105/1002/1945
f 1166/1048/1946 1120/1013/1946 1180/1039/1946
f 1166/1048/1947 1154/1049/1947 1120/1013/1947
f 1154/1049/1948 1143/1029/1948 1120/1013/1948
f 1108/989/1949 1167/1050/1949 1109/990/1949
f 1110/966/1950 1168/1051/1950 1121/1003/1950
f 1169/1052/1951 1144/1015/1951 1121/1003/1951
f 1144/1015/1952 1170/1053/1952 1075/955/1952
f 1170/1053/1953 1111/991/1953 1075/955/1953
f 1135/1017/1954 1159/1054/1954 1096/977/1954
f 1159/1054/1955 1145/968/1955 1096/977/1955
f 1160/1004/1956 1161/1055/1956 1122/969/1956
f 1200/1056/1957 1137/1019/1957 1098/978/1957
f 1172/1057/1958 1099/979/1958 1137/1019/1958
f 1172/1057/1959 1138/1020/1959 1099/979/1959
f 1138/1020/1960 1173/1058/1960 1123/1021/1960
f 40/1035/1961 1174/1059/1961 1126/1006/1961
f 1174/1059/1962 1140/1024/1962 1126/1006/1962
f 1175/1060/1963 1128/1008/1963 1140/1024/1963
f 1175/1060/1964 1176/1061/1964 1128/1008/1964
f 1176/1061/1965 1164/1045/1965 1128/1008/1965
f 1177/1062/1966 1129/1027/1966 1113/995/1966
f 1131/1010/1967 1178/1063/1967 1116/1011/1967
f 1178/1063/1968 1132/1012/1968 1116/1011/1968
f 1153/1047/1969 1179/1064/1969 1118/1000/1969
f 1179/1064/1970 1142/1028/1970 1118/1000/1970
f 1119/1001/1971 1180/1039/1971 1105/1002/1971
f 1184/1065/1972 1156/1014/1972 1107/987/1972
f 1156/1014/1973 1167/1050/1973 1108/989/1973
f 1167/1050/1974 1157/1041/1974 1109/990/1974
f 1185/1066/1975 1170/1053/1975 1144/1015/1975
f 1170/1053/1976 1186/1067/1976 1111/991/1976
f 1186/1067/1977 1095/976/1977 1111/991/1977
f 1186/1067/1978 1158/1042/1978 1095/976/1978
f 1161/1055/1979 1171/1043/1979 1122/969/1979
f 1187/1068/1980 1146/1030/1980 1097/992/1980
f 1188/1069/1981 1112/993/1981 1136/1018/1981
f 1123/1021/1982 1190/1070/1982 1139/1032/1982
f 1202/1071/1983 1162/1034/1983 1148/1033/1983
f 1163/1044/1984 41/1072/1984 39/1023/1984
f 1174/1059/1985 1192/1073/1985 1140/1024/1985
f 1192/1073/1986 1175/1060/1986 1140/1024/1986
f 1129/1027/1987 1193/1074/1987 1130/1009/1987
f 1194/1075/1988 1150/1036/1988 1130/1009/1988
f 1195/1076/1989 1131/1010/1989 1115/997/1989
f 1132/1012/1990 1204/1077/1990 1165/1046/1990
f 1204/1077/1991 1196/1078/1991 1165/1046/1991
f 1196/1078/1992 1152/1038/1992 1165/1046/1992
f 1205/1079/1993 1133/999/1993 1152/1038/1993
f 1205/1079/1994 1197/1080/1994 1133/999/1994
f 1142/1028/1995 1180/1039/1995 1119/1001/1995
f 1154/1049/1996 1182/1081/1996 1143/1029/1996
f 1182/1081/1997 1155/1040/1997 1143/1029/1997
f 1182/1081/1998 1183/1082/1998 1155/1040/1998
f 1155/1040/1999 1184/1065/1999 1107/987/1999
f 1184/1065/2000 1198/1083/2000 1156/1014/2000
f 1198/1083/2001 1167/1050/2001 1156/1014/2001
f 1157/1041/2002 1199/1084/2002 1110/966/2002
f 1134/1016/2003 1226/1085/2003 1135/1017/2003
f 1226/1085/2004 1159/1054/2004 1135/1017/2004
f 1171/1043/2005 1187/1068/2005 1097/992/2005
f 1211/1086/2006 1136/1018/2006 1147/1031/2006
f 1212/1087/2007 1098/978/2007 1112/993/2007
f 1212/1087/2008 1200/1056/2008 1098/978/2008
f 1200/1056/2009 1189/1088/2009 1137/1019/2009
f 1189/1088/2010 1172/1057/2010 1137/1019/2010
f 1172/1057/2011 1173/1058/2011 1138/1020/2011
f 1173/1058/2012 1190/1070/2012 1123/1021/2012
f 1201/1089/2013 1139/1032/2013 1190/1070/2013
f 1201/1089/2014 1124/1022/2014 1139/1032/2014
f 1201/1089/2015 1191/1090/2015 1124/1022/2015
f 1191/1090/2016 1148/1033/2016 1124/1022/2016
f 1202/1071/2017 1163/1044/2017 1162/1034/2017
f 42/1091/2018 1174/1059/2018 40/1035/2018
f 1192/1073/2019 1176/1061/2019 1175/1060/2019
f 1141/1025/2020 1203/1092/2020 1149/1026/2020
f 1149/1026/2021 1177/1062/2021 1113/995/2021
f 1193/1074/2022 1194/1075/2022 1130/1009/2022
f 1151/1037/2023 1195/1076/2023 1115/997/2023
f 1195/1076/2024 1178/1063/2024 1131/1010/2024
f 1178/1063/2025 1204/1077/2025 1132/1012/2025
f 1197/1080/2026 1153/1047/2026 1133/999/2026
f 1206/1093/2027 1179/1064/2027 1153/1047/2027
f 1220/1094/2028 1181/1095/2028 1180/1039/2028
f 1181/1095/2029 1166/1048/2029 1180/1039/2029
f 1222/1096/2030 1184/1065/2030 1155/1040/2030
f 1207/1097/2031 1167/1050/2031 1198/1083/2031
f 1208/1098/2032 1157/1041/2032 1167/1050/2032
f 1209/1099/2033 1199/1084/2033 1157/1041/2033
f 1199/1084/2034 1168/1051/2034 1110/966/2034
f 1168/1051/2035 1169/1052/2035 1121/1003/2035
f 1185/1066/2036 1186/1067/2036 1170/1053/2036
f 1159/1054/2037 1210/1100/2037 1145/968/2037
f 1210/1100/2038 1160/1004/2038 1145/968/2038
f 1227/1101/2039 1161/1055/2039 1160/1004/2039
f 1187/1068/2040 1211/1086/2040 1146/1030/2040
f 1211/1086/2041 1147/1031/2041 1146/1030/2041
f 1212/1087/2042 1112/993/2042 1188/1069/2042
f 1191/1090/2043 1202/1071/2043 1148/1033/2043
f 1213/1102/2044 1214/1103/2044 1163/1044/2044
f 1214/1103/2045 1215/1104/2045 1163/1044/2045
f 1215/1104/2046 41/1072/2046 1163/1044/2046
f 1149/1026/2047 1217/1105/2047 1177/1062/2047
f 1177/1062/2048 1193/1074/2048 1129/1027/2048
f 1194/1075/2049 1218/1106/2049 1150/1036/2049
f 1218/1106/2050 1151/1037/2050 1150/1036/2050
f 1219/1107/2051 1178/1063/2051 1195/1076/2051
f 1196/1078/2052 1205/1079/2052 1152/1038/2052
f 1179/1064/2053 1220/1094/2053 1142/1028/2053
f 1220/1094/2054 1180/1039/2054 1142/1028/2054
f 1166/1048/2055 1182/1081/2055 1154/1049/2055
f 1221/1108/2056 1183/1082/2056 1182/1081/2056
f 1221/1108/2057 1222/1096/2057 1183/1082/2057
f 1222/1096/2058 1155/1040/2058 1183/1082/2058
f 1169/1052/2059 1185/1066/2059 1144/1015/2059
f 1226/1085/2060 1134/1016/2060 1158/1042/2060
f 1226/1085/2061 1275/1109/2061 1159/1054/2061
f 1210/1100/2062 1227/1101/2062 1160/1004/2062
f 1161/1055/2063 1228/1110/2063 1171/1043/2063
f 1172/1057/2064 1229/1111/2064 1173/1058/2064
f 1229/1111/2065 1190/1070/2065 1173/1058/2065
f 1202/1071/2066 1213/1102/2066 1163/1044/2066
f 1215/1104/2067 43/1112/2067 41/1072/2067
f 1216/1113/2068 1176/1061/2068 1192/1073/2068
f 1164/1045/2069 1203/1092/2069 1141/1025/2069
f 1219/1107/2070 1204/1077/2070 1178/1063/2070
f 1230/1114/2071 1231/1115/2071 1204/1077/2071
f 1231/1115/2072 1196/1078/2072 1204/1077/2072
f 1232/1116/2073 1205/1079/2073 1196/1078/2073
f 1197/1080/2074 1206/1093/2074 1153/1047/2074
f 1241/1117/2075 1221/1108/2075 1182/1081/2075
f 1241/1117/2076 1234/1118/2076 1221/1108/2076
f 1234/1118/2077 1235/1119/2077 1221/1108/2077
f 1235/1119/2078 1222/1096/2078 1221/1108/2078
f 1184/1065/2079 1207/1097/2079 1198/1083/2079
f 1208/1098/2080 1167/1050/2080 1207/1097/2080
f 1208/1098/2081 1223/1120/2081 1157/1041/2081
f 1223/1120/2082 1209/1099/2082 1157/1041/2082
f 1224/1121/2083 1169/1052/2083 1168/1051/2083
f 1225/1122/2084 1185/1066/2084 1169/1052/2084
f 1243/1123/2085 1158/1042/2085 1186/1067/2085
f 1275/1109/2086 1210/1100/2086 1159/1054/2086
f 1228/1110/2087 1236/1124/2087 1171/1043/2087
f 1236/1124/2088 1187/1068/2088 1171/1043/2088
f 1237/1125/2089 1191/1090/2089 1201/1089/2089
f 1238/1126/2090 1202/1071/2090 1191/1090/2090
f 1216/1113/2091 1164/1045/2091 1176/1061/2091
f 1239/1127/2092 1203/1092/2092 1164/1045/2092
f 1203/1092/2093 1217/1105/2093 1149/1026/2093
f 1219/1107/2094 1230/1114/2094 1204/1077/2094
f 1205/1079/2095 1233/1128/2095 1197/1080/2095
f 1233/1128/2096 1206/1093/2096 1197/1080/2096
f 1240/1129/2097 1166/1048/2097 1181/1095/2097
f 1166/1048/2098 1241/1117/2098 1182/1081/2098
f 1199/1084/2099 1224/1121/2099 1168/1051/2099
f 1224/1121/2100 1242/1130/2100 1169/1052/2100
f 1244/1131/2101 1136/1018/2101 1211/1086/2101
f 1244/1131/2102 1188/1069/2102 1136/1018/2102
f 1244/1131/2103 1260/1132/2103 1188/1069/2103
f 1212/1087/2104 1261/1133/2104 1200/1056/2104
f 1189/1088/2105 1277/1134/2105 1172/1057/2105
f 1263/1135/2106 1229/1111/2106 1172/1057/2106
f 1213/1102/2107 1202/1071/2107 1238/1126/2107
f 44/1136/2108 1174/1059/2108 42/1091/2108
f 1174/1059/2109 1245/1137/2109 1192/1073/2109
f 1245/1137/2110 1216/1113/2110 1192/1073/2110
f 1246/1138/2111 1239/1127/2111 1164/1045/2111
f 1247/1139/2112 1193/1074/2112 1177/1062/2112
f 1218/1106/2113 1195/1076/2113 1151/1037/2113
f 1248/1140/2114 1219/1107/2114 1195/1076/2114
f 1231/1115/2115 1232/1116/2115 1196/1078/2115
f 1249/1141/2116 1206/1093/2116 1233/1128/2116
f 1250/1142/2117 1179/1064/2117 1206/1093/2117
f 1179/1064/2118 1250/1142/2118 1220/1094/2118
f 1251/1143/2119 1181/1095/2119 1220/1094/2119
f 1252/1144/2120 1234/1118/2120 1241/1117/2120
f 1252/1144/2121 1235/1119/2121 1234/1118/2121
f 1235/1119/2122 1253/1145/2122 1222/1096/2122
f 1253/1145/2123 1254/1146/2123 1222/1096/2123
f 1254/1146/2124 1184/1065/2124 1222/1096/2124
f 1254/1146/2125 1255/1147/2125 1184/1065/2125
f 1255/1147/2126 1207/1097/2126 1184/1065/2126
f 1256/1148/2127 1208/1098/2127 1207/1097/2127
f 1256/1148/2128 1223/1120/2128 1208/1098/2128
f 1225/1122/2129 1257/1149/2129 1185/1066/2129
f 1185/1066/2130 1243/1123/2130 1186/1067/2130
f 1287/1150/2131 1210/1100/2131 1275/1109/2131
f 1259/1151/2132 1236/1124/2132 1228/1110/2132
f 1260/1132/2133 1212/1087/2133 1188/1069/2133
f 1262/1152/2134 1189/1088/2134 1200/1056/2134
f 1277/1134/2135 1263/1135/2135 1172/1057/2135
f 1229/1111/2136 1264/1153/2136 1190/1070/2136
f 1264/1153/2137 1201/1089/2137 1190/1070/2137
f 1264/1153/2138 1237/1125/2138 1201/1089/2138
f 1237/1125/2139 1265/1154/2139 1191/1090/2139
f 1265/1154/2140 1238/1126/2140 1191/1090/2140
f 1266/1155/2141 1213/1102/2141 1238/1126/2141
f 1214/1103/2142 43/1112/2142 1215/1104/2142
f 44/1136/2143 1267/1156/2143 1174/1059/2143
f 1267/1156/2144 1245/1137/2144 1174/1059/2144
f 1216/1113/2145 1268/1157/2145 1164/1045/2145
f 1247/1139/2146 1177/1062/2146 1217/1105/2146
f 1193/1074/2147 1270/1158/2147 1194/1075/2147
f 1270/1158/2148 1218/1106/2148 1194/1075/2148
f 1248/1140/2149 1271/1159/2149 1219/1107/2149
f 1251/1143/2150 1240/1129/2150 1181/1095/2150
f 1166/1048/2151 1252/1144/2151 1241/1117/2151
f 1273/1160/2152 1235/1119/2152 1252/1144/2152
f 1273/1160/2153 1253/1145/2153 1235/1119/2153
f 1305/1161/2154 1209/1099/2154 1223/1120/2154
f 1274/1162/2155 1169/1052/2155 1242/1130/2155
f 1276/1163/2156 1210/1100/2156 1287/1150/2156
f 1276/1163/2157 1227/1101/2157 1210/1100/2157
f 1227/1101/2158 1297/1164/2158 1161/1055/2158
f 1258/1165/2159 1228/1110/2159 1161/1055/2159
f 1211/1086/2160 1288/1166/2160 1244/1131/2160
f 1262/1152/2161 1277/1134/2161 1189/1088/2161
f 1278/1167/2162 1263/1135/2162 1277/1134/2162
f 1265/1154/2163 1266/1155/2163 1238/1126/2163
f 1268/1157/2164 1246/1138/2164 1164/1045/2164
f 1269/1168/2165 1247/1139/2165 1217/1105/2165
f 1218/1106/2166 1279/1169/2166 1195/1076/2166
f 1271/1159/2167 1230/1114/2167 1219/1107/2167
f 1280/1170/2168 1231/1115/2168 1230/1114/2168
f 1280/1170/2169 1281/1171/2169 1231/1115/2169
f 1249/1141/2170 1250/1142/2170 1206/1093/2170
f 1282/1172/2171 1251/1143/2171 1220/1094/2171
f 1240/1129/2172 1272/1173/2172 1166/1048/2172
f 1272/1173/2173 1252/1144/2173 1166/1048/2173
f 1272/1173/2174 1283/1174/2174 1252/1144/2174
f 1283/1174/2175 1273/1160/2175 1252/1144/2175
f 1283/1174/2176 1284/1175/2176 1273/1160/2176
f 1284/1175/2177 1253/1145/2177 1273/1160/2177
f 1255/1147/2178 1256/1148/2178 1207/1097/2178
f 1256/1148/2179 1305/1161/2179 1223/1120/2179
f 1285/1176/2180 1199/1084/2180 1209/1099/2180
f 1285/1176/2181 1224/1121/2181 1199/1084/2181
f 1286/1177/2182 1274/1162/2182 1242/1130/2182
f 1274/1162/2183 1225/1122/2183 1169/1052/2183
f 1257/1149/2184 1243/1123/2184 1185/1066/2184
f 1243/1123/2185 1296/1178/2185 1158/1042/2185
f 1158/1042/2186 1296/1178/2186 1226/1085/2186
f 1258/1165/2187 1259/1151/2187 1228/1110/2187
f 1236/1124/2188 1211/1086/2188 1187/1068/2188
f 1261/1133/2189 1262/1152/2189 1200/1056/2189
f 1229/1111/2190 1310/1179/2190 1264/1153/2190
f 1264/1153/2191 1289/1180/2191 1237/1125/2191
f 1266/1155/2192 1291/1181/2192 1213/1102/2192
f 1291/1181/2193 1214/1103/2193 1213/1102/2193
f 1292/1182/2194 43/1112/2194 1214/1103/2194
f 45/1183/2195 1293/1184/2195 44/1136/2195
f 1293/1184/2196 1267/1156/2196 44/1136/2196
f 1245/1137/2197 1294/1185/2197 1216/1113/2197
f 1300/1186/2198 1217/1105/2198 1203/1092/2198
f 1247/1139/2199 1270/1158/2199 1193/1074/2199
f 1279/1169/2200 1248/1140/2200 1195/1076/2200
f 1271/1159/2201 1280/1170/2201 1230/1114/2201
f 1281/1171/2202 1232/1116/2202 1231/1115/2202
f 1232/1116/2203 1295/1187/2203 1205/1079/2203
f 1295/1187/2204 1233/1128/2204 1205/1079/2204
f 1295/1187/2205 1249/1141/2205 1233/1128/2205
f 1303/1188/2206 1220/1094/2206 1250/1142/2206
f 1303/1188/2207 1282/1172/2207 1220/1094/2207
f 1240/1129/2208 1304/1189/2208 1272/1173/2208
f 1305/1161/2209 1285/1176/2209 1209/1099/2209
f 1285/1176/2210 1242/1130/2210 1224/1121/2210
f 1296/1178/2211 1275/1109/2211 1226/1085/2211
f 1297/1164/2212 1258/1165/2212 1161/1055/2212
f 1236/1124/2213 1288/1166/2213 1211/1086/2213
f 1298/1190/2214 1212/1087/2214 1260/1132/2214
f 1298/1190/2215 1261/1133/2215 1212/1087/2215
f 1299/1191/2216 1278/1167/2216 1277/1134/2216
f 1278/1167/2217 1229/1111/2217 1263/1135/2217
f 1290/1192/2218 1291/1181/2218 1266/1155/2218
f 1314/1193/2219 1245/1137/2219 1267/1156/2219
f 1300/1186/2220 1203/1092/2220 1239/1127/2220
f 1300/1186/2221 1269/1168/2221 1217/1105/2221
f 1301/1194/2222 1250/1142/2222 1249/1141/2222
f 1301/1194/2223 1302/1195/2223 1250/1142/2223
f 1302/1195/2224 1303/1188/2224 1250/1142/2224
f 1304/1189/2225 1240/1129/2225 1251/1143/2225
f 1272/1173/2226 1318/1196/2226 1283/1174/2226
f 1283/1174/2227 1318/1196/2227 1284/1175/2227
f 1343/1197/2228 1254/1146/2228 1253/1145/2228
f 1320/1198/2229 1255/1147/2229 1254/1146/2229
f 1255/1147/2230 1305/1161/2230 1256/1148/2230
f 1257/1149/2231 1306/1199/2231 1243/1123/2231
f 1307/1200/2232 1275/1109/2232 1296/1178/2232
f 1276/1163/2233 1297/1164/2233 1227/1101/2233
f 1308/1201/2234 1260/1132/2234 1244/1131/2234
f 1308/1201/2235 1298/1190/2235 1260/1132/2235
f 1261/1133/2236 1309/1202/2236 1262/1152/2236
f 1278/1167/2237 1310/1179/2237 1229/1111/2237
f 1310/1179/2238 1311/1203/2238 1264/1153/2238
f 1311/1203/2239 1289/1180/2239 1264/1153/2239
f 1237/1125/2240 1312/1204/2240 1265/1154/2240
f 1312/1204/2241 1266/1155/2241 1265/1154/2241
f 1312/1204/2242 1290/1192/2242 1266/1155/2242
f 1291/1181/2243 1292/1182/2243 1214/1103/2243
f 1314/1193/2244 1267/1156/2244 1293/1184/2244
f 1314/1193/2245 1294/1185/2245 1245/1137/2245
f 1294/1185/2246 1268/1157/2246 1216/1113/2246
f 1315/1205/2247 1269/1168/2247 1300/1186/2247
f 1316/1206/2248 1270/1158/2248 1247/1139/2248
f 1317/1207/2249 1281/1171/2249 1280/1170/2249
f 1281/1171/2250 1295/1187/2250 1232/1116/2250
f 1295/1187/2251 1301/1194/2251 1249/1141/2251
f 1304/1189/2252 1318/1196/2252 1272/1173/2252
f 1319/1208/2253 1284/1175/2253 1318/1196/2253
f 1284/1175/2254 1343/1197/2254 1253/1145/2254
f 1321/1209/2255 1255/1147/2255 1320/1198/2255
f 1333/1210/2256 1285/1176/2256 1305/1161/2256
f 1322/1211/2257 1257/1149/2257 1225/1122/2257
f 1306/1199/2258 1323/1212/2258 1243/1123/2258
f 1323/1212/2259 1296/1178/2259 1243/1123/2259
f 1324/1213/2260 1287/1150/2260 1275/1109/2260
f 1326/1214/2261 1259/1151/2261 1258/1165/2261
f 1288/1166/2262 1308/1201/2262 1244/1131/2262
f 1327/1215/2263 1277/1134/2263 1262/1152/2263
f 1327/1215/2264 1299/1191/2264 1277/1134/2264
f 1290/1192/2265 1313/1216/2265 1291/1181/2265
f 45/1183/2266 1314/1193/2266 1293/1184/2266
f 1294/1185/2267 1329/1217/2267 1268/1157/2267
f 1239/1127/2268 1340/1218/2268 1300/1186/2268
f 1330/1219/2269 1247/1139/2269 1269/1168/2269
f 1279/1169/2270 1331/1220/2270 1248/1140/2270
f 1331/1220/2271 1271/1159/2271 1248/1140/2271
f 1282/1172/2272 1304/1189/2272 1251/1143/2272
f 1304/1189/2273 1332/1221/2273 1318/1196/2273
f 1343/1197/2274 1320/1198/2274 1254/1146/2274
f 1346/1222/2275 1225/1122/2275 1274/1162/2275
f 1322/1211/2276 1306/1199/2276 1257/1149/2276
f 1287/1150/2277 1335/1223/2277 1276/1163/2277
f 1335/1223/2278 1297/1164/2278 1276/1163/2278
f 1325/1224/2279 1258/1165/2279 1297/1164/2279
f 1309/1202/2280 1261/1133/2280 1298/1190/2280
f 1336/1225/2281 1262/1152/2281 1309/1202/2281
f 1311/1203/2282 1237/1125/2282 1289/1180/2282
f 1311/1203/2283 1312/1204/2283 1237/1125/2283
f 1312/1204/2284 1338/1226/2284 1290/1192/2284
f 1313/1216/2285 1292/1182/2285 1291/1181/2285
f 1313/1216/2286 1349/1227/2286 1292/1182/2286
f 1292/1182/2287 1339/1228/2287 43/1112/2287
f 1314/1193/2288 1328/1229/2288 1294/1185/2288
f 1328/1229/2289 1329/1217/2289 1294/1185/2289
f 1340/1218/2290 1239/1127/2290 1246/1138/2290
f 1330/1219/2291 1316/1206/2291 1247/1139/2291
f 1316/1206/2292 1351/1230/2292 1270/1158/2292
f 1270/1158/2293 1341/1231/2293 1218/1106/2293
f 1341/1231/2294 1279/1169/2294 1218/1106/2294
f 1352/1232/2295 1331/1220/2295 1279/1169/2295
f 1331/1220/2296 1280/1170/2296 1271/1159/2296
f 1342/1233/2297 1301/1194/2297 1295/1187/2297
f 1319/1208/2298 1343/1197/2298 1284/1175/2298
f 1344/1234/2299 1320/1198/2299 1343/1197/2299
f 1345/1235/2300 1305/1161/2300 1255/1147/2300
f 1345/1235/2301 1333/1210/2301 1305/1161/2301
f 1333/1210/2302 1334/1236/2302 1285/1176/2302
f 1334/1236/2303 1242/1130/2303 1285/1176/2303
f 1346/1222/2304 1274/1162/2304 1286/1177/2304
f 1346/1222/2305 1322/1211/2305 1225/1122/2305
f 1323/1212/2306 1307/1200/2306 1296/1178/2306
f 1275/1109/2307 1356/1237/2307 1324/1213/2307
f 1347/1238/2308 1287/1150/2308 1324/1213/2308
f 1325/1224/2309 1326/1214/2309 1258/1165/2309
f 1372/1239/2310 1348/1240/2310 1236/1124/2310
f 1348/1240/2311 1288/1166/2311 1236/1124/2311
f 1348/1240/2312 1308/1201/2312 1288/1166/2312
f 1357/1241/2313 1298/1190/2313 1308/1201/2313
f 1336/1225/2314 1327/1215/2314 1262/1152/2314
f 1278/1167/2315 1337/1242/2315 1310/1179/2315
f 1338/1226/2316 1313/1216/2316 1290/1192/2316
f 1349/1227/2317 1339/1228/2317 1292/1182/2317
f 45/1183/2318 46/1243/2318 1314/1193/2318
f 1329/1217/2319 1246/1138/2319 1268/1157/2319
f 1340/1218/2320 1315/1205/2320 1300/1186/2320
f 1330/1219/2321 1269/1168/2321 1315/1205/2321
f 1351/1230/2322 1341/1231/2322 1270/1158/2322
f 1317/1207/2323 1295/1187/2323 1281/1171/2323
f 1282/1172/2324 1369/1244/2324 1304/1189/2324
f 1369/1244/2325 1353/1245/2325 1304/1189/2325
f 1321/1209/2326 1345/1235/2326 1255/1147/2326
f 1354/1246/2327 1286/1177/2327 1242/1130/2327
f 1354/1246/2328 1346/1222/2328 1286/1177/2328
f 1323/1212/2329 1355/1247/2329 1307/1200/2329
f 1356/1237/2330 1275/1109/2330 1307/1200/2330
f 1335/1223/2331 1325/1224/2331 1297/1164/2331
f 1326/1214/2332 1371/1248/2332 1259/1151/2332
f 1371/1248/2333 1236/1124/2333 1259/1151/2333
f 1327/1215/2334 1358/1249/2334 1299/1191/2334
f 1358/1249/2335 1278/1167/2335 1299/1191/2335
f 1359/1250/2336 1310/1179/2336 1337/1242/2336
f 1359/1250/2337 1311/1203/2337 1310/1179/2337
f 1360/1251/2338 1312/1204/2338 1311/1203/2338
f 1338/1226/2339 1361/1252/2339 1313/1216/2339
f 1361/1252/2340 1349/1227/2340 1313/1216/2340
f 1362/1253/2341 1339/1228/2341 1349/1227/2341
f 46/1243/2342 1363/1254/2342 1314/1193/2342
f 1363/1254/2343 1328/1229/2343 1314/1193/2343
f 1363/1254/2344 1350/1255/2344 1328/1229/2344
f 1350/1255/2345 1329/1217/2345 1328/1229/2345
f 1341/1231/2346 1352/1232/2346 1279/1169/2346
f 1366/1256/2347 1331/1220/2347 1352/1232/2347
f 1367/1257/2348 1295/1187/2348 1317/1207/2348
f 1367/1257/2349 1342/1233/2349 1295/1187/2349
f 1378/1258/2350 1302/1195/2350 1301/1194/2350
f 1368/1259/2351 1303/1188/2351 1302/1195/2351
f 1303/1188/2352 1369/1244/2352 1282/1172/2352
f 1353/1245/2353 1332/1221/2353 1304/1189/2353
f 1370/1260/2354 1320/1198/2354 1344/1234/2354
f 1370/1260/2355 1321/1209/2355 1320/1198/2355
f 1345/1235/2356 1334/1236/2356 1333/1210/2356
f 1334/1236/2357 1354/1246/2357 1242/1130/2357
f 1347/1238/2358 1335/1223/2358 1287/1150/2358
f 1360/1251/2359 1338/1226/2359 1312/1204/2359
f 1373/1261/2360 1362/1253/2360 1349/1227/2360
f 48/1262/2361 1363/1254/2361 46/1243/2361
f 1329/1217/2362 1364/1263/2362 1246/1138/2362
f 1340/1218/2363 1365/1264/2363 1315/1205/2363
f 1365/1264/2364 1330/1219/2364 1315/1205/2364
f 1330/1219/2365 1374/1265/2365 1316/1206/2365
f 1366/1256/2366 1280/1170/2366 1331/1220/2366
f 1375/1266/2367 1317/1207/2367 1280/1170/2367
f 1375/1266/2368 1376/1267/2368 1317/1207/2368
f 1377/1268/2369 1301/1194/2369 1342/1233/2369
f 1377/1268/2370 1378/1258/2370 1301/1194/2370
f 1378/1258/2371 1368/1259/2371 1302/1195/2371
f 1332/1221/2372 1379/1269/2372 1318/1196/2372
f 1379/1269/2373 1319/1208/2373 1318/1196/2373
f 1343/1197/2374 1370/1260/2374 1344/1234/2374
f 1380/1270/2375 1334/1236/2375 1345/1235/2375
f 1381/1271/2376 1354/1246/2376 1334/1236/2376
f 1322/1211/2377 1416/1272/2377 1306/1199/2377
f 1416/1272/2378 1323/1212/2378 1306/1199/2378
f 1393/1273/2379 1335/1223/2379 1347/1238/2379
f 1382/1274/2380 1326/1214/2380 1325/1224/2380
f 1382/1274/2381 1371/1248/2381 1326/1214/2381
f 1383/1275/2382 1348/1240/2382 1372/1239/2382
f 1348/1240/2383 1357/1241/2383 1308/1201/2383
f 1357/1241/2384 1384/1276/2384 1298/1190/2384
f 1384/1276/2385 1309/1202/2385 1298/1190/2385
f 1384/1276/2386 1336/1225/2386 1309/1202/2386
f 1358/1249/2387 1337/1242/2387 1278/1167/2387
f 1359/1250/2388 1385/1277/2388 1311/1203/2388
f 1360/1251/2389 1361/1252/2389 1338/1226/2389
f 1386/1278/2390 1349/1227/2390 1361/1252/2390
f 1386/1278/2391 1373/1261/2391 1349/1227/2391
f 1362/1253/2392 47/1279/2392 1339/1228/2392
f 48/1262/2393 1387/1280/2393 1363/1254/2393
f 1363/1254/2394 1387/1280/2394 1350/1255/2394
f 1387/1280/2395 1388/1281/2395 1350/1255/2395
f 1388/1281/2396 1329/1217/2396 1350/1255/2396
f 1388/1281/2397 1364/1263/2397 1329/1217/2397
f 1364/1263/2398 1407/1282/2398 1246/1138/2398
f 1407/1282/2399 1340/1218/2399 1246/1138/2399
f 1365/1264/2400 1389/1283/2400 1330/1219/2400
f 1390/1284/2401 1369/1244/2401 1303/1188/2401
f 1391/1285/2402 1353/1245/2402 1369/1244/2402
f 1401/1286/2403 1370/1260/2403 1343/1197/2403
f 1346/1222/2404 1416/1272/2404 1322/1211/2404
f 1394/1287/2405 1325/1224/2405 1335/1223/2405
f 1371/1248/2406 1372/1239/2406 1236/1124/2406
f 1383/1275/2407 1357/1241/2407 1348/1240/2407
f 1396/1288/2408 1327/1215/2408 1336/1225/2408
f 1385/1277/2409 1360/1251/2409 1311/1203/2409
f 1397/1289/2410 1361/1252/2410 1360/1251/2410
f 1340/1218/2411 1398/1290/2411 1365/1264/2411
f 1389/1283/2412 1374/1265/2412 1330/1219/2412
f 1316/1206/2413 1408/1291/2413 1351/1230/2413
f 1408/1291/2414 1341/1231/2414 1351/1230/2414
f 1399/1292/2415 1375/1266/2415 1366/1256/2415
f 1375/1266/2416 1280/1170/2416 1366/1256/2416
f 1376/1267/2417 1367/1257/2417 1317/1207/2417
f 1400/1293/2418 1368/1259/2418 1378/1258/2418
f 1401/1286/2419 1343/1197/2419 1319/1208/2419
f 1392/1294/2420 1345/1235/2420 1321/1209/2420
f 1392/1294/2421 1380/1270/2421 1345/1235/2421
f 1380/1270/2422 1381/1271/2422 1334/1236/2422
f 1354/1246/2423 1402/1295/2423 1346/1222/2423
f 1355/1247/2424 1403/1296/2424 1307/1200/2424
f 1403/1296/2425 1356/1237/2425 1307/1200/2425
f 1394/1287/2426 1395/1297/2426 1325/1224/2426
f 1395/1297/2427 1382/1274/2427 1325/1224/2427
f 1405/1298/2428 1397/1289/2428 1360/1251/2428
f 1406/1299/2429 1386/1278/2429 1361/1252/2429
f 1408/1291/2430 1316/1206/2430 1374/1265/2430
f 1341/1231/2431 1366/1256/2431 1352/1232/2431
f 1409/1300/2432 1378/1258/2432 1377/1268/2432
f 1409/1300/2433 1400/1293/2433 1378/1258/2433
f 1368/1259/2434 1390/1284/2434 1303/1188/2434
f 1410/1301/2435 1353/1245/2435 1391/1285/2435
f 1410/1301/2436 1379/1269/2436 1353/1245/2436
f 1353/1245/2437 1379/1269/2437 1332/1221/2437
f 1379/1269/2438 1401/1286/2438 1319/1208/2438
f 1370/1260/2439 1412/1302/2439 1321/1209/2439
f 1412/1302/2440 1392/1294/2440 1321/1209/2440
f 1413/1303/2441 1414/1304/2441 1380/1270/2441
f 1414/1304/2442 1381/1271/2442 1380/1270/2442
f 1415/1305/2443 1402/1295/2443 1354/1246/2443
f 1402/1295/2444 1416/1272/2444 1346/1222/2444
f 1417/1306/2445 1323/1212/2445 1416/1272/2445
f 1324/1213/2446 1393/1273/2446 1347/1238/2446
f 1393/1273/2447 1418/1307/2447 1335/1223/2447
f 1395/1297/2448 1419/1308/2448 1382/1274/2448
f 1382/1274/2449 1404/1309/2449 1371/1248/2449
f 1420/1310/2450 1372/1239/2450 1371/1248/2450
f 1422/1311/2451 1384/1276/2451 1357/1241/2451
f 1384/1276/2452 1396/1288/2452 1336/1225/2452
f 1423/1312/2453 1337/1242/2453 1358/1249/2453
f 1424/1313/2454 1359/1250/2454 1337/1242/2454
f 1405/1298/2455 1360/1251/2455 1385/1277/2455
f 1397/1289/2456 1406/1299/2456 1361/1252/2456
f 1386/1278/2457 1425/1314/2457 1373/1261/2457
f 1373/1261/2458 47/1279/2458 1362/1253/2458
f 1426/1315/2459 1388/1281/2459 1387/1280/2459
f 1427/1316/2460 1364/1263/2460 1388/1281/2460
f 1427/1316/2461 1407/1282/2461 1364/1263/2461
f 1407/1282/2462 1428/1317/2462 1340/1218/2462
f 1428/1317/2463 1398/1290/2463 1340/1218/2463
f 1429/1318/2464 1430/1319/2464 1374/1265/2464
f 1430/1319/2465 1408/1291/2465 1374/1265/2465
f 1432/1320/2466 1342/1233/2466 1367/1257/2466
f 1342/1233/2467 1409/1300/2467 1377/1268/2467
f 1443/1321/2468 1390/1284/2468 1368/1259/2468
f 1390/1284/2469 1433/1322/2469 1369/1244/2469
f 1433/1322/2470 1391/1285/2470 1369/1244/2470
f 1433/1322/2471 1410/1301/2471 1391/1285/2471
f 1401/1286/2472 1411/1323/2472 1370/1260/2472
f 1411/1323/2473 1412/1302/2473 1370/1260/2473
f 1381/1271/2474 1415/1305/2474 1354/1246/2474
f 1403/1296/2475 1434/1324/2475 1356/1237/2475
f 1418/1307/2476 1394/1287/2476 1335/1223/2476
f 1404/1309/2477 1420/1310/2477 1371/1248/2477
f 1420/1310/2478 1435/1325/2478 1372/1239/2478
f 1435/1325/2479 1383/1275/2479 1372/1239/2479
f 1383/1275/2480 1421/1326/2480 1357/1241/2480
f 1436/1327/2481 1396/1288/2481 1384/1276/2481
f 1396/1288/2482 1358/1249/2482 1327/1215/2482
f 1423/1312/2483 1424/1313/2483 1337/1242/2483
f 1424/1313/2484 1385/1277/2484 1359/1250/2484
f 1437/1328/2485 1406/1299/2485 1397/1289/2485
f 49/1329/2486 1387/1280/2486 48/1262/2486
f 1438/1330/2487 1388/1281/2487 1426/1315/2487
f 1438/1330/2488 1427/1316/2488 1388/1281/2488
f 1389/1283/2489 1429/1318/2489 1374/1265/2489
f 1408/1291/2490 1440/1331/2490 1341/1231/2490
f 1441/1332/2491 1399/1292/2491 1366/1256/2491
f 1431/1333/2492 1376/1267/2492 1375/1266/2492
f 1400/1293/2493 1443/1321/2493 1368/1259/2493
f 1433/1322/2494 1444/1334/2494 1410/1301/2494
f 1444/1334/2495 1379/1269/2495 1410/1301/2495
f 1412/1302/2496 1446/1335/2496 1392/1294/2496
f 1392/1294/2497 1413/1303/2497 1380/1270/2497
f 1417/1306/2498 1355/1247/2498 1323/1212/2498
f 1434/1324/2499 1324/1213/2499 1356/1237/2499
f 1394/1287/2500 1453/1336/2500 1395/1297/2500
f 1453/1336/2501 1419/1308/2501 1395/1297/2501
f 1419/1308/2502 1404/1309/2502 1382/1274/2502
f 1421/1326/2503 1422/1311/2503 1357/1241/2503
f 1422/1311/2504 1436/1327/2504 1384/1276/2504
f 1405/1298/2505 1449/1337/2505 1397/1289/2505
f 1449/1337/2506 1437/1328/2506 1397/1289/2506
f 1406/1299/2507 1425/1314/2507 1386/1278/2507
f 49/1329/2508 1426/1315/2508 1387/1280/2508
f 1450/1338/2509 1407/1282/2509 1427/1316/2509
f 1451/1339/2510 1428/1317/2510 1407/1282/2510
f 1428/1317/2511 1439/1340/2511 1398/1290/2511
f 1439/1340/2512 1365/1264/2512 1398/1290/2512
f 1439/1340/2513 1389/1283/2513 1365/1264/2513
f 1430/1319/2514 1440/1331/2514 1408/1291/2514
f 1440/1331/2515 1366/1256/2515 1341/1231/2515
f 1440/1331/2516 1441/1332/2516 1366/1256/2516
f 1431/1333/2517 1442/1341/2517 1376/1267/2517
f 1376/1267/2518 1432/1320/2518 1367/1257/2518
f 1445/1342/2519 1411/1323/2519 1401/1286/2519
f 1446/1335/2520 1413/1303/2520 1392/1294/2520
f 1447/1343/2521 1415/1305/2521 1381/1271/2521
f 1452/1344/2522 1324/1213/2522 1434/1324/2522
f 1452/1344/2523 1393/1273/2523 1324/1213/2523
f 1435/1325/2524 1448/1345/2524 1383/1275/2524
f 1436/1327/2525 1502/1346/2525 1396/1288/2525
f 1396/1288/2526 1423/1312/2526 1358/1249/2526
f 1449/1337/2527 1405/1298/2527 1385/1277/2527
f 1454/1347/2528 1427/1316/2528 1438/1330/2528
f 1450/1338/2529 1451/1339/2529 1407/1282/2529
f 1442/1341/2530 1432/1320/2530 1376/1267/2530
f 1455/1348/2531 1409/1300/2531 1342/1233/2531
f 1455/1348/2532 1400/1293/2532 1409/1300/2532
f 1469/1349/2533 1433/1322/2533 1390/1284/2533
f 1457/1350/2534 1412/1302/2534 1411/1323/2534
f 1446/1335/2535 1458/1351/2535 1413/1303/2535
f 1413/1303/2536 1458/1351/2536 1414/1304/2536
f 1459/1352/2537 1416/1272/2537 1402/1295/2537
f 1462/1353/2538 1422/1311/2538 1421/1326/2538
f 1503/1354/2539 1385/1277/2539 1424/1313/2539
f 1463/1355/2540 1449/1337/2540 1385/1277/2540
f 1473/1356/2541 1464/1357/2541 1373/1261/2541
f 1464/1357/2542 47/1279/2542 1373/1261/2542
f 49/1329/2543 1454/1347/2543 1426/1315/2543
f 1454/1347/2544 1438/1330/2544 1426/1315/2544
f 1454/1347/2545 1450/1338/2545 1427/1316/2545
f 1465/1358/2546 1451/1339/2546 1450/1338/2546
f 1389/1283/2547 1466/1359/2547 1429/1318/2547
f 1466/1359/2548 1430/1319/2548 1429/1318/2548
f 1467/1360/2549 1441/1332/2549 1440/1331/2549
f 1432/1320/2550 1455/1348/2550 1342/1233/2550
f 1455/1348/2551 1468/1361/2551 1400/1293/2551
f 1481/1362/2552 1445/1342/2552 1401/1286/2552
f 1481/1362/2553 1411/1323/2553 1445/1342/2553
f 1481/1362/2554 1456/1363/2554 1411/1323/2554
f 1457/1350/2555 1446/1335/2555 1412/1302/2555
f 1457/1350/2556 1470/1364/2556 1446/1335/2556
f 1447/1343/2557 1381/1271/2557 1414/1304/2557
f 1459/1352/2558 1402/1295/2558 1415/1305/2558
f 1417/1306/2559 1403/1296/2559 1355/1247/2559
f 1418/1307/2560 1460/1365/2560 1394/1287/2560
f 1460/1365/2561 1453/1336/2561 1394/1287/2561
f 1404/1309/2562 1501/1366/2562 1420/1310/2562
f 1501/1366/2563 1461/1367/2563 1420/1310/2563
f 1448/1345/2564 1462/1353/2564 1383/1275/2564
f 1462/1353/2565 1421/1326/2565 1383/1275/2565
f 1502/1346/2566 1423/1312/2566 1396/1288/2566
f 1472/1368/2567 1424/1313/2567 1423/1312/2567
f 1463/1355/2568 1385/1277/2568 1503/1354/2568
f 1437/1328/2569 1487/1369/2569 1406/1299/2569
f 1406/1299/2570 1473/1356/2570 1425/1314/2570
f 1473/1356/2571 1373/1261/2571 1425/1314/2571
f 1464/1357/2572 50/1370/2572 47/1279/2572
f 1428/1317/2573 1475/1371/2573 1439/1340/2573
f 1439/1340/2574 1466/1359/2574 1389/1283/2574
f 1476/1372/2575 1430/1319/2575 1466/1359/2575
f 1477/1373/2576 1440/1331/2576 1430/1319/2576
f 1441/1332/2577 1375/1266/2577 1399/1292/2577
f 1441/1332/2578 1431/1333/2578 1375/1266/2578
f 1478/1374/2579 1442/1341/2579 1431/1333/2579
f 1478/1374/2580 1432/1320/2580 1442/1341/2580
f 1432/1320/2581 1479/1375/2581 1455/1348/2581
f 1443/1321/2582 1469/1349/2582 1390/1284/2582
f 1469/1349/2583 1494/1376/2583 1433/1322/2583
f 1494/1376/2584 1444/1334/2584 1433/1322/2584
f 1480/1377/2585 1379/1269/2585 1444/1334/2585
f 1480/1377/2586 1481/1362/2586 1379/1269/2586
f 1481/1362/2587 1401/1286/2587 1379/1269/2587
f 1456/1363/2588 1482/1378/2588 1411/1323/2588
f 1482/1378/2589 1457/1350/2589 1411/1323/2589
f 1459/1352/2590 1415/1305/2590 1447/1343/2590
f 1496/1379/2591 1417/1306/2591 1416/1272/2591
f 1483/1380/2592 1403/1296/2592 1417/1306/2592
f 1461/1367/2593 1435/1325/2593 1420/1310/2593
f 1462/1353/2594 1484/1381/2594 1422/1311/2594
f 1502/1346/2595 1471/1382/2595 1423/1312/2595
f 1471/1382/2596 1472/1368/2596 1423/1312/2596
f 1472/1368/2597 1503/1354/2597 1424/1313/2597
f 1463/1355/2598 1486/1383/2598 1449/1337/2598
f 1486/1383/2599 1437/1328/2599 1449/1337/2599
f 1487/1369/2600 1473/1356/2600 1406/1299/2600
f 1488/1384/2601 1464/1357/2601 1473/1356/2601
f 1489/1385/2602 1454/1347/2602 49/1329/2602
f 1491/1386/2603 1450/1338/2603 1454/1347/2603
f 1491/1386/2604 1465/1358/2604 1450/1338/2604
f 1474/1387/2605 1428/1317/2605 1451/1339/2605
f 1477/1373/2606 1467/1360/2606 1440/1331/2606
f 1441/1332/2607 1492/1388/2607 1431/1333/2607
f 1492/1388/2608 1478/1374/2608 1431/1333/2608
f 1478/1374/2609 1493/1389/2609 1432/1320/2609
f 1493/1389/2610 1479/1375/2610 1432/1320/2610
f 1482/1378/2611 1470/1364/2611 1457/1350/2611
f 1470/1364/2612 1495/1390/2612 1446/1335/2612
f 1495/1390/2613 1458/1351/2613 1446/1335/2613
f 1458/1351/2614 1447/1343/2614 1414/1304/2614
f 1496/1379/2615 1416/1272/2615 1459/1352/2615
f 1496/1379/2616 1483/1380/2616 1417/1306/2616
f 1483/1380/2617 1497/1391/2617 1403/1296/2617
f 1498/1392/2618 1434/1324/2618 1403/1296/2618
f 1499/1393/2619 1393/1273/2619 1452/1344/2619
f 1501/1366/2620 1404/1309/2620 1419/1308/2620
f 1484/1381/2621 1485/1394/2621 1422/1311/2621
f 1422/1311/2622 1502/1346/2622 1436/1327/2622
f 1486/1383/2623 1504/1395/2623 1437/1328/2623
f 1489/1385/2624 1490/1396/2624 1454/1347/2624
f 1474/1387/2625 1475/1371/2625 1428/1317/2625
f 1505/1397/2626 1455/1348/2626 1479/1375/2626
f 1505/1397/2627 1468/1361/2627 1455/1348/2627
f 1519/1398/2628 1443/1321/2628 1400/1293/2628
f 1519/1398/2629 1506/1399/2629 1443/1321/2629
f 1522/1400/2630 1482/1378/2630 1456/1363/2630
f 1458/1351/2631 1507/1401/2631 1447/1343/2631
f 1507/1401/2632 1508/1402/2632 1447/1343/2632
f 1508/1402/2633 1459/1352/2633 1447/1343/2633
f 1497/1391/2634 1498/1392/2634 1403/1296/2634
f 1499/1393/2635 1500/1403/2635 1393/1273/2635
f 1500/1403/2636 1418/1307/2636 1393/1273/2636
f 1509/1404/2637 1501/1366/2637 1419/1308/2637
f 1485/1394/2638 1502/1346/2638 1422/1311/2638
f 1511/1405/2639 1471/1382/2639 1502/1346/2639
f 1512/1406/2640 1472/1368/2640 1471/1382/2640
f 1512/1406/2641 1503/1354/2641 1472/1368/2641
f 1503/1354/2642 1513/1407/2642 1463/1355/2642
f 1513/1407/2643 1486/1383/2643 1463/1355/2643
f 1504/1395/2644 1487/1369/2644 1437/1328/2644
f 1473/1356/2645 1514/1408/2645 1488/1384/2645
f 51/1409/2646 50/1370/2646 1464/1357/2646
f 52/1410/2647 1489/1385/2647 49/1329/2647
f 1490/1396/2648 1491/1386/2648 1454/1347/2648
f 1465/1358/2649 1515/1411/2649 1451/1339/2649
f 1515/1411/2650 1474/1387/2650 1451/1339/2650
f 1516/1412/2651 1476/1372/2651 1466/1359/2651
f 1517/1413/2652 1430/1319/2652 1476/1372/2652
f 1517/1413/2653 1477/1373/2653 1430/1319/2653
f 1531/1414/2654 1492/1388/2654 1441/1332/2654
f 1478/1374/2655 1518/1415/2655 1493/1389/2655
f 1518/1415/2656 1479/1375/2656 1493/1389/2656
f 1532/1416/2657 1505/1397/2657 1479/1375/2657
f 1468/1361/2658 1519/1398/2658 1400/1293/2658
f 1506/1399/2659 1520/1417/2659 1443/1321/2659
f 1520/1417/2660 1469/1349/2660 1443/1321/2660
f 1521/1418/2661 1481/1362/2661 1480/1377/2661
f 1523/1419/2662 1470/1364/2662 1482/1378/2662
f 1498/1392/2663 1452/1344/2663 1434/1324/2663
f 1500/1403/2664 1460/1365/2664 1418/1307/2664
f 1453/1336/2665 1536/1420/2665 1419/1308/2665
f 1435/1325/2666 1510/1421/2666 1448/1345/2666
f 1510/1421/2667 1462/1353/2667 1448/1345/2667
f 1485/1394/2668 1524/1422/2668 1502/1346/2668
f 1524/1422/2669 1511/1405/2669 1502/1346/2669
f 1511/1405/2670 1525/1423/2670 1471/1382/2670
f 1525/1423/2671 1512/1406/2671 1471/1382/2671
f 1526/1424/2672 1486/1383/2672 1513/1407/2672
f 1526/1424/2673 1504/1395/2673 1486/1383/2673
f 1527/1425/2674 1473/1356/2674 1487/1369/2674
f 53/1426/2675 51/1409/2675 1464/1357/2675
f 52/1410/2676 1490/1396/2676 1489/1385/2676
f 1490/1396/2677 1528/1427/2677 1491/1386/2677
f 1491/1386/2678 1515/1411/2678 1465/1358/2678
f 1529/1428/2679 1439/1340/2679 1475/1371/2679
f 1529/1428/2680 1466/1359/2680 1439/1340/2680
f 1530/1429/2681 1467/1360/2681 1477/1373/2681
f 1467/1360/2682 1531/1414/2682 1441/1332/2682
f 1518/1415/2683 1532/1416/2683 1479/1375/2683
f 1494/1376/2684 1480/1377/2684 1444/1334/2684
f 1521/1418/2685 1456/1363/2685 1481/1362/2685
f 1522/1400/2686 1523/1419/2686 1482/1378/2686
f 1523/1419/2687 1495/1390/2687 1470/1364/2687
f 1533/1430/2688 1458/1351/2688 1495/1390/2688
f 1533/1430/2689 1507/1401/2689 1458/1351/2689
f 1507/1401/2690 1545/1431/2690 1508/1402/2690
f 1534/1432/2691 1459/1352/2691 1508/1402/2691
f 1535/1433/2692 1498/1392/2692 1497/1391/2692
f 1536/1420/2693 1453/1336/2693 1460/1365/2693
f 1536/1420/2694 1509/1404/2694 1419/1308/2694
f 1509/1404/2695 1537/1434/2695 1501/1366/2695
f 1537/1434/2696 1461/1367/2696 1501/1366/2696
f 1538/1435/2697 1484/1381/2697 1462/1353/2697
f 1538/1435/2698 1539/1436/2698 1484/1381/2698
f 1504/1395/2699 1549/1437/2699 1487/1369/2699
f 1549/1437/2700 1527/1425/2700 1487/1369/2700
f 1527/1425/2701 1514/1408/2701 1473/1356/2701
f 1516/1412/2702 1517/1413/2702 1476/1372/2702
f 1517/1413/2703 1530/1429/2703 1477/1373/2703
f 1518/1415/2704 1478/1374/2704 1492/1388/2704
f 1532/1416/2705 1540/1438/2705 1505/1397/2705
f 1540/1438/2706 1468/1361/2706 1505/1397/2706
f 1541/1439/2707 1519/1398/2707 1468/1361/2707
f 1542/1440/2708 1494/1376/2708 1469/1349/2708
f 1543/1441/2709 1521/1418/2709 1480/1377/2709
f 1521/1418/2710 1522/1400/2710 1456/1363/2710
f 1498/1392/2711 1499/1393/2711 1452/1344/2711
f 1561/1442/2712 1509/1404/2712 1536/1420/2712
f 1537/1434/2713 1546/1443/2713 1461/1367/2713
f 1547/1444/2714 1435/1325/2714 1461/1367/2714
f 1510/1421/2715 1538/1435/2715 1462/1353/2715
f 1539/1436/2716 1485/1394/2716 1484/1381/2716
f 1548/1445/2717 1513/1407/2717 1503/1354/2717
f 1526/1424/2718 1549/1437/2718 1504/1395/2718
f 1550/1446/2719 1464/1357/2719 1488/1384/2719
f 1464/1357/2720 1551/1447/2720 53/1426/2720
f 52/1410/2721 1552/1448/2721 1490/1396/2721
f 1552/1448/2722 1528/1427/2722 1490/1396/2722
f 1553/1449/2723 1491/1386/2723 1528/1427/2723
f 1529/1428/2724 1516/1412/2724 1466/1359/2724
f 1554/1450/2725 1517/1413/2725 1516/1412/2725
f 1531/1414/2726 1518/1415/2726 1492/1388/2726
f 1540/1438/2727 1541/1439/2727 1468/1361/2727
f 1541/1439/2728 1506/1399/2728 1519/1398/2728
f 1542/1440/2729 1555/1451/2729 1494/1376/2729
f 1555/1451/2730 1480/1377/2730 1494/1376/2730
f 1555/1451/2731 1543/1441/2731 1480/1377/2731
f 1521/1418/2732 1556/1452/2732 1522/1400/2732
f 1522/1400/2733 1544/1453/2733 1523/1419/2733
f 1557/1454/2734 1507/1401/2734 1533/1430/2734
f 1558/1455/2735 1496/1379/2735 1459/1352/2735
f 1559/1456/2736 1497/1391/2736 1483/1380/2736
f 1559/1456/2737 1535/1433/2737 1497/1391/2737
f 1584/1457/2738 1460/1365/2738 1500/1403/2738
f 1560/1458/2739 1536/1420/2739 1460/1365/2739
f 1547/1444/2740 1510/1421/2740 1435/1325/2740
f 1562/1459/2741 1524/1422/2741 1485/1394/2741
f 1563/1460/2742 1512/1406/2742 1525/1423/2742
f 1564/1461/2743 1503/1354/2743 1512/1406/2743
f 1548/1445/2744 1565/1462/2744 1513/1407/2744
f 1565/1462/2745 1526/1424/2745 1513/1407/2745
f 1514/1408/2746 1550/1446/2746 1488/1384/2746
f 1550/1446/2747 1551/1447/2747 1464/1357/2747
f 1576/1463/2748 1528/1427/2748 1552/1448/2748
f 1576/1463/2749 1553/1449/2749 1528/1427/2749
f 1553/1449/2750 1515/1411/2750 1491/1386/2750
f 1578/1464/2751 1475/1371/2751 1474/1387/2751
f 1578/1464/2752 1567/1465/2752 1475/1371/2752
f 1568/1466/2753 1531/1414/2753 1467/1360/2753
f 1531/1414/2754 1580/1467/2754 1518/1415/2754
f 1518/1415/2755 1569/1468/2755 1532/1416/2755
f 1570/1469/2756 1540/1438/2756 1532/1416/2756
f 1520/1417/2757 1542/1440/2757 1469/1349/2757
f 1520/1417/2758 1571/1470/2758 1542/1440/2758
f 1581/1471/2759 1544/1453/2759 1522/1400/2759
f 1523/1419/2760 1572/1472/2760 1495/1390/2760
f 1572/1472/2761 1533/1430/2761 1495/1390/2761
f 1545/1431/2762 1534/1432/2762 1508/1402/2762
f 1573/1473/2763 1499/1393/2763 1498/1392/2763
f 1499/1393/2764 1584/1457/2764 1500/1403/2764
f 1546/1443/2765 1547/1444/2765 1461/1367/2765
f 1539/1436/2766 1562/1459/2766 1485/1394/2766
f 1563/1460/2767 1564/1461/2767 1512/1406/2767
f 1564/1461/2768 1548/1445/2768 1503/1354/2768
f 1565/1462/2769 1549/1437/2769 1526/1424/2769
f 1574/1474/2770 1514/1408/2770 1527/1425/2770
f 55/1475/2771 53/1426/2771 1551/1447/2771
f 54/1476/2772 1575/1477/2772 52/1410/2772
f 1575/1477/2773 1552/1448/2773 52/1410/2773
f 1575/1477/2774 1576/1463/2774 1552/1448/2774
f 1553/1449/2775 1566/1478/2775 1515/1411/2775
f 1577/1479/2776 1578/1464/2776 1515/1411/2776
f 1578/1464/2777 1474/1387/2777 1515/1411/2777
f 1567/1465/2778 1529/1428/2778 1475/1371/2778
f 1567/1465/2779 1579/1480/2779 1529/1428/2779
f 1579/1480/2780 1516/1412/2780 1529/1428/2780
f 1580/1467/2781 1569/1468/2781 1518/1415/2781
f 1570/1469/2782 1541/1439/2782 1540/1438/2782
f 1507/1401/2783 1582/1481/2783 1545/1431/2783
f 1582/1481/2784 1534/1432/2784 1545/1431/2784
f 1534/1432/2785 1558/1455/2785 1459/1352/2785
f 1535/1433/2786 1604/1482/2786 1498/1392/2786
f 1604/1482/2787 1573/1473/2787 1498/1392/2787
f 1584/1457/2788 1560/1458/2788 1460/1365/2788
f 1560/1458/2789 1561/1442/2789 1536/1420/2789
f 1561/1442/2790 1595/1483/2790 1509/1404/2790
f 1595/1483/2791 1537/1434/2791 1509/1404/2791
f 1547/1444/2792 1585/1484/2792 1510/1421/2792
f 1585/1484/2793 1538/1435/2793 1510/1421/2793
f 1524/1422/2794 1586/1485/2794 1511/1405/2794
f 1586/1485/2795 1525/1423/2795 1511/1405/2795
f 1565/1462/2796 1588/1486/2796 1549/1437/2796
f 1549/1437/2797 1574/1474/2797 1527/1425/2797
f 1574/1474/2798 1550/1446/2798 1514/1408/2798
f 1589/1487/2799 1553/1449/2799 1576/1463/2799
f 1566/1478/2800 1577/1479/2800 1515/1411/2800
f 1516/1412/2801 1590/1488/2801 1554/1450/2801
f 1554/1450/2802 1591/1489/2802 1517/1413/2802
f 1530/1429/2803 1568/1466/2803 1467/1360/2803
f 1568/1466/2804 1580/1467/2804 1531/1414/2804
f 1569/1468/2805 1570/1469/2805 1532/1416/2805
f 1541/1439/2806 1609/1490/2806 1506/1399/2806
f 1609/1490/2807 1520/1417/2807 1506/1399/2807
f 1592/1491/2808 1521/1418/2808 1543/1441/2808
f 1592/1491/2809 1556/1452/2809 1521/1418/2809
f 1556/1452/2810 1581/1471/2810 1522/1400/2810
f 1572/1472/2811 1557/1454/2811 1533/1430/2811
f 1557/1454/2812 1582/1481/2812 1507/1401/2812
f 1582/1481/2813 1593/1492/2813 1534/1432/2813
f 1558/1455/2814 1483/1380/2814 1496/1379/2814
f 1558/1455/2815 1594/1493/2815 1483/1380/2815
f 1594/1493/2816 1559/1456/2816 1483/1380/2816
f 1573/1473/2817 1583/1494/2817 1499/1393/2817
f 1583/1494/2818 1584/1457/2818 1499/1393/2818
f 1546/1443/2819 1596/1495/2819 1547/1444/2819
f 1586/1485/2820 1597/1496/2820 1525/1423/2820
f 1597/1496/2821 1563/1460/2821 1525/1423/2821
f 1587/1497/2822 1588/1486/2822 1565/1462/2822
f 1575/1477/2823 1598/1498/2823 1576/1463/2823
f 1589/1487/2824 1566/1478/2824 1553/1449/2824
f 1577/1479/2825 1600/1499/2825 1578/1464/2825
f 1567/1465/2826 1601/1500/2826 1579/1480/2826
f 1591/1489/2827 1530/1429/2827 1517/1413/2827
f 1602/1501/2828 1568/1466/2828 1530/1429/2828
f 1603/1502/2829 1569/1468/2829 1580/1467/2829
f 1603/1502/2830 1570/1469/2830 1569/1468/2830
f 1609/1490/2831 1571/1470/2831 1520/1417/2831
f 1544/1453/2832 1610/1503/2832 1523/1419/2832
f 1610/1503/2833 1572/1472/2833 1523/1419/2833
f 1612/1504/2834 1593/1492/2834 1582/1481/2834
f 1604/1482/2835 1535/1433/2835 1559/1456/2835
f 1537/1434/2836 1655/1505/2836 1546/1443/2836
f 1605/1506/2837 1562/1459/2837 1539/1436/2837
f 1562/1459/2838 1586/1485/2838 1524/1422/2838
f 1564/1461/2839 1606/1507/2839 1548/1445/2839
f 1606/1507/2840 1565/1462/2840 1548/1445/2840
f 1607/1508/2841 1549/1437/2841 1588/1486/2841
f 1607/1508/2842 1574/1474/2842 1549/1437/2842
f 1574/1474/2843 1551/1447/2843 1550/1446/2843
f 1589/1487/2844 1576/1463/2844 1598/1498/2844
f 1599/1509/2845 1566/1478/2845 1589/1487/2845
f 1599/1509/2846 1577/1479/2846 1566/1478/2846
f 1600/1499/2847 1567/1465/2847 1578/1464/2847
f 1600/1499/2848 1601/1500/2848 1567/1465/2848
f 1579/1480/2849 1590/1488/2849 1516/1412/2849
f 1568/1466/2850 1608/1510/2850 1580/1467/2850
f 1608/1510/2851 1603/1502/2851 1580/1467/2851
f 1581/1471/2852 1610/1503/2852 1544/1453/2852
f 1572/1472/2853 1611/1511/2853 1557/1454/2853
f 1613/1512/2854 1534/1432/2854 1593/1492/2854
f 1613/1512/2855 1558/1455/2855 1534/1432/2855
f 1614/1513/2856 1594/1493/2856 1558/1455/2856
f 1615/1514/2857 1538/1435/2857 1585/1484/2857
f 1606/1507/2858 1587/1497/2858 1565/1462/2858
f 1616/1515/2859 1588/1486/2859 1587/1497/2859
f 1616/1515/2860 1607/1508/2860 1588/1486/2860
f 1617/1516/2861 1551/1447/2861 1574/1474/2861
f 1618/1517/2862 55/1475/2862 1551/1447/2862
f 1619/1518/2863 1591/1489/2863 1554/1450/2863
f 1631/1519/2864 1570/1469/2864 1603/1502/2864
f 1631/1519/2865 1650/1520/2865 1570/1469/2865
f 1570/1469/2866 1632/1521/2866 1541/1439/2866
f 1571/1470/2867 1620/1522/2867 1542/1440/2867
f 1620/1522/2868 1555/1451/2868 1542/1440/2868
f 1621/1523/2869 1543/1441/2869 1555/1451/2869
f 1592/1491/2870 1622/1524/2870 1556/1452/2870
f 1611/1511/2871 1582/1481/2871 1557/1454/2871
f 1611/1511/2872 1612/1504/2872 1582/1481/2872
f 1613/1512/2873 1614/1513/2873 1558/1455/2873
f 1623/1525/2874 1595/1483/2874 1561/1442/2874
f 1595/1483/2875 1655/1505/2875 1537/1434/2875
f 1562/1459/2876 1624/1526/2876 1586/1485/2876
f 1625/1527/2877 1563/1460/2877 1597/1496/2877
f 1625/1527/2878 1564/1461/2878 1563/1460/2878
f 1607/1508/2879 1617/1516/2879 1574/1474/2879
f 1617/1516/2880 1618/1517/2880 1551/1447/2880
f 1626/1528/2881 1598/1498/2881 1575/1477/2881
f 1627/1529/2882 1589/1487/2882 1598/1498/2882
f 1627/1529/2883 1599/1509/2883 1589/1487/2883
f 1601/1500/2884 1629/1530/2884 1579/1480/2884
f 1590/1488/2885 1660/1531/2885 1554/1450/2885
f 1660/1531/2886 1619/1518/2886 1554/1450/2886
f 1591/1489/2887 1630/1532/2887 1530/1429/2887
f 1630/1532/2888 1602/1501/2888 1530/1429/2888
f 1632/1521/2889 1609/1490/2889 1541/1439/2889
f 1620/1522/2890 1621/1523/2890 1555/1451/2890
f 1621/1523/2891 1592/1491/2891 1543/1441/2891
f 1622/1524/2892 1581/1471/2892 1556/1452/2892
f 1634/1533/2893 1610/1503/2893 1581/1471/2893
f 1637/1534/2894 1604/1482/2894 1559/1456/2894
f 1637/1534/2895 1638/1535/2895 1604/1482/2895
f 1638/1535/2896 1573/1473/2896 1604/1482/2896
f 1639/1536/2897 1583/1494/2897 1573/1473/2897
f 1640/1537/2898 1560/1458/2898 1584/1457/2898
f 1641/1538/2899 1546/1443/2899 1655/1505/2899
f 1641/1538/2900 1596/1495/2900 1546/1443/2900
f 1615/1514/2901 1539/1436/2901 1538/1435/2901
f 1642/1539/2902 1562/1459/2902 1605/1506/2902
f 1624/1526/2903 1597/1496/2903 1586/1485/2903
f 1625/1527/2904 1606/1507/2904 1564/1461/2904
f 1644/1540/2905 1587/1497/2905 1606/1507/2905
f 1587/1497/2906 1645/1541/2906 1616/1515/2906
f 1646/1542/2907 1617/1516/2907 1607/1508/2907
f 1618/1517/2908 56/1543/2908 55/1475/2908
f 57/1544/2909 1575/1477/2909 54/1476/2909
f 57/1544/2910 59/1545/2910 1575/1477/2910
f 59/1545/2911 1626/1528/2911 1575/1477/2911
f 1598/1498/2912 1647/1546/2912 1627/1529/2912
f 1628/1547/2913 1601/1500/2913 1600/1499/2913
f 1629/1530/2914 1590/1488/2914 1579/1480/2914
f 1648/1548/2915 1568/1466/2915 1602/1501/2915
f 1648/1548/2916 1608/1510/2916 1568/1466/2916
f 1608/1510/2917 1649/1549/2917 1603/1502/2917
f 1649/1549/2918 1631/1519/2918 1603/1502/2918
f 1621/1523/2919 1622/1524/2919 1592/1491/2919
f 1622/1524/2920 1633/1550/2920 1581/1471/2920
f 1633/1550/2921 1634/1533/2921 1581/1471/2921
f 1610/1503/2922 1635/1551/2922 1572/1472/2922
f 1652/1552/2923 1612/1504/2923 1611/1511/2923
f 1653/1553/2924 1593/1492/2924 1612/1504/2924
f 1636/1554/2925 1613/1512/2925 1593/1492/2925
f 1636/1554/2926 1614/1513/2926 1613/1512/2926
f 1614/1513/2927 1637/1534/2927 1594/1493/2927
f 1637/1534/2928 1559/1456/2928 1594/1493/2928
f 1583/1494/2929 1640/1537/2929 1584/1457/2929
f 1623/1525/2930 1655/1505/2930 1595/1483/2930
f 1596/1495/2931 1585/1484/2931 1547/1444/2931
f 1596/1495/2932 1615/1514/2932 1585/1484/2932
f 1615/1514/2933 1605/1506/2933 1539/1436/2933
f 1642/1539/2934 1643/1555/2934 1562/1459/2934
f 1643/1555/2935 1624/1526/2935 1562/1459/2935
f 1624/1526/2936 1625/1527/2936 1597/1496/2936
f 1656/1556/2937 1606/1507/2937 1625/1527/2937
f 1644/1540/2938 1645/1541/2938 1587/1497/2938
f 1657/1557/2939 1617/1516/2939 1646/1542/2939
f 1626/1528/2940 1647/1546/2940 1598/1498/2940
f 1658/1558/2941 1577/1479/2941 1599/1509/2941
f 1658/1558/2942 1600/1499/2942 1577/1479/2942
f 1659/1559/2943 1628/1547/2943 1600/1499/2943
f 1629/1530/2944 1660/1531/2944 1590/1488/2944
f 1661/1560/2945 1649/1549/2945 1608/1510/2945
f 1650/1520/2946 1632/1521/2946 1570/1469/2946
f 1632/1521/2947 1651/1561/2947 1609/1490/2947
f 1663/1562/2948 1620/1522/2948 1571/1470/2948
f 1664/1563/2949 1621/1523/2949 1620/1522/2949
f 1665/1564/2950 1635/1551/2950 1610/1503/2950
f 1635/1551/2951 1611/1511/2951 1572/1472/2951
f 1652/1552/2952 1653/1553/2952 1612/1504/2952
f 1653/1553/2953 1636/1554/2953 1593/1492/2953
f 1638/1535/2954 1700/1565/2954 1573/1473/2954
f 1700/1565/2955 1639/1536/2955 1573/1473/2955
f 1654/1566/2956 1561/1442/2956 1560/1458/2956
f 1654/1566/2957 1623/1525/2957 1561/1442/2957
f 1656/1556/2958 1666/1567/2958 1606/1507/2958
f 1666/1567/2959 1644/1540/2959 1606/1507/2959
f 1667/1568/2960 56/1543/2960 1618/1517/2960
f 1658/1558/2961 1659/1559/2961 1600/1499/2961
f 1619/1518/2962 1630/1532/2962 1591/1489/2962
f 1630/1532/2963 1680/1569/2963 1602/1501/2963
f 1648/1548/2964 1661/1560/2964 1608/1510/2964
f 1662/1570/2965 1609/1490/2965 1651/1561/2965
f 1662/1570/2966 1571/1470/2966 1609/1490/2966
f 1662/1570/2967 1668/1571/2967 1571/1470/2967
f 1668/1571/2968 1663/1562/2968 1571/1470/2968
f 1621/1523/2969 1669/1572/2969 1622/1524/2969
f 1634/1533/2970 1665/1564/2970 1610/1503/2970
f 1635/1551/2971 1670/1573/2971 1611/1511/2971
f 1670/1573/2972 1671/1574/2972 1611/1511/2972
f 1671/1574/2973 1652/1552/2973 1611/1511/2973
f 1672/1575/2974 1614/1513/2974 1636/1554/2974
f 1637/1534/2975 1673/1576/2975 1638/1535/2975
f 1640/1537/2976 1654/1566/2976 1560/1458/2976
f 1675/1577/2977 1641/1538/2977 1655/1505/2977
f 1596/1495/2978 1689/1578/2978 1615/1514/2978
f 1676/1579/2979 1642/1539/2979 1605/1506/2979
f 1677/1580/2980 1666/1567/2980 1656/1556/2980
f 1646/1542/2981 1607/1508/2981 1616/1515/2981
f 1657/1557/2982 1618/1517/2982 1617/1516/2982
f 59/1545/2983 1647/1546/2983 1626/1528/2983
f 1647/1546/2984 1599/1509/2984 1627/1529/2984
f 1678/1581/2985 1628/1547/2985 1659/1559/2985
f 1628/1547/2986 1629/1530/2986 1601/1500/2986
f 1679/1582/2987 1630/1532/2987 1619/1518/2987
f 1680/1569/2988 1648/1548/2988 1602/1501/2988
f 1681/1583/2989 1632/1521/2989 1650/1520/2989
f 1682/1584/2990 1633/1550/2990 1622/1524/2990
f 1683/1585/2991 1634/1533/2991 1633/1550/2991
f 1665/1564/2992 1684/1586/2992 1635/1551/2992
f 1685/1587/2993 1652/1552/2993 1671/1574/2993
f 1685/1587/2994 1686/1588/2994 1652/1552/2994
f 1686/1588/2995 1653/1553/2995 1652/1552/2995
f 1687/1589/2996 1637/1534/2996 1614/1513/2996
f 1639/1536/2997 1640/1537/2997 1583/1494/2997
f 1688/1590/2998 1596/1495/2998 1641/1538/2998
f 1689/1578/2999 1690/1591/2999 1615/1514/2999
f 1690/1591/3000 1605/1506/3000 1615/1514/3000
f 1690/1591/3001 1676/1579/3001 1605/1506/3001
f 1691/1592/3002 1625/1527/3002 1624/1526/3002
f 1691/1592/3003 1656/1556/3003 1625/1527/3003
f 1691/1592/3004 1677/1580/3004 1656/1556/3004
f 1666/1567/3005 1645/1541/3005 1644/1540/3005
f 59/1545/3006 1693/1593/3006 1647/1546/3006
f 1693/1593/3007 1599/1509/3007 1647/1546/3007
f 1694/1594/3008 1629/1530/3008 1628/1547/3008
f 1660/1531/3009 1679/1582/3009 1619/1518/3009
f 1696/1595/3010 1631/1519/3010 1649/1549/3010
f 1697/1596/3011 1650/1520/3011 1631/1519/3011
f 1697/1596/3012 1681/1583/3012 1650/1520/3012
f 1681/1583/3013 1651/1561/3013 1632/1521/3013
f 1721/1597/3014 1620/1522/3014 1663/1562/3014
f 1721/1597/3015 1664/1563/3015 1620/1522/3015
f 1669/1572/3016 1682/1584/3016 1622/1524/3016
f 1682/1584/3017 1683/1585/3017 1633/1550/3017
f 1698/1598/3018 1634/1533/3018 1683/1585/3018
f 1698/1598/3019 1665/1564/3019 1634/1533/3019
f 1684/1586/3020 1670/1573/3020 1635/1551/3020
f 1699/1599/3021 1671/1574/3021 1670/1573/3021
f 1653/1553/3022 1672/1575/3022 1636/1554/3022
f 1672/1575/3023 1687/1589/3023 1614/1513/3023
f 1701/1600/3024 1623/1525/3024 1654/1566/3024
f 1701/1600/3025 1674/1601/3025 1623/1525/3025
f 1674/1601/3026 1655/1505/3026 1623/1525/3026
f 1675/1577/3027 1688/1590/3027 1641/1538/3027
f 1702/1602/3028 1642/1539/3028 1676/1579/3028
f 1702/1602/3029 1703/1603/3029 1642/1539/3029
f 1703/1603/3030 1643/1555/3030 1642/1539/3030
f 1703/1603/3031 1624/1526/3031 1643/1555/3031
f 1703/1603/3032 1691/1592/3032 1624/1526/3032
f 1691/1592/3033 1704/1604/3033 1677/1580/3033
f 1704/1604/3034 1666/1567/3034 1677/1580/3034
f 1705/1605/3035 1645/1541/3035 1666/1567/3035
f 1705/1605/3036 1706/1606/3036 1645/1541/3036
f 1706/1606/3037 1616/1515/3037 1645/1541/3037
f 1657/1557/3038 1692/1607/3038 1618/1517/3038
f 1692/1607/3039 1667/1568/3039 1618/1517/3039
f 1693/1593/3040 1658/1558/3040 1599/1509/3040
f 1629/1530/3041 1707/1608/3041 1660/1531/3041
f 1707/1608/3042 1695/1609/3042 1660/1531/3042
f 1695/1609/3043 1708/1610/3043 1660/1531/3043
f 1708/1610/3044 1679/1582/3044 1660/1531/3044
f 1709/1611/3045 1680/1569/3045 1630/1532/3045
f 1744/1612/3046 1648/1548/3046 1680/1569/3046
f 1661/1560/3047 1696/1595/3047 1649/1549/3047
f 1651/1561/3048 1710/1613/3048 1662/1570/3048
f 1668/1571/3049 1721/1597/3049 1663/1562/3049
f 1711/1614/3050 1682/1584/3050 1669/1572/3050
f 1684/1586/3051 1699/1599/3051 1670/1573/3051
f 1699/1599/3052 1685/1587/3052 1671/1574/3052
f 1685/1587/3053 1653/1553/3053 1686/1588/3053
f 1685/1587/3054 1672/1575/3054 1653/1553/3054
f 1687/1589/3055 1722/1615/3055 1637/1534/3055
f 1722/1615/3056 1673/1576/3056 1637/1534/3056
f 1674/1601/3057 1675/1577/3057 1655/1505/3057
f 1688/1590/3058 1689/1578/3058 1596/1495/3058
f 1714/1616/3059 1691/1592/3059 1703/1603/3059
f 1616/1515/3060 1706/1606/3060 1646/1542/3060
f 61/1617/3061 1693/1593/3061 59/1545/3061
f 1715/1618/3062 1716/1619/3062 1693/1593/3062
f 1716/1619/3063 1658/1558/3063 1693/1593/3063
f 1717/1620/3064 1659/1559/3064 1658/1558/3064
f 1678/1581/3065 1718/1621/3065 1628/1547/3065
f 1718/1621/3066 1694/1594/3066 1628/1547/3066
f 1694/1594/3067 1707/1608/3067 1629/1530/3067
f 1708/1610/3068 1719/1622/3068 1679/1582/3068
f 1719/1622/3069 1630/1532/3069 1679/1582/3069
f 1719/1622/3070 1709/1611/3070 1630/1532/3070
f 1744/1612/3071 1661/1560/3071 1648/1548/3071
f 1696/1595/3072 1697/1596/3072 1631/1519/3072
f 1720/1623/3073 1710/1613/3073 1651/1561/3073
f 1734/1624/3074 1621/1523/3074 1664/1563/3074
f 1738/1625/3075 1687/1589/3075 1672/1575/3075
f 1724/1626/3076 1639/1536/3076 1700/1565/3076
f 1640/1537/3077 1701/1600/3077 1654/1566/3077
f 1712/1627/3078 1688/1590/3078 1675/1577/3078
f 1689/1578/3079 1713/1628/3079 1690/1591/3079
f 1713/1628/3080 1740/1629/3080 1690/1591/3080
f 1740/1629/3081 1676/1579/3081 1690/1591/3081
f 1740/1629/3082 1702/1602/3082 1676/1579/3082
f 1727/1630/3083 1714/1616/3083 1703/1603/3083
f 1704/1604/3084 1705/1605/3084 1666/1567/3084
f 1728/1631/3085 1729/1632/3085 1705/1605/3085
f 1705/1605/3086 1729/1632/3086 1706/1606/3086
f 1646/1542/3087 1749/1633/3087 1657/1557/3087
f 1692/1607/3088 58/1634/3088 1667/1568/3088
f 1716/1619/3089 1717/1620/3089 1658/1558/3089
f 1717/1620/3090 1678/1581/3090 1659/1559/3090
f 1731/1635/3091 1709/1611/3091 1719/1622/3091
f 1709/1611/3092 1732/1636/3092 1680/1569/3092
f 1710/1613/3093 1668/1571/3093 1662/1570/3093
f 1733/1637/3094 1721/1597/3094 1668/1571/3094
f 1734/1624/3095 1664/1563/3095 1721/1597/3095
f 1734/1624/3096 1669/1572/3096 1621/1523/3096
f 1683/1585/3097 1735/1638/3097 1698/1598/3097
f 1735/1638/3098 1665/1564/3098 1698/1598/3098
f 1735/1638/3099 1736/1639/3099 1665/1564/3099
f 1736/1639/3100 1684/1586/3100 1665/1564/3100
f 1737/1640/3101 1699/1599/3101 1684/1586/3101
f 1685/1587/3102 1738/1625/3102 1672/1575/3102
f 1725/1641/3103 1640/1537/3103 1639/1536/3103
f 1712/1627/3104 1739/1642/3104 1688/1590/3104
f 1726/1643/3105 1713/1628/3105 1689/1578/3105
f 1740/1629/3106 1741/1644/3106 1702/1602/3106
f 1741/1644/3107 1703/1603/3107 1702/1602/3107
f 1741/1644/3108 1727/1630/3108 1703/1603/3108
f 1714/1616/3109 1748/1645/3109 1691/1592/3109
f 1748/1645/3110 1704/1604/3110 1691/1592/3110
f 1749/1633/3111 1646/1542/3111 1706/1606/3111
f 1749/1633/3112 1730/1646/3112 1657/1557/3112
f 1730/1646/3113 1692/1607/3113 1657/1557/3113
f 1742/1647/3114 58/1634/3114 1692/1607/3114
f 61/1617/3115 1715/1618/3115 1693/1593/3115
f 1743/1648/3116 1708/1610/3116 1695/1609/3116
f 1752/1649/3117 1731/1635/3117 1719/1622/3117
f 1732/1636/3118 1744/1612/3118 1680/1569/3118
f 1735/1638/3119 1683/1585/3119 1682/1584/3119
f 1737/1640/3120 1745/1650/3120 1699/1599/3120
f 1745/1650/3121 1685/1587/3121 1699/1599/3121
f 1738/1625/3122 1685/1587/3122 1745/1650/3122
f 1722/1615/3123 1723/1651/3123 1673/1576/3123
f 1723/1651/3124 1700/1565/3124 1673/1576/3124
f 1700/1565/3125 1638/1535/3125 1673/1576/3125
f 1701/1600/3126 1746/1652/3126 1674/1601/3126
f 1748/1645/3127 1714/1616/3127 1727/1630/3127
f 1728/1631/3128 1705/1605/3128 1704/1604/3128
f 1729/1632/3129 1763/1653/3129 1706/1606/3129
f 1730/1646/3130 1742/1647/3130 1692/1607/3130
f 1742/1647/3131 60/1654/3131 58/1634/3131
f 1750/1655/3132 1716/1619/3132 1715/1618/3132
f 1717/1620/3133 1751/1656/3133 1678/1581/3133
f 1751/1656/3134 1718/1621/3134 1678/1581/3134
f 1707/1608/3135 1743/1648/3135 1695/1609/3135
f 1752/1649/3136 1719/1622/3136 1708/1610/3136
f 1753/1657/3137 1731/1635/3137 1752/1649/3137
f 1731/1635/3138 1732/1636/3138 1709/1611/3138
f 1696/1595/3139 1754/1658/3139 1697/1596/3139
f 1681/1583/3140 1768/1659/3140 1651/1561/3140
f 1710/1613/3141 1733/1637/3141 1668/1571/3141
f 1733/1637/3142 1734/1624/3142 1721/1597/3142
f 1711/1614/3143 1755/1660/3143 1682/1584/3143
f 1736/1639/3144 1737/1640/3144 1684/1586/3144
f 1724/1626/3145 1725/1641/3145 1639/1536/3145
f 1758/1661/3146 1701/1600/3146 1640/1537/3146
f 1746/1652/3147 1675/1577/3147 1674/1601/3147
f 1746/1652/3148 1712/1627/3148 1675/1577/3148
f 1746/1652/3149 1759/1662/3149 1712/1627/3149
f 1759/1662/3150 1739/1642/3150 1712/1627/3150
f 1739/1642/3151 1747/1663/3151 1688/1590/3151
f 1760/1664/3152 1726/1643/3152 1689/1578/3152
f 1762/1665/3153 1704/1604/3153 1748/1645/3153
f 1728/1631/3154 1763/1653/3154 1729/1632/3154
f 1750/1655/3155 1764/1666/3155 1716/1619/3155
f 1764/1666/3156 1717/1620/3156 1716/1619/3156
f 1765/1667/3157 1743/1648/3157 1707/1608/3157
f 1743/1648/3158 1752/1649/3158 1708/1610/3158
f 1766/1668/3159 1753/1657/3159 1752/1649/3159
f 1767/1669/3160 1754/1658/3160 1696/1595/3160
f 1754/1658/3161 1681/1583/3161 1697/1596/3161
f 1768/1659/3162 1720/1623/3162 1651/1561/3162
f 1769/1670/3163 1669/1572/3163 1734/1624/3163
f 1755/1660/3164 1735/1638/3164 1682/1584/3164
f 1790/1671/3165 1737/1640/3165 1736/1639/3165
f 1770/1672/3166 1771/1673/3166 1738/1625/3166
f 1771/1673/3167 1687/1589/3167 1738/1625/3167
f 1723/1651/3168 1757/1674/3168 1700/1565/3168
f 1772/1675/3169 1700/1565/3169 1757/1674/3169
f 1772/1675/3170 1724/1626/3170 1700/1565/3170
f 1759/1662/3171 1747/1663/3171 1739/1642/3171
f 1760/1664/3172 1689/1578/3172 1688/1590/3172
f 1773/1676/3173 1748/1645/3173 1727/1630/3173
f 1706/1606/3174 1775/1677/3174 1749/1633/3174
f 1776/1678/3175 1742/1647/3175 1730/1646/3175
f 62/1679/3176 1715/1618/3176 61/1617/3176
f 1753/1657/3177 1777/1680/3177 1731/1635/3177
f 1777/1680/3178 1732/1636/3178 1731/1635/3178
f 1777/1680/3179 1778/1681/3179 1732/1636/3179
f 1778/1681/3180 1744/1612/3180 1732/1636/3180
f 1661/1560/3181 1795/1682/3181 1696/1595/3181
f 1779/1683/3182 1720/1623/3182 1768/1659/3182
f 1780/1684/3183 1733/1637/3183 1710/1613/3183
f 1781/1685/3184 1734/1624/3184 1733/1637/3184
f 1755/1660/3185 1756/1686/3185 1735/1638/3185
f 1756/1686/3186 1736/1639/3186 1735/1638/3186
f 1782/1687/3187 1745/1650/3187 1737/1640/3187
f 1771/1673/3188 1722/1615/3188 1687/1589/3188
f 1725/1641/3189 1758/1661/3189 1640/1537/3189
f 1758/1661/3190 1783/1688/3190 1701/1600/3190
f 1783/1688/3191 1746/1652/3191 1701/1600/3191
f 1747/1663/3192 1760/1664/3192 1688/1590/3192
f 1784/1689/3193 1740/1629/3193 1713/1628/3193
f 1784/1689/3194 1761/1690/3194 1740/1629/3194
f 1761/1690/3195 1785/1691/3195 1740/1629/3195
f 1785/1691/3196 1741/1644/3196 1740/1629/3196
f 1741/1644/3197 1773/1676/3197 1727/1630/3197
f 1774/1692/3198 1762/1665/3198 1748/1645/3198
f 1762/1665/3199 1728/1631/3199 1704/1604/3199
f 1728/1631/3200 1786/1693/3200 1763/1653/3200
f 1763/1653/3201 1775/1677/3201 1706/1606/3201
f 62/1679/3202 1750/1655/3202 1715/1618/3202
f 1764/1666/3203 1787/1694/3203 1717/1620/3203
f 1787/1694/3204 1751/1656/3204 1717/1620/3204
f 1788/1695/3205 1694/1594/3205 1718/1621/3205
f 1788/1695/3206 1765/1667/3206 1694/1594/3206
f 1765/1667/3207 1707/1608/3207 1694/1594/3207
f 1765/1667/3208 1789/1696/3208 1743/1648/3208
f 1789/1696/3209 1752/1649/3209 1743/1648/3209
f 1789/1696/3210 1766/1668/3210 1752/1649/3210
f 1795/1682/3211 1767/1669/3211 1696/1595/3211
f 1754/1658/3212 1768/1659/3212 1681/1583/3212
f 1756/1686/3213 1790/1671/3213 1736/1639/3213
f 1745/1650/3214 1770/1672/3214 1738/1625/3214
f 1791/1697/3215 1722/1615/3215 1771/1673/3215
f 1722/1615/3216 1791/1697/3216 1723/1651/3216
f 1791/1697/3217 1792/1698/3217 1723/1651/3217
f 1792/1698/3218 1757/1674/3218 1723/1651/3218
f 1806/1699/3219 1785/1691/3219 1761/1690/3219
f 1773/1676/3220 1774/1692/3220 1748/1645/3220
f 1776/1678/3221 1730/1646/3221 1749/1633/3221
f 1793/1700/3222 60/1654/3222 1742/1647/3222
f 62/1679/3223 63/1701/3223 1750/1655/3223
f 1799/1702/3224 1787/1694/3224 1764/1666/3224
f 1751/1656/3225 1788/1695/3225 1718/1621/3225
f 1766/1668/3226 1777/1680/3226 1753/1657/3226
f 1794/1703/3227 1744/1612/3227 1778/1681/3227
f 1794/1703/3228 1795/1682/3228 1744/1612/3228
f 1795/1682/3229 1661/1560/3229 1744/1612/3229
f 1720/1623/3230 1780/1684/3230 1710/1613/3230
f 1769/1670/3231 1711/1614/3231 1669/1572/3231
f 1755/1660/3232 1796/1704/3232 1756/1686/3232
f 1790/1671/3233 1782/1687/3233 1737/1640/3233
f 1724/1626/3234 1814/1705/3234 1725/1641/3234
f 1798/1706/3235 1749/1633/3235 1775/1677/3235
f 1798/1706/3236 1776/1678/3236 1749/1633/3236
f 1776/1678/3237 1821/1707/3237 1742/1647/3237
f 1821/1707/3238 1793/1700/3238 1742/1647/3238
f 1799/1702/3239 1764/1666/3239 1750/1655/3239
f 1788/1695/3240 1800/1708/3240 1765/1667/3240
f 1800/1708/3241 1789/1696/3241 1765/1667/3241
f 1801/1709/3242 1777/1680/3242 1766/1668/3242
f 1802/1710/3243 1780/1684/3243 1720/1623/3243
f 1780/1684/3244 1781/1685/3244 1733/1637/3244
f 1803/1711/3245 1769/1670/3245 1734/1624/3245
f 1804/1712/3246 1790/1671/3246 1756/1686/3246
f 1797/1713/3247 1745/1650/3247 1782/1687/3247
f 1797/1713/3248 1770/1672/3248 1745/1650/3248
f 1725/1641/3249 1814/1705/3249 1758/1661/3249
f 1815/1714/3250 1759/1662/3250 1746/1652/3250
f 1726/1643/3251 1784/1689/3251 1713/1628/3251
f 1784/1689/3252 1806/1699/3252 1761/1690/3252
f 1785/1691/3253 1773/1676/3253 1741/1644/3253
f 1807/1715/3254 1728/1631/3254 1762/1665/3254
f 1793/1700/3255 1844/1716/3255 60/1654/3255
f 1799/1702/3256 1808/1717/3256 1787/1694/3256
f 1787/1694/3257 1808/1717/3257 1751/1656/3257
f 1751/1656/3258 1809/1718/3258 1788/1695/3258
f 1810/1719/3259 1789/1696/3259 1800/1708/3259
f 1789/1696/3260 1801/1709/3260 1766/1668/3260
f 1768/1659/3261 1811/1720/3261 1779/1683/3261
f 1803/1711/3262 1734/1624/3262 1781/1685/3262
f 1796/1704/3263 1804/1712/3263 1756/1686/3263
f 1771/1673/3264 1805/1721/3264 1791/1697/3264
f 1805/1721/3265 1812/1722/3265 1791/1697/3265
f 1812/1722/3266 1792/1698/3266 1791/1697/3266
f 1812/1722/3267 1757/1674/3267 1792/1698/3267
f 1813/1723/3268 1772/1675/3268 1757/1674/3268
f 1816/1724/3269 1747/1663/3269 1759/1662/3269
f 1816/1724/3270 1760/1664/3270 1747/1663/3270
f 1827/1725/3271 1726/1643/3271 1760/1664/3271
f 1807/1715/3272 1786/1693/3272 1728/1631/3272
f 1819/1726/3273 1763/1653/3273 1786/1693/3273
f 1763/1653/3274 1820/1727/3274 1775/1677/3274
f 1820/1727/3275 1798/1706/3275 1775/1677/3275
f 63/1701/3276 1799/1702/3276 1750/1655/3276
f 1801/1709/3277 1778/1681/3277 1777/1680/3277
f 1754/1658/3278 1831/1728/3278 1768/1659/3278
f 1811/1720/3279 1720/1623/3279 1779/1683/3279
f 1811/1720/3280 1802/1710/3280 1720/1623/3280
f 1802/1710/3281 1822/1729/3281 1780/1684/3281
f 1822/1729/3282 1781/1685/3282 1780/1684/3282
f 1803/1711/3283 1711/1614/3283 1769/1670/3283
f 1803/1711/3284 1823/1730/3284 1711/1614/3284
f 1823/1730/3285 1755/1660/3285 1711/1614/3285
f 1804/1712/3286 1835/1731/3286 1790/1671/3286
f 1835/1731/3287 1782/1687/3287 1790/1671/3287
f 1835/1731/3288 1824/1732/3288 1782/1687/3288
f 1824/1732/3289 1797/1713/3289 1782/1687/3289
f 1812/1722/3290 1813/1723/3290 1757/1674/3290
f 1825/1733/3291 1772/1675/3291 1813/1723/3291
f 1839/1734/3292 1783/1688/3292 1758/1661/3292
f 1783/1688/3293 1826/1735/3293 1746/1652/3293
f 1826/1735/3294 1815/1714/3294 1746/1652/3294
f 1815/1714/3295 1816/1724/3295 1759/1662/3295
f 1816/1724/3296 1827/1725/3296 1760/1664/3296
f 1827/1725/3297 1817/1736/3297 1726/1643/3297
f 1726/1643/3298 1817/1736/3298 1784/1689/3298
f 1818/1737/3299 1762/1665/3299 1774/1692/3299
f 1818/1737/3300 1807/1715/3300 1762/1665/3300
f 1798/1706/3301 1843/1738/3301 1776/1678/3301
f 64/1739/3302 60/1654/3302 1844/1716/3302
f 1828/1740/3303 1799/1702/3303 63/1701/3303
f 1808/1717/3304 1829/1741/3304 1751/1656/3304
f 1829/1741/3305 1809/1718/3305 1751/1656/3305
f 1809/1718/3306 1830/1742/3306 1788/1695/3306
f 1830/1742/3307 1800/1708/3307 1788/1695/3307
f 1810/1719/3308 1861/1743/3308 1789/1696/3308
f 1767/1669/3309 1831/1728/3309 1754/1658/3309
f 1831/1728/3310 1811/1720/3310 1768/1659/3310
f 1832/1744/3311 1802/1710/3311 1811/1720/3311
f 1823/1730/3312 1833/1745/3312 1755/1660/3312
f 1834/1746/3313 1796/1704/3313 1755/1660/3313
f 1824/1732/3314 1836/1747/3314 1797/1713/3314
f 1836/1747/3315 1770/1672/3315 1797/1713/3315
f 1805/1721/3316 1771/1673/3316 1770/1672/3316
f 1772/1675/3317 1837/1748/3317 1724/1626/3317
f 1837/1748/3318 1814/1705/3318 1724/1626/3318
f 1814/1705/3319 1839/1734/3319 1758/1661/3319
f 1878/1749/3320 1817/1736/3320 1827/1725/3320
f 1840/1750/3321 1806/1699/3321 1784/1689/3321
f 1841/1751/3322 1818/1737/3322 1774/1692/3322
f 1842/1752/3323 1807/1715/3323 1818/1737/3323
f 1819/1726/3324 1786/1693/3324 1807/1715/3324
f 1819/1726/3325 1820/1727/3325 1763/1653/3325
f 1820/1727/3326 1859/1753/3326 1798/1706/3326
f 1843/1738/3327 1821/1707/3327 1776/1678/3327
f 65/1754/3328 1828/1740/3328 63/1701/3328
f 1845/1755/3329 1808/1717/3329 1799/1702/3329
f 1845/1755/3330 1829/1741/3330 1808/1717/3330
f 1830/1742/3331 1810/1719/3331 1800/1708/3331
f 1861/1743/3332 1801/1709/3332 1789/1696/3332
f 1846/1756/3333 1778/1681/3333 1801/1709/3333
f 1846/1756/3334 1847/1757/3334 1778/1681/3334
f 1847/1757/3335 1794/1703/3335 1778/1681/3335
f 1849/1758/3336 1822/1729/3336 1802/1710/3336
f 1834/1746/3337 1804/1712/3337 1796/1704/3337
f 1834/1746/3338 1850/1759/3338 1804/1712/3338
f 1850/1759/3339 1835/1731/3339 1804/1712/3339
f 1770/1672/3340 1851/1760/3340 1805/1721/3340
f 1852/1761/3341 1812/1722/3341 1805/1721/3341
f 1825/1733/3342 1837/1748/3342 1772/1675/3342
f 1854/1762/3343 1815/1714/3343 1826/1735/3343
f 1855/1763/3344 1816/1724/3344 1815/1714/3344
f 1817/1736/3345 1840/1750/3345 1784/1689/3345
f 1840/1750/3346 1856/1764/3346 1806/1699/3346
f 1806/1699/3347 1857/1765/3347 1785/1691/3347
f 1785/1691/3348 1857/1765/3348 1773/1676/3348
f 1841/1751/3349 1774/1692/3349 1773/1676/3349
f 1858/1766/3350 1820/1727/3350 1819/1726/3350
f 1859/1753/3351 1843/1738/3351 1798/1706/3351
f 1828/1740/3352 1860/1767/3352 1799/1702/3352
f 1861/1743/3353 1810/1719/3353 1830/1742/3353
f 1862/1768/3354 1801/1709/3354 1861/1743/3354
f 1862/1768/3355 1846/1756/3355 1801/1709/3355
f 1847/1757/3356 1863/1769/3356 1794/1703/3356
f 1864/1770/3357 1795/1682/3357 1794/1703/3357
f 1795/1682/3358 1848/1771/3358 1767/1669/3358
f 1865/1772/3359 1811/1720/3359 1831/1728/3359
f 1822/1729/3360 1803/1711/3360 1781/1685/3360
f 1866/1773/3361 1833/1745/3361 1823/1730/3361
f 1833/1745/3362 1834/1746/3362 1755/1660/3362
f 1835/1731/3363 1867/1774/3363 1824/1732/3363
f 1836/1747/3364 1851/1760/3364 1770/1672/3364
f 1852/1761/3365 1853/1775/3365 1812/1722/3365
f 1853/1775/3366 1813/1723/3366 1812/1722/3366
f 1838/1776/3367 1814/1705/3367 1837/1748/3367
f 1839/1734/3368 1868/1777/3368 1783/1688/3368
f 1868/1777/3369 1826/1735/3369 1783/1688/3369
f 1854/1762/3370 1855/1763/3370 1815/1714/3370
f 1816/1724/3371 1877/1778/3371 1827/1725/3371
f 1856/1764/3372 1857/1765/3372 1806/1699/3372
f 1857/1765/3373 1869/1779/3373 1773/1676/3373
f 1869/1779/3374 1841/1751/3374 1773/1676/3374
f 1870/1780/3375 1842/1752/3375 1818/1737/3375
f 1842/1752/3376 1871/1781/3376 1807/1715/3376
f 1871/1781/3377 1819/1726/3377 1807/1715/3377
f 66/1782/3378 1828/1740/3378 65/1754/3378
f 1860/1767/3379 1845/1755/3379 1799/1702/3379
f 1845/1755/3380 1872/1783/3380 1829/1741/3380
f 1873/1784/3381 1767/1669/3381 1848/1771/3381
f 1873/1784/3382 1831/1728/3382 1767/1669/3382
f 1873/1784/3383 1865/1772/3383 1831/1728/3383
f 1865/1772/3384 1874/1785/3384 1811/1720/3384
f 1849/1758/3385 1875/1786/3385 1822/1729/3385
f 1876/1787/3386 1803/1711/3386 1822/1729/3386
f 1867/1774/3387 1836/1747/3387 1824/1732/3387
f 1851/1760/3388 1852/1761/3388 1805/1721/3388
f 1853/1775/3389 1825/1733/3389 1813/1723/3389
f 1838/1776/3390 1839/1734/3390 1814/1705/3390
f 1854/1762/3391 1877/1778/3391 1855/1763/3391
f 1877/1778/3392 1816/1724/3392 1855/1763/3392
f 1877/1778/3393 1878/1749/3393 1827/1725/3393
f 1879/1788/3394 1817/1736/3394 1878/1749/3394
f 1820/1727/3395 1892/1789/3395 1859/1753/3395
f 1859/1753/3396 1821/1707/3396 1843/1738/3396
f 1880/1790/3397 1793/1700/3397 1821/1707/3397
f 1880/1790/3398 1844/1716/3398 1793/1700/3398
f 1872/1783/3399 1809/1718/3399 1829/1741/3399
f 1881/1791/3400 1861/1743/3400 1830/1742/3400
f 1846/1756/3401 1863/1769/3401 1847/1757/3401
f 1882/1792/3402 1794/1703/3402 1863/1769/3402
f 1882/1792/3403 1864/1770/3403 1794/1703/3403
f 1864/1770/3404 1848/1771/3404 1795/1682/3404
f 1874/1785/3405 1832/1744/3405 1811/1720/3405
f 1849/1758/3406 1802/1710/3406 1832/1744/3406
f 1875/1786/3407 1876/1787/3407 1822/1729/3407
f 1876/1787/3408 1823/1730/3408 1803/1711/3408
f 1884/1793/3409 1834/1746/3409 1833/1745/3409
f 1884/1793/3410 1850/1759/3410 1834/1746/3410
f 1885/1794/3411 1835/1731/3411 1850/1759/3411
f 1886/1795/3412 1852/1761/3412 1851/1760/3412
f 1887/1796/3413 1839/1734/3413 1838/1776/3413
f 1887/1796/3414 1868/1777/3414 1839/1734/3414
f 1888/1797/3415 1877/1778/3415 1854/1762/3415
f 1889/1798/3416 1878/1749/3416 1877/1778/3416
f 1890/1799/3417 1840/1750/3417 1817/1736/3417
f 1890/1799/3418 1856/1764/3418 1840/1750/3418
f 1841/1751/3419 1891/1800/3419 1818/1737/3419
f 1891/1800/3420 1870/1780/3420 1818/1737/3420
f 1871/1781/3421 1858/1766/3421 1819/1726/3421
f 1892/1789/3422 1820/1727/3422 1858/1766/3422
f 1893/1801/3423 1821/1707/3423 1859/1753/3423
f 1893/1801/3424 1880/1790/3424 1821/1707/3424
f 67/1802/3425 1828/1740/3425 66/1782/3425
f 1894/1803/3426 1872/1783/3426 1845/1755/3426
f 1895/1804/3427 1809/1718/3427 1872/1783/3427
f 1896/1805/3428 1830/1742/3428 1809/1718/3428
f 1861/1743/3429 1897/1806/3429 1862/1768/3429
f 1898/1807/3430 1863/1769/3430 1846/1756/3430
f 1899/1808/3431 1873/1784/3431 1848/1771/3431
f 1874/1785/3432 1901/1809/3432 1832/1744/3432
f 1901/1809/3433 1902/1810/3433 1832/1744/3433
f 1902/1810/3434 1849/1758/3434 1832/1744/3434
f 1867/1774/3435 1903/1811/3435 1836/1747/3435
f 1903/1811/3436 1851/1760/3436 1836/1747/3436
f 1886/1795/3437 1853/1775/3437 1852/1761/3437
f 1904/1812/3438 1825/1733/3438 1853/1775/3438
f 1905/1813/3439 1838/1776/3439 1837/1748/3439
f 1826/1735/3440 1917/1814/3440 1854/1762/3440
f 1888/1797/3441 1889/1798/3441 1877/1778/3441
f 1879/1788/3442 1890/1799/3442 1817/1736/3442
f 1907/1815/3443 1841/1751/3443 1869/1779/3443
f 1870/1780/3444 1908/1816/3444 1842/1752/3444
f 1909/1817/3445 1844/1716/3445 1880/1790/3445
f 1860/1767/3446 1894/1803/3446 1845/1755/3446
f 1896/1805/3447 1881/1791/3447 1830/1742/3447
f 1896/1805/3448 1910/1818/3448 1881/1791/3448
f 1897/1806/3449 1861/1743/3449 1881/1791/3449
f 1863/1769/3450 1911/1819/3450 1882/1792/3450
f 1882/1792/3451 1912/1820/3451 1864/1770/3451
f 1899/1808/3452 1900/1821/3452 1873/1784/3452
f 1876/1787/3453 1883/1822/3453 1823/1730/3453
f 1883/1822/3454 1866/1773/3454 1823/1730/3454
f 1833/1745/3455 1913/1823/3455 1884/1793/3455
f 1885/1794/3456 1914/1824/3456 1835/1731/3456
f 1914/1824/3457 1867/1774/3457 1835/1731/3457
f 1904/1812/3458 1837/1748/3458 1825/1733/3458
f 1905/1813/3459 1906/1825/3459 1838/1776/3459
f 1906/1825/3460 1887/1796/3460 1838/1776/3460
f 1917/1814/3461 1826/1735/3461 1868/1777/3461
f 1917/1814/3462 1888/1797/3462 1854/1762/3462
f 1889/1798/3463 1918/1826/3463 1878/1749/3463
f 1918/1826/3464 1879/1788/3464 1878/1749/3464
f 1923/1827/3465 1890/1799/3465 1879/1788/3465
f 1856/1764/3466 1924/1828/3466 1857/1765/3466
f 1924/1828/3467 1869/1779/3467 1857/1765/3467
f 1907/1815/3468 1891/1800/3468 1841/1751/3468
f 1908/1816/3469 1870/1780/3469 1891/1800/3469
f 1919/1829/3470 1844/1716/3470 1909/1817/3470
f 1919/1829/3471 64/1739/3471 1844/1716/3471
f 67/1802/3472 68/1830/3472 1828/1740/3472
f 68/1830/3473 1860/1767/3473 1828/1740/3473
f 1894/1803/3474 1895/1804/3474 1872/1783/3474
f 1896/1805/3475 1809/1718/3475 1895/1804/3475
f 1910/1818/3476 1897/1806/3476 1881/1791/3476
f 1898/1807/3477 1911/1819/3477 1863/1769/3477
f 1900/1821/3478 1865/1772/3478 1873/1784/3478
f 1914/1824/3479 1920/1831/3479 1867/1774/3479
f 1903/1811/3480 1921/1832/3480 1851/1760/3480
f 1921/1832/3481 1886/1795/3481 1851/1760/3481
f 1921/1832/3482 1915/1833/3482 1886/1795/3482
f 1904/1812/3483 1905/1813/3483 1837/1748/3483
f 1922/1834/3484 1887/1796/3484 1906/1825/3484
f 1887/1796/3485 1916/1835/3485 1868/1777/3485
f 1890/1799/3486 1924/1828/3486 1856/1764/3486
f 1925/1836/3487 1908/1816/3487 1891/1800/3487
f 1926/1837/3488 1871/1781/3488 1842/1752/3488
f 1938/1838/3489 1859/1753/3489 1892/1789/3489
f 1927/1839/3490 1894/1803/3490 1860/1767/3490
f 1928/1840/3491 1898/1807/3491 1846/1756/3491
f 1928/1840/3492 1929/1841/3492 1898/1807/3492
f 1898/1807/3493 1930/1842/3493 1911/1819/3493
f 1931/1843/3494 1848/1771/3494 1864/1770/3494
f 1931/1843/3495 1899/1808/3495 1848/1771/3495
f 1932/1844/3496 1883/1822/3496 1876/1787/3496
f 1933/1845/3497 1850/1759/3497 1884/1793/3497
f 1920/1831/3498 1903/1811/3498 1867/1774/3498
f 1886/1795/3499 1934/1846/3499 1853/1775/3499
f 1934/1846/3500 1958/1847/3500 1853/1775/3500
f 1958/1847/3501 1904/1812/3501 1853/1775/3501
f 1935/1848/3502 1888/1797/3502 1917/1814/3502
f 1918/1826/3503 1923/1827/3503 1879/1788/3503
f 1936/1849/3504 1891/1800/3504 1907/1815/3504
f 1908/1816/3505 1926/1837/3505 1842/1752/3505
f 1937/1850/3506 1858/1766/3506 1871/1781/3506
f 1937/1850/3507 1892/1789/3507 1858/1766/3507
f 1937/1850/3508 1938/1838/3508 1892/1789/3508
f 1893/1801/3509 1909/1817/3509 1880/1790/3509
f 1939/1851/3510 1860/1767/3510 68/1830/3510
f 1894/1803/3511 1940/1852/3511 1895/1804/3511
f 1941/1853/3512 1896/1805/3512 1895/1804/3512
f 1941/1853/3513 1942/1854/3513 1896/1805/3513
f 1942/1854/3514 1910/1818/3514 1896/1805/3514
f 1942/1854/3515 1943/1855/3515 1910/1818/3515
f 1862/1768/3516 1928/1840/3516 1846/1756/3516
f 1929/1841/3517 1930/1842/3517 1898/1807/3517
f 1912/1820/3518 1882/1792/3518 1911/1819/3518
f 1912/1820/3519 1931/1843/3519 1864/1770/3519
f 1901/1809/3520 1874/1785/3520 1865/1772/3520
f 1944/1856/3521 1849/1758/3521 1902/1810/3521
f 1932/1844/3522 1866/1773/3522 1883/1822/3522
f 1866/1773/3523 1913/1823/3523 1833/1745/3523
f 1913/1823/3524 1933/1845/3524 1884/1793/3524
f 1933/1845/3525 1885/1794/3525 1850/1759/3525
f 1915/1833/3526 1934/1846/3526 1886/1795/3526
f 1904/1812/3527 1945/1857/3527 1905/1813/3527
f 1916/1835/3528 1917/1814/3528 1868/1777/3528
f 1935/1848/3529 1946/1858/3529 1888/1797/3529
f 1947/1859/3530 1889/1798/3530 1888/1797/3530
f 1948/1860/3531 1869/1779/3531 1924/1828/3531
f 1948/1860/3532 1907/1815/3532 1869/1779/3532
f 1972/1861/3533 1936/1849/3533 1907/1815/3533
f 1936/1849/3534 1925/1836/3534 1891/1800/3534
f 1949/1862/3535 1871/1781/3535 1926/1837/3535
f 1949/1862/3536 1937/1850/3536 1871/1781/3536
f 1950/1863/3537 1893/1801/3537 1859/1753/3537
f 1950/1863/3538 1951/1864/3538 1893/1801/3538
f 1951/1864/3539 1909/1817/3539 1893/1801/3539
f 71/1865/3540 1939/1851/3540 68/1830/3540
f 71/1865/3541 1952/1866/3541 1939/1851/3541
f 1939/1851/3542 1927/1839/3542 1860/1767/3542
f 1927/1839/3543 1940/1852/3543 1894/1803/3543
f 1943/1855/3544 1897/1806/3544 1910/1818/3544
f 1943/1855/3545 1953/1867/3545 1897/1806/3545
f 1954/1868/3546 1944/1856/3546 1902/1810/3546
f 1944/1856/3547 1875/1786/3547 1849/1758/3547
f 1944/1856/3548 1955/1869/3548 1875/1786/3548
f 1955/1869/3549 1876/1787/3549 1875/1786/3549
f 1956/1870/3550 1914/1824/3550 1885/1794/3550
f 1957/1871/3551 1903/1811/3551 1920/1831/3551
f 1957/1871/3552 1921/1832/3552 1903/1811/3552
f 1958/1847/3553 1945/1857/3553 1904/1812/3553
f 1916/1835/3554 1959/1872/3554 1917/1814/3554
f 1984/1873/3555 1935/1848/3555 1917/1814/3555
f 1946/1858/3556 1947/1859/3556 1888/1797/3556
f 1960/1874/3557 1890/1799/3557 1923/1827/3557
f 1960/1874/3558 1924/1828/3558 1890/1799/3558
f 1938/1838/3559 1950/1863/3559 1859/1753/3559
f 1962/1875/3560 1909/1817/3560 1951/1864/3560
f 1962/1875/3561 1919/1829/3561 1909/1817/3561
f 1963/1876/3562 64/1739/3562 1919/1829/3562
f 1963/1876/3563 69/1877/3563 64/1739/3563
f 1964/1878/3564 1941/1853/3564 1940/1852/3564
f 1941/1853/3565 1895/1804/3565 1940/1852/3565
f 1953/1867/3566 1862/1768/3566 1897/1806/3566
f 1965/1879/3567 1929/1841/3567 1928/1840/3567
f 1930/1842/3568 1912/1820/3568 1911/1819/3568
f 1900/1821/3569 1967/1880/3569 1865/1772/3569
f 1967/1880/3570 1901/1809/3570 1865/1772/3570
f 1967/1880/3571 1902/1810/3571 1901/1809/3571
f 1967/1880/3572 1954/1868/3572 1902/1810/3572
f 1913/1823/3573 1866/1773/3573 1932/1844/3573
f 1933/1845/3574 1956/1870/3574 1885/1794/3574
f 1968/1881/3575 1887/1796/3575 1922/1834/3575
f 1969/1882/3576 1916/1835/3576 1887/1796/3576
f 1985/1883/3577 1923/1827/3577 1918/1826/3577
f 1971/1884/3578 1924/1828/3578 1960/1874/3578
f 1971/1884/3579 1948/1860/3579 1924/1828/3579
f 1948/1860/3580 1972/1861/3580 1907/1815/3580
f 1961/1885/3581 1925/1836/3581 1936/1849/3581
f 1961/1885/3582 1908/1816/3582 1925/1836/3582
f 1926/1837/3583 1973/1886/3583 1949/1862/3583
f 1937/1850/3584 1974/1887/3584 1938/1838/3584
f 1975/1888/3585 1951/1864/3585 1950/1863/3585
f 70/1889/3586 71/1865/3586 68/1830/3586
f 1927/1839/3587 1964/1878/3587 1940/1852/3587
f 1953/1867/3588 1928/1840/3588 1862/1768/3588
f 1953/1867/3589 1965/1879/3589 1928/1840/3589
f 1930/1842/3590 1966/1890/3590 1912/1820/3590
f 1976/1891/3591 1900/1821/3591 1899/1808/3591
f 1977/1892/3592 1876/1787/3592 1955/1869/3592
f 1977/1892/3593 2005/1893/3593 1876/1787/3593
f 1980/1894/3594 1933/1845/3594 1913/1823/3594
f 1981/1895/3595 1920/1831/3595 1914/1824/3595
f 1957/1871/3596 1982/1896/3596 1921/1832/3596
f 1945/1857/3597 1983/1897/3597 1905/1813/3597
f 1983/1897/3598 1906/1825/3598 1905/1813/3598
f 1959/1872/3599 1984/1873/3599 1917/1814/3599
f 1947/1859/3600 1985/1883/3600 1889/1798/3600
f 1985/1883/3601 1918/1826/3601 1889/1798/3601
f 1985/1883/3602 1970/1898/3602 1923/1827/3602
f 1970/1898/3603 1960/1874/3603 1923/1827/3603
f 1986/1899/3604 1908/1816/3604 1961/1885/3604
f 1986/1899/3605 1987/1900/3605 1908/1816/3605
f 1987/1900/3606 1926/1837/3606 1908/1816/3606
f 1987/1900/3607 1973/1886/3607 1926/1837/3607
f 1973/1886/3608 1937/1850/3608 1949/1862/3608
f 1974/1887/3609 1988/1901/3609 1938/1838/3609
f 1988/1901/3610 1950/1863/3610 1938/1838/3610
f 1988/1901/3611 1989/1902/3611 1950/1863/3611
f 1975/1888/3612 1962/1875/3612 1951/1864/3612
f 1962/1875/3613 1963/1876/3613 1919/1829/3613
f 1990/1903/3614 1927/1839/3614 1939/1851/3614
f 1990/1903/3615 1964/1878/3615 1927/1839/3615
f 1991/1904/3616 1930/1842/3616 1929/1841/3616
f 2001/1905/3617 1966/1890/3617 1930/1842/3617
f 1966/1890/3618 1931/1843/3618 1912/1820/3618
f 2003/1906/3619 1955/1869/3619 1944/1856/3619
f 2003/1906/3620 1977/1892/3620 1955/1869/3620
f 2005/1893/3621 1932/1844/3621 1876/1787/3621
f 1932/1844/3622 1979/1907/3622 1913/1823/3622
f 1979/1907/3623 2042/1908/3623 1913/1823/3623
f 2042/1908/3624 1980/1894/3624 1913/1823/3624
f 1980/1894/3625 1956/1870/3625 1933/1845/3625
f 1980/1894/3626 1992/1909/3626 1956/1870/3626
f 1982/1896/3627 1915/1833/3627 1921/1832/3627
f 1982/1896/3628 1934/1846/3628 1915/1833/3628
f 1934/1846/3629 1993/1910/3629 1958/1847/3629
f 1968/1881/3630 1969/1882/3630 1887/1796/3630
f 1969/1882/3631 1959/1872/3631 1916/1835/3631
f 1995/1911/3632 1948/1860/3632 1971/1884/3632
f 1972/1861/3633 1996/1912/3633 1936/1849/3633
f 1996/1912/3634 1961/1885/3634 1936/1849/3634
f 1997/1913/3635 1974/1887/3635 1937/1850/3635
f 1975/1888/3636 1998/1914/3636 1962/1875/3636
f 1952/1866/3637 1990/1903/3637 1939/1851/3637
f 1964/1878/3638 1942/1854/3638 1941/1853/3638
f 1999/1915/3639 1953/1867/3639 1943/1855/3639
f 1999/1915/3640 2000/1916/3640 1953/1867/3640
f 2000/1916/3641 1965/1879/3641 1953/1867/3641
f 1965/1879/3642 1991/1904/3642 1929/1841/3642
f 1991/1904/3643 2001/1905/3643 1930/1842/3643
f 1931/1843/3644 2002/1917/3644 1899/1808/3644
f 2002/1917/3645 1976/1891/3645 1899/1808/3645
f 1976/1891/3646 1967/1880/3646 1900/1821/3646
f 1954/1868/3647 2003/1906/3647 1944/1856/3647
f 2005/1893/3648 1978/1918/3648 1932/1844/3648
f 1979/1907/3649 1932/1844/3649 1978/1918/3649
f 1992/1909/3650 1914/1824/3650 1956/1870/3650
f 1981/1895/3651 1957/1871/3651 1920/1831/3651
f 1982/1896/3652 1993/1910/3652 1934/1846/3652
f 1993/1910/3653 1945/1857/3653 1958/1847/3653
f 1983/1897/3654 1922/1834/3654 1906/1825/3654
f 1984/1873/3655 1946/1858/3655 1935/1848/3655
f 1984/1873/3656 2006/1919/3656 1946/1858/3656
f 2007/1920/3657 1970/1898/3657 1985/1883/3657
f 2007/1920/3658 2008/1921/3658 1970/1898/3658
f 2008/1921/3659 1960/1874/3659 1970/1898/3659
f 1995/1911/3660 2009/1922/3660 1948/1860/3660
f 2009/1922/3661 1972/1861/3661 1948/1860/3661
f 1996/1912/3662 1986/1899/3662 1961/1885/3662
f 2010/1923/3663 1973/1886/3663 1987/1900/3663
f 1973/1886/3664 1997/1913/3664 1937/1850/3664
f 2011/1924/3665 1989/1902/3665 1988/1901/3665
f 1989/1902/3666 1975/1888/3666 1950/1863/3666
f 1998/1914/3667 2012/1925/3667 1962/1875/3667
f 2012/1925/3668 1963/1876/3668 1962/1875/3668
f 1990/1903/3669 1942/1854/3669 1964/1878/3669
f 1942/1854/3670 1999/1915/3670 1943/1855/3670
f 2001/1905/3671 1931/1843/3671 1966/1890/3671
f 1967/1880/3672 2013/1926/3672 1954/1868/3672
f 2003/1906/3673 2004/1927/3673 1977/1892/3673
f 2004/1927/3674 2005/1893/3674 1977/1892/3674
f 2014/1928/3675 1914/1824/3675 1992/1909/3675
f 2014/1928/3676 1981/1895/3676 1914/1824/3676
f 2027/1929/3677 1945/1857/3677 1993/1910/3677
f 2027/1929/3678 1994/1930/3678 1945/1857/3678
f 1994/1930/3679 1983/1897/3679 1945/1857/3679
f 2015/1931/3680 1969/1882/3680 1968/1881/3680
f 1947/1859/3681 2016/1932/3681 1985/1883/3681
f 2016/1932/3682 2007/1920/3682 1985/1883/3682
f 2009/1922/3683 1996/1912/3683 1972/1861/3683
f 1986/1899/3684 2010/1923/3684 1987/1900/3684
f 1997/1913/3685 1988/1901/3685 1974/1887/3685
f 2012/1925/3686 69/1877/3686 1963/1876/3686
f 72/1933/3687 1952/1866/3687 71/1865/3687
f 2037/1934/3688 1990/1903/3688 1952/1866/3688
f 2019/1935/3689 2020/1936/3689 1942/1854/3689
f 2021/1937/3690 2000/1916/3690 1999/1915/3690
f 2022/1938/3691 1965/1879/3691 2000/1916/3691
f 2023/1939/3692 2001/1905/3692 1991/1904/3692
f 2001/1905/3693 2024/1940/3693 1931/1843/3693
f 2024/1940/3694 2002/1917/3694 1931/1843/3694
f 2042/1908/3695 2025/1941/3695 1980/1894/3695
f 1959/1872/3696 2028/1942/3696 1984/1873/3696
f 2028/1942/3697 2006/1919/3697 1984/1873/3697
f 2006/1919/3698 1947/1859/3698 1946/1858/3698
f 2030/1943/3699 1960/1874/3699 2008/1921/3699
f 2031/1944/3700 1971/1884/3700 1960/1874/3700
f 2031/1944/3701 2032/1945/3701 1971/1884/3701
f 2032/1945/3702 1995/1911/3702 1971/1884/3702
f 2010/1923/3703 2034/1946/3703 1973/1886/3703
f 2017/1947/3704 2035/1948/3704 1997/1913/3704
f 2035/1948/3705 1988/1901/3705 1997/1913/3705
f 2036/1949/3706 1998/1914/3706 1975/1888/3706
f 72/1933/3707 2037/1934/3707 1952/1866/3707
f 2037/1934/3708 2018/1950/3708 1990/1903/3708
f 2038/1951/3709 1942/1854/3709 1990/1903/3709
f 2020/1936/3710 1999/1915/3710 1942/1854/3710
f 2021/1937/3711 2039/1952/3711 2000/1916/3711
f 2039/1952/3712 2022/1938/3712 2000/1916/3712
f 2022/1938/3713 2040/1953/3713 1965/1879/3713
f 2040/1953/3714 1991/1904/3714 1965/1879/3714
f 2040/1953/3715 2023/1939/3715 1991/1904/3715
f 2002/1917/3716 2041/1954/3716 1976/1891/3716
f 2041/1954/3717 1967/1880/3717 1976/1891/3717
f 2013/1926/3718 2003/1906/3718 1954/1868/3718
f 1978/1918/3719 2042/1908/3719 1979/1907/3719
f 2043/1955/3720 1981/1895/3720 2014/1928/3720
f 2056/1956/3721 1957/1871/3721 1981/1895/3721
f 1957/1871/3722 2026/1957/3722 1982/1896/3722
f 1982/1896/3723 2044/1958/3723 1993/1910/3723
f 2045/1959/3724 1994/1930/3724 2027/1929/3724
f 2015/1931/3725 1968/1881/3725 1922/1834/3725
f 1969/1882/3726 2046/1960/3726 1959/1872/3726
f 2006/1919/3727 2016/1932/3727 1947/1859/3727
f 2016/1932/3728 2029/1961/3728 2007/1920/3728
f 2029/1961/3729 2008/1921/3729 2007/1920/3729
f 2031/1944/3730 1960/1874/3730 2030/1943/3730
f 2047/1962/3731 1996/1912/3731 2009/1922/3731
f 2047/1962/3732 2033/1963/3732 1996/1912/3732
f 2033/1963/3733 1986/1899/3733 1996/1912/3733
f 2033/1963/3734 2048/1964/3734 1986/1899/3734
f 2048/1964/3735 2010/1923/3735 1986/1899/3735
f 2034/1946/3736 2050/1965/3736 1973/1886/3736
f 2050/1965/3737 1997/1913/3737 1973/1886/3737
f 1989/1902/3738 2051/1966/3738 1975/1888/3738
f 2051/1966/3739 2036/1949/3739 1975/1888/3739
f 1998/1914/3740 2052/1967/3740 2012/1925/3740
f 2052/1967/3741 69/1877/3741 2012/1925/3741
f 2052/1967/3742 73/1968/3742 69/1877/3742
f 2018/1950/3743 2038/1951/3743 1990/1903/3743
f 2038/1951/3744 2019/1935/3744 1942/1854/3744
f 2039/1952/3745 2040/1953/3745 2022/1938/3745
f 2053/1969/3746 2024/1940/3746 2001/1905/3746
f 2041/1954/3747 2054/1970/3747 1967/1880/3747
f 2054/1970/3748 2013/1926/3748 1967/1880/3748
f 2110/1971/3749 2004/1927/3749 2003/1906/3749
f 2055/1972/3750 2005/1893/3750 2004/1927/3750
f 2055/1972/3751 1978/1918/3751 2005/1893/3751
f 2056/1956/3752 1981/1895/3752 2043/1955/3752
f 2057/1973/3753 1982/1896/3753 2026/1957/3753
f 2044/1958/3754 2027/1929/3754 1993/1910/3754
f 2058/1974/3755 1983/1897/3755 1994/1930/3755
f 2059/1975/3756 1922/1834/3756 1983/1897/3756
f 2060/1976/3757 1969/1882/3757 2015/1931/3757
f 2060/1976/3758 2046/1960/3758 1969/1882/3758
f 2029/1961/3759 2030/1943/3759 2008/1921/3759
f 2061/1977/3760 2031/1944/3760 2030/1943/3760
f 2062/1978/3761 2009/1922/3761 1995/1911/3761
f 2048/1964/3762 2049/1979/3762 2010/1923/3762
f 2049/1979/3763 2034/1946/3763 2010/1923/3763
f 2050/1965/3764 2017/1947/3764 1997/1913/3764
f 2074/1980/3765 2035/1948/3765 2017/1947/3765
f 2035/1948/3766 2011/1924/3766 1988/1901/3766
f 2036/1949/3767 2052/1967/3767 1998/1914/3767
f 2020/1936/3768 2021/1937/3768 1999/1915/3768
f 2063/1981/3769 2039/1952/3769 2021/1937/3769
f 2023/1939/3770 2053/1969/3770 2001/1905/3770
f 2053/1969/3771 2065/1982/3771 2024/1940/3771
f 2065/1982/3772 2002/1917/3772 2024/1940/3772
f 2067/1983/3773 2041/1954/3773 2002/1917/3773
f 2110/1971/3774 2003/1906/3774 2013/1926/3774
f 2068/1984/3775 2004/1927/3775 2110/1971/3775
f 2069/1985/3776 1980/1894/3776 2025/1941/3776
f 2069/1985/3777 1992/1909/3777 1980/1894/3777
f 2043/1955/3778 2014/1928/3778 1992/1909/3778
f 2056/1956/3779 2070/1986/3779 1957/1871/3779
f 2070/1986/3780 2026/1957/3780 1957/1871/3780
f 2045/1959/3781 2058/1974/3781 1994/1930/3781
f 2058/1974/3782 2059/1975/3782 1983/1897/3782
f 2046/1960/3783 2028/1942/3783 1959/1872/3783
f 2028/1942/3784 2071/1987/3784 2006/1919/3784
f 2032/1945/3785 2072/1988/3785 1995/1911/3785
f 2072/1988/3786 2062/1978/3786 1995/1911/3786
f 2062/1978/3787 2047/1962/3787 2009/1922/3787
f 2073/1989/3788 2033/1963/3788 2047/1962/3788
f 2073/1989/3789 2048/1964/3789 2033/1963/3789
f 2074/1980/3790 2017/1947/3790 2050/1965/3790
f 2074/1980/3791 2075/1990/3791 2035/1948/3791
f 2075/1990/3792 2011/1924/3792 2035/1948/3792
f 2011/1924/3793 2076/1991/3793 1989/1902/3793
f 2076/1991/3794 2051/1966/3794 1989/1902/3794
f 2052/1967/3795 74/1992/3795 73/1968/3795
f 2019/1935/3796 2077/1993/3796 2020/1936/3796
f 2077/1993/3797 2078/1994/3797 2020/1936/3797
f 2078/1994/3798 2021/1937/3798 2020/1936/3798
f 2078/1994/3799 2063/1981/3799 2021/1937/3799
f 2079/1995/3800 2039/1952/3800 2063/1981/3800
f 2079/1995/3801 2064/1996/3801 2039/1952/3801
f 2064/1996/3802 2040/1953/3802 2039/1952/3802
f 2064/1996/3803 2023/1939/3803 2040/1953/3803
f 2004/1927/3804 2081/1997/3804 2055/1972/3804
f 2082/1998/3805 1978/1918/3805 2055/1972/3805
f 2083/1999/3806 2042/1908/3806 1978/1918/3806
f 2084/2000/3807 2056/1956/3807 2043/1955/3807
f 2057/1973/3808 2044/1958/3808 1982/1896/3808
f 2085/2001/3809 2058/1974/3809 2045/1959/3809
f 2086/2002/3810 2016/1932/3810 2006/1919/3810
f 2086/2002/3811 2029/1961/3811 2016/1932/3811
f 2029/1961/3812 2061/1977/3812 2030/1943/3812
f 2088/2003/3813 2032/1945/3813 2031/1944/3813
f 2072/1988/3814 2116/2004/3814 2062/1978/3814
f 2062/1978/3815 2089/2005/3815 2047/1962/3815
f 2091/2006/3816 2034/1946/3816 2049/1979/3816
f 2011/1924/3817 2103/2007/3817 2076/1991/3817
f 2076/1991/3818 2092/2008/3818 2051/1966/3818
f 2092/2008/3819 2036/1949/3819 2051/1966/3819
f 2092/2008/3820 2093/2009/3820 2036/1949/3820
f 2093/2009/3821 2052/1967/3821 2036/1949/3821
f 75/2010/3822 2037/1934/3822 72/1933/3822
f 75/2010/3823 2018/1950/3823 2037/1934/3823
f 2065/1982/3824 2066/2011/3824 2002/1917/3824
f 2066/2011/3825 2067/1983/3825 2002/1917/3825
f 2067/1983/3826 2094/2012/3826 2041/1954/3826
f 2094/2012/3827 2054/1970/3827 2041/1954/3827
f 2080/2013/3828 2004/1927/3828 2068/1984/3828
f 2080/2013/3829 2081/1997/3829 2004/1927/3829
f 2083/1999/3830 2025/1941/3830 2042/1908/3830
f 2069/1985/3831 2043/1955/3831 1992/1909/3831
f 2112/2014/3832 2084/2000/3832 2043/1955/3832
f 2084/2000/3833 2070/1986/3833 2056/1956/3833
f 2027/1929/3834 2095/2015/3834 2045/1959/3834
f 2095/2015/3835 2085/2001/3835 2045/1959/3835
f 2059/1975/3836 2015/1931/3836 1922/1834/3836
f 2096/2016/3837 2060/1976/3837 2015/1931/3837
f 2097/2017/3838 2046/1960/3838 2060/1976/3838
f 2071/1987/3839 2086/2002/3839 2006/1919/3839
f 2086/2002/3840 2087/2018/3840 2029/1961/3840
f 2087/2018/3841 2099/2019/3841 2029/1961/3841
f 2099/2019/3842 2061/1977/3842 2029/1961/3842
f 2099/2019/3843 2031/1944/3843 2061/1977/3843
f 2099/2019/3844 2088/2003/3844 2031/1944/3844
f 2089/2005/3845 2073/1989/3845 2047/1962/3845
f 2073/1989/3846 2090/2020/3846 2048/1964/3846
f 2090/2020/3847 2049/1979/3847 2048/1964/3847
f 2090/2020/3848 2100/2021/3848 2049/1979/3848
f 2100/2021/3849 2091/2006/3849 2049/1979/3849
f 2091/2006/3850 2050/1965/3850 2034/1946/3850
f 2101/2022/3851 2074/1980/3851 2050/1965/3851
f 2101/2022/3852 2102/2023/3852 2074/1980/3852
f 2102/2023/3853 2075/1990/3853 2074/1980/3853
f 2102/2023/3854 2118/2024/3854 2075/1990/3854
f 2103/2007/3855 2011/1924/3855 2075/1990/3855
f 2076/1991/3856 2104/2025/3856 2092/2008/3856
f 2105/2026/3857 2093/2009/3857 2092/2008/3857
f 2093/2009/3858 2106/2027/3858 2052/1967/3858
f 2106/2027/3859 74/1992/3859 2052/1967/3859
f 2107/2028/3860 2023/1939/3860 2064/1996/3860
f 2107/2028/3861 2108/2029/3861 2023/1939/3861
f 2108/2029/3862 2053/1969/3862 2023/1939/3862
f 2108/2029/3863 2109/2030/3863 2053/1969/3863
f 2109/2030/3864 2065/1982/3864 2053/1969/3864
f 2082/1998/3865 2083/1999/3865 1978/1918/3865
f 2124/2031/3866 2069/1985/3866 2025/1941/3866
f 2069/1985/3867 2112/2014/3867 2043/1955/3867
f 2113/2032/3868 2044/1958/3868 2057/1973/3868
f 2114/2033/3869 2058/1974/3869 2085/2001/3869
f 2059/1975/3870 2096/2016/3870 2015/1931/3870
f 2046/1960/3871 2098/2034/3871 2028/1942/3871
f 2098/2034/3872 2071/1987/3872 2028/1942/3872
f 2115/2035/3873 2087/2018/3873 2086/2002/3873
f 2088/2003/3874 2072/1988/3874 2032/1945/3874
f 2117/2036/3875 2090/2020/3875 2073/1989/3875
f 2091/2006/3876 2101/2022/3876 2050/1965/3876
f 2103/2007/3877 2104/2025/3877 2076/1991/3877
f 2104/2025/3878 2119/2037/3878 2092/2008/3878
f 2119/2037/3879 2105/2026/3879 2092/2008/3879
f 2120/2038/3880 2093/2009/3880 2105/2026/3880
f 2120/2038/3881 2106/2027/3881 2093/2009/3881
f 2133/2039/3882 2078/1994/3882 2077/1993/3882
f 2133/2039/3883 2121/2040/3883 2078/1994/3883
f 2122/2041/3884 2064/1996/3884 2079/1995/3884
f 2122/2041/3885 2107/2028/3885 2064/1996/3885
f 2054/1970/3886 2110/1971/3886 2013/1926/3886
f 2111/2042/3887 2068/1984/3887 2110/1971/3887
f 2123/2043/3888 2080/2013/3888 2068/1984/3888
f 2124/2031/3889 2025/1941/3889 2083/1999/3889
f 2138/2044/3890 2113/2032/3890 2057/1973/3890
f 2113/2032/3891 2027/1929/3891 2044/1958/3891
f 2113/2032/3892 2125/2045/3892 2027/1929/3892
f 2154/2046/3893 2096/2016/3893 2059/1975/3893
f 2071/1987/3894 2127/2047/3894 2086/2002/3894
f 2088/2003/3895 2116/2004/3895 2072/1988/3895
f 2128/2048/3896 2062/1978/3896 2116/2004/3896
f 2128/2048/3897 2089/2005/3897 2062/1978/3897
f 2117/2036/3898 2100/2021/3898 2090/2020/3898
f 2129/2049/3899 2102/2023/3899 2101/2022/3899
f 2129/2049/3900 2118/2024/3900 2102/2023/3900
f 2118/2024/3901 2130/2050/3901 2075/1990/3901
f 2130/2050/3902 2103/2007/3902 2075/1990/3902
f 2130/2050/3903 2131/2051/3903 2103/2007/3903
f 2132/2052/3904 74/1992/3904 2106/2027/3904
f 2132/2052/3905 76/2053/3905 74/1992/3905
f 2038/1951/3906 2148/2054/3906 2019/1935/3906
f 2148/2054/3907 2077/1993/3907 2019/1935/3907
f 2121/2040/3908 2063/1981/3908 2078/1994/3908
f 2134/2055/3909 2079/1995/3909 2063/1981/3909
f 2134/2055/3910 2122/2041/3910 2079/1995/3910
f 2171/2056/3911 2109/2030/3911 2108/2029/3911
f 2135/2057/3912 2094/2012/3912 2067/1983/3912
f 2094/2012/3913 2136/2058/3913 2054/1970/3913
f 2136/2058/3914 2110/1971/3914 2054/1970/3914
f 2136/2058/3915 2111/2042/3915 2110/1971/3915
f 2111/2042/3916 2123/2043/3916 2068/1984/3916
f 2137/2059/3917 2084/2000/3917 2112/2014/3917
f 2070/1986/3918 2057/1973/3918 2026/1957/3918
f 2070/1986/3919 2138/2044/3919 2057/1973/3919
f 2125/2045/3920 2095/2015/3920 2027/1929/3920
f 2114/2033/3921 2139/2060/3921 2058/1974/3921
f 2139/2060/3922 2059/1975/3922 2058/1974/3922
f 2096/2016/3923 2097/2017/3923 2060/1976/3923
f 2126/2061/3924 2046/1960/3924 2097/2017/3924
f 2126/2061/3925 2098/2034/3925 2046/1960/3925
f 2098/2034/3926 2127/2047/3926 2071/1987/3926
f 2127/2047/3927 2115/2035/3927 2086/2002/3927
f 2141/2062/3928 2099/2019/3928 2087/2018/3928
f 2141/2062/3929 2142/2063/3929 2099/2019/3929
f 2142/2063/3930 2088/2003/3930 2099/2019/3930
f 2142/2063/3931 2143/2064/3931 2088/2003/3931
f 2143/2064/3932 2116/2004/3932 2088/2003/3932
f 2143/2064/3933 2128/2048/3933 2116/2004/3933
f 2128/2048/3934 2144/2065/3934 2089/2005/3934
f 2144/2065/3935 2073/1989/3935 2089/2005/3935
f 2100/2021/3936 2145/2066/3936 2091/2006/3936
f 2145/2066/3937 2101/2022/3937 2091/2006/3937
f 2131/2051/3938 2146/2067/3938 2103/2007/3938
f 2119/2037/3939 2120/2038/3939 2105/2026/3939
f 2147/2068/3940 2106/2027/3940 2120/2038/3940
f 2147/2068/3941 2132/2052/3941 2106/2027/3941
f 2158/2069/3942 2038/1951/3942 2018/1950/3942
f 2148/2054/3943 2133/2039/3943 2077/1993/3943
f 2134/2055/3944 2107/2028/3944 2122/2041/3944
f 2134/2055/3945 2149/2070/3945 2107/2028/3945
f 2109/2030/3946 2150/2071/3946 2065/1982/3946
f 2065/1982/3947 2151/2072/3947 2066/2011/3947
f 2135/2057/3948 2067/1983/3948 2066/2011/3948
f 2136/2058/3949 2152/2073/3949 2111/2042/3949
f 2153/2074/3950 2123/2043/3950 2111/2042/3950
f 2123/2043/3951 2081/1997/3951 2080/2013/3951
f 2081/1997/3952 2082/1998/3952 2055/1972/3952
f 2139/2060/3953 2154/2046/3953 2059/1975/3953
f 2155/2075/3954 2097/2017/3954 2096/2016/3954
f 2155/2075/3955 2156/2076/3955 2097/2017/3955
f 2156/2076/3956 2126/2061/3956 2097/2017/3956
f 2165/2077/3957 2127/2047/3957 2098/2034/3957
f 2115/2035/3958 2140/2078/3958 2087/2018/3958
f 2129/2049/3959 2130/2050/3959 2118/2024/3959
f 2146/2067/3960 2104/2025/3960 2103/2007/3960
f 2147/2068/3961 76/2053/3961 2132/2052/3961
f 2158/2069/3962 2018/1950/3962 75/2010/3962
f 2158/2069/3963 2148/2054/3963 2038/1951/3963
f 2149/2070/3964 2159/2079/3964 2107/2028/3964
f 2159/2079/3965 2160/2080/3965 2107/2028/3965
f 2160/2080/3966 2108/2029/3966 2107/2028/3966
f 2151/2072/3967 2135/2057/3967 2066/2011/3967
f 2082/1998/3968 2161/2081/3968 2083/1999/3968
f 2161/2081/3969 2124/2031/3969 2083/1999/3969
f 2162/2082/3970 2112/2014/3970 2069/1985/3970
f 2162/2082/3971 2137/2059/3971 2112/2014/3971
f 2137/2059/3972 2163/2083/3972 2084/2000/3972
f 2084/2000/3973 2163/2083/3973 2070/1986/3973
f 2164/2084/3974 2155/2075/3974 2096/2016/3974
f 2126/2061/3975 2165/2077/3975 2098/2034/3975
f 2165/2077/3976 2157/2085/3976 2127/2047/3976
f 2127/2047/3977 2157/2085/3977 2115/2035/3977
f 2140/2078/3978 2141/2062/3978 2087/2018/3978
f 2166/2086/3979 2128/2048/3979 2143/2064/3979
f 2166/2086/3980 2144/2065/3980 2128/2048/3980
f 2144/2065/3981 2117/2036/3981 2073/1989/3981
f 2144/2065/3982 2167/2087/3982 2117/2036/3982
f 2167/2087/3983 2100/2021/3983 2117/2036/3983
f 2168/2088/3984 2129/2049/3984 2101/2022/3984
f 2119/2037/3985 2147/2068/3985 2120/2038/3985
f 2148/2054/3986 2182/2089/3986 2133/2039/3986
f 2063/1981/3987 2170/2090/3987 2134/2055/3987
f 2160/2080/3988 2171/2056/3988 2108/2029/3988
f 2150/2071/3989 2151/2072/3989 2065/1982/3989
f 2172/2091/3990 2136/2058/3990 2094/2012/3990
f 2153/2074/3991 2173/2092/3991 2123/2043/3991
f 2186/2093/3992 2174/2094/3992 2081/1997/3992
f 2174/2094/3993 2082/1998/3993 2081/1997/3993
f 2124/2031/3994 2175/2095/3994 2069/1985/3994
f 2175/2095/3995 2162/2082/3995 2069/1985/3995
f 2138/2044/3996 2176/2096/3996 2113/2032/3996
f 2176/2096/3997 2125/2045/3997 2113/2032/3997
f 2177/2097/3998 2085/2001/3998 2095/2015/3998
f 2178/2098/3999 2155/2075/3999 2164/2084/3999
f 2140/2078/4000 2179/2099/4000 2141/2062/4000
f 2179/2099/4001 2142/2063/4001 2141/2062/4001
f 2179/2099/4002 2180/2100/4002 2142/2063/4002
f 2180/2100/4003 2143/2064/4003 2142/2063/4003
f 2180/2100/4004 2166/2086/4004 2143/2064/4004
f 2167/2087/4005 2145/2066/4005 2100/2021/4005
f 2168/2088/4006 2101/2022/4006 2145/2066/4006
f 2168/2088/4007 2130/2050/4007 2129/2049/4007
f 2146/2067/4008 2119/2037/4008 2104/2025/4008
f 77/2101/4009 76/2053/4009 2147/2068/4009
f 2181/2102/4010 2148/2054/4010 2158/2069/4010
f 2169/2103/4011 2183/2104/4011 2133/2039/4011
f 2183/2104/4012 2121/2040/4012 2133/2039/4012
f 2170/2090/4013 2149/2070/4013 2134/2055/4013
f 2150/2071/4014 2109/2030/4014 2171/2056/4014
f 2150/2071/4015 2199/2105/4015 2151/2072/4015
f 2184/2106/4016 2135/2057/4016 2151/2072/4016
f 2172/2091/4017 2185/2107/4017 2136/2058/4017
f 2152/2073/4018 2153/2074/4018 2111/2042/4018
f 2173/2092/4019 2186/2093/4019 2123/2043/4019
f 2186/2093/4020 2081/1997/4020 2123/2043/4020
f 2188/2108/4021 2163/2083/4021 2137/2059/4021
f 2163/2083/4022 2138/2044/4022 2070/1986/4022
f 2176/2096/4023 2095/2015/4023 2125/2045/4023
f 2176/2096/4024 2177/2097/4024 2095/2015/4024
f 2085/2001/4025 2189/2109/4025 2114/2033/4025
f 2189/2109/4026 2139/2060/4026 2114/2033/4026
f 2096/2016/4027 2190/2110/4027 2164/2084/4027
f 2190/2110/4028 2178/2098/4028 2164/2084/4028
f 2191/2111/4029 2165/2077/4029 2126/2061/4029
f 2207/2112/4030 2157/2085/4030 2165/2077/4030
f 2157/2085/4031 2192/2113/4031 2115/2035/4031
f 2192/2113/4032 2140/2078/4032 2115/2035/4032
f 2145/2066/4033 2194/2114/4033 2168/2088/4033
f 2210/2115/4034 2195/2116/4034 2130/2050/4034
f 2195/2116/4035 2131/2051/4035 2130/2050/4035
f 2211/2117/4036 2119/2037/4036 2146/2067/4036
f 2196/2118/4037 2147/2068/4037 2119/2037/4037
f 2197/2119/4038 2182/2089/4038 2148/2054/4038
f 2169/2103/4039 2133/2039/4039 2182/2089/4039
f 2121/2040/4040 2170/2090/4040 2063/1981/4040
f 2170/2090/4041 2198/2120/4041 2149/2070/4041
f 2198/2120/4042 2159/2079/4042 2149/2070/4042
f 2185/2107/4043 2200/2121/4043 2136/2058/4043
f 2200/2121/4044 2152/2073/4044 2136/2058/4044
f 2201/2122/4045 2202/2123/4045 2186/2093/4045
f 2202/2123/4046 2174/2094/4046 2186/2093/4046
f 2187/2124/4047 2175/2095/4047 2124/2031/4047
f 2175/2095/4048 2203/2125/4048 2162/2082/4048
f 2204/2126/4049 2163/2083/4049 2188/2108/4049
f 2204/2126/4050 2205/2127/4050 2163/2083/4050
f 2205/2127/4051 2138/2044/4051 2163/2083/4051
f 2206/2128/4052 2176/2096/4052 2138/2044/4052
f 2177/2097/4053 2189/2109/4053 2085/2001/4053
f 2190/2110/4054 2096/2016/4054 2154/2046/4054
f 2156/2076/4055 2191/2111/4055 2126/2061/4055
f 2207/2112/4056 2165/2077/4056 2191/2111/4056
f 2180/2100/4057 2209/2129/4057 2166/2086/4057
f 2209/2129/4058 2144/2065/4058 2166/2086/4058
f 2193/2130/4059 2145/2066/4059 2167/2087/4059
f 2210/2115/4060 2130/2050/4060 2168/2088/4060
f 2195/2116/4061 2211/2117/4061 2131/2051/4061
f 2211/2117/4062 2146/2067/4062 2131/2051/4062
f 2211/2117/4063 2196/2118/4063 2119/2037/4063
f 2212/2131/4064 77/2101/4064 2147/2068/4064
f 78/2132/4065 2158/2069/4065 75/2010/4065
f 2213/2133/4066 2181/2102/4066 2158/2069/4066
f 2181/2102/4067 2197/2119/4067 2148/2054/4067
f 2169/2103/4068 2238/2134/4068 2183/2104/4068
f 2183/2104/4069 2214/2135/4069 2121/2040/4069
f 2214/2135/4070 2170/2090/4070 2121/2040/4070
f 2215/2136/4071 2198/2120/4071 2170/2090/4071
f 2216/2137/4072 2160/2080/4072 2159/2079/4072
f 2216/2137/4073 2171/2056/4073 2160/2080/4073
f 2216/2137/4074 2150/2071/4074 2171/2056/4074
f 2199/2105/4075 2217/2138/4075 2151/2072/4075
f 2217/2138/4076 2184/2106/4076 2151/2072/4076
f 2135/2057/4077 2172/2091/4077 2094/2012/4077
f 2200/2121/4078 2218/2139/4078 2152/2073/4078
f 2173/2092/4079 2201/2122/4079 2186/2093/4079
f 2161/2081/4080 2187/2124/4080 2124/2031/4080
f 2203/2125/4081 2137/2059/4081 2162/2082/4081
f 2206/2128/4082 2221/2140/4082 2176/2096/4082
f 2229/2141/4083 2189/2109/4083 2177/2097/4083
f 2222/2142/4084 2154/2046/4084 2139/2060/4084
f 2222/2142/4085 2190/2110/4085 2154/2046/4085
f 2178/2098/4086 2156/2076/4086 2155/2075/4086
f 2178/2098/4087 2230/2143/4087 2156/2076/4087
f 2230/2143/4088 2191/2111/4088 2156/2076/4088
f 2207/2112/4089 2208/2144/4089 2157/2085/4089
f 2232/2145/4090 2180/2100/4090 2179/2099/4090
f 2209/2129/4091 2167/2087/4091 2144/2065/4091
f 2193/2130/4092 2194/2114/4092 2145/2066/4092
f 2194/2114/4093 2210/2115/4093 2168/2088/4093
f 2237/2146/4094 2196/2118/4094 2211/2117/4094
f 2196/2118/4095 2212/2131/4095 2147/2068/4095
f 2214/2135/4096 2215/2136/4096 2170/2090/4096
f 2223/2147/4097 2199/2105/4097 2150/2071/4097
f 2224/2148/4098 2172/2091/4098 2135/2057/4098
f 2218/2139/4099 2153/2074/4099 2152/2073/4099
f 2242/2149/4100 2173/2092/4100 2153/2074/4100
f 2242/2149/4101 2201/2122/4101 2173/2092/4101
f 2219/2150/4102 2082/1998/4102 2174/2094/4102
f 2225/2151/4103 2161/2081/4103 2082/1998/4103
f 2161/2081/4104 2226/2152/4104 2187/2124/4104
f 2187/2124/4105 2220/2153/4105 2175/2095/4105
f 2220/2153/4106 2203/2125/4106 2175/2095/4106
f 2203/2125/4107 2227/2154/4107 2137/2059/4107
f 2227/2154/4108 2188/2108/4108 2137/2059/4108
f 2227/2154/4109 2204/2126/4109 2188/2108/4109
f 2205/2127/4110 2206/2128/4110 2138/2044/4110
f 2221/2140/4111 2228/2155/4111 2176/2096/4111
f 2228/2155/4112 2177/2097/4112 2176/2096/4112
f 2190/2110/4113 2230/2143/4113 2178/2098/4113
f 2208/2144/4114 2268/2156/4114 2157/2085/4114
f 2268/2156/4115 2192/2113/4115 2157/2085/4115
f 2192/2113/4116 2231/2157/4116 2140/2078/4116
f 2231/2157/4117 2232/2145/4117 2140/2078/4117
f 2232/2145/4118 2179/2099/4118 2140/2078/4118
f 2233/2158/4119 2180/2100/4119 2232/2145/4119
f 2233/2158/4120 2234/2159/4120 2180/2100/4120
f 2234/2159/4121 2209/2129/4121 2180/2100/4121
f 2235/2160/4122 2193/2130/4122 2167/2087/4122
f 2236/2161/4123 2195/2116/4123 2210/2115/4123
f 2238/2134/4124 2169/2103/4124 2182/2089/4124
f 2238/2134/4125 2239/2162/4125 2183/2104/4125
f 2239/2162/4126 2214/2135/4126 2183/2104/4126
f 2240/2163/4127 2198/2120/4127 2215/2136/4127
f 2240/2163/4128 2159/2079/4128 2198/2120/4128
f 2217/2138/4129 2199/2105/4129 2223/2147/4129
f 2241/2164/4130 2184/2106/4130 2217/2138/4130
f 2241/2164/4131 2135/2057/4131 2184/2106/4131
f 2218/2139/4132 2200/2121/4132 2185/2107/4132
f 2218/2139/4133 2242/2149/4133 2153/2074/4133
f 2202/2123/4134 2219/2150/4134 2174/2094/4134
f 2219/2150/4135 2225/2151/4135 2082/1998/4135
f 2243/2165/4136 2226/2152/4136 2161/2081/4136
f 2244/2166/4137 2227/2154/4137 2203/2125/4137
f 2205/2127/4138 2245/2167/4138 2206/2128/4138
f 2245/2167/4139 2221/2140/4139 2206/2128/4139
f 2229/2141/4140 2177/2097/4140 2228/2155/4140
f 2229/2141/4141 2139/2060/4141 2189/2109/4141
f 2229/2141/4142 2222/2142/4142 2139/2060/4142
f 2230/2143/4143 2207/2112/4143 2191/2111/4143
f 2247/2168/4144 2234/2159/4144 2233/2158/4144
f 2209/2129/4145 2235/2160/4145 2167/2087/4145
f 2235/2160/4146 2248/2169/4146 2193/2130/4146
f 2236/2161/4147 2210/2115/4147 2194/2114/4147
f 2195/2116/4148 2283/2170/4148 2211/2117/4148
f 2283/2170/4149 2237/2146/4149 2211/2117/4149
f 2249/2171/4150 2212/2131/4150 2196/2118/4150
f 2181/2102/4151 2250/2172/4151 2197/2119/4151
f 2240/2163/4152 2216/2137/4152 2159/2079/4152
f 2252/2173/4153 2150/2071/4153 2216/2137/4153
f 2252/2173/4154 2223/2147/4154 2150/2071/4154
f 2253/2174/4155 2217/2138/4155 2223/2147/4155
f 2224/2148/4156 2135/2057/4156 2241/2164/4156
f 2261/2175/4157 2201/2122/4157 2242/2149/4157
f 2244/2166/4158 2276/2176/4158 2227/2154/4158
f 2227/2154/4159 2205/2127/4159 2204/2126/4159
f 2256/2177/4160 2229/2141/4160 2228/2155/4160
f 2229/2141/4161 2264/2178/4161 2222/2142/4161
f 2230/2143/4162 2267/2179/4162 2207/2112/4162
f 2267/2179/4163 2246/2180/4163 2207/2112/4163
f 2246/2180/4164 2208/2144/4164 2207/2112/4164
f 2234/2159/4165 2235/2160/4165 2209/2129/4165
f 78/2132/4166 2257/2181/4166 2158/2069/4166
f 2257/2181/4167 2213/2133/4167 2158/2069/4167
f 2251/2182/4168 2239/2162/4168 2238/2134/4168
f 2258/2183/4169 2240/2163/4169 2215/2136/4169
f 2240/2163/4170 2259/2184/4170 2216/2137/4170
f 2216/2137/4171 2259/2184/4171 2252/2173/4171
f 2253/2174/4172 2241/2164/4172 2217/2138/4172
f 2260/2185/4173 2172/2091/4173 2224/2148/4173
f 2260/2185/4174 2254/2186/4174 2172/2091/4174
f 2254/2186/4175 2218/2139/4175 2185/2107/4175
f 2262/2187/4176 2201/2122/4176 2261/2175/4176
f 2262/2187/4177 2202/2123/4177 2201/2122/4177
f 2262/2187/4178 2263/2188/4178 2202/2123/4178
f 2263/2188/4179 2219/2150/4179 2202/2123/4179
f 2263/2188/4180 2255/2189/4180 2219/2150/4180
f 2255/2189/4181 2225/2151/4181 2219/2150/4181
f 2225/2151/4182 2243/2165/4182 2161/2081/4182
f 2226/2152/4183 2220/2153/4183 2187/2124/4183
f 2220/2153/4184 2244/2166/4184 2203/2125/4184
f 2276/2176/4185 2290/2190/4185 2227/2154/4185
f 2265/2191/4186 2190/2110/4186 2222/2142/4186
f 2266/2192/4187 2230/2143/4187 2190/2110/4187
f 2246/2180/4188 2268/2156/4188 2208/2144/4188
f 2268/2156/4189 2269/2193/4189 2192/2113/4189
f 2269/2193/4190 2231/2157/4190 2192/2113/4190
f 2270/2194/4191 2232/2145/4191 2231/2157/4191
f 2270/2194/4192 2271/2195/4192 2232/2145/4192
f 2271/2195/4193 2233/2158/4193 2232/2145/4193
f 2247/2168/4194 2235/2160/4194 2234/2159/4194
f 2247/2168/4195 2280/2196/4195 2235/2160/4195
f 2248/2169/4196 2194/2114/4196 2193/2130/4196
f 2248/2169/4197 2272/2197/4197 2194/2114/4197
f 2272/2197/4198 2236/2161/4198 2194/2114/4198
f 2283/2170/4199 2195/2116/4199 2236/2161/4199
f 2197/2119/4200 2238/2134/4200 2182/2089/4200
f 2239/2162/4201 2258/2183/4201 2214/2135/4201
f 2258/2183/4202 2215/2136/4202 2214/2135/4202
f 2254/2186/4203 2185/2107/4203 2172/2091/4203
f 2218/2139/4204 2261/2175/4204 2242/2149/4204
f 2289/2198/4205 2244/2166/4205 2220/2153/4205
f 2289/2198/4206 2276/2176/4206 2244/2166/4206
f 2290/2190/4207 2277/2199/4207 2227/2154/4207
f 2277/2199/4208 2205/2127/4208 2227/2154/4208
f 2277/2199/4209 2278/2200/4209 2205/2127/4209
f 2279/2201/4210 2221/2140/4210 2245/2167/4210
f 2265/2191/4211 2266/2192/4211 2190/2110/4211
f 2230/2143/4212 2266/2192/4212 2267/2179/4212
f 2271/2195/4213 2247/2168/4213 2233/2158/4213
f 2281/2202/4214 2248/2169/4214 2235/2160/4214
f 2273/2203/4215 2283/2170/4215 2236/2161/4215
f 2249/2171/4216 2196/2118/4216 2237/2146/4216
f 2212/2131/4217 79/2204/4217 77/2101/4217
f 80/2205/4218 2257/2181/4218 78/2132/4218
f 2284/2206/4219 2181/2102/4219 2213/2133/4219
f 2250/2172/4220 2238/2134/4220 2197/2119/4220
f 2250/2172/4221 2285/2207/4221 2238/2134/4221
f 2285/2207/4222 2251/2182/4222 2238/2134/4222
f 2259/2184/4223 2274/2208/4223 2252/2173/4223
f 2252/2173/4224 2286/2209/4224 2223/2147/4224
f 2275/2210/4225 2241/2164/4225 2253/2174/4225
f 2275/2210/4226 2224/2148/4226 2241/2164/4226
f 2254/2186/4227 2287/2211/4227 2218/2139/4227
f 2243/2165/4228 2288/2212/4228 2226/2152/4228
f 2288/2212/4229 2220/2153/4229 2226/2152/4229
f 2288/2212/4230 2289/2198/4230 2220/2153/4230
f 2278/2200/4231 2245/2167/4231 2205/2127/4231
f 2291/2213/4232 2229/2141/4232 2256/2177/4232
f 2265/2191/4233 2222/2142/4233 2264/2178/4233
f 2266/2192/4234 2292/2214/4234 2267/2179/4234
f 2292/2214/4235 2246/2180/4235 2267/2179/4235
f 2293/2215/4236 2269/2193/4236 2268/2156/4236
f 2269/2193/4237 2305/2216/4237 2231/2157/4237
f 2305/2216/4238 2270/2194/4238 2231/2157/4238
f 2294/2217/4239 2280/2196/4239 2247/2168/4239
f 2280/2196/4240 2281/2202/4240 2235/2160/4240
f 2272/2197/4241 2273/2203/4241 2236/2161/4241
f 2249/2171/4242 2295/2218/4242 2212/2131/4242
f 2296/2219/4243 2239/2162/4243 2251/2182/4243
f 2297/2220/4244 2258/2183/4244 2239/2162/4244
f 2258/2183/4245 2259/2184/4245 2240/2163/4245
f 2274/2208/4246 2286/2209/4246 2252/2173/4246
f 2298/2221/4247 2275/2210/4247 2253/2174/4247
f 2287/2211/4248 2261/2175/4248 2218/2139/4248
f 2287/2211/4249 2300/2222/4249 2261/2175/4249
f 2300/2222/4250 2262/2187/4250 2261/2175/4250
f 2301/2223/4251 2255/2189/4251 2263/2188/4251
f 2301/2223/4252 2225/2151/4252 2255/2189/4252
f 2302/2224/4253 2243/2165/4253 2225/2151/4253
f 2279/2201/4254 2228/2155/4254 2221/2140/4254
f 2303/2225/4255 2256/2177/4255 2228/2155/4255
f 2291/2213/4256 2264/2178/4256 2229/2141/4256
f 2304/2226/4257 2265/2191/4257 2264/2178/4257
f 2293/2215/4258 2305/2216/4258 2269/2193/4258
f 2306/2227/4259 2271/2195/4259 2270/2194/4259
f 2307/2228/4260 2247/2168/4260 2271/2195/4260
f 2307/2228/4261 2294/2217/4261 2247/2168/4261
f 2281/2202/4262 2282/2229/4262 2248/2169/4262
f 2308/2230/4263 2283/2170/4263 2273/2203/4263
f 2295/2218/4264 79/2204/4264 2212/2131/4264
f 2284/2206/4265 2250/2172/4265 2181/2102/4265
f 2336/2231/4266 2239/2162/4266 2296/2219/4266
f 2336/2231/4267 2297/2220/4267 2239/2162/4267
f 2309/2232/4268 2274/2208/4268 2259/2184/4268
f 2260/2185/4269 2299/2233/4269 2254/2186/4269
f 2311/2234/4270 2263/2188/4270 2262/2187/4270
f 2311/2234/4271 2312/2235/4271 2263/2188/4271
f 2312/2235/4272 2301/2223/4272 2263/2188/4272
f 2301/2223/4273 2302/2224/4273 2225/2151/4273
f 2313/2236/4274 2276/2176/4274 2289/2198/4274
f 2314/2237/4275 2277/2199/4275 2290/2190/4275
f 2315/2238/4276 2278/2200/4276 2277/2199/4276
f 2278/2200/4277 2316/2239/4277 2245/2167/4277
f 2316/2239/4278 2279/2201/4278 2245/2167/4278
f 2279/2201/4279 2303/2225/4279 2228/2155/4279
f 2318/2240/4280 2292/2214/4280 2266/2192/4280
f 2319/2241/4281 2268/2156/4281 2246/2180/4281
f 2268/2156/4282 2320/2242/4282 2293/2215/4282
f 2305/2216/4283 2329/2243/4283 2270/2194/4283
f 2321/2244/4284 2282/2229/4284 2281/2202/4284
f 2282/2229/4285 2272/2197/4285 2248/2169/4285
f 2322/2245/4286 2272/2197/4286 2282/2229/4286
f 2322/2245/4287 2273/2203/4287 2272/2197/4287
f 2323/2246/4288 2237/2146/4288 2283/2170/4288
f 2323/2246/4289 2324/2247/4289 2237/2146/4289
f 2324/2247/4290 2249/2171/4290 2237/2146/4290
f 2334/2248/4291 2285/2207/4291 2250/2172/4291
f 2325/2249/4292 2258/2183/4292 2297/2220/4292
f 2326/2250/4293 2259/2184/4293 2258/2183/4293
f 2286/2209/4294 2327/2251/4294 2223/2147/4294
f 2327/2251/4295 2253/2174/4295 2223/2147/4295
f 2275/2210/4296 2310/2252/4296 2224/2148/4296
f 2299/2233/4297 2328/2253/4297 2254/2186/4297
f 2328/2253/4298 2287/2211/4298 2254/2186/4298
f 2311/2234/4299 2262/2187/4299 2300/2222/4299
f 2315/2238/4300 2277/2199/4300 2314/2237/4300
f 2265/2191/4301 2317/2254/4301 2266/2192/4301
f 2292/2214/4302 2319/2241/4302 2246/2180/4302
f 2319/2241/4303 2320/2242/4303 2268/2156/4303
f 2329/2243/4304 2306/2227/4304 2270/2194/4304
f 2294/2217/4305 2330/2255/4305 2280/2196/4305
f 2330/2255/4306 2281/2202/4306 2280/2196/4306
f 2330/2255/4307 2331/2256/4307 2281/2202/4307
f 2308/2230/4308 2323/2246/4308 2283/2170/4308
f 2332/2257/4309 2284/2206/4309 2257/2181/4309
f 2284/2206/4310 2213/2133/4310 2257/2181/4310
f 2333/2258/4311 2250/2172/4311 2284/2206/4311
f 2335/2259/4312 2251/2182/4312 2285/2207/4312
f 2335/2259/4313 2296/2219/4313 2251/2182/4313
f 2336/2231/4314 2325/2249/4314 2297/2220/4314
f 2325/2249/4315 2326/2250/4315 2258/2183/4315
f 2326/2250/4316 2309/2232/4316 2259/2184/4316
f 2327/2251/4317 2298/2221/4317 2253/2174/4317
f 2345/2260/4318 2275/2210/4318 2298/2221/4318
f 2338/2261/4319 2243/2165/4319 2302/2224/4319
f 2338/2261/4320 2339/2262/4320 2288/2212/4320
f 2339/2262/4321 2289/2198/4321 2288/2212/4321
f 2313/2236/4322 2340/2263/4322 2276/2176/4322
f 2340/2263/4323 2290/2190/4323 2276/2176/4323
f 2315/2238/4324 2316/2239/4324 2278/2200/4324
f 2291/2213/4325 2341/2264/4325 2264/2178/4325
f 2317/2254/4326 2318/2240/4326 2266/2192/4326
f 2318/2240/4327 2319/2241/4327 2292/2214/4327
f 2320/2242/4328 2305/2216/4328 2293/2215/4328
f 2342/2265/4329 2271/2195/4329 2306/2227/4329
f 2342/2265/4330 2307/2228/4330 2271/2195/4330
f 2343/2266/4331 2294/2217/4331 2307/2228/4331
f 2344/2267/4332 2330/2255/4332 2294/2217/4332
f 2321/2244/4333 2281/2202/4333 2331/2256/4333
f 2324/2247/4334 2295/2218/4334 2249/2171/4334
f 81/2268/4335 79/2204/4335 2295/2218/4335
f 2334/2248/4336 2335/2259/4336 2285/2207/4336
f 2335/2259/4337 2336/2231/4337 2296/2219/4337
f 2345/2260/4338 2310/2252/4338 2275/2210/4338
f 2310/2252/4339 2260/2185/4339 2224/2148/4339
f 2287/2211/4340 2346/2269/4340 2300/2222/4340
f 2347/2270/4341 2311/2234/4341 2300/2222/4341
f 2347/2270/4342 2337/2271/4342 2311/2234/4342
f 2337/2271/4343 2312/2235/4343 2311/2234/4343
f 2338/2261/4344 2288/2212/4344 2243/2165/4344
f 2339/2262/4345 2348/2272/4345 2289/2198/4345
f 2348/2272/4346 2313/2236/4346 2289/2198/4346
f 2348/2272/4347 2340/2263/4347 2313/2236/4347
f 2349/2273/4348 2314/2237/4348 2290/2190/4348
f 2350/2274/4349 2256/2177/4349 2303/2225/4349
f 2350/2274/4350 2291/2213/4350 2256/2177/4350
f 2304/2226/4351 2317/2254/4351 2265/2191/4351
f 2351/2275/4352 2306/2227/4352 2329/2243/4352
f 2351/2275/4353 2342/2265/4353 2306/2227/4353
f 2352/2276/4354 2294/2217/4354 2343/2266/4354
f 2352/2276/4355 2344/2267/4355 2294/2217/4355
f 2344/2267/4356 2331/2256/4356 2330/2255/4356
f 2353/2277/4357 2321/2244/4357 2331/2256/4357
f 2282/2229/4358 2354/2278/4358 2322/2245/4358
f 2322/2245/4359 2355/2279/4359 2273/2203/4359
f 2355/2279/4360 2308/2230/4360 2273/2203/4360
f 80/2205/4361 2332/2257/4361 2257/2181/4361
f 2332/2257/4362 2333/2258/4362 2284/2206/4362
f 2333/2258/4363 2356/2280/4363 2250/2172/4363
f 2356/2280/4364 2334/2248/4364 2250/2172/4364
f 2334/2248/4365 2357/2281/4365 2335/2259/4365
f 2358/2282/4366 2325/2249/4366 2336/2231/4366
f 2325/2249/4367 2359/2283/4367 2326/2250/4367
f 2359/2283/4368 2360/2284/4368 2326/2250/4368
f 2326/2250/4369 2361/2285/4369 2309/2232/4369
f 2309/2232/4370 2286/2209/4370 2274/2208/4370
f 2362/2286/4371 2260/2185/4371 2310/2252/4371
f 2362/2286/4372 2299/2233/4372 2260/2185/4372
f 2328/2253/4373 2346/2269/4373 2287/2211/4373
f 2346/2269/4374 2347/2270/4374 2300/2222/4374
f 2337/2271/4375 2364/2287/4375 2312/2235/4375
f 2364/2287/4376 2301/2223/4376 2312/2235/4376
f 2302/2224/4377 2366/2288/4377 2338/2261/4377
f 2340/2263/4378 2349/2273/4378 2290/2190/4378
f 2349/2273/4379 2367/2289/4379 2314/2237/4379
f 2367/2289/4380 2315/2238/4380 2314/2237/4380
f 2368/2290/4381 2316/2239/4381 2315/2238/4381
f 2341/2264/4382 2304/2226/4382 2264/2178/4382
f 2380/2291/4383 2318/2240/4383 2317/2254/4383
f 2320/2242/4384 2329/2243/4384 2305/2216/4384
f 2320/2242/4385 2351/2275/4385 2329/2243/4385
f 2369/2292/4386 2342/2265/4386 2351/2275/4386
f 2342/2265/4387 2370/2293/4387 2307/2228/4387
f 2370/2293/4388 2343/2266/4388 2307/2228/4388
f 2353/2277/4389 2354/2278/4389 2321/2244/4389
f 2354/2278/4390 2282/2229/4390 2321/2244/4390
f 2355/2279/4391 2371/2294/4391 2308/2230/4391
f 2371/2294/4392 2323/2246/4392 2308/2230/4392
f 2372/2295/4393 2295/2218/4393 2324/2247/4393
f 2358/2282/4394 2359/2283/4394 2325/2249/4394
f 2360/2284/4395 2361/2285/4395 2326/2250/4395
f 2361/2285/4396 2286/2209/4396 2309/2232/4396
f 2327/2251/4397 2345/2260/4397 2298/2221/4397
f 2373/2296/4398 2310/2252/4398 2345/2260/4398
f 2346/2269/4399 2375/2297/4399 2347/2270/4399
f 2375/2297/4400 2363/2298/4400 2347/2270/4400
f 2363/2298/4401 2337/2271/4401 2347/2270/4401
f 2376/2299/4402 2364/2287/4402 2337/2271/4402
f 2364/2287/4403 2365/2300/4403 2301/2223/4403
f 2365/2300/4404 2302/2224/4404 2301/2223/4404
f 2340/2263/4405 2367/2289/4405 2349/2273/4405
f 2378/2301/4406 2368/2290/4406 2315/2238/4406
f 2316/2239/4407 2379/2302/4407 2279/2201/4407
f 2381/2303/4408 2320/2242/4408 2319/2241/4408
f 2382/2304/4409 2351/2275/4409 2320/2242/4409
f 2369/2292/4410 2383/2305/4410 2342/2265/4410
f 2384/2306/4411 2331/2256/4411 2344/2267/4411
f 2384/2306/4412 2385/2307/4412 2331/2256/4412
f 2385/2307/4413 2353/2277/4413 2331/2256/4413
f 2371/2294/4414 2386/2308/4414 2323/2246/4414
f 2386/2308/4415 2324/2247/4415 2323/2246/4415
f 2387/2309/4416 81/2268/4416 2295/2218/4416
f 2335/2259/4417 2388/2310/4417 2336/2231/4417
f 2361/2285/4418 2327/2251/4418 2286/2209/4418
f 2373/2296/4419 2374/2311/4419 2310/2252/4419
f 2374/2311/4420 2362/2286/4420 2310/2252/4420
f 2362/2286/4421 2389/2312/4421 2299/2233/4421
f 2389/2312/4422 2328/2253/4422 2299/2233/4422
f 2363/2298/4423 2376/2299/4423 2337/2271/4423
f 2364/2287/4424 2390/2313/4424 2365/2300/4424
f 2391/2314/4425 2302/2224/4425 2365/2300/4425
f 2391/2314/4426 2377/2315/4426 2302/2224/4426
f 2377/2315/4427 2366/2288/4427 2302/2224/4427
f 2348/2272/4428 2339/2262/4428 2338/2261/4428
f 2340/2263/4429 2392/2316/4429 2367/2289/4429
f 2367/2289/4430 2404/2317/4430 2315/2238/4430
f 2379/2302/4431 2393/2318/4431 2279/2201/4431
f 2394/2319/4432 2341/2264/4432 2291/2213/4432
f 2395/2320/4433 2318/2240/4433 2380/2291/4433
f 2396/2321/4434 2319/2241/4434 2318/2240/4434
f 2381/2303/4435 2382/2304/4435 2320/2242/4435
f 2397/2322/4436 2369/2292/4436 2351/2275/4436
f 2383/2305/4437 2370/2293/4437 2342/2265/4437
f 2343/2266/4438 2406/2323/4438 2352/2276/4438
f 2385/2307/4439 2398/2324/4439 2353/2277/4439
f 2398/2324/4440 2354/2278/4440 2353/2277/4440
f 2354/2278/4441 2355/2279/4441 2322/2245/4441
f 2386/2308/4442 2372/2295/4442 2324/2247/4442
f 2372/2295/4443 2387/2309/4443 2295/2218/4443
f 83/2325/4444 2332/2257/4444 80/2205/4444
f 2356/2280/4445 2357/2281/4445 2334/2248/4445
f 2388/2310/4446 2358/2282/4446 2336/2231/4446
f 2358/2282/4447 2400/2326/4447 2359/2283/4447
f 2401/2327/4448 2327/2251/4448 2361/2285/4448
f 2426/2328/4449 2346/2269/4449 2328/2253/4449
f 2375/2297/4450 2402/2329/4450 2363/2298/4450
f 2402/2329/4451 2376/2299/4451 2363/2298/4451
f 2403/2330/4452 2364/2287/4452 2376/2299/4452
f 2403/2330/4453 2390/2313/4453 2364/2287/4453
f 2390/2313/4454 2391/2314/4454 2365/2300/4454
f 2366/2288/4455 2348/2272/4455 2338/2261/4455
f 2392/2316/4456 2404/2317/4456 2367/2289/4456
f 2378/2301/4457 2315/2238/4457 2404/2317/4457
f 2368/2290/4458 2379/2302/4458 2316/2239/4458
f 2279/2201/4459 2350/2274/4459 2303/2225/4459
f 2317/2254/4460 2405/2331/4460 2380/2291/4460
f 2395/2320/4461 2396/2321/4461 2318/2240/4461
f 2381/2303/4462 2319/2241/4462 2396/2321/4462
f 2382/2304/4463 2397/2322/4463 2351/2275/4463
f 2397/2322/4464 2383/2305/4464 2369/2292/4464
f 2370/2293/4465 2406/2323/4465 2343/2266/4465
f 2407/2332/4466 2386/2308/4466 2371/2294/4466
f 2386/2308/4467 2408/2333/4467 2372/2295/4467
f 2332/2257/4468 2356/2280/4468 2333/2258/4468
f 2422/2334/4469 2357/2281/4469 2356/2280/4469
f 2409/2335/4470 2335/2259/4470 2357/2281/4470
f 2388/2310/4471 2399/2336/4471 2358/2282/4471
f 2399/2336/4472 2400/2326/4472 2358/2282/4472
f 2400/2326/4473 2360/2284/4473 2359/2283/4473
f 2410/2337/4474 2361/2285/4474 2360/2284/4474
f 2327/2251/4475 2411/2338/4475 2345/2260/4475
f 2411/2338/4476 2373/2296/4476 2345/2260/4476
f 2374/2311/4477 2412/2339/4477 2362/2286/4477
f 2412/2339/4478 2465/2340/4478 2389/2312/4478
f 2389/2312/4479 2426/2328/4479 2328/2253/4479
f 2346/2269/4480 2413/2341/4480 2375/2297/4480
f 2402/2329/4481 2414/2342/4481 2376/2299/4481
f 2414/2342/4482 2403/2330/4482 2376/2299/4482
f 2414/2342/4483 2415/2343/4483 2403/2330/4483
f 2366/2288/4484 2416/2344/4484 2348/2272/4484
f 2416/2344/4485 2340/2263/4485 2348/2272/4485
f 2340/2263/4486 2417/2345/4486 2392/2316/4486
f 2418/2346/4487 2317/2254/4487 2304/2226/4487
f 2395/2320/4488 2381/2303/4488 2396/2321/4488
f 2419/2347/4489 2370/2293/4489 2383/2305/4489
f 2434/2348/4490 2344/2267/4490 2352/2276/4490
f 2420/2349/4491 2384/2306/4491 2344/2267/4491
f 2421/2350/4492 2385/2307/4492 2384/2306/4492
f 2446/2351/4493 2356/2280/4493 2332/2257/4493
f 2409/2335/4494 2388/2310/4494 2335/2259/4494
f 2424/2352/4495 2360/2284/4495 2400/2326/4495
f 2424/2352/4496 2410/2337/4496 2360/2284/4496
f 2401/2327/4497 2425/2353/4497 2327/2251/4497
f 2425/2353/4498 2411/2338/4498 2327/2251/4498
f 2412/2339/4499 2389/2312/4499 2362/2286/4499
f 2426/2328/4500 2427/2354/4500 2346/2269/4500
f 2427/2354/4501 2413/2341/4501 2346/2269/4501
f 2428/2355/4502 2402/2329/4502 2375/2297/4502
f 2429/2356/4503 2366/2288/4503 2377/2315/4503
f 2430/2357/4504 2416/2344/4504 2366/2288/4504
f 2416/2344/4505 2431/2358/4505 2340/2263/4505
f 2431/2358/4506 2417/2345/4506 2340/2263/4506
f 2392/2316/4507 2378/2301/4507 2404/2317/4507
f 2378/2301/4508 2379/2302/4508 2368/2290/4508
f 2393/2318/4509 2350/2274/4509 2279/2201/4509
f 2381/2303/4510 2432/2359/4510 2382/2304/4510
f 2419/2347/4511 2383/2305/4511 2397/2322/4511
f 2433/2360/4512 2370/2293/4512 2419/2347/4512
f 2433/2360/4513 2406/2323/4513 2370/2293/4513
f 2434/2348/4514 2352/2276/4514 2406/2323/4514
f 2434/2348/4515 2420/2349/4515 2344/2267/4515
f 2398/2324/4516 2435/2361/4516 2354/2278/4516
f 2445/2362/4517 2371/2294/4517 2355/2279/4517
f 2407/2332/4518 2436/2363/4518 2386/2308/4518
f 2436/2363/4519 2437/2364/4519 2386/2308/4519
f 2437/2364/4520 2408/2333/4520 2386/2308/4520
f 2372/2295/4521 82/2365/4521 2387/2309/4521
f 2447/2366/4522 2357/2281/4522 2422/2334/4522
f 2438/2367/4523 2399/2336/4523 2388/2310/4523
f 2410/2337/4524 2401/2327/4524 2361/2285/4524
f 2439/2368/4525 2373/2296/4525 2411/2338/4525
f 2439/2368/4526 2374/2311/4526 2373/2296/4526
f 2440/2369/4527 2389/2312/4527 2465/2340/4527
f 2440/2369/4528 2426/2328/4528 2389/2312/4528
f 2413/2341/4529 2428/2355/4529 2375/2297/4529
f 2428/2355/4530 2414/2342/4530 2402/2329/4530
f 2415/2343/4531 2390/2313/4531 2403/2330/4531
f 2390/2313/4532 2441/2370/4532 2391/2314/4532
f 2441/2370/4533 2429/2356/4533 2391/2314/4533
f 2429/2356/4534 2377/2315/4534 2391/2314/4534
f 2456/2371/4535 2378/2301/4535 2392/2316/4535
f 2442/2372/4536 2379/2302/4536 2378/2301/4536
f 2442/2372/4537 2393/2318/4537 2379/2302/4537
f 2457/2373/4538 2291/2213/4538 2350/2274/4538
f 2457/2373/4539 2394/2319/4539 2291/2213/4539
f 2443/2374/4540 2341/2264/4540 2394/2319/4540
f 2405/2331/4541 2395/2320/4541 2380/2291/4541
f 2432/2359/4542 2397/2322/4542 2382/2304/4542
f 2460/2375/4543 2384/2306/4543 2420/2349/4543
f 2460/2375/4544 2421/2350/4544 2384/2306/4544
f 2421/2350/4545 2398/2324/4545 2385/2307/4545
f 2435/2361/4546 2355/2279/4546 2354/2278/4546
f 2435/2361/4547 2445/2362/4547 2355/2279/4547
f 2446/2351/4548 2332/2257/4548 83/2325/4548
f 2409/2335/4549 2438/2367/4549 2388/2310/4549
f 2449/2376/4550 2399/2336/4550 2438/2367/4550
f 2449/2376/4551 2450/2377/4551 2399/2336/4551
f 2450/2377/4552 2400/2326/4552 2399/2336/4552
f 2423/2378/4553 2424/2352/4553 2400/2326/4553
f 2439/2368/4554 2412/2339/4554 2374/2311/4554
f 2451/2379/4555 2427/2354/4555 2426/2328/4555
f 2428/2355/4556 2452/2380/4556 2414/2342/4556
f 2452/2380/4557 2415/2343/4557 2414/2342/4557
f 2415/2343/4558 2453/2381/4558 2390/2313/4558
f 2467/2382/4559 2366/2288/4559 2429/2356/4559
f 2467/2382/4560 2454/2383/4560 2366/2288/4560
f 2454/2383/4561 2430/2357/4561 2366/2288/4561
f 2455/2384/4562 2431/2358/4562 2416/2344/4562
f 2417/2345/4563 2456/2371/4563 2392/2316/4563
f 2456/2371/4564 2442/2372/4564 2378/2301/4564
f 2393/2318/4565 2457/2373/4565 2350/2274/4565
f 2418/2346/4566 2405/2331/4566 2317/2254/4566
f 2458/2385/4567 2432/2359/4567 2381/2303/4567
f 2434/2348/4568 2460/2375/4568 2420/2349/4568
f 2444/2386/4569 2398/2324/4569 2421/2350/4569
f 2461/2387/4570 2398/2324/4570 2444/2386/4570
f 2461/2387/4571 2435/2361/4571 2398/2324/4571
f 2462/2388/4572 82/2365/4572 2372/2295/4572
f 2446/2351/4573 2422/2334/4573 2356/2280/4573
f 2463/2389/4574 2438/2367/4574 2409/2335/4574
f 2450/2377/4575 2423/2378/4575 2400/2326/4575
f 2410/2337/4576 2464/2390/4576 2401/2327/4576
f 2486/2391/4577 2439/2368/4577 2411/2338/4577
f 2439/2368/4578 2473/2392/4578 2412/2339/4578
f 2440/2369/4579 2451/2379/4579 2426/2328/4579
f 2474/2393/4580 2413/2341/4580 2427/2354/4580
f 2413/2341/4581 2466/2394/4581 2428/2355/4581
f 2466/2394/4582 2452/2380/4582 2428/2355/4582
f 2453/2381/4583 2441/2370/4583 2390/2313/4583
f 2468/2395/4584 2417/2345/4584 2431/2358/4584
f 2456/2371/4585 2475/2396/4585 2442/2372/4585
f 2458/2385/4586 2381/2303/4586 2395/2320/4586
f 2432/2359/4587 2459/2397/4587 2397/2322/4587
f 2459/2397/4588 2419/2347/4588 2397/2322/4588
f 2470/2398/4589 2406/2323/4589 2433/2360/4589
f 2470/2398/4590 2434/2348/4590 2406/2323/4590
f 2481/2399/4591 2445/2362/4591 2435/2361/4591
f 2471/2400/4592 2407/2332/4592 2371/2294/4592
f 2462/2388/4593 84/2401/4593 82/2365/4593
f 2447/2366/4594 2422/2334/4594 2446/2351/4594
f 2447/2366/4595 2448/2402/4595 2357/2281/4595
f 2448/2402/4596 2409/2335/4596 2357/2281/4596
f 2463/2389/4597 2449/2376/4597 2438/2367/4597
f 2401/2327/4598 2472/2403/4598 2425/2353/4598
f 2472/2403/4599 2411/2338/4599 2425/2353/4599
f 2486/2391/4600 2473/2392/4600 2439/2368/4600
f 2451/2379/4601 2474/2393/4601 2427/2354/4601
f 2452/2380/4602 2453/2381/4602 2415/2343/4602
f 2441/2370/4603 2467/2382/4603 2429/2356/4603
f 2430/2357/4604 2455/2384/4604 2416/2344/4604
f 2475/2396/4605 2476/2404/4605 2442/2372/4605
f 2476/2404/4606 2393/2318/4606 2442/2372/4606
f 2443/2374/4607 2304/2226/4607 2341/2264/4607
f 2443/2374/4608 2477/2405/4608 2304/2226/4608
f 2477/2405/4609 2418/2346/4609 2304/2226/4609
f 2469/2406/4610 2458/2385/4610 2395/2320/4610
f 2494/2407/4611 2432/2359/4611 2458/2385/4611
f 2419/2347/4612 2470/2398/4612 2433/2360/4612
f 2434/2348/4613 2478/2408/4613 2460/2375/4613
f 2479/2409/4614 2421/2350/4614 2460/2375/4614
f 2479/2409/4615 2480/2410/4615 2421/2350/4615
f 2480/2410/4616 2444/2386/4616 2421/2350/4616
f 2480/2410/4617 2461/2387/4617 2444/2386/4617
f 2481/2399/4618 2435/2361/4618 2461/2387/4618
f 2445/2362/4619 2471/2400/4619 2371/2294/4619
f 2471/2400/4620 2482/2411/4620 2407/2332/4620
f 2482/2411/4621 2436/2363/4621 2407/2332/4621
f 2501/2412/4622 2372/2295/4622 2408/2333/4622
f 86/2413/4623 2446/2351/4623 83/2325/4623
f 2409/2335/4624 2483/2414/4624 2463/2389/4624
f 2483/2414/4625 2449/2376/4625 2463/2389/4625
f 2483/2414/4626 2450/2377/4626 2449/2376/4626
f 2484/2415/4627 2410/2337/4627 2424/2352/4627
f 2485/2416/4628 2401/2327/4628 2464/2390/4628
f 2485/2416/4629 2472/2403/4629 2401/2327/4629
f 2486/2391/4630 2411/2338/4630 2472/2403/4630
f 2473/2392/4631 2465/2340/4631 2412/2339/4631
f 2465/2340/4632 2487/2417/4632 2440/2369/4632
f 2488/2418/4633 2451/2379/4633 2440/2369/4633
f 2489/2419/4634 2413/2341/4634 2474/2393/4634
f 2490/2420/4635 2441/2370/4635 2453/2381/4635
f 2455/2384/4636 2492/2421/4636 2431/2358/4636
f 2492/2421/4637 2468/2395/4637 2431/2358/4637
f 2468/2395/4638 2456/2371/4638 2417/2345/4638
f 2468/2395/4639 2493/2422/4639 2456/2371/4639
f 2476/2404/4640 2457/2373/4640 2393/2318/4640
f 2405/2331/4641 2469/2406/4641 2395/2320/4641
f 2495/2423/4642 2432/2359/4642 2494/2407/4642
f 2495/2423/4643 2459/2397/4643 2432/2359/4643
f 2496/2424/4644 2470/2398/4644 2419/2347/4644
f 2497/2425/4645 2434/2348/4645 2470/2398/4645
f 2498/2426/4646 2461/2387/4646 2480/2410/4646
f 2499/2427/4647 2445/2362/4647 2481/2399/4647
f 2499/2427/4648 2471/2400/4648 2445/2362/4648
f 2500/2428/4649 2482/2411/4649 2471/2400/4649
f 2502/2429/4650 2423/2378/4650 2450/2377/4650
f 2502/2429/4651 2503/2430/4651 2423/2378/4651
f 2503/2430/4652 2424/2352/4652 2423/2378/4652
f 2503/2430/4653 2484/2415/4653 2424/2352/4653
f 2484/2415/4654 2504/2431/4654 2410/2337/4654
f 2504/2431/4655 2464/2390/4655 2410/2337/4655
f 2505/2432/4656 2473/2392/4656 2486/2391/4656
f 2506/2433/4657 2465/2340/4657 2473/2392/4657
f 2506/2433/4658 2487/2417/4658 2465/2340/4658
f 2487/2417/4659 2488/2418/4659 2440/2369/4659
f 2488/2418/4660 2474/2393/4660 2451/2379/4660
f 2413/2341/4661 2507/2434/4661 2466/2394/4661
f 2508/2435/4662 2453/2381/4662 2452/2380/4662
f 2508/2435/4663 2490/2420/4663 2453/2381/4663
f 2490/2420/4664 2491/2436/4664 2441/2370/4664
f 2491/2436/4665 2467/2382/4665 2441/2370/4665
f 2509/2437/4666 2454/2383/4666 2467/2382/4666
f 2454/2383/4667 2510/2438/4667 2430/2357/4667
f 2511/2439/4668 2493/2422/4668 2468/2395/4668
f 2493/2422/4669 2475/2396/4669 2456/2371/4669
f 2476/2404/4670 2512/2440/4670 2457/2373/4670
f 2457/2373/4671 2513/2441/4671 2394/2319/4671
f 2477/2405/4672 2405/2331/4672 2418/2346/4672
f 2469/2406/4673 2494/2407/4673 2458/2385/4673
f 2459/2397/4674 2496/2424/4674 2419/2347/4674
f 2478/2408/4675 2434/2348/4675 2497/2425/4675
f 2478/2408/4676 2514/2442/4676 2460/2375/4676
f 2514/2442/4677 2479/2409/4677 2460/2375/4677
f 2514/2442/4678 2480/2410/4678 2479/2409/4678
f 2437/2364/4679 2501/2412/4679 2408/2333/4679
f 2501/2412/4680 2462/2388/4680 2372/2295/4680
f 2462/2388/4681 85/2443/4681 84/2401/4681
f 86/2413/4682 2515/2444/4682 2446/2351/4682
f 2516/2445/4683 2448/2402/4683 2447/2366/4683
f 2516/2445/4684 2517/2446/4684 2448/2402/4684
f 2517/2446/4685 2409/2335/4685 2448/2402/4685
f 2472/2403/4686 2518/2447/4686 2486/2391/4686
f 2519/2448/4687 2473/2392/4687 2505/2432/4687
f 2520/2449/4688 2506/2433/4688 2473/2392/4688
f 2489/2419/4689 2507/2434/4689 2413/2341/4689
f 2507/2434/4690 2452/2380/4690 2466/2394/4690
f 2507/2434/4691 2521/2450/4691 2452/2380/4691
f 2509/2437/4692 2510/2438/4692 2454/2383/4692
f 2510/2438/4693 2455/2384/4693 2430/2357/4693
f 2492/2421/4694 2511/2439/4694 2468/2395/4694
f 2513/2441/4695 2443/2374/4695 2394/2319/4695
f 2545/2451/4696 2469/2406/4696 2405/2331/4696
f 2546/2452/4697 2494/2407/4697 2469/2406/4697
f 2531/2453/4698 2497/2425/4698 2470/2398/4698
f 2531/2453/4699 2522/2454/4699 2497/2425/4699
f 2522/2454/4700 2478/2408/4700 2497/2425/4700
f 2514/2442/4701 2498/2426/4701 2480/2410/4701
f 2523/2455/4702 2461/2387/4702 2498/2426/4702
f 2523/2455/4703 2481/2399/4703 2461/2387/4703
f 2482/2411/4704 2572/2456/4704 2436/2363/4704
f 2524/2457/4705 2437/2364/4705 2436/2363/4705
f 2517/2446/4706 2483/2414/4706 2409/2335/4706
f 2525/2458/4707 2450/2377/4707 2483/2414/4707
f 2525/2458/4708 2502/2429/4708 2450/2377/4708
f 2526/2459/4709 2484/2415/4709 2503/2430/4709
f 2526/2459/4710 2504/2431/4710 2484/2415/4710
f 2519/2448/4711 2520/2449/4711 2473/2392/4711
f 2527/2460/4712 2487/2417/4712 2506/2433/4712
f 2521/2450/4713 2508/2435/4713 2452/2380/4713
f 2528/2461/4714 2490/2420/4714 2508/2435/4714
f 2491/2436/4715 2529/2462/4715 2467/2382/4715
f 2529/2462/4716 2509/2437/4716 2467/2382/4716
f 2530/2463/4717 2475/2396/4717 2493/2422/4717
f 2531/2453/4718 2470/2398/4718 2496/2424/4718
f 2478/2408/4719 2532/2464/4719 2514/2442/4719
f 2523/2455/4720 2533/2465/4720 2481/2399/4720
f 2533/2465/4721 2499/2427/4721 2481/2399/4721
f 2572/2456/4722 2524/2457/4722 2436/2363/4722
f 2524/2457/4723 2501/2412/4723 2437/2364/4723
f 2462/2388/4724 2534/2466/4724 85/2443/4724
f 2534/2466/4725 87/2467/4725 85/2443/4725
f 2515/2444/4726 2535/2468/4726 2446/2351/4726
f 2535/2468/4727 2447/2366/4727 2446/2351/4727
f 2535/2468/4728 2516/2445/4728 2447/2366/4728
f 2517/2446/4729 2525/2458/4729 2483/2414/4729
f 2537/2469/4730 2526/2459/4730 2503/2430/4730
f 2504/2431/4731 2485/2416/4731 2464/2390/4731
f 2485/2416/4732 2518/2447/4732 2472/2403/4732
f 2518/2447/4733 2505/2432/4733 2486/2391/4733
f 2538/2470/4734 2488/2418/4734 2487/2417/4734
f 2538/2470/4735 2539/2471/4735 2488/2418/4735
f 2539/2471/4736 2474/2393/4736 2488/2418/4736
f 2474/2393/4737 2540/2472/4737 2489/2419/4737
f 2489/2419/4738 2541/2473/4738 2507/2434/4738
f 2530/2463/4739 2476/2404/4739 2475/2396/4739
f 2530/2463/4740 2542/2474/4740 2476/2404/4740
f 2543/2475/4741 2512/2440/4741 2476/2404/4741
f 2544/2476/4742 2457/2373/4742 2512/2440/4742
f 2544/2476/4743 2513/2441/4743 2457/2373/4743
f 2545/2451/4744 2405/2331/4744 2477/2405/4744
f 2555/2477/4745 2496/2424/4745 2459/2397/4745
f 2548/2478/4746 2531/2453/4746 2496/2424/4746
f 2522/2454/4747 2532/2464/4747 2478/2408/4747
f 2549/2479/4748 2523/2455/4748 2498/2426/4748
f 2549/2479/4749 2533/2465/4749 2523/2455/4749
f 2558/2480/4750 2471/2400/4750 2499/2427/4750
f 2535/2468/4751 2536/2481/4751 2516/2445/4751
f 2550/2482/4752 2525/2458/4752 2517/2446/4752
f 2574/2483/4753 2485/2416/4753 2504/2431/4753
f 2505/2432/4754 2551/2484/4754 2519/2448/4754
f 2551/2484/4755 2520/2449/4755 2519/2448/4755
f 2539/2471/4756 2540/2472/4756 2474/2393/4756
f 2540/2472/4757 2541/2473/4757 2489/2419/4757
f 2521/2450/4758 2528/2461/4758 2508/2435/4758
f 2552/2485/4759 2491/2436/4759 2490/2420/4759
f 2552/2485/4760 2529/2462/4760 2491/2436/4760
f 2553/2486/4761 2455/2384/4761 2510/2438/4761
f 2553/2486/4762 2492/2421/4762 2455/2384/4762
f 2554/2487/4763 2493/2422/4763 2511/2439/4763
f 2542/2474/4764 2543/2475/4764 2476/2404/4764
f 2545/2451/4765 2546/2452/4765 2469/2406/4765
f 2494/2407/4766 2547/2488/4766 2495/2423/4766
f 2547/2488/4767 2459/2397/4767 2495/2423/4767
f 2557/2489/4768 2532/2464/4768 2522/2454/4768
f 2514/2442/4769 2549/2479/4769 2498/2426/4769
f 2558/2480/4770 2499/2427/4770 2533/2465/4770
f 2559/2490/4771 2500/2428/4771 2471/2400/4771
f 2501/2412/4772 2573/2491/4772 2462/2388/4772
f 88/2492/4773 2515/2444/4773 86/2413/4773
f 2560/2493/4774 2517/2446/4774 2516/2445/4774
f 2502/2429/4775 2537/2469/4775 2503/2430/4775
f 2574/2483/4776 2561/2494/4776 2485/2416/4776
f 2485/2416/4777 2575/2495/4777 2518/2447/4777
f 2575/2495/4778 2505/2432/4778 2518/2447/4778
f 2576/2496/4779 2551/2484/4779 2505/2432/4779
f 2520/2449/4780 2562/2497/4780 2506/2433/4780
f 2562/2497/4781 2527/2460/4781 2506/2433/4781
f 2527/2460/4782 2538/2470/4782 2487/2417/4782
f 2541/2473/4783 2563/2498/4783 2507/2434/4783
f 2563/2498/4784 2521/2450/4784 2507/2434/4784
f 2563/2498/4785 2528/2461/4785 2521/2450/4785
f 2564/2499/4786 2490/2420/4786 2528/2461/4786
f 2564/2499/4787 2552/2485/4787 2490/2420/4787
f 2529/2462/4788 2565/2500/4788 2509/2437/4788
f 2565/2500/4789 2510/2438/4789 2509/2437/4789
f 2565/2500/4790 2553/2486/4790 2510/2438/4790
f 2566/2501/4791 2546/2452/4791 2545/2451/4791
f 2567/2502/4792 2547/2488/4792 2494/2407/4792
f 2547/2488/4793 2555/2477/4793 2459/2397/4793
f 2555/2477/4794 2548/2478/4794 2496/2424/4794
f 2548/2478/4795 2556/2503/4795 2531/2453/4795
f 2556/2503/4796 2522/2454/4796 2531/2453/4796
f 2556/2503/4797 2557/2489/4797 2522/2454/4797
f 2569/2504/4798 2549/2479/4798 2514/2442/4798
f 2569/2504/4799 2570/2505/4799 2549/2479/4799
f 2571/2506/4800 2533/2465/4800 2549/2479/4800
f 2571/2506/4801 2558/2480/4801 2533/2465/4801
f 2558/2480/4802 2559/2490/4802 2471/2400/4802
f 2500/2428/4803 2572/2456/4803 2482/2411/4803
f 2524/2457/4804 2573/2491/4804 2501/2412/4804
f 2573/2491/4805 2534/2466/4805 2462/2388/4805
f 2536/2481/4806 2560/2493/4806 2516/2445/4806
f 2574/2483/4807 2504/2431/4807 2526/2459/4807
f 2561/2494/4808 2575/2495/4808 2485/2416/4808
f 2575/2495/4809 2576/2496/4809 2505/2432/4809
f 2577/2507/4810 2520/2449/4810 2551/2484/4810
f 2577/2507/4811 2562/2497/4811 2520/2449/4811
f 2562/2497/4812 2538/2470/4812 2527/2460/4812
f 2585/2508/4813 2563/2498/4813 2541/2473/4813
f 2563/2498/4814 2564/2499/4814 2528/2461/4814
f 2578/2509/4815 2529/2462/4815 2552/2485/4815
f 2554/2487/4816 2530/2463/4816 2493/2422/4816
f 2568/2510/4817 2579/2511/4817 2532/2464/4817
f 2579/2511/4818 2514/2442/4818 2532/2464/4818
f 2580/2512/4819 2559/2490/4819 2558/2480/4819
f 2559/2490/4820 2572/2456/4820 2500/2428/4820
f 2594/2513/4821 2525/2458/4821 2550/2482/4821
f 2525/2458/4822 2581/2514/4822 2502/2429/4822
f 2581/2514/4823 2537/2469/4823 2502/2429/4823
f 2576/2496/4824 2577/2507/4824 2551/2484/4824
f 2582/2515/4825 2562/2497/4825 2577/2507/4825
f 2562/2497/4826 2583/2516/4826 2538/2470/4826
f 2538/2470/4827 2540/2472/4827 2539/2471/4827
f 2578/2509/4828 2586/2517/4828 2529/2462/4828
f 2586/2517/4829 2565/2500/4829 2529/2462/4829
f 2587/2518/4830 2511/2439/4830 2492/2421/4830
f 2587/2518/4831 2554/2487/4831 2511/2439/4831
f 2588/2519/4832 2530/2463/4832 2554/2487/4832
f 2588/2519/4833 2589/2520/4833 2530/2463/4833
f 2589/2520/4834 2542/2474/4834 2530/2463/4834
f 2513/2441/4835 2590/2521/4835 2443/2374/4835
f 2590/2521/4836 2477/2405/4836 2443/2374/4836
f 2601/2522/4837 2566/2501/4837 2545/2451/4837
f 2613/2523/4838 2494/2407/4838 2546/2452/4838
f 2613/2523/4839 2567/2502/4839 2494/2407/4839
f 2557/2489/4840 2568/2510/4840 2532/2464/4840
f 2579/2511/4841 2569/2504/4841 2514/2442/4841
f 2570/2505/4842 2571/2506/4842 2549/2479/4842
f 2572/2456/4843 2591/2524/4843 2524/2457/4843
f 2592/2525/4844 2534/2466/4844 2573/2491/4844
f 2592/2525/4845 87/2467/4845 2534/2466/4845
f 2592/2525/4846 89/2526/4846 87/2467/4846
f 88/2492/4847 2535/2468/4847 2515/2444/4847
f 2593/2527/4848 2594/2513/4848 2550/2482/4848
f 2594/2513/4849 2581/2514/4849 2525/2458/4849
f 2581/2514/4850 2595/2528/4850 2537/2469/4850
f 2595/2528/4851 2526/2459/4851 2537/2469/4851
f 2595/2528/4852 2574/2483/4852 2526/2459/4852
f 2596/2529/4853 2576/2496/4853 2575/2495/4853
f 2583/2516/4854 2584/2530/4854 2538/2470/4854
f 2597/2531/4855 2541/2473/4855 2540/2472/4855
f 2597/2531/4856 2585/2508/4856 2541/2473/4856
f 2598/2532/4857 2553/2486/4857 2565/2500/4857
f 2553/2486/4858 2587/2518/4858 2492/2421/4858
f 2589/2520/4859 2599/2533/4859 2542/2474/4859
f 2599/2533/4860 2512/2440/4860 2543/2475/4860
f 2512/2440/4861 2600/2534/4861 2544/2476/4861
f 2600/2534/4862 2513/2441/4862 2544/2476/4862
f 2548/2478/4863 2602/2535/4863 2556/2503/4863
f 2603/2536/4864 2558/2480/4864 2571/2506/4864
f 2603/2536/4865 2580/2512/4865 2558/2480/4865
f 2580/2512/4866 2604/2537/4866 2559/2490/4866
f 2605/2538/4867 2573/2491/4867 2524/2457/4867
f 2620/2539/4868 2606/2540/4868 2535/2468/4868
f 2606/2540/4869 2536/2481/4869 2535/2468/4869
f 2606/2540/4870 2560/2493/4870 2536/2481/4870
f 2560/2493/4871 2593/2527/4871 2517/2446/4871
f 2593/2527/4872 2550/2482/4872 2517/2446/4872
f 2607/2541/4873 2575/2495/4873 2561/2494/4873
f 2596/2529/4874 2608/2542/4874 2576/2496/4874
f 2608/2542/4875 2577/2507/4875 2576/2496/4875
f 2538/2470/4876 2597/2531/4876 2540/2472/4876
f 2585/2508/4877 2609/2543/4877 2563/2498/4877
f 2609/2543/4878 2564/2499/4878 2563/2498/4878
f 2564/2499/4879 2578/2509/4879 2552/2485/4879
f 2586/2517/4880 2598/2532/4880 2565/2500/4880
f 2610/2544/4881 2553/2486/4881 2598/2532/4881
f 2611/2545/4882 2587/2518/4882 2553/2486/4882
f 2612/2546/4883 2554/2487/4883 2587/2518/4883
f 2612/2546/4884 2588/2519/4884 2554/2487/4884
f 2599/2533/4885 2543/2475/4885 2542/2474/4885
f 2599/2533/4886 2600/2534/4886 2512/2440/4886
f 2590/2521/4887 2545/2451/4887 2477/2405/4887
f 2590/2521/4888 2601/2522/4888 2545/2451/4888
f 2566/2501/4889 2613/2523/4889 2546/2452/4889
f 2567/2502/4890 2555/2477/4890 2547/2488/4890
f 2614/2547/4891 2615/2548/4891 2555/2477/4891
f 2615/2548/4892 2548/2478/4892 2555/2477/4892
f 2556/2503/4893 2627/2549/4893 2557/2489/4893
f 2627/2549/4894 2568/2510/4894 2557/2489/4894
f 2627/2549/4895 2616/2550/4895 2568/2510/4895
f 2616/2550/4896 2579/2511/4896 2568/2510/4896
f 2603/2536/4897 2604/2537/4897 2580/2512/4897
f 2618/2551/4898 2559/2490/4898 2604/2537/4898
f 2573/2491/4899 2619/2552/4899 2592/2525/4899
f 2620/2539/4900 2535/2468/4900 88/2492/4900
f 2595/2528/4901 2621/2553/4901 2574/2483/4901
f 2608/2542/4902 2622/2554/4902 2577/2507/4902
f 2622/2554/4903 2582/2515/4903 2577/2507/4903
f 2583/2516/4904 2562/2497/4904 2582/2515/4904
f 2584/2530/4905 2597/2531/4905 2538/2470/4905
f 2623/2555/4906 2609/2543/4906 2585/2508/4906
f 2624/2556/4907 2586/2517/4907 2578/2509/4907
f 2599/2533/4908 2626/2557/4908 2600/2534/4908
f 2567/2502/4909 2614/2547/4909 2555/2477/4909
f 2602/2535/4910 2627/2549/4910 2556/2503/4910
f 2579/2511/4911 2617/2558/4911 2569/2504/4911
f 2638/2559/4912 2571/2506/4912 2570/2505/4912
f 2638/2559/4913 2603/2536/4913 2571/2506/4913
f 2629/2560/4914 2572/2456/4914 2559/2490/4914
f 2591/2524/4915 2605/2538/4915 2524/2457/4915
f 2605/2538/4916 2619/2552/4916 2573/2491/4916
f 90/2561/4917 89/2526/4917 2592/2525/4917
f 91/2562/4918 2620/2539/4918 88/2492/4918
f 2630/2563/4919 2560/2493/4919 2606/2540/4919
f 2621/2553/4920 2561/2494/4920 2574/2483/4920
f 2633/2564/4921 2596/2529/4921 2575/2495/4921
f 2634/2565/4922 2585/2508/4922 2597/2531/4922
f 2634/2565/4923 2623/2555/4923 2585/2508/4923
f 2624/2556/4924 2610/2544/4924 2586/2517/4924
f 2610/2544/4925 2598/2532/4925 2586/2517/4925
f 2635/2566/4926 2587/2518/4926 2611/2545/4926
f 2635/2566/4927 2612/2546/4927 2587/2518/4927
f 2588/2519/4928 2625/2567/4928 2589/2520/4928
f 2625/2567/4929 2599/2533/4929 2589/2520/4929
f 2615/2548/4930 2637/2568/4930 2548/2478/4930
f 2548/2478/4931 2637/2568/4931 2602/2535/4931
f 2638/2559/4932 2570/2505/4932 2569/2504/4932
f 2628/2569/4933 2604/2537/4933 2603/2536/4933
f 2618/2551/4934 2639/2570/4934 2559/2490/4934
f 2639/2570/4935 2629/2560/4935 2559/2490/4935
f 2629/2560/4936 2591/2524/4936 2572/2456/4936
f 91/2562/4937 2640/2571/4937 2620/2539/4937
f 2620/2539/4938 2630/2563/4938 2606/2540/4938
f 2631/2572/4939 2593/2527/4939 2560/2493/4939
f 2593/2527/4940 2581/2514/4940 2594/2513/4940
f 2641/2573/4941 2595/2528/4941 2581/2514/4941
f 2621/2553/4942 2632/2574/4942 2561/2494/4942
f 2607/2541/4943 2633/2564/4943 2575/2495/4943
f 2633/2564/4944 2608/2542/4944 2596/2529/4944
f 2657/2575/4945 2584/2530/4945 2583/2516/4945
f 2643/2576/4946 2597/2531/4946 2584/2530/4946
f 2644/2577/4947 2609/2543/4947 2623/2555/4947
f 2658/2578/4948 2578/2509/4948 2564/2499/4948
f 2645/2579/4949 2611/2545/4949 2553/2486/4949
f 2600/2534/4950 2646/2580/4950 2513/2441/4950
f 2646/2580/4951 2590/2521/4951 2513/2441/4951
f 2636/2581/4952 2601/2522/4952 2590/2521/4952
f 2671/2582/4953 2567/2502/4953 2613/2523/4953
f 2637/2568/4954 2648/2583/4954 2602/2535/4954
f 2648/2583/4955 2627/2549/4955 2602/2535/4955
f 2649/2584/4956 2579/2511/4956 2616/2550/4956
f 2649/2584/4957 2617/2558/4957 2579/2511/4957
f 2617/2558/4958 2638/2559/4958 2569/2504/4958
f 2628/2569/4959 2650/2585/4959 2604/2537/4959
f 2650/2585/4960 2618/2551/4960 2604/2537/4960
f 2650/2585/4961 2639/2570/4961 2618/2551/4961
f 2629/2560/4962 2651/2586/4962 2591/2524/4962
f 2651/2586/4963 2605/2538/4963 2591/2524/4963
f 2619/2552/4964 2653/2587/4964 2592/2525/4964
f 2653/2587/4965 90/2561/4965 2592/2525/4965
f 2640/2571/4966 2630/2563/4966 2620/2539/4966
f 2630/2563/4967 2631/2572/4967 2560/2493/4967
f 2654/2588/4968 2581/2514/4968 2593/2527/4968
f 2633/2564/4969 2642/2589/4969 2608/2542/4969
f 2608/2542/4970 2655/2590/4970 2622/2554/4970
f 2622/2554/4971 2656/2591/4971 2582/2515/4971
f 2582/2515/4972 2657/2575/4972 2583/2516/4972
f 2643/2576/4973 2634/2565/4973 2597/2531/4973
f 2658/2578/4974 2564/2499/4974 2609/2543/4974
f 2658/2578/4975 2624/2556/4975 2578/2509/4975
f 2659/2592/4976 2610/2544/4976 2624/2556/4976
f 2645/2579/4977 2553/2486/4977 2610/2544/4977
f 2660/2593/4978 2625/2567/4978 2588/2519/4978
f 2625/2567/4979 2626/2557/4979 2599/2533/4979
f 2646/2580/4980 2647/2594/4980 2590/2521/4980
f 2647/2594/4981 2636/2581/4981 2590/2521/4981
f 2662/2595/4982 2616/2550/4982 2627/2549/4982
f 2663/2596/4983 2664/2597/4983 2638/2559/4983
f 2664/2597/4984 2603/2536/4984 2638/2559/4984
f 2664/2597/4985 2628/2569/4985 2603/2536/4985
f 2651/2586/4986 2652/2598/4986 2605/2538/4986
f 2653/2587/4987 92/2599/4987 90/2561/4987
f 2640/2571/4988 2665/2600/4988 2630/2563/4988
f 2631/2572/4989 2688/2601/4989 2593/2527/4989
f 2654/2588/4990 2641/2573/4990 2581/2514/4990
f 2642/2589/4991 2655/2590/4991 2608/2542/4991
f 2656/2591/4992 2657/2575/4992 2582/2515/4992
f 2666/2602/4993 2623/2555/4993 2634/2565/4993
f 2666/2602/4994 2644/2577/4994 2623/2555/4994
f 2666/2602/4995 2667/2603/4995 2644/2577/4995
f 2667/2603/4996 2668/2604/4996 2644/2577/4996
f 2668/2604/4997 2609/2543/4997 2644/2577/4997
f 2668/2604/4998 2658/2578/4998 2609/2543/4998
f 2659/2592/4999 2645/2579/4999 2610/2544/4999
f 2645/2579/5000 2669/2605/5000 2611/2545/5000
f 2669/2605/5001 2635/2566/5001 2611/2545/5001
f 2669/2605/5002 2670/2606/5002 2635/2566/5002
f 2670/2606/5003 2612/2546/5003 2635/2566/5003
f 2612/2546/5004 2660/2593/5004 2588/2519/5004
f 2626/2557/5005 2661/2607/5005 2600/2534/5005
f 2661/2607/5006 2646/2580/5006 2600/2534/5006
f 2601/2522/5007 2694/2608/5007 2566/2501/5007
f 2671/2582/5008 2613/2523/5008 2566/2501/5008
f 2614/2547/5009 2696/2609/5009 2615/2548/5009
f 2672/2610/5010 2648/2583/5010 2637/2568/5010
f 2673/2611/5011 2662/2595/5011 2627/2549/5011
f 2674/2612/5012 2638/2559/5012 2617/2558/5012
f 2674/2612/5013 2663/2596/5013 2638/2559/5013
f 2675/2613/5014 2639/2570/5014 2650/2585/5014
f 2676/2614/5015 2619/2552/5015 2605/2538/5015
f 2641/2573/5016 2621/2553/5016 2595/2528/5016
f 2689/2615/5017 2632/2574/5017 2621/2553/5017
f 2632/2574/5018 2607/2541/5018 2561/2494/5018
f 2678/2616/5019 2656/2591/5019 2622/2554/5019
f 2691/2617/5020 2643/2576/5020 2584/2530/5020
f 2691/2617/5021 2680/2618/5021 2643/2576/5021
f 2680/2618/5022 2681/2619/5022 2643/2576/5022
f 2681/2619/5023 2634/2565/5023 2643/2576/5023
f 2681/2619/5024 2666/2602/5024 2634/2565/5024
f 2692/2620/5025 2669/2605/5025 2645/2579/5025
f 2660/2593/5026 2682/2621/5026 2625/2567/5026
f 2683/2622/5027 2647/2594/5027 2646/2580/5027
f 2694/2608/5028 2671/2582/5028 2566/2501/5028
f 2696/2609/5029 2714/2623/5029 2615/2548/5029
f 2714/2623/5030 2637/2568/5030 2615/2548/5030
f 2714/2623/5031 2672/2610/5031 2637/2568/5031
f 2648/2583/5032 2673/2611/5032 2627/2549/5032
f 2662/2595/5033 2649/2584/5033 2616/2550/5033
f 2697/2624/5034 2617/2558/5034 2649/2584/5034
f 2698/2625/5035 2617/2558/5035 2697/2624/5035
f 2698/2625/5036 2674/2612/5036 2617/2558/5036
f 2628/2569/5037 2684/2626/5037 2650/2585/5037
f 2685/2627/5038 2629/2560/5038 2639/2570/5038
f 2685/2627/5039 2651/2586/5039 2629/2560/5039
f 93/2628/5040 2640/2571/5040 91/2562/5040
f 93/2628/5041 2686/2629/5041 2640/2571/5041
f 2686/2629/5042 2665/2600/5042 2640/2571/5042
f 2630/2563/5043 2687/2630/5043 2631/2572/5043
f 2687/2630/5044 2688/2601/5044 2631/2572/5044
f 2677/2631/5045 2593/2527/5045 2688/2601/5045
f 2677/2631/5046 2654/2588/5046 2593/2527/5046
f 2641/2573/5047 2689/2615/5047 2621/2553/5047
f 2690/2632/5048 2633/2564/5048 2607/2541/5048
f 2704/2633/5049 2642/2589/5049 2633/2564/5049
f 2655/2590/5050 2678/2616/5050 2622/2554/5050
f 2656/2591/5051 2679/2634/5051 2657/2575/5051
f 2691/2617/5052 2584/2530/5052 2657/2575/5052
f 2692/2620/5053 2645/2579/5053 2659/2592/5053
f 2670/2606/5054 2660/2593/5054 2612/2546/5054
f 2682/2621/5055 2693/2635/5055 2625/2567/5055
f 2661/2607/5056 2683/2622/5056 2646/2580/5056
f 2712/2636/5057 2601/2522/5057 2636/2581/5057
f 2712/2636/5058 2694/2608/5058 2601/2522/5058
f 2695/2637/5059 2567/2502/5059 2671/2582/5059
f 2567/2502/5060 2695/2637/5060 2614/2547/5060
f 2696/2609/5061 2614/2547/5061 2695/2637/5061
f 2662/2595/5062 2697/2624/5062 2649/2584/5062
f 2716/2638/5063 2664/2597/5063 2663/2596/5063
f 2664/2597/5064 2684/2626/5064 2628/2569/5064
f 2675/2613/5065 2650/2585/5065 2684/2626/5065
f 2675/2613/5066 2685/2627/5066 2639/2570/5066
f 2700/2639/5067 2605/2538/5067 2652/2598/5067
f 2700/2639/5068 2676/2614/5068 2605/2538/5068
f 2676/2614/5069 2701/2640/5069 2619/2552/5069
f 2701/2640/5070 2653/2587/5070 2619/2552/5070
f 2702/2641/5071 2665/2600/5071 2686/2629/5071
f 2719/2642/5072 2687/2630/5072 2630/2563/5072
f 2721/2643/5073 2689/2615/5073 2641/2573/5073
f 2689/2615/5074 2722/2644/5074 2632/2574/5074
f 2722/2644/5075 2607/2541/5075 2632/2574/5075
f 2704/2633/5076 2633/2564/5076 2690/2632/5076
f 2704/2633/5077 2705/2645/5077 2642/2589/5077
f 2642/2589/5078 2706/2646/5078 2655/2590/5078
f 2656/2591/5079 2707/2647/5079 2679/2634/5079
f 2679/2634/5080 2691/2617/5080 2657/2575/5080
f 2708/2648/5081 2680/2618/5081 2691/2617/5081
f 2680/2618/5082 2709/2649/5082 2681/2619/5082
f 2681/2619/5083 2710/2650/5083 2666/2602/5083
f 2710/2650/5084 2667/2603/5084 2666/2602/5084
f 2658/2578/5085 2659/2592/5085 2624/2556/5085
f 2711/2651/5086 2670/2606/5086 2669/2605/5086
f 2724/2652/5087 2682/2621/5087 2660/2593/5087
f 2693/2635/5088 2626/2557/5088 2625/2567/5088
f 2726/2653/5089 2636/2581/5089 2647/2594/5089
f 2713/2654/5090 2695/2637/5090 2671/2582/5090
f 2672/2610/5091 2715/2655/5091 2648/2583/5091
f 2715/2655/5092 2673/2611/5092 2648/2583/5092
f 2674/2612/5093 2716/2638/5093 2663/2596/5093
f 2699/2656/5094 2684/2626/5094 2664/2597/5094
f 2685/2627/5095 2717/2657/5095 2651/2586/5095
f 2717/2657/5096 2652/2598/5096 2651/2586/5096
f 2701/2640/5097 2718/2658/5097 2653/2587/5097
f 93/2628/5098 2702/2641/5098 2686/2629/5098
f 2665/2600/5099 2719/2642/5099 2630/2563/5099
f 2677/2631/5100 2703/2659/5100 2654/2588/5100
f 2703/2659/5101 2720/2660/5101 2654/2588/5101
f 2720/2660/5102 2641/2573/5102 2654/2588/5102
f 2720/2660/5103 2721/2643/5103 2641/2573/5103
f 2724/2652/5104 2660/2593/5104 2670/2606/5104
f 2682/2621/5105 2732/2661/5105 2693/2635/5105
f 2693/2635/5106 2725/2662/5106 2626/2557/5106
f 2725/2662/5107 2661/2607/5107 2626/2557/5107
f 2695/2637/5108 2714/2623/5108 2696/2609/5108
f 2673/2611/5109 2715/2655/5109 2662/2595/5109
f 2698/2625/5110 2727/2663/5110 2674/2612/5110
f 2716/2638/5111 2728/2664/5111 2664/2597/5111
f 2728/2664/5112 2699/2656/5112 2664/2597/5112
f 2717/2657/5113 2700/2639/5113 2652/2598/5113
f 2718/2658/5114 92/2599/5114 2653/2587/5114
f 2702/2641/5115 2719/2642/5115 2665/2600/5115
f 2687/2630/5116 2729/2665/5116 2688/2601/5116
f 2729/2665/5117 2677/2631/5117 2688/2601/5117
f 2721/2643/5118 2722/2644/5118 2689/2615/5118
f 2705/2645/5119 2706/2646/5119 2642/2589/5119
f 2730/2666/5120 2678/2616/5120 2655/2590/5120
f 2678/2616/5121 2707/2647/5121 2656/2591/5121
f 2707/2647/5122 2691/2617/5122 2679/2634/5122
f 2709/2649/5123 2731/2667/5123 2681/2619/5123
f 2731/2667/5124 2710/2650/5124 2681/2619/5124
f 2723/2668/5125 2692/2620/5125 2659/2592/5125
f 2713/2654/5126 2671/2582/5126 2694/2608/5126
f 2734/2669/5127 2715/2655/5127 2672/2610/5127
f 2715/2655/5128 2697/2624/5128 2662/2595/5128
f 2727/2663/5129 2716/2638/5129 2674/2612/5129
f 2735/2670/5130 2700/2639/5130 2717/2657/5130
f 2736/2671/5131 2676/2614/5131 2700/2639/5131
f 2736/2671/5132 2701/2640/5132 2676/2614/5132
f 94/2672/5133 92/2599/5133 2718/2658/5133
f 95/2673/5134 2702/2641/5134 93/2628/5134
f 2702/2641/5135 2737/2674/5135 2719/2642/5135
f 2738/2675/5136 2687/2630/5136 2719/2642/5136
f 2749/2676/5137 2677/2631/5137 2729/2665/5137
f 2739/2677/5138 2722/2644/5138 2721/2643/5138
f 2722/2644/5139 2690/2632/5139 2607/2541/5139
f 2740/2678/5140 2704/2633/5140 2690/2632/5140
f 2740/2678/5141 2705/2645/5141 2704/2633/5141
f 2706/2646/5142 2730/2666/5142 2655/2590/5142
f 2751/2679/5143 2708/2648/5143 2691/2617/5143
f 2708/2648/5144 2742/2680/5144 2680/2618/5144
f 2742/2680/5145 2709/2649/5145 2680/2618/5145
f 2742/2680/5146 2731/2667/5146 2709/2649/5146
f 2658/2578/5147 2723/2668/5147 2659/2592/5147
f 2758/2681/5148 2670/2606/5148 2711/2651/5148
f 2743/2682/5149 2682/2621/5149 2724/2652/5149
f 2743/2682/5150 2732/2661/5150 2682/2621/5150
f 2725/2662/5151 2733/2683/5151 2661/2607/5151
f 2787/2684/5152 2726/2653/5152 2647/2594/5152
f 2726/2653/5153 2744/2685/5153 2636/2581/5153
f 2744/2685/5154 2712/2636/5154 2636/2581/5154
f 2745/2686/5155 2694/2608/5155 2712/2636/5155
f 2746/2687/5156 2714/2623/5156 2695/2637/5156
f 2747/2688/5157 2697/2624/5157 2715/2655/5157
f 2747/2688/5158 2698/2625/5158 2697/2624/5158
f 2684/2626/5159 2764/2689/5159 2675/2613/5159
f 2748/2690/5160 2685/2627/5160 2675/2613/5160
f 2735/2670/5161 2736/2671/5161 2700/2639/5161
f 2738/2675/5162 2729/2665/5162 2687/2630/5162
f 2738/2675/5163 2749/2676/5163 2729/2665/5163
f 2749/2676/5164 2750/2691/5164 2677/2631/5164
f 2750/2691/5165 2703/2659/5165 2677/2631/5165
f 2741/2692/5166 2707/2647/5166 2678/2616/5166
f 2751/2679/5167 2691/2617/5167 2707/2647/5167
f 2742/2680/5168 2752/2693/5168 2731/2667/5168
f 2731/2667/5169 2753/2694/5169 2710/2650/5169
f 2753/2694/5170 2667/2603/5170 2710/2650/5170
f 2753/2694/5171 2668/2604/5171 2667/2603/5171
f 2753/2694/5172 2754/2695/5172 2668/2604/5172
f 2754/2695/5173 2658/2578/5173 2668/2604/5173
f 2658/2578/5174 2756/2696/5174 2723/2668/5174
f 2756/2696/5175 2692/2620/5175 2723/2668/5175
f 2756/2696/5176 2757/2697/5176 2692/2620/5176
f 2692/2620/5177 2758/2681/5177 2669/2605/5177
f 2758/2681/5178 2711/2651/5178 2669/2605/5178
f 2758/2681/5179 2759/2698/5179 2670/2606/5179
f 2759/2698/5180 2724/2652/5180 2670/2606/5180
f 2732/2661/5181 2725/2662/5181 2693/2635/5181
f 2733/2683/5182 2683/2622/5182 2661/2607/5182
f 2683/2622/5183 2774/2699/5183 2647/2594/5183
f 2745/2686/5184 2760/2700/5184 2694/2608/5184
f 2760/2700/5185 2713/2654/5185 2694/2608/5185
f 2713/2654/5186 2761/2701/5186 2695/2637/5186
f 2762/2702/5187 2672/2610/5187 2714/2623/5187
f 2762/2702/5188 2734/2669/5188 2672/2610/5188
f 2764/2689/5189 2748/2690/5189 2675/2613/5189
f 2748/2690/5190 2717/2657/5190 2685/2627/5190
f 2765/2703/5191 2701/2640/5191 2736/2671/5191
f 2765/2703/5192 2718/2658/5192 2701/2640/5192
f 2766/2704/5193 94/2672/5193 2718/2658/5193
f 2738/2675/5194 2767/2705/5194 2749/2676/5194
f 2750/2691/5195 2768/2706/5195 2703/2659/5195
f 2703/2659/5196 2768/2706/5196 2720/2660/5196
f 2769/2707/5197 2721/2643/5197 2720/2660/5197
f 2769/2707/5198 2739/2677/5198 2721/2643/5198
f 2781/2708/5199 2690/2632/5199 2722/2644/5199
f 2730/2666/5200 2741/2692/5200 2678/2616/5200
f 2752/2693/5201 2753/2694/5201 2731/2667/5201
f 2754/2695/5202 2755/2709/5202 2658/2578/5202
f 2755/2709/5203 2756/2696/5203 2658/2578/5203
f 2757/2697/5204 2758/2681/5204 2692/2620/5204
f 2759/2698/5205 2770/2710/5205 2724/2652/5205
f 2770/2710/5206 2743/2682/5206 2724/2652/5206
f 2773/2711/5207 2733/2683/5207 2725/2662/5207
f 2774/2699/5208 2787/2684/5208 2647/2594/5208
f 2787/2684/5209 2744/2685/5209 2726/2653/5209
f 2775/2712/5210 2745/2686/5210 2712/2636/5210
f 2760/2700/5211 2776/2713/5211 2713/2654/5211
f 2761/2701/5212 2746/2687/5212 2695/2637/5212
f 2746/2687/5213 2762/2702/5213 2714/2623/5213
f 2734/2669/5214 2747/2688/5214 2715/2655/5214
f 2763/2714/5215 2698/2625/5215 2747/2688/5215
f 2727/2663/5216 2728/2664/5216 2716/2638/5216
f 2777/2715/5217 2765/2703/5217 2736/2671/5217
f 2765/2703/5218 2778/2716/5218 2718/2658/5218
f 96/2717/5219 2702/2641/5219 95/2673/5219
f 96/2717/5220 2779/2718/5220 2702/2641/5220
f 2779/2718/5221 2737/2674/5221 2702/2641/5221
f 2737/2674/5222 2738/2675/5222 2719/2642/5222
f 2780/2719/5223 2722/2644/5223 2739/2677/5223
f 2783/2720/5224 2741/2692/5224 2730/2666/5224
f 2741/2692/5225 2784/2721/5225 2707/2647/5225
f 2708/2648/5226 2752/2693/5226 2742/2680/5226
f 2770/2710/5227 2771/2722/5227 2743/2682/5227
f 2786/2723/5228 2725/2662/5228 2732/2661/5228
f 2786/2723/5229 2772/2724/5229 2725/2662/5229
f 2733/2683/5230 2774/2699/5230 2683/2622/5230
f 2776/2713/5231 2761/2701/5231 2713/2654/5231
f 2762/2702/5232 2802/2725/5232 2734/2669/5232
f 2789/2726/5233 2763/2714/5233 2747/2688/5233
f 2763/2714/5234 2727/2663/5234 2698/2625/5234
f 2728/2664/5235 2803/2727/5235 2699/2656/5235
f 2803/2727/5236 2790/2728/5236 2699/2656/5236
f 2790/2728/5237 2684/2626/5237 2699/2656/5237
f 2790/2728/5238 2764/2689/5238 2684/2626/5238
f 2748/2690/5239 2791/2729/5239 2717/2657/5239
f 2791/2729/5240 2735/2670/5240 2717/2657/5240
f 2791/2729/5241 2792/2730/5241 2735/2670/5241
f 2792/2730/5242 2736/2671/5242 2735/2670/5242
f 2792/2730/5243 2777/2715/5243 2736/2671/5243
f 2778/2716/5244 2766/2704/5244 2718/2658/5244
f 2793/2731/5245 2738/2675/5245 2737/2674/5245
f 2793/2731/5246 2794/2732/5246 2738/2675/5246
f 2794/2732/5247 2767/2705/5247 2738/2675/5247
f 2767/2705/5248 2750/2691/5248 2749/2676/5248
f 2768/2706/5249 2769/2707/5249 2720/2660/5249
f 2780/2719/5250 2739/2677/5250 2769/2707/5250
f 2780/2719/5251 2781/2708/5251 2722/2644/5251
f 2795/2733/5252 2690/2632/5252 2781/2708/5252
f 2796/2734/5253 2705/2645/5253 2740/2678/5253
f 2705/2645/5254 2782/2735/5254 2706/2646/5254
f 2784/2721/5255 2751/2679/5255 2707/2647/5255
f 2798/2736/5256 2752/2693/5256 2708/2648/5256
f 2785/2737/5257 2753/2694/5257 2752/2693/5257
f 2743/2682/5258 2786/2723/5258 2732/2661/5258
f 2772/2724/5259 2773/2711/5259 2725/2662/5259
f 2744/2685/5260 2775/2712/5260 2712/2636/5260
f 2761/2701/5261 2800/2738/5261 2746/2687/5261
f 2800/2738/5262 2762/2702/5262 2746/2687/5262
f 2800/2738/5263 2801/2739/5263 2762/2702/5263
f 2801/2739/5264 2802/2725/5264 2762/2702/5264
f 2788/2740/5265 2747/2688/5265 2734/2669/5265
f 2813/2741/5266 2763/2714/5266 2789/2726/5266
f 2763/2714/5267 2803/2727/5267 2727/2663/5267
f 2803/2727/5268 2728/2664/5268 2727/2663/5268
f 2804/2742/5269 2778/2716/5269 2765/2703/5269
f 2805/2743/5270 2766/2704/5270 2778/2716/5270
f 2779/2718/5271 2793/2731/5271 2737/2674/5271
f 2767/2705/5272 2817/2744/5272 2750/2691/5272
f 2806/2745/5273 2768/2706/5273 2750/2691/5273
f 2818/2746/5274 2769/2707/5274 2768/2706/5274
f 2795/2733/5275 2740/2678/5275 2690/2632/5275
f 2795/2733/5276 2796/2734/5276 2740/2678/5276
f 2796/2734/5277 2782/2735/5277 2705/2645/5277
f 2783/2720/5278 2807/2747/5278 2741/2692/5278
f 2807/2747/5279 2784/2721/5279 2741/2692/5279
f 2784/2721/5280 2797/2748/5280 2751/2679/5280
f 2797/2748/5281 2708/2648/5281 2751/2679/5281
f 2808/2749/5282 2755/2709/5282 2754/2695/5282
f 2756/2696/5283 2809/2750/5283 2757/2697/5283
f 2799/2751/5284 2758/2681/5284 2757/2697/5284
f 2799/2751/5285 2759/2698/5285 2758/2681/5285
f 2799/2751/5286 2770/2710/5286 2759/2698/5286
f 2771/2722/5287 2786/2723/5287 2743/2682/5287
f 2810/2752/5288 2744/2685/5288 2787/2684/5288
f 2812/2753/5289 2761/2701/5289 2776/2713/5289
f 2788/2740/5290 2789/2726/5290 2747/2688/5290
f 2814/2754/5291 2803/2727/5291 2763/2714/5291
f 2790/2728/5292 2825/2755/5292 2764/2689/5292
f 2825/2755/5293 2748/2690/5293 2764/2689/5293
f 2816/2756/5294 2791/2729/5294 2748/2690/5294
f 2777/2715/5295 2804/2742/5295 2765/2703/5295
f 2804/2742/5296 2805/2743/5296 2778/2716/5296
f 2805/2743/5297 2843/2757/5297 2766/2704/5297
f 2843/2757/5298 94/2672/5298 2766/2704/5298
f 2843/2757/5299 97/2758/5299 94/2672/5299
f 2794/2732/5300 2817/2744/5300 2767/2705/5300
f 2818/2746/5301 2768/2706/5301 2806/2745/5301
f 2818/2746/5302 2819/2759/5302 2769/2707/5302
f 2706/2646/5303 2820/2760/5303 2730/2666/5303
f 2820/2760/5304 2783/2720/5304 2730/2666/5304
f 2797/2748/5305 2798/2736/5305 2708/2648/5305
f 2798/2736/5306 2785/2737/5306 2752/2693/5306
f 2821/2761/5307 2753/2694/5307 2785/2737/5307
f 2821/2761/5308 2754/2695/5308 2753/2694/5308
f 2821/2761/5309 2808/2749/5309 2754/2695/5309
f 2822/2762/5310 2799/2751/5310 2757/2697/5310
f 2835/2763/5311 2771/2722/5311 2770/2710/5311
f 2823/2764/5312 2787/2684/5312 2774/2699/5312
f 2824/2765/5313 2760/2700/5313 2745/2686/5313
f 2824/2765/5314 2811/2766/5314 2760/2700/5314
f 2811/2766/5315 2776/2713/5315 2760/2700/5315
f 2812/2753/5316 2800/2738/5316 2761/2701/5316
f 2825/2755/5317 2815/2767/5317 2748/2690/5317
f 2815/2767/5318 2816/2756/5318 2748/2690/5318
f 2826/2768/5319 2777/2715/5319 2792/2730/5319
f 2826/2768/5320 2804/2742/5320 2777/2715/5320
f 98/2769/5321 2779/2718/5321 96/2717/5321
f 2779/2718/5322 98/2769/5322 2793/2731/5322
f 2828/2770/5323 2794/2732/5323 2793/2731/5323
f 2828/2770/5324 2817/2744/5324 2794/2732/5324
f 2817/2744/5325 2806/2745/5325 2750/2691/5325
f 2829/2771/5326 2769/2707/5326 2819/2759/5326
f 2829/2771/5327 2780/2719/5327 2769/2707/5327
f 2855/2772/5328 2781/2708/5328 2780/2719/5328
f 2784/2721/5329 2856/2773/5329 2797/2748/5329
f 2830/2774/5330 2798/2736/5330 2797/2748/5330
f 2832/2775/5331 2833/2776/5331 2755/2709/5331
f 2833/2776/5332 2756/2696/5332 2755/2709/5332
f 2833/2776/5333 2834/2777/5333 2756/2696/5333
f 2834/2777/5334 2809/2750/5334 2756/2696/5334
f 2809/2750/5335 2822/2762/5335 2757/2697/5335
f 2835/2763/5336 2770/2710/5336 2799/2751/5336
f 2836/2778/5337 2771/2722/5337 2835/2763/5337
f 2836/2778/5338 2837/2779/5338 2771/2722/5338
f 2837/2779/5339 2786/2723/5339 2771/2722/5339
f 2786/2723/5340 2838/2780/5340 2772/2724/5340
f 2839/2781/5341 2733/2683/5341 2773/2711/5341
f 2839/2781/5342 2774/2699/5342 2733/2683/5342
f 2839/2781/5343 2823/2764/5343 2774/2699/5343
f 2775/2712/5344 2744/2685/5344 2810/2752/5344
f 2824/2765/5345 2745/2686/5345 2775/2712/5345
f 2841/2782/5346 2800/2738/5346 2812/2753/5346
f 2802/2725/5347 2788/2740/5347 2734/2669/5347
f 2842/2783/5348 2789/2726/5348 2788/2740/5348
f 2813/2741/5349 2814/2754/5349 2763/2714/5349
f 2865/2784/5350 2790/2728/5350 2803/2727/5350
f 2791/2729/5351 2826/2768/5351 2792/2730/5351
f 2826/2768/5352 2827/2785/5352 2804/2742/5352
f 2827/2785/5353 2805/2743/5353 2804/2742/5353
f 2844/2786/5354 2806/2745/5354 2817/2744/5354
f 2844/2786/5355 2845/2787/5355 2806/2745/5355
f 2845/2787/5356 2818/2746/5356 2806/2745/5356
f 2855/2772/5357 2868/2788/5357 2781/2708/5357
f 2846/2789/5358 2796/2734/5358 2795/2733/5358
f 2782/2735/5359 2820/2760/5359 2706/2646/5359
f 2830/2774/5360 2785/2737/5360 2798/2736/5360
f 2831/2790/5361 2821/2761/5361 2785/2737/5361
f 2838/2780/5362 2773/2711/5362 2772/2724/5362
f 2823/2764/5363 2810/2752/5363 2787/2684/5363
f 2847/2791/5364 2775/2712/5364 2810/2752/5364
f 2840/2792/5365 2824/2765/5365 2775/2712/5365
f 2862/2793/5366 2848/2794/5366 2811/2766/5366
f 2849/2795/5367 2776/2713/5367 2811/2766/5367
f 2849/2795/5368 2812/2753/5368 2776/2713/5368
f 2842/2783/5369 2813/2741/5369 2789/2726/5369
f 2850/2796/5370 2814/2754/5370 2813/2741/5370
f 2851/2797/5371 2803/2727/5371 2814/2754/5371
f 2816/2756/5372 2826/2768/5372 2791/2729/5372
f 2827/2785/5373 2852/2798/5373 2805/2743/5373
f 2852/2798/5374 2843/2757/5374 2805/2743/5374
f 2843/2757/5375 99/2799/5375 97/2758/5375
f 98/2769/5376 2853/2800/5376 2793/2731/5376
f 2853/2800/5377 2828/2770/5377 2793/2731/5377
f 2845/2787/5378 2854/2801/5378 2818/2746/5378
f 2854/2801/5379 2819/2759/5379 2818/2746/5379
f 2829/2771/5380 2855/2772/5380 2780/2719/5380
f 2868/2788/5381 2795/2733/5381 2781/2708/5381
f 2820/2760/5382 2807/2747/5382 2783/2720/5382
f 2856/2773/5383 2784/2721/5383 2807/2747/5383
f 2857/2802/5384 2797/2748/5384 2856/2773/5384
f 2857/2802/5385 2830/2774/5385 2797/2748/5385
f 2858/2803/5386 2785/2737/5386 2830/2774/5386
f 2859/2804/5387 2835/2763/5387 2799/2751/5387
f 2860/2805/5388 2838/2780/5388 2786/2723/5388
f 2861/2806/5389 2839/2781/5389 2773/2711/5389
f 2847/2791/5390 2840/2792/5390 2775/2712/5390
f 2862/2793/5391 2811/2766/5391 2824/2765/5391
f 2848/2794/5392 2849/2795/5392 2811/2766/5392
f 2863/2807/5393 2841/2782/5393 2812/2753/5393
f 2864/2808/5394 2800/2738/5394 2841/2782/5394
f 2864/2808/5395 2801/2739/5395 2800/2738/5395
f 2851/2797/5396 2865/2784/5396 2803/2727/5396
f 2866/2809/5397 2825/2755/5397 2790/2728/5397
f 2826/2768/5398 2852/2798/5398 2827/2785/5398
f 100/2810/5399 2853/2800/5399 98/2769/5399
f 2853/2800/5400 2817/2744/5400 2828/2770/5400
f 2853/2800/5401 2867/2811/5401 2817/2744/5401
f 2867/2811/5402 2844/2786/5402 2817/2744/5402
f 2868/2788/5403 2846/2789/5403 2795/2733/5403
f 2869/2812/5404 2796/2734/5404 2846/2789/5404
f 2831/2790/5405 2785/2737/5405 2858/2803/5405
f 2821/2761/5406 2870/2813/5406 2808/2749/5406
f 2870/2813/5407 2755/2709/5407 2808/2749/5407
f 2870/2813/5408 2832/2775/5408 2755/2709/5408
f 2822/2762/5409 2859/2804/5409 2799/2751/5409
f 2871/2814/5410 2837/2779/5410 2836/2778/5410
f 2837/2779/5411 2860/2805/5411 2786/2723/5411
f 2838/2780/5412 2861/2806/5412 2773/2711/5412
f 2872/2815/5413 2823/2764/5413 2839/2781/5413
f 2849/2795/5414 2863/2807/5414 2812/2753/5414
f 2873/2816/5415 2864/2808/5415 2841/2782/5415
f 2874/2817/5416 2802/2725/5416 2801/2739/5416
f 2875/2818/5417 2788/2740/5417 2802/2725/5417
f 2842/2783/5418 2876/2819/5418 2813/2741/5418
f 2876/2819/5419 2850/2796/5419 2813/2741/5419
f 2865/2784/5420 2866/2809/5420 2790/2728/5420
f 2877/2820/5421 2826/2768/5421 2816/2756/5421
f 2878/2821/5422 2845/2787/5422 2844/2786/5422
f 2878/2821/5423 2854/2801/5423 2845/2787/5423
f 2854/2801/5424 2879/2822/5424 2819/2759/5424
f 2879/2822/5425 2829/2771/5425 2819/2759/5425
f 2829/2771/5426 2880/2823/5426 2855/2772/5426
f 2796/2734/5427 2820/2760/5427 2782/2735/5427
f 2881/2824/5428 2807/2747/5428 2820/2760/5428
f 2858/2803/5429 2830/2774/5429 2857/2802/5429
f 2858/2803/5430 2896/2825/5430 2831/2790/5430
f 2870/2813/5431 2821/2761/5431 2831/2790/5431
f 2870/2813/5432 2898/2826/5432 2832/2775/5432
f 2882/2827/5433 2838/2780/5433 2860/2805/5433
f 2861/2806/5434 2872/2815/5434 2839/2781/5434
f 2883/2828/5435 2810/2752/5435 2823/2764/5435
f 2884/2829/5436 2824/2765/5436 2840/2792/5436
f 2884/2829/5437 2862/2793/5437 2824/2765/5437
f 2864/2808/5438 2885/2830/5438 2801/2739/5438
f 2885/2830/5439 2874/2817/5439 2801/2739/5439
f 2885/2830/5440 2802/2725/5440 2874/2817/5440
f 2875/2818/5441 2842/2783/5441 2788/2740/5441
f 2886/2831/5442 2850/2796/5442 2876/2819/5442
f 2888/2832/5443 2825/2755/5443 2866/2809/5443
f 2888/2832/5444 2815/2767/5444 2825/2755/5444
f 2815/2767/5445 2907/2833/5445 2816/2756/5445
f 2890/2834/5446 2843/2757/5446 2852/2798/5446
f 2890/2834/5447 99/2799/5447 2843/2757/5447
f 2891/2835/5448 2853/2800/5448 100/2810/5448
f 2891/2835/5449 2867/2811/5449 2853/2800/5449
f 2880/2823/5450 2829/2771/5450 2879/2822/5450
f 2880/2823/5451 2868/2788/5451 2855/2772/5451
f 2892/2836/5452 2846/2789/5452 2868/2788/5452
f 2892/2836/5453 2869/2812/5453 2846/2789/5453
f 2869/2812/5454 2893/2837/5454 2796/2734/5454
f 2893/2837/5455 2820/2760/5455 2796/2734/5455
f 2894/2838/5456 2856/2773/5456 2807/2747/5456
f 2895/2839/5457 2857/2802/5457 2856/2773/5457
f 2896/2825/5458 2858/2803/5458 2857/2802/5458
f 2897/2840/5459 2831/2790/5459 2896/2825/5459
f 2898/2826/5460 2899/2841/5460 2832/2775/5460
f 2899/2841/5461 2833/2776/5461 2832/2775/5461
f 2899/2841/5462 2834/2777/5462 2833/2776/5462
f 2899/2841/5463 2900/2842/5463 2834/2777/5463
f 2900/2842/5464 2809/2750/5464 2834/2777/5464
f 2901/2843/5465 2836/2778/5465 2835/2763/5465
f 2902/2844/5466 2838/2780/5466 2882/2827/5466
f 2902/2844/5467 2861/2806/5467 2838/2780/5467
f 2872/2815/5468 2883/2828/5468 2823/2764/5468
f 2924/2845/5469 2884/2829/5469 2840/2792/5469
f 2903/2846/5470 2904/2847/5470 2862/2793/5470
f 2904/2847/5471 2848/2794/5471 2862/2793/5471
f 2904/2847/5472 2849/2795/5472 2848/2794/5472
f 2863/2807/5473 2873/2816/5473 2841/2782/5473
f 2873/2816/5474 2885/2830/5474 2864/2808/5474
f 2905/2848/5475 2802/2725/5475 2885/2830/5475
f 2905/2848/5476 2875/2818/5476 2802/2725/5476
f 2875/2818/5477 2906/2849/5477 2842/2783/5477
f 2850/2796/5478 2851/2797/5478 2814/2754/5478
f 2887/2850/5479 2888/2832/5479 2866/2809/5479
f 2877/2820/5480 2917/2851/5480 2826/2768/5480
f 2917/2851/5481 2852/2798/5481 2826/2768/5481
f 2917/2851/5482 2908/2852/5482 2852/2798/5482
f 2909/2853/5483 2889/2854/5483 2852/2798/5483
f 2889/2854/5484 2890/2834/5484 2852/2798/5484
f 2891/2835/5485 2910/2855/5485 2867/2811/5485
f 2867/2811/5486 2878/2821/5486 2844/2786/5486
f 2893/2837/5487 2881/2824/5487 2820/2760/5487
f 2881/2824/5488 2894/2838/5488 2807/2747/5488
f 2895/2839/5489 2896/2825/5489 2857/2802/5489
f 2897/2840/5490 2870/2813/5490 2831/2790/5490
f 2921/2856/5491 2898/2826/5491 2870/2813/5491
f 2900/2842/5492 2822/2762/5492 2809/2750/5492
f 2822/2762/5493 2912/2857/5493 2859/2804/5493
f 2859/2804/5494 2901/2843/5494 2835/2763/5494
f 2871/2814/5495 2913/2858/5495 2837/2779/5495
f 2902/2844/5496 2872/2815/5496 2861/2806/5496
f 2884/2829/5497 2903/2846/5497 2862/2793/5497
f 2914/2859/5498 2849/2795/5498 2904/2847/5498
f 2915/2860/5499 2873/2816/5499 2863/2807/5499
f 2886/2831/5500 2851/2797/5500 2850/2796/5500
f 2916/2861/5501 2865/2784/5501 2851/2797/5501
f 2916/2861/5502 2866/2809/5502 2865/2784/5502
f 2916/2861/5503 2887/2850/5503 2866/2809/5503
f 2907/2833/5504 2877/2820/5504 2816/2756/5504
f 2908/2852/5505 2909/2853/5505 2852/2798/5505
f 2918/2862/5506 2910/2855/5506 2891/2835/5506
f 2910/2855/5507 2878/2821/5507 2867/2811/5507
f 2910/2855/5508 2928/2863/5508 2878/2821/5508
f 2937/2864/5509 2892/2836/5509 2868/2788/5509
f 2919/2865/5510 2896/2825/5510 2895/2839/5510
f 2919/2865/5511 2920/2866/5511 2896/2825/5511
f 2939/2867/5512 2897/2840/5512 2896/2825/5512
f 2913/2858/5513 2860/2805/5513 2837/2779/5513
f 2883/2828/5514 2922/2868/5514 2810/2752/5514
f 2922/2868/5515 2847/2791/5515 2810/2752/5515
f 2923/2869/5516 2840/2792/5516 2847/2791/5516
f 2923/2869/5517 2924/2845/5517 2840/2792/5517
f 2925/2870/5518 2863/2807/5518 2849/2795/5518
f 2926/2871/5519 2885/2830/5519 2873/2816/5519
f 2905/2848/5520 2906/2849/5520 2875/2818/5520
f 2906/2849/5521 2876/2819/5521 2842/2783/5521
f 2886/2831/5522 2916/2861/5522 2851/2797/5522
f 2888/2832/5523 2907/2833/5523 2815/2767/5523
f 2927/2872/5524 2908/2852/5524 2917/2851/5524
f 102/2873/5525 2891/2835/5525 100/2810/5525
f 102/2873/5526 2918/2862/5526 2891/2835/5526
f 2929/2874/5527 2854/2801/5527 2878/2821/5527
f 2929/2874/5528 2879/2822/5528 2854/2801/5528
f 2879/2822/5529 2911/2875/5529 2880/2823/5529
f 2937/2864/5530 2868/2788/5530 2880/2823/5530
f 2893/2837/5531 2930/2876/5531 2881/2824/5531
f 2920/2866/5532 2939/2867/5532 2896/2825/5532
f 2931/2877/5533 2898/2826/5533 2921/2856/5533
f 2899/2841/5534 2940/2878/5534 2900/2842/5534
f 2912/2857/5535 2901/2843/5535 2859/2804/5535
f 2903/2846/5536 2914/2859/5536 2904/2847/5536
f 2914/2859/5537 2925/2870/5537 2849/2795/5537
f 2915/2860/5538 2943/2879/5538 2873/2816/5538
f 2943/2879/5539 2926/2871/5539 2873/2816/5539
f 2885/2830/5540 2933/2880/5540 2905/2848/5540
f 2934/2881/5541 2907/2833/5541 2888/2832/5541
f 2889/2854/5542 101/2882/5542 2890/2834/5542
f 2910/2855/5543 2935/2883/5543 2928/2863/5543
f 2928/2863/5544 2929/2874/5544 2878/2821/5544
f 2936/2884/5545 2911/2875/5545 2879/2822/5545
f 2937/2864/5546 2880/2823/5546 2911/2875/5546
f 2930/2876/5547 2894/2838/5547 2881/2824/5547
f 2894/2838/5548 2895/2839/5548 2856/2773/5548
f 2938/2885/5549 2919/2865/5549 2895/2839/5549
f 2939/2867/5550 2921/2856/5550 2897/2840/5550
f 2921/2856/5551 2870/2813/5551 2897/2840/5551
f 2898/2826/5552 2940/2878/5552 2899/2841/5552
f 2941/2886/5553 2901/2843/5553 2912/2857/5553
f 2901/2843/5554 2954/2887/5554 2836/2778/5554
f 2954/2887/5555 2871/2814/5555 2836/2778/5555
f 2954/2887/5556 2913/2858/5556 2871/2814/5556
f 2942/2888/5557 2860/2805/5557 2913/2858/5557
f 2902/2844/5558 2932/2889/5558 2872/2815/5558
f 2932/2889/5559 2883/2828/5559 2872/2815/5559
f 2957/2890/5560 2903/2846/5560 2884/2829/5560
f 2925/2870/5561 2915/2860/5561 2863/2807/5561
f 2926/2871/5562 2933/2880/5562 2885/2830/5562
f 2959/2891/5563 2916/2861/5563 2886/2831/5563
f 2959/2891/5564 2944/2892/5564 2916/2861/5564
f 2944/2892/5565 2945/2893/5565 2916/2861/5565
f 2946/2894/5566 2888/2832/5566 2887/2850/5566
f 2947/2895/5567 2907/2833/5567 2934/2881/5567
f 2947/2895/5568 2877/2820/5568 2907/2833/5568
f 2948/2896/5569 2917/2851/5569 2877/2820/5569
f 2948/2896/5570 2927/2872/5570 2917/2851/5570
f 2949/2897/5571 2918/2862/5571 102/2873/5571
f 2950/2898/5572 2910/2855/5572 2918/2862/5572
f 2935/2883/5573 2929/2874/5573 2928/2863/5573
f 2929/2874/5574 2936/2884/5574 2879/2822/5574
f 2892/2836/5575 2982/2899/5575 2869/2812/5575
f 2951/2900/5576 2893/2837/5576 2869/2812/5576
f 2938/2885/5577 2952/2901/5577 2919/2865/5577
f 2952/2901/5578 2920/2866/5578 2919/2865/5578
f 2900/2842/5579 2953/2902/5579 2822/2762/5579
f 2953/2902/5580 2912/2857/5580 2822/2762/5580
f 2954/2887/5581 2955/2903/5581 2913/2858/5581
f 2955/2903/5582 2942/2888/5582 2913/2858/5582
f 2942/2888/5583 2882/2827/5583 2860/2805/5583
f 2956/2904/5584 2884/2829/5584 2924/2845/5584
f 2956/2904/5585 2957/2890/5585 2884/2829/5585
f 2958/2905/5586 2914/2859/5586 2903/2846/5586
f 2974/2906/5587 2926/2871/5587 2943/2879/5587
f 2905/2848/5588 2975/2907/5588 2906/2849/5588
f 2876/2819/5589 2959/2891/5589 2886/2831/5589
f 2945/2893/5590 2887/2850/5590 2916/2861/5590
f 2945/2893/5591 2960/2908/5591 2887/2850/5591
f 2946/2894/5592 2934/2881/5592 2888/2832/5592
f 2947/2895/5593 2948/2896/5593 2877/2820/5593
f 2948/2896/5594 2961/2909/5594 2927/2872/5594
f 2927/2872/5595 2909/2853/5595 2908/2852/5595
f 2909/2853/5596 101/2882/5596 2889/2854/5596
f 2949/2897/5597 2950/2898/5597 2918/2862/5597
f 2979/2910/5598 2929/2874/5598 2935/2883/5598
f 2962/2911/5599 2936/2884/5599 2929/2874/5599
f 2937/2864/5600 2964/2912/5600 2892/2836/5600
f 2964/2912/5601 2982/2899/5601 2892/2836/5601
f 2982/2899/5602 2951/2900/5602 2869/2812/5602
f 2952/2901/5603 2939/2867/5603 2920/2866/5603
f 2939/2867/5604 2965/2913/5604 2921/2856/5604
f 2985/2914/5605 2931/2877/5605 2921/2856/5605
f 2966/2915/5606 2940/2878/5606 2898/2826/5606
f 2940/2878/5607 2967/2916/5607 2900/2842/5607
f 2967/2916/5608 2953/2902/5608 2900/2842/5608
f 2941/2886/5609 2968/2917/5609 2901/2843/5609
f 2968/2917/5610 2954/2887/5610 2901/2843/5610
f 2969/2918/5611 2882/2827/5611 2942/2888/5611
f 2969/2918/5612 2970/2919/5612 2882/2827/5612
f 2970/2919/5613 2902/2844/5613 2882/2827/5613
f 2972/2920/5614 2883/2828/5614 2932/2889/5614
f 2972/2920/5615 2922/2868/5615 2883/2828/5615
f 2973/2921/5616 2924/2845/5616 2923/2869/5616
f 2914/2859/5617 2989/2922/5617 2925/2870/5617
f 2999/2923/5618 2943/2879/5618 2915/2860/5618
f 2933/2880/5619 2975/2907/5619 2905/2848/5619
f 2906/2849/5620 2959/2891/5620 2876/2819/5620
f 2934/2881/5621 2976/2924/5621 2947/2895/5621
f 2977/2925/5622 2909/2853/5622 2927/2872/5622
f 2909/2853/5623 103/2926/5623 101/2882/5623
f 2950/2898/5624 2978/2927/5624 2910/2855/5624
f 2978/2927/5625 2935/2883/5625 2910/2855/5625
f 2978/2927/5626 2979/2910/5626 2935/2883/5626
f 2979/2910/5627 2962/2911/5627 2929/2874/5627
f 2980/2928/5628 2937/2864/5628 2911/2875/5628
f 2981/2929/5629 2964/2912/5629 2937/2864/5629
f 2951/2900/5630 2983/2930/5630 2893/2837/5630
f 2983/2930/5631 2930/2876/5631 2893/2837/5631
f 2894/2838/5632 2938/2885/5632 2895/2839/5632
f 2984/2931/5633 2965/2913/5633 2939/2867/5633
f 2985/2914/5634 2898/2826/5634 2931/2877/5634
f 2985/2914/5635 2966/2915/5635 2898/2826/5635
f 2966/2915/5636 2986/2932/5636 2940/2878/5636
f 2986/2932/5637 2967/2916/5637 2940/2878/5637
f 2912/2857/5638 2987/2933/5638 2941/2886/5638
f 2970/2919/5639 2932/2889/5639 2902/2844/5639
f 2970/2919/5640 2971/2934/5640 2932/2889/5640
f 2971/2934/5641 2972/2920/5641 2932/2889/5641
f 2847/2791/5642 2988/2935/5642 2923/2869/5642
f 2973/2921/5643 2956/2904/5643 2924/2845/5643
f 2957/2890/5644 2958/2905/5644 2903/2846/5644
f 2958/2905/5645 2989/2922/5645 2914/2859/5645
f 2925/2870/5646 2999/2923/5646 2915/2860/5646
f 2999/2923/5647 2974/2906/5647 2943/2879/5647
f 2990/2936/5648 2933/2880/5648 2926/2871/5648
f 3000/2937/5649 2959/2891/5649 2906/2849/5649
f 3001/2938/5650 2944/2892/5650 2959/2891/5650
f 2960/2908/5651 2946/2894/5651 2887/2850/5651
f 2991/2939/5652 2976/2924/5652 2934/2881/5652
f 2976/2924/5653 2948/2896/5653 2947/2895/5653
f 2976/2924/5654 2961/2909/5654 2948/2896/5654
f 104/2940/5655 2949/2897/5655 102/2873/5655
f 2992/2941/5656 2950/2898/5656 2949/2897/5656
f 2993/2942/5657 2978/2927/5657 2950/2898/5657
f 2962/2911/5658 3007/2943/5658 2936/2884/5658
f 2936/2884/5659 2980/2928/5659 2911/2875/5659
f 2980/2928/5660 2963/2944/5660 2937/2864/5660
f 2963/2944/5661 2981/2929/5661 2937/2864/5661
f 3008/2945/5662 2982/2899/5662 2964/2912/5662
f 2938/2885/5663 3019/2946/5663 2952/2901/5663
f 2984/2931/5664 2939/2867/5664 2952/2901/5664
f 2965/2913/5665 2985/2914/5665 2921/2856/5665
f 2965/2913/5666 2994/2947/5666 2985/2914/5666
f 2987/2933/5667 2968/2917/5667 2941/2886/5667
f 2968/2917/5668 2955/2903/5668 2954/2887/5668
f 2995/2948/5669 2969/2918/5669 2942/2888/5669
f 2969/2918/5670 2996/2949/5670 2970/2919/5670
f 2998/2950/5671 2925/2870/5671 2989/2922/5671
f 2998/2950/5672 2999/2923/5672 2925/2870/5672
f 2990/2936/5673 2926/2871/5673 2974/2906/5673
f 3000/2937/5674 3001/2938/5674 2959/2891/5674
f 3001/2938/5675 3002/2951/5675 2944/2892/5675
f 3002/2951/5676 2945/2893/5676 2944/2892/5676
f 3012/2952/5677 2934/2881/5677 2946/2894/5677
f 3003/2953/5678 103/2926/5678 2909/2853/5678
f 3003/2953/5679 105/2954/5679 103/2926/5679
f 106/2955/5680 2949/2897/5680 104/2940/5680
f 106/2955/5681 3004/2956/5681 2949/2897/5681
f 3004/2956/5682 2992/2941/5682 2949/2897/5682
f 2992/2941/5683 2993/2942/5683 2950/2898/5683
f 2978/2927/5684 3005/2957/5684 2979/2910/5684
f 3005/2957/5685 2962/2911/5685 2979/2910/5685
f 3006/2958/5686 3007/2943/5686 2962/2911/5686
f 3008/2945/5687 2964/2912/5687 2981/2929/5687
f 2930/2876/5688 3018/2959/5688 2894/2838/5688
f 3018/2959/5689 2938/2885/5689 2894/2838/5689
f 3019/2946/5690 3009/2960/5690 2952/2901/5690
f 3009/2960/5691 2984/2931/5691 2952/2901/5691
f 2953/2902/5692 2987/2933/5692 2912/2857/5692
f 3010/2961/5693 2942/2888/5693 2955/2903/5693
f 3010/2961/5694 2995/2948/5694 2942/2888/5694
f 2988/2935/5695 2847/2791/5695 2922/2868/5695
f 2988/2935/5696 2973/2921/5696 2923/2869/5696
f 2997/2962/5697 2958/2905/5697 2957/2890/5697
f 2999/2923/5698 3011/2963/5698 2974/2906/5698
f 2975/2907/5699 3027/2964/5699 2906/2849/5699
f 3027/2964/5700 3000/2937/5700 2906/2849/5700
f 2960/2908/5701 3012/2952/5701 2946/2894/5701
f 3012/2952/5702 2991/2939/5702 2934/2881/5702
f 2991/2939/5703 3013/2965/5703 2976/2924/5703
f 2961/2909/5704 2977/2925/5704 2927/2872/5704
f 2977/2925/5705 3003/2953/5705 2909/2853/5705
f 2993/2942/5706 3005/2957/5706 2978/2927/5706
f 3005/2957/5707 3006/2958/5707 2962/2911/5707
f 3007/2943/5708 3014/2966/5708 2936/2884/5708
f 3014/2966/5709 2980/2928/5709 2936/2884/5709
f 3008/2945/5710 3015/2967/5710 2982/2899/5710
f 3016/2968/5711 2951/2900/5711 2982/2899/5711
f 3017/2969/5712 2930/2876/5712 2983/2930/5712
f 3017/2969/5713 3018/2959/5713 2930/2876/5713
f 3018/2959/5714 3019/2946/5714 2938/2885/5714
f 3009/2960/5715 3020/2970/5715 2984/2931/5715
f 3038/2971/5716 2968/2917/5716 2987/2933/5716
f 3022/2972/5717 2955/2903/5717 2968/2917/5717
f 2973/2921/5718 3024/2973/5718 2956/2904/5718
f 3024/2973/5719 2957/2890/5719 2956/2904/5719
f 3024/2973/5720 2997/2962/5720 2957/2890/5720
f 2997/2962/5721 3025/2974/5721 2958/2905/5721
f 3025/2974/5722 2989/2922/5722 2958/2905/5722
f 3042/2975/5723 2974/2906/5723 3011/2963/5723
f 3026/2976/5724 2975/2907/5724 2933/2880/5724
f 3028/2977/5725 2960/2908/5725 2945/2893/5725
f 3028/2977/5726 3012/2952/5726 2960/2908/5726
f 3029/2978/5727 2976/2924/5727 3013/2965/5727
f 3029/2978/5728 2961/2909/5728 2976/2924/5728
f 3004/2956/5729 3030/2979/5729 2992/2941/5729
f 3030/2979/5730 2993/2942/5730 2992/2941/5730
f 2993/2942/5731 3031/2980/5731 3005/2957/5731
f 3014/2966/5732 3032/2981/5732 2980/2928/5732
f 3032/2981/5733 3033/2982/5733 2980/2928/5733
f 3033/2982/5734 2963/2944/5734 2980/2928/5734
f 3033/2982/5735 3034/2983/5735 2963/2944/5735
f 3034/2983/5736 2981/2929/5736 2963/2944/5736
f 3034/2983/5737 3008/2945/5737 2981/2929/5737
f 3016/2968/5738 3035/2984/5738 2951/2900/5738
f 3035/2984/5739 2983/2930/5739 2951/2900/5739
f 3036/2985/5740 2965/2913/5740 2984/2931/5740
f 3036/2985/5741 2994/2947/5741 2965/2913/5741
f 3021/2986/5742 3037/2987/5742 2967/2916/5742
f 3037/2987/5743 2953/2902/5743 2967/2916/5743
f 2953/2902/5744 3038/2971/5744 2987/2933/5744
f 3039/2988/5745 2968/2917/5745 3038/2971/5745
f 3039/2988/5746 3022/2972/5746 2968/2917/5746
f 3022/2972/5747 3010/2961/5747 2955/2903/5747
f 3040/2989/5748 2971/2934/5748 2970/2919/5748
f 2988/2935/5749 3023/2990/5749 2973/2921/5749
f 3041/2991/5750 3011/2963/5750 2999/2923/5750
f 3041/2991/5751 3042/2975/5751 3011/2963/5751
f 3042/2975/5752 2990/2936/5752 2974/2906/5752
f 2990/2936/5753 3026/2976/5753 2933/2880/5753
f 3070/2992/5754 3043/2993/5754 3002/2951/5754
f 3043/2993/5755 2945/2893/5755 3002/2951/5755
f 3028/2977/5756 3044/2994/5756 3012/2952/5756
f 3012/2952/5757 3013/2965/5757 2991/2939/5757
f 3029/2978/5758 3046/2995/5758 2961/2909/5758
f 3047/2996/5759 2977/2925/5759 2961/2909/5759
f 3047/2996/5760 3003/2953/5760 2977/2925/5760
f 107/2997/5761 3004/2956/5761 106/2955/5761
f 107/2997/5762 3030/2979/5762 3004/2956/5762
f 3048/2998/5763 3007/2943/5763 3006/2958/5763
f 3048/2998/5764 3049/2999/5764 3007/2943/5764
f 3049/2999/5765 3014/2966/5765 3007/2943/5765
f 3050/3000/5766 3032/2981/5766 3014/2966/5766
f 3051/3001/5767 3008/2945/5767 3034/2983/5767
f 3051/3001/5768 3015/2967/5768 3008/2945/5768
f 3015/2967/5769 3052/3002/5769 2982/2899/5769
f 3052/3002/5770 3016/2968/5770 2982/2899/5770
f 3035/2984/5771 3017/2969/5771 2983/2930/5771
f 2985/2914/5772 3053/3003/5772 2966/2915/5772
f 3053/3003/5773 2986/2932/5773 2966/2915/5773
f 3053/3003/5774 3021/2986/5774 2986/2932/5774
f 3021/2986/5775 2967/2916/5775 2986/2932/5775
f 3037/2987/5776 3038/2971/5776 2953/2902/5776
f 3054/3004/5777 2995/2948/5777 3010/2961/5777
f 2969/2918/5778 2995/2948/5778 2996/2949/5778
f 2996/2949/5779 3040/2989/5779 2970/2919/5779
f 3023/2990/5780 3024/2973/5780 2973/2921/5780
f 3025/2974/5781 2998/2950/5781 2989/2922/5781
f 3026/2976/5782 3067/3005/5782 2975/2907/5782
f 3067/3005/5783 3027/2964/5783 2975/2907/5783
f 3001/2938/5784 3070/2992/5784 3002/2951/5784
f 3043/2993/5785 3028/2977/5785 2945/2893/5785
f 3056/3006/5786 3013/2965/5786 3012/2952/5786
f 3045/3007/5787 3029/2978/5787 3013/2965/5787
f 3046/2995/5788 3047/2996/5788 2961/2909/5788
f 3030/2979/5789 3057/3008/5789 2993/2942/5789
f 3057/3008/5790 3031/2980/5790 2993/2942/5790
f 3031/2980/5791 3006/2958/5791 3005/2957/5791
f 3049/2999/5792 3050/3000/5792 3014/2966/5792
f 3051/3001/5793 3058/3009/5793 3015/2967/5793
f 3078/3010/5794 3009/2960/5794 3019/2946/5794
f 3059/3011/5795 3020/2970/5795 3009/2960/5795
f 3020/2970/5796 3060/3012/5796 2984/2931/5796
f 3036/2985/5797 3061/3013/5797 2994/2947/5797
f 3061/3013/5798 2985/2914/5798 2994/2947/5798
f 3039/2988/5799 3062/3014/5799 3022/2972/5799
f 2995/2948/5800 3063/3015/5800 2996/2949/5800
f 3063/3015/5801 3040/2989/5801 2996/2949/5801
f 3040/2989/5802 3064/3016/5802 2971/2934/5802
f 3064/3016/5803 2972/2920/5803 2971/2934/5803
f 3065/3017/5804 2999/2923/5804 2998/2950/5804
f 3065/3017/5805 3066/3018/5805 2999/2923/5805
f 3066/3018/5806 3041/2991/5806 2999/2923/5806
f 3066/3018/5807 3042/2975/5807 3041/2991/5807
f 3027/2964/5808 3068/3019/5808 3000/2937/5808
f 3000/2937/5809 3069/3020/5809 3001/2938/5809
f 3071/3021/5810 3044/2994/5810 3028/2977/5810
f 3055/3022/5811 3056/3006/5811 3012/2952/5811
f 3056/3006/5812 3045/3007/5812 3013/2965/5812
f 3045/3007/5813 3072/3023/5813 3029/2978/5813
f 3072/3023/5814 3046/2995/5814 3029/2978/5814
f 3073/3024/5815 3003/2953/5815 3047/2996/5815
f 107/2997/5816 3057/3008/5816 3030/2979/5816
f 3074/3025/5817 3006/2958/5817 3031/2980/5817
f 3074/3025/5818 3049/2999/5818 3006/2958/5818
f 3049/2999/5819 3048/2998/5819 3006/2958/5819
f 3075/3026/5820 3032/2981/5820 3050/3000/5820
f 3034/2983/5821 3090/3027/5821 3051/3001/5821
f 3016/2968/5822 3076/3028/5822 3035/2984/5822
f 3035/2984/5823 3077/3029/5823 3017/2969/5823
f 3018/2959/5824 3078/3010/5824 3019/2946/5824
f 3078/3010/5825 3079/3030/5825 3009/2960/5825
f 3059/3011/5826 3060/3012/5826 3020/2970/5826
f 3060/3012/5827 3036/2985/5827 2984/2931/5827
f 3061/3013/5828 3053/3003/5828 2985/2914/5828
f 3080/3031/5829 3037/2987/5829 3021/2986/5829
f 3081/3032/5830 3039/2988/5830 3038/2971/5830
f 3082/3033/5831 3054/3004/5831 3010/2961/5831
f 3083/3034/5832 3063/3015/5832 2995/2948/5832
f 3084/3035/5833 3085/3036/5833 2922/2868/5833
f 3085/3036/5834 2988/2935/5834 2922/2868/5834
f 3094/3037/5835 3023/2990/5835 2988/2935/5835
f 3086/3038/5836 2997/2962/5836 3024/2973/5836
f 3066/3018/5837 2990/2936/5837 3042/2975/5837
f 2990/2936/5838 3067/3005/5838 3026/2976/5838
f 3068/3019/5839 3069/3020/5839 3000/2937/5839
f 3069/3020/5840 3070/2992/5840 3001/2938/5840
f 3043/2993/5841 3098/3039/5841 3028/2977/5841
f 3044/2994/5842 3055/3022/5842 3012/2952/5842
f 109/3040/5843 105/2954/5843 3003/2953/5843
f 3057/3008/5844 3087/3041/5844 3031/2980/5844
f 3075/3026/5845 3089/3042/5845 3032/2981/5845
f 3089/3042/5846 3033/2982/5846 3032/2981/5846
f 3090/3027/5847 3034/2983/5847 3033/2982/5847
f 3058/3009/5848 3052/3002/5848 3015/2967/5848
f 3058/3009/5849 3091/3043/5849 3052/3002/5849
f 3076/3028/5850 3016/2968/5850 3052/3002/5850
f 3077/3029/5851 3092/3044/5851 3017/2969/5851
f 3092/3044/5852 3018/2959/5852 3017/2969/5852
f 3079/3030/5853 3059/3011/5853 3009/2960/5853
f 3080/3031/5854 3021/2986/5854 3053/3003/5854
f 3037/2987/5855 3081/3032/5855 3038/2971/5855
f 3093/3045/5856 3062/3014/5856 3039/2988/5856
f 3054/3004/5857 3083/3034/5857 2995/2948/5857
f 3110/3046/5858 3064/3016/5858 3040/2989/5858
f 3064/3016/5859 3084/3035/5859 2972/2920/5859
f 3084/3035/5860 2922/2868/5860 2972/2920/5860
f 3085/3036/5861 3094/3037/5861 2988/2935/5861
f 3112/3047/5862 2998/2950/5862 3025/2974/5862
f 3112/3047/5863 3065/3017/5863 2998/2950/5863
f 3095/3048/5864 2990/2936/5864 3066/3018/5864
f 3095/3048/5865 3067/3005/5865 2990/2936/5865
f 3096/3049/5866 3027/2964/5866 3067/3005/5866
f 3097/3050/5867 3043/2993/5867 3070/2992/5867
f 3098/3039/5868 3071/3021/5868 3028/2977/5868
f 3072/3023/5869 3099/3051/5869 3046/2995/5869
f 3099/3051/5870 3047/2996/5870 3046/2995/5870
f 3073/3024/5871 109/3040/5871 3003/2953/5871
f 108/3052/5872 3057/3008/5872 107/2997/5872
f 3087/3041/5873 3074/3025/5873 3031/2980/5873
f 3074/3025/5874 3088/3053/5874 3049/2999/5874
f 3101/3054/5875 3075/3026/5875 3050/3000/5875
f 3101/3054/5876 3102/3055/5876 3075/3026/5876
f 3102/3055/5877 3089/3042/5877 3075/3026/5877
f 3089/3042/5878 3090/3027/5878 3033/2982/5878
f 3090/3027/5879 3103/3056/5879 3051/3001/5879
f 3103/3056/5880 3058/3009/5880 3051/3001/5880
f 3091/3043/5881 3076/3028/5881 3052/3002/5881
f 3091/3043/5882 3105/3057/5882 3076/3028/5882
f 3106/3058/5883 3035/2984/5883 3076/3028/5883
f 3079/3030/5884 3060/3012/5884 3059/3011/5884
f 3107/3059/5885 3061/3013/5885 3036/2985/5885
f 3108/3060/5886 3053/3003/5886 3061/3013/5886
f 3081/3032/5887 3093/3045/5887 3039/2988/5887
f 3062/3014/5888 3109/3061/5888 3022/2972/5888
f 3109/3061/5889 3010/2961/5889 3022/2972/5889
f 3109/3061/5890 3082/3033/5890 3010/2961/5890
f 3063/3015/5891 3110/3046/5891 3040/2989/5891
f 3023/2990/5892 3086/3038/5892 3024/2973/5892
f 3111/3062/5893 2997/2962/5893 3086/3038/5893
f 2997/2962/5894 3112/3047/5894 3025/2974/5894
f 3113/3063/5895 3065/3017/5895 3112/3047/5895
f 3114/3064/5896 3067/3005/5896 3095/3048/5896
f 3114/3064/5897 3096/3049/5897 3067/3005/5897
f 3096/3049/5898 3068/3019/5898 3027/2964/5898
f 3097/3050/5899 3070/2992/5899 3069/3020/5899
f 3071/3021/5900 3055/3022/5900 3044/2994/5900
f 3115/3065/5901 3056/3006/5901 3055/3022/5901
f 3116/3066/5902 3056/3006/5902 3115/3065/5902
f 3116/3066/5903 3045/3007/5903 3056/3006/5903
f 3116/3066/5904 3072/3023/5904 3045/3007/5904
f 3117/3067/5905 3073/3024/5905 3047/2996/5905
f 3118/3068/5906 109/3040/5906 3073/3024/5906
f 110/3069/5907 3087/3041/5907 108/3052/5907
f 3087/3041/5908 3057/3008/5908 108/3052/5908
f 3087/3041/5909 3100/3070/5909 3074/3025/5909
f 3100/3070/5910 3088/3053/5910 3074/3025/5910
f 3088/3053/5911 3101/3054/5911 3049/2999/5911
f 3101/3054/5912 3050/3000/5912 3049/2999/5912
f 3103/3056/5913 3104/3071/5913 3058/3009/5913
f 3104/3071/5914 3091/3043/5914 3058/3009/5914
f 3119/3072/5915 3105/3057/5915 3091/3043/5915
f 3105/3057/5916 3106/3058/5916 3076/3028/5916
f 3106/3058/5917 3077/3029/5917 3035/2984/5917
f 3078/3010/5918 3018/2959/5918 3092/3044/5918
f 3107/3059/5919 3121/3073/5919 3061/3013/5919
f 3108/3060/5920 3080/3031/5920 3053/3003/5920
f 3081/3032/5921 3122/3074/5921 3093/3045/5921
f 3093/3045/5922 3109/3061/5922 3062/3014/5922
f 3083/3034/5923 3123/3075/5923 3063/3015/5923
f 3110/3046/5924 3124/3076/5924 3064/3016/5924
f 3111/3062/5925 3112/3047/5925 2997/2962/5925
f 3117/3067/5926 3047/2996/5926 3099/3051/5926
f 3118/3068/5927 3073/3024/5927 3117/3067/5927
f 3126/3077/5928 3101/3054/5928 3088/3053/5928
f 3103/3056/5929 3158/3078/5929 3104/3071/5929
f 3127/3079/5930 3106/3058/5930 3105/3057/5930
f 3078/3010/5931 3120/3080/5931 3079/3030/5931
f 3120/3080/5932 3060/3012/5932 3079/3030/5932
f 3121/3073/5933 3108/3060/5933 3061/3013/5933
f 3122/3074/5934 3109/3061/5934 3093/3045/5934
f 3083/3034/5935 3054/3004/5935 3082/3033/5935
f 3123/3075/5936 3110/3046/5936 3063/3015/5936
f 3084/3035/5937 3129/3081/5937 3085/3036/5937
f 3113/3063/5938 3130/3082/5938 3065/3017/5938
f 3131/3083/5939 3114/3064/5939 3095/3048/5939
f 3132/3084/5940 3096/3049/5940 3114/3064/5940
f 3132/3084/5941 3068/3019/5941 3096/3049/5941
f 3132/3084/5942 3133/3085/5942 3068/3019/5942
f 3133/3085/5943 3069/3020/5943 3068/3019/5943
f 3134/3086/5944 3097/3050/5944 3069/3020/5944
f 3097/3050/5945 3098/3039/5945 3043/2993/5945
f 3116/3066/5946 3135/3087/5946 3072/3023/5946
f 3135/3087/5947 3099/3051/5947 3072/3023/5947
f 3136/3088/5948 3100/3070/5948 3087/3041/5948
f 3137/3089/5949 3101/3054/5949 3126/3077/5949
f 3137/3089/5950 3102/3055/5950 3101/3054/5950
f 3089/3042/5951 3138/3090/5951 3090/3027/5951
f 3138/3090/5952 3103/3056/5952 3090/3027/5952
f 3104/3071/5953 3119/3072/5953 3091/3043/5953
f 3119/3072/5954 3127/3079/5954 3105/3057/5954
f 3127/3079/5955 3139/3091/5955 3106/3058/5955
f 3139/3091/5956 3077/3029/5956 3106/3058/5956
f 3077/3029/5957 3139/3091/5957 3092/3044/5957
f 3140/3092/5958 3078/3010/5958 3092/3044/5958
f 3159/3093/5959 3120/3080/5959 3078/3010/5959
f 3120/3080/5960 3141/3094/5960 3060/3012/5960
f 3141/3094/5961 3107/3059/5961 3060/3012/5961
f 3107/3059/5962 3036/2985/5962 3060/3012/5962
f 3143/3095/5963 3144/3096/5963 3080/3031/5963
f 3144/3096/5964 3037/2987/5964 3080/3031/5964
f 3037/2987/5965 3144/3096/5965 3081/3032/5965
f 3144/3096/5966 3128/3097/5966 3081/3032/5966
f 3128/3097/5967 3122/3074/5967 3081/3032/5967
f 3145/3098/5968 3146/3099/5968 3082/3033/5968
f 3146/3099/5969 3083/3034/5969 3082/3033/5969
f 3146/3099/5970 3123/3075/5970 3083/3034/5970
f 3123/3075/5971 3147/3100/5971 3110/3046/5971
f 3129/3081/5972 3094/3037/5972 3085/3036/5972
f 3161/3101/5973 3086/3038/5973 3023/2990/5973
f 3125/3102/5974 3111/3062/5974 3086/3038/5974
f 3125/3102/5975 3148/3103/5975 3111/3062/5975
f 3130/3082/5976 3066/3018/5976 3065/3017/5976
f 3149/3104/5977 3131/3083/5977 3066/3018/5977
f 3131/3083/5978 3095/3048/5978 3066/3018/5978
f 3150/3105/5979 3132/3084/5979 3114/3064/5979
f 3151/3106/5980 3071/3021/5980 3098/3039/5980
f 3152/3107/5981 3055/3022/5981 3071/3021/5981
f 3055/3022/5982 3153/3108/5982 3115/3065/5982
f 3153/3108/5983 3116/3066/5983 3115/3065/5983
f 3154/3109/5984 3135/3087/5984 3116/3066/5984
f 3135/3087/5985 3117/3067/5985 3099/3051/5985
f 3155/3110/5986 3118/3068/5986 3117/3067/5986
f 3118/3068/5987 111/3111/5987 109/3040/5987
f 3136/3088/5988 3156/3112/5988 3100/3070/5988
f 3102/3055/5989 3157/3113/5989 3089/3042/5989
f 3157/3113/5990 3138/3090/5990 3089/3042/5990
f 3158/3078/5991 3119/3072/5991 3104/3071/5991
f 3108/3060/5992 3142/3114/5992 3080/3031/5992
f 3142/3114/5993 3143/3095/5993 3080/3031/5993
f 3184/3115/5994 3122/3074/5994 3128/3097/5994
f 3145/3098/5995 3082/3033/5995 3109/3061/5995
f 3064/3016/5996 3160/3116/5996 3084/3035/5996
f 3160/3116/5997 3129/3081/5997 3084/3035/5997
f 3161/3101/5998 3023/2990/5998 3094/3037/5998
f 3161/3101/5999 3125/3102/5999 3086/3038/5999
f 3162/3117/6000 3113/3063/6000 3112/3047/6000
f 3130/3082/6001 3149/3104/6001 3066/3018/6001
f 3131/3083/6002 3176/3118/6002 3114/3064/6002
f 3176/3118/6003 3150/3105/6003 3114/3064/6003
f 3133/3085/6004 3134/3086/6004 3069/3020/6004
f 3152/3107/6005 3153/3108/6005 3055/3022/6005
f 3163/3119/6006 3117/3067/6006 3135/3087/6006
f 3164/3120/6007 3117/3067/6007 3163/3119/6007
f 3164/3120/6008 3155/3110/6008 3117/3067/6008
f 3155/3110/6009 111/3111/6009 3118/3068/6009
f 112/3121/6010 3087/3041/6010 110/3069/6010
f 3138/3090/6011 3158/3078/6011 3103/3056/6011
f 3165/3122/6012 3127/3079/6012 3119/3072/6012
f 3166/3123/6013 3167/3124/6013 3127/3079/6013
f 3167/3124/6014 3139/3091/6014 3127/3079/6014
f 3139/3091/6015 3168/3125/6015 3092/3044/6015
f 3168/3125/6016 3140/3092/6016 3092/3044/6016
f 3140/3092/6017 3169/3126/6017 3078/3010/6017
f 3169/3126/6018 3159/3093/6018 3078/3010/6018
f 3170/3127/6019 3141/3094/6019 3120/3080/6019
f 3171/3128/6020 3107/3059/6020 3141/3094/6020
f 3121/3073/6021 3142/3114/6021 3108/3060/6021
f 3146/3099/6022 3188/3129/6022 3123/3075/6022
f 3147/3100/6023 3173/3130/6023 3110/3046/6023
f 3160/3116/6024 3064/3016/6024 3124/3076/6024
f 3174/3131/6025 3094/3037/6025 3129/3081/6025
f 3174/3131/6026 3161/3101/6026 3094/3037/6026
f 3175/3132/6027 3111/3062/6027 3148/3103/6027
f 3111/3062/6028 3162/3117/6028 3112/3047/6028
f 3151/3106/6029 3152/3107/6029 3071/3021/6029
f 3177/3133/6030 3135/3087/6030 3154/3109/6030
f 3177/3133/6031 3178/3134/6031 3135/3087/6031
f 3178/3134/6032 3164/3120/6032 3163/3119/6032
f 112/3121/6033 3136/3088/6033 3087/3041/6033
f 3224/3135/6034 3088/3053/6034 3100/3070/6034
f 3179/3136/6035 3157/3113/6035 3102/3055/6035
f 3180/3137/6036 3138/3090/6036 3157/3113/6036
f 3165/3122/6037 3166/3123/6037 3127/3079/6037
f 3167/3124/6038 3181/3138/6038 3139/3091/6038
f 3219/3139/6039 3169/3126/6039 3140/3092/6039
f 3159/3093/6040 3170/3127/6040 3120/3080/6040
f 3170/3127/6041 3171/3128/6041 3141/3094/6041
f 3171/3128/6042 3182/3140/6042 3107/3059/6042
f 3107/3059/6043 3182/3140/6043 3121/3073/6043
f 3183/3141/6044 3142/3114/6044 3121/3073/6044
f 3172/3142/6045 3144/3096/6045 3143/3095/6045
f 3172/3142/6046 3128/3097/6046 3144/3096/6046
f 3184/3115/6047 3185/3143/6047 3122/3074/6047
f 3185/3143/6048 3109/3061/6048 3122/3074/6048
f 3185/3143/6049 3186/3144/6049 3109/3061/6049
f 3186/3144/6050 3145/3098/6050 3109/3061/6050
f 3187/3145/6051 3146/3099/6051 3145/3098/6051
f 3187/3145/6052 3188/3129/6052 3146/3099/6052
f 3188/3129/6053 3147/3100/6053 3123/3075/6053
f 3190/3146/6054 3173/3130/6054 3147/3100/6054
f 3173/3130/6055 3124/3076/6055 3110/3046/6055
f 3175/3132/6056 3162/3117/6056 3111/3062/6056
f 3149/3104/6057 3176/3118/6057 3131/3083/6057
f 3191/3147/6058 3133/3085/6058 3132/3084/6058
f 3192/3148/6059 3134/3086/6059 3133/3085/6059
f 3097/3050/6060 3193/3149/6060 3098/3039/6060
f 3193/3149/6061 3151/3106/6061 3098/3039/6061
f 3154/3109/6062 3116/3066/6062 3153/3108/6062
f 3155/3110/6063 3204/3150/6063 111/3111/6063
f 3194/3151/6064 3126/3077/6064 3088/3053/6064
f 3194/3151/6065 3195/3152/6065 3126/3077/6065
f 3195/3152/6066 3137/3089/6066 3126/3077/6066
f 3195/3152/6067 3102/3055/6067 3137/3089/6067
f 3180/3137/6068 3196/3153/6068 3138/3090/6068
f 3196/3153/6069 3158/3078/6069 3138/3090/6069
f 3158/3078/6070 3196/3153/6070 3119/3072/6070
f 3196/3153/6071 3165/3122/6071 3119/3072/6071
f 3166/3123/6072 3197/3154/6072 3167/3124/6072
f 3181/3138/6073 3168/3125/6073 3139/3091/6073
f 3172/3142/6074 3184/3115/6074 3128/3097/6074
f 3198/3155/6075 3147/3100/6075 3188/3129/6075
f 3189/3156/6076 3190/3146/6076 3147/3100/6076
f 3173/3130/6077 3160/3116/6077 3124/3076/6077
f 3162/3117/6078 3130/3082/6078 3113/3063/6078
f 3200/3157/6079 3150/3105/6079 3176/3118/6079
f 3191/3147/6080 3132/3084/6080 3150/3105/6080
f 3191/3147/6081 3192/3148/6081 3133/3085/6081
f 3201/3158/6082 3097/3050/6082 3134/3086/6082
f 3152/3107/6083 3212/3159/6083 3153/3108/6083
f 3212/3159/6084 3202/3160/6084 3153/3108/6084
f 3202/3160/6085 3154/3109/6085 3153/3108/6085
f 3178/3134/6086 3163/3119/6086 3135/3087/6086
f 3203/3161/6087 3155/3110/6087 3164/3120/6087
f 3205/3162/6088 3136/3088/6088 112/3121/6088
f 3205/3162/6089 3156/3112/6089 3136/3088/6089
f 3195/3152/6090 3179/3136/6090 3102/3055/6090
f 3179/3136/6091 3180/3137/6091 3157/3113/6091
f 3179/3136/6092 3206/3163/6092 3180/3137/6092
f 3197/3154/6093 3181/3138/6093 3167/3124/6093
f 3169/3126/6094 3207/3164/6094 3159/3093/6094
f 3208/3165/6095 3170/3127/6095 3159/3093/6095
f 3209/3166/6096 3171/3128/6096 3170/3127/6096
f 3183/3141/6097 3121/3073/6097 3182/3140/6097
f 3184/3115/6098 150/3167/6098 3185/3143/6098
f 3186/3144/6099 3187/3145/6099 3145/3098/6099
f 3198/3155/6100 3189/3156/6100 3147/3100/6100
f 3160/3116/6101 3210/3168/6101 3129/3081/6101
f 3129/3081/6102 3210/3168/6102 3174/3131/6102
f 164/3169/6103 3125/3102/6103 3161/3101/6103
f 164/3169/6104 3211/3170/6104 3125/3102/6104
f 3211/3170/6105 3148/3103/6105 3125/3102/6105
f 3199/3171/6106 3130/3082/6106 3162/3117/6106
f 3200/3157/6107 3191/3147/6107 3150/3105/6107
f 3223/3172/6108 3192/3148/6108 3191/3147/6108
f 3192/3148/6109 3201/3158/6109 3134/3086/6109
f 3151/3106/6110 3212/3159/6110 3152/3107/6110
f 3203/3161/6111 3213/3173/6111 3155/3110/6111
f 3213/3173/6112 3204/3150/6112 3155/3110/6112
f 3204/3150/6113 113/3174/6113 111/3111/6113
f 3224/3135/6114 3229/3175/6114 3088/3053/6114
f 3229/3175/6115 3194/3151/6115 3088/3053/6115
f 3194/3151/6116 3214/3176/6116 3195/3152/6116
f 3214/3176/6117 3179/3136/6117 3195/3152/6117
f 3214/3176/6118 3206/3163/6118 3179/3136/6118
f 3215/3177/6119 3196/3153/6119 3180/3137/6119
f 3215/3177/6120 3216/3178/6120 3196/3153/6120
f 3217/3179/6121 3166/3123/6121 3165/3122/6121
f 3197/3154/6122 3218/3180/6122 3181/3138/6122
f 3218/3180/6123 3168/3125/6123 3181/3138/6123
f 3218/3180/6124 3140/3092/6124 3168/3125/6124
f 3219/3139/6125 3207/3164/6125 3169/3126/6125
f 3207/3164/6126 3208/3165/6126 3159/3093/6126
f 3208/3165/6127 3209/3166/6127 3170/3127/6127
f 3220/3181/6128 3171/3128/6128 3209/3166/6128
f 3221/3182/6129 3142/3114/6129 3183/3141/6129
f 145/3183/6130 3172/3142/6130 3143/3095/6130
f 145/3183/6131 147/3184/6131 3172/3142/6131
f 147/3184/6132 3184/3115/6132 3172/3142/6132
f 151/3185/6133 3186/3144/6133 3185/3143/6133
f 155/3186/6134 3188/3129/6134 3187/3145/6134
f 155/3186/6135 3198/3155/6135 3188/3129/6135
f 3198/3155/6136 3190/3146/6136 3189/3156/6136
f 157/3187/6137 3173/3130/6137 3190/3146/6137
f 3210/3168/6138 163/3188/6138 3174/3131/6138
f 163/3188/6139 3161/3101/6139 3174/3131/6139
f 168/3189/6140 3162/3117/6140 3175/3132/6140
f 3222/3190/6141 3149/3104/6141 3130/3082/6141
f 3200/3157/6142 179/3191/6142 3191/3147/6142
f 3201/3158/6143 3193/3149/6143 3097/3050/6143
f 188/3192/6144 3212/3159/6144 3151/3106/6144
f 3202/3160/6145 193/3193/6145 3154/3109/6145
f 3178/3134/6146 3203/3161/6146 3164/3120/6146
f 114/3194/6147 3205/3162/6147 112/3121/6147
f 3205/3162/6148 3100/3070/6148 3156/3112/6148
f 3205/3162/6149 3224/3135/6149 3100/3070/6149
f 3225/3195/6150 3194/3151/6150 3229/3175/6150
f 3206/3163/6151 3226/3196/6151 3180/3137/6151
f 3226/3196/6152 3215/3177/6152 3180/3137/6152
f 3227/3197/6153 3196/3153/6153 3216/3178/6153
f 126/3198/6154 3217/3179/6154 3165/3122/6154
f 3217/3179/6155 127/3199/6155 3166/3123/6155
f 127/3199/6156 3197/3154/6156 3166/3123/6156
f 3218/3180/6157 3219/3139/6157 3140/3092/6157
f 3228/3200/6158 3209/3166/6158 3208/3165/6158
f 3228/3200/6159 3220/3181/6159 3209/3166/6159
f 3220/3181/6160 3182/3140/6160 3171/3128/6160
f 139/3201/6161 3183/3141/6161 3182/3140/6161
f 139/3201/6162 141/3202/6162 3183/3141/6162
f 141/3202/6163 3221/3182/6163 3183/3141/6163
f 3142/3114/6164 145/3183/6164 3143/3095/6164
f 150/3167/6165 3184/3115/6165 147/3184/6165
f 150/3167/6166 151/3185/6166 3185/3143/6166
f 153/3203/6167 3187/3145/6167 3186/3144/6167
f 157/3187/6168 3190/3146/6168 3198/3155/6168
f 157/3187/6169 159/3204/6169 3173/3130/6169
f 159/3204/6170 3160/3116/6170 3173/3130/6170
f 160/3205/6171 3210/3168/6171 3160/3116/6171
f 168/3189/6172 3199/3171/6172 3162/3117/6172
f 3149/3104/6173 176/3206/6173 3176/3118/6173
f 176/3206/6174 3200/3157/6174 3176/3118/6174
f 177/3207/6175 179/3191/6175 3200/3157/6175
f 3223/3172/6176 181/3208/6176 3192/3148/6176
f 185/3209/6177 3193/3149/6177 3201/3158/6177
f 188/3192/6178 3151/3106/6178 3193/3149/6178
f 190/3210/6179 3202/3160/6179 3212/3159/6179
f 193/3193/6180 3177/3133/6180 3154/3109/6180
f 195/3211/6181 3178/3134/6181 3177/3133/6181
f 195/3211/6182 3203/3161/6182 3178/3134/6182
f 198/3212/6183 3213/3173/6183 3203/3161/6183
f 3213/3173/6184 200/3213/6184 3204/3150/6184
f 114/3194/6185 117/3214/6185 3205/3162/6185
f 117/3214/6186 3224/3135/6186 3205/3162/6186
f 3225/3195/6187 3214/3176/6187 3194/3151/6187
f 3225/3195/6188 3230/3215/6188 3214/3176/6188
f 3230/3215/6189 3206/3163/6189 3214/3176/6189
f 3226/3196/6190 3216/3178/6190 3215/3177/6190
f 3227/3197/6191 3165/3122/6191 3196/3153/6191
f 127/3199/6192 3218/3180/6192 3197/3154/6192
f 139/3201/6193 3182/3140/6193 3220/3181/6193
f 3221/3182/6194 143/3216/6194 3142/3114/6194
f 143/3216/6195 145/3183/6195 3142/3114/6195
f 155/3186/6196 3187/3145/6196 153/3203/6196
f 163/3188/6197 164/3169/6197 3161/3101/6197
f 165/3217/6198 3211/3170/6198 164/3169/6198
f 165/3217/6199 3148/3103/6199 3211/3170/6199
f 3148/3103/6200 168/3189/6200 3175/3132/6200
f 3199/3171/6201 3222/3190/6201 3130/3082/6201
f 176/3206/6202 177/3207/6202 3200/3157/6202
f 179/3191/6203 3223/3172/6203 3191/3147/6203
f 184/3218/6204 3192/3148/6204 181/3208/6204
f 184/3218/6205 3201/3158/6205 3192/3148/6205
f 190/3210/6206 3212/3159/6206 188/3192/6206
f 193/3193/6207 195/3211/6207 3177/3133/6207
f 195/3211/6208 198/3212/6208 3203/3161/6208
f 198/3212/6209 200/3213/6209 3213/3173/6209
f 200/3213/6210 113/3174/6210 3204/3150/6210
f 115/3219/6211 117/3214/6211 114/3194/6211
f 117/3214/6212 3229/3175/6212 3224/3135/6212
f 117/3214/6213 119/3220/6213 3229/3175/6213
f 119/3220/6214 3225/3195/6214 3229/3175/6214
f 119/3220/6215 3230/3215/6215 3225/3195/6215
f 119/3220/6216 121/3221/6216 3230/3215/6216
f 121/3221/6217 3206/3163/6217 3230/3215/6217
f 121/3221/6218 3226/3196/6218 3206/3163/6218
f 121/3221/6219 123/3222/6219 3226/3196/6219
f 123/3222/6220 3216/3178/6220 3226/3196/6220
f 123/3222/6221 124/3223/6221 3216/3178/6221
f 124/3223/6222 3227/3197/6222 3216/3178/6222
f 124/3223/6223 3165/3122/6223 3227/3197/6223
f 124/3223/6224 126/3198/6224 3165/3122/6224
f 126/3198/6225 127/3199/6225 3217/3179/6225
f 127/3199/6226 129/3224/6226 3218/3180/6226
f 129/3224/6227 131/3225/6227 3218/3180/6227
f 131/3225/6228 3219/3139/6228 3218/3180/6228
f 131/3225/6229 132/3226/6229 3219/3139/6229
f 132/3226/6230 3207/3164/6230 3219/3139/6230
f 132/3226/6231 134/3227/6231 3207/3164/6231
f 134/3227/6232 3208/3165/6232 3207/3164/6232
f 134/3227/6233 136/3228/6233 3208/3165/6233
f 136/3228/6234 3228/3200/6234 3208/3165/6234
f 136/3228/6235 137/3229/6235 3228/3200/6235
f 137/3229/6236 3220/3181/6236 3228/3200/6236
f 137/3229/6237 139/3201/6237 3220/3181/6237
f 141/3202/6238 143/3216/6238 3221/3182/6238
f 151/3185/6239 153/3203/6239 3186/3144/6239
f 155/3186/6240 157/3187/6240 3198/3155/6240
f 159/3204/6241 160/3205/6241 3160/3116/6241
f 165/3217/6242 168/3189/6242 3148/3103/6242
f 3222/3190/6243 176/3206/6243 3149/3104/6243
f 179/3191/6244 181/3208/6244 3223/3172/6244
f 184/3218/6245 185/3209/6245 3201/3158/6245
f 185/3209/6246 188/3192/6246 3193/3149/6246
f 190/3210/6247 193/3193/6247 3202/3160/6247
f 116/3230/6248 113/3174/6248 200/3213/6248
