# Blender 4.5.2 LTS
# www.blender.org
mtllib merged_model_12_4.mtl
o merged_model_12_4
v -250.005875 250.033508 600.416321
v 249.986862 250.030319 464.058380
v 249.994186 234.656235 455.251648
v -250.012421 240.273392 596.562439
v -250.001480 231.657272 593.733948
v 250.021881 229.353302 453.950958
v -249.995865 215.495865 587.704041
v 250.004608 215.042908 449.553131
v -250.002701 206.449524 585.347107
v 250.009964 208.447617 446.839996
v -249.955597 200.290161 584.621643
v 250.022598 198.020798 446.601379
v -250.045090 186.220871 580.653992
v 249.974060 184.771408 449.475677
v -249.978622 169.674683 576.103394
v 250.016220 177.665009 449.391815
v 249.984787 161.517227 450.631653
v -249.966476 152.504807 572.288818
v 249.999283 145.024399 451.490204
v -250.004318 144.658005 568.667542
v 249.994843 135.809067 451.363281
v -250.030182 128.608292 563.858826
v 250.005280 122.618759 448.061096
v -249.972778 117.440712 560.377014
v 250.002884 110.532066 441.909576
v -249.999466 103.800926 558.064087
v 250.029358 102.107986 439.049591
v -249.948273 90.000153 557.491760
v 250.025528 83.772392 429.615601
v -249.945374 86.756546 556.354858
v -250.000702 82.488220 556.339600
v -250.023087 72.851944 555.018188
v 249.958344 70.779877 428.120728
v -249.997482 65.192627 553.152832
v 250.008453 61.804226 424.771545
v -249.982956 56.899967 552.063354
v 249.967636 50.543045 421.819489
v -250.002853 45.609852 549.419067
v 250.157593 46.371651 421.558502
v -250.065155 40.494591 549.976685
v 249.991119 37.186817 422.559326
v -249.907135 37.024849 550.248352
v -249.898376 33.759754 547.502319
v -249.993042 30.182541 546.500977
v 249.999588 28.410299 421.477264
v -250.466019 27.869883 544.930542
v -250.071686 23.673359 544.594482
v 250.006500 19.441986 418.260895
v -249.969025 16.670216 542.284729
v -250.277695 10.287768 540.414856
v 249.982971 1.608252 409.287140
v -249.999435 2.119670 539.396179
v 250.004852 -7.316712 409.145294
v -250.077881 -9.222986 539.797546
v -250.004868 -13.656801 537.952087
v 250.004288 -19.003510 407.957092
v -250.155884 -22.031878 538.328979
v 249.987625 -21.993713 406.102814
v -250.062149 -24.035059 538.922363
v -249.994064 -29.341639 537.833069
v 249.994080 -32.244469 401.181458
v 249.950317 -40.169483 394.194977
v -250.022491 -40.301788 538.598633
v 250.024826 -43.913933 393.097626
v -249.998627 -49.910667 539.750671
v 250.182968 -48.522148 391.009338
v 249.996292 -54.079155 389.321594
v -250.003983 -59.846550 539.663513
v 250.017654 -60.873730 387.199554
v -249.945908 -65.990997 541.160217
v 250.004562 -65.154266 384.969116
v -249.944626 -70.210388 540.937805
v 250.031128 -73.616776 382.696594
v -250.074295 -77.061462 541.176575
v 249.996628 -80.199837 382.604706
v -250.040649 -83.348091 540.392395
v 250.012192 -89.011627 380.491119
v -250.010040 -91.582062 539.365845
v -249.996429 -95.580605 539.384094
v 249.962601 -97.386116 380.872711
v -249.982681 -105.397881 538.132935
v 249.947144 -101.778748 379.138153
v 250.020004 -108.161125 378.167084
v -249.954926 -110.113838 537.050659
v 249.969177 -112.882942 377.588104
v -250.147568 -116.418098 536.979004
v -250.002411 -120.099289 535.939697
v 250.055511 -121.916389 375.439148
v -249.968018 -125.929428 534.419983
v 250.011536 -130.601974 376.831818
v -250.002777 -131.459976 533.361938
v -250.004166 -137.728867 531.079651
v 250.021347 -137.985458 377.039581
v -249.972931 -145.906494 530.602905
v -249.967377 -155.620804 530.068848
v 250.060272 -154.008209 374.800995
v -250.004135 -167.381378 529.337402
v 250.015030 -164.614594 374.070251
v 250.018524 -179.315247 373.187134
v -249.850967 -171.740509 529.337036
v -249.941177 -180.498108 526.112000
v -250.010071 -185.951584 523.166260
v -250.012283 -192.145981 520.918152
v -250.016312 -201.453247 519.183594
v 250.016510 -206.705460 370.702698
v -249.847412 -208.159851 518.194458
v -250.076721 -213.920486 514.691956
v 250.001343 -223.523941 368.998108
v -249.965210 -218.092422 512.983521
v -250.059250 -222.329880 509.608612
v -249.972351 -233.792511 503.946930
v 249.998596 -233.947815 366.544312
v 250.022903 -239.758011 364.808075
v -249.989838 -242.004364 504.499420
v 250.024796 -245.193634 366.153687
v -249.969254 -249.993027 501.368011
v 250.008224 -250.007126 365.594513
v -245.524506 250.012756 600.135010
v -242.129242 250.092224 600.201721
v -237.743759 250.017441 599.176880
v -231.355957 250.043015 599.216064
v -227.931320 -250.044724 500.317047
v -220.523315 250.020645 595.309570
v -221.477325 -249.997131 499.038269
v -211.273651 250.012604 592.120789
v -209.080505 -250.035019 492.887573
v -203.960190 250.038177 588.698608
v -204.305634 -250.083664 489.195282
v -200.899078 -249.912994 488.680389
v -195.806870 250.051743 584.498657
v -196.000015 -250.000015 485.765991
v -191.247940 -250.177765 480.607666
v -189.504807 249.966827 581.116211
v -186.090683 -249.970901 480.428650
v -176.858368 250.012100 576.211853
v -183.546234 -249.949661 479.240692
v -175.509033 -250.039520 474.715790
v -171.087173 -250.000351 470.887482
v -166.184174 -249.862793 468.045227
v -160.851776 250.003052 575.236755
v -156.138947 -250.003418 463.579651
v -146.799210 -249.979446 459.290436
v -148.107483 250.009476 575.832397
v -138.191742 -250.056595 455.773163
v -134.862152 -249.975067 455.062073
v -128.910263 -249.998138 452.385010
v -128.288284 250.002960 576.466919
v -120.995529 -249.951309 448.864014
v -114.290215 249.993927 574.588379
v -114.628090 -250.013962 446.128815
v -101.938850 -249.990692 437.820496
v -98.553345 250.052689 570.059387
v -93.075233 -250.013168 434.280304
v -83.291557 250.030182 563.387146
v -82.221390 -249.986069 429.245728
v -67.298920 250.015076 558.910950
v -72.024590 -249.971802 426.016541
v -60.772633 -250.009811 422.175293
v -59.262074 249.995834 556.626892
v -51.279682 -250.037155 420.691193
v -38.287014 250.008881 543.336975
v -36.688690 -249.956238 415.661621
v -33.753410 249.977249 543.542480
v -28.405476 250.043030 539.583130
v -28.728352 -250.017136 413.672424
v -24.625570 -250.063324 414.125336
v -20.484232 250.007828 538.119202
v -16.127428 250.061813 538.473511
v -15.973713 -250.009155 411.142975
v -14.000001 250.000015 539.427551
v -11.241599 -250.004791 410.611328
v -11.074649 249.993896 539.249329
v -3.898676 249.908569 541.401367
v -5.977192 -250.050018 406.510376
v 1.131197 250.017395 540.044617
v -1.195462 -250.119431 406.415802
v 2.020783 -249.971252 404.563690
v 7.521907 249.989670 540.510559
v 9.162370 -249.991989 403.823212
v 12.273717 249.990692 539.573975
v 14.544144 -250.075150 402.721527
v 16.989164 250.010605 539.924255
v 18.836800 -250.001083 402.672241
v 20.118399 250.071228 539.023254
v 25.046072 250.018021 533.155396
v 25.936745 -250.004349 400.732391
v 28.000002 250.000015 532.478027
v 33.097435 -249.911880 400.081238
v 29.940338 250.010437 528.993835
v 38.380482 249.983231 523.400696
v 43.327808 250.055450 521.499451
v 52.449486 -249.988892 405.794952
v 52.813606 249.998016 512.375122
v 61.217270 250.052338 505.968475
v 59.531197 -249.997086 406.034607
v 65.811363 249.997925 515.400513
v 69.353310 -249.990860 402.950073
v 68.000000 250.000015 512.565552
v 70.000000 250.000015 511.405029
v 72.076820 249.883148 508.289764
v 80.378700 -249.981659 402.266296
v 74.094933 249.918518 507.690796
v 83.993271 250.001099 509.080505
v 86.000008 250.000015 506.280518
v 88.000008 250.000015 507.918518
v 90.800674 -249.987885 399.667389
v 91.547859 250.024689 497.083923
v 97.964012 249.931396 483.877563
v 101.373154 -250.033493 398.583984
v 101.602905 249.955292 483.094879
v 107.118431 250.050171 481.761200
v 111.363052 -249.997726 393.710693
v 112.226364 249.994156 479.641113
v 128.163803 -249.996490 386.255798
v 131.540192 249.995682 476.595856
v 144.856964 -250.012680 376.707123
v 142.761322 250.028091 475.085541
v 153.362808 249.999344 471.196960
v 154.189087 -249.999329 374.908539
v 167.419250 249.999054 468.473633
v 174.187927 -250.016159 372.437958
v 179.307220 250.009949 467.333252
v 194.583023 -250.007446 370.266327
v 190.480270 249.983780 465.792389
v 197.263550 250.020874 466.133057
v 208.516785 250.004562 465.203583
v 205.402130 -250.004486 369.554260
v 216.528732 249.997589 462.594208
v 224.580902 -250.001038 367.741760
v 226.978195 249.990356 458.937866
v 239.657623 -250.008499 366.567871
v 240.679932 249.986984 461.191620
v -231.241211 243.740326 595.530823
v -166.267441 237.949142 573.041687
v -141.120117 244.494339 575.789978
v -90.927879 242.125961 564.432068
v -75.352562 241.104370 560.842346
v -38.961685 244.624451 542.316162
v -26.589054 246.291412 536.570374
v -9.338164 244.808670 536.006348
v 11.108437 247.447433 539.912170
v 20.647532 246.153732 534.707764
v 27.726555 247.817535 530.010498
v 43.453423 246.467163 520.504028
v 54.770866 242.383041 513.397400
v 63.093903 245.086990 509.983337
v 68.105751 244.504959 501.030731
v 78.376175 247.703812 500.483551
v 88.363647 242.223480 487.652496
v 93.219025 248.286301 491.808167
v 97.758438 246.681793 484.488831
v 125.198029 238.818695 478.570374
v 152.689682 241.425049 471.076202
v 164.046295 244.810959 468.300232
v 219.722458 241.203796 459.925110
v -242.103043 239.691544 594.700562
v -181.747040 239.342163 573.994751
v -105.268517 241.466156 570.808167
v -98.250153 238.538483 566.706177
v -56.799683 243.465942 553.832397
v -51.280781 238.691803 548.681946
v 70.915245 242.359177 498.569031
v 83.344460 245.268921 492.876282
v 179.956451 242.953583 466.499451
v 205.839020 242.707504 464.014160
v 231.785080 244.348984 457.048370
v 236.175079 240.096664 455.453430
v -221.002365 241.155273 591.145508
v -207.355011 243.539032 586.148438
v -202.793930 238.473450 583.542725
v -196.409180 230.189514 578.130798
v -115.346344 239.502884 573.483643
v -4.355085 242.723312 535.594910
v 7.296633 240.784424 536.452148
v 15.088676 240.910614 537.069092
v 32.219601 242.057510 527.315002
v 85.662552 243.134384 489.408813
v 99.588097 237.812042 482.600861
v 102.250595 238.801437 481.385406
v 117.067505 238.303909 479.645721
v -127.911385 234.530991 574.993225
v -82.442650 236.730469 561.806152
v -32.418301 238.225754 537.292419
v -13.114947 238.438766 533.844360
v 40.339233 240.241745 522.784668
v 45.329269 237.931763 521.043579
v 61.515446 241.690399 508.652100
v 140.359207 226.706528 472.431824
v 161.125809 236.280106 468.972534
v 170.636734 234.199921 464.783295
v 191.253159 242.012039 463.040314
v -150.469070 235.935379 573.332581
v -133.147949 233.964249 574.179749
v -121.339157 235.337952 573.878662
v -63.844982 235.180145 556.080811
v -46.066261 236.132690 545.349487
v 21.809692 234.041702 534.884521
v 23.874186 229.915680 534.748230
v 52.012604 233.329453 516.897156
v 61.405033 236.768326 510.668518
v 69.122055 234.035995 501.239349
v 85.936050 239.821579 487.981293
v 187.553406 233.611786 460.602142
v 213.335831 232.896393 459.087189
v -237.588882 234.695526 592.766235
v -229.583969 234.925262 590.778503
v -214.847763 231.642426 584.689575
v -169.734985 228.624832 570.865479
v -107.385933 232.132629 569.231323
v -42.599735 234.322266 542.061462
v -23.375284 235.466888 533.750122
v -5.725313 226.861618 532.545105
v 15.928663 233.083633 534.776611
v 37.236656 233.936646 525.803101
v 85.839439 236.426086 489.029327
v 239.661667 236.427185 454.443604
v -245.341751 232.631805 593.685120
v -210.043823 230.819077 583.915466
v -184.741959 229.070068 572.539978
v -141.489136 231.266937 573.501648
v -114.683662 231.866516 571.826477
v -89.703201 234.047165 563.131958
v -77.731400 232.100845 561.714783
v -73.855408 234.432861 559.575500
v -46.515518 225.921051 543.393677
v -28.240311 229.801270 533.993713
v -11.262443 227.884338 532.688354
v 66.616203 230.611374 504.865692
v 114.346519 231.580719 478.476349
v 129.622009 233.856049 477.006287
v 176.554428 225.942230 461.940826
v 201.472229 231.671188 460.279144
v 233.158630 231.162476 454.116272
v 246.004684 232.315613 453.564423
v -240.136795 228.582886 590.000916
v -176.996292 227.792740 570.575928
v -99.123558 228.523697 564.217468
v -89.342438 228.754974 561.613586
v -17.932837 232.214554 533.788025
v 97.302391 232.621414 483.947144
v 101.253311 223.251923 484.691864
v -228.568039 227.124603 587.895691
v -129.470078 227.663498 572.236816
v -79.783127 224.158218 559.720825
v -73.716805 226.618607 557.827698
v 58.143490 223.331360 512.253601
v 85.463783 227.155334 491.984711
v 222.457428 223.976578 454.019135
v -222.981567 224.118958 584.776611
v -212.839447 223.525375 583.441345
v -200.661438 227.710297 580.159302
v -164.986511 223.968948 570.483276
v -148.066193 219.734879 571.353455
v -138.794998 223.877670 572.525146
v -88.651840 223.291443 561.289185
v -70.791298 221.167328 556.268860
v -61.042290 217.018509 550.455078
v -38.344765 225.065109 537.492737
v -20.645308 226.541794 532.605286
v 30.459326 226.967194 530.771301
v 42.120510 226.330643 523.869263
v 192.480865 222.363037 457.407379
v 231.863663 226.188004 453.094177
v 242.986755 227.184830 450.443268
v 7.345614 224.733551 532.111084
v 17.887569 223.326553 532.034180
v 38.297485 223.294891 526.711548
v 47.758961 220.599106 518.357422
v 75.201469 224.741089 498.183502
v 92.752335 221.037140 490.073639
v 126.864243 225.178314 473.640930
v 155.922653 219.726730 465.863983
v 207.011734 225.600952 458.231445
v 246.977325 224.016312 450.721191
v -180.254181 222.936844 571.192810
v -114.768158 222.584351 569.064026
v 168.089981 220.248215 462.122681
v -230.926422 215.736053 583.590942
v -193.764969 218.343185 575.575989
v -126.290215 220.114090 570.175232
v -54.003250 211.956528 544.823853
v -4.410594 214.839233 531.108582
v 15.493201 218.538208 530.525024
v 33.619152 222.949738 528.895630
v 41.261471 219.489105 525.412964
v 64.285995 221.290359 508.186462
v 196.356277 220.244202 456.109589
v 208.752045 218.299271 455.821625
v -240.809082 214.256500 584.509644
v -219.296341 218.447632 582.956360
v -199.255493 220.458420 579.106079
v -178.775803 216.962997 570.203369
v -106.794510 216.881973 563.697021
v -36.378414 219.206192 535.944763
v -26.796158 216.972885 533.047607
v 120.601791 220.474945 475.415436
v 129.070541 220.969299 472.315857
v 139.248810 221.951202 471.230682
v 239.682648 217.725739 450.066589
v -214.915573 215.191010 582.164062
v -188.550308 212.044495 573.292786
v -167.845337 212.787445 569.924072
v -159.259186 213.933884 570.186829
v -130.371872 216.019577 570.986328
v -118.553383 212.910660 566.400330
v -84.173714 214.933273 559.835144
v -80.225304 216.295273 557.941650
v 7.955086 216.641861 529.985107
v 44.273029 213.799286 522.963196
v 57.660130 216.370377 515.292175
v 80.223801 215.716919 502.990723
v 100.983543 219.793564 486.576111
v 177.840240 217.878952 460.223572
v -95.908257 217.183350 562.210083
v -72.013618 209.825668 551.129517
v -22.626997 208.101913 532.107971
v -14.842548 207.281555 531.344055
v 33.958080 209.098969 523.632019
v 51.126789 217.681183 517.757812
v 65.767082 214.917740 510.667938
v 72.344734 211.893677 508.111023
v 117.033821 214.151947 480.072327
v 201.973572 216.355743 455.486267
v 237.487167 213.406555 450.681335
v 241.524261 212.552490 448.240356
v -142.905716 211.814590 570.867798
v 90.662590 205.595642 498.750824
v 100.100601 213.743713 488.088287
v 123.069489 210.128433 478.322327
v 157.970139 202.853271 469.366119
v 163.693237 210.392181 466.742340
v 182.670380 212.087738 458.468689
v 208.599304 209.182510 453.769226
v 221.691284 210.745193 452.532135
v -199.503998 211.884796 578.265076
v -177.729691 208.859497 570.069641
v -125.090988 210.261353 566.979431
v -99.319870 210.041748 561.222534
v -32.153019 212.187866 533.772156
v 52.368511 211.817398 517.495972
v 106.012054 207.185028 487.151520
v 145.241241 211.308929 471.126740
v 176.099289 207.823929 461.871643
v -46.713200 205.647614 538.996338
v -5.712555 210.272278 530.498230
v 15.713654 206.583603 527.172302
v 60.172100 209.357895 513.482422
v 128.335403 205.811386 477.978668
v 189.746353 210.220078 457.257721
v -235.238037 207.820129 581.563293
v -229.812881 199.495438 579.280457
v -213.775558 205.777084 580.169556
v -206.517960 203.828598 577.813477
v -191.146011 204.962051 574.028381
v -146.310867 206.873825 570.328857
v -132.445480 209.859390 569.717468
v -109.113144 209.484528 561.624146
v -82.722313 201.727692 555.986755
v 6.349920 205.816864 527.850281
v 67.790863 207.768021 509.284332
v 78.424980 208.249542 505.688171
v 246.336060 207.666061 445.746826
v -183.763672 204.168671 570.790283
v -173.269943 200.698120 569.988037
v -88.603088 202.344727 558.430359
v -23.379013 202.143600 532.235657
v 40.987770 204.494370 518.894104
v 85.226418 204.723801 502.695374
v 112.560661 206.172989 484.573456
v 167.416595 201.291962 468.229645
v 189.598953 202.494125 458.858185
v 197.483368 202.489136 455.908234
v 207.784088 199.337143 454.006378
v -130.667038 200.921295 565.751892
v -98.346367 201.786346 559.352051
v -74.137367 201.343903 550.160889
v -41.918190 202.635834 536.075073
v -0.778317 199.964981 527.874573
v 24.653070 201.041061 523.968323
v 51.486443 201.960236 514.122925
v 121.725822 199.207504 480.840271
v -217.327789 195.475082 577.883301
v -194.867661 197.452789 573.047485
v -159.678085 200.830139 570.727051
v -157.694931 194.918045 569.400940
v -146.070618 198.789032 566.267578
v -138.693527 201.783035 568.735474
v -65.176460 202.479385 545.057678
v -11.694181 195.769928 528.703064
v 32.160263 197.960892 521.099792
v 98.026649 202.068268 495.225586
v 217.332123 193.863922 452.244751
v 241.667282 199.101257 448.904602
v -241.649673 198.661560 581.251953
v -185.659927 200.135483 570.024170
v -110.830002 197.311569 557.594177
v 45.793858 200.317856 516.332886
v 58.225891 199.145950 511.618317
v 75.294266 194.142838 503.862762
v 92.724182 198.062912 498.992310
v 136.338486 196.677368 476.788940
v 144.380005 198.475662 474.963470
v 163.915833 198.871704 468.732635
v 231.785400 194.794739 450.989990
v 245.119354 196.232162 448.650696
v -203.749649 194.443253 575.202026
v -140.963745 195.499252 564.757263
v -134.525833 194.182800 562.966003
v -59.315567 198.201828 540.929077
v 2.262288 194.137863 526.176453
v 10.764534 195.078827 524.598816
v 40.408669 192.654739 517.642456
v 67.515663 195.170090 507.640533
v 129.591568 196.599609 478.226654
v 185.125992 198.069382 462.750732
v -165.717224 194.842880 570.127075
v -125.519028 187.146286 557.104858
v -98.475792 192.874878 556.032532
v -77.498497 192.672028 552.368896
v -71.888954 190.154068 547.922668
v -53.187424 193.342407 536.363403
v -43.775738 188.434494 532.491638
v -31.851952 191.517685 532.301086
v -25.075928 193.533661 530.522522
v 60.321995 186.670807 511.243805
v 108.819420 190.414261 489.212189
v 113.502075 190.569489 487.479004
v 166.081100 192.554977 468.967133
v 194.483841 190.302704 460.109344
v 200.317566 191.528915 457.181641
v -239.728836 189.932114 577.441833
v -225.149353 193.212296 577.786804
v -208.289642 189.877441 575.078674
v -183.328552 191.795456 568.302917
v -175.123825 192.829041 568.330383
v -149.343567 192.806473 565.096191
v -62.095268 192.647141 543.216919
v 16.220100 191.590256 522.507324
v 49.133171 190.345993 514.846863
v 96.802437 191.921204 497.183533
v 127.776505 190.938583 479.546082
v 185.868057 192.502304 463.729553
v -230.133057 183.109207 574.748840
v -94.916428 188.337280 554.194275
v 29.297955 192.407944 520.015503
v 82.764702 189.663010 500.987488
v 90.583115 187.418045 498.895996
v 120.538895 191.479889 483.108978
v 206.946472 186.444443 455.864532
v -195.133331 182.229904 570.088501
v -137.588638 186.790726 558.409363
v -115.526009 190.449722 556.544617
v -6.169201 185.629440 525.376892
v 127.633797 183.187729 481.565826
v 141.482971 182.956100 475.812286
v 174.766464 189.183609 467.081726
v -213.558670 187.523773 576.230347
v -179.287613 187.843933 566.176392
v -164.351822 186.390808 565.337036
v -154.930740 184.687393 561.610840
v -112.021126 182.647675 555.166992
v -77.094765 186.532303 549.009949
v -19.285730 187.838242 526.128113
v 16.995537 185.543472 520.869385
v 67.833733 184.945541 507.681335
v 75.685661 178.822189 504.787842
v 102.057365 186.384338 494.075714
v 146.114365 181.603806 474.075195
v 217.656754 184.817245 452.677734
v 231.760345 178.672150 451.510559
v -223.154877 182.156250 574.796997
v -191.560501 181.805237 568.477051
v -103.566414 187.762848 555.883484
v -81.620201 181.787094 549.041260
v -60.350708 184.499786 538.597717
v -50.514397 183.930695 534.193726
v -38.654133 177.488968 527.448975
v -27.665312 181.263092 526.270752
v 5.766583 179.669342 521.642700
v 39.312202 185.552917 516.380920
v 117.398781 185.318207 486.873749
v 153.030640 178.300690 472.216522
v 182.416534 185.049118 465.636841
v 201.448837 185.785339 457.649414
v -240.817520 182.780457 577.347961
v -210.269714 179.656509 573.924805
v -185.924713 179.461227 566.573547
v -173.615524 181.233093 563.855591
v 162.481522 176.558884 469.936981
v 166.410980 174.942245 468.457764
v 187.932816 179.198151 464.388885
v 198.093948 182.885406 462.177338
v -122.108299 182.091034 555.144897
v -106.765442 176.721664 552.800598
v -51.824677 180.044174 533.418701
v -19.209732 179.877853 522.799316
v -4.057064 176.622009 522.461792
v 20.240816 175.750900 518.236084
v 28.802334 180.587830 517.502380
v 178.932251 177.516510 465.701721
v 221.273697 177.920715 452.830292
v -143.637665 177.534958 555.542053
v -80.135788 174.602997 544.159485
v -67.314606 171.793701 537.273499
v 37.513687 177.308762 515.319824
v 84.192879 175.762131 501.276703
v 95.929390 177.342087 497.428528
v 102.867104 176.608643 494.062531
v 121.082695 176.830521 486.390381
v 148.656418 177.544205 473.753021
v 200.813873 181.231857 462.325287
v 215.136673 172.680176 456.546570
v -241.758347 174.354294 575.949341
v -231.287308 178.264084 574.610840
v -174.315109 175.086395 561.757935
v -164.974030 177.261810 561.728943
v -157.359344 174.296768 557.072876
v 12.536844 177.122940 519.639282
v 47.000202 173.738388 512.672913
v 56.455864 179.100296 510.532166
v 135.347015 177.017685 480.002899
v 234.900818 171.280853 452.245331
v -86.063713 175.918549 546.591125
v -52.063328 175.670395 532.917358
v -13.114708 174.368256 520.910034
v -1.079684 171.843262 520.883484
v 67.351562 173.125107 506.129395
v 115.080414 174.839096 488.651398
v 202.531769 175.388489 461.783508
v -231.139130 170.100586 573.034485
v -206.431274 167.201797 570.623352
v -195.584106 168.523346 568.620178
v -184.225525 168.100510 563.556824
v -131.555618 171.254135 552.824402
v -123.840477 173.267746 551.700195
v -108.693604 169.158310 548.914368
v -24.764629 173.478531 522.833984
v 31.701849 171.992798 516.724915
v 61.246300 176.577026 509.347870
v 128.866089 168.881882 483.871460
v 146.448242 169.743042 478.178192
v 183.226562 172.228302 463.921722
v -243.563324 165.462341 572.767578
v -224.613235 168.700287 571.164856
v -171.322586 170.136993 560.696411
v -141.248642 171.170883 552.846252
v -99.286079 170.205246 548.079407
v -78.266533 169.940292 541.795532
v 3.103886 169.321518 518.341064
v 11.583917 170.672775 517.091125
v 24.464327 171.507370 516.952148
v 109.852684 168.393036 489.365204
v 153.101898 172.594131 473.642731
v -178.199722 165.682541 561.246277
v -152.645462 163.626694 553.344116
v -44.770409 167.676285 529.477722
v 34.503952 168.493637 513.945496
v 59.167183 165.621582 506.592773
v 175.670410 166.517960 465.623535
v 207.378479 169.080627 460.966034
v 243.373810 166.330750 451.328339
v -162.440903 164.505630 556.294128
v -90.220825 166.215973 542.091675
v -61.354824 164.079193 534.400818
v -34.094166 163.228729 523.505859
v -29.940931 160.840668 520.831787
v -18.426292 167.584274 516.635864
v -8.208872 164.427505 515.061218
v 94.061913 160.902618 493.398865
v 100.206169 166.399307 493.295776
v 117.518440 165.756378 485.963776
v 138.454025 162.237289 481.919556
v 166.622009 168.060226 468.225739
v 189.552399 165.192749 462.159454
v 230.435196 164.488022 454.087555
v -130.405869 163.860809 548.891663
v -118.082771 166.367416 548.037842
v -69.849121 159.253220 533.569946
v -48.977592 162.427307 531.609436
v 17.287560 158.857880 511.208862
v 23.709997 164.878845 513.851624
v 31.774467 166.830154 513.365967
v 68.427155 162.878311 502.856873
v 76.707153 163.410431 499.953247
v 150.487564 162.879974 477.756470
v -172.307419 162.037064 558.960571
v -123.954758 160.290298 547.831726
v -103.325432 157.434647 542.186218
v -44.808613 156.817566 527.814026
v 45.860882 161.402908 509.815125
v 129.015732 162.250168 483.131500
v 166.645615 160.943298 470.170074
v 211.579193 164.476364 461.413422
v -232.552322 155.975067 569.118896
v -214.925323 157.294632 568.999817
v -203.245804 161.836884 568.531860
v -193.269119 159.186249 565.682800
v -143.664734 162.457947 549.648499
v -110.736031 156.294022 542.437195
v -76.353600 158.400421 536.263123
v -52.548958 154.256775 531.301514
v 0.115990 157.478256 510.640564
v 5.650964 158.446960 511.783997
v 55.391590 158.904755 505.422852
v 104.833687 158.692749 489.099213
v 184.045334 156.903137 464.330353
v 217.786194 162.604370 459.183746
v -244.234512 155.014175 570.860657
v -176.284241 155.790482 556.808716
v -166.307800 154.506119 554.716919
v -141.083755 155.795135 547.525085
v -88.328690 145.939072 530.540955
v -59.716423 159.469894 533.906250
v -23.590305 160.048996 517.900757
v -17.142498 159.241882 513.915100
v -6.244870 157.412140 512.353699
v 94.632111 152.329178 491.197235
v 172.625717 159.190826 467.740112
v -223.470825 151.983871 566.708740
v -205.501648 152.519531 566.473633
v -133.057602 154.370956 545.916321
v -118.657234 154.235245 542.871460
v -96.467010 150.366913 535.843628
v -31.756617 153.970306 520.947632
v 33.436165 154.052368 509.604828
v 78.758759 152.652206 497.139038
v 124.410667 154.053284 480.751282
v 148.606094 157.788544 478.493408
v 163.573624 152.165329 473.254974
v 214.403809 158.687439 460.535828
v 236.560135 156.880417 454.745300
v -154.603790 149.761826 549.876709
v -23.822430 154.894150 515.903381
v 46.639866 157.623230 508.286163
v 130.968704 155.185013 481.449127
v 141.989365 152.342972 479.699921
v 195.444458 153.341187 462.097931
v -186.562317 151.507111 560.162720
v -171.401657 152.053162 554.577881
v -58.605606 146.820587 528.659424
v -11.905710 154.498901 511.949951
v 8.502615 154.934464 508.983582
v 38.779175 151.378189 508.197266
v 181.112762 149.070663 467.446777
v 221.613327 154.643341 459.494904
v -201.044617 151.509613 566.068726
v -192.568817 148.192245 563.096069
v -70.032555 143.827682 529.363159
v 4.193917 147.346573 506.398224
v 62.368752 142.229721 498.816925
v 98.213394 147.254044 488.955597
v 110.505745 151.205444 484.110321
v 149.746094 149.419525 477.944061
v 156.736084 147.862091 475.297821
v 177.081345 148.064590 468.004028
v 212.426529 144.220581 459.792328
v -236.472443 147.957657 564.970703
v -74.809380 144.932404 529.159546
v -49.461300 146.578964 527.085754
v -41.733829 143.767029 523.564819
v -23.340364 148.962341 514.600525
v 10.753883 148.843323 505.426117
v 46.800037 149.249329 505.606201
v 129.355225 144.259460 477.294678
v 138.410492 147.685669 478.944794
v 204.005844 147.932571 461.011047
v 239.549362 144.250443 454.723358
v -225.127960 148.520874 564.236206
v -178.704468 150.010712 555.738159
v -173.868408 145.132492 553.136108
v -161.399780 140.093750 548.578125
v -2.862034 147.164413 507.077881
v 17.835238 142.904007 501.763672
v 25.813860 141.832626 502.235107
v 56.619484 145.909760 501.705261
v 77.956123 145.198700 495.518707
v 106.474144 146.003143 485.430939
v 185.015305 144.717865 466.090637
v 227.924759 144.998230 457.172729
v -190.847626 141.892426 559.940857
v -138.724396 138.254791 542.092834
v -109.758057 141.477325 536.184387
v -93.636360 141.778839 529.688843
v -27.403675 139.663559 514.333557
v -14.990268 140.405365 507.082123
v 120.096291 141.589096 479.517853
v 161.452179 142.691605 473.117859
v 193.203308 142.362274 463.795502
v -214.439148 138.146729 557.510132
v -197.181656 144.492111 562.679077
v -142.616592 144.552353 544.808105
v 4.189819 139.461258 501.490875
v 34.687065 144.354401 505.440948
v 45.178925 138.459808 501.953125
v 49.432194 144.281387 503.304199
v 88.744751 142.030792 491.442017
v 142.868484 141.311432 476.541168
v 151.166870 138.190979 474.735748
v 203.518753 140.591278 460.410645
v 218.006104 142.480927 458.659180
v -231.741455 138.724960 560.722900
v -203.722046 137.869034 557.834534
v -158.112289 138.451660 547.710632
v 9.165401 141.863159 503.008423
v 33.337486 135.507904 501.237457
v 98.978951 140.516769 487.341095
v 111.441879 138.207794 482.447632
v 132.179886 140.136414 475.451721
v 171.442596 139.883575 470.657135
v 176.693924 138.457169 468.703674
v -218.160843 135.769730 556.391174
v -182.489044 138.877930 555.711365
v -114.565567 138.440735 535.545776
v -11.245518 137.418411 505.196320
v 105.438583 139.249146 485.202087
v 241.298798 140.290909 454.393280
v -167.971359 134.935699 549.236755
v -151.164749 137.506180 546.177246
v -143.209412 136.557449 543.205322
v -96.143829 130.432281 526.313049
v -53.169197 133.391388 521.211731
v 13.608231 135.995041 499.929779
v 25.733503 133.021606 498.800568
v 73.126122 130.869141 490.299835
v 179.563324 134.283432 467.271973
v 192.446609 136.256332 463.197083
v -179.115723 131.298706 551.945679
v -81.382034 133.282120 524.626038
v -34.727108 133.798950 515.903503
v 65.279800 134.216873 495.013794
v 82.596985 137.140167 490.878723
v 88.401581 133.302124 488.332947
v 126.717918 135.475433 476.649933
v 136.930771 136.439758 474.389771
v 162.330917 129.800781 469.674500
v 216.712311 129.580261 455.070892
v 229.215057 135.762543 455.535461
v 235.942520 133.300323 453.716370
v -243.233826 128.905685 561.504761
v -1.105594 134.522186 500.308136
v 56.770012 129.824036 495.845123
v 156.212631 129.777847 470.993073
v 169.317596 131.894897 468.674713
v -227.540359 128.664429 556.194519
v -149.782684 132.060287 542.932434
v -120.255287 126.018600 532.101196
v -87.576683 119.454559 521.869324
v -30.366032 130.336349 512.848450
v -16.395773 128.518845 504.334900
v -3.076404 130.831284 498.021088
v 44.254944 129.824265 496.829529
v 48.065819 126.445969 495.379364
v 95.616844 128.584229 483.974426
v 120.697212 127.870300 479.970428
v 133.006226 130.650650 474.845642
v 142.242905 128.944397 471.426056
v 197.481735 130.477142 460.784637
v 205.340195 130.606735 458.427704
v 226.935959 121.625443 450.457764
v -216.799988 129.840149 554.494507
v -206.749252 122.130356 551.725769
v -192.266083 131.638672 554.329590
v -173.913712 125.004105 547.705688
v -138.134903 125.898361 537.641602
v -74.794029 127.886475 522.307617
v -0.121559 126.581268 496.380859
v 12.857492 126.219345 494.305939
v 31.671057 126.063293 495.681000
v 82.803223 128.073730 486.429688
v 128.558426 123.428886 477.813354
v 242.825897 127.840034 450.974579
v -187.869720 126.146782 551.717285
v -153.695251 128.647232 543.158936
v -106.936844 128.260864 528.547424
v -49.287243 129.602417 518.306213
v -8.338340 124.707069 498.478210
v 66.620667 126.315292 491.365753
v 104.917870 124.880211 481.453217
v 170.288727 124.623451 464.991943
v 186.530930 124.977715 464.066925
v -181.278519 125.937881 549.523132
v -64.155525 118.507919 515.470703
v -27.852993 125.083031 508.756927
v 4.328724 124.526825 493.984283
v 75.890282 122.736565 486.534943
v 137.319565 120.911880 472.384827
v 144.704773 125.665474 469.555542
v 177.203949 127.210030 466.048706
v 200.119934 120.723053 459.022308
v -244.959900 119.818832 560.244690
v -236.403305 119.289185 557.056396
v -164.255249 119.178894 543.119507
v -98.524307 119.980568 525.093506
v -73.521805 120.701668 518.568420
v -22.910393 120.677208 504.454865
v -15.726435 121.599770 501.524689
v 22.667658 121.668518 493.687897
v 44.058147 123.326027 494.949341
v 81.823112 122.148201 485.565887
v 120.134262 122.917191 479.527618
v 159.071213 121.883545 466.917847
v -211.850845 121.584564 552.315918
v -198.979813 113.083961 547.099304
v -155.144424 118.517349 540.299377
v -142.436600 121.161415 537.694275
v -112.630547 114.778488 524.943787
v -54.621086 121.365334 514.589539
v 70.425392 123.205338 489.359894
v 96.638779 117.740883 481.532532
v 149.919861 121.932098 467.154541
v 180.933167 119.925789 462.235687
v 209.681107 123.159676 455.985046
v 235.309570 120.383636 448.179840
v -232.918350 114.698174 554.542847
v -219.248199 114.858276 550.873474
v -181.455368 118.954330 547.306335
v -120.335281 115.330353 527.261230
v 15.294459 118.182671 491.162018
v 31.606070 115.029480 490.294556
v 73.048645 117.598633 486.410370
v 127.281219 119.125450 477.816437
v 190.808975 115.617218 460.014130
v -209.565735 115.361732 547.713135
v -10.287621 117.484604 496.818542
v 39.834358 116.969925 491.203217
v 54.381313 118.317276 490.777802
v 104.239624 114.641953 480.143982
v 163.728333 117.675781 463.471680
v 217.550735 116.112259 452.144470
v 18.566469 113.028503 489.046509
v 63.453728 115.160210 488.671539
v 87.098007 115.483795 482.485535
v 116.988838 114.884163 477.896088
v 130.965897 114.336662 476.221802
v 156.426025 116.056435 463.314880
v 207.571686 115.507111 456.647827
v 240.391724 116.004616 445.833954
v -244.435562 111.026749 557.306458
v -199.229187 107.836456 545.270874
v -189.626648 108.864372 543.315430
v -179.510468 113.100426 544.490051
v -170.223358 112.734558 542.262451
v -161.112656 113.082558 538.706299
v -98.578049 110.861771 522.889709
v -75.573921 106.860672 513.475098
v -55.344299 111.550041 508.216583
v -33.966862 115.718735 504.027954
v -18.008116 107.462311 492.895233
v -6.319604 114.364456 494.700806
v 144.104797 114.638657 467.845825
v 150.880280 107.120972 463.475677
v 171.046341 113.963348 460.140381
v 192.641373 109.461464 457.540039
v 228.611191 111.843590 447.468597
v -143.725708 106.523087 531.891235
v -133.730591 110.163483 530.765381
v -64.310410 109.281944 511.858246
v -13.498486 110.375526 492.220032
v -0.937652 109.687004 491.450836
v 4.706919 110.296280 490.966949
v 41.255161 104.540756 484.909576
v 48.702686 110.629677 488.024597
v 56.265732 112.147064 487.934082
v 68.917526 107.538307 485.032349
v 95.729858 110.963860 481.026428
v 113.423729 107.679710 477.513702
v 117.567230 104.651573 476.569122
v 135.790848 110.416954 472.839203
v 155.617538 111.270912 462.709534
v 163.859467 111.264458 461.115051
v 177.432053 108.939804 458.836273
v -208.797775 109.595436 547.552917
v -184.911209 103.330719 540.349976
v -119.206200 106.601646 525.506958
v -108.590828 111.914360 524.127258
v -92.784615 108.684753 519.381470
v -47.920918 105.714622 501.251434
v 142.228851 107.646332 468.865143
v 207.558914 110.478394 455.790375
v 234.532928 108.031166 444.275604
v -218.698593 99.400444 547.458618
v -205.931076 102.363884 545.203674
v -172.447662 105.354431 538.203918
v 18.533117 107.188232 487.048096
v 29.981924 105.206192 487.648193
v 79.287109 103.178589 481.482147
v 86.643944 104.471771 480.606903
v 100.737335 103.203156 478.559387
v 215.911575 106.455490 452.482666
v 243.895294 101.061195 439.783875
v -246.048706 101.900803 556.414490
v -225.654938 100.482933 549.618958
v -164.743271 107.071388 537.330200
v -61.034096 103.055908 506.677551
v -32.750225 98.505653 491.764435
v 54.274178 106.647636 486.737549
v 160.609161 106.380737 459.606812
v 186.263657 102.736320 457.374084
v -236.603729 101.898949 552.272400
v -153.707870 97.034599 530.637695
v -137.364349 103.967384 530.337952
v -49.669071 99.636421 499.575562
v -38.894417 98.855415 492.938934
v 3.221665 98.320824 488.838989
v 57.648476 100.520813 483.713196
v 107.138893 103.162033 478.282990
v 127.825264 102.788887 474.350891
v 167.650696 104.469337 458.673248
v 182.821762 99.257896 455.737854
v 198.668320 97.278786 452.948914
v -199.261047 102.118393 542.977783
v -126.684822 103.664734 526.619385
v -109.736191 100.954376 520.867004
v -101.293633 100.358459 518.029297
v -95.326759 101.364296 518.126160
v -87.582886 101.005676 513.810913
v -74.149956 97.005524 507.274200
v -44.166691 100.132629 495.275604
v 21.343054 104.836281 486.708282
v 29.888487 98.983826 484.372009
v 88.208878 93.721130 477.192627
v 154.467285 96.124802 459.140656
v 169.062057 95.827972 455.936188
v 193.121109 100.049828 455.204254
v 211.020035 93.556427 450.136749
v 223.968414 102.869576 448.170532
v 230.935226 103.239204 444.865784
v -190.082535 100.214996 540.577148
v -176.955643 101.324089 537.814514
v -166.687149 97.993713 535.052002
v -160.312912 96.126022 532.192871
v -119.776443 95.185486 521.777893
v -52.497490 99.391388 499.547272
v -15.346338 97.314102 488.411865
v -3.540221 92.718246 486.587921
v 60.546173 97.866219 483.166809
v 67.385597 93.741196 480.191803
v 140.036667 94.467430 465.402374
v -239.047775 99.806862 553.434753
v -144.661774 93.542908 527.028564
v 21.784414 99.771713 484.603210
v 46.369717 99.356621 482.455353
v 80.089005 98.060921 479.451599
v 99.221352 96.526146 477.565857
v 159.458008 96.466042 458.333984
v 166.057343 94.954025 456.028107
v 218.775879 95.603676 449.181305
v 226.914108 92.796738 444.674774
v 236.880402 93.110489 438.815979
v -241.847015 94.916504 552.760315
v -233.605576 93.822678 549.639465
v -198.493484 94.965172 542.395691
v -189.560059 96.066109 538.780884
v -134.580750 89.907585 523.087952
v -105.233498 93.881088 516.578308
v -57.278824 88.600601 497.618469
v -52.758549 91.857681 495.446594
v 36.688213 95.482933 481.415710
v 104.824730 90.801170 475.788116
v 120.502792 96.956703 474.107025
v 132.939224 97.299179 470.123230
v -220.185867 93.774078 545.916687
v -209.538452 88.793976 542.541504
v -187.928802 89.201797 537.328186
v -127.388191 94.914459 523.252808
v -82.023926 87.866173 505.602814
v -63.737206 93.465157 503.600891
v -47.313683 93.320030 492.945251
v 11.549297 90.696037 485.652374
v 22.510368 91.710548 482.196259
v 73.918320 91.280151 478.835602
v 95.438255 91.514511 476.248932
v 197.392654 89.663498 450.239258
v -193.623184 89.332085 539.322449
v -176.330566 90.176994 535.360168
v -170.969635 88.068489 534.298645
v -160.307587 88.520187 530.953613
v -113.294090 91.058388 518.857056
v -92.405151 89.833031 510.723022
v -25.855658 86.171036 485.676636
v -14.279171 91.885300 487.619904
v 49.933899 87.423790 478.897247
v 57.230881 87.650085 478.114502
v 120.193535 90.375679 473.032654
v 147.512192 90.966331 460.683472
v 158.667618 89.034660 456.505188
v 244.571594 90.442657 433.481262
v -241.972336 89.020828 553.029785
v -220.941315 84.227303 543.526917
v -181.616028 88.135841 536.102051
v -72.984467 85.620468 501.448975
v -46.859127 88.185974 491.974731
v -5.390473 89.198196 486.056030
v 0.877604 86.308350 483.738220
v 38.202930 84.452293 478.096100
v 178.760696 87.979118 451.249634
v 189.884552 86.416603 449.843109
v 200.606567 90.052025 450.694580
v -152.375626 87.339165 527.250732
v -123.201782 85.964928 518.409668
v -60.681728 86.254211 498.544342
v -37.933174 84.537941 487.352844
v -11.552893 85.357628 484.383148
v 29.827705 82.798965 477.842133
v 81.451164 87.302963 476.678711
v 110.970642 86.719543 474.141205
v 127.405716 85.955742 469.180145
v 151.235870 82.783028 457.617157
v 159.290833 81.519783 454.358643
v 214.990448 82.404129 445.256378
v -231.361832 84.762352 548.531921
v -144.604431 84.476379 523.260742
v -134.618271 84.754486 521.766235
v 13.606693 80.722786 481.742279
v 68.728851 87.309914 478.378571
v 99.760147 83.281380 474.443695
v 169.549805 80.650780 451.580200
v 209.176987 81.770958 445.715698
v 227.761719 84.507378 442.186951
v -240.973740 80.516373 551.805237
v -213.996429 80.470490 539.865662
v -206.511078 84.754364 540.935486
v -197.597672 82.513519 538.745972
v -167.054306 79.518387 531.819824
v -98.283447 82.656921 509.971619
v -87.732948 82.090698 506.323639
v -30.546839 81.288628 485.142273
v 21.354181 78.781189 480.182556
v 46.868256 81.899895 478.165649
v 71.544716 78.498451 475.135559
v 139.135803 82.532463 464.770691
v 239.193832 83.234993 435.546875
v -236.119324 77.130714 549.540649
v -184.746597 81.577736 533.643433
v -174.666840 82.692833 533.498840
v -157.695160 80.720795 528.309326
v -115.353714 82.269936 514.961792
v -108.643082 79.421432 512.353455
v -79.415855 78.776100 500.866608
v -66.260178 81.740967 497.116425
v 1.993002 80.567657 480.772034
v 50.862942 78.503723 474.305969
v 66.135216 82.442604 475.956329
v 91.702545 76.932053 474.938995
v 120.201126 80.258873 471.046173
v 195.727509 81.288849 447.595093
v -229.594803 74.064842 547.327332
v -207.744797 75.568130 536.616028
v -162.861557 78.351357 528.996521
v -140.803833 75.476791 517.558960
v -126.550171 79.536484 517.514282
v -75.834816 74.631432 498.503815
v -50.786026 78.105225 490.171936
v -3.711961 78.035065 480.751862
v 34.335236 78.080994 476.066742
v 78.988335 76.997696 474.795135
v 106.970390 79.455589 472.251648
v 147.781693 74.788338 459.109283
v 183.355530 81.989792 449.851898
v 185.956223 73.772636 448.187103
v 221.519501 74.939117 440.763306
v -202.595291 77.007576 537.761230
v -193.764877 75.712730 535.655762
v -61.249428 72.013733 491.035706
v -38.095444 74.533478 484.345459
v -11.170767 72.356682 479.530304
v 95.194672 68.764771 473.660461
v 114.875145 77.115700 471.587708
v 136.989380 73.313477 463.741974
v 241.774857 74.357384 433.293945
v -169.230164 74.210426 529.457458
v -153.560501 70.934875 520.680786
v -129.457703 73.859329 516.468689
v -102.860359 76.861000 509.572510
v -85.593750 68.662674 500.311066
v -29.855207 71.809624 481.282990
v 2.772722 72.446541 477.428589
v 13.391022 72.836151 478.195953
v 38.901344 74.872963 474.817291
v 55.338554 72.724945 471.593140
v 84.337822 74.097794 474.766388
v 105.043022 72.890488 470.899292
v 176.152039 75.049591 449.857391
v 193.546509 71.433640 446.421356
v 216.024429 70.911667 440.448517
v 231.802917 73.951813 437.434967
v -212.319626 75.632118 537.977112
v -182.269760 71.287933 531.289856
v -175.513596 68.836327 528.847229
v -117.964905 74.764160 513.858765
v -90.972481 75.176033 504.039948
v -71.099350 70.374443 494.560608
v -67.891426 67.179886 492.658081
v -54.000397 72.083611 487.243500
v 128.159866 76.126846 467.389282
v -241.882370 71.110786 552.422180
v -237.735596 64.753532 549.792664
v -220.202148 68.396240 542.613525
v -206.578217 68.168602 535.693115
v -164.868866 67.552483 526.301819
v -149.089447 67.791153 517.673767
v -110.043381 70.600876 508.956604
v -47.621532 69.808128 484.901672
v 26.045343 71.527206 478.357239
v 43.350624 70.119087 471.392609
v 78.872437 64.475090 470.140015
v 114.497673 74.037704 469.898468
v 159.989273 67.863754 452.745697
v 165.555573 68.235321 450.989716
v 207.859482 68.617676 442.402985
v -191.928879 70.359489 532.662720
v -103.643097 63.972794 504.686493
v -19.111662 64.581024 476.965515
v -4.397535 69.666595 477.685608
v 86.971886 69.588318 473.326721
v 103.785507 66.965752 470.512085
v -227.401886 68.746918 545.614014
v -211.644714 62.592045 537.696472
v -201.008057 66.465538 534.476746
v -123.133553 67.458969 513.010498
v -120.083733 64.259697 511.843414
v -38.776985 67.555496 481.145844
v 35.926479 62.073818 473.739624
v 132.429428 67.279305 463.915710
v 144.188736 67.893791 459.374969
v 171.120697 67.236076 450.270020
v -183.728119 67.026657 530.723938
v -137.213455 68.310181 512.414185
v -112.227142 63.869846 508.942078
v -78.759491 64.539307 497.566437
v -56.247662 59.526955 484.756836
v 14.080588 63.113396 474.915680
v 24.400560 66.609962 477.438110
v 46.525608 65.733116 469.967194
v 52.352093 64.297699 468.249542
v 66.912415 63.476757 468.288391
v 110.385681 65.864357 468.558685
v 119.740051 64.272308 465.771484
v 177.251251 63.099148 449.015533
v 234.791687 66.562660 432.798248
v -161.338577 64.833588 524.790222
v -154.469604 64.252487 521.130920
v -138.467331 62.952690 510.940643
v -133.604980 63.496548 510.333771
v -43.281727 62.429588 481.977234
v 2.168708 59.857365 474.886414
v 11.750581 57.833046 473.199188
v 88.448326 62.595238 470.873840
v 94.040916 59.690170 469.522705
v 104.091446 60.762386 468.990723
v 184.583038 62.531757 446.646973
v 201.282211 56.023136 440.756042
v 221.983566 66.248634 437.241730
v 225.526260 54.909843 432.801453
v -195.374664 63.281315 531.784729
v -151.136734 60.406071 517.275757
v -147.512589 60.751038 514.673462
v -10.081510 58.868034 475.026581
v 25.470995 61.971527 474.649567
v 43.630157 58.703068 471.153839
v 85.867134 59.104954 467.988434
v 134.695602 59.263630 460.267639
v 189.983231 57.499092 443.410828
v 212.870361 52.786709 435.931061
v 239.764542 60.879223 429.678406
v -246.321442 57.688362 551.018982
v -227.346405 60.395737 545.029236
v -218.588852 55.070885 539.927979
v -186.261307 62.553997 530.023865
v -165.719574 56.775803 523.831055
v -96.814949 58.494915 500.481567
v -87.298859 57.916370 497.079529
v -72.172180 59.312889 491.506378
v -65.995132 54.890610 487.754303
v 126.261932 61.579803 463.666901
v 146.322021 56.955833 455.294739
v 158.119339 58.096035 451.813934
v 166.659607 52.587494 448.089172
v 179.877548 59.054199 448.538116
v 195.867615 58.975109 443.300751
v -214.604156 53.875042 537.772339
v -199.807007 57.048962 533.734314
v -172.205231 57.711479 525.764221
v -127.309601 58.775986 508.578033
v -122.959732 56.016842 508.235931
v -110.902184 57.448380 506.905548
v 55.293575 54.691574 465.734253
v 65.193878 58.061012 467.194031
v 117.910049 57.087234 463.486420
v -237.540466 55.705177 546.376892
v -229.732224 53.041733 542.953613
v -223.303101 54.790810 540.428589
v -143.875717 54.674717 513.630615
v -136.581787 54.893631 509.122559
v -80.299019 54.156990 494.422821
v -57.586777 54.294880 483.020905
v -29.650581 54.548450 475.319031
v -21.105707 51.949966 474.383728
v -14.095098 48.077934 472.246643
v 34.062656 53.745277 471.450958
v 79.405746 54.107212 465.724030
v 179.973633 55.353096 446.294739
v 221.234314 55.747643 434.278900
v 245.811081 55.800156 424.599182
v -186.917725 48.999050 527.961975
v -179.917480 54.934879 525.652161
v -158.054779 53.762848 519.951660
v -149.019440 53.999950 518.023621
v -98.657234 53.442451 500.934418
v -87.951141 49.309082 495.984589
v -3.401396 49.419605 470.693970
v 2.897381 49.154266 471.520142
v 48.085201 54.656239 468.166840
v 60.706524 49.796284 464.641205
v 97.959473 46.787029 465.386810
v 111.937630 51.983562 464.189453
v 125.197906 56.181820 462.756287
v 187.938538 51.365742 441.998413
v 230.689865 50.520554 430.387634
v 238.469971 47.948372 426.263153
v -246.685822 44.478859 548.482788
v -201.618759 51.717941 533.067871
v -193.064331 44.285473 529.007690
v -170.572983 50.457085 521.753479
v -108.293365 50.459400 502.821625
v -45.058296 46.993603 477.402954
v -8.798307 47.789097 471.470490
v 9.424539 45.841091 470.385345
v 68.145042 49.462730 465.719879
v 139.166916 46.268230 454.398499
v 172.192490 51.331303 446.523376
v 194.810669 46.439335 437.746002
v -234.058044 47.176243 541.746460
v -216.282333 49.607090 537.043457
v -157.665527 46.058475 517.361450
v -142.977585 48.442619 512.329102
v -131.996796 48.926178 507.114441
v -119.088799 47.787567 504.870087
v -74.552658 53.976200 491.359253
v -26.695358 46.199753 472.366119
v 24.853582 53.118267 472.236084
v 40.639259 45.319363 467.229736
v 54.237030 49.009178 464.108398
v 88.353134 48.678253 464.696533
v 123.800072 47.245319 458.980042
v 154.782730 48.280663 449.866302
v 208.245850 47.505157 436.171173
v -211.666092 42.371323 532.054077
v -178.947861 47.761139 524.762024
v -74.376335 46.269722 489.710083
v -60.147160 42.018471 481.875336
v -40.633076 43.243969 475.244568
v 30.405012 43.177814 467.114441
v 47.107525 40.988018 465.142853
v 97.614143 42.098648 464.263275
v 171.228073 44.381092 444.333191
v 179.606262 48.842873 445.321625
v 213.914642 44.545444 434.734009
v -237.545242 41.242874 542.312256
v -224.128967 46.857754 537.978088
v -198.860794 43.397915 530.291016
v -165.099136 45.577385 518.622498
v -98.140121 42.203037 498.179260
v -0.831794 45.287830 468.675171
v 13.517944 42.323776 468.694885
v 20.337347 41.327713 467.365143
v 52.350647 38.772930 462.629272
v 78.878525 42.733891 464.043091
v 143.551636 45.333683 453.066528
v 165.012466 48.196079 448.379242
v 183.554733 39.138592 440.886261
v 228.405975 40.870495 430.536957
v -182.376694 41.411018 525.368774
v -108.419785 37.452190 501.424591
v -69.968040 42.371323 487.571136
v -19.045547 38.447289 470.248169
v 114.831360 38.186497 460.082733
v 178.374649 44.189903 443.522858
v -228.403992 38.735214 536.872803
v -204.302109 40.075180 529.650146
v -150.130295 37.892159 511.885345
v -141.747498 39.491459 508.701935
v -131.203735 37.755337 504.335632
v -122.195251 40.652569 504.782776
v -89.810982 42.354958 496.255981
v -78.751900 39.834347 491.473816
v 59.185005 38.598370 461.774170
v 130.032562 38.226955 455.447632
v 148.536728 40.741386 451.220978
v 156.307983 39.904663 447.802124
v 204.421051 36.774250 434.944580
v 242.085526 40.110603 426.024567
v -222.236481 40.660625 536.429016
v -163.240311 40.012466 516.263245
v 5.887699 38.828705 466.725128
v 66.776947 37.193806 463.471924
v 89.528938 39.773323 463.262177
v 159.665680 35.253338 445.036926
v 196.057541 36.884796 435.439087
v 217.917160 39.512646 431.409729
v -211.791489 38.924835 532.954834
v -187.952896 38.274242 525.276184
v -179.851059 35.764946 522.201965
v -113.418694 40.082584 502.568024
v -96.391396 33.859058 496.996429
v -64.158791 37.851936 483.742218
v -38.658398 35.642109 473.864899
v -10.683700 39.380524 469.670319
v 27.532612 35.234867 464.792328
v 34.120514 37.084888 465.206787
v 86.244690 34.916962 462.877319
v 172.397339 40.673603 443.574066
v 237.101135 36.823513 427.418549
v -242.413605 35.223930 543.157715
v -238.024399 36.469536 542.565491
v -196.984848 36.485161 527.647888
v -173.120239 30.252502 518.075012
v -157.201904 34.685410 511.391052
v -102.278122 35.279915 499.946533
v -89.714005 30.034378 494.319916
v -53.735775 30.702343 479.464996
v -34.501175 28.302532 472.228699
v -24.057436 28.792150 469.989685
v -3.011598 35.375973 467.731079
v 10.845096 33.856415 465.368164
v 90.787682 31.469572 461.174835
v 105.646797 38.617805 462.269470
v 146.747253 32.979004 448.928070
v 172.041641 36.170753 441.771759
v 220.011139 33.959053 429.805420
v -233.917587 32.955124 537.492249
v -220.262115 32.291187 533.810425
v -175.227921 34.662544 520.307983
v -167.748978 28.772358 515.697632
v -147.284912 33.877121 508.944458
v -65.923180 33.926750 485.731079
v -45.938354 29.713549 476.645294
v -12.762830 33.878910 469.168854
v 80.657463 29.266678 461.404205
v 108.675888 31.883888 459.938690
v 127.670044 30.301418 454.583862
v 153.920105 33.837296 445.746826
v 184.558655 34.974678 438.697723
v 209.671219 34.345821 433.804657
v -225.825897 31.194817 533.643921
v -212.084946 31.773376 531.490784
v -142.736450 27.248024 504.653503
v -135.027435 30.677546 504.658936
v -122.276428 30.074757 501.756836
v -75.449936 28.395998 490.255676
v 56.365582 31.343391 459.482880
v 117.820518 27.843248 456.443298
v 138.945404 30.888670 450.954803
v 150.833694 29.614786 446.718384
v 180.298019 30.762905 438.740051
v 190.974991 27.239868 434.478210
v 202.790680 32.560638 433.797089
v 238.220520 31.722353 425.600403
v 246.614517 32.404488 424.020477
v -242.170547 29.332094 542.741455
v -153.880264 25.171473 507.889832
v -114.615349 22.648399 499.015869
v -108.082001 31.434839 499.524506
v -41.086960 29.754971 475.602081
v -0.016730 31.543001 467.966644
v 9.570717 23.898308 464.340546
v 21.314480 26.046421 463.665283
v 32.562061 25.479795 461.433228
v 48.413628 27.943169 459.856476
v 102.820007 29.077902 459.243011
v 132.654068 27.904367 453.343903
v 217.814209 26.377808 428.595551
v 233.006592 27.151281 422.353058
v -235.856522 23.406078 535.630920
v -203.882004 27.994919 528.072693
v -148.667694 28.034512 505.971619
v -100.387993 25.497524 497.758179
v 4.490400 26.890421 465.911255
v 60.756500 25.292055 458.614746
v 76.847244 24.931765 459.750061
v 167.644760 28.533602 440.269135
v 176.532074 23.734221 436.413971
v 196.447647 26.734352 434.427612
v 211.909225 28.811028 431.343506
v 240.106918 23.853727 421.487305
v -247.216431 23.829218 541.719238
v -241.261765 23.508053 539.615601
v -194.458771 25.063131 523.235168
v -187.125305 25.267860 521.239197
v -177.554138 25.253729 517.636780
v -60.880581 24.503983 484.087067
v -20.792170 27.206213 468.422943
v -15.412401 20.923101 466.138885
v -7.441255 26.839884 466.344360
v 66.039139 26.709341 460.144135
v 157.621796 23.328375 442.974640
v 200.438309 23.166796 431.843018
v 223.090637 24.135838 425.153595
v -223.324280 21.902754 531.169128
v -216.732117 21.175816 530.413269
v -138.561264 23.894892 503.553101
v -123.688278 23.441109 502.133911
v -88.821960 24.694042 493.881134
v -48.661446 22.757610 478.057953
v 84.056129 24.086550 460.230988
v 89.440285 18.208660 457.009796
v 102.061356 20.227827 455.550659
v 120.192398 23.408295 454.916199
v 141.723526 17.043413 447.850281
v 170.585342 19.689104 437.786377
v -209.196136 19.884016 527.866028
v -204.994888 21.846870 525.781860
v -200.066116 18.769039 523.727844
v -146.108353 22.702080 505.267029
v -118.214218 18.033377 500.486969
v -106.388618 16.978638 497.124878
v -82.179146 15.106630 490.911194
v -32.911385 23.657763 471.034576
v -23.657398 20.231867 468.473206
v -6.930665 20.254042 463.722565
v -0.898176 18.131002 463.061951
v 10.740845 11.986598 460.923065
v 71.971825 21.636272 458.092926
v 135.162109 19.789663 450.703766
v 207.064728 20.868937 429.658722
v 212.204483 18.433689 428.288391
v -190.029816 21.953180 520.242310
v -176.120132 20.546886 514.918701
v -170.939331 19.147608 513.395569
v -164.425400 16.798828 508.616394
v -132.546921 20.089989 502.971710
v -68.883125 15.526776 486.780731
v 25.166697 17.471060 463.028931
v 39.375511 19.481236 459.879852
v 58.108791 11.516302 455.502625
v 111.960190 16.678345 453.147980
v 192.216522 16.111814 429.522522
v 199.667740 16.421349 430.270050
v 218.543869 19.832108 425.640717
v 230.940292 17.107752 419.021484
v 238.094055 15.565117 416.914276
v -230.203156 14.827122 533.433899
v -221.671692 13.657173 530.969421
v -154.712524 13.296301 505.155029
v -112.734627 16.881062 498.557007
v -99.710541 13.637732 495.248566
v -46.181274 18.380157 477.420929
v -37.584736 16.787693 474.333069
v -31.176409 17.225456 470.783264
v 51.288723 16.259176 457.223602
v 64.481277 14.971239 457.001312
v 153.805832 16.551228 442.893951
v 179.561249 17.862024 433.653625
v -237.957733 12.995126 534.835876
v -195.882034 12.174976 520.468506
v -178.791229 10.311466 512.399048
v -160.918076 9.187583 505.074860
v -87.937744 13.492524 491.682068
v -56.057175 11.958885 481.335968
v -20.186495 15.252253 467.243591
v -17.138807 10.297774 466.799042
v 131.104782 15.120156 449.230774
v 224.161423 14.969085 422.349609
v -192.740005 6.736614 517.910828
v -146.644012 10.878624 504.416840
v -135.628906 13.958917 503.773987
v -128.470566 10.980084 501.962158
v -40.488571 12.851265 474.156830
v -4.776933 12.214923 463.506073
v 28.770382 13.672771 461.830292
v 82.804054 10.115073 455.106018
v 118.588440 11.894444 450.700836
v 154.391663 10.615062 442.694244
v 170.109268 13.285398 436.872284
v 186.850800 13.605852 429.930359
v 202.262131 12.190551 427.861023
v 217.441345 12.982814 424.659851
v -226.481018 12.743814 533.172546
v -208.262833 10.999154 526.446106
v -175.124847 6.369839 510.512207
v -167.465988 10.992336 509.374329
v -135.947464 11.330601 502.826324
v -120.768784 6.798756 499.253601
v -112.427307 7.341803 497.046356
v -75.004700 12.010209 488.084808
v -46.404762 7.024650 476.749268
v -35.569740 9.799112 472.755585
v -26.326632 9.331955 468.734802
v 21.195063 5.318824 458.409424
v 38.748993 12.140311 460.458954
v 105.751312 9.230574 452.768372
v 142.206192 11.397741 446.790985
v 207.375946 9.940475 425.296783
v 231.798813 11.590735 418.498993
v 237.417587 10.770020 415.479736
v -218.900909 5.722871 528.519958
v -202.827942 8.757033 523.127502
v -157.859421 3.981883 503.698578
v -80.035629 9.367889 488.161346
v -73.605415 8.609161 485.282532
v -8.600880 8.794584 465.063049
v 0.291549 4.750160 462.499908
v 94.324104 8.867019 454.337646
v 213.147446 4.211863 422.713776
v -138.611282 1.921638 502.357635
v -101.551216 5.187845 492.934784
v -59.286400 7.590116 481.618652
v -44.618675 3.496470 475.727386
v 52.663853 7.803309 456.751312
v 62.083721 5.024748 454.239807
v 69.264984 4.011638 454.884552
v 109.367874 4.600674 452.012604
v 131.486816 7.340298 446.984467
v 147.673492 8.463684 444.204559
v 186.953781 4.143861 429.090515
v 225.233276 4.547402 419.755890
v 243.476837 6.002163 412.194824
v -244.919144 3.095147 536.121643
v -233.695541 3.597854 532.687012
v -213.264191 5.951389 526.993713
v -147.412460 -1.184318 501.975983
v -129.562149 5.163088 500.813507
v -96.541908 3.364686 491.355072
v 6.797191 2.193743 461.114807
v 34.201702 4.171693 456.787231
v 45.902866 4.228061 456.548523
v 123.343086 3.365892 447.010895
v 199.588211 6.295225 425.628998
v -226.668335 2.224750 531.357422
v -186.545990 -1.300506 514.820374
v -81.709358 3.528719 488.021179
v 58.111683 0.405130 454.631378
v 145.443436 -6.648488 442.005615
v 177.366699 -0.093380 433.615540
v 192.440582 0.503931 427.270111
v 207.645493 2.648667 423.602417
v 234.807587 2.023245 415.996490
v -170.108398 1.584756 506.674866
v -161.468811 -2.817877 503.196960
v -117.276917 -5.132173 498.714600
v -88.144859 -2.701276 488.107147
v -69.877090 -0.535680 480.646729
v -64.986511 -1.844865 479.604340
v -58.497734 0.822540 477.007172
v -28.796827 1.109095 469.062866
v 10.942599 2.086782 460.691620
v 16.834743 -3.275602 458.816467
v 26.718279 0.808209 455.469299
v 40.908722 1.033938 454.130554
v 65.307297 0.833319 452.363129
v 79.415405 -3.305497 453.645935
v 86.788925 -3.419405 453.373138
v 99.463005 -0.632923 451.737427
v 156.288284 -2.029689 441.089600
v 201.750000 1.879112 424.091492
v -243.278458 -2.361681 534.755981
v -219.993256 -7.593063 527.471680
v -210.993195 -6.393116 523.699585
v -204.455627 -3.227490 520.963989
v -192.567108 -6.262000 516.177917
v -102.526207 -1.810711 494.725647
v -75.706573 -1.808176 483.002777
v -38.492035 -4.401053 471.172180
v -9.198672 1.016518 465.093231
v 49.887997 -1.048425 453.657806
v 106.434265 -4.060448 449.911072
v 135.780869 -4.201066 442.795532
v 217.622513 -1.332397 420.248077
v 239.212631 -5.056622 414.699707
v -244.889984 -6.142920 534.967529
v -182.914612 -8.333636 511.607452
v -129.683060 -1.341999 501.010040
v -46.307854 -4.535332 473.625427
v -28.374620 -4.840505 468.369934
v 2.271918 -1.305503 462.857330
v 32.324631 0.242670 454.888916
v 45.453419 -5.147844 454.661774
v 71.772316 -1.746519 453.367218
v 116.851387 -6.712278 445.869781
v 126.415573 -5.921227 443.320343
v 171.001984 -5.166884 436.230713
v 198.477066 -0.330514 425.773163
v 211.315582 -4.919767 419.483063
v 222.210602 -0.577714 418.874451
v -225.242050 -6.002234 530.526733
v 53.068352 -3.857783 452.019806
v 62.066013 -8.063809 449.880646
v 193.356781 -3.990957 425.389526
v 198.925766 -7.057054 423.130463
v -238.178131 -10.315223 532.294250
v -171.863235 -9.551745 505.216583
v -142.324448 -6.591043 501.854858
v -132.512283 -8.412472 500.733826
v -21.321815 -10.270583 465.237854
v -10.885733 -8.185773 464.211060
v 33.994263 -8.163164 457.402466
v 57.057575 -6.770535 451.223877
v 65.984444 -9.403522 449.571594
v 94.932251 -10.649303 451.593536
v 181.192001 -9.578062 430.494141
v 220.413895 -7.146816 417.326538
v -231.685089 -10.374835 531.345276
v -218.616623 -14.668859 526.959717
v -198.088623 -10.758119 517.667908
v -123.438232 -10.370229 499.807281
v -101.671608 -7.239965 494.932617
v -87.050049 -8.132637 487.639313
v -76.088646 -10.464374 483.661774
v -63.653225 -9.704141 479.588745
v -1.724528 -10.111115 463.340149
v 11.767004 -10.076078 461.954834
v 77.383888 -10.087709 449.812469
v 122.683502 -12.266530 443.629669
v 161.745514 -8.207684 437.757416
v 229.915054 -12.738923 414.501770
v -224.075577 -11.658871 529.073059
v -191.342743 -11.721499 515.204834
v -53.936623 -12.702784 475.596741
v -43.425549 -8.767921 470.152740
v 23.814718 -10.566381 458.868958
v 47.355042 -9.880678 455.290955
v 72.147430 -13.751692 448.210510
v 84.420219 -11.109818 451.170502
v 174.033310 -14.056779 432.132477
v 214.814484 -11.257751 415.898590
v 243.223907 -11.825880 412.245850
v -246.618073 -18.854074 535.572693
v -209.555161 -14.496916 523.648254
v -204.971680 -11.546600 522.206726
v -110.785683 -14.897965 497.443024
v -50.555107 -15.622906 473.076324
v -29.270985 -10.324767 466.075745
v 20.163942 -14.169343 459.145844
v 37.846409 -14.219341 457.786316
v 107.615387 -18.036818 448.108124
v 131.025848 -15.538884 439.959442
v 150.395172 -16.363888 438.421600
v 191.022247 -14.380646 425.146912
v 201.161591 -12.801518 420.451599
v -153.562927 -15.536017 502.438843
v -143.523346 -17.450006 501.309448
v -100.524773 -15.082513 493.225983
v -83.043076 -18.318468 485.986572
v -37.739208 -17.048145 468.024597
v -33.139435 -13.955367 467.227844
v 28.524668 -17.420252 460.533051
v 46.044945 -19.781620 456.786865
v 78.387947 -17.747940 445.202332
v -230.128220 -15.777179 531.352661
v -198.444397 -16.879620 516.470947
v -167.040054 -17.086899 503.133087
v -124.412125 -16.560591 498.973389
v -90.637596 -18.793951 488.564636
v -78.871056 -25.046904 483.333984
v -62.538246 -18.101622 476.685577
v 9.550952 -20.817827 462.147644
v 62.448986 -18.531258 451.950745
v 87.873108 -17.306091 449.169342
v 160.544098 -21.088783 431.969421
v 175.954086 -20.281258 429.138855
v 223.207596 -20.716618 411.216522
v 236.036530 -18.786512 410.608917
v -237.126312 -18.049629 532.489319
v -185.725128 -20.391571 511.994934
v -169.187820 -21.765350 503.741272
v -52.390697 -21.552673 471.750031
v -8.887999 -18.989082 464.201050
v 98.134171 -26.498625 448.364014
v 155.469833 -24.076756 433.976410
v 165.740295 -19.255630 432.316101
v 195.052002 -20.794827 422.241943
v 203.824539 -21.942221 417.439545
v 241.292023 -18.903214 410.401794
v -229.925735 -22.028645 531.320068
v -223.446487 -23.918276 528.957275
v -193.278366 -21.042625 514.457703
v -113.601730 -22.975195 495.876282
v -96.657860 -25.925440 488.861176
v -68.375824 -19.858843 479.334259
v -32.780064 -19.371090 466.720764
v -0.124975 -21.383980 463.630127
v 21.677101 -21.597118 462.083557
v 34.477539 -20.891525 459.971863
v 74.700890 -20.477060 448.651917
v 80.809242 -21.273977 443.792969
v 119.032005 -24.110966 443.610718
v 167.861572 -23.446667 429.404480
v 217.187485 -24.578119 412.338135
v -215.744766 -24.862127 523.893494
v -204.725372 -19.309851 518.391785
v -179.577164 -22.962004 507.372955
v -174.612595 -24.207199 504.595886
v -162.770935 -25.719616 502.780212
v -108.884048 -29.643572 493.408936
v 86.545914 -23.714798 447.684753
v 92.382462 -22.477423 448.842438
v 134.766296 -22.618715 436.734314
v 139.036255 -28.494911 434.671021
v -238.750214 -25.056204 533.285767
v -145.426315 -27.563902 501.421417
v -138.315506 -34.900448 499.546417
v -126.512405 -27.188320 498.333893
v -67.819717 -26.192621 479.475403
v -40.582596 -28.567255 466.376373
v -17.170815 -29.213837 464.512054
v 37.527649 -26.370651 459.216125
v 49.207722 -24.320110 457.577637
v 57.959930 -25.381952 454.785950
v 82.638779 -25.543158 443.039368
v 106.607979 -24.897018 447.616760
v 200.609528 -26.206352 418.933350
v -205.294327 -28.835112 517.970886
v -200.007980 -26.575676 514.944214
v -191.220688 -26.094481 510.122528
v -60.183369 -29.687819 476.149139
v -27.203211 -28.827925 465.019531
v 5.864811 -27.426245 464.386841
v 71.180321 -28.457596 449.464142
v 79.054169 -26.970728 445.162140
v 185.446915 -25.937279 424.096069
v 232.221069 -27.109463 407.459045
v 242.784012 -29.227558 405.225830
v -234.989990 -32.367420 532.632690
v -216.923950 -31.959522 526.816467
v -179.521194 -31.236044 505.549988
v -52.594585 -27.891939 471.882233
v 17.502417 -28.889156 464.101379
v 61.365208 -36.546188 454.270447
v 129.592407 -27.677488 438.152344
v 151.568756 -30.079348 431.229462
v 158.889954 -30.321667 430.180389
v 223.236328 -27.950954 410.347351
v -227.136185 -32.861809 531.063721
v -212.442139 -29.718716 522.492249
v -196.431396 -32.043564 511.852661
v -166.100677 -30.128693 504.037323
v -95.671150 -33.006737 487.598358
v -4.972200 -32.926819 465.334869
v 39.214890 -34.322746 459.767609
v 48.875198 -32.144306 457.973572
v 105.700562 -34.081078 445.055084
v 134.710739 -32.206505 435.190491
v 170.268417 -40.998051 419.342834
v 178.165466 -31.466345 422.574554
v 228.765427 -30.992403 408.437714
v -242.253891 -30.612207 533.745239
v -209.829071 -34.997272 518.755737
v -184.795883 -31.977819 506.681244
v -155.695160 -35.250935 502.440033
v -118.229797 -39.436535 495.576538
v -101.878990 -33.067585 489.530121
v 23.694082 -32.743896 462.854309
v 85.176109 -29.081537 441.916504
v 114.355141 -39.340805 441.086639
v 139.231766 -33.530991 432.438416
v 143.251144 -35.511806 430.473480
v 210.856506 -33.753067 413.191467
v 237.459808 -33.075783 403.794434
v -131.886169 -37.733795 498.697479
v -86.990005 -35.203617 484.186920
v -27.004250 -37.769485 465.331024
v -12.522831 -35.935886 465.190308
v 73.652908 -37.023762 448.956085
v 80.291405 -34.867996 445.694916
v 91.717239 -38.376911 440.899109
v 153.538391 -39.328022 426.426483
v 193.648239 -37.416107 416.429932
v 242.608643 -36.138111 400.431702
v -202.771622 -36.075489 514.035339
v -171.951401 -38.025711 504.321350
v -77.613022 -36.337749 481.680176
v -64.792999 -37.275578 477.472656
v -50.909531 -38.546406 470.439545
v -44.074158 -44.594547 468.628876
v 6.431538 -34.726524 465.281555
v 31.811533 -38.807991 461.360687
v 87.978340 -35.111725 440.890350
v 120.999435 -37.800686 439.492920
v 184.657730 -42.519188 415.490997
v 225.989227 -39.138985 406.216888
v -243.949173 -39.473782 534.453064
v -236.382233 -37.787544 532.590637
v -221.680984 -43.363007 526.364441
v -196.643921 -41.589684 510.930084
v -108.001259 -41.440578 492.800476
v 20.591274 -39.681332 464.070862
v 94.241295 -40.849190 440.622559
v 159.148056 -42.142792 423.125397
v -229.318207 -42.646957 530.492859
v -188.900391 -43.032555 507.491577
v -180.010605 -43.770809 506.080505
v -153.592407 -40.130585 501.372314
v -71.147415 -43.806671 479.227600
v -56.306484 -44.571995 472.905151
v 47.358536 -41.500458 456.908661
v 84.112694 -49.566898 445.755585
v 86.705170 -41.202461 442.936768
v 124.029785 -41.952835 436.970062
v 131.740860 -39.851681 435.281250
v 148.545792 -38.780968 427.299744
v 175.855179 -43.050510 417.982300
v 205.142227 -42.506390 411.883118
v -217.042068 -45.464031 523.179871
v -201.861130 -46.292057 514.549194
v -90.776558 -44.509102 484.537628
v -20.581900 -46.845264 466.363678
v -5.955320 -46.038780 466.114868
v 5.255539 -42.516247 465.137604
v 40.026581 -43.145477 459.302521
v 68.036133 -41.894264 451.757690
v 141.285614 -43.670155 427.415558
v 239.569199 -43.362930 400.733704
v -241.292465 -45.807350 532.959290
v -226.577240 -43.208584 528.080750
v -208.063385 -45.887539 517.119446
v -168.455353 -44.142212 504.379913
v -51.210934 -43.551311 470.061554
v -32.017017 -47.244308 466.815277
v 73.982475 -47.318947 449.004517
v 98.411858 -44.614956 439.146454
v -160.428802 -46.019756 502.820465
v -149.180069 -48.762527 499.782135
v -125.946915 -50.966743 496.397797
v -104.751160 -55.343819 491.427338
v 15.100637 -48.431046 464.931061
v 30.309816 -46.712223 461.605530
v 61.795879 -52.290897 449.867920
v 102.038872 -49.025661 436.070831
v 153.046204 -46.444691 424.488281
v 168.578384 -49.251812 417.190643
v 205.531387 -48.955730 409.481934
v 227.836823 -50.199802 401.611115
v -244.903229 -51.670700 536.992859
v -233.906494 -52.631195 531.686584
v -229.916702 -47.081528 531.370728
v -195.556107 -49.700069 509.442078
v -181.331177 -50.398548 505.720276
v -109.303825 -50.532482 493.225525
v -67.380592 -50.560196 478.233002
v -3.269784 -55.711037 465.995117
v 91.460190 -53.361683 441.817169
v 108.550591 -52.069977 435.040894
v 133.172623 -47.649658 431.039429
v 137.667389 -47.408932 427.925385
v 176.275284 -51.642216 415.186768
v 190.654358 -50.223095 411.354218
v 221.592560 -55.009476 402.320740
v 238.430878 -55.160938 395.153717
v -223.915848 -52.599411 529.614380
v -217.589905 -49.944901 525.348938
v -172.323502 -52.022255 505.131592
v -80.274773 -53.526718 481.876617
v -26.293697 -52.220474 467.875946
v 36.569553 -52.654419 458.287964
v 118.581474 -51.800182 434.343628
v -239.861603 -55.869892 534.057434
v -204.918930 -54.256947 515.120422
v -189.642426 -54.268681 507.677612
v -166.350616 -54.039993 504.264221
v -142.985229 -55.458908 498.350525
v -89.784210 -55.041992 484.640076
v -41.303368 -57.146370 469.848572
v 24.997877 -54.073063 461.447205
v 51.181812 -53.058472 453.321228
v 70.639191 -53.216656 447.979218
v 109.057922 -57.465942 432.044983
v 128.427841 -59.597500 429.601440
v 138.410904 -52.917336 427.314026
v 159.666412 -57.521076 419.276764
v 183.903946 -52.846790 412.457855
v 214.300278 -54.066471 405.132721
v -198.708664 -55.511059 511.748016
v -96.500206 -59.397350 488.511871
v -52.976673 -54.211311 472.863647
v -19.752102 -57.524990 467.685242
v -11.807477 -56.967457 466.639404
v 82.302643 -54.462677 445.271851
v 104.052032 -54.683056 434.022064
v 147.649109 -55.690697 424.082031
v 207.692612 -52.483807 408.339661
v -212.106918 -55.173260 520.252441
v -69.610962 -62.480259 478.147400
v -28.939932 -57.978371 468.293945
v 11.623093 -53.407543 465.058807
v 15.813411 -60.607944 460.805817
v 49.926750 -61.264458 450.051483
v 96.265083 -57.502895 439.421417
v 207.399750 -58.154121 405.834290
v -233.570343 -63.541382 532.350037
v -225.488205 -59.465317 529.695862
v -219.769745 -60.775074 526.963013
v -209.359680 -60.562321 517.851318
v -182.168381 -60.087799 505.445892
v -153.804245 -65.324974 501.364075
v -114.659363 -63.612659 494.265137
v -88.397057 -60.244999 484.722107
v 30.979885 -62.180653 456.617737
v 66.631584 -56.883713 447.604126
v 79.352654 -60.333607 443.590118
v 138.096451 -65.500748 425.474091
v 170.155212 -57.795853 416.107025
v 177.310257 -56.689182 414.658447
v 190.105057 -56.698711 408.823120
v 215.536987 -61.849377 402.973114
v 233.632538 -58.548271 395.349091
v -243.175797 -61.984375 535.048828
v -212.845840 -60.953293 521.323547
v -200.784225 -60.939449 513.698669
v -194.684006 -62.075035 510.156525
v -126.096191 -70.112350 495.764587
v -48.607143 -58.855095 471.978668
v 11.981606 -59.870262 462.619324
v 42.941879 -57.487572 454.612732
v 89.933464 -63.213711 440.665741
v 111.482857 -58.534870 430.365662
v 184.886353 -62.390057 409.432831
v -189.147827 -61.888496 507.053436
v -173.866470 -69.879509 504.284149
v -165.176849 -60.956669 504.205139
v -105.676781 -63.962856 492.055115
v -83.920776 -66.709404 483.240967
v -58.345417 -67.962494 473.894775
v -41.102524 -63.655281 470.794159
v -21.116549 -65.788391 467.568298
v -12.799793 -62.934155 467.422241
v -9.159404 -66.578499 465.539215
v 0.842365 -65.461143 463.409790
v 9.034882 -69.101105 459.946045
v 20.120857 -63.572433 459.127594
v 40.358688 -66.725090 451.541107
v 60.260483 -62.683521 446.342407
v 114.612801 -62.612904 428.991241
v 120.335480 -65.368576 426.545685
v 148.459244 -63.157368 421.713806
v 220.714188 -67.761208 399.980011
v 232.558075 -68.679131 392.813873
v 243.294128 -63.925713 387.459747
v -133.178848 -66.271439 497.474457
v -46.425503 -67.369133 471.005066
v 95.791939 -65.650238 438.782593
v 107.993263 -64.704430 433.271820
v 161.121170 -63.869160 417.779968
v 169.462296 -65.861298 414.644073
v 177.650040 -66.445641 411.693970
v 197.851944 -69.630524 404.165527
v -225.706604 -67.713722 530.409912
v -205.274857 -66.790627 516.150208
v -186.094131 -68.560608 506.308716
v -91.459419 -68.526917 487.198273
v -64.348198 -67.395691 476.493896
v -33.528984 -67.187241 468.908447
v 72.343567 -70.271332 442.356964
v 125.646927 -66.926720 425.241638
v 153.815887 -68.404861 417.916412
v 188.291702 -64.640190 407.651794
v -238.913391 -70.122131 533.576721
v -180.661926 -68.922363 505.395386
v -146.149429 -68.915657 500.303406
v -110.267944 -70.534950 493.482361
v -0.991598 -69.782829 462.332214
v 51.789745 -72.111366 446.145691
v 61.160347 -73.566460 442.127869
v 129.951630 -70.393684 424.381470
v 146.010300 -71.092621 421.992310
v -218.301910 -72.709404 527.403076
v -213.378113 -70.538635 522.506165
v -194.516998 -68.762604 509.173767
v -165.296631 -73.622528 504.036865
v -95.383705 -70.869698 488.839935
v -69.540596 -72.363548 476.960236
v 95.688835 -73.461197 436.204865
v 104.296753 -73.318115 433.295502
v 113.396812 -71.308815 430.044830
v 134.457642 -75.464783 419.505157
v 161.632065 -70.430923 414.834564
v 201.685257 -70.444633 402.662598
v 212.049927 -71.356277 401.960419
v -227.764435 -74.644928 531.138062
v -220.945221 -75.253914 529.375854
v -202.991669 -73.941483 514.944885
v -187.851532 -76.896812 508.028107
v -145.902130 -72.505356 500.370972
v -111.777191 -77.370819 493.108948
v -41.187111 -73.546440 470.113586
v -12.488160 -70.339905 465.159363
v 14.871855 -79.603683 455.500702
v 23.694651 -72.263893 454.621307
v 24.660692 -77.725929 453.244171
v 35.594299 -74.759743 451.620697
v 78.975998 -75.018280 438.202393
v 118.884438 -73.520187 426.873138
v 169.087326 -76.301743 411.682281
v 192.620148 -72.000229 405.691772
v 230.287323 -72.219322 393.826080
v 242.878967 -72.568741 385.043610
v -198.047760 -77.106392 511.197144
v -157.730164 -74.576996 503.017151
v -133.905869 -77.599167 498.130859
v -100.087318 -76.620598 490.629852
v -78.940620 -71.919273 481.690033
v -54.881947 -79.498268 471.777954
v -29.565651 -82.584007 466.682678
v -20.069685 -76.810867 466.626892
v 44.032902 -75.467125 448.235077
v 125.505859 -79.152855 424.138000
v 182.388672 -74.240700 407.543365
v -239.335083 -78.494720 533.895813
v -137.449387 -79.320137 499.599091
v -118.095329 -84.190590 494.903900
v -88.488319 -78.141129 486.183777
v -80.073334 -77.731277 481.680847
v -47.606686 -78.351807 470.468201
v -10.162035 -77.011185 462.968658
v -6.111396 -76.111259 462.618805
v 69.936562 -77.331490 439.711243
v 107.566765 -81.503227 429.384033
v 138.368622 -80.914986 417.631256
v 198.832870 -75.404701 403.858246
v 205.082245 -75.449318 400.991058
v 244.213272 -80.058655 384.192322
v -230.061996 -80.520737 532.434998
v -211.202850 -77.807396 520.279846
v -179.485870 -78.095627 504.675537
v -176.221313 -84.158943 505.286072
v -67.015282 -82.780540 474.936310
v -32.853672 -77.967659 468.611511
v -15.863192 -81.458595 464.174469
v 6.837212 -77.558907 458.327179
v 51.486092 -78.828209 444.753021
v 87.222343 -83.923981 435.176361
v 151.113602 -78.430374 418.595490
v 157.603043 -83.942345 414.308533
v 216.985352 -80.215057 399.558380
v 231.038071 -83.002869 390.908936
v -206.451553 -80.881744 517.669617
v -194.998978 -84.251503 509.756805
v -166.320557 -80.828209 504.350494
v -156.306763 -82.433014 502.873077
v -95.975769 -86.904648 489.055511
v -39.867134 -83.928658 468.507965
v 76.555183 -80.668312 437.522552
v 193.231033 -83.829239 403.710236
v 209.469772 -82.629524 398.455078
v 226.673126 -89.176567 392.485840
v -220.213928 -81.402122 527.419800
v -189.547775 -85.591949 508.814362
v -181.796219 -85.392349 506.009003
v -151.251465 -87.177673 502.455017
v -124.844543 -90.148933 496.705627
v -21.725676 -85.519257 463.941498
v -4.817937 -86.572655 458.480988
v 31.561249 -83.710602 450.646088
v 36.895344 -86.532288 449.248901
v 46.733128 -83.938271 446.554199
v 126.255478 -84.971786 423.595825
v 166.150208 -83.953079 411.954102
v 170.511780 -89.914658 409.360382
v 182.953705 -82.991760 406.970184
v 234.478653 -87.301186 389.294891
v -227.619202 -84.771996 531.404053
v -92.887726 -87.796036 488.380096
v -85.957626 -89.944298 485.753357
v -78.775543 -83.581757 481.393188
v 7.312255 -84.248093 456.808685
v 19.042606 -91.350113 453.100983
v 57.982754 -85.595146 441.318237
v 92.878777 -83.224876 434.918549
v 132.031464 -87.512985 421.424316
v 144.842758 -85.870819 415.799957
v -204.949814 -92.048050 515.584106
v -137.986008 -87.678642 499.400391
v -111.391975 -86.463776 493.137207
v -61.010963 -86.869743 472.731995
v -52.175926 -88.418617 470.698486
v 63.652588 -91.608688 438.641510
v 72.277290 -89.117622 436.050140
v 122.877190 -90.739693 422.760071
v 216.592758 -88.839073 393.993164
v 221.924057 -88.251923 394.245880
v 244.672928 -86.802620 383.076233
v -221.094986 -90.432838 529.375366
v -212.837952 -92.565094 521.819397
v -159.464081 -90.165512 502.463837
v -104.126297 -95.220764 492.624146
v -78.010674 -90.233742 481.974731
v -43.326038 -95.799194 467.609650
v -13.311130 -96.227371 459.337280
v 81.361420 -93.494148 434.256866
v 100.514717 -88.656624 430.500214
v 105.766006 -90.867439 427.767242
v 157.013535 -89.967819 411.949768
v 183.520386 -88.299736 405.277924
v 189.763138 -91.700912 404.801514
v 202.081879 -89.281265 399.617462
v -239.637726 -91.093216 533.139465
v -234.157669 -95.879333 532.101746
v -228.916245 -91.183876 531.958923
v -175.599472 -90.717751 505.193298
v -143.812073 -90.488884 500.875488
v -139.618851 -94.699455 499.139160
v -24.120876 -91.295586 463.578918
v 30.326809 -98.635750 448.016571
v 52.289619 -95.142570 444.034424
v 91.962006 -90.601196 432.123352
v 162.473068 -91.318375 410.237549
v -198.479645 -94.459923 510.725830
v -115.938896 -99.253273 494.202240
v -68.337509 -95.309753 478.021179
v -35.470959 -96.338013 465.681549
v -9.006154 -94.225487 458.144989
v 8.773415 -94.568665 454.221222
v 42.999176 -92.147095 447.359711
v 109.808907 -93.994972 426.467682
v 140.355621 -94.270149 417.051392
v 151.398254 -92.708282 413.446869
v 202.921097 -100.422127 396.814423
v 243.416183 -90.518463 384.026428
v -244.150696 -95.029625 535.336304
v -185.983826 -99.343597 505.810760
v -146.248428 -100.314514 500.482819
v -59.343285 -93.033150 472.530670
v -15.089267 -100.635918 458.530579
v 24.086042 -96.270874 450.785126
v 55.816425 -97.956696 442.312256
v 197.691406 -97.613914 400.967529
v 223.053436 -94.904297 392.711426
v 226.290741 -93.786865 389.786682
v 236.690308 -96.182579 385.897003
v -223.797516 -96.998093 529.536377
v -216.992172 -99.923439 525.075928
v -131.778519 -100.876701 497.334930
v -86.427666 -96.004745 487.180389
v -52.095894 -99.621605 468.975861
v 5.421573 -98.914795 453.138092
v 168.780731 -94.799492 410.978760
v 185.094543 -98.003059 405.644623
v -175.924088 -99.121750 506.330963
v -111.208870 -101.294495 493.478180
v -93.084221 -100.030373 490.295441
v -75.677940 -100.060219 481.934845
v -22.516960 -104.741020 460.446259
v 15.958138 -101.369041 451.249786
v 73.488754 -101.339043 434.729675
v 89.337776 -99.311081 430.744263
v 153.511383 -98.518425 414.368439
v 213.933777 -99.845047 391.011139
v 243.616287 -96.047432 384.199860
v -242.844742 -103.169456 533.236877
v -235.116974 -101.280876 532.207397
v -229.892746 -99.603325 529.320312
v -196.937088 -102.370338 509.866943
v -122.680519 -107.606689 496.326538
v -100.311699 -102.899902 492.830963
v -68.395493 -101.223808 478.915039
v -3.540583 -104.012527 454.585510
v 61.313431 -106.048996 439.558289
v 97.763680 -102.290680 429.243774
v 138.995514 -102.175423 417.296570
v 158.143372 -108.768379 413.014984
v 173.003708 -101.928886 410.851746
v 223.234879 -97.997330 390.566864
v 228.301849 -101.733459 389.730133
v 238.613052 -100.976807 384.392883
v -214.367462 -105.076706 520.447876
v -163.880554 -101.008934 503.134338
v -42.397743 -106.270493 464.386383
v -33.396061 -108.343475 461.948029
v 41.941681 -105.896294 444.785431
v 55.404686 -111.623344 441.267334
v 115.398087 -106.387123 422.307739
v 127.339722 -100.932297 419.902374
v 179.496689 -101.396622 408.743561
v 196.883835 -106.737724 402.280334
v -224.505676 -106.058434 524.984558
v -191.687531 -105.176224 507.983368
v -186.760483 -104.847572 505.962097
v -164.521942 -104.803368 502.735413
v -88.627670 -105.633865 489.546722
v -81.989868 -107.640793 486.316254
v -60.284081 -110.743713 474.925842
v -51.519974 -103.068077 468.906555
v 11.721363 -105.722534 450.624817
v 19.854000 -106.956787 448.321899
v 84.655869 -108.424286 430.854645
v 108.998589 -108.253494 424.155151
v 134.217941 -106.150787 417.569641
v 202.621109 -105.462997 398.805695
v 215.943161 -102.825768 390.389069
v 223.842621 -104.103645 389.846985
v -239.765533 -107.503242 531.936707
v -235.069046 -106.929665 530.213867
v -203.604980 -104.918663 513.032227
v -196.241180 -109.654076 507.983795
v -160.946869 -109.725899 502.782623
v -148.836258 -108.390450 500.238586
v -141.878174 -112.594971 498.636597
v 23.779356 -110.227501 446.774689
v 71.806389 -108.690331 436.083099
v 171.528320 -106.684128 410.762817
v 194.281067 -108.247734 403.119904
v 219.470032 -105.737267 389.178070
v 235.211121 -107.063934 384.958130
v 244.673965 -111.357788 380.340607
v -175.537827 -109.425102 504.895935
v -101.271736 -111.439911 493.164520
v -76.661011 -113.792618 483.987671
v -68.831123 -111.472137 480.081787
v -29.560175 -115.108925 460.441895
v -19.707932 -109.960617 458.599060
v -7.883300 -110.473022 455.555786
v 65.873924 -113.051308 438.017822
v 93.528358 -113.168137 427.072296
v 123.180099 -106.589890 421.996490
v 143.368393 -106.874489 415.495483
v 209.919617 -107.694122 396.528015
v -217.228958 -110.863983 521.502563
v -202.111816 -110.234390 512.704163
v -118.330208 -110.886711 494.438293
v -116.102486 -117.907990 493.316101
v -95.869080 -109.810959 490.830750
v 8.280712 -113.312210 450.704071
v 118.013474 -113.292343 422.540894
v 127.734779 -113.431839 419.680237
v 187.580704 -111.852600 406.500641
v 214.906708 -110.357445 393.581024
v 221.128098 -110.532745 390.935883
v -235.103699 -112.131676 531.670105
v -213.067780 -113.853691 518.810364
v -188.259872 -112.576164 506.212372
v -52.637363 -111.654808 469.422028
v 16.980553 -112.353905 448.748993
v 29.278540 -117.260071 443.418640
v 79.906860 -114.357773 433.155334
v 138.638245 -111.833817 416.723846
v 179.521027 -114.895149 409.004364
v 206.412857 -115.385078 398.116608
v 227.620605 -112.253090 385.828430
v -225.923615 -113.597725 526.937378
v -191.673294 -116.977280 506.793793
v -172.462601 -114.702126 504.742310
v -157.402069 -121.104195 502.729919
v -85.781128 -116.494423 487.423035
v -3.411536 -120.742592 451.681885
v 36.409435 -120.751465 441.955811
v 49.195656 -113.538391 442.524384
v 148.874954 -118.398010 415.312775
v 153.693649 -116.320503 415.251862
v 167.268616 -113.143639 411.368866
v 238.206497 -115.195198 380.939453
v -235.133667 -117.791313 531.042358
v -202.858780 -117.356064 510.431580
v -43.874805 -115.548920 464.424438
v -33.220707 -123.058456 460.070923
v -17.208267 -120.301277 456.049042
v -9.649282 -123.209221 453.795532
v 56.799049 -119.299591 440.485748
v 61.434437 -118.163071 438.331482
v 86.824326 -115.646149 430.166656
v 105.889648 -118.722717 422.159210
v 116.083008 -118.632423 420.508331
v 134.422409 -119.046021 417.007324
v 158.411926 -120.302567 413.243591
v 193.184113 -119.554108 403.595551
v 198.675186 -118.047310 400.381409
v 242.480682 -114.160507 379.850555
v -224.129028 -117.235786 526.190247
v -181.899078 -126.848671 504.580322
v -168.767960 -125.320633 503.409027
v -130.338196 -120.716125 497.118439
v -95.384163 -119.434830 491.562653
v -61.516384 -120.986084 474.264709
v -22.544914 -124.198196 457.533173
v 4.903522 -124.550636 447.654755
v 44.132153 -125.754707 439.977570
v 70.661858 -122.164108 435.332428
v 102.637154 -116.443146 423.602386
v 128.447876 -117.009438 419.358246
v 188.603683 -119.050598 404.884125
v 219.758759 -117.152618 392.946350
v 232.557617 -123.568314 386.165863
v -245.124710 -122.846146 532.171448
v -229.443268 -121.495522 528.129639
v -220.854126 -120.617966 521.157410
v -212.796570 -119.522156 516.942322
v -103.831612 -122.698952 492.493835
v -89.232567 -126.899139 489.539825
v -67.951820 -124.588463 478.993683
v -53.930141 -121.714027 470.072052
v 82.745720 -118.836754 433.317413
v 89.095245 -123.863251 429.940308
v 126.230042 -120.315216 418.551117
v -202.904434 -121.611183 508.504333
v -194.283005 -121.355812 506.110077
v -189.921982 -129.805954 505.403748
v -113.378189 -130.972656 492.189453
v -71.805977 -129.799942 480.107239
v -43.716206 -125.625908 463.543304
v 11.941921 -122.217842 447.248077
v 103.063797 -129.694916 426.003632
v 111.240936 -121.766823 421.053925
v 117.059433 -124.210396 418.591492
v 163.144577 -123.442528 411.146454
v 168.744324 -122.622688 410.646881
v 171.452515 -126.911743 408.535126
v 195.413177 -125.135452 402.309662
v 210.071777 -124.668663 396.250641
v 221.220947 -123.361855 392.559906
v 227.150101 -124.296829 389.727997
v 243.495438 -122.000366 379.267944
v -215.123215 -124.692276 515.659180
v -207.634323 -128.014145 510.041260
v -144.140564 -126.587814 500.250549
v -130.138214 -129.764633 497.673401
v -118.960091 -123.841301 494.056458
v -93.144226 -125.558952 490.439575
v -76.773277 -124.216751 483.583313
v -58.279022 -125.844673 471.265228
v 24.980373 -122.474838 441.875336
v 60.942764 -123.041153 438.042999
v 120.960846 -125.597000 418.619202
v 131.042130 -124.582756 416.385406
v 138.884613 -126.095665 415.236633
v 182.956833 -122.670738 406.945709
v 236.606155 -125.803619 385.118439
v -220.049866 -127.910843 519.590820
v -199.235992 -129.245056 506.871979
v -64.922478 -127.436958 475.110046
v -15.529378 -129.629807 453.288300
v 29.110939 -129.648987 440.130035
v 36.797436 -129.712112 439.621155
v 48.993866 -128.186111 438.733978
v 76.044449 -129.263687 433.258575
v 82.375244 -126.559685 432.234955
v 202.956390 -130.930008 399.290863
v 217.098343 -128.426071 392.924164
v -245.893127 -128.145798 531.416382
v -236.724426 -130.393326 530.503784
v -232.566345 -132.560211 527.601257
v -227.347229 -130.035568 524.078308
v -157.290909 -132.014267 502.484863
v -100.229240 -127.457390 490.192902
v 0.253130 -130.218292 448.583740
v 7.081400 -131.556396 445.314819
v 18.352310 -128.948776 443.673370
v 88.962814 -131.222260 429.776672
v 242.534714 -128.075043 381.491180
v -246.489807 -136.074753 530.316040
v -80.981628 -132.405396 484.466797
v -75.138741 -130.320160 482.469116
v -47.965942 -132.711517 463.864655
v -21.330778 -131.667084 455.180023
v -5.605787 -129.973557 451.116119
v 114.848679 -129.051544 420.464600
v 121.937019 -131.176758 418.343353
v 160.084854 -133.611908 410.726654
v 198.656265 -131.241653 400.356049
v -216.951965 -131.605438 515.563965
v -206.016495 -129.744797 509.707153
v -185.756882 -132.395203 505.766632
v -122.198517 -134.468399 494.972290
v -95.077751 -133.811432 484.730072
v -59.152805 -131.201141 469.140106
v -30.925142 -132.782562 455.995453
v 132.768494 -133.539230 415.832977
v 142.892105 -134.277496 413.578003
v 187.552277 -135.212326 403.215820
v 228.170334 -132.844757 387.779053
v -193.151398 -134.769257 506.328979
v -180.081741 -135.555695 504.778412
v -172.119003 -138.817215 503.201172
v -110.459724 -138.076050 488.801483
v -105.042953 -140.196442 484.974152
v -69.164803 -134.055710 473.154114
v 31.251226 -137.646149 438.594574
v 42.904694 -135.055466 438.205597
v 53.094994 -133.944992 437.410828
v 64.109093 -135.058975 435.422729
v 98.175316 -139.251251 428.465912
v 111.134804 -134.084076 424.427979
v 153.161896 -141.879196 411.168152
v 179.456070 -137.328125 405.440521
v -228.945053 -139.302521 520.863464
v -215.113632 -136.954529 512.333801
v -207.481888 -136.229507 508.755066
v -167.108353 -144.813431 502.388245
v -120.850403 -142.213181 493.186615
v -84.252525 -139.037643 481.898682
v -44.756290 -138.692169 460.023895
v -19.532469 -136.936920 453.982422
v -11.959944 -139.823318 451.192841
v -8.571330 -135.644196 450.290070
v 1.975175 -137.448303 448.462036
v 12.961033 -139.021133 443.568481
v 77.851395 -139.677200 430.966980
v 146.098816 -136.721512 412.990234
v -238.555771 -139.462433 529.323120
v -225.044662 -138.237488 516.627014
v -199.073624 -138.449936 506.347839
v -192.837463 -140.430466 505.989685
v -157.023499 -143.496826 501.703461
v -138.939911 -141.962906 498.994873
v -76.138863 -136.164658 480.864777
v -71.061806 -139.636032 472.026672
v -64.478653 -137.952484 467.666718
v -54.591911 -138.574799 463.268616
v -34.664673 -141.929184 455.032867
v -26.825220 -141.959244 451.136322
v 24.931492 -138.509766 438.466614
v 38.474060 -139.579453 435.797821
v 48.887352 -138.991959 436.275116
v 57.076397 -140.201309 433.406433
v 101.115555 -144.986526 427.693268
v 200.280792 -143.558090 397.756195
v 214.426224 -140.823135 393.420532
v 225.683685 -138.134109 387.443756
v 242.210602 -138.125549 380.657867
v -134.642242 -146.347336 497.422302
v -96.902435 -142.679855 480.684631
v -91.084396 -141.713135 479.277832
v -3.424689 -145.158142 447.791260
v 67.018562 -141.588013 432.218414
v 86.171944 -140.970398 429.505280
v 92.549294 -143.514893 428.411346
v 119.907745 -142.640320 421.757294
v 127.797493 -141.691528 418.736389
v 134.397125 -142.506195 415.803101
v 193.991913 -143.937469 400.219269
v 207.321075 -141.678101 396.261444
v 234.364594 -140.527802 383.825287
v -216.724747 -142.097519 511.657318
v -208.866257 -141.760712 509.606384
v -21.697359 -142.808823 451.565552
v 14.806187 -144.858139 442.618896
v 43.217026 -145.131607 435.219330
v 112.033195 -144.195023 424.681671
v 165.174927 -144.716736 406.877258
v -238.967926 -143.200867 527.832947
v -224.259598 -143.599472 515.070740
v -202.648117 -145.449448 507.372772
v -186.631134 -146.981567 506.489075
v -174.838043 -146.548599 503.396118
v -107.384293 -144.957230 485.911774
v -80.775009 -142.253540 476.947754
v -71.548912 -144.954361 469.590027
v -57.089115 -144.020081 461.145996
v -49.539154 -147.360443 456.668091
v -13.138168 -143.840073 449.552032
v 26.459908 -143.694168 437.294189
v 31.493137 -144.733902 435.303558
v 36.249039 -146.911621 434.082855
v 116.845795 -145.017334 422.062500
v 145.881424 -150.294098 411.652039
v 149.615631 -145.984970 411.848022
v 171.150818 -146.389496 405.651306
v 183.860229 -147.712189 402.455109
v 217.146469 -148.351639 390.304016
v -246.308578 -149.136017 528.665527
v -232.542282 -147.716965 518.002808
v -113.968414 -151.246872 487.143860
v -92.107742 -144.971725 476.876617
v 6.522787 -148.994736 444.634308
v 48.981174 -148.122772 434.578979
v 61.359657 -147.770172 430.368195
v 75.743332 -144.962906 430.720428
v 233.264877 -150.426712 385.205811
v 238.419312 -148.106400 380.354187
v -215.473404 -149.211655 509.225586
v -126.267509 -150.694473 494.021698
v -98.562210 -147.039291 481.727997
v -82.433449 -149.942551 470.940674
v -68.579399 -154.909668 464.750519
v 86.078346 -149.096985 428.714325
v 93.174728 -149.860413 427.298309
v 131.866364 -154.358765 413.753235
v 156.844299 -146.308517 410.253571
v 164.709915 -149.905853 406.884705
v 209.658691 -150.884262 391.178040
v 228.513260 -145.953873 386.248016
v 240.546051 -152.959106 378.867798
v 246.178284 -149.552643 376.365356
v -240.273254 -152.160431 523.857605
v -228.040482 -151.868866 516.592102
v -207.364212 -152.856781 507.452148
v -107.670990 -151.456604 483.158875
v -70.382088 -150.439499 467.718719
v -20.374399 -149.084808 449.505768
v -8.260626 -153.355469 445.423218
v 12.681674 -152.966782 442.104248
v 22.523077 -149.817657 437.935181
v 40.048813 -152.642624 431.319702
v 53.512497 -148.407211 433.527527
v 120.183388 -152.842926 418.903320
v 140.942490 -153.803238 411.089966
v 151.490555 -152.865616 409.588348
v 218.714844 -152.440582 388.977631
v -236.658493 -153.273865 521.927856
v -183.018234 -154.830612 505.874176
v -165.199615 -156.999619 499.588104
v -149.672089 -156.013824 499.665802
v -133.168365 -157.859512 496.245972
v -120.054100 -154.759003 488.556488
v -92.507111 -157.939835 470.191650
v -64.987946 -159.029922 460.672882
v -47.806320 -154.436462 453.037354
v -34.306332 -154.123093 449.641205
v -26.537210 -153.920502 447.122742
v 31.784029 -152.255814 434.423553
v 78.166862 -152.986404 428.481750
v 192.865753 -155.245865 397.657745
v 201.200211 -154.359222 394.763947
v 225.738022 -153.102066 385.353394
v -232.062973 -152.651245 517.691223
v -219.132690 -156.171509 510.544922
v -196.146591 -155.016983 506.107178
v -99.665733 -155.561249 476.037323
v -85.229538 -156.799850 468.515778
v -60.195923 -156.899139 459.413361
v -21.721285 -155.163879 446.843658
v 44.859985 -158.425507 430.304230
v 50.440647 -157.887238 430.694397
v 65.604218 -155.521530 427.756805
v 105.081856 -153.968872 424.756897
v 175.221634 -159.595505 399.732208
v 235.975327 -155.013565 379.461212
v -212.205597 -158.648361 508.301544
v -189.347641 -161.606064 506.433258
v -127.709213 -162.063629 491.587494
v -105.176796 -156.160980 478.484467
v -82.280144 -159.259140 466.268921
v 24.605291 -156.782333 436.836639
v 56.782013 -159.066360 430.136169
v 72.592278 -157.436722 426.753754
v 111.610558 -156.147354 422.328918
v 122.698601 -156.337952 418.018890
v 171.491058 -157.484970 400.882477
v 213.647751 -155.903427 387.758453
v 250.139725 -157.404999 375.554871
v -241.377914 -157.331177 524.655151
v -236.105011 -161.386368 520.956238
v -174.850952 -160.285492 502.188202
v -74.580765 -159.650085 463.662537
v 6.912220 -157.332718 442.423340
v 80.037971 -162.718933 425.520813
v 88.182610 -157.805038 426.130341
v 159.206116 -157.798492 406.244934
v 198.606766 -156.889313 394.283295
v 218.682449 -158.614822 385.437958
v -226.008224 -160.404358 512.922668
v -160.862061 -162.349319 498.251190
v -153.164627 -165.053680 498.483551
v -142.032974 -161.909592 497.350616
v -115.656319 -158.395172 485.170685
v -106.015709 -162.523209 476.276550
v -88.629517 -161.684967 465.457581
v -44.835091 -167.114746 445.117554
v -17.441446 -163.463394 443.171814
v 10.569281 -161.240784 440.964722
v 21.274717 -162.355148 436.298187
v 27.479324 -164.519119 433.506531
v 41.607212 -160.666428 428.682434
v 107.438820 -159.247742 422.059784
v 124.889481 -165.369293 416.147369
v 146.514252 -160.217804 408.609772
v 230.096863 -158.294479 381.476593
v -246.071060 -163.346786 528.031616
v -201.434204 -162.971146 506.172974
v -193.643585 -165.565689 505.807159
v -113.699760 -164.199661 479.929443
v -98.867416 -162.242172 470.290833
v -51.561966 -162.884842 450.120331
v 1.271541 -164.664825 439.993683
v 94.536537 -168.042587 422.069153
v 133.626907 -167.412766 412.373413
v 168.584351 -162.726471 401.703522
v 186.311462 -163.874039 395.410004
v 205.052429 -169.657837 386.132111
v 213.189270 -167.918243 384.234558
v 235.470261 -162.697174 379.057648
v 240.064194 -162.055939 378.491150
v -220.527557 -164.995697 508.208893
v -176.891190 -167.492447 501.389954
v -156.802856 -170.954010 496.975922
v -63.234245 -167.021271 456.543396
v -29.780220 -163.405731 444.028595
v 12.184247 -165.411392 438.953064
v 58.817554 -168.457764 427.323853
v 74.068474 -172.261856 423.240784
v 108.521095 -166.231384 420.020569
v -232.990768 -168.634628 517.639648
v -213.412170 -167.667038 506.769104
v -187.494568 -168.308044 504.950958
v -132.488678 -164.554306 491.717957
v -124.339790 -167.607330 485.985992
v -92.527527 -165.533737 465.322266
v -81.831245 -167.526337 460.609222
v 43.137482 -164.676300 427.753387
v 147.183502 -164.861115 408.687958
v 154.255615 -167.281586 404.288574
v 220.010315 -167.284622 383.729858
v -241.567017 -172.577209 522.394104
v -166.516281 -174.687271 498.305023
v -114.206367 -167.850113 476.399658
v -74.211304 -166.193787 460.906189
v -39.491508 -170.238617 441.690887
v -26.795137 -168.205597 441.446869
v 15.560334 -171.943726 435.540558
v 27.537596 -171.293381 431.020020
v 45.077168 -170.453186 425.843109
v 52.297264 -168.185913 428.023071
v 82.112366 -172.239197 421.717712
v 88.227310 -175.350555 421.031250
v 105.465340 -171.152679 418.445892
v 168.303528 -168.347733 400.611694
v 186.082077 -168.301468 393.308533
v 192.333664 -173.177322 390.158966
v 243.618271 -170.107712 374.297729
v -208.113480 -174.871765 505.870361
v -200.548340 -174.672455 504.809937
v -159.165787 -174.168564 496.227020
v -136.423828 -174.237289 488.966583
v -103.351341 -171.930664 465.847565
v -71.563362 -171.406296 456.134949
v -60.460571 -175.423187 449.905945
v -55.994747 -174.220566 447.129761
v -13.098381 -169.266663 439.431244
v 63.235817 -172.079880 426.031921
v 129.423233 -168.825333 414.268494
v 139.562790 -173.950821 408.584656
v 161.124557 -169.405777 402.387268
v 177.693100 -172.846405 395.742767
v -236.158417 -176.132431 517.600098
v -192.173111 -174.300232 504.094727
v -145.979645 -172.723984 495.148163
v -128.545044 -170.919479 484.161072
v -123.265663 -171.804855 482.382751
v -115.584579 -171.912811 474.982330
v -93.757759 -177.456131 458.318970
v -87.888977 -172.957764 458.188141
v -6.474066 -173.814407 437.572021
v 7.634678 -179.991135 433.208313
v 22.220268 -175.194473 432.628906
v 113.562393 -172.647079 417.603577
v 118.018181 -179.632828 414.414551
v 171.256516 -171.868256 398.584229
v 207.816910 -170.605484 384.276947
v 214.647644 -175.904251 381.901184
v 232.741302 -171.179993 378.481232
v -215.414856 -174.133133 505.169128
v -126.668976 -176.855423 479.006042
v -50.332607 -174.332108 445.728790
v -30.104532 -177.853806 436.153717
v -19.636692 -172.687103 439.413391
v 1.163896 -177.953018 434.998871
v 46.202744 -175.848557 423.296570
v 52.285542 -176.987167 424.543030
v 128.831085 -176.815582 412.151123
v 148.467758 -175.944809 404.451141
v 159.411224 -173.577576 400.311371
v 168.149475 -177.491852 395.125244
v -227.926849 -176.660141 509.619110
v -223.254730 -179.868958 505.182068
v -179.457458 -177.615875 499.536774
v -143.560806 -179.771027 489.257202
v -121.641006 -178.403427 471.893982
v -67.614548 -180.455017 450.440735
v -41.784920 -177.857620 440.216003
v -9.198770 -180.497314 434.211334
v 34.372494 -178.776520 426.511871
v 66.552177 -178.942886 423.318054
v 98.090736 -176.065720 419.366821
v 201.705063 -176.227020 386.152405
v 225.155182 -179.491684 378.495667
v 241.359512 -180.017426 374.535950
v -205.900558 -184.663330 504.354584
v -115.734886 -180.707062 467.989746
v -111.026169 -180.479813 465.213501
v -78.686028 -179.354507 453.167908
v -52.060627 -179.069550 443.854950
v -16.253746 -178.232498 436.210815
v 55.998035 -183.583237 421.567810
v 82.745872 -179.927963 418.487274
v 105.354584 -180.269974 416.783295
v 142.464478 -182.314758 404.877777
v 154.809860 -182.119873 399.194733
v 161.047012 -179.963303 397.608551
v 179.461838 -183.542206 390.272766
v -136.089706 -183.918182 481.218903
v -100.537575 -179.320190 461.924744
v 38.908012 -184.948837 423.369873
v 94.742043 -180.227371 418.353088
v 127.830620 -182.495789 411.730743
v 135.879181 -182.180191 407.352051
v 189.193054 -184.526398 386.127533
v 202.537109 -180.270874 382.234314
v 215.053268 -182.838562 379.122345
v -228.018417 -182.941269 507.200012
v -199.713974 -182.221466 501.674561
v -178.825790 -184.956406 497.097412
v -167.518143 -184.013763 495.145569
v -90.250252 -182.824860 453.901489
v -61.553360 -183.500000 447.983093
v -46.858299 -182.978561 441.075165
v -30.974669 -184.533554 434.451141
v -22.457676 -185.321793 432.650940
v 19.831881 -182.324753 430.680023
v 47.946953 -180.863190 421.667236
v 68.655754 -185.135910 420.156464
v 77.894707 -184.446686 418.368591
v 207.470764 -182.975342 378.680634
v -234.371368 -186.804489 513.846375
v -212.579132 -183.054214 504.493927
v -193.709839 -184.905197 498.809174
v -153.575012 -184.096222 488.958405
v -127.094521 -183.384979 472.918030
v -101.840897 -187.262268 457.334961
v -70.890587 -183.995117 449.693573
v 30.660887 -188.139145 426.291504
v 63.839081 -190.471909 417.216248
v 146.757980 -186.019272 401.040283
v -122.699203 -189.392639 466.627472
v -68.501221 -186.495270 447.730255
v -43.151886 -186.480255 439.286407
v -11.193785 -188.397888 430.639587
v 5.561728 -187.171432 429.695282
v 50.490406 -187.243515 417.918243
v 91.654724 -189.411804 413.302704
v 98.666443 -188.379944 414.993896
v 117.046700 -188.921585 411.556244
v 139.151794 -186.774033 402.590668
v 158.730499 -187.326263 394.718170
v 203.689957 -188.389053 377.632751
v 221.868835 -187.930283 376.908295
v 235.174683 -189.872559 373.290009
v -240.643799 -189.639938 517.090149
v -223.373688 -186.343674 503.862671
v -187.724548 -187.940048 498.345306
v -154.448975 -188.254562 487.090088
v -145.472382 -187.963165 484.618530
v -133.537643 -186.350601 474.748749
v -111.035164 -189.800323 459.781769
v -99.253143 -192.476471 452.737091
v -90.568680 -190.348450 450.947510
v -82.394562 -188.334000 450.102814
v -54.617455 -188.375854 443.180847
v 24.235723 -186.710159 428.845612
v 81.365753 -191.166946 414.857483
v 107.791313 -191.097626 413.139801
v 128.717804 -186.824417 409.803406
v 152.194000 -188.177582 398.866119
v 168.536713 -187.806549 391.613861
v 181.873642 -188.109421 388.332184
v -227.146927 -189.861832 505.291504
v -172.606415 -193.451202 494.497345
v -164.004837 -191.277527 492.161285
v -128.525085 -193.135681 468.919983
v -26.107460 -191.279922 430.840118
v 9.510173 -192.942688 426.713867
v 16.559278 -192.493744 425.960449
v 70.462692 -194.618652 414.507263
v 191.905106 -190.876541 381.035736
v 208.492126 -194.634598 377.269958
v 250.026352 -189.839157 372.348633
v -234.085495 -192.612732 509.806915
v -214.982407 -191.215927 503.403564
v -203.708557 -192.659088 499.806732
v -197.969223 -194.327682 498.640991
v -187.631134 -196.748856 495.802734
v -150.733780 -192.212952 482.259674
v -141.842438 -194.252777 472.722778
v -104.641548 -191.377533 457.956635
v -79.504593 -192.941467 446.799500
v -72.492416 -192.159088 445.750824
v -66.770988 -195.324432 443.572784
v -56.492260 -195.762497 441.955475
v -48.429344 -193.258713 438.745178
v -21.751125 -200.711548 425.746338
v 2.053379 -191.497879 428.573883
v 22.614502 -194.021805 425.365204
v 30.562992 -195.837433 424.136047
v 52.056255 -192.418945 416.535309
v 122.642441 -194.969238 409.047882
v 135.865677 -192.428207 403.830597
v 142.886902 -194.535538 398.448303
v 152.327103 -194.975281 393.402679
v 161.969788 -194.510452 388.160614
v 220.443512 -193.402786 375.900330
v 226.777206 -200.488724 373.918915
v -226.484833 -194.530502 503.830322
v -210.570709 -196.230118 501.288696
v -177.743912 -197.482834 494.035736
v -103.197685 -196.503815 453.991211
v -91.993126 -197.857880 449.302185
v -42.749680 -197.338547 434.709900
v 34.378353 -198.067719 422.090729
v 45.085445 -199.425644 416.708282
v 170.942062 -196.654404 388.006622
v 180.816727 -199.115631 384.195496
v 204.100311 -196.171982 375.912262
v -239.061935 -196.258179 513.657837
v -157.392059 -195.787735 487.588470
v -155.037521 -197.253036 483.973175
v -128.852020 -200.753708 463.990509
v -111.933472 -197.875214 455.211823
v -13.207492 -195.824509 428.180115
v -5.169939 -200.778305 424.876953
v 80.433426 -198.900253 411.804382
v 88.272926 -196.846146 411.753906
v 100.209763 -196.918381 411.680664
v 111.949432 -202.922653 409.364075
v 142.991486 -197.674652 397.685944
v 164.261185 -197.734085 386.168213
v 189.279709 -196.966782 379.957794
v -223.021500 -200.782928 503.546783
v -217.561340 -198.890213 503.870911
v -145.236771 -198.343002 473.570007
v -78.775787 -202.932236 442.765045
v -49.808498 -196.191055 439.213104
v -32.255089 -199.977295 428.530762
v 2.263798 -199.295898 424.954041
v 14.682068 -196.780792 425.360901
v 55.519798 -197.156937 414.720245
v 94.472702 -199.935837 409.491302
v 106.947563 -202.022141 409.310303
v 131.494186 -201.699677 402.416901
v 195.658569 -207.341110 373.807220
v 204.943390 -204.187973 373.639709
v 219.025269 -196.847641 376.262207
v 242.624756 -203.284698 372.034607
v -195.577255 -204.371918 497.245209
v -187.306992 -203.626297 494.558197
v -171.778671 -199.631226 491.222748
v -160.885178 -199.973328 486.956299
v -149.836517 -199.662125 475.257935
v -88.699478 -201.425079 447.438171
v -66.505508 -204.583572 440.158417
v -45.010799 -203.746246 435.412933
v -13.541671 -203.629990 423.720306
v 10.487934 -202.268600 421.244751
v 23.323627 -200.064133 422.491943
v 63.545418 -199.735809 412.911377
v 70.134735 -201.563873 412.072723
v 155.002274 -199.693832 387.890411
v -239.118164 -202.555542 510.972534
v -232.986526 -203.276672 504.996704
v -221.783981 -204.472198 504.322510
v -211.515030 -201.667542 501.061249
v -205.593964 -203.565765 500.224854
v -151.492630 -204.587784 477.144257
v -138.500092 -201.544220 468.683350
v -117.674324 -203.742661 455.475342
v 2.816889 -204.471649 421.612915
v 16.559431 -202.675827 421.696899
v 36.440563 -205.212357 419.379852
v 124.538322 -203.213638 407.088470
v 139.952393 -204.167389 396.322906
v 150.326721 -205.115204 390.569366
v 167.735291 -201.425949 384.268494
v 170.783905 -205.581467 381.374695
v -122.686668 -205.420868 457.568451
v -109.272774 -205.781525 453.028381
v -101.410660 -208.016678 450.267792
v 48.511871 -205.510162 414.894928
v 74.386978 -204.805847 411.077667
v 97.778267 -208.989227 406.361267
v 159.360870 -204.449402 383.213806
v 213.039948 -207.671753 373.695648
v -213.988464 -208.459351 500.056366
v -167.919724 -209.690521 486.640106
v -158.789856 -208.137070 482.541809
v -147.809967 -208.006744 474.157745
v -134.653488 -207.615677 465.757294
v -82.017624 -207.539154 442.388733
v -55.581482 -207.883652 436.061188
v 15.401834 -207.605743 418.483032
v 21.972836 -204.640640 421.309082
v 82.040909 -209.049469 409.079651
v 87.484421 -215.616470 407.209076
v 114.480721 -209.387146 405.994171
v 131.169373 -208.902954 401.965973
v 160.836349 -207.296417 382.161652
v 187.149963 -208.870102 374.966980
v -239.508163 -206.236588 510.904175
v -228.770004 -207.628906 503.442535
v -222.370819 -208.030731 504.628632
v -218.560364 -212.001404 501.449432
v -177.024399 -214.602753 490.972992
v -139.079941 -210.806961 468.858276
v -92.266167 -209.026245 445.241119
v -65.812874 -210.803345 437.539337
v -44.588833 -209.678925 433.139008
v -32.416512 -210.948288 427.001404
v -26.560822 -207.755463 424.438293
v -20.428253 -216.315781 420.768677
v 22.455383 -209.694504 417.939301
v 47.510410 -211.520248 414.484222
v 52.989414 -209.870422 412.013062
v 67.869781 -209.704041 410.539917
v 107.635414 -210.604050 406.034271
v 127.119804 -207.841248 404.235840
v 176.232483 -211.320984 377.195465
v -236.680634 -210.276642 505.739014
v -203.131287 -209.269577 500.493256
v -196.096130 -213.950577 495.831268
v -185.804840 -211.225983 494.631561
v -156.272568 -212.438965 478.589630
v -7.079547 -213.226196 418.930969
v 9.792032 -210.589935 417.197662
v 34.510212 -216.123398 415.485229
v 137.282013 -210.633484 396.411987
v 203.699615 -213.520844 372.697479
v -244.499802 -214.223724 510.798401
v -132.713348 -212.974777 464.074982
v -114.013329 -212.425049 454.919159
v -105.896774 -215.157303 449.478912
v -85.501114 -212.672897 443.038147
v -71.939308 -214.452072 437.282623
v -47.467216 -215.034058 431.387085
v -24.581280 -210.934647 423.665466
v 1.947818 -214.264236 417.878601
v 41.326420 -211.914520 416.213562
v 78.419060 -215.999176 408.381866
v 102.217728 -214.948502 403.394989
v 121.832825 -214.129883 399.743469
v 147.734161 -211.527939 389.581665
v 156.518982 -216.308411 381.662933
v 162.597321 -215.058731 377.681061
v 227.129349 -214.819290 371.326111
v 238.206055 -222.044632 368.925507
v -229.532135 -214.280975 502.619965
v -210.327026 -215.914658 499.983856
v -121.856285 -218.776520 457.198303
v -95.966125 -219.129578 444.621063
v -90.333107 -220.042358 442.433014
v -77.635361 -218.420792 438.926270
v 55.137283 -215.931824 410.771484
v 112.095207 -215.511108 404.088928
v 136.118042 -217.675079 393.470490
v 170.935013 -216.291962 376.649261
v -190.509949 -220.136429 495.131165
v -183.254593 -220.093201 492.006012
v -161.147171 -216.463898 482.133331
v -146.729492 -214.423584 471.016174
v -136.572647 -215.803177 466.681946
v -65.028625 -217.614014 434.243866
v -60.241508 -219.491837 432.046631
v -37.256371 -216.192627 427.916687
v -8.501373 -220.116699 417.263000
v 12.666762 -216.554230 414.005127
v 23.800686 -219.388290 413.185669
v 27.730957 -219.740952 413.177124
v 69.648277 -219.123901 409.628815
v 194.221893 -218.614319 371.599274
v 208.346039 -218.585983 371.909943
v -237.999512 -221.886841 502.447235
v -197.430206 -224.952698 496.331543
v -179.249619 -222.625610 489.020599
v -170.359253 -219.687790 487.425659
v -168.113846 -222.389496 485.618896
v -156.415787 -219.830215 479.916412
v -113.247581 -218.944565 454.453827
v -31.622389 -222.393646 424.418243
v 105.825691 -221.187027 400.995880
v 149.745010 -222.211105 380.186859
v 177.254364 -216.908508 373.888611
v -227.339127 -219.617981 502.614990
v -134.933914 -219.827881 464.740234
v -131.166443 -219.724182 461.808472
v -43.877331 -221.546265 427.713104
v 4.784764 -222.446884 413.092438
v 19.005831 -221.586166 410.881073
v 83.642441 -226.394882 407.297119
v 124.344269 -220.444901 395.985443
v 162.778305 -220.889664 376.361542
v 211.138809 -224.646439 370.967834
v -208.121964 -223.472702 498.075684
v -150.475357 -220.236832 474.501556
v -143.088943 -224.451126 470.570892
v -104.853432 -222.615723 449.217682
v -57.642426 -222.864426 429.962158
v 41.367241 -223.254547 413.487061
v 47.961220 -225.395844 412.487183
v 60.757214 -223.945572 409.618713
v 100.824013 -226.114944 400.932617
v 115.071632 -225.464462 399.422028
v 144.416428 -221.011322 386.361206
v 173.399338 -222.079086 374.672729
v 225.023148 -223.431152 369.809631
v -217.265793 -226.816605 500.481323
v -203.422394 -227.781082 496.582642
v -114.049805 -223.118637 452.868896
v -109.265388 -226.692947 452.045624
v -76.177895 -223.978653 437.797089
v -72.444511 -228.083939 433.381409
v -13.013424 -224.127167 416.794647
v 10.180788 -223.973053 413.151947
v 23.470346 -224.841110 409.262238
v 91.934975 -226.424423 404.312958
v 129.607559 -224.528580 391.386414
v 142.374542 -228.533829 382.615021
v 152.183029 -226.490646 377.355896
v 187.167816 -224.919754 371.572021
v 202.212372 -228.948349 370.359985
v -234.434601 -226.629807 502.205414
v -225.140549 -236.879761 501.478760
v -158.311707 -227.102524 476.373474
v -147.789948 -229.165848 471.198578
v -129.626129 -229.866318 460.006653
v -121.665817 -228.058273 454.335999
v -95.512169 -227.457565 442.557892
v -84.840172 -230.154831 437.426361
v -48.944706 -226.880371 427.184296
v -38.488590 -227.634491 423.006256
v -26.679079 -226.682510 420.818024
v 25.958998 -227.605270 408.941681
v 64.427498 -232.795609 408.624237
v 168.173126 -228.505295 373.767761
v 195.123459 -227.456802 371.018372
v 219.582077 -227.665253 369.534698
v -184.819641 -232.134827 490.459625
v -174.462006 -228.259552 483.810211
v -136.372894 -228.469696 464.658325
v -117.320198 -230.670822 452.247009
v -63.422791 -230.762772 429.679993
v -55.959152 -227.212738 428.477905
v -34.358913 -227.703537 422.441895
v -19.964935 -231.306808 417.026550
v 8.026079 -232.311340 409.504425
v 36.128277 -229.125748 410.629120
v 68.241425 -234.767975 408.264404
v 118.252647 -233.551743 395.127136
v 125.877411 -229.982208 393.137695
v 136.955200 -227.679520 386.324615
v 159.853058 -226.786667 374.545441
v -244.653259 -232.299515 502.663147
v -168.895081 -233.224533 478.917847
v -111.573166 -230.178223 449.318481
v -105.063454 -230.700699 446.360779
v -79.832695 -230.317902 436.091919
v -44.888264 -231.348923 423.778961
v -29.448881 -231.745285 419.533569
v 16.875359 -230.590759 407.825165
v 38.135483 -233.236038 410.200043
v 105.697052 -232.435547 398.137451
v 130.621872 -231.836151 389.363739
v 163.777496 -234.882980 373.416046
v 212.245255 -229.881226 369.578705
v -217.030167 -236.408386 499.152954
v -209.262772 -233.263153 496.632080
v -159.574448 -235.349228 473.526978
v -141.660873 -233.299866 467.172272
v -97.494415 -233.980911 440.887390
v -52.921753 -235.409988 425.046600
v -13.976148 -235.791702 414.849854
v -6.318360 -232.932846 412.418976
v 53.693787 -236.622147 409.876343
v 110.977470 -234.627579 396.260498
v 148.763947 -233.517548 378.403717
v 174.568542 -231.859299 372.599396
v 235.191956 -232.021225 367.772736
v -195.510666 -233.944427 493.114319
v -152.671021 -238.083984 469.047028
v -125.927666 -235.237808 457.765076
v -114.150566 -235.940567 450.259308
v -109.244537 -232.903976 446.909332
v 85.465332 -237.851425 406.078217
v 96.579895 -232.861496 403.361206
v 134.803726 -234.396545 385.070282
v 144.908096 -235.938324 380.732544
v 155.549255 -234.835236 375.525421
v 187.560562 -239.462662 371.341705
v 198.349274 -238.148392 369.496643
v 206.997360 -233.961136 369.775482
v 217.327408 -236.540283 368.363770
v -237.040665 -237.135132 502.059296
v -188.273605 -237.786163 489.490631
v -178.439407 -239.070007 482.001984
v -173.554642 -238.296844 477.147034
v -90.015793 -240.600037 436.669495
v -71.714409 -240.700653 429.316254
v -1.612348 -236.722595 409.847351
v 6.396840 -237.481750 408.103302
v 29.764421 -239.801651 404.572113
v 176.939545 -240.444199 372.190277
v 208.250244 -238.897964 368.217255
v -204.204300 -238.956268 494.011963
v -196.432327 -240.589767 489.590454
v -138.929810 -239.769852 462.293121
v -111.693710 -238.959671 446.986176
v -103.431648 -238.104614 442.817566
v -56.985527 -237.623322 426.463013
v -47.089989 -240.016403 421.000366
v -27.640423 -245.222290 416.196289
v 21.195122 -242.155579 403.694702
v 71.562904 -240.761490 406.644012
v 90.762291 -241.514313 403.180176
v 103.860863 -240.348526 399.964355
v 124.908691 -240.121262 389.621399
v 154.448532 -242.574875 375.561432
v 223.456284 -243.914520 367.008942
v 245.991714 -240.031860 366.049927
v -164.147079 -244.542084 471.182220
v -132.284058 -240.189819 459.192902
v -81.537849 -242.959763 431.721527
v -61.648136 -243.175156 426.380554
v -42.774506 -245.518494 418.765320
v 37.707916 -240.563171 407.557861
v 47.473080 -240.004120 409.312866
v 113.995911 -238.766174 395.276062
v 138.712097 -241.283981 380.822845
v 147.982468 -244.731918 376.573120
v 235.003922 -242.090042 367.089172
v -219.144211 -244.040070 498.638916
v -209.304413 -244.201141 494.347015
v -187.210556 -242.005493 487.480927
v -169.706070 -241.639923 473.622467
v -124.041344 -238.304657 455.100342
v -100.216095 -245.380661 438.184143
v -52.577087 -244.732941 423.600220
v -36.420956 -245.940063 417.139923
v 5.368036 -244.263870 406.435974
v 58.257339 -245.051300 407.291351
v 64.987556 -243.737534 405.638641
v 76.941162 -243.779175 403.982513
v 99.289978 -242.532379 401.131958
v 144.090179 -243.748871 378.439484
v 161.785492 -244.785355 374.280853
v -244.298965 -245.499619 501.791656
v -193.418060 -243.823105 487.005646
v -176.021072 -246.893295 475.824615
v -149.727722 -244.077087 465.599091
v -110.882210 -242.936707 446.308807
v 50.762962 -246.079834 406.856384
v 112.005363 -245.446640 393.825317
v 212.162735 -245.599823 368.417023
v -237.892654 -250.017059 501.019348
v -225.690918 -246.730270 501.319580
v -142.953827 -246.177338 459.359711
v -118.211052 -244.455994 450.538757
v -5.906649 -246.262329 409.024384
v 120.317970 -249.996338 390.466248
v 178.476288 -245.703568 372.089783
v 188.974289 -245.955109 371.542847
v -109.287628 -246.223740 443.461823
v -67.289459 -247.823517 424.424377
vn 0.0200 -0.9873 0.1577
vn 0.3954 -0.5070 0.7659
vn 0.3413 -0.3386 0.8769
vn 0.0594 -0.2046 0.9770
vn -0.0320 -0.0482 0.9983
vn 0.3868 -0.2566 0.8857
vn 0.2693 -0.0348 0.9624
vn -0.0458 -0.1805 0.9825
vn 0.1462 -0.5754 0.8047
vn -0.0053 -0.9986 -0.0529
vn -0.1333 -0.5572 0.8196
vn -0.2420 -0.5715 0.7842
vn 0.1932 0.0418 0.9803
vn -0.0738 0.1646 0.9836
vn 0.2071 -0.7116 0.6714
vn 0.6517 -0.5201 0.5520
vn 0.5733 -0.3562 0.7379
vn 0.1437 -0.7491 0.6467
vn 0.7306 -0.5496 0.4052
vn 0.4611 -0.0548 0.8857
vn 0.5523 -0.0177 0.8335
vn 0.3514 -0.2388 0.9053
vn 0.6822 -0.1732 0.7103
vn 0.5854 0.2538 0.7700
vn -0.8989 0.0144 0.4379
vn 0.5296 -0.7435 0.4083
vn 0.5581 -0.7471 0.3610
vn 0.2431 -0.8748 0.4190
vn 0.4707 -0.8123 0.3443
vn 0.1222 -0.9260 0.3572
vn -0.0308 -0.9604 0.2768
vn -0.0388 -0.9588 0.2815
vn 0.3482 -0.9035 0.2499
vn -0.3030 -0.8782 0.3700
vn -0.1938 -0.9171 0.3484
vn 0.7561 -0.6063 0.2462
vn 0.8126 -0.4261 0.3978
vn 0.8533 0.0438 0.5196
vn 0.2062 0.1683 0.9639
vn 0.0557 -0.9855 0.1602
vn 0.1552 0.0858 0.9842
vn 0.1879 -0.1546 0.9699
vn 0.0950 -0.1082 0.9896
vn -0.0456 -0.3299 0.9429
vn 0.3048 -0.1735 0.9365
vn -0.1471 -0.4245 0.8934
vn 0.1103 -0.4342 0.8941
vn -0.0040 -0.3963 0.9181
vn 0.1206 -0.4994 0.8579
vn 0.2971 -0.4779 0.8266
vn 0.2956 -0.4192 0.8584
vn 0.3685 -0.5000 0.7837
vn 0.4503 -0.2849 0.8462
vn 0.4110 -0.2449 0.8781
vn 0.5233 -0.2108 0.8257
vn -0.0745 -0.2769 0.9580
vn 0.5783 0.2528 0.7757
vn 0.3993 -0.7475 0.5309
vn 0.4106 -0.7558 0.5101
vn 0.5512 -0.7248 0.4134
vn 0.5026 -0.7251 0.4707
vn 0.3440 -0.0402 0.9381
vn 0.2466 -0.0330 0.9686
vn 0.1006 -0.0985 0.9900
vn 0.1356 -0.1039 0.9853
vn 0.0806 -0.1891 0.9787
vn 0.2495 -0.2443 0.9370
vn 0.3257 -0.1643 0.9311
vn -0.2696 -0.3884 0.8812
vn 0.0566 -0.3667 0.9286
vn 0.2680 -0.2388 0.9333
vn 0.4167 -0.2762 0.8661
vn 0.0401 -0.2209 0.9745
vn 0.1320 -0.1169 0.9843
vn 0.2747 -0.1280 0.9530
vn 0.2788 -0.1351 0.9508
vn 0.3958 -0.2472 0.8845
vn 0.2187 -0.0827 0.9723
vn 0.6388 -0.0863 0.7645
vn 0.5298 -0.2216 0.8187
vn 0.4767 -0.6091 0.6338
vn -0.1916 -0.6095 0.7693
vn 0.2165 -0.6219 0.7526
vn -0.0658 -0.4831 0.8731
vn -0.1300 -0.3973 0.9084
vn -0.0643 -0.4307 0.9002
vn 0.1388 -0.3227 0.9363
vn 0.6258 -0.3495 0.6973
vn 0.5102 0.0279 0.8596
vn -0.0608 -0.7858 0.6155
vn 0.0913 -0.8196 0.5656
vn 0.4433 -0.0982 0.8910
vn 0.4225 -0.1133 0.8993
vn 0.3071 -0.1267 0.9432
vn 0.1181 0.0493 0.9918
vn -0.0473 -0.3287 0.9432
vn -0.1215 -0.4561 0.8816
vn -0.1801 -0.4890 0.8535
vn 0.1802 -0.4108 0.8937
vn 0.2650 -0.4216 0.8672
vn 0.3736 -0.4966 0.7834
vn 0.3666 -0.2941 0.8827
vn -0.0460 -0.1589 0.9862
vn -0.0799 -0.1089 0.9908
vn 0.2731 -0.0385 0.9612
vn 0.3800 -0.2987 0.8754
vn -0.0325 -0.3771 0.9256
vn 0.0644 -0.3548 0.9327
vn -0.1329 -0.3971 0.9081
vn 0.4976 0.0678 0.8647
vn 0.5682 0.1757 0.8039
vn 0.5725 0.2690 0.7745
vn -0.8088 0.1534 0.5677
vn 0.7333 -0.5148 0.4440
vn 0.4452 -0.5985 0.6660
vn 0.3677 -0.1204 0.9221
vn 0.1276 0.0532 0.9904
vn 0.2673 -0.1361 0.9540
vn 0.2389 -0.0053 0.9710
vn 0.0771 -0.2702 0.9597
vn 0.2562 -0.1036 0.9611
vn -0.0470 -0.2279 0.9725
vn 0.0096 -0.1440 0.9895
vn -0.1425 -0.0973 0.9850
vn 0.1538 -0.0900 0.9840
vn 0.1855 -0.1752 0.9669
vn 0.2142 -0.1340 0.9675
vn 0.3195 -0.1334 0.9382
vn 0.4868 -0.1821 0.8543
vn 0.4971 -0.1083 0.8609
vn 0.5599 -0.3369 0.7570
vn 0.0592 -0.2352 0.9701
vn -0.0455 -0.2968 0.9539
vn 0.3523 0.0474 0.9347
vn 0.5412 0.0642 0.8384
vn 0.3792 0.1596 0.9115
vn 0.5907 0.0852 0.8024
vn 0.3841 0.1421 0.9123
vn 0.5794 0.1342 0.8039
vn 0.7379 0.0850 0.6695
vn 0.6913 0.0814 0.7180
vn 0.5142 -0.3032 0.8022
vn 0.4358 -0.3256 0.8391
vn 0.1325 0.0991 0.9862
vn 0.2459 -0.0851 0.9656
vn 0.2845 -0.3356 0.8980
vn 0.0966 -0.3164 0.9437
vn 0.2431 -0.2805 0.9285
vn 0.2549 -0.0977 0.9620
vn 0.0480 -0.3226 0.9453
vn 0.2664 -0.4181 0.8685
vn 0.3752 -0.3420 0.8616
vn 0.2391 -0.2652 0.9341
vn 0.2905 -0.2231 0.9305
vn 0.3347 -0.1028 0.9367
vn 0.6030 -0.2318 0.7633
vn 0.4750 -0.1890 0.8594
vn 0.3211 -0.1484 0.9353
vn -0.1324 -0.1308 0.9825
vn -0.0093 -0.1880 0.9821
vn -0.0710 -0.2874 0.9552
vn 0.5076 0.1559 0.8474
vn 0.4333 0.3333 0.8374
vn 0.7852 0.2196 0.5790
vn 0.4207 0.0322 0.9066
vn 0.1302 -0.3637 0.9224
vn -0.1369 -0.3816 0.9141
vn 0.2067 -0.2316 0.9506
vn 0.2294 -0.4281 0.8741
vn 0.1437 -0.0881 0.9857
vn 0.4003 -0.2419 0.8839
vn -0.0449 -0.2112 0.9764
vn -0.0252 -0.1697 0.9852
vn 0.3356 -0.1719 0.9262
vn 0.4124 -0.2419 0.8783
vn 0.2218 -0.1221 0.9674
vn 0.0904 0.0724 0.9933
vn 0.5055 -0.0501 0.8613
vn 0.4625 -0.1864 0.8668
vn 0.2982 -0.2161 0.9297
vn -0.1018 -0.1793 0.9785
vn 0.0277 -0.2782 0.9601
vn 0.5150 0.1614 0.8419
vn 0.5861 0.1306 0.7997
vn 0.7827 0.0808 0.6172
vn 0.5858 0.1304 0.7999
vn 0.5520 0.2316 0.8011
vn -0.1645 0.2952 0.9412
vn 0.1069 -0.2122 0.9714
vn 0.3085 -0.1389 0.9410
vn 0.3910 -0.0615 0.9183
vn -0.0491 -0.3027 0.9518
vn 0.2417 -0.2229 0.9444
vn 0.0954 -0.1788 0.9792
vn -0.1407 -0.4098 0.9013
vn 0.0749 -0.3109 0.9475
vn -0.0453 -0.3960 0.9171
vn 0.2660 -0.4176 0.8688
vn 0.2103 -0.1969 0.9576
vn 0.0349 -0.2704 0.9621
vn 0.1966 -0.1916 0.9616
vn 0.4186 -0.2532 0.8721
vn 0.3391 -0.0991 0.9355
vn 0.2624 -0.2495 0.9321
vn 0.5417 -0.2422 0.8049
vn -0.0084 -0.0025 1.0000
vn 0.1048 -0.0901 0.9904
vn -0.0297 -0.2442 0.9693
vn 0.4110 0.2212 0.8844
vn 0.4188 0.0507 0.9067
vn 0.3553 0.1726 0.9187
vn 0.1417 -0.2250 0.9640
vn -0.0156 -0.2723 0.9621
vn 0.3834 -0.3015 0.8730
vn 0.2375 -0.3094 0.9208
vn -0.1051 -0.1667 0.9804
vn 0.2009 -0.4038 0.8925
vn 0.1293 -0.1356 0.9823
vn 0.5535 -0.1724 0.8148
vn 0.5321 -0.1468 0.8339
vn 0.5621 -0.0390 0.8261
vn 0.4610 0.2525 0.8507
vn 0.3284 0.1763 0.9280
vn 0.0798 -0.2729 0.9587
vn 0.3215 -0.3046 0.8966
vn 0.2423 -0.2800 0.9289
vn 0.0541 -0.1283 0.9903
vn -0.2607 -0.2313 0.9373
vn 0.3456 -0.2854 0.8939
vn 0.3015 -0.3155 0.8998
vn 0.3134 -0.1807 0.9323
vn 0.2938 -0.2332 0.9270
vn 0.5022 -0.1672 0.8484
vn -0.0134 -0.2225 0.9748
vn -0.0689 -0.1512 0.9861
vn -0.0341 -0.1432 0.9891
vn -0.1068 -0.3494 0.9309
vn 0.1774 -0.0360 0.9835
vn -0.1749 -0.1970 0.9647
vn 0.1165 -0.2148 0.9697
vn 0.3359 -0.1540 0.9292
vn 0.6288 -0.1729 0.7581
vn 0.4779 -0.2022 0.8548
vn 0.3897 -0.1617 0.9066
vn -0.0120 -0.0390 0.9992
vn 0.5394 0.0734 0.8388
vn 0.5513 0.0503 0.8328
vn 0.6951 -0.0845 0.7139
vn 0.2016 0.1618 0.9660
vn 0.2200 -0.2510 0.9427
vn 0.0853 -0.5540 0.8282
vn 0.1282 -0.5723 0.8100
vn 0.1351 -0.1347 0.9816
vn -0.0881 -0.1337 0.9871
vn 0.2564 -0.2541 0.9326
vn 0.2546 -0.2506 0.9340
vn 0.4358 -0.2043 0.8766
vn 0.5169 -0.1795 0.8370
vn 0.5704 -0.1375 0.8098
vn 0.1450 -0.0821 0.9860
vn -0.1005 -0.1568 0.9825
vn 0.0220 -0.2141 0.9766
vn -0.0154 -0.2897 0.9570
vn -0.1121 -0.2897 0.9505
vn 0.5013 0.1231 0.8565
vn 0.4582 0.1209 0.8806
vn 0.5757 0.0397 0.8167
vn 0.6279 -0.1216 0.7688
vn 0.6895 0.2246 0.6886
vn 0.5759 0.1103 0.8101
vn 0.4557 0.2535 0.8532
vn 0.4513 0.2722 0.8498
vn 0.1996 -0.3114 0.9291
vn -0.0563 -0.3454 0.9368
vn 0.4698 -0.3177 0.8236
vn 0.1750 -0.1130 0.9781
vn 0.2647 -0.2577 0.9293
vn -0.0168 -0.2800 0.9599
vn -0.3315 -0.3403 0.8799
vn -0.3355 -0.3403 0.8785
vn 0.2386 -0.3394 0.9099
vn 0.1055 -0.4460 0.8888
vn -0.0581 0.1641 0.9847
vn -0.0571 -0.1512 0.9868
vn 0.1445 -0.2835 0.9480
vn 0.3312 -0.2719 0.9035
vn 0.3978 -0.3187 0.8603
vn -0.0298 -0.2760 0.9607
vn 0.2391 -0.5475 0.8019
vn 0.5201 -0.0762 0.8507
vn 0.3366 -0.2749 0.9006
vn 0.1644 -0.2137 0.9630
vn 0.1198 -0.2175 0.9687
vn 0.1623 -0.2968 0.9410
vn 0.2458 -0.2561 0.9349
vn 0.1204 -0.3727 0.9201
vn 0.1233 -0.1114 0.9861
vn 0.4502 -0.0423 0.8920
vn 0.4221 -0.1001 0.9010
vn 0.2398 -0.0376 0.9701
vn -0.0841 -0.1331 0.9875
vn 0.1219 -0.2268 0.9663
vn 0.0387 -0.2480 0.9680
vn 0.1514 -0.2799 0.9480
vn -0.0312 -0.2862 0.9577
vn 0.4266 -0.0848 0.9004
vn 0.5270 0.1235 0.8408
vn 0.5788 0.1414 0.8031
vn 0.6540 0.1035 0.7494
vn 0.4660 0.2636 0.8446
vn 0.1261 -0.3933 0.9107
vn 0.2950 -0.2307 0.9272
vn 0.2330 -0.1669 0.9581
vn 0.2357 -0.1686 0.9571
vn 0.1000 -0.3803 0.9195
vn -0.0191 -0.3352 0.9420
vn 0.2214 -0.3007 0.9277
vn 0.1397 -0.3601 0.9224
vn 0.1132 -0.2362 0.9651
vn 0.2544 -0.2081 0.9444
vn 0.2859 -0.0832 0.9546
vn 0.5211 -0.0672 0.8508
vn 0.1049 -0.1372 0.9850
vn 0.3729 -0.3037 0.8767
vn 0.3959 -0.2997 0.8680
vn 0.2561 -0.2109 0.9433
vn 0.3302 -0.0914 0.9395
vn 0.5231 -0.1955 0.8296
vn 0.5841 -0.0184 0.8115
vn 0.3737 -0.1176 0.9200
vn 0.1566 -0.0551 0.9861
vn 0.0139 -0.1171 0.9930
vn 0.5417 0.4113 0.7330
vn 0.4317 -0.0055 0.9020
vn 0.3248 -0.0769 0.9426
vn 0.3473 -0.1111 0.9312
vn 0.1139 -0.2435 0.9632
vn 0.1278 -0.2709 0.9541
vn -0.0281 -0.3193 0.9472
vn 0.2293 -0.2553 0.9393
vn 0.2405 -0.1223 0.9629
vn -0.0790 -0.0121 0.9968
vn 0.2802 -0.3896 0.8773
vn 0.0556 -0.1648 0.9848
vn 0.3604 -0.0394 0.9320
vn 0.2662 -0.0169 0.9638
vn 0.0030 -0.0590 0.9983
vn 0.0251 -0.0563 0.9981
vn -0.0683 -0.0684 0.9953
vn 0.0762 -0.1123 0.9907
vn 0.3128 -0.1253 0.9415
vn 0.1586 -0.3193 0.9343
vn 0.1577 -0.0386 0.9867
vn 0.1847 -0.0716 0.9802
vn 0.1806 -0.0738 0.9808
vn 0.2824 -0.2268 0.9321
vn 0.5011 -0.1820 0.8460
vn 0.2808 -0.0391 0.9590
vn 0.1229 -0.2435 0.9621
vn -0.0052 -0.2545 0.9671
vn 0.7061 0.0703 0.7046
vn 0.7363 0.0779 0.6722
vn 0.5933 0.2871 0.7520
vn 0.3182 0.5776 0.7518
vn 0.4084 0.4120 0.8146
vn 0.1447 -0.1840 0.9722
vn 0.2637 -0.3560 0.8965
vn -0.0247 -0.0436 0.9987
vn 0.3244 -0.3670 0.8718
vn 0.1360 -0.0261 0.9904
vn 0.4823 -0.2190 0.8482
vn -0.0051 -0.0264 0.9996
vn 0.0890 -0.0802 0.9928
vn 0.0134 -0.0674 0.9976
vn 0.2019 -0.3848 0.9006
vn 0.4206 -0.3133 0.8514
vn 0.4200 0.3095 0.8531
vn 0.3912 0.3452 0.8531
vn 0.5060 0.4126 0.7575
vn 0.4972 0.4586 0.7366
vn 0.2443 0.5583 0.7928
vn 0.5510 0.4337 0.7130
vn 0.4611 0.3966 0.7938
vn 0.4451 0.3545 0.8223
vn 0.3083 0.3247 0.8941
vn -0.0025 -0.1617 0.9868
vn 0.1782 -0.1201 0.9766
vn 0.1246 -0.1179 0.9852
vn 0.3295 -0.0332 0.9436
vn 0.1557 -0.2791 0.9476
vn 0.1084 -0.2392 0.9649
vn 0.2235 -0.1016 0.9694
vn 0.3338 -0.0731 0.9398
vn 0.0409 -0.1497 0.9879
vn 0.3630 -0.4168 0.8334
vn 0.3268 -0.4191 0.8471
vn 0.1000 -0.1073 0.9892
vn 0.1104 -0.2428 0.9638
vn 0.1965 -0.2982 0.9341
vn 0.4406 0.3376 0.8318
vn 0.6087 0.3245 0.7240
vn 0.4067 0.1652 0.8985
vn 0.4640 0.3404 0.8178
vn 0.2202 -0.1101 0.9692
vn 0.5396 0.7060 0.4588
vn 0.0148 -0.2198 0.9754
vn 0.1363 -0.1255 0.9827
vn -0.1041 -0.1628 0.9812
vn -0.4474 -0.2622 0.8550
vn 0.5110 -0.0986 0.8539
vn 0.0202 -0.0139 0.9997
vn -0.0760 -0.1103 0.9910
vn 0.4113 -0.2356 0.8805
vn 0.1970 -0.2807 0.9394
vn 0.1380 -0.2001 0.9700
vn 0.1556 -0.2079 0.9657
vn 0.5040 -0.1948 0.8414
vn 0.2560 -0.1419 0.9562
vn 0.1353 -0.0412 0.9899
vn -0.0225 -0.1902 0.9815
vn 0.1337 -0.2653 0.9548
vn 0.1803 -0.2961 0.9380
vn 0.2242 -0.3414 0.9128
vn 0.5718 0.0846 0.8160
vn 0.3589 0.0344 0.9327
vn 0.4300 0.2115 0.8777
vn 0.2773 0.2274 0.9335
vn 0.3973 0.2382 0.8863
vn 0.2180 0.1210 0.9684
vn 0.1178 -0.2200 0.9684
vn 0.4932 -0.1282 0.8604
vn 0.0837 -0.1278 0.9883
vn 0.0654 -0.2224 0.9728
vn 0.3472 -0.2999 0.8886
vn 0.0555 -0.2855 0.9568
vn 0.3640 -0.0684 0.9289
vn 0.1466 -0.1720 0.9741
vn 0.1128 -0.1632 0.9801
vn 0.0914 -0.2673 0.9593
vn 0.4374 -0.0746 0.8962
vn 0.4881 -0.0501 0.8714
vn 0.3900 0.0722 0.9180
vn 0.5522 0.3504 0.7565
vn 0.3454 0.1798 0.9211
vn 0.3190 0.3181 0.8928
vn 0.0664 0.3464 0.9357
vn 0.3225 0.1712 0.9310
vn 0.3201 0.1758 0.9309
vn -0.3088 0.5131 0.8009
vn 0.4194 0.0757 0.9046
vn 0.1563 -0.0474 0.9866
vn 0.1677 -0.0499 0.9846
vn 0.1777 -0.0708 0.9815
vn -0.0034 -0.4572 0.8894
vn -0.1906 -0.3736 0.9078
vn 0.3037 -0.1665 0.9381
vn 0.0775 -0.2508 0.9649
vn 0.1940 -0.2225 0.9554
vn 0.4404 -0.0176 0.8976
vn 0.3634 -0.0365 0.9309
vn 0.2913 0.0218 0.9564
vn -0.0585 -0.0872 0.9945
vn -0.0355 -0.0842 0.9958
vn 0.3199 -0.3473 0.8815
vn 0.1407 -0.1586 0.9773
vn 0.3203 -0.4084 0.8548
vn 0.3684 -0.4138 0.8325
vn 0.4326 -0.2295 0.8719
vn 0.4638 0.2000 0.8631
vn 0.4219 0.2544 0.8702
vn 0.2802 0.2276 0.9326
vn 0.1344 -0.3139 0.9399
vn 0.3967 -0.0502 0.9166
vn 0.2384 -0.1595 0.9580
vn 0.0154 -0.0016 0.9999
vn 0.0781 -0.1611 0.9838
vn 0.4783 -0.1968 0.8558
vn 0.5267 -0.2011 0.8259
vn 0.4113 -0.2064 0.8878
vn 0.1597 -0.0294 0.9867
vn 0.0986 0.0089 0.9951
vn 0.1346 -0.2109 0.9682
vn 0.2660 -0.4635 0.8452
vn 0.3227 -0.0882 0.9424
vn 0.4778 0.1944 0.8567
vn 0.5344 0.3733 0.7583
vn 0.4021 0.3056 0.8631
vn 0.2459 0.3442 0.9061
vn 0.2845 0.1893 0.9398
vn 0.1825 0.0111 0.9831
vn 0.0921 0.0164 0.9956
vn 0.2619 -0.2435 0.9339
vn 0.0146 -0.2556 0.9667
vn 0.0257 -0.2042 0.9786
vn 0.2629 -0.1694 0.9498
vn 0.0113 0.0408 0.9991
vn 0.3457 -0.3222 0.8813
vn 0.1039 -0.2081 0.9726
vn 0.3469 -0.3879 0.8539
vn 0.1483 -0.1767 0.9730
vn 0.2138 -0.2070 0.9547
vn 0.4742 -0.3227 0.8191
vn 0.3469 -0.3313 0.8774
vn 0.5477 0.2276 0.8051
vn 0.3888 0.2776 0.8785
vn 0.4653 0.1441 0.8734
vn 0.1197 -0.0202 0.9926
vn 0.2564 -0.1111 0.9602
vn 0.0354 -0.2281 0.9730
vn 0.2632 -0.2521 0.9312
vn -0.0546 0.0298 0.9981
vn -0.0362 0.0423 0.9984
vn 0.1113 -0.1818 0.9770
vn 0.0826 -0.1830 0.9796
vn 0.2959 -0.3376 0.8936
vn 0.1789 -0.2324 0.9560
vn 0.0570 -0.3210 0.9454
vn 0.3535 -0.2257 0.9078
vn 0.5398 -0.2277 0.8104
vn 0.3462 -0.3613 0.8658
vn 0.1897 0.0426 0.9809
vn 0.1428 -0.1794 0.9734
vn 0.4136 -0.2648 0.8711
vn 0.2711 -0.4644 0.8431
vn 0.5379 0.3620 0.7614
vn 0.2968 0.2552 0.9202
vn 0.3445 0.1841 0.9205
vn 0.1502 -0.0556 0.9871
vn 0.0890 -0.0399 0.9952
vn 0.4976 0.0481 0.8661
vn 0.3755 -0.3006 0.8767
vn 0.3491 -0.3307 0.8768
vn -0.0556 -0.2269 0.9723
vn 0.1080 -0.3484 0.9311
vn 0.1497 -0.1820 0.9718
vn 0.2530 -0.2531 0.9338
vn 0.3880 -0.1143 0.9145
vn 0.2574 -0.2208 0.9407
vn 0.4294 -0.2407 0.8704
vn 0.4055 -0.2053 0.8908
vn 0.3114 -0.1896 0.9312
vn 0.5589 0.1789 0.8097
vn 0.2208 0.1932 0.9560
vn 0.3246 0.1630 0.9317
vn 0.2164 0.1703 0.9613
vn 0.0236 0.1706 0.9851
vn 0.3422 0.3811 0.8589
vn 0.4913 -0.1363 0.8603
vn -0.3264 0.2652 0.9073
vn 0.3919 -0.0206 0.9198
vn 0.3201 -0.2551 0.9124
vn 0.1830 -0.2131 0.9598
vn 0.3039 -0.2361 0.9230
vn 0.3653 -0.3366 0.8679
vn 0.0033 -0.0082 1.0000
vn 0.3621 -0.4098 0.8372
vn -0.1144 -0.4486 0.8864
vn -0.0777 -0.5131 0.8548
vn 0.2567 -0.4911 0.8324
vn 0.3242 -0.3382 0.8835
vn 0.5036 -0.2215 0.8351
vn -0.0228 0.0243 0.9994
vn 0.2010 -0.1665 0.9653
vn 0.1642 -0.1960 0.9668
vn 0.0905 -0.2543 0.9629
vn 0.1640 -0.2820 0.9453
vn 0.3201 -0.1151 0.9404
vn 0.3870 -0.1156 0.9148
vn 0.3229 -0.1294 0.9375
vn 0.4878 0.1610 0.8580
vn 0.3357 0.0711 0.9393
vn 0.3367 0.4067 0.8492
vn 0.1840 0.0084 0.9829
vn 0.1851 0.0504 0.9814
vn 0.2471 0.2137 0.9451
vn 0.1729 -0.1541 0.9728
vn 0.2260 -0.2847 0.9316
vn 0.0903 -0.1890 0.9778
vn 0.1137 -0.5604 0.8204
vn 0.3509 -0.4003 0.8466
vn 0.2373 -0.3858 0.8915
vn -0.0069 -0.3490 0.9371
vn 0.3650 -0.1561 0.9178
vn 0.5613 -0.0068 0.8276
vn 0.5005 -0.0720 0.8628
vn 0.3497 -0.3683 0.8614
vn 0.3144 -0.3539 0.8809
vn 0.2319 -0.1178 0.9656
vn 0.2006 -0.2074 0.9575
vn 0.3432 -0.1289 0.9304
vn 0.3840 0.1757 0.9065
vn 0.3351 0.1920 0.9224
vn 0.4897 0.1881 0.8514
vn 0.2075 0.0546 0.9767
vn 0.1544 0.2735 0.9494
vn 0.0947 0.0693 0.9931
vn 0.3411 0.2302 0.9114
vn 0.4035 0.2079 0.8911
vn 0.2291 0.1706 0.9583
vn 0.1779 -0.3605 0.9156
vn 0.0455 -0.1990 0.9790
vn 0.1869 -0.2118 0.9593
vn 0.0119 -0.1989 0.9799
vn 0.0234 -0.2113 0.9771
vn -0.1497 -0.1699 0.9740
vn -0.0538 -0.0457 0.9975
vn 0.3531 -0.3621 0.8627
vn 0.1204 -0.2538 0.9597
vn 0.4392 -0.0305 0.8979
vn 0.5925 0.0350 0.8048
vn 0.1680 -0.2241 0.9600
vn 0.1702 -0.2971 0.9395
vn 0.3659 -0.0161 0.9305
vn 0.3442 -0.0112 0.9388
vn 0.4081 0.0412 0.9120
vn 0.3021 -0.1803 0.9361
vn 0.5251 0.0997 0.8452
vn 0.2863 0.2819 0.9157
vn 0.5118 0.2145 0.8319
vn 0.4298 0.2609 0.8644
vn 0.3000 -0.3254 0.8967
vn 0.0796 -0.2671 0.9604
vn -0.0491 -0.2653 0.9629
vn 0.1687 -0.2102 0.9630
vn 0.0563 -0.1885 0.9805
vn 0.0785 -0.3208 0.9439
vn 0.6110 -0.0354 0.7909
vn 0.2442 -0.2672 0.9322
vn 0.0810 -0.2538 0.9639
vn 0.3136 -0.2444 0.9176
vn 0.1604 -0.2277 0.9604
vn 0.1966 -0.3188 0.9272
vn 0.2307 -0.2997 0.9257
vn 0.2061 -0.2888 0.9349
vn 0.2943 -0.0437 0.9547
vn 0.3136 0.0242 0.9492
vn 0.2923 -0.1213 0.9486
vn 0.2425 -0.0575 0.9684
vn 0.6314 0.1978 0.7498
vn 0.3701 0.2089 0.9052
vn 0.4447 0.0656 0.8933
vn 0.2187 0.0125 0.9757
vn 0.2985 0.1374 0.9445
vn 0.2481 -0.0831 0.9652
vn 0.3547 -0.1844 0.9166
vn 0.1155 -0.5555 0.8235
vn 0.1951 -0.4681 0.8619
vn 0.1326 -0.2379 0.9622
vn 0.6085 0.0222 0.7932
vn 0.1953 -0.4669 0.8625
vn 0.1264 -0.2162 0.9681
vn 0.1961 -0.2329 0.9525
vn 0.5584 0.0917 0.8245
vn 0.5037 0.1712 0.8467
vn 0.2015 0.2088 0.9570
vn 0.2293 0.0470 0.9722
vn 0.3105 0.0988 0.9454
vn 0.2286 0.1981 0.9532
vn 0.2805 0.1190 0.9524
vn 0.2475 0.1224 0.9611
vn 0.3148 0.2001 0.9278
vn 0.3697 -0.2544 0.8936
vn 0.0413 -0.1846 0.9820
vn 0.2493 -0.1284 0.9599
vn 0.0514 -0.4320 0.9004
vn -0.0582 -0.4993 0.8645
vn 0.0835 -0.4811 0.8727
vn 0.2770 -0.5336 0.7991
vn 0.2020 -0.5246 0.8270
vn 0.0512 -0.1513 0.9872
vn 0.1854 -0.3601 0.9143
vn 0.4487 -0.4060 0.7961
vn 0.0021 -0.3106 0.9505
vn 0.2486 -0.2065 0.9463
vn 0.4386 0.0172 0.8985
vn 0.3924 0.0654 0.9175
vn 0.3125 -0.0714 0.9472
vn 0.5572 0.0642 0.8279
vn -0.0877 0.2527 0.9636
vn 0.2601 -0.0241 0.9653
vn 0.3978 0.0502 0.9161
vn 0.2914 0.1345 0.9471
vn 0.0844 0.0320 0.9959
vn 0.1933 0.0314 0.9806
vn 0.2375 -0.0489 0.9702
vn -0.0433 -0.2681 0.9624
vn 0.0017 -0.2608 0.9654
vn 0.2911 -0.1874 0.9382
vn 0.3656 -0.2858 0.8858
vn 0.2179 -0.5533 0.8040
vn 0.2156 -0.5067 0.8348
vn -0.1649 0.1357 0.9769
vn 0.2012 -0.2281 0.9526
vn 0.4353 -0.4099 0.8015
vn 0.4767 -0.3541 0.8046
vn 0.5970 -0.2951 0.7460
vn 0.3209 -0.1253 0.9388
vn 0.1110 -0.3725 0.9214
vn 0.3375 -0.3710 0.8652
vn 0.3042 -0.3686 0.8784
vn 0.2032 -0.2476 0.9473
vn 0.2045 -0.2480 0.9469
vn 0.1882 -0.2342 0.9538
vn 0.3697 -0.1626 0.9148
vn 0.4842 0.2631 0.8345
vn 0.4397 0.2944 0.8485
vn 0.3836 0.0783 0.9202
vn 0.3477 -0.0136 0.9375
vn 0.2541 -0.0122 0.9671
vn 0.2510 0.1292 0.9593
vn 0.2926 0.0562 0.9546
vn 0.3166 -0.0606 0.9466
vn 0.2788 -0.1609 0.9468
vn 0.1057 -0.1318 0.9856
vn 0.2727 -0.2015 0.9408
vn 0.2446 -0.1849 0.9518
vn 0.3013 -0.1943 0.9335
vn -0.0445 -0.3647 0.9301
vn 0.1056 -0.5532 0.8264
vn 0.1834 -0.3503 0.9185
vn 0.4021 -0.0957 0.9106
vn 0.1693 -0.2571 0.9514
vn 0.1784 -0.1999 0.9634
vn 0.2086 -0.2118 0.9548
vn 0.1973 -0.2009 0.9595
vn 0.4316 0.0170 0.9019
vn 0.3896 0.0654 0.9187
vn 0.2848 0.5053 0.8146
vn 0.4272 0.2158 0.8780
vn 0.1801 -0.0106 0.9836
vn 0.3601 0.1429 0.9219
vn 0.3414 0.4029 0.8491
vn 0.7235 0.1964 0.6618
vn 0.1267 0.0648 0.9898
vn 0.2325 -0.1385 0.9627
vn 0.0478 -0.3542 0.9340
vn 0.2136 -0.4137 0.8850
vn 0.1433 -0.2722 0.9515
vn 0.0971 -0.2937 0.9510
vn 0.2020 -0.3172 0.9266
vn 0.2025 -0.3177 0.9263
vn 0.4626 -0.4326 0.7739
vn -0.0122 -0.3859 0.9225
vn 0.2016 -0.2118 0.9563
vn 0.4843 0.2123 0.8487
vn 0.3106 0.1196 0.9430
vn 0.2355 0.0059 0.9719
vn 0.2030 -0.0245 0.9789
vn 0.2334 -0.0996 0.9673
vn 0.1436 0.6992 0.7004
vn 0.1199 0.0660 0.9906
vn 0.0761 0.1036 0.9917
vn 0.0113 -0.2768 0.9608
vn 0.0073 -0.1707 0.9853
vn 0.4589 -0.4325 0.7761
vn 0.4806 -0.3473 0.8052
vn 0.3751 -0.3013 0.8767
vn 0.3818 -0.2333 0.8943
vn 0.2377 -0.4184 0.8766
vn 0.3017 -0.3654 0.8806
vn 0.1626 -0.2691 0.9493
vn 0.2344 -0.1742 0.9564
vn 0.3617 -0.2686 0.8928
vn 0.2709 0.0478 0.9614
vn 0.3919 0.0744 0.9170
vn 0.4266 0.0341 0.9038
vn 0.4804 0.1594 0.8624
vn 0.3448 -0.0207 0.9385
vn 0.3554 0.6451 0.6764
vn 0.3095 0.2299 0.9227
vn 0.0525 0.0496 0.9974
vn 0.2377 -0.1848 0.9536
vn 0.0303 -0.3259 0.9449
vn 0.0894 -0.3714 0.9242
vn 0.3364 -0.4418 0.8316
vn 0.1107 -0.3594 0.9266
vn 0.2138 -0.4002 0.8911
vn 0.3466 -0.2944 0.8906
vn 0.1912 -0.2403 0.9517
vn 0.1380 -0.2143 0.9670
vn 0.1811 -0.1643 0.9696
vn 0.2554 -0.1577 0.9539
vn 0.3533 -0.2648 0.8973
vn 0.3992 0.0600 0.9149
vn 0.3084 0.0251 0.9509
vn 0.4393 0.0352 0.8977
vn 0.3844 0.1147 0.9160
vn 0.3756 0.2430 0.8943
vn 0.0937 0.3094 0.9463
vn 0.1909 0.0615 0.9797
vn 0.6659 0.1276 0.7350
vn 0.0679 0.1272 0.9895
vn 0.2398 -0.2565 0.9363
vn 0.1182 -0.1754 0.9774
vn 0.1499 -0.0638 0.9866
vn -0.0104 -0.0260 0.9996
vn 0.2833 -0.3691 0.8851
vn 0.1999 -0.4310 0.8799
vn 0.0182 -0.3667 0.9302
vn 0.3293 -0.5652 0.7564
vn 0.4662 -0.1258 0.8757
vn -0.0292 -0.3530 0.9352
vn -0.0809 -0.3240 0.9426
vn 0.1853 -0.2542 0.9492
vn 0.2415 0.0031 0.9704
vn 0.2474 -0.1360 0.9593
vn 0.3863 -0.1272 0.9136
vn 0.3911 0.2657 0.8812
vn 0.3979 0.2178 0.8912
vn 0.4115 0.1869 0.8920
vn -0.1325 -0.1301 0.9826
vn 0.3669 0.2125 0.9056
vn 0.1898 -0.0105 0.9818
vn 0.0675 -0.1880 0.9798
vn 0.2690 -0.1685 0.9483
vn 0.3977 -0.1107 0.9108
vn 0.2899 -0.0776 0.9539
vn 0.2400 -0.2154 0.9466
vn 0.0678 -0.2834 0.9566
vn -0.0897 -0.4370 0.8950
vn 0.2248 -0.5155 0.8269
vn 0.3651 -0.3973 0.8419
vn 0.3256 -0.2777 0.9038
vn 0.1719 -0.1440 0.9745
vn 0.2407 -0.0066 0.9706
vn 0.2115 -0.1535 0.9652
vn 0.4011 -0.1353 0.9060
vn 0.4051 0.1090 0.9078
vn 0.3825 0.3716 0.8459
vn 0.1556 -0.0635 0.9858
vn 0.4198 0.2924 0.8592
vn 0.1527 0.0788 0.9851
vn 0.2528 -0.3710 0.8936
vn 0.2096 -0.2759 0.9381
vn 0.0145 -0.2620 0.9649
vn 0.3927 -0.3367 0.8558
vn 0.0457 -0.1830 0.9820
vn 0.1066 -0.2961 0.9492
vn 0.0568 -0.4083 0.9111
vn 0.4064 -0.2783 0.8703
vn 0.3279 -0.2739 0.9041
vn 0.2113 -0.3278 0.9208
vn 0.1500 -0.2246 0.9628
vn 0.2519 -0.4473 0.8582
vn 0.1002 -0.3783 0.9202
vn 0.1606 -0.1360 0.9776
vn 0.0365 -0.0778 0.9963
vn 0.2308 -0.0185 0.9728
vn 0.3722 -0.2015 0.9060
vn 0.2855 0.2357 0.9289
vn 0.2688 0.2367 0.9337
vn 0.3597 0.0209 0.9328
vn 0.2200 -0.0261 0.9751
vn 0.0493 -0.1885 0.9808
vn 0.1935 -0.1108 0.9748
vn 0.3949 -0.1802 0.9009
vn 0.2919 -0.1718 0.9409
vn 0.1543 -0.1171 0.9811
vn 0.3443 -0.4279 0.8357
vn 0.1672 -0.2586 0.9514
vn 0.2322 -0.3930 0.8898
vn 0.1304 -0.4792 0.8680
vn 0.3892 -0.1258 0.9125
vn 0.1943 -0.3851 0.9022
vn 0.0275 -0.2643 0.9641
vn 0.3146 -0.2872 0.9047
vn 0.3020 -0.2236 0.9267
vn 0.3287 -0.5172 0.7902
vn 0.3415 0.0368 0.9391
vn 0.4173 0.3561 0.8361
vn 0.2837 -0.0909 0.9546
vn 0.1753 -0.1832 0.9673
vn 0.4124 0.2018 0.8884
vn 0.1132 0.1458 0.9828
vn 0.1586 0.0753 0.9845
vn 0.0054 -0.3883 0.9215
vn 0.2355 -0.4901 0.8393
vn 0.3827 -0.0478 0.9226
vn 0.4538 -0.0998 0.8855
vn 0.2637 -0.1778 0.9481
vn 0.1738 -0.6188 0.7661
vn -0.0190 -0.5140 0.8576
vn -0.2478 -0.4396 0.8633
vn 0.4670 -0.2897 0.8355
vn 0.1872 -0.2134 0.9589
vn 0.2711 -0.2828 0.9201
vn 0.3593 -0.2395 0.9020
vn 0.2346 -0.2174 0.9475
vn 0.2733 0.1800 0.9450
vn 0.3660 -0.0201 0.9304
vn 0.1145 -0.1432 0.9830
vn 0.3016 0.2907 0.9080
vn 0.1293 0.1795 0.9752
vn 0.0079 -0.2539 0.9672
vn 0.2643 -0.2120 0.9408
vn 0.2396 -0.3010 0.9230
vn 0.0060 -0.4689 0.8832
vn 0.2385 -0.4269 0.8723
vn 0.0463 -0.4379 0.8978
vn 0.3092 -0.5059 0.8052
vn 0.4075 -0.3334 0.8502
vn 0.3007 -0.1200 0.9461
vn 0.2138 -0.0465 0.9758
vn 0.4385 0.0134 0.8986
vn 0.3899 -0.2977 0.8714
vn -0.0279 -0.5171 0.8555
vn 0.0376 -0.4308 0.9017
vn 0.1582 -0.4331 0.8874
vn 0.0627 -0.5437 0.8370
vn 0.1515 -0.5376 0.8295
vn 0.3048 -0.2606 0.9161
vn 0.3032 -0.2813 0.9105
vn 0.4020 -0.1723 0.8993
vn 0.3468 -0.1793 0.9206
vn 0.3191 0.1875 0.9290
vn 0.2621 -0.0846 0.9613
vn 0.1384 -0.1401 0.9804
vn 0.2267 -0.3686 0.9015
vn 0.0150 -0.1742 0.9846
vn 0.2248 -0.2302 0.9468
vn 0.3079 -0.2350 0.9219
vn 0.3089 -0.2336 0.9220
vn 0.3034 -0.4013 0.8642
vn 0.0915 -0.3654 0.9264
vn 0.2555 -0.2783 0.9259
vn 0.1284 -0.4487 0.8844
vn 0.1469 -0.3998 0.9048
vn 0.4393 -0.1376 0.8878
vn 0.4870 -0.3277 0.8096
vn 0.0642 -0.6537 0.7540
vn 0.1969 -0.2385 0.9510
vn 0.3001 -0.2415 0.9228
vn 0.2930 -0.2628 0.9193
vn 0.3329 -0.2976 0.8948
vn 0.1083 -0.1025 0.9888
vn 0.4790 0.2299 0.8472
vn 0.4313 0.2509 0.8666
vn 0.3069 0.2518 0.9178
vn 0.2395 -0.0277 0.9705
vn 0.1308 -0.0279 0.9910
vn 0.3203 0.3767 0.8692
vn 0.1873 0.1405 0.9722
vn 0.3432 -0.2035 0.9170
vn 0.2082 -0.2806 0.9370
vn 0.0194 -0.1705 0.9852
vn 0.2050 -0.2474 0.9470
vn 0.1007 -0.4601 0.8821
vn 0.3270 -0.4793 0.8144
vn 0.3974 -0.3423 0.8514
vn 0.0753 -0.2964 0.9521
vn 0.2024 -0.1251 0.9713
vn -0.0081 -0.5436 0.8393
vn -0.0820 -0.5286 0.8449
vn 0.0274 -0.4261 0.9043
vn 0.3389 -0.2006 0.9192
vn 0.2079 -0.1038 0.9726
vn 0.4360 0.2385 0.8678
vn 0.2490 0.0872 0.9646
vn 0.4057 0.3298 0.8524
vn 0.3135 0.3167 0.8952
vn 0.0816 -0.2738 0.9583
vn 0.3943 -0.1854 0.9001
vn 0.3128 -0.2648 0.9122
vn 0.0836 -0.2730 0.9584
vn -0.0007 -0.2857 0.9583
vn 0.1519 -0.3933 0.9068
vn 0.0525 -0.4557 0.8886
vn 0.1492 -0.4072 0.9011
vn 0.3591 0.0275 0.9329
vn 0.5694 -0.1265 0.8123
vn 0.4030 -0.1240 0.9067
vn 0.0533 -0.3022 0.9518
vn 0.2519 -0.2862 0.9244
vn 0.2016 -0.4707 0.8590
vn 0.0596 -0.4217 0.9048
vn 0.0653 -0.4221 0.9042
vn 0.3207 -0.3346 0.8861
vn 0.2206 -0.2288 0.9481
vn 0.4081 -0.2353 0.8821
vn 0.1265 -0.1072 0.9862
vn 0.3991 0.0975 0.9117
vn 0.3094 0.1430 0.9401
vn 0.0238 0.0066 0.9997
vn 0.1730 0.2222 0.9595
vn 0.2312 0.1791 0.9563
vn 0.3149 -0.1900 0.9299
vn 0.1599 -0.1872 0.9692
vn 0.0396 -0.4489 0.8927
vn 0.2048 -0.2472 0.9471
vn 0.4184 -0.2140 0.8827
vn 0.2002 -0.3685 0.9078
vn 0.1147 -0.3880 0.9145
vn 0.1290 -0.3293 0.9354
vn -0.0076 -0.2972 0.9548
vn 0.3630 -0.3796 0.8510
vn 0.3087 -0.4517 0.8371
vn 0.0910 -0.4865 0.8689
vn -0.0304 -0.1173 0.9926
vn 0.4902 -0.1150 0.8640
vn 0.4972 -0.1989 0.8446
vn 0.1219 -0.2657 0.9563
vn 0.3547 -0.2738 0.8940
vn 0.3530 0.0883 0.9314
vn 0.2100 0.0636 0.9756
vn 0.3346 0.0127 0.9423
vn 0.4351 0.1591 0.8862
vn -0.0151 0.0831 0.9964
vn 0.3449 0.0261 0.9383
vn 0.3108 0.3274 0.8923
vn 0.1234 -0.2627 0.9570
vn 0.1915 -0.2557 0.9476
vn 0.1384 -0.4002 0.9059
vn 0.2590 -0.2474 0.9337
vn 0.3024 -0.4503 0.8401
vn 0.4628 -0.2345 0.8549
vn 0.3558 -0.3515 0.8659
vn 0.4638 -0.3382 0.8188
vn 0.0646 -0.3202 0.9451
vn 0.1043 -0.3325 0.9373
vn 0.0606 -0.5917 0.8039
vn -0.0219 -0.3821 0.9239
vn 0.3358 -0.2929 0.8952
vn 0.3358 -0.1779 0.9250
vn 0.3245 -0.1810 0.9284
vn 0.1255 -0.3410 0.9316
vn -0.0603 -0.2470 0.9671
vn 0.1246 -0.1971 0.9724
vn 0.2709 -0.1175 0.9554
vn 0.2228 0.1058 0.9691
vn 0.4007 -0.2777 0.8731
vn 0.1472 -0.3580 0.9220
vn 0.1705 -0.5308 0.8301
vn 0.3131 -0.0473 0.9485
vn -0.0448 -0.6448 0.7631
vn 0.1394 -0.2629 0.9547
vn 0.1296 -0.2466 0.9604
vn 0.2439 -0.3201 0.9155
vn 0.2595 -0.2582 0.9306
vn 0.1086 -0.1805 0.9776
vn 0.4133 0.1698 0.8946
vn 0.3220 0.2435 0.9149
vn 0.1088 -0.0969 0.9893
vn 0.2197 0.1433 0.9650
vn 0.2754 0.1694 0.9463
vn 0.0377 -0.2242 0.9738
vn 0.2255 -0.1803 0.9574
vn 0.3355 -0.2729 0.9016
vn -0.0264 -0.2627 0.9645
vn 0.1527 -0.3672 0.9175
vn 0.0609 -0.3779 0.9239
vn 0.5427 -0.1294 0.8299
vn 0.0748 -0.3594 0.9302
vn 0.0056 -0.5028 0.8644
vn 0.3354 -0.2813 0.8991
vn 0.1623 -0.2572 0.9526
vn 0.2920 -0.2655 0.9188
vn 0.3110 -0.1917 0.9309
vn 0.3810 -0.2952 0.8762
vn 0.2078 -0.0359 0.9775
vn 0.3137 -0.0483 0.9483
vn 0.1191 0.0712 0.9903
vn 0.1065 -0.0655 0.9922
vn 0.2509 -0.2065 0.9457
vn 0.4145 -0.3306 0.8479
vn 0.2237 -0.2673 0.9373
vn 0.2549 -0.2026 0.9455
vn 0.3953 -0.3927 0.8304
vn -0.1012 -0.2606 0.9601
vn 0.4688 -0.2728 0.8401
vn 0.3376 -0.2185 0.9156
vn 0.4563 -0.1765 0.8722
vn 0.3928 -0.1515 0.9071
vn 0.3043 -0.1807 0.9353
vn 0.2272 -0.4272 0.8752
vn 0.2225 -0.2933 0.9298
vn 0.2917 -0.2655 0.9189
vn 0.4247 -0.2567 0.8682
vn 0.2756 -0.2510 0.9279
vn -0.0392 -0.3501 0.9359
vn 0.0945 -0.2297 0.9687
vn 0.3514 -0.0136 0.9361
vn 0.4040 0.1830 0.8963
vn 0.0956 -0.0485 0.9942
vn 0.2725 0.0628 0.9601
vn 0.1677 -0.5165 0.8397
vn -0.0328 -0.5703 0.8208
vn -0.0312 -0.5149 0.8567
vn 0.5055 -0.1670 0.8465
vn 0.2254 -0.2751 0.9346
vn 0.2862 -0.2913 0.9128
vn 0.1947 -0.2638 0.9447
vn 0.0900 -0.3822 0.9197
vn 0.5428 -0.1379 0.8285
vn 0.2443 -0.3789 0.8926
vn 0.0988 -0.3503 0.9314
vn 0.0183 -0.5089 0.8606
vn -0.0589 -0.4884 0.8706
vn 0.2433 -0.2310 0.9420
vn -0.0380 -0.3503 0.9359
vn 0.2369 0.1574 0.9587
vn 0.1939 0.1111 0.9747
vn 0.3066 -0.0284 0.9514
vn 0.2089 0.0477 0.9768
vn 0.0805 -0.4888 0.8687
vn 0.5349 -0.2570 0.8049
vn 0.0854 -0.2323 0.9689
vn 0.1472 -0.2513 0.9567
vn 0.1953 -0.2909 0.9366
vn 0.2327 -0.5147 0.8252
vn 0.4904 -0.2383 0.8383
vn 0.3778 -0.3751 0.8465
vn 0.1487 -0.4134 0.8983
vn -0.1187 -0.5089 0.8526
vn 0.2875 -0.2382 0.9277
vn 0.2665 -0.1858 0.9457
vn 0.2808 -0.1903 0.9407
vn 0.4809 0.1627 0.8615
vn 0.1380 -0.0898 0.9864
vn 0.0950 -0.0640 0.9934
vn 0.2918 0.0500 0.9552
vn 0.3795 -0.3892 0.8394
vn 0.3273 -0.3668 0.8708
vn 0.0786 -0.3832 0.9203
vn -0.0357 -0.5693 0.8213
vn 0.0882 -0.5109 0.8551
vn -0.0190 -0.4433 0.8961
vn 0.1898 -0.3404 0.9209
vn 0.4467 -0.2191 0.8674
vn 0.2071 -0.3228 0.9235
vn 0.2774 -0.2613 0.9246
vn 0.1877 -0.2887 0.9388
vn 0.2625 -0.5035 0.8232
vn 0.0562 -0.4607 0.8858
vn 0.1419 -0.4320 0.8907
vn 0.4739 -0.2466 0.8453
vn 0.2002 -0.3587 0.9117
vn 0.0950 -0.5260 0.8452
vn 0.0477 -0.3889 0.9201
vn 0.2057 -0.3414 0.9171
vn 0.2691 -0.2839 0.9203
vn 0.2832 -0.2328 0.9304
vn 0.3278 -0.1884 0.9258
vn 0.3940 -0.2039 0.8962
vn 0.4079 -0.1687 0.8973
vn 0.1562 0.1275 0.9795
vn 0.1398 -0.2623 0.9548
vn 0.1169 -0.2648 0.9572
vn 0.3002 -0.2267 0.9265
vn 0.3360 -0.0888 0.9377
vn 0.2922 0.0876 0.9523
vn 0.2952 -0.0973 0.9505
vn 0.1629 -0.1157 0.9798
vn 0.1767 -0.1196 0.9770
vn -0.1087 -0.5147 0.8504
vn 0.2283 -0.3854 0.8941
vn 0.3871 -0.1048 0.9160
vn 0.1404 -0.2281 0.9635
vn 0.2766 -0.2628 0.9243
vn 0.1479 -0.3762 0.9146
vn 0.3413 -0.4483 0.8262
vn -0.0039 -0.5284 0.8490
vn 0.2171 -0.3632 0.9060
vn -0.2186 -0.4004 0.8899
vn -0.1468 -0.4062 0.9019
vn 0.1698 -0.3388 0.9254
vn 0.3374 -0.1708 0.9257
vn 0.3519 -0.0938 0.9313
vn 0.2330 -0.1896 0.9538
vn 0.3733 0.0432 0.9267
vn 0.1201 0.0673 0.9905
vn 0.3112 -0.0170 0.9502
vn 0.3130 -0.2599 0.9135
vn 0.1846 -0.4399 0.8789
vn 0.0591 -0.4995 0.8643
vn 0.3946 -0.1722 0.9026
vn 0.2595 -0.2103 0.9425
vn 0.2071 -0.0615 0.9764
vn 0.2471 -0.3543 0.9019
vn 0.2299 -0.4492 0.8633
vn 0.5001 -0.2424 0.8313
vn 0.1908 -0.3418 0.9202
vn 0.1746 -0.3575 0.9174
vn 0.0769 -0.4027 0.9121
vn 0.3424 -0.1820 0.9218
vn 0.2995 -0.0781 0.9509
vn 0.4094 -0.0867 0.9082
vn -0.0095 -0.4135 0.9105
vn -0.0771 -0.3656 0.9276
vn -0.0312 -0.3717 0.9278
vn 0.2217 -0.0637 0.9730
vn 0.3608 0.0533 0.9311
vn 0.1951 -0.1447 0.9701
vn 0.2964 -0.0133 0.9550
vn -0.0392 -0.5111 0.8586
vn 0.3203 -0.2090 0.9240
vn 0.1255 -0.3905 0.9120
vn 0.1663 -0.4259 0.8894
vn 0.2636 -0.3965 0.8794
vn 0.1742 -0.3508 0.9201
vn -0.1776 -0.3560 0.9174
vn 0.2855 -0.4097 0.8664
vn 0.2350 -0.3458 0.9084
vn 0.4019 -0.0925 0.9110
vn 0.2718 -0.1514 0.9504
vn 0.3492 -0.1725 0.9210
vn 0.1109 -0.2600 0.9592
vn 0.2624 -0.0279 0.9646
vn 0.1072 -0.0355 0.9936
vn 0.3665 0.0847 0.9266
vn 0.0723 -0.6344 0.7696
vn 0.4331 -0.2391 0.8691
vn 0.2902 -0.1908 0.9378
vn 0.3092 -0.2089 0.9278
vn 0.0757 -0.2919 0.9535
vn 0.0936 -0.4065 0.9088
vn -0.1109 -0.3054 0.9457
vn 0.1415 -0.4357 0.8889
vn 0.4428 -0.3297 0.8338
vn -0.0853 -0.2065 0.9747
vn 0.0542 -0.4353 0.8987
vn 0.2559 -0.3371 0.9060
vn 0.3294 -0.4192 0.8460
vn 0.2073 -0.3957 0.8947
vn 0.2249 -0.3857 0.8948
vn 0.1828 -0.3363 0.9239
vn 0.1668 -0.2438 0.9554
vn 0.3517 -0.0782 0.9328
vn 0.3172 -0.1314 0.9392
vn 0.2891 -0.1288 0.9486
vn 0.1078 -0.2764 0.9550
vn 0.1829 -0.1468 0.9721
vn 0.1758 -0.2274 0.9578
vn 0.3256 -0.2719 0.9056
vn 0.3038 -0.2831 0.9097
vn 0.0068 -0.4808 0.8768
vn 0.2457 -0.4913 0.8356
vn 0.3572 -0.3380 0.8707
vn 0.2536 -0.4711 0.8448
vn 0.4958 -0.2879 0.8193
vn 0.2643 -0.4833 0.8346
vn -0.0331 -0.4839 0.8745
vn -0.0023 -0.3632 0.9317
vn 0.2352 -0.3308 0.9139
vn 0.2584 -0.3285 0.9085
vn 0.3087 -0.3299 0.8921
vn 0.3435 -0.0674 0.9367
vn 0.2163 -0.0025 0.9763
vn -0.0222 -0.3812 0.9242
vn 0.0561 -0.3840 0.9216
vn 0.2594 -0.2584 0.9306
vn 0.2201 -0.2897 0.9315
vn 0.2609 -0.2973 0.9184
vn 0.2237 -0.3208 0.9203
vn -0.0794 -0.3202 0.9440
vn 0.1948 -0.1240 0.9730
vn 0.1252 -0.4842 0.8660
vn 0.2671 -0.4423 0.8562
vn 0.2660 -0.4391 0.8582
vn 0.1565 -0.4384 0.8850
vn 0.4016 -0.2670 0.8760
vn 0.2061 -0.5926 0.7787
vn 0.0767 -0.5148 0.8539
vn 0.1283 -0.4522 0.8827
vn 0.2391 -0.3255 0.9148
vn 0.3698 0.1100 0.9226
vn 0.2221 -0.0740 0.9722
vn 0.2054 -0.2395 0.9489
vn 0.1798 -0.2063 0.9618
vn 0.2928 -0.1398 0.9459
vn 0.2867 -0.1360 0.9483
vn 0.1366 -0.1689 0.9761
vn 0.1009 -0.2760 0.9558
vn 0.2028 -0.2471 0.9475
vn 0.1788 -0.2623 0.9483
vn -0.0023 -0.3407 0.9402
vn 0.1232 -0.3441 0.9308
vn 0.3364 -0.3049 0.8910
vn 0.2464 -0.3621 0.8990
vn 0.1776 -0.4637 0.8680
vn 0.1014 -0.3042 0.9472
vn 0.1973 -0.2759 0.9407
vn -0.0078 -0.4028 0.9153
vn 0.4797 -0.2510 0.8408
vn 0.2714 -0.2471 0.9302
vn 0.1897 -0.4163 0.8892
vn -0.0388 -0.4960 0.8674
vn -0.1142 -0.4979 0.8597
vn 0.2277 -0.4248 0.8762
vn 0.3142 -0.3388 0.8869
vn 0.3354 0.1412 0.9315
vn 0.3745 0.1457 0.9157
vn 0.2567 -0.2278 0.9393
vn 0.2001 -0.2265 0.9533
vn -0.0375 -0.3553 0.9340
vn 0.1921 -0.3668 0.9103
vn 0.3233 -0.3302 0.8868
vn 0.2528 -0.3114 0.9160
vn 0.3022 -0.2860 0.9093
vn 0.2976 -0.3793 0.8761
vn 0.2612 -0.4045 0.8765
vn 0.4504 -0.3405 0.8254
vn 0.4506 -0.3251 0.8315
vn -0.1665 -0.4536 0.8755
vn -0.1176 -0.4881 0.8649
vn 0.0762 -0.5156 0.8535
vn 0.3761 -0.3350 0.8639
vn 0.1036 -0.4363 0.8938
vn 0.3683 -0.2472 0.8962
vn 0.3202 -0.1433 0.9364
vn 0.0513 -0.3801 0.9235
vn 0.2181 -0.4176 0.8821
vn 0.3130 -0.0913 0.9454
vn 0.1410 -0.3547 0.9243
vn 0.2122 -0.2372 0.9480
vn 0.3035 -0.2828 0.9099
vn 0.0794 -0.3739 0.9241
vn 0.2627 -0.4833 0.8351
vn 0.2152 -0.3694 0.9040
vn 0.2830 -0.3131 0.9066
vn 0.1777 -0.4656 0.8670
vn 0.4333 -0.4156 0.7997
vn 0.2655 -0.4310 0.8624
vn 0.0553 -0.4480 0.8923
vn -0.0408 -0.4959 0.8674
vn 0.2749 -0.3642 0.8898
vn 0.2674 -0.3285 0.9059
vn 0.1820 -0.5025 0.8452
vn 0.1572 -0.2546 0.9542
vn 0.3310 -0.0907 0.9393
vn -0.0992 -0.1373 0.9855
vn 0.1527 -0.2177 0.9640
vn 0.3322 -0.1019 0.9377
vn 0.2874 -0.0945 0.9531
vn 0.1217 -0.3528 0.9277
vn 0.3251 -0.2800 0.9033
vn 0.3323 -0.1912 0.9236
vn 0.3106 -0.2084 0.9274
vn 0.1576 -0.4588 0.8745
vn 0.2581 -0.2962 0.9196
vn 0.2813 -0.2612 0.9234
vn 0.2316 -0.1646 0.9588
vn 0.1555 -0.4342 0.8873
vn 0.1535 -0.5380 0.8289
vn 0.4257 -0.3409 0.8382
vn 0.4673 -0.2935 0.8339
vn -0.1189 -0.3808 0.9170
vn -0.0016 -0.4102 0.9120
vn -0.0046 -0.2778 0.9606
vn 0.3506 -0.2927 0.8896
vn 0.1429 -0.1659 0.9757
vn 0.1084 -0.1266 0.9860
vn 0.1465 -0.1046 0.9837
vn 0.4450 -0.1677 0.8797
vn 0.0550 -0.4633 0.8845
vn 0.1951 -0.3932 0.8985
vn 0.2480 -0.4080 0.8786
vn 0.0996 -0.1552 0.9829
vn 0.1319 -0.1783 0.9751
vn 0.2845 -0.2481 0.9260
vn 0.2967 -0.3616 0.8839
vn 0.2707 -0.1722 0.9472
vn 0.1323 -0.2505 0.9590
vn 0.2249 -0.4907 0.8418
vn 0.1616 -0.4909 0.8561
vn 0.3929 -0.3132 0.8646
vn 0.1152 -0.2793 0.9533
vn 0.4583 -0.0125 0.8887
vn 0.1815 -0.1997 0.9629
vn 0.2046 -0.1102 0.9726
vn 0.5310 0.0211 0.8471
vn 0.0613 -0.4779 0.8763
vn 0.2508 -0.4105 0.8767
vn 0.0895 -0.4256 0.9005
vn 0.3240 -0.0826 0.9424
vn 0.2748 -0.0875 0.9575
vn 0.3514 -0.2566 0.9004
vn 0.2916 -0.1857 0.9383
vn 0.2793 -0.1873 0.9418
vn 0.1862 -0.3948 0.8997
vn 0.0515 -0.3956 0.9170
vn 0.0283 -0.2392 0.9706
vn 0.0914 -0.3901 0.9162
vn 0.2932 -0.2960 0.9091
vn 0.1923 -0.3013 0.9339
vn 0.2612 -0.2952 0.9190
vn 0.2505 -0.2960 0.9217
vn 0.2739 -0.3984 0.8753
vn 0.2866 -0.5420 0.7900
vn 0.1978 -0.5417 0.8170
vn 0.2800 -0.1700 0.9448
vn 0.0152 -0.4387 0.8985
vn 0.1891 -0.3684 0.9102
vn 0.1149 -0.4202 0.9001
vn 0.2410 -0.4326 0.8688
vn 0.4263 -0.2568 0.8673
vn 0.2025 -0.0594 0.9775
vn 0.0207 -0.4527 0.8914
vn 0.0699 -0.4111 0.9089
vn 0.3411 -0.2389 0.9092
vn 0.2557 -0.2101 0.9436
vn 0.1786 -0.2586 0.9493
vn 0.1538 -0.5505 0.8206
vn 0.0681 -0.3835 0.9210
vn 0.2212 -0.3499 0.9103
vn 0.2627 -0.2968 0.9181
vn 0.2717 -0.5203 0.8096
vn 0.4723 -0.3165 0.8226
vn 0.2982 -0.2895 0.9095
vn -0.1255 -0.3942 0.9104
vn -0.0438 -0.4381 0.8979
vn 0.1898 -0.3576 0.9144
vn 0.1920 -0.2332 0.9533
vn 0.1075 -0.1331 0.9853
vn 0.4907 -0.1450 0.8592
vn 0.0322 -0.4505 0.8922
vn 0.0416 -0.3809 0.9237
vn 0.2543 -0.2841 0.9245
vn -0.0060 -0.3288 0.9444
vn 0.2376 -0.3559 0.9038
vn 0.2752 -0.5361 0.7981
vn 0.0990 -0.2958 0.9501
vn 0.3282 -0.3241 0.8873
vn 0.0352 -0.3548 0.9343
vn -0.1023 -0.4326 0.8958
vn 0.0747 -0.5427 0.8366
vn 0.1501 -0.2127 0.9655
vn 0.2956 -0.3328 0.8955
vn 0.1191 -0.3374 0.9338
vn 0.3084 -0.1870 0.9327
vn 0.1450 -0.2043 0.9681
vn 0.1250 -0.1340 0.9831
vn 0.1724 -0.2605 0.9500
vn 0.1053 -0.2374 0.9657
vn 0.4660 0.0647 0.8824
vn 0.0191 -0.5321 0.8465
vn 0.2537 -0.4292 0.8669
vn 0.3030 -0.0010 0.9530
vn 0.0693 -0.4074 0.9106
vn 0.1687 -0.3034 0.9378
vn 0.3194 -0.2832 0.9043
vn 0.3049 -0.2688 0.9137
vn 0.2925 -0.4969 0.8170
vn -0.0555 -0.4920 0.8688
vn 0.2242 -0.4444 0.8673
vn 0.1137 -0.4437 0.8889
vn 0.2094 -0.3169 0.9250
vn 0.2244 -0.4929 0.8407
vn 0.2372 -0.4022 0.8843
vn 0.2650 -0.2280 0.9369
vn 0.2230 -0.3846 0.8958
vn 0.3945 -0.3683 0.8419
vn 0.2368 -0.5413 0.8068
vn 0.2147 -0.5483 0.8082
vn 0.2978 -0.2471 0.9221
vn 0.0289 -0.5217 0.8526
vn 0.2436 -0.1579 0.9569
vn 0.1422 -0.0927 0.9855
vn 0.4417 -0.1609 0.8826
vn 0.3145 -0.1621 0.9353
vn 0.3622 -0.2025 0.9099
vn 0.3546 -0.2037 0.9126
vn 0.1059 -0.5573 0.8235
vn 0.2085 -0.3928 0.8957
vn 0.0546 -0.4104 0.9103
vn 0.2587 -0.2929 0.9205
vn 0.4128 -0.0350 0.9101
vn 0.2193 -0.2506 0.9429
vn 0.1050 -0.4511 0.8863
vn 0.2116 -0.3762 0.9020
vn 0.2255 -0.3364 0.9143
vn 0.3461 -0.2927 0.8914
vn 0.0609 -0.1933 0.9793
vn 0.0949 -0.2344 0.9675
vn 0.2163 -0.5973 0.7723
vn 0.0155 -0.5480 0.8363
vn 0.3168 -0.2678 0.9099
vn 0.1327 -0.2022 0.9703
vn -0.0126 -0.4685 0.8834
vn 0.0673 -0.4446 0.8932
vn 0.0900 -0.3941 0.9147
vn 0.2805 -0.2424 0.9288
vn 0.1200 -0.0899 0.9887
vn 0.1745 -0.1381 0.9749
vn 0.0592 -0.1251 0.9904
vn 0.5493 -0.0439 0.8344
vn 0.0560 -0.3435 0.9375
vn 0.2474 -0.3298 0.9110
vn -0.0300 -0.2867 0.9575
vn 0.0747 -0.3164 0.9457
vn 0.1489 -0.2256 0.9628
vn 0.3019 -0.2309 0.9249
vn 0.3095 0.0148 0.9508
vn 0.0535 -0.0206 0.9984
vn 0.0680 -0.4141 0.9077
vn 0.0721 -0.4227 0.9034
vn 0.3427 -0.4286 0.8360
vn 0.4141 -0.3667 0.8331
vn 0.2743 -0.1552 0.9490
vn 0.3724 -0.3761 0.8484
vn 0.2141 -0.3651 0.9060
vn 0.2079 -0.3597 0.9096
vn 0.4261 -0.3360 0.8399
vn 0.2482 -0.5646 0.7872
vn 0.3704 -0.5798 0.7257
vn 0.2623 -0.5333 0.8043
vn 0.1054 -0.2036 0.9734
vn 0.1843 -0.2708 0.9448
vn -0.0472 -0.2889 0.9562
vn -0.2999 -0.1176 0.9467
vn 0.0734 -0.3989 0.9141
vn 0.2307 -0.2244 0.9468
vn 0.1366 -0.1198 0.9834
vn 0.5295 -0.0404 0.8474
vn 0.5205 -0.0152 0.8537
vn 0.5279 -0.0178 0.8491
vn 0.4142 -0.1540 0.8971
vn 0.2520 -0.3607 0.8980
vn 0.3322 -0.1583 0.9298
vn 0.2562 -0.1998 0.9457
vn 0.1356 -0.2571 0.9568
vn 0.1807 -0.5152 0.8378
vn 0.3039 -0.1498 0.9409
vn 0.1576 -0.0588 0.9858
vn 0.3173 -0.5328 0.7845
vn 0.4441 -0.5179 0.7311
vn -0.1540 -0.3191 0.9351
vn -0.0472 -0.2526 0.9664
vn 0.1462 -0.1722 0.9742
vn 0.0766 -0.1707 0.9823
vn 0.1433 -0.1787 0.9734
vn 0.1656 -0.1945 0.9668
vn 0.3003 -0.1695 0.9387
vn 0.1876 -0.1544 0.9700
vn 0.1556 -0.0582 0.9861
vn 0.2776 -0.2860 0.9171
vn 0.1509 -0.2309 0.9612
vn 0.3787 -0.0319 0.9250
vn 0.1897 -0.3299 0.9247
vn 0.3196 -0.1480 0.9359
vn 0.2635 -0.1927 0.9452
vn 0.2014 -0.2045 0.9579
vn 0.2593 -0.3287 0.9081
vn 0.2242 -0.4827 0.8466
vn 0.2096 -0.5189 0.8287
vn 0.3461 -0.4030 0.8472
vn 0.3635 -0.3730 0.8537
vn 0.2156 -0.3909 0.8948
vn 0.4310 -0.4322 0.7921
vn 0.2648 -0.5826 0.7684
vn 0.2303 -0.5808 0.7808
vn 0.0205 -0.5544 0.8320
vn -0.0946 -0.2444 0.9651
vn 0.0689 -0.3892 0.9186
vn 0.2303 -0.2234 0.9471
vn 0.1819 -0.1894 0.9649
vn 0.4089 -0.2533 0.8767
vn 0.1742 -0.3946 0.9022
vn 0.0961 -0.3516 0.9312
vn 0.0169 -0.2065 0.9783
vn 0.0813 -0.1677 0.9825
vn 0.3564 -0.0278 0.9339
vn 0.1996 -0.3272 0.9237
vn 0.3965 -0.1585 0.9042
vn 0.3005 -0.2498 0.9205
vn 0.2016 -0.2270 0.9528
vn 0.2333 -0.3487 0.9077
vn 0.2225 -0.3541 0.9084
vn 0.1701 -0.1668 0.9712
vn 0.2692 -0.3003 0.9150
vn 0.0870 -0.2924 0.9523
vn 0.2330 -0.5467 0.8043
vn 0.4736 -0.3581 0.8047
vn 0.1291 -0.5351 0.8348
vn 0.1039 -0.1865 0.9770
vn 0.1719 -0.1930 0.9660
vn 0.0582 -0.2323 0.9709
vn 0.2762 -0.2988 0.9135
vn 0.0436 0.1085 0.9931
vn 0.1716 -0.2029 0.9640
vn 0.3451 -0.2258 0.9110
vn 0.0752 -0.2001 0.9769
vn 0.4160 -0.1450 0.8977
vn 0.4007 -0.1364 0.9060
vn 0.1658 -0.3166 0.9340
vn 0.2837 -0.3583 0.8895
vn 0.3124 -0.2465 0.9174
vn 0.2567 -0.3065 0.9166
vn 0.2537 -0.4595 0.8512
vn 0.0581 -0.4316 0.9002
vn 0.4130 -0.2914 0.8629
vn 0.4535 -0.3013 0.8388
vn 0.2623 -0.4865 0.8334
vn 0.1594 -0.6695 0.7255
vn 0.2865 -0.3116 0.9060
vn 0.2342 -0.4557 0.8588
vn 0.1682 -0.4299 0.8870
vn -0.0660 -0.3893 0.9187
vn 0.0953 -0.3297 0.9393
vn 0.0065 -0.1948 0.9808
vn 0.1552 -0.2784 0.9478
vn 0.4236 -0.2710 0.8643
vn 0.4187 -0.2705 0.8669
vn 0.3420 -0.2460 0.9069
vn 0.1135 -0.2831 0.9523
vn 0.2435 -0.2622 0.9338
vn 0.4280 -0.2131 0.8783
vn 0.3407 -0.1413 0.9295
vn 0.2000 -0.2358 0.9510
vn 0.2193 -0.2217 0.9501
vn 0.1631 -0.3680 0.9154
vn 0.2213 -0.3049 0.9263
vn 0.2243 -0.3049 0.9256
vn 0.2116 -0.3256 0.9215
vn 0.1651 -0.2762 0.9468
vn 0.1684 -0.2737 0.9470
vn 0.2587 -0.3226 0.9105
vn 0.4543 -0.4442 0.7722
vn 0.0415 -0.5736 0.8181
vn 0.5929 -0.3680 0.7163
vn 0.3319 -0.3070 0.8920
vn 0.0430 -0.2852 0.9575
vn 0.0388 -0.2808 0.9590
vn -0.0762 -0.4636 0.8827
vn -0.0507 -0.4644 0.8842
vn 0.1719 -0.3431 0.9234
vn 0.1625 -0.2439 0.9561
vn 0.4919 -0.2969 0.8185
vn 0.0795 -0.2634 0.9614
vn -0.0907 -0.3490 0.9327
vn 0.2127 -0.2251 0.9508
vn 0.2056 -0.3363 0.9190
vn 0.4013 0.0396 0.9151
vn 0.2206 -0.2985 0.9286
vn 0.3180 -0.2943 0.9013
vn 0.2245 -0.3560 0.9071
vn 0.0847 -0.3549 0.9311
vn 0.2584 -0.3116 0.9144
vn 0.2867 -0.2886 0.9135
vn 0.2607 -0.4869 0.8337
vn -0.2189 -0.3907 0.8941
vn -0.0111 -0.3846 0.9230
vn -0.0486 -0.4661 0.8834
vn 0.1696 -0.3404 0.9249
vn 0.1699 -0.3403 0.9248
vn 0.0852 -0.2515 0.9641
vn 0.0416 -0.1563 0.9868
vn 0.4443 -0.2961 0.8455
vn 0.1675 -0.1446 0.9752
vn 0.0934 -0.1374 0.9861
vn 0.2532 -0.2982 0.9203
vn 0.1116 -0.2835 0.9525
vn 0.1283 -0.2906 0.9482
vn 0.4069 -0.1659 0.8983
vn 0.4293 -0.1815 0.8847
vn 0.2979 -0.2957 0.9077
vn 0.4946 -0.0979 0.8636
vn 0.2072 -0.1581 0.9654
vn 0.3148 -0.0434 0.9482
vn 0.2424 -0.0528 0.9687
vn 0.2926 -0.3919 0.8723
vn 0.1896 -0.3658 0.9112
vn 0.3793 -0.4159 0.8266
vn 0.5009 -0.3624 0.7860
vn 0.6130 -0.3940 0.6849
vn 0.1518 -0.3658 0.9182
vn -0.1050 -0.2591 0.9601
vn 0.2331 -0.2108 0.9493
vn 0.1666 -0.4269 0.8888
vn 0.1924 -0.3438 0.9191
vn 0.1119 -0.2860 0.9517
vn 0.0042 -0.1481 0.9890
vn 0.2866 -0.2408 0.9273
vn 0.1779 -0.1894 0.9657
vn -0.0078 -0.3074 0.9515
vn 0.2896 -0.3999 0.8696
vn 0.4094 -0.2159 0.8864
vn 0.0826 -0.4900 0.8678
vn 0.1813 -0.2421 0.9532
vn 0.5005 -0.2081 0.8403
vn 0.2871 -0.3613 0.8871
vn 0.3698 -0.0371 0.9284
vn 0.2430 -0.2873 0.9265
vn 0.2524 -0.3172 0.9141
vn 0.1581 -0.2996 0.9409
vn -0.8532 -0.2940 0.4308
vn 0.2192 -0.2364 0.9466
vn 0.1957 -0.4186 0.8868
vn 0.2337 -0.3654 0.9010
vn 0.2618 -0.3115 0.9135
vn 0.2962 -0.4127 0.8613
vn 0.4537 -0.3856 0.8034
vn 0.0327 -0.4787 0.8774
vn 0.5439 -0.5517 0.6323
vn 0.4695 -0.4721 0.7461
vn 0.2311 -0.1494 0.9614
vn -0.0005 -0.2861 0.9582
vn 0.0542 -0.3830 0.9221
vn -0.0744 -0.3053 0.9494
vn 0.1254 -0.2023 0.9713
vn 0.0392 -0.2815 0.9587
vn 0.0907 -0.2133 0.9728
vn 0.1930 -0.3575 0.9138
vn 0.4274 -0.1823 0.8855
vn 0.5481 -0.1045 0.8299
vn 0.3031 -0.2983 0.9051
vn 0.3322 -0.2140 0.9186
vn 0.5540 -0.2710 0.7871
vn 0.1578 -0.1818 0.9706
vn 0.2111 -0.1989 0.9570
vn 0.1933 -0.2006 0.9604
vn 0.1410 -0.1353 0.9807
vn 0.2466 -0.1557 0.9565
vn 0.2178 -0.3734 0.9017
vn 0.2431 -0.2763 0.9298
vn 0.4299 -0.4081 0.8054
vn 0.2792 -0.4237 0.8617
vn 0.1515 -0.3681 0.9174
vn 0.1044 -0.1234 0.9868
vn 0.1636 -0.4314 0.8872
vn 0.0118 -0.2867 0.9580
vn 0.0064 -0.2840 0.9588
vn -0.1842 -0.3870 0.9035
vn 0.1695 -0.1665 0.9713
vn 0.4087 -0.2925 0.8645
vn 0.2658 -0.2569 0.9292
vn 0.3988 -0.4492 0.7995
vn 0.1859 -0.4927 0.8501
vn 0.3580 0.0350 0.9331
vn 0.2668 -0.0516 0.9624
vn 0.1730 -0.2873 0.9421
vn 0.3256 -0.1211 0.9377
vn 0.0233 -0.2320 0.9724
vn 0.2352 -0.4235 0.8748
vn 0.0491 -0.3176 0.9470
vn 0.1155 -0.1746 0.9778
vn 0.1093 -0.2045 0.9727
vn 0.0208 -0.3942 0.9188
vn -0.0048 -0.3901 0.9208
vn 0.3121 -0.2459 0.9177
vn 0.1100 -0.3995 0.9101
vn 0.1004 -0.4671 0.8785
vn 0.3049 -0.1674 0.9375
vn 0.1004 -0.4156 0.9040
vn 0.0668 -0.2115 0.9751
vn 0.1195 -0.3878 0.9140
vn -0.0950 -0.3196 0.9428
vn 0.1389 -0.2608 0.9554
vn 0.0705 -0.4564 0.8870
vn 0.3454 -0.2183 0.9127
vn 0.3767 -0.2590 0.8894
vn 0.2574 -0.2870 0.9227
vn 0.2392 -0.3732 0.8964
vn 0.1882 -0.3979 0.8979
vn 0.1598 -0.3906 0.9066
vn 0.2329 -0.4829 0.8441
vn 0.3481 -0.3863 0.8542
vn 0.2238 -0.4942 0.8400
vn 0.4701 -0.3645 0.8038
vn 0.4076 0.0425 0.9122
vn 0.1566 -0.3498 0.9236
vn -0.0859 -0.1603 0.9833
vn 0.0268 -0.4351 0.9000
vn 0.0271 -0.2847 0.9582
vn 0.1059 -0.2493 0.9626
vn 0.1548 -0.2282 0.9612
vn 0.1712 -0.1360 0.9758
vn 0.3384 -0.2407 0.9097
vn 0.4477 -0.2888 0.8463
vn 0.3437 -0.1883 0.9200
vn 0.1712 -0.2526 0.9523
vn 0.2571 -0.2456 0.9346
vn 0.2011 -0.3317 0.9217
vn 0.6008 -0.2639 0.7545
vn 0.3764 0.0343 0.9258
vn 0.4084 -0.2519 0.8773
vn 0.1832 -0.2523 0.9501
vn 0.1501 -0.2467 0.9574
vn 0.3000 -0.3391 0.8916
vn 0.2943 -0.4113 0.8627
vn 0.4688 -0.1238 0.8746
vn 0.3270 -0.3243 0.8876
vn 0.2267 -0.2609 0.9384
vn 0.3121 -0.2903 0.9046
vn 0.1413 -0.3385 0.9303
vn 0.0700 -0.4246 0.9026
vn 0.1450 -0.2297 0.9624
vn -0.0331 -0.2306 0.9725
vn 0.0774 -0.2258 0.9711
vn 0.5037 -0.0835 0.8599
vn 0.2901 -0.1777 0.9403
vn 0.0636 -0.3783 0.9235
vn 0.4123 -0.2230 0.8834
vn 0.5011 -0.2014 0.8416
vn 0.3842 -0.0177 0.9231
vn 0.1580 -0.2603 0.9525
vn 0.2254 -0.3091 0.9239
vn 0.1191 -0.2258 0.9669
vn 0.3018 -0.1354 0.9437
vn 0.3017 -0.1531 0.9410
vn 0.3166 -0.3623 0.8766
vn 0.3640 -0.3393 0.8674
vn 0.3089 -0.3331 0.8909
vn 0.3844 -0.2697 0.8829
vn 0.2319 -0.3232 0.9175
vn 0.0576 -0.4241 0.9038
vn 0.0273 -0.4547 0.8902
vn -0.0402 -0.1093 0.9932
vn -0.0771 -0.2854 0.9553
vn 0.1153 -0.2959 0.9482
vn 0.5082 -0.0897 0.8565
vn 0.2354 -0.2357 0.9429
vn 0.1081 -0.2710 0.9565
vn -0.1012 -0.2812 0.9543
vn 0.1409 -0.3989 0.9061
vn 0.1733 -0.3696 0.9129
vn 0.1127 -0.3644 0.9244
vn 0.2727 -0.3452 0.8980
vn 0.4803 -0.1722 0.8600
vn 0.4037 -0.0838 0.9110
vn 0.3571 -0.0919 0.9295
vn 0.3609 -0.1025 0.9269
vn 0.2408 -0.4115 0.8790
vn 0.0557 -0.3325 0.9414
vn 0.1885 -0.1913 0.9633
vn 0.1105 -0.3947 0.9121
vn 0.1065 -0.2176 0.9702
vn 0.3977 -0.1756 0.9006
vn 0.2971 -0.2393 0.9244
vn 0.2766 -0.2724 0.9216
vn 0.1832 -0.4339 0.8821
vn 0.1619 -0.4313 0.8876
vn 0.2921 -0.3331 0.8965
vn 0.3115 -0.3673 0.8764
vn 0.2205 -0.5313 0.8180
vn 0.1283 -0.3417 0.9310
vn 0.0833 -0.5073 0.8577
vn 0.1546 -0.1655 0.9740
vn 0.3381 -0.1743 0.9248
vn 0.1091 -0.4459 0.8884
vn 0.0209 -0.4544 0.8906
vn 0.3659 -0.5636 0.7406
vn 0.0946 -0.1131 0.9891
vn 0.1621 -0.1294 0.9783
vn 0.0996 -0.2397 0.9657
vn 0.1907 -0.1890 0.9633
vn 0.3764 -0.1782 0.9092
vn 0.3317 -0.0748 0.9404
vn 0.2409 -0.2606 0.9349
vn 0.1032 -0.1503 0.9832
vn 0.0866 -0.3156 0.9449
vn 0.5267 -0.1534 0.8361
vn 0.4816 -0.1101 0.8695
vn 0.4473 -0.0090 0.8943
vn 0.4315 -0.0302 0.9016
vn 0.3150 -0.2498 0.9156
vn 0.3747 -0.2720 0.8864
vn 0.2088 -0.1921 0.9589
vn 0.4811 -0.2807 0.8305
vn 0.2355 -0.2404 0.9417
vn 0.3953 -0.1734 0.9020
vn 0.1426 -0.4861 0.8622
vn 0.2980 -0.2822 0.9119
vn 0.4283 -0.3178 0.8459
vn 0.2469 -0.3101 0.9181
vn 0.4465 -0.3174 0.8366
vn 0.3425 -0.2930 0.8927
vn 0.0767 -0.3759 0.9235
vn 0.1845 -0.4226 0.8873
vn -0.0721 -0.3769 0.9234
vn 0.0350 -0.3225 0.9459
vn 0.4669 -0.3658 0.8051
vn 0.0083 -0.1817 0.9833
vn 0.0504 -0.1323 0.9899
vn 0.0259 -0.1277 0.9915
vn 0.1211 -0.3118 0.9424
vn 0.5089 -0.0596 0.8587
vn 0.3330 -0.2333 0.9136
vn 0.1120 -0.1632 0.9802
vn 0.2037 -0.1891 0.9606
vn 0.2959 -0.0585 0.9534
vn 0.1219 -0.4357 0.8918
vn -0.0856 -0.4145 0.9060
vn 0.1535 -0.3073 0.9392
vn 0.2972 -0.2511 0.9212
vn 0.0546 -0.3732 0.9261
vn 0.2661 -0.2302 0.9361
vn 0.4410 -0.3216 0.8379
vn 0.3357 -0.2762 0.9006
vn 0.1568 -0.2866 0.9451
vn 0.0649 -0.3473 0.9355
vn -0.0503 -0.2691 0.9618
vn 0.1363 -0.0961 0.9860
vn 0.0058 -0.2547 0.9670
vn 0.2010 -0.1746 0.9639
vn 0.3014 -0.1748 0.9374
vn 0.1352 -0.1256 0.9828
vn 0.2703 -0.3119 0.9109
vn 0.4818 -0.0813 0.8725
vn 0.4236 -0.1240 0.8973
vn 0.4463 -0.0459 0.8937
vn 0.1741 -0.3243 0.9298
vn 0.3316 -0.4889 0.8069
vn 0.0260 -0.4272 0.9038
vn 0.2785 -0.3101 0.9090
vn 0.3019 -0.3007 0.9047
vn 0.2977 -0.2975 0.9071
vn 0.1702 -0.3800 0.9092
vn 0.4319 -0.3104 0.8468
vn 0.3701 -0.3289 0.8688
vn 0.1537 -0.4657 0.8715
vn 0.3307 -0.4504 0.8293
vn 0.2594 -0.3479 0.9009
vn 0.0800 -0.4106 0.9083
vn 0.2978 -0.0736 0.9518
vn 0.0331 -0.3215 0.9463
vn -0.1044 -0.3289 0.9386
vn 0.2177 -0.6099 0.7620
vn -0.0816 -0.1603 0.9837
vn 0.2279 -0.1238 0.9658
vn 0.4093 -0.1948 0.8914
vn 0.1364 -0.1408 0.9806
vn 0.1782 -0.1552 0.9717
vn 0.1135 -0.3747 0.9202
vn 0.4747 -0.2038 0.8563
vn 0.4995 -0.1016 0.8604
vn 0.2714 -0.2669 0.9247
vn 0.3030 -0.1426 0.9423
vn 0.0377 -0.2142 0.9761
vn 0.2161 -0.3226 0.9215
vn 0.1860 -0.3229 0.9280
vn 0.0271 -0.4157 0.9091
vn 0.3825 -0.5020 0.7756
vn 0.4299 -0.4351 0.7911
vn 0.3296 -0.4317 0.8396
vn 0.3877 -0.3562 0.8502
vn 0.2387 -0.3087 0.9207
vn 0.4313 -0.3080 0.8480
vn 0.3876 -0.5622 0.7306
vn 0.2208 -0.3539 0.9088
vn 0.0978 -0.3159 0.9437
vn 0.1098 -0.3448 0.9323
vn -0.0717 -0.3856 0.9199
vn 0.0099 -0.4187 0.9081
vn 0.0207 -0.2075 0.9780
vn 0.3654 -0.4819 0.7964
vn 0.3517 -0.1416 0.9254
vn 0.3384 -0.1435 0.9300
vn 0.3764 0.0103 0.9264
vn 0.1468 -0.1516 0.9775
vn 0.2658 -0.3093 0.9131
vn 0.3849 -0.1203 0.9151
vn 0.3099 0.0324 0.9502
vn 0.4326 0.0173 0.9014
vn 0.4843 -0.0455 0.8737
vn 0.4384 -0.0208 0.8985
vn -0.1748 -0.1490 0.9733
vn 0.2477 -0.2777 0.9282
vn 0.3196 -0.3770 0.8693
vn 0.3666 -0.3825 0.8481
vn 0.2829 -0.3119 0.9070
vn 0.2325 -0.2201 0.9474
vn 0.3312 -0.3844 0.8617
vn 0.2689 -0.4413 0.8561
vn 0.1579 -0.3629 0.9183
vn -0.0509 -0.4084 0.9114
vn 0.2997 -0.0460 0.9529
vn 0.2651 0.0017 0.9642
vn 0.1771 -0.4608 0.8697
vn 0.0673 -0.3808 0.9222
vn -0.0915 -0.3216 0.9425
vn 0.3691 -0.2902 0.8829
vn 0.1503 -0.4898 0.8588
vn 0.2521 -0.1008 0.9624
vn 0.3064 -0.1433 0.9410
vn 0.1428 -0.2552 0.9563
vn 0.2935 -0.2610 0.9196
vn 0.2124 -0.3608 0.9081
vn 0.3121 -0.0214 0.9498
vn 0.3750 -0.1406 0.9163
vn 0.1456 -0.4443 0.8840
vn 0.1676 -0.4367 0.8839
vn 0.4947 -0.2959 0.8172
vn -0.0055 -0.5850 0.8110
vn 0.2573 -0.3826 0.8874
vn 0.3539 -0.3503 0.8672
vn 0.1397 -0.4924 0.8591
vn 0.0972 -0.3999 0.9114
vn 0.1142 -0.3500 0.9298
vn 0.1692 -0.3513 0.9209
vn -0.0400 -0.2681 0.9626
vn 0.0781 -0.2615 0.9620
vn -0.0577 -0.1785 0.9823
vn 0.1535 -0.3136 0.9371
vn 0.2597 -0.3093 0.9148
vn 0.1699 -0.1013 0.9802
vn 0.2577 -0.3510 0.9002
vn 0.4120 -0.1211 0.9031
vn 0.4751 -0.0441 0.8788
vn 0.7808 0.0270 0.6242
vn 0.2834 -0.0746 0.9561
vn 0.1836 -0.3202 0.9294
vn 0.2334 -0.2735 0.9331
vn 0.4106 -0.2510 0.8766
vn 0.2336 -0.3571 0.9044
vn 0.2943 -0.2801 0.9137
vn 0.3196 -0.2455 0.9152
vn 0.2607 -0.4233 0.8677
vn 0.2983 -0.1487 0.9428
vn -0.0578 -0.3993 0.9150
vn -0.0273 -0.3481 0.9371
vn -0.1800 -0.3413 0.9226
vn 0.3174 -0.1288 0.9395
vn 0.2020 -0.2719 0.9409
vn 0.3149 -0.2113 0.9253
vn 0.4086 -0.1784 0.8951
vn 0.4222 -0.0850 0.9025
vn 0.1234 -0.0271 0.9920
vn 0.1229 -0.2783 0.9526
vn 0.2898 -0.2446 0.9253
vn 0.1555 -0.1822 0.9709
vn 0.2622 -0.2147 0.9408
vn 0.3853 -0.4029 0.8302
vn -0.0677 -0.5252 0.8483
vn 0.1446 -0.2145 0.9660
vn 0.2782 -0.1684 0.9457
vn 0.4408 -0.3249 0.8367
vn 0.2611 -0.2323 0.9369
vn 0.1888 -0.4245 0.8855
vn 0.2069 -0.2462 0.9469
vn 0.4702 -0.1820 0.8636
vn 0.0692 -0.3890 0.9186
vn -0.1099 -0.3840 0.9168
vn -0.1290 -0.3692 0.9203
vn 0.1294 -0.2235 0.9661
vn 0.2324 -0.2701 0.9344
vn 0.3603 -0.2464 0.8997
vn 0.3814 -0.1637 0.9098
vn 0.1649 -0.0542 0.9848
vn 0.1608 -0.0546 0.9855
vn 0.2361 -0.1663 0.9574
vn 0.3675 -0.3831 0.8474
vn 0.2512 -0.2283 0.9407
vn 0.3686 -0.0009 0.9296
vn 0.1505 -0.1935 0.9695
vn 0.4304 0.0580 0.9008
vn 0.4699 -0.0045 0.8827
vn 0.5490 -0.0184 0.8356
vn 0.1508 -0.2948 0.9436
vn -0.0644 -0.4362 0.8976
vn 0.3393 -0.1121 0.9340
vn 0.4409 -0.1449 0.8858
vn 0.4981 -0.2222 0.8381
vn 0.3513 -0.1591 0.9227
vn -0.0636 -0.1946 0.9788
vn 0.0972 -0.3240 0.9410
vn -0.0454 -0.3222 0.9456
vn -0.1988 -0.1154 0.9732
vn 0.2507 -0.1303 0.9593
vn -0.0229 -0.3617 0.9320
vn -0.1403 -0.3540 0.9247
vn -0.0724 -0.3437 0.9363
vn 0.5583 -0.1715 0.8117
vn 0.2022 -0.1677 0.9649
vn 0.2917 -0.1647 0.9422
vn 0.1783 -0.1549 0.9717
vn 0.2188 -0.2380 0.9463
vn 0.2099 -0.3575 0.9100
vn 0.2148 -0.2972 0.9303
vn 0.4034 -0.3179 0.8580
vn 0.1810 -0.1278 0.9751
vn 0.3814 -0.0621 0.9223
vn 0.2943 -0.2574 0.9204
vn 0.2445 -0.1107 0.9633
vn 0.1922 -0.2743 0.9422
vn 0.6236 -0.2134 0.7520
vn 0.5837 -0.2042 0.7859
vn 0.3987 -0.2825 0.8725
vn 0.4300 -0.1024 0.8970
vn 0.0035 -0.3164 0.9486
vn 0.1361 -0.3038 0.9429
vn 0.1131 -0.2019 0.9729
vn 0.0227 -0.3181 0.9478
vn 0.0799 -0.5000 0.8623
vn 0.3503 -0.0504 0.9353
vn 0.3277 0.0244 0.9445
vn -0.1706 -0.5498 0.8177
vn 0.3571 -0.3014 0.8841
vn 0.2943 -0.2731 0.9159
vn 0.3023 -0.2772 0.9120
vn 0.2970 -0.2793 0.9131
vn 0.4351 -0.3457 0.8314
vn 0.2533 -0.2857 0.9242
vn 0.4344 -0.2933 0.8516
vn 0.3083 -0.1992 0.9302
vn 0.2942 -0.1951 0.9356
vn 0.3945 -0.0616 0.9168
vn 0.4270 -0.1287 0.8950
vn 0.2469 0.1210 0.9614
vn 0.1653 -0.2432 0.9558
vn 0.4220 -0.3299 0.8444
vn 0.4277 -0.3314 0.8410
vn 0.3003 -0.3164 0.8998
vn 0.1873 -0.3100 0.9321
vn 0.4555 -0.3666 0.8113
vn 0.4321 -0.2759 0.8586
vn 0.3897 -0.2455 0.8876
vn 0.2521 -0.2248 0.9412
vn 0.0316 -0.2546 0.9665
vn -0.0322 -0.5204 0.8533
vn 0.2918 0.0411 0.9556
vn 0.0040 -0.4153 0.9097
vn 0.2307 -0.4278 0.8739
vn 0.1992 -0.2568 0.9457
vn 0.3732 -0.2595 0.8907
vn 0.2929 -0.1462 0.9449
vn 0.1004 -0.1496 0.9836
vn 0.0756 -0.2290 0.9705
vn 0.3430 -0.1676 0.9243
vn 0.3032 -0.2408 0.9220
vn 0.3218 -0.1010 0.9414
vn 0.4230 -0.0175 0.9059
vn 0.1996 0.1605 0.9667
vn 0.1971 -0.2596 0.9454
vn 0.2296 -0.2207 0.9479
vn 0.2444 -0.2446 0.9383
vn -0.0688 -0.4271 0.9016
vn -0.0918 -0.4174 0.9041
vn 0.3279 -0.2235 0.9179
vn 0.4380 -0.1884 0.8790
vn 0.3019 -0.3181 0.8987
vn 0.3400 -0.4971 0.7983
vn 0.3237 -0.3072 0.8949
vn 0.1391 -0.3219 0.9365
vn 0.1594 -0.3207 0.9337
vn -0.0508 -0.2675 0.9622
vn -0.0136 -0.1939 0.9809
vn 0.0763 -0.2339 0.9693
vn 0.2136 -0.3451 0.9140
vn 0.1607 -0.3361 0.9280
vn 0.2721 -0.3338 0.9025
vn 0.3323 -0.2721 0.9031
vn 0.3066 -0.1525 0.9395
vn 0.0884 -0.1755 0.9805
vn 0.3125 0.0913 0.9455
vn 0.2777 -0.2776 0.9197
vn 0.3858 -0.3185 0.8659
vn 0.2732 -0.3346 0.9019
vn 0.2765 -0.3431 0.8977
vn 0.5523 -0.2534 0.7942
vn 0.1145 -0.1829 0.9764
vn 0.1335 -0.4073 0.9035
vn 0.3680 0.0610 0.9278
vn 0.5260 -0.0682 0.8477
vn 0.1421 -0.1861 0.9722
vn -0.1505 -0.3518 0.9239
vn 0.1499 -0.4398 0.8855
vn 0.3984 -0.1347 0.9073
vn 0.4677 -0.0918 0.8791
vn 0.3470 -0.0165 0.9377
vn 0.4327 -0.3817 0.8167
vn 0.3553 -0.1630 0.9204
vn 0.0403 -0.2633 0.9639
vn 0.0859 -0.2818 0.9556
vn -0.1084 -0.3943 0.9126
vn -0.0186 -0.3926 0.9195
vn -0.1091 -0.5842 0.8043
vn 0.2900 -0.2802 0.9151
vn 0.3128 -0.1494 0.9380
vn 0.1831 -0.2679 0.9459
vn -0.5529 -0.4424 0.7061
vn 0.2802 -0.2791 0.9184
vn 0.2634 -0.2793 0.9234
vn 0.4322 -0.3263 0.8407
vn 0.4252 -0.3710 0.8256
vn 0.4380 -0.1410 0.8879
vn 0.2713 -0.0412 0.9616
vn 0.3673 -0.2269 0.9020
vn 0.5690 -0.2814 0.7727
vn 0.5440 0.2724 0.7937
vn 0.4528 -0.2257 0.8626
vn 0.3985 -0.2024 0.8946
vn 0.2726 -0.3651 0.8902
vn 0.0441 -0.2067 0.9774
vn -0.1365 -0.3057 0.9423
vn 0.1057 -0.2918 0.9506
vn -0.0084 -0.3058 0.9521
vn 0.4193 -0.1932 0.8871
vn 0.3169 -0.1483 0.9368
vn 0.0807 -0.2819 0.9560
vn 0.3063 -0.2313 0.9234
vn 0.0758 -0.1804 0.9807
vn 0.3129 -0.2176 0.9245
vn 0.5843 -0.4095 0.7007
vn 0.3497 -0.2686 0.8976
vn 0.2686 -0.3003 0.9152
vn 0.2836 -0.1840 0.9411
vn 0.3792 -0.2716 0.8846
vn 0.4771 -0.2688 0.8367
vn 0.3087 -0.2422 0.9198
vn 0.4272 -0.1818 0.8857
vn 0.3249 -0.1727 0.9298
vn 0.2819 -0.1576 0.9464
vn 0.4264 -0.1562 0.8910
vn 0.1977 -0.4399 0.8760
vn 0.2457 -0.4679 0.8489
vn 0.2008 0.1788 0.9632
vn 0.6127 0.2373 0.7538
vn 0.1340 -0.1835 0.9738
vn 0.3344 -0.0375 0.9417
vn 0.2836 -0.1421 0.9484
vn 0.2386 -0.3011 0.9233
vn 0.2717 -0.3021 0.9138
vn 0.0353 -0.3017 0.9527
vn 0.2649 -0.4778 0.8376
vn -0.0362 -0.2216 0.9745
vn 0.0999 -0.2682 0.9582
vn -0.0499 -0.2699 0.9616
vn -0.0455 -0.1840 0.9819
vn 0.0713 -0.1737 0.9822
vn -0.1513 -0.3302 0.9317
vn 0.3261 -0.2936 0.8986
vn 0.1910 -0.3168 0.9291
vn 0.1199 -0.4106 0.9039
vn 0.1945 -0.4110 0.8906
vn 0.3066 -0.1876 0.9332
vn 0.2615 -0.3759 0.8890
vn 0.1205 -0.4232 0.8980
vn 0.3828 -0.2997 0.8739
vn 0.3002 -0.2181 0.9286
vn 0.2660 -0.2081 0.9413
vn 0.2065 -0.3024 0.9305
vn 0.5253 -0.1008 0.8450
vn 0.1459 -0.2130 0.9661
vn 0.1411 -0.3172 0.9378
vn 0.2935 -0.3983 0.8691
vn 0.3687 -0.1447 0.9182
vn 0.0020 -0.3328 0.9430
vn 0.1695 -0.2230 0.9600
vn 0.1232 -0.2903 0.9490
vn 0.0086 -0.2636 0.9646
vn 0.2094 -0.3024 0.9299
vn 0.1763 -0.3130 0.9332
vn 0.3050 -0.3140 0.8991
vn 0.0429 -0.3946 0.9179
vn 0.2961 -0.2475 0.9225
vn 0.2362 -0.2658 0.9347
vn 0.3265 -0.3141 0.8915
vn 0.3168 -0.2356 0.9188
vn 0.4967 -0.2486 0.8315
vn 0.4306 -0.4755 0.7671
vn 0.2184 -0.3087 0.9257
vn 0.4269 -0.3128 0.8485
vn 0.2598 -0.3758 0.8895
vn 0.0285 -0.1193 0.9925
vn 0.4168 -0.3662 0.8320
vn 0.6529 -0.0635 0.7547
vn 0.4280 0.0248 0.9035
vn -0.0119 -0.1414 0.9899
vn 0.2670 -0.4100 0.8721
vn 0.3429 -0.2087 0.9159
vn 0.3982 -0.1832 0.8988
vn 0.2478 -0.2469 0.9368
vn 0.3007 -0.3296 0.8950
vn 0.1601 -0.2241 0.9613
vn -0.1496 -0.2167 0.9647
vn -0.0847 -0.3183 0.9442
vn -0.1337 -0.3391 0.9312
vn -0.0485 -0.2294 0.9721
vn 0.2189 -0.3103 0.9251
vn 0.3101 -0.2361 0.9209
vn 0.3535 -0.4105 0.8406
vn 0.3320 -0.2909 0.8973
vn 0.1903 -0.3190 0.9285
vn 0.1079 -0.1529 0.9823
vn 0.4066 -0.1575 0.8999
vn 0.1374 -0.3800 0.9147
vn 0.2303 -0.1112 0.9667
vn 0.5302 -0.0289 0.8474
vn 0.1932 -0.2241 0.9552
vn 0.4947 -0.2104 0.8432
vn 0.2441 -0.2332 0.9413
vn 0.2211 -0.3388 0.9145
vn 0.3539 -0.4535 0.8180
vn 0.2525 -0.2194 0.9424
vn 0.4208 -0.4023 0.8131
vn 0.4730 -0.1791 0.8627
vn 0.3274 -0.1553 0.9320
vn 0.2456 -0.2448 0.9379
vn 0.0664 -0.3872 0.9196
vn -0.1333 -0.5008 0.8553
vn 0.0484 -0.2371 0.9703
vn 0.0638 -0.3710 0.9265
vn 0.1150 -0.4166 0.9018
vn 0.1051 -0.4085 0.9067
vn 0.0735 -0.4003 0.9134
vn 0.3837 -0.2256 0.8955
vn 0.3547 -0.1974 0.9139
vn 0.0610 -0.1487 0.9870
vn 0.0242 -0.1473 0.9888
vn 0.2511 -0.3253 0.9116
vn 0.2358 -0.2369 0.9425
vn 0.1439 0.0114 0.9895
vn 0.4861 -0.1252 0.8649
vn 0.0512 -0.3066 0.9505
vn 0.4199 -0.2304 0.8779
vn 0.1856 -0.1182 0.9755
vn 0.3705 -0.0734 0.9259
vn 0.3542 -0.1351 0.9253
vn 0.3287 -0.3098 0.8922
vn 0.0682 -0.2954 0.9529
vn 0.3788 -0.0882 0.9213
vn 0.3085 -0.0760 0.9482
vn 0.1784 -0.3055 0.9353
vn 0.1679 -0.1069 0.9800
vn 0.3427 -0.1036 0.9337
vn 0.3778 -0.1855 0.9071
vn 0.3434 -0.1226 0.9312
vn 0.4900 -0.1680 0.8554
vn 0.0426 -0.2240 0.9737
vn -0.0468 -0.2667 0.9626
vn 0.3228 -0.2072 0.9235
vn 0.2701 -0.1835 0.9452
vn 0.2900 -0.0688 0.9545
vn 0.0965 -0.3810 0.9195
vn 0.4428 -0.0910 0.8920
vn 0.4631 -0.1896 0.8658
vn 0.1803 -0.1863 0.9658
vn 0.4061 -0.3288 0.8526
vn 0.2029 -0.3186 0.9259
vn 0.3672 -0.1100 0.9236
vn 0.3513 -0.2758 0.8947
vn 0.3881 -0.2998 0.8715
vn 0.4209 -0.2904 0.8594
vn 0.0288 -0.2394 0.9705
vn 0.0490 -0.2167 0.9750
vn 0.3945 -0.1828 0.9005
vn 0.2101 -0.1034 0.9722
vn 0.2338 -0.1390 0.9623
vn 0.2253 -0.0222 0.9740
vn 0.3832 -0.0665 0.9213
vn 0.4135 -0.0318 0.9100
vn 0.2266 -0.3102 0.9233
vn -0.1139 -0.5152 0.8495
vn 0.0983 -0.4119 0.9059
vn -0.0505 -0.2413 0.9691
vn -0.1497 -0.2261 0.9625
vn 0.1493 -0.2091 0.9664
vn 0.2145 -0.2371 0.9475
vn 0.1388 -0.2131 0.9671
vn 0.0941 -0.3806 0.9200
vn 0.1273 -0.1573 0.9793
vn 0.4228 -0.2408 0.8736
vn 0.2783 -0.2220 0.9345
vn 0.0999 -0.1384 0.9853
vn 0.3170 0.1176 0.9411
vn 0.3016 0.0997 0.9482
vn 0.5494 -0.0397 0.8346
vn 0.3306 -0.2960 0.8962
vn 0.1329 -0.2020 0.9703
vn 0.2806 -0.1558 0.9471
vn 0.1786 -0.3329 0.9259
vn 0.3459 -0.2033 0.9160
vn 0.4135 -0.0317 0.9100
vn 0.3265 -0.1517 0.9329
vn 0.2477 -0.2556 0.9345
vn -0.1288 -0.4070 0.9043
vn -0.0221 -0.4538 0.8908
vn 0.1184 -0.1633 0.9794
vn -0.2419 -0.1487 0.9588
vn 0.0380 -0.1842 0.9822
vn 0.0293 -0.1552 0.9875
vn -0.1042 -0.1715 0.9797
vn -0.0545 -0.2289 0.9719
vn 0.2878 -0.1702 0.9424
vn 0.3839 -0.1545 0.9104
vn 0.2669 -0.3428 0.9007
vn 0.3405 -0.3645 0.8667
vn 0.1067 -0.1671 0.9802
vn 0.3930 -0.2221 0.8923
vn 0.1590 -0.1679 0.9729
vn 0.3028 -0.3458 0.8881
vn 0.3866 0.1506 0.9099
vn 0.3139 0.0883 0.9453
vn 0.3411 0.2261 0.9125
vn 0.3646 0.2230 0.9040
vn 0.2024 -0.3864 0.8998
vn 0.4633 -0.2668 0.8451
vn 0.3512 -0.1938 0.9160
vn 0.3820 -0.2496 0.8898
vn 0.2369 -0.3808 0.8938
vn 0.2256 -0.0902 0.9700
vn 0.4971 -0.0920 0.8628
vn 0.2246 -0.1172 0.9674
vn 0.0944 -0.2485 0.9640
vn 0.1284 -0.2351 0.9635
vn 0.0799 -0.3062 0.9486
vn 0.0205 -0.2873 0.9576
vn 0.0462 -0.2727 0.9610
vn 0.0429 -0.1077 0.9933
vn 0.0770 -0.2987 0.9512
vn 0.1735 -0.1447 0.9741
vn 0.1843 -0.2996 0.9361
vn 0.3671 -0.1728 0.9140
vn 0.0545 -0.2276 0.9722
vn 0.1110 -0.2370 0.9652
vn 0.3092 -0.0666 0.9487
vn 0.4276 0.0903 0.8994
vn 0.5880 -0.3750 0.7167
vn 0.1224 0.0403 0.9917
vn 0.5102 -0.0056 0.8600
vn 0.2487 -0.2863 0.9253
vn 0.2982 -0.3074 0.9037
vn 0.1870 -0.5391 0.8212
vn 0.2625 0.0884 0.9609
vn 0.3655 -0.1417 0.9200
vn 0.4015 0.0184 0.9157
vn 0.3227 -0.0187 0.9463
vn 0.2131 -0.1004 0.9719
vn 0.1605 -0.1096 0.9809
vn 0.1776 -0.1320 0.9752
vn 0.1605 -0.1285 0.9786
vn 0.0977 -0.3097 0.9458
vn -0.0477 -0.2503 0.9670
vn 0.2309 -0.2548 0.9390
vn 0.2623 -0.3764 0.8886
vn 0.1866 -0.3777 0.9069
vn 0.1551 -0.4301 0.8894
vn 0.3102 -0.3826 0.8703
vn 0.5326 -0.4299 0.7290
vn 0.1506 -0.2627 0.9531
vn 0.2730 -0.2280 0.9346
vn 0.0931 -0.3334 0.9382
vn 0.2125 -0.4040 0.8897
vn 0.3572 -0.0980 0.9289
vn 0.4078 -0.2498 0.8782
vn 0.3537 -0.1880 0.9163
vn 0.3901 -0.3480 0.8525
vn 0.2191 -0.2699 0.9376
vn 0.4411 -0.0347 0.8968
vn 0.2948 -0.1461 0.9443
vn 0.6106 0.1220 0.7825
vn 0.3360 -0.0343 0.9412
vn 0.3998 -0.0621 0.9145
vn 0.2089 -0.0986 0.9730
vn 0.0819 -0.1211 0.9893
vn 0.0678 0.1139 0.9912
vn -0.0856 -0.3408 0.9362
vn 0.1198 -0.3956 0.9106
vn 0.0899 -0.3307 0.9394
vn 0.2150 -0.2317 0.9487
vn 0.2869 -0.1879 0.9393
vn 0.2987 -0.2126 0.9304
vn 0.4148 -0.3444 0.8422
vn 0.3282 -0.4164 0.8479
vn 0.3023 -0.2509 0.9196
vn 0.2404 0.0652 0.9685
vn 0.4955 -0.5583 0.6654
vn 0.3691 -0.2563 0.8933
vn 0.0471 -0.3795 0.9240
vn 0.2552 -0.2040 0.9451
vn 0.4210 -0.1985 0.8851
vn 0.2960 -0.2866 0.9112
vn 0.4771 -0.2340 0.8471
vn 0.1684 -0.5020 0.8483
vn 0.3617 -0.3189 0.8761
vn 0.3569 -0.1507 0.9219
vn 0.0408 -0.2751 0.9606
vn 0.3966 0.0293 0.9175
vn 0.1670 -0.1519 0.9742
vn 0.2381 -0.0275 0.9708
vn 0.1084 -0.3374 0.9351
vn -0.2492 -0.2023 0.9471
vn -0.0565 -0.1992 0.9783
vn 0.1990 -0.2104 0.9571
vn 0.2430 -0.2587 0.9349
vn 0.2944 -0.2129 0.9317
vn 0.4130 -0.0934 0.9059
vn 0.2062 -0.3858 0.8993
vn 0.2636 -0.3301 0.9064
vn 0.2146 -0.2075 0.9544
vn 0.0738 -0.2885 0.9546
vn 0.3086 -0.0654 0.9490
vn 0.4006 -0.0029 0.9163
vn 0.5221 -0.2427 0.8176
vn 0.1511 -0.0635 0.9865
vn 0.6059 -0.3342 0.7220
vn 0.3755 -0.2606 0.8894
vn 0.1422 -0.3211 0.9363
vn 0.2180 -0.0733 0.9732
vn 0.1237 -0.1884 0.9743
vn 0.1376 -0.2149 0.9669
vn 0.1248 -0.2924 0.9481
vn 0.2714 -0.0241 0.9622
vn 0.1095 -0.0834 0.9905
vn 0.1208 0.1547 0.9805
vn -0.0183 -0.2364 0.9715
vn 0.1552 -0.2231 0.9624
vn 0.0280 -0.3125 0.9495
vn 0.1008 -0.3199 0.9421
vn 0.1474 -0.3588 0.9217
vn 0.2887 -0.3346 0.8970
vn 0.1736 -0.3030 0.9370
vn 0.0393 -0.1871 0.9815
vn 0.0367 -0.3121 0.9494
vn 0.2413 -0.2593 0.9352
vn 0.1672 -0.1559 0.9735
vn 0.3898 -0.0878 0.9167
vn 0.0529 -0.2814 0.9581
vn 0.4022 -0.2313 0.8859
vn 0.3448 -0.1992 0.9173
vn 0.1862 -0.2072 0.9604
vn 0.2734 -0.4235 0.8636
vn 0.0833 -0.4898 0.8679
vn -0.2338 -0.3716 0.8985
vn 0.1997 -0.2898 0.9360
vn 0.5158 -0.1043 0.8504
vn 0.6110 -0.5264 0.5912
vn 0.2641 -0.0571 0.9628
vn 0.3711 -0.2497 0.8944
vn 0.3386 -0.1102 0.9344
vn 0.2070 -0.1196 0.9710
vn 0.2659 -0.2738 0.9243
vn 0.4509 -0.1654 0.8771
vn 0.1733 -0.4789 0.8606
vn 0.1307 -0.4740 0.8708
vn 0.2953 -0.2726 0.9157
vn 0.4216 -0.1196 0.8989
vn 0.3342 -0.0741 0.9396
vn 0.4258 0.0068 0.9048
vn 0.4903 0.2084 0.8463
vn 0.2044 0.1985 0.9585
vn 0.2142 -0.1738 0.9612
vn 0.2627 -0.1655 0.9506
vn 0.2232 -0.1283 0.9663
vn 0.0775 -0.1121 0.9907
vn -0.2017 -0.2809 0.9383
vn -0.0434 -0.3226 0.9455
vn 0.0947 -0.3377 0.9365
vn 0.3584 -0.2184 0.9077
vn 0.1637 -0.2803 0.9458
vn 0.1784 -0.3940 0.9017
vn 0.2780 -0.2720 0.9213
vn 0.1806 -0.0906 0.9794
vn 0.0955 -0.3720 0.9233
vn 0.2007 -0.4156 0.8871
vn 0.3006 -0.4335 0.8496
vn 0.6025 -0.3024 0.7386
vn 0.3132 -0.1648 0.9353
vn 0.2601 -0.2654 0.9284
vn 0.2904 -0.3271 0.8993
vn 0.2773 -0.3252 0.9041
vn 0.4246 -0.1784 0.8876
vn 0.2703 -0.0339 0.9622
vn 0.4761 0.1024 0.8734
vn 0.1659 -0.2566 0.9522
vn 0.0225 -0.3576 0.9336
vn 0.0352 -0.3751 0.9263
vn -0.1955 -0.2842 0.9386
vn 0.4131 -0.0935 0.9059
vn 0.1676 -0.1958 0.9662
vn 0.0001 -0.0992 0.9951
vn 0.1594 -0.2392 0.9578
vn 0.3448 -0.3113 0.8856
vn 0.7093 0.0102 0.7049
vn 0.5685 -0.2671 0.7781
vn 0.0207 -0.2521 0.9675
vn 0.0805 -0.2678 0.9601
vn 0.2548 -0.2077 0.9444
vn 0.2868 -0.2206 0.9322
vn 0.3341 -0.3131 0.8890
vn 0.2867 -0.3753 0.8815
vn 0.0911 -0.2063 0.9742
vn 0.2223 0.0081 0.9750
vn 0.0653 -0.2058 0.9764
vn 0.3162 -0.0251 0.9484
vn 0.4018 0.0556 0.9140
vn 0.3457 0.0549 0.9367
vn 0.2079 0.1159 0.9713
vn 0.4666 0.0677 0.8818
vn 0.2858 -0.3081 0.9074
vn 0.2391 -0.3873 0.8904
vn 0.1175 -0.2489 0.9614
vn -0.0148 -0.3015 0.9533
vn 0.0617 -0.1818 0.9814
vn 0.2128 -0.3124 0.9258
vn 0.0867 -0.3245 0.9419
vn 0.1237 -0.4742 0.8717
vn 0.2306 -0.2043 0.9514
vn 0.3539 -0.1737 0.9190
vn 0.3499 -0.1707 0.9211
vn 0.3213 -0.1554 0.9341
vn 0.2182 -0.4100 0.8856
vn 0.3396 -0.2723 0.9003
vn -0.1180 -0.4821 0.8681
vn 0.1329 -0.3732 0.9182
vn 0.2822 -0.4191 0.8629
vn 0.5470 -0.3774 0.7472
vn 0.1516 -0.3691 0.9169
vn 0.3743 -0.2639 0.8890
vn 0.3507 -0.3859 0.8533
vn 0.3945 -0.3354 0.8555
vn 0.3290 0.0332 0.9437
vn 0.2135 -0.0266 0.9766
vn 0.2269 -0.0369 0.9732
vn 0.1398 -0.1238 0.9824
vn 0.3549 0.0212 0.9347
vn 0.1232 -0.1484 0.9812
vn 0.1096 -0.1503 0.9826
vn 0.2855 -0.0975 0.9534
vn 0.4538 0.1338 0.8810
vn 0.4251 -0.1467 0.8932
vn 0.0356 -0.3289 0.9437
vn 0.1776 -0.2373 0.9551
vn -0.1191 -0.4887 0.8643
vn -0.0339 -0.4085 0.9121
vn -0.0965 -0.2797 0.9552
vn 0.0701 -0.3892 0.9185
vn 0.4166 -0.1622 0.8945
vn 0.2870 -0.1544 0.9454
vn 0.1962 -0.3165 0.9281
vn 0.3175 -0.2595 0.9121
vn 0.4451 -0.2655 0.8552
vn 0.2810 -0.2080 0.9369
vn 0.2441 -0.4691 0.8487
vn 0.3227 -0.3977 0.8589
vn 0.1972 -0.2894 0.9367
vn 0.4148 -0.4540 0.7885
vn -0.0048 -0.1585 0.9874
vn 0.2829 -0.0057 0.9591
vn 0.3013 -0.1809 0.9362
vn 0.3761 -0.0578 0.9248
vn 0.4099 -0.0930 0.9074
vn 0.2792 -0.1078 0.9542
vn 0.2320 -0.3442 0.9098
vn -0.0292 -0.3717 0.9279
vn 0.0805 -0.3527 0.9323
vn 0.1036 -0.2649 0.9587
vn 0.1954 0.0150 0.9806
vn 0.1170 -0.1223 0.9856
vn -0.0876 -0.2035 0.9752
vn 0.1580 -0.3105 0.9374
vn 0.0829 -0.3898 0.9172
vn 0.1441 -0.3489 0.9260
vn 0.2218 -0.1946 0.9555
vn 0.1035 -0.2786 0.9548
vn 0.3455 -0.1388 0.9281
vn 0.3303 -0.1517 0.9316
vn -0.0294 -0.4094 0.9119
vn 0.1228 -0.2771 0.9530
vn 0.4098 -0.3370 0.8477
vn 0.3532 -0.3592 0.8638
vn 0.2954 -0.3223 0.8994
vn 0.3330 -0.0220 0.9427
vn 0.1138 -0.0013 0.9935
vn 0.3934 -0.2819 0.8751
vn 0.2434 -0.2338 0.9413
vn 0.3387 0.0356 0.9402
vn 0.2202 -0.0058 0.9754
vn 0.2981 -0.1041 0.9489
vn 0.3937 0.1663 0.9041
vn 0.2058 0.0173 0.9784
vn 0.3391 -0.1326 0.9313
vn 0.2172 -0.0061 0.9761
vn 0.1683 -0.1771 0.9697
vn 0.1263 -0.1884 0.9739
vn 0.1171 -0.1856 0.9756
vn -0.0050 -0.1562 0.9877
vn -0.1203 -0.5596 0.8200
vn 0.0442 -0.3041 0.9516
vn 0.3631 -0.2152 0.9065
vn 0.3183 -0.1903 0.9287
vn 0.2034 -0.3286 0.9223
vn 0.1512 -0.4634 0.8731
vn -0.0885 -0.2166 0.9722
vn 0.4250 -0.3327 0.8419
vn 0.3919 -0.3162 0.8640
vn -0.1064 -0.4604 0.8813
vn 0.6988 -0.2148 0.6823
vn 0.3301 -0.0525 0.9425
vn 0.4554 -0.2459 0.8557
vn 0.5817 -0.1780 0.7937
vn 0.3787 -0.2058 0.9024
vn 0.1797 -0.4244 0.8875
vn 0.2925 -0.2893 0.9114
vn 0.1409 -0.2315 0.9626
vn 0.1740 -0.1943 0.9654
vn 0.2842 -0.1630 0.9448
vn 0.3373 0.0543 0.9398
vn 0.3474 0.0606 0.9358
vn 0.2756 -0.0450 0.9602
vn 0.2751 0.0150 0.9613
vn 0.0328 -0.2727 0.9616
vn -0.0994 -0.1180 0.9880
vn -0.1224 -0.1963 0.9729
vn 0.0614 -0.2760 0.9592
vn 0.1521 -0.4151 0.8970
vn 0.2419 -0.3721 0.8961
vn 0.2256 -0.2456 0.9428
vn 0.4576 -0.0712 0.8863
vn 0.1960 -0.3448 0.9180
vn 0.0626 -0.4937 0.8673
vn 0.2030 -0.1152 0.9724
vn 0.4052 -0.2086 0.8901
vn 0.3691 -0.3118 0.8755
vn 0.1994 -0.2830 0.9382
vn 0.0481 0.0364 0.9982
vn 0.1346 0.0617 0.9890
vn 0.1158 -0.0581 0.9916
vn 0.2031 -0.0914 0.9749
vn 0.1789 -0.1759 0.9680
vn 0.3764 -0.0581 0.9246
vn 0.4391 -0.0281 0.8980
vn 0.2855 -0.2520 0.9247
vn 0.4774 0.0946 0.8736
vn 0.1916 0.0298 0.9810
vn 0.2512 0.0413 0.9671
vn 0.1098 0.0026 0.9940
vn -0.0945 -0.3321 0.9385
vn 0.0888 -0.3533 0.9313
vn 0.2918 -0.0034 0.9565
vn 0.3224 -0.1572 0.9335
vn 0.4046 -0.2097 0.8901
vn 0.2408 -0.3719 0.8965
vn 0.2788 -0.3403 0.8980
vn 0.4142 -0.1940 0.8893
vn 0.1574 0.1589 0.9747
vn 0.4064 0.0594 0.9118
vn 0.2982 -0.1259 0.9462
vn 0.4760 -0.0898 0.8749
vn 0.3572 -0.0505 0.9327
vn 0.3786 -0.2057 0.9024
vn 0.5404 -0.1756 0.8229
vn 0.2510 -0.2407 0.9376
vn 0.1522 -0.3515 0.9237
vn 0.7530 -0.3020 0.5846
vn 0.1118 -0.0599 0.9919
vn 0.2483 -0.1613 0.9551
vn 0.2953 -0.1704 0.9401
vn 0.2204 -0.1087 0.9693
vn 0.2973 -0.1690 0.9397
vn 0.4024 -0.0619 0.9134
vn 0.4508 -0.0615 0.8905
vn 0.1712 -0.1697 0.9705
vn 0.4867 -0.0564 0.8717
vn 0.3129 -0.0539 0.9483
vn 0.2762 -0.0446 0.9601
vn -0.0016 -0.3549 0.9349
vn 0.1013 -0.2108 0.9723
vn 0.2080 0.0593 0.9763
vn 0.2319 0.0568 0.9711
vn 0.1437 -0.1972 0.9698
vn 0.1672 -0.1887 0.9677
vn 0.1985 -0.2142 0.9564
vn 0.2001 -0.3613 0.9107
vn 0.1942 -0.4446 0.8744
vn 0.3665 -0.1581 0.9169
vn 0.2939 -0.3471 0.8906
vn 0.0728 -0.3679 0.9270
vn 0.3689 -0.1897 0.9099
vn 0.2726 -0.0486 0.9609
vn 0.4459 -0.2715 0.8529
vn 0.3194 -0.1759 0.9311
vn 0.2641 -0.1369 0.9547
vn 0.2358 -0.1292 0.9632
vn 0.4580 -0.1786 0.8708
vn 0.4243 -0.1704 0.8894
vn 0.1896 -0.2748 0.9426
vn 0.3184 -0.3067 0.8970
vn 0.1138 -0.1909 0.9750
vn 0.0935 0.0080 0.9956
vn 0.2624 -0.1722 0.9495
vn 0.2031 -0.3604 0.9104
vn 0.4305 -0.4618 0.7755
vn 0.3992 0.0073 0.9168
vn 0.2266 0.1822 0.9568
vn 0.1671 -0.0265 0.9856
vn -0.0475 -0.3413 0.9387
vn 0.0185 -0.1818 0.9832
vn 0.0692 -0.1889 0.9796
vn 0.0366 -0.2571 0.9657
vn 0.1396 -0.2042 0.9689
vn 0.3599 -0.1422 0.9221
vn 0.3715 -0.1328 0.9189
vn -0.0635 -0.5230 0.8500
vn 0.0583 -0.3610 0.9308
vn 0.2757 -0.3349 0.9010
vn 0.4446 -0.0156 0.8956
vn 0.4134 -0.3140 0.8547
vn 0.4327 -0.1245 0.8929
vn 0.5113 -0.1575 0.8448
vn 0.1502 -0.0916 0.9844
vn 0.3110 -0.2024 0.9286
vn 0.1233 -0.2870 0.9500
vn 0.2723 -0.3088 0.9113
vn 0.2207 -0.3532 0.9091
vn 0.2101 -0.3418 0.9160
vn 0.3383 -0.1904 0.9216
vn 0.2919 0.0316 0.9559
vn 0.2023 0.0367 0.9786
vn 0.1553 -0.0277 0.9875
vn 0.2537 -0.0128 0.9672
vn 0.2340 -0.0162 0.9721
vn -0.0939 -0.2452 0.9649
vn 0.1714 -0.2655 0.9487
vn 0.0846 -0.1768 0.9806
vn 0.2226 -0.0108 0.9748
vn 0.4181 -0.0758 0.9052
vn 0.1157 -0.0866 0.9895
vn 0.3687 -0.1886 0.9102
vn 0.3749 -0.1874 0.9079
vn 0.2530 -0.3099 0.9165
vn 0.0363 -0.4257 0.9041
vn 0.4399 -0.1955 0.8765
vn 0.2058 -0.1285 0.9701
vn 0.0280 -0.0750 0.9968
vn 0.4018 -0.3044 0.8637
vn 0.3955 -0.4595 0.7952
vn 0.0736 -0.1783 0.9812
vn 0.0297 -0.2001 0.9793
vn 0.1024 -0.2112 0.9721
vn 0.2109 -0.2273 0.9507
vn 0.2747 -0.2632 0.9248
vn 0.2923 -0.5336 0.7936
vn 0.3397 -0.1915 0.9208
vn 0.1868 -0.0560 0.9808
vn 0.0548 -0.4435 0.8946
vn 0.0205 -0.4280 0.9035
vn 0.1460 -0.3291 0.9330
vn -0.1202 -0.2386 0.9637
vn 0.1653 -0.0317 0.9857
vn 0.1872 -0.3003 0.9353
vn 0.2861 -0.1599 0.9448
vn 0.0140 -0.3596 0.9330
vn 0.2418 -0.4376 0.8661
vn 0.2337 -0.3183 0.9188
vn 0.4306 -0.2464 0.8683
vn 0.0951 -0.4476 0.8892
vn 0.2950 -0.0838 0.9518
vn 0.4023 -0.1626 0.9009
vn 0.4250 -0.1724 0.8886
vn 0.3804 -0.0616 0.9228
vn 0.2041 -0.1063 0.9732
vn 0.4344 -0.0407 0.8998
vn 0.3941 -0.0819 0.9154
vn 0.0736 -0.4344 0.8977
vn 0.2713 -0.0752 0.9595
vn 0.1858 -0.0768 0.9796
vn 0.1375 -0.0540 0.9890
vn 0.3104 -0.2264 0.9232
vn 0.1343 -0.2688 0.9538
vn 0.3378 -0.1842 0.9230
vn 0.4464 -0.0565 0.8930
vn 0.2742 -0.0665 0.9594
vn 0.1437 -0.2189 0.9651
vn 0.4291 -0.0749 0.9001
vn 0.5513 -0.0847 0.8300
vn 0.1509 -0.1707 0.9737
vn 0.3940 -0.0721 0.9163
vn 0.3917 -0.2897 0.8733
vn 0.1659 -0.1598 0.9731
vn 0.2205 -0.2180 0.9507
vn 0.2464 -0.1698 0.9542
vn 0.0505 -0.0384 0.9980
vn 0.2047 -0.3749 0.9042
vn 0.2826 -0.5174 0.8077
vn 0.2085 -0.0236 0.9777
vn 0.3109 0.0834 0.9468
vn 0.1010 -0.0212 0.9947
vn 0.2896 -0.0165 0.9570
vn 0.2000 -0.0552 0.9782
vn 0.0656 -0.4872 0.8708
vn 0.0190 -0.6221 0.7827
vn -0.1468 -0.4961 0.8558
vn 0.0542 -0.1111 0.9923
vn 0.0883 -0.2182 0.9719
vn 0.2446 -0.0859 0.9658
vn 0.3563 -0.0648 0.9321
vn 0.3398 -0.1566 0.9274
vn 0.2146 -0.2135 0.9531
vn 0.3535 -0.0503 0.9341
vn 0.2954 -0.1474 0.9439
vn 0.2638 -0.0972 0.9597
vn 0.3825 -0.1719 0.9078
vn 0.4647 -0.2180 0.8582
vn 0.4140 -0.2159 0.8843
vn 0.3444 -0.1196 0.9312
vn 0.3125 -0.1214 0.9421
vn 0.2969 -0.1609 0.9413
vn 0.1698 0.0266 0.9851
vn 0.2538 0.0306 0.9668
vn 0.3516 -0.0115 0.9361
vn 0.5363 -0.1735 0.8260
vn 0.3670 -0.2689 0.8905
vn 0.4855 -0.4529 0.7478
vn 0.4209 -0.1856 0.8879
vn 0.2990 -0.1663 0.9397
vn 0.1973 -0.0114 0.9803
vn 0.3704 -0.1445 0.9175
vn 0.1209 -0.4781 0.8699
vn 0.1694 -0.3721 0.9126
vn -0.0568 -0.3135 0.9479
vn 0.0366 -0.1172 0.9924
vn 0.1641 -0.1768 0.9705
vn 0.2944 -0.3184 0.9011
vn 0.1444 -0.2897 0.9462
vn 0.1290 -0.2956 0.9466
vn 0.3449 -0.0532 0.9371
vn 0.1152 -0.2759 0.9543
vn 0.2212 -0.2416 0.9448
vn 0.3080 -0.1679 0.9365
vn 0.2347 -0.2976 0.9254
vn 0.3758 0.0645 0.9245
vn 0.3857 -0.1132 0.9156
vn 0.4000 -0.1669 0.9012
vn 0.4462 -0.1709 0.8785
vn 0.4768 -0.1886 0.8585
vn 0.1004 -0.1261 0.9869
vn 0.0281 -0.2000 0.9794
vn 0.1588 0.0269 0.9869
vn 0.1848 0.0097 0.9827
vn 0.3561 0.1848 0.9160
vn 0.4111 -0.2732 0.8697
vn 0.1277 -0.2803 0.9514
vn 0.1520 -0.2567 0.9545
vn 0.0376 -0.2604 0.9648
vn 0.2603 -0.0935 0.9610
vn 0.2698 -0.0170 0.9628
vn 0.2145 0.1273 0.9684
vn 0.2589 0.1411 0.9556
vn 0.0465 -0.4525 0.8905
vn -0.3393 -0.1699 0.9252
vn 0.3882 -0.1997 0.8997
vn 0.3055 -0.1834 0.9344
vn -0.2809 -0.3570 0.8909
vn -0.0942 -0.2918 0.9518
vn 0.0349 -0.1168 0.9925
vn 0.2825 -0.2857 0.9157
vn 0.1138 -0.3342 0.9356
vn 0.0148 -0.2538 0.9671
vn 0.1523 -0.1643 0.9746
vn 0.3117 -0.0095 0.9501
vn 0.4152 -0.0527 0.9082
vn 0.2684 0.2993 0.9156
vn 0.1298 -0.4247 0.8960
vn 0.1323 -0.4236 0.8961
vn 0.2730 -0.3172 0.9082
vn 0.4294 0.0388 0.9023
vn 0.3559 -0.0326 0.9340
vn 0.4755 -0.1077 0.8731
vn 0.0502 -0.2607 0.9641
vn 0.2096 0.2149 0.9539
vn 0.3748 -0.3755 0.8477
vn 0.2905 -0.2990 0.9090
vn 0.3134 -0.1351 0.9400
vn 0.1009 -0.0957 0.9903
vn -0.0110 -0.5129 0.8584
vn 0.3001 -0.3562 0.8849
vn 0.1169 -0.2714 0.9554
vn 0.3814 0.1163 0.9171
vn 0.1800 -0.3482 0.9200
vn 0.5763 -0.2653 0.7730
vn 0.2295 -0.0354 0.9727
vn 0.4554 -0.0130 0.8902
vn 0.5380 0.0261 0.8425
vn 0.7057 -0.0856 0.7033
vn 0.1697 -0.0824 0.9820
vn 0.4762 -0.1875 0.8591
vn 0.2926 -0.1693 0.9411
vn 0.0911 -0.0400 0.9950
vn 0.0437 0.0187 0.9989
vn 0.0546 0.0291 0.9981
vn 0.0988 -0.0783 0.9920
vn 0.2620 -0.0933 0.9606
vn 0.1043 0.3320 0.9375
vn 0.0744 0.1395 0.9874
vn 0.1247 -0.4405 0.8891
vn -0.2521 -0.2701 0.9292
vn 0.1448 -0.0797 0.9862
vn 0.2688 -0.2776 0.9223
vn 0.3888 -0.1427 0.9102
vn 0.3185 -0.2991 0.8995
vn 0.2784 -0.1166 0.9534
vn 0.1719 -0.0694 0.9827
vn 0.3856 0.0083 0.9226
vn 0.3454 -0.1156 0.9313
vn 0.0857 -0.0731 0.9936
vn 0.1800 -0.0065 0.9836
vn 0.2445 0.0753 0.9667
vn 0.4208 0.1006 0.9016
vn 0.3758 0.0538 0.9251
vn 0.3639 0.0547 0.9298
vn 0.2421 0.1401 0.9601
vn 0.3505 0.0576 0.9348
vn 0.1203 -0.1166 0.9859
vn 0.1853 -0.0303 0.9822
vn 0.1983 0.1145 0.9734
vn 0.3997 0.1215 0.9086
vn 0.1434 0.3096 0.9400
vn 0.3464 -0.1479 0.9263
vn -0.1201 -0.4114 0.9035
vn -0.0142 -0.2639 0.9644
vn -0.1258 -0.4593 0.8793
vn 0.2644 -0.1088 0.9582
vn 0.2458 -0.2829 0.9271
vn 0.4512 -0.1095 0.8857
vn 0.1807 -0.3492 0.9195
vn 0.3080 -0.1974 0.9307
vn 0.1732 -0.2342 0.9566
vn 0.3227 -0.0848 0.9427
vn 0.1439 -0.0582 0.9879
vn 0.2509 -0.1921 0.9488
vn 0.4698 -0.1276 0.8735
vn 0.3297 -0.0935 0.9395
vn 0.3799 -0.2149 0.8997
vn 0.4212 0.1004 0.9014
vn 0.4470 0.0130 0.8945
vn 0.3387 -0.0128 0.9408
vn 0.2623 -0.0122 0.9649
vn 0.2679 -0.4955 0.8263
vn 0.2201 -0.4506 0.8652
vn 0.0715 -0.1082 0.9916
vn 0.2279 0.2250 0.9473
vn 0.1250 0.2547 0.9589
vn 0.0668 0.2980 0.9522
vn 0.2823 0.2370 0.9296
vn -0.0048 -0.3948 0.9188
vn -0.2307 -0.4255 0.8751
vn 0.0311 -0.2840 0.9583
vn -0.0270 -0.2675 0.9632
vn 0.2030 -0.1058 0.9734
vn 0.4719 -0.2567 0.8435
vn 0.3819 0.0128 0.9241
vn 0.1361 -0.4297 0.8927
vn 0.0762 -0.4182 0.9051
vn 0.1307 -0.2611 0.9564
vn 0.3670 -0.0056 0.9302
vn 0.3625 0.0031 0.9320
vn 0.2747 0.0427 0.9606
vn 0.3337 0.1190 0.9351
vn 0.5409 0.0914 0.8361
vn 0.4149 -0.0687 0.9073
vn 0.2539 -0.1034 0.9617
vn 0.0514 0.0007 0.9987
vn 0.2396 0.0329 0.9703
vn 0.3081 0.0504 0.9500
vn 0.3891 0.0352 0.9205
vn 0.4557 -0.2173 0.8632
vn 0.5672 -0.2560 0.7828
vn 0.0989 -0.3977 0.9122
vn 0.1021 0.0082 0.9947
vn 0.0353 0.0410 0.9985
vn 0.1842 0.1784 0.9666
vn 0.1648 0.1948 0.9669
vn 0.3259 0.1935 0.9254
vn -0.0769 -0.3955 0.9152
vn 0.3397 -0.0920 0.9360
vn 0.1054 -0.2827 0.9534
vn 0.1883 -0.2540 0.9487
vn 0.3991 -0.1833 0.8984
vn 0.3165 -0.2970 0.9009
vn 0.1782 -0.2403 0.9542
vn 0.7351 -0.2501 0.6301
vn 0.5398 -0.0333 0.8412
vn 0.3418 0.0547 0.9382
vn 0.1021 -0.0611 0.9929
vn 0.1810 -0.0077 0.9835
vn 0.4362 -0.1300 0.8904
vn 0.3373 -0.0200 0.9412
vn 0.1538 -0.1456 0.9773
vn 0.3525 -0.2955 0.8879
vn 0.5811 -0.3931 0.7126
vn 0.3758 0.1425 0.9157
vn 0.0714 0.2814 0.9569
vn 0.2002 0.1204 0.9723
vn 0.3595 0.0927 0.9285
vn 0.2931 0.1553 0.9434
vn -0.2342 -0.5237 0.8191
vn 0.3060 -0.0618 0.9500
vn 0.3451 -0.1579 0.9252
vn 0.0161 -0.2490 0.9684
vn 0.2530 -0.2766 0.9271
vn 0.2583 -0.3304 0.9078
vn 0.3766 -0.2788 0.8834
vn 0.4383 -0.2341 0.8678
vn 0.0336 -0.4046 0.9139
vn 0.4471 -0.0586 0.8926
vn 0.1464 0.0435 0.9883
vn 0.2985 0.0873 0.9504
vn 0.5238 -0.4652 0.7136
vn 0.3108 -0.1998 0.9293
vn 0.4636 -0.2513 0.8496
vn 0.1001 -0.0609 0.9931
vn 0.0697 -0.1439 0.9871
vn 0.3739 -0.1447 0.9161
vn 0.4078 -0.0581 0.9112
vn 0.3161 -0.1704 0.9333
vn 0.2904 -0.2780 0.9156
vn 0.1013 0.2012 0.9743
vn 0.1020 0.0400 0.9940
vn 0.1522 -0.0137 0.9883
vn -0.0957 0.1723 0.9804
vn 0.2143 0.1969 0.9567
vn 0.1439 0.1971 0.9698
vn 0.3004 0.1300 0.9449
vn 0.0906 -0.5048 0.8585
vn -0.0241 -0.3194 0.9473
vn 0.2043 -0.1082 0.9729
vn 0.3449 -0.4113 0.8437
vn 0.3871 -0.2999 0.8719
vn 0.0600 -0.3995 0.9148
vn 0.1798 -0.3973 0.8999
vn 0.4629 -0.0897 0.8819
vn 0.3033 0.0652 0.9507
vn 0.1449 0.0446 0.9884
vn 0.5026 -0.1939 0.8425
vn 0.4588 -0.0315 0.8880
vn 0.3466 -0.0373 0.9373
vn 0.1286 -0.1522 0.9799
vn 0.4147 -0.0995 0.9045
vn 0.4594 -0.2351 0.8565
vn 0.3197 -0.3302 0.8881
vn 0.3680 0.0138 0.9297
vn 0.0963 0.0081 0.9953
vn 0.0962 0.0189 0.9952
vn 0.2975 -0.0442 0.9537
vn 0.2635 0.1964 0.9445
vn -0.1229 -0.2219 0.9673
vn 0.0969 -0.3698 0.9241
vn 0.4589 -0.1974 0.8663
vn 0.2434 -0.3563 0.9021
vn 0.4334 -0.1315 0.8916
vn 0.2679 -0.2302 0.9355
vn 0.3935 -0.2783 0.8762
vn 0.0323 -0.2602 0.9650
vn 0.3486 0.0064 0.9372
vn 0.3449 0.0088 0.9386
vn 0.3658 0.0100 0.9307
vn 0.4154 -0.4478 0.7918
vn 0.2660 -0.1318 0.9549
vn 0.3179 -0.1412 0.9376
vn 0.1249 -0.0893 0.9881
vn 0.3584 -0.2967 0.8852
vn 0.3362 -0.2460 0.9091
vn 0.3228 -0.0265 0.9461
vn 0.3956 -0.0960 0.9134
vn 0.3795 -0.3123 0.8709
vn 0.3207 -0.3002 0.8983
vn 0.0748 0.0363 0.9965
vn 0.0289 0.3727 0.9275
vn -0.0123 0.3656 0.9307
vn 0.5496 0.2608 0.7937
vn -0.2576 -0.5060 0.8232
vn -0.3583 -0.4617 0.8115
vn 0.3183 -0.0997 0.9427
vn 0.3626 -0.1133 0.9251
vn 0.0311 -0.3320 0.9428
vn 0.0860 -0.4150 0.9057
vn 0.2947 -0.4401 0.8482
vn 0.1788 -0.3811 0.9071
vn 0.4588 -0.1547 0.8750
vn 0.2998 -0.1962 0.9336
vn 0.6002 0.0252 0.7994
vn 0.3406 -0.1815 0.9225
vn 0.5443 -0.3066 0.7809
vn 0.4606 -0.1236 0.8789
vn 0.1888 -0.0769 0.9790
vn 0.0531 -0.0146 0.9985
vn 0.1367 -0.2344 0.9625
vn 0.3976 -0.2171 0.8915
vn 0.2199 -0.0765 0.9725
vn 0.1895 -0.0791 0.9787
vn 0.1043 0.0306 0.9941
vn 0.2106 0.2067 0.9555
vn 0.2439 0.1885 0.9513
vn 0.2812 0.1688 0.9447
vn -0.1513 -0.1932 0.9694
vn 0.1719 -0.1632 0.9715
vn 0.4082 -0.1910 0.8927
vn 0.3203 -0.2716 0.9075
vn 0.3623 -0.2563 0.8962
vn 0.3168 -0.1919 0.9289
vn 0.2537 -0.3082 0.9169
vn 0.3059 0.0372 0.9513
vn 0.1603 0.0001 0.9871
vn 0.5380 -0.1002 0.8370
vn 0.2226 -0.1866 0.9569
vn 0.5420 -0.1798 0.8209
vn 0.1762 0.0469 0.9832
vn 0.1100 -0.0097 0.9939
vn 0.1240 -0.0630 0.9903
vn 0.2828 -0.1504 0.9473
vn 0.3005 -0.2074 0.9310
vn 0.1701 -0.1806 0.9687
vn 0.1056 -0.0553 0.9929
vn 0.2642 0.0140 0.9644
vn -0.4432 -0.3366 0.8308
vn -0.7673 0.0103 0.6413
vn 0.0994 0.0237 0.9948
vn 0.3114 -0.1133 0.9435
vn 0.0239 -0.3157 0.9486
vn 0.1502 -0.4177 0.8961
vn 0.1277 -0.5215 0.8437
vn 0.3016 -0.2296 0.9254
vn 0.4746 -0.0499 0.8788
vn 0.1105 -0.4565 0.8829
vn 0.0285 -0.3652 0.9305
vn 0.3932 -0.4862 0.7804
vn 0.4246 0.2754 0.8625
vn 0.1953 0.0660 0.9785
vn 0.5176 -0.0686 0.8529
vn 0.3568 -0.2012 0.9122
vn 0.3017 -0.5471 0.7808
vn 0.3306 -0.5665 0.7548
vn 0.2244 -0.0314 0.9740
vn 0.2179 -0.1015 0.9707
vn 0.3263 -0.1787 0.9282
vn 0.3987 0.0554 0.9154
vn 0.4506 0.0503 0.8913
vn 0.1322 0.2512 0.9589
vn 0.1560 0.1087 0.9818
vn 0.2439 0.3289 0.9123
vn 0.3185 0.1767 0.9313
vn 0.2577 -0.0154 0.9661
vn 0.6646 0.0448 0.7458
vn 0.5408 0.0354 0.8404
vn 0.1037 -0.0862 0.9909
vn 0.1024 -0.3928 0.9139
vn 0.2425 -0.4066 0.8809
vn 0.5539 0.2367 0.7982
vn 0.4437 -0.4727 0.7614
vn 0.4425 -0.1901 0.8764
vn 0.0745 -0.0339 0.9966
vn 0.2160 -0.1422 0.9660
vn 0.3176 -0.1707 0.9327
vn 0.4152 0.0423 0.9087
vn 0.4897 0.0024 0.8719
vn 0.0441 -0.1516 0.9875
vn 0.0599 0.2902 0.9551
vn 0.0215 0.2552 0.9667
vn 0.0946 0.2345 0.9675
vn 0.4303 0.0898 0.8982
vn 0.3725 0.0964 0.9230
vn 0.4942 -0.1306 0.8595
vn 0.4917 0.0573 0.8689
vn 0.4081 -0.1657 0.8978
vn 0.1702 -0.4993 0.8495
vn 0.2559 -0.2279 0.9395
vn 0.2524 -0.1144 0.9608
vn 0.3136 -0.1120 0.9429
vn 0.7772 -0.1169 0.6183
vn 0.3434 0.0909 0.9348
vn 0.2105 0.0210 0.9774
vn 0.3599 0.0706 0.9303
vn 0.6238 0.2068 0.7537
vn 0.4326 0.0342 0.9009
vn 0.5394 -0.0693 0.8392
vn 0.4811 -0.1714 0.8597
vn 0.2768 -0.2050 0.9388
vn 0.2154 0.1138 0.9699
vn 0.1603 -0.0908 0.9829
vn 0.3339 0.0503 0.9413
vn 0.0979 -0.1200 0.9879
vn 0.0600 -0.0183 0.9980
vn 0.0158 0.1396 0.9901
vn 0.1568 0.0963 0.9829
vn 0.1220 0.0944 0.9880
vn 0.3076 0.0350 0.9509
vn -0.5056 -0.5685 0.6490
vn 0.0212 -0.7345 0.6783
vn 0.1365 -0.2786 0.9506
vn 0.3105 -0.2837 0.9072
vn 0.3937 -0.1484 0.9072
vn 0.2482 -0.1554 0.9562
vn 0.4794 -0.2490 0.8415
vn 0.2099 -0.4644 0.8604
vn 0.2079 -0.4642 0.8610
vn 0.1777 -0.4717 0.8636
vn 0.3086 -0.2450 0.9191
vn 0.3649 0.0506 0.9297
vn 0.3088 -0.0353 0.9505
vn 0.4318 -0.1996 0.8796
vn 0.1975 0.0277 0.9799
vn 0.3787 0.0613 0.9235
vn 0.5326 -0.1249 0.8371
vn 0.4049 -0.0900 0.9099
vn 0.2390 -0.2824 0.9290
vn 0.1202 0.0794 0.9896
vn 0.0806 0.0243 0.9964
vn 0.2106 -0.0770 0.9745
vn 0.3954 -0.2052 0.8953
vn 0.4169 0.0055 0.9089
vn 0.2639 0.1140 0.9578
vn 0.2515 0.0065 0.9678
vn 0.1732 0.0424 0.9840
vn 0.2803 -0.2401 0.9294
vn 0.2453 -0.3849 0.8898
vn 0.1914 -0.4167 0.8887
vn 0.1145 -0.4450 0.8882
vn 0.0758 -0.4381 0.8957
vn 0.3088 -0.4115 0.8575
vn 0.1486 -0.0119 0.9888
vn 0.1921 -0.0570 0.9797
vn 0.5366 -0.2942 0.7909
vn 0.1069 0.0601 0.9925
vn 0.1193 -0.0266 0.9925
vn 0.2133 -0.0751 0.9741
vn 0.3332 -0.1107 0.9363
vn 0.2958 -0.1276 0.9467
vn 0.3205 -0.1781 0.9303
vn 0.3184 -0.1026 0.9424
vn 0.3732 -0.0653 0.9254
vn 0.4133 -0.0577 0.9088
vn 0.1015 0.0369 0.9941
vn 0.0519 0.0359 0.9980
vn 0.0041 0.1032 0.9947
vn -0.0917 0.1831 0.9788
vn 0.0400 0.1246 0.9914
vn 0.2047 0.1109 0.9725
vn 0.4659 0.0822 0.8810
vn 0.4046 0.1245 0.9060
vn 0.4656 0.1320 0.8751
vn 0.5248 0.1084 0.8443
vn -0.4601 -0.3525 0.8149
vn -0.3562 -0.4056 0.8418
vn -0.2263 -0.4277 0.8751
vn 0.4072 -0.3569 0.8407
vn 0.0637 -0.4492 0.8911
vn 0.1470 -0.4537 0.8789
vn 0.3905 -0.4170 0.8208
vn 0.2924 -0.3778 0.8785
vn 0.3788 -0.1769 0.9084
vn 0.2641 -0.0930 0.9600
vn 0.1906 -0.5628 0.8043
vn 0.2142 -0.5604 0.8000
vn 0.1160 -0.0502 0.9920
vn 0.2080 0.1197 0.9708
vn 0.2437 -0.1139 0.9631
vn 0.3048 -0.0881 0.9483
vn 0.5127 -0.1645 0.8427
vn 0.3096 0.0659 0.9486
vn -0.0028 0.0985 0.9951
vn 0.1253 -0.0372 0.9914
vn 0.1972 0.0226 0.9801
vn 0.2992 0.0473 0.9530
vn 0.3982 0.0607 0.9153
vn 0.5295 0.1028 0.8420
vn 0.2786 -0.2397 0.9300
vn 0.3908 -0.2132 0.8954
vn 0.3628 -0.1870 0.9129
vn 0.1674 -0.4604 0.8718
vn 0.1702 -0.4603 0.8713
vn 0.1545 -0.3085 0.9386
vn 0.4341 -0.1630 0.8860
vn 0.1409 -0.0439 0.9891
vn 0.3913 -0.1988 0.8985
vn 0.6566 -0.3013 0.6915
vn 0.7207 -0.1258 0.6817
vn 0.4708 -0.2891 0.8336
vn 0.3788 -0.0974 0.9204
vn 0.1243 -0.0565 0.9906
vn 0.4809 -0.0092 0.8767
vn 0.3410 -0.1035 0.9344
vn 0.4477 -0.0501 0.8928
vn 0.1572 -0.0663 0.9853
vn 0.2293 0.0677 0.9710
vn -0.2889 -0.3926 0.8731
vn -0.0719 -0.4584 0.8858
vn 0.1933 -0.4194 0.8870
vn 0.2440 -0.4931 0.8351
vn 0.3265 -0.4791 0.8148
vn 0.3284 -0.2550 0.9095
vn 0.2634 -0.6388 0.7229
vn 0.4739 0.0601 0.8785
vn 0.5672 -0.0428 0.8225
vn 0.2319 0.0333 0.9722
vn 0.4587 -0.1534 0.8752
vn 0.5068 -0.2686 0.8191
vn 0.4051 -0.0837 0.9104
vn 0.2106 -0.0065 0.9776
vn 0.1899 0.0341 0.9812
vn 0.1934 -0.1295 0.9725
vn 0.1528 -0.1031 0.9829
vn 0.4489 -0.0368 0.8928
vn 0.1841 -0.0850 0.9792
vn 0.1476 0.1061 0.9833
vn 0.0241 0.1235 0.9921
vn 0.0400 0.1552 0.9871
vn 0.2121 -0.1444 0.9665
vn 0.2331 -0.1472 0.9612
vn 0.3983 0.0669 0.9148
vn 0.5262 0.1700 0.8332
vn 0.3421 -0.1218 0.9317
vn 0.4743 -0.1740 0.8630
vn 0.0638 -0.6400 0.7657
vn 0.0840 -0.3816 0.9205
vn 0.2718 -0.4010 0.8748
vn 0.2133 -0.3373 0.9169
vn 0.2760 -0.3159 0.9078
vn 0.2967 -0.3278 0.8969
vn 0.4308 -0.1751 0.8853
vn 0.2162 -0.1048 0.9707
vn 0.5558 -0.0319 0.8307
vn 0.5527 -0.0288 0.8329
vn 0.3887 -0.0972 0.9162
vn 0.1596 0.0355 0.9866
vn 0.1032 0.0685 0.9923
vn 0.2562 -0.0307 0.9661
vn 0.4369 0.0317 0.8990
vn 0.2959 -0.1261 0.9469
vn 0.2503 -0.0655 0.9659
vn 0.3086 -0.0449 0.9501
vn -0.0440 0.0626 0.9971
vn 0.0139 0.0583 0.9982
vn 0.0971 -0.0330 0.9947
vn 0.2278 -0.0303 0.9732
vn 0.3146 -0.0211 0.9490
vn 0.4092 0.1101 0.9058
vn 0.4998 0.1335 0.8558
vn 0.2304 0.2663 0.9360
vn 0.2878 -0.3351 0.8972
vn 0.2414 -0.3911 0.8881
vn 0.1562 -0.4381 0.8853
vn 0.2610 -0.3357 0.9051
vn 0.4704 -0.1616 0.8675
vn 0.5660 -0.2047 0.7986
vn 0.5515 0.1006 0.8281
vn 0.2617 -0.1162 0.9581
vn 0.0789 -0.9474 0.3102
vn 0.5577 -0.0402 0.8291
vn 0.3861 0.0806 0.9189
vn 0.5126 0.0886 0.8541
vn 0.2265 -0.1140 0.9673
vn 0.1029 -0.0638 0.9926
vn 0.3832 -0.1270 0.9149
vn 0.1630 0.0680 0.9843
vn -0.0043 0.1101 0.9939
vn 0.4336 0.0181 0.9009
vn -0.0838 -0.4427 0.8927
vn 0.2921 -0.3318 0.8970
vn 0.5399 -0.2833 0.7926
vn 0.2802 -0.3954 0.8747
vn 0.1479 0.0940 0.9845
vn 0.1942 0.0157 0.9808
vn 0.1527 -0.1030 0.9829
vn 0.2135 -0.0735 0.9742
vn 0.4343 0.0126 0.9007
vn 0.4996 -0.0951 0.8610
vn 0.0579 0.0616 0.9964
vn 0.2359 -0.0147 0.9717
vn 0.2357 -0.0147 0.9717
vn 0.2647 -0.2530 0.9305
vn 0.1487 -0.2625 0.9534
vn 0.3082 0.0143 0.9512
vn 0.0762 -0.5274 0.8462
vn 0.3856 -0.2672 0.8831
vn 0.3347 -0.3013 0.8928
vn 0.2961 -0.3175 0.9008
vn 0.2620 -0.3334 0.9057
vn 0.5676 -0.2211 0.7931
vn 0.6623 0.1027 0.7422
vn 0.1358 -0.0376 0.9900
vn 0.1318 -0.0384 0.9905
vn 0.3652 0.1331 0.9214
vn 0.6661 0.0573 0.7436
vn 0.3084 0.4473 0.8396
vn 0.3849 -0.1164 0.9156
vn 0.1495 -0.0833 0.9852
vn 0.2488 -0.0510 0.9672
vn 0.1236 -0.0968 0.9876
vn 0.2633 0.0074 0.9647
vn 0.3942 0.0851 0.9151
vn 0.2377 0.6973 0.6762
vn 0.0343 0.1369 0.9900
vn 0.0115 0.0985 0.9951
vn 0.0835 0.0108 0.9965
vn 0.2178 -0.0408 0.9751
vn 0.2809 0.1814 0.9424
vn -0.0952 -0.4957 0.8633
vn 0.1165 -0.4689 0.8755
vn 0.3007 -0.4125 0.8599
vn 0.5162 -0.3342 0.7886
vn 0.5330 -0.4153 0.7372
vn 0.1480 -0.1968 0.9692
vn 0.1721 -0.2699 0.9474
vn 0.1309 -0.2752 0.9525
vn 0.2769 -0.2850 0.9176
vn 0.1616 -0.3663 0.9164
vn 0.5253 -0.4047 0.7485
vn 0.5078 0.1374 0.8505
vn 0.4409 0.2011 0.8747
vn 0.6259 0.2765 0.7293
vn 0.5416 0.3117 0.7807
vn 0.6071 -0.0639 0.7921
vn 0.2543 0.0289 0.9667
vn 0.1425 -0.0820 0.9864
vn 0.0755 0.0579 0.9955
vn 0.1412 -0.1077 0.9841
vn 0.3601 -0.0080 0.9329
vn 0.2262 -0.0239 0.9738
vn 0.3157 -0.0381 0.9481
vn 0.2700 0.0088 0.9628
vn 0.0299 0.2411 0.9700
vn 0.2971 -0.2074 0.9321
vn 0.2759 0.2291 0.9335
vn 0.4648 -0.0188 0.8852
vn 0.3441 0.0131 0.9388
vn 0.2713 -0.3853 0.8820
vn 0.2223 -0.0827 0.9715
vn 0.1458 -0.3375 0.9300
vn 0.2904 -0.3033 0.9076
vn 0.3412 -0.3122 0.8866
vn 0.3141 -0.4305 0.8462
vn 0.4806 -0.3482 0.8049
vn 0.4739 -0.0080 0.8806
vn 0.2968 0.1452 0.9438
vn 0.4976 0.1783 0.8489
vn 0.6387 0.0567 0.7673
vn 0.5676 -0.1600 0.8076
vn 0.2506 -0.0491 0.9669
vn 0.1504 0.0204 0.9884
vn 0.1975 0.0305 0.9798
vn 0.2737 0.0351 0.9612
vn 0.1761 0.1336 0.9753
vn 0.2260 -0.1332 0.9650
vn 0.3475 -0.2235 0.9107
vn 0.3116 -0.1862 0.9318
vn 0.3161 -0.1843 0.9306
vn 0.1731 -0.2757 0.9455
vn 0.1894 -0.2714 0.9437
vn 0.5204 -0.1573 0.8393
vn 0.1272 -0.4723 0.8722
vn 0.0594 -0.4595 0.8862
vn 0.1736 -0.3423 0.9234
vn 0.5699 -0.0143 0.8216
vn 0.3552 -0.2157 0.9096
vn 0.4029 -0.2094 0.8910
vn 0.1524 -0.2990 0.9420
vn 0.2816 -0.2893 0.9149
vn 0.2630 -0.2895 0.9203
vn 0.4310 -0.0280 0.9019
vn 0.5980 0.1705 0.7832
vn 0.3773 -0.0787 0.9228
vn 0.4881 0.0801 0.8691
vn 0.3877 0.1506 0.9094
vn 0.2571 -0.0159 0.9663
vn 0.3754 0.1016 0.9213
vn 0.4727 0.0531 0.8796
vn 0.3282 0.1093 0.9383
vn 0.1357 0.1321 0.9819
vn 0.0101 0.1236 0.9923
vn 0.1321 -0.0232 0.9910
vn 0.2463 -0.1982 0.9487
vn 0.2821 -0.2237 0.9329
vn 0.1900 -0.2717 0.9434
vn 0.2613 -0.1901 0.9463
vn 0.5127 -0.1252 0.8494
vn -0.0125 -0.3444 0.9387
vn 0.4028 -0.2654 0.8760
vn 0.2252 -0.1736 0.9587
vn 0.3254 -0.2236 0.9188
vn 0.5870 -0.1583 0.7939
vn 0.2842 -0.0600 0.9569
vn 0.3743 0.1253 0.9188
vn 0.2833 0.1545 0.9465
vn -0.0864 0.1116 0.9900
vn 0.0741 0.0082 0.9972
vn 0.0586 0.0270 0.9979
vn 0.0256 0.0078 0.9996
vn 0.2207 -0.3976 0.8906
vn 0.3003 -0.2941 0.9074
vn 0.3446 -0.3925 0.8527
vn 0.5317 0.1331 0.8364
vn 0.0796 -0.4781 0.8747
vn 0.3127 -0.0630 0.9478
vn 0.3303 -0.2330 0.9147
vn 0.1470 -0.3709 0.9170
vn 0.1320 -0.3421 0.9303
vn -0.1610 -0.3919 0.9058
vn 0.3222 -0.3965 0.8596
vn 0.3372 0.0675 0.9390
vn 0.2025 -0.0901 0.9751
vn 0.5904 -0.1257 0.7973
vn 0.6684 -0.0237 0.7434
vn 0.5852 -0.0619 0.8085
vn 0.2505 -0.0490 0.9669
vn 0.0592 -0.0334 0.9977
vn 0.2456 0.0240 0.9691
vn 0.2487 0.0231 0.9683
vn 0.2334 -0.0183 0.9722
vn 0.3166 -0.0544 0.9470
vn 0.2651 0.0661 0.9620
vn 0.1343 0.1729 0.9757
vn 0.2860 -0.3258 0.9012
vn 0.1717 -0.2841 0.9433
vn 0.1758 -0.3517 0.9194
vn 0.2275 -0.0811 0.9704
vn 0.2069 -0.0598 0.9765
vn 0.3324 -0.0305 0.9427
vn 0.2881 -0.3697 0.8833
vn 0.3292 -0.2035 0.9221
vn 0.3815 -0.3704 0.8469
vn 0.3256 -0.4122 0.8509
vn 0.4534 -0.2729 0.8485
vn 0.5443 -0.0664 0.8362
vn 0.4410 -0.0944 0.8925
vn 0.2024 0.0657 0.9771
vn 0.3417 -0.0671 0.9374
vn 0.4392 0.0453 0.8973
vn 0.6313 0.0626 0.7731
vn 0.7027 0.0418 0.7102
vn 0.4373 0.0800 0.8958
vn 0.4925 0.1214 0.8618
vn 0.4063 0.0277 0.9133
vn 0.2171 -0.0340 0.9756
vn 0.1557 -0.0339 0.9872
vn 0.2654 0.0859 0.9603
vn 0.3340 0.0052 0.9426
vn 0.3330 -0.0691 0.9404
vn 0.0639 0.0430 0.9970
vn 0.0947 -0.2176 0.9714
vn 0.3565 -0.3126 0.8804
vn 0.2780 -0.3218 0.9051
vn 0.3153 -0.1313 0.9399
vn 0.2054 -0.3191 0.9252
vn 0.3675 -0.2250 0.9024
vn 0.3654 -0.1637 0.9163
vn 0.3269 -0.1595 0.9315
vn 0.2141 -0.6541 0.7255
vn 0.3756 -0.2564 0.8906
vn 0.3122 -0.1451 0.9389
vn 0.3256 -0.2536 0.9109
vn 0.2870 -0.0682 0.9555
vn 0.4273 -0.2329 0.8736
vn 0.3722 -0.2454 0.8951
vn 0.4538 -0.2643 0.8510
vn 0.2718 0.0087 0.9623
vn 0.0759 -0.0538 0.9957
vn 0.1493 0.0169 0.9887
vn 0.2549 0.0350 0.9663
vn 0.1477 -0.0318 0.9885
vn 0.3465 0.0311 0.9375
vn 0.4311 0.1290 0.8930
vn 0.3246 0.0081 0.9458
vn 0.3280 -0.0574 0.9429
vn 0.1956 -0.0028 0.9807
vn 0.2451 0.1468 0.9583
vn 0.0673 -0.0252 0.9974
vn 0.0880 -0.0893 0.9921
vn 0.2227 -0.1610 0.9615
vn 0.2362 -0.3360 0.9118
vn 0.2152 -0.3344 0.9175
vn 0.1537 -0.3082 0.9388
vn 0.2533 -0.3502 0.9018
vn 0.3513 -0.3824 0.8546
vn 0.2178 -0.4299 0.8762
vn 0.4802 0.2712 0.8342
vn -0.1263 -0.4025 0.9067
vn 0.1391 -0.4799 0.8662
vn 0.0256 -0.4956 0.8682
vn 0.3661 -0.1436 0.9194
vn 0.2452 -0.2688 0.9315
vn 0.2232 -0.1925 0.9556
vn 0.2302 -0.2261 0.9465
vn 0.3173 -0.1923 0.9286
vn 0.4248 -0.2619 0.8666
vn 0.3748 -0.4854 0.7899
vn 0.2769 -0.5425 0.7931
vn 0.5143 0.1091 0.8507
vn 0.4896 -0.0396 0.8711
vn 0.2396 -0.0638 0.9688
vn 0.0632 -0.0528 0.9966
vn 0.1821 0.0992 0.9783
vn 0.1091 0.0184 0.9939
vn 0.2403 0.0448 0.9697
vn 0.1004 -0.0876 0.9911
vn 0.1329 -0.0360 0.9905
vn 0.4857 0.0338 0.8735
vn 0.2627 -0.3916 0.8818
vn 0.2703 -0.0909 0.9585
vn 0.4159 -0.0951 0.9044
vn 0.4980 0.0732 0.8641
vn 0.2849 -0.1577 0.9455
vn 0.2818 -0.1585 0.9463
vn 0.3098 -0.2665 0.9127
vn 0.4142 -0.2514 0.8748
vn 0.3389 -0.2126 0.9165
vn 0.2441 -0.1958 0.9498
vn 0.1434 -0.2582 0.9554
vn 0.4975 -0.1897 0.8465
vn 0.5905 0.1963 0.7828
vn 0.4425 0.0657 0.8944
vn 0.4369 0.0411 0.8986
vn 0.2258 -0.0054 0.9742
vn 0.2369 -0.0151 0.9714
vn 0.1933 0.0962 0.9764
vn 0.4304 0.1087 0.8960
vn 0.4042 0.1281 0.9056
vn 0.3027 0.1462 0.9418
vn 0.1250 0.0039 0.9921
vn 0.1058 0.0136 0.9943
vn -0.0289 0.1347 0.9905
vn 0.3415 -0.3604 0.8681
vn 0.2944 -0.3747 0.8792
vn 0.2216 -0.2725 0.9363
vn 0.5838 0.0515 0.8103
vn 0.5153 0.1090 0.8501
vn 0.0542 -0.5256 0.8490
vn 0.2544 -0.3830 0.8880
vn 0.3039 -0.1952 0.9325
vn 0.5204 -0.2588 0.8137
vn 0.2373 -0.4495 0.8612
vn 0.6820 -0.0383 0.7304
vn 0.2650 -0.0355 0.9636
vn 0.2765 0.0756 0.9580
vn 0.6696 0.2479 0.7002
vn 0.4887 -0.1149 0.8649
vn 0.3209 0.0412 0.9462
vn 0.1672 0.0229 0.9856
vn 0.1644 0.0224 0.9861
vn 0.2403 0.0428 0.9698
vn 0.4428 0.1026 0.8907
vn 0.2316 -0.3268 0.9163
vn 0.3002 -0.2771 0.9127
vn 0.2901 -0.2797 0.9152
vn 0.1333 -0.3483 0.9279
vn 0.1613 -0.3458 0.9243
vn -0.1869 -0.4489 0.8738
vn 0.1296 -0.4167 0.8997
vn 0.3554 -0.0770 0.9315
vn 0.4920 -0.1216 0.8621
vn 0.2476 -0.3718 0.8947
vn 0.3739 -0.1576 0.9140
vn 0.5489 0.1384 0.8243
vn 0.4238 0.0854 0.9017
vn 0.6296 0.1058 0.7697
vn 0.6931 0.0502 0.7191
vn 0.5969 0.0655 0.7996
vn 0.4992 -0.0202 0.8662
vn 0.0229 -0.0135 0.9996
vn 0.3337 0.0594 0.9408
vn 0.3539 0.0611 0.9333
vn 0.4431 -0.1038 0.8904
vn 0.2377 -0.0500 0.9701
vn 0.1148 -0.2859 0.9514
vn 0.2070 -0.2779 0.9380
vn 0.3318 -0.3167 0.8886
vn 0.0793 -0.3343 0.9391
vn 0.1713 -0.3108 0.9349
vn 0.4165 -0.1763 0.8919
vn 0.5368 0.0271 0.8433
vn 0.2300 -0.5606 0.7955
vn 0.2488 -0.3893 0.8869
vn 0.2740 -0.3578 0.8927
vn 0.2469 -0.1918 0.9499
vn 0.2527 0.0266 0.9672
vn 0.4716 0.1794 0.8634
vn 0.4894 0.0093 0.8720
vn 0.6016 -0.1014 0.7924
vn 0.3167 0.1271 0.9400
vn 0.1467 0.1133 0.9827
vn 0.1505 0.0290 0.9882
vn 0.2066 0.0326 0.9779
vn 0.0680 -0.0694 0.9953
vn 0.3269 0.0313 0.9445
vn 0.1979 -0.1155 0.9734
vn 0.0876 -0.0691 0.9938
vn 0.2413 -0.3065 0.9208
vn 0.2226 -0.2725 0.9361
vn 0.1804 -0.2729 0.9450
vn 0.2537 -0.3610 0.8974
vn 0.2172 -0.2905 0.9319
vn 0.3812 -0.2171 0.8986
vn 0.1622 -0.3435 0.9250
vn 0.3098 -0.3017 0.9017
vn 0.5100 0.0328 0.8595
vn 0.3803 -0.0306 0.9244
vn 0.3093 -0.2698 0.9119
vn 0.3088 -0.0710 0.9485
vn 0.0417 -0.2678 0.9626
vn 0.2995 -0.2090 0.9309
vn 0.5111 -0.0833 0.8555
vn 0.5192 -0.2531 0.8163
vn 0.2911 -0.2705 0.9177
vn 0.2688 -0.2490 0.9304
vn 0.2162 0.0065 0.9763
vn 0.2524 0.0267 0.9673
vn 0.2931 0.1064 0.9501
vn 0.1741 0.1636 0.9710
vn 0.2027 0.0882 0.9753
vn 0.2547 0.0396 0.9662
vn 0.2778 0.0145 0.9605
vn 0.3188 0.0341 0.9472
vn 0.4316 0.1476 0.8899
vn 0.3571 -0.2899 0.8879
vn 0.2392 -0.1053 0.9652
vn 0.2107 -0.0689 0.9751
vn 0.1688 -0.0166 0.9855
vn 0.5150 0.0086 0.8572
vn 0.1191 -0.1120 0.9865
vn 0.0544 -0.0798 0.9953
vn 0.2389 -0.0601 0.9692
vn 0.2430 -0.1532 0.9579
vn 0.2397 -0.3294 0.9132
vn 0.3493 -0.3141 0.8828
vn 0.0584 -0.2343 0.9704
vn 0.3366 -0.2060 0.9188
vn 0.3171 -0.3338 0.8877
vn 0.1421 -0.3269 0.9343
vn 0.3622 -0.1529 0.9195
vn 0.3619 -0.0270 0.9318
vn 0.2124 -0.0903 0.9730
vn 0.1245 -0.0906 0.9881
vn 0.4806 -0.0704 0.8741
vn 0.1831 -0.2744 0.9440
vn 0.3247 -0.2831 0.9024
vn 0.3803 -0.2439 0.8921
vn 0.2054 -0.1372 0.9690
vn 0.0390 -0.2926 0.9554
vn 0.2236 0.0259 0.9743
vn 0.5997 0.0569 0.7982
vn 0.5828 -0.0500 0.8110
vn 0.1725 0.1030 0.9796
vn 0.1244 0.0100 0.9922
vn 0.3764 0.0186 0.9263
vn 0.4094 0.0303 0.9118
vn 0.4444 -0.0880 0.8915
vn 0.1871 -0.0680 0.9800
vn 0.0992 -0.0592 0.9933
vn 0.1411 -0.2641 0.9541
vn 0.2402 -0.2423 0.9400
vn 0.3586 -0.2050 0.9107
vn 0.0921 -0.3768 0.9217
vn 0.3765 -0.2727 0.8854
vn 0.5317 -0.2920 0.7950
vn 0.0725 -0.4513 0.8894
vn 0.3674 0.0129 0.9300
vn 0.4168 -0.0206 0.9088
vn 0.5649 -0.1293 0.8150
vn 0.3042 -0.0539 0.9511
vn 0.1843 0.1426 0.9725
vn 0.6620 -0.1133 0.7409
vn 0.7064 -0.0054 0.7078
vn 0.5693 -0.0802 0.8182
vn 0.1532 -0.0578 0.9865
vn 0.0553 0.0608 0.9966
vn 0.3701 0.0300 0.9285
vn 0.2126 -0.1000 0.9720
vn 0.4733 -0.0936 0.8759
vn 0.3027 -0.1106 0.9467
vn 0.2744 -0.0933 0.9571
vn 0.3357 -0.1837 0.9239
vn 0.3391 -0.1847 0.9224
vn 0.2649 -0.2472 0.9320
vn 0.3505 -0.1988 0.9152
vn 0.3365 -0.2057 0.9189
vn 0.2519 -0.4137 0.8749
vn 0.1349 -0.2045 0.9695
vn 0.3093 -0.3066 0.9002
vn -0.2053 -0.4467 0.8708
vn 0.0117 -0.4134 0.9105
vn 0.3591 -0.0336 0.9327
vn 0.4415 -0.1660 0.8818
vn 0.3003 -0.1263 0.9455
vn 0.0147 -0.2540 0.9671
vn 0.2653 -0.1119 0.9577
vn 0.4750 -0.1714 0.8631
vn 0.9885 -0.0135 0.1504
vn 0.5549 -0.0386 0.8310
vn 0.5166 0.0066 0.8562
vn 0.5176 0.0765 0.8522
vn 0.6077 0.0088 0.7941
vn 0.2974 -0.0651 0.9525
vn 0.3687 -0.0256 0.9292
vn 0.1365 0.0237 0.9904
vn 0.1473 0.0085 0.9891
vn 0.2923 -0.0191 0.9561
vn 0.3563 -0.0006 0.9344
vn 0.3588 -0.0007 0.9334
vn 0.1529 -0.1320 0.9794
vn 0.1037 -0.1391 0.9848
vn 0.2894 -0.1917 0.9378
vn 0.2555 -0.1936 0.9472
vn 0.2121 -0.2058 0.9553
vn 0.3927 -0.2813 0.8756
vn 0.2649 -0.0675 0.9619
vn 0.3348 -0.1388 0.9320
vn 0.3986 -0.2804 0.8732
vn -0.0261 -0.3471 0.9375
vn 0.5514 -0.1819 0.8142
vn 0.2579 0.1110 0.9598
vn 0.6513 -0.1586 0.7421
vn 0.1828 0.0531 0.9817
vn 0.3776 0.0494 0.9246
vn -0.0432 0.0770 0.9961
vn 0.2148 0.0210 0.9764
vn 0.1566 0.0827 0.9842
vn 0.2361 0.0603 0.9699
vn 0.2086 0.0589 0.9762
vn 0.3909 0.0415 0.9195
vn 0.4834 -0.0526 0.8738
vn 0.2021 -0.3235 0.9244
vn 0.2643 -0.3263 0.9076
vn 0.1950 -0.1926 0.9617
vn 0.3420 -0.2526 0.9051
vn 0.1572 -0.1841 0.9703
vn 0.3665 -0.2244 0.9029
vn 0.4667 -0.0222 0.8841
vn 0.3029 -0.0428 0.9521
vn 0.1889 -0.0520 0.9806
vn 0.0426 -0.0459 0.9980
vn 0.5594 -0.1799 0.8091
vn 0.4360 0.0111 0.8999
vn 0.2644 -0.0148 0.9643
vn 0.3361 -0.0351 0.9412
vn 0.5329 -0.1983 0.8226
vn 0.3398 0.0187 0.9403
vn 0.0835 0.0315 0.9960
vn 0.1584 0.0820 0.9840
vn 0.2423 0.1089 0.9641
vn 0.3661 0.0446 0.9295
vn 0.4681 0.0682 0.8810
vn 0.2007 -0.2526 0.9465
vn 0.1859 -0.3217 0.9284
vn 0.2814 -0.1934 0.9399
vn 0.2594 -0.1170 0.9586
vn 0.2251 -0.0561 0.9727
vn 0.2868 -0.0977 0.9530
vn 0.4030 -0.0528 0.9137
vn 0.4133 -0.0643 0.9083
vn 0.3345 -0.1510 0.9302
vn 0.0633 -0.1482 0.9869
vn 0.3664 -0.2202 0.9040
vn 0.2928 -0.1166 0.9490
vn 0.3782 0.0709 0.9230
vn 0.4798 0.0430 0.8763
vn -0.0027 -0.3497 0.9369
vn 0.2593 -0.1360 0.9562
vn 0.2886 -0.1437 0.9466
vn 0.3142 -0.1397 0.9390
vn 0.4741 -0.1693 0.8640
vn 0.4734 -0.0158 0.8807
vn 0.1419 -0.0627 0.9879
vn 0.5880 0.1160 0.8005
vn 0.5834 0.0861 0.8076
vn 0.0945 0.1500 0.9842
vn 0.4020 -0.0475 0.9144
vn 0.2593 0.0140 0.9657
vn 0.2067 0.0118 0.9783
vn 0.4768 0.0627 0.8768
vn 0.2775 -0.1072 0.9547
vn 0.1569 -0.3464 0.9249
vn 0.1723 -0.2064 0.9632
vn 0.2433 -0.1105 0.9636
vn 0.2957 -0.1417 0.9447
vn 0.1979 -0.1596 0.9672
vn 0.3861 -0.1157 0.9152
vn 0.0515 -0.5432 0.8381
vn 0.0200 -0.5428 0.8397
vn 0.5216 -0.1046 0.8467
vn 0.2589 -0.1405 0.9556
vn 0.3508 -0.2178 0.9108
vn 0.4128 0.1541 0.8977
vn 0.6754 0.0021 0.7375
vn 0.1287 -0.1047 0.9861
vn 0.0238 -0.0625 0.9978
vn 0.2229 -0.0375 0.9741
vn 0.2078 0.0390 0.9774
vn 0.1560 0.0717 0.9851
vn 0.3887 0.0144 0.9213
vn 0.2152 -0.0527 0.9751
vn 0.1863 -0.0621 0.9805
vn 0.2568 -0.0946 0.9618
vn 0.1609 -0.1210 0.9795
vn 0.3703 -0.2307 0.8998
vn 0.3520 -0.2292 0.9075
vn 0.1835 -0.2582 0.9485
vn 0.1557 -0.1885 0.9696
vn 0.3727 -0.2270 0.8998
vn 0.3001 -0.2181 0.9286
vn 0.2777 -0.1753 0.9445
vn -0.0718 -0.1017 0.9922
vn 0.3797 0.1592 0.9113
vn 0.1311 -0.4436 0.8866
vn 0.2689 -0.3738 0.8877
vn 0.3183 -0.2569 0.9125
vn 0.2717 -0.2659 0.9249
vn 0.1211 0.0838 0.9891
vn 0.3149 -0.1872 0.9305
vn 0.2394 -0.4287 0.8711
vn 0.5386 -0.0634 0.8402
vn 0.2529 -0.0883 0.9635
vn 0.4985 0.0351 0.8661
vn 0.1290 -0.0018 0.9916
vn 0.1285 -0.1049 0.9861
vn 0.2257 0.0429 0.9732
vn 0.1858 -0.0797 0.9793
vn 0.4297 0.1276 0.8939
vn 0.4703 0.1304 0.8728
vn 0.2677 -0.1705 0.9483
vn 0.1581 -0.2826 0.9461
vn 0.1739 -0.2162 0.9607
vn 0.2990 -0.1895 0.9352
vn 0.4227 0.0058 0.9063
vn 0.3379 -0.2173 0.9157
vn 0.0887 -0.2144 0.9727
vn 0.0871 -0.3625 0.9279
vn 0.2538 -0.3702 0.8936
vn 0.2319 -0.2712 0.9342
vn 0.4095 -0.0834 0.9085
vn 0.2458 -0.3741 0.8942
vn 0.2104 -0.3203 0.9236
vn 0.1367 -0.0579 0.9889
vn 0.3119 0.0191 0.9499
vn 0.6214 -0.0623 0.7810
vn 0.5503 -0.0812 0.8310
vn 0.1667 0.0019 0.9860
vn 0.2557 0.0027 0.9668
vn 0.2594 -0.0118 0.9657
vn 0.4399 0.1707 0.8817
vn 0.2292 0.0302 0.9729
vn 0.2271 -0.1391 0.9639
vn 0.1917 -0.1529 0.9695
vn 0.2826 -0.1954 0.9391
vn 0.1569 -0.1839 0.9703
vn 0.2712 -0.0289 0.9621
vn 0.3212 -0.0533 0.9455
vn 0.2809 -0.0354 0.9591
vn 0.2834 -0.0577 0.9573
vn 0.1547 -0.2968 0.9423
vn 0.3726 -0.2203 0.9014
vn 0.3858 -0.0373 0.9218
vn 0.5188 0.0429 0.8538
vn 0.5215 -0.1037 0.8469
vn 0.5115 -0.1109 0.8521
vn -0.0610 0.0983 0.9933
vn 0.5682 -0.1164 0.8146
vn 0.1781 0.0326 0.9835
vn 0.3218 -0.1217 0.9390
vn 0.3407 -0.1155 0.9331
vn 0.0944 -0.0425 0.9946
vn 0.0926 -0.2516 0.9634
vn 0.0994 -0.0643 0.9930
vn 0.2905 -0.1030 0.9513
vn 0.1187 0.0404 0.9921
vn 0.2547 0.1597 0.9538
vn 0.2555 -0.1788 0.9501
vn 0.3208 -0.1912 0.9276
vn 0.1968 -0.2527 0.9473
vn 0.3600 -0.2366 0.9025
vn 0.1523 -0.1456 0.9775
vn 0.3978 -0.0239 0.9172
vn 0.4362 -0.0041 0.8999
vn 0.4254 -0.0018 0.9050
vn 0.2554 -0.2462 0.9350
vn 0.3135 -0.0261 0.9492
vn 0.3901 -0.0566 0.9190
vn 0.3150 -0.1622 0.9351
vn 0.4283 -0.4828 0.7639
vn 0.2785 -0.2819 0.9181
vn 0.4330 -0.2260 0.8726
vn 0.5689 0.0057 0.8224
vn 0.3162 0.1593 0.9352
vn 0.4846 -0.1785 0.8564
vn 0.6675 -0.0480 0.7430
vn 0.1798 -0.0586 0.9820
vn 0.3972 0.1811 0.8997
vn 0.4279 0.1756 0.8866
vn 0.4815 0.1108 0.8694
vn 0.3659 0.1859 0.9119
vn 0.4982 0.1067 0.8604
vn 0.3295 -0.1412 0.9335
vn 0.2145 -0.1469 0.9656
vn 0.1081 -0.3181 0.9419
vn 0.2628 -0.4383 0.8595
vn 0.2407 -0.3007 0.9228
vn 0.3261 0.1313 0.9362
vn 0.1079 0.3903 0.9144
vn 0.0521 0.2974 0.9533
vn 0.2890 0.0829 0.9537
vn 0.4036 -0.0512 0.9135
vn 0.3310 -0.2067 0.9207
vn 0.6854 -0.4094 0.6022
vn 0.4585 0.0715 0.8858
vn 0.4654 0.0375 0.8843
vn 0.3244 -0.3352 0.8845
vn 0.2324 -0.0719 0.9700
vn 0.1670 -0.0071 0.9859
vn 0.2851 -0.1088 0.9523
vn 0.1407 -0.0249 0.9897
vn 0.2643 0.1450 0.9535
vn 0.3493 0.1395 0.9266
vn 0.4685 0.1077 0.8769
vn 0.2670 -0.1876 0.9452
vn 0.1768 -0.2312 0.9567
vn 0.1403 -0.1754 0.9745
vn 0.3061 -0.0722 0.9493
vn 0.1503 -0.0915 0.9844
vn 0.2508 -0.2247 0.9416
vn 0.2811 -0.1430 0.9490
vn 0.2692 0.2456 0.9312
vn 0.1551 0.2095 0.9654
vn 0.3381 0.1858 0.9226
vn 0.1055 0.0546 0.9929
vn 0.5586 -0.1626 0.8133
vn 0.4531 -0.3335 0.8267
vn -0.0174 -0.2576 0.9661
vn -0.0547 -0.2332 0.9709
vn 0.6883 -0.3857 0.6145
vn 0.3354 -0.0694 0.9395
vn 0.2371 0.0390 0.9707
vn 0.4712 0.0447 0.8809
vn 0.2869 -0.1958 0.9377
vn 0.1331 -0.0043 0.9911
vn 0.1661 -0.4609 0.8718
vn 0.3549 -0.0322 0.9343
vn -0.0542 0.1360 0.9892
vn 0.2721 0.1188 0.9549
vn 0.2842 0.0144 0.9587
vn 0.4936 0.1252 0.8606
vn 0.2037 -0.2382 0.9496
vn 0.3689 -0.0007 0.9295
vn 0.2983 -0.0861 0.9506
vn 0.2632 -0.0599 0.9629
vn 0.1198 0.0533 0.9914
vn 0.3379 0.1837 0.9231
vn 0.3486 -0.1341 0.9276
vn 0.1497 -0.5574 0.8166
vn 0.2980 0.1949 0.9344
vn 0.4630 -0.0909 0.8817
vn 0.2368 -0.2031 0.9501
vn 0.5728 -0.1028 0.8132
vn 0.5858 -0.1130 0.8026
vn 0.5000 -0.0719 0.8630
vn 0.6186 -0.1599 0.7693
vn 0.5707 -0.1086 0.8140
vn 0.5657 -0.0966 0.8189
vn 0.4330 -0.0134 0.9013
vn 0.1038 -0.0087 0.9946
vn 0.2698 0.1596 0.9496
vn 0.3436 0.1494 0.9272
vn 0.4687 0.1084 0.8767
vn 0.3977 0.1333 0.9078
vn 0.5107 0.1011 0.8538
vn 0.1516 0.0055 0.9884
vn 0.2792 -0.2408 0.9295
vn 0.1986 -0.1999 0.9595
vn 0.3357 -0.1756 0.9255
vn 0.3298 -0.1545 0.9313
vn 0.2640 -0.1960 0.9444
vn 0.1491 -0.1930 0.9698
vn 0.2613 0.0189 0.9651
vn 0.1077 -0.1871 0.9764
vn 0.3088 -0.1746 0.9350
vn 0.2617 -0.1526 0.9530
vn 0.2174 -0.0071 0.9760
vn 0.1987 -0.0038 0.9801
vn 0.2559 0.3868 0.8859
vn 0.3434 0.1039 0.9334
vn 0.3765 -0.3485 0.8584
vn 0.3753 -0.3416 0.8617
vn 0.1626 -0.4531 0.8765
vn 0.3510 -0.4421 0.8254
vn 0.7702 -0.1618 0.6169
vn 0.3440 0.0133 0.9389
vn 0.3810 -0.0284 0.9241
vn 0.5645 -0.1801 0.8055
vn 0.0681 0.0606 0.9958
vn 0.4638 0.1211 0.8776
vn 0.5133 0.0793 0.8545
vn 0.5222 0.0702 0.8499
vn 0.3600 -0.2452 0.9002
vn 0.2120 -0.2703 0.9392
vn 0.2404 -0.2677 0.9330
vn 0.0675 -0.2900 0.9547
vn 0.1377 -0.2708 0.9527
vn 0.2465 -0.3093 0.9184
vn 0.2734 -0.1973 0.9415
vn 0.4761 -0.0813 0.8757
vn 0.2258 -0.1688 0.9594
vn 0.3073 -0.1465 0.9403
vn 0.3306 -0.1694 0.9284
vn 0.3186 -0.1694 0.9326
vn 0.1975 -0.1711 0.9652
vn 0.2231 -0.0278 0.9744
vn 0.6386 0.0539 0.7677
vn 0.4574 0.1246 0.8805
vn 0.0775 -0.1533 0.9851
vn 0.0500 -0.1120 0.9924
vn 0.0836 -0.1085 0.9906
vn 0.1708 -0.1698 0.9706
vn 0.3606 -0.3077 0.8805
vn 0.5315 -0.2779 0.8002
vn 0.3945 -0.4946 0.7744
vn 0.4765 -0.1771 0.8611
vn -0.0524 0.0348 0.9980
vn 0.2361 -0.1254 0.9636
vn 0.2478 -0.1426 0.9583
vn 0.1286 -0.0260 0.9914
vn 0.1017 0.0834 0.9913
vn 0.2454 -0.0582 0.9677
vn 0.1856 -0.0510 0.9813
vn 0.2342 -0.1385 0.9623
vn 0.3034 -0.2693 0.9140
vn 0.1522 -0.0662 0.9861
vn 0.3688 0.0719 0.9267
vn 0.1579 -0.0588 0.9857
vn 0.2927 0.0269 0.9558
vn 0.4423 0.3066 0.8428
vn 0.0015 -0.3824 0.9240
vn 0.3861 -0.1310 0.9131
vn 0.5937 -0.1767 0.7851
vn 0.4476 -0.2102 0.8692
vn 0.0384 -0.1364 0.9899
vn 0.2149 -0.0983 0.9717
vn 0.0639 0.0318 0.9974
vn 0.2918 0.1051 0.9507
vn 0.4884 0.0947 0.8675
vn 0.3935 0.0875 0.9152
vn 0.5103 0.0758 0.8566
vn 0.1962 -0.2601 0.9454
vn 0.1743 -0.1188 0.9775
vn 0.3260 -0.1546 0.9326
vn 0.3061 -0.0631 0.9499
vn 0.2092 -0.3354 0.9185
vn 0.1444 -0.2762 0.9502
vn 0.1514 -0.1895 0.9701
vn 0.2006 -0.1252 0.9716
vn 0.3838 -0.0819 0.9198
vn 0.3589 0.0285 0.9329
vn 0.2218 0.1272 0.9668
vn 0.3740 0.0844 0.9236
vn 0.0461 0.3167 0.9474
vn 0.2321 -0.1522 0.9607
vn 0.1766 -0.0731 0.9816
vn 0.3153 -0.1154 0.9419
vn 0.3704 0.3221 0.8712
vn 0.4630 0.4148 0.7833
vn 0.4626 -0.1779 0.8685
vn 0.4393 0.0430 0.8973
vn 0.4112 -0.0373 0.9108
vn 0.6143 0.1244 0.7792
vn 0.2207 -0.2243 0.9492
vn 0.1742 -0.0855 0.9810
vn 0.3620 -0.0555 0.9305
vn 0.1470 -0.0102 0.9891
vn 0.2375 -0.0794 0.9681
vn 0.0166 -0.0146 0.9998
vn 0.2417 -0.1232 0.9625
vn 0.4189 0.1048 0.9020
vn 0.2430 -0.1133 0.9634
vn 0.2396 -0.0985 0.9659
vn 0.2454 -0.2808 0.9279
vn 0.0412 0.0493 0.9979
vn 0.4184 0.1307 0.8988
vn 0.3917 0.1266 0.9113
vn 0.5871 0.2460 0.7712
vn 0.5080 0.2759 0.8160
vn -0.2402 0.2598 0.9353
vn 0.2560 -0.4391 0.8612
vn 0.4113 -0.1129 0.9045
vn 0.4393 -0.1302 0.8889
vn 0.4142 0.2428 0.8772
vn 0.4961 0.1291 0.8586
vn 0.5639 -0.1302 0.8156
vn 0.5337 -0.0185 0.8455
vn 0.4660 0.0765 0.8815
vn 0.3817 -0.0442 0.9232
vn 0.1647 0.0674 0.9840
vn 0.3988 -0.0090 0.9170
vn 0.5819 -0.0269 0.8128
vn 0.4915 -0.0117 0.8708
vn 0.4250 -0.0640 0.9029
vn 0.2801 -0.0442 0.9590
vn 0.2629 -0.0638 0.9627
vn 0.3025 -0.0860 0.9493
vn 0.1760 -0.3085 0.9348
vn 0.2209 -0.0780 0.9722
vn 0.3752 0.0584 0.9251
vn 0.2724 -0.2739 0.9224
vn 0.2778 -0.1369 0.9508
vn 0.3737 -0.0645 0.9253
vn 0.2540 0.0538 0.9657
vn 0.1090 -0.0629 0.9921
vn 0.3168 -0.0678 0.9461
vn 0.2336 0.0192 0.9721
vn 0.4927 0.1285 0.8607
vn 0.3123 0.0535 0.9485
vn 0.5948 -0.1164 0.7954
vn 0.3094 -0.3013 0.9019
vn 0.4533 -0.0240 0.8910
vn 0.3055 0.2548 0.9175
vn 0.4711 0.1371 0.8714
vn 0.0981 -0.0997 0.9902
vn 0.2859 -0.0958 0.9535
vn 0.0998 0.0129 0.9949
vn 0.0962 0.0271 0.9950
vn 0.1247 0.1001 0.9871
vn 0.1992 0.0575 0.9783
vn 0.2425 -0.1246 0.9621
vn 0.4202 -0.0668 0.9050
vn 0.3623 -0.0387 0.9313
vn 0.2377 -0.2505 0.9385
vn 0.0919 -0.2192 0.9713
vn 0.0776 -0.2144 0.9737
vn 0.4079 0.0356 0.9123
vn 0.2511 -0.2826 0.9258
vn 0.1736 0.0674 0.9825
vn -0.1424 0.3573 0.9231
vn 0.1687 -0.0188 0.9855
vn 0.1853 -0.0300 0.9822
vn 0.3637 0.4289 0.8269
vn 0.3219 -0.3215 0.8905
vn 0.2840 -0.3387 0.8970
vn 0.4321 -0.1143 0.8946
vn -0.0523 -0.1098 0.9926
vn 0.5111 0.0763 0.8561
vn 0.6160 -0.2974 0.7295
vn 0.1080 -0.0030 0.9941
vn 0.2337 -0.1203 0.9648
vn 0.1675 -0.1228 0.9782
vn 0.2739 -0.1865 0.9435
vn 0.2380 -0.1779 0.9548
vn 0.3782 -0.1780 0.9084
vn 0.2281 -0.0933 0.9692
vn 0.2158 -0.0600 0.9746
vn 0.3547 -0.0907 0.9306
vn 0.1812 -0.0973 0.9786
vn 0.3254 -0.0233 0.9453
vn 0.4016 0.0334 0.9152
vn 0.2407 -0.2503 0.9378
vn 0.3078 -0.1214 0.9437
vn -0.4827 -0.1537 0.8622
vn 0.2766 -0.1242 0.9529
vn 0.1806 0.0707 0.9810
vn 0.4111 0.0276 0.9112
vn 0.1885 0.0238 0.9818
vn 0.2901 0.0190 0.9568
vn 0.4532 -0.0065 0.8914
vn 0.3572 -0.0994 0.9287
vn 0.4907 -0.0440 0.8702
vn 0.3901 0.1592 0.9069
vn 0.3157 -0.3977 0.8615
vn 0.3271 -0.4052 0.8537
vn 0.4431 -0.1011 0.8908
vn 0.4030 0.0108 0.9152
vn 0.5680 -0.2330 0.7894
vn 0.5387 -0.3069 0.7846
vn 0.0821 -0.0770 0.9936
vn 0.1294 -0.0014 0.9916
vn 0.3809 -0.0269 0.9242
vn 0.3722 0.0890 0.9239
vn 0.3712 0.0890 0.9243
vn 0.5203 -0.1172 0.8459
vn 0.2849 -0.3298 0.9000
vn 0.3273 -0.1862 0.9264
vn 0.0812 -0.2356 0.9685
vn 0.3161 -0.1116 0.9421
vn 0.1576 -0.2299 0.9604
vn 0.2503 -0.4221 0.8713
vn 0.3469 -0.1583 0.9244
vn 0.2482 -0.1785 0.9521
vn 0.3135 -0.1087 0.9433
vn 0.6317 0.1027 0.7684
vn 0.4595 0.2261 0.8589
vn 0.5504 -0.1798 0.8154
vn 0.1268 -0.0291 0.9915
vn 0.4056 -0.0920 0.9094
vn 0.7046 -0.2849 0.6499
vn 0.4323 -0.1918 0.8811
vn 0.4752 -0.2548 0.8422
vn 0.3079 0.0376 0.9507
vn 0.1978 -0.0239 0.9800
vn 0.1912 -0.0565 0.9799
vn 0.0550 0.0125 0.9984
vn 0.2404 0.0282 0.9703
vn 0.2756 -0.1033 0.9557
vn 0.6013 -0.0259 0.7986
vn 0.5703 -0.1211 0.8124
vn 0.4833 -0.0055 0.8754
vn 0.4930 -0.0071 0.8700
vn 0.3465 -0.0513 0.9366
vn 0.2430 -0.1205 0.9625
vn 0.3593 -0.1407 0.9226
vn 0.2234 -0.1638 0.9609
vn 0.0923 -0.2397 0.9664
vn 0.4244 -0.0151 0.9053
vn 0.2445 -0.1536 0.9574
vn 0.4249 0.3002 0.8540
vn 0.3921 0.0831 0.9161
vn 0.3822 0.0883 0.9199
vn 0.1014 -0.0691 0.9924
vn 0.3627 -0.0116 0.9318
vn 0.1177 -0.0298 0.9926
vn 0.5078 -0.0130 0.8614
vn 0.3767 0.1970 0.9051
vn 0.5516 0.2643 0.7911
vn 0.2960 -0.3967 0.8689
vn 0.2635 -0.3002 0.9168
vn 0.1340 -0.0887 0.9870
vn 0.1870 0.0827 0.9789
vn 0.1439 -0.0914 0.9854
vn 0.3790 0.0621 0.9233
vn 0.5436 -0.0384 0.8385
vn 0.4626 -0.0739 0.8835
vn 0.3447 -0.0546 0.9371
vn 0.2391 -0.2643 0.9343
vn 0.2836 -0.2842 0.9159
vn 0.4389 -0.0971 0.8933
vn 0.5423 0.1270 0.8305
vn 0.4969 0.1702 0.8510
vn 0.1601 -0.0760 0.9842
vn 0.1289 -0.3160 0.9400
vn 0.2272 -0.3722 0.8999
vn 0.1434 -0.3050 0.9415
vn 0.1760 -0.0917 0.9801
vn 0.0724 0.1098 0.9913
vn 0.3182 -0.2494 0.9146
vn 0.3836 -0.0742 0.9205
vn 0.5046 0.0026 0.8633
vn 0.3028 -0.0717 0.9504
vn 0.4365 0.0469 0.8985
vn 0.5262 0.1690 0.8334
vn 0.2555 -0.0387 0.9660
vn 0.5041 0.0011 0.8637
vn 0.3160 -0.2167 0.9237
vn 0.5193 -0.2132 0.8276
vn 0.5944 -0.4329 0.6777
vn 0.5680 -0.2828 0.7729
vn 0.6537 -0.3180 0.6867
vn 0.0989 -0.0900 0.9910
vn 0.2142 0.0777 0.9737
vn 0.0245 -0.0650 0.9976
vn 0.3626 -0.0400 0.9311
vn 0.3301 -0.0771 0.9408
vn 0.2143 -0.1438 0.9661
vn 0.1543 -0.3017 0.9408
vn 0.3210 -0.5022 0.8030
vn 0.0407 -0.3143 0.9485
vn 0.2085 -0.3622 0.9085
vn 0.2747 -0.0843 0.9578
vn 0.1314 0.1189 0.9842
vn 0.2777 -0.2684 0.9224
vn -0.1283 -0.3423 0.9308
vn 0.1632 -0.1502 0.9751
vn 0.2153 -0.2379 0.9471
vn 0.3174 -0.1473 0.9368
vn 0.3553 -0.0476 0.9335
vn 0.3127 0.0145 0.9497
vn 0.3855 0.2873 0.8769
vn 0.5519 0.2322 0.8009
vn 0.5196 -0.2126 0.8275
vn 0.1931 -0.1658 0.9671
vn 0.6560 -0.0887 0.7495
vn 0.4665 -0.4051 0.7863
vn 0.2689 -0.0761 0.9602
vn 0.0437 -0.0768 0.9961
vn 0.1555 -0.1229 0.9802
vn 0.1866 -0.1108 0.9762
vn 0.4232 0.0437 0.9050
vn 0.6615 -0.2570 0.7045
vn 0.5235 -0.1669 0.8355
vn 0.4539 -0.2292 0.8611
vn 0.5192 -0.0663 0.8521
vn 0.1882 -0.2474 0.9505
vn 0.0266 -0.2218 0.9747
vn 0.0867 -0.2477 0.9650
vn 0.1042 -0.2797 0.9544
vn 0.1986 -0.1331 0.9710
vn 0.3718 -0.1463 0.9167
vn 0.3352 0.1784 0.9251
vn 0.3242 0.2374 0.9157
vn 0.1092 -0.1766 0.9782
vn 0.1222 -0.1683 0.9781
vn 0.1958 -0.1692 0.9659
vn 0.2568 -0.1184 0.9592
vn 0.4097 0.0591 0.9103
vn 0.3616 0.0413 0.9314
vn 0.3290 -0.2015 0.9226
vn 0.4883 0.2308 0.8416
vn 0.5118 -0.1935 0.8371
vn 0.4066 -0.0902 0.9091
vn 0.4978 -0.1810 0.8482
vn 0.6147 -0.2098 0.7603
vn 0.6296 -0.2014 0.7503
vn 0.4323 -0.3957 0.8103
vn -0.0647 -0.1162 0.9911
vn 0.1756 -0.0203 0.9842
vn 0.2456 0.0647 0.9672
vn 0.3265 -0.0394 0.9444
vn 0.0723 -0.3893 0.9183
vn 0.3926 -0.1953 0.8987
vn 0.3721 -0.1553 0.9151
vn 0.1453 -0.2725 0.9511
vn 0.3756 -0.1297 0.9177
vn 0.3093 -0.0529 0.9495
vn 0.2183 -0.1457 0.9650
vn 0.2610 -0.0262 0.9650
vn 0.2320 -0.2193 0.9477
vn 0.1061 -0.1474 0.9834
vn 0.3244 -0.1362 0.9361
vn 0.5664 0.2028 0.7988
vn 0.5555 0.1289 0.8215
vn 0.0860 -0.0534 0.9949
vn 0.5449 -0.1182 0.8301
vn 0.2503 0.0473 0.9670
vn 0.3865 -0.0115 0.9222
vn 0.1556 -0.0023 0.9878
vn 0.0677 -0.0217 0.9975
vn 0.2923 -0.0215 0.9561
vn 0.4511 -0.1367 0.8820
vn 0.3472 -0.0776 0.9346
vn 0.5776 0.0057 0.8163
vn 0.6259 -0.3100 0.7156
vn 0.5640 -0.3824 0.7319
vn 0.3752 -0.2929 0.8794
vn 0.4577 -0.2357 0.8573
vn 0.3722 -0.2233 0.9009
vn 0.3681 -0.1438 0.9186
vn 0.3872 -0.1478 0.9101
vn 0.3964 -0.1776 0.9007
vn 0.0619 -0.2491 0.9665
vn 0.3327 -0.0269 0.9426
vn 0.4156 0.1331 0.8998
vn 0.4364 0.1443 0.8881
vn -0.0263 -0.0539 0.9982
vn 0.2173 -0.0102 0.9761
vn 0.1676 -0.1693 0.9712
vn 0.1784 -0.1611 0.9707
vn 0.1359 -0.3673 0.9201
vn 0.3474 -0.0079 0.9377
vn 0.2486 -0.1729 0.9531
vn 0.3850 -0.2495 0.8885
vn 0.5265 -0.1629 0.8344
vn 0.0636 -0.1419 0.9878
vn 0.6855 -0.1910 0.7026
vn 0.5475 -0.1561 0.8221
vn 0.0689 0.1626 0.9843
vn 0.3146 -0.0141 0.9491
vn 0.2181 -0.2860 0.9331
vn 0.1287 -0.5844 0.8012
vn -0.0053 -0.5681 0.8229
vn 0.5296 -0.3861 0.7553
vn 0.3461 -0.1657 0.9235
vn 0.1824 -0.3431 0.9214
vn 0.1137 -0.2817 0.9527
vn 0.1982 -0.2563 0.9461
vn 0.2050 -0.2996 0.9318
vn 0.1044 -0.2794 0.9545
vn 0.3360 0.2025 0.9198
vn 0.2222 -0.0173 0.9749
vn 0.1384 -0.0344 0.9898
vn 0.2099 -0.0945 0.9732
vn 0.3158 -0.1623 0.9348
vn 0.3602 -0.1663 0.9179
vn 0.5574 -0.1208 0.8214
vn 0.2706 0.0393 0.9619
vn 0.4283 0.2318 0.8734
vn 0.0441 0.1553 0.9869
vn 0.0093 0.2029 0.9791
vn 0.1520 -0.0359 0.9877
vn 0.1712 -0.0577 0.9835
vn 0.0623 -0.0308 0.9976
vn 0.2295 -0.3406 0.9118
vn 0.5109 -0.6330 0.5816
vn 0.6048 -0.5561 0.5701
vn 0.4026 -0.2714 0.8742
vn 0.0637 -0.1717 0.9831
vn 0.0911 -0.1564 0.9835
vn 0.0940 -0.1589 0.9828
vn 0.1179 -0.1418 0.9828
vn 0.2774 -0.1343 0.9513
vn 0.2285 -0.1093 0.9674
vn 0.2281 -0.1713 0.9584
vn 0.2441 0.1230 0.9619
vn 0.3749 0.3869 0.8425
vn 0.1875 -0.1446 0.9716
vn 0.3019 -0.1685 0.9383
vn 0.2952 -0.1454 0.9443
vn 0.4147 -0.0297 0.9095
vn 0.4500 -0.2112 0.8677
vn 0.5847 -0.2776 0.7622
vn 0.6344 -0.3487 0.6899
vn 0.4649 -0.4446 0.7656
vn 0.4088 -0.3647 0.8366
vn 0.4890 -0.3216 0.8108
vn 0.4311 -0.2257 0.8736
vn 0.3901 -0.2194 0.8942
vn 0.1599 0.0794 0.9839
vn 0.1947 0.0643 0.9787
vn 0.2348 -0.0701 0.9695
vn 0.3793 -0.4699 0.7971
vn -0.0442 -0.5451 0.8372
vn 0.2315 -0.4485 0.8633
vn 0.4413 -0.5026 0.7434
vn 0.4414 -0.5094 0.7387
vn 0.3392 -0.0969 0.9357
vn 0.3163 -0.0835 0.9450
vn 0.1994 -0.2426 0.9494
vn 0.1320 -0.2101 0.9687
vn 0.3983 0.0795 0.9138
vn 0.4445 0.0909 0.8912
vn 0.1658 -0.0990 0.9812
vn 0.1583 -0.1703 0.9726
vn 0.2343 -0.1733 0.9566
vn 0.2520 0.1186 0.9604
vn 0.3695 0.3911 0.8429
vn 0.1663 -0.0868 0.9823
vn 0.2535 -0.1159 0.9604
vn 0.2779 -0.1525 0.9484
vn 0.0633 -0.1414 0.9879
vn 0.4845 -0.2084 0.8496
vn 0.7341 -0.3321 0.5924
vn 0.5579 -0.4668 0.6862
vn 0.0381 -0.0561 0.9977
vn 0.0931 -0.0544 0.9942
vn 0.0794 -0.0684 0.9945
vn 0.1758 -0.0209 0.9842
vn 0.5492 -0.0958 0.8302
vn 0.3146 -0.4592 0.8308
vn 0.4039 -0.3058 0.8622
vn 0.7477 -0.2917 0.5965
vn 0.7379 -0.3655 0.5674
vn 0.3287 -0.4555 0.8273
vn 0.4042 -0.2576 0.8776
vn 0.1252 -0.4200 0.8988
vn -0.1788 -0.2756 0.9445
vn 0.3404 -0.0735 0.9374
vn 0.4181 0.1187 0.9006
vn 0.2802 -0.3032 0.9108
vn 0.0057 -0.1871 0.9823
vn -0.1158 -0.3759 0.9194
vn 0.1068 -0.3022 0.9472
vn 0.1073 -0.4867 0.8670
vn 0.2533 -0.1658 0.9531
vn 0.2902 0.0199 0.9568
vn 0.6114 0.7276 0.3110
vn 0.2485 -0.1686 0.9538
vn 0.4178 -0.0537 0.9069
vn 0.3387 -0.2173 0.9155
vn 0.4239 -0.0884 0.9014
vn 0.5054 -0.0875 0.8584
vn 0.6190 -0.3634 0.6963
vn 0.2626 -0.0502 0.9636
vn 0.0390 -0.0576 0.9976
vn 0.0762 -0.0659 0.9949
vn 0.1531 -0.0635 0.9862
vn 0.1764 -0.0207 0.9841
vn 0.2637 -0.0862 0.9608
vn 0.2733 -0.0887 0.9578
vn 0.4535 -0.2250 0.8624
vn -0.0760 -0.5920 0.8023
vn 0.2709 -0.4608 0.8451
vn 0.5780 -0.3458 0.7392
vn 0.3396 -0.4483 0.8268
vn 0.2818 -0.4068 0.8690
vn 0.1378 -0.1812 0.9737
vn 0.3905 -0.2183 0.8943
vn 0.2709 -0.3074 0.9122
vn 0.1710 -0.3716 0.9125
vn 0.1615 -0.0736 0.9841
vn 0.1422 -0.0682 0.9875
vn 0.0606 -0.0927 0.9938
vn 0.3263 0.2163 0.9202
vn 0.2592 0.1799 0.9489
vn 0.4125 0.0719 0.9081
vn 0.2210 0.0557 0.9737
vn 0.2443 -0.0989 0.9647
vn 0.2862 -0.1154 0.9512
vn 0.3801 -0.1047 0.9190
vn 0.4805 -0.0686 0.8743
vn 0.4066 -0.1370 0.9033
vn 0.4198 0.0261 0.9072
vn 0.1187 -0.0131 0.9928
vn 0.4112 -0.2443 0.8782
vn 0.2554 -0.2043 0.9450
vn 0.4217 0.0339 0.9061
vn 0.2924 0.0736 0.9535
vn 0.1257 -0.0833 0.9886
vn 0.3067 -0.4465 0.8406
vn 0.2797 -0.4455 0.8505
vn 0.3024 -0.3948 0.8676
vn -0.1335 -0.3347 0.9328
vn 0.3330 -0.0669 0.9405
vn 0.4043 -0.0210 0.9144
vn -0.2180 -0.2835 0.9339
vn 0.2484 -0.4051 0.8799
vn 0.0493 -0.4223 0.9051
vn 0.3383 0.0536 0.9395
vn 0.4448 0.1824 0.8769
vn 0.2167 0.0361 0.9756
vn 0.3942 -0.1345 0.9091
vn 0.3684 -0.1452 0.9183
vn 0.2475 -0.1684 0.9541
vn 0.3258 -0.2116 0.9215
vn 0.2369 -0.0556 0.9699
vn 0.6227 -0.3480 0.7008
vn 0.7435 -0.0837 0.6635
vn 0.4364 -0.1913 0.8792
vn 0.3238 -0.0269 0.9457
vn 0.0479 0.1210 0.9915
vn 0.2055 0.0287 0.9782
vn 0.1342 -0.0222 0.9907
vn 0.3325 -0.1565 0.9300
vn 0.5462 -0.1049 0.8311
vn 0.0903 -0.8050 0.5863
vn 0.3232 -0.6737 0.6646
vn 0.4634 -0.7013 0.5417
vn 0.4977 -0.3985 0.7704
vn 0.5761 -0.3835 0.7218
vn 0.3336 -0.4712 0.8165
vn 0.4282 -0.2660 0.8636
vn 0.1649 -0.4268 0.8892
vn 0.1610 -0.4133 0.8962
vn 0.3937 -0.0908 0.9147
vn 0.0100 -0.2178 0.9760
vn 0.2649 -0.3986 0.8780
vn 0.2347 -0.4028 0.8847
vn 0.1257 -0.2619 0.9569
vn 0.1241 -0.2784 0.9524
vn 0.1557 -0.1079 0.9819
vn 0.2624 0.0475 0.9638
vn 0.3873 -0.3917 0.8346
vn 0.0620 -0.0989 0.9932
vn 0.2262 -0.0342 0.9735
vn 0.1534 -0.0759 0.9852
vn 0.1183 -0.2764 0.9537
vn 0.2256 -0.1846 0.9566
vn 0.4939 -0.1742 0.8519
vn 0.2552 -0.2677 0.9291
vn 0.6192 -0.4768 0.6238
vn 0.2554 -0.0655 0.9646
vn 0.4546 -0.2294 0.8607
vn 0.3724 -0.2129 0.9033
vn 0.4541 -0.0481 0.8896
vn 0.2800 -0.6249 0.7287
vn 0.2739 -0.4558 0.8469
vn 0.2821 -0.4777 0.8320
vn 0.2647 -0.4717 0.8411
vn 0.3178 -0.1832 0.9303
vn 0.4169 -0.0161 0.9088
vn -0.1092 -0.1948 0.9747
vn 0.3031 -0.1710 0.9375
vn 0.0647 -0.3400 0.9382
vn 0.1313 -0.0984 0.9864
vn 0.2784 -0.0987 0.9554
vn 0.2221 -0.1813 0.9580
vn 0.2973 -0.1452 0.9437
vn 0.2613 -0.1354 0.9557
vn 0.4161 -0.1851 0.8903
vn 0.4158 -0.1850 0.8904
vn 0.3997 -0.3771 0.8355
vn 0.4909 -0.4612 0.7391
vn 0.4386 -0.2206 0.8712
vn 0.2539 -0.2726 0.9280
vn 0.2050 -0.2304 0.9513
vn 0.0886 0.0999 0.9910
vn 0.3226 -0.1135 0.9397
vn 0.4373 0.0484 0.8980
vn 0.6089 -0.0423 0.7921
vn 0.1401 -0.6282 0.7654
vn 0.3701 -0.6202 0.6917
vn 0.4854 -0.2609 0.8345
vn 0.5073 -0.2638 0.8204
vn 0.1896 -0.2699 0.9441
vn 0.1099 -0.4033 0.9084
vn 0.2122 -0.2312 0.9495
vn 0.0145 -0.1825 0.9831
vn 0.1519 -0.0975 0.9836
vn 0.0661 -0.0999 0.9928
vn 0.3705 -0.2345 0.8987
vn 0.2143 -0.0234 0.9765
vn 0.3808 -0.0328 0.9241
vn 0.2920 -0.4044 0.8667
vn 0.3830 -0.3701 0.8464
vn 0.2122 -0.3073 0.9276
vn 0.3399 -0.0208 0.9402
vn 0.3842 -0.0021 0.9232
vn 0.3011 0.0988 0.9485
vn 0.6787 0.0270 0.7339
vn 0.3686 -0.1207 0.9217
vn 0.5025 -0.2157 0.8372
vn 0.4287 -0.4179 0.8010
vn 0.6870 -0.3760 0.6218
vn 0.3216 0.0271 0.9465
vn 0.5165 -0.0793 0.8526
vn 0.1704 -0.0980 0.9805
vn 0.3211 -0.3813 0.8669
vn 0.1560 -0.6172 0.7711
vn 0.8611 0.0098 0.5083
vn 0.2418 -0.3954 0.8861
vn 0.4145 -0.3578 0.8368
vn 0.2988 -0.1382 0.9443
vn 0.4236 -0.1794 0.8879
vn 0.2013 -0.1061 0.9738
vn -0.0305 -0.4504 0.8923
vn 0.2205 -0.0814 0.9720
vn 0.3797 -0.1514 0.9126
vn 0.0437 -0.3087 0.9502
vn 0.1303 -0.0975 0.9867
vn 0.1775 -0.1530 0.9721
vn 0.0538 -0.1674 0.9844
vn 0.3722 -0.2407 0.8964
vn 0.4484 -0.1988 0.8715
vn 0.1215 -0.3214 0.9391
vn 0.1972 -0.2570 0.9461
vn 0.1966 -0.0162 0.9804
vn 0.4326 -0.0492 0.9002
vn 0.5101 0.2111 0.8338
vn -0.0580 0.0212 0.9981
vn 0.2521 0.0403 0.9669
vn 0.0934 -0.2090 0.9734
vn 0.1536 -0.0702 0.9856
vn 0.2252 -0.1258 0.9662
vn 0.3533 -0.0502 0.9342
vn 0.5348 -0.2625 0.8032
vn 0.3764 -0.2996 0.8767
vn 0.4907 -0.3581 0.7943
vn 0.2385 -0.2677 0.9335
vn 0.5379 -0.3078 0.7848
vn 0.2334 -0.3875 0.8919
vn -0.1313 -0.3182 0.9389
vn -0.1040 -0.3299 0.9383
vn 0.1226 -0.3415 0.9319
vn 0.3265 -0.1117 0.9386
vn 0.3490 -0.0956 0.9323
vn 0.0245 -0.3071 0.9514
vn 0.0906 -0.2421 0.9660
vn 0.2869 -0.2509 0.9245
vn 0.1865 -0.1127 0.9760
vn 0.2554 -0.3017 0.9185
vn 0.1939 -0.3509 0.9161
vn 0.2933 -0.2389 0.9257
vn 0.3673 -0.2192 0.9039
vn 0.4515 -0.2023 0.8690
vn 0.3723 -0.2562 0.8920
vn 0.0733 -0.1518 0.9857
vn 0.2343 -0.1340 0.9629
vn 0.6763 0.0192 0.7364
vn 0.2697 -0.0346 0.9623
vn 0.5201 -0.1130 0.8466
vn 0.1957 -0.1142 0.9740
vn 0.1145 -0.0251 0.9931
vn 0.6310 -0.3707 0.6815
vn 0.2907 -0.4455 0.8468
vn 0.2654 -0.4158 0.8698
vn 0.3328 -0.2041 0.9207
vn 0.4236 -0.2204 0.8786
vn 0.3015 -0.2968 0.9061
vn -0.0479 -0.3918 0.9188
vn 0.2093 -0.2970 0.9317
vn 0.1545 -0.3573 0.9211
vn 0.3339 -0.2205 0.9165
vn -0.1170 -0.4183 0.9007
vn 0.1926 -0.3377 0.9213
vn -0.0013 -0.2691 0.9631
vn 0.2738 -0.1875 0.9433
vn 0.4185 -0.2910 0.8603
vn 0.2870 -0.2224 0.9317
vn 0.2337 -0.2453 0.9409
vn 0.3411 -0.2399 0.9089
vn 0.1910 -0.2358 0.9528
vn 0.4468 -0.1164 0.8870
vn 0.1879 -0.4814 0.8561
vn 0.6987 -0.5162 0.4954
vn 0.4426 -0.2673 0.8559
vn 0.2137 -0.1993 0.9564
vn 0.5703 -0.1469 0.8082
vn 0.2383 0.0585 0.9694
vn 0.1156 -0.0182 0.9931
vn -0.0437 0.0043 0.9990
vn 0.1698 -0.1954 0.9659
vn 0.0051 -0.1578 0.9875
vn 0.5473 -0.2410 0.8015
vn 0.3807 -0.5424 0.7490
vn 0.3889 -0.5459 0.7421
vn 0.4164 -0.5416 0.7303
vn 0.2980 -0.4240 0.8553
vn 0.2158 -0.4348 0.8743
vn 0.4830 -0.3032 0.8214
vn 0.1512 -0.4244 0.8927
vn 0.3582 -0.1523 0.9211
vn 0.5303 0.0249 0.8474
vn 0.3438 -0.0452 0.9380
vn -0.1810 -0.3143 0.9319
vn 0.0292 -0.2949 0.9551
vn 0.3799 -0.1726 0.9088
vn 0.0254 -0.3894 0.9207
vn 0.1137 -0.2630 0.9581
vn 0.3096 -0.1230 0.9429
vn 0.4235 -0.1779 0.8882
vn 0.1633 -0.3759 0.9122
vn 0.2471 -0.2483 0.9366
vn 0.3838 -0.3373 0.8596
vn 0.3608 -0.3589 0.8608
vn 0.0609 -0.3926 0.9177
vn 0.1259 -0.4883 0.8636
vn 0.3950 0.0217 0.9184
vn 0.4038 0.2072 0.8911
vn 0.5354 0.0159 0.8445
vn 0.4786 0.0331 0.8774
vn 0.5398 -0.0637 0.8394
vn 0.6803 -0.0412 0.7318
vn 0.2080 0.2566 0.9439
vn 0.2771 -0.0914 0.9565
vn 0.3640 -0.0819 0.9278
vn 0.1943 -0.0751 0.9781
vn 0.5156 -0.2414 0.8221
vn 0.3897 -0.3294 0.8600
vn 0.4952 -0.3379 0.8004
vn 0.5497 -0.4239 0.7199
vn 0.2581 -0.4855 0.8353
vn 0.1247 -0.2489 0.9605
vn 0.2331 -0.2391 0.9426
vn -0.0288 -0.3732 0.9273
vn 0.3117 -0.1456 0.9389
vn 0.1050 -0.2709 0.9569
vn 0.0874 -0.2639 0.9606
vn 0.1645 -0.2439 0.9558
vn 0.1292 -0.2232 0.9662
vn 0.3317 -0.4928 0.8044
vn 0.4568 -0.2235 0.8610
vn 0.1305 -0.4936 0.8598
vn 0.3716 -0.4632 0.8046
vn 0.6232 -0.1789 0.7613
vn 0.4540 -0.2585 0.8527
vn 0.2858 -0.0842 0.9546
vn 0.0034 -0.1310 0.9914
vn 0.1857 -0.1412 0.9724
vn 0.4119 -0.3468 0.8427
vn 0.2663 -0.6378 0.7227
vn 0.2216 -0.4758 0.8512
vn 0.2247 -0.4778 0.8492
vn 0.1435 -0.3376 0.9303
vn 0.0853 -0.3719 0.9243
vn 0.1908 -0.1816 0.9647
vn 0.3372 -0.2124 0.9172
vn 0.3552 -0.2979 0.8860
vn 0.3376 -0.1875 0.9224
vn -0.0554 -0.3003 0.9522
vn 0.1623 -0.3905 0.9062
vn 0.2143 -0.3669 0.9053
vn 0.1574 -0.2342 0.9594
vn 0.4005 -0.0791 0.9129
vn 0.5397 0.0506 0.8403
vn 0.3150 0.0214 0.9489
vn 0.1886 -0.0136 0.9820
vn 0.1069 -0.0628 0.9923
vn -0.0975 -0.0514 0.9939
vn 0.2920 -0.1955 0.9362
vn -0.1522 -0.3540 0.9228
vn 0.5040 -0.1775 0.8453
vn 0.5462 -0.4524 0.7049
vn 0.3973 -0.5707 0.7187
vn 0.2821 -0.5393 0.7934
vn 0.4761 -0.4686 0.7441
vn 0.3420 -0.4389 0.8309
vn 0.2936 -0.3857 0.8747
vn 0.1371 -0.3324 0.9331
vn 0.4311 -0.2168 0.8758
vn 0.3692 -0.2247 0.9018
vn -0.2192 -0.3428 0.9135
vn 0.3306 -0.2043 0.9214
vn 0.3626 0.0252 0.9316
vn 0.4347 -0.0804 0.8970
vn 0.2845 -0.0627 0.9566
vn 0.2269 -0.2778 0.9335
vn 0.2134 -0.3630 0.9070
vn 0.1755 -0.3709 0.9119
vn 0.2545 -0.4258 0.8683
vn 0.4226 -0.3623 0.8307
vn 0.2744 -0.2803 0.9199
vn 0.3121 -0.3861 0.8680
vn 0.3594 -0.0725 0.9304
vn 0.1559 -0.0620 0.9858
vn 0.3029 -0.0554 0.9514
vn 0.3684 -0.0589 0.9278
vn 0.5779 0.0071 0.8160
vn 0.3344 -0.4506 0.8277
vn 0.0407 -0.0188 0.9990
vn 0.1512 -0.1854 0.9710
vn 0.3223 -0.4834 0.8139
vn 0.4633 -0.3444 0.8165
vn 0.1216 -0.5861 0.8011
vn 0.3826 -0.3565 0.8524
vn 0.1735 -0.4463 0.8779
vn -0.0230 -0.3029 0.9527
vn 0.0624 -0.3767 0.9242
vn 0.0232 -0.3305 0.9435
vn 0.3569 -0.2901 0.8880
vn 0.3131 -0.2750 0.9090
vn -0.2467 -0.3071 0.9191
vn -0.0139 -0.4881 0.8727
vn 0.1162 -0.0940 0.9888
vn 0.2047 -0.2063 0.9568
vn 0.1805 -0.2638 0.9475
vn 0.1721 -0.2514 0.9525
vn 0.3092 -0.4869 0.8169
vn 0.3225 -0.0844 0.9428
vn 0.2892 -0.0105 0.9572
vn 0.2732 -0.2803 0.9202
vn 0.3283 -0.1339 0.9350
vn 0.1288 -0.0478 0.9905
vn 0.3561 -0.1944 0.9140
vn 0.1199 -0.1819 0.9760
vn 0.2917 -0.1865 0.9382
vn 0.2676 -0.0238 0.9632
vn -0.0963 -0.1902 0.9770
vn 0.3070 -0.5484 0.7778
vn 0.5228 -0.4275 0.7375
vn 0.5462 -0.4524 0.7050
vn 0.5688 -0.4962 0.6559
vn 0.3542 -0.5055 0.7868
vn 0.4506 -0.4827 0.7510
vn 0.1079 -0.5576 0.8231
vn 0.5455 -0.3761 0.7490
vn 0.3428 -0.0859 0.9355
vn -0.0026 -0.2308 0.9730
vn 0.2895 -0.2267 0.9300
vn 0.2527 0.0527 0.9661
vn 0.1753 0.0418 0.9836
vn 0.2674 -0.3266 0.9066
vn 0.2752 -0.2297 0.9335
vn 0.5319 -0.1526 0.8329
vn 0.6254 -0.0861 0.7755
vn 0.6151 -0.0719 0.7852
vn 0.0453 -0.2038 0.9780
vn 0.3243 -0.1179 0.9386
vn 0.1790 -0.1582 0.9710
vn 0.2538 -0.1121 0.9607
vn 0.4126 -0.3240 0.8513
vn 0.3183 -0.5711 0.7567
vn 0.4360 -0.6561 0.6160
vn 0.4138 -0.6209 0.6658
vn 0.5508 -0.5449 0.6322
vn 0.3206 -0.3556 0.8779
vn 0.2455 -0.5385 0.8061
vn 0.0317 -0.3865 0.9218
vn 0.2989 -0.3561 0.8854
vn 0.3168 -0.3796 0.8692
vn 0.1950 -0.5541 0.8093
vn 0.0600 -0.4436 0.8942
vn 0.1177 -0.4743 0.8725
vn 0.3551 -0.2821 0.8913
vn 0.2903 -0.3275 0.8991
vn -0.1178 -0.3472 0.9304
vn 0.0016 -0.2265 0.9740
vn 0.0917 -0.2674 0.9592
vn 0.0959 -0.2776 0.9559
vn 0.1626 -0.2750 0.9476
vn 0.1834 -0.4011 0.8975
vn 0.3872 -0.0451 0.9209
vn 0.3627 -0.1951 0.9113
vn 0.1950 -0.3833 0.9028
vn 0.3920 -0.3648 0.8446
vn 0.0892 -0.1794 0.9797
vn 0.1667 -0.3966 0.9027
vn 0.3053 0.0106 0.9522
vn 0.5915 -0.1429 0.7935
vn 0.6168 -0.2033 0.7604
vn 0.1286 -0.1828 0.9747
vn 0.1408 -0.1040 0.9846
vn 0.0083 -0.1151 0.9933
vn -0.0689 -0.1780 0.9816
vn 0.4493 -0.4084 0.7946
vn 0.5272 -0.6274 0.5731
vn 0.3443 -0.5184 0.7828
vn 0.2645 -0.5746 0.7745
vn 0.5595 -0.3921 0.7302
vn 0.5468 -0.4069 0.7317
vn 0.0861 -0.4299 0.8988
vn 0.0894 -0.4915 0.8663
vn 0.0581 -0.4154 0.9078
vn 0.2486 -0.0419 0.9677
vn 0.1764 -0.3318 0.9267
vn -0.0939 -0.3869 0.9173
vn 0.4023 0.0303 0.9150
vn 0.2987 -0.2608 0.9180
vn 0.3924 -0.3778 0.8386
vn 0.2210 -0.1482 0.9640
vn 0.2626 -0.1966 0.9447
vn 0.3722 -0.2032 0.9056
vn 0.4493 -0.4020 0.7978
vn 0.3706 -0.3596 0.8563
vn 0.3123 -0.3267 0.8920
vn 0.5522 -0.2375 0.7992
vn 0.0762 -0.0681 0.9948
vn 0.0915 -0.1767 0.9800
vn 0.0550 -0.1832 0.9815
vn 0.2780 -0.1232 0.9526
vn 0.1091 -0.3087 0.9449
vn 0.1691 -0.2556 0.9519
vn 0.5952 -0.4341 0.6762
vn 0.2340 -0.6800 0.6949
vn 0.6311 -0.4059 0.6610
vn 0.6124 -0.4375 0.6585
vn 0.3357 -0.5026 0.7967
vn 0.2278 -0.5969 0.7693
vn 0.0841 -0.6492 0.7559
vn 0.3901 -0.3745 0.8412
vn 0.0595 -0.3022 0.9514
vn 0.0617 -0.3825 0.9219
vn 0.1402 -0.4005 0.9055
vn 0.2861 -0.2438 0.9267
vn 0.4265 -0.2194 0.8775
vn 0.3235 -0.3236 0.8892
vn -0.1702 -0.3454 0.9229
vn 0.0841 -0.3665 0.9266
vn 0.2350 -0.1422 0.9615
vn 0.4377 -0.2764 0.8556
vn 0.3673 -0.2133 0.9053
vn 0.1149 -0.4308 0.8951
vn 0.3009 -0.5897 0.7495
vn 0.0955 -0.2631 0.9600
vn 0.3207 -0.1245 0.9390
vn 0.3309 -0.1695 0.9283
vn 0.3685 -0.1805 0.9119
vn 0.0866 -0.0597 0.9944
vn 0.6295 -0.3134 0.7110
vn 0.0940 -0.2665 0.9592
vn -0.1141 -0.2052 0.9720
vn 0.1541 -0.6197 0.7696
vn 0.1570 -0.6198 0.7689
vn 0.3967 -0.4950 0.7731
vn 0.2372 -0.0988 0.9664
vn 0.4181 -0.2444 0.8749
vn 0.1231 -0.2403 0.9629
vn 0.1232 -0.3500 0.9286
vn -0.6725 -0.4260 0.6052
vn 0.0381 -0.3259 0.9446
vn 0.2354 -0.1751 0.9560
vn 0.2778 -0.2466 0.9284
vn 0.2580 -0.2381 0.9364
vn 0.0954 -0.4746 0.8750
vn 0.2766 -0.5168 0.8102
vn 0.2658 -0.4993 0.8247
vn 0.1351 -0.2551 0.9574
vn 0.1669 -0.2259 0.9597
vn 0.3209 -0.3749 0.8698
vn 0.1402 -0.2126 0.9670
vn 0.1105 -0.3019 0.9469
vn 0.4152 -0.4954 0.7631
vn 0.4888 -0.7023 0.5175
vn 0.5385 -0.4345 0.7220
vn 0.3986 -0.4839 0.7791
vn 0.4292 -0.2945 0.8538
vn 0.0972 -0.5041 0.8581
vn -0.0431 -0.4691 0.8821
vn 0.1860 -0.3603 0.9141
vn 0.1462 -0.3491 0.9256
vn 0.3059 -0.2705 0.9128
vn 0.3151 -0.2758 0.9081
vn -0.1279 -0.4450 0.8863
vn -0.2511 -0.3556 0.9003
vn 0.0146 -0.3200 0.9473
vn 0.1425 -0.2587 0.9554
vn 0.2548 -0.2054 0.9449
vn 0.0689 -0.1798 0.9813
vn 0.1901 -0.2646 0.9454
vn 0.4679 -0.2586 0.8451
vn 0.3573 -0.2038 0.9115
vn 0.3456 -0.2999 0.8892
vn 0.3888 -0.2431 0.8887
vn -0.0241 -0.5140 0.8574
vn 0.3494 -0.1495 0.9250
vn 0.3400 -0.1704 0.9249
vn 0.1928 -0.3169 0.9286
vn 0.2958 -0.2684 0.9168
vn 0.3635 -0.0605 0.9296
vn 0.6585 -0.2819 0.6978
vn 0.1409 -0.1203 0.9827
vn 0.2717 -0.2395 0.9321
vn 0.5131 -0.6885 0.5126
vn 0.5135 -0.5120 0.6886
vn 0.1134 -0.5073 0.8543
vn 0.1988 -0.4583 0.8662
vn 0.2095 -0.4248 0.8807
vn -0.0454 -0.4340 0.8998
vn 0.0486 -0.3878 0.9205
vn 0.2372 -0.2560 0.9371
vn 0.1739 -0.3692 0.9129
vn 0.2372 -0.1771 0.9552
vn 0.3539 -0.2736 0.8944
vn 0.3953 -0.3252 0.8590
vn 0.3300 -0.2950 0.8967
vn 0.3998 -0.2685 0.8764
vn 0.2440 -0.6023 0.7601
vn 0.4818 -0.2429 0.8420
vn 0.3125 -0.0229 0.9496
vn 0.5994 -0.2820 0.7491
vn 0.5634 -0.2627 0.7833
vn 0.0954 -0.3728 0.9230
vn 0.4531 -0.5474 0.7036
vn 0.5415 -0.5138 0.6654
vn 0.5946 -0.4118 0.6906
vn 0.2625 -0.6033 0.7531
vn 0.4396 -0.5636 0.6994
vn 0.3153 -0.3485 0.8827
vn 0.5070 -0.2456 0.8262
vn 0.1878 -0.4868 0.8531
vn 0.1663 -0.4722 0.8657
vn 0.5468 -0.1164 0.8292
vn 0.3163 -0.2712 0.9091
vn -0.0174 -0.5080 0.8612
vn 0.1082 -0.4468 0.8880
vn 0.4009 -0.1756 0.8992
vn 0.1332 -0.3344 0.9330
vn 0.1899 -0.3049 0.9333
vn 0.2315 -0.1123 0.9663
vn 0.3718 -0.2981 0.8792
vn 0.1517 -0.4300 0.8900
vn 0.3281 -0.3866 0.8619
vn 0.3197 -0.3945 0.8615
vn 0.2527 -0.6459 0.7203
vn 0.2261 -0.2047 0.9524
vn 0.6593 -0.2786 0.6984
vn -0.1059 -0.1085 0.9884
vn 0.4749 -0.2923 0.8301
vn 0.1909 -0.4599 0.8672
vn 0.1573 -0.2992 0.9411
vn 0.1873 -0.3332 0.9241
vn 0.2781 -0.3349 0.9003
vn 0.1271 -0.5383 0.8331
vn 0.2262 -0.5779 0.7842
vn 0.4387 -0.3067 0.8447
vn 0.2690 -0.3246 0.9068
vn 0.2499 -0.2561 0.9338
vn 0.4856 -0.2641 0.8333
vn 0.3447 -0.4513 0.8231
vn 0.3476 -0.1903 0.9181
vn -0.0157 -0.4377 0.8990
vn 0.0467 -0.4639 0.8847
vn 0.1172 -0.3812 0.9171
vn 0.2385 -0.3296 0.9135
vn 0.3837 -0.2269 0.8951
vn 0.3096 -0.2408 0.9199
vn 0.2720 -0.2105 0.9390
vn -0.2532 -0.3775 0.8907
vn 0.0062 -0.3651 0.9309
vn 0.2634 -0.2857 0.9214
vn 0.2487 -0.2913 0.9237
vn -0.0969 -0.3923 0.9147
vn 0.1365 -0.3367 0.9317
vn 0.4771 -0.1481 0.8663
vn 0.3322 -0.2834 0.8996
vn 0.4004 -0.3198 0.8587
vn 0.2338 -0.5895 0.7732
vn -0.0472 -0.3739 0.9262
vn 0.1753 -0.3574 0.9174
vn 0.1548 -0.0115 0.9879
vn 0.5621 -0.2200 0.7973
vn 0.7486 -0.1049 0.6546
vn 0.5336 -0.3107 0.7866
vn 0.0461 -0.0608 0.9971
vn -0.0172 -0.1567 0.9875
vn 0.3689 -0.4048 0.8367
vn 0.6149 -0.5588 0.5564
vn 0.2123 -0.5345 0.8181
vn 0.1881 -0.3664 0.9113
vn 0.1865 -0.3651 0.9121
vn 0.3240 -0.1647 0.9316
vn 0.1759 -0.2646 0.9482
vn 0.1029 -0.2942 0.9502
vn 0.3883 -0.1752 0.9047
vn -0.1499 -0.4754 0.8669
vn 0.2029 -0.3897 0.8983
vn -0.0023 -0.4837 0.8752
vn 0.3871 -0.4079 0.8269
vn 0.2539 -0.3854 0.8871
vn 0.3942 -0.5964 0.6992
vn 0.5700 -0.3961 0.7199
vn 0.0036 -0.1997 0.9798
vn -0.0105 -0.1294 0.9915
vn 0.2063 -0.4603 0.8635
vn 0.1078 -0.3052 0.9462
vn 0.1603 -0.4324 0.8873
vn 0.5960 -0.6454 0.4777
vn 0.4649 -0.6198 0.6322
vn 0.4421 -0.4739 0.7615
vn 0.1820 -0.4938 0.8503
vn 0.3186 -0.1415 0.9373
vn 0.0820 -0.5037 0.8600
vn 0.0951 -0.4595 0.8831
vn -0.1757 -0.5499 0.8166
vn 0.0653 -0.4787 0.8755
vn -0.0289 -0.4623 0.8863
vn 0.1374 -0.3201 0.9374
vn 0.1891 -0.3577 0.9145
vn 0.1671 -0.3059 0.9373
vn 0.2729 -0.5918 0.7585
vn 0.3606 -0.4369 0.8240
vn 0.4294 -0.4439 0.7865
vn 0.2214 -0.2579 0.9405
vn 0.4799 -0.1917 0.8561
vn 0.5210 -0.2043 0.8288
vn 0.4814 -0.1835 0.8571
vn 0.1142 0.0738 0.9907
vn 0.4794 -0.5145 0.7110
vn 0.4708 -0.4446 0.7621
vn 0.3079 -0.5134 0.8010
vn 0.5104 -0.4915 0.7056
vn 0.4544 -0.4516 0.7679
vn 0.3638 -0.4385 0.8218
vn 0.1680 -0.3664 0.9152
vn 0.1765 -0.3825 0.9069
vn 0.4649 -0.1904 0.8647
vn 0.3645 -0.1665 0.9162
vn 0.3925 -0.2748 0.8777
vn 0.1584 -0.3747 0.9135
vn 0.0467 -0.4213 0.9057
vn 0.0512 -0.4796 0.8760
vn 0.0992 -0.4603 0.8822
vn 0.3351 -0.1547 0.9294
vn 0.2816 -0.3260 0.9024
vn 0.0030 -0.3077 0.9515
vn 0.1298 -0.2232 0.9661
vn 0.2304 -0.3081 0.9230
vn 0.4675 -0.2779 0.8392
vn 0.5208 -0.4069 0.7505
vn 0.2181 -0.5688 0.7931
vn 0.3023 -0.1813 0.9358
vn 0.5403 -0.2764 0.7947
vn 0.2744 -0.3006 0.9134
vn 0.3681 -0.1922 0.9097
vn 0.3330 -0.4287 0.8398
vn 0.3687 -0.4182 0.8302
vn -0.0547 -0.1528 0.9867
vn 0.1374 -0.2345 0.9623
vn 0.1596 -0.0783 0.9841
vn 0.7452 -0.0884 0.6609
vn 0.4869 -0.1747 0.8558
vn -0.0194 -0.1268 0.9917
vn 0.1811 -0.1642 0.9697
vn 0.4938 -0.1152 0.8619
vn 0.3612 -0.4443 0.8199
vn 0.2424 -0.5202 0.8189
vn 0.4152 -0.3966 0.8187
vn 0.5417 -0.3857 0.7468
vn 0.4347 -0.4692 0.7687
vn 0.3461 -0.4726 0.8104
vn 0.2723 -0.3616 0.8917
vn 0.1885 -0.3861 0.9030
vn 0.2088 -0.4728 0.8561
vn 0.0820 -0.4277 0.9002
vn 0.0783 -0.4148 0.9066
vn 0.1232 -0.4501 0.8844
vn -0.0315 -0.4124 0.9104
vn 0.2140 -0.5249 0.8238
vn -0.1495 -0.4374 0.8868
vn 0.2019 -0.3635 0.9094
vn 0.2326 -0.3056 0.9233
vn 0.3824 -0.4731 0.7937
vn -0.0740 -0.1144 0.9907
vn 0.2175 -0.2616 0.9403
vn 0.0628 -0.1639 0.9845
vn 0.4293 -0.3082 0.8489
vn 0.5625 -0.4532 0.6915
vn 0.1724 0.2062 0.9632
vn 0.4818 -0.3297 0.8119
vn 0.3083 -0.2807 0.9089
vn 0.0556 -0.0429 0.9975
vn 0.2214 -0.2683 0.9376
vn 0.3088 -0.2299 0.9229
vn 0.2181 -0.6659 0.7134
vn 0.4900 -0.6999 0.5196
vn 0.5432 -0.6926 0.4746
vn 0.2763 -0.5007 0.8204
vn 0.2662 -0.0356 0.9633
vn 0.1823 -0.4948 0.8497
vn 0.2079 -0.4500 0.8685
vn 0.1392 -0.3994 0.9061
vn 0.1263 -0.3951 0.9099
vn 0.4248 -0.2521 0.8695
vn 0.4178 -0.2611 0.8702
vn 0.2213 -0.2476 0.9432
vn 0.3891 -0.2006 0.8991
vn 0.0769 -0.3328 0.9399
vn 0.0760 -0.3074 0.9485
vn -0.0187 -0.4263 0.9044
vn 0.9368 0.2084 0.2810
vn -0.3522 -0.3396 0.8721
vn 0.0338 -0.5060 0.8619
vn 0.1843 -0.2262 0.9565
vn 0.5628 -0.1488 0.8131
vn 0.5712 -0.1553 0.8060
vn 0.2207 -0.3744 0.9006
vn 0.2136 -0.3720 0.9033
vn 0.3630 -0.5794 0.7297
vn 0.5009 -0.5362 0.6794
vn 0.2134 -0.6044 0.7676
vn 0.2002 -0.2917 0.9353
vn 0.4481 -0.4349 0.7811
vn 0.1412 -0.2297 0.9630
vn 0.2417 -0.1343 0.9610
vn 0.6059 -0.4339 0.6668
vn 0.5833 -0.1661 0.7951
vn 0.1165 -0.2816 0.9524
vn 0.1157 -0.2979 0.9476
vn 0.1715 -0.0950 0.9806
vn 0.3831 -0.7632 0.5204
vn 0.5319 -0.3578 0.7675
vn 0.4314 -0.4802 0.7637
vn 0.6514 -0.3409 0.6779
vn 0.5890 -0.3500 0.7284
vn 0.1222 -0.4031 0.9070
vn 0.3618 -0.3507 0.8638
vn 0.3326 -0.3558 0.8734
vn 0.0967 -0.4380 0.8937
vn 0.1579 -0.3658 0.9172
vn 0.2378 -0.4600 0.8555
vn 0.3350 -0.2580 0.9062
vn 0.4016 -0.2252 0.8877
vn 0.3018 -0.2892 0.9084
vn 0.3138 -0.2899 0.9041
vn 0.0352 -0.5065 0.8615
vn 0.2013 -0.4727 0.8579
vn 0.1034 -0.4181 0.9025
vn 0.2347 -0.3116 0.9208
vn -0.2164 -0.2216 0.9508
vn 0.6866 -0.1986 0.6994
vn 0.3787 -0.3770 0.8453
vn 0.1956 -0.2700 0.9428
vn 0.1556 -0.2218 0.9626
vn 0.0925 -0.2289 0.9691
vn 0.4980 -0.1379 0.8562
vn 0.6786 -0.2187 0.7012
vn 0.6938 -0.3857 0.6082
vn 0.2736 -0.5308 0.8021
vn 0.1218 -0.4991 0.8579
vn 0.2004 -0.5635 0.8014
vn 0.1581 -0.2399 0.9579
vn 0.3301 -0.4044 0.8529
vn -0.1075 -0.2862 0.9521
vn 0.1635 -0.3498 0.9224
vn 0.0485 -0.4020 0.9144
vn 0.0867 -0.2696 0.9591
vn 0.4139 -0.2288 0.8811
vn 0.2013 -0.3806 0.9026
vn -0.2190 -0.1026 0.9703
vn 0.0035 -0.3612 0.9325
vn 0.0865 -0.3468 0.9340
vn 0.2159 -0.2273 0.9496
vn 0.1916 -0.2195 0.9566
vn 0.4017 -0.3771 0.8345
vn 0.5648 -0.1769 0.8060
vn 0.4338 -0.4929 0.7543
vn 0.0527 -0.4976 0.8658
vn 0.4868 -0.3479 0.8012
vn 0.2668 -0.2783 0.9227
vn 0.3091 -0.1897 0.9319
vn 0.1329 -0.2129 0.9680
vn 0.0807 -0.2008 0.9763
vn 0.4109 -0.1672 0.8962
vn 0.0432 -0.0214 0.9988
vn -0.0903 0.0908 0.9918
vn 0.3681 -0.0672 0.9273
vn 0.6323 -0.3855 0.6720
vn 0.2543 -0.2528 0.9335
vn 0.1770 -0.3574 0.9170
vn 0.1588 -0.3486 0.9237
vn 0.4245 -0.2520 0.8696
vn 0.3778 -0.0300 0.9254
vn 0.3582 -0.4677 0.8081
vn 0.1441 -0.4134 0.8990
vn 0.1162 -0.1873 0.9754
vn 0.0559 -0.1623 0.9852
vn 0.0046 -0.3548 0.9349
vn 0.0672 -0.2327 0.9702
vn 0.0014 -0.5890 0.8081
vn 0.0765 -0.3351 0.9391
vn -0.0687 -0.3253 0.9431
vn 0.4003 -0.3197 0.8588
vn 0.4551 -0.1958 0.8686
vn 0.2559 -0.3615 0.8965
vn 0.4890 -0.3521 0.7981
vn 0.2632 -0.3671 0.8922
vn -0.1901 -0.2862 0.9391
vn 0.1075 0.0600 0.9924
vn 0.2826 -0.0156 0.9591
vn 0.0633 -0.0581 0.9963
vn 0.5359 -0.2842 0.7950
vn 0.6165 -0.0100 0.7873
vn 0.2520 -0.0841 0.9641
vn 0.1909 -0.0288 0.9812
vn 0.2476 -0.0753 0.9659
vn 0.2560 -0.4256 0.8679
vn 0.3337 -0.4061 0.8507
vn 0.5681 -0.5645 0.5988
vn 0.7191 -0.4280 0.5475
vn 0.4218 -0.5935 0.6855
vn 0.4651 -0.4949 0.7340
vn 0.3764 -0.0813 0.9229
vn 0.2777 -0.2308 0.9325
vn 0.1321 -0.3396 0.9312
vn 0.5113 -0.1044 0.8530
vn 0.5305 -0.0948 0.8424
vn 0.2108 -0.3873 0.8975
vn 0.0740 -0.4182 0.9053
vn 0.2118 -0.4778 0.8526
vn -0.1589 -0.5118 0.8443
vn 0.0428 -0.4249 0.9042
vn 0.2253 -0.2006 0.9534
vn 0.0681 -0.4222 0.9039
vn 0.1043 -0.4218 0.9007
vn 0.0752 -0.3330 0.9399
vn 0.1215 -0.3771 0.9182
vn 0.4087 -0.5858 0.6998
vn -0.1790 -0.4128 0.8931
vn 0.5458 -0.3328 0.7690
vn 0.6463 -0.3042 0.6998
vn 0.6054 -0.3550 0.7124
vn 0.1364 0.0307 0.9902
vn 0.3793 -0.1043 0.9194
vn 0.1532 0.0428 0.9873
vn 0.3237 -0.3977 0.8585
vn 0.3220 -0.3985 0.8588
vn 0.8456 -0.0823 0.5274
vn 0.4388 -0.2731 0.8561
vn 0.3617 -0.3263 0.8733
vn 0.1670 -0.4816 0.8604
vn 0.0571 -0.4233 0.9042
vn 0.1281 -0.5424 0.8303
vn 0.0279 -0.3318 0.9429
vn 0.1704 -0.1906 0.9668
vn 0.5661 -0.0651 0.8218
vn 0.4788 -0.3486 0.8057
vn 0.4319 -0.3744 0.8205
vn 0.7197 -0.3149 0.6188
vn 0.2459 -0.3771 0.8929
vn -0.1371 -0.5522 0.8224
vn -0.0497 -0.5950 0.8022
vn 0.1582 -0.5906 0.7913
vn 0.0137 -0.3596 0.9330
vn -0.1160 0.1670 0.9791
vn 0.3179 -0.1543 0.9355
vn 0.1613 -0.1684 0.9724
vn 0.5579 -0.4049 0.7244
vn 0.2638 0.2663 0.9271
vn 0.4942 -0.2369 0.8365
vn 0.4721 -0.4330 0.7679
vn 0.4659 -0.4209 0.7783
vn 0.1675 -0.2097 0.9633
vn 0.2526 -0.2620 0.9314
vn 0.3502 -0.2386 0.9058
vn 0.4912 -0.0781 0.8676
vn 0.2215 -0.3221 0.9204
vn 0.0373 -0.4970 0.8670
vn 0.0975 -0.5324 0.8409
vn 0.1889 -0.5183 0.8341
vn -0.0986 -0.5478 0.8308
vn 0.4168 -0.2148 0.8833
vn 0.2188 -0.1635 0.9620
vn 0.0769 -0.1990 0.9770
vn -0.1534 -0.3724 0.9153
vn 0.4702 -0.3223 0.8216
vn 0.2632 -0.5429 0.7974
vn 0.1059 -0.2609 0.9595
vn -0.0862 -0.1845 0.9790
vn 0.1127 -0.0303 0.9932
vn 0.1332 -0.0963 0.9864
vn 0.0831 0.2317 0.9692
vn 0.3815 -0.2159 0.8988
vn 0.3117 -0.2492 0.9169
vn 0.3428 -0.2774 0.8975
vn 0.6481 -0.2268 0.7270
vn 0.5680 -0.1016 0.8167
vn 0.4424 -0.1462 0.8848
vn 0.2331 -0.1852 0.9547
vn 0.3618 -0.3259 0.8734
vn 0.1518 -0.3381 0.9288
vn 0.3273 -0.3932 0.8592
vn 0.1903 -0.3420 0.9202
vn 0.0496 -0.4971 0.8663
vn -0.0982 -0.5272 0.8441
vn -0.0194 -0.2448 0.9694
vn 0.0936 -0.3295 0.9395
vn 0.1419 -0.2331 0.9620
vn 0.0712 -0.2481 0.9661
vn 0.1532 -0.4090 0.8996
vn 0.5680 -0.0769 0.8195
vn -0.0523 -0.3699 0.9276
vn 0.0671 -0.4059 0.9114
vn 0.4895 -0.4102 0.7695
vn 0.1428 -0.3024 0.9424
vn 0.5919 -0.1030 0.7994
vn 0.6901 -0.0865 0.7185
vn 0.0233 -0.3161 0.9484
vn 0.6188 -0.0345 0.7848
vn 0.4050 -0.1694 0.8985
vn 0.0824 -0.1752 0.9811
vn 0.0981 0.0890 0.9912
vn 0.4106 -0.0289 0.9114
vn 0.0429 0.0181 0.9989
vn 0.3778 -0.1476 0.9140
vn 0.4327 -0.3404 0.8348
vn 0.5537 -0.0971 0.8270
vn 0.5151 -0.0161 0.8570
vn 0.5839 -0.0212 0.8116
vn 0.5761 -0.2903 0.7641
vn 0.4295 -0.3179 0.8453
vn 0.1555 -0.3409 0.9271
vn 0.1597 -0.3679 0.9160
vn 0.2438 -0.4092 0.8792
vn 0.4998 -0.1268 0.8568
vn 0.4560 -0.1295 0.8805
vn 0.1385 -0.2715 0.9524
vn -0.1283 -0.5203 0.8443
vn 0.6727 -0.3649 0.6436
vn 0.0450 -0.4303 0.9016
vn 0.3542 -0.1000 0.9298
vn 0.2983 -0.1145 0.9476
vn 0.3315 -0.2592 0.9072
vn 0.0988 -0.1895 0.9769
vn 0.0680 -0.2029 0.9768
vn 0.0728 -0.2041 0.9762
vn 0.1185 -0.2399 0.9635
vn 0.0476 -0.2370 0.9704
vn 0.2260 -0.2382 0.9446
vn 0.0143 -0.4056 0.9139
vn -0.0278 -0.3584 0.9331
vn 0.5748 -0.1725 0.7999
vn 0.4722 -0.0763 0.8782
vn 0.4240 -0.3718 0.8258
vn 0.0988 -0.5227 0.8467
vn 0.1950 -0.4087 0.8916
vn 0.7117 -0.3087 0.6310
vn -0.1742 0.1129 0.9782
vn 0.3026 0.0690 0.9506
vn 0.5038 -0.1906 0.8425
vn 0.6537 -0.2677 0.7078
vn 0.2527 -0.2617 0.9315
vn 0.2990 -0.3918 0.8701
vn 0.1894 -0.3396 0.9213
vn 0.1468 -0.2991 0.9429
vn 0.0233 -0.4338 0.9007
vn 0.1547 -0.4451 0.8820
vn 0.1693 -0.4425 0.8807
vn 0.0278 -0.4391 0.8980
vn -0.1020 -0.5586 0.8232
vn 0.2327 -0.2408 0.9423
vn -0.0750 -0.3609 0.9296
vn 0.1765 -0.4433 0.8788
vn 0.6137 -0.2431 0.7512
vn 0.4645 -0.1799 0.8671
vn 0.6026 -0.1307 0.7872
vn 0.8169 0.2275 0.5300
vn 0.1520 -0.4873 0.8599
vn 0.2842 -0.5551 0.7817
vn 0.0544 -0.1075 0.9927
vn 0.6361 -0.3040 0.7092
vn 0.0102 -0.0196 0.9998
vn 0.6319 -0.4037 0.6616
vn 0.2952 -0.0546 0.9539
vn -0.0379 0.0306 0.9988
vn 0.1542 -0.1525 0.9762
vn 0.3294 -0.1528 0.9317
vn 0.5241 -0.1653 0.8355
vn 0.4029 -0.3468 0.8470
vn 0.5703 -0.0509 0.8198
vn 0.2930 0.0624 0.9541
vn 0.5210 -0.1317 0.8434
vn 0.2765 -0.0663 0.9587
vn 0.2798 -0.2721 0.9207
vn 0.1490 -0.3514 0.9243
vn 0.1790 -0.3648 0.9137
vn 0.4039 -0.3022 0.8635
vn 0.8151 0.4074 0.4117
vn 0.0670 -0.3607 0.9303
vn 0.0114 -0.3379 0.9411
vn 0.2756 -0.2390 0.9311
vn 0.4407 -0.1341 0.8876
vn 0.0756 -0.2077 0.9753
vn 0.1548 -0.1783 0.9717
vn -0.0484 -0.4738 0.8793
vn 0.0826 -0.4351 0.8966
vn 0.1821 -0.6683 0.7212
vn 0.5250 -0.3329 0.7833
vn 0.5544 -0.3084 0.7730
vn 0.1497 -0.4686 0.8706
vn -0.0112 -0.1908 0.9816
vn -0.0474 -0.0941 0.9944
vn 0.0759 -0.1757 0.9815
vn 0.0857 -0.1753 0.9808
vn 0.0913 -0.1837 0.9787
vn 0.4889 -0.4673 0.7366
vn 0.3223 -0.1524 0.9343
vn -0.1874 -0.0994 0.9772
vn -0.0425 -0.0306 0.9986
vn 0.5918 -0.0385 0.8052
vn 0.5389 0.0102 0.8423
vn 0.4514 -0.2184 0.8652
vn 0.3662 -0.1450 0.9192
vn 0.1764 -0.3904 0.9036
vn 0.4184 -0.2329 0.8779
vn 0.3916 0.0202 0.9199
vn -0.0304 -0.3467 0.9375
vn 0.1184 -0.3523 0.9284
vn 0.0990 -0.1659 0.9812
vn 0.1334 -0.1676 0.9768
vn 0.0622 -0.3185 0.9459
vn 0.5530 -0.3973 0.7324
vn 0.5105 -0.4019 0.7602
vn 0.4451 -0.3094 0.8404
vn 0.5646 -0.3128 0.7638
vn 0.0536 -0.4024 0.9139
vn 0.2707 -0.3854 0.8822
vn 0.2747 -0.4520 0.8487
vn 0.4727 -0.1537 0.8677
vn 0.3168 -0.1844 0.9304
vn 0.4271 -0.1645 0.8891
vn 0.6889 -0.2288 0.6878
vn 0.5581 -0.2872 0.7785
vn 0.3583 -0.2159 0.9083
vn 0.5872 -0.0570 0.8074
vn 0.3858 -0.0016 0.9226
vn 0.2471 0.0422 0.9681
vn 0.1991 -0.2091 0.9574
vn 0.3766 -0.1397 0.9158
vn 0.2424 -0.4026 0.8827
vn 0.1813 -0.3856 0.9047
vn 0.2491 -0.4195 0.8729
vn 0.2024 -0.3248 0.9239
vn 0.1920 -0.2681 0.9440
vn 0.2486 -0.3643 0.8975
vn -0.0176 -0.4784 0.8780
vn -0.0379 -0.4442 0.8951
vn -0.0608 -0.4534 0.8892
vn 0.0463 -0.0875 0.9951
vn 0.4192 -0.4146 0.8077
vn 0.2143 -0.6806 0.7006
vn 0.1690 -0.2101 0.9630
vn -0.0060 -0.1590 0.9873
vn 0.0921 -0.1839 0.9786
vn -0.0188 -0.1008 0.9947
vn 0.6169 -0.2788 0.7360
vn 0.2416 -0.2900 0.9260
vn -0.2009 -0.0835 0.9760
vn 0.2195 0.0984 0.9706
vn 0.1073 0.0322 0.9937
vn 0.2076 -0.0548 0.9767
vn 0.4463 -0.0387 0.8940
vn 0.4978 -0.0771 0.8639
vn 0.5017 0.1434 0.8531
vn 0.5582 0.0064 0.8297
vn 0.3196 -0.3001 0.8988
vn 0.3311 -0.1781 0.9266
vn 0.2051 -0.4071 0.8901
vn 0.2489 -0.3985 0.8828
vn 0.3858 -0.1776 0.9053
vn 0.4201 -0.0369 0.9067
vn 0.0655 -0.0969 0.9931
vn 0.1629 -0.0645 0.9845
vn -0.1105 -0.4118 0.9046
vn -0.0668 -0.4196 0.9053
vn 0.1744 -0.6325 0.7547
vn 0.3466 -0.5818 0.7358
vn 0.3239 -0.4373 0.8390
vn -0.0090 -0.1577 0.9875
vn 0.0806 -0.1669 0.9827
vn 0.5332 -0.3083 0.7878
vn -0.0143 -0.0068 0.9999
vn 0.3902 -0.3175 0.8642
vn 0.1598 -0.0332 0.9866
vn 0.1241 -0.2087 0.9701
vn 0.3898 -0.2860 0.8754
vn 0.4254 -0.3237 0.8452
vn 0.2627 -0.2963 0.9183
vn 0.5692 -0.0745 0.8188
vn 0.6113 -0.1279 0.7810
vn 0.6149 -0.1208 0.7793
vn 0.4511 -0.1895 0.8721
vn 0.3030 -0.0324 0.9524
vn 0.2634 -0.3598 0.8951
vn 0.3679 -0.1804 0.9122
vn 0.3928 -0.1821 0.9014
vn 0.0446 -0.4928 0.8690
vn 0.2697 -0.4148 0.8690
vn 0.1883 -0.3914 0.9008
vn 0.0151 -0.5136 0.8579
vn -0.2084 -0.4538 0.8664
vn 0.2757 -0.2238 0.9348
vn 0.1298 -0.0382 0.9908
vn 0.2527 -0.2737 0.9280
vn 0.2812 -0.4057 0.8697
vn 0.5640 -0.1656 0.8090
vn 0.1038 -0.2567 0.9609
vn -0.0760 -0.0731 0.9944
vn 0.0859 -0.1931 0.9774
vn 0.6039 -0.5047 0.6169
vn 0.4713 -0.4358 0.7668
vn 0.1643 0.0249 0.9861
vn 0.3915 -0.1559 0.9069
vn 0.6734 0.1180 0.7298
vn 0.6282 0.0603 0.7757
vn 0.4087 0.2610 0.8746
vn 0.6216 -0.1203 0.7740
vn 0.4494 0.0316 0.8928
vn 0.2880 -0.2644 0.9204
vn 0.1883 -0.4073 0.8937
vn 0.2261 -0.3147 0.9219
vn 0.2436 -0.2754 0.9300
vn 0.0403 -0.2334 0.9715
vn 0.1044 -0.1384 0.9849
vn 0.3776 -0.1199 0.9182
vn 0.2174 0.0121 0.9760
vn 0.2542 -0.1513 0.9553
vn 0.2208 -0.2362 0.9463
vn 0.4241 -0.2774 0.8621
vn 0.4717 -0.3048 0.8274
vn 0.2939 -0.5226 0.8003
vn 0.4824 -0.4283 0.7641
vn 0.0882 -0.2172 0.9721
vn 0.3838 -0.1479 0.9115
vn 0.1189 -0.1372 0.9834
vn 0.0226 -0.1333 0.9908
vn 0.0985 -0.1959 0.9757
vn 0.1654 -0.0603 0.9844
vn 0.3023 -0.1495 0.9414
vn 0.1319 -0.1931 0.9723
vn 0.4349 0.0183 0.9003
vn 0.4828 0.0298 0.8752
vn 0.2732 -0.3869 0.8807
vn -0.0914 -0.3381 0.9367
vn 0.5517 0.0244 0.8337
vn 0.5117 0.0415 0.8582
vn 0.3400 -0.1008 0.9350
vn 0.6223 -0.2366 0.7461
vn 0.1850 -0.4035 0.8961
vn 0.3666 -0.1213 0.9224
vn 0.1766 -0.3079 0.9349
vn -0.0395 -0.1011 0.9941
vn 0.2958 -0.2064 0.9327
vn -0.1255 -0.5744 0.8089
vn -0.0504 -0.5813 0.8121
vn -0.1163 -0.3701 0.9217
vn 0.1503 -0.0276 0.9883
vn -0.0487 -0.4359 0.8987
vn 0.3819 -0.5813 0.7185
vn 0.8129 -0.4210 0.4023
vn 0.6067 -0.4575 0.6501
vn 0.2075 -0.4547 0.8661
vn 0.3318 -0.4838 0.8098
vn 0.0536 -0.1787 0.9824
vn 0.0981 -0.1895 0.9770
vn -0.0042 -0.0541 0.9985
vn 0.0065 -0.0649 0.9979
vn 0.3759 -0.3237 0.8683
vn 0.5750 -0.4746 0.6665
vn 0.3979 -0.2107 0.8929
vn 0.3517 -0.2299 0.9074
vn 0.6143 -0.0467 0.7877
vn 0.4493 -0.0897 0.8889
vn 0.3479 -0.2697 0.8979
vn 0.5069 -0.1811 0.8427
vn 0.2891 -0.2940 0.9110
vn 0.3084 -0.2781 0.9097
vn 0.3464 -0.2854 0.8936
vn 0.1801 -0.2651 0.9473
vn 0.1955 -0.4857 0.8520
vn 0.3248 -0.3599 0.8746
vn 0.2353 -0.3083 0.9217
vn -0.3235 -0.3911 0.8616
vn 0.0486 -0.0916 0.9946
vn 0.3361 -0.1122 0.9351
vn 0.3522 -0.2433 0.9038
vn 0.1544 -0.2598 0.9532
vn 0.2170 -0.0138 0.9761
vn 0.0501 -0.0604 0.9969
vn 0.1782 -0.0420 0.9831
vn 0.3386 -0.1630 0.9267
vn 0.5151 -0.1747 0.8392
vn 0.3085 -0.4912 0.8146
vn 0.1655 -0.4495 0.8778
vn 0.4668 -0.4827 0.7410
vn 0.6187 -0.1104 0.7778
vn 0.5508 -0.0996 0.8287
vn 0.3163 -0.2131 0.9244
vn 0.0827 -0.1173 0.9897
vn 0.2794 -0.2737 0.9203
vn 0.2914 -0.2817 0.9142
vn 0.1871 -0.2517 0.9496
vn 0.1176 -0.3991 0.9093
vn 0.2415 -0.4454 0.8622
vn 0.3189 -0.2795 0.9056
vn 0.1873 -0.3192 0.9290
vn -0.1156 -0.3729 0.9207
vn 0.2734 -0.1008 0.9566
vn -0.2098 -0.4266 0.8798
vn -0.1119 -0.3524 0.9291
vn 0.1146 -0.0965 0.9887
vn 0.0507 -0.2465 0.9678
vn 0.4593 -0.2689 0.8466
vn 0.3408 -0.2183 0.9145
vn 0.5853 -0.1441 0.7979
vn 0.3800 -0.4297 0.8191
vn 0.2992 -0.4133 0.8601
vn 0.1753 -0.3682 0.9131
vn 0.0415 -0.2383 0.9703
vn 0.1598 -0.2639 0.9512
vn 0.0055 -0.1511 0.9885
vn 0.4816 -0.3852 0.7872
vn 0.2726 -0.1545 0.9497
vn 0.0515 -0.0122 0.9986
vn 0.5845 -0.2244 0.7797
vn 0.2506 -0.5222 0.8152
vn 0.5987 -0.2248 0.7688
vn 0.3664 -0.7116 0.5994
vn 0.4406 -0.3092 0.8428
vn 0.3241 -0.2108 0.9222
vn 0.3697 -0.2431 0.8968
vn 0.0843 -0.1771 0.9806
vn 0.2569 -0.2216 0.9407
vn 0.3107 -0.3815 0.8706
vn 0.3256 -0.3809 0.8654
vn 0.2385 -0.3594 0.9022
vn 0.2202 -0.4667 0.8566
vn -0.2601 -0.2250 0.9390
vn 0.0382 -0.3237 0.9454
vn 0.0468 -0.0910 0.9948
vn 0.2268 -0.2423 0.9433
vn 0.5820 -0.1409 0.8009
vn 0.5116 -0.1625 0.8437
vn 0.4371 -0.4932 0.7521
vn 0.0839 -0.1715 0.9816
vn 0.2802 -0.1249 0.9518
vn 0.2946 -0.1240 0.9475
vn 0.3681 -0.1775 0.9127
vn 0.1606 -0.1623 0.9736
vn 0.2750 -0.2713 0.9224
vn 0.3562 -0.3531 0.8651
vn 0.3921 -0.2740 0.8782
vn 0.5710 -0.2124 0.7930
vn 0.6798 -0.2600 0.6858
vn 0.4462 -0.3469 0.8250
vn 0.2275 -0.3731 0.8994
vn 0.4248 -0.4553 0.7825
vn 0.2157 -0.1779 0.9601
vn 0.2029 -0.2752 0.9398
vn 0.2494 -0.4415 0.8619
vn -0.0643 -0.1719 0.9830
vn 0.2291 -0.1080 0.9674
vn 0.1626 -0.3860 0.9081
vn 0.4416 -0.1770 0.8796
vn 0.5994 -0.1752 0.7810
vn 0.0713 -0.1038 0.9920
vn 0.1316 -0.0928 0.9869
vn 0.2003 -0.2115 0.9566
vn 0.0784 -0.2402 0.9676
vn 0.0735 -0.1363 0.9879
vn -0.0198 -0.1089 0.9939
vn 0.0493 -0.0261 0.9984
vn 0.1796 -0.2972 0.9378
vn 0.4614 -0.4905 0.7393
vn 0.3781 -0.4075 0.8313
vn 0.5716 0.0518 0.8189
vn 0.4573 -0.0597 0.8873
vn 0.0515 -0.6363 0.7697
vn 0.4001 -0.5833 0.7069
vn 0.2811 -0.2801 0.9179
vn 0.1865 -0.3198 0.9290
vn 0.1349 -0.0264 0.9905
vn 0.2536 -0.3659 0.8954
vn 0.3587 -0.1822 0.9155
vn -0.1886 -0.1926 0.9630
vn 0.1099 -0.0878 0.9900
vn 0.3371 0.1049 0.9356
vn 0.3496 0.1148 0.9298
vn 0.4972 -0.0004 0.8677
vn 0.1984 -0.3977 0.8958
vn 0.5737 -0.3242 0.7522
vn 0.5028 -0.3116 0.8063
vn 0.3430 -0.0269 0.9389
vn 0.3745 -0.0879 0.9231
vn 0.2482 -0.0148 0.9686
vn 0.0650 -0.0140 0.9978
vn 0.1781 -0.0858 0.9803
vn -0.0081 -0.1234 0.9923
vn 0.0491 -0.1429 0.9885
vn 0.0509 -0.2289 0.9721
vn 0.0608 -0.0289 0.9977
vn 0.2794 -0.3256 0.9033
vn 0.5949 -0.3406 0.7281
vn 0.6860 -0.3583 0.6332
vn 0.2546 -0.5188 0.8161
vn 0.3138 -0.3815 0.8695
vn 0.6152 -0.2924 0.7321
vn 0.4888 0.1224 0.8638
vn 0.2443 -0.3096 0.9190
vn 0.3684 -0.2475 0.8961
vn 0.4009 -0.2599 0.8785
vn 0.2929 -0.2778 0.9149
vn 0.3242 -0.3694 0.8709
vn 0.2005 -0.3674 0.9082
vn 0.1744 -0.3084 0.9351
vn -0.2750 -0.3992 0.8747
vn 0.2626 -0.0607 0.9630
vn 0.3789 -0.1041 0.9196
vn 0.5319 -0.0331 0.8462
vn 0.0931 -0.0217 0.9954
vn 0.0809 -0.0136 0.9966
vn 0.0666 -0.1209 0.9904
vn 0.0165 -0.1003 0.9948
vn 0.2231 -0.2415 0.9444
vn 0.0257 -0.1604 0.9867
vn 0.1454 0.1061 0.9837
vn 0.2271 -0.2334 0.9455
vn 0.2321 -0.2335 0.9443
vn 0.1755 -0.4801 0.8595
vn 0.5079 -0.4376 0.7420
vn 0.4068 -0.3531 0.8425
vn 0.3326 -0.1589 0.9296
vn 0.6162 -0.2653 0.7416
vn 0.4511 -0.0644 0.8901
vn 0.6196 -0.1514 0.7702
vn 0.6474 -0.2527 0.7190
vn 0.3619 -0.4891 0.7936
vn 0.4307 -0.2093 0.8779
vn 0.3697 -0.0869 0.9251
vn 0.3211 -0.3621 0.8751
vn 0.2759 -0.3176 0.9072
vn 0.2590 -0.1993 0.9451
vn 0.2367 -0.3229 0.9164
vn -0.0046 -0.3379 0.9412
vn 0.0848 -0.2160 0.9727
vn 0.4923 0.0857 0.8662
vn 0.3777 0.1242 0.9176
vn 0.2589 -0.6975 0.6682
vn 0.1113 -0.1310 0.9851
vn 0.0823 -0.0247 0.9963
vn 0.0660 -0.1239 0.9901
vn 0.2168 0.0651 0.9740
vn 0.3573 -0.4758 0.8038
vn 0.3163 -0.5583 0.7670
vn 0.3811 -0.4019 0.8326
vn 0.3425 -0.4692 0.8139
vn 0.3925 -0.2727 0.8784
vn 0.5275 -0.2009 0.8254
vn 0.4579 -0.1741 0.8718
vn 0.4268 -0.2739 0.8619
vn 0.2311 -0.3456 0.9095
vn 0.2976 -0.3475 0.8892
vn 0.2227 -0.2206 0.9496
vn 0.2415 -0.2169 0.9458
vn 0.2205 -0.2960 0.9294
vn 0.2166 -0.1768 0.9601
vn 0.3575 -0.1781 0.9168
vn 0.1982 -0.2632 0.9442
vn -0.0034 -0.3382 0.9411
vn -0.1489 -0.3277 0.9330
vn -0.0595 -0.2101 0.9759
vn 0.0274 -0.2131 0.9766
vn 0.1351 -0.0552 0.9893
vn 0.3315 -0.2420 0.9119
vn 0.1688 -0.1099 0.9795
vn 0.3584 -0.2671 0.8946
vn 0.5427 -0.3210 0.7761
vn 0.3217 -0.3580 0.8766
vn 0.3556 -0.1747 0.9182
vn 0.2480 -0.0308 0.9683
vn 0.1026 -0.2756 0.9558
vn 0.0472 -0.1424 0.9887
vn 0.0736 -0.1360 0.9880
vn 0.3001 -0.2720 0.9143
vn 0.2805 -0.1416 0.9494
vn 0.2657 -0.1981 0.9435
vn 0.1468 -0.3950 0.9069
vn 0.5700 -0.2318 0.7883
vn 0.3141 -0.4935 0.8110
vn 0.3888 -0.3085 0.8681
vn 0.4795 -0.3887 0.7868
vn 0.4815 -0.3094 0.8200
vn 0.3876 -0.1273 0.9130
vn 0.0778 -0.3222 0.9435
vn 0.2222 -0.2672 0.9377
vn 0.2138 -0.2637 0.9406
vn 0.1927 -0.2775 0.9412
vn -0.3608 -0.2977 0.8839
vn -0.0463 -0.2652 0.9631
vn -0.0235 -0.2730 0.9617
vn 0.1400 -0.5028 0.8530
vn 0.3042 -0.1322 0.9434
vn 0.4006 -0.3342 0.8532
vn 0.5107 -0.2224 0.8305
vn 0.6190 -0.2802 0.7337
vn 0.3895 -0.1748 0.9043
vn 0.1605 -0.0182 0.9869
vn 0.1858 0.0483 0.9814
vn 0.0038 -0.0678 0.9977
vn 0.2748 -0.2680 0.9234
vn 0.3916 -0.0367 0.9194
vn 0.3635 -0.1625 0.9173
vn 0.3899 -0.1897 0.9011
vn 0.1016 -0.5617 0.8211
vn 0.5768 -0.4447 0.6852
vn 0.6959 -0.3000 0.6524
vn 0.2216 -0.3431 0.9128
vn 0.4545 -0.0586 0.8888
vn 0.2692 -0.2826 0.9207
vn 0.5038 -0.1142 0.8562
vn 0.1222 -0.2231 0.9671
vn 0.3539 -0.2041 0.9127
vn 0.0938 -0.3291 0.9396
vn 0.1825 -0.1966 0.9633
vn 0.1306 -0.4921 0.8607
vn 0.2120 -0.1627 0.9636
vn 0.4080 0.0812 0.9094
vn 0.4073 -0.3081 0.8598
vn 0.2697 -0.2972 0.9159
vn 0.1188 0.0627 0.9909
vn -0.0207 0.0177 0.9996
vn 0.1338 -0.0704 0.9885
vn 0.1068 -0.0693 0.9919
vn 0.0491 -0.0189 0.9986
vn 0.4272 -0.3625 0.8283
vn 0.4005 -0.3671 0.8396
vn 0.5107 -0.2720 0.8156
vn 0.4419 -0.5878 0.6777
vn 0.3229 -0.5541 0.7673
vn 0.4684 -0.1951 0.8617
vn 0.6290 -0.2761 0.7268
vn 0.5061 -0.0434 0.8614
vn 0.5449 -0.2656 0.7953
vn 0.2502 -0.2241 0.9419
vn 0.2578 -0.2399 0.9360
vn 0.2479 -0.2327 0.9404
vn 0.4458 -0.2742 0.8521
vn 0.1818 -0.2607 0.9482
vn -0.1353 -0.4335 0.8909
vn -0.0142 -0.3002 0.9538
vn 0.2754 -0.2399 0.9309
vn 0.1736 -0.3765 0.9100
vn 0.3377 -0.2173 0.9158
vn 0.4386 -0.3136 0.8422
vn 0.3373 -0.0765 0.9383
vn 0.4680 -0.1430 0.8721
vn 0.1312 0.0194 0.9912
vn 0.0519 -0.0039 0.9986
vn 0.0752 0.0472 0.9960
vn 0.1340 0.0845 0.9874
vn 0.0959 -0.0092 0.9954
vn 0.0224 0.0376 0.9990
vn 0.2720 0.2313 0.9341
vn 0.2142 -0.3560 0.9096
vn 0.0605 -0.0843 0.9946
vn -0.0029 -0.0803 0.9968
vn 0.1556 -0.1695 0.9732
vn 0.1431 -0.6775 0.7215
vn 0.3441 -0.5948 0.7265
vn 0.5121 -0.4292 0.7440
vn 0.2257 -0.3364 0.9143
vn 0.4125 -0.4762 0.7766
vn 0.1321 -0.4448 0.8859
vn 0.4841 -0.4268 0.7639
vn 0.5039 -0.2535 0.8257
vn 0.2849 -0.3218 0.9029
vn 0.3995 -0.3454 0.8492
vn 0.2953 -0.3291 0.8969
vn 0.1235 -0.5085 0.8521
vn 0.4411 -0.0185 0.8973
vn 0.3243 -0.2252 0.9187
vn 0.2082 -0.2366 0.9490
vn 0.0010 -0.3526 0.9358
vn 0.0886 -0.3798 0.9208
vn -0.3492 -0.4741 0.8082
vn -0.1906 -0.5541 0.8103
vn -0.0189 -0.2696 0.9628
vn 0.1141 -0.5349 0.8371
vn 0.1155 -0.3799 0.9178
vn 0.3398 -0.0716 0.9378
vn 0.5273 -0.1132 0.8421
vn 0.4239 0.0506 0.9043
vn 0.1604 0.0655 0.9849
vn 0.0656 0.0439 0.9969
vn 0.1067 0.0918 0.9900
vn -0.0251 0.1149 0.9931
vn 0.1814 -0.3950 0.9006
vn 0.4122 -0.1007 0.9055
vn 0.3880 -0.2096 0.8975
vn 0.6015 -0.1721 0.7801
vn 0.4264 -0.2880 0.8575
vn 0.0525 -0.6578 0.7513
vn 0.5493 -0.3404 0.7632
vn 0.3962 -0.6497 0.6488
vn 0.2687 -0.4551 0.8489
vn 0.3524 -0.4316 0.8303
vn 0.5228 -0.2970 0.7991
vn 0.2840 -0.3431 0.8953
vn 0.4280 -0.3157 0.8468
vn 0.1235 -0.5085 0.8522
vn 0.1742 -0.4997 0.8485
vn 0.3872 -0.3687 0.8450
vn 0.2103 -0.3500 0.9128
vn 0.1283 -0.3501 0.9279
vn 0.4481 -0.5048 0.7378
vn 0.0952 -0.3602 0.9280
vn 0.1867 -0.3027 0.9346
vn 0.1292 -0.3142 0.9405
vn 0.2397 -0.1332 0.9617
vn 0.0961 -0.2961 0.9503
vn 0.4269 -0.2342 0.8734
vn 0.5584 -0.0996 0.8236
vn 0.3813 -0.2028 0.9019
vn 0.1840 -0.0925 0.9786
vn 0.1443 -0.0917 0.9853
vn 0.2179 -0.0059 0.9760
vn 0.0935 0.1120 0.9893
vn 0.1023 0.1375 0.9852
vn 0.0776 -0.0200 0.9968
vn 0.0930 -0.1152 0.9890
vn 0.0284 -0.1292 0.9912
vn 0.0655 -0.3292 0.9420
vn 0.4413 -0.1132 0.8902
vn 0.4724 -0.3590 0.8049
vn 0.6658 -0.4042 0.6272
vn 0.4764 -0.2223 0.8507
vn 0.6472 -0.1575 0.7459
vn 0.4224 -0.5749 0.7008
vn 0.3272 -0.5697 0.7539
vn 0.3829 -0.4024 0.8315
vn 0.3488 -0.3685 0.8617
vn 0.1990 -0.4252 0.8830
vn 0.4778 -0.4455 0.7571
vn 0.3820 -0.3570 0.8524
vn 0.3288 -0.3414 0.8806
vn 0.3678 -0.4366 0.8210
vn 0.6009 -0.3365 0.7251
vn 0.5390 -0.1806 0.8227
vn 0.3624 -0.2071 0.9087
vn 0.3965 -0.3392 0.8531
vn 0.3230 -0.0106 0.9463
vn 0.1366 -0.4505 0.8823
vn 0.3198 -0.2079 0.9244
vn 0.2075 -0.4921 0.8454
vn -0.1032 -0.4449 0.8896
vn -0.0017 -0.9997 -0.0230
vn 0.5390 -0.4727 0.6971
vn 0.0085 -0.5531 0.8331
vn 0.0137 -0.1333 0.9910
vn 0.2581 -0.2007 0.9450
vn -0.2657 -0.3577 0.8952
vn -0.0330 -0.2541 0.9666
vn 0.2665 -0.1723 0.9483
vn 0.2939 -0.1970 0.9353
vn 0.0604 -0.2350 0.9701
vn 0.4886 -0.1765 0.8545
vn 0.1887 -0.0868 0.9782
vn 0.1264 -0.0649 0.9899
vn 0.1225 -0.0417 0.9916
vn 0.1059 -0.0250 0.9941
vn 0.0446 -0.2434 0.9689
vt 0.250672 0.250024
vt 0.251644 0.250024
vt 0.251096 0.250034
vt 0.255442 0.249214
vt 0.256885 0.250028
vt 0.255866 0.250027
vt 0.257673 0.250018
vt 0.258642 0.248690
vt 0.259253 0.250024
vt 0.260577 0.248516
vt 0.261253 0.250022
vt 0.263719 0.249334
vt 0.265323 0.250022
vt 0.262846 0.250023
vt 0.269991 0.249038
vt 0.270946 0.250026
vt 0.269039 0.250029
vt 0.271938 0.248910
vt 0.272944 0.250024
vt 0.276485 0.249350
vt 0.277136 0.250019
vt 0.276570 0.250023
vt 0.278032 0.249558
vt 0.278795 0.250023
vt 0.277805 0.250027
vt 0.279339 0.250030
vt 0.279970 0.250021
vt 0.279605 0.250022
vt 0.280187 0.249373
vt 0.280867 0.250011
vt 0.282743 0.249703
vt 0.282888 0.250021
vt 0.282294 0.250021
vt 0.283478 0.250023
vt 0.283935 0.249541
vt 0.283869 0.250031
vt 0.284484 0.250024
vt 0.284819 0.249749
vt 0.284854 0.250022
vt 0.285096 0.250023
vt 0.285381 0.249029
vt 0.286151 0.250020
vt 0.286785 0.249580
vt 0.286769 0.250029
vt 0.287954 0.250022
vt 0.288199 0.249070
vt 0.289005 0.250029
vt 0.289239 0.249408
vt 0.289579 0.250022
vt 0.289852 0.250022
vt 0.289865 0.249335
vt 0.290102 0.250022
vt 0.290362 0.250007
vt 0.291149 0.249735
vt 0.290614 0.250012
vt 0.291851 0.250022
vt 0.291770 0.249431
vt 0.292102 0.250022
vt 0.292351 0.250022
vt 0.292397 0.249050
vt 0.292795 0.250025
vt 0.293004 0.249808
vt 0.293597 0.250013
vt 0.293571 0.249607
vt 0.294051 0.250016
vt 0.295379 0.250021
vt 0.294741 0.250028
vt 0.297000 0.248625
vt 0.297793 0.250022
vt 0.301855 0.249374
vt 0.302276 0.250022
vt 0.300520 0.250022
vt 0.303843 0.249141
vt 0.303762 0.250023
vt 0.305158 0.250020
vt 0.305255 0.249024
vt 0.306006 0.250025
vt 0.308812 0.248923
vt 0.308413 0.250022
vt 0.307412 0.250023
vt 0.309719 0.250021
vt 0.310320 0.249316
vt 0.311431 0.250020
vt 0.251100 0.248734
vt 0.252443 0.250027
vt 0.252457 0.249240
vt 0.253796 0.250025
vt 0.253737 0.248917
vt 0.254952 0.250024
vt 0.256810 0.247546
vt 0.268199 0.248955
vt 0.269076 0.248590
vt 0.274946 0.248609
vt 0.273949 0.250022
vt 0.290216 0.249067
vt 0.299195 0.250026
vt 0.300436 0.248950
vt 0.307077 0.249111
vt 0.310868 0.248784
vt 0.312594 0.250026
vt 0.250111 0.248806
vt 0.250112 0.250026
vt 0.256012 0.248581
vt 0.266940 0.248710
vt 0.267072 0.250021
vt 0.274256 0.249205
vt 0.280810 0.249113
vt 0.281496 0.250024
vt 0.282266 0.248870
vt 0.283240 0.248886
vt 0.292059 0.249164
vt 0.293800 0.248499
vt 0.294132 0.248622
vt 0.295984 0.248560
vt 0.312595 0.248104
vt 0.277303 0.248550
vt 0.279715 0.248577
vt 0.286396 0.248802
vt 0.287019 0.248514
vt 0.289042 0.248983
vt 0.298895 0.247111
vt 0.301490 0.248307
vt 0.302678 0.248047
vt 0.262551 0.248264
vt 0.264715 0.248018
vt 0.265370 0.248089
vt 0.266191 0.248189
vt 0.271052 0.248364
vt 0.273376 0.248170
vt 0.275598 0.248289
vt 0.278433 0.248206
vt 0.284080 0.248027
vt 0.284338 0.247512
vt 0.287854 0.247938
vt 0.289992 0.248027
vt 0.292094 0.248750
vt 0.297553 0.248004
vt 0.304792 0.247974
vt 0.308014 0.247884
vt 0.251664 0.248109
vt 0.252664 0.248138
vt 0.254506 0.247728
vt 0.267935 0.247789
vt 0.272125 0.248076
vt 0.276031 0.248063
vt 0.279947 0.247258
vt 0.280639 0.247130
vt 0.283345 0.247908
vt 0.286008 0.248014
vt 0.289028 0.248368
vt 0.292081 0.248326
vt 0.306532 0.247731
vt 0.311304 0.248326
vt 0.250695 0.247851
vt 0.255106 0.247625
vt 0.258268 0.247406
vt 0.260143 0.247350
vt 0.263673 0.247681
vt 0.267023 0.247756
vt 0.270145 0.248028
vt 0.271641 0.247785
vt 0.275542 0.247012
vt 0.277825 0.247497
vt 0.289679 0.247599
vt 0.295644 0.247720
vt 0.310491 0.247668
vt 0.312097 0.247812
vt 0.250113 0.247729
vt 0.251345 0.247345
vt 0.259236 0.247247
vt 0.268967 0.247338
vt 0.270190 0.247367
vt 0.279113 0.247799
vt 0.293514 0.247850
vt 0.294008 0.246679
vt 0.252791 0.247163
vt 0.265175 0.247230
vt 0.271384 0.246792
vt 0.272142 0.247100
vt 0.288620 0.246689
vt 0.292035 0.247167
vt 0.303418 0.247015
vt 0.309154 0.246769
vt 0.312599 0.247441
vt 0.253489 0.246787
vt 0.254757 0.246713
vt 0.256279 0.247236
vt 0.260737 0.246768
vt 0.264010 0.246757
vt 0.270276 0.246684
vt 0.272508 0.246418
vt 0.276563 0.246906
vt 0.285161 0.247143
vt 0.286618 0.247064
vt 0.310330 0.247046
vt 0.311720 0.247171
vt 0.262851 0.246239
vt 0.273726 0.245900
vt 0.278774 0.247090
vt 0.282272 0.246864
vt 0.283590 0.246688
vt 0.286140 0.246684
vt 0.287323 0.246347
vt 0.290752 0.246865
vt 0.292945 0.246402
vt 0.297208 0.246920
vt 0.298756 0.246516
vt 0.300840 0.246238
vt 0.305408 0.246568
vt 0.312218 0.246774
vt 0.250113 0.245710
vt 0.258829 0.246639
vt 0.267012 0.246595
vt 0.302360 0.246303
vt 0.307224 0.246972
vt 0.252496 0.245740
vt 0.256454 0.246330
vt 0.257140 0.246065
vt 0.265572 0.246287
vt 0.283291 0.246090
vt 0.285556 0.246641
vt 0.286511 0.246209
vt 0.289388 0.246434
vt 0.303578 0.246007
vt 0.305892 0.246303
vt 0.251261 0.245555
vt 0.253950 0.246078
vt 0.254497 0.245671
vt 0.259013 0.245893
vt 0.268009 0.245883
vt 0.274606 0.245267
vt 0.276808 0.246173
vt 0.278006 0.245894
vt 0.280803 0.245627
vt 0.289573 0.245637
vt 0.296426 0.246332
vt 0.297484 0.246394
vt 0.307441 0.246060
vt 0.311307 0.245988
vt 0.257792 0.245278
vt 0.260379 0.245371
vt 0.261452 0.245514
vt 0.265062 0.245775
vt 0.266539 0.245386
vt 0.269369 0.245920
vt 0.270836 0.245639
vt 0.271329 0.245809
vt 0.282349 0.245853
vt 0.286887 0.245498
vt 0.288560 0.245819
vt 0.291380 0.245737
vt 0.293974 0.246247
vt 0.278527 0.244785
vt 0.279500 0.244683
vt 0.285598 0.244910
vt 0.287744 0.245983
vt 0.290395 0.245259
vt 0.295980 0.245541
vt 0.296734 0.245039
vt 0.306594 0.245817
vt 0.309058 0.245116
vt 0.311032 0.245448
vt 0.311537 0.245342
vt 0.256423 0.245258
vt 0.263496 0.245249
vt 0.272355 0.245001
vt 0.292684 0.244472
vt 0.293864 0.245491
vt 0.304182 0.245283
vt 0.307422 0.244920
vt 0.312597 0.245653
vt 0.259144 0.244880
vt 0.265722 0.245055
vt 0.268943 0.245028
vt 0.275517 0.244479
vt 0.277336 0.245296
vt 0.282148 0.244500
vt 0.283318 0.244596
vt 0.287899 0.245250
vt 0.294602 0.244671
vt 0.301095 0.244129
vt 0.301811 0.245072
vt 0.303361 0.244751
vt 0.264803 0.245005
vt 0.267719 0.244958
vt 0.280641 0.245057
vt 0.288874 0.244942
vt 0.297392 0.244499
vt 0.299505 0.245186
vt 0.305066 0.245050
vt 0.312138 0.244731
vt 0.312597 0.244829
vt 0.251958 0.244750
vt 0.252636 0.243710
vt 0.255547 0.244251
vt 0.257468 0.244393
vt 0.263070 0.244632
vt 0.270282 0.244066
vt 0.273210 0.244083
vt 0.289826 0.244744
vt 0.291155 0.244804
vt 0.295421 0.244544
vt 0.258390 0.244294
vt 0.259701 0.243860
vt 0.271017 0.243989
vt 0.276116 0.244102
vt 0.278433 0.244041
vt 0.286477 0.244335
vt 0.292005 0.244363
vt 0.302276 0.243934
vt 0.305048 0.244084
vt 0.306033 0.244084
vt 0.307320 0.243690
vt 0.250113 0.244579
vt 0.254640 0.244495
vt 0.261400 0.243876
vt 0.265025 0.243888
vt 0.269064 0.243996
vt 0.281257 0.243768
vt 0.284435 0.243903
vt 0.287788 0.244018
vt 0.296566 0.243674
vt 0.310320 0.243122
vt 0.250118 0.243809
vt 0.254196 0.243207
vt 0.257003 0.243454
vt 0.261648 0.243138
vt 0.264022 0.243996
vt 0.267504 0.243437
vt 0.272090 0.243941
vt 0.273942 0.243548
vt 0.279893 0.243244
vt 0.285373 0.243518
vt 0.293604 0.244031
vt 0.299397 0.243582
vt 0.308514 0.243006
vt 0.311555 0.243660
vt 0.258153 0.243790
vt 0.269048 0.242882
vt 0.287077 0.243812
vt 0.288631 0.243666
vt 0.289792 0.243169
vt 0.290764 0.243041
vt 0.292942 0.243531
vt 0.298392 0.243357
vt 0.301838 0.243632
vt 0.311986 0.243302
vt 0.312599 0.243525
vt 0.251156 0.243605
vt 0.255893 0.243078
vt 0.263100 0.243621
vt 0.263739 0.243210
vt 0.264543 0.243046
vt 0.277374 0.242713
vt 0.281637 0.243040
vt 0.282700 0.243158
vt 0.286404 0.242855
vt 0.297549 0.243348
vt 0.304489 0.243531
vt 0.260645 0.243128
vt 0.265669 0.242166
vt 0.271670 0.242857
vt 0.272371 0.242542
vt 0.274708 0.242941
vt 0.294953 0.242575
vt 0.295538 0.242594
vt 0.302109 0.242842
vt 0.305658 0.242561
vt 0.306387 0.242714
vt 0.251396 0.242514
vt 0.253218 0.242924
vt 0.255325 0.242508
vt 0.258444 0.242747
vt 0.259470 0.242876
vt 0.262692 0.242874
vt 0.273595 0.242854
vt 0.278221 0.242965
vt 0.283381 0.242722
vt 0.287494 0.242566
vt 0.288893 0.242107
vt 0.293451 0.242763
vt 0.304582 0.242836
vt 0.252596 0.241662
vt 0.266918 0.242579
vt 0.269493 0.242315
vt 0.275884 0.242327
vt 0.280583 0.241977
vt 0.285016 0.242824
vt 0.291697 0.242481
vt 0.292674 0.242200
vt 0.296418 0.242708
vt 0.297322 0.242640
vt 0.299035 0.241642
vt 0.254667 0.242213
vt 0.256969 0.241552
vt 0.264160 0.242122
vt 0.278944 0.242253
vt 0.283478 0.241966
vt 0.297304 0.241671
vt 0.303194 0.242421
vt 0.307216 0.242079
vt 0.312593 0.241869
vt 0.250107 0.242050
vt 0.258949 0.242253
vt 0.260816 0.242072
vt 0.261993 0.241859
vt 0.267355 0.241604
vt 0.271720 0.242089
vt 0.286267 0.241967
vt 0.289831 0.241891
vt 0.290813 0.241126
vt 0.294108 0.242071
vt 0.299614 0.241473
vt 0.304150 0.241904
vt 0.306529 0.241996
vt 0.310317 0.241107
vt 0.251260 0.241620
vt 0.253468 0.241543
vt 0.257416 0.241499
vt 0.268412 0.242243
vt 0.271155 0.241496
vt 0.273813 0.241835
vt 0.275042 0.241764
vt 0.276524 0.240959
vt 0.277897 0.241431
vt 0.282075 0.241232
vt 0.296025 0.241938
vt 0.300478 0.241061
vt 0.308554 0.241875
vt 0.255078 0.241230
vt 0.258120 0.241206
vt 0.259658 0.241427
vt 0.283884 0.240742
vt 0.284954 0.241346
vt 0.302150 0.240641
vt 0.304840 0.241173
vt 0.306110 0.241634
vt 0.263404 0.240965
vt 0.266095 0.241534
vt 0.268012 0.240863
vt 0.271340 0.240598
vt 0.278954 0.241258
vt 0.299931 0.240966
vt 0.301659 0.240843
vt 0.303715 0.240963
vt 0.306449 0.241427
vt 0.309006 0.241013
vt 0.272942 0.240247
vt 0.274878 0.241278
vt 0.280847 0.240851
vt 0.286042 0.240937
vt 0.288410 0.241161
vt 0.291876 0.240743
vt 0.293342 0.240941
vt 0.294209 0.240849
vt 0.296486 0.240877
vt 0.308239 0.240358
vt 0.251143 0.240567
vt 0.259571 0.240659
vt 0.260738 0.240931
vt 0.261690 0.240560
vt 0.268947 0.240049
vt 0.282921 0.240913
vt 0.287228 0.240490
vt 0.298268 0.240900
vt 0.306664 0.240697
vt 0.310709 0.240183
vt 0.250116 0.239982
vt 0.252451 0.241056
vt 0.265879 0.240432
vt 0.270599 0.240763
vt 0.274848 0.240732
vt 0.279715 0.240569
vt 0.281219 0.240253
vt 0.289008 0.240845
vt 0.289771 0.240414
vt 0.295736 0.240628
vt 0.312598 0.240981
vt 0.252470 0.240036
vt 0.255557 0.239673
vt 0.256913 0.239839
vt 0.258332 0.239786
vt 0.264914 0.240180
vt 0.267771 0.239918
vt 0.278260 0.240458
vt 0.285316 0.240272
vt 0.297458 0.239883
vt 0.299656 0.239991
vt 0.311768 0.239564
vt 0.250917 0.239456
vt 0.253285 0.239861
vt 0.259945 0.240040
vt 0.271574 0.240016
vt 0.281742 0.239938
vt 0.282802 0.240107
vt 0.284412 0.240212
vt 0.295082 0.239822
vt 0.300487 0.240347
vt 0.302177 0.239781
vt 0.259085 0.239484
vt 0.262279 0.239227
vt 0.288748 0.239476
vt 0.303307 0.239588
vt 0.304252 0.240302
vt 0.307270 0.239908
vt 0.312594 0.238963
vt 0.263703 0.240170
vt 0.270080 0.239550
vt 0.275760 0.239733
vt 0.277094 0.239177
vt 0.279052 0.239721
vt 0.280329 0.239327
vt 0.285666 0.239835
vt 0.293109 0.238886
vt 0.296040 0.239493
vt 0.298657 0.239053
vt 0.305042 0.239422
vt 0.310151 0.239334
vt 0.261055 0.239336
vt 0.265058 0.239256
vt 0.266598 0.239569
vt 0.272626 0.238680
vt 0.273687 0.239283
vt 0.275234 0.239077
vt 0.277613 0.238878
vt 0.283515 0.238631
vt 0.284317 0.239383
vt 0.285325 0.239627
vt 0.289906 0.239133
vt 0.290940 0.239200
vt 0.293877 0.239573
vt 0.254496 0.238435
vt 0.259822 0.239028
vt 0.263401 0.239080
vt 0.265864 0.238810
vt 0.268442 0.238453
vt 0.275755 0.238376
vt 0.287085 0.238949
vt 0.300160 0.239133
vt 0.302180 0.238891
vt 0.305778 0.237941
vt 0.307795 0.239333
vt 0.250117 0.237837
vt 0.252293 0.238270
vt 0.255956 0.239003
vt 0.267516 0.238310
vt 0.271813 0.238573
vt 0.274788 0.238055
vt 0.281369 0.238458
vt 0.282061 0.238579
vt 0.294455 0.238610
vt 0.297477 0.239054
vt 0.304354 0.238386
vt 0.308570 0.239099
vt 0.257202 0.238671
vt 0.260572 0.238087
vt 0.263724 0.238248
vt 0.266526 0.238053
vt 0.273892 0.238707
vt 0.278406 0.238779
vt 0.279212 0.238678
vt 0.280574 0.238450
vt 0.288277 0.238636
vt 0.293180 0.237815
vt 0.302927 0.238672
vt 0.310916 0.238383
vt 0.250833 0.238150
vt 0.253428 0.237771
vt 0.259325 0.238247
vt 0.264727 0.238070
vt 0.269299 0.237569
vt 0.270316 0.237016
vt 0.277386 0.238020
vt 0.285533 0.238030
vt 0.299925 0.238497
vt 0.301796 0.237794
vt 0.308148 0.238609
vt 0.255674 0.237838
vt 0.278377 0.238135
vt 0.279867 0.238086
vt 0.282417 0.238140
vt 0.287183 0.238476
vt 0.291197 0.237855
vt 0.296902 0.238030
vt 0.297721 0.238171
vt 0.299098 0.237816
vt 0.258040 0.237712
vt 0.259935 0.237780
vt 0.286201 0.237696
vt 0.289148 0.236552
vt 0.303987 0.237407
vt 0.309049 0.238104
vt 0.256231 0.237712
vt 0.262034 0.237494
vt 0.272603 0.236752
vt 0.274031 0.237126
vt 0.281878 0.237192
vt 0.282698 0.237379
vt 0.287203 0.237430
vt 0.288430 0.237012
vt 0.293628 0.237180
vt 0.295164 0.237674
vt 0.300068 0.237451
vt 0.300941 0.237256
vt 0.303484 0.237281
vt 0.307901 0.236801
vt 0.257290 0.237297
vt 0.259022 0.237525
vt 0.272006 0.236890
vt 0.275173 0.237096
vt 0.276139 0.236744
vt 0.278438 0.237394
vt 0.297520 0.236806
vt 0.298651 0.237234
vt 0.306848 0.237265
vt 0.311290 0.236805
vt 0.251803 0.237268
vt 0.253221 0.237339
vt 0.254557 0.236042
vt 0.259627 0.236915
vt 0.261185 0.236285
vt 0.267638 0.236458
vt 0.280997 0.237169
vt 0.283583 0.236637
vt 0.284580 0.236503
vt 0.291096 0.236923
vt 0.304475 0.236863
vt 0.305498 0.236569
vt 0.309837 0.236898
vt 0.257505 0.236510
vt 0.263532 0.236843
vt 0.264019 0.236055
vt 0.269653 0.236496
vt 0.277930 0.236231
vt 0.279481 0.236324
vt 0.296362 0.236472
vt 0.306787 0.236347
vt 0.312596 0.236902
vt 0.250112 0.236856
vt 0.252394 0.236114
vt 0.256713 0.236835
vt 0.281878 0.236206
vt 0.285689 0.236818
vt 0.287000 0.236081
vt 0.287532 0.236809
vt 0.292445 0.236527
vt 0.293724 0.236338
vt 0.294660 0.237024
vt 0.299208 0.236437
vt 0.300245 0.236047
vt 0.301531 0.236610
vt 0.308598 0.236584
vt 0.255896 0.236007
vt 0.261596 0.236080
vt 0.282500 0.236506
vt 0.285520 0.235712
vt 0.295281 0.236050
vt 0.302779 0.236259
vt 0.303435 0.236081
vt 0.254092 0.235745
vt 0.258549 0.236133
vt 0.260364 0.235641
vt 0.262464 0.235962
vt 0.267038 0.236079
vt 0.274710 0.235448
vt 0.279949 0.235951
vt 0.294531 0.236180
vt 0.297872 0.236291
vt 0.298466 0.235829
vt 0.309999 0.235744
vt 0.312595 0.235750
vt 0.263458 0.235843
vt 0.283055 0.235773
vt 0.284570 0.235401
vt 0.289512 0.235551
vt 0.297190 0.235708
vt 0.303794 0.235559
vt 0.311509 0.236310
vt 0.258971 0.235186
vt 0.271184 0.235434
vt 0.277015 0.235499
vt 0.290493 0.235132
vt 0.291676 0.235916
vt 0.292402 0.235436
vt 0.301640 0.234999
vt 0.305404 0.235806
vt 0.308436 0.234971
vt 0.310839 0.235436
vt 0.250109 0.234850
vt 0.250958 0.234887
vt 0.257328 0.235229
vt 0.269340 0.235078
vt 0.277560 0.235066
vt 0.281216 0.235589
vt 0.288449 0.235002
vt 0.299130 0.234892
vt 0.300876 0.234996
vt 0.302514 0.235261
vt 0.252920 0.234857
vt 0.254262 0.235004
vt 0.262637 0.235281
vt 0.267991 0.234806
vt 0.272008 0.234759
vt 0.280970 0.235128
vt 0.286885 0.235002
vt 0.287361 0.234579
vt 0.293303 0.234847
vt 0.296437 0.234757
vt 0.297976 0.235105
vt 0.306033 0.235083
vt 0.307015 0.235099
vt 0.255518 0.234040
vt 0.257877 0.234542
vt 0.264092 0.234511
vt 0.266327 0.234526
vt 0.270410 0.233706
vt 0.279306 0.234839
vt 0.281339 0.234596
vt 0.282961 0.234551
vt 0.291702 0.234783
vt 0.297420 0.234202
vt 0.311700 0.234754
vt 0.259621 0.234399
vt 0.262148 0.234855
vt 0.275195 0.234974
vt 0.280312 0.234362
vt 0.285312 0.234532
vt 0.289680 0.234563
vt 0.294466 0.234384
vt 0.302635 0.234352
vt 0.304665 0.234396
vt 0.309714 0.233977
vt 0.312597 0.234101
vt 0.258701 0.234516
vt 0.272167 0.233862
vt 0.273337 0.233587
vt 0.277874 0.234409
vt 0.281895 0.234340
vt 0.290838 0.234116
vt 0.298515 0.233888
vt 0.303499 0.234675
vt 0.306363 0.233864
vt 0.250116 0.233454
vt 0.250743 0.233751
vt 0.251812 0.233685
vt 0.260828 0.233671
vt 0.269042 0.233771
vt 0.277110 0.233239
vt 0.278491 0.233859
vt 0.279389 0.233974
vt 0.284187 0.233982
vt 0.286860 0.234190
vt 0.291580 0.234042
vt 0.296367 0.234138
vt 0.299438 0.234482
vt 0.301233 0.234009
vt 0.254880 0.233972
vt 0.263555 0.233919
vt 0.267279 0.233121
vt 0.274529 0.233944
vt 0.290155 0.234174
vt 0.293431 0.233491
vt 0.300089 0.234015
vt 0.303965 0.233765
vt 0.307558 0.234169
vt 0.308541 0.233288
vt 0.310760 0.233822
vt 0.253956 0.233131
vt 0.256489 0.232909
vt 0.258679 0.233643
vt 0.261967 0.233589
vt 0.266317 0.233190
vt 0.285304 0.233153
vt 0.288150 0.233563
vt 0.290483 0.233474
vt 0.297260 0.233664
vt 0.252247 0.233111
vt 0.255166 0.233194
vt 0.258922 0.232912
vt 0.280069 0.233459
vt 0.283266 0.233547
vt 0.292239 0.233209
vt 0.294381 0.233104
vt 0.305199 0.233226
vt 0.256457 0.232254
vt 0.261221 0.232909
vt 0.283675 0.232902
vt 0.286332 0.233395
vt 0.289284 0.233169
vt 0.295974 0.233134
vt 0.297721 0.233066
vt 0.300902 0.233281
vt 0.301815 0.233483
vt 0.307294 0.233212
vt 0.311395 0.233274
vt 0.250808 0.232652
vt 0.257657 0.232382
vt 0.260082 0.232866
vt 0.269035 0.232632
vt 0.271910 0.232132
vt 0.274438 0.232718
vt 0.280565 0.233069
vt 0.293317 0.232644
vt 0.299363 0.233104
vt 0.300209 0.232164
vt 0.302729 0.233019
vt 0.305428 0.232457
vt 0.309923 0.232754
vt 0.312596 0.232590
vt 0.263394 0.232089
vt 0.264643 0.232544
vt 0.267784 0.232763
vt 0.279668 0.232571
vt 0.281237 0.232485
vt 0.281943 0.232561
vt 0.286510 0.231842
vt 0.287441 0.232603
vt 0.288386 0.232792
vt 0.289967 0.232216
vt 0.295529 0.232234
vt 0.296046 0.231855
vt 0.298324 0.232576
vt 0.301831 0.232682
vt 0.303527 0.232391
vt 0.255262 0.232473
vt 0.258247 0.231690
vt 0.266458 0.232099
vt 0.269759 0.232360
vt 0.273318 0.232434
vt 0.275366 0.231988
vt 0.277262 0.231087
vt 0.279104 0.232207
vt 0.284022 0.231879
vt 0.299128 0.232230
vt 0.307292 0.232584
vt 0.310663 0.232278
vt 0.250113 0.231749
vt 0.254025 0.231199
vt 0.255620 0.231569
vt 0.259804 0.231943
vt 0.283670 0.232173
vt 0.285101 0.231925
vt 0.291263 0.231671
vt 0.292182 0.231833
vt 0.293943 0.231674
vt 0.300801 0.232683
vt 0.304631 0.231616
vt 0.305488 0.231280
vt 0.308336 0.232081
vt 0.311833 0.231407
vt 0.250607 0.231512
vt 0.253155 0.231334
vt 0.260767 0.232158
vt 0.270409 0.231400
vt 0.273727 0.231656
vt 0.276494 0.231131
vt 0.297328 0.231623
vt 0.301425 0.232072
vt 0.251787 0.231511
vt 0.262146 0.230903
vt 0.264188 0.231770
vt 0.267641 0.231393
vt 0.275147 0.231229
vt 0.281757 0.231064
vt 0.288137 0.232105
vt 0.288559 0.231339
vt 0.294743 0.231669
vt 0.302305 0.231833
vt 0.309343 0.231633
vt 0.312600 0.231538
vt 0.256453 0.231539
vt 0.265523 0.231732
vt 0.268696 0.231319
vt 0.269442 0.231445
vt 0.272088 0.230900
vt 0.275835 0.231291
vt 0.285089 0.231147
vt 0.288921 0.231007
vt 0.292378 0.230489
vt 0.297967 0.230937
vt 0.300658 0.230790
vt 0.302482 0.230753
vt 0.307725 0.230469
vt 0.310214 0.231679
vt 0.252162 0.230502
vt 0.257601 0.231301
vt 0.259241 0.231440
vt 0.260524 0.231023
vt 0.261321 0.230790
vt 0.274794 0.231198
vt 0.279437 0.230938
vt 0.280912 0.230364
vt 0.287149 0.231194
vt 0.289775 0.230492
vt 0.296413 0.230894
vt 0.298854 0.230583
vt 0.304201 0.231181
vt 0.306181 0.230934
vt 0.251481 0.231250
vt 0.263277 0.230467
vt 0.266386 0.230672
vt 0.267196 0.230156
vt 0.284077 0.231246
vt 0.291363 0.231032
vt 0.293754 0.230840
vt 0.301281 0.230832
vt 0.302106 0.230643
vt 0.308694 0.230725
vt 0.309711 0.230374
vt 0.251132 0.230639
vt 0.256549 0.230645
vt 0.264536 0.230013
vt 0.265435 0.230638
vt 0.268204 0.230509
vt 0.274196 0.229849
vt 0.274761 0.230256
vt 0.285939 0.230709
vt 0.294454 0.230124
vt 0.310956 0.230413
vt 0.250119 0.230024
vt 0.253839 0.230496
vt 0.255169 0.229874
vt 0.257666 0.230782
vt 0.257870 0.229924
vt 0.271104 0.229758
vt 0.273389 0.230457
vt 0.275442 0.230439
vt 0.282798 0.230111
vt 0.284167 0.230238
vt 0.287594 0.229702
vt 0.290592 0.230184
vt 0.293281 0.230214
vt 0.306022 0.229982
vt 0.257158 0.229941
vt 0.258659 0.229791
vt 0.259319 0.230046
vt 0.259989 0.229783
vt 0.261321 0.229839
vt 0.263284 0.229334
vt 0.269807 0.230003
vt 0.278123 0.229546
vt 0.279570 0.230260
vt 0.286129 0.229331
vt 0.288506 0.229731
vt 0.296375 0.230071
vt 0.299788 0.230145
vt 0.301183 0.229904
vt 0.311918 0.230080
vt 0.251116 0.229902
vt 0.252442 0.229370
vt 0.272234 0.229477
vt 0.275499 0.229797
vt 0.280681 0.229924
vt 0.281464 0.229563
vt 0.303694 0.229772
vt 0.305084 0.229576
vt 0.306424 0.230031
vt 0.312599 0.229246
vt 0.262313 0.229692
vt 0.265958 0.229520
vt 0.273771 0.229556
vt 0.276614 0.229342
vt 0.279911 0.229444
vt 0.285082 0.229124
vt 0.289943 0.229688
vt 0.291533 0.229687
vt 0.295222 0.229614
vt 0.297276 0.229519
vt 0.300254 0.229122
vt 0.301260 0.228964
vt 0.308221 0.229075
vt 0.250120 0.229619
vt 0.253744 0.229303
vt 0.264532 0.229369
vt 0.269072 0.229106
vt 0.283055 0.228865
vt 0.287711 0.228587
vt 0.293821 0.229185
vt 0.298742 0.229091
vt 0.309817 0.229338
vt 0.255547 0.229369
vt 0.259527 0.229111
vt 0.260478 0.228714
vt 0.267778 0.228702
vt 0.270391 0.229036
vt 0.277537 0.228935
vt 0.281603 0.228845
vt 0.287211 0.229012
vt 0.290295 0.228587
vt 0.302542 0.228856
vt 0.305814 0.228935
vt 0.307495 0.228996
vt 0.311246 0.229179
vt 0.251241 0.228839
vt 0.251847 0.228416
vt 0.254612 0.228833
vt 0.256661 0.229089
vt 0.258267 0.228972
vt 0.261648 0.228864
vt 0.265540 0.228716
vt 0.266939 0.229058
vt 0.271430 0.228621
vt 0.273074 0.228992
vt 0.284023 0.228622
vt 0.289619 0.229080
vt 0.292814 0.228391
vt 0.296376 0.228807
vt 0.304268 0.229023
vt 0.250113 0.229085
vt 0.252663 0.228033
vt 0.257140 0.228239
vt 0.261002 0.228568
vt 0.263759 0.228209
vt 0.271878 0.228103
vt 0.275008 0.228538
vt 0.280891 0.228529
vt 0.285645 0.228535
vt 0.291225 0.228399
vt 0.291894 0.228037
vt 0.294722 0.228706
vt 0.299822 0.228123
vt 0.304593 0.227996
vt 0.255393 0.228220
vt 0.256037 0.228400
vt 0.266613 0.228120
vt 0.276594 0.228091
vt 0.279958 0.227819
vt 0.293251 0.227370
vt 0.295710 0.228414
vt 0.298473 0.227939
vt 0.309037 0.228142
vt 0.311568 0.228069
vt 0.250110 0.227881
vt 0.262164 0.227641
vt 0.265177 0.228007
vt 0.268500 0.228382
vt 0.269986 0.228171
vt 0.270658 0.227357
vt 0.273700 0.227776
vt 0.277624 0.227751
vt 0.283028 0.227879
vt 0.286216 0.228134
vt 0.303367 0.228156
vt 0.305541 0.227704
vt 0.308350 0.227638
vt 0.310322 0.228018
vt 0.312591 0.227622
vt 0.254822 0.228228
vt 0.258577 0.227685
vt 0.259421 0.227379
vt 0.260206 0.228051
vt 0.272469 0.227571
vt 0.272870 0.227172
vt 0.274606 0.227785
vt 0.281701 0.227830
vt 0.288270 0.227865
vt 0.294481 0.227886
vt 0.295663 0.228029
vt 0.297370 0.228290
vt 0.251127 0.227663
vt 0.251645 0.226869
vt 0.253837 0.227324
vt 0.255539 0.227296
vt 0.260751 0.227219
vt 0.262723 0.227248
vt 0.267603 0.227600
vt 0.275403 0.227501
vt 0.284609 0.227715
vt 0.286772 0.227539
vt 0.301348 0.227257
vt 0.302043 0.227304
vt 0.307330 0.227352
vt 0.252937 0.227368
vt 0.257370 0.227569
vt 0.264207 0.227313
vt 0.268403 0.226771
vt 0.278966 0.226847
vt 0.280805 0.227483
vt 0.292223 0.227473
vt 0.296318 0.226809
vt 0.309095 0.227056
vt 0.254906 0.226599
vt 0.265967 0.227207
vt 0.266348 0.226807
vt 0.276509 0.227219
vt 0.285844 0.226534
vt 0.289716 0.226709
vt 0.291211 0.226834
vt 0.294324 0.227145
vt 0.297904 0.227184
vt 0.299373 0.227261
vt 0.302739 0.227179
vt 0.256235 0.227083
vt 0.258395 0.227153
vt 0.271512 0.226842
vt 0.274325 0.226216
vt 0.284404 0.227101
vt 0.287897 0.226812
vt 0.295149 0.227008
vt 0.303505 0.226662
vt 0.310695 0.227095
vt 0.250113 0.226924
vt 0.256939 0.226685
vt 0.261192 0.226879
vt 0.262051 0.226806
vt 0.264051 0.226644
vt 0.264658 0.226712
vt 0.267330 0.226758
vt 0.275946 0.226578
vt 0.281625 0.226257
vt 0.282823 0.226004
vt 0.283114 0.226664
vt 0.287169 0.226991
vt 0.292407 0.226599
vt 0.294362 0.226370
vt 0.304421 0.226591
vt 0.306508 0.225778
vt 0.309538 0.225638
vt 0.312597 0.226500
vt 0.250115 0.225887
vt 0.252944 0.226324
vt 0.262467 0.226325
vt 0.262920 0.226368
vt 0.280095 0.226133
vt 0.284537 0.226521
vt 0.286807 0.226113
vt 0.292085 0.226163
vt 0.298187 0.226183
vt 0.305096 0.225962
vt 0.307956 0.225373
vt 0.311317 0.226385
vt 0.250572 0.225986
vt 0.254038 0.225659
vt 0.258078 0.226594
vt 0.260645 0.225872
vt 0.269256 0.226087
vt 0.270445 0.226014
vt 0.272335 0.226189
vt 0.273107 0.225636
vt 0.293106 0.226236
vt 0.297133 0.226472
vt 0.299640 0.225894
vt 0.301114 0.226037
vt 0.305831 0.226147
vt 0.254536 0.225509
vt 0.256385 0.225906
vt 0.259834 0.225989
vt 0.265445 0.226122
vt 0.267495 0.225956
vt 0.277649 0.225593
vt 0.288264 0.225611
vt 0.289502 0.226032
vt 0.296089 0.225911
vt 0.302181 0.225348
vt 0.303833 0.226156
vt 0.251670 0.225738
vt 0.252646 0.225405
vt 0.253449 0.225624
vt 0.258871 0.225642
vt 0.263375 0.225609
vt 0.264286 0.225636
vt 0.265989 0.225777
vt 0.269026 0.225455
vt 0.271320 0.225544
vt 0.274158 0.225562
vt 0.279593 0.224785
vt 0.285611 0.225493
vt 0.291277 0.225538
vt 0.303845 0.225694
vt 0.309001 0.225743
vt 0.312073 0.225750
vt 0.261603 0.225495
vt 0.262732 0.225525
vt 0.272038 0.225522
vt 0.278717 0.225269
vt 0.280929 0.224952
vt 0.281717 0.224919
vt 0.287363 0.225607
vt 0.293596 0.224623
vt 0.295343 0.225273
vt 0.297000 0.225797
vt 0.304840 0.225195
vt 0.310183 0.225090
vt 0.311155 0.224768
vt 0.312592 0.225093
vt 0.250527 0.224335
vt 0.257228 0.224311
vt 0.257996 0.224900
vt 0.260039 0.225082
vt 0.270363 0.224938
vt 0.275724 0.224649
vt 0.280255 0.224748
vt 0.282532 0.224505
vt 0.284460 0.225415
vt 0.288941 0.224999
vt 0.289870 0.224958
vt 0.292396 0.224860
vt 0.298746 0.224558
vt 0.302873 0.225191
vt 0.305699 0.224580
vt 0.252105 0.224672
vt 0.254326 0.224976
vt 0.256159 0.225240
vt 0.261652 0.224532
vt 0.263487 0.224830
vt 0.264859 0.224891
vt 0.266472 0.224748
vt 0.267821 0.225082
vt 0.278018 0.224550
vt 0.286433 0.224440
vt 0.288132 0.224901
vt 0.296825 0.224680
vt 0.299294 0.224442
vt 0.300697 0.224810
vt 0.307378 0.224713
vt 0.253346 0.224632
vt 0.254903 0.224071
vt 0.258992 0.224745
vt 0.269090 0.224050
vt 0.272060 0.224559
vt 0.276277 0.224180
vt 0.287241 0.223898
vt 0.293553 0.224037
vt 0.302752 0.224322
vt 0.303799 0.224880
vt 0.308087 0.224343
vt 0.312616 0.224571
vt 0.250112 0.224476
vt 0.251669 0.223930
vt 0.256503 0.224200
vt 0.260723 0.224472
vt 0.273838 0.224027
vt 0.281251 0.224436
vt 0.283044 0.224065
vt 0.283896 0.223941
vt 0.285154 0.224172
vt 0.287897 0.223622
vt 0.291212 0.224117
vt 0.301975 0.224799
vt 0.304293 0.223667
vt 0.309898 0.223884
vt 0.255824 0.223784
vt 0.258564 0.223951
vt 0.267181 0.223785
vt 0.267806 0.223456
vt 0.272611 0.224071
vt 0.278974 0.223581
vt 0.295705 0.223548
vt 0.297604 0.223553
vt 0.299917 0.223868
vt 0.303645 0.224299
vt 0.252812 0.223617
vt 0.253582 0.223857
vt 0.262593 0.223511
vt 0.263641 0.223711
vt 0.264958 0.223494
vt 0.266084 0.223856
vt 0.270131 0.224069
vt 0.271513 0.223754
vt 0.288751 0.223600
vt 0.294557 0.223602
vt 0.300888 0.223763
vt 0.306900 0.223372
vt 0.308587 0.223714
vt 0.311607 0.223789
vt 0.250105 0.223837
vt 0.250124 0.223403
vt 0.260955 0.223776
vt 0.280019 0.223697
vt 0.282090 0.223629
vt 0.289699 0.223424
vt 0.292543 0.223747
vt 0.301307 0.223182
vt 0.302898 0.223859
vt 0.254888 0.223640
vt 0.257867 0.223559
vt 0.258879 0.223246
vt 0.269309 0.223007
vt 0.273337 0.223506
vt 0.276523 0.223230
vt 0.284795 0.223179
vt 0.285618 0.223411
vt 0.292132 0.223140
vt 0.299693 0.222897
vt 0.305855 0.223386
vt 0.308848 0.223020
vt 0.310984 0.223378
vt 0.312595 0.223423
vt 0.251061 0.223178
vt 0.251609 0.223334
vt 0.256738 0.223336
vt 0.261710 0.223111
vt 0.268573 0.223185
vt 0.270143 0.222529
vt 0.271926 0.222325
vt 0.274639 0.222613
vt 0.277043 0.222313
vt 0.278348 0.222374
vt 0.280978 0.223197
vt 0.292700 0.222709
vt 0.302854 0.223296
vt 0.304418 0.223147
vt 0.252123 0.222894
vt 0.253829 0.222811
vt 0.259457 0.223108
vt 0.259720 0.222557
vt 0.260391 0.222372
vt 0.262949 0.223010
vt 0.266074 0.222534
vt 0.273116 0.223016
vt 0.275614 0.222489
vt 0.279759 0.223010
vt 0.281352 0.222718
vt 0.282710 0.223007
vt 0.294935 0.222760
vt 0.297309 0.222563
vt 0.298718 0.222636
vt 0.300589 0.223005
vt 0.305220 0.222180
vt 0.307556 0.223068
vt 0.250126 0.222995
vt 0.253134 0.222674
vt 0.254851 0.222747
vt 0.257054 0.221908
vt 0.263517 0.222181
vt 0.264481 0.222610
vt 0.288398 0.222693
vt 0.291434 0.222433
vt 0.296078 0.222256
vt 0.300204 0.222477
vt 0.302304 0.222342
vt 0.303886 0.222620
vt 0.306697 0.222845
vt 0.312173 0.222826
vt 0.250114 0.222548
vt 0.251091 0.222442
vt 0.255876 0.222274
vt 0.267031 0.221606
vt 0.267848 0.222704
vt 0.284018 0.222031
vt 0.285424 0.221960
vt 0.287405 0.222268
vt 0.294204 0.222410
vt 0.297932 0.222263
vt 0.307836 0.222376
vt 0.308574 0.222072
vt 0.310472 0.222169
vt 0.311124 0.222740
vt 0.312596 0.222326
vt 0.250055 0.222259
vt 0.251880 0.221701
vt 0.262125 0.221922
vt 0.262776 0.222279
vt 0.268809 0.221962
vt 0.276220 0.222494
vt 0.277242 0.221732
vt 0.281916 0.222136
vt 0.282550 0.221762
vt 0.288947 0.221937
vt 0.290958 0.221892
vt 0.301052 0.221691
vt 0.303415 0.221742
vt 0.305904 0.222117
vt 0.311360 0.221757
vt 0.250461 0.221754
vt 0.251205 0.221714
vt 0.253446 0.221513
vt 0.257970 0.221934
vt 0.259166 0.221932
vt 0.270255 0.221862
vt 0.273746 0.221838
vt 0.279428 0.221391
vt 0.280425 0.222130
vt 0.289607 0.222114
vt 0.306403 0.221671
vt 0.309233 0.221792
vt 0.250104 0.221734
vt 0.254270 0.221422
vt 0.259345 0.221344
vt 0.264039 0.221762
vt 0.265898 0.221705
vt 0.275273 0.221620
vt 0.278756 0.222176
vt 0.291859 0.221786
vt 0.292531 0.221051
vt 0.296374 0.221701
vt 0.299065 0.220906
vt 0.302672 0.221236
vt 0.312597 0.221205
vt 0.255212 0.221261
vt 0.255737 0.221506
vt 0.256353 0.221121
vt 0.259993 0.221169
vt 0.263096 0.221613
vt 0.264790 0.221286
vt 0.266582 0.221029
vt 0.268059 0.220897
vt 0.271085 0.220664
vt 0.281242 0.221042
vt 0.290349 0.221480
vt 0.294109 0.221304
vt 0.298245 0.221249
vt 0.307231 0.221384
vt 0.307873 0.221079
vt 0.257607 0.221519
vt 0.260807 0.220875
vt 0.268894 0.220480
vt 0.272746 0.220716
vt 0.278398 0.221304
vt 0.280488 0.221307
vt 0.282697 0.220274
vt 0.284499 0.220959
vt 0.286275 0.221210
vt 0.288616 0.220215
vt 0.295346 0.220860
vt 0.305375 0.220789
vt 0.308665 0.221254
vt 0.310214 0.220914
vt 0.252587 0.220629
vt 0.253653 0.220482
vt 0.262021 0.220437
vt 0.267266 0.220885
vt 0.276658 0.220874
vt 0.277458 0.220928
vt 0.287764 0.220808
vt 0.289412 0.220647
vt 0.300575 0.220844
vt 0.303794 0.221008
vt 0.306306 0.220828
vt 0.311108 0.220721
vt 0.250117 0.220859
vt 0.251618 0.220400
vt 0.256876 0.220297
vt 0.259012 0.220064
vt 0.261245 0.219924
vt 0.270365 0.220462
vt 0.274349 0.220270
vt 0.275583 0.221073
vt 0.278832 0.220682
vt 0.279213 0.220063
vt 0.291702 0.220040
vt 0.297738 0.220665
vt 0.304705 0.220476
vt 0.309367 0.220646
vt 0.257268 0.219617
vt 0.263029 0.220135
vt 0.264405 0.220520
vt 0.265300 0.220148
vt 0.276295 0.220382
vt 0.280757 0.220302
vt 0.296174 0.220262
vt 0.300648 0.220102
vt 0.302612 0.220436
vt 0.306630 0.220299
vt 0.308527 0.220398
vt 0.253052 0.220368
vt 0.255329 0.220150
vt 0.260427 0.220149
vt 0.264366 0.220192
vt 0.266262 0.219625
vt 0.271981 0.220277
vt 0.275555 0.219653
vt 0.276909 0.220000
vt 0.278064 0.219942
vt 0.284003 0.219440
vt 0.284950 0.220484
vt 0.286197 0.220293
vt 0.294570 0.219929
vt 0.307269 0.220018
vt 0.310322 0.220224
vt 0.250078 0.220061
vt 0.253999 0.219491
vt 0.254704 0.219519
vt 0.256008 0.219870
vt 0.259470 0.219572
vt 0.261627 0.219273
vt 0.267305 0.219693
vt 0.271353 0.219946
vt 0.272156 0.219851
vt 0.280280 0.219875
vt 0.281391 0.219369
vt 0.290010 0.219277
vt 0.293142 0.219884
vt 0.299125 0.220200
vt 0.299809 0.219833
vt 0.307991 0.219302
vt 0.311024 0.220122
vt 0.264033 0.219016
vt 0.268664 0.219424
vt 0.273946 0.219724
vt 0.275779 0.219212
vt 0.287936 0.219751
vt 0.289113 0.219403
vt 0.297786 0.219693
vt 0.304717 0.219293
vt 0.309501 0.219344
vt 0.311781 0.219526
vt 0.250748 0.219162
vt 0.252150 0.219225
vt 0.262933 0.218627
vt 0.265163 0.219421
vt 0.269290 0.219196
vt 0.282204 0.219050
vt 0.285629 0.219297
vt 0.287091 0.219304
vt 0.295022 0.219351
vt 0.296768 0.219196
vt 0.306296 0.219562
vt 0.312594 0.218976
vt 0.253028 0.219054
vt 0.258042 0.218613
vt 0.277756 0.218914
vt 0.288616 0.218826
vt 0.299530 0.217944
vt 0.303519 0.218764
vt 0.305403 0.218838
vt 0.307303 0.219107
vt 0.310698 0.219028
vt 0.250113 0.219040
vt 0.260097 0.218973
vt 0.261176 0.218423
vt 0.270339 0.218438
vt 0.271143 0.219216
vt 0.272622 0.218708
vt 0.274044 0.218878
vt 0.282722 0.219036
vt 0.283458 0.218366
vt 0.284693 0.218876
vt 0.286467 0.218905
vt 0.289516 0.218880
vt 0.292200 0.218348
vt 0.293784 0.218696
vt 0.300885 0.218522
vt 0.306566 0.219010
vt 0.250953 0.218480
vt 0.253863 0.217826
vt 0.254987 0.217976
vt 0.255804 0.218372
vt 0.257290 0.217993
vt 0.265148 0.218608
vt 0.266699 0.218134
vt 0.271894 0.218549
vt 0.273233 0.218545
vt 0.276544 0.218225
vt 0.280205 0.218903
vt 0.285394 0.218806
vt 0.287589 0.218644
vt 0.291279 0.218362
vt 0.294655 0.218268
vt 0.298322 0.218250
vt 0.308550 0.218609
vt 0.309123 0.218703
vt 0.311248 0.218143
vt 0.250751 0.218008
vt 0.258496 0.217734
vt 0.268542 0.218549
vt 0.275568 0.218209
vt 0.277809 0.218170
vt 0.281638 0.218612
vt 0.287035 0.218132
vt 0.290324 0.218557
vt 0.295957 0.217936
vt 0.297152 0.218035
vt 0.302724 0.218130
vt 0.306157 0.218734
vt 0.307762 0.218161
vt 0.253207 0.218025
vt 0.278690 0.217492
vt 0.287986 0.218293
vt 0.289111 0.217768
vt 0.305518 0.218277
vt 0.306214 0.217893
vt 0.312597 0.217861
vt 0.250103 0.217623
vt 0.251590 0.217486
vt 0.259877 0.217582
vt 0.260480 0.216640
vt 0.263569 0.217952
vt 0.264795 0.217724
vt 0.288485 0.217929
vt 0.289600 0.217600
vt 0.293218 0.217444
vt 0.303997 0.217578
vt 0.308899 0.217882
vt 0.252402 0.217479
vt 0.254035 0.216942
vt 0.256600 0.217431
vt 0.265929 0.217479
vt 0.268649 0.217871
vt 0.271846 0.217468
vt 0.273400 0.217563
vt 0.279994 0.217752
vt 0.281139 0.217512
vt 0.282825 0.217516
vt 0.285603 0.217755
vt 0.291025 0.217515
vt 0.296686 0.217242
vt 0.301567 0.217750
vt 0.310086 0.217183
vt 0.253353 0.217318
vt 0.257443 0.217310
vt 0.270476 0.217759
vt 0.274614 0.217188
vt 0.275928 0.217680
vt 0.284330 0.217455
vt 0.287272 0.217540
vt 0.290370 0.217057
vt 0.291904 0.217387
vt 0.308199 0.217368
vt 0.250535 0.216419
vt 0.255167 0.216963
vt 0.255740 0.217332
vt 0.262164 0.216834
vt 0.267510 0.216913
vt 0.275037 0.216823
vt 0.277697 0.217485
vt 0.283874 0.217004
vt 0.286084 0.216998
vt 0.294803 0.216521
vt 0.297728 0.216833
vt 0.300149 0.216730
vt 0.305226 0.216978
vt 0.306493 0.217175
vt 0.311749 0.217297
vt 0.250112 0.217069
vt 0.263419 0.216595
vt 0.268792 0.216890
vt 0.270977 0.216486
vt 0.276638 0.216645
vt 0.277213 0.217031
vt 0.284919 0.216598
vt 0.287109 0.216303
vt 0.291150 0.216557
vt 0.303103 0.217018
vt 0.309248 0.216186
vt 0.251722 0.216519
vt 0.252596 0.216804
vt 0.256556 0.216666
vt 0.265807 0.216706
vt 0.270028 0.216426
vt 0.272810 0.216293
vt 0.273539 0.216513
vt 0.281339 0.216103
vt 0.282548 0.216174
vt 0.289158 0.216459
vt 0.292336 0.216612
vt 0.301417 0.216140
vt 0.303343 0.216241
vt 0.310851 0.216427
vt 0.312597 0.216400
vt 0.258145 0.216227
vt 0.260212 0.216055
vt 0.271498 0.215645
vt 0.274807 0.216082
vt 0.280244 0.216402
vt 0.293618 0.215464
vt 0.298196 0.215948
vt 0.300783 0.215766
vt 0.302066 0.216369
vt 0.305729 0.216176
vt 0.306826 0.216033
vt 0.311508 0.216413
vt 0.252621 0.216022
vt 0.253431 0.215786
vt 0.255771 0.216362
vt 0.257201 0.216145
vt 0.267158 0.215904
vt 0.269275 0.215535
vt 0.284063 0.216076
vt 0.290690 0.216216
vt 0.291453 0.216116
vt 0.296229 0.215762
vt 0.302332 0.215845
vt 0.308496 0.215704
vt 0.250093 0.216022
vt 0.254394 0.215668
vt 0.258913 0.215905
vt 0.259534 0.215750
vt 0.261014 0.215561
vt 0.267748 0.215070
vt 0.277258 0.216354
vt 0.285663 0.216164
vt 0.292170 0.215811
vt 0.292899 0.215966
vt 0.304529 0.215534
vt 0.251519 0.215644
vt 0.256360 0.215454
vt 0.263181 0.215330
vt 0.264070 0.214413
vt 0.276283 0.215205
vt 0.279209 0.215124
vt 0.286044 0.215479
vt 0.291681 0.215583
vt 0.294677 0.215664
vt 0.298729 0.215214
vt 0.306424 0.215500
vt 0.310374 0.215387
vt 0.311694 0.215122
vt 0.312595 0.216027
vt 0.250105 0.215771
vt 0.255700 0.215171
vt 0.257458 0.215514
vt 0.265545 0.215377
vt 0.269399 0.214650
vt 0.272879 0.215502
vt 0.273834 0.215065
vt 0.282087 0.215348
vt 0.287504 0.215736
vt 0.288598 0.215603
vt 0.290250 0.215219
vt 0.291234 0.215404
vt 0.254246 0.214781
vt 0.258920 0.214871
vt 0.274782 0.215289
vt 0.277955 0.215172
vt 0.283542 0.215165
vt 0.289023 0.214208
vt 0.297549 0.215316
vt 0.300296 0.215016
vt 0.301210 0.214986
vt 0.309252 0.215282
vt 0.250114 0.215108
vt 0.251989 0.214730
vt 0.252970 0.214668
vt 0.254806 0.215061
vt 0.256807 0.214770
vt 0.260597 0.215010
vt 0.280733 0.214660
vt 0.284315 0.214683
vt 0.286255 0.214486
vt 0.287462 0.214758
vt 0.291999 0.215141
vt 0.294564 0.214516
vt 0.298189 0.214750
vt 0.302632 0.213651
vt 0.303619 0.214843
vt 0.309942 0.214902
vt 0.251081 0.214949
vt 0.258261 0.214779
vt 0.261898 0.214370
vt 0.266580 0.213846
vt 0.268623 0.214642
vt 0.295645 0.213858
vt 0.298754 0.214585
vt 0.299256 0.214337
vt 0.311029 0.214641
vt 0.312595 0.214745
vt 0.251815 0.214053
vt 0.255133 0.214401
vt 0.264873 0.214059
vt 0.270484 0.214376
vt 0.271655 0.214234
vt 0.273257 0.214117
vt 0.274992 0.213958
vt 0.277980 0.214055
vt 0.279789 0.214284
vt 0.282158 0.214435
vt 0.290559 0.214148
vt 0.291388 0.214418
vt 0.292349 0.214387
vt 0.292816 0.213979
vt 0.300542 0.213860
vt 0.305554 0.214099
vt 0.307704 0.214557
vt 0.311672 0.214259
vt 0.259866 0.214023
vt 0.275847 0.213202
vt 0.282011 0.213462
vt 0.285330 0.213925
vt 0.296475 0.214051
vt 0.304430 0.213461
vt 0.309596 0.213884
vt 0.253652 0.213356
vt 0.256015 0.214267
vt 0.256781 0.213577
vt 0.267858 0.213596
vt 0.270010 0.213212
vt 0.283928 0.213816
vt 0.293131 0.213670
vt 0.301243 0.213508
vt 0.312590 0.213755
vt 0.250110 0.213738
vt 0.250869 0.213842
vt 0.252697 0.213445
vt 0.257748 0.213397
vt 0.258859 0.213305
vt 0.262161 0.213760
vt 0.274318 0.213205
vt 0.274955 0.213332
vt 0.287273 0.213588
vt 0.289857 0.213539
vt 0.292190 0.213626
vt 0.297818 0.213795
vt 0.299918 0.213928
vt 0.303330 0.213395
vt 0.306990 0.213463
vt 0.311293 0.213356
vt 0.254231 0.213093
vt 0.260303 0.213258
vt 0.272463 0.213300
vt 0.280610 0.213021
vt 0.286356 0.213383
vt 0.291866 0.212580
vt 0.296854 0.213532
vt 0.299010 0.213317
vt 0.250113 0.212537
vt 0.251201 0.213050
vt 0.253040 0.213375
vt 0.255353 0.213040
vt 0.256129 0.212990
vt 0.262712 0.212681
vt 0.277353 0.212871
vt 0.278782 0.212921
vt 0.290600 0.212861
vt 0.293653 0.213199
vt 0.261306 0.213024
vt 0.265615 0.212405
vt 0.268264 0.211858
vt 0.283241 0.212722
vt 0.285142 0.212937
vt 0.289077 0.212240
vt 0.294106 0.212648
vt 0.300480 0.212970
vt 0.302421 0.212620
vt 0.307039 0.212657
vt 0.309826 0.212501
vt 0.312599 0.213287
vt 0.250750 0.212317
vt 0.252124 0.212197
vt 0.252623 0.212891
vt 0.256916 0.212564
vt 0.258694 0.212476
vt 0.263486 0.211844
vt 0.267695 0.212460
vt 0.272934 0.212456
vt 0.280946 0.211812
vt 0.294920 0.212267
vt 0.297997 0.212820
vt 0.298558 0.212850
vt 0.303383 0.212321
vt 0.305180 0.212498
vt 0.311150 0.211881
vt 0.253373 0.212201
vt 0.254163 0.212533
vt 0.259820 0.212273
vt 0.271323 0.212085
vt 0.278069 0.212249
vt 0.285924 0.212194
vt 0.292784 0.212106
vt 0.296173 0.212301
vt 0.309046 0.211900
vt 0.312619 0.212711
vt 0.250112 0.211295
vt 0.251380 0.211792
vt 0.255746 0.211994
vt 0.257655 0.211993
vt 0.260566 0.212021
vt 0.270134 0.211896
vt 0.276193 0.211633
vt 0.282807 0.212100
vt 0.287750 0.212144
vt 0.290182 0.212124
vt 0.294983 0.211593
vt 0.297404 0.211327
vt 0.298651 0.212161
vt 0.301307 0.211586
vt 0.304336 0.212170
vt 0.307309 0.212216
vt 0.308135 0.212018
vt 0.256523 0.211837
vt 0.269295 0.211352
vt 0.274734 0.212000
vt 0.278886 0.211586
vt 0.279879 0.211655
vt 0.284478 0.212017
vt 0.291640 0.211968
vt 0.294357 0.211941
vt 0.299806 0.211815
vt 0.254848 0.211880
vt 0.272655 0.210966
vt 0.277738 0.211529
vt 0.283331 0.211200
vt 0.286721 0.211590
vt 0.287594 0.211118
vt 0.293384 0.211588
vt 0.305111 0.211689
vt 0.307272 0.211507
vt 0.252166 0.210834
vt 0.253176 0.211343
vt 0.253891 0.211179
vt 0.255192 0.211206
vt 0.258590 0.211265
vt 0.262134 0.210611
vt 0.267026 0.210825
vt 0.275280 0.211419
vt 0.285226 0.211004
vt 0.289681 0.211666
vt 0.291271 0.211235
vt 0.302618 0.211552
vt 0.303512 0.211690
vt 0.308289 0.211045
vt 0.310551 0.211458
vt 0.312596 0.212016
vt 0.250966 0.211028
vt 0.254756 0.211157
vt 0.256263 0.211159
vt 0.257025 0.211017
vt 0.264711 0.210492
vt 0.265597 0.210012
vt 0.270308 0.211246
vt 0.270867 0.210438
vt 0.281460 0.210594
vt 0.282852 0.211292
vt 0.292593 0.210875
vt 0.295286 0.211459
vt 0.298612 0.210589
vt 0.299907 0.210882
vt 0.304459 0.210978
vt 0.312598 0.211167
vt 0.259627 0.210041
vt 0.260713 0.211157
vt 0.268148 0.210781
vt 0.274063 0.210281
vt 0.276218 0.210819
vt 0.278716 0.210553
vt 0.280210 0.210454
vt 0.282483 0.210139
vt 0.283869 0.210830
vt 0.286398 0.210436
vt 0.288885 0.210941
vt 0.295677 0.210950
vt 0.296392 0.210605
vt 0.302532 0.210544
vt 0.308936 0.210306
vt 0.310416 0.210192
vt 0.311758 0.210786
vt 0.257717 0.211040
vt 0.263091 0.210162
vt 0.275553 0.210355
vt 0.279755 0.210910
vt 0.293325 0.210570
vt 0.294850 0.210688
vt 0.301489 0.210793
vt 0.303555 0.210471
vt 0.304885 0.210696
vt 0.306079 0.210073
vt 0.250120 0.210528
vt 0.253149 0.210312
vt 0.255702 0.210428
vt 0.258099 0.210206
vt 0.260698 0.209574
vt 0.269925 0.210210
vt 0.273313 0.210352
vt 0.277164 0.210378
vt 0.290395 0.209993
vt 0.297056 0.210411
vt 0.300576 0.210226
vt 0.312597 0.210632
vt 0.250120 0.210000
vt 0.251498 0.210011
vt 0.257046 0.210181
vt 0.258778 0.210161
vt 0.267575 0.209960
vt 0.281231 0.210054
vt 0.287826 0.209762
vt 0.288997 0.209581
vt 0.297594 0.209977
vt 0.299601 0.209890
vt 0.254074 0.209688
vt 0.254689 0.209959
vt 0.269435 0.209918
vt 0.271490 0.209787
vt 0.272664 0.209731
vt 0.279794 0.209984
vt 0.293312 0.209594
vt 0.294388 0.209612
vt 0.295525 0.209863
vt 0.298157 0.209343
vt 0.301553 0.209973
vt 0.306558 0.209971
vt 0.307854 0.209857
vt 0.252892 0.209446
vt 0.253744 0.209370
vt 0.255987 0.209534
vt 0.257879 0.209164
vt 0.261643 0.209454
vt 0.263122 0.209713
vt 0.267386 0.209105
vt 0.276207 0.209583
vt 0.283213 0.208826
vt 0.284315 0.209743
vt 0.284436 0.209061
vt 0.285803 0.209431
vt 0.291224 0.209399
vt 0.296211 0.209587
vt 0.302485 0.209239
vt 0.305425 0.209776
vt 0.310133 0.209749
vt 0.311706 0.209705
vt 0.312600 0.209574
vt 0.256605 0.209138
vt 0.264621 0.209077
vt 0.268847 0.209199
vt 0.274496 0.208839
vt 0.277249 0.209031
vt 0.277660 0.208454
vt 0.278846 0.209175
vt 0.280591 0.209263
vt 0.286857 0.209343
vt 0.297038 0.208882
vt 0.300239 0.208973
vt 0.304147 0.209496
vt 0.306983 0.209345
vt 0.251446 0.208965
vt 0.264178 0.208862
vt 0.266596 0.208253
vt 0.270296 0.209009
vt 0.271348 0.209060
vt 0.275405 0.208983
vt 0.280085 0.209150
vt 0.282209 0.209082
vt 0.287788 0.208923
vt 0.290094 0.209110
vt 0.294797 0.208589
vt 0.298646 0.208662
vt 0.306202 0.209351
vt 0.311873 0.208769
vt 0.252604 0.208711
vt 0.254961 0.209051
vt 0.258925 0.209015
vt 0.259333 0.208257
vt 0.272980 0.208429
vt 0.279372 0.208594
vt 0.292254 0.208286
vt 0.301050 0.208284
vt 0.308470 0.208750
vt 0.250104 0.209144
vt 0.250108 0.208358
vt 0.255555 0.208666
vt 0.256986 0.208245
vt 0.260570 0.208673
vt 0.261821 0.208472
vt 0.269361 0.207914
vt 0.276372 0.208285
vt 0.290921 0.208693
vt 0.302118 0.208283
vt 0.305502 0.208298
vt 0.307531 0.208448
vt 0.309681 0.207630
vt 0.310226 0.208401
vt 0.253835 0.208601
vt 0.257667 0.208078
vt 0.258636 0.208103
vt 0.262453 0.207879
vt 0.265753 0.207508
vt 0.271510 0.208329
vt 0.278639 0.208087
vt 0.280752 0.207955
vt 0.285299 0.208313
vt 0.292961 0.208373
vt 0.297132 0.208155
vt 0.304217 0.208403
vt 0.310656 0.207864
vt 0.312596 0.208752
vt 0.252910 0.208180
vt 0.269747 0.207802
vt 0.270613 0.207534
vt 0.282268 0.208246
vt 0.283734 0.207358
vt 0.285965 0.207960
vt 0.287195 0.208284
vt 0.288600 0.208077
vt 0.293915 0.207695
vt 0.297854 0.207837
vt 0.299455 0.208043
vt 0.302663 0.207537
vt 0.251408 0.207390
vt 0.253725 0.207473
vt 0.264111 0.207817
vt 0.267434 0.207969
vt 0.273730 0.207918
vt 0.289309 0.207326
vt 0.308421 0.207672
vt 0.309088 0.207745
vt 0.311930 0.207926
vt 0.312598 0.207650
vt 0.254757 0.207206
vt 0.261427 0.207506
vt 0.268342 0.206874
vt 0.274834 0.207724
vt 0.275940 0.206802
vt 0.279691 0.206748
vt 0.290387 0.207637
vt 0.291522 0.207090
vt 0.294572 0.207418
vt 0.296710 0.207434
vt 0.300976 0.207531
vt 0.304288 0.207739
vt 0.305068 0.207314
vt 0.306608 0.207617
vt 0.252093 0.206792
vt 0.259410 0.207437
vt 0.263383 0.207466
vt 0.263907 0.206939
vt 0.271606 0.207497
vt 0.278340 0.207365
vt 0.282451 0.206956
vt 0.285144 0.206447
vt 0.287889 0.206884
vt 0.292847 0.207452
vt 0.298894 0.206993
vt 0.301658 0.207362
vt 0.252748 0.207379
vt 0.255743 0.207271
vt 0.266866 0.206370
vt 0.272815 0.206863
vt 0.273939 0.207148
vt 0.276922 0.206735
vt 0.286728 0.207258
vt 0.295077 0.207027
vt 0.300274 0.207188
vt 0.306713 0.206224
vt 0.311773 0.207462
vt 0.250844 0.206898
vt 0.250112 0.207329
vt 0.256551 0.206969
vt 0.258113 0.206359
vt 0.263078 0.206237
vt 0.279469 0.206197
vt 0.280229 0.206999
vt 0.284364 0.206743
vt 0.288330 0.206532
vt 0.306059 0.206575
vt 0.309229 0.206914
vt 0.309633 0.207053
vt 0.310933 0.206754
vt 0.250113 0.206829
vt 0.253387 0.206652
vt 0.254238 0.206286
vt 0.264887 0.206167
vt 0.270554 0.206776
vt 0.271897 0.206269
vt 0.274844 0.206324
vt 0.282032 0.206412
vt 0.300538 0.206462
vt 0.302446 0.206927
vt 0.304485 0.206526
vt 0.312591 0.206604
vt 0.260875 0.206151
vt 0.267457 0.206115
vt 0.269722 0.206273
vt 0.283349 0.206106
vt 0.290538 0.206109
vt 0.292519 0.206363
vt 0.297268 0.206160
vt 0.308089 0.206296
vt 0.309251 0.206527
vt 0.311798 0.206771
vt 0.251007 0.205881
vt 0.251973 0.206117
vt 0.252626 0.206326
vt 0.256744 0.205980
vt 0.259370 0.206387
vt 0.266023 0.205326
vt 0.272807 0.206124
vt 0.289017 0.205521
vt 0.293572 0.205990
vt 0.301117 0.205181
vt 0.302974 0.206036
vt 0.309885 0.206060
vt 0.311173 0.206155
vt 0.250115 0.205602
vt 0.254566 0.205642
vt 0.255911 0.205662
vt 0.268819 0.205914
vt 0.270279 0.205573
vt 0.274916 0.205893
vt 0.277181 0.205234
vt 0.278541 0.205684
vt 0.280912 0.205775
vt 0.286596 0.205540
vt 0.288278 0.204824
vt 0.295775 0.205479
vt 0.298724 0.206005
vt 0.303785 0.206102
vt 0.305958 0.205435
vt 0.312589 0.206054
vt 0.253299 0.205520
vt 0.257400 0.205630
vt 0.258016 0.205671
vt 0.260795 0.205676
vt 0.271108 0.205322
vt 0.273821 0.204934
vt 0.276056 0.205493
vt 0.282819 0.205562
vt 0.283836 0.205407
vt 0.291934 0.205224
vt 0.294976 0.205245
vt 0.298127 0.205508
vt 0.308340 0.205924
vt 0.309327 0.205764
vt 0.251392 0.205339
vt 0.251979 0.205411
vt 0.256831 0.205070
vt 0.259418 0.205099
vt 0.261241 0.205061
vt 0.263624 0.204703
vt 0.284326 0.204999
vt 0.296748 0.205453
vt 0.299271 0.205418
vt 0.305633 0.205246
vt 0.306675 0.205594
vt 0.308781 0.205560
vt 0.310748 0.205394
vt 0.311931 0.204857
vt 0.250118 0.205013
vt 0.262755 0.205228
vt 0.268699 0.204847
vt 0.271774 0.204553
vt 0.272753 0.204843
vt 0.277660 0.204388
vt 0.278892 0.205032
vt 0.280369 0.204968
vt 0.289586 0.204646
vt 0.290328 0.205191
vt 0.302790 0.205441
vt 0.307587 0.205315
vt 0.254208 0.204919
vt 0.256097 0.204998
vt 0.266567 0.204916
vt 0.266845 0.204039
vt 0.269374 0.205051
vt 0.282389 0.204613
vt 0.293042 0.204631
vt 0.296102 0.204615
vt 0.304796 0.204795
vt 0.308211 0.204982
vt 0.308988 0.204960
vt 0.312598 0.205257
vt 0.251974 0.204760
vt 0.253122 0.204577
vt 0.254728 0.204545
vt 0.257828 0.204705
vt 0.259802 0.204439
vt 0.274777 0.204820
vt 0.275872 0.204333
vt 0.283476 0.204733
vt 0.285013 0.204120
vt 0.287502 0.204585
vt 0.291340 0.204482
vt 0.294181 0.204222
vt 0.297317 0.204598
vt 0.298680 0.204798
vt 0.303789 0.204415
vt 0.307149 0.204354
vt 0.309799 0.204745
vt 0.250094 0.204225
vt 0.257402 0.204155
vt 0.261684 0.203639
vt 0.270635 0.204215
vt 0.280928 0.203684
vt 0.285904 0.203683
vt 0.292204 0.204321
vt 0.299959 0.203977
vt 0.300561 0.204237
vt 0.302257 0.204634
vt 0.311122 0.204378
vt 0.312592 0.204667
vt 0.251971 0.204053
vt 0.253346 0.204123
vt 0.256004 0.204108
vt 0.265067 0.203688
vt 0.277203 0.203395
vt 0.279204 0.203739
vt 0.280149 0.203376
vt 0.288452 0.203865
vt 0.289032 0.204007
vt 0.294587 0.203937
vt 0.295861 0.203948
vt 0.298153 0.203896
vt 0.301151 0.203739
vt 0.305496 0.203833
vt 0.306182 0.204021
vt 0.311656 0.204507
vt 0.254762 0.203837
vt 0.258623 0.202921
vt 0.269435 0.203848
vt 0.273667 0.203654
vt 0.281967 0.203208
vt 0.286869 0.203058
vt 0.290185 0.203507
vt 0.304924 0.203896
vt 0.308817 0.204133
vt 0.310416 0.203331
vt 0.250722 0.203421
vt 0.252682 0.203590
vt 0.253755 0.203700
vt 0.260264 0.203112
vt 0.272863 0.203204
vt 0.274615 0.203563
vt 0.278537 0.203252
vt 0.291695 0.203922
vt 0.292488 0.203294
vt 0.297406 0.204151
vt 0.255998 0.203576
vt 0.257076 0.203608
vt 0.257621 0.202551
vt 0.263342 0.202954
vt 0.268379 0.203440
vt 0.270203 0.202915
vt 0.271760 0.203250
vt 0.272381 0.202552
vt 0.282847 0.203500
vt 0.288970 0.203397
vt 0.294234 0.202565
vt 0.295256 0.203556
vt 0.297129 0.203738
vt 0.301742 0.203347
vt 0.302442 0.203449
vt 0.302780 0.202913
vt 0.304218 0.203443
vt 0.305774 0.203135
vt 0.307606 0.203194
vt 0.309000 0.203357
vt 0.309741 0.203240
vt 0.311783 0.203527
vt 0.312603 0.203538
vt 0.250113 0.203765
vt 0.255407 0.202775
vt 0.267186 0.202406
vt 0.275891 0.203074
vt 0.284476 0.203468
vt 0.287477 0.202754
vt 0.295983 0.203251
vt 0.296471 0.203078
vt 0.297730 0.203204
vt 0.310922 0.203052
vt 0.250117 0.203036
vt 0.250626 0.202759
vt 0.253856 0.202788
vt 0.254471 0.203191
vt 0.256457 0.202622
vt 0.269714 0.203082
vt 0.273241 0.202848
vt 0.274072 0.203047
vt 0.279414 0.202574
vt 0.284992 0.202571
vt 0.285953 0.202563
vt 0.290857 0.202619
vt 0.291649 0.202957
vt 0.298710 0.203015
vt 0.306717 0.202411
vt 0.308485 0.202724
vt 0.311663 0.202768
vt 0.251772 0.202478
vt 0.252291 0.202207
vt 0.252944 0.202523
vt 0.261698 0.202275
vt 0.265092 0.202557
vt 0.266488 0.203297
vt 0.268829 0.202845
vt 0.281386 0.202500
vt 0.282239 0.202333
vt 0.283648 0.202659
vt 0.292472 0.202374
vt 0.299211 0.201993
vt 0.301360 0.202076
vt 0.312597 0.202452
vt 0.255609 0.202559
vt 0.271234 0.202227
vt 0.271965 0.202487
vt 0.273962 0.202377
vt 0.275360 0.202188
vt 0.278689 0.202319
vt 0.280654 0.202531
vt 0.295707 0.202646
vt 0.296592 0.202380
vt 0.306180 0.202372
vt 0.250112 0.202345
vt 0.250551 0.201768
vt 0.254243 0.202327
vt 0.258141 0.202228
vt 0.266084 0.201969
vt 0.269473 0.202051
vt 0.277490 0.202179
vt 0.297946 0.202085
vt 0.304792 0.201876
vt 0.309868 0.202172
vt 0.257217 0.201931
vt 0.258850 0.201833
vt 0.259845 0.201425
vt 0.267551 0.201518
vt 0.272711 0.202020
vt 0.285260 0.201572
vt 0.286716 0.201895
vt 0.287989 0.202034
vt 0.289366 0.201895
vt 0.291083 0.201318
vt 0.293623 0.201371
vt 0.295243 0.202017
vt 0.303780 0.201611
vt 0.250112 0.201561
vt 0.252744 0.201365
vt 0.253231 0.201498
vt 0.254472 0.201658
vt 0.255426 0.201749
vt 0.266252 0.201001
vt 0.268228 0.201253
vt 0.270826 0.201398
vt 0.273297 0.201533
vt 0.278914 0.201660
vt 0.279860 0.201299
vt 0.280283 0.201822
vt 0.281601 0.201596
vt 0.282974 0.201400
vt 0.300495 0.201042
vt 0.251543 0.201345
vt 0.256477 0.201471
vt 0.257256 0.201224
vt 0.260472 0.200676
vt 0.263992 0.201032
vt 0.271840 0.201757
vt 0.272474 0.201323
vt 0.274532 0.201455
vt 0.277022 0.201036
vt 0.278002 0.201032
vt 0.284470 0.201464
vt 0.286162 0.201330
vt 0.287464 0.201403
vt 0.288487 0.201252
vt 0.293990 0.200654
vt 0.299612 0.201687
vt 0.306383 0.200833
vt 0.308151 0.201174
vt 0.309557 0.201511
vt 0.311623 0.201512
vt 0.261732 0.200840
vt 0.264529 0.200484
vt 0.269972 0.201063
vt 0.275761 0.201441
vt 0.280926 0.200633
vt 0.289730 0.201079
vt 0.292123 0.201156
vt 0.292920 0.200838
vt 0.296339 0.200947
vt 0.297325 0.201066
vt 0.298150 0.200964
vt 0.305597 0.200785
vt 0.307263 0.201068
vt 0.310642 0.201211
vt 0.312599 0.201529
vt 0.250116 0.200539
vt 0.254271 0.201015
vt 0.255253 0.201057
vt 0.269245 0.200942
vt 0.278643 0.200926
vt 0.283205 0.200670
vt 0.286755 0.200636
vt 0.295355 0.200753
vt 0.300955 0.200489
vt 0.301996 0.200688
vt 0.251491 0.200877
vt 0.253330 0.200827
vt 0.256030 0.200596
vt 0.258032 0.200405
vt 0.259506 0.200459
vt 0.267935 0.200658
vt 0.271260 0.200996
vt 0.272413 0.200658
vt 0.274220 0.200775
vt 0.279713 0.200797
vt 0.284661 0.200816
vt 0.285290 0.200686
vt 0.285884 0.200414
vt 0.290820 0.200657
vt 0.295956 0.200650
vt 0.299585 0.199991
vt 0.300051 0.200529
vt 0.302743 0.200479
vt 0.308490 0.200234
vt 0.250574 0.200136
vt 0.252294 0.200313
vt 0.267112 0.199872
vt 0.269844 0.200656
vt 0.275164 0.200357
vt 0.282170 0.200153
vt 0.287475 0.200262
vt 0.289022 0.200306
vt 0.304331 0.200313
vt 0.311149 0.200264
vt 0.254427 0.200126
vt 0.265575 0.199941
vt 0.269037 0.200398
vt 0.271053 0.200035
vt 0.272784 0.199414
vt 0.278808 0.200142
vt 0.292111 0.200140
vt 0.297833 0.199483
vt 0.301938 0.200039
vt 0.307555 0.199917
vt 0.309911 0.200533
vt 0.310505 0.199974
vt 0.311415 0.199658
vt 0.312118 0.200083
vt 0.251328 0.199758
vt 0.252857 0.199794
vt 0.255441 0.199670
vt 0.267899 0.199845
vt 0.272559 0.199973
vt 0.275380 0.199473
vt 0.277067 0.199512
vt 0.282939 0.199657
vt 0.284169 0.200050
vt 0.285326 0.199746
vt 0.286359 0.199697
vt 0.288042 0.200227
vt 0.289553 0.199337
vt 0.292998 0.200045
vt 0.296373 0.199672
vt 0.296688 0.199235
vt 0.298968 0.199552
vt 0.300286 0.199669
vt 0.250117 0.199325
vt 0.251780 0.199618
vt 0.256843 0.199400
vt 0.258483 0.199424
vt 0.260710 0.199153
vt 0.262650 0.199276
vt 0.264713 0.199045
vt 0.266352 0.199433
vt 0.273233 0.198899
vt 0.278038 0.199538
vt 0.280322 0.199608
vt 0.291123 0.199654
vt 0.303251 0.198828
vt 0.305456 0.199372
vt 0.306498 0.199483
vt 0.309564 0.199640
vt 0.312604 0.199527
vt 0.252354 0.199696
vt 0.253970 0.199256
vt 0.257692 0.198577
vt 0.269794 0.199035
vt 0.270704 0.199178
vt 0.273832 0.199165
vt 0.278640 0.199382
vt 0.287658 0.199042
vt 0.294486 0.199531
vt 0.308686 0.199722
vt 0.310109 0.198991
vt 0.310843 0.199401
vt 0.265395 0.198520
vt 0.268211 0.199257
vt 0.268900 0.199332
vt 0.271072 0.198870
vt 0.284429 0.199180
vt 0.286960 0.198975
vt 0.288450 0.198894
vt 0.290426 0.199098
vt 0.295302 0.199259
vt 0.301250 0.199053
vt 0.302785 0.199092
vt 0.308053 0.199290
vt 0.312614 0.199102
vt 0.251190 0.199111
vt 0.251849 0.198604
vt 0.254836 0.198947
vt 0.259504 0.198742
vt 0.266901 0.198978
vt 0.272034 0.198821
vt 0.282218 0.199111
vt 0.291356 0.198438
vt 0.292374 0.199052
vt 0.306174 0.199166
vt 0.308682 0.198951
vt 0.253111 0.198727
vt 0.262214 0.198146
vt 0.263605 0.198539
vt 0.268106 0.198462
vt 0.270279 0.198567
vt 0.275752 0.197888
vt 0.279175 0.198345
vt 0.281513 0.198195
vt 0.282675 0.198623
vt 0.284013 0.198483
vt 0.284788 0.198213
vt 0.294781 0.198872
vt 0.299664 0.198750
vt 0.302422 0.198437
vt 0.250604 0.198359
vt 0.256182 0.198406
vt 0.257155 0.198082
vt 0.261252 0.198484
vt 0.267146 0.198253
vt 0.268999 0.198497
vt 0.274911 0.198417
vt 0.277633 0.198352
vt 0.286554 0.198694
vt 0.288705 0.197720
vt 0.296961 0.198107
vt 0.298053 0.197851
vt 0.304637 0.198293
vt 0.306979 0.197571
vt 0.307996 0.197788
vt 0.310780 0.198440
vt 0.311354 0.198521
vt 0.250112 0.197855
vt 0.253796 0.198153
vt 0.273452 0.197900
vt 0.282877 0.198101
vt 0.286745 0.198193
vt 0.290610 0.197245
vt 0.293168 0.197772
vt 0.294916 0.197999
vt 0.308848 0.197867
vt 0.312598 0.198201
vt 0.254685 0.197819
vt 0.259249 0.197841
vt 0.261759 0.197409
vt 0.264798 0.198208
vt 0.265816 0.197827
vt 0.269792 0.198086
vt 0.271128 0.197837
vt 0.299747 0.198170
vt 0.300631 0.197867
vt 0.303560 0.197172
vt 0.251167 0.197206
vt 0.252238 0.197698
vt 0.257924 0.197739
vt 0.260545 0.196942
vt 0.263112 0.197187
vt 0.267083 0.197796
vt 0.268439 0.197286
vt 0.272080 0.198004
vt 0.276419 0.197498
vt 0.278006 0.197752
vt 0.279718 0.197619
vt 0.283299 0.197285
vt 0.284796 0.197366
vt 0.286988 0.197471
vt 0.287890 0.197754
vt 0.292380 0.196859
vt 0.294534 0.197384
vt 0.302387 0.197734
vt 0.305390 0.197131
vt 0.311799 0.197514
vt 0.250131 0.197310
vt 0.255347 0.196919
vt 0.256293 0.196944
vt 0.261464 0.197007
vt 0.264306 0.196998
vt 0.272411 0.197352
vt 0.273799 0.196850
vt 0.274357 0.197000
vt 0.289257 0.197268
vt 0.291616 0.197248
vt 0.297528 0.197675
vt 0.298795 0.197034
vt 0.301490 0.197602
vt 0.304608 0.197740
vt 0.251843 0.196761
vt 0.257339 0.196990
vt 0.265291 0.197413
vt 0.265950 0.197302
vt 0.266910 0.197289
vt 0.269638 0.196596
vt 0.270371 0.197158
vt 0.280545 0.197051
vt 0.282309 0.196279
vt 0.284131 0.196879
vt 0.287888 0.196655
vt 0.299908 0.196785
vt 0.302756 0.197294
vt 0.307325 0.197452
vt 0.308178 0.196790
vt 0.310439 0.197380
vt 0.312598 0.196363
vt 0.252871 0.196695
vt 0.254435 0.197011
vt 0.265525 0.196671
vt 0.275065 0.196986
vt 0.278901 0.197192
vt 0.281500 0.196534
vt 0.287128 0.196797
vt 0.295546 0.197197
vt 0.296103 0.196324
vt 0.297454 0.196676
vt 0.301275 0.197081
vt 0.302367 0.196591
vt 0.253455 0.196294
vt 0.258928 0.196576
vt 0.263414 0.196307
vt 0.266153 0.196477
vt 0.272905 0.196221
vt 0.276133 0.196546
vt 0.277592 0.196546
vt 0.280205 0.196216
vt 0.285650 0.196431
vt 0.293612 0.196770
vt 0.294520 0.196244
vt 0.306561 0.196749
vt 0.309491 0.196341
vt 0.311516 0.196276
vt 0.255624 0.195695
vt 0.267480 0.196218
vt 0.271521 0.196359
vt 0.274849 0.196394
vt 0.288352 0.195830
vt 0.289671 0.196410
vt 0.291695 0.196287
vt 0.299158 0.195989
vt 0.300700 0.196013
vt 0.301480 0.196283
vt 0.250120 0.196216
vt 0.256397 0.196000
vt 0.264348 0.195788
vt 0.266891 0.196190
vt 0.268791 0.196363
vt 0.279323 0.196499
vt 0.293194 0.196249
vt 0.297329 0.195966
vt 0.298335 0.196005
vt 0.303781 0.195835
vt 0.304997 0.195712
vt 0.306665 0.196244
vt 0.252860 0.195910
vt 0.254789 0.195896
vt 0.257147 0.195665
vt 0.259007 0.195658
vt 0.260420 0.195776
vt 0.262163 0.195766
vt 0.265472 0.195855
vt 0.273662 0.195840
vt 0.275499 0.195906
vt 0.278548 0.195613
vt 0.283833 0.195987
vt 0.284383 0.195439
vt 0.286217 0.195659
vt 0.287346 0.196170
vt 0.291089 0.195722
vt 0.307281 0.195906
vt 0.308229 0.195923
vt 0.252066 0.195427
vt 0.270076 0.195925
vt 0.272495 0.195779
vt 0.277484 0.195711
vt 0.285186 0.195261
vt 0.289934 0.195636
vt 0.299694 0.195526
vt 0.250112 0.195534
vt 0.253440 0.195485
vt 0.254489 0.194876
vt 0.262053 0.195246
vt 0.264667 0.195484
vt 0.266021 0.195104
vt 0.272794 0.195466
vt 0.275962 0.195468
vt 0.282050 0.195382
vt 0.287664 0.195373
vt 0.289332 0.194969
vt 0.293685 0.195230
vt 0.295981 0.195163
vt 0.298744 0.195431
vt 0.301190 0.195362
vt 0.310743 0.195044
vt 0.251282 0.195073
vt 0.257895 0.195286
vt 0.263175 0.195283
vt 0.267479 0.195053
vt 0.268628 0.195370
vt 0.268951 0.194719
vt 0.270036 0.194985
vt 0.271058 0.195236
vt 0.274529 0.195231
vt 0.278092 0.194868
vt 0.279956 0.195228
vt 0.291522 0.194882
vt 0.294825 0.194891
vt 0.297440 0.195425
vt 0.300374 0.195256
vt 0.302416 0.195302
vt 0.304082 0.195264
vt 0.305336 0.194919
vt 0.306809 0.195229
vt 0.309081 0.195287
vt 0.312599 0.195048
vt 0.252969 0.195045
vt 0.259784 0.194597
vt 0.260859 0.194868
vt 0.265293 0.194636
vt 0.282543 0.194660
vt 0.283424 0.194716
vt 0.292808 0.195102
vt 0.307409 0.194449
vt 0.250111 0.194760
vt 0.252102 0.194701
vt 0.255898 0.194696
vt 0.256615 0.194487
vt 0.257907 0.194184
vt 0.262518 0.194751
vt 0.263629 0.194497
vt 0.268278 0.194856
vt 0.271419 0.194660
vt 0.272295 0.194758
vt 0.273010 0.194363
vt 0.274295 0.194308
vt 0.275302 0.194621
vt 0.281611 0.194841
vt 0.284181 0.194525
vt 0.287860 0.194726
vt 0.296681 0.194407
vt 0.298333 0.194725
vt 0.299210 0.194461
vt 0.300390 0.194406
vt 0.301595 0.194464
vt 0.302717 0.194196
vt 0.309694 0.193717
vt 0.253051 0.194462
vt 0.255040 0.194249
vt 0.267366 0.194044
vt 0.268458 0.194215
vt 0.276012 0.194111
vt 0.278636 0.193689
vt 0.285174 0.194298
vt 0.285651 0.194020
vt 0.286989 0.193850
vt 0.290160 0.194451
vt 0.306860 0.194257
vt 0.251480 0.194246
vt 0.259142 0.194093
vt 0.261686 0.194305
vt 0.261980 0.194121
vt 0.265252 0.193684
vt 0.269858 0.194046
vt 0.279704 0.194300
vt 0.280708 0.193681
vt 0.291406 0.193916
vt 0.292386 0.194172
vt 0.293877 0.194163
vt 0.295344 0.193413
vt 0.299224 0.194069
vt 0.301882 0.194061
vt 0.303950 0.193889
vt 0.305008 0.194157
vt 0.308903 0.194603
vt 0.250111 0.193597
vt 0.253484 0.193680
vt 0.254167 0.193917
vt 0.263205 0.193985
vt 0.271510 0.193412
vt 0.275130 0.194254
vt 0.277324 0.193781
vt 0.281637 0.193866
vt 0.283189 0.194181
vt 0.288293 0.194134
vt 0.293160 0.193786
vt 0.294719 0.193525
vt 0.297787 0.193566
vt 0.305805 0.192861
vt 0.306965 0.193255
vt 0.308725 0.194172
vt 0.311674 0.193368
vt 0.254922 0.193570
vt 0.256914 0.193232
vt 0.259888 0.193824
vt 0.261249 0.193782
vt 0.262630 0.193820
vt 0.270270 0.193600
vt 0.273043 0.193205
vt 0.275730 0.193310
vt 0.282665 0.193495
vt 0.284269 0.193770
vt 0.289295 0.193811
vt 0.290119 0.193583
vt 0.300724 0.193816
vt 0.251473 0.193459
vt 0.252239 0.193369
vt 0.255662 0.193333
vt 0.262423 0.193205
vt 0.264047 0.193585
vt 0.283424 0.193444
vt 0.296918 0.193377
vt 0.298844 0.193257
vt 0.300140 0.193139
vt 0.302316 0.193600
vt 0.302697 0.193081
vt 0.253639 0.193219
vt 0.257947 0.193325
vt 0.266023 0.193101
vt 0.266649 0.193310
vt 0.267699 0.193056
vt 0.268681 0.192776
vt 0.278035 0.192809
vt 0.279662 0.193324
vt 0.281707 0.193219
vt 0.285908 0.193127
vt 0.287417 0.193090
vt 0.290650 0.193178
vt 0.293573 0.192655
vt 0.301269 0.193222
vt 0.307977 0.192819
vt 0.312598 0.192940
vt 0.254613 0.192721
vt 0.260370 0.192567
vt 0.261511 0.192761
vt 0.262883 0.192777
vt 0.264527 0.192826
vt 0.271105 0.192836
vt 0.274409 0.192793
vt 0.283279 0.192828
vt 0.284100 0.193198
vt 0.287976 0.192545
vt 0.291607 0.192647
vt 0.295661 0.192605
vt 0.297746 0.192665
vt 0.301454 0.192866
vt 0.304742 0.192670
vt 0.250132 0.192758
vt 0.251424 0.192999
vt 0.252766 0.192825
vt 0.253566 0.192774
vt 0.254042 0.192278
vt 0.255970 0.192620
vt 0.258135 0.192375
vt 0.259232 0.191953
vt 0.263974 0.192427
vt 0.269824 0.192650
vt 0.273130 0.192428
vt 0.277303 0.192410
vt 0.284161 0.192567
vt 0.287292 0.192338
vt 0.289836 0.192565
vt 0.292287 0.191826
vt 0.294805 0.192453
vt 0.297240 0.192798
vt 0.303378 0.192363
vt 0.251777 0.192494
vt 0.261826 0.192223
vt 0.268121 0.191884
vt 0.275782 0.192568
vt 0.278802 0.191739
vt 0.280470 0.192125
vt 0.282578 0.192455
vt 0.298510 0.192449
vt 0.306810 0.192088
vt 0.250800 0.192000
vt 0.256849 0.192034
vt 0.263018 0.191975
vt 0.264770 0.192157
vt 0.267107 0.192225
vt 0.270670 0.192194
vt 0.272364 0.191972
vt 0.278283 0.192411
vt 0.281598 0.191995
vt 0.285667 0.191763
vt 0.286519 0.192289
vt 0.291154 0.191778
vt 0.294128 0.191910
vt 0.296579 0.192012
vt 0.299816 0.192337
vt 0.300914 0.191740
vt 0.301674 0.191896
vt 0.305626 0.191452
vt 0.309738 0.191926
vt 0.311122 0.191023
vt 0.250103 0.192038
vt 0.252671 0.191993
vt 0.255071 0.191789
vt 0.266127 0.191431
vt 0.269362 0.191387
vt 0.271653 0.191476
vt 0.275423 0.191899
vt 0.276699 0.191754
vt 0.288245 0.191787
vt 0.295363 0.191840
vt 0.298365 0.191569
vt 0.302716 0.191742
vt 0.303505 0.191665
vt 0.258454 0.191267
vt 0.261216 0.191720
vt 0.264287 0.191803
vt 0.270066 0.191273
vt 0.273826 0.191342
vt 0.280292 0.191264
vt 0.282937 0.191709
vt 0.284329 0.191355
vt 0.284820 0.191311
vt 0.288947 0.190785
vt 0.290058 0.191388
vt 0.307391 0.191455
vt 0.312596 0.190838
vt 0.251612 0.191043
vt 0.252945 0.191326
vt 0.256682 0.190659
vt 0.257547 0.191261
vt 0.260065 0.191317
vt 0.260346 0.190980
vt 0.261808 0.191300
vt 0.267202 0.191410
vt 0.273228 0.191577
vt 0.277403 0.190979
vt 0.294579 0.191130
vt 0.300068 0.191002
vt 0.307740 0.190698
vt 0.250117 0.191517
vt 0.255346 0.190844
vt 0.258954 0.190950
vt 0.264492 0.191300
vt 0.264963 0.191313
vt 0.275871 0.191085
vt 0.281952 0.190973
vt 0.283730 0.191080
vt 0.286524 0.190872
vt 0.291807 0.190479
vt 0.296893 0.191223
vt 0.301696 0.191167
vt 0.305738 0.190346
vt 0.309475 0.190850
vt 0.250105 0.190987
vt 0.262550 0.191249
vt 0.263473 0.190722
vt 0.268251 0.190952
vt 0.274151 0.190921
vt 0.287348 0.190604
vt 0.292843 0.190475
vt 0.293954 0.190514
vt 0.295735 0.190595
vt 0.297551 0.190712
vt 0.299402 0.191152
vt 0.303024 0.191019
vt 0.304744 0.190664
vt 0.254203 0.190426
vt 0.255933 0.190306
vt 0.267102 0.190889
vt 0.267700 0.190442
vt 0.271835 0.190781
vt 0.272301 0.190268
vt 0.279728 0.190763
vt 0.282627 0.190782
vt 0.284288 0.190673
vt 0.299146 0.190212
vt 0.300372 0.190467
vt 0.306624 0.190160
vt 0.308795 0.190320
vt 0.252058 0.190450
vt 0.253219 0.189169
vt 0.261571 0.190391
vt 0.262886 0.190133
vt 0.265155 0.190045
vt 0.266150 0.190271
vt 0.269419 0.190346
vt 0.270752 0.190009
vt 0.273429 0.189933
vt 0.275238 0.190419
vt 0.276545 0.190324
vt 0.278020 0.190443
vt 0.280565 0.189662
vt 0.284598 0.190328
vt 0.289406 0.189679
vt 0.302370 0.190215
vt 0.258258 0.189762
vt 0.259553 0.190246
vt 0.264312 0.190220
vt 0.266693 0.189945
vt 0.274361 0.190377
vt 0.277061 0.190316
vt 0.278860 0.189865
vt 0.282357 0.189740
vt 0.285869 0.190138
vt 0.289882 0.189433
vt 0.294563 0.189724
vt 0.296132 0.189585
vt 0.297085 0.190031
vt 0.298469 0.190319
vt 0.301331 0.190430
vt 0.250116 0.189555
vt 0.250781 0.189741
vt 0.260248 0.189626
vt 0.267411 0.190006
vt 0.268225 0.189941
vt 0.275745 0.189860
vt 0.277674 0.189811
vt 0.283463 0.189955
vt 0.286120 0.189624
vt 0.297678 0.189799
vt 0.254233 0.189228
vt 0.255204 0.189621
vt 0.256922 0.189536
vt 0.261413 0.189360
vt 0.263652 0.189616
vt 0.269171 0.189531
vt 0.271378 0.189989
vt 0.279608 0.189305
vt 0.288064 0.189201
vt 0.295223 0.189450
vt 0.299945 0.189589
vt 0.301821 0.189418
vt 0.303170 0.189796
vt 0.307222 0.189533
vt 0.307878 0.190043
vt 0.310746 0.189776
vt 0.251732 0.189137
vt 0.262276 0.189018
vt 0.265618 0.189374
vt 0.267089 0.189286
vt 0.267703 0.189666
vt 0.274741 0.189352
vt 0.292035 0.189047
vt 0.293424 0.189671
vt 0.298200 0.189479
vt 0.300793 0.189424
vt 0.304793 0.188846
vt 0.306141 0.189010
vt 0.308513 0.189211
vt 0.312596 0.189535
vt 0.257827 0.189055
vt 0.259056 0.188895
vt 0.259666 0.188992
vt 0.263993 0.188807
vt 0.270106 0.188704
vt 0.272393 0.188691
vt 0.281153 0.189188
vt 0.282154 0.189093
vt 0.285074 0.188804
vt 0.299463 0.189286
vt 0.303466 0.188723
vt 0.307379 0.188916
vt 0.250114 0.188528
vt 0.255836 0.188909
vt 0.256807 0.188705
vt 0.264823 0.188755
vt 0.265853 0.188991
vt 0.267397 0.188909
vt 0.268429 0.189016
vt 0.274233 0.189076
vt 0.275470 0.188777
vt 0.276009 0.188089
vt 0.277900 0.188126
vt 0.284003 0.188509
vt 0.290297 0.188684
vt 0.294334 0.188735
vt 0.312095 0.188775
vt 0.260842 0.188211
vt 0.271165 0.188409
vt 0.273651 0.188382
vt 0.286067 0.188708
vt 0.287287 0.188778
vt 0.292697 0.188589
vt 0.295600 0.188933
vt 0.296964 0.188764
vt 0.298689 0.188618
vt 0.299847 0.188187
vt 0.300655 0.188457
vt 0.309279 0.188290
vt 0.312599 0.188809
vt 0.253969 0.188274
vt 0.255198 0.188254
vt 0.257959 0.188528
vt 0.260147 0.188574
vt 0.262643 0.188269
vt 0.268831 0.188106
vt 0.274784 0.188187
vt 0.276803 0.188036
vt 0.282025 0.188246
vt 0.283172 0.187520
vt 0.289476 0.188312
vt 0.290970 0.188306
vt 0.293762 0.188462
vt 0.299361 0.188310
vt 0.301572 0.188181
vt 0.310722 0.188517
vt 0.250825 0.188091
vt 0.253151 0.187938
vt 0.257184 0.188301
vt 0.258417 0.187535
vt 0.259358 0.187917
vt 0.267498 0.188412
vt 0.279950 0.187528
vt 0.287698 0.188019
vt 0.288635 0.188147
vt 0.295351 0.188098
vt 0.307868 0.188079
vt 0.255823 0.187518
vt 0.263490 0.188007
vt 0.266582 0.188222
vt 0.278277 0.187521
vt 0.280616 0.187996
vt 0.292702 0.187530
vt 0.294023 0.187525
vt 0.296390 0.187529
vt 0.297371 0.187529
vt 0.303658 0.188066
vt 0.304970 0.188035
vt 0.307023 0.187528
vt 0.311304 0.187528
vt 0.312599 0.188130
vt 0.250117 0.187530
vt 0.251626 0.187527
vt 0.256249 0.187540
vt 0.257455 0.187507
vt 0.258099 0.187532
vt 0.259974 0.187529
vt 0.261842 0.187528
vt 0.267697 0.188001
vt 0.268615 0.187530
vt 0.269723 0.187527
vt 0.272354 0.187532
vt 0.272945 0.187801
vt 0.281205 0.187514
vt 0.284596 0.187528
vt 0.285490 0.187540
vt 0.287909 0.187530
vt 0.295271 0.187529
vt 0.305671 0.187528
vt 0.309419 0.187529
vt 0.252871 0.187523
vt 0.253677 0.187529
vt 0.255226 0.187524
vt 0.264085 0.187522
vt 0.266234 0.187535
vt 0.267030 0.187527
vt 0.271080 0.187531
vt 0.273760 0.187528
vt 0.274946 0.187524
vt 0.276770 0.187534
vt 0.281607 0.187532
vt 0.282499 0.187530
vt 0.290021 0.187530
vt 0.291399 0.187531
vt 0.299457 0.187527
vt 0.300623 0.187529
vt 0.312597 0.187528
vt 0.256861 0.187529
vt 0.259422 0.187524
vt 0.260587 0.187546
vt 0.263009 0.187531
vt 0.264501 0.187532
vt 0.265245 0.187529
vt 0.277764 0.187527
vt 0.279358 0.187528
vt 0.280607 0.187523
vt 0.283708 0.187529
vt 0.288794 0.187529
vt 0.303122 0.187527
s 0
usemtl Material
f 118/1/1 120/2/1 119/3/1
f 269/4/2 130/5/2 127/6/2
f 133/7/3 257/8/3 135/9/3
f 135/9/4 234/10/4 140/11/4
f 235/12/5 147/13/5 143/14/5
f 236/15/6 154/16/6 152/17/6
f 237/18/7 156/19/7 154/16/7
f 238/20/8 163/21/8 161/22/8
f 239/23/9 167/24/9 164/25/9
f 168/26/10 172/27/10 170/28/10
f 168/26/11 240/29/11 172/27/11
f 240/29/12 173/30/12 172/27/12
f 241/31/13 180/32/13 178/33/13
f 241/31/14 182/34/14 180/32/14
f 182/34/15 242/35/15 184/36/15
f 242/35/16 185/37/16 184/36/16
f 242/35/17 243/38/17 185/37/17
f 243/38/18 187/39/18 185/37/18
f 243/38/19 189/40/19 187/39/19
f 243/38/20 276/41/20 189/40/20
f 276/41/21 190/42/21 189/40/21
f 244/43/22 191/44/22 190/42/22
f 244/43/23 193/45/23 191/44/23
f 245/46/24 194/47/24 193/45/24
f 194/47/25 246/48/25 196/49/25
f 246/48/26 198/50/26 196/49/26
f 246/48/27 247/51/27 198/50/27
f 247/51/28 199/52/28 198/50/28
f 247/51/29 200/53/29 199/52/29
f 200/53/30 248/54/30 202/55/30
f 248/54/31 203/56/31 202/55/31
f 248/54/32 263/57/32 203/56/32
f 263/57/33 204/58/33 203/56/33
f 263/57/34 205/59/34 204/58/34
f 263/57/35 249/60/35 205/59/35
f 249/60/36 207/61/36 205/59/36
f 250/62/37 208/63/37 207/61/37
f 250/62/38 251/64/38 208/63/38
f 251/64/39 210/65/39 208/63/39
f 210/65/40 213/66/40 211/67/40
f 252/68/41 215/69/41 213/66/41
f 254/70/42 220/71/42 218/72/42
f 220/71/43 264/73/43 222/74/43
f 224/75/44 291/76/44 225/77/44
f 255/78/45 228/79/45 226/80/45
f 230/81/46 266/82/46 232/83/46
f 118/1/47 256/84/47 120/2/47
f 256/84/48 121/85/48 120/2/48
f 256/84/49 233/86/49 121/85/49
f 233/86/50 123/87/50 121/85/50
f 123/87/51 268/88/51 125/89/51
f 125/89/52 269/4/52 127/6/52
f 130/5/53 271/90/53 133/7/53
f 258/91/54 259/92/54 152/17/54
f 261/93/55 161/22/55 159/94/55
f 239/23/56 168/26/56 167/24/56
f 245/46/57 193/45/57 244/43/57
f 262/95/58 248/54/58 200/53/58
f 262/95/59 263/57/59 248/54/59
f 249/60/60 250/62/60 207/61/60
f 249/60/61 251/64/61 250/62/61
f 217/96/62 253/97/62 218/72/62
f 253/97/63 254/70/63 218/72/63
f 254/70/64 264/73/64 220/71/64
f 222/74/65 264/73/65 224/75/65
f 265/98/66 226/80/66 225/77/66
f 265/98/67 255/78/67 226/80/67
f 255/78/68 230/81/68 228/79/68
f 232/83/69 267/99/69 2/100/69
f 4/101/70 118/1/70 1/102/70
f 270/103/71 130/5/71 269/4/71
f 271/90/72 257/8/72 133/7/72
f 234/10/73 135/9/73 257/8/73
f 272/104/74 149/105/74 147/13/74
f 272/104/75 152/17/75 149/105/75
f 272/104/76 258/91/76 152/17/76
f 259/92/77 236/15/77 152/17/77
f 236/15/78 237/18/78 154/16/78
f 260/106/79 261/93/79 159/94/79
f 261/93/80 238/20/80 161/22/80
f 238/20/81 164/25/81 163/21/81
f 273/107/82 173/30/82 240/29/82
f 273/107/83 175/108/83 173/30/83
f 273/107/84 178/33/84 175/108/84
f 274/109/85 241/31/85 178/33/85
f 274/109/86 275/110/86 241/31/86
f 275/110/87 182/34/87 241/31/87
f 275/110/88 242/35/88 182/34/88
f 276/41/89 244/43/89 190/42/89
f 247/51/90 262/95/90 200/53/90
f 277/111/91 249/60/91 263/57/91
f 278/112/92 279/113/92 251/64/92
f 251/64/93 279/113/93 210/65/93
f 279/113/94 213/66/94 210/65/94
f 279/113/95 280/114/95 213/66/95
f 291/76/96 265/98/96 225/77/96
f 267/99/97 232/83/97 266/82/97
f 267/99/98 3/115/98 2/100/98
f 4/101/99 256/84/99 118/1/99
f 233/86/100 268/88/100 123/87/100
f 268/88/101 269/4/101 125/89/101
f 270/103/102 271/90/102 130/5/102
f 234/10/103 143/14/103 140/11/103
f 234/10/104 235/12/104 143/14/104
f 237/18/105 159/94/105 156/19/105
f 283/116/106 164/25/106 238/20/106
f 239/23/107 284/117/107 168/26/107
f 284/117/108 240/29/108 168/26/108
f 273/107/109 274/109/109 178/33/109
f 276/41/110 285/118/110 244/43/110
f 286/119/111 245/46/111 244/43/111
f 245/46/112 287/120/112 194/47/112
f 287/120/113 246/48/113 194/47/113
f 287/120/114 247/51/114 246/48/114
f 262/95/115 277/111/115 263/57/115
f 249/60/116 278/112/116 251/64/116
f 280/114/117 252/68/117 213/66/117
f 288/121/118 253/97/118 217/96/118
f 253/97/119 289/122/119 254/70/119
f 254/70/120 290/123/120 264/73/120
f 255/78/121 266/82/121 230/81/121
f 234/10/122 292/124/122 235/12/122
f 235/12/123 293/125/123 147/13/123
f 293/125/124 281/126/124 147/13/124
f 281/126/125 272/104/125 147/13/125
f 281/126/126 294/127/126 272/104/126
f 282/128/127 237/18/127 236/15/127
f 295/129/128 159/94/128 237/18/128
f 295/129/129 260/106/129 159/94/129
f 296/130/130 238/20/130 261/93/130
f 283/116/131 239/23/131 164/25/131
f 311/131/132 284/117/132 239/23/132
f 284/117/133 273/107/133 240/29/133
f 275/110/134 297/132/134 242/35/134
f 297/132/135 243/38/135 242/35/135
f 297/132/136 298/133/136 243/38/136
f 298/133/137 276/41/137 243/38/137
f 285/118/138 286/119/138 244/43/138
f 299/134/139 287/120/139 245/46/139
f 301/135/140 247/51/140 287/120/140
f 301/135/141 262/95/141 247/51/141
f 302/136/142 277/111/142 262/95/142
f 302/136/143 249/60/143 277/111/143
f 252/68/144 217/96/144 215/69/144
f 252/68/145 330/137/145 217/96/145
f 303/138/146 224/75/146 264/73/146
f 303/138/147 291/76/147 224/75/147
f 304/139/148 255/78/148 265/98/148
f 255/78/149 267/99/149 266/82/149
f 305/140/150 233/86/150 256/84/150
f 306/141/151 268/88/151 233/86/151
f 268/88/152 307/142/152 269/4/152
f 307/142/153 270/103/153 269/4/153
f 309/143/154 258/91/154 272/104/154
f 237/18/155 324/144/155 295/129/155
f 296/130/156 310/145/156 238/20/156
f 310/145/157 283/116/157 238/20/157
f 283/116/158 311/131/158 239/23/158
f 284/117/159 327/146/159 273/107/159
f 327/146/160 312/147/160 273/107/160
f 313/148/161 275/110/161 274/109/161
f 314/149/162 285/118/162 276/41/162
f 299/134/163 300/150/163 287/120/163
f 300/150/164 301/135/164 287/120/164
f 315/151/165 278/112/165 249/60/165
f 332/152/166 304/139/166 265/98/166
f 316/153/167 3/115/167 267/99/167
f 317/154/168 256/84/168 4/101/168
f 305/140/169 306/141/169 233/86/169
f 318/155/170 270/103/170 307/142/170
f 271/90/171 319/156/171 257/8/171
f 308/157/172 292/124/172 234/10/172
f 320/158/173 293/125/173 235/12/173
f 321/159/174 309/143/174 272/104/174
f 309/143/175 259/92/175 258/91/175
f 322/160/176 282/128/176 236/15/176
f 282/128/177 323/161/177 237/18/177
f 323/161/178 324/144/178 237/18/178
f 325/162/179 296/130/179 261/93/179
f 326/163/180 311/131/180 283/116/180
f 312/147/181 274/109/181 273/107/181
f 313/148/182 297/132/182 275/110/182
f 298/133/183 314/149/183 276/41/183
f 286/119/184 299/134/184 245/46/184
f 300/150/185 328/164/185 301/135/185
f 301/135/186 302/136/186 262/95/186
f 301/135/187 315/151/187 302/136/187
f 315/151/188 249/60/188 302/136/188
f 329/165/189 280/114/189 279/113/189
f 330/137/190 288/121/190 217/96/190
f 290/123/191 254/70/191 289/122/191
f 332/152/192 265/98/192 291/76/192
f 333/166/193 267/99/193 255/78/193
f 333/166/194 316/153/194 267/99/194
f 316/153/195 334/167/195 3/115/195
f 5/168/196 317/154/196 4/101/196
f 335/169/197 305/140/197 256/84/197
f 306/141/198 307/142/198 268/88/198
f 319/156/199 336/170/199 257/8/199
f 234/10/200 257/8/200 336/170/200
f 294/127/201 321/159/201 272/104/201
f 309/143/202 337/171/202 259/92/202
f 259/92/203 322/160/203 236/15/203
f 322/160/204 338/172/204 282/128/204
f 295/129/205 261/93/205 260/106/205
f 339/173/206 284/117/206 311/131/206
f 327/146/207 284/117/207 339/173/207
f 312/147/208 313/148/208 274/109/208
f 314/149/209 286/119/209 285/118/209
f 340/174/210 278/112/210 315/151/210
f 278/112/211 341/175/211 279/113/211
f 329/165/212 252/68/212 280/114/212
f 303/138/213 332/152/213 291/76/213
f 317/154/214 335/169/214 256/84/214
f 305/140/215 342/176/215 306/141/215
f 292/124/216 320/158/216 235/12/216
f 343/177/217 294/127/217 281/126/217
f 338/172/218 344/178/218 282/128/218
f 323/161/219 345/179/219 324/144/219
f 295/129/220 325/162/220 261/93/220
f 299/134/221 346/180/221 300/150/221
f 347/181/222 340/174/222 315/151/222
f 341/175/223 329/165/223 279/113/223
f 290/123/224 331/182/224 264/73/224
f 331/182/225 303/138/225 264/73/225
f 304/139/226 348/183/226 255/78/226
f 333/166/227 334/167/227 316/153/227
f 334/167/228 6/184/228 3/115/228
f 342/176/229 349/185/229 306/141/229
f 349/185/230 307/142/230 306/141/230
f 350/186/231 351/187/231 318/155/231
f 351/187/232 270/103/232 318/155/232
f 351/187/233 271/90/233 270/103/233
f 336/170/234 308/157/234 234/10/234
f 352/188/235 292/124/235 308/157/235
f 354/189/236 293/125/236 320/158/236
f 293/125/237 343/177/237 281/126/237
f 355/190/238 344/178/238 338/172/238
f 344/178/239 323/161/239 282/128/239
f 345/179/240 356/191/240 324/144/240
f 356/191/241 295/129/241 324/144/241
f 325/162/242 310/145/242 296/130/242
f 310/145/243 358/192/243 283/116/243
f 358/192/244 326/163/244 283/116/244
f 313/148/245 298/133/245 297/132/245
f 360/193/246 314/149/246 298/133/246
f 361/194/247 299/134/247 286/119/247
f 346/180/248 328/164/248 300/150/248
f 340/174/249 341/175/249 278/112/249
f 255/78/250 363/195/250 333/166/250
f 333/166/251 364/196/251 334/167/251
f 5/168/252 335/169/252 317/154/252
f 349/185/253 318/155/253 307/142/253
f 353/197/254 320/158/254 292/124/254
f 337/171/255 322/160/255 259/92/255
f 337/171/256 338/172/256 322/160/256
f 356/191/257 357/198/257 295/129/257
f 357/198/258 325/162/258 295/129/258
f 325/162/259 358/192/259 310/145/259
f 326/163/260 359/199/260 311/131/260
f 359/199/261 339/173/261 311/131/261
f 359/199/262 327/146/262 339/173/262
f 365/200/263 313/148/263 312/147/263
f 366/201/264 298/133/264 313/148/264
f 360/193/265 367/202/265 314/149/265
f 367/202/266 286/119/266 314/149/266
f 367/202/267 361/194/267 286/119/267
f 361/194/268 368/203/268 299/134/268
f 328/164/269 369/204/269 301/135/269
f 369/204/270 315/151/270 301/135/270
f 369/204/271 347/181/271 315/151/271
f 347/181/272 370/205/272 340/174/272
f 371/206/273 252/68/273 329/165/273
f 371/206/274 330/137/274 252/68/274
f 398/207/275 253/97/275 288/121/275
f 398/207/276 289/122/276 253/97/276
f 398/207/277 372/208/277 289/122/277
f 362/209/278 332/152/278 303/138/278
f 364/196/279 374/210/279 334/167/279
f 374/210/280 6/184/280 334/167/280
f 7/211/281 335/169/281 5/168/281
f 335/169/282 342/176/282 305/140/282
f 375/212/283 308/157/283 336/170/283
f 353/197/284 354/189/284 320/158/284
f 376/213/285 321/159/285 294/127/285
f 376/213/286 309/143/286 321/159/286
f 344/178/287 345/179/287 323/161/287
f 365/200/288 366/201/288 313/148/288
f 366/201/289 360/193/289 298/133/289
f 368/203/290 346/180/290 299/134/290
f 372/208/291 290/123/291 289/122/291
f 377/214/292 331/182/292 290/123/292
f 373/215/293 304/139/293 332/152/293
f 348/183/294 363/195/294 255/78/294
f 363/195/295 364/196/295 333/166/295
f 335/169/296 378/216/296 342/176/296
f 349/185/297 350/186/297 318/155/297
f 351/187/298 391/217/298 271/90/298
f 379/218/299 319/156/299 271/90/299
f 319/156/300 375/212/300 336/170/300
f 352/188/301 353/197/301 292/124/301
f 354/189/302 343/177/302 293/125/302
f 343/177/303 380/219/303 294/127/303
f 380/219/304 376/213/304 294/127/304
f 383/220/305 366/201/305 365/200/305
f 384/221/306 367/202/306 360/193/306
f 367/202/307 385/222/307 361/194/307
f 346/180/308 386/223/308 328/164/308
f 386/223/309 369/204/309 328/164/309
f 370/205/310 341/175/310 340/174/310
f 371/206/311 288/121/311 330/137/311
f 372/208/312 377/214/312 290/123/312
f 413/224/313 303/138/313 331/182/313
f 413/224/314 362/209/314 303/138/314
f 387/225/315 332/152/315 362/209/315
f 387/225/316 373/215/316 332/152/316
f 348/183/317 304/139/317 373/215/317
f 389/226/318 378/216/318 335/169/318
f 390/227/319 350/186/319 349/185/319
f 400/228/320 391/217/320 350/186/320
f 391/217/321 351/187/321 350/186/321
f 391/217/322 379/218/322 271/90/322
f 375/212/323 392/229/323 308/157/323
f 393/230/324 309/143/324 376/213/324
f 393/230/325 337/171/325 309/143/325
f 393/230/326 338/172/326 337/171/326
f 344/178/327 356/191/327 345/179/327
f 357/198/328 381/231/328 325/162/328
f 394/232/329 358/192/329 325/162/329
f 358/192/330 394/232/330 326/163/330
f 395/233/331 359/199/331 326/163/331
f 312/147/332 382/234/332 365/200/332
f 420/235/333 369/204/333 386/223/333
f 396/236/334 329/165/334 341/175/334
f 396/236/335 371/206/335 329/165/335
f 396/236/336 397/237/336 371/206/336
f 397/237/337 288/121/337 371/206/337
f 397/237/338 398/207/338 288/121/338
f 387/225/339 388/238/339 373/215/339
f 388/238/340 348/183/340 373/215/340
f 399/239/341 364/196/341 363/195/341
f 399/239/342 374/210/342 364/196/342
f 378/216/343 349/185/343 342/176/343
f 390/227/344 400/228/344 350/186/344
f 379/218/345 401/240/345 319/156/345
f 401/240/346 375/212/346 319/156/346
f 392/229/347 402/241/347 308/157/347
f 402/241/348 352/188/348 308/157/348
f 403/242/349 353/197/349 352/188/349
f 354/189/350 404/243/350 343/177/350
f 404/243/351 380/219/351 343/177/351
f 380/219/352 405/244/352 376/213/352
f 414/245/353 355/190/353 338/172/353
f 414/245/354 406/246/354 355/190/354
f 406/246/355 344/178/355 355/190/355
f 344/178/356 407/247/356 356/191/356
f 381/231/357 394/232/357 325/162/357
f 394/232/358 395/233/358 326/163/358
f 382/234/359 408/248/359 365/200/359
f 408/248/360 383/220/360 365/200/360
f 385/222/361 409/249/361 361/194/361
f 409/249/362 368/203/362 361/194/362
f 410/250/363 386/223/363 346/180/363
f 411/251/364 347/181/364 369/204/364
f 370/205/365 412/252/365 341/175/365
f 377/214/366 413/224/366 331/182/366
f 7/211/367 389/226/367 335/169/367
f 402/241/368 403/242/368 352/188/368
f 405/244/369 393/230/369 376/213/369
f 414/245/370 338/172/370 393/230/370
f 406/246/371 407/247/371 344/178/371
f 359/199/372 416/253/372 327/146/372
f 416/253/373 417/254/373 327/146/373
f 417/254/374 312/147/374 327/146/374
f 383/220/375 360/193/375 366/201/375
f 418/255/376 367/202/376 384/221/376
f 419/256/377 346/180/377 368/203/377
f 419/256/378 410/250/378 346/180/378
f 410/250/379 420/235/379 386/223/379
f 420/235/380 421/257/380 369/204/380
f 421/257/381 411/251/381 369/204/381
f 411/251/382 370/205/382 347/181/382
f 412/252/383 422/258/383 341/175/383
f 422/258/384 396/236/384 341/175/384
f 429/259/385 397/237/385 396/236/385
f 423/260/386 388/238/386 387/225/386
f 388/238/387 434/261/387 348/183/387
f 434/261/388 363/195/388 348/183/388
f 424/262/389 399/239/389 363/195/389
f 425/263/390 374/210/390 399/239/390
f 378/216/391 390/227/391 349/185/391
f 400/228/392 435/264/392 391/217/392
f 401/240/393 392/229/393 375/212/393
f 426/265/394 404/243/394 354/189/394
f 407/247/395 415/266/395 356/191/395
f 415/266/396 357/198/396 356/191/396
f 417/254/397 382/234/397 312/147/397
f 418/255/398 385/222/398 367/202/398
f 418/255/399 409/249/399 385/222/399
f 409/249/400 419/256/400 368/203/400
f 411/251/401 427/267/401 370/205/401
f 370/205/402 428/268/402 412/252/402
f 422/258/403 429/259/403 396/236/403
f 432/269/404 362/209/404 413/224/404
f 362/209/405 423/260/405 387/225/405
f 423/260/406 433/270/406 388/238/406
f 434/261/407 424/262/407 363/195/407
f 425/263/408 8/271/408 374/210/408
f 8/271/409 6/184/409 374/210/409
f 435/264/410 379/218/410 391/217/410
f 436/272/411 402/241/411 392/229/411
f 353/197/412 426/265/412 354/189/412
f 404/243/413 437/273/413 380/219/413
f 437/273/414 405/244/414 380/219/414
f 393/230/415 438/274/415 414/245/415
f 438/274/416 406/246/416 414/245/416
f 444/275/417 394/232/417 381/231/417
f 439/276/418 395/233/418 394/232/418
f 395/233/419 416/253/419 359/199/419
f 459/277/420 383/220/420 408/248/420
f 383/220/421 446/278/421 360/193/421
f 446/278/422 384/221/422 360/193/422
f 446/278/423 418/255/423 384/221/423
f 409/249/424 440/279/424 419/256/424
f 440/279/425 410/250/425 419/256/425
f 441/280/426 422/258/426 412/252/426
f 430/281/427 377/214/427 372/208/427
f 431/282/428 443/283/428 377/214/428
f 443/283/429 413/224/429 377/214/429
f 433/270/430 434/261/430 388/238/430
f 424/262/431 425/263/431 399/239/431
f 378/216/432 400/228/432 390/227/432
f 426/265/433 456/284/433 404/243/433
f 456/284/434 437/273/434 404/243/434
f 457/285/435 438/274/435 393/230/435
f 444/275/436 439/276/436 394/232/436
f 417/254/437 445/286/437 382/234/437
f 445/286/438 408/248/438 382/234/438
f 446/278/439 383/220/439 459/277/439
f 440/279/440 447/287/440 410/250/440
f 447/287/441 420/235/441 410/250/441
f 447/287/442 421/257/442 420/235/442
f 427/267/443 428/268/443 370/205/443
f 428/268/444 441/280/444 412/252/444
f 429/259/445 448/288/445 397/237/445
f 448/288/446 398/207/446 397/237/446
f 448/288/447 372/208/447 398/207/447
f 448/288/448 442/289/448 372/208/448
f 430/281/449 431/282/449 377/214/449
f 443/283/450 432/269/450 413/224/450
f 449/290/451 362/209/451 432/269/451
f 449/290/452 423/260/452 362/209/452
f 449/290/453 433/270/453 423/260/453
f 425/263/454 462/291/454 8/271/454
f 462/291/455 10/292/455 8/271/455
f 450/293/456 389/226/456 7/211/456
f 451/294/457 400/228/457 378/216/457
f 453/295/458 435/264/458 400/228/458
f 454/296/459 379/218/459 435/264/459
f 454/296/460 401/240/460 379/218/460
f 401/240/461 436/272/461 392/229/461
f 403/242/462 455/297/462 353/197/462
f 353/197/463 455/297/463 426/265/463
f 457/285/464 393/230/464 405/244/464
f 438/274/465 465/298/465 406/246/465
f 415/266/466 488/299/466 357/198/466
f 488/299/467 381/231/467 357/198/467
f 460/300/468 421/257/468 447/287/468
f 461/301/469 411/251/469 421/257/469
f 469/302/470 429/259/470 422/258/470
f 430/281/471 372/208/471 442/289/471
f 450/293/472 378/216/472 389/226/472
f 454/296/473 463/303/473 401/240/473
f 463/303/474 436/272/474 401/240/474
f 436/272/475 464/304/475 402/241/475
f 455/297/476 456/284/476 426/265/476
f 406/246/477 458/305/477 407/247/477
f 458/305/478 415/266/478 407/247/478
f 444/275/479 477/306/479 439/276/479
f 439/276/480 416/253/480 395/233/480
f 466/307/481 417/254/481 416/253/481
f 445/286/482 459/277/482 408/248/482
f 467/308/483 409/249/483 418/255/483
f 460/300/484 461/301/484 421/257/484
f 461/301/485 468/309/485 411/251/485
f 427/267/486 441/280/486 428/268/486
f 470/310/487 443/283/487 431/282/487
f 443/283/488 449/290/488 432/269/488
f 443/283/489 471/311/489 449/290/489
f 472/312/490 433/270/490 449/290/490
f 473/313/491 434/261/491 433/270/491
f 9/314/492 450/293/492 7/211/492
f 450/293/493 451/294/493 378/216/493
f 452/315/494 400/228/494 451/294/494
f 452/315/495 453/295/495 400/228/495
f 484/316/496 455/297/496 403/242/496
f 474/317/497 437/273/497 456/284/497
f 475/318/498 465/298/498 438/274/498
f 488/299/499 444/275/499 381/231/499
f 478/319/500 459/277/500 445/286/500
f 479/320/501 418/255/501 446/278/501
f 480/321/502 440/279/502 409/249/502
f 480/321/503 447/287/503 440/279/503
f 468/309/504 427/267/504 411/251/504
f 441/280/505 469/302/505 422/258/505
f 469/302/506 481/322/506 429/259/506
f 434/261/507 504/323/507 424/262/507
f 11/324/508 450/293/508 9/314/508
f 451/294/509 482/325/509 452/315/509
f 483/326/510 454/296/510 435/264/510
f 464/304/511 484/316/511 402/241/511
f 484/316/512 403/242/512 402/241/512
f 485/327/513 455/297/513 484/316/513
f 487/328/514 456/284/514 455/297/514
f 487/328/515 474/317/515 456/284/515
f 474/317/516 405/244/516 437/273/516
f 496/329/517 438/274/517 457/285/517
f 465/298/518 458/305/518 406/246/518
f 476/330/519 415/266/519 458/305/519
f 488/299/520 509/331/520 444/275/520
f 477/306/521 416/253/521 439/276/521
f 489/332/522 478/319/522 445/286/522
f 490/333/523 467/308/523 418/255/523
f 467/308/524 480/321/524 409/249/524
f 491/334/525 441/280/525 427/267/525
f 502/335/526 430/281/526 442/289/526
f 471/311/527 472/312/527 449/290/527
f 473/313/528 492/336/528 434/261/528
f 492/336/529 504/323/529 434/261/529
f 493/337/530 462/291/530 425/263/530
f 483/326/531 495/338/531 454/296/531
f 495/338/532 463/303/532 454/296/532
f 496/329/533 475/318/533 438/274/533
f 475/318/534 518/339/534 465/298/534
f 489/332/535 445/286/535 417/254/535
f 479/320/536 490/333/536 418/255/536
f 497/340/537 480/321/537 467/308/537
f 498/341/538 447/287/538 480/321/538
f 498/341/539 460/300/539 447/287/539
f 513/342/540 499/343/540 461/301/540
f 499/343/541 468/309/541 461/301/541
f 500/344/542 427/267/542 468/309/542
f 481/322/543 448/288/543 429/259/543
f 501/345/544 442/289/544 448/288/544
f 430/281/545 503/346/545 431/282/545
f 503/346/546 470/310/546 431/282/546
f 470/310/547 471/311/547 443/283/547
f 504/323/548 425/263/548 424/262/548
f 505/347/549 10/292/549 462/291/549
f 505/347/550 12/348/550 10/292/550
f 11/324/551 494/349/551 450/293/551
f 453/295/552 506/350/552 435/264/552
f 506/350/553 483/326/553 435/264/553
f 495/338/554 436/272/554 463/303/554
f 495/338/555 464/304/555 436/272/555
f 485/327/556 486/351/556 455/297/556
f 486/351/557 487/328/557 455/297/557
f 486/351/558 507/352/558 487/328/558
f 487/328/559 508/353/559 474/317/559
f 496/329/560 457/285/560 405/244/560
f 476/330/561 488/299/561 415/266/561
f 523/354/562 466/307/562 416/253/562
f 466/307/563 489/332/563 417/254/563
f 510/355/564 459/277/564 478/319/564
f 511/356/565 446/278/565 459/277/565
f 511/356/566 479/320/566 446/278/566
f 490/333/567 512/357/567 467/308/567
f 512/357/568 497/340/568 467/308/568
f 513/342/569 461/301/569 460/300/569
f 500/344/570 491/334/570 427/267/570
f 481/322/571 514/358/571 448/288/571
f 515/359/572 471/311/572 470/310/572
f 472/312/573 473/313/573 433/270/573
f 504/323/574 493/337/574 425/263/574
f 493/337/575 505/347/575 462/291/575
f 451/294/576 450/293/576 494/349/576
f 482/325/577 453/295/577 452/315/577
f 516/360/578 485/327/578 484/316/578
f 507/352/579 508/353/579 487/328/579
f 474/317/580 517/361/580 405/244/580
f 517/361/581 496/329/581 405/244/581
f 496/329/582 518/339/582 475/318/582
f 465/298/583 519/362/583 458/305/583
f 458/305/584 519/362/584 476/330/584
f 520/363/585 488/299/585 476/330/585
f 521/364/586 444/275/586 509/331/586
f 521/364/587 477/306/587 444/275/587
f 523/354/588 416/253/588 477/306/588
f 510/355/589 511/356/589 459/277/589
f 513/342/590 460/300/590 498/341/590
f 441/280/591 526/365/591 469/302/591
f 526/365/592 527/366/592 469/302/592
f 527/366/593 481/322/593 469/302/593
f 514/358/594 501/345/594 448/288/594
f 501/345/595 502/335/595 442/289/595
f 503/346/596 528/367/596 470/310/596
f 529/368/597 472/312/597 471/311/597
f 529/368/598 530/369/598 472/312/598
f 530/369/599 473/313/599 472/312/599
f 531/370/600 451/294/600 494/349/600
f 532/371/601 482/325/601 451/294/601
f 533/372/602 506/350/602 453/295/602
f 534/373/603 464/304/603 495/338/603
f 534/373/604 535/374/604 464/304/604
f 535/374/605 516/360/605 464/304/605
f 516/360/606 484/316/606 464/304/606
f 536/375/607 486/351/607 485/327/607
f 536/375/608 507/352/608 486/351/608
f 520/363/609 537/376/609 488/299/609
f 537/376/610 509/331/610 488/299/610
f 524/377/611 489/332/611 466/307/611
f 538/378/612 479/320/612 511/356/612
f 539/379/613 480/321/613 497/340/613
f 539/379/614 498/341/614 480/321/614
f 525/380/615 513/342/615 498/341/615
f 499/343/616 500/344/616 468/309/616
f 500/344/617 540/381/617 491/334/617
f 502/335/618 503/346/618 430/281/618
f 542/382/619 471/311/619 515/359/619
f 542/382/620 529/368/620 471/311/620
f 11/324/621 531/370/621 494/349/621
f 531/370/622 543/383/622 451/294/622
f 543/383/623 532/371/623 451/294/623
f 482/325/624 533/372/624 453/295/624
f 552/384/625 518/339/625 496/329/625
f 544/385/626 465/298/626 518/339/626
f 519/362/627 520/363/627 476/330/627
f 521/364/628 522/386/628 477/306/628
f 522/386/629 523/354/629 477/306/629
f 523/354/630 524/377/630 466/307/630
f 553/387/631 478/319/631 489/332/631
f 538/378/632 545/388/632 479/320/632
f 545/388/633 490/333/633 479/320/633
f 545/388/634 512/357/634 490/333/634
f 512/357/635 539/379/635 497/340/635
f 539/379/636 525/380/636 498/341/636
f 546/389/637 500/344/637 499/343/637
f 546/389/638 547/390/638 500/344/638
f 491/334/639 526/365/639 441/280/639
f 548/391/640 514/358/640 481/322/640
f 548/391/641 541/392/641 514/358/641
f 555/393/642 502/335/642 501/345/642
f 502/335/643 528/367/643 503/346/643
f 557/394/644 533/372/644 482/325/644
f 483/326/645 550/395/645 495/338/645
f 551/396/646 508/353/646 507/352/646
f 508/353/647 517/361/647 474/317/647
f 517/361/648 552/384/648 496/329/648
f 537/376/649 521/364/649 509/331/649
f 524/377/650 563/397/650 489/332/650
f 553/387/651 510/355/651 478/319/651
f 564/398/652 545/388/652 538/378/652
f 540/381/653 526/365/653 491/334/653
f 527/366/654 548/391/654 481/322/654
f 554/399/655 501/345/655 514/358/655
f 528/367/656 556/400/656 470/310/656
f 556/400/657 515/359/657 470/310/657
f 556/400/658 542/382/658 515/359/658
f 530/369/659 549/401/659 473/313/659
f 549/401/660 492/336/660 473/313/660
f 505/347/661 14/402/661 12/348/661
f 13/403/662 531/370/662 11/324/662
f 557/394/663 482/325/663 532/371/663
f 550/395/664 534/373/664 495/338/664
f 558/404/665 535/374/665 534/373/665
f 535/374/666 559/405/666 516/360/666
f 559/405/667 485/327/667 516/360/667
f 560/406/668 536/375/668 485/327/668
f 551/396/669 507/352/669 536/375/669
f 561/407/670 518/339/670 552/384/670
f 544/385/671 519/362/671 465/298/671
f 562/408/672 520/363/672 519/362/672
f 563/397/673 553/387/673 489/332/673
f 580/409/674 539/379/674 512/357/674
f 565/410/675 499/343/675 513/342/675
f 566/411/676 546/389/676 499/343/676
f 547/390/677 540/381/677 500/344/677
f 567/412/678 526/365/678 540/381/678
f 541/392/679 554/399/679 514/358/679
f 568/413/680 528/367/680 502/335/680
f 583/414/681 529/368/681 542/382/681
f 584/415/682 549/401/682 530/369/682
f 492/336/683 570/416/683 504/323/683
f 570/416/684 493/337/684 504/323/684
f 531/370/685 585/417/685 543/383/685
f 543/383/686 571/418/686 532/371/686
f 571/418/687 557/394/687 532/371/687
f 506/350/688 550/395/688 483/326/688
f 572/419/689 534/373/689 550/395/689
f 559/405/690 560/406/690 485/327/690
f 560/406/691 551/396/691 536/375/691
f 561/407/692 573/420/692 518/339/692
f 544/385/693 518/339/693 573/420/693
f 574/421/694 562/408/694 519/362/694
f 520/363/695 575/422/695 537/376/695
f 575/422/696 521/364/696 537/376/696
f 521/364/697 576/423/697 522/386/697
f 577/424/698 523/354/698 522/386/698
f 523/354/699 578/425/699 524/377/699
f 578/425/700 563/397/700 524/377/700
f 510/355/701 579/426/701 511/356/701
f 579/426/702 538/378/702 511/356/702
f 579/426/703 564/398/703 538/378/703
f 547/390/704 567/412/704 540/381/704
f 581/427/705 548/391/705 527/366/705
f 581/427/706 541/392/706 548/391/706
f 554/399/707 555/393/707 501/345/707
f 555/393/708 568/413/708 502/335/708
f 582/428/709 528/367/709 568/413/709
f 583/414/710 542/382/710 556/400/710
f 549/401/711 569/429/711 492/336/711
f 13/403/712 585/417/712 531/370/712
f 557/394/713 586/430/713 533/372/713
f 586/430/714 506/350/714 533/372/714
f 586/430/715 550/395/715 506/350/715
f 572/419/716 587/431/716 534/373/716
f 587/431/717 558/404/717 534/373/717
f 588/432/718 535/374/718 558/404/718
f 551/396/719 517/361/719 508/353/719
f 574/421/720 519/362/720 544/385/720
f 575/422/721 576/423/721 521/364/721
f 553/387/722 579/426/722 510/355/722
f 564/398/723 598/433/723 545/388/723
f 599/434/724 512/357/724 545/388/724
f 599/434/725 580/409/725 512/357/725
f 525/380/726 565/410/726 513/342/726
f 565/410/727 566/411/727 499/343/727
f 567/412/728 527/366/728 526/365/728
f 567/412/729 581/427/729 527/366/729
f 590/435/730 583/414/730 556/400/730
f 583/414/731 591/436/731 529/368/731
f 529/368/732 592/437/732 530/369/732
f 592/437/733 584/415/733 530/369/733
f 570/416/734 505/347/734 493/337/734
f 587/431/735 588/432/735 558/404/735
f 588/432/736 559/405/736 535/374/736
f 560/406/737 602/438/737 551/396/737
f 593/439/738 552/384/738 517/361/738
f 561/407/739 594/440/739 573/420/739
f 594/440/740 544/385/740 573/420/740
f 594/440/741 574/421/741 544/385/741
f 562/408/742 603/441/742 520/363/742
f 596/442/743 553/387/743 563/397/743
f 599/434/744 545/388/744 598/433/744
f 581/427/745 554/399/745 541/392/745
f 610/443/746 582/428/746 568/413/746
f 582/428/747 589/444/747 528/367/747
f 590/435/748 556/400/748 528/367/748
f 600/445/749 583/414/749 590/435/749
f 584/415/750 611/446/750 549/401/750
f 601/447/751 570/416/751 492/336/751
f 570/416/752 14/402/752 505/347/752
f 586/430/753 557/394/753 571/418/753
f 593/439/754 561/407/754 552/384/754
f 574/421/755 603/441/755 562/408/755
f 604/448/756 575/422/756 520/363/756
f 575/422/757 595/449/757 576/423/757
f 576/423/758 577/424/758 522/386/758
f 577/424/759 578/425/759 523/354/759
f 578/425/760 596/442/760 563/397/760
f 597/450/761 579/426/761 553/387/761
f 605/451/762 539/379/762 580/409/762
f 620/452/763 565/410/763 525/380/763
f 606/453/764 547/390/764 546/389/764
f 607/454/765 567/412/765 547/390/765
f 608/455/766 581/427/766 567/412/766
f 609/456/767 554/399/767 581/427/767
f 589/444/768 590/435/768 528/367/768
f 592/437/769 611/446/769 584/415/769
f 612/457/770 569/429/770 549/401/770
f 569/429/771 601/447/771 492/336/771
f 613/458/772 543/383/772 585/417/772
f 615/459/773 559/405/773 588/432/773
f 615/459/774 616/460/774 559/405/774
f 616/460/775 617/461/775 560/406/775
f 602/438/776 517/361/776 551/396/776
f 647/462/777 574/421/777 594/440/777
f 595/449/778 577/424/778 576/423/778
f 618/463/779 564/398/779 579/426/779
f 618/463/780 598/433/780 564/398/780
f 599/434/781 605/451/781 580/409/781
f 619/464/782 525/380/782 539/379/782
f 620/452/783 525/380/783 619/464/783
f 566/411/784 606/453/784 546/389/784
f 606/453/785 607/454/785 547/390/785
f 607/454/786 608/455/786 567/412/786
f 608/455/787 609/456/787 581/427/787
f 621/465/788 555/393/788 554/399/788
f 591/436/789 592/437/789 529/368/789
f 591/436/790 629/466/790 592/437/790
f 629/466/791 549/401/791 611/446/791
f 622/467/792 14/402/792 570/416/792
f 15/468/793 585/417/793 13/403/793
f 15/468/794 613/458/794 585/417/794
f 613/458/795 614/469/795 543/383/795
f 614/469/796 571/418/796 543/383/796
f 616/460/797 560/406/797 559/405/797
f 617/461/798 602/438/798 560/406/798
f 635/470/799 561/407/799 593/439/799
f 647/462/800 623/471/800 574/421/800
f 624/472/801 595/449/801 575/422/801
f 625/473/802 553/387/802 596/442/802
f 625/473/803 597/450/803 553/387/803
f 626/474/804 618/463/804 579/426/804
f 620/452/805 639/475/805 565/410/805
f 627/476/806 566/411/806 565/410/806
f 628/477/807 609/456/807 608/455/807
f 621/465/808 554/399/808 609/456/808
f 621/465/809 568/413/809 555/393/809
f 621/465/810 610/443/810 568/413/810
f 629/466/811 611/446/811 592/437/811
f 612/457/812 601/447/812 569/429/812
f 622/467/813 16/478/813 14/402/813
f 630/479/814 571/418/814 614/469/814
f 631/480/815 550/395/815 586/430/815
f 632/481/816 572/419/816 550/395/816
f 632/481/817 587/431/817 572/419/817
f 633/482/818 588/432/818 587/431/818
f 602/438/819 634/483/819 517/361/819
f 636/484/820 594/440/820 561/407/820
f 623/471/821 603/441/821 574/421/821
f 603/441/822 604/448/822 520/363/822
f 637/485/823 596/442/823 578/425/823
f 637/485/824 625/473/824 596/442/824
f 638/486/825 605/451/825 599/434/825
f 605/451/826 619/464/826 539/379/826
f 627/476/827 565/410/827 639/475/827
f 609/456/828 640/487/828 621/465/828
f 641/488/829 610/443/829 621/465/829
f 600/445/830 591/436/830 583/414/830
f 629/466/831 612/457/831 549/401/831
f 622/467/832 661/489/832 16/478/832
f 643/490/833 614/469/833 613/458/833
f 630/479/834 644/491/834 571/418/834
f 644/491/835 586/430/835 571/418/835
f 633/482/836 615/459/836 588/432/836
f 645/492/837 616/460/837 615/459/837
f 634/483/838 593/439/838 517/361/838
f 635/470/839 636/484/839 561/407/839
f 648/493/840 604/448/840 603/441/840
f 604/448/841 624/472/841 575/422/841
f 577/424/842 637/485/842 578/425/842
f 597/450/843 626/474/843 579/426/843
f 626/474/844 649/494/844 618/463/844
f 650/495/845 598/433/845 618/463/845
f 651/496/846 599/434/846 598/433/846
f 651/496/847 638/486/847 599/434/847
f 619/464/848 639/475/848 620/452/848
f 608/455/849 652/497/849 628/477/849
f 653/498/850 582/428/850 610/443/850
f 582/428/851 653/498/851 589/444/851
f 653/498/852 590/435/852 589/444/852
f 673/499/853 600/445/853 590/435/853
f 643/490/854 630/479/854 614/469/854
f 631/480/855 632/481/855 550/395/855
f 633/482/856 587/431/856 632/481/856
f 633/482/857 654/500/857 615/459/857
f 654/500/858 645/492/858 615/459/858
f 645/492/859 617/461/859 616/460/859
f 617/461/860 655/501/860 602/438/860
f 634/483/861 635/470/861 593/439/861
f 636/484/862 647/462/862 594/440/862
f 624/472/863 577/424/863 595/449/863
f 649/494/864 650/495/864 618/463/864
f 650/495/865 651/496/865 598/433/865
f 658/502/866 627/476/866 639/475/866
f 627/476/867 606/453/867 566/411/867
f 606/453/868 608/455/868 607/454/868
f 628/477/869 640/487/869 609/456/869
f 641/488/870 653/498/870 610/443/870
f 659/503/871 642/504/871 600/445/871
f 642/504/872 591/436/872 600/445/872
f 629/466/873 660/505/873 612/457/873
f 622/467/874 570/416/874 601/447/874
f 661/489/875 17/506/875 16/478/875
f 646/507/876 634/483/876 602/438/876
f 623/471/877 663/508/877 603/441/877
f 656/509/878 577/424/878 624/472/878
f 656/509/879 665/510/879 577/424/879
f 665/510/880 637/485/880 577/424/880
f 667/511/881 625/473/881 637/485/881
f 668/512/882 597/450/882 625/473/882
f 668/512/883 626/474/883 597/450/883
f 638/486/884 657/513/884 605/451/884
f 657/513/885 619/464/885 605/451/885
f 658/502/886 639/475/886 619/464/886
f 669/514/887 608/455/887 606/453/887
f 671/515/888 640/487/888 628/477/888
f 672/516/889 641/488/889 621/465/889
f 673/499/890 590/435/890 653/498/890
f 642/504/891 674/517/891 591/436/891
f 612/457/892 675/518/892 601/447/892
f 675/518/893 622/467/893 601/447/893
f 644/491/894 631/480/894 586/430/894
f 662/519/895 655/501/895 617/461/895
f 655/501/896 646/507/896 602/438/896
f 646/507/897 676/520/897 634/483/897
f 676/520/898 635/470/898 634/483/898
f 677/521/899 636/484/899 635/470/899
f 647/462/900 663/508/900 623/471/900
f 678/522/901 604/448/901 648/493/901
f 664/523/902 624/472/902 604/448/902
f 664/523/903 679/524/903 624/472/903
f 679/524/904 656/509/904 624/472/904
f 665/510/905 666/525/905 637/485/905
f 667/511/906 668/512/906 625/473/906
f 680/526/907 651/496/907 650/495/907
f 681/527/908 682/528/908 651/496/908
f 682/528/909 638/486/909 651/496/909
f 682/528/910 657/513/910 638/486/910
f 683/529/911 606/453/911 627/476/911
f 684/530/912 669/514/912 606/453/912
f 670/531/913 652/497/913 608/455/913
f 652/497/914 671/515/914 628/477/914
f 640/487/915 672/516/915 621/465/915
f 659/503/916 600/445/916 673/499/916
f 591/436/917 674/517/917 629/466/917
f 15/468/918 643/490/918 613/458/918
f 644/491/919 695/532/919 631/480/919
f 654/500/920 686/533/920 645/492/920
f 686/533/921 662/519/921 645/492/921
f 662/519/922 617/461/922 645/492/922
f 655/501/923 698/534/923 646/507/923
f 698/534/924 676/520/924 646/507/924
f 635/470/925 687/535/925 677/521/925
f 636/484/926 688/536/926 647/462/926
f 663/508/927 648/493/927 603/441/927
f 689/537/928 665/510/928 656/509/928
f 667/511/929 637/485/929 666/525/929
f 668/512/930 649/494/930 626/474/930
f 657/513/931 690/538/931 619/464/931
f 690/538/932 658/502/932 619/464/932
f 658/502/933 683/529/933 627/476/933
f 683/529/934 684/530/934 606/453/934
f 669/514/935 670/531/935 608/455/935
f 641/488/936 685/539/936 653/498/936
f 685/539/937 673/499/937 653/498/937
f 692/540/938 659/503/938 673/499/938
f 674/517/939 642/504/939 659/503/939
f 737/541/940 660/505/940 629/466/940
f 693/542/941 612/457/941 660/505/941
f 675/518/942 661/489/942 622/467/942
f 18/543/943 643/490/943 15/468/943
f 694/544/944 644/491/944 630/479/944
f 694/544/945 695/532/945 644/491/945
f 696/545/946 632/481/946 631/480/946
f 699/546/947 688/536/947 636/484/947
f 688/536/948 663/508/948 647/462/948
f 700/547/949 678/522/949 648/493/949
f 678/522/950 664/523/950 604/448/950
f 701/548/951 679/524/951 664/523/951
f 668/512/952 702/549/952 649/494/952
f 702/549/953 703/550/953 649/494/953
f 680/526/954 681/527/954 651/496/954
f 705/551/955 671/515/955 652/497/955
f 671/515/956 691/552/956 640/487/956
f 685/539/957 692/540/957 673/499/957
f 706/553/958 674/517/958 659/503/958
f 707/554/959 612/457/959 693/542/959
f 707/554/960 675/518/960 612/457/960
f 643/490/961 694/544/961 630/479/961
f 697/555/962 633/482/962 632/481/962
f 710/556/963 662/519/963 686/533/963
f 711/557/964 676/520/964 698/534/964
f 676/520/965 687/535/965 635/470/965
f 722/558/966 699/546/966 677/521/966
f 699/546/967 636/484/967 677/521/967
f 663/508/968 700/547/968 648/493/968
f 713/559/969 701/548/969 664/523/969
f 679/524/970 689/537/970 656/509/970
f 666/525/971 714/560/971 667/511/971
f 715/561/972 668/512/972 667/511/972
f 716/562/973 702/549/973 668/512/973
f 703/550/974 650/495/974 649/494/974
f 703/550/975 680/526/975 650/495/975
f 682/528/976 690/538/976 657/513/976
f 690/538/977 704/563/977 658/502/977
f 717/564/978 670/531/978 669/514/978
f 705/551/979 652/497/979 670/531/979
f 691/552/980 672/516/980 640/487/980
f 692/540/981 718/565/981 659/503/981
f 718/565/982 706/553/982 659/503/982
f 674/517/983 737/541/983 629/466/983
f 731/566/984 661/489/984 675/518/984
f 731/566/985 17/506/985 661/489/985
f 18/543/986 708/567/986 643/490/986
f 708/567/987 694/544/987 643/490/987
f 719/568/988 695/532/988 694/544/988
f 696/545/989 697/555/989 632/481/989
f 697/555/990 709/569/990 633/482/990
f 709/569/991 654/500/991 633/482/991
f 709/569/992 686/533/992 654/500/992
f 711/557/993 721/570/993 676/520/993
f 721/570/994 687/535/994 676/520/994
f 687/535/995 722/558/995 677/521/995
f 723/571/996 663/508/996 688/536/996
f 712/572/997 700/547/997 663/508/997
f 678/522/998 713/559/998 664/523/998
f 724/573/999 666/525/999 665/510/999
f 714/560/1000 715/561/1000 667/511/1000
f 681/527/1001 725/574/1001 682/528/1001
f 717/564/1002 705/551/1002 670/531/1002
f 672/516/1003 728/575/1003 641/488/1003
f 728/575/1004 685/539/1004 641/488/1004
f 728/575/1005 729/576/1005 685/539/1005
f 729/576/1006 692/540/1006 685/539/1006
f 737/541/1007 693/542/1007 660/505/1007
f 730/577/1008 707/554/1008 693/542/1008
f 731/566/1009 675/518/1009 707/554/1009
f 695/532/1010 720/578/1010 631/480/1010
f 720/578/1011 696/545/1011 631/480/1011
f 709/569/1012 710/556/1012 686/533/1012
f 710/556/1013 655/501/1013 662/519/1013
f 723/571/1014 712/572/1014 663/508/1014
f 701/548/1015 689/537/1015 679/524/1015
f 666/525/1016 733/579/1016 714/560/1016
f 733/579/1017 715/561/1017 714/560/1017
f 715/561/1018 741/580/1018 668/512/1018
f 741/580/1019 716/562/1019 668/512/1019
f 742/581/1020 680/526/1020 703/550/1020
f 680/526/1021 725/574/1021 681/527/1021
f 734/582/1022 704/563/1022 690/538/1022
f 726/583/1023 684/530/1023 683/529/1023
f 726/583/1024 669/514/1024 684/530/1024
f 671/515/1025 727/584/1025 691/552/1025
f 727/584/1026 735/585/1026 691/552/1026
f 735/585/1027 672/516/1027 691/552/1027
f 736/586/1028 728/575/1028 672/516/1028
f 706/553/1029 737/541/1029 674/517/1029
f 738/587/1030 709/569/1030 697/555/1030
f 709/569/1031 739/588/1031 710/556/1031
f 721/570/1032 722/558/1032 687/535/1032
f 733/579/1033 741/580/1033 715/561/1033
f 702/549/1034 742/581/1034 703/550/1034
f 725/574/1035 690/538/1035 682/528/1035
f 725/574/1036 743/589/1036 690/538/1036
f 743/589/1037 734/582/1037 690/538/1037
f 750/590/1038 726/583/1038 683/529/1038
f 735/585/1039 736/586/1039 672/516/1039
f 729/576/1040 718/565/1040 692/540/1040
f 744/591/1041 706/553/1041 718/565/1041
f 737/541/1042 730/577/1042 693/542/1042
f 745/592/1043 707/554/1043 730/577/1043
f 745/592/1044 731/566/1044 707/554/1044
f 720/578/1045 746/593/1045 696/545/1045
f 746/593/1046 697/555/1046 696/545/1046
f 732/594/1047 698/534/1047 655/501/1047
f 748/595/1048 713/559/1048 678/522/1048
f 748/595/1049 740/596/1049 713/559/1049
f 740/596/1050 701/548/1050 713/559/1050
f 724/573/1051 733/579/1051 666/525/1051
f 749/597/1052 742/581/1052 702/549/1052
f 742/581/1053 762/598/1053 680/526/1053
f 763/599/1054 704/563/1054 734/582/1054
f 704/563/1055 775/600/1055 658/502/1055
f 750/590/1056 683/529/1056 658/502/1056
f 717/564/1057 751/601/1057 705/551/1057
f 752/602/1058 671/515/1058 705/551/1058
f 736/586/1059 753/603/1059 728/575/1059
f 754/604/1060 729/576/1060 728/575/1060
f 718/565/1061 755/605/1061 744/591/1061
f 756/606/1062 745/592/1062 730/577/1062
f 746/593/1063 747/607/1063 697/555/1063
f 738/587/1064 769/608/1064 709/569/1064
f 769/608/1065 739/588/1065 709/569/1065
f 711/557/1066 698/534/1066 732/594/1066
f 700/547/1067 758/609/1067 678/522/1067
f 758/609/1068 748/595/1068 678/522/1068
f 759/610/1069 689/537/1069 701/548/1069
f 759/610/1070 760/611/1070 689/537/1070
f 760/611/1071 665/510/1071 689/537/1071
f 760/611/1072 724/573/1072 665/510/1072
f 761/612/1073 741/580/1073 733/579/1073
f 749/597/1074 762/598/1074 742/581/1074
f 743/589/1075 763/599/1075 734/582/1075
f 775/600/1076 750/590/1076 658/502/1076
f 752/602/1077 705/551/1077 751/601/1077
f 752/602/1078 727/584/1078 671/515/1078
f 764/613/1079 735/585/1079 727/584/1079
f 735/585/1080 765/614/1080 736/586/1080
f 753/603/1081 754/604/1081 728/575/1081
f 729/576/1082 755/605/1082 718/565/1082
f 766/615/1083 730/577/1083 737/541/1083
f 731/566/1084 767/616/1084 17/506/1084
f 757/617/1085 694/544/1085 708/567/1085
f 768/618/1086 719/568/1086 694/544/1086
f 789/619/1087 720/578/1087 695/532/1087
f 747/607/1088 738/587/1088 697/555/1088
f 769/608/1089 770/620/1089 739/588/1089
f 771/621/1090 655/501/1090 710/556/1090
f 771/621/1091 732/594/1091 655/501/1091
f 699/546/1092 782/622/1092 688/536/1092
f 724/573/1093 761/612/1093 733/579/1093
f 772/623/1094 702/549/1094 716/562/1094
f 772/623/1095 749/597/1095 702/549/1095
f 762/598/1096 773/624/1096 680/526/1096
f 680/526/1097 774/625/1097 725/574/1097
f 750/590/1098 776/626/1098 726/583/1098
f 764/613/1099 765/614/1099 735/585/1099
f 778/627/1100 737/541/1100 706/553/1100
f 788/628/1101 766/615/1101 737/541/1101
f 779/629/1102 731/566/1102 745/592/1102
f 779/629/1103 767/616/1103 731/566/1103
f 757/617/1104 768/618/1104 694/544/1104
f 780/630/1105 738/587/1105 747/607/1105
f 739/588/1106 770/620/1106 710/556/1106
f 711/557/1107 791/631/1107 721/570/1107
f 781/632/1108 722/558/1108 721/570/1108
f 783/633/1109 723/571/1109 688/536/1109
f 784/634/1110 761/612/1110 724/573/1110
f 785/635/1111 741/580/1111 761/612/1111
f 741/580/1112 772/623/1112 716/562/1112
f 773/624/1113 774/625/1113 680/526/1113
f 763/599/1114 775/600/1114 704/563/1114
f 752/602/1115 786/636/1115 727/584/1115
f 786/636/1116 764/613/1116 727/584/1116
f 744/591/1117 778/627/1117 706/553/1117
f 766/615/1118 799/637/1118 730/577/1118
f 799/637/1119 756/606/1119 730/577/1119
f 767/616/1120 19/638/1120 17/506/1120
f 20/639/1121 708/567/1121 18/543/1121
f 20/639/1122 757/617/1122 708/567/1122
f 757/617/1123 801/640/1123 768/618/1123
f 768/618/1124 789/619/1124 719/568/1124
f 789/619/1125 695/532/1125 719/568/1125
f 720/578/1126 790/641/1126 746/593/1126
f 790/641/1127 747/607/1127 746/593/1127
f 780/630/1128 769/608/1128 738/587/1128
f 770/620/1129 771/621/1129 710/556/1129
f 791/631/1130 711/557/1130 732/594/1130
f 791/631/1131 781/632/1131 721/570/1131
f 723/571/1132 783/633/1132 712/572/1132
f 712/572/1133 758/609/1133 700/547/1133
f 740/596/1134 759/610/1134 701/548/1134
f 760/611/1135 784/634/1135 724/573/1135
f 785/635/1136 772/623/1136 741/580/1136
f 772/623/1137 792/642/1137 749/597/1137
f 793/643/1138 743/589/1138 725/574/1138
f 743/589/1139 794/644/1139 763/599/1139
f 795/645/1140 775/600/1140 763/599/1140
f 776/626/1141 796/646/1141 726/583/1141
f 796/646/1142 669/514/1142 726/583/1142
f 796/646/1143 717/564/1143 669/514/1143
f 751/601/1144 806/647/1144 752/602/1144
f 806/647/1145 777/648/1145 752/602/1145
f 765/614/1146 797/649/1146 736/586/1146
f 797/649/1147 753/603/1147 736/586/1147
f 798/650/1148 754/604/1148 753/603/1148
f 754/604/1149 787/651/1149 729/576/1149
f 778/627/1150 788/628/1150 737/541/1150
f 788/628/1151 799/637/1151 766/615/1151
f 800/652/1152 745/592/1152 756/606/1152
f 800/652/1153 779/629/1153 745/592/1153
f 802/653/1154 790/641/1154 720/578/1154
f 780/630/1155 747/607/1155 790/641/1155
f 780/630/1156 770/620/1156 769/608/1156
f 771/621/1157 803/654/1157 732/594/1157
f 803/654/1158 791/631/1158 732/594/1158
f 722/558/1159 782/622/1159 699/546/1159
f 688/536/1160 782/622/1160 783/633/1160
f 792/642/1161 804/655/1161 749/597/1161
f 804/655/1162 762/598/1162 749/597/1162
f 805/656/1163 725/574/1163 774/625/1163
f 805/656/1164 793/643/1164 725/574/1164
f 794/644/1165 795/645/1165 763/599/1165
f 796/646/1166 751/601/1166 717/564/1166
f 807/657/1167 786/636/1167 752/602/1167
f 798/650/1168 787/651/1168 754/604/1168
f 809/658/1169 755/605/1169 729/576/1169
f 810/659/1170 744/591/1170 755/605/1170
f 810/659/1171 778/627/1171 744/591/1171
f 20/639/1172 801/640/1172 757/617/1172
f 801/640/1173 811/660/1173 768/618/1173
f 811/660/1174 789/619/1174 768/618/1174
f 812/661/1175 770/620/1175 780/630/1175
f 770/620/1176 817/662/1176 771/621/1176
f 803/654/1177 818/663/1177 791/631/1177
f 781/632/1178 813/664/1178 722/558/1178
f 759/610/1179 821/665/1179 760/611/1179
f 784/634/1180 785/635/1180 761/612/1180
f 814/666/1181 772/623/1181 785/635/1181
f 804/655/1182 773/624/1182 762/598/1182
f 793/643/1183 794/644/1183 743/589/1183
f 796/646/1184 806/647/1184 751/601/1184
f 815/667/1185 777/648/1185 806/647/1185
f 777/648/1186 807/657/1186 752/602/1186
f 764/613/1187 808/668/1187 765/614/1187
f 808/668/1188 834/669/1188 765/614/1188
f 834/669/1189 797/649/1189 765/614/1189
f 787/651/1190 809/658/1190 729/576/1190
f 809/658/1191 810/659/1191 755/605/1191
f 837/670/1192 767/616/1192 779/629/1192
f 21/671/1193 19/638/1193 767/616/1193
f 802/653/1194 720/578/1194 789/619/1194
f 818/663/1195 819/672/1195 791/631/1195
f 722/558/1196 813/664/1196 782/622/1196
f 821/665/1197 740/596/1197 748/595/1197
f 814/666/1198 792/642/1198 772/623/1198
f 804/655/1199 822/673/1199 773/624/1199
f 823/674/1200 805/656/1200 774/625/1200
f 794/644/1201 775/600/1201 795/645/1201
f 830/675/1202 750/590/1202 775/600/1202
f 815/667/1203 807/657/1203 777/648/1203
f 786/636/1204 833/676/1204 764/613/1204
f 833/676/1205 808/668/1205 764/613/1205
f 798/650/1206 753/603/1206 797/649/1206
f 778/627/1207 825/677/1207 788/628/1207
f 837/670/1208 816/678/1208 767/616/1208
f 816/678/1209 21/671/1209 767/616/1209
f 802/653/1210 780/630/1210 790/641/1210
f 827/679/1211 770/620/1211 812/661/1211
f 827/679/1212 817/662/1212 770/620/1212
f 819/672/1213 781/632/1213 791/631/1213
f 783/633/1214 758/609/1214 712/572/1214
f 783/633/1215 828/680/1215 758/609/1215
f 828/680/1216 748/595/1216 758/609/1216
f 740/596/1217 821/665/1217 759/610/1217
f 829/681/1218 784/634/1218 760/611/1218
f 822/673/1219 774/625/1219 773/624/1219
f 805/656/1220 794/644/1220 793/643/1220
f 830/675/1221 776/626/1221 750/590/1221
f 830/675/1222 824/682/1222 776/626/1222
f 824/682/1223 831/683/1223 776/626/1223
f 831/683/1224 796/646/1224 776/626/1224
f 831/683/1225 832/684/1225 796/646/1225
f 835/685/1226 809/658/1226 787/651/1226
f 810/659/1227 825/677/1227 778/627/1227
f 825/677/1228 826/686/1228 788/628/1228
f 826/686/1229 799/637/1229 788/628/1229
f 756/606/1230 836/687/1230 800/652/1230
f 837/670/1231 779/629/1231 800/652/1231
f 838/688/1232 816/678/1232 837/670/1232
f 22/689/1233 839/690/1233 20/639/1233
f 839/690/1234 801/640/1234 20/639/1234
f 802/653/1235 862/691/1235 780/630/1235
f 862/691/1236 812/661/1236 780/630/1236
f 782/622/1237 820/692/1237 783/633/1237
f 821/665/1238 829/681/1238 760/611/1238
f 848/693/1239 785/635/1239 784/634/1239
f 840/694/1240 792/642/1240 814/666/1240
f 792/642/1241 822/673/1241 804/655/1241
f 822/673/1242 823/674/1242 774/625/1242
f 794/644/1243 841/695/1243 775/600/1243
f 841/695/1244 830/675/1244 775/600/1244
f 832/684/1245 806/647/1245 796/646/1245
f 807/657/1246 833/676/1246 786/636/1246
f 833/676/1247 834/669/1247 808/668/1247
f 834/669/1248 856/696/1248 797/649/1248
f 856/696/1249 798/650/1249 797/649/1249
f 842/697/1250 787/651/1250 798/650/1250
f 843/698/1251 809/658/1251 835/685/1251
f 843/698/1252 810/659/1252 809/658/1252
f 801/640/1253 844/699/1253 811/660/1253
f 811/660/1254 860/700/1254 789/619/1254
f 817/662/1255 803/654/1255 771/621/1255
f 803/654/1256 845/701/1256 818/663/1256
f 845/701/1257 819/672/1257 818/663/1257
f 874/702/1258 820/692/1258 782/622/1258
f 865/703/1259 821/665/1259 748/595/1259
f 829/681/1260 848/693/1260 784/634/1260
f 850/704/1261 840/694/1261 814/666/1261
f 851/705/1262 794/644/1262 805/656/1262
f 852/706/1263 841/695/1263 794/644/1263
f 853/707/1264 815/667/1264 806/647/1264
f 807/657/1265 854/708/1265 833/676/1265
f 855/709/1266 834/669/1266 833/676/1266
f 842/697/1267 835/685/1267 787/651/1267
f 843/698/1268 825/677/1268 810/659/1268
f 857/710/1269 799/637/1269 826/686/1269
f 857/710/1270 858/711/1270 799/637/1270
f 858/711/1271 756/606/1271 799/637/1271
f 836/687/1272 837/670/1272 800/652/1272
f 838/688/1273 21/671/1273 816/678/1273
f 844/699/1274 860/700/1274 811/660/1274
f 861/712/1275 789/619/1275 860/700/1275
f 872/713/1276 812/661/1276 862/691/1276
f 864/714/1277 781/632/1277 819/672/1277
f 846/715/1278 813/664/1278 781/632/1278
f 813/664/1279 874/702/1279 782/622/1279
f 820/692/1280 847/716/1280 783/633/1280
f 847/716/1281 828/680/1281 783/633/1281
f 865/703/1282 748/595/1282 828/680/1282
f 849/717/1283 785/635/1283 848/693/1283
f 849/717/1284 814/666/1284 785/635/1284
f 840/694/1285 866/718/1285 792/642/1285
f 867/719/1286 822/673/1286 792/642/1286
f 851/705/1287 852/706/1287 794/644/1287
f 824/682/1288 869/720/1288 831/683/1288
f 853/707/1289 806/647/1289 832/684/1289
f 854/708/1290 870/721/1290 833/676/1290
f 870/721/1291 855/709/1291 833/676/1291
f 858/711/1292 836/687/1292 756/606/1292
f 871/722/1293 21/671/1293 838/688/1293
f 861/712/1294 802/653/1294 789/619/1294
f 872/713/1295 827/679/1295 812/661/1295
f 863/723/1296 817/662/1296 827/679/1296
f 817/662/1297 873/724/1297 803/654/1297
f 873/724/1298 845/701/1298 803/654/1298
f 846/715/1299 874/702/1299 813/664/1299
f 875/725/1300 829/681/1300 821/665/1300
f 849/717/1301 850/704/1301 814/666/1301
f 849/717/1302 876/726/1302 850/704/1302
f 850/704/1303 866/718/1303 840/694/1303
f 823/674/1304 868/727/1304 805/656/1304
f 868/727/1305 851/705/1305 805/656/1305
f 877/728/1306 824/682/1306 830/675/1306
f 869/720/1307 832/684/1307 831/683/1307
f 878/729/1308 807/657/1308 815/667/1308
f 855/709/1309 856/696/1309 834/669/1309
f 856/696/1310 842/697/1310 798/650/1310
f 879/730/1311 825/677/1311 843/698/1311
f 880/731/1312 826/686/1312 825/677/1312
f 836/687/1313 859/732/1313 837/670/1313
f 871/722/1314 23/733/1314 21/671/1314
f 839/690/1315 844/699/1315 801/640/1315
f 861/712/1316 862/691/1316 802/653/1316
f 881/734/1317 827/679/1317 872/713/1317
f 864/714/1318 819/672/1318 845/701/1318
f 846/715/1319 781/632/1319 864/714/1319
f 894/735/1320 882/736/1320 821/665/1320
f 883/737/1321 849/717/1321 848/693/1321
f 884/738/1322 792/642/1322 866/718/1322
f 884/738/1323 867/719/1323 792/642/1323
f 867/719/1324 823/674/1324 822/673/1324
f 841/695/1325 877/728/1325 830/675/1325
f 885/739/1326 869/720/1326 824/682/1326
f 869/720/1327 853/707/1327 832/684/1327
f 853/707/1328 878/729/1328 815/667/1328
f 886/740/1329 856/696/1329 855/709/1329
f 888/741/1330 825/677/1330 879/730/1330
f 888/741/1331 880/731/1331 825/677/1331
f 880/731/1332 857/710/1332 826/686/1332
f 889/742/1333 858/711/1333 857/710/1333
f 859/732/1334 838/688/1334 837/670/1334
f 22/689/1335 24/743/1335 839/690/1335
f 890/744/1336 891/745/1336 839/690/1336
f 891/745/1337 844/699/1337 839/690/1337
f 881/734/1338 863/723/1338 827/679/1338
f 892/746/1339 817/662/1339 863/723/1339
f 873/724/1340 864/714/1340 845/701/1340
f 893/747/1341 820/692/1341 874/702/1341
f 894/735/1342 821/665/1342 865/703/1342
f 947/748/1343 848/693/1343 829/681/1343
f 883/737/1344 895/749/1344 849/717/1344
f 896/750/1345 876/726/1345 849/717/1345
f 897/751/1346 823/674/1346 867/719/1346
f 897/751/1347 868/727/1347 823/674/1347
f 868/727/1348 898/752/1348 851/705/1348
f 877/728/1349 885/739/1349 824/682/1349
f 885/739/1350 899/753/1350 869/720/1350
f 878/729/1351 900/754/1351 807/657/1351
f 900/754/1352 854/708/1352 807/657/1352
f 886/740/1353 887/755/1353 856/696/1353
f 887/755/1354 842/697/1354 856/696/1354
f 901/756/1355 835/685/1355 842/697/1355
f 901/756/1356 843/698/1356 835/685/1356
f 24/743/1357 890/744/1357 839/690/1357
f 902/757/1358 861/712/1358 860/700/1358
f 873/724/1359 905/758/1359 864/714/1359
f 906/759/1360 874/702/1360 846/715/1360
f 893/747/1361 847/716/1361 820/692/1361
f 865/703/1362 828/680/1362 847/716/1362
f 882/736/1363 907/760/1363 821/665/1363
f 907/760/1364 875/725/1364 821/665/1364
f 895/749/1365 896/750/1365 849/717/1365
f 898/752/1366 852/706/1366 851/705/1366
f 908/761/1367 885/739/1367 877/728/1367
f 909/762/1368 878/729/1368 853/707/1368
f 900/754/1369 870/721/1369 854/708/1369
f 870/721/1370 886/740/1370 855/709/1370
f 910/763/1371 842/697/1371 887/755/1371
f 901/756/1372 879/730/1372 843/698/1372
f 888/741/1373 911/764/1373 880/731/1373
f 880/731/1374 889/742/1374 857/710/1374
f 889/742/1375 836/687/1375 858/711/1375
f 889/742/1376 912/765/1376 836/687/1376
f 912/765/1377 929/766/1377 836/687/1377
f 929/766/1378 859/732/1378 836/687/1378
f 859/732/1379 913/767/1379 838/688/1379
f 913/767/1380 871/722/1380 838/688/1380
f 915/768/1381 902/757/1381 860/700/1381
f 861/712/1382 903/769/1382 862/691/1382
f 872/713/1383 916/770/1383 881/734/1383
f 881/734/1384 916/770/1384 863/723/1384
f 817/662/1385 892/746/1385 873/724/1385
f 904/771/1386 905/758/1386 873/724/1386
f 917/772/1387 846/715/1387 864/714/1387
f 907/760/1388 829/681/1388 875/725/1388
f 947/748/1389 883/737/1389 848/693/1389
f 866/718/1390 850/704/1390 876/726/1390
f 897/751/1391 919/773/1391 868/727/1391
f 898/752/1392 926/774/1392 852/706/1392
f 926/774/1393 841/695/1393 852/706/1393
f 926/774/1394 877/728/1394 841/695/1394
f 920/775/1395 885/739/1395 908/761/1395
f 900/754/1396 921/776/1396 870/721/1396
f 910/763/1397 901/756/1397 842/697/1397
f 913/767/1398 23/733/1398 871/722/1398
f 891/745/1399 914/777/1399 844/699/1399
f 914/777/1400 915/768/1400 844/699/1400
f 915/768/1401 860/700/1401 844/699/1401
f 923/778/1402 861/712/1402 902/757/1402
f 903/769/1403 872/713/1403 862/691/1403
f 941/779/1404 892/746/1404 863/723/1404
f 904/771/1405 873/724/1405 892/746/1405
f 907/760/1406 947/748/1406 829/681/1406
f 896/750/1407 924/780/1407 876/726/1407
f 924/780/1408 866/718/1408 876/726/1408
f 918/781/1409 897/751/1409 867/719/1409
f 919/773/1410 898/752/1410 868/727/1410
f 926/774/1411 908/761/1411 877/728/1411
f 932/782/1412 853/707/1412 869/720/1412
f 927/783/1413 900/754/1413 878/729/1413
f 921/776/1414 886/740/1414 870/721/1414
f 879/730/1415 911/764/1415 888/741/1415
f 911/764/1416 922/784/1416 880/731/1416
f 922/784/1417 889/742/1417 880/731/1417
f 903/769/1418 939/785/1418 872/713/1418
f 916/770/1419 941/779/1419 863/723/1419
f 943/786/1420 905/758/1420 904/771/1420
f 874/702/1421 906/759/1421 893/747/1421
f 924/780/1422 884/738/1422 866/718/1422
f 884/738/1423 918/781/1423 867/719/1423
f 918/781/1424 930/787/1424 897/751/1424
f 925/788/1425 926/774/1425 898/752/1425
f 926/774/1426 931/789/1426 908/761/1426
f 931/789/1427 920/775/1427 908/761/1427
f 932/782/1428 899/753/1428 885/739/1428
f 932/782/1429 869/720/1429 899/753/1429
f 932/782/1430 909/762/1430 853/707/1430
f 909/762/1431 927/783/1431 878/729/1431
f 927/783/1432 933/790/1432 900/754/1432
f 900/754/1433 933/790/1433 921/776/1433
f 934/791/1434 886/740/1434 921/776/1434
f 935/792/1435 901/756/1435 910/763/1435
f 928/793/1436 879/730/1436 901/756/1436
f 936/794/1437 912/765/1437 889/742/1437
f 937/795/1438 23/733/1438 913/767/1438
f 24/743/1439 938/796/1439 890/744/1439
f 938/796/1440 891/745/1440 890/744/1440
f 938/796/1441 914/777/1441 891/745/1441
f 915/768/1442 923/778/1442 902/757/1442
f 923/778/1443 903/769/1443 861/712/1443
f 939/785/1444 940/797/1444 872/713/1444
f 940/797/1445 916/770/1445 872/713/1445
f 942/798/1446 892/746/1446 941/779/1446
f 943/786/1447 904/771/1447 892/746/1447
f 917/772/1448 906/759/1448 846/715/1448
f 944/799/1449 847/716/1449 893/747/1449
f 847/716/1450 945/800/1450 865/703/1450
f 945/800/1451 894/735/1451 865/703/1451
f 882/736/1452 946/801/1452 907/760/1452
f 895/749/1453 883/737/1453 947/748/1453
f 949/802/1454 884/738/1454 924/780/1454
f 919/773/1455 925/788/1455 898/752/1455
f 920/775/1456 932/782/1456 885/739/1456
f 965/803/1457 927/783/1457 909/762/1457
f 950/804/1458 887/755/1458 886/740/1458
f 950/804/1459 910/763/1459 887/755/1459
f 950/804/1460 951/805/1460 910/763/1460
f 951/805/1461 935/792/1461 910/763/1461
f 935/792/1462 928/793/1462 901/756/1462
f 928/793/1463 952/806/1463 879/730/1463
f 952/806/1464 911/764/1464 879/730/1464
f 922/784/1465 953/807/1465 889/742/1465
f 936/794/1466 929/766/1466 912/765/1466
f 954/808/1467 913/767/1467 859/732/1467
f 937/795/1468 25/809/1468 23/733/1468
f 943/786/1469 955/810/1469 905/758/1469
f 955/810/1470 956/811/1470 864/714/1470
f 956/811/1471 917/772/1471 864/714/1471
f 906/759/1472 975/812/1472 893/747/1472
f 975/812/1473 944/799/1473 893/747/1473
f 896/750/1474 958/813/1474 924/780/1474
f 958/813/1475 949/802/1475 924/780/1475
f 959/814/1476 884/738/1476 949/802/1476
f 960/815/1477 918/781/1477 884/738/1477
f 930/787/1478 919/773/1478 897/751/1478
f 961/816/1479 926/774/1479 925/788/1479
f 962/817/1480 963/818/1480 926/774/1480
f 964/819/1481 920/775/1481 931/789/1481
f 932/782/1482 965/803/1482 909/762/1482
f 927/783/1483 966/820/1483 933/790/1483
f 933/790/1484 967/821/1484 921/776/1484
f 934/791/1485 968/822/1485 886/740/1485
f 935/792/1486 970/823/1486 928/793/1486
f 970/823/1487 952/806/1487 928/793/1487
f 952/806/1488 971/824/1488 911/764/1488
f 971/824/1489 922/784/1489 911/764/1489
f 953/807/1490 936/794/1490 889/742/1490
f 929/766/1491 954/808/1491 859/732/1491
f 954/808/1467 937/795/1467 913/767/1467
f 972/825/1492 923/778/1492 915/768/1492
f 972/825/1493 903/769/1493 923/778/1493
f 940/797/1494 941/779/1494 916/770/1494
f 940/797/1495 973/826/1495 941/779/1495
f 942/798/1496 943/786/1496 892/746/1496
f 955/810/1497 864/714/1497 905/758/1497
f 974/827/1498 906/759/1498 917/772/1498
f 976/828/1499 847/716/1499 944/799/1499
f 945/800/1500 882/736/1500 894/735/1500
f 945/800/1501 957/829/1501 882/736/1501
f 957/829/1502 946/801/1502 882/736/1502
f 977/830/1503 947/748/1503 907/760/1503
f 995/831/1504 896/750/1504 895/749/1504
f 995/831/1505 948/832/1505 896/750/1505
f 959/814/1506 960/815/1506 884/738/1506
f 960/815/1507 930/787/1507 918/781/1507
f 930/787/1508 1019/833/1508 919/773/1508
f 961/816/1509 962/817/1509 926/774/1509
f 963/818/1510 931/789/1510 926/774/1510
f 964/819/1511 932/782/1511 920/775/1511
f 966/820/1512 967/821/1512 933/790/1512
f 968/822/1513 950/804/1513 886/740/1513
f 968/822/1514 978/834/1514 950/804/1514
f 978/834/1515 951/805/1515 950/804/1515
f 979/835/1516 929/766/1516 936/794/1516
f 980/836/1517 937/795/1517 954/808/1517
f 26/837/1518 938/796/1518 24/743/1518
f 981/838/1519 915/768/1519 914/777/1519
f 972/825/1520 982/839/1520 903/769/1520
f 983/840/1521 942/798/1521 941/779/1521
f 956/811/1522 974/827/1522 917/772/1522
f 974/827/1523 975/812/1523 906/759/1523
f 946/801/1524 977/830/1524 907/760/1524
f 948/832/1525 958/813/1525 896/750/1525
f 984/841/1526 1019/833/1526 930/787/1526
f 985/842/1527 925/788/1527 919/773/1527
f 986/843/1528 987/844/1528 932/782/1528
f 987/844/1529 965/803/1529 932/782/1529
f 927/783/1530 988/845/1530 966/820/1530
f 967/821/1531 934/791/1531 921/776/1531
f 951/805/1532 969/846/1532 935/792/1532
f 969/846/1533 970/823/1533 935/792/1533
f 970/823/1534 971/824/1534 952/806/1534
f 998/847/1535 953/807/1535 922/784/1535
f 1024/848/1536 936/794/1536 953/807/1536
f 989/849/1537 954/808/1537 929/766/1537
f 990/850/1538 25/809/1538 937/795/1538
f 26/837/1539 991/851/1539 938/796/1539
f 992/852/1540 981/838/1540 914/777/1540
f 981/838/1541 972/825/1541 915/768/1541
f 982/839/1542 939/785/1542 903/769/1542
f 973/826/1543 983/840/1543 941/779/1543
f 983/840/1544 993/853/1544 942/798/1544
f 993/853/1545 943/786/1545 942/798/1545
f 976/828/1546 1016/854/1546 847/716/1546
f 1016/854/1547 945/800/1547 847/716/1547
f 957/829/1548 994/855/1548 946/801/1548
f 1003/856/1549 947/748/1549 977/830/1549
f 1003/856/1550 895/749/1550 947/748/1550
f 959/814/1551 949/802/1551 958/813/1551
f 1019/833/1552 985/842/1552 919/773/1552
f 963/818/1553 964/819/1553 931/789/1553
f 986/843/1554 932/782/1554 964/819/1554
f 988/845/1555 927/783/1555 965/803/1555
f 1007/857/1556 968/822/1556 934/791/1556
f 969/846/1557 997/858/1557 970/823/1557
f 997/858/1558 971/824/1558 970/823/1558
f 971/824/1559 998/847/1559 922/784/1559
f 1024/848/1560 979/835/1560 936/794/1560
f 979/835/1561 989/849/1561 929/766/1561
f 980/836/1562 990/850/1562 937/795/1562
f 991/851/1563 999/859/1563 938/796/1563
f 999/859/1564 914/777/1564 938/796/1564
f 999/859/1565 992/852/1565 914/777/1565
f 993/853/1566 1000/860/1566 943/786/1566
f 1000/860/1567 955/810/1567 943/786/1567
f 1001/861/1568 956/811/1568 955/810/1568
f 1013/862/1569 975/812/1569 974/827/1569
f 1013/862/1570 944/799/1570 975/812/1570
f 994/855/1571 957/829/1571 945/800/1571
f 1002/863/1572 977/830/1572 946/801/1572
f 1003/856/1573 995/831/1573 895/749/1573
f 959/814/1574 1004/864/1574 960/815/1574
f 1004/864/1575 930/787/1575 960/815/1575
f 962/817/1576 996/865/1576 963/818/1576
f 1005/866/1577 963/818/1577 996/865/1577
f 1006/867/1578 966/820/1578 988/845/1578
f 967/821/1579 1007/857/1579 934/791/1579
f 951/805/1580 997/858/1580 969/846/1580
f 1008/868/1581 971/824/1581 997/858/1581
f 989/849/1582 1026/869/1582 954/808/1582
f 1026/869/1583 980/836/1583 954/808/1583
f 990/850/1584 27/870/1584 25/809/1584
f 982/839/1585 1011/871/1585 939/785/1585
f 1001/861/1586 1012/872/1586 956/811/1586
f 1012/872/1587 974/827/1587 956/811/1587
f 1014/873/1588 944/799/1588 1013/862/1588
f 1014/873/1589 1015/874/1589 944/799/1589
f 1015/874/1590 976/828/1590 944/799/1590
f 1015/874/1591 1016/854/1591 976/828/1591
f 1017/875/1592 994/855/1592 945/800/1592
f 1018/876/1593 1003/856/1593 977/830/1593
f 1004/864/1594 984/841/1594 930/787/1594
f 1020/877/1595 925/788/1595 985/842/1595
f 1020/877/1596 961/816/1596 925/788/1596
f 996/865/1597 962/817/1597 961/816/1597
f 1005/866/1598 964/819/1598 963/818/1598
f 1005/866/1599 1036/878/1599 964/819/1599
f 1021/879/1600 965/803/1600 987/844/1600
f 1007/857/1601 1061/880/1601 968/822/1601
f 1061/880/1602 978/834/1602 968/822/1602
f 1022/881/1603 997/858/1603 951/805/1603
f 1023/882/1604 971/824/1604 1008/868/1604
f 1025/883/1605 989/849/1605 979/835/1605
f 1027/884/1606 980/836/1606 1026/869/1606
f 1027/884/1607 990/850/1607 980/836/1607
f 999/859/1608 1051/885/1608 992/852/1608
f 981/838/1609 982/839/1609 972/825/1609
f 1011/871/1610 1028/886/1610 939/785/1610
f 1028/886/1611 940/797/1611 939/785/1611
f 1028/886/1612 973/826/1612 940/797/1612
f 1029/887/1613 983/840/1613 973/826/1613
f 1029/887/1614 1030/888/1614 983/840/1614
f 1030/888/1615 993/853/1615 983/840/1615
f 1031/889/1616 1000/860/1616 993/853/1616
f 994/855/1617 1033/890/1617 946/801/1617
f 1033/890/1618 1002/863/1618 946/801/1618
f 1002/863/1619 1018/876/1619 977/830/1619
f 948/832/1620 1034/891/1620 958/813/1620
f 1034/891/1621 959/814/1621 958/813/1621
f 1034/891/1622 1035/892/1622 959/814/1622
f 1019/833/1623 1020/877/1623 985/842/1623
f 1042/893/1624 1005/866/1624 996/865/1624
f 1037/894/1625 986/843/1625 964/819/1625
f 1060/895/1626 1007/857/1626 967/821/1626
f 1038/896/1627 951/805/1627 978/834/1627
f 1023/882/1628 1009/897/1628 971/824/1628
f 1009/897/1629 998/847/1629 971/824/1629
f 1024/848/1630 953/807/1630 998/847/1630
f 1024/848/1631 1010/898/1631 979/835/1631
f 1039/899/1632 999/859/1632 991/851/1632
f 1028/886/1633 1029/887/1633 973/826/1633
f 1030/888/1634 1031/889/1634 993/853/1634
f 1000/860/1635 1040/900/1635 955/810/1635
f 1040/900/1636 1001/861/1636 955/810/1636
f 1012/872/1637 1032/901/1637 974/827/1637
f 1078/902/1638 1014/873/1638 1013/862/1638
f 1016/854/1639 1017/875/1639 945/800/1639
f 1041/903/1640 1019/833/1640 984/841/1640
f 1041/903/1641 1020/877/1641 1019/833/1641
f 1042/893/1642 996/865/1642 961/816/1642
f 1037/894/1643 1043/904/1643 986/843/1643
f 1043/904/1644 987/844/1644 986/843/1644
f 988/845/1645 965/803/1645 1021/879/1645
f 1044/905/1646 1006/867/1646 988/845/1646
f 1061/880/1647 1038/896/1647 978/834/1647
f 1022/881/1648 1045/906/1648 997/858/1648
f 1045/906/1649 1008/868/1649 997/858/1649
f 1045/906/1650 1046/907/1650 1008/868/1650
f 1046/907/1651 1023/882/1651 1008/868/1651
f 1010/898/1652 1025/883/1652 979/835/1652
f 989/849/1653 1047/908/1653 1026/869/1653
f 1048/909/1654 1027/884/1654 1026/869/1654
f 1050/910/1655 1039/899/1655 991/851/1655
f 1039/899/1656 1051/885/1656 999/859/1656
f 981/838/1657 1052/911/1657 982/839/1657
f 1052/911/1658 1011/871/1658 982/839/1658
f 1052/911/1659 1028/886/1659 1011/871/1659
f 1054/912/1660 1012/872/1660 1001/861/1660
f 1065/913/1661 1032/901/1661 1012/872/1661
f 1078/902/1662 1055/914/1662 1014/873/1662
f 1056/915/1663 1033/890/1663 994/855/1663
f 1056/915/1664 1057/916/1664 1033/890/1664
f 995/831/1665 1034/891/1665 948/832/1665
f 1035/892/1666 1004/864/1666 959/814/1666
f 1004/864/1667 1041/903/1667 984/841/1667
f 1058/917/1668 961/816/1668 1020/877/1668
f 1036/878/1669 1037/894/1669 964/819/1669
f 1043/904/1670 1021/879/1670 987/844/1670
f 1021/879/1671 1044/905/1671 988/845/1671
f 1059/918/1672 966/820/1672 1006/867/1672
f 1059/918/1673 1060/895/1673 966/820/1673
f 1060/895/1674 967/821/1674 966/820/1674
f 1060/895/1675 1061/880/1675 1007/857/1675
f 1038/896/1676 1022/881/1676 951/805/1676
f 1009/897/1677 1024/848/1677 998/847/1677
f 1025/883/1678 1047/908/1678 989/849/1678
f 1048/909/1679 1049/919/1679 1027/884/1679
f 1049/919/1680 990/850/1680 1027/884/1680
f 28/920/1681 991/851/1681 26/837/1681
f 1051/885/1682 981/838/1682 992/852/1682
f 1051/885/1683 1062/921/1683 981/838/1683
f 1062/921/1684 1063/922/1684 981/838/1684
f 1053/923/1685 1064/924/1685 1028/886/1685
f 1064/924/1686 1029/887/1686 1028/886/1686
f 1054/912/1687 1001/861/1687 1040/900/1687
f 1054/912/1688 1065/913/1688 1012/872/1688
f 1032/901/1689 1013/862/1689 974/827/1689
f 1066/925/1690 1017/875/1690 1016/854/1690
f 1067/926/1691 1056/915/1691 994/855/1691
f 1057/916/1692 1002/863/1692 1033/890/1692
f 1057/916/1693 1018/876/1693 1002/863/1693
f 1057/916/1694 1068/927/1694 1018/876/1694
f 1069/928/1695 1041/903/1695 1004/864/1695
f 1041/903/1696 1070/929/1696 1020/877/1696
f 1058/917/1697 1042/893/1697 961/816/1697
f 1082/930/1698 1005/866/1698 1042/893/1698
f 1071/931/1699 1043/904/1699 1037/894/1699
f 1072/932/1700 1044/905/1700 1021/879/1700
f 1044/905/1701 1059/918/1701 1006/867/1701
f 1073/933/1702 1010/898/1702 1024/848/1702
f 1047/908/1703 1048/909/1703 1026/869/1703
f 28/920/1704 1050/910/1704 991/851/1704
f 1050/910/1705 1051/885/1705 1039/899/1705
f 1074/934/1706 1028/886/1706 1052/911/1706
f 1074/934/1707 1053/923/1707 1028/886/1707
f 1064/924/1708 1090/935/1708 1029/887/1708
f 1090/935/1709 1075/936/1709 1029/887/1709
f 1075/936/1710 1030/888/1710 1029/887/1710
f 1075/936/1711 1076/937/1711 1030/888/1711
f 1077/938/1712 1000/860/1712 1031/889/1712
f 1040/900/1713 1112/939/1713 1054/912/1713
f 1032/901/1714 1078/902/1714 1013/862/1714
f 1079/940/1715 1016/854/1715 1015/874/1715
f 1068/927/1716 1003/856/1716 1018/876/1716
f 1080/941/1717 1034/891/1717 995/831/1717
f 1081/942/1718 1035/892/1718 1034/891/1718
f 1058/917/1719 1020/877/1719 1070/929/1719
f 1095/943/1720 1042/893/1720 1058/917/1720
f 1095/943/1721 1082/930/1721 1042/893/1721
f 1005/866/1722 1083/944/1722 1036/878/1722
f 1059/918/1723 1084/945/1723 1060/895/1723
f 1085/946/1724 1022/881/1724 1038/896/1724
f 1086/947/1725 1046/907/1725 1045/906/1725
f 1049/919/1726 1087/948/1726 990/850/1726
f 1087/948/1727 27/870/1727 990/850/1727
f 1088/949/1728 1051/885/1728 1050/910/1728
f 1051/885/1729 1111/950/1729 1062/921/1729
f 1063/922/1730 1052/911/1730 981/838/1730
f 1074/934/1731 1064/924/1731 1053/923/1731
f 1055/914/1732 1015/874/1732 1014/873/1732
f 1091/951/1733 994/855/1733 1017/875/1733
f 1091/951/1734 1067/926/1734 994/855/1734
f 1092/952/1735 1003/856/1735 1068/927/1735
f 1081/942/1736 1093/953/1736 1035/892/1736
f 1035/892/1737 1094/954/1737 1004/864/1737
f 1094/954/1738 1069/928/1738 1004/864/1738
f 1069/928/1739 1070/929/1739 1041/903/1739
f 1082/930/1740 1083/944/1740 1005/866/1740
f 1083/944/1741 1037/894/1741 1036/878/1741
f 1084/945/1742 1061/880/1742 1060/895/1742
f 1096/955/1743 1024/848/1743 1023/882/1743
f 1024/848/1744 1009/897/1744 1023/882/1744
f 1097/956/1745 1073/933/1745 1024/848/1745
f 1073/933/1746 1098/957/1746 1010/898/1746
f 1098/957/1747 1025/883/1747 1010/898/1747
f 1087/948/1748 29/958/1748 27/870/1748
f 1076/937/1749 1031/889/1749 1030/888/1749
f 1077/938/1750 1099/959/1750 1000/860/1750
f 1099/959/1751 1040/900/1751 1000/860/1751
f 1054/912/1752 1100/960/1752 1065/913/1752
f 1100/960/1753 1032/901/1753 1065/913/1753
f 1100/960/1754 1078/902/1754 1032/901/1754
f 1079/940/1755 1015/874/1755 1055/914/1755
f 1079/940/1756 1066/925/1756 1016/854/1756
f 1101/961/1757 1067/926/1757 1091/951/1757
f 1101/961/1758 1056/915/1758 1067/926/1758
f 1056/915/1759 1068/927/1759 1057/916/1759
f 1102/962/1760 995/831/1760 1003/856/1760
f 1080/941/1761 1081/942/1761 1034/891/1761
f 1103/963/1762 1093/953/1762 1081/942/1762
f 1104/964/1763 1095/943/1763 1058/917/1763
f 1037/894/1764 1115/965/1764 1071/931/1764
f 1071/931/1765 1105/966/1765 1043/904/1765
f 1106/967/1766 1084/945/1766 1059/918/1766
f 1084/945/1767 1107/968/1767 1061/880/1767
f 1107/968/1768 1038/896/1768 1061/880/1768
f 1085/946/1769 1108/969/1769 1022/881/1769
f 1022/881/1770 1086/947/1770 1045/906/1770
f 1109/970/1771 1046/907/1771 1086/947/1771
f 1025/883/1772 1110/971/1772 1047/908/1772
f 30/972/1773 1050/910/1773 28/920/1773
f 30/972/1774 1088/949/1774 1050/910/1774
f 1089/973/1775 1062/921/1775 1111/950/1775
f 1089/973/1776 1063/922/1776 1062/921/1776
f 1113/974/1777 1054/912/1777 1112/939/1777
f 1125/975/1778 1079/940/1778 1055/914/1778
f 1091/951/1779 1017/875/1779 1066/925/1779
f 1056/915/1780 1092/952/1780 1068/927/1780
f 1092/952/1781 1102/962/1781 1003/856/1781
f 1094/954/1782 1035/892/1782 1093/953/1782
f 1069/928/1783 1114/976/1783 1070/929/1783
f 1104/964/1784 1058/917/1784 1070/929/1784
f 1142/977/1785 1037/894/1785 1083/944/1785
f 1105/966/1786 1021/879/1786 1043/904/1786
f 1116/978/1787 1044/905/1787 1072/932/1787
f 1116/978/1788 1059/918/1788 1044/905/1788
f 1131/979/1789 1085/946/1789 1038/896/1789
f 1108/969/1790 1086/947/1790 1022/881/1790
f 1096/955/1791 1097/956/1791 1024/848/1791
f 1047/908/1792 1119/980/1792 1048/909/1792
f 1119/980/1793 1049/919/1793 1048/909/1793
f 1088/949/1794 1111/950/1794 1051/885/1794
f 1122/981/1795 1052/911/1795 1063/922/1795
f 1122/981/1796 1074/934/1796 1052/911/1796
f 1135/982/1797 1124/983/1797 1076/937/1797
f 1124/983/1798 1077/938/1798 1076/937/1798
f 1077/938/1799 1031/889/1799 1076/937/1799
f 1099/959/1800 1112/939/1800 1040/900/1800
f 1078/902/1801 1138/984/1801 1055/914/1801
f 1138/984/1802 1125/975/1802 1055/914/1802
f 1126/985/1803 1066/925/1803 1079/940/1803
f 995/831/1804 1127/986/1804 1080/941/1804
f 1080/941/1805 1103/963/1805 1081/942/1805
f 1094/954/1806 1141/987/1806 1069/928/1806
f 1129/988/1807 1082/930/1807 1095/943/1807
f 1115/965/1808 1037/894/1808 1142/977/1808
f 1130/989/1809 1105/966/1809 1071/931/1809
f 1131/979/1810 1108/969/1810 1085/946/1810
f 1109/970/1811 1117/990/1811 1046/907/1811
f 1117/990/1812 1023/882/1812 1046/907/1812
f 1146/991/1813 1098/957/1813 1073/933/1813
f 1146/991/1814 1118/992/1814 1098/957/1814
f 1118/992/1815 1025/883/1815 1098/957/1815
f 1118/992/1816 1110/971/1816 1025/883/1816
f 1119/980/1817 1047/908/1817 1110/971/1817
f 1119/980/1818 1132/993/1818 1049/919/1818
f 30/972/1819 1120/994/1819 1088/949/1819
f 1120/994/1820 1111/950/1820 1088/949/1820
f 1120/994/1821 1133/995/1821 1111/950/1821
f 1089/973/1822 1121/996/1822 1063/922/1822
f 1121/996/1823 1122/981/1823 1063/922/1823
f 1122/981/1824 1123/997/1824 1074/934/1824
f 1134/998/1825 1090/935/1825 1064/924/1825
f 1075/936/1826 1135/982/1826 1076/937/1826
f 1136/999/1827 1112/939/1827 1099/959/1827
f 1113/974/1828 1100/960/1828 1054/912/1828
f 1151/1000/1829 1137/1001/1829 1100/960/1829
f 1137/1001/1830 1078/902/1830 1100/960/1830
f 1137/1001/1831 1138/984/1831 1078/902/1831
f 1125/975/1832 1126/985/1832 1079/940/1832
f 1139/1002/1833 1091/951/1833 1066/925/1833
f 1140/1003/1834 1101/961/1834 1091/951/1834
f 1102/962/1835 1127/986/1835 995/831/1835
f 1103/963/1836 1094/954/1836 1093/953/1836
f 1114/976/1837 1128/1004/1837 1070/929/1837
f 1128/1004/1838 1104/964/1838 1070/929/1838
f 1142/977/1839 1083/944/1839 1082/930/1839
f 1142/977/1840 1143/1005/1840 1115/965/1840
f 1143/1005/1841 1071/931/1841 1115/965/1841
f 1021/879/1842 1144/1006/1842 1072/932/1842
f 1144/1006/1843 1116/978/1843 1072/932/1843
f 1116/978/1844 1106/967/1844 1059/918/1844
f 1145/1007/1845 1084/945/1845 1106/967/1845
f 1145/1007/1846 1107/968/1846 1084/945/1846
f 1107/968/1847 1131/979/1847 1038/896/1847
f 1117/990/1848 1096/955/1848 1023/882/1848
f 1159/1008/1849 1097/956/1849 1096/955/1849
f 1146/991/1850 1073/933/1850 1097/956/1850
f 1132/993/1851 1087/948/1851 1049/919/1851
f 1132/993/1852 29/958/1852 1087/948/1852
f 31/1009/1853 1120/994/1853 30/972/1853
f 1147/1010/1854 1089/973/1854 1111/950/1854
f 1074/934/1855 1163/1011/1855 1064/924/1855
f 1163/1011/1856 1134/998/1856 1064/924/1856
f 1090/935/1857 1135/982/1857 1075/936/1857
f 1124/983/1858 1149/1012/1858 1077/938/1858
f 1136/999/1859 1077/938/1859 1149/1012/1859
f 1136/999/1860 1099/959/1860 1077/938/1860
f 1112/939/1861 1150/1013/1861 1113/974/1861
f 1151/1000/1862 1100/960/1862 1113/974/1862
f 1126/985/1863 1139/1002/1863 1066/925/1863
f 1139/1002/1864 1152/1014/1864 1091/951/1864
f 1153/1015/1865 1056/915/1865 1101/961/1865
f 1153/1015/1866 1102/962/1866 1092/952/1866
f 1154/1016/1867 1094/954/1867 1103/963/1867
f 1154/1016/1868 1141/987/1868 1094/954/1868
f 1114/976/1869 1069/928/1869 1141/987/1869
f 1104/964/1870 1155/1017/1870 1095/943/1870
f 1129/988/1871 1142/977/1871 1082/930/1871
f 1130/989/1872 1156/1018/1872 1105/966/1872
f 1105/966/1873 1181/1019/1873 1021/879/1873
f 1181/1019/1874 1144/1006/1874 1021/879/1874
f 1157/1020/1875 1106/967/1875 1116/978/1875
f 1131/979/1876 1158/1021/1876 1108/969/1876
f 1108/969/1877 1109/970/1877 1086/947/1877
f 1159/1008/1878 1160/1022/1878 1097/956/1878
f 1160/1022/1879 1146/991/1879 1097/956/1879
f 1133/995/1880 1147/1010/1880 1111/950/1880
f 1121/996/1881 1148/1023/1881 1122/981/1881
f 1148/1023/1882 1162/1024/1882 1122/981/1882
f 1162/1024/1883 1123/997/1883 1122/981/1883
f 1163/1011/1884 1074/934/1884 1123/997/1884
f 1134/998/1885 1135/982/1885 1090/935/1885
f 1137/1001/1886 1190/1025/1886 1138/984/1886
f 1153/1015/1887 1092/952/1887 1056/915/1887
f 1165/1026/1888 1102/962/1888 1153/1015/1888
f 1165/1026/1889 1127/986/1889 1102/962/1889
f 1080/941/1890 1166/1027/1890 1103/963/1890
f 1143/1005/1891 1130/989/1891 1071/931/1891
f 1144/1006/1892 1167/1028/1892 1116/978/1892
f 1157/1020/1893 1168/1029/1893 1106/967/1893
f 1168/1029/1894 1145/1007/1894 1106/967/1894
f 1169/1030/1895 1131/979/1895 1107/968/1895
f 1117/990/1896 1159/1008/1896 1096/955/1896
f 1110/971/1897 1161/1031/1897 1119/980/1897
f 1170/1032/1898 29/958/1898 1132/993/1898
f 31/1009/1899 32/1033/1899 1120/994/1899
f 1121/996/1900 1089/973/1900 1147/1010/1900
f 1162/1024/1901 1163/1011/1901 1123/997/1901
f 1149/1012/1902 1172/1034/1902 1136/999/1902
f 1150/1013/1903 1173/1035/1903 1113/974/1903
f 1173/1035/1904 1151/1000/1904 1113/974/1904
f 1174/1036/1905 1125/975/1905 1138/984/1905
f 1174/1036/1906 1126/985/1906 1125/975/1906
f 1191/1037/1907 1175/1038/1907 1126/985/1907
f 1175/1038/1908 1139/1002/1908 1126/985/1908
f 1152/1014/1909 1140/1003/1909 1091/951/1909
f 1164/1039/1910 1101/961/1910 1140/1003/1910
f 1164/1039/1911 1153/1015/1911 1101/961/1911
f 1176/1040/1912 1080/941/1912 1127/986/1912
f 1178/1041/1913 1128/1004/1913 1114/976/1913
f 1128/1004/1914 1155/1017/1914 1104/964/1914
f 1155/1017/1915 1179/1042/1915 1095/943/1915
f 1179/1042/1916 1129/988/1916 1095/943/1916
f 1179/1042/1917 1142/977/1917 1129/988/1917
f 1181/1019/1918 1105/966/1918 1156/1018/1918
f 1167/1028/1919 1157/1020/1919 1116/978/1919
f 1169/1030/1920 1158/1021/1920 1131/979/1920
f 1183/1043/1921 1159/1008/1921 1117/990/1921
f 1160/1022/1922 1184/1044/1922 1146/991/1922
f 1185/1045/1923 1110/971/1923 1118/992/1923
f 1186/1046/1924 1132/993/1924 1119/980/1924
f 1170/1032/1925 33/1047/1925 29/958/1925
f 1187/1048/1926 1148/1023/1926 1121/996/1926
f 1188/1049/1927 1134/998/1927 1163/1011/1927
f 1188/1049/1928 1135/982/1928 1134/998/1928
f 1188/1049/1929 1189/1050/1929 1135/982/1929
f 1189/1050/1930 1171/1051/1930 1135/982/1930
f 1171/1051/1931 1124/983/1931 1135/982/1931
f 1171/1051/1932 1149/1012/1932 1124/983/1932
f 1136/999/1933 1172/1034/1933 1112/939/1933
f 1191/1037/1934 1126/985/1934 1174/1036/1934
f 1152/1014/1935 1192/1052/1935 1140/1003/1935
f 1192/1052/1936 1193/1053/1936 1140/1003/1936
f 1193/1053/1937 1164/1039/1937 1140/1003/1937
f 1164/1039/1938 1194/1054/1938 1153/1015/1938
f 1165/1026/1939 1176/1040/1939 1127/986/1939
f 1176/1040/1940 1166/1027/1940 1080/941/1940
f 1166/1027/1941 1154/1016/1941 1103/963/1941
f 1177/1055/1942 1114/976/1942 1141/987/1942
f 1180/1056/1943 1143/1005/1943 1142/977/1943
f 1182/1057/1944 1168/1029/1944 1157/1020/1944
f 1207/1058/1945 1145/1007/1945 1168/1029/1945
f 1195/1059/1946 1107/968/1946 1145/1007/1946
f 1195/1059/1947 1169/1030/1947 1107/968/1947
f 1158/1021/1948 1109/970/1948 1108/969/1948
f 1183/1043/1949 1160/1022/1949 1159/1008/1949
f 1161/1031/1950 1186/1046/1950 1119/980/1950
f 1186/1046/1951 1170/1032/1951 1132/993/1951
f 32/1033/1952 1196/1060/1952 1120/994/1952
f 1196/1060/1953 1133/995/1953 1120/994/1953
f 1196/1060/1954 1197/1061/1954 1133/995/1954
f 1198/1062/1955 1121/996/1955 1147/1010/1955
f 1199/1063/1956 1162/1024/1956 1148/1023/1956
f 1171/1051/1957 1200/1064/1957 1149/1012/1957
f 1172/1034/1958 1201/1065/1958 1112/939/1958
f 1201/1065/1959 1150/1013/1959 1112/939/1959
f 1173/1035/1960 1137/1001/1960 1151/1000/1960
f 1173/1035/1961 1190/1025/1961 1137/1001/1961
f 1202/1066/1962 1138/984/1962 1190/1025/1962
f 1203/1067/1963 1165/1026/1963 1153/1015/1963
f 1177/1055/1964 1141/987/1964 1154/1016/1964
f 1177/1055/1965 1178/1041/1965 1114/976/1965
f 1204/1068/1966 1155/1017/1966 1128/1004/1966
f 1204/1068/1967 1179/1042/1967 1155/1017/1967
f 1205/1069/1968 1142/977/1968 1179/1042/1968
f 1205/1069/1969 1180/1056/1969 1142/977/1969
f 1180/1056/1970 1130/989/1970 1143/1005/1970
f 1167/1028/1971 1182/1057/1971 1157/1020/1971
f 1182/1057/1972 1207/1058/1972 1168/1029/1972
f 1109/970/1973 1208/1070/1973 1117/990/1973
f 1208/1070/1974 1209/1071/1974 1117/990/1974
f 1210/1072/1975 1118/992/1975 1146/991/1975
f 1118/992/1976 1210/1072/1976 1185/1045/1976
f 1185/1045/1977 1161/1031/1977 1110/971/1977
f 1197/1061/1978 1147/1010/1978 1133/995/1978
f 1217/1073/1979 1198/1062/1979 1147/1010/1979
f 1211/1074/1980 1163/1011/1980 1162/1024/1980
f 1211/1074/1981 1188/1049/1981 1163/1011/1981
f 1200/1064/1982 1172/1034/1982 1149/1012/1982
f 1228/1075/1983 1173/1035/1983 1150/1013/1983
f 1202/1066/1984 1174/1036/1984 1138/984/1984
f 1212/1076/1985 1191/1037/1985 1174/1036/1985
f 1203/1067/1986 1153/1015/1986 1194/1054/1986
f 1176/1040/1987 1213/1077/1987 1166/1027/1987
f 1166/1027/1988 1214/1078/1988 1154/1016/1988
f 1214/1078/1989 1177/1055/1989 1154/1016/1989
f 1178/1041/1990 1204/1068/1990 1128/1004/1990
f 1215/1079/1991 1144/1006/1991 1181/1019/1991
f 1215/1079/1992 1167/1028/1992 1144/1006/1992
f 1207/1058/1993 1238/1080/1993 1145/1007/1993
f 1238/1080/1994 1195/1059/1994 1145/1007/1994
f 1209/1071/1995 1183/1043/1995 1117/990/1995
f 1253/1081/1996 1186/1046/1996 1161/1031/1996
f 1217/1073/1997 1147/1010/1997 1197/1061/1997
f 1198/1062/1998 1218/1082/1998 1121/996/1998
f 1218/1082/1999 1187/1048/1999 1121/996/1999
f 1187/1048/2000 1199/1063/2000 1148/1023/2000
f 1189/1050/2001 1200/1064/2001 1171/1051/2001
f 1173/1035/2002 1220/1083/2002 1190/1025/2002
f 1221/1084/2003 1202/1066/2003 1190/1025/2003
f 1202/1066/2004 1212/1076/2004 1174/1036/2004
f 1212/1076/2005 1175/1038/2005 1191/1037/2005
f 1175/1038/2006 1152/1014/2006 1139/1002/2006
f 1222/1085/2007 1165/1026/2007 1203/1067/2007
f 1223/1086/2008 1179/1042/2008 1204/1068/2008
f 1180/1056/2009 1236/1087/2009 1130/989/2009
f 1130/989/2010 1206/1088/2010 1156/1018/2010
f 1206/1088/2011 1181/1019/2011 1156/1018/2011
f 1167/1028/2012 1216/1089/2012 1182/1057/2012
f 1238/1080/2013 1224/1090/2013 1195/1059/2013
f 1224/1090/2014 1169/1030/2014 1195/1059/2014
f 1225/1091/2015 1158/1021/2015 1169/1030/2015
f 1158/1021/2016 1208/1070/2016 1109/970/2016
f 1209/1071/2017 1226/1092/2017 1183/1043/2017
f 1199/1063/2018 1219/1093/2018 1162/1024/2018
f 1219/1093/2019 1211/1074/2019 1162/1024/2019
f 1227/1094/2020 1188/1049/2020 1211/1074/2020
f 1227/1094/2021 1189/1050/2021 1188/1049/2021
f 1228/1075/2022 1150/1013/2022 1201/1065/2022
f 1228/1075/2023 1220/1083/2023 1173/1035/2023
f 1220/1083/2024 1221/1084/2024 1190/1025/2024
f 1175/1038/2025 1230/1095/2025 1152/1014/2025
f 1193/1053/2026 1194/1054/2026 1164/1039/2026
f 1194/1054/2027 1231/1096/2027 1203/1067/2027
f 1222/1085/2028 1176/1040/2028 1165/1026/2028
f 1233/1097/2029 1223/1086/2029 1204/1068/2029
f 1223/1086/2030 1205/1069/2030 1179/1042/2030
f 1205/1069/2031 1235/1098/2031 1180/1056/2031
f 1236/1087/2032 1206/1088/2032 1130/989/2032
f 1206/1088/2033 1215/1079/2033 1181/1019/2033
f 1237/1099/2034 1207/1058/2034 1182/1057/2034
f 1237/1099/2035 1238/1080/2035 1207/1058/2035
f 1224/1090/2036 1225/1091/2036 1169/1030/2036
f 1225/1091/2037 1208/1070/2037 1158/1021/2037
f 1239/1100/2038 1183/1043/2038 1226/1092/2038
f 1239/1100/2039 1160/1022/2039 1183/1043/2039
f 1184/1044/2040 1210/1072/2040 1146/991/2040
f 1240/1101/2041 1170/1032/2041 1186/1046/2041
f 34/1102/2042 1196/1060/2042 32/1033/2042
f 1218/1082/2043 1199/1063/2043 1187/1048/2043
f 1255/1103/2044 1227/1094/2044 1211/1074/2044
f 1241/1104/2045 1172/1034/2045 1200/1064/2045
f 1241/1104/2046 1242/1105/2046 1172/1034/2046
f 1242/1105/2047 1201/1065/2047 1172/1034/2047
f 1243/1106/2048 1244/1107/2048 1228/1075/2048
f 1244/1107/2049 1220/1083/2049 1228/1075/2049
f 1229/1108/2050 1202/1066/2050 1221/1084/2050
f 1229/1108/2051 1212/1076/2051 1202/1066/2051
f 1230/1095/2052 1192/1052/2052 1152/1014/2052
f 1203/1067/2053 1245/1109/2053 1222/1085/2053
f 1246/1110/2054 1178/1041/2054 1177/1055/2054
f 1246/1110/2055 1247/1111/2055 1178/1041/2055
f 1232/1112/2056 1204/1068/2056 1178/1041/2056
f 1232/1112/2057 1233/1097/2057 1204/1068/2057
f 1234/1113/2058 1235/1098/2058 1205/1069/2058
f 1235/1098/2059 1236/1087/2059 1180/1056/2059
f 1206/1088/2060 1248/1114/2060 1215/1079/2060
f 1248/1114/2061 1167/1028/2061 1215/1079/2061
f 1250/1115/2062 1182/1057/2062 1216/1089/2062
f 1250/1115/2063 1237/1099/2063 1182/1057/2063
f 1239/1100/2064 1251/1116/2064 1160/1022/2064
f 1251/1116/2065 1184/1044/2065 1160/1022/2065
f 1252/1117/2066 1210/1072/2066 1184/1044/2066
f 1253/1081/2067 1161/1031/2067 1185/1045/2067
f 1253/1081/2068 1254/1118/2068 1186/1046/2068
f 1170/1032/2069 35/1119/2069 33/1047/2069
f 36/1120/2070 1196/1060/2070 34/1102/2070
f 1267/1121/2071 1198/1062/2071 1217/1073/2071
f 1255/1103/2072 1211/1074/2072 1219/1093/2072
f 1227/1094/2073 1241/1104/2073 1189/1050/2073
f 1241/1104/2074 1200/1064/2074 1189/1050/2074
f 1242/1105/2075 1256/1122/2075 1201/1065/2075
f 1256/1122/2076 1257/1123/2076 1201/1065/2076
f 1257/1123/2077 1228/1075/2077 1201/1065/2077
f 1230/1095/2078 1193/1053/2078 1192/1052/2078
f 1213/1077/2079 1258/1124/2079 1166/1027/2079
f 1258/1124/2080 1214/1078/2080 1166/1027/2080
f 1246/1110/2081 1177/1055/2081 1214/1078/2081
f 1247/1111/2082 1232/1112/2082 1178/1041/2082
f 1259/1125/2083 1223/1086/2083 1233/1097/2083
f 1223/1086/2084 1234/1113/2084 1205/1069/2084
f 1223/1086/2085 1260/1126/2085 1234/1113/2085
f 1261/1127/2086 1248/1114/2086 1206/1088/2086
f 1224/1090/2087 1262/1128/2087 1225/1091/2087
f 1251/1116/2088 1263/1129/2088 1184/1044/2088
f 1252/1117/2089 1264/1130/2089 1210/1072/2089
f 1264/1130/2090 1185/1045/2090 1210/1072/2090
f 1254/1118/2091 1240/1101/2091 1186/1046/2091
f 1265/1131/2092 1170/1032/2092 1240/1101/2092
f 1265/1131/2093 35/1119/2093 1170/1032/2093
f 36/1120/2094 1266/1132/2094 1196/1060/2094
f 1266/1132/2095 1197/1061/2095 1196/1060/2095
f 1267/1121/2096 1217/1073/2096 1197/1061/2096
f 1198/1062/2097 1268/1133/2097 1218/1082/2097
f 1218/1082/2098 1219/1093/2098 1199/1063/2098
f 1269/1134/2099 1227/1094/2099 1255/1103/2099
f 1270/1135/2100 1242/1105/2100 1241/1104/2100
f 1257/1123/2101 1243/1106/2101 1228/1075/2101
f 1271/1136/2102 1175/1038/2102 1212/1076/2102
f 1272/1137/2103 1230/1095/2103 1175/1038/2103
f 1273/1138/2104 1193/1053/2104 1230/1095/2104
f 1274/1139/2105 1194/1054/2105 1193/1053/2105
f 1274/1139/2106 1231/1096/2106 1194/1054/2106
f 1231/1096/2107 1245/1109/2107 1203/1067/2107
f 1258/1124/2108 1246/1110/2108 1214/1078/2108
f 1259/1125/2109 1233/1097/2109 1232/1112/2109
f 1260/1126/2110 1235/1098/2110 1234/1113/2110
f 1248/1114/2111 1249/1140/2111 1167/1028/2111
f 1249/1140/2112 1216/1089/2112 1167/1028/2112
f 1238/1080/2113 1275/1141/2113 1224/1090/2113
f 1225/1091/2114 1276/1142/2114 1208/1070/2114
f 1276/1142/2115 1277/1143/2115 1208/1070/2115
f 1209/1071/2116 1239/1100/2116 1226/1092/2116
f 1263/1129/2117 1280/1144/2117 1184/1044/2117
f 1280/1144/2118 1252/1117/2118 1184/1044/2118
f 1254/1118/2119 1265/1131/2119 1240/1101/2119
f 1281/1145/2120 1219/1093/2120 1218/1082/2120
f 1219/1093/2121 1282/1146/2121 1255/1103/2121
f 1282/1146/2122 1269/1134/2122 1255/1103/2122
f 1269/1134/2123 1283/1147/2123 1227/1094/2123
f 1283/1147/2124 1241/1104/2124 1227/1094/2124
f 1283/1147/2125 1270/1135/2125 1241/1104/2125
f 1284/1148/2126 1220/1083/2126 1244/1107/2126
f 1284/1148/2127 1221/1084/2127 1220/1083/2127
f 1221/1084/2128 1286/1149/2128 1229/1108/2128
f 1286/1149/2129 1212/1076/2129 1229/1108/2129
f 1271/1136/2130 1272/1137/2130 1175/1038/2130
f 1272/1137/2131 1273/1138/2131 1230/1095/2131
f 1273/1138/2132 1274/1139/2132 1193/1053/2132
f 1297/1150/2133 1176/1040/2133 1222/1085/2133
f 1297/1150/2134 1213/1077/2134 1176/1040/2134
f 1287/1151/2135 1288/1152/2135 1235/1098/2135
f 1288/1152/2136 1236/1087/2136 1235/1098/2136
f 1249/1140/2137 1250/1115/2137 1216/1089/2137
f 1237/1099/2138 1289/1153/2138 1238/1080/2138
f 1289/1153/2139 1275/1141/2139 1238/1080/2139
f 1275/1141/2140 1262/1128/2140 1224/1090/2140
f 1262/1128/2141 1276/1142/2141 1225/1091/2141
f 1208/1070/2142 1278/1154/2142 1209/1071/2142
f 1209/1071/2143 1278/1154/2143 1239/1100/2143
f 1279/1155/2144 1251/1116/2144 1239/1100/2144
f 1264/1130/2145 1253/1081/2145 1185/1045/2145
f 1266/1132/2146 1290/1156/2146 1197/1061/2146
f 1290/1156/2147 1267/1121/2147 1197/1061/2147
f 1290/1156/2148 1291/1157/2148 1267/1121/2148
f 1292/1158/2149 1198/1062/2149 1267/1121/2149
f 1292/1158/2150 1268/1133/2150 1198/1062/2150
f 1269/1134/2151 1306/1159/2151 1283/1147/2151
f 1293/1160/2152 1243/1106/2152 1257/1123/2152
f 1293/1160/2153 1294/1161/2153 1243/1106/2153
f 1294/1161/2154 1244/1107/2154 1243/1106/2154
f 1284/1148/2155 1285/1162/2155 1221/1084/2155
f 1285/1162/2156 1286/1149/2156 1221/1084/2156
f 1286/1149/2157 1309/1163/2157 1212/1076/2157
f 1309/1163/2158 1271/1136/2158 1212/1076/2158
f 1295/1164/2159 1273/1138/2159 1272/1137/2159
f 1274/1139/2160 1296/1165/2160 1231/1096/2160
f 1297/1150/2161 1222/1085/2161 1245/1109/2161
f 1299/1166/2162 1258/1124/2162 1213/1077/2162
f 1300/1167/2163 1223/1086/2163 1259/1125/2163
f 1236/1087/2164 1301/1168/2164 1206/1088/2164
f 1301/1168/2165 1261/1127/2165 1206/1088/2165
f 1261/1127/2166 1249/1140/2166 1248/1114/2166
f 1250/1115/2167 1289/1153/2167 1237/1099/2167
f 1277/1143/2168 1278/1154/2168 1208/1070/2168
f 1278/1154/2169 1302/1169/2169 1239/1100/2169
f 1302/1169/2170 1279/1155/2170 1239/1100/2170
f 1264/1130/2171 1303/1170/2171 1253/1081/2171
f 1303/1170/2172 1254/1118/2172 1253/1081/2172
f 1304/1171/2173 35/1119/2173 1265/1131/2173
f 1291/1157/2174 1292/1158/2174 1267/1121/2174
f 1281/1145/2175 1218/1082/2175 1268/1133/2175
f 1281/1145/2176 1282/1146/2176 1219/1093/2176
f 1307/1172/2177 1242/1105/2177 1270/1135/2177
f 1307/1172/2178 1256/1122/2178 1242/1105/2178
f 1256/1122/2179 1308/1173/2179 1257/1123/2179
f 1295/1164/2180 1339/1174/2180 1273/1138/2180
f 1339/1174/2181 1274/1139/2181 1273/1138/2181
f 1296/1165/2182 1245/1109/2182 1231/1096/2182
f 1297/1150/2183 1298/1175/2183 1213/1077/2183
f 1311/1176/2184 1312/1177/2184 1246/1110/2184
f 1312/1177/2185 1247/1111/2185 1246/1110/2185
f 1247/1111/2186 1259/1125/2186 1232/1112/2186
f 1313/1178/2187 1235/1098/2187 1260/1126/2187
f 1313/1178/2188 1287/1151/2188 1235/1098/2188
f 1315/1179/2189 1250/1115/2189 1249/1140/2189
f 1316/1180/2190 1289/1153/2190 1250/1115/2190
f 1289/1153/2191 1317/1181/2191 1275/1141/2191
f 1317/1181/2192 1262/1128/2192 1275/1141/2192
f 1302/1169/2193 1251/1116/2193 1279/1155/2193
f 1302/1169/2194 1318/1182/2194 1251/1116/2194
f 1318/1182/2195 1263/1129/2195 1251/1116/2195
f 1319/1183/2196 1265/1131/2196 1254/1118/2196
f 1319/1183/2197 1320/1184/2197 1265/1131/2197
f 1320/1184/2198 1304/1171/2198 1265/1131/2198
f 1304/1171/2199 37/1185/2199 35/1119/2199
f 1321/1186/2200 1290/1156/2200 1266/1132/2200
f 1323/1187/2201 1269/1134/2201 1282/1146/2201
f 1323/1187/2202 1305/1188/2202 1269/1134/2202
f 1305/1188/2203 1306/1159/2203 1269/1134/2203
f 1324/1189/2204 1270/1135/2204 1283/1147/2204
f 1324/1189/2205 1307/1172/2205 1270/1135/2205
f 1308/1173/2206 1256/1122/2206 1307/1172/2206
f 1308/1173/2207 1293/1160/2207 1257/1123/2207
f 1294/1161/2208 1284/1148/2208 1244/1107/2208
f 1309/1163/2209 1272/1137/2209 1271/1136/2209
f 1310/1190/2210 1295/1164/2210 1272/1137/2210
f 1296/1165/2211 1326/1191/2211 1245/1109/2211
f 1326/1191/2212 1297/1150/2212 1245/1109/2212
f 1327/1192/2213 1246/1110/2213 1258/1124/2213
f 1327/1192/2214 1311/1176/2214 1246/1110/2214
f 1328/1193/2215 1259/1125/2215 1247/1111/2215
f 1259/1125/2216 1341/1194/2216 1300/1167/2216
f 1287/1151/2217 1314/1195/2217 1288/1152/2217
f 1288/1152/2218 1329/1196/2218 1236/1087/2218
f 1329/1196/2219 1301/1168/2219 1236/1087/2219
f 1261/1127/2220 1344/1197/2220 1249/1140/2220
f 1330/1198/2221 1276/1142/2221 1262/1128/2221
f 1331/1199/2222 1302/1169/2222 1278/1154/2222
f 1332/1200/2223 1280/1144/2223 1263/1129/2223
f 1332/1200/2224 1252/1117/2224 1280/1144/2224
f 36/1120/2225 1321/1186/2225 1266/1132/2225
f 1333/1201/2226 1291/1157/2226 1290/1156/2226
f 1292/1158/2227 1334/1202/2227 1268/1133/2227
f 1334/1202/2228 1281/1145/2228 1268/1133/2228
f 1281/1145/2229 1322/1203/2229 1282/1146/2229
f 1322/1203/2230 1323/1187/2230 1282/1146/2230
f 1307/1172/2231 1335/1204/2231 1308/1173/2231
f 1336/1205/2232 1294/1161/2232 1293/1160/2232
f 1337/1206/2233 1284/1148/2233 1294/1161/2233
f 1338/1207/2234 1286/1149/2234 1285/1162/2234
f 1325/1208/2235 1309/1163/2235 1286/1149/2235
f 1309/1163/2236 1310/1190/2236 1272/1137/2236
f 1297/1150/2237 1340/1209/2237 1298/1175/2237
f 1298/1175/2238 1299/1166/2238 1213/1077/2238
f 1299/1166/2239 1327/1192/2239 1258/1124/2239
f 1328/1193/2240 1341/1194/2240 1259/1125/2240
f 1300/1167/2241 1342/1210/2241 1223/1086/2241
f 1342/1210/2242 1260/1126/2242 1223/1086/2242
f 1313/1178/2243 1343/1211/2243 1287/1151/2243
f 1289/1153/2244 1345/1212/2244 1317/1181/2244
f 1369/1213/2245 1277/1143/2245 1276/1142/2245
f 1346/1214/2246 1278/1154/2246 1277/1143/2246
f 1318/1182/2247 1332/1200/2247 1263/1129/2247
f 1252/1117/2248 1347/1215/2248 1264/1130/2248
f 1321/1186/2249 1333/1201/2249 1290/1156/2249
f 1333/1201/2250 1292/1158/2250 1291/1157/2250
f 1360/1216/2251 1334/1202/2251 1292/1158/2251
f 1334/1202/2252 1348/1217/2252 1281/1145/2252
f 1348/1217/2253 1322/1203/2253 1281/1145/2253
f 1349/1218/2254 1283/1147/2254 1306/1159/2254
f 1349/1218/2255 1324/1189/2255 1283/1147/2255
f 1308/1173/2256 1336/1205/2256 1293/1160/2256
f 1336/1205/2257 1337/1206/2257 1294/1161/2257
f 1337/1206/2258 1285/1162/2258 1284/1148/2258
f 1338/1207/2259 1325/1208/2259 1286/1149/2259
f 1363/1219/2260 1310/1190/2260 1309/1163/2260
f 1339/1174/2261 1350/1220/2261 1274/1139/2261
f 1326/1191/2262 1352/1221/2262 1297/1150/2262
f 1342/1210/2263 1313/1178/2263 1260/1126/2263
f 1342/1210/2264 1354/1222/2264 1313/1178/2264
f 1314/1195/2265 1329/1196/2265 1288/1152/2265
f 1301/1168/2266 1344/1197/2266 1261/1127/2266
f 1344/1197/2267 1315/1179/2267 1249/1140/2267
f 1315/1179/2268 1355/1223/2268 1250/1115/2268
f 1355/1223/2269 1316/1180/2269 1250/1115/2269
f 1316/1180/2270 1345/1212/2270 1289/1153/2270
f 1317/1181/2271 1345/1212/2271 1262/1128/2271
f 1369/1213/2272 1346/1214/2272 1277/1143/2272
f 1278/1154/2273 1356/1224/2273 1331/1199/2273
f 1357/1225/2274 1302/1169/2274 1331/1199/2274
f 1357/1225/2275 1318/1182/2275 1302/1169/2275
f 1332/1200/2276 1347/1215/2276 1252/1117/2276
f 1358/1226/2277 1303/1170/2277 1264/1130/2277
f 39/1227/2278 37/1185/2278 1304/1171/2278
f 38/1228/2279 1321/1186/2279 36/1120/2279
f 1321/1186/2280 1359/1229/2280 1333/1201/2280
f 1361/1230/2281 1323/1187/2281 1322/1203/2281
f 1362/1231/2282 1307/1172/2282 1324/1189/2282
f 1336/1205/2283 1308/1173/2283 1335/1204/2283
f 1363/1219/2284 1309/1163/2284 1325/1208/2284
f 1310/1190/2285 1339/1174/2285 1295/1164/2285
f 1274/1139/2286 1351/1232/2286 1296/1165/2286
f 1351/1232/2287 1326/1191/2287 1296/1165/2287
f 1352/1221/2288 1340/1209/2288 1297/1150/2288
f 1340/1209/2289 1299/1166/2289 1298/1175/2289
f 1364/1233/2290 1312/1177/2290 1311/1176/2290
f 1328/1193/2291 1247/1111/2291 1312/1177/2291
f 1365/1234/2292 1341/1194/2292 1328/1193/2292
f 1365/1234/2293 1366/1235/2293 1341/1194/2293
f 1341/1194/2294 1353/1236/2294 1300/1167/2294
f 1353/1236/2295 1342/1210/2295 1300/1167/2295
f 1354/1222/2296 1343/1211/2296 1313/1178/2296
f 1354/1222/2297 1367/1237/2297 1343/1211/2297
f 1368/1238/2298 1301/1168/2298 1329/1196/2298
f 1301/1168/2299 1368/1238/2299 1344/1197/2299
f 1345/1212/2300 1330/1198/2300 1262/1128/2300
f 1369/1213/2301 1276/1142/2301 1330/1198/2301
f 1346/1214/2302 1370/1239/2302 1278/1154/2302
f 1370/1239/2303 1356/1224/2303 1278/1154/2303
f 1356/1224/2304 1357/1225/2304 1331/1199/2304
f 1371/1240/2305 1318/1182/2305 1357/1225/2305
f 1347/1215/2306 1358/1226/2306 1264/1130/2306
f 1372/1241/2307 1319/1183/2307 1254/1118/2307
f 1320/1184/2308 39/1227/2308 1304/1171/2308
f 1333/1201/2309 1360/1216/2309 1292/1158/2309
f 1380/1242/2310 1361/1230/2310 1322/1203/2310
f 1305/1188/2311 1373/1243/2311 1306/1159/2311
f 1373/1243/2312 1349/1218/2312 1306/1159/2312
f 1362/1231/2313 1335/1204/2313 1307/1172/2313
f 1404/1244/2314 1374/1245/2314 1325/1208/2314
f 1374/1245/2315 1363/1219/2315 1325/1208/2315
f 1350/1220/2316 1339/1174/2316 1310/1190/2316
f 1350/1220/2317 1375/1246/2317 1274/1139/2317
f 1375/1246/2318 1351/1232/2318 1274/1139/2318
f 1376/1247/2319 1299/1166/2319 1340/1209/2319
f 1343/1211/2320 1314/1195/2320 1287/1151/2320
f 1316/1180/2321 1377/1248/2321 1345/1212/2321
f 1388/1249/2322 1330/1198/2322 1345/1212/2322
f 1389/1250/2323 1346/1214/2323 1369/1213/2323
f 1378/1251/2324 1371/1240/2324 1357/1225/2324
f 1372/1241/2325 1320/1184/2325 1319/1183/2325
f 1359/1229/2326 1379/1252/2326 1333/1201/2326
f 1360/1216/2327 1393/1253/2327 1334/1202/2327
f 1393/1253/2328 1348/1217/2328 1334/1202/2328
f 1348/1217/2329 1380/1242/2329 1322/1203/2329
f 1373/1243/2330 1324/1189/2330 1349/1218/2330
f 1381/1254/2331 1336/1205/2331 1335/1204/2331
f 1381/1254/2332 1382/1255/2332 1336/1205/2332
f 1382/1255/2333 1337/1206/2333 1336/1205/2333
f 1383/1256/2334 1384/1257/2334 1337/1206/2334
f 1384/1257/2335 1285/1162/2335 1337/1206/2335
f 1384/1257/2336 1338/1207/2336 1285/1162/2336
f 1384/1257/2337 1325/1208/2337 1338/1207/2337
f 1384/1257/2338 1404/1244/2338 1325/1208/2338
f 1363/1219/2339 1385/1258/2339 1310/1190/2339
f 1385/1258/2340 1386/1259/2340 1310/1190/2340
f 1386/1259/2341 1350/1220/2341 1310/1190/2341
f 1327/1192/2342 1364/1233/2342 1311/1176/2342
f 1364/1233/2343 1328/1193/2343 1312/1177/2343
f 1366/1235/2344 1353/1236/2344 1341/1194/2344
f 1343/1211/2345 1387/1260/2345 1314/1195/2345
f 1387/1260/2346 1329/1196/2346 1314/1195/2346
f 1355/1223/2347 1427/1261/2347 1316/1180/2347
f 1427/1261/2348 1377/1248/2348 1316/1180/2348
f 1390/1262/2349 1370/1239/2349 1346/1214/2349
f 1378/1251/2350 1357/1225/2350 1356/1224/2350
f 1391/1263/2351 1347/1215/2351 1332/1200/2351
f 1358/1226/2352 1400/1264/2352 1303/1170/2352
f 1400/1264/2353 1254/1118/2353 1303/1170/2353
f 1400/1264/2354 1372/1241/2354 1254/1118/2354
f 1372/1241/2355 1392/1265/2355 1320/1184/2355
f 40/1266/2356 1321/1186/2356 38/1228/2356
f 1321/1186/2357 42/1267/2357 1359/1229/2357
f 1379/1252/2358 1360/1216/2358 1333/1201/2358
f 1379/1252/2359 1393/1253/2359 1360/1216/2359
f 1323/1187/2360 1373/1243/2360 1305/1188/2360
f 1394/1268/2361 1335/1204/2361 1362/1231/2361
f 1383/1256/2362 1337/1206/2362 1382/1255/2362
f 1386/1259/2363 1375/1246/2363 1350/1220/2363
f 1351/1232/2364 1352/1221/2364 1326/1191/2364
f 1408/1269/2365 1364/1233/2365 1327/1192/2365
f 1395/1270/2366 1328/1193/2366 1364/1233/2366
f 1395/1270/2367 1365/1234/2367 1328/1193/2367
f 1367/1237/2368 1387/1260/2368 1343/1211/2368
f 1387/1260/2369 1396/1271/2369 1329/1196/2369
f 1396/1271/2370 1368/1238/2370 1329/1196/2370
f 1397/1272/2371 1344/1197/2371 1368/1238/2371
f 1397/1272/2372 1315/1179/2372 1344/1197/2372
f 1397/1272/2373 1355/1223/2373 1315/1179/2373
f 1377/1248/2374 1388/1249/2374 1345/1212/2374
f 1389/1250/2375 1390/1262/2375 1346/1214/2375
f 1390/1262/2376 1398/1273/2376 1370/1239/2376
f 1398/1273/2377 1356/1224/2377 1370/1239/2377
f 1412/1274/2378 1378/1251/2378 1356/1224/2378
f 1371/1240/2379 1332/1200/2379 1318/1182/2379
f 1391/1263/2380 1358/1226/2380 1347/1215/2380
f 1391/1263/2381 1400/1264/2381 1358/1226/2381
f 1392/1265/2382 39/1227/2382 1320/1184/2382
f 42/1267/2383 1321/1186/2383 40/1266/2383
f 1401/1275/2384 1348/1217/2384 1393/1253/2384
f 1401/1275/2385 1380/1242/2385 1348/1217/2385
f 1402/1276/2386 1373/1243/2386 1323/1187/2386
f 1403/1277/2387 1324/1189/2387 1373/1243/2387
f 1403/1277/2388 1362/1231/2388 1324/1189/2388
f 1403/1277/2389 1394/1268/2389 1362/1231/2389
f 1394/1268/2390 1381/1254/2390 1335/1204/2390
f 1405/1278/2391 1385/1258/2391 1363/1219/2391
f 1406/1279/2392 1351/1232/2392 1375/1246/2392
f 1407/1280/2393 1340/1209/2393 1352/1221/2393
f 1376/1247/2394 1408/1269/2394 1299/1166/2394
f 1408/1269/2395 1327/1192/2395 1299/1166/2395
f 1366/1235/2396 1409/1281/2396 1353/1236/2396
f 1409/1281/2397 1410/1282/2397 1353/1236/2397
f 1410/1282/2398 1342/1210/2398 1353/1236/2398
f 1368/1238/2399 1411/1283/2399 1397/1272/2399
f 1428/1284/2400 1389/1250/2400 1369/1213/2400
f 1398/1273/2401 1412/1274/2401 1356/1224/2401
f 1412/1274/2402 1371/1240/2402 1378/1251/2402
f 1399/1285/2403 1332/1200/2403 1371/1240/2403
f 1399/1285/2404 1391/1263/2404 1332/1200/2404
f 1430/1286/2405 1372/1241/2405 1400/1264/2405
f 1413/1287/2406 1392/1265/2406 1372/1241/2406
f 1392/1265/2407 41/1288/2407 39/1227/2407
f 42/1267/2408 1414/1289/2408 1359/1229/2408
f 1414/1289/2409 1415/1290/2409 1359/1229/2409
f 1415/1290/2410 1379/1252/2410 1359/1229/2410
f 1416/1291/2411 1323/1187/2411 1361/1230/2411
f 1416/1291/2412 1402/1276/2412 1323/1187/2412
f 1418/1292/2413 1381/1254/2413 1394/1268/2413
f 1374/1245/2414 1419/1293/2414 1363/1219/2414
f 1420/1294/2415 1386/1259/2415 1385/1258/2415
f 1450/1295/2416 1375/1246/2416 1386/1259/2416
f 1421/1296/2417 1352/1221/2417 1351/1232/2417
f 1422/1297/2418 1423/1298/2418 1340/1209/2418
f 1423/1298/2419 1376/1247/2419 1340/1209/2419
f 1408/1269/2420 1424/1299/2420 1364/1233/2420
f 1424/1299/2421 1395/1270/2421 1364/1233/2421
f 1410/1282/2422 1354/1222/2422 1342/1210/2422
f 1397/1272/2423 1426/1300/2423 1355/1223/2423
f 1330/1198/2424 1428/1284/2424 1369/1213/2424
f 1398/1273/2425 1429/1301/2425 1412/1274/2425
f 1429/1301/2426 1443/1302/2426 1412/1274/2426
f 1443/1302/2427 1371/1240/2427 1412/1274/2427
f 1443/1302/2428 1399/1285/2428 1371/1240/2428
f 1415/1290/2429 1431/1303/2429 1379/1252/2429
f 1432/1304/2430 1393/1253/2430 1379/1252/2430
f 1432/1304/2431 1401/1275/2431 1393/1253/2431
f 1380/1242/2432 1416/1291/2432 1361/1230/2432
f 1402/1276/2433 1403/1277/2433 1373/1243/2433
f 1433/1305/2434 1394/1268/2434 1403/1277/2434
f 1433/1305/2435 1417/1306/2435 1394/1268/2435
f 1434/1307/2436 1394/1268/2436 1417/1306/2436
f 1435/1308/2437 1382/1255/2437 1381/1254/2437
f 1384/1257/2438 1449/1309/2438 1404/1244/2438
f 1419/1293/2439 1405/1278/2439 1363/1219/2439
f 1405/1278/2440 1420/1294/2440 1385/1258/2440
f 1375/1246/2441 1436/1310/2441 1406/1279/2441
f 1421/1296/2442 1437/1311/2442 1352/1221/2442
f 1437/1311/2443 1407/1280/2443 1352/1221/2443
f 1407/1280/2444 1422/1297/2444 1340/1209/2444
f 1438/1312/2445 1408/1269/2445 1376/1247/2445
f 1424/1299/2446 1465/1313/2446 1395/1270/2446
f 1395/1270/2447 1425/1314/2447 1365/1234/2447
f 1425/1314/2448 1366/1235/2448 1365/1234/2448
f 1426/1300/2449 1427/1261/2449 1355/1223/2449
f 1427/1261/2450 1440/1315/2450 1377/1248/2450
f 1377/1248/2451 1441/1316/2451 1388/1249/2451
f 1453/1317/2452 1428/1284/2452 1330/1198/2452
f 1428/1284/2453 1442/1318/2453 1389/1250/2453
f 1442/1318/2454 1390/1262/2454 1389/1250/2454
f 1456/1319/2455 1399/1285/2455 1443/1302/2455
f 1444/1320/2456 1400/1264/2456 1391/1263/2456
f 43/1321/2457 1414/1289/2457 42/1267/2457
f 1445/1322/2458 1379/1252/2458 1431/1303/2458
f 1445/1322/2459 1432/1304/2459 1379/1252/2459
f 1432/1304/2460 1446/1323/2460 1401/1275/2460
f 1446/1323/2461 1380/1242/2461 1401/1275/2461
f 1416/1291/2462 1488/1324/2462 1402/1276/2462
f 1434/1307/2463 1418/1292/2463 1394/1268/2463
f 1418/1292/2464 1435/1308/2464 1381/1254/2464
f 1447/1325/2465 1382/1255/2465 1435/1308/2465
f 1448/1326/2466 1383/1256/2466 1382/1255/2466
f 1449/1309/2467 1384/1257/2467 1383/1256/2467
f 1406/1279/2468 1421/1296/2468 1351/1232/2468
f 1438/1312/2469 1424/1299/2469 1408/1269/2469
f 1465/1313/2470 1425/1314/2470 1395/1270/2470
f 1451/1327/2471 1387/1260/2471 1367/1237/2471
f 1451/1327/2472 1396/1271/2472 1387/1260/2472
f 1439/1328/2473 1411/1283/2473 1368/1238/2473
f 1411/1283/2474 1426/1300/2474 1397/1272/2474
f 1440/1315/2475 1452/1329/2475 1377/1248/2475
f 1453/1317/2476 1330/1198/2476 1388/1249/2476
f 1454/1330/2477 1442/1318/2477 1428/1284/2477
f 1442/1318/2478 1398/1273/2478 1390/1262/2478
f 1481/1331/2479 1429/1301/2479 1398/1273/2479
f 1429/1301/2480 1455/1332/2480 1443/1302/2480
f 1457/1333/2481 1444/1320/2481 1391/1263/2481
f 1413/1287/2482 1459/1334/2482 1392/1265/2482
f 1459/1334/2483 41/1288/2483 1392/1265/2483
f 44/1335/2484 1414/1289/2484 43/1321/2484
f 1414/1289/2485 1460/1336/2485 1415/1290/2485
f 1460/1336/2486 1431/1303/2486 1415/1290/2486
f 1475/1337/2487 1488/1324/2487 1416/1291/2487
f 1447/1325/2488 1448/1326/2488 1382/1255/2488
f 1448/1326/2489 1449/1309/2489 1383/1256/2489
f 1449/1309/2490 1374/1245/2490 1404/1244/2490
f 1449/1309/2491 1462/1338/2491 1374/1245/2491
f 1463/1339/2492 1419/1293/2492 1374/1245/2492
f 1420/1294/2493 1450/1295/2493 1386/1259/2493
f 1423/1298/2494 1438/1312/2494 1376/1247/2494
f 1438/1312/2495 1465/1313/2495 1424/1299/2495
f 1425/1314/2496 1467/1340/2496 1366/1235/2496
f 1467/1340/2497 1409/1281/2497 1366/1235/2497
f 1409/1281/2498 1468/1341/2498 1410/1282/2498
f 1410/1282/2499 1468/1341/2499 1354/1222/2499
f 1468/1341/2500 1469/1342/2500 1354/1222/2500
f 1354/1222/2501 1469/1342/2501 1367/1237/2501
f 1469/1342/2502 1451/1327/2502 1367/1237/2502
f 1396/1271/2503 1439/1328/2503 1368/1238/2503
f 1470/1343/2504 1440/1315/2504 1427/1261/2504
f 1452/1329/2505 1441/1316/2505 1377/1248/2505
f 1441/1316/2506 1471/1344/2506 1388/1249/2506
f 1471/1344/2507 1453/1317/2507 1388/1249/2507
f 1399/1285/2508 1457/1333/2508 1391/1263/2508
f 1444/1320/2509 1484/1345/2509 1400/1264/2509
f 1484/1345/2510 1472/1346/2510 1400/1264/2510
f 1472/1346/2511 1430/1286/2511 1400/1264/2511
f 1430/1286/2512 1473/1347/2512 1372/1241/2512
f 1473/1347/2513 1413/1287/2513 1372/1241/2513
f 1473/1347/2514 1458/1348/2514 1413/1287/2514
f 1458/1348/2515 1459/1334/2515 1413/1287/2515
f 1459/1334/2516 45/1349/2516 41/1288/2516
f 46/1350/2517 1414/1289/2517 44/1335/2517
f 46/1350/2518 1460/1336/2518 1414/1289/2518
f 1431/1303/2519 1474/1351/2519 1445/1322/2519
f 1475/1337/2520 1380/1242/2520 1446/1323/2520
f 1475/1337/2521 1416/1291/2521 1380/1242/2521
f 1488/1324/2522 1403/1277/2522 1402/1276/2522
f 1434/1307/2523 1461/1352/2523 1418/1292/2523
f 1476/1353/2524 1435/1308/2524 1418/1292/2524
f 1476/1353/2525 1447/1325/2525 1435/1308/2525
f 1462/1338/2526 1463/1339/2526 1374/1245/2526
f 1477/1354/2527 1405/1278/2527 1419/1293/2527
f 1477/1354/2528 1420/1294/2528 1405/1278/2528
f 1450/1295/2529 1436/1310/2529 1375/1246/2529
f 1436/1310/2530 1421/1296/2530 1406/1279/2530
f 1437/1311/2531 1464/1355/2531 1407/1280/2531
f 1422/1297/2532 1518/1356/2532 1423/1298/2532
f 1478/1357/2533 1425/1314/2533 1465/1313/2533
f 1478/1357/2534 1466/1358/2534 1425/1314/2534
f 1466/1358/2535 1467/1340/2535 1425/1314/2535
f 1479/1359/2536 1396/1271/2536 1451/1327/2536
f 1480/1360/2537 1439/1328/2537 1396/1271/2537
f 1439/1328/2538 1426/1300/2538 1411/1283/2538
f 1496/1361/2539 1481/1331/2539 1398/1273/2539
f 1481/1331/2540 1455/1332/2540 1429/1301/2540
f 1481/1331/2541 1482/1362/2541 1455/1332/2541
f 1455/1332/2542 1456/1319/2542 1443/1302/2542
f 1483/1363/2543 1457/1333/2543 1399/1285/2543
f 1484/1345/2544 1444/1320/2544 1457/1333/2544
f 1485/1364/2545 1459/1334/2545 1458/1348/2545
f 1486/1365/2546 1460/1336/2546 46/1350/2546
f 1487/1366/2547 1431/1303/2547 1460/1336/2547
f 1474/1351/2548 1499/1367/2548 1445/1322/2548
f 1488/1324/2549 1489/1368/2549 1403/1277/2549
f 1490/1369/2550 1433/1305/2550 1403/1277/2550
f 1490/1369/2551 1417/1306/2551 1433/1305/2551
f 1461/1352/2552 1476/1353/2552 1418/1292/2552
f 1503/1370/2553 1450/1295/2553 1420/1294/2553
f 1491/1371/2554 1421/1296/2554 1436/1310/2554
f 1493/1372/2555 1494/1373/2555 1438/1312/2555
f 1494/1373/2556 1465/1313/2556 1438/1312/2556
f 1494/1373/2557 1478/1357/2557 1465/1313/2557
f 1479/1359/2558 1495/1374/2558 1396/1271/2558
f 1454/1330/2559 1496/1361/2559 1442/1318/2559
f 1496/1361/2560 1398/1273/2560 1442/1318/2560
f 1456/1319/2561 1483/1363/2561 1399/1285/2561
f 1457/1333/2562 1497/1375/2562 1484/1345/2562
f 1498/1376/2563 1473/1347/2563 1430/1286/2563
f 47/1377/2564 1486/1365/2564 46/1350/2564
f 1487/1366/2565 1474/1351/2565 1431/1303/2565
f 1499/1367/2566 1432/1304/2566 1445/1322/2566
f 1499/1367/2567 1500/1378/2567 1432/1304/2567
f 1500/1378/2568 1446/1323/2568 1432/1304/2568
f 1500/1378/2569 1475/1337/2569 1446/1323/2569
f 1489/1368/2570 1490/1369/2570 1403/1277/2570
f 1417/1306/2571 1528/1379/2571 1434/1307/2571
f 1501/1380/2572 1448/1326/2572 1447/1325/2572
f 1448/1326/2573 1502/1381/2573 1449/1309/2573
f 1477/1354/2574 1419/1293/2574 1463/1339/2574
f 1477/1354/2575 1503/1370/2575 1420/1294/2575
f 1450/1295/2576 1491/1371/2576 1436/1310/2576
f 1504/1382/2577 1437/1311/2577 1421/1296/2577
f 1504/1382/2578 1464/1355/2578 1437/1311/2578
f 1464/1355/2579 1422/1297/2579 1407/1280/2579
f 1518/1356/2580 1492/1383/2580 1423/1298/2580
f 1492/1383/2581 1438/1312/2581 1423/1298/2581
f 1492/1383/2582 1493/1372/2582 1438/1312/2582
f 1495/1374/2583 1480/1360/2583 1396/1271/2583
f 1505/1384/2584 1426/1300/2584 1439/1328/2584
f 1505/1384/2585 1506/1385/2585 1426/1300/2585
f 1426/1300/2586 1470/1343/2586 1427/1261/2586
f 1470/1343/2587 1452/1329/2587 1440/1315/2587
f 1508/1386/2588 1441/1316/2588 1452/1329/2588
f 1509/1387/2589 1454/1330/2589 1428/1284/2589
f 1509/1387/2590 1496/1361/2590 1454/1330/2590
f 1481/1331/2591 1510/1388/2591 1482/1362/2591
f 1482/1362/2592 1456/1319/2592 1455/1332/2592
f 1497/1375/2593 1457/1333/2593 1483/1363/2593
f 1473/1347/2594 1485/1364/2594 1458/1348/2594
f 1485/1364/2595 48/1389/2595 1459/1334/2595
f 1486/1365/2596 1487/1366/2596 1460/1336/2596
f 1511/1390/2597 1512/1391/2597 1475/1337/2597
f 1512/1391/2598 1513/1392/2598 1475/1337/2598
f 1513/1392/2599 1488/1324/2599 1475/1337/2599
f 1528/1379/2600 1417/1306/2600 1490/1369/2600
f 1529/1393/2601 1461/1352/2601 1434/1307/2601
f 1461/1352/2602 1514/1394/2602 1476/1353/2602
f 1514/1394/2603 1447/1325/2603 1476/1353/2603
f 1514/1394/2604 1501/1380/2604 1447/1325/2604
f 1531/1395/2605 1502/1381/2605 1448/1326/2605
f 1515/1396/2606 1462/1338/2606 1449/1309/2606
f 1516/1397/2607 1463/1339/2607 1462/1338/2607
f 1516/1397/2608 1477/1354/2608 1463/1339/2608
f 1503/1370/2609 1517/1398/2609 1450/1295/2609
f 1491/1371/2610 1504/1382/2610 1421/1296/2610
f 1504/1382/2611 1422/1297/2611 1464/1355/2611
f 1521/1399/2612 1478/1357/2612 1494/1373/2612
f 1467/1340/2613 1468/1341/2613 1409/1281/2613
f 1479/1359/2614 1523/1400/2614 1495/1374/2614
f 1523/1400/2615 1480/1360/2615 1495/1374/2615
f 1480/1360/2616 1505/1384/2616 1439/1328/2616
f 1426/1300/2617 1507/1401/2617 1470/1343/2617
f 1471/1344/2618 1524/1402/2618 1453/1317/2618
f 1453/1317/2619 1509/1387/2619 1428/1284/2619
f 1525/1403/2620 1484/1345/2620 1497/1375/2620
f 1526/1404/2621 1472/1346/2621 1484/1345/2621
f 1498/1376/2622 1430/1286/2622 1472/1346/2622
f 1500/1378/2623 1511/1390/2623 1475/1337/2623
f 1527/1405/2624 1489/1368/2624 1488/1324/2624
f 1489/1368/2625 1528/1379/2625 1490/1369/2625
f 1529/1393/2626 1434/1307/2626 1528/1379/2626
f 1530/1406/2627 1461/1352/2627 1529/1393/2627
f 1531/1395/2628 1448/1326/2628 1501/1380/2628
f 1502/1381/2629 1515/1396/2629 1449/1309/2629
f 1546/1407/2630 1503/1370/2630 1477/1354/2630
f 1450/1295/2631 1532/1408/2631 1491/1371/2631
f 1504/1382/2632 1518/1356/2632 1422/1297/2632
f 1519/1409/2633 1493/1372/2633 1492/1383/2633
f 1520/1410/2634 1494/1373/2634 1493/1372/2634
f 1520/1410/2635 1521/1399/2635 1494/1373/2635
f 1466/1358/2636 1478/1357/2636 1521/1399/2636
f 1466/1358/2637 1522/1411/2637 1467/1340/2637
f 1533/1412/2638 1468/1341/2638 1467/1340/2638
f 1534/1413/2639 1469/1342/2639 1468/1341/2639
f 1451/1327/2640 1535/1414/2640 1479/1359/2640
f 1506/1385/2641 1507/1401/2641 1426/1300/2641
f 1507/1401/2642 1536/1415/2642 1470/1343/2642
f 1536/1415/2643 1452/1329/2643 1470/1343/2643
f 1524/1402/2644 1441/1316/2644 1508/1386/2644
f 1524/1402/2645 1471/1344/2645 1441/1316/2645
f 1524/1402/2646 1509/1387/2646 1453/1317/2646
f 1496/1361/2647 1510/1388/2647 1481/1331/2647
f 1537/1416/2648 1483/1363/2648 1456/1319/2648
f 1525/1403/2649 1526/1404/2649 1484/1345/2649
f 1539/1417/2650 1498/1376/2650 1472/1346/2650
f 1540/1418/2651 1473/1347/2651 1498/1376/2651
f 48/1389/2652 45/1349/2652 1459/1334/2652
f 1542/1419/2653 1499/1367/2653 1474/1351/2653
f 1543/1420/2654 1500/1378/2654 1499/1367/2654
f 1513/1392/2655 1527/1405/2655 1488/1324/2655
f 1544/1421/2656 1514/1394/2656 1461/1352/2656
f 1515/1396/2657 1545/1422/2657 1462/1338/2657
f 1545/1422/2658 1516/1397/2658 1462/1338/2658
f 1517/1398/2659 1532/1408/2659 1450/1295/2659
f 1504/1382/2660 1548/1423/2660 1518/1356/2660
f 1549/1424/2661 1492/1383/2661 1518/1356/2661
f 1549/1424/2662 1519/1409/2662 1492/1383/2662
f 1533/1412/2663 1534/1413/2663 1468/1341/2663
f 1534/1413/2664 1550/1425/2664 1469/1342/2664
f 1550/1425/2665 1451/1327/2665 1469/1342/2665
f 1550/1425/2666 1535/1414/2666 1451/1327/2666
f 1479/1359/2667 1551/1426/2667 1523/1400/2667
f 1506/1385/2668 1505/1384/2668 1480/1360/2668
f 1536/1415/2669 1508/1386/2669 1452/1329/2669
f 1552/1427/2670 1496/1361/2670 1509/1387/2670
f 1552/1427/2671 1510/1388/2671 1496/1361/2671
f 1553/1428/2672 1456/1319/2672 1482/1362/2672
f 1537/1416/2673 1497/1375/2673 1483/1363/2673
f 1537/1416/2674 1538/1429/2674 1497/1375/2674
f 1526/1404/2675 1539/1417/2675 1472/1346/2675
f 1539/1417/2676 1540/1418/2676 1498/1376/2676
f 1541/1430/2677 1485/1364/2677 1473/1347/2677
f 49/1431/2678 1486/1365/2678 47/1377/2678
f 49/1431/2679 1487/1366/2679 1486/1365/2679
f 49/1431/2680 1554/1432/2680 1487/1366/2680
f 1554/1432/2681 1474/1351/2681 1487/1366/2681
f 1513/1392/2682 1555/1433/2682 1527/1405/2682
f 1556/1434/2683 1489/1368/2683 1527/1405/2683
f 1530/1406/2684 1557/1435/2684 1461/1352/2684
f 1557/1435/2685 1544/1421/2685 1461/1352/2685
f 1516/1397/2686 1546/1407/2686 1477/1354/2686
f 1558/1436/2687 1503/1370/2687 1546/1407/2687
f 1559/1437/2688 1547/1438/2688 1504/1382/2688
f 1547/1438/2689 1548/1423/2689 1504/1382/2689
f 1560/1439/2690 1493/1372/2690 1519/1409/2690
f 1561/1440/2691 1520/1410/2691 1493/1372/2691
f 1521/1399/2692 1522/1411/2692 1466/1358/2692
f 1522/1411/2693 1533/1412/2693 1467/1340/2693
f 1535/1414/2694 1551/1426/2694 1479/1359/2694
f 1480/1360/2695 1571/1441/2695 1506/1385/2695
f 1508/1386/2696 1562/1442/2696 1524/1402/2696
f 1575/1443/2697 1537/1416/2697 1456/1319/2697
f 1538/1429/2698 1525/1403/2698 1497/1375/2698
f 1563/1444/2699 1540/1418/2699 1539/1417/2699
f 1540/1418/2700 1541/1430/2700 1473/1347/2700
f 1541/1430/2701 48/1389/2701 1485/1364/2701
f 1554/1432/2702 1542/1419/2702 1474/1351/2702
f 1564/1445/2703 1556/1434/2703 1527/1405/2703
f 1556/1434/2704 1528/1379/2704 1489/1368/2704
f 1556/1434/2705 1529/1393/2705 1528/1379/2705
f 1565/1446/2706 1566/1447/2706 1501/1380/2706
f 1566/1447/2707 1531/1395/2707 1501/1380/2707
f 1567/1448/2708 1502/1381/2708 1531/1395/2708
f 1567/1448/2709 1515/1396/2709 1502/1381/2709
f 1558/1436/2710 1517/1398/2710 1503/1370/2710
f 1532/1408/2711 1559/1437/2711 1491/1371/2711
f 1559/1437/2712 1504/1382/2712 1491/1371/2712
f 1568/1449/2713 1548/1423/2713 1547/1438/2713
f 1548/1423/2714 1549/1424/2714 1518/1356/2714
f 1560/1439/2715 1561/1440/2715 1493/1372/2715
f 1561/1440/2716 1569/1450/2716 1520/1410/2716
f 1569/1450/2717 1521/1399/2717 1520/1410/2717
f 1523/1400/2718 1571/1441/2718 1480/1360/2718
f 1572/1451/2719 1508/1386/2719 1536/1415/2719
f 1573/1452/2720 1510/1388/2720 1552/1427/2720
f 1574/1453/2721 1482/1362/2721 1510/1388/2721
f 1574/1453/2722 1553/1428/2722 1482/1362/2722
f 1575/1443/2723 1456/1319/2723 1553/1428/2723
f 1538/1429/2724 1576/1454/2724 1525/1403/2724
f 1577/1455/2725 1539/1417/2725 1526/1404/2725
f 1578/1456/2726 1499/1367/2726 1542/1419/2726
f 1578/1456/2727 1543/1420/2727 1499/1367/2727
f 1543/1420/2728 1511/1390/2728 1500/1378/2728
f 1511/1390/2729 1579/1457/2729 1512/1391/2729
f 1579/1457/2730 1513/1392/2730 1512/1391/2730
f 1555/1433/2731 1564/1445/2731 1527/1405/2731
f 1581/1458/2732 1530/1406/2732 1529/1393/2732
f 1544/1421/2733 1501/1380/2733 1514/1394/2733
f 1565/1446/2734 1582/1459/2734 1566/1447/2734
f 1566/1447/2735 1582/1459/2735 1531/1395/2735
f 1582/1459/2736 1567/1448/2736 1531/1395/2736
f 1567/1448/2737 1583/1460/2737 1515/1396/2737
f 1583/1460/2738 1545/1422/2738 1515/1396/2738
f 1583/1460/2739 1516/1397/2739 1545/1422/2739
f 1585/1461/2740 1532/1408/2740 1517/1398/2740
f 1559/1437/2741 1586/1462/2741 1547/1438/2741
f 1586/1462/2742 1568/1449/2742 1547/1438/2742
f 1568/1449/2743 1587/1463/2743 1548/1423/2743
f 1587/1463/2744 1549/1424/2744 1548/1423/2744
f 1549/1424/2745 1588/1464/2745 1519/1409/2745
f 1588/1464/2746 1560/1439/2746 1519/1409/2746
f 1522/1411/2747 1589/1465/2747 1533/1412/2747
f 1570/1466/2748 1590/1467/2748 1533/1412/2748
f 1590/1467/2749 1534/1413/2749 1533/1412/2749
f 1590/1467/2750 1550/1425/2750 1534/1413/2750
f 1591/1468/2751 1507/1401/2751 1506/1385/2751
f 1591/1468/2752 1536/1415/2752 1507/1401/2752
f 1591/1468/2753 1572/1451/2753 1536/1415/2753
f 1572/1451/2754 1562/1442/2754 1508/1386/2754
f 1562/1442/2755 1509/1387/2755 1524/1402/2755
f 1573/1452/2756 1574/1453/2756 1510/1388/2756
f 1576/1454/2757 1593/1469/2757 1525/1403/2757
f 1593/1469/2758 1526/1404/2758 1525/1403/2758
f 1577/1455/2759 1563/1444/2759 1539/1417/2759
f 1594/1470/2760 1541/1430/2760 1540/1418/2760
f 50/1471/2761 1554/1432/2761 49/1431/2761
f 1543/1420/2762 1596/1472/2762 1511/1390/2762
f 1596/1472/2763 1620/1473/2763 1511/1390/2763
f 1620/1473/2764 1579/1457/2764 1511/1390/2764
f 1579/1457/2765 1597/1474/2765 1513/1392/2765
f 1597/1474/2766 1555/1433/2766 1513/1392/2766
f 1580/1475/2767 1529/1393/2767 1556/1434/2767
f 1580/1475/2768 1581/1458/2768 1529/1393/2768
f 1598/1476/2769 1544/1421/2769 1557/1435/2769
f 1544/1421/2770 1565/1446/2770 1501/1380/2770
f 1583/1460/2771 1584/1477/2771 1516/1397/2771
f 1599/1478/2772 1585/1461/2772 1517/1398/2772
f 1585/1461/2773 1600/1479/2773 1532/1408/2773
f 1587/1463/2774 1588/1464/2774 1549/1424/2774
f 1601/1480/2775 1569/1450/2775 1561/1440/2775
f 1602/1481/2776 1522/1411/2776 1521/1399/2776
f 1589/1465/2777 1570/1466/2777 1533/1412/2777
f 1551/1426/2778 1611/1482/2778 1523/1400/2778
f 1611/1482/2779 1571/1441/2779 1523/1400/2779
f 1571/1441/2780 1603/1483/2780 1506/1385/2780
f 1603/1483/2781 1591/1468/2781 1506/1385/2781
f 1592/1484/2782 1614/1485/2782 1509/1387/2782
f 1614/1485/2783 1552/1427/2783 1509/1387/2783
f 1537/1416/2784 1576/1454/2784 1538/1429/2784
f 1593/1469/2785 1604/1486/2785 1526/1404/2785
f 1604/1486/2786 1577/1455/2786 1526/1404/2786
f 1594/1470/2787 1540/1418/2787 1563/1444/2787
f 1595/1487/2788 1541/1430/2788 1594/1470/2788
f 1578/1456/2789 1596/1472/2789 1543/1420/2789
f 1581/1458/2790 1557/1435/2790 1530/1406/2790
f 1565/1446/2791 1605/1488/2791 1582/1459/2791
f 1584/1477/2792 1606/1489/2792 1516/1397/2792
f 1606/1489/2793 1546/1407/2793 1516/1397/2793
f 1606/1489/2794 1558/1436/2794 1546/1407/2794
f 1599/1478/2795 1517/1398/2795 1558/1436/2795
f 1600/1479/2796 1607/1490/2796 1532/1408/2796
f 1607/1490/2797 1559/1437/2797 1532/1408/2797
f 1608/1491/2798 1587/1463/2798 1568/1449/2798
f 1588/1464/2799 1561/1440/2799 1560/1439/2799
f 1569/1450/2800 1602/1481/2800 1521/1399/2800
f 1590/1467/2801 1609/1492/2801 1550/1425/2801
f 1609/1492/2802 1535/1414/2802 1550/1425/2802
f 1535/1414/2803 1610/1493/2803 1551/1426/2803
f 1613/1494/2804 1509/1387/2804 1562/1442/2804
f 1613/1494/2805 1592/1484/2805 1509/1387/2805
f 1614/1485/2806 1573/1452/2806 1552/1427/2806
f 1615/1495/2807 1575/1443/2807 1553/1428/2807
f 1575/1443/2808 1615/1495/2808 1537/1416/2808
f 1577/1455/2809 1616/1496/2809 1563/1444/2809
f 1616/1496/2810 1594/1470/2810 1563/1444/2810
f 1595/1487/2811 1617/1497/2811 1541/1430/2811
f 1617/1497/2812 48/1389/2812 1541/1430/2812
f 1618/1498/2813 1554/1432/2813 50/1471/2813
f 1619/1499/2814 1542/1419/2814 1554/1432/2814
f 1619/1499/2815 1578/1456/2815 1542/1419/2815
f 1620/1473/2816 1597/1474/2816 1579/1457/2816
f 1580/1475/2817 1557/1435/2817 1581/1458/2817
f 1598/1476/2818 1621/1500/2818 1544/1421/2818
f 1621/1500/2819 1565/1446/2819 1544/1421/2819
f 1622/1501/2820 1567/1448/2820 1582/1459/2820
f 1622/1501/2821 1583/1460/2821 1567/1448/2821
f 1623/1502/2822 1599/1478/2822 1558/1436/2822
f 1599/1478/2823 1600/1479/2823 1585/1461/2823
f 1607/1490/2824 1586/1462/2824 1559/1437/2824
f 1602/1481/2825 1624/1503/2825 1522/1411/2825
f 1625/1504/2826 1590/1467/2826 1570/1466/2826
f 1625/1504/2827 1626/1505/2827 1590/1467/2827
f 1626/1505/2828 1609/1492/2828 1590/1467/2828
f 1610/1493/2829 1611/1482/2829 1551/1426/2829
f 1591/1468/2830 1612/1506/2830 1572/1451/2830
f 1627/1507/2831 1562/1442/2831 1572/1451/2831
f 1615/1495/2832 1628/1508/2832 1537/1416/2832
f 1628/1508/2833 1576/1454/2833 1537/1416/2833
f 1628/1508/2834 1593/1469/2834 1576/1454/2834
f 1604/1486/2835 1616/1496/2835 1577/1455/2835
f 1616/1496/2836 1595/1487/2836 1594/1470/2836
f 1617/1497/2837 51/1509/2837 48/1389/2837
f 1619/1499/2838 1554/1432/2838 1618/1498/2838
f 1629/1510/2839 1596/1472/2839 1578/1456/2839
f 1597/1474/2840 1564/1445/2840 1555/1433/2840
f 1630/1511/2841 1556/1434/2841 1564/1445/2841
f 1605/1488/2842 1622/1501/2842 1582/1459/2842
f 1586/1462/2843 1608/1491/2843 1568/1449/2843
f 1645/1512/2844 1588/1464/2844 1587/1463/2844
f 1589/1465/2845 1625/1504/2845 1570/1466/2845
f 1609/1492/2846 1632/1513/2846 1535/1414/2846
f 1632/1513/2847 1610/1493/2847 1535/1414/2847
f 1603/1483/2848 1612/1506/2848 1591/1468/2848
f 1612/1506/2849 1627/1507/2849 1572/1451/2849
f 1627/1507/2850 1613/1494/2850 1562/1442/2850
f 1592/1484/2851 1633/1514/2851 1614/1485/2851
f 1634/1515/2852 1615/1495/2852 1553/1428/2852
f 1615/1495/2853 1635/1516/2853 1628/1508/2853
f 1628/1508/2854 1636/1517/2854 1593/1469/2854
f 1637/1518/2855 1617/1497/2855 1595/1487/2855
f 52/1519/2856 1618/1498/2856 50/1471/2856
f 1619/1499/2857 1629/1510/2857 1578/1456/2857
f 1630/1511/2858 1580/1475/2858 1556/1434/2858
f 1638/1520/2859 1557/1435/2859 1580/1475/2859
f 1639/1521/2860 1598/1476/2860 1557/1435/2860
f 1623/1502/2861 1558/1436/2861 1606/1489/2861
f 1641/1522/2862 1599/1478/2862 1623/1502/2862
f 1641/1522/2863 1631/1523/2863 1599/1478/2863
f 1642/1524/2864 1607/1490/2864 1600/1479/2864
f 1644/1525/2865 1586/1462/2865 1607/1490/2865
f 1645/1512/2866 1561/1440/2866 1588/1464/2866
f 1601/1480/2867 1602/1481/2867 1569/1450/2867
f 1646/1526/2868 1522/1411/2868 1624/1503/2868
f 1646/1526/2869 1647/1527/2869 1522/1411/2869
f 1647/1527/2870 1589/1465/2870 1522/1411/2870
f 1648/1528/2871 1625/1504/2871 1589/1465/2871
f 1649/1529/2872 1626/1505/2872 1625/1504/2872
f 1610/1493/2873 1650/1530/2873 1611/1482/2873
f 1652/1531/2874 1603/1483/2874 1571/1441/2874
f 1653/1532/2875 1612/1506/2875 1603/1483/2875
f 1614/1485/2876 1654/1533/2876 1573/1452/2876
f 1654/1533/2877 1574/1453/2877 1573/1452/2877
f 1635/1516/2878 1655/1534/2878 1628/1508/2878
f 1636/1517/2879 1604/1486/2879 1593/1469/2879
f 1616/1496/2880 1637/1518/2880 1595/1487/2880
f 1656/1535/2881 1619/1499/2881 1618/1498/2881
f 1657/1536/2882 1620/1473/2882 1596/1472/2882
f 1658/1537/2883 1597/1474/2883 1620/1473/2883
f 1658/1537/2884 1659/1538/2884 1597/1474/2884
f 1659/1538/2885 1564/1445/2885 1597/1474/2885
f 1659/1538/2886 1660/1539/2886 1564/1445/2886
f 1660/1539/2887 1630/1511/2887 1564/1445/2887
f 1638/1520/2888 1639/1521/2888 1557/1435/2888
f 1672/1540/2889 1583/1460/2889 1622/1501/2889
f 1640/1541/2890 1584/1477/2890 1583/1460/2890
f 1640/1541/2891 1606/1489/2891 1584/1477/2891
f 1631/1523/2892 1662/1542/2892 1599/1478/2892
f 1662/1542/2893 1600/1479/2893 1599/1478/2893
f 1643/1543/2894 1644/1525/2894 1607/1490/2894
f 1663/1544/2895 1587/1463/2895 1608/1491/2895
f 1663/1544/2896 1645/1512/2896 1587/1463/2896
f 1664/1545/2897 1601/1480/2897 1561/1440/2897
f 1647/1527/2898 1648/1528/2898 1589/1465/2898
f 1676/1546/2899 1649/1529/2899 1625/1504/2899
f 1626/1505/2900 1665/1547/2900 1609/1492/2900
f 1665/1547/2901 1632/1513/2901 1609/1492/2901
f 1611/1482/2902 1651/1548/2902 1571/1441/2902
f 1652/1531/2903 1653/1532/2903 1603/1483/2903
f 1666/1549/2904 1627/1507/2904 1612/1506/2904
f 1627/1507/2905 1667/1550/2905 1613/1494/2905
f 1613/1494/2906 1667/1550/2906 1592/1484/2906
f 1654/1533/2907 1553/1428/2907 1574/1453/2907
f 1655/1534/2908 1636/1517/2908 1628/1508/2908
f 1636/1517/2909 1668/1551/2909 1604/1486/2909
f 1668/1551/2910 1684/1552/2910 1604/1486/2910
f 1684/1552/2911 1616/1496/2911 1604/1486/2911
f 1669/1553/2912 1617/1497/2912 1637/1518/2912
f 1670/1554/2913 1656/1535/2913 1618/1498/2913
f 1657/1536/2914 1658/1537/2914 1620/1473/2914
f 1671/1555/2915 1580/1475/2915 1630/1511/2915
f 1671/1555/2916 1638/1520/2916 1580/1475/2916
f 1639/1521/2917 1621/1500/2917 1598/1476/2917
f 1621/1500/2918 1605/1488/2918 1565/1446/2918
f 1672/1540/2919 1622/1501/2919 1605/1488/2919
f 1672/1540/2920 1640/1541/2920 1583/1460/2920
f 1661/1556/2921 1623/1502/2921 1606/1489/2921
f 1662/1542/2922 1642/1524/2922 1600/1479/2922
f 1642/1524/2923 1643/1543/2923 1607/1490/2923
f 1644/1525/2924 1673/1557/2924 1586/1462/2924
f 1673/1557/2925 1608/1491/2925 1586/1462/2925
f 1674/1558/2926 1561/1440/2926 1645/1512/2926
f 1664/1545/2927 1602/1481/2927 1601/1480/2927
f 1664/1545/2928 1675/1559/2928 1602/1481/2928
f 1675/1559/2929 1624/1503/2929 1602/1481/2929
f 1648/1528/2930 1676/1546/2930 1625/1504/2930
f 1649/1529/2931 1677/1560/2931 1626/1505/2931
f 1677/1560/2932 1665/1547/2932 1626/1505/2932
f 1632/1513/2933 1650/1530/2933 1610/1493/2933
f 1650/1530/2934 1678/1561/2934 1611/1482/2934
f 1678/1561/2935 1651/1548/2935 1611/1482/2935
f 1651/1548/2936 1652/1531/2936 1571/1441/2936
f 1679/1562/2937 1627/1507/2937 1666/1549/2937
f 1680/1563/2938 1667/1550/2938 1627/1507/2938
f 1667/1550/2939 1633/1514/2939 1592/1484/2939
f 1633/1514/2940 1654/1533/2940 1614/1485/2940
f 1654/1533/2941 1681/1564/2941 1553/1428/2941
f 1681/1564/2942 1634/1515/2942 1553/1428/2942
f 1635/1516/2943 1682/1565/2943 1655/1534/2943
f 1655/1534/2944 1683/1566/2944 1636/1517/2944
f 1683/1566/2945 1668/1551/2945 1636/1517/2945
f 1684/1552/2946 1637/1518/2946 1616/1496/2946
f 1669/1553/2947 51/1509/2947 1617/1497/2947
f 1685/1567/2948 1596/1472/2948 1629/1510/2948
f 1685/1567/2949 1657/1536/2949 1596/1472/2949
f 1621/1500/2950 1672/1540/2950 1605/1488/2950
f 1640/1541/2951 1661/1556/2951 1606/1489/2951
f 1641/1522/2952 1662/1542/2952 1631/1523/2952
f 1673/1557/2953 1663/1544/2953 1608/1491/2953
f 1674/1558/2954 1694/1568/2954 1561/1440/2954
f 1694/1568/2955 1664/1545/2955 1561/1440/2955
f 1686/1569/2956 1632/1513/2956 1665/1547/2956
f 1632/1513/2957 1687/1570/2957 1650/1530/2957
f 1653/1532/2958 1666/1549/2958 1612/1506/2958
f 1634/1515/2959 1635/1516/2959 1615/1495/2959
f 1688/1571/2960 1682/1565/2960 1635/1516/2960
f 1689/1572/2961 1655/1534/2961 1682/1565/2961
f 1684/1552/2962 1669/1553/2962 1637/1518/2962
f 1669/1553/2963 53/1573/2963 51/1509/2963
f 54/1574/2964 1618/1498/2964 52/1519/2964
f 54/1574/2965 1670/1554/2965 1618/1498/2965
f 1690/1575/2966 1629/1510/2966 1619/1499/2966
f 1691/1576/2967 1638/1520/2967 1671/1555/2967
f 1691/1576/2968 1639/1521/2968 1638/1520/2968
f 1751/1577/2969 1621/1500/2969 1639/1521/2969
f 1751/1577/2970 1692/1578/2970 1621/1500/2970
f 1692/1578/2971 1672/1540/2971 1621/1500/2971
f 1692/1578/2972 1693/1579/2972 1672/1540/2972
f 1663/1544/2973 1674/1558/2973 1645/1512/2973
f 1675/1559/2974 1646/1526/2974 1624/1503/2974
f 1676/1546/2975 1677/1560/2975 1649/1529/2975
f 1697/1580/2976 1687/1570/2976 1632/1513/2976
f 1650/1530/2977 1698/1581/2977 1678/1561/2977
f 1652/1531/2978 1699/1582/2978 1653/1532/2978
f 1680/1563/2979 1627/1507/2979 1679/1562/2979
f 1700/1583/2980 1635/1516/2980 1634/1515/2980
f 1701/1584/2981 1684/1552/2981 1668/1551/2981
f 1656/1535/2982 1690/1575/2982 1619/1499/2982
f 1702/1585/2983 1685/1567/2983 1629/1510/2983
f 1657/1536/2984 1703/1586/2984 1658/1537/2984
f 1704/1587/2985 1660/1539/2985 1659/1538/2985
f 1693/1579/2986 1705/1588/2986 1672/1540/2986
f 1705/1588/2987 1640/1541/2987 1672/1540/2987
f 1640/1541/2988 1706/1589/2988 1661/1556/2988
f 1706/1589/2989 1623/1502/2989 1661/1556/2989
f 1708/1590/2990 1662/1542/2990 1641/1522/2990
f 1662/1542/2991 1708/1590/2991 1642/1524/2991
f 1708/1590/2992 1643/1543/2992 1642/1524/2992
f 1709/1591/2993 1644/1525/2993 1643/1543/2993
f 1694/1568/2994 1695/1592/2994 1664/1545/2994
f 1710/1593/2995 1675/1559/2995 1664/1545/2995
f 1711/1594/2996 1646/1526/2996 1675/1559/2996
f 1711/1594/2997 1647/1527/2997 1646/1526/2997
f 1696/1595/2998 1677/1560/2998 1676/1546/2998
f 1677/1560/2999 1686/1569/2999 1665/1547/2999
f 1697/1580/3000 1632/1513/3000 1686/1569/3000
f 1687/1570/3001 1698/1581/3001 1650/1530/3001
f 1712/1596/3002 1651/1548/3002 1678/1561/3002
f 1679/1562/3003 1713/1597/3003 1680/1563/3003
f 1714/1598/3004 1681/1564/3004 1654/1533/3004
f 1681/1564/3005 1700/1583/3005 1634/1515/3005
f 1688/1571/3006 1689/1572/3006 1682/1565/3006
f 1689/1572/3007 1683/1566/3007 1655/1534/3007
f 1715/1599/3008 1669/1553/3008 1684/1552/3008
f 1670/1554/3009 1690/1575/3009 1656/1535/3009
f 1690/1575/3010 1702/1585/3010 1629/1510/3010
f 1702/1585/3011 1716/1600/3011 1685/1567/3011
f 1716/1600/3012 1657/1536/3012 1685/1567/3012
f 1704/1587/3013 1717/1601/3013 1660/1539/3013
f 1660/1539/3014 1671/1555/3014 1630/1511/3014
f 1706/1589/3015 1641/1522/3015 1623/1502/3015
f 1706/1589/3016 1707/1602/3016 1641/1522/3016
f 1707/1602/3017 1708/1590/3017 1641/1522/3017
f 1718/1603/3018 1673/1557/3018 1644/1525/3018
f 1719/1604/3019 1663/1544/3019 1673/1557/3019
f 1719/1604/3020 1674/1558/3020 1663/1544/3020
f 1695/1592/3021 1710/1593/3021 1664/1545/3021
f 1720/1605/3022 1648/1528/3022 1647/1527/3022
f 1720/1605/3023 1676/1546/3023 1648/1528/3023
f 1720/1605/3024 1696/1595/3024 1676/1546/3024
f 1721/1606/3025 1686/1569/3025 1677/1560/3025
f 1722/1607/3026 1712/1596/3026 1678/1561/3026
f 1712/1596/3027 1723/1608/3027 1651/1548/3027
f 1723/1608/3028 1652/1531/3028 1651/1548/3028
f 1723/1608/3029 1699/1582/3029 1652/1531/3029
f 1699/1582/3030 1666/1549/3030 1653/1532/3030
f 1700/1583/3031 1688/1571/3031 1635/1516/3031
f 1700/1583/3032 1689/1572/3032 1688/1571/3032
f 1683/1566/3033 1725/1609/3033 1668/1551/3033
f 1725/1609/3034 1701/1584/3034 1668/1551/3034
f 1701/1584/3035 1715/1599/3035 1684/1552/3035
f 1727/1610/3036 1690/1575/3036 1670/1554/3036
f 1703/1586/3037 1657/1536/3037 1716/1600/3037
f 1728/1611/3038 1729/1612/3038 1658/1537/3038
f 1729/1612/3039 1659/1538/3039 1658/1537/3039
f 1729/1612/3040 1704/1587/3040 1659/1538/3040
f 1717/1601/3041 1671/1555/3041 1660/1539/3041
f 1751/1577/3042 1639/1521/3042 1691/1576/3042
f 1740/1613/3043 1692/1578/3043 1751/1577/3043
f 1730/1614/3044 1706/1589/3044 1640/1541/3044
f 1708/1590/3045 1709/1591/3045 1643/1543/3045
f 1709/1591/3046 1718/1603/3046 1644/1525/3046
f 1731/1615/3047 1673/1557/3047 1718/1603/3047
f 1731/1615/3048 1719/1604/3048 1673/1557/3048
f 1732/1616/3049 1694/1568/3049 1674/1558/3049
f 1711/1594/3050 1675/1559/3050 1710/1593/3050
f 1733/1617/3051 1720/1605/3051 1647/1527/3051
f 1696/1595/3052 1734/1618/3052 1677/1560/3052
f 1734/1618/3053 1721/1606/3053 1677/1560/3053
f 1721/1606/3054 1697/1580/3054 1686/1569/3054
f 1698/1581/3055 1722/1607/3055 1678/1561/3055
f 1735/1619/3056 1679/1562/3056 1666/1549/3056
f 1736/1620/3057 1667/1550/3057 1680/1563/3057
f 1737/1621/3058 1654/1533/3058 1633/1514/3058
f 1700/1583/3059 1738/1622/3059 1689/1572/3059
f 1739/1623/3060 1683/1566/3060 1689/1572/3060
f 1726/1624/3061 1669/1553/3061 1715/1599/3061
f 55/1625/3062 1670/1554/3062 54/1574/3062
f 55/1625/3063 1727/1610/3063 1670/1554/3063
f 1703/1586/3064 1728/1611/3064 1658/1537/3064
f 1741/1626/3065 1693/1579/3065 1692/1578/3065
f 1705/1588/3066 1730/1614/3066 1640/1541/3066
f 1742/1627/3067 1707/1602/3067 1706/1589/3067
f 1707/1602/3068 1743/1628/3068 1708/1590/3068
f 1744/1629/3069 1674/1558/3069 1719/1604/3069
f 1744/1629/3070 1745/1630/3070 1674/1558/3070
f 1745/1630/3071 1732/1616/3071 1674/1558/3071
f 1711/1594/3072 1733/1617/3072 1647/1527/3072
f 1746/1631/3073 1696/1595/3073 1720/1605/3073
f 1734/1618/3074 1747/1632/3074 1721/1606/3074
f 1747/1632/3075 1697/1580/3075 1721/1606/3075
f 1747/1632/3076 1687/1570/3076 1697/1580/3076
f 1712/1596/3077 1748/1633/3077 1723/1608/3077
f 1735/1619/3078 1713/1597/3078 1679/1562/3078
f 1713/1597/3079 1736/1620/3079 1680/1563/3079
f 1736/1620/3080 1633/1514/3080 1667/1550/3080
f 1737/1621/3081 1714/1598/3081 1654/1533/3081
f 1714/1598/3082 1724/1634/3082 1681/1564/3082
f 1724/1634/3083 1700/1583/3083 1681/1564/3083
f 1738/1622/3084 1739/1623/3084 1689/1572/3084
f 1701/1584/3085 1761/1635/3085 1715/1599/3085
f 1726/1624/3086 53/1573/3086 1669/1553/3086
f 1763/1636/3087 1749/1637/3087 1702/1585/3087
f 1749/1637/3088 1716/1600/3088 1702/1585/3088
f 1728/1611/3089 1704/1587/3089 1729/1612/3089
f 1704/1587/3090 1750/1638/3090 1717/1601/3090
f 1717/1601/3091 1691/1576/3091 1671/1555/3091
f 1741/1626/3092 1692/1578/3092 1740/1613/3092
f 1752/1639/3093 1705/1588/3093 1693/1579/3093
f 1730/1614/3094 1742/1627/3094 1706/1589/3094
f 1742/1627/3095 1753/1640/3095 1707/1602/3095
f 1708/1590/3096 1779/1641/3096 1709/1591/3096
f 1755/1642/3097 1718/1603/3097 1709/1591/3097
f 1745/1630/3098 1694/1568/3098 1732/1616/3098
f 1710/1593/3099 1781/1643/3099 1711/1594/3099
f 1781/1643/3100 1756/1644/3100 1711/1594/3100
f 1733/1617/3101 1746/1631/3101 1720/1605/3101
f 1746/1631/3102 1734/1618/3102 1696/1595/3102
f 1757/1645/3103 1698/1581/3103 1687/1570/3103
f 1757/1645/3104 1722/1607/3104 1698/1581/3104
f 1722/1607/3105 1748/1633/3105 1712/1596/3105
f 1758/1646/3106 1699/1582/3106 1723/1608/3106
f 1699/1582/3107 1735/1619/3107 1666/1549/3107
f 1759/1647/3108 1714/1598/3108 1737/1621/3108
f 1724/1634/3109 1760/1648/3109 1700/1583/3109
f 1761/1635/3110 1701/1584/3110 1725/1609/3110
f 1762/1649/3111 1726/1624/3111 1715/1599/3111
f 1726/1624/3112 56/1650/3112 53/1573/3112
f 1727/1610/3113 1763/1636/3113 1690/1575/3113
f 1763/1636/3114 1702/1585/3114 1690/1575/3114
f 1728/1611/3115 1750/1638/3115 1704/1587/3115
f 1764/1651/3116 1691/1576/3116 1717/1601/3116
f 1765/1652/3117 1751/1577/3117 1691/1576/3117
f 1752/1639/3118 1730/1614/3118 1705/1588/3118
f 1743/1628/3119 1754/1653/3119 1708/1590/3119
f 1779/1641/3120 1755/1642/3120 1709/1591/3120
f 1755/1642/3121 1766/1654/3121 1718/1603/3121
f 1731/1615/3122 1744/1629/3122 1719/1604/3122
f 1694/1568/3123 1710/1593/3123 1695/1592/3123
f 1694/1568/3124 1767/1655/3124 1710/1593/3124
f 1756/1644/3125 1733/1617/3125 1711/1594/3125
f 1747/1632/3126 1757/1645/3126 1687/1570/3126
f 1758/1646/3127 1768/1656/3127 1699/1582/3127
f 1797/1657/3128 1633/1514/3128 1736/1620/3128
f 1769/1658/3129 1759/1647/3129 1737/1621/3129
f 1770/1659/3130 1724/1634/3130 1714/1598/3130
f 1771/1660/3131 1739/1623/3131 1738/1622/3131
f 1772/1661/3132 1683/1566/3132 1739/1623/3132
f 1772/1661/3133 1725/1609/3133 1683/1566/3133
f 1762/1649/3134 1773/1662/3134 1726/1624/3134
f 1749/1637/3135 1774/1663/3135 1716/1600/3135
f 1774/1663/3136 1775/1664/3136 1716/1600/3136
f 1775/1664/3137 1703/1586/3137 1716/1600/3137
f 1790/1665/3138 1750/1638/3138 1728/1611/3138
f 1776/1666/3139 1717/1601/3139 1750/1638/3139
f 1776/1666/3140 1764/1651/3140 1717/1601/3140
f 1741/1626/3141 1752/1639/3141 1693/1579/3141
f 1777/1667/3142 1742/1627/3142 1730/1614/3142
f 1778/1668/3143 1753/1640/3143 1742/1627/3143
f 1753/1640/3144 1743/1628/3144 1707/1602/3144
f 1779/1641/3145 1708/1590/3145 1754/1653/3145
f 1766/1654/3146 1731/1615/3146 1718/1603/3146
f 1766/1654/3147 1744/1629/3147 1731/1615/3147
f 1767/1655/3148 1781/1643/3148 1710/1593/3148
f 1756/1644/3149 1782/1669/3149 1733/1617/3149
f 1782/1669/3150 1746/1631/3150 1733/1617/3150
f 1784/1670/3151 1748/1633/3151 1722/1607/3151
f 1748/1633/3152 1785/1671/3152 1723/1608/3152
f 1785/1671/3153 1758/1646/3153 1723/1608/3153
f 1786/1672/3154 1713/1597/3154 1735/1619/3154
f 1786/1672/3155 1736/1620/3155 1713/1597/3155
f 1797/1657/3156 1737/1621/3156 1633/1514/3156
f 1759/1647/3157 1770/1659/3157 1714/1598/3157
f 1770/1659/3158 1787/1673/3158 1724/1634/3158
f 1787/1673/3159 1760/1648/3159 1724/1634/3159
f 1771/1660/3160 1772/1661/3160 1739/1623/3160
f 1788/1674/3161 1761/1635/3161 1725/1609/3161
f 57/1675/3162 1727/1610/3162 55/1625/3162
f 1789/1676/3163 1728/1611/3163 1703/1586/3163
f 1789/1676/3164 1790/1665/3164 1728/1611/3164
f 1791/1677/3165 1792/1678/3165 1691/1576/3165
f 1792/1678/3166 1765/1652/3166 1691/1576/3166
f 1793/1679/3167 1740/1613/3167 1751/1577/3167
f 1752/1639/3168 1777/1667/3168 1730/1614/3168
f 1794/1680/3169 1778/1668/3169 1742/1627/3169
f 1744/1629/3170 1780/1681/3170 1745/1630/3170
f 1780/1681/3171 1694/1568/3171 1745/1630/3171
f 1767/1655/3172 1694/1568/3172 1780/1681/3172
f 1746/1631/3173 1783/1682/3173 1734/1618/3173
f 1783/1682/3174 1747/1632/3174 1734/1618/3174
f 1784/1670/3175 1722/1607/3175 1757/1645/3175
f 1795/1683/3176 1796/1684/3176 1758/1646/3176
f 1768/1656/3177 1735/1619/3177 1699/1582/3177
f 1786/1672/3178 1797/1657/3178 1736/1620/3178
f 1760/1648/3179 1820/1685/3179 1700/1583/3179
f 1820/1685/3180 1738/1622/3180 1700/1583/3180
f 1772/1661/3181 1788/1674/3181 1725/1609/3181
f 1773/1662/3182 56/1650/3182 1726/1624/3182
f 1727/1610/3183 1799/1686/3183 1763/1636/3183
f 1763/1636/3184 1774/1663/3184 1749/1637/3184
f 1775/1664/3185 1789/1676/3185 1703/1586/3185
f 1813/1687/3186 1776/1666/3186 1750/1638/3186
f 1764/1651/3187 1791/1677/3187 1691/1576/3187
f 1765/1652/3188 1793/1679/3188 1751/1577/3188
f 1740/1613/3189 1800/1688/3189 1741/1626/3189
f 1801/1689/3190 1752/1639/3190 1741/1626/3190
f 1777/1667/3191 1794/1680/3191 1742/1627/3191
f 1766/1654/3192 1804/1690/3192 1744/1629/3192
f 1804/1690/3193 1780/1681/3193 1744/1629/3193
f 1805/1691/3194 1767/1655/3194 1780/1681/3194
f 1806/1692/3195 1747/1632/3195 1783/1682/3195
f 1785/1671/3196 1809/1693/3196 1758/1646/3196
f 1809/1693/3197 1795/1683/3197 1758/1646/3197
f 1796/1684/3198 1768/1656/3198 1758/1646/3198
f 1810/1694/3199 1786/1672/3199 1735/1619/3199
f 1797/1657/3200 1798/1695/3200 1737/1621/3200
f 1798/1695/3201 1769/1658/3201 1737/1621/3201
f 1759/1647/3202 1787/1673/3202 1770/1659/3202
f 1820/1685/3203 1771/1660/3203 1738/1622/3203
f 1811/1696/3204 1772/1661/3204 1771/1660/3204
f 1761/1635/3205 1762/1649/3205 1715/1599/3205
f 1762/1649/3206 1821/1697/3206 1773/1662/3206
f 1822/1698/3207 58/1699/3207 56/1650/3207
f 59/1700/3208 1727/1610/3208 57/1675/3208
f 1799/1686/3209 1774/1663/3209 1763/1636/3209
f 1812/1701/3210 1813/1687/3210 1790/1665/3210
f 1813/1687/3211 1750/1638/3211 1790/1665/3211
f 1814/1702/3212 1764/1651/3212 1776/1666/3212
f 1814/1702/3213 1791/1677/3213 1764/1651/3213
f 1800/1688/3214 1801/1689/3214 1741/1626/3214
f 1802/1703/3215 1777/1667/3215 1752/1639/3215
f 1837/1704/3216 1743/1628/3216 1753/1640/3216
f 1803/1705/3217 1755/1642/3217 1779/1641/3217
f 1755/1642/3218 1815/1706/3218 1766/1654/3218
f 1781/1643/3219 1817/1707/3219 1756/1644/3219
f 1782/1669/3220 1783/1682/3220 1746/1631/3220
f 1807/1708/3221 1757/1645/3221 1747/1632/3221
f 1807/1708/3222 1808/1709/3222 1757/1645/3222
f 1818/1710/3223 1784/1670/3223 1757/1645/3223
f 1784/1670/3224 1819/1711/3224 1748/1633/3224
f 1819/1711/3225 1785/1671/3225 1748/1633/3225
f 1810/1694/3226 1735/1619/3226 1768/1656/3226
f 1821/1697/3227 1762/1649/3227 1761/1635/3227
f 1822/1698/3228 56/1650/3228 1773/1662/3228
f 1824/1712/3229 1789/1676/3229 1775/1664/3229
f 1813/1687/3230 1814/1702/3230 1776/1666/3230
f 1825/1713/3231 1792/1678/3231 1791/1677/3231
f 1793/1679/3232 1800/1688/3232 1740/1613/3232
f 1778/1668/3233 1837/1704/3233 1753/1640/3233
f 1837/1704/3234 1754/1653/3234 1743/1628/3234
f 1803/1705/3235 1815/1706/3235 1755/1642/3235
f 1815/1706/3236 1826/1714/3236 1766/1654/3236
f 1805/1691/3237 1780/1681/3237 1816/1715/3237
f 1817/1707/3238 1827/1716/3238 1756/1644/3238
f 1827/1716/3239 1782/1669/3239 1756/1644/3239
f 1806/1692/3240 1807/1708/3240 1747/1632/3240
f 1808/1709/3241 1828/1717/3241 1757/1645/3241
f 1828/1717/3242 1818/1710/3242 1757/1645/3242
f 1818/1710/3243 1819/1711/3243 1784/1670/3243
f 1819/1711/3244 1809/1693/3244 1785/1671/3244
f 1786/1672/3245 1829/1718/3245 1797/1657/3245
f 1798/1695/3246 1830/1719/3246 1769/1658/3246
f 1831/1720/3247 1787/1673/3247 1759/1647/3247
f 1832/1721/3248 1761/1635/3248 1788/1674/3248
f 1832/1721/3249 1821/1697/3249 1761/1635/3249
f 60/1722/3250 1727/1610/3250 59/1700/3250
f 60/1722/3251 1799/1686/3251 1727/1610/3251
f 1799/1686/3252 1823/1723/3252 1774/1663/3252
f 1774/1663/3253 1833/1724/3253 1775/1664/3253
f 1824/1712/3254 1834/1725/3254 1789/1676/3254
f 1834/1725/3255 1790/1665/3255 1789/1676/3255
f 1834/1725/3256 1812/1701/3256 1790/1665/3256
f 1835/1726/3257 1814/1702/3257 1813/1687/3257
f 1814/1702/3258 1825/1713/3258 1791/1677/3258
f 1836/1727/3259 1793/1679/3259 1765/1652/3259
f 1801/1689/3260 1802/1703/3260 1752/1639/3260
f 1754/1653/3261 1803/1705/3261 1779/1641/3261
f 1804/1690/3262 1816/1715/3262 1780/1681/3262
f 1805/1691/3263 1781/1643/3263 1767/1655/3263
f 1838/1728/3264 1817/1707/3264 1781/1643/3264
f 1852/1729/3265 1783/1682/3265 1782/1669/3265
f 1839/1730/3266 1807/1708/3266 1806/1692/3266
f 1840/1731/3267 1808/1709/3267 1807/1708/3267
f 1853/1732/3268 1795/1683/3268 1809/1693/3268
f 1853/1732/3269 1796/1684/3269 1795/1683/3269
f 1768/1656/3270 1841/1733/3270 1810/1694/3270
f 1841/1733/3271 1786/1672/3271 1810/1694/3271
f 1829/1718/3272 1842/1734/3272 1797/1657/3272
f 1842/1734/3273 1798/1695/3273 1797/1657/3273
f 1769/1658/3274 1831/1720/3274 1759/1647/3274
f 1787/1673/3275 1843/1735/3275 1760/1648/3275
f 1843/1735/3276 1844/1736/3276 1760/1648/3276
f 1844/1736/3277 1820/1685/3277 1760/1648/3277
f 1820/1685/3278 1811/1696/3278 1771/1660/3278
f 1811/1696/3279 1788/1674/3279 1772/1661/3279
f 1832/1721/3280 1845/1737/3280 1821/1697/3280
f 1846/1738/3281 1799/1686/3281 60/1722/3281
f 1823/1723/3282 1833/1724/3282 1774/1663/3282
f 1824/1712/3283 1775/1664/3283 1833/1724/3283
f 1812/1701/3284 1835/1726/3284 1813/1687/3284
f 1835/1726/3285 1848/1739/3285 1814/1702/3285
f 1848/1739/3286 1825/1713/3286 1814/1702/3286
f 1836/1727/3287 1765/1652/3287 1792/1678/3287
f 1793/1679/3288 1849/1740/3288 1800/1688/3288
f 1850/1741/3289 1777/1667/3289 1802/1703/3289
f 1851/1742/3290 1778/1668/3290 1794/1680/3290
f 1826/1714/3291 1804/1690/3291 1766/1654/3291
f 1852/1729/3292 1782/1669/3292 1827/1716/3292
f 1852/1729/3293 1806/1692/3293 1783/1682/3293
f 1840/1731/3294 1807/1708/3294 1839/1730/3294
f 1841/1733/3295 1854/1743/3295 1786/1672/3295
f 1855/1744/3296 1856/1745/3296 1798/1695/3296
f 1856/1745/3297 1830/1719/3297 1798/1695/3297
f 1821/1697/3298 1858/1746/3298 1773/1662/3298
f 1858/1746/3299 1822/1698/3299 1773/1662/3299
f 1822/1698/3300 61/1747/3300 58/1699/3300
f 1846/1738/3301 1823/1723/3301 1799/1686/3301
f 1882/1748/3302 1833/1724/3302 1823/1723/3302
f 1834/1725/3303 1847/1749/3303 1812/1701/3303
f 1825/1713/3304 1836/1727/3304 1792/1678/3304
f 1801/1689/3305 1859/1750/3305 1802/1703/3305
f 1859/1750/3306 1850/1741/3306 1802/1703/3306
f 1850/1741/3307 1794/1680/3307 1777/1667/3307
f 1851/1742/3308 1837/1704/3308 1778/1668/3308
f 1860/1751/3309 1754/1653/3309 1837/1704/3309
f 1754/1653/3310 1871/1752/3310 1803/1705/3310
f 1872/1753/3311 1815/1706/3311 1803/1705/3311
f 1826/1714/3312 1873/1754/3312 1804/1690/3312
f 1861/1755/3313 1816/1715/3313 1804/1690/3313
f 1861/1755/3314 1805/1691/3314 1816/1715/3314
f 1862/1756/3315 1781/1643/3315 1805/1691/3315
f 1862/1756/3316 1838/1728/3316 1781/1643/3316
f 1875/1757/3317 1827/1716/3317 1817/1707/3317
f 1852/1729/3318 1839/1730/3318 1806/1692/3318
f 1863/1758/3319 1819/1711/3319 1818/1710/3319
f 1863/1758/3320 1864/1759/3320 1819/1711/3320
f 1864/1759/3321 1809/1693/3321 1819/1711/3321
f 1864/1759/3322 1853/1732/3322 1809/1693/3322
f 1877/1760/3323 1796/1684/3323 1853/1732/3323
f 1877/1760/3324 1865/1761/3324 1796/1684/3324
f 1865/1761/3325 1768/1656/3325 1796/1684/3325
f 1842/1734/3326 1855/1744/3326 1798/1695/3326
f 1866/1762/3327 1769/1658/3327 1830/1719/3327
f 1866/1762/3328 1831/1720/3328 1769/1658/3328
f 1843/1735/3329 1787/1673/3329 1831/1720/3329
f 1867/1763/3330 1811/1696/3330 1820/1685/3330
f 1811/1696/3331 1857/1764/3331 1788/1674/3331
f 1857/1764/3332 1832/1721/3332 1788/1674/3332
f 1858/1746/3333 1868/1765/3333 1822/1698/3333
f 1868/1765/3334 61/1747/3334 1822/1698/3334
f 1870/1766/3335 1836/1727/3335 1825/1713/3335
f 1849/1740/3336 1793/1679/3336 1836/1727/3336
f 1860/1751/3337 1871/1752/3337 1754/1653/3337
f 1871/1752/3338 1872/1753/3338 1803/1705/3338
f 1815/1706/3339 1872/1753/3339 1826/1714/3339
f 1874/1767/3340 1804/1690/3340 1873/1754/3340
f 1861/1755/3341 1862/1756/3341 1805/1691/3341
f 1908/1768/3342 1827/1716/3342 1875/1757/3342
f 1876/1769/3343 1839/1730/3343 1852/1729/3343
f 1828/1717/3344 1808/1709/3344 1840/1731/3344
f 1828/1717/3345 1863/1758/3345 1818/1710/3345
f 1864/1759/3346 1877/1760/3346 1853/1732/3346
f 1854/1743/3347 1878/1770/3347 1786/1672/3347
f 1878/1770/3348 1829/1718/3348 1786/1672/3348
f 1878/1770/3349 1842/1734/3349 1829/1718/3349
f 1844/1736/3350 1879/1771/3350 1820/1685/3350
f 1879/1771/3351 1867/1763/3351 1820/1685/3351
f 1880/1772/3352 1845/1737/3352 1832/1721/3352
f 1845/1737/3353 1858/1746/3353 1821/1697/3353
f 1846/1738/3354 1882/1748/3354 1823/1723/3354
f 1833/1724/3355 1883/1773/3355 1824/1712/3355
f 1883/1773/3356 1847/1749/3356 1824/1712/3356
f 1847/1749/3357 1834/1725/3357 1824/1712/3357
f 1869/1774/3358 1835/1726/3358 1812/1701/3358
f 1869/1774/3359 1884/1775/3359 1835/1726/3359
f 1870/1766/3360 1849/1740/3360 1836/1727/3360
f 1885/1776/3361 1851/1742/3361 1794/1680/3361
f 1905/1777/3362 1860/1751/3362 1837/1704/3362
f 1872/1753/3363 1873/1754/3363 1826/1714/3363
f 1908/1768/3364 1852/1729/3364 1827/1716/3364
f 1886/1778/3365 1876/1769/3365 1852/1729/3365
f 1887/1779/3366 1768/1656/3366 1865/1761/3366
f 1887/1779/3367 1841/1733/3367 1768/1656/3367
f 1856/1745/3368 1866/1762/3368 1830/1719/3368
f 1866/1762/3369 1888/1780/3369 1831/1720/3369
f 1888/1780/3370 1843/1735/3370 1831/1720/3370
f 1880/1772/3371 1832/1721/3371 1857/1764/3371
f 62/1781/3372 61/1747/3372 1868/1765/3372
f 63/1782/3373 1846/1738/3373 60/1722/3373
f 63/1782/3374 1881/1783/3374 1846/1738/3374
f 1881/1783/3375 1882/1748/3375 1846/1738/3375
f 1889/1784/3376 1883/1773/3376 1833/1724/3376
f 1847/1749/3377 1869/1774/3377 1812/1701/3377
f 1890/1785/3378 1848/1739/3378 1835/1726/3378
f 1890/1785/3379 1825/1713/3379 1848/1739/3379
f 1825/1713/3380 1891/1786/3380 1870/1766/3380
f 1892/1787/3381 1800/1688/3381 1849/1740/3381
f 1892/1787/3382 1801/1689/3382 1800/1688/3382
f 1894/1788/3383 1873/1754/3383 1872/1753/3383
f 1917/1789/3384 1874/1767/3384 1873/1754/3384
f 1874/1767/3385 1861/1755/3385 1804/1690/3385
f 1838/1728/3386 1875/1757/3386 1817/1707/3386
f 1908/1768/3387 1886/1778/3387 1852/1729/3387
f 1895/1790/3388 1840/1731/3388 1839/1730/3388
f 1895/1790/3389 1828/1717/3389 1840/1731/3389
f 1910/1791/3390 1863/1758/3390 1828/1717/3390
f 1864/1759/3391 1897/1792/3391 1877/1760/3391
f 1878/1770/3392 1899/1793/3392 1842/1734/3392
f 1899/1793/3393 1855/1744/3393 1842/1734/3393
f 1900/1794/3394 1866/1762/3394 1856/1745/3394
f 1901/1795/3395 1844/1736/3395 1843/1735/3395
f 1901/1795/3396 1879/1771/3396 1844/1736/3396
f 1902/1796/3397 1811/1696/3397 1867/1763/3397
f 1902/1796/3398 1857/1764/3398 1811/1696/3398
f 1902/1796/3399 1880/1772/3399 1857/1764/3399
f 1912/1797/3400 1858/1746/3400 1845/1737/3400
f 1882/1748/3401 1889/1784/3401 1833/1724/3401
f 1903/1798/3402 1847/1749/3402 1883/1773/3402
f 1903/1798/3403 1869/1774/3403 1847/1749/3403
f 1884/1775/3404 1890/1785/3404 1835/1726/3404
f 1890/1785/3405 1891/1786/3405 1825/1713/3405
f 1916/1799/3406 1849/1740/3406 1870/1766/3406
f 1850/1741/3407 1885/1776/3407 1794/1680/3407
f 1885/1776/3408 1905/1777/3408 1851/1742/3408
f 1905/1777/3409 1837/1704/3409 1851/1742/3409
f 1905/1777/3410 1871/1752/3410 1860/1751/3410
f 1893/1800/3411 1872/1753/3411 1871/1752/3411
f 1907/1801/3412 1838/1728/3412 1862/1756/3412
f 1907/1801/3413 1875/1757/3413 1838/1728/3413
f 1907/1801/3414 1908/1768/3414 1875/1757/3414
f 1876/1769/3415 1909/1802/3415 1839/1730/3415
f 1839/1730/3416 1909/1802/3416 1895/1790/3416
f 1863/1758/3417 1896/1803/3417 1864/1759/3417
f 1896/1803/3418 1897/1792/3418 1864/1759/3418
f 1897/1792/3419 1865/1761/3419 1877/1760/3419
f 1898/1804/3420 1899/1793/3420 1878/1770/3420
f 1855/1744/3421 1911/1805/3421 1856/1745/3421
f 1879/1771/3422 1902/1796/3422 1867/1763/3422
f 1912/1797/3423 1845/1737/3423 1880/1772/3423
f 1912/1797/3424 1868/1765/3424 1858/1746/3424
f 1912/1797/3425 62/1781/3425 1868/1765/3425
f 63/1782/3426 65/1806/3426 1881/1783/3426
f 1881/1783/3427 1913/1807/3427 1882/1748/3427
f 1914/1808/3428 1883/1773/3428 1889/1784/3428
f 1903/1798/3429 1915/1809/3429 1869/1774/3429
f 1915/1809/3430 1904/1810/3430 1869/1774/3430
f 1904/1810/3431 1884/1775/3431 1869/1774/3431
f 1916/1799/3432 1892/1787/3432 1849/1740/3432
f 1801/1689/3433 1922/1811/3433 1859/1750/3433
f 1893/1800/3434 1894/1788/3434 1872/1753/3434
f 1874/1767/3435 1918/1812/3435 1861/1755/3435
f 1861/1755/3436 1906/1813/3436 1862/1756/3436
f 1910/1791/3437 1919/1814/3437 1863/1758/3437
f 1887/1779/3438 1920/1815/3438 1841/1733/3438
f 1854/1743/3439 1898/1804/3439 1878/1770/3439
f 1899/1793/3440 1911/1805/3440 1855/1744/3440
f 1911/1805/3441 1900/1794/3441 1856/1745/3441
f 1916/1799/3442 1870/1766/3442 1891/1786/3442
f 1916/1799/3443 1921/1816/3443 1892/1787/3443
f 1922/1811/3444 1801/1689/3444 1892/1787/3444
f 1859/1750/3445 1923/1817/3445 1850/1741/3445
f 1924/1818/3446 1905/1777/3446 1885/1776/3446
f 1894/1788/3447 1917/1789/3447 1873/1754/3447
f 1925/1819/3448 1886/1778/3448 1908/1768/3448
f 1926/1820/3449 1876/1769/3449 1886/1778/3449
f 1926/1820/3450 1909/1802/3450 1876/1769/3450
f 1895/1790/3451 1927/1821/3451 1828/1717/3451
f 1927/1821/3452 1910/1791/3452 1828/1717/3452
f 1919/1814/3453 1896/1803/3453 1863/1758/3453
f 1928/1822/3454 1841/1733/3454 1920/1815/3454
f 1929/1823/3455 1888/1780/3455 1866/1762/3455
f 1888/1780/3456 1930/1824/3456 1843/1735/3456
f 1931/1825/3457 1880/1772/3457 1902/1796/3457
f 1932/1826/3458 1912/1797/3458 1880/1772/3458
f 1912/1797/3459 64/1827/3459 62/1781/3459
f 1933/1828/3460 1913/1807/3460 1881/1783/3460
f 1934/1829/3461 1882/1748/3461 1913/1807/3461
f 1934/1829/3462 1935/1830/3462 1882/1748/3462
f 1935/1830/3463 1889/1784/3463 1882/1748/3463
f 1935/1830/3464 1914/1808/3464 1889/1784/3464
f 1935/1830/3465 1883/1773/3465 1914/1808/3465
f 1936/1831/3466 1890/1785/3466 1884/1775/3466
f 1937/1832/3467 1891/1786/3467 1890/1785/3467
f 1921/1816/3468 1922/1811/3468 1892/1787/3468
f 1960/1833/3469 1859/1750/3469 1922/1811/3469
f 1850/1741/3470 1938/1834/3470 1885/1776/3470
f 1893/1800/3471 1939/1835/3471 1894/1788/3471
f 1894/1788/3472 1874/1767/3472 1917/1789/3472
f 1918/1812/3473 1906/1813/3473 1861/1755/3473
f 1906/1813/3474 1907/1801/3474 1862/1756/3474
f 1907/1801/3475 1940/1836/3475 1908/1768/3475
f 1925/1819/3476 1926/1820/3476 1886/1778/3476
f 1897/1792/3477 1887/1779/3477 1865/1761/3477
f 1928/1822/3478 1942/1837/3478 1841/1733/3478
f 1942/1837/3479 1854/1743/3479 1841/1733/3479
f 1943/1838/3480 1899/1793/3480 1898/1804/3480
f 1943/1838/3481 1911/1805/3481 1899/1793/3481
f 1943/1838/3482 1944/1839/3482 1911/1805/3482
f 1911/1805/3483 1866/1762/3483 1900/1794/3483
f 1911/1805/3484 1929/1823/3484 1866/1762/3484
f 1930/1824/3485 1901/1795/3485 1843/1735/3485
f 1945/1840/3486 1879/1771/3486 1901/1795/3486
f 1946/1841/3487 1902/1796/3487 1879/1771/3487
f 1948/1842/3488 64/1827/3488 1912/1797/3488
f 65/1806/3489 1933/1828/3489 1881/1783/3489
f 1935/1830/3490 1949/1843/3490 1883/1773/3490
f 1950/1844/3491 1903/1798/3491 1883/1773/3491
f 1950/1844/3492 1915/1809/3492 1903/1798/3492
f 1904/1810/3493 1936/1831/3493 1884/1775/3493
f 1936/1831/3494 1937/1832/3494 1890/1785/3494
f 1937/1832/3495 1916/1799/3495 1891/1786/3495
f 1937/1832/3496 1951/1845/3496 1916/1799/3496
f 1960/1833/3497 1923/1817/3497 1859/1750/3497
f 1938/1834/3498 1924/1818/3498 1885/1776/3498
f 1905/1777/3499 1952/1846/3499 1871/1752/3499
f 1952/1846/3500 1893/1800/3500 1871/1752/3500
f 1952/1846/3501 1939/1835/3501 1893/1800/3501
f 1953/1847/3502 1906/1813/3502 1918/1812/3502
f 1954/1848/3503 1909/1802/3503 1926/1820/3503
f 1896/1803/3504 1887/1779/3504 1897/1792/3504
f 1896/1803/3505 1941/1849/3505 1887/1779/3505
f 1941/1849/3506 1920/1815/3506 1887/1779/3506
f 1854/1743/3507 1955/1850/3507 1898/1804/3507
f 1944/1839/3508 1929/1823/3508 1911/1805/3508
f 1931/1825/3509 1902/1796/3509 1946/1841/3509
f 1931/1825/3510 1947/1851/3510 1880/1772/3510
f 1947/1851/3511 1932/1826/3511 1880/1772/3511
f 1932/1826/3512 1948/1842/3512 1912/1797/3512
f 1948/1842/3513 66/1852/3513 64/1827/3513
f 68/1853/3514 1933/1828/3514 65/1806/3514
f 1913/1807/3515 1956/1854/3515 1934/1829/3515
f 1949/1843/3516 1950/1844/3516 1883/1773/3516
f 1950/1844/3517 1957/1855/3517 1915/1809/3517
f 1957/1855/3518 1936/1831/3518 1904/1810/3518
f 1958/1856/3519 1937/1832/3519 1936/1831/3519
f 1951/1845/3520 1959/1857/3520 1916/1799/3520
f 1959/1857/3521 1921/1816/3521 1916/1799/3521
f 1961/1858/3522 1952/1846/3522 1905/1777/3522
f 1962/1859/3523 1918/1812/3523 1874/1767/3523
f 1984/1860/3524 1926/1820/3524 1925/1819/3524
f 1954/1848/3525 1895/1790/3525 1909/1802/3525
f 1954/1848/3526 1964/1861/3526 1895/1790/3526
f 1964/1861/3527 1927/1821/3527 1895/1790/3527
f 1927/1821/3528 1965/1862/3528 1910/1791/3528
f 1965/1862/3529 1919/1814/3529 1910/1791/3529
f 1941/1849/3530 1928/1822/3530 1920/1815/3530
f 1966/1863/3531 1854/1743/3531 1942/1837/3531
f 1966/1863/3532 1955/1850/3532 1854/1743/3532
f 1967/1864/3533 1898/1804/3533 1955/1850/3533
f 1943/1838/3534 1968/1865/3534 1944/1839/3534
f 1929/1823/3535 1969/1866/3535 1888/1780/3535
f 1969/1866/3536 1930/1824/3536 1888/1780/3536
f 1930/1824/3537 1945/1840/3537 1901/1795/3537
f 1970/1867/3538 1879/1771/3538 1945/1840/3538
f 1970/1867/3539 1946/1841/3539 1879/1771/3539
f 1980/1868/3540 1971/1869/3540 1931/1825/3540
f 1933/1828/3541 1956/1854/3541 1913/1807/3541
f 1957/1855/3542 1904/1810/3542 1915/1809/3542
f 1972/1870/3543 1936/1831/3543 1957/1855/3543
f 1972/1870/3544 1958/1856/3544 1936/1831/3544
f 1959/1857/3545 1922/1811/3545 1921/1816/3545
f 1924/1818/3546 1973/1871/3546 1905/1777/3546
f 1961/1858/3547 1905/1777/3547 1973/1871/3547
f 1974/1872/3548 1874/1767/3548 1894/1788/3548
f 1953/1847/3549 1975/1873/3549 1906/1813/3549
f 1975/1873/3550 1907/1801/3550 1906/1813/3550
f 1975/1873/3551 1976/1874/3551 1907/1801/3551
f 1984/1860/3552 1963/1875/3552 1926/1820/3552
f 1963/1875/3553 1954/1848/3553 1926/1820/3553
f 1965/1862/3554 1977/1876/3554 1919/1814/3554
f 1977/1876/3555 1896/1803/3555 1919/1814/3555
f 1941/1849/3556 1978/1877/3556 1928/1822/3556
f 1978/1877/3557 1942/1837/3557 1928/1822/3557
f 1967/1864/3558 1943/1838/3558 1898/1804/3558
f 1979/1878/3559 1929/1823/3559 1944/1839/3559
f 1971/1869/3560 1947/1851/3560 1931/1825/3560
f 1981/1879/3561 1957/1855/3561 1950/1844/3561
f 1982/1880/3562 1939/1835/3562 1952/1846/3562
f 1939/1835/3563 1974/1872/3563 1894/1788/3563
f 1974/1872/3564 1962/1859/3564 1874/1767/3564
f 1983/1881/3565 1953/1847/3565 1918/1812/3565
f 1976/1874/3566 1940/1836/3566 1907/1801/3566
f 1940/1836/3567 1984/1860/3567 1908/1768/3567
f 1984/1860/3568 1925/1819/3568 1908/1768/3568
f 1985/1882/3569 1963/1875/3569 1984/1860/3569
f 2013/1883/3570 1964/1861/3570 1954/1848/3570
f 2013/1883/3571 1986/1884/3571 1964/1861/3571
f 1987/1885/3572 1978/1877/3572 1941/1849/3572
f 1978/1877/3573 1966/1863/3573 1942/1837/3573
f 1968/1865/3574 1979/1878/3574 1944/1839/3574
f 1979/1878/3575 1969/1866/3575 1929/1823/3575
f 2003/1886/3576 1931/1825/3576 1946/1841/3576
f 2003/1886/3577 1988/1887/3577 1931/1825/3577
f 1988/1887/3578 1980/1868/3578 1931/1825/3578
f 1988/1887/3579 1971/1869/3579 1980/1868/3579
f 1989/1888/3580 1934/1829/3580 1956/1854/3580
f 1934/1829/3581 1949/1843/3581 1935/1830/3581
f 1990/1889/3582 1950/1844/3582 1949/1843/3582
f 1991/1890/3583 1981/1879/3583 1950/1844/3583
f 1992/1891/3584 1957/1855/3584 1981/1879/3584
f 1958/1856/3585 1993/1892/3585 1937/1832/3585
f 1993/1892/3586 1951/1845/3586 1937/1832/3586
f 1959/1857/3587 1994/1893/3587 1922/1811/3587
f 1994/1893/3588 1960/1833/3588 1922/1811/3588
f 1995/1894/3589 1938/1834/3589 1850/1741/3589
f 1995/1894/3590 1924/1818/3590 1938/1834/3590
f 2011/1895/3591 1962/1859/3591 1974/1872/3591
f 1962/1859/3592 1983/1881/3592 1918/1812/3592
f 1997/1896/3593 1954/1848/3593 1963/1875/3593
f 1998/1897/3594 1965/1862/3594 1927/1821/3594
f 1999/1898/3595 1977/1876/3595 1965/1862/3595
f 2001/1899/3596 1945/1840/3596 1930/1824/3596
f 2001/1899/3597 2002/1900/3597 1945/1840/3597
f 2002/1900/3598 1970/1867/3598 1945/1840/3598
f 1970/1867/3599 2003/1886/3599 1946/1841/3599
f 2004/1901/3600 1947/1851/3600 1971/1869/3600
f 1947/1851/3601 2005/1902/3601 1932/1826/3601
f 2005/1902/3602 1948/1842/3602 1932/1826/3602
f 1948/1842/3603 67/1903/3603 66/1852/3603
f 2006/1904/3604 1933/1828/3604 68/1853/3604
f 2006/1904/3605 1956/1854/3605 1933/1828/3605
f 1989/1888/3606 1949/1843/3606 1934/1829/3606
f 1989/1888/3607 1990/1889/3607 1949/1843/3607
f 1990/1889/3608 1991/1890/3608 1950/1844/3608
f 2007/1905/3609 1981/1879/3609 1991/1890/3609
f 2007/1905/3610 1992/1891/3610 1981/1879/3610
f 1992/1891/3611 2008/1906/3611 1957/1855/3611
f 2008/1906/3612 1972/1870/3612 1957/1855/3612
f 2009/1907/3613 1958/1856/3613 1972/1870/3613
f 2038/1908/3614 2010/1909/3614 1923/1817/3614
f 2010/1909/3615 1850/1741/3615 1923/1817/3615
f 1996/1910/3616 1952/1846/3616 1961/1858/3616
f 2021/1911/3617 1982/1880/3617 1952/1846/3617
f 1982/1880/3618 1974/1872/3618 1939/1835/3618
f 1983/1881/3619 1975/1873/3619 1953/1847/3619
f 2027/1912/3620 1984/1860/3620 1940/1836/3620
f 2012/1913/3621 1985/1882/3621 1984/1860/3621
f 1997/1896/3622 2013/1883/3622 1954/1848/3622
f 1964/1861/3623 1998/1897/3623 1927/1821/3623
f 1998/1897/3624 1999/1898/3624 1965/1862/3624
f 1896/1803/3625 1977/1876/3625 1941/1849/3625
f 1977/1876/3626 2014/1914/3626 1941/1849/3626
f 2014/1914/3627 1987/1885/3627 1941/1849/3627
f 2015/1915/3628 1955/1850/3628 1966/1863/3628
f 1967/1864/3629 1968/1865/3629 1943/1838/3629
f 1967/1864/3630 2000/1916/3630 1968/1865/3630
f 2034/1917/3631 1969/1866/3631 1979/1878/3631
f 2001/1899/3632 1930/1824/3632 1969/1866/3632
f 2016/1918/3633 1970/1867/3633 2002/1900/3633
f 2016/1918/3634 2003/1886/3634 1970/1867/3634
f 1948/1842/3635 69/1919/3635 67/1903/3635
f 1956/1854/3636 2006/1904/3636 1989/1888/3636
f 1993/1892/3637 2018/1920/3637 1951/1845/3637
f 1951/1845/3638 2019/1921/3638 1959/1857/3638
f 2019/1921/3639 1994/1893/3639 1959/1857/3639
f 2010/1909/3640 1995/1894/3640 1850/1741/3640
f 2020/1922/3641 1973/1871/3641 1924/1818/3641
f 1973/1871/3642 1996/1910/3642 1961/1858/3642
f 1996/1910/3643 2021/1911/3643 1952/1846/3643
f 2022/1923/3644 1974/1872/3644 1982/1880/3644
f 2022/1923/3645 2011/1895/3645 1974/1872/3645
f 2023/1924/3646 1962/1859/3646 2011/1895/3646
f 2024/1925/3647 1975/1873/3647 1983/1881/3647
f 2026/1926/3648 1940/1836/3648 1976/1874/3648
f 2026/1926/3649 2027/1912/3649 1940/1836/3649
f 2027/1912/3650 2028/1927/3650 1984/1860/3650
f 2028/1927/3651 2012/1913/3651 1984/1860/3651
f 1985/1882/3652 2029/1928/3652 1963/1875/3652
f 2029/1928/3653 1997/1896/3653 1963/1875/3653
f 2030/1929/3654 1986/1884/3654 2013/1883/3654
f 1964/1861/3655 2031/1930/3655 1998/1897/3655
f 1987/1885/3656 1966/1863/3656 1978/1877/3656
f 2032/1931/3657 1955/1850/3657 2015/1915/3657
f 2032/1931/3658 2033/1932/3658 1955/1850/3658
f 2033/1932/3659 1967/1864/3659 1955/1850/3659
f 2000/1916/3660 2034/1917/3660 1968/1865/3660
f 2034/1917/3661 1979/1878/3661 1968/1865/3661
f 2001/1899/3662 2043/1933/3662 2002/1900/3662
f 1988/1887/3663 2004/1901/3663 1971/1869/3663
f 2004/1901/3664 2035/1934/3664 1947/1851/3664
f 2036/1935/3665 2005/1902/3665 1947/1851/3665
f 2037/1936/3666 1948/1842/3666 2005/1902/3666
f 2037/1936/3667 69/1919/3667 1948/1842/3667
f 2008/1906/3668 2009/1907/3668 1972/1870/3668
f 2009/1907/3669 2017/1937/3669 1958/1856/3669
f 2017/1937/3670 1993/1892/3670 1958/1856/3670
f 2018/1920/3671 2019/1921/3671 1951/1845/3671
f 1994/1893/3672 2058/1938/3672 1960/1833/3672
f 2038/1908/3673 1923/1817/3673 1960/1833/3673
f 1995/1894/3674 2020/1922/3674 1924/1818/3674
f 2011/1895/3675 2039/1939/3675 2023/1924/3675
f 2024/1925/3676 1976/1874/3676 1975/1873/3676
f 2025/1940/3677 2026/1926/3677 1976/1874/3677
f 1986/1884/3678 2031/1930/3678 1964/1861/3678
f 2014/1914/3679 2040/1941/3679 1987/1885/3679
f 2040/1941/3680 2041/1942/3680 1987/1885/3680
f 2041/1942/3681 1966/1863/3681 1987/1885/3681
f 2034/1917/3682 2042/1943/3682 1969/1866/3682
f 2042/1943/3683 2001/1899/3683 1969/1866/3683
f 2043/1933/3684 2044/1944/3684 2002/1900/3684
f 2044/1944/3685 2016/1918/3685 2002/1900/3685
f 2016/1918/3686 2055/1945/3686 2003/1886/3686
f 2055/1945/3687 2045/1946/3687 2003/1886/3687
f 2045/1946/3688 1988/1887/3688 2003/1886/3688
f 2035/1934/3689 2036/1935/3689 1947/1851/3689
f 70/1947/3690 2006/1904/3690 68/1853/3690
f 2046/1948/3691 1991/1890/3691 1990/1889/3691
f 2047/1949/3692 2008/1906/3692 1992/1891/3692
f 2048/1950/3693 1993/1892/3693 2017/1937/3693
f 2019/1921/3694 2068/1951/3694 1994/1893/3694
f 2058/1938/3695 2038/1908/3695 1960/1833/3695
f 1973/1871/3696 2049/1952/3696 1996/1910/3696
f 2050/1953/3697 2022/1923/3697 1982/1880/3697
f 2023/1924/3698 2051/1954/3698 1962/1859/3698
f 2051/1954/3699 1983/1881/3699 1962/1859/3699
f 2051/1954/3700 2024/1925/3700 1983/1881/3700
f 2024/1925/3701 2025/1940/3701 1976/1874/3701
f 2028/1927/3702 1985/1882/3702 2012/1913/3702
f 2030/1929/3703 2013/1883/3703 1997/1896/3703
f 2052/1955/3704 1999/1898/3704 1998/1897/3704
f 2041/1942/3705 2015/1915/3705 1966/1863/3705
f 2041/1942/3706 2032/1931/3706 2015/1915/3706
f 2053/1956/3707 1967/1864/3707 2033/1932/3707
f 2054/1957/3708 2042/1943/3708 2034/1917/3708
f 2043/1933/3709 2001/1899/3709 2042/1943/3709
f 2036/1935/3710 2037/1936/3710 2005/1902/3710
f 2037/1936/3711 71/1958/3711 69/1919/3711
f 70/1947/3712 72/1959/3712 2006/1904/3712
f 2056/1960/3713 1989/1888/3713 2006/1904/3713
f 1989/1888/3714 2046/1948/3714 1990/1889/3714
f 2047/1949/3715 1992/1891/3715 2007/1905/3715
f 2067/1961/3716 2017/1937/3716 2009/1907/3716
f 2067/1961/3717 2048/1950/3717 2017/1937/3717
f 2048/1950/3718 2057/1962/3718 1993/1892/3718
f 2057/1962/3719 2018/1920/3719 1993/1892/3719
f 2059/1963/3720 2020/1922/3720 1995/1894/3720
f 2049/1952/3721 2021/1911/3721 1996/1910/3721
f 2026/1926/3722 2060/1964/3722 2027/1912/3722
f 2061/1965/3723 1986/1884/3723 2030/1929/3723
f 2061/1965/3724 2031/1930/3724 1986/1884/3724
f 2031/1930/3725 2062/1966/3725 1998/1897/3725
f 1999/1898/3726 2014/1914/3726 1977/1876/3726
f 2053/1956/3727 2063/1967/3727 1967/1864/3727
f 2063/1967/3728 2000/1916/3728 1967/1864/3728
f 2064/1968/3729 2034/1917/3729 2000/1916/3729
f 2064/1968/3730 2054/1957/3730 2034/1917/3730
f 2054/1957/3731 2043/1933/3731 2042/1943/3731
f 2044/1944/3732 2055/1945/3732 2016/1918/3732
f 72/1959/3733 2056/1960/3733 2006/1904/3733
f 2046/1948/3734 2065/1969/3734 1991/1890/3734
f 2065/1969/3735 2007/1905/3735 1991/1890/3735
f 2065/1969/3736 2066/1970/3736 2007/1905/3736
f 2066/1970/3737 2047/1949/3737 2007/1905/3737
f 2047/1949/3738 2009/1907/3738 2008/1906/3738
f 2018/1920/3739 2068/1951/3739 2019/1921/3739
f 2020/1922/3740 2069/1971/3740 1973/1871/3740
f 2069/1971/3741 2049/1952/3741 1973/1871/3741
f 2100/1972/3742 2070/1973/3742 1982/1880/3742
f 2022/1923/3743 2039/1939/3743 2011/1895/3743
f 2024/1925/3744 2085/1974/3744 2025/1940/3744
f 2085/1974/3745 2026/1926/3745 2025/1940/3745
f 2061/1965/3746 2062/1966/3746 2031/1930/3746
f 2062/1966/3747 2052/1955/3747 1998/1897/3747
f 2071/1975/3748 2040/1941/3748 2014/1914/3748
f 2072/1976/3749 2041/1942/3749 2040/1941/3749
f 2041/1942/3750 2073/1977/3750 2032/1931/3750
f 2063/1967/3751 2074/1978/3751 2000/1916/3751
f 2054/1957/3752 2075/1979/3752 2043/1933/3752
f 2076/1980/3753 1988/1887/3753 2045/1946/3753
f 2077/1981/3754 2004/1901/3754 1988/1887/3754
f 2078/1982/3755 2046/1948/3755 1989/1888/3755
f 2079/1983/3756 2065/1969/3756 2046/1948/3756
f 2080/1984/3757 2009/1907/3757 2047/1949/3757
f 2080/1984/3758 2067/1961/3758 2009/1907/3758
f 2067/1961/3759 2081/1985/3759 2048/1950/3759
f 2068/1951/3760 2097/1986/3760 1994/1893/3760
f 2082/1987/3761 2058/1938/3761 1994/1893/3761
f 2082/1987/3762 2038/1908/3762 2058/1938/3762
f 2083/1988/3763 2059/1963/3763 1995/1894/3763
f 2100/1972/3764 1982/1880/3764 2021/1911/3764
f 2070/1973/3765 2050/1953/3765 1982/1880/3765
f 2084/1989/3766 2023/1924/3766 2039/1939/3766
f 2085/1974/3767 2060/1964/3767 2026/1926/3767
f 2028/1927/3768 2086/1990/3768 1985/1882/3768
f 2086/1990/3769 2029/1928/3769 1985/1882/3769
f 2087/1991/3770 1997/1896/3770 2029/1928/3770
f 2088/1992/3771 2089/1993/3771 1997/1896/3771
f 2089/1993/3772 2030/1929/3772 1997/1896/3772
f 2090/1994/3773 2014/1914/3773 1999/1898/3773
f 2071/1975/3774 2072/1976/3774 2040/1941/3774
f 2073/1977/3775 2091/1995/3775 2032/1931/3775
f 2091/1995/3776 2033/1932/3776 2032/1931/3776
f 2043/1933/3777 2092/1996/3777 2044/1944/3777
f 2093/1997/3778 2045/1946/3778 2055/1945/3778
f 2077/1981/3779 1988/1887/3779 2076/1980/3779
f 2077/1981/3780 2035/1934/3780 2004/1901/3780
f 2094/1998/3781 2036/1935/3781 2035/1934/3781
f 2095/1999/3782 2037/1936/3782 2036/1935/3782
f 2095/1999/3783 71/1958/3783 2037/1936/3783
f 2095/1999/3784 73/2000/3784 71/1958/3784
f 2056/1960/3785 2078/1982/3785 1989/1888/3785
f 2078/1982/3786 2079/1983/3786 2046/1948/3786
f 2096/2001/3787 2081/1985/3787 2067/1961/3787
f 2048/1950/3788 2081/1985/3788 2057/1962/3788
f 2097/1986/3789 2082/1987/3789 1994/1893/3789
f 2098/2002/3790 2010/1909/3790 2038/1908/3790
f 2059/1963/3791 2099/2003/3791 2020/1922/3791
f 2099/2003/3792 2069/1971/3792 2020/1922/3792
f 2049/1952/3793 2100/1972/3793 2021/1911/3793
f 2070/1973/3794 2022/1923/3794 2050/1953/3794
f 2101/2004/3795 2039/1939/3795 2022/1923/3795
f 2084/1989/3796 2051/1954/3796 2023/1924/3796
f 2084/1989/3797 2126/2005/3797 2051/1954/3797
f 2126/2005/3798 2102/2006/3798 2051/1954/3798
f 2102/2006/3799 2024/1925/3799 2051/1954/3799
f 2102/2006/3800 2103/2007/3800 2024/1925/3800
f 2103/2007/3801 2085/1974/3801 2024/1925/3801
f 2114/2008/3802 2060/1964/3802 2085/1974/3802
f 2060/1964/3803 2028/1927/3803 2027/1912/3803
f 2086/1990/3804 2087/1991/3804 2029/1928/3804
f 2087/1991/3805 2088/1992/3805 1997/1896/3805
f 2104/2009/3806 2061/1965/3806 2030/1929/3806
f 2052/1955/3807 2090/1994/3807 1999/1898/3807
f 2090/1994/3808 2071/1975/3808 2014/1914/3808
f 2072/1976/3809 2073/1977/3809 2041/1942/3809
f 2091/1995/3810 2105/2010/3810 2033/1932/3810
f 2105/2010/3811 2053/1956/3811 2033/1932/3811
f 2105/2010/3812 2063/1967/3812 2053/1956/3812
f 2064/1968/3813 2131/2011/3813 2054/1957/3813
f 2075/1979/3814 2092/1996/3814 2043/1933/3814
f 2092/1996/3815 2106/2012/3815 2044/1944/3815
f 2106/2012/3816 2055/1945/3816 2044/1944/3816
f 2106/2012/3817 2093/1997/3817 2055/1945/3817
f 2076/1980/3818 2119/2013/3818 2077/1981/3818
f 2107/2014/3819 2078/1982/3819 2056/1960/3819
f 2066/1970/3820 2080/1984/3820 2047/1949/3820
f 2080/1984/3821 2096/2001/3821 2067/1961/3821
f 2108/2015/3822 2038/1908/3822 2082/1987/3822
f 2109/2016/3823 1995/1894/3823 2010/1909/3823
f 2110/2017/3824 2049/1952/3824 2069/1971/3824
f 2110/2017/3825 2100/1972/3825 2049/1952/3825
f 2111/2018/3826 2070/1973/3826 2100/1972/3826
f 2101/2004/3827 2112/2019/3827 2039/1939/3827
f 2112/2019/3828 2084/1989/3828 2039/1939/3828
f 2113/2020/3829 2114/2008/3829 2085/1974/3829
f 2060/1964/3830 2128/2021/3830 2028/1927/3830
f 2061/1965/3831 2129/2022/3831 2062/1966/3831
f 2115/2023/3832 2052/1955/3832 2062/1966/3832
f 2072/1976/3833 2116/2024/3833 2073/1977/3833
f 2105/2010/3834 2074/1978/3834 2063/1967/3834
f 2117/2025/3835 2064/1968/3835 2000/1916/3835
f 2118/2026/3836 2076/1980/3836 2045/1946/3836
f 2118/2026/3837 2119/2013/3837 2076/1980/3837
f 2094/1998/3838 2095/1999/3838 2036/1935/3838
f 2095/1999/3839 2120/2027/3839 73/2000/3839
f 2121/2028/3840 2078/1982/3840 2107/2014/3840
f 2079/1983/3841 2122/2029/3841 2065/1969/3841
f 2122/2029/3842 2066/1970/3842 2065/1969/3842
f 2122/2029/3843 2080/1984/3843 2066/1970/3843
f 2057/1962/3844 2123/2030/3844 2018/1920/3844
f 2018/1920/3845 2124/2031/3845 2068/1951/3845
f 2108/2015/3846 2098/2002/3846 2038/1908/3846
f 2083/1988/3847 2099/2003/3847 2059/1963/3847
f 2110/2017/3848 2111/2018/3848 2100/1972/3848
f 2125/2032/3849 2022/1923/3849 2070/1973/3849
f 2125/2032/3850 2101/2004/3850 2022/1923/3850
f 2103/2007/3851 2127/2033/3851 2085/1974/3851
f 2127/2033/3852 2113/2020/3852 2085/1974/3852
f 2128/2021/3853 2086/1990/3853 2028/1927/3853
f 2104/2009/3854 2030/1929/3854 2089/1993/3854
f 2129/2022/3855 2061/1965/3855 2104/2009/3855
f 2115/2023/3856 2090/1994/3856 2052/1955/3856
f 2090/1994/3857 2130/2034/3857 2071/1975/3857
f 2071/1975/3858 2116/2024/3858 2072/1976/3858
f 2074/1978/3859 2117/2025/3859 2000/1916/3859
f 2117/2025/3860 2131/2011/3860 2064/1968/3860
f 2131/2011/3861 2075/1979/3861 2054/1957/3861
f 2131/2011/3862 2132/2035/3862 2075/1979/3862
f 2132/2035/3863 2092/1996/3863 2075/1979/3863
f 2119/2013/3864 2133/2036/3864 2077/1981/3864
f 2133/2036/3865 2035/1934/3865 2077/1981/3865
f 2133/2036/3866 2094/1998/3866 2035/1934/3866
f 74/2037/3867 76/2038/3867 72/1959/3867
f 76/2038/3868 2056/1960/3868 72/1959/3868
f 76/2038/3869 2107/2014/3869 2056/1960/3869
f 2122/2029/3870 2135/2039/3870 2080/1984/3870
f 2135/2039/3871 2096/2001/3871 2080/1984/3871
f 2136/2040/3872 2081/1985/3872 2096/2001/3872
f 2123/2030/3873 2057/1962/3873 2081/1985/3873
f 2137/2041/3874 2097/1986/3874 2068/1951/3874
f 2137/2041/3875 2138/2042/3875 2097/1986/3875
f 2109/2016/3876 2083/1988/3876 1995/1894/3876
f 2099/2003/3877 2139/2043/3877 2069/1971/3877
f 2139/2043/3878 2110/2017/3878 2069/1971/3878
f 2112/2019/3879 2140/2044/3879 2084/1989/3879
f 2140/2044/3880 2126/2005/3880 2084/1989/3880
f 2114/2008/3881 2128/2021/3881 2060/1964/3881
f 2086/1990/3882 2088/1992/3882 2087/1991/3882
f 2141/2045/3883 2090/1994/3883 2115/2023/3883
f 2116/2024/3884 2091/1995/3884 2073/1977/3884
f 2132/2035/3885 2156/2046/3885 2092/1996/3885
f 2142/2047/3886 2045/1946/3886 2093/1997/3886
f 2142/2047/3887 2119/2013/3887 2118/2026/3887
f 2143/2048/3888 2133/2036/3888 2119/2013/3888
f 2144/2049/3889 2134/2050/3889 2094/1998/3889
f 2121/2028/3890 2079/1983/3890 2078/1982/3890
f 2079/1983/3891 2145/2051/3891 2122/2029/3891
f 2136/2040/3892 2146/2052/3892 2081/1985/3892
f 2147/2053/3893 2123/2030/3893 2081/1985/3893
f 2123/2030/3894 2124/2031/3894 2018/1920/3894
f 2138/2042/3895 2082/1987/3895 2097/1986/3895
f 2148/2054/3896 2108/2015/3896 2082/1987/3896
f 2098/2002/3897 2149/2055/3897 2010/1909/3897
f 2149/2055/3898 2109/2016/3898 2010/1909/3898
f 2163/2056/3899 2070/1973/3899 2111/2018/3899
f 2163/2056/3900 2125/2032/3900 2070/1973/3900
f 2150/2057/3901 2103/2007/3901 2102/2006/3901
f 2114/2008/3902 2151/2058/3902 2128/2021/3902
f 2088/1992/3903 2152/2059/3903 2089/1993/3903
f 2152/2059/3904 2104/2009/3904 2089/1993/3904
f 2141/2045/3905 2130/2034/3905 2090/1994/3905
f 2167/2060/3906 2116/2024/3906 2071/1975/3906
f 2155/2061/3907 2074/1978/3907 2105/2010/3907
f 2092/1996/3908 2158/2062/3908 2106/2012/3908
f 2158/2062/3909 2093/1997/3909 2106/2012/3909
f 2142/2047/3910 2118/2026/3910 2045/1946/3910
f 2134/2050/3911 2095/1999/3911 2094/1998/3911
f 2134/2050/3912 2159/2063/3912 2095/1999/3912
f 2120/2027/3913 75/2064/3913 73/2000/3913
f 2160/2065/3914 2079/1983/3914 2121/2028/3914
f 2160/2065/3915 2145/2051/3915 2079/1983/3915
f 2146/2052/3916 2147/2053/3916 2081/1985/3916
f 2137/2041/3917 2068/1951/3917 2124/2031/3917
f 2138/2042/3918 2148/2054/3918 2082/1987/3918
f 2139/2043/3919 2161/2066/3919 2110/2017/3919
f 2161/2066/3920 2162/2067/3920 2110/2017/3920
f 2162/2067/3921 2111/2018/3921 2110/2017/3921
f 2140/2044/3922 2102/2006/3922 2126/2005/3922
f 2150/2057/3923 2127/2033/3923 2103/2007/3923
f 2164/2068/3924 2086/1990/3924 2128/2021/3924
f 2165/2069/3925 2152/2059/3925 2088/1992/3925
f 2152/2059/3926 2153/2070/3926 2104/2009/3926
f 2153/2070/3927 2154/2071/3927 2104/2009/3927
f 2154/2071/3928 2129/2022/3928 2104/2009/3928
f 2154/2071/3929 2166/2072/3929 2129/2022/3929
f 2166/2072/3930 2062/1966/3930 2129/2022/3930
f 2130/2034/3931 2167/2060/3931 2071/1975/3931
f 2189/2073/3932 2116/2024/3932 2167/2060/3932
f 2116/2024/3933 2105/2010/3933 2091/1995/3933
f 2155/2061/3934 2168/2074/3934 2074/1978/3934
f 2168/2074/3935 2117/2025/3935 2074/1978/3935
f 2169/2075/3936 2131/2011/3936 2117/2025/3936
f 2157/2076/3937 2158/2062/3937 2092/1996/3937
f 2142/2047/3938 2093/1997/3938 2158/2062/3938
f 2142/2047/3939 2143/2048/3939 2119/2013/3939
f 2133/2036/3940 2144/2049/3940 2094/1998/3940
f 2159/2063/3941 2120/2027/3941 2095/1999/3941
f 2195/2077/3942 2121/2028/3942 2107/2014/3942
f 2181/2078/3943 2122/2029/3943 2145/2051/3943
f 2135/2039/3944 2136/2040/3944 2096/2001/3944
f 2147/2053/3945 2124/2031/3945 2123/2030/3945
f 2171/2079/3946 2098/2002/3946 2108/2015/3946
f 2172/2080/3947 2083/1988/3947 2109/2016/3947
f 2083/1988/3948 2172/2080/3948 2099/2003/3948
f 2162/2067/3949 2163/2056/3949 2111/2018/3949
f 2173/2081/3950 2101/2004/3950 2125/2032/3950
f 2151/2058/3951 2114/2008/3951 2113/2020/3951
f 2151/2058/3952 2164/2068/3952 2128/2021/3952
f 2086/1990/3953 2165/2069/3953 2088/1992/3953
f 2166/2072/3954 2175/2082/3954 2062/1966/3954
f 2175/2082/3955 2115/2023/3955 2062/1966/3955
f 2156/2046/3956 2157/2076/3956 2092/1996/3956
f 2178/2083/3957 2133/2036/3957 2143/2048/3957
f 2178/2083/3958 2179/2084/3958 2133/2036/3958
f 2159/2063/3959 2180/2085/3959 2120/2027/3959
f 2120/2027/3960 2180/2085/3960 75/2064/3960
f 2180/2085/3961 77/2086/3961 75/2064/3961
f 2181/2078/3962 2145/2051/3962 2160/2065/3962
f 2182/2087/3963 2122/2029/3963 2181/2078/3963
f 2183/2088/3964 2138/2042/3964 2137/2041/3964
f 2183/2088/3965 2148/2054/3965 2138/2042/3965
f 2148/2054/3966 2171/2079/3966 2108/2015/3966
f 2171/2079/3967 2149/2055/3967 2098/2002/3967
f 2172/2080/3968 2184/2089/3968 2099/2003/3968
f 2184/2089/3969 2139/2043/3969 2099/2003/3969
f 2174/2090/3970 2101/2004/3970 2173/2081/3970
f 2174/2090/3971 2112/2019/3971 2101/2004/3971
f 2186/2091/3972 2112/2019/3972 2174/2090/3972
f 2186/2091/3973 2140/2044/3973 2112/2019/3973
f 2127/2033/3974 2187/2092/3974 2113/2020/3974
f 2187/2092/3975 2151/2058/3975 2113/2020/3975
f 2115/2023/3976 2176/2093/3976 2141/2045/3976
f 2141/2045/3977 2188/2094/3977 2130/2034/3977
f 2189/2073/3978 2190/2095/3978 2116/2024/3978
f 2190/2095/3979 2105/2010/3979 2116/2024/3979
f 2190/2095/3980 2177/2096/3980 2105/2010/3980
f 2177/2096/3981 2155/2061/3981 2105/2010/3981
f 2168/2074/3982 2169/2075/3982 2117/2025/3982
f 2169/2075/3983 2191/2097/3983 2131/2011/3983
f 2191/2097/3984 2132/2035/3984 2131/2011/3984
f 2157/2076/3985 2192/2098/3985 2158/2062/3985
f 2192/2098/3986 2142/2047/3986 2158/2062/3986
f 2192/2098/3987 2193/2099/3987 2142/2047/3987
f 2194/2100/3988 2143/2048/3988 2142/2047/3988
f 2179/2084/3989 2144/2049/3989 2133/2036/3989
f 76/2038/3990 2195/2077/3990 2107/2014/3990
f 2196/2101/3991 2160/2065/3991 2121/2028/3991
f 2182/2087/3992 2135/2039/3992 2122/2029/3992
f 2147/2053/3993 2198/2102/3993 2124/2031/3993
f 2124/2031/3994 2183/2088/3994 2137/2041/3994
f 2199/2103/3995 2171/2079/3995 2148/2054/3995
f 2171/2079/3996 2200/2104/3996 2149/2055/3996
f 2162/2067/3997 2185/2105/3997 2163/2056/3997
f 2185/2105/3998 2125/2032/3998 2163/2056/3998
f 2102/2006/3999 2201/2106/3999 2150/2057/3999
f 2150/2057/4000 2187/2092/4000 2127/2033/4000
f 2151/2058/4001 2211/2107/4001 2164/2068/4001
f 2165/2069/4002 2202/2108/4002 2152/2059/4002
f 2203/2109/4003 2166/2072/4003 2154/2071/4003
f 2175/2082/4004 2176/2093/4004 2115/2023/4004
f 2176/2093/4005 2188/2094/4005 2141/2045/4005
f 2130/2034/4006 2204/2110/4006 2167/2060/4006
f 2204/2110/4007 2189/2073/4007 2167/2060/4007
f 2177/2096/4008 2168/2074/4008 2155/2061/4008
f 2214/2111/4009 2169/2075/4009 2168/2074/4009
f 2132/2035/4010 2191/2097/4010 2156/2046/4010
f 2191/2097/4011 2205/2112/4011 2156/2046/4011
f 2195/2077/4012 2196/2101/4012 2121/2028/4012
f 2197/2113/4013 2181/2078/4013 2160/2065/4013
f 2182/2087/4014 2170/2114/4014 2135/2039/4014
f 2170/2114/4015 2136/2040/4015 2135/2039/4015
f 2198/2102/4016 2183/2088/4016 2124/2031/4016
f 2149/2055/4017 2172/2080/4017 2109/2016/4017
f 2149/2055/4018 2207/2115/4018 2172/2080/4018
f 2208/2116/4019 2173/2081/4019 2125/2032/4019
f 2173/2081/4020 2221/2117/4020 2174/2090/4020
f 2186/2091/4021 2209/2118/4021 2140/2044/4021
f 2209/2118/4022 2102/2006/4022 2140/2044/4022
f 2211/2107/4023 2086/1990/4023 2164/2068/4023
f 2202/2108/4024 2153/2070/4024 2152/2059/4024
f 2153/2070/4025 2212/2119/4025 2154/2071/4025
f 2212/2119/4026 2203/2109/4026 2154/2071/4026
f 2213/2120/4027 2177/2096/4027 2190/2095/4027
f 2169/2075/4028 2215/2121/4028 2191/2097/4028
f 2205/2112/4029 2157/2076/4029 2156/2046/4029
f 2216/2122/4030 2178/2083/4030 2143/2048/4030
f 2144/2049/4031 2159/2063/4031 2134/2050/4031
f 2217/2123/4032 2180/2085/4032 2159/2063/4032
f 2218/2124/4033 76/2038/4033 78/2125/4033
f 2218/2124/4034 2195/2077/4034 76/2038/4034
f 2196/2101/4035 2197/2113/4035 2160/2065/4035
f 2170/2114/4036 2206/2126/4036 2136/2040/4036
f 2206/2126/4037 2146/2052/4037 2136/2040/4037
f 2206/2126/4038 2219/2127/4038 2146/2052/4038
f 2219/2127/4039 2147/2053/4039 2146/2052/4039
f 2219/2127/4040 2198/2102/4040 2147/2053/4040
f 2183/2088/4041 2199/2103/4041 2148/2054/4041
f 2183/2088/4042 2220/2128/4042 2199/2103/4042
f 2199/2103/4043 2200/2104/4043 2171/2079/4043
f 2207/2115/4044 2184/2089/4044 2172/2080/4044
f 2184/2089/4045 2161/2066/4045 2139/2043/4045
f 2209/2118/4046 2201/2106/4046 2102/2006/4046
f 2201/2106/4047 2222/2129/4047 2150/2057/4047
f 2222/2129/4048 2187/2092/4048 2150/2057/4048
f 2187/2092/4049 2210/2130/4049 2151/2058/4049
f 2211/2107/4050 2165/2069/4050 2086/1990/4050
f 2223/2131/4051 2202/2108/4051 2165/2069/4051
f 2203/2109/4052 2224/2132/4052 2166/2072/4052
f 2224/2132/4053 2175/2082/4053 2166/2072/4053
f 2188/2094/4054 2204/2110/4054 2130/2034/4054
f 2214/2111/4055 2215/2121/4055 2169/2075/4055
f 2225/2133/4056 2194/2100/4056 2142/2047/4056
f 2226/2134/4057 2144/2049/4057 2179/2084/4057
f 2144/2049/4058 2227/2135/4058 2159/2063/4058
f 2227/2135/4059 2228/2136/4059 2159/2063/4059
f 2228/2136/4060 2217/2123/4060 2159/2063/4060
f 79/2137/4061 2218/2124/4061 78/2125/4061
f 2218/2124/4062 2196/2101/4062 2195/2077/4062
f 2229/2138/4063 2230/2139/4063 2181/2078/4063
f 2230/2139/4064 2182/2087/4064 2181/2078/4064
f 2231/2140/4065 2149/2055/4065 2200/2104/4065
f 2161/2066/4066 2232/2141/4066 2162/2067/4066
f 2162/2067/4067 2232/2141/4067 2185/2105/4067
f 2240/2142/4068 2125/2032/4068 2185/2105/4068
f 2240/2142/4069 2208/2116/4069 2125/2032/4069
f 2208/2116/4070 2221/2117/4070 2173/2081/4070
f 2233/2143/4071 2174/2090/4071 2221/2117/4071
f 2174/2090/4072 2233/2143/4072 2186/2091/4072
f 2151/2058/4073 2234/2144/4073 2211/2107/4073
f 2204/2110/4074 2190/2095/4074 2189/2073/4074
f 2177/2096/4075 2214/2111/4075 2168/2074/4075
f 2245/2145/4076 2205/2112/4076 2191/2097/4076
f 2245/2145/4077 2235/2146/4077 2205/2112/4077
f 2235/2146/4078 2157/2076/4078 2205/2112/4078
f 2236/2147/4079 2192/2098/4079 2157/2076/4079
f 2193/2099/4080 2225/2133/4080 2142/2047/4080
f 2194/2100/4081 2216/2122/4081 2143/2048/4081
f 2226/2134/4082 2227/2135/4082 2144/2049/4082
f 2217/2123/4083 77/2086/4083 2180/2085/4083
f 2217/2123/4084 80/2148/4084 77/2086/4084
f 2196/2101/4085 2181/2078/4085 2197/2113/4085
f 2196/2101/4086 2229/2138/4086 2181/2078/4086
f 2198/2102/4087 2265/2149/4087 2183/2088/4087
f 2220/2128/4088 2200/2104/4088 2199/2103/4088
f 2207/2115/4089 2238/2150/4089 2184/2089/4089
f 2184/2089/4090 2239/2151/4090 2161/2066/4090
f 2239/2151/4091 2232/2141/4091 2161/2066/4091
f 2232/2141/4092 2240/2142/4092 2185/2105/4092
f 2210/2130/4093 2234/2144/4093 2151/2058/4093
f 2211/2107/4094 2242/2152/4094 2165/2069/4094
f 2202/2108/4095 2212/2119/4095 2153/2070/4095
f 2175/2082/4096 2243/2153/4096 2176/2093/4096
f 2243/2153/4097 2188/2094/4097 2176/2093/4097
f 2244/2154/4098 2204/2110/4098 2188/2094/4098
f 2271/2155/4099 2214/2111/4099 2177/2096/4099
f 2214/2111/4100 2245/2145/4100 2215/2121/4100
f 2245/2145/4101 2191/2097/4101 2215/2121/4101
f 2235/2146/4102 2236/2147/4102 2157/2076/4102
f 2236/2147/4103 2193/2099/4103 2192/2098/4103
f 2225/2133/4104 2216/2122/4104 2194/2100/4104
f 2246/2156/4105 2178/2083/4105 2216/2122/4105
f 2246/2156/4106 2179/2084/4106 2178/2083/4106
f 2246/2156/4107 2226/2134/4107 2179/2084/4107
f 2226/2134/4108 2261/2157/4108 2227/2135/4108
f 2261/2157/4109 2228/2136/4109 2227/2135/4109
f 2228/2136/4110 2247/2158/4110 2217/2123/4110
f 2247/2158/4111 80/2148/4111 2217/2123/4111
f 2248/2159/4112 2196/2101/4112 2218/2124/4112
f 2248/2159/4113 2249/2160/4113 2196/2101/4113
f 2250/2161/4114 2229/2138/4114 2196/2101/4114
f 2251/2162/4115 2219/2127/4115 2206/2126/4115
f 2219/2127/4116 2237/2163/4116 2198/2102/4116
f 2237/2163/4117 2265/2149/4117 2198/2102/4117
f 2252/2164/4118 2207/2115/4118 2149/2055/4118
f 2254/2165/4119 2221/2117/4119 2208/2116/4119
f 2242/2152/4120 2223/2131/4120 2165/2069/4120
f 2256/2166/4121 2243/2153/4121 2175/2082/4121
f 2204/2110/4122 2257/2167/4122 2190/2095/4122
f 2257/2167/4123 2213/2120/4123 2190/2095/4123
f 2259/2168/4124 2260/2169/4124 2235/2146/4124
f 2260/2169/4125 2236/2147/4125 2235/2146/4125
f 2236/2147/4126 2225/2133/4126 2193/2099/4126
f 2261/2157/4127 2226/2134/4127 2246/2156/4127
f 2262/2170/4128 2228/2136/4128 2261/2157/4128
f 2262/2170/4129 2263/2171/4129 2228/2136/4129
f 2263/2171/4130 2247/2158/4130 2228/2136/4130
f 81/2172/4131 2218/2124/4131 79/2137/4131
f 81/2172/4132 2248/2159/4132 2218/2124/4132
f 2249/2160/4133 2250/2161/4133 2196/2101/4133
f 2264/2173/4134 2170/2114/4134 2182/2087/4134
f 2264/2173/4135 2206/2126/4135 2170/2114/4135
f 2292/2174/4136 2206/2126/4136 2264/2173/4136
f 2292/2174/4137 2251/2162/4137 2206/2126/4137
f 2231/2140/4138 2252/2164/4138 2149/2055/4138
f 2253/2175/4139 2239/2151/4139 2184/2089/4139
f 2239/2151/4140 2278/2176/4140 2232/2141/4140
f 2278/2176/4141 2240/2142/4141 2232/2141/4141
f 2240/2142/4142 2254/2165/4142 2208/2116/4142
f 2254/2165/4143 2233/2143/4143 2221/2117/4143
f 2281/2177/4144 2186/2091/4144 2233/2143/4144
f 2209/2118/4145 2267/2178/4145 2201/2106/4145
f 2267/2178/4146 2241/2179/4146 2201/2106/4146
f 2241/2179/4147 2222/2129/4147 2201/2106/4147
f 2187/2092/4148 2255/2180/4148 2210/2130/4148
f 2255/2180/4149 2234/2144/4149 2210/2130/4149
f 2202/2108/4150 2268/2181/4150 2212/2119/4150
f 2269/2182/4151 2256/2166/4151 2175/2082/4151
f 2257/2167/4152 2204/2110/4152 2244/2154/4152
f 2270/2183/4153 2177/2096/4153 2213/2120/4153
f 2270/2183/4154 2271/2155/4154 2177/2096/4154
f 2271/2155/4155 2258/2184/4155 2214/2111/4155
f 2258/2184/4156 2245/2145/4156 2214/2111/4156
f 2260/2169/4157 2272/2185/4157 2236/2147/4157
f 2273/2186/4158 2225/2133/4158 2236/2147/4158
f 2263/2171/4159 80/2148/4159 2247/2158/4159
f 2263/2171/4160 82/2187/4160 80/2148/4160
f 2250/2161/4161 2274/2188/4161 2229/2138/4161
f 2274/2188/4162 2230/2139/4162 2229/2138/4162
f 2264/2173/4163 2182/2087/4163 2230/2139/4163
f 2275/2189/4164 2219/2127/4164 2251/2162/4164
f 2275/2189/4165 2276/2190/4165 2219/2127/4165
f 2277/2191/4166 2183/2088/4166 2265/2149/4166
f 2238/2150/4167 2253/2175/4167 2184/2089/4167
f 2278/2176/4168 2279/2192/4168 2240/2142/4168
f 2280/2193/4169 2233/2143/4169 2254/2165/4169
f 2280/2193/4170 2281/2177/4170 2233/2143/4170
f 2281/2177/4171 2266/2194/4171 2186/2091/4171
f 2266/2194/4172 2209/2118/4172 2186/2091/4172
f 2222/2129/4173 2255/2180/4173 2187/2092/4173
f 2234/2144/4174 2282/2195/4174 2211/2107/4174
f 2282/2195/4175 2242/2152/4175 2211/2107/4175
f 2283/2196/4176 2223/2131/4176 2242/2152/4176
f 2268/2181/4177 2203/2109/4177 2212/2119/4177
f 2224/2132/4178 2269/2182/4178 2175/2082/4178
f 2243/2153/4179 2284/2197/4179 2188/2094/4179
f 2284/2197/4180 2244/2154/4180 2188/2094/4180
f 2285/2198/4181 2213/2120/4181 2257/2167/4181
f 2285/2198/4182 2270/2183/4182 2213/2120/4182
f 2286/2199/4183 2258/2184/4183 2271/2155/4183
f 2245/2145/4184 2259/2168/4184 2235/2146/4184
f 2273/2186/4185 2216/2122/4185 2225/2133/4185
f 2216/2122/4186 2288/2200/4186 2246/2156/4186
f 2288/2200/4187 2261/2157/4187 2246/2156/4187
f 2288/2200/4188 2289/2201/4188 2261/2157/4188
f 2289/2201/4189 2262/2170/4189 2261/2157/4189
f 2290/2202/4190 2249/2160/4190 2248/2159/4190
f 2290/2202/4191 2291/2203/4191 2249/2160/4191
f 2291/2203/4192 2250/2161/4192 2249/2160/4192
f 2274/2188/4193 2264/2173/4193 2230/2139/4193
f 2292/2174/4194 2293/2204/4194 2251/2162/4194
f 2276/2190/4195 2237/2163/4195 2219/2127/4195
f 2304/2205/4196 2265/2149/4196 2237/2163/4196
f 2304/2205/4197 2277/2191/4197 2265/2149/4197
f 2277/2191/4198 2220/2128/4198 2183/2088/4198
f 2277/2191/4199 2294/2206/4199 2220/2128/4199
f 2220/2128/4200 2296/2207/4200 2200/2104/4200
f 2296/2207/4201 2231/2140/4201 2200/2104/4201
f 2255/2180/4202 2282/2195/4202 2234/2144/4202
f 2223/2131/4203 2297/2208/4203 2202/2108/4203
f 2284/2197/4204 2257/2167/4204 2244/2154/4204
f 2313/2209/4205 2286/2199/4205 2271/2155/4205
f 2314/2210/4206 2259/2168/4206 2245/2145/4206
f 2300/2211/4207 2273/2186/4207 2236/2147/4207
f 2273/2186/4208 2287/2212/4208 2216/2122/4208
f 2288/2200/4209 2301/2213/4209 2289/2201/4209
f 2302/2214/4210 2303/2215/4210 2263/2171/4210
f 84/2216/4211 2248/2159/4211 81/2172/4211
f 2291/2203/4212 2274/2188/4212 2250/2161/4212
f 2304/2205/4213 2237/2163/4213 2276/2190/4213
f 2294/2206/4214 2295/2217/4214 2220/2128/4214
f 2238/2150/4215 2305/2218/4215 2253/2175/4215
f 2253/2175/4216 2278/2176/4216 2239/2151/4216
f 2279/2192/4217 2306/2219/4217 2240/2142/4217
f 2307/2220/4218 2254/2165/4218 2240/2142/4218
f 2307/2220/4219 2280/2193/4219 2254/2165/4219
f 2267/2178/4220 2209/2118/4220 2266/2194/4220
f 2308/2221/4221 2241/2179/4221 2267/2178/4221
f 2309/2222/4222 2222/2129/4222 2241/2179/4222
f 2310/2223/4223 2255/2180/4223 2222/2129/4223
f 2282/2195/4224 2283/2196/4224 2242/2152/4224
f 2283/2196/4225 2297/2208/4225 2223/2131/4225
f 2297/2208/4226 2268/2181/4226 2202/2108/4226
f 2268/2181/4227 2269/2182/4227 2203/2109/4227
f 2269/2182/4228 2224/2132/4228 2203/2109/4228
f 2256/2166/4229 2311/2224/4229 2243/2153/4229
f 2311/2224/4230 2298/2225/4230 2243/2153/4230
f 2298/2225/4231 2284/2197/4231 2243/2153/4231
f 2270/2183/4232 2313/2209/4232 2271/2155/4232
f 2314/2210/4233 2245/2145/4233 2258/2184/4233
f 2259/2168/4234 2299/2226/4234 2260/2169/4234
f 2299/2226/4235 2272/2185/4235 2260/2169/4235
f 2287/2212/4236 2315/2227/4236 2216/2122/4236
f 2315/2227/4237 2288/2200/4237 2216/2122/4237
f 2262/2170/4238 2302/2214/4238 2263/2171/4238
f 84/2216/4239 2290/2202/4239 2248/2159/4239
f 2274/2188/4240 2316/2228/4240 2264/2173/4240
f 2317/2229/4241 2293/2204/4241 2292/2174/4241
f 2293/2204/4242 2275/2189/4242 2251/2162/4242
f 2295/2217/4243 2296/2207/4243 2220/2128/4243
f 2252/2164/4244 2318/2230/4244 2207/2115/4244
f 2318/2230/4245 2238/2150/4245 2207/2115/4245
f 2318/2230/4246 2319/2231/4246 2238/2150/4246
f 2319/2231/4247 2305/2218/4247 2238/2150/4247
f 2320/2232/4248 2278/2176/4248 2253/2175/4248
f 2306/2219/4249 2307/2220/4249 2240/2142/4249
f 2309/2222/4250 2310/2223/4250 2222/2129/4250
f 2321/2233/4251 2282/2195/4251 2255/2180/4251
f 2284/2197/4252 2312/2234/4252 2257/2167/4252
f 2322/2235/4253 2313/2209/4253 2270/2183/4253
f 2324/2236/4254 2236/2147/4254 2272/2185/4254
f 2324/2236/4255 2300/2211/4255 2236/2147/4255
f 2315/2227/4256 2325/2237/4256 2288/2200/4256
f 2325/2237/4257 2301/2213/4257 2288/2200/4257
f 2301/2213/4258 2326/2238/4258 2289/2201/4258
f 2289/2201/4259 2302/2214/4259 2262/2170/4259
f 2303/2215/4260 82/2187/4260 2263/2171/4260
f 2303/2215/4261 83/2239/4261 82/2187/4261
f 2327/2240/4262 2274/2188/4262 2291/2203/4262
f 2338/2241/4263 2316/2228/4263 2274/2188/4263
f 2316/2228/4264 2292/2174/4264 2264/2173/4264
f 2316/2228/4265 2328/2242/4265 2292/2174/4265
f 2328/2242/4266 2317/2229/4266 2292/2174/4266
f 2275/2189/4267 2329/2243/4267 2276/2190/4267
f 2304/2205/4268 2340/2244/4268 2277/2191/4268
f 2305/2218/4269 2320/2232/4269 2253/2175/4269
f 2280/2193/4270 2330/2245/4270 2281/2177/4270
f 2330/2245/4271 2352/2246/4271 2281/2177/4271
f 2352/2246/4272 2266/2194/4272 2281/2177/4272
f 2310/2223/4273 2321/2233/4273 2255/2180/4273
f 2331/2247/4274 2283/2196/4274 2282/2195/4274
f 2331/2247/4275 2297/2208/4275 2283/2196/4275
f 2332/2248/4276 2268/2181/4276 2297/2208/4276
f 2268/2181/4277 2345/2249/4277 2269/2182/4277
f 2298/2225/4278 2333/2250/4278 2284/2197/4278
f 2257/2167/4279 2376/2251/4279 2285/2198/4279
f 2322/2235/4280 2323/2252/4280 2313/2209/4280
f 2323/2252/4281 2286/2199/4281 2313/2209/4281
f 2323/2252/4282 2334/2253/4282 2286/2199/4282
f 2334/2253/4283 2258/2184/4283 2286/2199/4283
f 2334/2253/4284 2314/2210/4284 2258/2184/4284
f 2335/2254/4285 2272/2185/4285 2299/2226/4285
f 2273/2186/4286 2336/2255/4286 2287/2212/4286
f 2336/2255/4287 2315/2227/4287 2287/2212/4287
f 2337/2256/4288 2289/2201/4288 2326/2238/4288
f 2337/2256/4289 2302/2214/4289 2289/2201/4289
f 86/2257/4290 2290/2202/4290 84/2216/4290
f 2327/2240/4291 2291/2203/4291 2290/2202/4291
f 2327/2240/4292 2338/2241/4292 2274/2188/4292
f 2293/2204/4293 2339/2258/4293 2275/2189/4293
f 2339/2258/4294 2329/2243/4294 2275/2189/4294
f 2329/2243/4295 2304/2205/4295 2276/2190/4295
f 2329/2243/4296 2340/2244/4296 2304/2205/4296
f 2340/2244/4297 2294/2206/4297 2277/2191/4297
f 2341/2259/4298 2295/2217/4298 2294/2206/4298
f 2342/2260/4299 2278/2176/4299 2320/2232/4299
f 2278/2176/4300 2342/2260/4300 2279/2192/4300
f 2342/2260/4301 2306/2219/4301 2279/2192/4301
f 2343/2261/4302 2321/2233/4302 2310/2223/4302
f 2332/2248/4303 2344/2262/4303 2268/2181/4303
f 2344/2262/4304 2345/2249/4304 2268/2181/4304
f 2358/2263/4305 2312/2234/4305 2284/2197/4305
f 2312/2234/4306 2376/2251/4306 2257/2167/4306
f 2346/2264/4307 2259/2168/4307 2314/2210/4307
f 2346/2264/4308 2347/2265/4308 2259/2168/4308
f 2348/2266/4309 2299/2226/4309 2259/2168/4309
f 2348/2266/4310 2335/2254/4310 2299/2226/4310
f 2326/2238/4311 2301/2213/4311 2325/2237/4311
f 2337/2256/4312 2349/2267/4312 2302/2214/4312
f 2349/2267/4313 2303/2215/4313 2302/2214/4313
f 85/2268/4314 83/2239/4314 2303/2215/4314
f 2350/2269/4315 2327/2240/4315 2290/2202/4315
f 2366/2270/4316 2316/2228/4316 2338/2241/4316
f 2351/2271/4317 2293/2204/4317 2317/2229/4317
f 2369/2272/4318 2252/2164/4318 2231/2140/4318
f 2266/2194/4319 2353/2273/4319 2267/2178/4319
f 2353/2273/4320 2308/2221/4320 2267/2178/4320
f 2308/2221/4321 2309/2222/4321 2241/2179/4321
f 2354/2274/4322 2310/2223/4322 2309/2222/4322
f 2355/2275/4323 2343/2261/4323 2310/2223/4323
f 2321/2233/4324 2331/2247/4324 2282/2195/4324
f 2345/2249/4325 2356/2276/4325 2269/2182/4325
f 2269/2182/4326 2357/2277/4326 2256/2166/4326
f 2357/2277/4327 2311/2224/4327 2256/2166/4327
f 2311/2224/4328 2333/2250/4328 2298/2225/4328
f 2333/2250/4329 2358/2263/4329 2284/2197/4329
f 2376/2251/4330 2359/2278/4330 2285/2198/4330
f 2285/2198/4331 2360/2279/4331 2270/2183/4331
f 2360/2279/4332 2322/2235/4332 2270/2183/4332
f 2361/2280/4333 2334/2253/4333 2323/2252/4333
f 2334/2253/4334 2346/2264/4334 2314/2210/4334
f 2347/2265/4335 2362/2281/4335 2259/2168/4335
f 2362/2281/4336 2348/2266/4336 2259/2168/4336
f 2335/2254/4337 2324/2236/4337 2272/2185/4337
f 2363/2282/4338 2300/2211/4338 2324/2236/4338
f 2300/2211/4339 2364/2283/4339 2273/2186/4339
f 2336/2255/4340 2325/2237/4340 2315/2227/4340
f 2336/2255/4341 2326/2238/4341 2325/2237/4341
f 2365/2284/4342 2303/2215/4342 2349/2267/4342
f 2365/2284/4343 85/2268/4343 2303/2215/4343
f 2350/2269/4344 2338/2241/4344 2327/2240/4344
f 2350/2269/4345 2366/2270/4345 2338/2241/4345
f 2384/2285/4346 2351/2271/4346 2328/2242/4346
f 2351/2271/4347 2317/2229/4347 2328/2242/4347
f 2329/2243/4348 2367/2286/4348 2340/2244/4348
f 2369/2272/4349 2231/2140/4349 2296/2207/4349
f 2319/2231/4350 2318/2230/4350 2252/2164/4350
f 2370/2287/4351 2320/2232/4351 2305/2218/4351
f 2370/2287/4352 2342/2260/4352 2320/2232/4352
f 2371/2288/4353 2280/2193/4353 2307/2220/4353
f 2343/2261/4354 2373/2289/4354 2321/2233/4354
f 2331/2247/4355 2332/2248/4355 2297/2208/4355
f 2374/2290/4356 2356/2276/4356 2345/2249/4356
f 2375/2291/4357 2333/2250/4357 2311/2224/4357
f 2359/2278/4358 2360/2279/4358 2285/2198/4358
f 2360/2279/4359 2323/2252/4359 2322/2235/4359
f 2378/2292/4360 2324/2236/4360 2335/2254/4360
f 2378/2292/4361 2363/2282/4361 2324/2236/4361
f 2364/2283/4362 2336/2255/4362 2273/2186/4362
f 2379/2293/4363 2337/2256/4363 2326/2238/4363
f 2380/2294/4364 2349/2267/4364 2337/2256/4364
f 2381/2295/4365 2290/2202/4365 86/2257/4365
f 2381/2295/4366 2350/2269/4366 2290/2202/4366
f 2350/2269/4367 2382/2296/4367 2366/2270/4367
f 2366/2270/4368 2383/2297/4368 2316/2228/4368
f 2383/2297/4369 2328/2242/4369 2316/2228/4369
f 2383/2297/4370 2384/2285/4370 2328/2242/4370
f 2351/2271/4371 2339/2258/4371 2293/2204/4371
f 2339/2258/4372 2367/2286/4372 2329/2243/4372
f 2340/2244/4373 2368/2298/4373 2294/2206/4373
f 2368/2298/4374 2341/2259/4374 2294/2206/4374
f 2341/2259/4375 2296/2207/4375 2295/2217/4375
f 2369/2272/4376 2319/2231/4376 2252/2164/4376
f 2387/2299/4377 2371/2288/4377 2307/2220/4377
f 2371/2288/4378 2330/2245/4378 2280/2193/4378
f 2371/2288/4379 2388/2300/4379 2330/2245/4379
f 2388/2300/4380 2352/2246/4380 2330/2245/4380
f 2352/2246/4381 2353/2273/4381 2266/2194/4381
f 2372/2301/4382 2309/2222/4382 2308/2221/4382
f 2372/2301/4383 2354/2274/4383 2309/2222/4383
f 2354/2274/4384 2355/2275/4384 2310/2223/4384
f 2344/2262/4385 2374/2290/4385 2345/2249/4385
f 2356/2276/4386 2357/2277/4386 2269/2182/4386
f 2357/2277/4387 2375/2291/4387 2311/2224/4387
f 2389/2302/4388 2358/2263/4388 2333/2250/4388
f 2358/2263/4389 2390/2303/4389 2312/2234/4389
f 2390/2303/4390 2376/2251/4390 2312/2234/4390
f 2360/2279/4391 2377/2304/4391 2323/2252/4391
f 2377/2304/4392 2361/2280/4392 2323/2252/4392
f 2361/2280/4393 2346/2264/4393 2334/2253/4393
f 2363/2282/4394 2364/2283/4394 2300/2211/4394
f 2379/2293/4395 2326/2238/4395 2336/2255/4395
f 2379/2293/4396 2380/2294/4396 2337/2256/4396
f 2392/2305/4397 2339/2258/4397 2351/2271/4397
f 2392/2305/4398 2393/2306/4398 2339/2258/4398
f 2394/2307/4399 2367/2286/4399 2339/2258/4399
f 2412/2308/4400 2369/2272/4400 2296/2207/4400
f 2385/2309/4401 2370/2287/4401 2305/2218/4401
f 2370/2287/4402 2386/2310/4402 2342/2260/4402
f 2416/2311/4403 2396/2312/4403 2306/2219/4403
f 2396/2312/4404 2307/2220/4404 2306/2219/4404
f 2396/2312/4405 2387/2299/4405 2307/2220/4405
f 2398/2313/4406 2331/2247/4406 2321/2233/4406
f 2398/2313/4407 2332/2248/4407 2331/2247/4407
f 2356/2276/4408 2419/2314/4408 2357/2277/4408
f 2389/2302/4409 2390/2303/4409 2358/2263/4409
f 2399/2315/4410 2359/2278/4410 2376/2251/4410
f 2400/2316/4411 2360/2279/4411 2359/2278/4411
f 2391/2317/4412 2377/2304/4412 2360/2279/4412
f 2391/2317/4413 2361/2280/4413 2377/2304/4413
f 2346/2264/4414 2362/2281/4414 2347/2265/4414
f 2402/2318/4415 2335/2254/4415 2348/2266/4415
f 2402/2318/4416 2403/2319/4416 2335/2254/4416
f 2403/2319/4417 2404/2320/4417 2335/2254/4417
f 2423/2321/4418 2378/2292/4418 2335/2254/4418
f 2363/2282/4419 2405/2322/4419 2364/2283/4419
f 2364/2283/4420 2406/2323/4420 2336/2255/4420
f 2407/2324/4421 2408/2325/4421 2379/2293/4421
f 2408/2325/4422 2380/2294/4422 2379/2293/4422
f 2409/2326/4423 2365/2284/4423 2349/2267/4423
f 2409/2326/4424 88/2327/4424 2365/2284/4424
f 88/2327/4425 85/2268/4425 2365/2284/4425
f 87/2328/4426 2381/2295/4426 86/2257/4426
f 2382/2296/4427 2383/2297/4427 2366/2270/4427
f 2411/2329/4428 2351/2271/4428 2384/2285/4428
f 2411/2329/4429 2392/2305/4429 2351/2271/4429
f 2367/2286/4430 2368/2298/4430 2340/2244/4430
f 2341/2259/4431 2412/2308/4431 2296/2207/4431
f 2395/2330/4432 2385/2309/4432 2305/2218/4432
f 2416/2311/4433 2306/2219/4433 2342/2260/4433
f 2397/2331/4434 2353/2273/4434 2352/2246/4434
f 2353/2273/4435 2372/2301/4435 2308/2221/4435
f 2373/2289/4436 2398/2313/4436 2321/2233/4436
f 2418/2332/4437 2332/2248/4437 2398/2313/4437
f 2418/2332/4438 2344/2262/4438 2332/2248/4438
f 2431/2333/4439 2419/2314/4439 2356/2276/4439
f 2419/2314/4440 2375/2291/4440 2357/2277/4440
f 2375/2291/4441 2389/2302/4441 2333/2250/4441
f 2400/2316/4442 2401/2334/4442 2360/2279/4442
f 2401/2334/4443 2420/2335/4443 2360/2279/4443
f 2420/2335/4444 2391/2317/4444 2360/2279/4444
f 2421/2336/4445 2361/2280/4445 2391/2317/4445
f 2362/2281/4446 2402/2318/4446 2348/2266/4446
f 2406/2323/4447 2379/2293/4447 2336/2255/4447
f 2406/2323/4448 2407/2324/4448 2379/2293/4448
f 2380/2294/4449 2424/2337/4449 2349/2267/4449
f 2424/2337/4450 2409/2326/4450 2349/2267/4450
f 89/2338/4451 2381/2295/4451 87/2328/4451
f 2381/2295/4452 2436/2339/4452 2350/2269/4452
f 2425/2340/4453 2410/2341/4453 2383/2297/4453
f 2410/2341/4454 2384/2285/4454 2383/2297/4454
f 2426/2342/4455 2393/2306/4455 2392/2305/4455
f 2319/2231/4456 2395/2330/4456 2305/2218/4456
f 2385/2309/4457 2415/2343/4457 2370/2287/4457
f 2415/2343/4458 2386/2310/4458 2370/2287/4458
f 2386/2310/4459 2416/2311/4459 2342/2260/4459
f 2427/2344/4460 2371/2288/4460 2387/2299/4460
f 2427/2344/4461 2417/2345/4461 2371/2288/4461
f 2417/2345/4462 2388/2300/4462 2371/2288/4462
f 2388/2300/4463 2397/2331/4463 2352/2246/4463
f 2428/2346/4464 2355/2275/4464 2354/2274/4464
f 2429/2347/4465 2344/2262/4465 2418/2332/4465
f 2430/2348/4466 2374/2290/4466 2344/2262/4466
f 2431/2333/4467 2356/2276/4467 2374/2290/4467
f 2432/2349/4468 2389/2302/4468 2375/2291/4468
f 2433/2350/4469 2390/2303/4469 2389/2302/4469
f 2390/2303/4470 2399/2315/4470 2376/2251/4470
f 2399/2315/4471 2400/2316/4471 2359/2278/4471
f 2421/2336/4472 2422/2351/4472 2361/2280/4472
f 2422/2351/4473 2346/2264/4473 2361/2280/4473
f 2404/2320/4474 2423/2321/4474 2335/2254/4474
f 2405/2322/4475 2363/2282/4475 2378/2292/4475
f 2405/2322/4476 2434/2352/4476 2364/2283/4476
f 2434/2352/4477 2406/2323/4477 2364/2283/4477
f 2406/2323/4478 2435/2353/4478 2407/2324/4478
f 2409/2326/4479 2446/2354/4479 88/2327/4479
f 2436/2339/4480 2381/2295/4480 89/2338/4480
f 2437/2355/4481 2382/2296/4481 2350/2269/4481
f 2437/2355/4482 2438/2356/4482 2382/2296/4482
f 2438/2356/4483 2439/2357/4483 2382/2296/4483
f 2439/2357/4484 2383/2297/4484 2382/2296/4484
f 2410/2341/4485 2411/2329/4485 2384/2285/4485
f 2393/2306/4486 2394/2307/4486 2339/2258/4486
f 2440/2358/4487 2412/2308/4487 2341/2259/4487
f 2413/2359/4488 2319/2231/4488 2369/2272/4488
f 2413/2359/4489 2414/2360/4489 2319/2231/4489
f 2441/2361/4490 2415/2343/4490 2385/2309/4490
f 2372/2301/4491 2428/2346/4491 2354/2274/4491
f 2442/2362/4492 2373/2289/4492 2343/2261/4492
f 2443/2363/4493 2398/2313/4493 2373/2289/4493
f 2444/2364/4494 2418/2332/4494 2398/2313/4494
f 2444/2364/4495 2429/2347/4495 2418/2332/4495
f 2432/2349/4496 2433/2350/4496 2389/2302/4496
f 2445/2365/4497 2399/2315/4497 2390/2303/4497
f 2420/2335/4498 2421/2336/4498 2391/2317/4498
f 2422/2351/4499 2465/2366/4499 2346/2264/4499
f 2455/2367/4500 2402/2318/4500 2362/2281/4500
f 2446/2354/4501 2409/2326/4501 2424/2337/4501
f 2446/2354/4502 90/2368/4502 88/2327/4502
f 2436/2339/4503 2437/2355/4503 2350/2269/4503
f 2439/2357/4504 2425/2340/4504 2383/2297/4504
f 2411/2329/4505 2458/2369/4505 2392/2305/4505
f 2458/2369/4506 2426/2342/4506 2392/2305/4506
f 2426/2342/4507 2394/2307/4507 2393/2306/4507
f 2440/2358/4508 2341/2259/4508 2368/2298/4508
f 2414/2360/4509 2395/2330/4509 2319/2231/4509
f 2386/2310/4510 2448/2370/4510 2416/2311/4510
f 2448/2370/4511 2449/2371/4511 2416/2311/4511
f 2449/2371/4512 2396/2312/4512 2416/2311/4512
f 2396/2312/4513 2427/2344/4513 2387/2299/4513
f 2417/2345/4514 2462/2372/4514 2388/2300/4514
f 2462/2372/4515 2450/2373/4515 2388/2300/4515
f 2450/2373/4516 2397/2331/4516 2388/2300/4516
f 2451/2374/4517 2428/2346/4517 2372/2301/4517
f 2452/2375/4518 2343/2261/4518 2355/2275/4518
f 2452/2375/4519 2442/2362/4519 2343/2261/4519
f 2442/2362/4520 2443/2363/4520 2373/2289/4520
f 2429/2347/4521 2430/2348/4521 2344/2262/4521
f 2433/2350/4522 2445/2365/4522 2390/2303/4522
f 2399/2315/4523 2453/2376/4523 2400/2316/4523
f 2453/2376/4524 2401/2334/4524 2400/2316/4524
f 2401/2334/4525 2454/2377/4525 2420/2335/4525
f 2454/2377/4526 2421/2336/4526 2420/2335/4526
f 2465/2366/4527 2455/2367/4527 2346/2264/4527
f 2455/2367/4528 2362/2281/4528 2346/2264/4528
f 2402/2318/4529 2404/2320/4529 2403/2319/4529
f 2405/2322/4530 2378/2292/4530 2423/2321/4530
f 2456/2378/4531 2434/2352/4531 2405/2322/4531
f 2435/2353/4532 2408/2325/4532 2407/2324/4532
f 91/2379/4533 2436/2339/4533 89/2338/4533
f 2447/2380/4534 2437/2355/4534 2436/2339/4534
f 2457/2381/4535 2410/2341/4535 2425/2340/4535
f 2457/2381/4536 2411/2329/4536 2410/2341/4536
f 2459/2382/4537 2368/2298/4537 2367/2286/4537
f 2413/2359/4538 2460/2383/4538 2414/2360/4538
f 2395/2330/4539 2441/2361/4539 2385/2309/4539
f 2441/2361/4540 2461/2384/4540 2415/2343/4540
f 2461/2384/4541 2386/2310/4541 2415/2343/4541
f 2427/2344/4542 2462/2372/4542 2417/2345/4542
f 2450/2373/4543 2353/2273/4543 2397/2331/4543
f 2463/2385/4544 2372/2301/4544 2353/2273/4544
f 2463/2385/4545 2451/2374/4545 2372/2301/4545
f 2428/2346/4546 2452/2375/4546 2355/2275/4546
f 2443/2363/4547 2444/2364/4547 2398/2313/4547
f 2430/2348/4548 2431/2333/4548 2374/2290/4548
f 2453/2376/4549 2454/2377/4549 2401/2334/4549
f 2464/2386/4550 2421/2336/4550 2454/2377/4550
f 2464/2386/4551 2422/2351/4551 2421/2336/4551
f 2464/2386/4552 2465/2366/4552 2422/2351/4552
f 2466/2387/4553 2405/2322/4553 2423/2321/4553
f 2435/2353/4554 2467/2388/4554 2408/2325/4554
f 2467/2388/4555 2380/2294/4555 2408/2325/4555
f 2467/2388/4556 2424/2337/4556 2380/2294/4556
f 2457/2381/4557 2458/2369/4557 2411/2329/4557
f 2468/2389/4558 2367/2286/4558 2394/2307/4558
f 2468/2389/4559 2459/2382/4559 2367/2286/4559
f 2469/2390/4560 2368/2298/4560 2459/2382/4560
f 2469/2390/4561 2470/2391/4561 2368/2298/4561
f 2470/2391/4562 2440/2358/4562 2368/2298/4562
f 2471/2392/4563 2441/2361/4563 2395/2330/4563
f 2449/2371/4564 2473/2393/4564 2396/2312/4564
f 2473/2393/4565 2427/2344/4565 2396/2312/4565
f 2450/2373/4566 2463/2385/4566 2353/2273/4566
f 2474/2394/4567 2430/2348/4567 2429/2347/4567
f 2475/2395/4568 2431/2333/4568 2430/2348/4568
f 2475/2395/4569 2476/2396/4569 2431/2333/4569
f 2476/2396/4570 2419/2314/4570 2431/2333/4570
f 2477/2397/4571 2375/2291/4571 2419/2314/4571
f 2477/2397/4572 2432/2349/4572 2375/2291/4572
f 2432/2349/4573 2494/2398/4573 2433/2350/4573
f 2478/2399/4574 2399/2315/4574 2445/2365/4574
f 2479/2400/4575 2453/2376/4575 2399/2315/4575
f 2404/2320/4576 2481/2401/4576 2423/2321/4576
f 2481/2401/4577 2466/2387/4577 2423/2321/4577
f 2466/2387/4578 2456/2378/4578 2405/2322/4578
f 2434/2352/4579 2435/2353/4579 2406/2323/4579
f 2467/2388/4580 2446/2354/4580 2424/2337/4580
f 92/2402/4581 2436/2339/4581 91/2379/4581
f 2482/2403/4582 2439/2357/4582 2438/2356/4582
f 2497/2404/4583 2457/2381/4583 2425/2340/4583
f 2497/2404/4584 2483/2405/4584 2457/2381/4584
f 2457/2381/4585 2483/2405/4585 2458/2369/4585
f 2483/2405/4586 2484/2406/4586 2458/2369/4586
f 2484/2406/4587 2426/2342/4587 2458/2369/4587
f 2468/2389/4588 2394/2307/4588 2426/2342/4588
f 2412/2308/4589 2413/2359/4589 2369/2272/4589
f 2486/2407/4590 2395/2330/4590 2414/2360/4590
f 2471/2392/4591 2472/2408/4591 2441/2361/4591
f 2461/2384/4592 2487/2409/4592 2386/2310/4592
f 2487/2409/4593 2448/2370/4593 2386/2310/4593
f 2473/2393/4594 2462/2372/4594 2427/2344/4594
f 2473/2393/4595 2504/2410/4595 2462/2372/4595
f 2489/2411/4596 2428/2346/4596 2451/2374/4596
f 2489/2411/4597 2490/2412/4597 2428/2346/4597
f 2491/2413/4598 2452/2375/4598 2428/2346/4598
f 2491/2413/4599 2492/2414/4599 2452/2375/4599
f 2492/2414/4600 2442/2362/4600 2452/2375/4600
f 2492/2414/4601 2443/2363/4601 2442/2362/4601
f 2493/2415/4602 2444/2364/4602 2443/2363/4602
f 2476/2396/4603 2477/2397/4603 2419/2314/4603
f 2494/2398/4604 2445/2365/4604 2433/2350/4604
f 2478/2399/4605 2479/2400/4605 2399/2315/4605
f 2479/2400/4606 2454/2377/4606 2453/2376/4606
f 2465/2366/4607 2480/2416/4607 2455/2367/4607
f 2455/2367/4608 2404/2320/4608 2402/2318/4608
f 92/2402/4609 2447/2380/4609 2436/2339/4609
f 2496/2417/4610 2437/2355/4610 2447/2380/4610
f 2496/2417/4611 2438/2356/4611 2437/2355/4611
f 2482/2403/4612 2497/2404/4612 2439/2357/4612
f 2497/2404/4613 2425/2340/4613 2439/2357/4613
f 2426/2342/4614 2498/2418/4614 2468/2389/4614
f 2499/2419/4615 2459/2382/4615 2468/2389/4615
f 2470/2391/4616 2485/2420/4616 2440/2358/4616
f 2501/2421/4617 2412/2308/4617 2440/2358/4617
f 2460/2383/4618 2486/2407/4618 2414/2360/4618
f 2472/2408/4619 2461/2384/4619 2441/2361/4619
f 2502/2422/4620 2449/2371/4620 2448/2370/4620
f 2502/2422/4621 2473/2393/4621 2449/2371/4621
f 2502/2422/4622 2503/2423/4622 2473/2393/4622
f 2505/2424/4623 2450/2373/4623 2462/2372/4623
f 2506/2425/4624 2463/2385/4624 2450/2373/4624
f 2463/2385/4625 2507/2426/4625 2451/2374/4625
f 2507/2426/4626 2489/2411/4626 2451/2374/4626
f 2490/2412/4627 2491/2413/4627 2428/2346/4627
f 2492/2414/4628 2493/2415/4628 2443/2363/4628
f 2508/2427/4629 2429/2347/4629 2444/2364/4629
f 2508/2427/4630 2474/2394/4630 2429/2347/4630
f 2509/2428/4631 2475/2395/4631 2430/2348/4631
f 2475/2395/4632 2510/2429/4632 2476/2396/4632
f 2511/2430/4633 2477/2397/4633 2476/2396/4633
f 2494/2398/4634 2432/2349/4634 2477/2397/4634
f 2478/2399/4635 2512/2431/4635 2479/2400/4635
f 2495/2432/4636 2480/2416/4636 2465/2366/4636
f 2513/2433/4637 2434/2352/4637 2456/2378/4637
f 2514/2434/4638 2435/2353/4638 2434/2352/4638
f 2515/2435/4639 2467/2388/4639 2435/2353/4639
f 2516/2436/4640 2446/2354/4640 2467/2388/4640
f 2516/2436/4641 90/2368/4641 2446/2354/4641
f 2496/2417/4642 2482/2403/4642 2438/2356/4642
f 2484/2406/4643 2498/2418/4643 2426/2342/4643
f 2498/2418/4644 2499/2419/4644 2468/2389/4644
f 2485/2420/4645 2500/2437/4645 2440/2358/4645
f 2500/2437/4646 2501/2421/4646 2440/2358/4646
f 2412/2308/4647 2501/2421/4647 2413/2359/4647
f 2501/2421/4648 2517/2438/4648 2413/2359/4648
f 2517/2438/4649 2460/2383/4649 2413/2359/4649
f 2486/2407/4650 2471/2392/4650 2395/2330/4650
f 2519/2439/4651 2487/2409/4651 2461/2384/4651
f 2487/2409/4652 2502/2422/4652 2448/2370/4652
f 2503/2423/4653 2504/2410/4653 2473/2393/4653
f 2504/2410/4654 2505/2424/4654 2462/2372/4654
f 2505/2424/4655 2488/2440/4655 2450/2373/4655
f 2520/2441/4656 2492/2414/4656 2491/2413/4656
f 2493/2415/4657 2508/2427/4657 2444/2364/4657
f 2474/2394/4658 2509/2428/4658 2430/2348/4658
f 2521/2442/4659 2494/2398/4659 2477/2397/4659
f 2494/2398/4660 2522/2443/4660 2445/2365/4660
f 2522/2443/4661 2523/2444/4661 2445/2365/4661
f 2523/2444/4662 2478/2399/4662 2445/2365/4662
f 2524/2445/4663 2525/2446/4663 2454/2377/4663
f 2525/2446/4664 2464/2386/4664 2454/2377/4664
f 2525/2446/4665 2526/2447/4665 2464/2386/4665
f 2464/2386/4666 2495/2432/4666 2465/2366/4666
f 2455/2367/4667 2481/2401/4667 2404/2320/4667
f 2527/2448/4668 2456/2378/4668 2466/2387/4668
f 2528/2449/4669 2514/2434/4669 2434/2352/4669
f 2514/2434/4670 2515/2435/4670 2435/2353/4670
f 2529/2450/4671 2516/2436/4671 2467/2388/4671
f 2516/2436/4672 93/2451/4672 90/2368/4672
f 94/2452/4673 2496/2417/4673 2447/2380/4673
f 2497/2404/4674 2530/2453/4674 2483/2405/4674
f 2530/2453/4675 2531/2454/4675 2483/2405/4675
f 2531/2454/4676 2484/2406/4676 2483/2405/4676
f 2531/2454/4677 2498/2418/4677 2484/2406/4677
f 2499/2419/4678 2469/2390/4678 2459/2382/4678
f 2472/2408/4679 2518/2455/4679 2461/2384/4679
f 2518/2455/4680 2519/2439/4680 2461/2384/4680
f 2488/2440/4681 2506/2425/4681 2450/2373/4681
f 2507/2426/4682 2532/2456/4682 2489/2411/4682
f 2490/2412/4683 2520/2441/4683 2491/2413/4683
f 2533/2457/4684 2493/2415/4684 2492/2414/4684
f 2509/2428/4685 2534/2458/4685 2475/2395/4685
f 2510/2429/4686 2511/2430/4686 2476/2396/4686
f 2511/2430/4687 2521/2442/4687 2477/2397/4687
f 2535/2459/4688 2524/2445/4688 2479/2400/4688
f 2524/2445/4689 2454/2377/4689 2479/2400/4689
f 2526/2447/4690 2495/2432/4690 2464/2386/4690
f 2575/2460/4691 2536/2461/4691 2455/2367/4691
f 2527/2448/4692 2513/2433/4692 2456/2378/4692
f 2513/2433/4693 2528/2449/4693 2434/2352/4693
f 2515/2435/4694 2529/2450/4694 2467/2388/4694
f 92/2402/4695 94/2452/4695 2447/2380/4695
f 2537/2462/4696 2482/2403/4696 2496/2417/4696
f 2538/2463/4697 2497/2404/4697 2482/2403/4697
f 2538/2463/4698 2530/2453/4698 2497/2404/4698
f 2531/2454/4699 2539/2464/4699 2498/2418/4699
f 2499/2419/4700 2540/2465/4700 2469/2390/4700
f 2540/2465/4701 2470/2391/4701 2469/2390/4701
f 2541/2466/4702 2485/2420/4702 2470/2391/4702
f 2486/2407/4703 2460/2383/4703 2517/2438/4703
f 2542/2467/4704 2472/2408/4704 2471/2392/4704
f 2519/2439/4705 2543/2468/4705 2487/2409/4705
f 2543/2468/4706 2502/2422/4706 2487/2409/4706
f 2543/2468/4707 2503/2423/4707 2502/2422/4707
f 2543/2468/4708 2544/2469/4708 2503/2423/4708
f 2503/2423/4709 2544/2469/4709 2504/2410/4709
f 2545/2470/4710 2505/2424/4710 2504/2410/4710
f 2506/2425/4711 2507/2426/4711 2463/2385/4711
f 2532/2456/4712 2490/2412/4712 2489/2411/4712
f 2532/2456/4713 2547/2471/4713 2490/2412/4713
f 2493/2415/4714 2548/2472/4714 2508/2427/4714
f 2548/2472/4715 2474/2394/4715 2508/2427/4715
f 2548/2472/4716 2549/2473/4716 2474/2394/4716
f 2549/2473/4717 2509/2428/4717 2474/2394/4717
f 2549/2473/4718 2550/2474/4718 2509/2428/4718
f 2534/2458/4719 2510/2429/4719 2475/2395/4719
f 2494/2398/4720 2564/2475/4720 2522/2443/4720
f 2512/2431/4721 2535/2459/4721 2479/2400/4721
f 2551/2476/4722 2524/2445/4722 2535/2459/4722
f 2552/2477/4723 2553/2478/4723 2495/2432/4723
f 2553/2478/4724 2480/2416/4724 2495/2432/4724
f 2480/2416/4725 2575/2460/4725 2455/2367/4725
f 2536/2461/4726 2554/2479/4726 2455/2367/4726
f 2554/2479/4727 2481/2401/4727 2455/2367/4727
f 2514/2434/4728 2556/2480/4728 2515/2435/4728
f 2557/2481/4729 2496/2417/4729 94/2452/4729
f 2537/2462/4730 2558/2482/4730 2482/2403/4730
f 2540/2465/4731 2541/2466/4731 2470/2391/4731
f 2559/2483/4732 2471/2392/4732 2486/2407/4732
f 2559/2483/4733 2542/2467/4733 2471/2392/4733
f 2542/2467/4734 2518/2455/4734 2472/2408/4734
f 2560/2484/4735 2519/2439/4735 2518/2455/4735
f 2545/2470/4736 2488/2440/4736 2505/2424/4736
f 2545/2470/4737 2546/2485/4737 2488/2440/4737
f 2546/2485/4738 2506/2425/4738 2488/2440/4738
f 2561/2486/4739 2533/2457/4739 2492/2414/4739
f 2533/2457/4740 2548/2472/4740 2493/2415/4740
f 2550/2474/4741 2534/2458/4741 2509/2428/4741
f 2562/2487/4742 2511/2430/4742 2510/2429/4742
f 2563/2488/4743 2521/2442/4743 2511/2430/4743
f 2521/2442/4744 2564/2475/4744 2494/2398/4744
f 2526/2447/4745 2552/2477/4745 2495/2432/4745
f 2554/2479/4746 2555/2489/4746 2481/2401/4746
f 2555/2489/4747 2466/2387/4747 2481/2401/4747
f 2555/2489/4748 2527/2448/4748 2466/2387/4748
f 2566/2490/4749 2516/2436/4749 2529/2450/4749
f 2566/2490/4750 93/2451/4750 2516/2436/4750
f 2557/2481/4751 2537/2462/4751 2496/2417/4751
f 2558/2482/4752 2538/2463/4752 2482/2403/4752
f 2538/2463/4753 2567/2491/4753 2530/2453/4753
f 2567/2491/4754 2531/2454/4754 2530/2453/4754
f 2567/2491/4755 2539/2464/4755 2531/2454/4755
f 2539/2464/4756 2499/2419/4756 2498/2418/4756
f 2517/2438/4757 2568/2492/4757 2486/2407/4757
f 2569/2493/4758 2518/2455/4758 2542/2467/4758
f 2569/2493/4759 2560/2484/4759 2518/2455/4759
f 2519/2439/4760 2570/2494/4760 2543/2468/4760
f 2570/2494/4761 2544/2469/4761 2543/2468/4761
f 2544/2469/4762 2571/2495/4762 2504/2410/4762
f 2571/2495/4763 2545/2470/4763 2504/2410/4763
f 2532/2456/4764 2586/2496/4764 2547/2471/4764
f 2547/2471/4765 2520/2441/4765 2490/2412/4765
f 2520/2441/4766 2561/2486/4766 2492/2414/4766
f 2534/2458/4767 2562/2487/4767 2510/2429/4767
f 2572/2497/4768 2522/2443/4768 2564/2475/4768
f 2523/2444/4769 2512/2431/4769 2478/2399/4769
f 2525/2446/4770 2574/2498/4770 2526/2447/4770
f 2575/2460/4771 2480/2416/4771 2553/2478/4771
f 2575/2460/4772 2576/2499/4772 2536/2461/4772
f 2513/2433/4773 2577/2500/4773 2528/2449/4773
f 2577/2500/4774 2514/2434/4774 2528/2449/4774
f 2577/2500/4775 2556/2480/4775 2514/2434/4775
f 2556/2480/4776 2578/2501/4776 2515/2435/4776
f 2578/2501/4777 2529/2450/4777 2515/2435/4777
f 2578/2501/4778 2565/2502/4778 2529/2450/4778
f 2565/2502/4779 2566/2490/4779 2529/2450/4779
f 2579/2503/4780 93/2451/4780 2566/2490/4780
f 2579/2503/4781 2580/2504/4781 93/2451/4781
f 2557/2481/4782 2581/2505/4782 2537/2462/4782
f 2581/2505/4783 2558/2482/4783 2537/2462/4783
f 2558/2482/4784 2582/2506/4784 2538/2463/4784
f 2582/2506/4785 2567/2491/4785 2538/2463/4785
f 2583/2507/4786 2539/2464/4786 2567/2491/4786
f 2584/2508/4787 2569/2493/4787 2542/2467/4787
f 2570/2494/4788 2519/2439/4788 2560/2484/4788
f 2585/2509/4789 2571/2495/4789 2544/2469/4789
f 2604/2510/4790 2506/2425/4790 2546/2485/4790
f 2605/2511/4791 2507/2426/4791 2506/2425/4791
f 2561/2486/4792 2588/2512/4792 2533/2457/4792
f 2533/2457/4793 2589/2513/4793 2548/2472/4793
f 2607/2514/4794 2550/2474/4794 2549/2473/4794
f 2550/2474/4795 2590/2515/4795 2534/2458/4795
f 2591/2516/4796 2511/2430/4796 2562/2487/4796
f 2591/2516/4797 2563/2488/4797 2511/2430/4797
f 2621/2517/4798 2564/2475/4798 2521/2442/4798
f 2572/2497/4799 2523/2444/4799 2522/2443/4799
f 2572/2497/4800 2573/2518/4800 2523/2444/4800
f 2573/2518/4801 2512/2431/4801 2523/2444/4801
f 2592/2519/4802 2525/2446/4802 2524/2445/4802
f 2634/2520/4803 2574/2498/4803 2525/2446/4803
f 2526/2447/4804 2593/2521/4804 2552/2477/4804
f 2594/2522/4805 2575/2460/4805 2553/2478/4805
f 2576/2499/4806 2554/2479/4806 2536/2461/4806
f 95/2523/4807 2557/2481/4807 94/2452/4807
f 2581/2505/4808 2596/2524/4808 2558/2482/4808
f 2499/2419/4809 2614/2525/4809 2540/2465/4809
f 2597/2526/4810 2541/2466/4810 2540/2465/4810
f 2598/2527/4811 2500/2437/4811 2485/2420/4811
f 2599/2528/4812 2501/2421/4812 2500/2437/4812
f 2599/2528/4813 2517/2438/4813 2501/2421/4813
f 2600/2529/4814 2568/2492/4814 2517/2438/4814
f 2568/2492/4815 2601/2530/4815 2486/2407/4815
f 2601/2530/4816 2559/2483/4816 2486/2407/4816
f 2584/2508/4817 2542/2467/4817 2559/2483/4817
f 2570/2494/4818 2585/2509/4818 2544/2469/4818
f 2603/2531/4819 2545/2470/4819 2571/2495/4819
f 2604/2510/4820 2605/2511/4820 2506/2425/4820
f 2606/2532/4821 2532/2456/4821 2507/2426/4821
f 2606/2532/4822 2586/2496/4822 2532/2456/4822
f 2587/2533/4823 2520/2441/4823 2547/2471/4823
f 2589/2513/4824 2607/2514/4824 2548/2472/4824
f 2607/2514/4825 2549/2473/4825 2548/2472/4825
f 2563/2488/4826 2621/2517/4826 2521/2442/4826
f 2608/2534/4827 2572/2497/4827 2564/2475/4827
f 2592/2519/4828 2524/2445/4828 2551/2476/4828
f 2592/2519/4829 2634/2520/4829 2525/2446/4829
f 2594/2522/4830 2576/2499/4830 2575/2460/4830
f 2554/2479/4831 2623/2535/4831 2555/2489/4831
f 2609/2536/4832 2527/2448/4832 2555/2489/4832
f 2527/2448/4833 2610/2537/4833 2513/2433/4833
f 2610/2537/4834 2577/2500/4834 2513/2433/4834
f 2611/2538/4835 2578/2501/4835 2556/2480/4835
f 2611/2538/4836 2565/2502/4836 2578/2501/4836
f 2580/2504/4837 96/2539/4837 93/2451/4837
f 2596/2524/4838 2612/2540/4838 2558/2482/4838
f 2612/2540/4839 2582/2506/4839 2558/2482/4839
f 2582/2506/4840 2613/2541/4840 2567/2491/4840
f 2583/2507/4841 2499/2419/4841 2539/2464/4841
f 2626/2542/4842 2597/2526/4842 2540/2465/4842
f 2569/2493/4843 2602/2543/4843 2560/2484/4843
f 2602/2543/4844 2570/2494/4844 2560/2484/4844
f 2602/2543/4845 2616/2544/4845 2570/2494/4845
f 2617/2545/4846 2545/2470/4846 2603/2531/4846
f 2617/2545/4847 2546/2485/4847 2545/2470/4847
f 2605/2511/4848 2606/2532/4848 2507/2426/4848
f 2618/2546/4849 2586/2496/4849 2606/2532/4849
f 2586/2496/4850 2587/2533/4850 2547/2471/4850
f 2587/2533/4851 2561/2486/4851 2520/2441/4851
f 2607/2514/4852 2590/2515/4852 2550/2474/4852
f 2590/2515/4853 2562/2487/4853 2534/2458/4853
f 2562/2487/4854 2620/2547/4854 2591/2516/4854
f 2621/2517/4855 2608/2534/4855 2564/2475/4855
f 2622/2548/4856 2535/2459/4856 2512/2431/4856
f 2622/2548/4857 2551/2476/4857 2535/2459/4857
f 2593/2521/4858 2526/2447/4858 2574/2498/4858
f 2552/2477/4859 2594/2522/4859 2553/2478/4859
f 2609/2536/4860 2610/2537/4860 2527/2448/4860
f 2577/2500/4861 2595/2549/4861 2556/2480/4861
f 2595/2549/4862 2611/2538/4862 2556/2480/4862
f 2611/2538/4863 2664/2550/4863 2565/2502/4863
f 2664/2550/4864 2566/2490/4864 2565/2502/4864
f 2664/2550/4865 2624/2551/4865 2566/2490/4865
f 2624/2551/4866 2579/2503/4866 2566/2490/4866
f 95/2523/4867 2581/2505/4867 2557/2481/4867
f 2613/2541/4868 2583/2507/4868 2567/2491/4868
f 2583/2507/4869 2614/2525/4869 2499/2419/4869
f 2614/2525/4870 2626/2542/4870 2540/2465/4870
f 2541/2466/4871 2598/2527/4871 2485/2420/4871
f 2598/2527/4872 2599/2528/4872 2500/2437/4872
f 2627/2552/4873 2601/2530/4873 2568/2492/4873
f 2628/2553/4874 2569/2493/4874 2584/2508/4874
f 2628/2553/4875 2615/2554/4875 2569/2493/4875
f 2615/2554/4876 2602/2543/4876 2569/2493/4876
f 2616/2544/4877 2629/2555/4877 2570/2494/4877
f 2629/2555/4878 2585/2509/4878 2570/2494/4878
f 2617/2545/4879 2604/2510/4879 2546/2485/4879
f 2618/2546/4880 2587/2533/4880 2586/2496/4880
f 2588/2512/4881 2630/2556/4881 2533/2457/4881
f 2630/2556/4882 2589/2513/4882 2533/2457/4882
f 2630/2556/4883 2607/2514/4883 2589/2513/4883
f 2590/2515/4884 2619/2557/4884 2562/2487/4884
f 2620/2547/4885 2631/2558/4885 2591/2516/4885
f 2631/2558/4886 2563/2488/4886 2591/2516/4886
f 2632/2559/4887 2608/2534/4887 2621/2517/4887
f 2622/2548/4888 2512/2431/4888 2573/2518/4888
f 2622/2548/4889 2633/2560/4889 2551/2476/4889
f 2633/2560/4890 2592/2519/4890 2551/2476/4890
f 2593/2521/4891 2594/2522/4891 2552/2477/4891
f 2594/2522/4892 2645/2561/4892 2576/2499/4892
f 2645/2561/4893 2635/2562/4893 2576/2499/4893
f 2635/2562/4894 2554/2479/4894 2576/2499/4894
f 2635/2562/4895 2623/2535/4895 2554/2479/4895
f 2636/2563/4896 2595/2549/4896 2577/2500/4896
f 2579/2503/4897 96/2539/4897 2580/2504/4897
f 2579/2503/4898 2637/2564/4898 96/2539/4898
f 95/2523/4899 2638/2565/4899 2581/2505/4899
f 2638/2565/4900 2596/2524/4900 2581/2505/4900
f 2638/2565/4901 2639/2566/4901 2596/2524/4901
f 2639/2566/4902 2612/2540/4902 2596/2524/4902
f 2639/2566/4903 2582/2506/4903 2612/2540/4903
f 2613/2541/4904 2625/2567/4904 2583/2507/4904
f 2597/2526/4905 2640/2568/4905 2541/2466/4905
f 2599/2528/4906 2600/2529/4906 2517/2438/4906
f 2600/2529/4907 2627/2552/4907 2568/2492/4907
f 2652/2569/4908 2559/2483/4908 2601/2530/4908
f 2652/2569/4909 2584/2508/4909 2559/2483/4909
f 2652/2569/4910 2628/2553/4910 2584/2508/4910
f 2629/2555/4911 2641/2570/4911 2585/2509/4911
f 2642/2571/4912 2561/2486/4912 2587/2533/4912
f 2642/2571/4913 2588/2512/4913 2561/2486/4913
f 2620/2547/4914 2562/2487/4914 2619/2557/4914
f 2631/2558/4915 2621/2517/4915 2563/2488/4915
f 2608/2534/4916 2643/2572/4916 2572/2497/4916
f 2643/2572/4917 2644/2573/4917 2572/2497/4917
f 2644/2573/4918 2573/2518/4918 2572/2497/4918
f 2644/2573/4919 2622/2548/4919 2573/2518/4919
f 2609/2536/4920 2646/2574/4920 2610/2537/4920
f 2610/2537/4921 2636/2563/4921 2577/2500/4921
f 2636/2563/4922 2647/2575/4922 2595/2549/4922
f 2647/2575/4923 2611/2538/4923 2595/2549/4923
f 2648/2576/4924 2582/2506/4924 2639/2566/4924
f 2648/2576/4925 2613/2541/4925 2582/2506/4925
f 2640/2568/4926 2598/2527/4926 2541/2466/4926
f 2598/2527/4927 2650/2577/4927 2599/2528/4927
f 2651/2578/4928 2600/2529/4928 2599/2528/4928
f 2653/2579/4929 2615/2554/4929 2628/2553/4929
f 2654/2580/4930 2616/2544/4930 2602/2543/4930
f 2641/2570/4931 2571/2495/4931 2585/2509/4931
f 2655/2581/4932 2605/2511/4932 2604/2510/4932
f 2618/2546/4933 2656/2582/4933 2587/2533/4933
f 2671/2583/4934 2642/2571/4934 2587/2533/4934
f 2657/2584/4935 2588/2512/4935 2642/2571/4935
f 2657/2584/4936 2630/2556/4936 2588/2512/4936
f 2657/2584/4937 2658/2585/4937 2630/2556/4937
f 2659/2586/4938 2590/2515/4938 2607/2514/4938
f 2632/2559/4939 2643/2572/4939 2608/2534/4939
f 2661/2587/4940 2622/2548/4940 2644/2573/4940
f 2661/2587/4941 2633/2560/4941 2622/2548/4941
f 2663/2588/4942 2594/2522/4942 2593/2521/4942
f 2674/2589/4943 2635/2562/4943 2645/2561/4943
f 95/2523/4944 2665/2590/4944 2638/2565/4944
f 2625/2567/4945 2613/2541/4945 2648/2576/4945
f 2625/2567/4946 2666/2591/4946 2583/2507/4946
f 2666/2591/4947 2614/2525/4947 2583/2507/4947
f 2667/2592/4948 2626/2542/4948 2614/2525/4948
f 2626/2542/4949 2640/2568/4949 2597/2526/4949
f 2649/2593/4950 2650/2577/4950 2598/2527/4950
f 2627/2552/4951 2652/2569/4951 2601/2530/4951
f 2668/2594/4952 2628/2553/4952 2652/2569/4952
f 2615/2554/4953 2669/2595/4953 2602/2543/4953
f 2641/2570/4954 2603/2531/4954 2571/2495/4954
f 2617/2545/4955 2670/2596/4955 2604/2510/4955
f 2670/2596/4956 2655/2581/4956 2604/2510/4956
f 2684/2597/4957 2606/2532/4957 2605/2511/4957
f 2656/2582/4958 2671/2583/4958 2587/2533/4958
f 2659/2586/4959 2607/2514/4959 2630/2556/4959
f 2659/2586/4960 2660/2598/4960 2590/2515/4960
f 2660/2598/4961 2619/2557/4961 2590/2515/4961
f 2631/2558/4962 2686/2599/4962 2621/2517/4962
f 2634/2520/4963 2592/2519/4963 2633/2560/4963
f 2662/2600/4964 2574/2498/4964 2634/2520/4964
f 2673/2601/4965 2593/2521/4965 2574/2498/4965
f 2663/2588/4966 2645/2561/4966 2594/2522/4966
f 2623/2535/4967 2675/2602/4967 2555/2489/4967
f 2675/2602/4968 2609/2536/4968 2555/2489/4968
f 2646/2574/4969 2676/2603/4969 2610/2537/4969
f 2676/2603/4970 2636/2563/4970 2610/2537/4970
f 2676/2603/4971 2677/2604/4971 2636/2563/4971
f 2664/2550/4972 2611/2538/4972 2647/2575/4972
f 2678/2605/4973 2624/2551/4973 2664/2550/4973
f 2678/2605/4974 2579/2503/4974 2624/2551/4974
f 2579/2503/4975 2679/2606/4975 2637/2564/4975
f 97/2607/4976 2665/2590/4976 95/2523/4976
f 2665/2590/4977 2639/2566/4977 2638/2565/4977
f 2680/2608/4978 2625/2567/4978 2648/2576/4978
f 2666/2591/4979 2667/2592/4979 2614/2525/4979
f 2650/2577/4980 2651/2578/4980 2599/2528/4980
f 2651/2578/4981 2627/2552/4981 2600/2529/4981
f 2653/2579/4982 2628/2553/4982 2668/2594/4982
f 2654/2580/4983 2629/2555/4983 2616/2544/4983
f 2683/2609/4984 2617/2545/4984 2603/2531/4984
f 2655/2581/4985 2684/2597/4985 2605/2511/4985
f 2684/2597/4986 2618/2546/4986 2606/2532/4986
f 2684/2597/4987 2656/2582/4987 2618/2546/4987
f 2671/2583/4988 2657/2584/4988 2642/2571/4988
f 2685/2610/4989 2658/2585/4989 2657/2584/4989
f 2658/2585/4990 2659/2586/4990 2630/2556/4990
f 2660/2598/4991 2696/2611/4991 2619/2557/4991
f 2619/2557/4992 2631/2558/4992 2620/2547/4992
f 2686/2599/4993 2632/2559/4993 2621/2517/4993
f 2686/2599/4994 2687/2612/4994 2632/2559/4994
f 2644/2573/4995 2672/2613/4995 2661/2587/4995
f 2688/2614/4996 2661/2587/4996 2672/2613/4996
f 2661/2587/4997 2634/2520/4997 2633/2560/4997
f 2673/2601/4998 2663/2588/4998 2593/2521/4998
f 2674/2589/4999 2623/2535/4999 2635/2562/4999
f 2677/2604/5000 2647/2575/5000 2636/2563/5000
f 2647/2575/5001 2699/2615/5001 2664/2550/5001
f 2678/2605/5002 2679/2606/5002 2579/2503/5002
f 2679/2606/5003 98/2616/5003 2637/2564/5003
f 2690/2617/5004 2666/2591/5004 2625/2567/5004
f 2626/2542/5005 2681/2618/5005 2640/2568/5005
f 2649/2593/5006 2598/2527/5006 2640/2568/5006
f 2649/2593/5007 2682/2619/5007 2650/2577/5007
f 2692/2620/5008 2627/2552/5008 2651/2578/5008
f 2693/2621/5009 2652/2569/5009 2627/2552/5009
f 2693/2621/5010 2668/2594/5010 2652/2569/5010
f 2653/2579/5011 2669/2595/5011 2615/2554/5011
f 2694/2622/5012 2602/2543/5012 2669/2595/5012
f 2694/2622/5013 2654/2580/5013 2602/2543/5013
f 2695/2623/5014 2629/2555/5014 2654/2580/5014
f 2683/2609/5015 2670/2596/5015 2617/2545/5015
f 2659/2586/5016 2696/2611/5016 2660/2598/5016
f 2687/2612/5017 2643/2572/5017 2632/2559/5017
f 2688/2614/5018 2634/2520/5018 2661/2587/5018
f 2697/2624/5019 2663/2588/5019 2673/2601/5019
f 2697/2624/5020 2645/2561/5020 2663/2588/5020
f 2698/2625/5021 2674/2589/5021 2645/2561/5021
f 2730/2626/5022 2675/2602/5022 2623/2535/5022
f 2700/2627/5023 2689/2628/5023 2639/2566/5023
f 2689/2628/5024 2648/2576/5024 2639/2566/5024
f 2689/2628/5025 2680/2608/5025 2648/2576/5025
f 2667/2592/5026 2691/2629/5026 2626/2542/5026
f 2691/2629/5027 2681/2618/5027 2626/2542/5027
f 2681/2618/5028 2701/2630/5028 2640/2568/5028
f 2701/2630/5029 2649/2593/5029 2640/2568/5029
f 2733/2631/5030 2692/2620/5030 2651/2578/5030
f 2692/2620/5031 2693/2621/5031 2627/2552/5031
f 2668/2594/5032 2702/2632/5032 2653/2579/5032
f 2702/2632/5033 2721/2633/5033 2653/2579/5033
f 2721/2633/5034 2669/2595/5034 2653/2579/5034
f 2694/2622/5035 2695/2623/5035 2654/2580/5035
f 2695/2623/5036 2641/2570/5036 2629/2555/5036
f 2695/2623/5037 2703/2634/5037 2641/2570/5037
f 2703/2634/5038 2603/2531/5038 2641/2570/5038
f 2703/2634/5039 2683/2609/5039 2603/2531/5039
f 2704/2635/5040 2684/2597/5040 2655/2581/5040
f 2705/2636/5041 2656/2582/5041 2684/2597/5041
f 2656/2582/5042 2725/2637/5042 2671/2583/5042
f 2706/2638/5043 2658/2585/5043 2685/2610/5043
f 2707/2639/5044 2659/2586/5044 2658/2585/5044
f 2708/2640/5045 2619/2557/5045 2696/2611/5045
f 2709/2641/5046 2631/2558/5046 2619/2557/5046
f 2709/2641/5047 2686/2599/5047 2631/2558/5047
f 2711/2642/5048 2644/2573/5048 2643/2572/5048
f 2711/2642/5049 2672/2613/5049 2644/2573/5049
f 2672/2613/5050 2712/2643/5050 2688/2614/5050
f 2662/2600/5051 2673/2601/5051 2574/2498/5051
f 2713/2644/5052 2623/2535/5052 2674/2589/5052
f 2675/2602/5053 2715/2645/5053 2609/2536/5053
f 2715/2645/5054 2646/2574/5054 2609/2536/5054
f 2677/2604/5055 2699/2615/5055 2647/2575/5055
f 2716/2646/5056 2679/2606/5056 2678/2605/5056
f 97/2607/5057 100/2647/5057 2665/2590/5057
f 100/2647/5058 2639/2566/5058 2665/2590/5058
f 100/2647/5059 2700/2627/5059 2639/2566/5059
f 2680/2608/5060 2690/2617/5060 2625/2567/5060
f 2717/2648/5061 2718/2649/5061 2666/2591/5061
f 2718/2649/5062 2667/2592/5062 2666/2591/5062
f 2719/2650/5063 2682/2619/5063 2649/2593/5063
f 2733/2631/5064 2720/2651/5064 2692/2620/5064
f 2702/2632/5065 2668/2594/5065 2693/2621/5065
f 2669/2595/5066 2721/2633/5066 2694/2622/5066
f 2722/2652/5067 2683/2609/5067 2703/2634/5067
f 2723/2653/5068 2724/2654/5068 2683/2609/5068
f 2724/2654/5069 2670/2596/5069 2683/2609/5069
f 2704/2635/5070 2705/2636/5070 2684/2597/5070
f 2705/2636/5071 2725/2637/5071 2656/2582/5071
f 2671/2583/5072 2685/2610/5072 2657/2584/5072
f 2726/2655/5073 2687/2612/5073 2686/2599/5073
f 2687/2612/5074 2710/2656/5074 2643/2572/5074
f 2710/2656/5075 2711/2642/5075 2643/2572/5075
f 2727/2657/5076 2673/2601/5076 2662/2600/5076
f 2673/2601/5077 2728/2658/5077 2697/2624/5077
f 2697/2624/5078 2698/2625/5078 2645/2561/5078
f 2729/2659/5079 2674/2589/5079 2698/2625/5079
f 2729/2659/5080 2713/2644/5080 2674/2589/5080
f 2730/2626/5081 2623/2535/5081 2713/2644/5081
f 2730/2626/5082 2714/2660/5082 2675/2602/5082
f 2715/2645/5083 2676/2603/5083 2646/2574/5083
f 2716/2646/5084 98/2616/5084 2679/2606/5084
f 2700/2627/5085 2731/2661/5085 2689/2628/5085
f 2717/2648/5086 2666/2591/5086 2690/2617/5086
f 2718/2649/5087 2732/2662/5087 2667/2592/5087
f 2732/2662/5088 2691/2629/5088 2667/2592/5088
f 2701/2630/5089 2719/2650/5089 2649/2593/5089
f 2682/2619/5090 2733/2631/5090 2650/2577/5090
f 2733/2631/5091 2651/2578/5091 2650/2577/5091
f 2720/2651/5092 2734/2663/5092 2692/2620/5092
f 2734/2663/5093 2693/2621/5093 2692/2620/5093
f 2735/2664/5094 2736/2665/5094 2693/2621/5094
f 2736/2665/5095 2702/2632/5095 2693/2621/5095
f 2721/2633/5096 2737/2666/5096 2694/2622/5096
f 2738/2667/5097 2695/2623/5097 2694/2622/5097
f 2722/2652/5098 2703/2634/5098 2695/2623/5098
f 2724/2654/5099 2655/2581/5099 2670/2596/5099
f 2739/2668/5100 2671/2583/5100 2725/2637/5100
f 2740/2669/5101 2685/2610/5101 2671/2583/5101
f 2740/2669/5102 2706/2638/5102 2685/2610/5102
f 2706/2638/5103 2741/2670/5103 2658/2585/5103
f 2741/2670/5104 2707/2639/5104 2658/2585/5104
f 2707/2639/5105 2696/2611/5105 2659/2586/5105
f 2708/2640/5106 2709/2641/5106 2619/2557/5106
f 2709/2641/5107 2755/2671/5107 2686/2599/5107
f 2688/2614/5108 2662/2600/5108 2634/2520/5108
f 2757/2672/5109 2698/2625/5109 2697/2624/5109
f 2744/2673/5110 2730/2626/5110 2713/2644/5110
f 2714/2660/5111 2715/2645/5111 2675/2602/5111
f 2745/2674/5112 2677/2604/5112 2676/2603/5112
f 2677/2604/5113 2746/2675/5113 2699/2615/5113
f 2699/2615/5114 2678/2605/5114 2664/2550/5114
f 2699/2615/5115 2747/2676/5115 2678/2605/5115
f 2747/2676/5116 2716/2646/5116 2678/2605/5116
f 2716/2646/5117 99/2677/5117 98/2616/5117
f 2760/2678/5118 2680/2608/5118 2689/2628/5118
f 2680/2608/5119 2748/2679/5119 2690/2617/5119
f 2748/2679/5120 2717/2648/5120 2690/2617/5120
f 2734/2663/5121 2749/2680/5121 2693/2621/5121
f 2749/2680/5122 2735/2664/5122 2693/2621/5122
f 2737/2666/5123 2738/2667/5123 2694/2622/5123
f 2724/2654/5124 2750/2681/5124 2655/2581/5124
f 2750/2681/5125 2704/2635/5125 2655/2581/5125
f 2752/2682/5126 2725/2637/5126 2705/2636/5126
f 2739/2668/5127 2753/2683/5127 2671/2583/5127
f 2754/2684/5128 2708/2640/5128 2696/2611/5128
f 2712/2643/5129 2742/2685/5129 2688/2614/5129
f 2742/2685/5130 2662/2600/5130 2688/2614/5130
f 2742/2685/5131 2743/2686/5131 2662/2600/5131
f 2743/2686/5132 2756/2687/5132 2662/2600/5132
f 2698/2625/5133 2758/2688/5133 2729/2659/5133
f 2758/2688/5134 2713/2644/5134 2729/2659/5134
f 2758/2688/5135 2759/2689/5135 2713/2644/5135
f 2745/2674/5136 2746/2675/5136 2677/2604/5136
f 2761/2690/5137 2748/2679/5137 2680/2608/5137
f 2732/2662/5138 2681/2618/5138 2691/2629/5138
f 2762/2691/5139 2701/2630/5139 2681/2618/5139
f 2719/2650/5140 2733/2631/5140 2682/2619/5140
f 2763/2692/5141 2720/2651/5141 2733/2631/5141
f 2735/2664/5142 2764/2693/5142 2736/2665/5142
f 2736/2665/5143 2721/2633/5143 2702/2632/5143
f 2683/2609/5144 2765/2694/5144 2723/2653/5144
f 2750/2681/5145 2766/2695/5145 2704/2635/5145
f 2751/2696/5146 2705/2636/5146 2704/2635/5146
f 2751/2696/5147 2752/2682/5147 2705/2636/5147
f 2767/2697/5148 2725/2637/5148 2752/2682/5148
f 2753/2683/5149 2740/2669/5149 2671/2583/5149
f 2768/2698/5150 2696/2611/5150 2707/2639/5150
f 2768/2698/5151 2754/2684/5151 2696/2611/5151
f 2754/2684/5152 2709/2641/5152 2708/2640/5152
f 2754/2684/5153 2755/2671/5153 2709/2641/5153
f 2755/2671/5154 2726/2655/5154 2686/2599/5154
f 2711/2642/5155 2770/2699/5155 2672/2613/5155
f 2770/2699/5156 2712/2643/5156 2672/2613/5156
f 2782/2700/5157 2742/2685/5157 2712/2643/5157
f 2756/2687/5158 2727/2657/5158 2662/2600/5158
f 2756/2687/5159 2673/2601/5159 2727/2657/5159
f 2756/2687/5160 2728/2658/5160 2673/2601/5160
f 2728/2658/5161 2757/2672/5161 2697/2624/5161
f 2757/2672/5162 2758/2688/5162 2698/2625/5162
f 2759/2689/5163 2744/2673/5163 2713/2644/5163
f 2730/2626/5164 2715/2645/5164 2714/2660/5164
f 2771/2701/5165 2676/2603/5165 2715/2645/5165
f 2746/2675/5166 2772/2702/5166 2699/2615/5166
f 2772/2702/5167 2747/2676/5167 2699/2615/5167
f 2773/2703/5168 2716/2646/5168 2747/2676/5168
f 2731/2661/5169 2760/2678/5169 2689/2628/5169
f 2774/2704/5170 2718/2649/5170 2717/2648/5170
f 2732/2662/5171 2762/2691/5171 2681/2618/5171
f 2749/2680/5172 2764/2693/5172 2735/2664/5172
f 2776/2705/5173 2721/2633/5173 2736/2665/5173
f 2777/2706/5174 2695/2623/5174 2738/2667/5174
f 2765/2694/5175 2683/2609/5175 2722/2652/5175
f 2778/2707/5176 2750/2681/5176 2724/2654/5176
f 2767/2697/5177 2739/2668/5177 2725/2637/5177
f 2780/2708/5178 2726/2655/5178 2755/2671/5178
f 2726/2655/5179 2769/2709/5179 2687/2612/5179
f 2687/2612/5180 2781/2710/5180 2710/2656/5180
f 2770/2699/5181 2782/2700/5181 2712/2643/5181
f 2783/2711/5182 2757/2672/5182 2728/2658/5182
f 2757/2672/5183 2784/2712/5183 2758/2688/5183
f 2784/2712/5184 2785/2713/5184 2758/2688/5184
f 2785/2713/5185 2759/2689/5185 2758/2688/5185
f 2759/2689/5186 2730/2626/5186 2744/2673/5186
f 2771/2701/5187 2745/2674/5187 2676/2603/5187
f 2771/2701/5188 2746/2675/5188 2745/2674/5188
f 101/2714/5189 2700/2627/5189 100/2647/5189
f 2760/2678/5190 2761/2690/5190 2680/2608/5190
f 2797/2715/5191 2732/2662/5191 2718/2649/5191
f 2787/2716/5192 2720/2651/5192 2763/2692/5192
f 2787/2716/5193 2749/2680/5193 2720/2651/5193
f 2749/2680/5194 2734/2663/5194 2720/2651/5194
f 2764/2693/5195 2775/2717/5195 2736/2665/5195
f 2775/2717/5196 2776/2705/5196 2736/2665/5196
f 2776/2705/5197 2788/2718/5197 2721/2633/5197
f 2788/2718/5198 2737/2666/5198 2721/2633/5198
f 2777/2706/5199 2722/2652/5199 2695/2623/5199
f 2777/2706/5200 2765/2694/5200 2722/2652/5200
f 2723/2653/5201 2778/2707/5201 2724/2654/5201
f 2766/2695/5202 2751/2696/5202 2704/2635/5202
f 2751/2696/5203 2779/2719/5203 2752/2682/5203
f 2779/2719/5204 2767/2697/5204 2752/2682/5204
f 2741/2670/5205 2768/2698/5205 2707/2639/5205
f 2711/2642/5206 2790/2720/5206 2770/2699/5206
f 2782/2700/5207 2743/2686/5207 2742/2685/5207
f 2743/2686/5208 2791/2721/5208 2756/2687/5208
f 2792/2722/5209 2728/2658/5209 2756/2687/5209
f 2759/2689/5210 2786/2723/5210 2730/2626/5210
f 2786/2723/5211 2793/2724/5211 2730/2626/5211
f 2793/2724/5212 2715/2645/5212 2730/2626/5212
f 2794/2725/5213 2746/2675/5213 2771/2701/5213
f 2773/2703/5214 2747/2676/5214 2772/2702/5214
f 2796/2726/5215 2760/2678/5215 2731/2661/5215
f 2748/2679/5216 2811/2727/5216 2717/2648/5216
f 2774/2704/5217 2797/2715/5217 2718/2649/5217
f 2732/2662/5218 2812/2728/5218 2762/2691/5218
f 2798/2729/5219 2701/2630/5219 2762/2691/5219
f 2798/2729/5220 2799/2730/5220 2701/2630/5220
f 2799/2730/5221 2719/2650/5221 2701/2630/5221
f 2719/2650/5222 2813/2731/5222 2733/2631/5222
f 2813/2731/5223 2763/2692/5223 2733/2631/5223
f 2814/2732/5224 2775/2717/5224 2764/2693/5224
f 2777/2706/5225 2738/2667/5225 2737/2666/5225
f 2765/2694/5226 2801/2733/5226 2723/2653/5226
f 2801/2733/5227 2778/2707/5227 2723/2653/5227
f 2778/2707/5228 2766/2695/5228 2750/2681/5228
f 2778/2707/5229 2802/2734/5229 2766/2695/5229
f 2751/2696/5230 2804/2735/5230 2779/2719/5230
f 2767/2697/5231 2753/2683/5231 2739/2668/5231
f 2740/2669/5232 2805/2736/5232 2706/2638/5232
f 2805/2736/5233 2741/2670/5233 2706/2638/5233
f 2845/2737/5234 2768/2698/5234 2741/2670/5234
f 2768/2698/5235 2789/2738/5235 2754/2684/5235
f 2789/2738/5236 2806/2739/5236 2754/2684/5236
f 2806/2739/5237 2755/2671/5237 2754/2684/5237
f 2769/2709/5238 2726/2655/5238 2780/2708/5238
f 2769/2709/5239 2808/2740/5239 2687/2612/5239
f 2808/2740/5240 2781/2710/5240 2687/2612/5240
f 2781/2710/5241 2711/2642/5241 2710/2656/5241
f 2790/2720/5242 2782/2700/5242 2770/2699/5242
f 2791/2721/5243 2792/2722/5243 2756/2687/5243
f 2792/2722/5244 2783/2711/5244 2728/2658/5244
f 2783/2711/5245 2784/2712/5245 2757/2672/5245
f 2794/2725/5246 2809/2741/5246 2746/2675/5246
f 2809/2741/5247 2795/2742/5247 2746/2675/5247
f 2795/2742/5248 2772/2702/5248 2746/2675/5248
f 2773/2703/5249 99/2677/5249 2716/2646/5249
f 101/2714/5250 2731/2661/5250 2700/2627/5250
f 2810/2743/5251 2796/2726/5251 2731/2661/5251
f 2796/2726/5252 2761/2690/5252 2760/2678/5252
f 2811/2727/5253 2748/2679/5253 2761/2690/5253
f 2811/2727/5254 2774/2704/5254 2717/2648/5254
f 2799/2730/5255 2813/2731/5255 2719/2650/5255
f 2814/2732/5256 2764/2693/5256 2749/2680/5256
f 2800/2744/5257 2777/2706/5257 2737/2666/5257
f 2777/2706/5258 2816/2745/5258 2765/2694/5258
f 2816/2745/5259 2801/2733/5259 2765/2694/5259
f 2802/2734/5260 2751/2696/5260 2766/2695/5260
f 2803/2746/5261 2804/2735/5261 2751/2696/5261
f 2805/2736/5262 2845/2737/5262 2741/2670/5262
f 2817/2747/5263 2789/2738/5263 2768/2698/5263
f 2806/2739/5264 2780/2708/5264 2755/2671/5264
f 2807/2748/5265 2808/2740/5265 2769/2709/5265
f 2781/2710/5266 2790/2720/5266 2711/2642/5266
f 2819/2749/5267 2784/2712/5267 2783/2711/5267
f 2793/2724/5268 2771/2701/5268 2715/2645/5268
f 2793/2724/5269 2794/2725/5269 2771/2701/5269
f 102/2750/5270 2731/2661/5270 101/2714/5270
f 2835/2751/5271 2811/2727/5271 2761/2690/5271
f 2864/2752/5272 2774/2704/5272 2811/2727/5272
f 2812/2728/5273 2732/2662/5273 2797/2715/5273
f 2798/2729/5274 2762/2691/5274 2812/2728/5274
f 2837/2753/5275 2763/2692/5275 2813/2731/5275
f 2839/2754/5276 2749/2680/5276 2787/2716/5276
f 2839/2754/5277 2814/2732/5277 2749/2680/5277
f 2820/2755/5278 2775/2717/5278 2814/2732/5278
f 2816/2745/5279 2821/2756/5279 2801/2733/5279
f 2822/2757/5280 2751/2696/5280 2802/2734/5280
f 2804/2735/5281 2767/2697/5281 2779/2719/5281
f 2824/2758/5282 2805/2736/5282 2740/2669/5282
f 2825/2759/5283 2780/2708/5283 2806/2739/5283
f 2780/2708/5284 2818/2760/5284 2769/2709/5284
f 2818/2760/5285 2807/2748/5285 2769/2709/5285
f 2827/2761/5286 2782/2700/5286 2790/2720/5286
f 2827/2761/5287 2743/2686/5287 2782/2700/5287
f 2828/2762/5288 2791/2721/5288 2743/2686/5288
f 2792/2722/5289 2829/2763/5289 2783/2711/5289
f 2784/2712/5290 2830/2764/5290 2785/2713/5290
f 2830/2764/5291 2759/2689/5291 2785/2713/5291
f 2772/2702/5292 2833/2765/5292 2773/2703/5292
f 2834/2766/5293 2731/2661/5293 102/2750/5293
f 2834/2766/5294 2810/2743/5294 2731/2661/5294
f 2796/2726/5295 2835/2751/5295 2761/2690/5295
f 2836/2767/5296 2798/2729/5296 2812/2728/5296
f 2838/2768/5297 2787/2716/5297 2763/2692/5297
f 2775/2717/5298 2840/2769/5298 2776/2705/5298
f 2815/2770/5299 2788/2718/5299 2776/2705/5299
f 2815/2770/5300 2737/2666/5300 2788/2718/5300
f 2815/2770/5301 2841/2771/5301 2737/2666/5301
f 2841/2771/5302 2800/2744/5302 2737/2666/5302
f 2842/2772/5303 2777/2706/5303 2800/2744/5303
f 2843/2773/5304 2816/2745/5304 2777/2706/5304
f 2844/2774/5305 2778/2707/5305 2801/2733/5305
f 2844/2774/5306 2802/2734/5306 2778/2707/5306
f 2822/2757/5307 2803/2746/5307 2751/2696/5307
f 2803/2746/5308 2856/2775/5308 2804/2735/5308
f 2804/2735/5309 2823/2776/5309 2767/2697/5309
f 2767/2697/5310 2824/2758/5310 2753/2683/5310
f 2824/2758/5311 2740/2669/5311 2753/2683/5311
f 2817/2747/5312 2768/2698/5312 2845/2737/5312
f 2808/2740/5313 2846/2777/5313 2781/2710/5313
f 2846/2777/5314 2790/2720/5314 2781/2710/5314
f 2847/2778/5315 2743/2686/5315 2827/2761/5315
f 2847/2778/5316 2828/2762/5316 2743/2686/5316
f 2848/2779/5317 2792/2722/5317 2791/2721/5317
f 2848/2779/5318 2829/2763/5318 2792/2722/5318
f 2829/2763/5319 2819/2749/5319 2783/2711/5319
f 2819/2749/5320 2849/2780/5320 2784/2712/5320
f 2849/2780/5321 2830/2764/5321 2784/2712/5321
f 2830/2764/5322 2850/2781/5322 2759/2689/5322
f 2786/2723/5323 2851/2782/5323 2793/2724/5323
f 2860/2783/5324 2831/2784/5324 2794/2725/5324
f 2831/2784/5325 2809/2741/5325 2794/2725/5325
f 2831/2784/5326 2795/2742/5326 2809/2741/5326
f 2795/2742/5327 2832/2785/5327 2772/2702/5327
f 2773/2703/5328 2862/2786/5328 99/2677/5328
f 2810/2743/5329 2852/2787/5329 2796/2726/5329
f 2852/2787/5330 2835/2751/5330 2796/2726/5330
f 2835/2751/5331 2864/2752/5331 2811/2727/5331
f 2853/2788/5332 2799/2730/5332 2798/2729/5332
f 2854/2789/5333 2837/2753/5333 2799/2730/5333
f 2837/2753/5334 2813/2731/5334 2799/2730/5334
f 2838/2768/5335 2763/2692/5335 2837/2753/5335
f 2839/2754/5336 2855/2790/5336 2814/2732/5336
f 2855/2790/5337 2820/2755/5337 2814/2732/5337
f 2820/2755/5338 2840/2769/5338 2775/2717/5338
f 2840/2769/5339 2815/2770/5339 2776/2705/5339
f 2841/2771/5340 2842/2772/5340 2800/2744/5340
f 2843/2773/5341 2777/2706/5341 2842/2772/5341
f 2843/2773/5342 2821/2756/5342 2816/2745/5342
f 2823/2776/5343 2824/2758/5343 2767/2697/5343
f 2857/2791/5344 2805/2736/5344 2824/2758/5344
f 2857/2791/5345 2858/2792/5345 2805/2736/5345
f 2858/2792/5346 2845/2737/5346 2805/2736/5346
f 2846/2777/5347 2826/2793/5347 2790/2720/5347
f 2826/2793/5348 2827/2761/5348 2790/2720/5348
f 2828/2762/5349 2848/2779/5349 2791/2721/5349
f 2850/2781/5350 2786/2723/5350 2759/2689/5350
f 2860/2783/5351 2794/2725/5351 2793/2724/5351
f 2861/2794/5352 2795/2742/5352 2831/2784/5352
f 2832/2785/5353 2833/2765/5353 2772/2702/5353
f 2833/2765/5354 2862/2786/5354 2773/2703/5354
f 103/2795/5355 2834/2766/5355 102/2750/5355
f 2863/2796/5356 2810/2743/5356 2834/2766/5356
f 2852/2787/5357 2864/2752/5357 2835/2751/5357
f 2865/2797/5358 2797/2715/5358 2774/2704/5358
f 2865/2797/5359 2812/2728/5359 2797/2715/5359
f 2866/2798/5360 2836/2767/5360 2812/2728/5360
f 2867/2799/5361 2798/2729/5361 2836/2767/5361
f 2853/2788/5362 2854/2789/5362 2799/2730/5362
f 2868/2800/5363 2838/2768/5363 2837/2753/5363
f 2838/2768/5364 2869/2801/5364 2787/2716/5364
f 2869/2801/5365 2839/2754/5365 2787/2716/5365
f 2869/2801/5366 2855/2790/5366 2839/2754/5366
f 2840/2769/5367 2870/2802/5367 2815/2770/5367
f 2871/2803/5368 2872/2804/5368 2843/2773/5368
f 2872/2804/5369 2821/2756/5369 2843/2773/5369
f 2821/2756/5370 2873/2805/5370 2801/2733/5370
f 2873/2805/5371 2874/2806/5371 2801/2733/5371
f 2874/2806/5372 2844/2774/5372 2801/2733/5372
f 2875/2807/5373 2802/2734/5373 2844/2774/5373
f 2802/2734/5374 2875/2807/5374 2822/2757/5374
f 2822/2757/5375 2856/2775/5375 2803/2746/5375
f 2856/2775/5376 2823/2776/5376 2804/2735/5376
f 2823/2776/5377 2877/2808/5377 2824/2758/5377
f 2858/2792/5378 2878/2809/5378 2845/2737/5378
f 2880/2810/5379 2825/2759/5379 2806/2739/5379
f 2880/2810/5380 2780/2708/5380 2825/2759/5380
f 2880/2810/5381 2818/2760/5381 2780/2708/5381
f 2828/2762/5382 2881/2811/5382 2848/2779/5382
f 2882/2812/5383 2829/2763/5383 2848/2779/5383
f 2882/2812/5384 2883/2813/5384 2829/2763/5384
f 2883/2813/5385 2819/2749/5385 2829/2763/5385
f 2819/2749/5386 2883/2813/5386 2849/2780/5386
f 2883/2813/5387 2884/2814/5387 2849/2780/5387
f 2884/2814/5388 2830/2764/5388 2849/2780/5388
f 2830/2764/5389 2885/2815/5389 2850/2781/5389
f 2896/2816/5390 2851/2782/5390 2786/2723/5390
f 2860/2783/5391 2793/2724/5391 2851/2782/5391
f 2861/2794/5392 2832/2785/5392 2795/2742/5392
f 2887/2817/5393 2833/2765/5393 2832/2785/5393
f 2863/2796/5394 2852/2787/5394 2810/2743/5394
f 2863/2796/5395 2888/2818/5395 2852/2787/5395
f 2852/2787/5396 2888/2818/5396 2864/2752/5396
f 2889/2819/5397 2774/2704/5397 2864/2752/5397
f 2865/2797/5398 2866/2798/5398 2812/2728/5398
f 2869/2801/5399 2838/2768/5399 2868/2800/5399
f 2855/2790/5400 2903/2820/5400 2820/2755/5400
f 2903/2820/5401 2840/2769/5401 2820/2755/5401
f 2870/2802/5402 2891/2821/5402 2815/2770/5402
f 2891/2821/5403 2841/2771/5403 2815/2770/5403
f 2872/2804/5404 2873/2805/5404 2821/2756/5404
f 2875/2807/5405 2893/2822/5405 2822/2757/5405
f 2893/2822/5406 2856/2775/5406 2822/2757/5406
f 2856/2775/5407 2876/2823/5407 2823/2776/5407
f 2877/2808/5408 2857/2791/5408 2824/2758/5408
f 2878/2809/5409 2817/2747/5409 2845/2737/5409
f 2879/2824/5410 2894/2825/5410 2817/2747/5410
f 2894/2825/5411 2789/2738/5411 2817/2747/5411
f 2789/2738/5412 2895/2826/5412 2806/2739/5412
f 2895/2826/5413 2880/2810/5413 2806/2739/5413
f 2859/2827/5414 2807/2748/5414 2818/2760/5414
f 2859/2827/5415 2808/2740/5415 2807/2748/5415
f 2859/2827/5416 2846/2777/5416 2808/2740/5416
f 2850/2781/5417 2896/2816/5417 2786/2723/5417
f 2898/2828/5418 2861/2794/5418 2831/2784/5418
f 2834/2766/5419 2899/2829/5419 2863/2796/5419
f 2889/2819/5420 2865/2797/5420 2774/2704/5420
f 2866/2798/5421 2867/2799/5421 2836/2767/5421
f 2867/2799/5422 2890/2830/5422 2798/2729/5422
f 2890/2830/5423 2853/2788/5423 2798/2729/5423
f 2900/2831/5424 2837/2753/5424 2854/2789/5424
f 2900/2831/5425 2868/2800/5425 2837/2753/5425
f 2900/2831/5426 2901/2832/5426 2868/2800/5426
f 2902/2833/5427 2855/2790/5427 2869/2801/5427
f 2903/2820/5428 2870/2802/5428 2840/2769/5428
f 2903/2820/5429 2891/2821/5429 2870/2802/5429
f 2892/2834/5430 2843/2773/5430 2842/2772/5430
f 2892/2834/5431 2871/2803/5431 2843/2773/5431
f 2876/2823/5432 2904/2835/5432 2823/2776/5432
f 2904/2835/5433 2905/2836/5433 2823/2776/5433
f 2905/2836/5434 2877/2808/5434 2823/2776/5434
f 2878/2809/5435 2879/2824/5435 2817/2747/5435
f 2894/2825/5436 2895/2826/5436 2789/2738/5436
f 2906/2837/5437 2826/2793/5437 2846/2777/5437
f 2907/2838/5438 2827/2761/5438 2826/2793/5438
f 2907/2838/5439 2908/2839/5439 2827/2761/5439
f 2908/2839/5440 2847/2778/5440 2827/2761/5440
f 2847/2778/5441 2909/2840/5441 2828/2762/5441
f 2909/2840/5442 2881/2811/5442 2828/2762/5442
f 2881/2811/5443 2882/2812/5443 2848/2779/5443
f 2882/2812/5444 2910/2841/5444 2883/2813/5444
f 2884/2814/5445 2885/2815/5445 2830/2764/5445
f 2911/2842/5446 2850/2781/5446 2885/2815/5446
f 2897/2843/5447 2860/2783/5447 2851/2782/5447
f 2912/2844/5448 2898/2828/5448 2860/2783/5448
f 2898/2828/5449 2831/2784/5449 2860/2783/5449
f 2861/2794/5450 2886/2845/5450 2832/2785/5450
f 2886/2845/5451 2887/2817/5451 2832/2785/5451
f 103/2795/5452 104/2846/5452 2834/2766/5452
f 2913/2847/5453 2864/2752/5453 2888/2818/5453
f 2913/2847/5454 2914/2848/5454 2864/2752/5454
f 2914/2848/5455 2889/2819/5455 2864/2752/5455
f 2915/2849/5456 2869/2801/5456 2868/2800/5456
f 2841/2771/5457 2892/2834/5457 2842/2772/5457
f 2871/2803/5458 2916/2850/5458 2872/2804/5458
f 2916/2850/5459 2873/2805/5459 2872/2804/5459
f 2874/2806/5460 2875/2807/5460 2844/2774/5460
f 2874/2806/5461 2917/2851/5461 2875/2807/5461
f 2893/2822/5462 2918/2852/5462 2856/2775/5462
f 2919/2853/5463 2857/2791/5463 2877/2808/5463
f 2920/2854/5464 2858/2792/5464 2857/2791/5464
f 2920/2854/5465 2878/2809/5465 2858/2792/5465
f 2921/2855/5466 2818/2760/5466 2880/2810/5466
f 2906/2837/5467 2907/2838/5467 2826/2793/5467
f 2922/2856/5468 2908/2839/5468 2907/2838/5468
f 2908/2839/5469 2923/2857/5469 2847/2778/5469
f 2923/2857/5470 2909/2840/5470 2847/2778/5470
f 2924/2858/5471 2882/2812/5471 2881/2811/5471
f 2910/2841/5472 2884/2814/5472 2883/2813/5472
f 2896/2816/5473 2897/2843/5473 2851/2782/5473
f 2897/2843/5474 2912/2844/5474 2860/2783/5474
f 2925/2859/5475 2898/2828/5475 2912/2844/5475
f 2926/2860/5476 2861/2794/5476 2898/2828/5476
f 2861/2794/5477 2927/2861/5477 2886/2845/5477
f 2927/2861/5478 2887/2817/5478 2886/2845/5478
f 2833/2765/5479 2928/2862/5479 2862/2786/5479
f 2899/2829/5480 2834/2766/5480 104/2846/5480
f 2899/2829/5481 2888/2818/5481 2863/2796/5481
f 2946/2863/5482 2865/2797/5482 2889/2819/5482
f 2946/2863/5483 2866/2798/5483 2865/2797/5483
f 2929/2864/5484 2867/2799/5484 2866/2798/5484
f 2931/2865/5485 2853/2788/5485 2890/2830/5485
f 2931/2865/5486 2854/2789/5486 2853/2788/5486
f 2932/2866/5487 2901/2832/5487 2900/2831/5487
f 2933/2867/5488 2868/2800/5488 2901/2832/5488
f 2933/2867/5489 2915/2849/5489 2868/2800/5489
f 2902/2833/5490 2903/2820/5490 2855/2790/5490
f 2891/2821/5491 2892/2834/5491 2841/2771/5491
f 2934/2868/5492 2871/2803/5492 2892/2834/5492
f 2873/2805/5493 2935/2869/5493 2874/2806/5493
f 2917/2851/5494 2936/2870/5494 2875/2807/5494
f 2936/2870/5495 2893/2822/5495 2875/2807/5495
f 2918/2852/5496 2876/2823/5496 2856/2775/5496
f 2905/2836/5497 2919/2853/5497 2877/2808/5497
f 2919/2853/5498 2938/2871/5498 2857/2791/5498
f 2938/2871/5499 2920/2854/5499 2857/2791/5499
f 2878/2809/5500 2939/2872/5500 2879/2824/5500
f 2895/2826/5501 2921/2855/5501 2880/2810/5501
f 2921/2855/5502 2940/2873/5502 2818/2760/5502
f 2940/2873/5503 2859/2827/5503 2818/2760/5503
f 2941/2874/5504 2846/2777/5504 2859/2827/5504
f 2941/2874/5505 2906/2837/5505 2846/2777/5505
f 2942/2875/5506 2885/2815/5506 2884/2814/5506
f 2896/2816/5507 2850/2781/5507 2911/2842/5507
f 104/2846/5508 2943/2876/5508 2899/2829/5508
f 2943/2876/5509 2944/2877/5509 2899/2829/5509
f 2944/2877/5510 2888/2818/5510 2899/2829/5510
f 2944/2877/5511 2913/2847/5511 2888/2818/5511
f 2914/2848/5512 2946/2863/5512 2889/2819/5512
f 2946/2863/5513 2947/2878/5513 2866/2798/5513
f 2931/2865/5514 2932/2866/5514 2854/2789/5514
f 2932/2866/5515 2900/2831/5515 2854/2789/5515
f 2948/2879/5516 2933/2867/5516 2901/2832/5516
f 2949/2880/5517 2902/2833/5517 2869/2801/5517
f 2934/2868/5518 2916/2850/5518 2871/2803/5518
f 2920/2854/5519 2952/2881/5519 2878/2809/5519
f 2952/2881/5520 2939/2872/5520 2878/2809/5520
f 2939/2872/5521 2894/2825/5521 2879/2824/5521
f 2940/2873/5522 2941/2874/5522 2859/2827/5522
f 2954/2882/5523 2881/2811/5523 2909/2840/5523
f 2954/2882/5524 2924/2858/5524 2881/2811/5524
f 2924/2858/5525 2955/2883/5525 2882/2812/5525
f 2955/2883/5526 2910/2841/5526 2882/2812/5526
f 2956/2884/5527 2942/2875/5527 2884/2814/5527
f 2942/2875/5528 2911/2842/5528 2885/2815/5528
f 2911/2842/5529 2957/2885/5529 2896/2816/5529
f 2957/2885/5530 2958/2886/5530 2896/2816/5530
f 2958/2886/5531 2897/2843/5531 2896/2816/5531
f 2926/2860/5532 2927/2861/5532 2861/2794/5532
f 2913/2847/5533 2945/2887/5533 2914/2848/5533
f 2929/2864/5534 2930/2888/5534 2867/2799/5534
f 2930/2888/5535 2890/2830/5535 2867/2799/5535
f 2932/2866/5536 2948/2879/5536 2901/2832/5536
f 2948/2879/5537 2915/2849/5537 2933/2867/5537
f 2915/2849/5538 2949/2880/5538 2869/2801/5538
f 2959/2889/5539 2903/2820/5539 2902/2833/5539
f 2959/2889/5540 2950/2890/5540 2903/2820/5540
f 2960/2891/5541 2891/2821/5541 2903/2820/5541
f 2960/2891/5542 2961/2892/5542 2891/2821/5542
f 2961/2892/5543 2892/2834/5543 2891/2821/5543
f 2936/2870/5544 2918/2852/5544 2893/2822/5544
f 2992/2893/5545 2876/2823/5545 2918/2852/5545
f 2876/2823/5546 2937/2894/5546 2904/2835/5546
f 2905/2836/5547 2951/2895/5547 2919/2853/5547
f 2951/2895/5548 2938/2871/5548 2919/2853/5548
f 2938/2871/5549 2952/2881/5549 2920/2854/5549
f 2953/2896/5550 2895/2826/5550 2894/2825/5550
f 2962/2897/5551 2921/2855/5551 2895/2826/5551
f 2963/2898/5552 2906/2837/5552 2941/2874/5552
f 2922/2856/5553 2964/2899/5553 2908/2839/5553
f 2910/2841/5554 2956/2884/5554 2884/2814/5554
f 2942/2875/5555 2965/2900/5555 2911/2842/5555
f 2925/2859/5556 2926/2860/5556 2898/2828/5556
f 2966/2901/5557 2927/2861/5557 2926/2860/5557
f 2887/2817/5558 2928/2862/5558 2833/2765/5558
f 2928/2862/5559 105/2902/5559 2862/2786/5559
f 2945/2887/5560 2913/2847/5560 2944/2877/5560
f 2945/2887/5561 2967/2903/5561 2914/2848/5561
f 2967/2903/5562 2946/2863/5562 2914/2848/5562
f 2968/2904/5563 2932/2866/5563 2931/2865/5563
f 2969/2905/5564 2948/2879/5564 2932/2866/5564
f 2948/2879/5565 2970/2906/5565 2915/2849/5565
f 2971/2907/5566 2902/2833/5566 2949/2880/5566
f 2950/2890/5567 2960/2891/5567 2903/2820/5567
f 2934/2868/5568 2972/2908/5568 2916/2850/5568
f 2935/2869/5569 2873/2805/5569 2916/2850/5569
f 2973/2909/5570 2917/2851/5570 2874/2806/5570
f 2973/2909/5571 2936/2870/5571 2917/2851/5571
f 2937/2894/5572 2905/2836/5572 2904/2835/5572
f 2938/2871/5573 2974/2910/5573 2952/2881/5573
f 2952/2881/5574 2975/2911/5574 2939/2872/5574
f 2953/2896/5575 2894/2825/5575 2939/2872/5575
f 2921/2855/5576 2996/2912/5576 2940/2873/5576
f 2906/2837/5577 2976/2913/5577 2907/2838/5577
f 2909/2840/5578 2978/2914/5578 2954/2882/5578
f 2979/2915/5579 2955/2883/5579 2924/2858/5579
f 2965/2900/5580 2980/2916/5580 2911/2842/5580
f 2980/2916/5581 2957/2885/5581 2911/2842/5581
f 2981/2917/5582 2912/2844/5582 2897/2843/5582
f 2966/2901/5583 2887/2817/5583 2927/2861/5583
f 106/2918/5584 2943/2876/5584 104/2846/5584
f 2982/2919/5585 2944/2877/5585 2943/2876/5585
f 2983/2920/5586 2945/2887/5586 2944/2877/5586
f 2984/2921/5587 2985/2922/5587 2945/2887/5587
f 2985/2922/5588 2967/2903/5588 2945/2887/5588
f 2967/2903/5589 2947/2878/5589 2946/2863/5589
f 2947/2878/5590 3002/2923/5590 2866/2798/5590
f 3002/2923/5591 2929/2864/5591 2866/2798/5591
f 3004/2924/5592 2890/2830/5592 2930/2888/5592
f 2890/2830/5593 2986/2925/5593 2931/2865/5593
f 2968/2904/5594 2969/2905/5594 2932/2866/5594
f 2970/2906/5595 2949/2880/5595 2915/2849/5595
f 2970/2906/5596 2987/2926/5596 2949/2880/5596
f 2987/2926/5597 2971/2907/5597 2949/2880/5597
f 2971/2907/5598 2959/2889/5598 2902/2833/5598
f 2961/2892/5599 2988/2927/5599 2892/2834/5599
f 2988/2927/5600 2934/2868/5600 2892/2834/5600
f 2989/2928/5601 2874/2806/5601 2935/2869/5601
f 2989/2928/5602 2973/2909/5602 2874/2806/5602
f 2936/2870/5603 2991/2929/5603 2918/2852/5603
f 2991/2929/5604 2992/2893/5604 2918/2852/5604
f 2992/2893/5605 2937/2894/5605 2876/2823/5605
f 2974/2910/5606 2975/2911/5606 2952/2881/5606
f 2994/2930/5607 2939/2872/5607 2975/2911/5607
f 2994/2930/5608 2953/2896/5608 2939/2872/5608
f 2953/2896/5609 2995/2931/5609 2895/2826/5609
f 2995/2931/5610 2962/2897/5610 2895/2826/5610
f 2996/2912/5611 2921/2855/5611 2962/2897/5611
f 2996/2912/5612 2997/2932/5612 2940/2873/5612
f 2997/2932/5613 2941/2874/5613 2940/2873/5613
f 2997/2932/5614 2963/2898/5614 2941/2874/5614
f 2963/2898/5615 2976/2913/5615 2906/2837/5615
f 2976/2913/5616 2977/2933/5616 2907/2838/5616
f 2977/2933/5617 2922/2856/5617 2907/2838/5617
f 2964/2899/5618 2923/2857/5618 2908/2839/5618
f 2964/2899/5619 2998/2934/5619 2923/2857/5619
f 2999/2935/5620 2924/2858/5620 2954/2882/5620
f 2999/2935/5621 2979/2915/5621 2924/2858/5621
f 2955/2883/5622 2956/2884/5622 2910/2841/5622
f 2958/2886/5623 3000/2936/5623 2897/2843/5623
f 2981/2917/5624 2925/2859/5624 2912/2844/5624
f 2982/2919/5625 3001/2937/5625 2944/2877/5625
f 2983/2920/5626 2984/2921/5626 2945/2887/5626
f 3004/2924/5627 2930/2888/5627 2929/2864/5627
f 2986/2925/5628 2968/2904/5628 2931/2865/5628
f 3005/2938/5629 2948/2879/5629 2969/2905/5629
f 2960/2891/5630 3014/2939/5630 2961/2892/5630
f 2988/2927/5631 2972/2908/5631 2934/2868/5631
f 2990/2940/5632 2936/2870/5632 2973/2909/5632
f 2992/2893/5633 2993/2941/5633 2937/2894/5633
f 3006/2942/5634 2905/2836/5634 2937/2894/5634
f 3006/2942/5635 2951/2895/5635 2905/2836/5635
f 3007/2943/5636 2938/2871/5636 2951/2895/5636
f 3007/2943/5637 2974/2910/5637 2938/2871/5637
f 2974/2910/5638 2994/2930/5638 2975/2911/5638
f 2977/2933/5639 2964/2899/5639 2922/2856/5639
f 2998/2934/5640 2909/2840/5640 2923/2857/5640
f 2978/2914/5641 2999/2935/5641 2954/2882/5641
f 3009/2944/5642 2955/2883/5642 2979/2915/5642
f 3009/2944/5643 2956/2884/5643 2955/2883/5643
f 2956/2884/5644 2980/2916/5644 2942/2875/5644
f 2980/2916/5645 2965/2900/5645 2942/2875/5645
f 2958/2886/5646 2957/2885/5646 2980/2916/5646
f 3000/2936/5647 2981/2917/5647 2897/2843/5647
f 3010/2945/5648 2926/2860/5648 2925/2859/5648
f 3011/2946/5649 2943/2876/5649 106/2918/5649
f 3011/2946/5650 2982/2919/5650 2943/2876/5650
f 3011/2946/5651 3001/2937/5651 2982/2919/5651
f 3001/2937/5652 2983/2920/5652 2944/2877/5652
f 2967/2903/5653 3002/2923/5653 2947/2878/5653
f 3003/2947/5654 3004/2924/5654 2929/2864/5654
f 3004/2924/5655 2986/2925/5655 2890/2830/5655
f 3005/2938/5656 2970/2906/5656 2948/2879/5656
f 3042/2948/5657 2987/2926/5657 2970/2906/5657
f 3012/2949/5658 2959/2889/5658 2971/2907/5658
f 3013/2950/5659 2960/2891/5659 2950/2890/5659
f 3013/2950/5660 3014/2939/5660 2960/2891/5660
f 2988/2927/5661 3015/2951/5661 2972/2908/5661
f 2972/2908/5662 3016/2952/5662 2916/2850/5662
f 3016/2952/5663 2935/2869/5663 2916/2850/5663
f 3016/2952/5664 2989/2928/5664 2935/2869/5664
f 2991/2929/5665 2936/2870/5665 2990/2940/5665
f 3018/2953/5666 2993/2941/5666 2992/2893/5666
f 3006/2942/5667 3019/2954/5667 2951/2895/5667
f 2994/2930/5668 3008/2955/5668 2953/2896/5668
f 3020/2956/5669 2995/2931/5669 2953/2896/5669
f 2995/2931/5670 2996/2912/5670 2962/2897/5670
f 2997/2932/5671 3021/2957/5671 2963/2898/5671
f 3021/2957/5672 2976/2913/5672 2963/2898/5672
f 3022/2958/5673 2998/2934/5673 2964/2899/5673
f 2998/2934/5674 2978/2914/5674 2909/2840/5674
f 2978/2914/5675 3023/2959/5675 2999/2935/5675
f 3024/2960/5676 3025/2961/5676 2956/2884/5676
f 3025/2961/5677 2980/2916/5677 2956/2884/5677
f 3026/2962/5678 2958/2886/5678 2980/2916/5678
f 3052/2963/5679 3010/2945/5679 2925/2859/5679
f 3010/2945/5680 2966/2901/5680 2926/2860/5680
f 2966/2901/5681 3027/2964/5681 2887/2817/5681
f 2887/2817/5682 3027/2964/5682 2928/2862/5682
f 2928/2862/5683 3028/2965/5683 105/2902/5683
f 107/2966/5684 3011/2946/5684 106/2918/5684
f 3001/2937/5685 3029/2967/5685 2983/2920/5685
f 3029/2967/5686 2984/2921/5686 2983/2920/5686
f 3030/2968/5687 3002/2923/5687 2967/2903/5687
f 2987/2926/5688 3012/2949/5688 2971/2907/5688
f 3012/2949/5689 3031/2969/5689 2959/2889/5689
f 2961/2892/5690 3032/2970/5690 2988/2927/5690
f 2972/2908/5691 3034/2971/5691 3016/2952/5691
f 2973/2909/5692 3017/2972/5692 2990/2940/5692
f 2990/2940/5693 3046/2973/5693 2991/2929/5693
f 2991/2929/5694 3018/2953/5694 2992/2893/5694
f 3007/2943/5695 2994/2930/5695 2974/2910/5695
f 3008/2955/5696 3020/2956/5696 2953/2896/5696
f 3035/2974/5697 2997/2932/5697 2996/2912/5697
f 3021/2957/5698 2977/2933/5698 2976/2913/5698
f 3036/2975/5699 2978/2914/5699 2998/2934/5699
f 2979/2915/5700 3037/2976/5700 3009/2944/5700
f 3009/2944/5701 3037/2976/5701 2956/2884/5701
f 3037/2976/5702 3024/2960/5702 2956/2884/5702
f 3025/2961/5703 3026/2962/5703 2980/2916/5703
f 3026/2962/5704 3038/2977/5704 2958/2886/5704
f 3038/2977/5705 3000/2936/5705 2958/2886/5705
f 3064/2978/5706 2981/2917/5706 3000/2936/5706
f 3003/2947/5707 2929/2864/5707 3002/2923/5707
f 3040/2979/5708 2986/2925/5708 3004/2924/5708
f 3041/2980/5709 2969/2905/5709 2968/2904/5709
f 3041/2980/5710 3005/2938/5710 2969/2905/5710
f 3005/2938/5711 3042/2948/5711 2970/2906/5711
f 3042/2948/5712 3043/2981/5712 2987/2926/5712
f 3043/2981/5713 3012/2949/5713 2987/2926/5713
f 3031/2969/5714 2950/2890/5714 2959/2889/5714
f 3031/2969/5715 3013/2950/5715 2950/2890/5715
f 3033/2982/5716 3015/2951/5716 2988/2927/5716
f 3015/2951/5717 3034/2971/5717 2972/2908/5717
f 2989/2928/5718 3045/2983/5718 2973/2909/5718
f 3045/2983/5719 3017/2972/5719 2973/2909/5719
f 3017/2972/5720 3046/2973/5720 2990/2940/5720
f 2993/2941/5721 3006/2942/5721 2937/2894/5721
f 2993/2941/5722 3047/2984/5722 3006/2942/5722
f 3019/2954/5723 3007/2943/5723 2951/2895/5723
f 3048/2985/5724 2994/2930/5724 3007/2943/5724
f 3049/2986/5725 3050/2987/5725 2994/2930/5725
f 3050/2987/5726 3008/2955/5726 2994/2930/5726
f 3082/2988/5727 3051/2989/5727 2997/2932/5727
f 3036/2975/5728 3023/2959/5728 2978/2914/5728
f 3023/2959/5729 2979/2915/5729 2999/2935/5729
f 2981/2917/5730 3052/2963/5730 2925/2859/5730
f 3010/2945/5731 3053/2990/5731 2966/2901/5731
f 3027/2964/5732 3028/2965/5732 2928/2862/5732
f 3028/2965/5733 108/2991/5733 105/2902/5733
f 3011/2946/5734 3054/2992/5734 3001/2937/5734
f 3054/2992/5735 3029/2967/5735 3001/2937/5735
f 3029/2967/5736 3065/2993/5736 2984/2921/5736
f 3030/2968/5737 2967/2903/5737 2985/2922/5737
f 3055/2994/5738 3004/2924/5738 3003/2947/5738
f 3055/2994/5739 3039/2995/5739 3004/2924/5739
f 3057/2996/5740 2968/2904/5740 2986/2925/5740
f 3058/2997/5741 3041/2980/5741 2968/2904/5741
f 3041/2980/5742 3059/2998/5742 3005/2938/5742
f 3013/2950/5743 3060/2999/5743 3014/2939/5743
f 3014/2939/5744 3032/2970/5744 2961/2892/5744
f 3032/2970/5745 3033/2982/5745 2988/2927/5745
f 3044/3000/5746 2989/2928/5746 3016/2952/5746
f 3044/3000/5747 3045/2983/5747 2989/2928/5747
f 3061/3001/5748 3018/2953/5748 2991/2929/5748
f 2995/2931/5749 3035/2974/5749 2996/2912/5749
f 3035/2974/5750 3082/2988/5750 2997/2932/5750
f 3051/2989/5751 3021/2957/5751 2997/2932/5751
f 3062/3002/5752 2998/2934/5752 3022/2958/5752
f 3062/3002/5753 3036/2975/5753 2998/2934/5753
f 3023/2959/5754 3037/2976/5754 2979/2915/5754
f 3063/3003/5755 3025/2961/5755 3024/2960/5755
f 3064/2978/5756 3000/2936/5756 3038/2977/5756
f 3053/2990/5757 3074/3004/5757 2966/2901/5757
f 3074/3004/5758 3027/2964/5758 2966/2901/5758
f 109/3005/5759 3011/2946/5759 107/2966/5759
f 3054/2992/5760 3065/2993/5760 3029/2967/5760
f 3065/2993/5761 2985/2922/5761 2984/2921/5761
f 3065/2993/5762 3030/2968/5762 2985/2922/5762
f 3075/3006/5763 3002/2923/5763 3030/2968/5763
f 3075/3006/5764 3003/2947/5764 3002/2923/5764
f 3040/2979/5765 3056/3007/5765 2986/2925/5765
f 3057/2996/5766 2986/2925/5766 3056/3007/5766
f 3057/2996/5767 3058/2997/5767 2968/2904/5767
f 3066/3008/5768 3067/3009/5768 3043/2981/5768
f 3067/3009/5769 3012/2949/5769 3043/2981/5769
f 3067/3009/5770 3031/2969/5770 3012/2949/5770
f 3031/2969/5771 3060/2999/5771 3013/2950/5771
f 3068/3010/5772 3046/2973/5772 3017/2972/5772
f 3046/2973/5773 3061/3001/5773 2991/2929/5773
f 3061/3001/5774 2993/2941/5774 3018/2953/5774
f 3069/3011/5775 3019/2954/5775 3006/2942/5775
f 3069/3011/5776 3007/2943/5776 3019/2954/5776
f 3069/3011/5777 3048/2985/5777 3007/2943/5777
f 3048/2985/5778 3070/3012/5778 2994/2930/5778
f 3070/3012/5779 3049/2986/5779 2994/2930/5779
f 3080/3013/5780 2995/2931/5780 3020/2956/5780
f 3071/3014/5781 2977/2933/5781 3021/2957/5781
f 2977/2933/5782 3022/2958/5782 2964/2899/5782
f 3072/3015/5783 3037/2976/5783 3023/2959/5783
f 3025/2961/5784 3073/3016/5784 3026/2962/5784
f 3064/2978/5785 3052/2963/5785 2981/2917/5785
f 3117/3017/5786 3010/2945/5786 3052/2963/5786
f 3087/3018/5787 3028/2965/5787 3027/2964/5787
f 110/3019/5788 3011/2946/5788 109/3005/5788
f 110/3019/5789 3054/2992/5789 3011/2946/5789
f 3075/3006/5790 3055/2994/5790 3003/2947/5790
f 3039/2995/5791 3040/2979/5791 3004/2924/5791
f 3059/2998/5792 3076/3020/5792 3005/2938/5792
f 3076/3020/5793 3042/2948/5793 3005/2938/5793
f 3076/3020/5794 3043/2981/5794 3042/2948/5794
f 3077/3021/5795 3066/3008/5795 3043/2981/5795
f 3078/3022/5796 3032/2970/5796 3014/2939/5796
f 3033/2982/5797 3034/2971/5797 3015/2951/5797
f 3079/3023/5798 3017/2972/5798 3045/2983/5798
f 3068/3010/5799 3061/3001/5799 3046/2973/5799
f 3047/2984/5800 3069/3011/5800 3006/2942/5800
f 3080/3013/5801 3020/2956/5801 3008/2955/5801
f 3080/3013/5802 3081/3024/5802 2995/2931/5802
f 2995/2931/5803 3081/3024/5803 3035/2974/5803
f 3081/3024/5804 3082/2988/5804 3035/2974/5804
f 3097/3025/5805 3022/2958/5805 2977/2933/5805
f 3083/3026/5806 3062/3002/5806 3022/2958/5806
f 3084/3027/5807 3023/2959/5807 3036/2975/5807
f 3084/3027/5808 3072/3015/5808 3023/2959/5808
f 3072/3015/5809 3098/3028/5809 3037/2976/5809
f 3085/3029/5810 3024/2960/5810 3037/2976/5810
f 3073/3016/5811 3038/2977/5811 3026/2962/5811
f 3038/2977/5812 3086/3030/5812 3064/2978/5812
f 3064/2978/5813 3101/3031/5813 3052/2963/5813
f 3117/3017/5814 3053/2990/5814 3010/2945/5814
f 3074/3004/5815 3087/3018/5815 3027/2964/5815
f 3065/2993/5816 3088/3032/5816 3030/2968/5816
f 3088/3032/5817 3075/3006/5817 3030/2968/5817
f 3089/3033/5818 3055/2994/5818 3075/3006/5818
f 3058/2997/5819 3059/2998/5819 3041/2980/5819
f 3077/3021/5820 3043/2981/5820 3076/3020/5820
f 3090/3034/5821 3060/2999/5821 3031/2969/5821
f 3090/3034/5822 3091/3035/5822 3060/2999/5822
f 3091/3035/5823 3014/2939/5823 3060/2999/5823
f 3091/3035/5824 3078/3022/5824 3014/2939/5824
f 3092/3036/5825 3016/2952/5825 3034/2971/5825
f 3092/3036/5826 3093/3037/5826 3016/2952/5826
f 3079/3023/5827 3068/3010/5827 3017/2972/5827
f 3061/3001/5828 3094/3038/5828 2993/2941/5828
f 3094/3038/5829 3047/2984/5829 2993/2941/5829
f 3095/3039/5830 3048/2985/5830 3069/3011/5830
f 3095/3039/5831 3070/3012/5831 3048/2985/5831
f 3096/3040/5832 3049/2986/5832 3070/3012/5832
f 3096/3040/5833 3050/2987/5833 3049/2986/5833
f 3050/2987/5834 3080/3013/5834 3008/2955/5834
f 3051/2989/5835 3071/3014/5835 3021/2957/5835
f 3062/3002/5836 3084/3027/5836 3036/2975/5836
f 3098/3028/5837 3085/3029/5837 3037/2976/5837
f 3099/3041/5838 3024/2960/5838 3085/3029/5838
f 3099/3041/5839 3063/3003/5839 3024/2960/5839
f 3100/3042/5840 3025/2961/5840 3063/3003/5840
f 3100/3042/5841 3073/3016/5841 3025/2961/5841
f 3117/3017/5842 3102/3043/5842 3053/2990/5842
f 3118/3044/5843 3087/3018/5843 3074/3004/5843
f 3103/3045/5844 3065/2993/5844 3054/2992/5844
f 3103/3045/5845 3104/3046/5845 3065/2993/5845
f 3055/2994/5846 3040/2979/5846 3039/2995/5846
f 3105/3047/5847 3076/3020/5847 3059/2998/5847
f 3105/3047/5848 3106/3048/5848 3076/3020/5848
f 3106/3048/5849 3077/3021/5849 3076/3020/5849
f 3066/3008/5850 3107/3049/5850 3067/3009/5850
f 3107/3049/5851 3031/2969/5851 3067/3009/5851
f 3108/3050/5852 3090/3034/5852 3031/2969/5852
f 3109/3051/5853 3032/2970/5853 3078/3022/5853
f 3033/2982/5854 3110/3052/5854 3034/2971/5854
f 3044/3000/5855 3123/3053/5855 3045/2983/5855
f 3123/3053/5856 3079/3023/5856 3045/2983/5856
f 3079/3023/5857 3111/3054/5857 3068/3010/5857
f 3112/3055/5858 3061/3001/5858 3068/3010/5858
f 3113/3056/5859 3094/3038/5859 3061/3001/5859
f 3047/2984/5860 3154/3057/5860 3069/3011/5860
f 3096/3040/5861 3114/3058/5861 3050/2987/5861
f 3082/2988/5862 3115/3059/5862 3051/2989/5862
f 3071/3014/5863 3097/3025/5863 2977/2933/5863
f 3097/3025/5864 3083/3026/5864 3022/2958/5864
f 3116/3060/5865 3086/3030/5865 3038/2977/5865
f 3086/3030/5866 3101/3031/5866 3064/2978/5866
f 3117/3017/5867 3052/2963/5867 3101/3031/5867
f 3104/3046/5868 3088/3032/5868 3065/2993/5868
f 3119/3061/5869 3040/2979/5869 3055/2994/5869
f 3119/3061/5870 3056/3007/5870 3040/2979/5870
f 3120/3062/5871 3057/2996/5871 3056/3007/5871
f 3120/3062/5872 3058/2997/5872 3057/2996/5872
f 3058/2997/5873 3105/3047/5873 3059/2998/5873
f 3121/3063/5874 3066/3008/5874 3077/3021/5874
f 3121/3063/5875 3107/3049/5875 3066/3008/5875
f 3108/3050/5876 3122/3064/5876 3090/3034/5876
f 3122/3064/5877 3091/3035/5877 3090/3034/5877
f 3093/3037/5878 3044/3000/5878 3016/2952/5878
f 3093/3037/5879 3123/3053/5879 3044/3000/5879
f 3124/3065/5880 3111/3054/5880 3079/3023/5880
f 3112/3055/5881 3125/3066/5881 3061/3001/5881
f 3125/3066/5882 3113/3056/5882 3061/3001/5882
f 3113/3056/5883 3126/3067/5883 3094/3038/5883
f 3094/3038/5884 3154/3057/5884 3047/2984/5884
f 3069/3011/5885 3127/3068/5885 3095/3039/5885
f 3095/3039/5886 3096/3040/5886 3070/3012/5886
f 3114/3058/5887 3128/3069/5887 3050/2987/5887
f 3128/3069/5888 3080/3013/5888 3050/2987/5888
f 3051/2989/5889 3129/3070/5889 3071/3014/5889
f 3143/3071/5890 3084/3027/5890 3062/3002/5890
f 3130/3072/5891 3072/3015/5891 3084/3027/5891
f 3130/3072/5892 3131/3073/5892 3072/3015/5892
f 3131/3073/5893 3098/3028/5893 3072/3015/5893
f 3132/3074/5894 3085/3029/5894 3098/3028/5894
f 3133/3075/5895 3073/3016/5895 3100/3042/5895
f 3133/3075/5896 3038/2977/5896 3073/3016/5896
f 3133/3075/5897 3116/3060/5897 3038/2977/5897
f 3116/3060/5898 3101/3031/5898 3086/3030/5898
f 3102/3043/5899 3074/3004/5899 3053/2990/5899
f 110/3019/5900 111/3076/5900 3054/2992/5900
f 111/3076/5901 3134/3077/5901 3054/2992/5901
f 3134/3077/5902 3103/3045/5902 3054/2992/5902
f 3119/3061/5903 3120/3062/5903 3056/3007/5903
f 3120/3062/5904 3135/3078/5904 3058/2997/5904
f 3107/3049/5905 3108/3050/5905 3031/2969/5905
f 3122/3064/5906 3136/3079/5906 3091/3035/5906
f 3137/3080/5907 3109/3051/5907 3078/3022/5907
f 3109/3051/5908 3033/2982/5908 3032/2970/5908
f 3109/3051/5909 3110/3052/5909 3033/2982/5909
f 3110/3052/5910 3092/3036/5910 3034/2971/5910
f 3123/3053/5911 3124/3065/5911 3079/3023/5911
f 3139/3081/5912 3068/3010/5912 3111/3054/5912
f 3139/3081/5913 3112/3055/5913 3068/3010/5913
f 3125/3066/5914 3140/3082/5914 3113/3056/5914
f 3141/3083/5915 3096/3040/5915 3095/3039/5915
f 3142/3084/5916 3080/3013/5916 3128/3069/5916
f 3142/3084/5917 3081/3024/5917 3080/3013/5917
f 3115/3059/5918 3129/3070/5918 3051/2989/5918
f 3143/3071/5919 3062/3002/5919 3083/3026/5919
f 3131/3073/5920 3144/3085/5920 3098/3028/5920
f 3144/3085/5921 3132/3074/5921 3098/3028/5921
f 3132/3074/5922 3099/3041/5922 3085/3029/5922
f 3118/3044/5923 3028/2965/5923 3087/3018/5923
f 3104/3046/5924 3147/3086/5924 3088/3032/5924
f 3147/3086/5925 3075/3006/5925 3088/3032/5925
f 3147/3086/5926 3148/3087/5926 3075/3006/5926
f 3148/3087/5927 3089/3033/5927 3075/3006/5927
f 3055/2994/5928 3160/3088/5928 3119/3061/5928
f 3149/3089/5929 3106/3048/5929 3105/3047/5929
f 3106/3048/5930 3150/3090/5930 3077/3021/5930
f 3150/3090/5931 3121/3063/5931 3077/3021/5931
f 3091/3035/5932 3137/3080/5932 3078/3022/5932
f 3137/3080/5933 3151/3091/5933 3109/3051/5933
f 3110/3052/5934 3138/3092/5934 3092/3036/5934
f 3138/3092/5935 3093/3037/5935 3092/3036/5935
f 3153/3093/5936 3094/3038/5936 3126/3067/5936
f 3154/3057/5937 3127/3068/5937 3069/3011/5937
f 3127/3068/5938 3141/3083/5938 3095/3039/5938
f 3141/3083/5939 3114/3058/5939 3096/3040/5939
f 3155/3094/5940 3082/2988/5940 3081/3024/5940
f 3143/3071/5941 3156/3095/5941 3084/3027/5941
f 3099/3041/5942 3157/3096/5942 3063/3003/5942
f 3157/3096/5943 3100/3042/5943 3063/3003/5943
f 3145/3097/5944 3116/3060/5944 3133/3075/5944
f 3158/3098/5945 3101/3031/5945 3116/3060/5945
f 3074/3004/5946 3172/3099/5946 3146/3100/5946
f 3146/3100/5947 3118/3044/5947 3074/3004/5947
f 3118/3044/5948 3159/3101/5948 3028/2965/5948
f 3159/3101/5949 108/2991/5949 3028/2965/5949
f 3174/3102/5950 3104/3046/5950 3103/3045/5950
f 3089/3033/5951 3160/3088/5951 3055/2994/5951
f 3135/3078/5952 3105/3047/5952 3058/2997/5952
f 3161/3103/5953 3106/3048/5953 3149/3089/5953
f 3162/3104/5954 3108/3050/5954 3107/3049/5954
f 3163/3105/5955 3136/3079/5955 3122/3064/5955
f 3164/3106/5956 3091/3035/5956 3136/3079/5956
f 3164/3106/5957 3137/3080/5957 3091/3035/5957
f 3123/3053/5958 3152/3107/5958 3124/3065/5958
f 3152/3107/5959 3111/3054/5959 3124/3065/5959
f 3139/3081/5960 3125/3066/5960 3112/3055/5960
f 3140/3082/5961 3126/3067/5961 3113/3056/5961
f 3153/3093/5962 3154/3057/5962 3094/3038/5962
f 3114/3058/5963 3142/3084/5963 3128/3069/5963
f 3129/3070/5964 3165/3108/5964 3071/3014/5964
f 3166/3109/5965 3097/3025/5965 3071/3014/5965
f 3166/3109/5966 3083/3026/5966 3097/3025/5966
f 3166/3109/5967 3143/3071/5967 3083/3026/5967
f 3156/3095/5968 3130/3072/5968 3084/3027/5968
f 3144/3085/5969 3167/3110/5969 3132/3074/5969
f 3167/3110/5970 3099/3041/5970 3132/3074/5970
f 3157/3096/5971 3133/3075/5971 3100/3042/5971
f 3157/3096/5972 3169/3111/5972 3133/3075/5972
f 3169/3111/5973 3145/3097/5973 3133/3075/5973
f 3101/3031/5974 3170/3112/5974 3117/3017/5974
f 3170/3112/5975 3171/3113/5975 3117/3017/5975
f 3172/3099/5976 3074/3004/5976 3102/3043/5976
f 3146/3100/5977 3173/3114/5977 3118/3044/5977
f 3159/3101/5978 112/3115/5978 108/2991/5978
f 3174/3102/5979 3103/3045/5979 3134/3077/5979
f 3160/3088/5980 3175/3116/5980 3119/3061/5980
f 3176/3117/5981 3120/3062/5981 3119/3061/5981
f 3176/3117/5982 3177/3118/5982 3120/3062/5982
f 3177/3118/5983 3135/3078/5983 3120/3062/5983
f 3161/3103/5984 3150/3090/5984 3106/3048/5984
f 3150/3090/5985 3187/3119/5985 3121/3063/5985
f 3162/3104/5986 3122/3064/5986 3108/3050/5986
f 3151/3091/5987 3178/3120/5987 3109/3051/5987
f 3178/3120/5988 3110/3052/5988 3109/3051/5988
f 3138/3092/5989 3179/3121/5989 3093/3037/5989
f 3179/3121/5990 3123/3053/5990 3093/3037/5990
f 3152/3107/5991 3139/3081/5991 3111/3054/5991
f 3180/3122/5992 3127/3068/5992 3154/3057/5992
f 3180/3122/5993 3181/3123/5993 3127/3068/5993
f 3114/3058/5994 3182/3124/5994 3142/3084/5994
f 3165/3108/5995 3166/3109/5995 3071/3014/5995
f 3167/3110/5996 3168/3125/5996 3099/3041/5996
f 3168/3125/5997 3157/3096/5997 3099/3041/5997
f 3183/3126/5998 3101/3031/5998 3158/3098/5998
f 3183/3126/5999 3170/3112/5999 3101/3031/5999
f 3171/3113/6000 3102/3043/6000 3117/3017/6000
f 3171/3113/6001 3172/3099/6001 3102/3043/6001
f 3172/3099/6002 3184/3127/6002 3146/3100/6002
f 3184/3127/6003 3173/3114/6003 3146/3100/6003
f 114/3128/6004 3174/3102/6004 3134/3077/6004
f 3148/3087/6005 3185/3129/6005 3089/3033/6005
f 3185/3129/6006 3160/3088/6006 3089/3033/6006
f 3186/3130/6007 3175/3116/6007 3160/3088/6007
f 3175/3116/6008 3176/3117/6008 3119/3061/6008
f 3135/3078/6009 3149/3089/6009 3105/3047/6009
f 3202/3131/6010 3162/3104/6010 3107/3049/6010
f 3216/3132/6011 3122/3064/6011 3162/3104/6011
f 3216/3132/6012 3163/3105/6012 3122/3064/6012
f 3163/3105/6013 3164/3106/6013 3136/3079/6013
f 3163/3105/6014 3188/3133/6014 3164/3106/6014
f 3164/3106/6015 3151/3091/6015 3137/3080/6015
f 3164/3106/6016 3189/3134/6016 3151/3091/6016
f 3190/3135/6017 3152/3107/6017 3123/3053/6017
f 3191/3136/6018 3139/3081/6018 3152/3107/6018
f 3205/3137/6019 3140/3082/6019 3125/3066/6019
f 3192/3138/6020 3126/3067/6020 3140/3082/6020
f 3181/3123/6021 3141/3083/6021 3127/3068/6021
f 3193/3139/6022 3114/3058/6022 3141/3083/6022
f 3194/3140/6023 3165/3108/6023 3129/3070/6023
f 3196/3141/6024 3143/3071/6024 3166/3109/6024
f 3196/3141/6025 3156/3095/6025 3143/3071/6025
f 3131/3073/6026 3167/3110/6026 3144/3085/6026
f 3145/3097/6027 3158/3098/6027 3116/3060/6027
f 3145/3097/6028 3183/3126/6028 3158/3098/6028
f 3159/3101/6029 3200/3142/6029 112/3115/6029
f 111/3076/6030 114/3128/6030 3134/3077/6030
f 3185/3129/6031 3186/3130/6031 3160/3088/6031
f 3177/3118/6032 3149/3089/6032 3135/3078/6032
f 3201/3143/6033 3161/3103/6033 3149/3089/6033
f 3161/3103/6034 3187/3119/6034 3150/3090/6034
f 3202/3131/6035 3121/3063/6035 3187/3119/6035
f 3202/3131/6036 3107/3049/6036 3121/3063/6036
f 3188/3133/6037 3189/3134/6037 3164/3106/6037
f 3178/3120/6038 3203/3144/6038 3110/3052/6038
f 3203/3144/6039 3138/3092/6039 3110/3052/6039
f 3203/3144/6040 3179/3121/6040 3138/3092/6040
f 3179/3121/6041 3204/3145/6041 3123/3053/6041
f 3204/3145/6042 3190/3135/6042 3123/3053/6042
f 3205/3137/6043 3125/3066/6043 3139/3081/6043
f 3192/3138/6044 3153/3093/6044 3126/3067/6044
f 3180/3122/6045 3154/3057/6045 3153/3093/6045
f 3181/3123/6046 3193/3139/6046 3141/3083/6046
f 3193/3139/6047 3182/3124/6047 3114/3058/6047
f 3206/3146/6048 3207/3147/6048 3142/3084/6048
f 3207/3147/6049 3081/3024/6049 3142/3084/6049
f 3207/3147/6050 3155/3094/6050 3081/3024/6050
f 3155/3094/6051 3115/3059/6051 3082/2988/6051
f 3165/3108/6052 3195/3148/6052 3166/3109/6052
f 3208/3149/6053 3130/3072/6053 3156/3095/6053
f 3208/3149/6054 3131/3073/6054 3130/3072/6054
f 3197/3150/6055 3167/3110/6055 3131/3073/6055
f 3167/3110/6056 3209/3151/6056 3168/3125/6056
f 3210/3152/6057 3169/3111/6057 3157/3096/6057
f 3198/3153/6058 3145/3097/6058 3169/3111/6058
f 3171/3113/6059 3184/3127/6059 3172/3099/6059
f 3173/3114/6060 3199/3154/6060 3118/3044/6060
f 3199/3154/6061 3159/3101/6061 3118/3044/6061
f 3200/3142/6062 113/3155/6062 112/3115/6062
f 3212/3156/6063 3147/3086/6063 3104/3046/6063
f 3213/3157/6064 3185/3129/6064 3148/3087/6064
f 3186/3130/6065 3214/3158/6065 3175/3116/6065
f 3214/3158/6066 3176/3117/6066 3175/3116/6066
f 3215/3159/6067 3149/3089/6067 3177/3118/6067
f 3230/3160/6068 3187/3119/6068 3161/3103/6068
f 3216/3132/6069 3162/3104/6069 3202/3131/6069
f 3217/3161/6070 3151/3091/6070 3189/3134/6070
f 3190/3135/6071 3218/3162/6071 3152/3107/6071
f 3191/3136/6072 3205/3137/6072 3139/3081/6072
f 3205/3137/6073 3219/3163/6073 3140/3082/6073
f 3220/3164/6074 181/3165/6074 3181/3123/6074
f 181/3165/6075 3193/3139/6075 3181/3123/6075
f 3182/3124/6076 3206/3146/6076 3142/3084/6076
f 3222/3166/6077 3129/3070/6077 3115/3059/6077
f 3222/3166/6078 3194/3140/6078 3129/3070/6078
f 3223/3167/6079 3165/3108/6079 3194/3140/6079
f 3224/3168/6080 3196/3141/6080 3166/3109/6080
f 3208/3149/6081 3197/3150/6081 3131/3073/6081
f 3197/3150/6082 3209/3151/6082 3167/3110/6082
f 3225/3169/6083 3157/3096/6083 3168/3125/6083
f 3225/3169/6084 3210/3152/6084 3157/3096/6084
f 3210/3152/6085 3198/3153/6085 3169/3111/6085
f 3226/3170/6086 3145/3097/6086 3198/3153/6086
f 3199/3154/6087 3211/3171/6087 3159/3101/6087
f 3227/3172/6088 3174/3102/6088 114/3128/6088
f 3236/3173/6089 3212/3156/6089 3104/3046/6089
f 3212/3156/6090 3148/3087/6090 3147/3086/6090
f 3212/3156/6091 3213/3157/6091 3148/3087/6091
f 3228/3174/6092 3214/3158/6092 3186/3130/6092
f 136/3175/6093 3176/3117/6093 3214/3158/6093
f 3176/3117/6094 3229/3176/6094 3177/3118/6094
f 3201/3143/6095 3149/3089/6095 3215/3159/6095
f 3231/3177/6096 3189/3134/6096 3188/3133/6096
f 3217/3161/6097 3178/3120/6097 3151/3091/6097
f 3218/3162/6098 3191/3136/6098 3152/3107/6098
f 3219/3163/6099 3192/3138/6099 3140/3082/6099
f 171/3178/6100 3180/3122/6100 3153/3093/6100
f 3232/3179/6101 3155/3094/6101 3207/3147/6101
f 3221/3180/6102 3115/3059/6102 3155/3094/6102
f 3223/3167/6103 3195/3148/6103 3165/3108/6103
f 3224/3168/6104 3166/3109/6104 3195/3148/6104
f 3196/3141/6105 3208/3149/6105 3156/3095/6105
f 3233/3181/6106 3197/3150/6106 3208/3149/6106
f 3209/3151/6107 3225/3169/6107 3168/3125/6107
f 3226/3170/6108 3183/3126/6108 3145/3097/6108
f 3234/3182/6109 3173/3114/6109 3184/3127/6109
f 3234/3182/6110 3199/3154/6110 3173/3114/6110
f 3211/3171/6111 3200/3142/6111 3159/3101/6111
f 3236/3173/6112 3104/3046/6112 3174/3102/6112
f 3213/3157/6113 128/3183/6113 3185/3129/6113
f 128/3183/6114 3186/3130/6114 3185/3129/6114
f 3229/3176/6115 3215/3159/6115 3177/3118/6115
f 3230/3160/6116 3237/3184/6116 3187/3119/6116
f 3237/3184/6117 3202/3131/6117 3187/3119/6117
f 3238/3185/6118 3163/3105/6118 3216/3132/6118
f 3238/3185/6119 3188/3133/6119 3163/3105/6119
f 3238/3185/6120 3231/3177/6120 3188/3133/6120
f 3231/3177/6121 3217/3161/6121 3189/3134/6121
f 3204/3145/6122 3218/3162/6122 3190/3135/6122
f 166/3186/6123 3153/3093/6123 3192/3138/6123
f 166/3186/6124 171/3178/6124 3153/3093/6124
f 171/3178/6125 3239/3187/6125 3180/3122/6125
f 3180/3122/6126 3220/3164/6126 3181/3123/6126
f 3232/3179/6127 3207/3147/6127 3206/3146/6127
f 3232/3179/6128 3221/3180/6128 3155/3094/6128
f 3221/3180/6129 3222/3166/6129 3115/3059/6129
f 206/3188/6130 3224/3168/6130 3195/3148/6130
f 209/3189/6131 3196/3141/6131 3224/3168/6131
f 3233/3181/6132 3208/3149/6132 3196/3141/6132
f 3233/3181/6133 3240/3190/6133 3197/3150/6133
f 3240/3190/6134 214/3191/6134 3197/3150/6134
f 3226/3170/6135 3241/3192/6135 3183/3126/6135
f 3241/3192/6136 3242/3193/6136 3183/3126/6136
f 3242/3193/6137 3170/3112/6137 3183/3126/6137
f 227/3194/6138 3184/3127/6138 3171/3113/6138
f 231/3195/6139 3200/3142/6139 3211/3171/6139
f 231/3195/6140 115/3196/6140 3200/3142/6140
f 115/3196/6141 113/3155/6141 3200/3142/6141
f 116/3197/6142 3227/3172/6142 114/3128/6142
f 3235/3198/6143 3174/3102/6143 3227/3172/6143
f 3235/3198/6144 3236/3173/6144 3174/3102/6144
f 128/3183/6145 129/3199/6145 3186/3130/6145
f 132/3200/6146 3214/3158/6146 3228/3174/6146
f 134/3201/6147 136/3175/6147 3214/3158/6147
f 136/3175/6148 3229/3176/6148 3176/3117/6148
f 138/3202/6149 3201/3143/6149 3215/3159/6149
f 141/3203/6150 3161/3103/6150 3201/3143/6150
f 141/3203/6151 3230/3160/6151 3161/3103/6151
f 3243/3204/6152 3217/3161/6152 3231/3177/6152
f 3243/3204/6153 151/3205/6153 3217/3161/6153
f 3217/3161/6154 153/3206/6154 3178/3120/6154
f 153/3206/6155 3203/3144/6155 3178/3120/6155
f 3203/3144/6156 157/3207/6156 3179/3121/6156
f 3244/3208/6157 3204/3145/6157 3179/3121/6157
f 3218/3162/6158 3205/3137/6158 3191/3136/6158
f 3239/3187/6159 176/3209/6159 3180/3122/6159
f 176/3209/6160 3220/3164/6160 3180/3122/6160
f 186/3210/6161 3182/3124/6161 3193/3139/6161
f 186/3210/6162 188/3211/6162 3182/3124/6162
f 188/3211/6163 3206/3146/6163 3182/3124/6163
f 188/3211/6164 3232/3179/6164 3206/3146/6164
f 192/3212/6165 3221/3180/6165 3232/3179/6165
f 3222/3166/6166 3223/3167/6166 3194/3140/6166
f 3223/3167/6167 206/3188/6167 3195/3148/6167
f 212/3213/6168 3240/3190/6168 3233/3181/6168
f 214/3191/6169 3209/3151/6169 3197/3150/6169
f 3225/3169/6170 3209/3151/6170 214/3191/6170
f 3242/3193/6171 3171/3113/6171 3170/3112/6171
f 223/3214/6172 227/3194/6172 3171/3113/6172
f 227/3194/6173 3234/3182/6173 3184/3127/6173
f 229/3215/6174 3211/3171/6174 3199/3154/6174
f 122/3216/6175 124/3217/6175 3236/3173/6175
f 3236/3173/6176 124/3217/6176 3212/3156/6176
f 3212/3156/6177 126/3218/6177 3213/3157/6177
f 126/3218/6178 128/3183/6178 3213/3157/6178
f 129/3199/6179 3228/3174/6179 3186/3130/6179
f 132/3200/6180 134/3201/6180 3214/3158/6180
f 3229/3176/6181 138/3202/6181 3215/3159/6181
f 141/3203/6182 3237/3184/6182 3230/3160/6182
f 144/3219/6183 3202/3131/6183 3237/3184/6183
f 148/3220/6184 150/3221/6184 3238/3185/6184
f 150/3221/6185 3231/3177/6185 3238/3185/6185
f 155/3222/6186 157/3207/6186 3203/3144/6186
f 157/3207/6187 3244/3208/6187 3179/3121/6187
f 3244/3208/6188 158/3223/6188 3204/3145/6188
f 158/3223/6189 3218/3162/6189 3204/3145/6189
f 160/3224/6190 3205/3137/6190 3218/3162/6190
f 162/3225/6191 3219/3163/6191 3205/3137/6191
f 162/3225/6192 3192/3138/6192 3219/3163/6192
f 176/3209/6193 177/3226/6193 3220/3164/6193
f 177/3226/6194 179/3227/6194 3220/3164/6194
f 179/3227/6195 181/3165/6195 3220/3164/6195
f 3222/3166/6196 197/3228/6196 3223/3167/6196
f 201/3229/6197 206/3188/6197 3223/3167/6197
f 206/3188/6198 209/3189/6198 3224/3168/6198
f 209/3189/6199 212/3213/6199 3196/3141/6199
f 212/3213/6200 3233/3181/6200 3196/3141/6200
f 216/3230/6201 3210/3152/6201 3225/3169/6201
f 219/3231/6202 3198/3153/6202 3210/3152/6202
f 219/3231/6203 3226/3170/6203 3198/3153/6203
f 223/3214/6204 3171/3113/6204 3242/3193/6204
f 227/3194/6205 229/3215/6205 3234/3182/6205
f 229/3215/6206 3199/3154/6206 3234/3182/6206
f 229/3215/6207 231/3195/6207 3211/3171/6207
f 231/3195/6208 117/3232/6208 115/3196/6208
f 116/3197/6209 3235/3198/6209 3227/3172/6209
f 122/3216/6210 3236/3173/6210 3235/3198/6210
f 124/3217/6211 126/3218/6211 3212/3156/6211
f 129/3199/6212 131/3233/6212 3228/3174/6212
f 131/3233/6213 132/3200/6213 3228/3174/6213
f 136/3175/6214 137/3234/6214 3229/3176/6214
f 137/3234/6215 138/3202/6215 3229/3176/6215
f 138/3202/6216 139/3235/6216 3201/3143/6216
f 139/3235/6217 141/3203/6217 3201/3143/6217
f 142/3236/6218 3237/3184/6218 141/3203/6218
f 142/3236/6219 144/3219/6219 3237/3184/6219
f 144/3219/6220 145/3237/6220 3202/3131/6220
f 145/3237/6221 3216/3132/6221 3202/3131/6221
f 145/3237/6222 146/3238/6222 3216/3132/6222
f 146/3238/6223 3238/3185/6223 3216/3132/6223
f 146/3238/6224 148/3220/6224 3238/3185/6224
f 150/3221/6225 3243/3204/6225 3231/3177/6225
f 150/3221/6226 151/3205/6226 3243/3204/6226
f 151/3205/6227 153/3206/6227 3217/3161/6227
f 153/3206/6228 155/3222/6228 3203/3144/6228
f 157/3207/6229 158/3223/6229 3244/3208/6229
f 158/3223/6230 160/3224/6230 3218/3162/6230
f 160/3224/6231 162/3225/6231 3205/3137/6231
f 165/3239/6232 3192/3138/6232 162/3225/6232
f 165/3239/6233 166/3186/6233 3192/3138/6233
f 169/3240/6234 171/3178/6234 166/3186/6234
f 171/3178/6235 174/3241/6235 3239/3187/6235
f 174/3241/6236 176/3209/6236 3239/3187/6236
f 183/3242/6237 3193/3139/6237 181/3165/6237
f 183/3242/6238 186/3210/6238 3193/3139/6238
f 188/3211/6239 192/3212/6239 3232/3179/6239
f 192/3212/6240 195/3243/6240 3221/3180/6240
f 195/3243/6241 3222/3166/6241 3221/3180/6241
f 195/3243/6242 197/3228/6242 3222/3166/6242
f 197/3228/6243 201/3229/6243 3223/3167/6243
f 214/3191/6244 216/3230/6244 3225/3169/6244
f 216/3230/6245 219/3231/6245 3210/3152/6245
f 219/3231/6246 3241/3192/6246 3226/3170/6246
f 219/3231/6247 221/3244/6247 3241/3192/6247
f 221/3244/6248 223/3214/6248 3241/3192/6248
f 223/3214/6249 3242/3193/6249 3241/3192/6249
