# Blender 4.5.2 LTS
# www.blender.org
mtllib merged_model_0_10.mtl
o merged_model_0_10
v -249.994675 250.001709 812.070435
v 249.999207 249.992737 782.387024
v 249.992767 246.079971 782.184692
v -249.985855 243.540588 811.520813
v 250.008453 241.246857 783.631775
v -250.026001 236.033676 812.158630
v -249.980164 226.010651 813.206177
v 249.988892 225.645233 785.874817
v -250.002060 220.596161 812.616394
v 250.001144 213.998581 787.345581
v -249.965439 206.793823 812.925720
v 250.018265 197.099625 792.286438
v -250.045898 190.653610 811.757629
v 250.015884 184.461349 793.522949
v -249.996918 170.646790 809.475891
v 250.001343 160.511810 795.233337
v -250.041763 162.015930 809.107727
v 249.999023 137.823425 796.836975
v -249.979492 144.487747 806.869263
v -250.021820 132.554337 805.096008
v -249.936737 122.478447 804.681152
v 250.004318 124.799507 797.873596
v -249.984238 116.067268 804.201782
v 249.993561 110.206940 798.019348
v -249.947952 109.089798 803.941772
v -250.028564 98.164612 802.238953
v -249.964294 94.753204 801.232910
v -249.987930 86.533600 799.947815
v 250.000076 70.837952 798.032410
v -250.024185 78.456886 798.679443
v -250.032440 72.805122 797.450623
v -249.994110 55.731449 796.241333
v 250.008041 47.117371 797.966064
v -249.970505 46.358231 794.995361
v -250.027817 38.416344 793.809143
v 250.004028 31.386282 798.756287
v -250.013306 29.235003 792.783813
v -249.956177 20.850946 792.582581
v -250.111908 15.572371 791.992249
v -250.022247 10.956466 791.874695
v 249.995255 -1.337716 801.228760
v -250.000015 -1.195915 791.929382
v -250.000031 -25.604353 795.520325
v 249.998611 -28.115122 803.056824
v -250.001907 -31.072073 796.281860
v -250.006042 -49.575500 797.849487
v 250.007050 -47.129360 804.425659
v 250.011749 -60.881672 803.283630
v -249.995117 -68.789513 799.332092
v 250.039810 -71.705589 802.413635
v -249.998306 -78.251831 800.611511
v 250.052490 -77.796326 801.809814
v 249.994751 -85.807014 801.361206
v -250.008072 -94.602913 804.239075
v 250.001266 -99.500755 800.544983
v -250.005966 -111.798019 807.729675
v 250.047379 -110.022476 799.807617
v 249.993637 -121.993248 799.452026
v -250.012558 -122.052200 811.290833
v -249.993881 -135.066696 814.385681
v 250.010941 -132.007492 799.390747
v 249.998230 -139.939301 799.380737
v -250.019608 -149.074417 818.217590
v 250.007614 -153.479050 799.105225
v -250.001587 -158.177536 820.822815
v 250.044250 -162.727127 797.784851
v 249.991547 -167.414337 797.528076
v -250.011612 -174.251129 825.426697
v -250.025436 -177.714142 825.912170
v -249.998749 -190.057190 829.918396
v 250.008224 -199.419540 800.746094
v -250.000687 -202.669510 833.000610
v -250.008438 -213.701477 834.032104
v 250.001358 -218.406921 805.759583
v -250.001953 -232.776733 838.105103
v 249.999359 -238.416321 809.291138
v 250.011398 -244.343323 809.567932
v -249.997940 -250.009918 839.511658
v -239.052780 -249.999298 839.632507
v -239.039627 249.997208 808.275391
v -232.066010 250.001083 805.641602
v -222.770844 -250.004593 838.425903
v -225.040741 250.001022 803.433899
v -216.488464 250.002991 802.097595
v -208.995346 250.012741 799.421326
v -200.766632 -250.003754 836.008728
v -191.733810 249.993958 795.479431
v -189.295837 -249.998016 833.785706
v -178.085922 250.001999 792.548584
v -179.443741 -249.995148 830.440552
v -167.053879 -250.005585 826.753540
v -163.063797 250.001221 789.815247
v -159.399628 -250.009323 824.162231
v -152.712540 250.009689 787.977051
v -135.317123 249.999863 785.275757
v -128.753738 -250.004120 817.220520
v -127.792091 249.998398 784.288147
v -120.936798 -250.009460 814.886353
v -115.271713 250.020966 779.726868
v -113.147858 -250.001099 812.789185
v -105.830612 249.999634 776.280029
v -91.210274 -249.998566 809.576904
v -90.909279 249.994934 771.366699
v -78.964325 -249.995300 805.406677
v -82.661751 250.010834 769.340271
v -69.899178 250.006592 764.686707
v -61.060280 -249.993057 799.812073
v -59.591854 249.999634 760.727844
v -52.034882 250.061966 757.534302
v -44.309353 -250.008667 794.016296
v -38.323444 249.994553 755.771057
v -27.959934 -250.004440 788.384521
v -22.030901 250.005585 757.103516
v -11.905641 -250.004257 784.708984
v -2.393220 250.014587 758.392822
v 1.641860 -250.084839 781.466431
v 8.073524 249.980209 758.454834
v 9.220179 -249.993683 774.365601
v 19.066576 250.011230 758.428894
v 24.103601 -250.000305 767.780212
v 26.507990 250.024429 757.553528
v 36.410378 -250.024857 761.421082
v 37.895489 249.984100 755.429138
v 48.178368 -250.022141 758.826294
v 51.619690 249.979691 751.580017
v 54.321705 250.000015 749.325745
v 57.362400 -249.996765 761.392883
v 60.215321 250.009766 745.924622
v 64.821037 -250.008957 762.733765
v 74.497437 249.999756 734.204651
v 74.170830 -249.984253 765.006836
v 82.030632 -250.007721 766.289917
v 91.053780 249.985764 737.717896
v 90.343391 -249.980835 767.651611
v 98.638069 250.019760 739.333008
v 102.792053 -250.008377 766.211731
v 111.884987 250.010910 749.200500
v 111.621872 -250.001938 767.643066
v 120.008545 250.005447 752.315125
v 123.442055 -249.997650 769.242554
v 133.459656 -249.989487 772.795959
v 136.365067 249.996475 761.929749
v 143.074921 -249.989624 776.167786
v 145.609482 249.997025 766.925659
v 147.343201 -250.105133 777.972839
v 151.964676 -250.004623 782.140259
v 156.302399 250.003296 771.658203
v 167.194809 250.004379 775.290649
v 171.588440 -250.029022 786.630615
v 178.590485 250.000916 779.429749
v 190.793137 -249.974014 793.633911
v 201.511215 249.993332 783.074707
v 199.872482 -250.054337 796.709229
v 203.733276 -250.093933 801.956848
v 207.184616 -250.178787 803.633667
v 210.228226 -250.018494 805.312622
v 221.799606 249.997650 783.911926
v 233.832748 -249.997467 809.283264
v 231.476593 250.005081 784.254639
v 243.221771 249.994370 782.444336
v 249.998505 -250.000290 809.903442
v -243.321014 244.413132 810.034302
v -236.408890 243.427704 808.102661
v -221.336319 242.320251 803.339294
v -210.004379 245.370071 799.700928
v -190.687698 243.483276 795.338684
v -173.124359 244.872223 791.597656
v -139.495605 246.711884 786.425659
v -120.974518 247.233704 781.637512
v -112.357826 245.223358 778.869995
v -86.469910 245.151093 769.610474
v -79.667770 245.343124 768.423767
v -63.878319 245.971054 763.069153
v -51.548409 241.282944 757.183716
v -23.760942 241.096893 758.122620
v -13.593101 242.800507 758.452454
v 6.440340 240.904236 759.827454
v 12.547276 243.930710 759.333496
v 40.431934 245.092026 756.104126
v 46.775375 242.597076 754.518188
v 57.561226 244.053864 745.512085
v 69.936073 245.771408 736.447205
v 79.756317 248.028824 729.058289
v 88.537857 247.606903 731.573669
v 103.439095 247.310989 743.796753
v 115.750397 246.364014 750.229553
v 122.048004 245.506073 754.054688
v 128.137543 241.844025 757.280945
v 228.570450 241.186417 784.867798
v 240.172073 242.544342 784.782471
v -224.748932 239.453171 804.635071
v -205.569275 235.212585 799.470886
v -152.900223 239.094284 788.153992
v -128.437225 238.714783 784.189453
v -96.426140 239.002045 772.414551
v -32.835884 244.422791 757.000671
v 18.904751 237.053467 759.629272
v 30.993549 241.278809 758.633850
v 52.132633 243.972488 751.925293
v 85.646996 244.646667 730.600403
v 90.316498 243.737152 731.802917
v 106.145882 245.377045 747.213440
v 155.530380 243.687424 771.320312
v 170.682602 244.106064 776.746338
v 185.258728 237.514328 780.084961
v 192.008652 236.156143 781.639526
v 213.409164 244.097092 784.792603
v 222.855453 242.416916 785.099915
v -211.100876 238.283646 801.220947
v -167.498917 242.881775 790.523926
v -142.319214 240.951477 786.324707
v -122.444038 239.477982 782.674683
v -110.030609 239.089447 777.302734
v -91.615532 237.663391 771.503723
v -75.016029 236.456512 765.900757
v -38.466145 238.599380 756.535461
v -5.323959 237.461792 759.880554
v 66.419647 241.459671 736.341431
v 74.396072 244.346619 729.485840
v 101.738113 241.696075 740.787048
v 204.009369 234.786438 783.768799
v -185.607208 240.705551 794.188843
v -178.124283 235.681198 792.524963
v -163.450928 235.812622 789.646240
v -82.911995 239.913757 768.415588
v -67.580833 234.667191 762.737244
v -62.573887 239.854004 762.160583
v 57.049366 238.972870 748.705505
v 61.457554 241.748169 741.075928
v 69.456200 237.928024 729.454102
v 107.986938 237.356339 747.578308
v 113.442360 241.173813 750.450439
v -240.198593 234.716095 808.864746
v -235.987198 232.844543 807.218628
v -194.637909 235.052155 796.726318
v -48.505566 238.650848 756.251709
v 30.298861 229.788589 759.538208
v 42.426765 234.875687 757.332031
v 51.700108 236.117767 754.215637
v 78.146255 235.863876 730.159973
v 137.246033 240.377167 763.315674
v 144.757370 238.003418 767.078979
v 157.640259 236.510788 772.386230
v 176.154297 236.271500 778.394165
v -171.443146 233.187149 791.577698
v -148.851257 233.904205 787.251892
v -89.436653 232.165558 770.350830
v -34.021992 233.125092 758.386047
v 62.960011 235.829926 740.376526
v 89.407730 234.507278 730.626160
v 95.950653 232.959091 734.784912
v 99.960381 235.634567 737.717712
v 116.866814 236.203445 752.357117
v 148.272614 230.483459 768.559753
v 165.416962 231.879227 774.907898
v 233.785919 235.384689 785.320312
v 244.106216 233.958618 785.284058
v -192.728271 227.195984 796.221802
v -182.120865 230.163025 794.080933
v -157.860245 234.094986 788.547729
v -117.716690 233.059174 780.800903
v -105.879158 228.072250 776.531250
v -41.349419 232.911209 756.975037
v -29.272385 233.289871 759.181641
v -12.030024 231.805573 760.573730
v -1.827343 228.050522 761.418945
v 6.949306 228.966599 761.264282
v 53.807289 232.529083 754.818970
v 128.586853 232.281876 758.348511
v 134.548065 230.696930 761.995483
v 214.661438 231.355621 785.458130
v -223.574280 230.969788 803.654114
v -144.713028 227.616211 786.843445
v -133.709396 229.836624 785.011841
v -111.169899 226.466232 777.175232
v -69.577660 226.223373 763.148010
v -60.342758 233.717682 760.065674
v -51.903584 232.565659 755.948547
v -22.407728 227.718521 760.213196
v 22.707926 231.500580 760.044373
v 74.627190 230.046463 729.226501
v 105.790749 232.351532 747.576294
v 175.907990 227.407822 778.207275
v -201.945679 228.952927 798.645752
v -156.269882 227.260422 788.197815
v -128.757874 227.415573 783.561646
v -117.701881 227.910538 781.542725
v -100.525520 224.540497 774.268311
v -75.642693 222.485184 764.543030
v -37.627735 228.669495 759.904358
v 14.789934 228.585373 761.358154
v 44.069138 227.472839 757.686890
v 83.818436 230.111267 729.304504
v 100.389275 229.781860 737.383362
v 121.320663 226.873962 755.359741
v 225.625717 220.672989 786.256531
v -235.806641 226.236313 807.369385
v -212.586807 225.799667 802.048218
v -164.053635 224.081421 789.792908
v -125.120026 224.995346 783.177979
v -58.691494 227.514755 760.906555
v -48.964470 229.576111 757.011108
v 57.700840 226.031174 752.780884
v 60.457581 222.428101 751.339478
v 90.606277 227.963486 729.489868
v 106.004654 224.577850 747.360046
v 138.458664 225.509567 764.513367
v 152.127136 222.971039 770.169312
v 191.089264 222.903900 781.620178
v 204.730789 221.073196 784.549927
v 235.386673 226.451920 786.167480
v -244.225815 224.353363 809.762512
v -222.457626 226.349396 803.881531
v -180.094757 225.437744 793.146362
v -170.050415 224.165955 791.420471
v -85.388359 222.266510 768.840393
v -46.078659 224.858749 759.833679
v 69.824883 223.489655 732.465942
v 99.603691 225.252914 738.273071
v 130.391968 223.596848 760.271851
v -217.355087 222.121826 802.838196
v -208.139069 220.914886 800.104126
v -156.839447 220.625687 788.541870
v -137.681396 219.126389 785.234680
v -119.459419 222.099365 781.403992
v -53.603035 224.707977 760.268127
v -37.317993 224.822403 759.898926
v -14.761270 223.097275 761.490417
v -9.383733 218.699509 763.451416
v 16.321199 219.167496 762.952576
v 54.245232 223.092407 755.202881
v 72.223892 221.816910 730.791565
v 75.569214 222.285217 729.856262
v 164.138763 221.013458 773.822754
v 182.379745 219.552750 779.605469
v 212.827606 223.588211 785.222229
v -187.530212 220.998535 795.270447
v -92.736824 222.377975 770.988586
v -71.377243 222.380341 764.192078
v -58.695530 221.898193 761.185669
v -36.090828 217.805252 761.415222
v -1.395700 219.520920 763.733521
v 4.268384 216.261459 764.162842
v 27.277672 221.873184 760.772583
v 43.671444 219.167465 758.235840
v 89.493088 219.287720 729.316833
v 109.928467 222.404205 749.667358
v 116.236488 218.589996 753.398621
v 139.505005 219.259918 765.355347
v -246.566315 217.678329 811.723816
v -238.783646 219.122574 807.835693
v -231.875107 214.845306 805.731079
v -174.506805 214.439636 792.187988
v -148.708847 219.674805 786.814880
v -134.541626 213.767624 784.506104
v -108.601128 219.748230 776.269226
v -64.251205 220.916367 761.643738
v -44.694553 216.092209 760.885681
v -22.851549 219.670532 761.741821
v 11.542614 216.885559 763.616699
v 58.104210 217.747360 755.099731
v 97.086739 216.987762 738.552307
v 102.485390 218.903702 745.733826
v 242.019089 216.501801 787.558838
v -201.092346 216.970688 798.486755
v -191.862015 216.342468 796.122253
v -183.330063 215.163040 794.480042
v -131.192230 207.620667 783.990356
v -94.056419 214.239395 771.512939
v -73.469391 218.153549 763.302063
v 33.285751 214.015121 760.685425
v 53.910347 216.993179 755.284424
v 61.176903 217.091888 752.078857
v 74.985703 217.561783 730.207092
v 80.124771 216.308380 728.953430
v 127.995377 212.382965 758.819824
v 179.659256 212.207077 779.042969
v -168.118286 216.035751 791.268311
v -158.741028 213.607712 789.254028
v -116.751663 213.096207 779.687012
v -108.192467 214.663269 776.582764
v -100.624741 216.006500 773.937683
v -83.717766 212.351913 768.104126
v -76.118561 211.253006 764.959106
v -20.819078 214.247223 763.550659
v 22.229572 210.610687 763.245056
v 63.474869 213.057709 753.178589
v 83.245255 210.942291 729.189880
v 87.012505 216.617401 729.738525
v 92.383415 213.167389 733.279419
v 110.131622 213.811188 750.370544
v 120.192612 210.138611 755.759888
v 192.985413 213.821716 782.108093
v 231.804962 213.552536 787.924438
v 234.271423 208.959244 789.188904
v -206.776993 209.870621 799.266602
v -188.499817 209.724182 795.469543
v -122.662514 208.950287 781.735901
v -66.491554 213.502655 761.101501
v -61.580734 211.008835 761.755676
v -53.822964 214.869354 761.404236
v -47.891918 210.396866 762.245239
v -32.118645 211.879761 762.743530
v -6.785890 210.084610 765.383972
v 101.614403 214.510223 745.931396
v 168.215576 210.829086 774.910217
v 211.256683 211.703720 785.584229
v -241.222733 210.973419 808.170898
v -212.792084 211.929398 801.871277
v -155.898834 208.328995 788.292358
v -72.557823 211.113617 763.196167
v -26.894064 207.541000 764.368347
v 35.138142 206.360184 761.616455
v 46.836018 212.355133 757.732300
v 56.377045 210.924683 754.849182
v 75.391357 213.499191 733.001282
v 87.719398 207.825424 733.102905
v 104.519516 204.147125 747.114990
v 145.484924 210.509933 767.385498
v 161.079788 207.442383 772.917542
v 204.392151 206.642441 784.779968
v -227.915405 207.578491 804.664490
v -180.265427 209.453201 793.645935
v -148.502731 206.120926 787.155640
v -140.537415 208.245422 786.033203
v -108.218391 209.882538 775.590027
v -96.442970 205.374115 772.298584
v 4.181198 208.599503 765.361328
v 94.636642 206.964005 733.899414
v 135.394531 206.702774 763.549316
v -231.746887 204.507324 806.258667
v -220.347580 207.049744 803.338440
v -153.885681 204.062149 787.651917
v -117.603935 206.002563 780.135498
v -88.688690 202.171646 769.458557
v -84.179970 205.141815 769.153809
v -80.438667 206.482819 766.030151
v -16.222349 212.273972 764.738586
v 48.665565 207.480011 758.393066
v 65.718102 210.095047 753.058655
v 74.349686 207.055557 736.397095
v 92.089577 204.881989 733.747986
v 111.259483 207.857315 750.911072
v 152.129257 203.452011 769.806763
v 215.210632 203.933640 786.588074
v 241.123840 207.834900 789.057434
v 245.600388 205.714691 790.152954
v -198.755051 208.923157 797.985840
v -165.182602 207.751083 790.232361
v -67.034637 205.968536 761.858154
v -59.545959 202.565430 762.679749
v -45.966747 205.904099 764.344971
v -40.978783 202.917770 763.947021
v 8.982144 203.263870 766.198730
v 27.794640 208.557953 762.851257
v 42.551224 204.370010 759.299072
v 53.310123 202.482788 755.760437
v 66.189583 205.755814 752.399109
v 80.970955 205.428421 733.909912
v 125.981560 204.898087 758.217041
v 171.649704 206.451874 775.728088
v 189.067505 202.084808 781.264709
v -236.570969 203.457733 807.002441
v -214.789627 204.035980 801.879883
v -145.380554 198.581573 786.608704
v -78.471848 200.273575 764.873718
v -22.177916 200.689499 765.961182
v -10.467832 199.840302 767.207642
v 18.024546 202.505585 765.028992
v 60.926075 201.359818 754.438782
v 94.755745 201.988556 733.749573
v 101.094398 202.851868 744.548645
v 222.766693 197.238983 788.329712
v 233.843155 201.340561 789.880920
v -209.263870 198.542511 800.350708
v -182.410843 199.988007 794.209534
v -177.085144 201.054092 793.362488
v -171.906296 199.168915 791.813416
v -139.668747 199.446533 785.444763
v -132.963577 196.423782 784.351257
v -106.102379 201.262909 774.591431
v -54.366577 201.972931 763.595154
v -2.683092 200.641556 767.452759
v 26.637373 198.563690 764.076416
v 76.157295 203.886093 735.806580
v 91.204277 198.762161 733.665039
v 136.287598 198.056046 763.866638
v 177.864090 195.949829 778.231689
v -249.960236 197.811417 812.617065
v -224.929794 197.360626 804.283508
v -190.049896 198.184235 795.630981
v -163.840881 193.649216 789.362244
v -127.532738 198.585052 782.782471
v -114.329971 200.885956 777.839417
v -82.957466 197.268799 767.653931
v -75.195892 198.185974 763.626221
v -33.080879 197.218826 765.696533
v 83.351135 198.871475 735.208374
v 105.719040 199.285522 747.455017
v 112.982269 199.873245 751.585327
v 126.638031 196.865005 758.662048
v 167.491959 193.148270 774.570862
v -238.874039 199.357956 807.858704
v -235.386169 194.592255 806.522461
v -215.270447 194.644165 802.053711
v -198.936539 195.648026 797.442261
v -98.983627 196.190948 772.565430
v -68.845474 193.401825 762.798523
v -48.092609 192.431946 764.951904
v 6.362699 194.019379 767.453186
v 45.365986 194.807938 759.391418
v 66.986954 198.961411 752.694458
v 97.895363 198.619919 734.162903
v 105.635338 194.178192 747.160767
v 118.921417 195.784302 754.819885
v 153.619781 190.981522 770.126770
v 207.916061 189.976486 785.705994
v 240.664978 194.877289 791.559082
v -241.886124 195.259995 810.886353
v -182.505264 196.322479 795.489868
v -175.285095 195.557083 794.150635
v -169.776978 189.887863 791.080383
v -152.395630 190.672501 787.081116
v -114.731850 195.153412 778.052368
v -49.112236 196.565536 764.561218
v -21.802961 194.039871 767.275635
v 16.658909 192.204010 766.380737
v 33.050045 196.348114 762.596436
v 70.179901 194.875061 751.625854
v 80.176361 195.420700 738.020508
v 101.008011 197.678223 738.336121
v -210.974060 190.826157 800.537476
v -192.733765 192.831818 798.113953
v -127.859726 193.018295 783.223816
v -122.000710 188.120636 779.439026
v -108.407921 190.735855 774.618713
v -35.634571 189.470688 767.057739
v 63.798389 188.181137 754.455811
v 83.985054 191.467575 735.890564
v 108.641685 191.753265 749.531494
v 145.265823 190.682632 766.935669
v 200.177139 190.481918 783.876770
v 214.658920 188.525223 787.476196
v 234.150543 190.261047 792.680481
v -233.197342 191.709641 806.324463
v -227.054642 190.156052 804.805237
v -143.030731 189.341766 785.624268
v -77.446915 190.057297 764.323547
v -61.033951 187.013931 764.612061
v -0.146647 186.787277 769.218933
v 23.390081 191.841049 765.623657
v 35.003860 190.402618 763.080750
v 57.583515 192.993011 756.335938
v 73.129509 190.136902 750.828430
v 89.380173 193.754791 733.740173
v 99.876213 190.681351 734.802979
v -191.433411 188.309448 797.942749
v -187.036758 184.945404 797.129822
v -134.783417 188.819321 784.920898
v -42.617489 185.444885 767.080200
v 11.625786 188.474289 767.701599
v 53.506737 186.646545 757.828979
v 86.351013 188.733414 735.894836
v 100.228363 186.939682 734.712708
v 122.941170 188.417038 757.167969
v 132.096863 189.052795 761.789673
v 181.297318 185.349594 779.421082
v 221.815796 185.095581 790.046997
v 244.185242 187.229675 793.362671
v -241.146530 186.423920 807.757996
v -219.896286 186.804367 802.954346
v -215.031723 185.691681 802.193848
v -174.301010 184.486160 794.156616
v -115.499687 188.014008 778.961426
v -106.143623 183.983765 773.899536
v -95.141533 184.083069 770.675110
v -74.610214 185.510086 764.183960
v -11.499778 189.934326 768.922363
v 44.697800 185.137451 760.407288
v 78.788696 187.803452 742.902527
v 93.337273 188.214600 734.502258
v 105.675621 186.073608 745.118286
v 171.317993 186.974258 775.583740
v 191.696594 182.512802 781.925598
v 226.778702 185.994766 791.949280
v -205.475403 186.003433 799.179626
v -197.741882 180.817749 797.322998
v -146.026245 181.743805 785.661499
v -131.612747 185.367035 784.773254
v 24.736826 181.014282 766.188110
v 35.968578 181.962006 763.389709
v 112.455544 184.170166 751.861694
v 119.863052 183.562912 755.192139
v 127.512360 180.668091 759.257751
v 136.770264 177.086929 763.728394
v 161.603668 184.577499 772.567444
v -242.992508 179.191757 808.407654
v -224.258148 181.218002 804.406555
v -193.299042 181.956238 797.230103
v -112.570351 185.266144 777.073608
v -83.746162 181.846527 767.222778
v -52.264328 180.500427 766.787537
v -30.192513 180.206268 769.345886
v 5.171232 178.977371 769.396729
v 73.553131 185.768616 752.319641
v 87.561256 181.582550 736.850159
v 108.445206 181.065964 749.015930
v -204.007767 180.718750 799.178101
v -180.439453 180.860703 795.471741
v -167.450119 176.110458 790.590271
v -160.292343 179.108612 788.796143
v -130.159424 180.359482 783.186523
v -22.187231 175.188538 770.326416
v 54.684483 178.145615 757.879700
v 61.658485 176.726974 755.827271
v 77.226189 181.083847 748.265808
v 96.377487 181.913834 734.712463
v 209.370773 180.559448 786.442322
v -208.771133 179.600830 799.762878
v -190.110931 181.429596 796.023071
v -124.620499 178.357071 781.457458
v -119.274940 179.978912 779.478516
v -79.822319 178.196396 765.077148
v -71.707741 176.057144 765.134827
v -62.332615 176.245697 766.453308
v -9.838395 176.180496 770.278931
v 15.771233 179.532089 768.041260
v 39.791286 177.724686 762.581238
v 74.233185 174.856842 751.981262
v 92.175987 180.316040 736.510681
v 163.735046 174.224213 773.237488
v 201.782867 177.211868 784.649414
v 216.854050 178.148163 789.025696
v 222.639832 179.143463 791.971008
v 239.987213 177.296066 793.596802
v -235.863632 176.816681 806.688904
v -185.228531 177.423920 795.523682
v -114.253471 178.747162 775.754211
v -102.720978 174.805878 772.353271
v -41.223160 174.473419 769.232178
v 28.916319 174.273132 765.740295
v 45.750843 173.565674 760.764587
v 71.577049 180.093536 753.095947
v 80.464211 176.885941 747.638428
v 87.033257 178.784409 737.109863
v 100.347000 178.578705 735.948364
v 110.809273 174.106598 751.231689
v 152.245956 175.739212 769.528564
v 229.834290 178.273239 792.928162
v -216.600937 172.516800 801.860291
v -194.885376 173.530685 797.210144
v -154.571945 176.513855 787.371155
v -139.022873 172.202621 784.485474
v -120.058929 174.174591 780.333191
v -109.736885 171.342850 774.274109
v -89.638466 174.883682 769.330322
v -2.988924 171.390411 770.689636
v 68.893814 176.319778 754.843872
v 105.735085 173.219986 745.304443
v 115.002731 171.585953 753.362183
v 223.188568 165.826889 791.820618
v -243.599319 173.579041 809.009033
v -224.073135 172.430847 804.433838
v -209.554810 169.990967 800.308594
v -175.790726 171.272339 792.747986
v -146.670029 174.781799 785.582947
v -114.125946 172.844574 776.096863
v -85.309082 170.672226 767.055420
v -50.417381 168.596008 768.988586
v 40.633980 173.068512 762.860474
v 87.597130 173.197891 738.608215
v 91.684380 171.960831 736.087585
v 179.373383 175.342178 778.572205
v 201.645370 167.888962 784.786804
v -234.659378 173.135025 807.049561
v -199.985291 170.514648 798.711304
v -192.073395 170.541122 797.194519
v -183.990540 171.393982 794.517517
v -160.332870 167.332291 788.468018
v -130.353104 171.874283 782.747437
v -126.026947 170.671722 780.191040
v -80.303787 172.769821 765.540649
v 5.224057 169.989517 770.029602
v 100.578667 168.577713 736.371033
v 124.837181 170.853180 757.701172
v 143.157150 167.242294 766.324463
v 189.263214 168.111252 781.568054
v 235.513641 165.280273 793.585938
v -22.070812 159.070496 772.580566
v 14.058290 164.009659 769.572754
v 22.567486 167.085709 767.420166
v 53.007267 169.560272 759.333801
v 72.578583 166.193481 753.215271
v 85.221497 171.941833 742.430847
v 93.954956 166.703751 736.406616
v -240.713654 169.116302 807.418579
v -232.448410 167.957489 805.139587
v -165.735382 167.349411 790.970398
v -150.765961 165.220505 786.082336
v -118.280670 167.868790 778.771545
v -72.146965 167.460190 766.716187
v -32.150272 160.037979 772.249329
v 29.697340 165.774017 765.923828
v 48.723404 166.159317 760.424316
v 55.817860 162.987381 758.380127
v 64.086143 167.456741 755.004517
v 78.093338 166.679199 750.743713
v 108.801643 165.074188 748.363525
v 138.881775 162.674850 764.456604
v 158.846527 168.549774 771.867554
v 171.872299 163.622589 776.375122
v 180.185684 168.817444 779.186829
v 214.565125 168.303284 788.850525
v 244.403519 166.344543 794.825928
v -226.072311 164.007172 803.786743
v -212.906631 166.374146 802.107178
v -175.944778 165.731064 793.297668
v -142.121338 162.560654 784.169495
v -133.431915 166.222488 782.204041
v -115.413757 165.381302 777.982605
v -112.235664 163.774887 775.275146
v -100.825592 167.136948 771.530029
v -89.920654 166.347504 767.730286
v -89.301109 161.206467 767.127686
v -81.434998 164.090103 765.942139
v -72.043457 162.797287 767.315918
v 39.397415 163.598984 763.636719
v 65.324303 161.013885 755.199646
v 87.482155 166.496445 743.094360
v 99.152687 166.625809 735.918701
v 121.440460 162.519821 756.241821
v 132.397537 164.205429 761.786926
v 149.593826 159.449081 768.574341
v -244.223389 162.820129 807.642639
v -204.973206 163.289246 800.212402
v -198.968185 158.623718 798.528198
v -188.575287 162.823486 796.308899
v -182.307007 162.906769 795.415894
v -171.293594 162.188904 792.163086
v -126.755241 160.796249 778.397827
v -95.151611 161.439987 769.616272
v -58.796539 162.777451 769.273926
v -44.226101 161.727554 771.127197
v 2.882903 161.498489 771.359497
v 70.360611 161.665253 753.405701
v 113.216103 163.111633 752.077209
v -145.102585 160.486008 785.571228
v -109.883698 159.112808 773.533325
v -101.645050 158.227600 771.330566
v 10.417542 160.015594 770.060303
v 60.289429 160.476135 757.448303
v 78.089058 160.979111 750.903748
v 96.775215 157.854080 737.538574
v 151.544617 153.020477 769.475891
v 163.043106 155.914200 773.179321
v 175.850937 157.338730 777.567749
v 187.096542 160.414307 781.031616
v 202.487610 157.943268 784.980347
v -224.695938 158.601273 802.670837
v -209.748642 159.978043 800.769043
v -193.819687 157.821396 796.119446
v -162.105576 160.046967 788.956787
v -140.130936 155.880386 783.586914
v -121.779938 161.260910 778.227600
v -115.443336 160.603561 775.154907
v -10.183263 156.694977 772.426514
v 22.143686 159.978699 768.312988
v 45.371674 157.735474 761.807434
v 87.478928 159.934158 743.258545
v 91.703133 161.247498 737.437134
v 217.277176 156.653763 789.510986
v -243.167206 159.432831 807.719116
v -233.689362 158.087524 804.880615
v -213.282913 155.861206 800.188843
v -183.008621 155.447449 793.915405
v -177.022964 158.941376 792.964233
v -172.973877 156.327820 792.680481
v -166.708420 157.759644 790.872314
v -129.849579 157.892136 780.920532
v 28.626047 154.661560 767.267761
v 54.196732 154.180328 759.013367
v 68.078987 156.927765 755.338806
v 81.307526 155.628250 748.863037
v 109.499191 158.325928 750.578979
v 122.294273 157.307220 756.158875
v 224.243546 153.836502 791.795715
v 236.269760 156.982773 793.957886
v 246.172974 152.963959 795.800842
v -206.317429 156.329865 799.067200
v -188.920471 155.403625 795.406799
v -147.813019 155.065033 785.318787
v -119.579651 157.445969 778.172119
v -84.754356 156.462402 767.233337
v -71.445190 157.378387 768.433838
v -40.433506 155.457748 772.664062
v 8.810576 154.357010 771.151855
v 36.313072 153.872345 764.905457
v 72.466812 155.600647 753.173340
v 92.917992 156.416656 737.482971
v 105.479431 153.649384 745.507568
v -249.994446 153.710526 808.080566
v -200.122787 152.577911 797.214233
v -160.785095 152.326859 789.462769
v -157.323380 154.206833 787.620605
v -152.532883 150.503708 786.619751
v -136.605453 153.388474 783.255798
v -114.747192 153.230591 775.829712
v -91.816513 155.846771 768.796570
v -92.841736 148.951691 769.427856
v 98.739151 151.846207 741.703247
v 128.550476 152.427704 759.841370
v 191.993332 153.104034 782.295410
v 203.246521 152.187347 785.470154
v -244.085434 150.420715 807.305115
v -236.412750 150.077927 805.243958
v -230.258759 149.383743 803.277405
v -220.574051 150.920059 801.390137
v -208.118729 152.308670 800.176758
v -169.615692 149.945221 790.131165
v -144.086975 150.292389 785.148926
v -130.542160 150.269669 779.266907
v -111.599030 150.352600 772.384277
v -103.397118 152.041809 770.290466
v -82.241028 149.055893 768.941162
v -71.208527 147.496262 770.869202
v -18.330948 151.299561 773.563232
v -4.548182 150.727081 772.668640
v 15.777985 151.428619 769.922546
v 43.359673 149.931702 763.135254
v 63.377861 151.251556 756.126587
v 112.146889 153.016876 751.687805
v 123.679672 152.439774 756.552124
v 178.618362 149.836685 778.238525
v 209.188965 145.883636 787.100098
v 229.248230 145.354233 792.899170
v -195.467636 147.252335 796.845886
v -188.467636 143.463028 795.093750
v -178.005936 150.413177 791.796265
v -123.637863 146.408768 776.516235
v -118.536728 147.113251 774.105225
v -110.818405 147.289398 772.114197
v -51.584194 147.050583 772.879700
v -26.239466 148.203369 774.091797
v 73.874390 149.155273 753.074097
v 85.988777 149.126694 745.021057
v 93.568451 151.115921 737.008484
v 107.282570 149.313995 748.877563
v 238.254654 146.378540 794.772583
v -210.383331 143.866699 799.929688
v -179.513016 146.994507 793.128296
v -163.189240 148.583618 788.158081
v -134.811890 146.842773 781.978088
v -103.199883 143.319672 770.146362
v -82.969444 140.136200 770.830811
v -56.897900 152.056335 771.412292
v -46.915993 142.256134 773.881470
v 21.336155 146.461380 769.141418
v 27.372311 139.966003 768.258423
v 48.400566 145.494781 761.422913
v 82.786690 146.221283 745.931580
v 101.875595 146.930267 744.487427
v 134.200684 148.063751 763.014282
v 164.393967 147.693787 773.078857
v 188.800217 142.925430 781.055786
v -216.442856 141.990143 799.679321
v -157.272202 146.242828 787.210754
v -91.572533 140.759109 770.076416
v -9.217442 144.698578 773.678223
v 1.546174 142.684570 772.733337
v 53.663738 141.505646 759.465576
v 94.601006 143.931229 738.757812
v 113.663918 148.303391 751.314209
v 118.479988 142.892944 754.145691
v 141.235794 141.378922 765.583862
v 182.946182 142.183670 779.546387
v 217.574722 136.983414 789.964478
v -168.659241 144.640411 790.468872
v -163.676453 140.444122 788.701050
v -149.360870 143.590179 785.811646
v -115.716309 143.460846 774.619934
v -100.705971 138.320862 770.362000
v 10.267396 138.598251 771.453430
v 62.274605 139.886902 756.331116
v 93.091713 145.879471 738.758301
v 108.646584 138.536606 750.894348
v 127.005592 144.304962 758.666016
v 170.608139 139.470367 774.862732
v 196.905273 138.012360 783.144287
v 246.242096 138.436325 796.526245
v -245.672623 132.502090 804.210999
v -233.876114 138.862259 802.896118
v -197.695312 133.865692 796.723022
v -176.586075 140.395767 791.089478
v -56.639500 135.718719 774.430786
v -40.399628 138.894333 774.822266
v 39.092316 136.297791 764.948120
v 69.281387 142.841583 755.402405
v 112.333862 142.117065 752.828491
v 153.417679 141.263763 769.572632
v -206.675766 139.902893 798.978149
v -170.663620 140.385742 789.886108
v -125.850197 140.970245 776.818115
v -120.410263 141.361908 774.998962
v -109.262291 139.757950 771.138000
v 44.068493 136.906616 763.832336
v 76.378716 139.146133 752.579468
v 85.979408 139.888397 740.816528
v 123.880524 137.823654 757.218994
v 131.040237 132.602844 761.381287
v 236.470932 137.533234 794.643127
v -213.513748 138.299759 798.633484
v -192.334305 137.331650 796.435852
v -184.505066 137.250336 793.601624
v -161.717667 134.274475 787.606934
v -136.004227 134.430435 780.729187
v -115.632637 139.646744 773.239807
v -9.050048 137.502060 773.939453
v 30.891323 134.829987 767.714600
v 49.200165 137.398819 761.126770
v 95.100388 136.436157 742.825317
v 116.416672 135.461563 753.834167
v 159.899185 137.819000 771.336304
v 225.368286 136.262344 792.217834
v -221.398758 135.329239 800.744934
v -210.436432 133.401459 798.269470
v -204.758591 133.976486 798.154236
v -179.472900 135.779022 790.820251
v -176.302353 131.889069 792.045898
v -166.701187 133.753723 788.601013
v -153.266922 132.017303 785.676453
v -131.945190 133.429688 778.524048
v -124.734818 134.136765 775.151917
v 0.634586 130.237350 773.429871
v 56.071140 135.057755 759.117371
v 70.104767 135.008057 754.431213
v 75.612068 134.539871 751.835022
v 89.550011 135.496979 740.373718
v 97.556496 131.887741 744.582764
v 172.007080 129.992050 774.430603
v 205.298431 135.093948 785.957031
v -236.337189 129.533524 802.179565
v -213.310120 130.852951 799.212158
v -146.055573 132.689331 784.399292
v -115.922493 131.355255 771.417236
v -96.984459 131.324570 770.983154
v -75.029610 132.818665 773.235291
v -59.906719 123.035995 776.727539
v -39.990200 132.665863 775.747559
v -19.449829 132.429489 774.934570
v 23.732506 130.106461 768.936279
v 113.221649 130.246338 753.433533
v 145.094528 133.412796 766.060242
v 156.820740 131.197357 769.869141
v -227.709549 130.661758 800.805664
v -182.313538 126.248062 791.172974
v -31.301600 128.965973 776.027466
v -9.644979 126.611717 774.653076
v 81.961212 131.902969 740.767456
v 106.118103 133.917603 748.991089
v 107.979752 127.724831 750.763184
v 125.655083 125.945374 757.055481
v 230.439209 126.652878 793.789368
v -206.141403 128.217987 797.804565
v -188.890060 129.536880 794.026062
v -167.420517 129.496704 790.121643
v -141.919769 129.752655 780.956848
v -127.896935 130.827744 778.398621
v -125.166611 128.543076 774.137268
v -113.450829 127.590370 771.306763
v 18.139593 124.779152 770.627258
v 34.168312 127.612961 767.002563
v 47.575806 130.322952 762.558228
v 59.422920 127.959229 756.319702
v 67.364670 126.652946 755.351562
v 89.308167 130.223450 742.425903
v 132.378586 127.794975 761.566772
v 140.175217 125.651321 764.472046
v 182.612656 130.117279 778.083740
v 199.076950 125.806480 782.674316
v 213.369125 125.368835 788.494568
v 220.818909 127.523666 791.070007
v -219.779099 128.739792 799.138306
v -156.286377 128.628723 787.144287
v -102.643913 127.748161 771.574341
v -90.088081 128.367828 772.589233
v -63.905270 127.701561 775.639099
v 11.088365 129.359268 771.930237
v 41.522476 125.705124 764.872986
v 54.384544 128.140335 759.329407
v 74.667213 128.793015 751.091492
v 101.612816 124.392525 745.996277
v 117.301605 124.994514 753.960022
v -231.143692 126.842262 801.687744
v -203.614548 122.659821 796.766968
v -199.646957 126.256973 795.606140
v -178.010498 127.794083 791.947876
v -149.034439 125.324440 785.300232
v -138.636734 126.414680 778.911377
v -132.389175 124.556801 776.225525
v -76.931145 122.803596 774.794250
v -46.737282 124.089920 776.986450
v 45.720985 125.714516 764.729492
v 80.183929 122.462143 742.731567
v 81.795036 121.400116 741.635010
v 92.746170 125.052246 743.998230
v 149.723877 120.988884 766.226013
v 155.920853 124.709587 768.556641
v 171.479446 121.051613 773.052063
v 235.394348 117.743294 795.584106
v -222.502274 122.665680 798.868652
v -214.854233 120.633896 797.807922
v -209.351990 123.722733 796.180115
v -190.462784 124.084755 794.406494
v -142.230209 125.999863 782.178955
v -127.066277 120.233871 773.812744
v -120.917068 122.581963 773.277100
v -35.125095 119.567749 777.371582
v 75.311234 124.623253 752.558594
v 187.939758 123.870903 778.873535
v -242.551331 121.404976 801.980835
v -234.732849 123.072693 800.739014
v -194.438461 117.417923 795.873352
v -178.407959 122.899780 790.729675
v -175.098541 119.671310 791.301025
v -167.487762 121.751213 789.496155
v -158.197403 122.891960 786.989380
v -106.391731 118.437119 773.464539
v -90.093552 119.542267 774.199646
v -23.003393 119.597649 776.531921
v -5.847761 115.216225 774.731934
v 22.637577 117.105240 769.422485
v 49.794285 121.740387 763.581177
v 52.268089 116.856842 761.285583
v 58.636177 119.576660 757.025879
v 68.327370 120.640099 755.383484
v 131.899734 121.310944 760.498108
v 207.751083 121.381927 785.955811
v -231.533325 113.555710 799.019348
v -220.129852 119.972023 798.690796
v -187.102798 120.390923 791.524475
v -182.336685 118.276863 792.201477
v -152.628860 120.357460 784.437195
v -143.749359 118.861954 781.225403
v -137.509628 119.415993 777.773010
v 32.773659 120.869408 767.517639
v 43.494869 120.105476 765.700745
v 101.757607 118.715836 747.944275
v 111.250084 119.844872 752.442383
v 118.024887 115.226669 754.123718
v 124.573738 116.673691 757.196167
v 187.779266 112.688438 777.655151
v 225.256729 117.394936 792.516846
v -207.949417 116.855873 795.551270
v -190.943130 114.500526 793.737793
v -171.726990 118.429932 789.642700
v -132.620682 116.865608 774.816101
v -56.148026 116.315002 778.365234
v 4.435916 116.706970 773.312927
v 11.101582 115.446068 771.781982
v 70.125931 115.205780 753.478271
v 73.523430 119.453194 752.838562
v 91.885017 118.661606 743.957825
v 161.138580 116.694389 769.407227
v 177.600311 112.638222 774.152527
v 197.197388 114.725365 781.118225
v -243.080460 113.636551 801.141602
v -203.708191 113.734810 795.781738
v -199.466354 115.482986 795.127258
v -157.301880 114.753052 786.756470
v -148.451096 113.131569 781.193420
v -118.528229 113.433212 772.858582
v -43.027790 115.341843 778.329590
v 32.499588 109.030029 767.822388
v 64.392090 115.328644 755.728333
v 74.728966 114.758453 751.271179
v 79.657867 116.203087 742.319519
v 92.109619 112.863892 745.508057
v 108.202873 114.279205 750.218018
v 129.380707 116.186867 759.723206
v 131.912979 113.091034 759.518921
v 216.562866 113.562729 789.867920
v -216.559006 114.499916 795.903625
v -167.426758 109.514633 788.260315
v -136.171951 111.612541 775.845947
v -130.485611 109.504700 772.966736
v -92.409149 107.059723 776.926270
v -17.312325 113.917641 776.374817
v 41.899586 111.120613 765.567383
v 81.959435 113.759781 741.858765
v 96.351540 110.527222 745.809448
v 172.082230 114.992889 772.678162
v -210.617630 111.609886 794.643677
v -197.717407 111.710075 791.897339
v -179.781967 112.377953 791.069885
v -159.352295 109.229271 786.008179
v -146.020081 108.595146 779.473328
v -104.739922 110.145271 775.007324
v -74.643410 113.133736 778.122498
v 15.902627 104.965935 771.251160
v 25.197300 106.152573 768.875732
v 55.435246 104.024910 759.347534
v 101.969124 111.669334 749.188293
v 110.261620 106.445793 751.860840
v 123.299110 111.157120 755.838562
v 146.778137 113.196594 764.207581
v 237.892334 103.399071 795.865906
v -205.623047 110.476753 793.868042
v -186.922150 106.697945 789.904480
v -172.851028 110.807426 789.047791
v -58.931225 107.227364 780.634460
v 67.687592 108.641609 755.617249
v 105.016685 109.323799 749.530884
v 158.768723 108.532356 767.987671
v 169.188278 108.091164 771.349976
v 205.792786 105.989090 784.657654
v 226.915817 103.202118 792.407898
v -239.812744 107.784370 800.428345
v -235.037781 106.424217 798.858398
v -227.007355 108.093498 798.461182
v -220.612152 107.395210 796.156677
v -214.471191 106.297432 795.437195
v -155.653763 106.529358 784.824585
v -46.773838 104.145157 780.552307
v -35.737370 104.778061 779.466614
v -3.022782 106.817902 774.931580
v 3.601066 104.014374 773.577515
v 62.870228 107.195107 756.653931
v 76.224159 106.486885 751.266296
v 82.563118 108.706039 741.782104
v 87.495956 105.113289 742.776978
v 176.098312 101.857178 773.104492
v 217.334229 106.223930 789.853577
v -203.861954 103.234489 792.649536
v -197.133057 104.444962 791.993713
v -193.244324 104.488953 790.783203
v -184.482132 103.559456 790.276245
v -174.221359 100.560608 787.728027
v -120.281036 102.685448 775.772217
v -106.933800 101.339890 777.195312
v -69.596886 105.455711 781.020203
v 9.966670 102.289711 772.808289
v 45.035583 104.705193 764.011597
v 100.612961 104.463043 746.574768
v 125.015182 104.906609 756.210388
v 141.314255 103.815987 761.482727
v 148.911377 103.090553 763.833435
v 190.357437 98.664421 778.804016
v -217.626968 101.910210 795.369202
v -206.368637 103.654533 794.396118
v -181.384933 100.675468 790.479675
v -163.813705 101.679298 786.189636
v -160.195892 105.268997 784.808716
v -140.948120 97.913956 776.385010
v -128.529358 98.066498 776.412170
v -14.168118 104.066864 777.017700
v 39.894505 103.546822 766.638733
v 83.763023 105.894707 743.175598
v 114.445488 100.279396 753.294312
v 151.943542 99.310394 765.494080
v 161.381927 104.341965 767.848328
v 207.548386 96.009163 785.179688
v -246.742188 100.630302 800.906921
v -235.997833 94.822945 798.044739
v -210.544266 102.049469 793.652832
v -154.581436 103.800865 782.707825
v -145.363266 101.808975 777.418152
v -134.958664 102.287613 774.765442
v -53.899582 100.146973 781.610413
v -31.399408 97.985374 779.905945
v 62.773876 99.605347 756.153625
v 77.290962 101.890884 751.521851
v 196.971527 96.491852 781.127991
v -117.099487 95.441460 777.680115
v -86.595230 100.594711 780.676270
v 20.046003 97.919189 770.233337
v 82.145401 99.670677 742.581055
v 95.523026 96.554871 744.629028
v 132.407333 102.025467 758.698608
v 161.603546 98.673386 768.207336
v 217.393677 97.818352 789.344055
v -230.945160 94.852379 797.645081
v -210.963043 98.559006 794.715271
v -205.167877 97.821068 793.435669
v -200.025223 97.000137 790.610596
v -189.679398 97.849030 789.429871
v -156.366318 98.990097 784.772522
v -145.431473 95.847427 778.696838
v -85.252579 92.554100 782.074524
v -68.199226 97.799339 782.235596
v -15.859245 94.220360 777.988525
v -4.408800 99.399429 775.491760
v 39.353104 95.342010 766.677368
v 49.390694 96.542137 763.044434
v 69.410278 96.420914 753.501831
v 90.337173 99.224403 742.976074
v 122.217316 96.612717 754.666321
v 182.659882 95.010086 775.693970
v 250.003189 96.761444 798.360352
v -218.374084 95.791817 794.550293
v -186.412003 92.174004 788.603027
v -182.763245 96.072540 789.808044
v -173.256256 95.889473 786.763611
v -135.425598 95.535393 775.365112
v -95.207962 101.211174 778.676208
v -23.851154 89.603523 779.459717
v 32.161739 92.751503 768.144470
v 76.550491 96.033249 750.806824
v 106.891220 94.097099 750.134399
v 139.281616 92.500755 759.617310
v 158.354645 93.969109 766.568848
v 169.856705 93.905380 770.924927
v -245.557663 89.093964 799.979431
v -201.788467 92.478363 791.015991
v -177.140411 93.200935 788.583679
v -166.396957 93.761307 785.264099
v -155.056686 93.338943 782.374207
v -56.542542 89.233826 782.616699
v 6.900070 93.857521 773.702271
v 15.347194 89.616600 772.008057
v 58.050011 94.174446 758.514954
v 74.092285 90.870140 752.962891
v 144.737579 92.736168 761.638733
v 150.536285 91.985504 762.935608
v 176.439804 91.442070 772.551331
v 239.144897 86.990822 796.744385
v -220.515335 91.092377 795.204468
v -211.208603 91.973907 792.263489
v -142.759338 91.583450 778.666138
v -139.390366 92.557030 774.446411
v -110.743050 88.186859 779.993042
v -78.362083 85.946274 782.665039
v -44.521706 90.508743 782.253479
v -2.738492 92.685936 775.319702
v 43.560009 88.870453 765.307495
v 52.929314 92.033516 760.484314
v 64.431747 92.473564 755.850586
v 81.480537 87.752441 742.992554
v 85.077805 91.421516 741.682251
v 93.862793 90.510139 742.577637
v 98.388596 89.465607 745.164124
v 113.549911 90.641228 752.651428
v 129.813660 92.627419 756.893677
v 153.600357 93.225830 765.408020
v 188.057297 88.636848 777.635986
v 215.937607 88.026039 788.533081
v 223.601669 91.745331 791.519226
v -193.592331 91.809608 789.805420
v -182.603210 88.122841 786.793213
v -159.610779 90.995682 782.782654
v -129.852005 86.064285 779.131104
v -67.430862 86.093620 782.818115
v 21.126839 87.558342 770.288940
v 118.848053 87.543495 754.859070
v 182.853149 90.765167 776.126831
v 203.878983 88.503815 783.503235
v 230.151077 86.860786 794.029541
v -239.356552 83.369049 796.755310
v -232.804581 83.872650 796.067383
v -205.983170 88.159752 791.343262
v -189.040619 87.731285 789.230286
v -176.009628 87.962318 787.911438
v -164.771820 88.578522 785.263123
v -153.108246 85.715996 780.925659
v -142.286301 87.884949 779.366394
v -136.191040 87.072327 777.807312
v -121.482025 86.060478 780.049622
v -29.737711 79.913567 781.392212
v -13.125953 86.821877 777.868347
v -3.853198 87.109047 776.157654
v 32.635078 83.888252 768.188354
v 50.246918 86.766518 762.378357
v 59.771679 84.802376 757.166809
v -211.678009 84.534439 791.877808
v -202.154480 85.135445 789.901733
v -160.175873 81.284241 781.756958
v -151.544632 80.754990 780.864746
v -101.972801 85.282333 782.016113
v -94.168365 77.534462 782.922058
v -21.222458 82.795753 779.423035
v 62.221767 79.593323 756.928955
v 75.034882 87.292542 750.610962
v 104.013275 87.359314 748.997437
v 143.985046 84.746780 761.950989
v 152.851898 87.524147 763.805908
v 164.971558 85.697594 770.145752
v 178.560806 86.093719 773.715454
v 196.898071 82.569511 779.915955
v 243.621628 81.487335 797.359131
v -221.032959 81.458748 793.253723
v -182.426071 79.080566 786.654236
v -171.766312 82.178757 786.423523
v -165.040482 84.697990 785.093994
v -44.100651 80.429245 782.731812
v 68.474632 81.860695 754.883789
v 95.430275 84.317993 744.597290
v 112.888367 80.942268 752.727417
v 135.617157 83.019127 758.818420
v 159.901077 83.795387 766.804993
v 175.146423 80.138405 772.079651
v -199.887238 79.963913 789.289124
v -192.223419 82.946327 787.774719
v -133.903610 78.568680 779.991333
v -119.643677 81.054085 781.459351
v -15.003220 78.660011 778.432312
v 3.057413 79.082367 774.654968
v 51.247475 80.924522 762.833496
v 55.409580 79.953079 760.344727
v 75.183403 78.033844 752.452271
v 82.334068 82.035919 743.489868
v 99.311829 78.178139 748.034729
v 107.823135 80.484970 751.193787
v 124.629364 81.269112 756.374573
v 155.103943 78.244690 765.575867
v 167.046310 81.617310 769.891663
v 188.857391 80.108139 778.083252
v -142.428131 78.164917 781.555725
v -70.799789 76.175674 783.684753
v -6.909759 77.084534 776.795227
v 12.458260 80.115456 772.462585
v 31.708250 72.897491 768.676086
v 45.856487 78.872597 763.775024
v 85.613594 78.305122 744.206543
v 183.369843 76.330017 775.790405
v 214.381073 81.092758 787.956116
v 221.720718 76.663986 791.072388
v 234.116318 76.318825 795.404724
v -231.764053 77.792107 794.342163
v -215.155640 80.013985 791.970459
v -191.118973 77.983688 786.707397
v -155.771851 77.243179 780.824768
v -109.130127 76.675362 782.298584
v -59.277584 77.988655 783.143494
v 91.503860 78.047043 745.142700
v 117.880005 74.152725 754.263550
v 132.718338 75.108459 758.221741
v 162.070816 74.071358 769.172668
v -206.028381 71.239212 789.521606
v -186.308640 75.164474 785.876465
v -171.527313 78.107544 784.195251
v -162.497940 76.775909 782.701233
v -149.785950 74.645584 781.739746
v -137.215179 74.645164 782.218933
v 22.175501 76.163261 770.575623
v 67.765007 75.667152 754.385681
v 80.870026 74.836052 748.296143
v 126.853325 74.520859 757.932373
v 164.563278 71.689850 770.921387
v 198.209244 72.910286 781.033447
v 208.529953 75.803650 785.315125
v 241.309464 69.416962 796.822266
v -234.101471 72.734337 794.487061
v -211.814896 72.367027 790.761902
v -198.927322 71.684631 788.200806
v -131.514374 72.536514 781.996216
v -121.217209 71.332542 782.929382
v -47.279274 69.072578 783.205811
v -35.559795 71.210266 782.281799
v -19.975527 72.016739 780.396118
v 4.640177 67.917252 774.409851
v 43.653313 71.910957 764.832825
v 54.968525 74.424858 759.993713
v 62.543018 75.628174 757.621155
v 73.834259 71.941017 753.371033
v 94.447121 72.528419 747.136475
v 101.187859 71.137314 749.046753
v 111.282341 74.769890 753.582214
v 147.006897 74.141365 763.085938
v 175.744095 67.582222 774.914856
v 213.831146 69.353821 788.166077
v -224.742264 71.155273 793.053833
v -168.375717 72.090988 783.021423
v -154.574463 69.980453 782.948547
v -90.485031 68.877068 783.978638
v -30.188286 64.520935 781.855408
v -4.762447 71.576309 776.689636
v -3.024137 65.665344 776.358276
v 87.142097 70.728958 744.352966
v 120.913582 71.576469 757.060852
v 159.277802 71.482254 767.458008
v 233.661575 68.129715 795.196716
v -250.011673 66.092171 796.949036
v -186.088623 70.833321 785.624084
v -179.681320 66.486595 784.360718
v -161.703049 69.548988 783.311157
v -117.850876 62.062843 784.377441
v -75.026520 63.867973 784.879761
v -13.274966 63.534405 779.053345
v 63.453720 68.856606 756.828674
v 81.936066 70.410583 747.749695
v 112.404243 70.935928 753.333496
v 170.711807 68.007309 773.568359
v 186.039215 69.028419 778.177063
v 195.219910 68.319504 781.185120
v -204.694946 63.959774 788.383240
v -193.878906 65.565964 786.800781
v -143.438751 67.284927 783.180725
v -130.476898 63.417732 783.815979
v 71.272713 68.913910 755.595398
v 77.677269 63.716633 751.633606
v 89.554420 67.987885 744.571533
v 106.424530 66.255676 751.794373
v 128.730820 68.431274 757.730042
v 136.581573 64.273590 762.031250
v -229.419128 61.344894 792.865845
v -167.613541 62.939445 784.268372
v -113.359650 57.028000 785.106873
v -19.001982 63.767525 780.791016
v 9.857216 61.358097 773.258728
v 19.528273 64.361153 771.008362
v 36.412182 61.164371 767.268494
v 42.599213 64.893608 765.275391
v 91.998451 65.973801 744.827637
v 98.155991 63.157650 749.630249
v 118.606178 64.684319 756.966858
v 139.373047 58.139229 762.836243
v 157.415359 67.024254 767.836060
v -218.370651 60.608318 790.803772
v -155.671051 61.121758 784.016602
v -96.317650 57.679939 785.511169
v -65.635201 61.354954 784.858643
v -36.679943 56.772945 783.041321
v 27.542999 63.482525 769.230957
v 49.264938 60.797905 762.982605
v 63.812252 64.752899 756.709778
v 85.718590 62.655945 749.737427
v 94.527458 61.189194 746.388733
v 102.819595 65.853043 751.286621
v 112.881569 64.772285 754.111694
v 126.568314 59.353981 758.999878
v 147.744492 61.504280 765.789124
v 162.688766 63.018288 771.396851
v 187.314102 60.240105 779.045288
v 199.551483 60.055172 783.412476
v 206.463150 54.504227 786.896790
v 222.821991 64.535652 792.177002
v 238.715775 56.889057 796.028137
v -210.215179 61.152370 790.078979
v -188.824097 57.624813 785.558716
v -147.397278 60.163845 783.999939
v -84.835960 58.316566 785.625488
v 43.979366 56.094025 765.318542
v 68.005264 63.169365 756.472534
v 116.292427 59.475601 755.687073
v -241.727615 57.119808 794.266724
v -172.871185 57.529961 784.424072
v 1.136415 57.663570 775.567322
v 30.621897 59.583805 768.219849
v 91.929916 58.215912 746.102173
v 110.722771 58.252903 755.566895
v 129.436554 57.038319 760.134644
v 159.617599 59.651978 770.757935
v 169.493637 60.203121 774.013611
v 179.439178 57.350658 777.485596
v -178.932343 57.581486 785.132385
v -159.816635 54.626305 784.219543
v -46.567238 59.309361 784.029358
v -20.017139 56.561569 781.260376
v -14.219435 56.800713 780.414307
v 105.277802 55.764950 753.896790
v 173.385605 51.782860 776.935181
v 212.081711 48.762955 789.595154
v -235.451630 46.436405 792.351257
v -221.836304 51.695614 790.163269
v -213.298203 55.147579 789.134521
v -201.651138 54.833321 787.250793
v -144.410538 48.225838 784.933777
v -33.394066 50.545280 783.638611
v -10.202615 51.277489 779.405029
v 5.505556 51.082134 774.390503
v 25.345388 53.670654 769.798401
v 58.536530 53.375851 761.805481
v 68.550186 58.643528 756.498596
v 79.496109 56.821266 752.436401
v 93.713066 50.915535 747.096436
v 101.166153 50.794701 753.518433
v 135.527130 52.054092 762.770264
v 149.115616 54.877541 766.760803
v 190.156082 50.649658 781.877686
v 197.171463 49.656181 784.115234
v 223.681427 48.829594 793.148315
v -226.029633 47.667160 791.080872
v -63.285938 51.174126 785.603333
v 13.129851 55.209999 772.389954
v 72.847275 53.471561 753.486145
v 84.002213 53.410343 749.169556
v 119.608391 52.692795 757.917297
v -209.795944 51.226368 788.161133
v -198.617935 49.776806 786.669373
v -169.115311 51.940586 784.780396
v -159.568756 45.895123 785.038696
v -128.286728 43.403996 785.807495
v -104.800545 46.724380 786.724182
v -47.295002 51.165051 784.494995
v 0.003306 53.089458 776.516418
v 64.732552 52.612423 758.358704
v 79.395287 48.356609 751.784790
v 91.773796 53.275097 746.334900
v 126.005722 50.198750 761.372498
v 161.658813 49.879395 772.597961
v 181.491364 49.900135 779.717590
v -214.127487 50.141884 789.167175
v -193.057724 50.495590 786.727478
v -189.215622 43.409550 786.167236
v -180.828568 43.288956 785.766296
v -136.971893 46.362358 785.015320
v -21.905365 49.107639 782.220398
v 16.375555 46.853615 771.916260
v 27.903252 48.539513 769.578247
v 50.091694 52.497635 763.719666
v 67.691414 48.454559 756.932800
v 137.795471 43.663136 765.194519
v 239.970947 45.938354 796.357056
v -119.259247 42.439213 786.432556
v -94.680862 40.593967 787.660217
v -39.954620 44.999195 784.108643
v -30.597162 41.849014 783.276550
v -7.686888 43.062473 778.741150
v 57.563076 43.557922 759.652344
v 72.834717 47.259933 753.553284
v 87.696136 45.065979 746.538940
v 102.916214 43.788120 754.349304
v 109.834488 48.868660 755.541016
v 116.360771 45.017403 757.661438
v 153.506058 45.982849 769.508606
v -78.891624 46.352612 786.864014
v -0.720343 41.551830 777.113831
v 5.798901 43.086105 775.026245
v 33.788612 44.869358 767.614563
v 54.868126 46.142551 760.464905
v 90.528275 47.766216 746.666565
v 97.329262 43.018181 752.101074
v 163.361221 45.071667 774.251221
v -229.302979 39.534401 790.048401
v -223.164200 42.923794 789.285583
v -214.250122 40.740730 787.837891
v -209.778259 41.928066 787.764526
v -195.561935 43.117474 786.545593
v 12.890395 39.600220 773.866516
v 38.665516 41.153347 766.435242
v 46.684647 43.322086 764.520874
v 61.814056 42.422764 757.251160
v 68.597382 43.831852 754.454834
v 127.701569 44.262352 762.093445
v 202.241501 39.451569 787.178772
v 214.522369 40.489132 791.077515
v 229.019348 39.485596 794.925232
v -201.926834 43.694042 787.537842
v -154.066589 37.709988 785.633911
v -72.266693 38.074287 787.531433
v -49.489712 37.427143 785.626099
v 23.390024 42.226295 770.377991
v 74.073692 43.023827 751.318848
v 79.881485 43.270035 750.189087
v 119.375572 33.763885 760.580688
v 161.987701 37.121456 773.712036
v 169.656143 40.619671 776.847290
v -237.276978 39.546875 792.132874
v -206.181915 39.456841 787.111816
v -171.101074 43.255653 785.551392
v -105.639175 34.005367 788.165222
v -62.084072 37.295895 786.876587
v -28.553324 35.352707 782.853699
v -16.348995 43.267796 781.116028
v 53.905151 40.314686 763.351990
v 91.237518 39.692074 748.139221
v 107.107635 36.474194 756.388855
v 193.979599 34.231056 785.296387
v 240.857178 35.111134 797.075073
v -222.013748 35.723835 788.669922
v 9.677867 32.435562 774.564148
v 26.565533 34.322033 769.979065
v 45.958981 38.677158 765.855957
v 76.600616 37.167370 750.537842
v 86.164925 37.505722 746.170044
v 94.762726 35.493992 752.939392
v 102.747192 36.896286 754.870300
v 115.985657 38.175797 758.413269
v 147.254303 36.923958 769.191528
v -194.211563 35.586258 786.546753
v -180.167267 35.437428 786.148804
v -142.223007 33.047516 786.197388
v -85.061462 36.121239 788.216492
v -37.976654 29.629435 784.862488
v -11.506921 32.778023 780.447998
v -6.258483 34.188461 778.552002
v 37.904976 34.193207 767.372437
v 61.527012 36.612385 758.405701
v 129.386063 35.087349 764.817383
v 138.163544 32.596092 767.619873
v 172.940811 32.489613 779.149658
v 184.929535 38.448647 782.174072
v 225.445663 29.790030 794.911255
v -217.304504 32.272881 788.860718
v -209.484222 35.073299 788.601257
v -200.892700 32.942928 787.812561
v -192.381119 30.750370 786.987793
v -172.259109 27.366072 786.632996
v -163.246780 31.261341 786.144714
v -125.845261 30.500965 787.890015
v 44.517326 32.884796 765.329163
v 47.933079 34.857594 765.696472
v 53.613621 33.145489 762.612732
v 89.460533 28.663469 749.843323
v 122.681213 28.183228 762.394836
v 135.821350 28.575768 767.078674
v 155.671646 31.594940 773.105347
v -235.633041 29.022835 790.564026
v -226.537369 31.236048 789.644348
v -20.107937 32.884701 782.093384
v -2.621423 26.353239 777.850830
v 18.027952 30.674253 772.824036
v 30.807398 29.191862 768.885559
v 58.835751 32.636860 758.626404
v 64.043457 33.563362 757.547546
v 67.914597 32.518612 754.380859
v 83.409782 32.945034 747.185974
v 111.045486 27.093111 758.153137
v 189.975342 28.270571 784.772095
v -74.895111 24.980600 789.274597
v 5.529376 22.804981 775.569946
v 71.892059 31.389795 753.300171
v 160.008881 29.283144 774.838989
v 205.721771 28.913525 789.857422
v -244.061569 27.569908 791.508667
v -223.292358 27.504585 788.957581
v -207.563568 26.977625 787.923889
v -185.291458 18.896145 787.770020
v -157.990036 26.759369 786.655518
v -102.928757 23.690708 789.717285
v -59.877880 23.088062 787.866577
v -46.674042 24.494425 785.983826
v 63.982483 28.439583 755.660889
v 77.681084 26.856750 748.036743
v 83.500015 27.270752 748.025635
v 95.498146 25.302309 753.227539
v 100.548012 20.610510 754.850464
v 181.418808 29.819321 782.361084
v -228.349533 26.897673 789.209778
v -211.155045 23.666508 788.840576
v -201.957626 23.527752 788.001953
v -154.806137 19.457590 787.640930
v -117.436806 23.326090 789.309143
v -91.244873 24.367962 789.717041
v -35.759388 22.549601 784.846680
v -27.248112 21.487667 783.529724
v -9.939784 24.189899 780.553040
v 46.641075 19.021955 765.694092
v 51.709957 24.500509 763.639038
v 57.651592 26.340456 760.577454
v 68.148178 26.728195 754.283630
v 106.581070 21.245438 757.498169
v 125.216461 21.727371 764.170898
v 145.520813 23.895634 771.129272
v 167.182083 24.692936 778.729004
v 227.201492 22.215935 795.735229
v 239.603546 22.637995 797.577209
v -196.178589 20.122635 787.836243
v 16.232597 21.150648 773.217529
v 34.400761 24.466162 768.325806
v 73.193214 23.522427 751.210693
v 156.270660 17.453785 775.525269
v 186.758850 19.570892 785.374695
v 192.331635 17.942501 787.351624
v 202.282578 20.179304 790.859558
v -238.351532 20.152746 790.262085
v -220.824432 20.247963 788.935852
v 63.218929 21.141165 757.844177
v 76.942108 19.342020 747.717834
v 86.511497 18.052595 749.904541
v 215.655869 20.323956 794.118835
v -228.447754 19.034258 790.295532
v -215.095337 15.983783 789.032776
v -173.673111 17.046209 787.794556
v -137.017715 20.246729 788.574280
v -127.381226 16.290110 789.870422
v -81.969658 15.778190 790.782410
v -15.590157 17.540792 781.514465
v 1.633526 17.674311 777.602478
v 35.782368 19.728176 768.532166
v 41.254677 16.209606 766.624268
v 51.273323 19.782774 763.166992
v 56.823032 18.965664 761.110840
v 69.874969 15.273520 750.992615
v 80.365318 16.196545 747.335876
v 118.084785 15.633892 762.052551
v 149.619873 17.521029 773.307983
v 168.199234 18.333202 779.567810
v 229.546188 18.671249 796.501953
v -119.637054 11.924064 790.956177
v -96.792778 12.002814 791.298523
v -68.090065 14.824658 789.974976
v -37.807827 17.590704 785.062012
v -4.249032 12.337529 779.559082
v 24.825941 12.671854 771.019836
v 94.976479 18.320332 753.933228
v 174.680862 14.256594 781.782654
v 239.122543 9.221747 798.675049
v -239.038483 13.724844 790.655701
v -150.187958 6.573535 789.178284
v -56.885029 12.940771 788.574524
v 18.192112 14.912452 772.812317
v 61.721039 7.995494 755.559387
v 130.467758 9.855964 766.473633
v 137.635941 9.830971 769.097046
v -206.294159 9.626939 789.623657
v -192.666977 11.711191 789.008728
v -47.472961 10.678550 787.417664
v -25.871111 13.481734 783.630554
v 49.185921 12.127273 763.907837
v 56.100807 13.058366 760.782166
v 83.825188 12.798972 747.726318
v 89.696671 13.218008 751.554932
v 103.095177 13.323787 756.450989
v 145.452042 10.082035 772.555359
v 199.076248 12.390208 790.682922
v 207.013275 12.186440 793.154419
v -111.376183 8.534161 791.444336
v -80.700264 11.054186 791.074280
v -23.446568 10.212606 782.911560
v -13.215824 12.481064 781.995178
v 5.037999 12.594713 776.536560
v 26.575298 5.008498 770.342712
v 42.338638 3.921696 766.633240
v 73.335228 9.428286 748.576965
v 98.067116 8.204936 756.000061
v 223.627106 7.295601 796.461548
v -221.888779 13.775034 789.843567
v -168.874405 7.296055 789.484009
v -138.293137 6.583144 790.054260
v -95.074287 1.902784 792.447021
v -35.962543 5.462269 785.830200
v -11.734883 7.772426 780.927612
v 19.919363 4.799789 772.465454
v 81.621468 5.805044 747.508667
v 165.167419 8.833933 779.671570
v 241.796143 3.640112 799.504578
v -242.910385 3.289123 790.816101
v -183.502441 4.121612 789.936462
v -21.958113 4.786474 783.169983
v 5.390526 3.225873 775.909424
v 68.593529 8.030916 749.005859
v 126.038246 1.042798 764.779053
v 185.290024 8.415195 785.872070
v -235.831512 2.448654 791.296265
v -210.718674 0.084094 791.580688
v -60.524609 4.504331 790.374084
v 84.449570 1.543938 749.818909
v 92.007225 0.686270 754.580383
v 98.513519 1.308251 756.383057
v 112.271439 3.512153 759.998413
v 154.016846 4.186104 776.275635
v 172.938919 4.035182 782.293091
v 200.706802 4.106268 792.143860
v -246.733292 -1.214489 791.722351
v -221.897217 4.842930 790.837219
v -217.220154 2.085471 791.590271
v -194.931076 3.045342 790.698059
v -173.818893 -2.000639 791.303772
v -128.473816 2.076622 791.803284
v -77.886612 1.088445 792.013367
v -4.994330 1.917752 779.759705
v 33.735714 -2.899948 768.593079
v 49.191967 1.669109 764.308899
v 55.386925 0.927468 761.125366
v 73.184654 4.318974 747.973999
v 178.164093 -3.572376 784.351807
v -110.870010 -3.278744 793.139404
v -52.362640 -7.906711 790.474609
v 64.923012 2.785458 753.054321
v 163.749603 -4.007550 779.915649
v 190.923157 2.314222 788.718201
v 206.151443 -6.305574 794.083252
v -191.222900 1.900570 791.651550
v -163.684586 -1.864863 790.853943
v -68.509804 -4.734330 792.014954
v -24.401384 -1.210742 784.288330
v -1.729090 -5.719323 779.276672
v 42.568153 -3.796449 766.766113
v 59.829956 1.094416 759.428040
v 73.244682 0.158808 747.789429
v 136.161865 0.517489 768.978699
v 148.669052 -5.659020 774.236938
v 156.451614 -3.697706 777.367065
v 215.209137 -6.797819 795.839233
v -185.620636 -1.732836 791.953613
v -152.364014 -5.513474 791.079102
v -121.349426 -3.235277 792.758789
v -44.273178 -7.144617 788.760254
v -31.596483 -4.994499 785.713806
v -17.963343 -7.905958 783.438721
v 26.243656 -3.549339 770.588684
v 65.489670 -1.443364 751.784302
v 69.871964 -2.730249 749.818542
v 77.321213 -6.382554 749.759460
v 86.559517 -1.425792 752.052490
v 226.501968 -3.901329 797.479980
v -229.964203 -9.045608 793.038635
v -206.283401 -10.486633 793.673523
v -87.503769 -5.883733 792.969482
v -59.664158 -8.330027 791.494141
v -11.740833 -8.481775 781.639099
v 7.530654 -2.479572 775.455994
v 17.933464 -3.340895 773.129395
v 61.612606 -6.126281 758.212341
v 107.311081 -6.431676 759.197327
v 124.637802 -12.433865 765.247742
v 170.935226 -5.208896 782.320251
v 194.503220 -9.274096 790.892029
v -240.224548 -9.147184 793.053467
v -195.773636 -8.903180 793.466675
v -188.893738 -6.462572 792.565491
v -134.821243 -14.404998 793.964294
v 45.164299 -5.977473 765.529175
v 52.855324 -8.554244 762.616211
v 87.309586 -6.537900 753.149963
v 117.041916 -11.463012 762.161133
v -101.700188 -15.144577 794.681641
v -80.104050 -11.214432 793.471741
v 4.393031 -13.484617 777.471558
v 25.048260 -12.731820 771.490601
v 70.375633 -10.007892 750.618103
v 95.107590 -10.815539 756.006104
v 233.882431 -11.140066 799.182068
v -222.696121 -17.376699 794.630249
v -142.569321 -14.199321 793.370239
v -28.341261 -17.359922 786.122681
v 32.977470 -12.809723 769.206665
v 63.096287 -8.890292 755.731628
v 139.982574 -19.108814 771.442627
v 152.825790 -18.322536 776.237549
v -238.452057 -16.567425 793.996643
v -214.330139 -16.100712 794.444336
v -173.255066 -14.910927 793.561157
v -156.746750 -14.197907 792.504883
v -108.076035 -12.665977 794.438232
v -70.282303 -15.380060 793.299377
v -64.839470 -16.677269 792.707092
v -1.329872 -21.199989 779.966064
v 56.241489 -12.538500 761.206604
v 83.349495 -14.332998 752.764038
v 133.378296 -14.819689 768.235413
v 161.886017 -12.796464 779.351257
v 180.280319 -11.253415 785.381287
v 224.143906 -11.765006 797.699951
v 250.004913 -15.409594 802.165161
v -183.626617 -18.237562 794.984985
v -125.224770 -20.573898 795.588501
v -92.723648 -15.953772 794.480591
v -43.544445 -16.303535 789.714966
v 14.327714 -13.309061 774.539917
v 61.805096 -14.740716 756.568970
v 69.628799 -15.657974 750.031128
v 76.855865 -16.868399 750.255371
v 100.535507 -13.529143 758.067200
v 110.582245 -18.600691 760.996155
v 171.528992 -21.367290 782.817139
v -167.635986 -24.008591 794.727600
v -58.173466 -17.650925 791.994202
v -10.329883 -17.793097 782.178345
v -6.705215 -20.137564 781.659180
v 17.432402 -22.902111 774.078369
v 38.458088 -18.272444 767.778198
v 90.507454 -16.470747 755.713867
v 96.837067 -16.124624 758.507874
v 184.693741 -17.349386 787.664856
v 241.136703 -18.524656 800.676270
v -232.152222 -25.496956 795.592773
v -196.341766 -20.973400 795.672180
v -72.623672 -21.135759 793.618774
v -37.679840 -23.310711 789.138184
v 10.813542 -20.022539 775.932129
v 26.260637 -21.523945 771.062561
v 50.588375 -18.232512 762.715881
v 84.377464 -20.551579 755.084351
v 157.471039 -22.026262 778.371033
v 221.014618 -19.238129 797.236816
v -158.310776 -22.348499 793.599243
v -110.917694 -21.114418 795.934692
v -83.724121 -22.153929 794.957886
v -51.414715 -22.117071 791.550171
v -14.201262 -23.640079 784.064636
v 43.199593 -23.797585 766.601440
v 79.492874 -19.971325 752.781494
v 100.269684 -20.312120 758.295166
v 191.198212 -23.544624 790.991516
v 212.169540 -22.065214 795.857300
v -207.625351 -24.828331 796.236023
v -138.176071 -25.371513 796.004150
v -94.962555 -20.475563 795.499695
v -24.908760 -26.912235 786.462891
v 63.973412 -22.854897 754.359436
v 101.541870 -24.797384 759.323975
v 118.159142 -26.951616 764.458191
v 196.396881 -24.679123 792.910217
v 225.447083 -26.921122 798.128845
v -242.729477 -29.044323 795.528503
v -215.610458 -28.312897 796.485474
v -191.688263 -29.114140 797.115234
v -180.920395 -23.551390 795.587708
v -47.413555 -32.808262 792.042664
v 32.568714 -26.802355 768.968201
v 57.783142 -22.183163 758.880798
v 68.805733 -25.658834 751.660583
v 93.338768 -23.298368 758.240417
v 111.484505 -24.704115 762.320923
v 128.918381 -31.247276 767.996948
v -123.103615 -30.983028 797.539734
v -112.743416 -28.685209 797.086426
v -100.836990 -31.505131 797.360840
v -92.933746 -26.720907 796.366516
v -77.091537 -27.531359 795.256592
v -11.867906 -30.173870 784.162659
v 45.741047 -27.002136 763.695007
v 58.518883 -26.034695 759.157715
v 92.452232 -28.141579 758.267517
v 182.697998 -30.505857 787.405884
v -149.390854 -27.009680 795.066101
v -64.625954 -30.312109 794.123962
v 3.905480 -27.678284 778.806641
v 12.051202 -34.794540 776.052368
v 38.571796 -27.782063 766.570679
v 54.571709 -31.898893 759.848267
v 73.680779 -32.110615 752.156555
v 77.725365 -28.487200 753.721008
v 210.053116 -30.441652 795.534546
v -173.466568 -32.818878 796.617188
v -155.240524 -36.179771 795.743042
v -89.114075 -33.608368 797.183533
v -59.227642 -33.223652 793.871460
v 4.377482 -32.563896 778.159302
v 22.547188 -32.678799 772.248901
v 50.961803 -31.280325 762.053711
v 104.430016 -28.638445 760.883972
v 145.987732 -28.217346 773.712463
v 160.289886 -29.494793 779.607483
v 162.292038 -35.770500 780.367188
v 227.793411 -36.601616 798.409119
v -228.315216 -34.911545 796.898010
v -205.473572 -33.785732 797.741333
v -185.698608 -37.499363 798.529907
v -165.844437 -40.224758 797.312317
v -79.107849 -33.720726 795.886353
v -44.155247 -39.187328 792.246643
v -39.928524 -34.351059 790.604004
v -18.819853 -31.909143 785.671509
v -1.605574 -31.673771 781.950989
v 63.350807 -30.706642 753.953918
v 89.650002 -31.928320 757.218262
v 98.903687 -32.778343 760.196655
v 133.860291 -34.201763 770.752258
v 192.452362 -32.088810 791.713989
v 200.013672 -33.004974 793.718933
v 237.016266 -34.567719 800.552673
v -136.822403 -37.315548 798.569519
v -8.984492 -36.856007 784.069214
v 2.115461 -35.953724 779.844421
v 42.201019 -36.623360 763.661377
v 77.640236 -35.544167 753.960510
v 109.475700 -34.041672 763.410706
v 118.543678 -33.953941 764.568604
v 142.123474 -35.567497 773.083984
v 149.498367 -36.797169 775.028198
v 170.916321 -35.682114 782.970947
v 177.823792 -35.306320 785.826111
v 215.739166 -40.407406 796.064575
v -242.896469 -39.653618 797.162964
v -111.933800 -40.369354 799.454224
v -3.437862 -39.457745 782.513794
v 32.133247 -35.996204 768.182800
v 60.480804 -36.570797 756.742493
v 66.051109 -40.546581 752.740784
v 95.592789 -36.330769 758.984558
v 104.520523 -37.738209 760.804626
v 209.488495 -38.155178 794.965088
v 250.002106 -37.356819 803.640930
v -175.592529 -40.213085 798.304810
v -120.936821 -43.119061 800.282898
v -80.969864 -39.142097 797.091675
v -70.002373 -43.184120 796.412476
v -35.582684 -38.231712 790.301453
v 36.882923 -39.942249 765.797119
v 70.582375 -39.878609 752.503052
v 91.540146 -38.847023 759.109619
v 155.416550 -37.804089 777.683411
v 189.378326 -40.651810 789.346252
v -197.546204 -44.144943 799.993774
v -152.519058 -41.058704 796.770203
v -130.786652 -45.690952 800.622864
v -100.996597 -41.187092 799.166870
v -56.159054 -42.137234 794.455688
v -18.201349 -44.251259 786.870850
v 17.294455 -46.307842 774.084290
v 23.581934 -42.941895 770.851379
v 57.161396 -42.373623 757.932922
v 74.462486 -41.292786 754.188171
v 86.065376 -40.315731 757.238708
v 121.217194 -42.166016 765.510925
v 133.092377 -40.963737 770.375183
v 137.702713 -46.455513 771.766357
v 163.834045 -48.216846 780.005737
v 197.470261 -47.372589 791.537781
v 223.448212 -47.040627 797.146484
v -225.080368 -42.837452 798.076843
v -210.548096 -49.320545 800.062805
v -182.864594 -50.438679 801.016785
v 9.864116 -45.244110 777.146057
v 41.883816 -47.401226 762.826172
v 99.595009 -44.003307 759.966431
v 234.920975 -41.833145 799.630859
v 244.803452 -42.638306 802.806091
v -86.743958 -46.574005 799.191345
v -28.738688 -47.747498 789.824646
v -7.871854 -51.174820 784.717285
v 6.836800 -49.587254 779.372192
v 49.737282 -47.011490 760.001343
v 148.003265 -44.193138 775.086182
v 152.459702 -46.579807 775.911621
v 177.734482 -41.693493 785.046814
v -243.034561 -47.013924 797.606323
v -219.706238 -50.089039 799.369446
v -172.077148 -46.346016 799.543884
v -105.109253 -51.974903 802.151428
v -41.198841 -47.578033 792.577332
v 25.857555 -49.621902 769.368164
v 34.459839 -45.315044 766.489746
v 65.642441 -45.643883 753.698853
v 75.025604 -46.463097 755.644897
v 79.728058 -49.487659 757.067261
v 85.600258 -47.159939 758.719421
v 90.665306 -46.790470 758.447510
v 110.400795 -40.831017 762.533875
v 115.037193 -50.065258 763.548401
v 185.085220 -47.150116 786.855042
v 235.266556 -49.837719 799.650818
v -230.179947 -53.440025 798.911316
v -195.934525 -51.189281 801.622620
v -149.916077 -51.569370 799.527039
v -94.615509 -51.040951 801.338379
v -82.203674 -54.211571 800.112427
v -51.433125 -46.679741 793.993469
v 20.376379 -49.227421 772.740234
v 61.025341 -50.898373 754.534424
v 95.161415 -50.102829 759.975586
v 125.265015 -49.204380 767.109680
v 183.312973 -55.313866 785.776245
v 202.877838 -49.546974 792.871521
v -239.547806 -54.588432 798.494080
v -63.500935 -54.208759 797.084595
v -1.693408 -54.567806 782.638062
v 36.886063 -54.638004 763.402710
v 56.440037 -49.729088 757.546753
v 106.174500 -49.731239 761.500366
v 144.952377 -50.658413 773.790771
v 170.976349 -55.236935 781.546814
v 189.206726 -55.833668 787.336548
v -160.771118 -50.862469 799.354614
v -137.841675 -54.280384 801.937988
v -35.035625 -53.404812 791.979431
v 12.341692 -52.392258 775.752869
v 64.617966 -55.452374 754.346497
v 87.138260 -54.025192 758.663696
v 134.710449 -56.022190 769.649414
v 216.718506 -56.435005 795.398987
v -193.703308 -59.851662 803.416687
v -119.183556 -59.203407 804.191650
v -49.819859 -55.837406 795.001587
v 20.992569 -56.962212 772.690308
v 28.048279 -56.851898 767.515503
v 44.234879 -55.641754 761.056580
v 52.587826 -54.412445 757.954590
v 71.513924 -54.187538 756.367981
v 108.010078 -57.947605 762.113892
v 153.899490 -55.573841 775.440979
v -207.571762 -59.572723 802.052979
v -163.821701 -58.825035 801.898865
v -128.222092 -58.685562 803.756042
v -29.879883 -61.040390 791.591858
v -4.445307 -58.308331 784.097961
v 8.172606 -57.416943 779.392578
v 57.840092 -58.027523 755.674133
v 116.616653 -59.867870 763.892212
v 128.347305 -61.121387 766.628296
v 142.332413 -59.887421 771.021973
v 199.320129 -56.778027 791.510681
v -178.931442 -59.048607 803.359863
v -141.363892 -63.619942 803.952454
v -96.634697 -60.229912 803.324707
v -78.364311 -58.576447 799.964478
v -69.942833 -60.906139 799.242371
v 15.931651 -62.564888 773.790649
v 66.539291 -63.840858 755.589233
v 76.965889 -60.639637 757.832275
v 80.038086 -61.669292 758.398010
v 95.333626 -63.126163 760.145142
v 148.250305 -59.899200 772.250610
v 177.136490 -60.158829 782.509277
v -236.409897 -69.502892 800.552307
v -114.084801 -62.212540 804.754578
v -75.389435 -65.026390 801.027039
v -57.749390 -63.628208 797.389893
v -40.483234 -61.682838 793.773804
v 9.066916 -65.033188 778.615112
v 86.274223 -60.762257 759.220581
v 101.617065 -62.610874 760.817139
v 158.730377 -63.902306 775.340332
v 223.347870 -60.113503 796.574280
v 237.646851 -58.336479 799.881958
v -221.272751 -60.564510 801.124878
v -153.704834 -63.418518 803.240845
v -105.601364 -69.957253 805.562256
v -86.567116 -63.005112 802.852905
v -24.439993 -67.578735 790.744690
v -8.548855 -66.645988 785.591125
v 21.989885 -67.208336 771.442200
v 25.641230 -68.700920 768.171326
v 44.527000 -63.236649 760.607300
v 53.685040 -62.132710 757.521240
v 62.241837 -62.097942 754.191040
v 170.033112 -64.283119 778.733643
v 188.907761 -63.278805 786.507263
v 199.749451 -63.663673 790.757385
v -190.577362 -65.416428 805.187073
v -171.601120 -67.665993 806.128357
v -97.311768 -66.089867 804.306641
v -66.468422 -66.831429 799.575073
v -50.036850 -67.952606 796.100830
v -17.469379 -70.694405 788.685059
v -0.543880 -64.796745 783.348572
v 110.665985 -66.623825 762.753296
v -133.966125 -67.018074 805.576721
v 36.232437 -68.801346 763.222351
v 52.017036 -67.713966 757.400208
v 93.696587 -70.738220 761.230164
v 118.329964 -66.899918 764.160400
v 122.298759 -73.716927 765.129944
v 136.759720 -66.508392 768.437927
v 228.097092 -70.934387 797.190613
v 241.294586 -65.843399 800.700439
v -223.769241 -69.850616 802.715271
v -199.538544 -69.464653 805.952454
v -176.305862 -69.324448 806.781006
v -158.953873 -69.292953 805.679077
v -114.974243 -69.355400 805.992371
v -87.382935 -79.841827 806.324524
v -38.523643 -69.059204 793.694275
v 46.811768 -69.975769 759.890076
v 75.247421 -67.471558 757.265076
v 79.442223 -72.869774 759.146790
v 88.123848 -69.891190 759.843079
v 145.646729 -69.733559 770.394348
v 158.340515 -71.295013 774.159058
v 166.355865 -73.693886 776.634705
v 215.954254 -69.421005 794.424255
v -195.194458 -73.212151 808.042908
v -185.156006 -72.510864 808.403687
v -151.158264 -72.955788 806.345154
v -63.819653 -73.457726 800.222839
v 11.391800 -73.160324 775.266052
v 17.450199 -69.136375 772.294189
v 60.609833 -71.442589 754.776489
v 63.899200 -72.986198 754.771362
v 128.868866 -76.907928 766.475403
v 187.390167 -70.310410 785.164062
v 195.483444 -71.147888 788.095886
v -215.149628 -74.269379 805.168823
v -97.129601 -77.202263 806.626892
v -72.596382 -72.925842 802.198914
v -48.537880 -78.492455 797.029968
v -32.180092 -76.530807 793.312988
v -24.251890 -77.095268 791.100403
v -0.943426 -75.188606 783.345520
v 23.008793 -73.022324 768.801025
v 40.490776 -74.860718 761.345276
v 52.139229 -74.080124 757.586060
v 67.193649 -73.058517 756.827881
v 80.878983 -78.236412 759.485901
v 100.589172 -75.307541 761.558228
v 183.874969 -74.598656 783.529236
v -175.251724 -73.003036 809.132751
v -165.488785 -75.802429 809.485535
v -127.718925 -73.159142 806.853271
v -107.974762 -75.507431 806.881287
v 6.108821 -79.308350 778.149780
v 24.454079 -76.877441 768.445312
v 110.652664 -74.554680 762.883728
v 148.494766 -74.671608 771.147339
v 204.459427 -74.924454 790.747498
v 229.221344 -76.003723 796.920959
v 232.904984 -79.809372 797.466980
v -206.966217 -75.529106 806.976013
v 19.109327 -76.912582 772.429810
v 29.887329 -79.508064 765.995544
v 138.480255 -77.884331 768.951294
v 157.828232 -82.639114 772.965820
v 176.233093 -78.216942 779.948547
v 191.360168 -79.750748 785.719910
v 207.912109 -79.797684 791.519653
v -155.525909 -81.583168 810.244019
v -143.300201 -78.852333 808.294250
v -106.429634 -80.471420 808.231140
v -75.468330 -81.450218 804.736206
v -59.434837 -79.955826 800.193787
v -15.946149 -84.798386 788.338013
v 34.200520 -78.701675 763.165833
v 60.045586 -81.242714 756.122681
v 65.044647 -83.911369 754.911194
v 69.116844 -78.942307 756.780334
v 88.838715 -79.616295 760.412292
v 115.585564 -84.280144 764.705994
v -190.507477 -81.965759 810.340637
v -127.989227 -83.466591 808.856750
v -2.867639 -81.498039 783.717407
v 11.540312 -78.143745 775.619141
v 49.281364 -80.784058 758.076965
v 76.651756 -83.813248 758.181091
v 147.583221 -82.515610 770.694519
v 169.868088 -85.284241 776.744446
v -240.361237 -83.954910 802.926453
v -228.248352 -87.469536 805.734680
v -214.313553 -82.969955 807.056030
v -54.261944 -85.834610 799.496277
v 10.100841 -86.935631 775.835754
v 26.616501 -86.258942 765.972961
v 128.130035 -81.758377 767.274597
v -207.031219 -86.276665 809.333191
v -184.601624 -90.658615 811.408386
v -162.476334 -86.749382 811.132690
v -141.726639 -87.911407 810.993591
v -98.895370 -85.789253 810.339905
v -91.882881 -86.791924 809.671814
v -81.626038 -87.428673 807.792053
v -62.867970 -86.102455 801.957031
v -31.568010 -87.074379 794.281250
v -27.697750 -85.838066 792.436218
v 2.918574 -85.926964 780.017883
v 19.054598 -83.312454 771.043640
v 37.167831 -85.644531 762.143738
v 70.571243 -88.067543 757.455566
v 124.808746 -88.379570 767.416748
v 138.671875 -85.763535 769.760986
v 180.810257 -86.505722 780.791504
v 215.817947 -83.710602 793.227966
v -174.355057 -89.895691 811.354858
v -120.722397 -91.953407 810.796509
v -69.490318 -87.014732 804.333740
v -41.891739 -88.316696 796.390076
v 44.443710 -86.854774 759.995483
v 89.037361 -86.553627 760.340454
v -216.589874 -92.579391 808.674683
v -200.366928 -89.759880 810.665833
v -151.981934 -89.973091 811.714600
v -88.459381 -90.538376 810.076477
v -4.242947 -90.353981 783.867126
v 19.272549 -89.628609 769.493103
v 59.213589 -87.941689 757.547913
v 104.086365 -85.859329 763.375488
v 146.596893 -86.997368 771.716492
v 161.690872 -88.045998 774.204102
v 198.029175 -91.346115 787.167114
v 242.016968 -90.430695 799.014038
v -238.618744 -92.745583 805.284485
v -74.135880 -90.438774 805.684570
v -59.733593 -91.289810 801.615662
v -35.684174 -95.990509 795.362732
v -1.578648 -95.433899 782.759827
v 28.817656 -90.424690 765.079529
v 51.939304 -90.241455 757.817444
v 73.283798 -92.463951 757.789978
v 98.485886 -92.540787 763.803772
v 139.560379 -90.871605 770.498169
v 151.116837 -90.068703 772.078003
v 166.993759 -91.900642 775.394165
v 204.359482 -91.185242 789.251343
v 220.860397 -92.172043 794.000122
v 234.078186 -90.264336 797.030518
v -130.114548 -95.709274 811.956482
v -28.034245 -97.120193 793.899414
v -16.934217 -96.108849 788.677612
v 8.104970 -94.063515 775.624817
v 32.501377 -97.464806 763.306519
v 39.886219 -93.034874 761.017883
v 63.261536 -91.998169 755.318481
v 185.293564 -90.539978 782.557617
v -142.413620 -96.894005 812.048096
v -91.132721 -96.874847 811.038452
v -83.324478 -96.481346 809.847656
v -23.299919 -95.139549 791.335754
v 12.932019 -100.295883 772.368713
v 57.767967 -97.271378 757.405518
v 83.814636 -93.588333 760.190674
v 155.317993 -95.125664 773.452820
v 174.763382 -100.277985 778.162781
v -211.897018 -97.160507 810.765808
v -195.811798 -102.423454 812.710693
v -114.742683 -99.200409 812.283264
v -61.395889 -98.639839 802.591064
v -49.384281 -97.329132 798.779724
v -9.473666 -99.836716 785.449158
v 24.262829 -98.054749 766.345581
v 112.189278 -97.702713 766.950073
v 125.893875 -96.318489 769.623962
v 140.693832 -96.218391 772.679260
v 162.339798 -99.212524 775.403015
v 185.835068 -99.034882 782.611389
v -234.905930 -102.530266 808.036011
v -179.098328 -100.852730 812.294739
v -160.047638 -100.497627 812.140442
v -107.471771 -103.691818 812.610901
v 48.212345 -99.037415 758.916321
v 61.969723 -102.574219 755.719666
v 66.165291 -99.909737 756.888062
v 72.189522 -100.529495 758.259521
v 210.043732 -99.827385 790.175659
v 223.670166 -104.466568 793.828125
v 234.942734 -102.479683 796.488220
v -76.375946 -106.518791 807.142273
v -47.567669 -109.170235 798.204468
v 6.910288 -104.999809 774.816956
v 16.320021 -104.327682 769.836304
v 49.659058 -104.407021 758.618469
v 78.809875 -107.571762 759.476013
v 95.164597 -107.941109 765.027344
v 200.991699 -103.998726 787.580017
v 219.048569 -100.875717 792.665222
v -220.675827 -104.678024 810.625488
v -204.015671 -109.289787 813.196472
v -169.365402 -110.333000 813.081787
v -148.083267 -106.842262 812.768372
v -124.966728 -106.574471 813.021301
v -80.443871 -102.741371 808.729553
v -67.794731 -103.439926 804.271118
v -26.187126 -104.528809 792.656982
v -16.307365 -102.026176 788.783997
v 0.026350 -105.305725 781.897339
v 36.109913 -105.332413 762.252319
v 58.692844 -102.426292 756.267883
v 87.500122 -104.718552 762.197388
v 126.679222 -105.977394 772.537292
v 148.112259 -101.057152 774.814575
v 161.793076 -104.155960 777.153198
v 177.906693 -103.277496 780.120667
v 193.329178 -107.218979 785.438965
v -97.784042 -111.427551 812.484802
v -35.691895 -110.268951 795.005005
v 19.974134 -106.159821 768.575073
v 120.008583 -106.671562 770.225403
v 235.272949 -109.773888 796.158142
v 243.839233 -109.651413 798.210754
v -88.475540 -109.833961 810.755798
v 41.561066 -108.678528 760.287781
v 181.073822 -111.341118 781.889404
v -242.286987 -113.275032 809.369568
v -181.388840 -108.953751 813.273010
v -140.728088 -114.681198 813.309692
v -106.390831 -108.762451 812.789124
v -72.382225 -114.242310 805.833313
v -54.073498 -105.578278 800.257263
v -19.456474 -111.431900 789.341187
v -11.701637 -114.203117 785.746948
v 23.280416 -110.279808 766.824463
v 53.373383 -108.988182 757.841553
v 103.740868 -111.730186 767.268982
v 144.996414 -109.003227 776.678894
v 172.389557 -106.653793 780.672729
v 211.569641 -110.498940 790.488953
v -229.830719 -115.162178 811.390503
v -215.383255 -110.604050 812.614136
v -85.433319 -110.787453 809.639343
v -1.957247 -112.514366 782.085571
v 59.876251 -111.963974 756.175232
v 70.951569 -116.558884 758.201233
v 154.419678 -111.790070 778.820862
v 167.392334 -111.777855 781.269836
v -192.797745 -114.193054 814.330750
v -124.787003 -112.696991 813.225769
v -28.209154 -119.661423 791.941772
v 80.866638 -112.640312 760.866577
v 88.691505 -115.311531 764.003906
v 118.140099 -116.841354 771.867737
v -209.007278 -118.477661 814.520813
v -158.241089 -117.479164 813.673523
v -113.214851 -117.900253 813.611328
v -55.788609 -118.048119 800.545288
v 41.805031 -115.496002 759.191467
v 135.201187 -115.321556 776.889343
v 146.297256 -116.304138 778.907288
v 176.386093 -114.138245 782.469177
v 200.236862 -120.612534 788.067261
v 220.879349 -119.233841 792.836426
v -182.602310 -120.610649 815.519836
v -93.641830 -118.253639 812.667908
v -46.056454 -119.053139 797.612183
v -1.364992 -119.217827 780.663696
v 5.617792 -115.012421 775.205750
v 16.560421 -117.453461 769.279968
v 31.389416 -118.169144 763.406799
v 58.284157 -118.902031 756.213135
v 162.311920 -118.909889 782.181946
v 183.647583 -116.918320 782.554077
v 191.716949 -117.948242 785.327759
v 231.057831 -117.377678 794.841248
v -236.478455 -123.976166 812.897766
v -122.660378 -121.431290 813.786316
v -82.378998 -117.479607 809.107056
v -67.053383 -126.627113 804.440186
v 6.928528 -119.460358 773.340271
v 101.950851 -121.592674 768.377075
v -242.358582 -121.446526 812.405396
v -202.965576 -122.951279 815.831970
v -174.562347 -124.943840 815.835815
v -147.151657 -120.916115 813.882019
v -73.774956 -121.699379 806.324280
v -38.435997 -123.910515 795.460327
v -8.344131 -121.835869 784.199036
v 43.822704 -120.498360 758.212036
v 52.844250 -123.929756 757.299927
v 73.846191 -121.264053 759.714294
v 112.895554 -125.514465 772.000183
v 126.996399 -122.462120 775.479248
v 139.781738 -121.942841 779.176086
v 173.496948 -122.862595 784.700195
v 207.897476 -123.239204 789.327515
v -225.780624 -128.204391 814.662598
v 22.334677 -123.299660 766.460388
v 36.082150 -121.231178 760.866150
v 62.264225 -124.913963 756.869141
v 76.637115 -124.677429 761.360657
v 186.390411 -121.787453 784.003113
v 213.005920 -124.148628 790.334595
v 239.740692 -120.409203 796.840637
v -146.256363 -136.029312 815.037598
v -82.732262 -127.362701 810.935181
v -26.934189 -123.429420 790.811401
v 1.490834 -126.966454 776.678162
v 12.827026 -126.881599 769.996094
v 34.029827 -129.232254 760.804199
v 87.312294 -130.641846 765.410217
v 151.702988 -124.781502 781.849121
v 192.430450 -126.278748 785.424316
v 225.812119 -128.359573 793.261963
v -198.181702 -131.033356 817.257141
v -111.521767 -127.463425 813.919861
v -91.989059 -123.483887 812.693909
v -77.602516 -128.933731 807.804199
v -54.771095 -125.599327 800.426147
v 48.066093 -125.619164 757.726929
v 71.287437 -126.406357 758.829956
v 129.885834 -131.067657 778.612732
v 160.447083 -128.213211 784.617126
v 235.992004 -131.855392 795.361816
v -208.037125 -129.212067 816.735107
v -163.101624 -128.944351 815.251892
v -133.352814 -137.180969 814.828430
v -120.082367 -131.580399 814.622375
v -101.070587 -135.089005 814.025452
v -82.849464 -136.221924 811.307617
v -43.570187 -129.878952 796.512207
v -33.150955 -131.040192 793.520508
v -27.158552 -130.032227 789.935913
v -21.770208 -132.920517 787.757751
v -8.151025 -130.552521 783.217041
v 17.783068 -131.446808 767.651489
v 26.170153 -133.454453 764.315308
v 56.841377 -131.625397 756.365295
v 62.546467 -130.385696 757.009521
v 103.419991 -130.120712 769.784302
v 121.784866 -132.274765 776.078003
v 175.620560 -133.183792 787.621094
v 187.719162 -129.352158 786.088989
v 214.460907 -134.817566 790.070374
v -241.368439 -131.254593 814.317871
v -186.163666 -131.719757 817.397461
v -155.019638 -135.226990 815.592102
v 42.969940 -128.437927 758.207336
v 79.826813 -129.531372 762.594360
v 92.849434 -136.777222 767.928955
v 117.061394 -130.095490 773.930969
v 139.242508 -140.142242 782.406067
v 198.485764 -131.069901 787.074158
v -216.413544 -137.291550 818.930847
v -39.624378 -132.046509 794.811035
v -2.748433 -134.362549 779.305115
v 5.596913 -131.652466 775.400024
v 10.272124 -134.902618 770.370056
v 43.564224 -134.044571 758.128113
v 68.841942 -135.761230 758.882141
v 205.791641 -137.304855 788.411682
v -233.653809 -135.151794 815.712891
v -177.983307 -136.555359 818.522705
v -75.493645 -136.359741 807.294006
v -56.970570 -140.889099 801.131714
v 37.947556 -134.905182 759.730042
v 51.620708 -140.627731 757.294495
v 130.543198 -136.946060 780.000183
v 150.342697 -136.597916 784.379456
v 163.004898 -137.377731 787.253662
v 184.938416 -137.745392 788.177124
v -170.879486 -140.911163 818.612122
v -162.346649 -140.586594 817.208435
v -113.934814 -138.600006 814.409729
v -91.240044 -140.676178 813.160095
v -67.053429 -140.624268 804.279480
v -20.470860 -141.037247 786.290527
v -15.808165 -143.230316 784.841797
v 0.750304 -138.662476 776.539673
v 6.780936 -142.013855 773.681641
v 73.981628 -137.044586 761.451904
v 194.708664 -138.357788 788.241760
v 227.990906 -135.644104 793.410522
v -47.864746 -143.013504 797.981628
v -40.735157 -141.194809 794.384644
v -34.016926 -139.788132 791.893921
v 14.544481 -139.435837 768.852234
v 31.880190 -141.219604 760.529541
v 42.752308 -141.051178 758.543762
v 56.794323 -140.320877 755.806824
v 108.439659 -140.131958 773.136841
v -206.741440 -141.298264 820.646484
v -190.967636 -148.036285 821.683472
v -153.690628 -140.459061 816.521545
v -139.530685 -144.800903 815.688477
v -78.383278 -140.080246 810.737244
v -28.159807 -142.074142 788.471619
v -6.528828 -141.303787 780.790100
v 82.476524 -145.596344 764.800964
v 122.429886 -140.992416 778.231140
v 170.716125 -140.576233 788.505432
v 200.974426 -143.188126 789.517517
v 223.493988 -147.119507 791.585327
v 240.254044 -145.503082 796.118469
v -237.930878 -145.162979 819.136353
v -97.959122 -145.780975 813.681274
v -76.551575 -144.010712 810.380371
v 64.785973 -142.273193 758.406799
v 99.392326 -144.152679 770.776489
v 178.927521 -146.960007 789.930237
v 185.704163 -146.719208 789.883240
v 214.540619 -144.052856 789.799866
v -181.778030 -146.800690 820.487427
v -125.778984 -147.911713 815.065308
v -112.390976 -145.793198 814.512207
v -85.863594 -147.896118 812.199463
v -72.128754 -144.329544 805.618591
v -57.561073 -148.517761 801.857849
v -10.884727 -144.107193 782.019897
v 69.877563 -149.926254 760.776733
v 124.780418 -148.129044 779.685608
v 146.432281 -148.324997 785.562195
v 230.767975 -148.611465 793.366211
v -219.015091 -148.464417 822.275391
v -204.407761 -149.677734 822.762817
v -1.908576 -144.963043 776.351868
v 14.490279 -147.409058 769.040527
v 29.989037 -148.773010 762.078674
v 37.194752 -145.653595 759.787903
v 44.821838 -145.637802 758.270874
v 61.565937 -146.829041 756.900391
v 90.161385 -147.233948 767.633301
v 205.759644 -151.667587 790.391968
v -235.270981 -152.294540 821.898376
v -158.584122 -149.236298 817.574036
v -73.799850 -146.593826 807.480164
v -30.237822 -150.439911 788.440857
v -24.712013 -154.742935 785.505127
v -13.105782 -149.462555 783.637878
v -5.773537 -148.954315 778.551575
v 4.871466 -149.429398 773.043701
v 8.792359 -150.886200 771.271606
v 19.872683 -152.182373 765.850403
v 56.870419 -149.871277 756.324524
v 111.457024 -151.445892 775.848206
v 165.335541 -149.143295 788.948364
v 194.276062 -149.534561 790.374695
v -175.871933 -151.919662 820.617493
v -53.201050 -152.145233 800.143005
v -38.987804 -150.143692 794.049316
v 47.262428 -150.977005 758.053833
v 75.127846 -152.697144 762.724182
v 130.402847 -156.857178 782.653076
v 238.934616 -152.407913 795.514343
v -227.301437 -154.894165 823.358582
v -201.964203 -161.341629 825.216309
v -144.966568 -159.693527 817.582825
v -108.061226 -155.145401 814.380859
v -94.476273 -157.271027 813.122864
v -66.119568 -152.998184 804.745728
v 35.363850 -154.222076 760.916870
v 53.675945 -153.792847 758.022644
v 60.651585 -155.740112 757.003113
v 66.265602 -153.638916 760.194519
v 80.297646 -154.177200 765.903687
v 90.210739 -151.300369 769.465515
v 95.059967 -153.522018 770.450684
v 218.590866 -154.104919 791.004211
v -166.021332 -163.681198 820.557617
v -156.894302 -155.720459 818.076050
v -122.191338 -161.087112 815.133606
v -82.777275 -153.337952 811.054688
v -76.129219 -153.324677 808.563660
v -34.881905 -156.259109 791.915405
v -11.457958 -157.588943 781.373840
v -6.978565 -157.264435 778.142883
v 149.724091 -154.139969 787.425110
v -220.477768 -158.798126 824.744873
v -172.623901 -157.716476 820.876221
v -134.036835 -157.534760 815.779785
v -72.081268 -160.405548 806.893311
v -60.128418 -161.829056 802.268066
v -46.235081 -159.920975 796.679260
v -20.027126 -158.927353 784.833557
v 12.845001 -157.362411 768.530457
v 17.263391 -157.298645 767.441345
v 28.259007 -156.712982 763.407288
v 41.056793 -157.280838 759.842041
v 47.698246 -158.266693 758.434875
v 74.846329 -157.997742 763.362854
v 93.707397 -163.403290 771.386047
v 170.686569 -157.196991 790.478088
v 189.928299 -156.949936 791.589905
v 214.339951 -155.811295 791.516357
v 228.368393 -160.522934 792.547607
v -179.323166 -159.447479 822.478455
v -1.768593 -159.251358 775.201477
v 8.279832 -158.397110 771.186707
v 56.259697 -163.218887 757.407837
v 85.240479 -160.209351 767.204163
v 88.721497 -160.371918 769.073303
v 107.336853 -161.109726 775.060486
v 119.369667 -159.139420 779.873169
v 138.183563 -162.254120 785.646362
v 200.651123 -161.860550 792.436096
v 214.511856 -161.179169 791.928162
v -236.672409 -162.703293 824.160950
v -188.220261 -159.755142 823.604919
v -90.834862 -162.791367 812.536560
v -77.172562 -163.052353 810.664246
v 30.394566 -164.378601 762.997070
v 111.855240 -163.334915 777.602905
v 147.211838 -164.919617 787.964050
v 158.672943 -158.513855 788.923950
v 183.213852 -164.968353 792.301331
v -220.781006 -166.684250 826.532043
v -154.369308 -162.790222 818.578552
v -69.976509 -164.832062 805.673462
v -35.261108 -163.151917 791.840515
v 11.504327 -163.629868 769.751648
v 24.849297 -162.060181 764.042908
v 52.513359 -165.578751 759.107544
v 70.047951 -162.228470 762.373535
v 114.490105 -161.694885 779.710083
v 175.600830 -164.699936 791.623840
v 191.743027 -164.909821 792.982788
v 207.962677 -168.199585 793.106750
v 239.081894 -160.415970 795.010742
v -184.026718 -165.412033 823.737366
v -109.707253 -165.848480 814.264954
v -40.356270 -170.305145 793.870544
v -27.277987 -165.887146 786.711731
v -13.381353 -164.551697 782.293396
v -6.943533 -165.684799 776.277710
v -0.405893 -165.610382 774.065430
v 20.299662 -161.931198 766.700439
v 62.520245 -166.379837 760.189514
v -243.002029 -169.849274 825.075623
v -230.575195 -171.842422 827.056458
v -140.114883 -168.881714 818.048157
v -125.768112 -169.759399 815.571960
v -98.161293 -170.875046 813.338196
v -74.037094 -167.409698 810.530457
v -64.500816 -168.070236 803.606873
v -48.025421 -170.260330 796.754456
v -20.088448 -167.170639 784.365540
v 15.214511 -165.812439 768.645996
v 21.448038 -168.129868 765.573853
v 35.783012 -166.449814 761.354675
v 58.163410 -168.619278 757.528992
v 75.858177 -167.553726 765.252319
v 84.526924 -166.118896 768.141907
v 118.176422 -167.741898 780.317566
v 158.362671 -167.286484 789.618652
v 166.126419 -171.929733 791.194702
v 202.086075 -166.896164 793.573425
v -212.012878 -176.281906 829.010376
v -199.519104 -171.431229 826.524536
v -171.007584 -168.840790 821.800964
v -15.708575 -171.408905 782.232361
v 7.470358 -173.212357 769.996399
v 44.927345 -170.017120 759.999878
v 92.818130 -168.595291 771.194824
v 104.621513 -173.277252 775.656799
v 129.718994 -174.186264 784.603271
v 220.150375 -169.529892 792.910278
v 232.638596 -168.959747 793.834778
v -148.204819 -173.523010 818.532227
v -60.006153 -175.829529 801.502991
v 0.196405 -170.756363 773.026062
v 61.192261 -171.627655 758.435669
v 187.267014 -173.156097 793.548584
v 243.467468 -168.344681 796.097656
v -182.565094 -171.992386 824.626404
v -164.530121 -174.721375 821.383789
v -156.297073 -178.030212 820.410706
v -107.866173 -175.683014 814.017212
v -90.915390 -176.062500 812.617737
v -75.141106 -176.297455 810.433655
v -68.997765 -172.479218 808.380005
v -63.951233 -173.686432 803.058044
v -32.313126 -173.971161 789.207520
v -24.541222 -176.845245 784.998230
v -7.364622 -176.058136 775.053894
v 35.364399 -170.397903 761.005066
v 66.953613 -172.872131 761.910583
v 83.094955 -171.672058 767.542053
v 121.561943 -176.657516 781.993164
v 142.345428 -177.880447 787.960266
v 177.912750 -176.935471 793.119019
v -193.974564 -173.498825 826.719482
v -174.524048 -173.285217 823.291931
v -115.382431 -181.881760 814.531128
v -17.948931 -175.876816 783.490417
v 16.862411 -179.250778 765.565796
v 72.197166 -178.356354 763.397400
v 155.923248 -176.233643 789.900940
v 194.950745 -178.324860 794.753723
v 212.018814 -172.592621 794.082520
v -238.527130 -175.570786 827.710876
v -228.239685 -179.212463 829.246094
v -82.828827 -179.106613 811.328125
v -49.714836 -177.172089 797.156860
v -0.621731 -174.849930 771.659180
v 2.830388 -175.975571 770.969910
v 35.447201 -177.961746 761.304993
v 40.273415 -181.321472 760.110107
v 51.768143 -177.688263 759.840271
v 90.439308 -176.471802 770.358887
v 221.497726 -176.236618 794.111084
v 231.985565 -178.815109 794.756104
v -221.761826 -185.952744 830.896667
v -202.945404 -179.949554 828.915100
v -193.546021 -181.352707 827.867798
v -182.918961 -178.883698 825.588440
v -170.517899 -179.430069 822.932312
v -136.435318 -178.803009 817.871460
v -66.508537 -179.384552 808.558228
v -41.427452 -178.799271 793.377441
v -27.543188 -181.617325 785.361877
v 25.120180 -178.932083 763.310852
v 53.976742 -181.951996 758.321228
v 63.667385 -176.665024 762.276611
v 66.918846 -181.182236 762.573303
v 170.566635 -180.169510 792.507263
v 211.429779 -180.432098 795.237061
v 237.648163 -182.456390 796.182617
v 250.014694 -184.437515 799.657532
v -240.942184 -183.073013 828.791626
v -173.705719 -181.500595 824.546509
v -165.126770 -183.804123 822.729431
v -128.619690 -182.539825 817.027588
v -35.958187 -183.188217 789.888428
v -18.896170 -181.244720 782.749817
v -5.370213 -182.663528 773.513428
v 59.559784 -183.438461 760.147705
v 78.730194 -181.142929 766.123779
v 100.266037 -181.786163 773.811218
v 131.264221 -183.891113 785.475891
v -142.926575 -186.400848 818.789368
v -124.167862 -185.028992 815.750854
v -103.958961 -183.391693 813.509705
v -94.790283 -185.343414 812.289307
v -60.356335 -179.736206 800.094604
v -60.098202 -183.381226 799.625427
v -31.018211 -185.336365 787.561096
v -15.844597 -184.652649 779.724121
v 10.172990 -183.034897 767.906738
v 27.448977 -186.737930 763.441467
v 108.112328 -182.356506 777.180359
v 112.477104 -185.583954 779.558167
v 123.374672 -189.320038 783.734497
v 189.074905 -183.674377 794.914551
v 199.591202 -182.467224 795.317810
v 220.914368 -183.139481 795.446167
v -176.381088 -186.966446 825.750305
v -148.901962 -185.808365 820.002808
v -64.318871 -184.477753 808.789673
v -23.056135 -185.886154 784.416931
v 0.953120 -189.564896 771.257202
v 35.693111 -186.992279 761.099854
v 44.766277 -186.541031 760.146667
v 62.807606 -185.664993 760.333496
v 90.135979 -185.574554 769.592529
v 203.976288 -186.292664 796.110474
v 230.329315 -184.051270 796.197998
v -212.452682 -188.447144 831.504028
v -200.385849 -186.832138 829.990784
v -187.014191 -189.512482 828.260193
v -82.312141 -190.833023 810.668518
v -75.062035 -190.020172 809.926331
v -49.234249 -187.790741 795.548340
v 15.182836 -189.026978 766.513306
v 70.706032 -187.853149 762.644897
v 77.573875 -187.541153 765.849854
v 152.145218 -191.047180 790.167297
v 164.030182 -191.257858 792.059692
v 181.766754 -188.779404 794.426270
v -233.060379 -191.785675 831.370361
v -160.424561 -191.467758 822.969482
v -62.196758 -188.546799 808.701599
v -58.580326 -186.888077 798.959656
v 20.259958 -193.230774 764.735962
v 92.450935 -192.146866 771.000549
v 96.969444 -192.804642 771.845520
v 137.288391 -189.865234 787.744873
v 145.539673 -187.338440 788.907898
v 189.260132 -193.292969 795.655090
v 206.898254 -193.230133 797.467651
v 218.173523 -187.934219 796.983398
v -222.101227 -190.778168 831.412537
v -152.484390 -194.771515 821.728271
v -128.156235 -190.920807 817.226685
v -121.292908 -194.896194 815.092896
v -115.311768 -194.315521 814.547546
v -101.748955 -190.543533 812.708252
v -41.048492 -194.028946 792.305786
v -22.090508 -192.691666 784.322571
v -7.567924 -191.334137 775.277222
v 30.457897 -190.843658 761.730896
v 48.107105 -189.284912 758.358582
v 49.294571 -193.618546 757.770264
v 63.391739 -195.446609 760.493469
v 103.042870 -192.855164 774.261780
v 109.202339 -192.165771 777.069946
v 115.748352 -191.993561 780.875183
v 229.048584 -192.482239 797.719666
v 240.512543 -190.249802 797.601929
v -241.831604 -198.916611 831.421814
v -136.368988 -191.705231 818.561829
v -60.593922 -190.470428 807.662903
v -56.968792 -193.329956 797.060059
v -36.550648 -194.476425 789.620667
v 2.386441 -194.819702 770.755981
v 30.950516 -197.305115 762.026978
v 177.754395 -193.827362 794.299988
v -242.169968 -190.884338 830.655029
v -228.735413 -195.830185 832.354492
v -190.534927 -196.507950 830.408875
v -124.687859 -195.755920 816.142151
v -98.069572 -195.356323 812.398438
v 7.067616 -196.203293 768.922668
v 45.235397 -195.189346 760.185913
v 84.541435 -192.814987 766.581726
v 191.278305 -200.601349 797.144653
v 210.674759 -199.827209 798.508911
v 236.543045 -194.062332 798.586731
v -210.296494 -195.571518 832.762268
v -69.677124 -196.431091 809.075378
v -62.133518 -194.838577 805.392761
v -29.271170 -199.505875 785.735779
v 23.667868 -198.467300 763.735474
v 37.968616 -200.376373 760.845398
v 53.266731 -200.776611 758.825378
v 72.582596 -195.954132 762.248108
v 88.547523 -196.606049 767.318787
v 120.515305 -198.010635 782.291199
v 128.185181 -199.232880 785.125488
v 163.500412 -200.296555 792.242126
v 224.143890 -198.731369 798.704102
v -174.629898 -197.657639 827.202271
v -156.302765 -202.158890 823.567749
v -143.487961 -200.667755 820.251465
v -92.492950 -197.965500 811.061401
v -79.000298 -205.863953 808.914734
v -57.026569 -196.868729 797.454163
v -34.794811 -202.418350 787.863037
v -20.535847 -201.195114 783.082642
v -6.276171 -198.496643 775.266846
v 17.254997 -198.720566 766.448242
v 114.255630 -200.043686 780.507324
v 135.876312 -201.678299 787.412170
v 152.997620 -203.637344 790.411499
v 198.121368 -202.484177 798.302063
v -222.303802 -200.169037 833.817932
v -186.169037 -200.741623 829.933044
v -167.831284 -207.990860 827.091370
v -151.902344 -200.355377 822.638977
v -130.730362 -202.353897 818.045593
v -108.402351 -204.274475 813.190002
v -101.391129 -205.657761 811.934631
v -91.436981 -205.371964 810.699097
v -46.320591 -202.582214 793.987610
v -8.596140 -204.310898 777.927185
v 51.243168 -199.402725 758.160950
v 57.903835 -207.019226 759.891113
v 78.520592 -200.588654 762.948486
v 97.390671 -201.743530 771.039307
v 106.319336 -200.162125 776.384216
v 177.545593 -201.175949 794.790894
v 238.784760 -202.800110 800.193970
v -235.582169 -204.788879 834.098206
v -215.708603 -203.251602 833.977966
v -204.782303 -201.308487 833.466614
v -114.966377 -202.224030 814.221375
v -74.334404 -201.878723 808.309631
v -65.874542 -202.133896 804.934021
v -51.399685 -213.282211 795.830139
v -1.541578 -205.977829 773.506714
v 28.728933 -202.294098 762.796326
v 61.578331 -203.904861 760.040283
v 89.907951 -205.192535 765.809387
v 165.872055 -204.606827 792.714661
v 230.681473 -203.700943 800.234680
v -242.318192 -207.908234 834.242554
v -63.842800 -206.329391 800.861450
v -59.526955 -204.117981 798.543030
v -44.902466 -217.256790 793.461060
v 10.210112 -207.695984 768.581604
v 81.175247 -203.171494 763.335022
v 83.937744 -206.989532 764.351868
v 103.455215 -207.580933 773.555115
v 117.011169 -207.205978 780.712280
v 147.014847 -203.383255 789.561279
v 206.405350 -208.357910 799.879700
v 215.280182 -207.659454 800.291931
v -216.928299 -208.123047 835.106934
v -194.072769 -205.424576 832.742493
v -180.451752 -210.394226 830.653748
v -171.586349 -211.935913 828.070862
v -160.035065 -209.614090 824.975037
v -146.583603 -208.032593 821.228882
v -133.854309 -212.466858 818.427063
v -128.830612 -209.396133 817.743408
v -118.951508 -210.109100 814.571167
v 6.380155 -205.461395 769.919312
v 15.970087 -206.295013 766.619263
v 36.333218 -209.695206 761.105469
v 45.752491 -205.270706 760.501526
v 47.292583 -209.901169 759.883179
v 71.235580 -211.334579 761.067444
v 179.969254 -203.739731 795.228699
v -198.254807 -211.099030 833.976501
v -71.940460 -208.777008 806.042358
v -59.335464 -210.107834 798.497681
v -34.720425 -208.542740 787.012512
v -26.257912 -209.274780 784.891602
v -15.978200 -208.607193 780.854858
v 20.898260 -208.810822 764.864014
v 50.412922 -212.991241 758.103760
v 128.673203 -207.281250 784.341370
v 138.955673 -213.065445 786.869324
v 192.646332 -207.433868 797.743042
v 234.890533 -210.657333 802.185791
v -226.669281 -210.321167 835.384827
v -208.681915 -211.800018 835.581360
v -187.295731 -212.491165 832.490234
v -141.550430 -214.310486 820.088501
v -38.345966 -214.903641 789.861084
v -21.472322 -214.772552 784.289124
v -8.714397 -210.730072 778.495300
v 42.022232 -213.199142 760.759094
v 80.579315 -211.350952 762.073669
v 94.577209 -213.071167 766.546509
v 102.714508 -216.538071 771.281982
v 112.058342 -211.672409 776.470581
v 132.894653 -215.269653 784.813477
v 158.596130 -214.107590 791.165283
v 171.193207 -213.050186 793.703003
v 225.610046 -209.087540 801.260803
v 238.639404 -214.175415 803.068298
v -237.120895 -213.948624 835.806030
v -0.276388 -212.260025 774.539612
v 4.173748 -214.737152 771.840576
v 25.842857 -214.147049 763.429871
v 123.270393 -215.680832 780.960266
v 151.316208 -213.427124 789.556763
v 184.243652 -216.350266 796.809998
v -211.408142 -218.162170 836.071594
v -201.613068 -215.254044 835.524414
v -123.779739 -219.004196 816.845459
v -105.304512 -218.983582 812.098877
v -96.053291 -219.695770 810.759155
v -71.064629 -215.345886 805.846863
v -67.933647 -215.372238 804.025635
v -61.830452 -214.289917 802.348389
v -5.766096 -217.065094 778.308777
v 9.339576 -217.923828 769.843994
v 38.175823 -215.158081 760.719360
v 57.911270 -219.593338 759.920471
v 88.956673 -215.585983 764.613464
v 118.332672 -214.114868 778.673218
v 228.186218 -214.088196 802.639893
v -222.145157 -216.954544 836.389832
v -169.892548 -220.789978 828.564209
v -162.770477 -217.231049 826.373413
v -154.885071 -218.129730 823.423889
v -59.942120 -218.320953 798.442078
v -33.439529 -220.807648 786.264771
v -15.611654 -217.050613 781.020264
v 19.549547 -219.065460 766.338684
v 52.474342 -217.650040 758.129333
v 86.338654 -217.216461 762.799805
v 149.641937 -220.640701 789.339905
v 168.616180 -220.342407 793.285156
v 192.796860 -223.680435 799.705688
v 208.237518 -221.901566 802.814026
v 244.307114 -217.120529 804.487976
v -227.453018 -223.045273 837.100525
v -194.731537 -220.316147 834.844421
v -178.694519 -223.231781 831.853577
v -132.848419 -219.142609 818.269592
v -113.177040 -216.421661 813.372131
v -79.117950 -221.116394 808.525208
v 95.659622 -217.137527 767.180969
v 109.238060 -220.253159 772.711792
v 121.100372 -220.675598 777.576355
v 163.246475 -220.327271 791.787170
v 199.253708 -222.417145 801.038574
v 217.337326 -218.401535 802.389771
v 231.606155 -218.987549 804.540161
v -143.004486 -224.598801 820.334656
v -103.322823 -222.727310 811.666626
v -68.445511 -222.894577 805.843018
v 7.587276 -222.951736 771.657654
v 28.406708 -219.900848 763.050903
v 46.953632 -219.685104 759.833069
v 68.382309 -223.526825 760.857544
v 81.530830 -220.342972 762.323730
v 225.362061 -218.122009 804.697815
v 239.608734 -224.607773 806.176758
v -249.995346 -221.972412 836.490967
v -217.495514 -221.299469 836.831299
v -158.173752 -225.670746 824.936768
v -151.833267 -223.719559 822.565918
v -121.622665 -223.388336 817.819885
v -116.370560 -221.284790 816.005737
v -110.931702 -221.101944 815.196411
v -75.142502 -224.652893 806.969177
v -64.630646 -222.166031 801.359375
v -18.131361 -227.355255 784.076843
v -10.366055 -225.120865 779.752502
v -4.611022 -222.355881 777.126526
v 12.849736 -223.198395 768.840393
v 38.639046 -223.610703 760.729797
v 101.462746 -220.799545 768.312317
v 136.374802 -224.397324 784.732239
v 220.980377 -220.040527 807.406006
v 232.631607 -223.872971 805.943176
v -206.599884 -225.591064 837.078857
v -191.896500 -226.669662 834.938904
v -61.876484 -224.714523 800.097229
v -50.370232 -226.947098 795.647522
v 59.854137 -225.239700 760.707886
v 78.914879 -224.437424 761.307861
v 88.616943 -223.940765 762.766418
v 96.638809 -225.634277 764.671509
v 116.086784 -227.756699 771.794434
v 125.681168 -225.260208 781.268188
v 174.100494 -223.931503 794.146057
v 188.572678 -225.094467 798.000000
v 215.019852 -223.320175 804.189453
v 223.878082 -225.987442 807.964722
v -241.259232 -229.045593 837.819397
v -185.808105 -227.870132 833.094482
v -129.313446 -228.443573 817.608521
v -109.343399 -224.411880 814.265869
v -65.862801 -226.465897 805.500122
v -41.169743 -226.211716 791.550598
v -34.661900 -227.915421 787.910828
v -32.060715 -231.729843 787.781189
v -25.089441 -231.067688 786.007812
v 2.098179 -228.649628 774.260681
v 22.030933 -225.748123 765.927856
v 32.364311 -227.160950 761.840210
v 51.090946 -222.090866 757.865173
v 49.614082 -228.144470 758.323059
v 55.264771 -226.423584 759.688416
v 70.351776 -229.161118 762.378967
v 128.481216 -228.771866 781.503723
v 144.738007 -228.674088 787.230469
v 231.409927 -226.839890 807.691895
v 243.685806 -233.985092 808.176941
v -169.336258 -229.082642 829.071899
v -151.557037 -230.435242 822.722778
v -95.476471 -229.671677 810.402344
v -57.366146 -229.352158 798.001831
v 37.609661 -230.000031 761.016235
v 75.297333 -227.363403 763.332703
v 91.029854 -229.223709 763.052063
v 107.729660 -227.994156 768.474304
v 122.436562 -228.246460 775.058167
v 185.806854 -230.579437 797.124512
v 204.940521 -229.452744 805.027039
v 215.896423 -227.104263 807.738098
v -221.152054 -231.767578 837.749268
v -91.365028 -237.011765 809.230347
v -83.635864 -237.201019 807.674988
v -64.716705 -235.316101 803.536377
v -61.382320 -234.217407 799.379639
v 12.930957 -231.799393 770.514526
v 63.612057 -229.651123 762.194946
v 85.834084 -230.012512 763.216125
v 139.562943 -231.073303 784.442627
v 155.879028 -232.057114 788.986145
v 165.308243 -230.828552 791.291260
v 174.875946 -231.479050 793.519836
v -207.293137 -231.838669 837.224731
v -187.175400 -233.277695 834.037720
v -166.554459 -233.341599 827.928772
v -137.473236 -230.359131 819.148743
v -117.028618 -231.616028 815.959656
v -103.131401 -233.767914 811.132019
v -10.863055 -233.921829 781.372742
v 6.260936 -239.013962 774.653687
v 26.994099 -231.966080 765.374146
v 51.401180 -233.907837 758.441833
v 58.532177 -234.353271 760.368286
v 99.202415 -233.058212 764.311035
v 125.156120 -230.638092 775.995239
v 196.219330 -237.793015 801.176941
v 209.923294 -235.186172 808.172729
v 225.697830 -235.557556 808.815491
v 235.609756 -234.761658 808.435181
v -233.675507 -235.650269 838.596252
v -195.867554 -234.373001 836.031921
v -175.933899 -235.492538 830.218811
v -109.821289 -232.030350 812.653259
v -57.521114 -239.596115 798.472473
v -42.938328 -235.290512 793.035095
v 39.142700 -235.508102 760.312866
v 66.150665 -235.221985 762.950012
v 76.996056 -232.543518 763.768494
v 80.489700 -234.436951 763.581665
v 126.889832 -234.111206 780.839722
v 148.432556 -233.643661 786.463562
v 202.081161 -235.258133 805.156555
v -180.261398 -237.451843 832.675354
v -162.496521 -239.349213 826.494690
v -156.959732 -245.928864 824.053772
v -145.349396 -240.666489 820.873474
v -126.808846 -236.994995 816.902222
v -73.146400 -238.212006 805.548157
v -18.732639 -235.227768 785.413147
v 12.583801 -242.411575 772.858032
v 17.068089 -239.387268 769.560852
v 23.391359 -240.196899 767.730713
v 33.601780 -235.032791 763.254761
v 86.942398 -236.767776 765.596619
v 93.441864 -237.078445 763.457092
v 104.990166 -238.224197 765.230225
v 114.407310 -235.249329 769.167297
v 121.520035 -235.698105 773.142822
v 168.215927 -237.808670 790.044739
v 181.507797 -234.939865 794.420288
v -222.290359 -238.595398 838.398010
v -204.898987 -243.726532 836.954773
v -184.352768 -240.392517 832.981873
v -113.861435 -237.994675 812.893799
v -102.910263 -241.266342 811.123779
v -4.449234 -241.317978 778.729858
v 28.122080 -239.399277 764.647034
v 44.088894 -237.439896 759.919617
v 63.762787 -238.623352 761.642395
v 114.593018 -240.072571 767.705078
v 131.425522 -237.140381 781.625793
v -242.473923 -241.698578 838.850525
v -213.326462 -240.527069 837.928162
v -195.178101 -244.374268 835.928223
v -170.247787 -243.134903 827.914978
v -141.605881 -244.428329 819.902832
v -44.877689 -246.673630 793.896851
v -10.687975 -240.665558 783.353882
v 32.308865 -240.930695 761.394226
v 35.845074 -241.695358 759.876770
v 48.836567 -239.666931 758.025208
v 52.486336 -250.011703 758.193970
v 57.989494 -239.779907 761.160706
v 72.119583 -245.276642 764.934265
v 122.978004 -240.699600 771.526489
v 133.687500 -239.942917 781.181030
v 140.848755 -239.665192 782.140076
v 152.976562 -242.227509 785.318604
v 162.499146 -241.134415 788.189087
v 185.843002 -240.300644 795.162109
v 239.141830 -243.263809 809.238892
v -232.629547 -242.509949 838.538452
v -176.671814 -243.868134 830.430603
v -80.307152 -245.750763 806.646667
v -34.704224 -243.421768 790.084534
v 43.761768 -244.717804 759.564575
v 91.017540 -242.763489 765.565857
v 100.677444 -243.477783 765.395996
v 128.605469 -241.049301 774.585266
v 171.767227 -245.452667 788.709778
v 203.453140 -241.100052 806.584229
v 208.494324 -243.100601 808.812256
v -63.606155 -243.371521 801.296753
v -21.778435 -244.041000 786.586243
v -6.795693 -246.378555 782.688049
v 82.709946 -243.418289 765.547058
v 117.254143 -244.584335 768.213257
v 142.399445 -242.632812 780.848877
v 147.282425 -245.605972 781.877869
v 195.625870 -242.659821 799.203247
v 215.471298 -246.304489 808.585022
v 222.645508 -249.984589 809.416626
v -72.160858 -244.452591 803.503113
v 6.437154 -246.645599 775.505676
v 131.145874 -244.555542 773.354065
v 182.114227 -246.069031 791.357971
v 198.422928 -247.685760 796.891357
v -149.791153 -250.000916 821.620605
v -102.411186 -250.003586 810.959290
v 29.692657 -246.287994 764.211792
v 208.125381 -246.613754 807.500671
vn 0.3270 0.0466 0.9439
vn 0.3509 0.1161 0.9292
vn 0.1541 0.0622 0.9861
vn 0.3363 -0.0164 0.9416
vn 0.2099 0.0126 0.9776
vn 0.1790 -0.0092 0.9838
vn 0.1518 0.1488 0.9771
vn 0.3418 -0.0564 0.9381
vn 0.3096 0.0182 0.9507
vn 0.2367 -0.1320 0.9626
vn 0.3541 0.1589 0.9216
vn 0.1273 -0.0325 0.9913
vn -0.0652 0.1094 0.9919
vn 0.0065 0.1484 0.9889
vn 0.0019 0.1451 0.9894
vn 0.2606 0.2633 0.9289
vn 0.3028 0.1742 0.9370
vn 0.4813 -0.2722 0.8332
vn 0.5890 -0.3141 0.7446
vn 0.6117 -0.2644 0.7456
vn -0.0642 -0.9521 0.2990
vn -0.1614 -0.8963 0.4131
vn -0.0784 -0.9184 0.3877
vn -0.5776 0.2544 0.7757
vn -0.3557 -0.1153 0.9275
vn -0.3719 0.1832 0.9100
vn -0.5066 0.0198 0.8619
vn -0.4047 0.0005 0.9144
vn -0.0353 0.0809 0.9961
vn 0.1481 0.2405 0.9593
vn 0.0084 -0.0517 0.9986
vn 0.2961 0.1571 0.9421
vn 0.2657 0.1163 0.9570
vn 0.1256 0.0324 0.9916
vn 0.2224 0.0547 0.9734
vn 0.3522 -0.0283 0.9355
vn 0.3427 0.0405 0.9386
vn 0.1735 -0.0814 0.9815
vn 0.3424 0.0352 0.9389
vn -0.0808 0.1382 0.9871
vn 0.0527 0.0915 0.9944
vn 0.1800 0.2110 0.9608
vn 0.6371 0.0983 0.7645
vn 0.7633 0.0014 0.6461
vn 0.4506 -0.5768 0.6813
vn -0.1021 0.2601 0.9602
vn -0.2771 -0.0450 0.9598
vn -0.5806 0.4199 0.6976
vn -0.5063 0.1016 0.8563
vn -0.3163 -0.0121 0.9486
vn -0.3378 0.0324 0.9407
vn -0.3412 0.0301 0.9395
vn -0.1570 -0.0320 0.9871
vn -0.0404 0.2035 0.9782
vn 0.1703 0.2310 0.9580
vn 0.2272 -0.0822 0.9704
vn 0.2796 0.0868 0.9562
vn 0.3192 0.1159 0.9406
vn 0.2118 0.0243 0.9770
vn 0.4225 0.1271 0.8974
vn 0.2570 0.0204 0.9662
vn 0.2184 -0.0045 0.9759
vn 0.1996 0.0114 0.9798
vn 0.1821 -0.0156 0.9831
vn 0.1749 -0.0109 0.9845
vn 0.1200 0.0140 0.9927
vn 0.1879 -0.1092 0.9761
vn 0.2305 0.0470 0.9719
vn 0.1301 -0.0161 0.9914
vn 0.3191 0.0660 0.9454
vn 0.4144 -0.0745 0.9070
vn 0.3126 -0.0313 0.9494
vn 0.1861 0.0003 0.9825
vn 0.3582 -0.0101 0.9336
vn 0.3822 -0.0617 0.9220
vn 0.2537 -0.0092 0.9672
vn 0.4959 -0.0232 0.8681
vn 0.3891 0.0157 0.9211
vn -0.1518 0.0681 0.9861
vn -0.0754 0.1278 0.9889
vn -0.0825 0.1363 0.9872
vn 0.1162 0.0902 0.9891
vn 0.0329 0.1391 0.9897
vn 0.1687 0.2200 0.9608
vn 0.4157 0.0875 0.9053
vn 0.5620 -0.4749 0.6772
vn 0.6987 -0.4658 0.5430
vn -0.6261 -0.2439 0.7406
vn -0.5948 -0.0818 0.7997
vn -0.4738 0.0829 0.8767
vn -0.3838 0.0391 0.9226
vn -0.2153 0.0467 0.9754
vn -0.1314 0.0237 0.9911
vn -0.0047 0.1542 0.9880
vn 0.3685 0.1401 0.9190
vn 0.2078 -0.0144 0.9781
vn 0.1789 -0.0197 0.9837
vn 0.2339 0.0852 0.9685
vn 0.3935 -0.0846 0.9154
vn 0.1738 -0.1053 0.9791
vn 0.3578 -0.1443 0.9226
vn 0.1880 -0.1275 0.9739
vn -0.0529 0.1236 0.9909
vn -0.0054 0.1505 0.9886
vn 0.7227 0.3142 0.6157
vn 0.6618 -0.2449 0.7085
vn 0.6379 -0.5339 0.5550
vn 0.6686 -0.5172 0.5342
vn -0.2603 -0.0626 0.9635
vn -0.7169 -0.1480 0.6813
vn -0.8018 -0.0749 0.5929
vn -0.3073 -0.0273 0.9512
vn -0.4861 0.0378 0.8731
vn -0.1563 0.1113 0.9814
vn -0.4779 0.2484 0.8426
vn -0.4308 0.0759 0.8992
vn -0.4368 0.0425 0.8986
vn -0.3378 0.0403 0.9403
vn -0.1728 0.0166 0.9848
vn 0.0754 0.1646 0.9835
vn 0.1483 0.2841 0.9473
vn 0.2068 0.0817 0.9750
vn 0.2649 -0.0309 0.9638
vn 0.3381 -0.0650 0.9389
vn 0.2439 0.0452 0.9688
vn 0.1867 -0.0024 0.9824
vn 0.2313 0.0117 0.9728
vn 0.3366 -0.0795 0.9383
vn 0.2141 -0.0987 0.9718
vn 0.4128 -0.0135 0.9107
vn -0.0278 0.0673 0.9973
vn -0.0520 0.1820 0.9819
vn -0.0321 0.1250 0.9916
vn 0.2349 0.0621 0.9700
vn 0.3020 0.1717 0.9377
vn 0.2920 0.1780 0.9397
vn 0.3720 0.2409 0.8964
vn 0.6588 0.1769 0.7312
vn 0.7886 0.2683 0.5532
vn -0.0994 0.0351 0.9944
vn -0.4128 0.0641 0.9086
vn -0.5430 0.0708 0.8368
vn -0.3101 -0.0167 0.9506
vn -0.1768 -0.0428 0.9833
vn -0.0069 0.0716 0.9974
vn 0.0021 0.0730 0.9973
vn 0.1306 0.1174 0.9845
vn 0.2624 -0.0699 0.9624
vn 0.2513 0.1341 0.9586
vn 0.1358 0.0137 0.9906
vn 0.1760 -0.0337 0.9838
vn 0.1381 -0.0850 0.9868
vn 0.3923 -0.0372 0.9191
vn 0.2996 -0.0141 0.9539
vn 0.2983 -0.0129 0.9544
vn 0.2417 -0.1459 0.9593
vn -0.2264 0.1419 0.9636
vn 0.0407 0.0805 0.9959
vn 0.8320 0.1481 0.5346
vn 0.6902 0.0904 0.7179
vn 0.8596 -0.1876 0.4752
vn -0.0694 0.0485 0.9964
vn -0.2657 -0.0961 0.9592
vn -0.6220 -0.0385 0.7821
vn -0.5580 -0.1859 0.8087
vn -0.7734 -0.1495 0.6161
vn -0.3707 0.0096 0.9287
vn -0.3902 0.0220 0.9205
vn -0.3128 -0.0081 0.9498
vn 0.3162 -0.0126 0.9486
vn 0.3061 0.0133 0.9519
vn 0.2329 0.0235 0.9722
vn 0.1839 0.0508 0.9816
vn 0.2661 0.0782 0.9608
vn 0.1562 0.0437 0.9868
vn 0.1661 -0.0875 0.9822
vn 0.3977 0.0252 0.9172
vn 0.3378 0.0615 0.9392
vn -0.0277 0.0910 0.9955
vn -0.1683 0.1374 0.9761
vn -0.0577 0.1741 0.9830
vn -0.0569 0.1485 0.9873
vn -0.1027 0.1743 0.9793
vn -0.0386 0.1472 0.9884
vn 0.0050 0.1197 0.9928
vn 0.0533 0.1216 0.9911
vn 0.0451 0.1051 0.9934
vn 0.1194 0.1414 0.9827
vn 0.5251 0.4316 0.7335
vn -0.0430 -0.0134 0.9990
vn -0.4179 -0.3099 0.8540
vn -0.7631 -0.0995 0.6386
vn -0.4324 0.0800 0.8981
vn -0.4473 0.0027 0.8944
vn -0.3043 -0.0122 0.9525
vn -0.0236 0.0498 0.9985
vn 0.0703 0.1402 0.9876
vn 0.0123 0.0639 0.9979
vn 0.2355 -0.0794 0.9686
vn 0.1408 -0.0619 0.9881
vn 0.1537 0.0108 0.9881
vn 0.4455 -0.0492 0.8939
vn 0.3818 -0.0454 0.9231
vn 0.3157 -0.2017 0.9272
vn 0.4229 -0.1513 0.8935
vn 0.4179 -0.1441 0.8970
vn 0.1729 -0.1451 0.9742
vn -0.0969 0.0045 0.9953
vn -0.0253 0.1519 0.9881
vn 0.2654 0.3094 0.9131
vn -0.1033 -0.0964 0.9900
vn -0.7589 0.3328 0.5597
vn -0.5846 0.2562 0.7698
vn -0.4139 0.0632 0.9081
vn -0.5434 0.0679 0.8367
vn -0.1805 -0.0157 0.9834
vn -0.1448 0.0374 0.9888
vn 0.2083 0.0280 0.9777
vn 0.3133 -0.0662 0.9473
vn 0.1436 0.0832 0.9861
vn 0.1891 0.1372 0.9723
vn 0.1230 0.0165 0.9923
vn 0.1656 -0.0070 0.9862
vn 0.2531 -0.0608 0.9655
vn 0.2519 -0.0608 0.9659
vn 0.5069 0.1244 0.8530
vn 0.3930 0.0065 0.9195
vn 0.2841 -0.1054 0.9530
vn -0.3905 0.2660 0.8813
vn 0.0016 0.3214 0.9469
vn -0.0260 0.1519 0.9881
vn -0.0020 0.2009 0.9796
vn 0.0828 0.0732 0.9939
vn 0.2339 0.0983 0.9673
vn 0.8292 0.1039 0.5492
vn -0.0657 -0.2098 0.9755
vn -0.5493 -0.0877 0.8310
vn -0.8702 -0.0914 0.4842
vn -0.4655 0.0619 0.8829
vn -0.4314 0.0832 0.8983
vn -0.5164 0.0272 0.8559
vn -0.0239 0.0501 0.9985
vn 0.0153 0.0551 0.9984
vn 0.1010 0.1415 0.9848
vn 0.3282 0.0997 0.9393
vn 0.3759 0.0314 0.9261
vn 0.3144 0.0255 0.9490
vn 0.2437 0.0132 0.9698
vn 0.2349 0.0001 0.9720
vn 0.1935 0.0023 0.9811
vn 0.1138 0.0135 0.9934
vn 0.2176 -0.0063 0.9760
vn 0.5699 0.1188 0.8131
vn 0.1272 -0.0215 0.9916
vn 0.2037 0.0675 0.9767
vn 0.3420 -0.0352 0.9390
vn 0.4519 0.2369 0.8600
vn -0.1018 0.2428 0.9647
vn 0.1087 0.1479 0.9830
vn 0.1367 0.1015 0.9854
vn 0.4616 -0.0014 0.8871
vn 0.7681 0.3134 0.5584
vn 0.7991 0.2842 0.5298
vn -0.0073 -0.1541 0.9880
vn -0.0855 -0.1856 0.9789
vn -0.5606 -0.2403 0.7925
vn -0.3854 -0.0363 0.9220
vn -0.4803 0.0625 0.8748
vn -0.3825 0.0031 0.9239
vn -0.3799 0.0032 0.9250
vn -0.3045 -0.0116 0.9524
vn -0.2201 0.0224 0.9752
vn -0.1735 0.0106 0.9848
vn -0.1411 0.0489 0.9888
vn -0.0423 0.0868 0.9953
vn 0.0170 0.0974 0.9951
vn 0.4858 -0.1137 0.8666
vn 0.2785 -0.0251 0.9601
vn 0.2505 0.1079 0.9621
vn 0.1848 0.0431 0.9818
vn 0.2926 0.0434 0.9553
vn 0.2543 -0.0003 0.9671
vn 0.2498 -0.0837 0.9647
vn 0.2622 0.0237 0.9647
vn 0.1420 -0.0176 0.9897
vn 0.1160 0.0118 0.9932
vn 0.3009 -0.0224 0.9534
vn 0.2230 0.5137 0.8285
vn -0.1804 0.4214 0.8887
vn 0.3588 0.0276 0.9330
vn -0.1685 0.2410 0.9558
vn -0.0392 0.1168 0.9924
vn 0.1538 0.0813 0.9847
vn 0.8871 0.1159 0.4468
vn 0.3453 0.2001 0.9169
vn -0.3572 0.2393 0.9028
vn -0.8823 0.2333 0.4087
vn -0.4770 0.0690 0.8762
vn -0.5032 0.0858 0.8599
vn -0.3213 -0.0242 0.9467
vn 0.1813 -0.0238 0.9831
vn 0.3248 -0.0793 0.9424
vn 0.2020 -0.0031 0.9794
vn 0.1870 0.0349 0.9817
vn 0.1726 -0.0435 0.9840
vn 0.2478 -0.0718 0.9661
vn 0.3636 -0.0509 0.9301
vn 0.2800 -0.0319 0.9595
vn 0.1781 0.1786 0.9677
vn 0.2917 0.3241 0.8999
vn -0.0056 0.3375 0.9413
vn -0.6547 -0.0538 0.7540
vn -0.0456 0.1273 0.9908
vn -0.1092 0.1913 0.9754
vn -0.0155 0.1095 0.9939
vn -0.1069 0.2929 0.9501
vn 0.1050 0.1764 0.9787
vn 0.2576 0.0512 0.9649
vn 0.5387 0.0592 0.8404
vn 0.5679 -0.0093 0.8230
vn 0.2535 0.1088 0.9612
vn -0.0090 0.0798 0.9968
vn -0.6998 -0.0084 0.7143
vn -0.8183 -0.0385 0.5735
vn -0.4440 0.1048 0.8899
vn -0.4766 0.0662 0.8766
vn -0.3214 -0.0566 0.9452
vn -0.2093 0.0016 0.9778
vn -0.0791 -0.0116 0.9968
vn -0.0830 -0.0107 0.9965
vn 0.3055 -0.0570 0.9505
vn 0.1705 0.0091 0.9853
vn 0.1150 0.0416 0.9925
vn 0.2511 -0.0989 0.9629
vn 0.5197 -0.1771 0.8358
vn 0.2024 -0.2921 0.9347
vn 0.3719 -0.0650 0.9260
vn 0.4032 -0.1064 0.9089
vn 0.1959 0.0485 0.9794
vn 0.1509 0.0490 0.9873
vn 0.0383 0.5302 0.8470
vn -0.0596 0.2009 0.9778
vn -0.0607 0.2585 0.9641
vn -0.0009 0.2226 0.9749
vn 0.0957 0.1813 0.9788
vn 0.1738 0.0866 0.9810
vn -0.0323 -0.0158 0.9994
vn -0.6852 0.0735 0.7246
vn -0.4707 0.0809 0.8786
vn -0.4044 0.0553 0.9129
vn -0.2994 -0.0599 0.9522
vn -0.2307 0.0146 0.9729
vn -0.2040 0.0450 0.9779
vn 0.4905 -0.0963 0.8661
vn 0.3615 0.1439 0.9212
vn 0.2846 -0.0564 0.9570
vn 0.2529 -0.0517 0.9661
vn 0.2650 -0.1385 0.9543
vn 0.2511 -0.0179 0.9678
vn 0.1945 0.0125 0.9808
vn 0.1694 0.0002 0.9856
vn 0.1953 -0.1018 0.9754
vn 0.1379 -0.0730 0.9878
vn 0.1991 -0.0166 0.9798
vn 0.1174 0.0190 0.9929
vn 0.2580 -0.0316 0.9656
vn 0.0854 0.2238 0.9709
vn 0.1103 -0.1670 0.9798
vn -0.0069 0.1181 0.9930
vn 0.0590 0.1734 0.9831
vn 0.0530 0.1751 0.9831
vn 0.2577 0.0514 0.9649
vn 0.3915 0.2657 0.8810
vn 0.6699 0.2302 0.7058
vn -0.7810 0.2571 0.5692
vn -0.7918 0.3470 0.5026
vn -0.4852 0.0508 0.8729
vn -0.0120 0.1306 0.9914
vn 0.0709 0.1205 0.9902
vn 0.2641 -0.0474 0.9633
vn 0.2356 0.0225 0.9716
vn 0.2206 0.0354 0.9747
vn 0.2481 0.0475 0.9676
vn 0.2546 0.0452 0.9660
vn 0.3873 -0.0034 0.9220
vn 0.0737 -0.2403 0.9679
vn 0.3515 0.0886 0.9320
vn -0.1061 0.2938 0.9500
vn -0.0103 0.2614 0.9652
vn 0.1470 0.1015 0.9839
vn 0.8771 0.1799 0.4454
vn 0.7020 0.5254 0.4809
vn 0.2640 0.0390 0.9637
vn 0.1209 -0.0576 0.9910
vn -0.0335 -0.0164 0.9993
vn -0.7193 0.2411 0.6515
vn -0.4555 0.0694 0.8875
vn -0.3602 0.0150 0.9328
vn -0.3343 -0.0307 0.9420
vn 0.4270 0.1138 0.8970
vn 0.1972 -0.0039 0.9803
vn 0.1389 0.0145 0.9902
vn 0.2623 0.0443 0.9640
vn 0.2122 0.0416 0.9763
vn 0.1446 -0.0043 0.9895
vn 0.4661 -0.0285 0.8843
vn 0.3741 0.0180 0.9272
vn 0.3261 0.0843 0.9416
vn 0.1970 0.0761 0.9774
vn 0.3361 -0.0404 0.9410
vn 0.3365 -0.0404 0.9408
vn 0.3819 -0.0043 0.9242
vn 0.4031 0.0168 0.9150
vn 0.2599 -0.3205 0.9109
vn 0.0997 -0.1025 0.9897
vn 0.1164 0.1114 0.9869
vn 0.0550 0.1133 0.9920
vn 0.0395 0.1252 0.9913
vn -0.0986 0.1937 0.9761
vn -0.0908 0.2843 0.9544
vn 0.0483 0.2125 0.9760
vn 0.1590 0.1432 0.9768
vn 0.0420 0.0110 0.9991
vn 0.6993 0.5293 0.4804
vn 0.7684 0.4342 0.4702
vn 0.2463 0.0415 0.9683
vn -0.0445 0.0181 0.9988
vn -0.7645 0.0548 0.6423
vn -0.4810 0.0602 0.8747
vn -0.3533 -0.0455 0.9344
vn -0.4724 0.0395 0.8805
vn -0.2085 0.0023 0.9780
vn -0.2088 0.0089 0.9779
vn -0.0842 0.1574 0.9839
vn -0.1656 0.1781 0.9700
vn 0.0443 0.1673 0.9849
vn 0.0657 0.1251 0.9900
vn 0.2889 0.0386 0.9566
vn 0.1968 -0.0500 0.9792
vn 0.2446 -0.0504 0.9683
vn 0.1921 0.0008 0.9814
vn 0.1867 0.0013 0.9824
vn 0.2620 -0.0465 0.9639
vn 0.2784 -0.0436 0.9595
vn 0.3679 -0.0662 0.9275
vn 0.2808 0.0163 0.9596
vn 0.3101 -0.0183 0.9505
vn 0.5111 0.0102 0.8595
vn -0.0933 0.0767 0.9927
vn 0.0222 0.0464 0.9987
vn 0.0262 0.2182 0.9756
vn -0.0493 0.1869 0.9811
vn -0.0530 0.1892 0.9805
vn -0.0554 0.2026 0.9777
vn 0.0185 0.1620 0.9866
vn 0.2033 0.0549 0.9776
vn 0.2765 -0.0023 0.9610
vn 0.7086 0.1897 0.6796
vn -0.6121 0.4680 -0.6375
vn -0.3002 0.4145 0.8591
vn -0.8086 0.1854 0.5584
vn -0.5133 0.1398 0.8468
vn -0.3512 -0.0197 0.9361
vn -0.3359 -0.0339 0.9413
vn -0.0959 0.0430 0.9945
vn -0.0715 0.0398 0.9966
vn 0.4596 -0.1013 0.8823
vn 0.2681 -0.0406 0.9625
vn 0.1976 -0.0045 0.9803
vn 0.1558 -0.0162 0.9877
vn 0.3377 0.0020 0.9412
vn 0.1347 0.0173 0.9907
vn 0.1926 0.0473 0.9801
vn 0.2573 -0.0373 0.9656
vn 0.1436 0.0378 0.9889
vn 0.1748 0.0078 0.9846
vn 0.3843 -0.1823 0.9050
vn -0.0921 0.1586 0.9830
vn -0.0992 0.2420 0.9652
vn -0.1575 0.2588 0.9530
vn -0.1118 0.3083 0.9447
vn 0.1529 0.1557 0.9759
vn 0.2889 0.0636 0.9553
vn 0.2960 0.0519 0.9538
vn 0.6522 0.5215 0.5502
vn 0.7842 0.4029 0.4719
vn -0.3808 0.3036 0.8734
vn -0.4031 -0.0085 0.9151
vn -0.5687 0.0537 0.8208
vn -0.4478 0.0399 0.8932
vn -0.4901 -0.0081 0.8716
vn -0.3472 -0.0243 0.9375
vn -0.2908 0.0017 0.9568
vn -0.2672 -0.0041 0.9636
vn -0.2291 0.0103 0.9733
vn -0.2248 0.0054 0.9744
vn -0.1895 -0.0236 0.9816
vn 0.2690 0.0223 0.9629
vn 0.4990 -0.0604 0.8645
vn 0.3911 -0.0215 0.9201
vn 0.2489 0.0120 0.9685
vn 0.2509 -0.0067 0.9680
vn 0.1565 0.0157 0.9876
vn 0.1293 0.0388 0.9908
vn 0.2395 0.0084 0.9709
vn 0.3540 -0.1920 0.9153
vn 0.2509 -0.0503 0.9667
vn 0.3441 -0.0094 0.9389
vn 0.4446 0.0441 0.8946
vn -0.0171 0.2139 0.9767
vn 0.0609 0.1536 0.9863
vn 0.2217 0.1588 0.9621
vn 0.0529 -0.0500 0.9973
vn 0.2564 -0.1002 0.9614
vn 0.7246 0.5308 0.4395
vn -0.6703 -0.1713 0.7220
vn -0.8564 -0.0299 0.5154
vn -0.4633 0.0306 0.8857
vn -0.3212 -0.0176 0.9468
vn -0.1768 0.0840 0.9806
vn -0.1233 0.1237 0.9846
vn 0.2318 0.0524 0.9713
vn 0.1924 -0.0391 0.9805
vn 0.1743 0.0261 0.9843
vn 0.2364 0.0243 0.9713
vn 0.2153 -0.0270 0.9762
vn 0.3134 0.0224 0.9494
vn 0.3378 0.0189 0.9410
vn 0.4880 -0.1800 0.8541
vn 0.3090 -0.0244 0.9507
vn -0.0293 0.1458 0.9889
vn 0.3643 -0.1227 0.9232
vn -0.0786 0.1052 0.9913
vn 0.0229 0.1542 0.9878
vn 0.1275 0.1578 0.9792
vn 0.2857 0.0620 0.9563
vn 0.3137 0.2422 0.9181
vn 0.8909 0.0905 0.4450
vn 0.5039 0.5231 0.6874
vn 0.2786 0.2034 0.9386
vn -0.5217 0.2680 0.8100
vn -0.1061 0.0599 0.9925
vn -0.1081 0.0600 0.9923
vn -0.4750 -0.0101 0.8799
vn -0.5134 0.0448 0.8570
vn -0.3586 -0.0174 0.9333
vn -0.1189 0.0675 0.9906
vn -0.1774 0.1715 0.9691
vn 0.0706 0.1409 0.9875
vn 0.0513 0.1980 0.9789
vn -0.0629 0.3501 0.9346
vn 0.0836 0.2797 0.9564
vn 0.3478 0.0521 0.9361
vn 0.1586 -0.0670 0.9851
vn 0.2080 -0.0658 0.9759
vn 0.1252 -0.0892 0.9881
vn 0.2157 0.0357 0.9758
vn 0.2509 -0.0504 0.9667
vn 0.3408 -0.0084 0.9401
vn 0.6235 0.0733 0.7783
vn -0.0082 0.1069 0.9942
vn -0.2118 0.3378 0.9171
vn -0.0753 0.2055 0.9758
vn -0.0389 0.1246 0.9914
vn 0.0295 0.1808 0.9831
vn 0.0523 0.1765 0.9829
vn 0.1446 0.1334 0.9805
vn 0.2123 0.1684 0.9626
vn 0.0656 0.1581 0.9852
vn 0.4399 -0.0631 0.8958
vn 0.2220 0.0246 0.9747
vn 0.8896 0.0274 0.4559
vn 0.4979 0.3400 0.7978
vn 0.4095 0.4899 0.7696
vn -0.1552 0.6786 0.7179
vn -0.4854 -0.0126 0.8742
vn -0.3712 0.0251 0.9282
vn -0.3297 -0.0829 0.9405
vn -0.2247 0.0050 0.9744
vn -0.2250 0.0051 0.9743
vn 0.4272 0.1252 0.8955
vn 0.1632 -0.0521 0.9852
vn 0.2250 -0.0559 0.9728
vn 0.3689 -0.0923 0.9249
vn 0.4659 -0.0966 0.8796
vn 0.3176 -0.0754 0.9452
vn 0.4383 -0.1009 0.8932
vn 0.2482 0.0145 0.9686
vn 0.2994 0.0740 0.9513
vn -0.0467 0.1245 0.9911
vn 0.2442 0.2843 0.9271
vn -0.1689 0.1889 0.9674
vn 0.1388 0.1437 0.9798
vn 0.1251 0.1509 0.9806
vn 0.3041 0.0237 0.9523
vn 0.1499 0.0736 0.9860
vn -0.0342 -0.0309 0.9989
vn -0.8587 -0.0224 0.5120
vn -0.5810 -0.0703 0.8109
vn -0.5013 0.0654 0.8628
vn -0.2589 -0.0227 0.9656
vn -0.3798 -0.0042 0.9251
vn -0.1525 0.0499 0.9870
vn -0.1556 0.0805 0.9845
vn 0.2919 0.0274 0.9561
vn 0.2412 -0.0430 0.9695
vn 0.2165 0.0091 0.9762
vn 0.1523 0.0243 0.9880
vn 0.2078 0.0457 0.9771
vn 0.2328 0.0404 0.9717
vn 0.2738 -0.0375 0.9610
vn 0.2032 0.0211 0.9789
vn 0.1428 -0.0126 0.9897
vn 0.2105 -0.0445 0.9766
vn 0.2569 -0.0095 0.9664
vn 0.3678 -0.0174 0.9297
vn -0.1391 0.2601 0.9555
vn -0.2348 0.3272 0.9153
vn -0.1322 0.2041 0.9700
vn -0.0680 0.1813 0.9811
vn -0.0888 0.2054 0.9746
vn 0.0328 0.2275 0.9732
vn 0.1933 0.0973 0.9763
vn 0.1801 0.0665 0.9814
vn 0.4248 -0.0907 0.9007
vn 0.8112 0.3798 0.4445
vn 0.3580 0.0303 0.9332
vn 0.0265 0.2513 0.9675
vn -0.0132 -0.0116 0.9998
vn -0.8606 -0.0359 0.5080
vn -0.3546 -0.0023 0.9350
vn -0.3490 -0.0070 0.9371
vn -0.1738 0.0988 0.9798
vn 0.0336 0.0885 0.9955
vn 0.3977 -0.0313 0.9170
vn 0.3391 0.0641 0.9386
vn 0.1735 0.0140 0.9847
vn 0.2434 -0.0205 0.9697
vn 0.1641 0.0582 0.9847
vn 0.2034 -0.0136 0.9790
vn 0.1855 -0.0112 0.9826
vn 0.2495 -0.0646 0.9662
vn 0.2148 -0.0451 0.9756
vn 0.1030 -0.0295 0.9942
vn 0.2060 -0.0450 0.9775
vn 0.2922 -0.0409 0.9555
vn 0.2824 -0.0359 0.9586
vn 0.1703 -0.1588 0.9725
vn 0.6284 0.0545 0.7760
vn 0.2990 -0.0980 0.9492
vn -0.0669 0.0926 0.9935
vn -0.0711 0.2014 0.9769
vn -0.0791 0.1737 0.9816
vn -0.0507 0.1927 0.9800
vn 0.0587 0.2061 0.9768
vn 0.1555 0.1024 0.9825
vn 0.8568 0.1223 0.5009
vn 0.0242 0.2026 0.9790
vn -0.4674 -0.0536 0.8824
vn -0.4715 -0.0273 0.8815
vn -0.4352 -0.0596 0.8983
vn -0.4940 0.0078 0.8694
vn -0.3154 -0.0318 0.9484
vn -0.2507 -0.0206 0.9678
vn 0.3980 -0.0321 0.9168
vn 0.3538 -0.0034 0.9353
vn 0.1591 -0.0322 0.9867
vn 0.2704 0.0040 0.9627
vn 0.2596 -0.0431 0.9647
vn 0.3209 -0.0613 0.9451
vn 0.5592 -0.0705 0.8260
vn -0.0706 0.0846 0.9939
vn -0.0149 -0.1565 0.9876
vn -0.0360 0.1417 0.9892
vn 0.1356 0.0954 0.9862
vn 0.3054 0.0295 0.9518
vn 0.4531 -0.0478 0.8902
vn 0.3037 0.0769 0.9496
vn 0.2725 0.2811 0.9202
vn 0.1921 -0.0411 0.9805
vn -0.6813 -0.5802 0.4463
vn -0.5766 -0.0854 0.8126
vn -0.4805 -0.0426 0.8760
vn -0.4963 -0.0338 0.8675
vn -0.4629 0.0284 0.8859
vn -0.4731 -0.0165 0.8809
vn -0.3034 -0.0118 0.9528
vn -0.3385 0.0240 0.9407
vn -0.0598 0.1913 0.9797
vn -0.1463 0.1925 0.9703
vn 0.3122 0.4053 0.8592
vn 0.2232 -0.0560 0.9732
vn 0.2266 0.0064 0.9740
vn 0.0980 0.3259 0.9403
vn 0.0844 0.3266 0.9414
vn 0.1993 0.2027 0.9587
vn 0.3590 0.2466 0.9002
vn 0.2842 -0.0105 0.9587
vn 0.1020 -0.0310 0.9943
vn 0.1636 0.0059 0.9865
vn 0.0014 0.0944 0.9955
vn -0.0904 0.1882 0.9780
vn 0.1579 0.1079 0.9815
vn 0.2394 0.0450 0.9699
vn 0.1235 0.0459 0.9913
vn 0.7321 0.4349 0.5243
vn 0.7011 0.4725 0.5341
vn 0.3403 0.3858 0.8575
vn -0.0730 0.0542 0.9959
vn -0.7400 -0.5118 0.4365
vn -0.7052 -0.5400 0.4595
vn -0.4471 0.0130 0.8944
vn -0.2573 -0.0036 0.9663
vn -0.1597 0.0211 0.9869
vn 0.5608 0.1841 0.8072
vn 0.1893 0.0765 0.9789
vn 0.2983 -0.0430 0.9535
vn 0.2543 0.0616 0.9652
vn 0.3381 -0.1195 0.9335
vn 0.4159 -0.1373 0.8990
vn 0.1638 0.0251 0.9862
vn 0.3668 0.0088 0.9302
vn 0.2402 -0.0501 0.9694
vn 0.2469 -0.0402 0.9682
vn 0.2935 -0.0087 0.9559
vn 0.4394 0.1616 0.8836
vn -0.1529 0.1678 0.9739
vn -0.1230 0.1770 0.9765
vn -0.0748 0.1964 0.9777
vn 0.2105 0.1479 0.9663
vn 0.2971 0.0966 0.9499
vn 0.3086 0.0914 0.9468
vn 0.3290 0.0567 0.9426
vn 0.3666 0.0434 0.9294
vn 0.5792 0.1238 0.8058
vn 0.1932 0.1064 0.9754
vn -0.0733 0.0416 0.9964
vn -0.5673 0.0963 0.8179
vn -0.3430 -0.0268 0.9390
vn -0.2248 0.0042 0.9744
vn -0.2297 0.0055 0.9733
vn -0.1710 0.0628 0.9833
vn -0.2191 0.2333 0.9474
vn -0.0066 0.2448 0.9696
vn 0.1718 -0.1195 0.9779
vn 0.2400 -0.0005 0.9708
vn 0.2619 -0.0347 0.9645
vn 0.0766 0.3877 0.9186
vn 0.1092 0.3727 0.9215
vn 0.1902 -0.0207 0.9815
vn 0.2069 -0.0515 0.9770
vn 0.1471 -0.0314 0.9886
vn 0.5614 0.0326 0.8269
vn 0.4254 -0.0908 0.9004
vn 0.2994 -0.2019 0.9325
vn 0.4649 -0.0529 0.8838
vn 0.1801 0.0345 0.9830
vn 0.1549 0.0515 0.9866
vn -0.0775 0.1019 0.9918
vn -0.0838 0.1887 0.9785
vn -0.0490 0.1753 0.9833
vn 0.1726 0.0843 0.9814
vn 0.1191 0.1677 0.9786
vn 0.2259 0.1136 0.9675
vn 0.2764 0.1679 0.9463
vn 0.2634 0.1761 0.9485
vn 0.1898 0.1444 0.9711
vn 0.7423 0.3678 0.5601
vn 0.4167 -0.1383 0.8984
vn -0.0833 0.0594 0.9947
vn -0.8875 -0.0120 0.4606
vn -0.4650 0.0247 0.8850
vn -0.3562 -0.0186 0.9342
vn -0.2404 0.0644 0.9685
vn -0.1189 0.1808 0.9763
vn 0.2382 0.0317 0.9707
vn 0.1887 0.0661 0.9798
vn 0.5331 0.0478 0.8447
vn 0.5187 0.0516 0.8534
vn 0.0882 0.0534 0.9947
vn -0.0594 0.0794 0.9951
vn -0.1154 0.2056 0.9718
vn -0.0809 0.1983 0.9768
vn -0.0855 0.1786 0.9802
vn 0.0935 0.0594 0.9938
vn 0.0211 0.1689 0.9854
vn 0.1021 0.1410 0.9847
vn 0.1792 0.1046 0.9782
vn 0.2513 0.0658 0.9657
vn 0.2716 0.2365 0.9329
vn -0.8083 -0.1559 0.5677
vn -0.8952 -0.0768 0.4389
vn -0.8918 -0.0946 0.4424
vn -0.4498 0.0390 0.8923
vn -0.4764 0.0190 0.8790
vn -0.2715 0.0200 0.9622
vn -0.2681 0.1554 0.9508
vn 0.0037 0.2311 0.9729
vn -0.1179 0.1762 0.9773
vn 0.2679 -0.3015 0.9150
vn 0.2489 -0.0033 0.9685
vn 0.2201 -0.0178 0.9753
vn 0.1588 0.0197 0.9871
vn 0.3516 0.0240 0.9358
vn 0.2203 0.0526 0.9740
vn 0.2274 0.0185 0.9736
vn 0.5059 0.0552 0.8608
vn 0.2812 -0.0603 0.9577
vn 0.1502 0.0634 0.9866
vn -0.1273 0.1237 0.9841
vn 0.3505 0.0609 0.9346
vn 0.8246 0.1911 0.5325
vn 0.6841 0.3011 0.6643
vn -0.0766 0.0820 0.9937
vn -0.8837 -0.1185 0.4528
vn -0.6942 -0.1791 0.6971
vn -0.4682 0.0358 0.8829
vn -0.3584 -0.0483 0.9323
vn -0.3218 -0.0443 0.9458
vn -0.2295 -0.0007 0.9733
vn 0.5229 -0.2453 0.8164
vn 0.2461 0.0077 0.9692
vn 0.2407 0.0116 0.9705
vn -0.1154 -0.0173 0.9932
vn 0.1704 0.1146 0.9787
vn 0.0747 0.1180 0.9902
vn 0.2278 -0.0273 0.9733
vn 0.3483 -0.0357 0.9367
vn -0.0797 0.1946 0.9776
vn -0.0789 0.1942 0.9778
vn 0.1060 0.1447 0.9838
vn 0.1196 0.1840 0.9756
vn 0.2225 0.0783 0.9718
vn 0.3081 0.0699 0.9488
vn 0.2669 0.0824 0.9602
vn 0.3078 0.0260 0.9511
vn 0.2076 0.2773 0.9381
vn -0.0356 -0.0274 0.9990
vn -0.4613 0.0309 0.8867
vn -0.4149 -0.1048 0.9038
vn -0.3985 0.0122 0.9171
vn -0.4912 0.0055 0.8711
vn -0.3649 0.0084 0.9310
vn -0.3030 -0.0146 0.9529
vn -0.2911 -0.0235 0.9564
vn -0.3606 -0.0121 0.9326
vn -0.2672 0.1554 0.9510
vn -0.3851 0.5366 0.7508
vn 0.0189 0.0974 0.9951
vn 0.4018 -0.0203 0.9155
vn 0.1484 0.0448 0.9879
vn 0.2681 0.0409 0.9625
vn 0.2979 0.0716 0.9519
vn 0.0421 -0.0831 0.9956
vn -0.1265 -0.0738 0.9892
vn 0.2280 0.0208 0.9734
vn 0.1438 -0.0686 0.9872
vn 0.0832 -0.0279 0.9961
vn 0.4993 -0.0700 0.8636
vn 0.5278 -0.0206 0.8491
vn 0.3063 0.0993 0.9467
vn 0.2635 0.1351 0.9551
vn -0.0541 0.2109 0.9760
vn -0.1038 0.1866 0.9769
vn 0.1131 0.0996 0.9886
vn 0.1900 0.0747 0.9789
vn 0.2963 0.0795 0.9518
vn 0.8209 0.2542 0.5113
vn 0.5609 0.4864 0.6699
vn 0.2045 0.1635 0.9651
vn -0.8225 -0.0123 0.5686
vn -0.5632 -0.0295 0.8258
vn -0.2319 0.0086 0.9727
vn 0.1892 -0.0183 0.9818
vn 0.2481 0.0345 0.9681
vn 0.0799 -0.1343 0.9877
vn 0.2262 -0.0298 0.9736
vn 0.2712 0.0116 0.9625
vn 0.1980 0.0102 0.9802
vn 0.5082 -0.1226 0.8525
vn 0.4511 0.0564 0.8907
vn -0.1017 0.1818 0.9781
vn -0.0428 0.1254 0.9912
vn 0.1440 0.1041 0.9841
vn 0.2363 0.0625 0.9697
vn 0.3046 0.0479 0.9513
vn 0.2798 0.3344 0.9000
vn 0.8337 0.2128 0.5095
vn 0.5904 0.4152 0.6922
vn 0.7202 0.2102 0.6612
vn 0.2282 0.1422 0.9632
vn -0.0267 0.0204 0.9994
vn -0.4833 -0.0493 0.8741
vn -0.4435 -0.0280 0.8959
vn -0.2273 0.0410 0.9730
vn -0.2461 0.0377 0.9685
vn 0.1789 0.1143 0.9772
vn 0.3021 -0.0689 0.9508
vn 0.1145 0.0315 0.9929
vn 0.2819 0.0780 0.9563
vn 0.2412 -0.4770 0.8452
vn 0.5145 0.0564 0.8557
vn 0.2354 0.0196 0.9717
vn 0.1533 -0.0033 0.9882
vn 0.2503 -0.0940 0.9636
vn 0.0587 0.0112 0.9982
vn 0.3308 0.1051 0.9378
vn 0.3155 0.1102 0.9425
vn 0.0737 0.0295 0.9968
vn 0.4347 -0.1470 0.8885
vn 0.3651 -0.1479 0.9192
vn -0.0411 0.0875 0.9953
vn -0.1086 0.1803 0.9776
vn -0.1293 0.1948 0.9723
vn 0.0013 0.0983 0.9952
vn 0.2946 0.0842 0.9519
vn 0.2738 0.0437 0.9608
vn 0.2929 0.0595 0.9543
vn 0.3783 -0.0051 0.9257
vn 0.7560 0.0268 0.6540
vn 0.1917 0.4672 0.8631
vn -0.8826 0.0565 0.4667
vn -0.2967 0.0007 0.9550
vn -0.2477 0.0264 0.9685
vn -0.3029 0.0778 0.9499
vn -0.3039 0.0775 0.9495
vn -0.3847 0.2353 0.8926
vn -0.1387 0.0703 0.9878
vn -0.0556 0.0406 0.9976
vn -0.0609 0.0492 0.9969
vn -0.0136 0.0293 0.9995
vn 0.2422 0.0253 0.9699
vn 0.1939 -0.0025 0.9810
vn 0.1365 -0.1754 0.9750
vn 0.2348 -0.0162 0.9719
vn 0.5209 -0.2965 0.8004
vn 0.3805 -0.2768 0.8824
vn 0.2813 -0.0565 0.9580
vn 0.0210 0.1064 0.9941
vn -0.1405 0.1833 0.9730
vn -0.1030 0.1788 0.9785
vn -0.0040 0.0977 0.9952
vn 0.1215 0.0938 0.9882
vn 0.2345 0.0810 0.9687
vn 0.3285 0.0590 0.9427
vn 0.2425 0.0706 0.9676
vn 0.2264 0.0542 0.9725
vn 0.0935 0.0745 0.9928
vn -0.1842 0.1411 0.9727
vn -0.6029 0.0488 0.7964
vn -0.3569 0.0027 0.9341
vn -0.3000 -0.0104 0.9539
vn -0.2431 -0.0355 0.9693
vn -0.2412 0.0273 0.9701
vn -0.4721 0.2113 0.8559
vn -0.1223 0.0770 0.9895
vn 0.2776 -0.1082 0.9546
vn 0.2581 -0.0552 0.9646
vn 0.3093 -0.0609 0.9490
vn 0.0226 -0.0066 0.9997
vn 0.3436 -0.0669 0.9367
vn -0.0881 -0.2282 0.9696
vn 0.3202 -0.2005 0.9259
vn 0.3200 0.0956 0.9426
vn 0.2882 -0.0536 0.9561
vn 0.0060 0.0940 0.9956
vn 0.0835 0.0795 0.9933
vn 0.2811 0.0552 0.9581
vn 0.1453 0.3289 0.9331
vn 0.4843 0.0599 0.8728
vn 0.4947 0.2575 0.8301
vn 0.6638 0.4194 0.6193
vn 0.4150 -0.0703 0.9071
vn -0.1358 0.1981 0.9707
vn -0.8658 0.0032 0.5004
vn -0.8123 0.0047 0.5832
vn -0.4449 0.0167 0.8954
vn -0.4081 0.0262 0.9125
vn -0.4544 0.0485 0.8895
vn -0.3513 -0.0051 0.9362
vn -0.3074 -0.0017 0.9516
vn 0.0249 0.1038 0.9943
vn 0.1391 0.1415 0.9801
vn 0.3255 0.0098 0.9455
vn 0.1108 0.0473 0.9927
vn 0.1489 0.0584 0.9871
vn 0.2822 -0.1331 0.9501
vn 0.0658 -0.0173 0.9977
vn 0.1133 -0.0854 0.9899
vn 0.2790 -0.0560 0.9587
vn 0.6011 0.0364 0.7984
vn 0.1850 0.0609 0.9808
vn 0.3605 -0.0749 0.9297
vn 0.2252 -0.0077 0.9743
vn 0.2965 0.0379 0.9543
vn 0.4091 -0.0708 0.9097
vn 0.4254 -0.0730 0.9021
vn -0.1136 0.1636 0.9800
vn 0.2629 0.0534 0.9633
vn 0.3661 0.1216 0.9226
vn 0.8520 -0.1133 0.5112
vn 0.5631 0.2666 0.7822
vn 0.1325 -0.0579 0.9895
vn -0.3240 0.0186 0.9459
vn -0.3603 -0.0099 0.9328
vn -0.2516 0.0185 0.9677
vn -0.2374 0.0178 0.9713
vn -0.1339 -0.0167 0.9909
vn 0.2574 0.0754 0.9634
vn 0.2190 0.1658 0.9615
vn 0.2404 0.0081 0.9706
vn 0.2275 0.0367 0.9731
vn 0.2822 0.0675 0.9570
vn 0.2385 0.0785 0.9680
vn 0.1263 0.1136 0.9855
vn 0.3218 -0.0912 0.9424
vn 0.3214 -0.1361 0.9371
vn 0.2297 -0.0279 0.9729
vn 0.2142 -0.0308 0.9763
vn 0.1943 -0.0551 0.9794
vn 0.4487 -0.2246 0.8650
vn 0.0801 -0.1763 0.9811
vn 0.5889 0.0595 0.8060
vn 0.2666 0.0585 0.9620
vn 0.0150 0.0838 0.9964
vn -0.1370 0.1739 0.9752
vn 0.1229 0.0704 0.9899
vn 0.1934 0.0548 0.9796
vn 0.2999 0.1021 0.9485
vn 0.8072 0.2276 0.5447
vn -0.0159 0.0419 0.9990
vn -0.4056 -0.0343 0.9134
vn -0.4416 -0.0219 0.8969
vn -0.3493 0.0204 0.9368
vn -0.2912 0.0537 0.9552
vn -0.2523 0.0186 0.9675
vn -0.4643 0.0923 0.8809
vn -0.0635 0.0227 0.9977
vn -0.0435 0.0712 0.9965
vn 0.1636 0.0194 0.9863
vn 0.1119 -0.1411 0.9836
vn 0.2053 -0.1741 0.9631
vn 0.2166 -0.0193 0.9761
vn -0.1405 0.1860 0.9724
vn 0.2202 0.0717 0.9728
vn 0.1943 0.0572 0.9793
vn 0.2085 0.0961 0.9733
vn 0.2521 0.1135 0.9610
vn 0.4793 0.0334 0.8770
vn 0.8065 0.1843 0.5618
vn -0.0105 0.0560 0.9984
vn -0.8663 0.0010 0.4995
vn -0.7552 -0.0484 0.6537
vn -0.3074 0.0633 0.9495
vn -0.1423 -0.0121 0.9897
vn 0.1746 -0.2284 0.9578
vn 0.1992 -0.2122 0.9567
vn 0.3236 -0.1486 0.9345
vn 0.1850 0.1690 0.9681
vn 0.2093 0.0832 0.9743
vn 0.4201 -0.0267 0.9071
vn 0.2316 -0.0485 0.9716
vn 0.5746 -0.0404 0.8174
vn 0.4187 0.1333 0.8983
vn 0.2251 -0.0488 0.9731
vn -0.0856 0.1252 0.9884
vn -0.0858 0.1253 0.9884
vn -0.1193 0.1626 0.9795
vn -0.0301 0.1453 0.9889
vn -0.0073 0.1384 0.9903
vn 0.0918 0.0705 0.9933
vn 0.1092 0.0857 0.9903
vn 0.2124 0.0406 0.9763
vn 0.2654 0.0452 0.9631
vn 0.2153 0.0416 0.9757
vn 0.3617 0.0194 0.9321
vn 0.3711 0.0148 0.9285
vn 0.1315 -0.0534 0.9899
vn 0.5700 0.0082 0.8216
vn 0.7505 0.0266 0.6604
vn 0.5318 0.6491 0.5438
vn -0.6316 -0.4760 0.6119
vn -0.8243 0.0034 0.5662
vn -0.4426 -0.0195 0.8965
vn -0.3907 -0.0107 0.9205
vn -0.3332 0.0009 0.9429
vn -0.3033 0.0314 0.9524
vn -0.3247 0.0306 0.9453
vn -0.3318 -0.0243 0.9430
vn 0.0753 0.1411 0.9871
vn 0.2243 -0.2515 0.9415
vn 0.2159 -0.2555 0.9424
vn 0.2804 0.2063 0.9375
vn 0.1995 0.0912 0.9756
vn 0.2089 0.0832 0.9744
vn 0.1394 -0.0080 0.9902
vn 0.4183 -0.3100 0.8538
vn 0.1013 -0.2121 0.9720
vn 0.4010 0.1772 0.8988
vn 0.2795 -0.0339 0.9596
vn 0.3114 -0.1850 0.9321
vn 0.3100 -0.1851 0.9326
vn 0.3386 -0.1357 0.9311
vn 0.1390 0.0277 0.9899
vn 0.0310 0.0422 0.9986
vn -0.1485 0.1862 0.9712
vn 0.0226 0.1174 0.9928
vn -0.0166 0.0271 0.9995
vn 0.2943 -0.0464 0.9546
vn 0.3884 0.1845 0.9028
vn 0.5986 0.3371 0.7267
vn 0.6548 0.3532 0.6682
vn 0.0854 -0.2837 0.9551
vn -0.5187 -0.1519 0.8413
vn -0.4034 0.0042 0.9150
vn -0.3366 0.1847 0.9234
vn -0.3329 -0.0027 0.9430
vn -0.2512 0.0180 0.9678
vn 0.2506 -0.1054 0.9623
vn 0.1412 -0.1091 0.9840
vn 0.1074 0.1043 0.9887
vn 0.2973 0.1898 0.9357
vn 0.1589 0.0945 0.9828
vn 0.2764 0.0088 0.9610
vn 0.1883 0.0010 0.9821
vn 0.3112 0.0321 0.9498
vn 0.1381 0.1313 0.9817
vn 0.2108 0.1442 0.9668
vn 0.2797 0.0871 0.9561
vn 0.2248 -0.0169 0.9743
vn 0.1923 -0.0938 0.9768
vn 0.3159 -0.2598 0.9125
vn 0.3634 -0.1923 0.9116
vn 0.6155 -0.0998 0.7818
vn 0.3297 0.0113 0.9440
vn 0.2236 -0.0869 0.9708
vn -0.1412 0.2503 0.9578
vn -0.1394 0.1777 0.9742
vn -0.0979 0.1689 0.9808
vn -0.0708 0.1489 0.9863
vn -0.0192 0.1383 0.9902
vn 0.1009 0.1267 0.9868
vn 0.1308 0.1181 0.9843
vn 0.2395 0.0482 0.9697
vn 0.3767 0.0267 0.9260
vn 0.3052 0.0789 0.9490
vn 0.2660 -0.0261 0.9636
vn 0.3477 -0.1312 0.9284
vn 0.6730 0.3308 0.6616
vn -0.6389 0.0181 0.7691
vn -0.3130 0.0406 0.9489
vn -0.3311 -0.0120 0.9435
vn -0.3454 0.0453 0.9374
vn -0.2661 -0.0038 0.9639
vn -0.3554 0.0660 0.9324
vn -0.1442 0.0528 0.9881
vn 0.2094 -0.0428 0.9769
vn 0.2569 -0.1090 0.9603
vn 0.1751 0.0768 0.9815
vn 0.2145 -0.0148 0.9766
vn 0.1879 -0.0924 0.9778
vn 0.1118 -0.1855 0.9763
vn 0.5175 -0.0579 0.8537
vn 0.2766 -0.0469 0.9598
vn 0.3886 -0.0609 0.9194
vn -0.1269 0.1238 0.9842
vn 0.1642 -0.0293 0.9860
vn 0.2920 0.1707 0.9411
vn 0.3963 0.1038 0.9122
vn 0.4070 0.0253 0.9131
vn 0.6317 0.0213 0.7749
vn -0.6397 0.3038 0.7060
vn -0.4537 -0.0393 0.8903
vn -0.4550 0.0296 0.8900
vn -0.3554 0.0232 0.9344
vn -0.3059 -0.0028 0.9521
vn -0.2564 -0.0394 0.9658
vn -0.3316 -0.0237 0.9431
vn 0.1901 -0.1102 0.9756
vn 0.3400 -0.3889 0.8562
vn 0.4198 -0.0413 0.9067
vn 0.2775 0.2313 0.9325
vn 0.2275 -0.0171 0.9736
vn 0.0438 -0.1050 0.9935
vn 0.1366 -0.1529 0.9787
vn 0.3419 -0.4802 0.8078
vn 0.4279 -0.4623 0.7766
vn 0.2671 -0.0615 0.9617
vn -0.1090 0.2046 0.9728
vn 0.0331 0.1013 0.9943
vn 0.0463 0.0948 0.9944
vn 0.2232 0.1084 0.9687
vn 0.3185 0.0289 0.9475
vn 0.2932 0.0402 0.9552
vn 0.8077 0.0143 0.5894
vn 0.7113 -0.1645 0.6834
vn 0.2600 0.0745 0.9627
vn -0.0551 0.1094 0.9925
vn 0.0946 0.1559 0.9832
vn -0.7330 0.3250 0.5976
vn -0.4393 -0.0862 0.8942
vn -0.3679 -0.0356 0.9292
vn -0.3110 -0.0166 0.9502
vn -0.2515 0.0034 0.9678
vn -0.2940 -0.0143 0.9557
vn 0.2309 0.0938 0.9684
vn 0.2785 -0.0602 0.9585
vn 0.1786 -0.0482 0.9827
vn 0.2437 -0.1362 0.9602
vn 0.1535 -0.1621 0.9748
vn 0.1668 -0.1828 0.9689
vn 0.0496 -0.1810 0.9822
vn 0.1407 -0.2079 0.9680
vn 0.3547 -0.1020 0.9294
vn 0.1807 -0.0768 0.9805
vn 0.1778 0.0359 0.9834
vn 0.2852 -0.0387 0.9577
vn 0.4050 -0.0504 0.9129
vn 0.2432 0.0059 0.9700
vn 0.2578 -0.0379 0.9655
vn 0.5608 0.1148 0.8200
vn 0.2095 -0.2477 0.9459
vn 0.2535 -0.0450 0.9663
vn 0.0424 0.2789 0.9594
vn 0.2063 0.1098 0.9723
vn 0.2336 0.0945 0.9677
vn 0.2481 0.0927 0.9643
vn 0.2994 0.2333 0.9252
vn 0.2977 -0.1059 0.9488
vn 0.6348 0.0891 0.7675
vn 0.6325 0.0191 0.7743
vn -0.5770 0.2003 0.7918
vn -0.4551 -0.0886 0.8860
vn -0.2987 0.0176 0.9542
vn -0.2499 -0.0000 0.9683
vn -0.2470 -0.0021 0.9690
vn -0.1424 -0.0146 0.9897
vn -0.1418 0.0314 0.9894
vn -0.1630 0.0502 0.9853
vn 0.0036 0.0731 0.9973
vn 0.1709 -0.2799 0.9447
vn 0.2519 -0.2043 0.9459
vn 0.0826 -0.1241 0.9888
vn 0.2435 -0.1282 0.9614
vn 0.2741 -0.2144 0.9375
vn 0.1907 0.1230 0.9739
vn 0.4022 0.0401 0.9147
vn -0.0383 0.6782 0.7339
vn 0.2616 0.1370 0.9554
vn 0.4435 0.2433 0.8626
vn 0.3497 0.3660 0.8624
vn 0.2094 0.0739 0.9750
vn -0.1434 0.1847 0.9723
vn -0.1375 0.1703 0.9758
vn -0.1118 0.1753 0.9781
vn -0.0626 0.2017 0.9774
vn 0.1937 0.1325 0.9721
vn 0.1473 -0.0136 0.9890
vn 0.2965 0.0305 0.9546
vn 0.3062 0.0121 0.9519
vn 0.2199 0.0296 0.9751
vn 0.3130 0.0724 0.9470
vn 0.7711 0.1997 0.6046
vn -0.8223 0.0990 0.5604
vn -0.3859 -0.0263 0.9222
vn -0.3216 -0.0240 0.9466
vn -0.3226 -0.0303 0.9461
vn -0.1838 0.0273 0.9826
vn 0.1529 -0.1204 0.9809
vn 0.1293 -0.1853 0.9741
vn 0.1443 -0.2364 0.9609
vn 0.3745 -0.2647 0.8886
vn 0.1064 0.0571 0.9927
vn 0.3310 0.1180 0.9362
vn 0.1965 -0.0630 0.9785
vn 0.1810 -0.0315 0.9830
vn 0.5045 -0.2901 0.8132
vn 0.2147 0.1761 0.9607
vn 0.4323 -0.0054 0.9017
vn 0.3928 0.1003 0.9141
vn 0.2109 0.0580 0.9758
vn -0.1126 0.2133 0.9705
vn -0.1012 0.1903 0.9765
vn -0.1116 0.2353 0.9655
vn 0.0985 0.0528 0.9937
vn 0.1462 0.1472 0.9782
vn 0.1922 0.0415 0.9805
vn 0.3143 0.0241 0.9490
vn 0.4701 0.1298 0.8730
vn -0.7221 0.2189 0.6563
vn -0.3787 0.0044 0.9255
vn -0.4059 0.0077 0.9139
vn -0.4963 0.0187 0.8680
vn -0.4545 0.0579 0.8889
vn -0.2892 0.0432 0.9563
vn 0.0993 -0.0558 0.9935
vn 0.2767 -0.0722 0.9582
vn 0.2574 -0.0437 0.9653
vn 0.2422 -0.0826 0.9667
vn 0.1995 -0.0560 0.9783
vn 0.1993 -0.0562 0.9783
vn 0.1423 0.2035 0.9687
vn 0.1156 0.0716 0.9907
vn 0.1108 -0.1346 0.9847
vn 0.4102 0.1293 0.9028
vn -0.0085 -0.0422 0.9991
vn 0.3693 -0.0017 0.9293
vn 0.2372 -0.1719 0.9561
vn 0.2858 -0.2371 0.9285
vn 0.3622 -0.2534 0.8970
vn 0.1463 -0.0575 0.9876
vn -0.1012 0.1908 0.9764
vn -0.0186 0.1447 0.9893
vn 0.0418 0.1451 0.9885
vn 0.1909 0.0425 0.9807
vn 0.4171 -0.1823 0.8904
vn 0.3082 0.0288 0.9509
vn 0.0693 0.0806 0.9943
vn 0.3265 0.0568 0.9435
vn 0.5079 -0.0230 0.8611
vn 0.7005 -0.0811 0.7091
vn -0.4732 -0.0817 0.8771
vn -0.3899 -0.0366 0.9201
vn -0.5574 -0.0920 0.8251
vn -0.3532 0.0208 0.9353
vn -0.2890 -0.0210 0.9571
vn -0.2846 -0.0250 0.9583
vn -0.2739 -0.0096 0.9617
vn -0.1821 0.0204 0.9831
vn 0.2979 -0.0581 0.9528
vn 0.3425 0.1042 0.9337
vn 0.1325 0.0474 0.9900
vn 0.1642 0.0421 0.9855
vn 0.2447 -0.0161 0.9695
vn 0.1405 -0.2623 0.9547
vn 0.3385 -0.4143 0.8449
vn 0.4505 -0.2282 0.8631
vn 0.2426 -0.2267 0.9433
vn 0.2456 -0.2315 0.9413
vn 0.4414 -0.2897 0.8493
vn 0.1435 -0.3499 0.9257
vn 0.6214 -0.2203 0.7518
vn 0.2514 -0.0212 0.9676
vn 0.0422 0.2381 0.9703
vn -0.1352 0.2340 0.9628
vn -0.1088 0.1715 0.9792
vn -0.1112 0.1726 0.9787
vn -0.0279 0.1401 0.9897
vn 0.0688 0.1052 0.9921
vn 0.0493 0.0869 0.9950
vn 0.2886 0.0878 0.9534
vn 0.3285 0.0755 0.9415
vn 0.4620 0.0873 0.8826
vn 0.6951 0.0782 0.7146
vn 0.7229 0.0269 0.6905
vn 0.0180 -0.0869 0.9960
vn -0.8212 0.0958 0.5626
vn -0.4704 -0.0506 0.8810
vn -0.3766 -0.1930 0.9061
vn -0.2677 0.0466 0.9624
vn -0.3056 0.0164 0.9520
vn -0.1652 0.0448 0.9852
vn 0.0576 -0.1299 0.9899
vn -0.0150 -0.0252 0.9996
vn 0.2151 -0.0020 0.9766
vn 0.4883 0.1215 0.8642
vn 0.1835 -0.1603 0.9699
vn 0.1819 -0.4258 0.8864
vn 0.3611 0.2224 0.9056
vn 0.1889 0.1380 0.9722
vn 0.4145 -0.4755 0.7759
vn 0.2450 -0.0105 0.9695
vn 0.1031 0.0755 0.9918
vn -0.1384 0.2161 0.9665
vn -0.0424 0.1124 0.9928
vn 0.0144 0.1323 0.9911
vn 0.1884 0.0566 0.9805
vn 0.2972 0.0390 0.9540
vn 0.3450 0.0300 0.9381
vn 0.2627 -0.0842 0.9612
vn 0.5860 -0.1557 0.7952
vn 0.4351 -0.2048 0.8768
vn -0.5159 0.1486 0.8436
vn -0.6749 0.2570 0.6917
vn -0.3894 -0.1966 0.8998
vn -0.2924 -0.0597 0.9544
vn -0.3171 -0.0637 0.9462
vn -0.2737 -0.0312 0.9613
vn 0.0089 0.0705 0.9975
vn 0.2181 -0.0854 0.9722
vn 0.3485 -0.1207 0.9295
vn 0.2343 -0.0166 0.9720
vn 0.2019 0.2770 0.9394
vn 0.0167 -0.3386 0.9408
vn 0.2834 -0.1847 0.9410
vn 0.1731 0.1003 0.9798
vn 0.2855 -0.1077 0.9523
vn 0.5443 -0.0146 0.8388
vn 0.0772 -0.0147 0.9969
vn 0.0449 0.0857 0.9953
vn -0.0788 0.1298 0.9884
vn 0.0690 0.1125 0.9912
vn 0.0917 0.0775 0.9928
vn 0.1819 0.0200 0.9831
vn 0.3060 0.0211 0.9518
vn 0.2775 -0.0096 0.9607
vn -0.4561 0.1481 0.8775
vn -0.7699 0.1740 0.6140
vn -0.4751 0.0372 0.8791
vn -0.5596 -0.0135 0.8286
vn -0.5061 -0.0285 0.8620
vn -0.3412 0.0023 0.9400
vn -0.3706 0.0178 0.9286
vn -0.2901 -0.0005 0.9570
vn -0.2446 -0.0413 0.9688
vn -0.2075 0.0363 0.9776
vn 0.2586 0.1077 0.9600
vn 0.3140 0.1166 0.9422
vn 0.3641 0.0403 0.9305
vn 0.1789 0.0548 0.9823
vn 0.1604 -0.0417 0.9862
vn 0.1705 -0.0368 0.9847
vn 0.2789 -0.1253 0.9521
vn 0.4355 0.0317 0.8996
vn 0.0360 0.0610 0.9975
vn 0.1031 0.0861 0.9909
vn 0.1757 0.0419 0.9836
vn 0.1963 0.0493 0.9793
vn 0.3606 0.0181 0.9326
vn 0.6944 0.1704 0.6992
vn 0.3471 0.2686 0.8985
vn -0.3353 0.1321 0.9328
vn -0.4727 0.0355 0.8805
vn -0.2841 -0.0374 0.9581
vn -0.3355 -0.0396 0.9412
vn -0.3342 -0.0483 0.9413
vn -0.2703 -0.0369 0.9621
vn -0.3063 0.0178 0.9518
vn -0.0743 0.0494 0.9960
vn 0.2471 -0.1861 0.9509
vn 0.2880 -0.1334 0.9483
vn -0.0322 -0.0294 0.9991
vn 0.2193 -0.0454 0.9746
vn 0.2749 -0.1704 0.9462
vn 0.4387 0.1538 0.8854
vn 0.1291 0.2354 0.9633
vn 0.0097 0.0804 0.9967
vn -0.1014 0.1792 0.9786
vn -0.0573 0.1645 0.9847
vn 0.0388 0.0710 0.9967
vn 0.1662 0.0462 0.9850
vn 0.2852 0.0474 0.9573
vn 0.2668 0.0445 0.9627
vn 0.3394 -0.0160 0.9405
vn -0.0308 0.3655 0.9303
vn 0.5915 -0.1373 0.7945
vn 0.5224 -0.3536 0.7759
vn 0.1711 0.1323 0.9763
vn -0.6597 0.3095 0.6848
vn -0.3113 -0.0418 0.9494
vn -0.2354 -0.0125 0.9718
vn 0.2064 -0.1062 0.9727
vn 0.1972 -0.0957 0.9757
vn 0.2526 0.0040 0.9676
vn 0.1478 0.0609 0.9871
vn 0.1888 -0.2125 0.9587
vn 0.1883 0.0442 0.9811
vn 0.4287 -0.1311 0.8939
vn 0.4317 -0.1260 0.8932
vn 0.3212 -0.0783 0.9438
vn 0.4272 0.0014 0.9042
vn 0.0131 0.1494 0.9887
vn 0.2083 -0.0833 0.9745
vn -0.0501 0.1573 0.9863
vn 0.0308 0.0316 0.9990
vn 0.3755 0.0699 0.9242
vn 0.3887 0.0618 0.9193
vn 0.4892 0.3195 0.8116
vn 0.5361 -0.3501 0.7681
vn -0.8178 0.2315 0.5269
vn -0.4839 0.1767 0.8571
vn -0.2347 0.2784 0.9313
vn -0.4787 0.0963 0.8727
vn -0.3631 -0.0241 0.9314
vn -0.2824 -0.0406 0.9584
vn -0.3089 -0.0272 0.9507
vn -0.3476 -0.0365 0.9369
vn -0.2908 -0.0268 0.9564
vn -0.2065 0.0273 0.9781
vn -0.1681 0.0484 0.9846
vn 0.1073 -0.1784 0.9781
vn 0.0361 -0.2458 0.9686
vn 0.0047 -0.2293 0.9734
vn 0.2149 -0.0447 0.9756
vn -0.1403 0.2954 0.9450
vn 0.3126 -0.0287 0.9495
vn 0.1938 -0.2222 0.9556
vn 0.1652 -0.2098 0.9637
vn 0.2184 -0.1027 0.9704
vn 0.2207 -0.3276 0.9187
vn 0.5940 -0.2622 0.7605
vn 0.3137 -0.0580 0.9477
vn -0.0701 0.2122 0.9747
vn 0.0945 0.0383 0.9948
vn 0.3008 0.1057 0.9478
vn 0.4723 -0.1630 0.8662
vn 0.7732 -0.1141 0.6239
vn -0.6785 0.3345 0.6541
vn -0.5201 0.0930 0.8490
vn -0.4117 -0.0050 0.9113
vn -0.2737 0.0448 0.9608
vn -0.2154 0.0188 0.9763
vn -0.1913 0.0242 0.9812
vn 0.1956 -0.1448 0.9699
vn 0.1936 -0.1589 0.9681
vn 0.1769 0.0258 0.9839
vn 0.2767 -0.0523 0.9595
vn -0.0286 -0.0919 0.9954
vn 0.0330 -0.1271 0.9913
vn 0.1970 -0.0722 0.9777
vn 0.3939 -0.2970 0.8698
vn 0.1673 -0.0903 0.9818
vn 0.2053 -0.1073 0.9728
vn 0.2018 -0.0795 0.9762
vn 0.4413 -0.1568 0.8835
vn -0.1213 0.1887 0.9745
vn 0.0208 0.0847 0.9962
vn 0.2109 0.0637 0.9754
vn 0.3545 0.0820 0.9315
vn 0.1733 -0.1032 0.9794
vn 0.3313 -0.0817 0.9400
vn 0.7618 -0.2250 0.6075
vn 0.2024 0.0660 0.9771
vn -0.4257 0.4095 0.8069
vn -0.5169 0.0510 0.8545
vn -0.3859 -0.0981 0.9173
vn -0.2117 0.0178 0.9772
vn -0.5237 0.0171 0.8518
vn -0.3138 0.0126 0.9494
vn 0.1248 -0.1560 0.9799
vn 0.2290 0.0816 0.9700
vn 0.1980 0.1160 0.9733
vn 0.3347 0.0174 0.9422
vn 0.1804 -0.0724 0.9809
vn 0.2639 -0.0448 0.9635
vn 0.3596 -0.1276 0.9244
vn 0.4308 -0.1468 0.8904
vn 0.3236 -0.1740 0.9301
vn 0.2920 -0.1548 0.9438
vn 0.3094 -0.2145 0.9264
vn 0.1058 0.0955 0.9898
vn 0.0066 0.0919 0.9957
vn -0.0953 0.1826 0.9786
vn -0.0772 0.1969 0.9774
vn -0.0495 0.1790 0.9826
vn 0.0768 0.0380 0.9963
vn 0.0892 0.0491 0.9948
vn 0.1648 0.0431 0.9854
vn 0.1634 0.0075 0.9865
vn 0.2990 0.0602 0.9523
vn 0.4021 -0.2109 0.8910
vn 0.0717 -0.0422 0.9965
vn -0.3103 0.1177 0.9433
vn -0.4820 0.0369 0.8754
vn -0.3106 -0.0939 0.9459
vn -0.3217 -0.0810 0.9434
vn -0.2976 -0.0726 0.9519
vn -0.3356 -0.0923 0.9375
vn -0.3119 0.0118 0.9500
vn 0.1714 -0.1203 0.9778
vn 0.2444 0.0818 0.9662
vn 0.4402 -0.0819 0.8942
vn 0.2369 -0.0814 0.9681
vn 0.4577 -0.1037 0.8830
vn -0.2497 0.1000 0.9631
vn 0.3231 -0.2139 0.9219
vn 0.0846 -0.0340 0.9958
vn -0.0765 0.1388 0.9874
vn -0.0920 0.1795 0.9794
vn 0.0315 0.1489 0.9883
vn 0.1596 0.0650 0.9850
vn 0.1918 0.0450 0.9804
vn 0.7581 -0.3847 0.5266
vn -0.4275 0.3448 0.8357
vn -0.2864 0.2068 0.9355
vn -0.4284 -0.1337 0.8936
vn -0.6353 0.0298 0.7717
vn -0.4606 0.0176 0.8875
vn -0.5506 -0.0937 0.8295
vn -0.3022 -0.0701 0.9507
vn -0.2929 -0.0866 0.9522
vn -0.2350 -0.1106 0.9657
vn -0.2180 0.0444 0.9749
vn 0.1742 -0.1210 0.9772
vn 0.0271 -0.0671 0.9974
vn 0.1890 -0.2129 0.9586
vn 0.3744 -0.4336 0.8197
vn 0.3329 0.4789 0.8123
vn 0.3306 -0.1931 0.9238
vn 0.0635 0.0124 0.9979
vn -0.1031 0.2077 0.9727
vn -0.0217 0.1455 0.9891
vn 0.0441 0.1601 0.9861
vn 0.3425 -0.0620 0.9375
vn 0.3116 0.0478 0.9490
vn 0.4596 0.0735 0.8851
vn 0.3156 0.1180 0.9415
vn 0.4805 -0.1157 0.8693
vn 0.1163 -0.0288 0.9928
vn 0.2501 0.0246 0.9679
vn -0.1249 0.3648 0.9227
vn -0.3932 -0.0714 0.9167
vn -0.3642 -0.0655 0.9290
vn -0.3492 -0.0426 0.9361
vn -0.2298 -0.0532 0.9718
vn -0.3227 -0.1051 0.9406
vn -0.2935 -0.0793 0.9527
vn -0.2751 -0.1139 0.9546
vn -0.2762 0.0176 0.9609
vn 0.0615 -0.2221 0.9731
vn 0.1959 -0.1062 0.9749
vn 0.1998 -0.1923 0.9608
vn -0.2410 0.1075 0.9646
vn 0.2751 0.2819 0.9192
vn 0.1549 0.3090 0.9384
vn 0.2637 0.1759 0.9484
vn 0.7864 -0.1685 0.5942
vn -0.0263 0.1186 0.9926
vn 0.0360 0.1073 0.9936
vn -0.1295 0.2227 0.9662
vn -0.1001 0.2364 0.9665
vn 0.0971 0.0598 0.9935
vn 0.2920 0.0602 0.9545
vn 0.3127 0.0650 0.9476
vn 0.2261 -0.0676 0.9717
vn 0.4085 -0.0717 0.9099
vn 0.5078 -0.0976 0.8559
vn 0.4234 -0.0391 0.9051
vn 0.5361 -0.1944 0.8214
vn 0.8275 -0.2037 0.5232
vn -0.4432 -0.0713 0.8936
vn -0.6127 0.0417 0.7892
vn -0.1264 0.0012 0.9920
vn -0.3088 0.0011 0.9511
vn -0.3074 -0.0912 0.9472
vn -0.3466 -0.0976 0.9329
vn -0.3091 -0.0084 0.9510
vn -0.3264 -0.0015 0.9452
vn -0.2708 0.0145 0.9625
vn 0.1988 -0.0386 0.9793
vn 0.1440 0.0979 0.9847
vn 0.1556 -0.1977 0.9678
vn 0.1895 -0.0963 0.9772
vn 0.3348 -0.1390 0.9320
vn -0.1974 0.0589 0.9785
vn 0.2672 0.1794 0.9468
vn 0.3029 0.1385 0.9429
vn 0.1695 0.0518 0.9842
vn 0.5759 -0.1343 0.8064
vn 0.2696 -0.2963 0.9162
vn 0.3889 -0.3234 0.8626
vn 0.3177 -0.2526 0.9139
vn -0.1263 -0.2428 0.9618
vn 0.5056 -0.5827 0.6363
vn -0.0916 0.3018 0.9490
vn -0.1296 0.1765 0.9757
vn -0.0459 0.1895 0.9808
vn -0.0328 0.1682 0.9852
vn 0.0218 0.1262 0.9918
vn 0.0652 0.0617 0.9960
vn 0.1470 0.0640 0.9871
vn 0.2008 0.0306 0.9791
vn 0.0301 0.4161 0.9088
vn 0.4734 0.2122 0.8549
vn 0.8213 -0.0362 0.5694
vn -0.2011 0.0838 0.9760
vn -0.2722 0.1097 0.9560
vn -0.3456 -0.0179 0.9382
vn -0.5313 -0.1155 0.8392
vn -0.2547 -0.1631 0.9532
vn -0.2440 0.0593 0.9680
vn -0.1940 0.0571 0.9793
vn -0.0693 0.0791 0.9944
vn 0.1122 -0.0942 0.9892
vn 0.0348 -0.1412 0.9894
vn 0.4227 -0.1457 0.8945
vn -0.1689 -0.2260 0.9594
vn 0.4703 -0.2451 0.8478
vn 0.1364 0.0298 0.9902
vn 0.2517 -0.0801 0.9645
vn 0.2047 -0.0945 0.9743
vn 0.6491 0.1865 0.7375
vn 0.3329 -0.1127 0.9362
vn 0.1109 -0.0641 0.9918
vn 0.2674 0.0518 0.9622
vn 0.1922 0.0976 0.9765
vn -0.0924 0.1703 0.9811
vn 0.0193 0.1339 0.9908
vn 0.3897 0.3586 0.8482
vn 0.8849 0.2702 0.3794
vn 0.5873 0.0574 0.8073
vn -0.2643 -0.1559 0.9517
vn -0.2946 -0.1286 0.9469
vn -0.3218 -0.1257 0.9384
vn -0.3781 -0.0729 0.9229
vn 0.3294 -0.0961 0.9393
vn 0.1646 -0.1496 0.9749
vn -0.0233 -0.2231 0.9745
vn 0.2917 -0.0415 0.9556
vn 0.1758 -0.1222 0.9768
vn 0.3711 -0.1812 0.9107
vn -0.1434 -0.2442 0.9591
vn 0.1604 0.1385 0.9773
vn 0.3787 -0.0447 0.9244
vn -0.0904 -0.2336 0.9681
vn -0.3520 -0.1990 0.9146
vn 0.0715 -0.0537 0.9960
vn 0.2013 -0.0398 0.9787
vn 0.2507 -0.0801 0.9648
vn 0.3817 0.2575 0.8877
vn -0.0886 0.1789 0.9799
vn 0.0603 0.1068 0.9924
vn 0.0873 0.0992 0.9912
vn 0.1036 0.0414 0.9938
vn 0.1439 0.0237 0.9893
vn 0.1527 0.0241 0.9880
vn 0.2074 -0.0023 0.9782
vn 0.2817 0.0150 0.9594
vn 0.4669 0.2320 0.8533
vn 0.5135 0.0522 0.8565
vn 0.1322 0.0709 0.9887
vn 0.3446 0.0602 0.9368
vn -0.2493 0.1262 0.9602
vn -0.1378 0.0123 0.9904
vn -0.2359 0.0553 0.9702
vn -0.4544 0.0012 0.8908
vn -0.1980 -0.0557 0.9786
vn -0.5356 -0.0987 0.8387
vn -0.3762 -0.1236 0.9183
vn -0.3064 -0.1477 0.9404
vn -0.3780 -0.0557 0.9241
vn -0.2704 0.0190 0.9626
vn -0.1773 0.0482 0.9830
vn 0.1896 -0.1686 0.9673
vn 0.1297 -0.3563 0.9253
vn 0.1457 -0.1283 0.9810
vn 0.1558 0.0722 0.9851
vn 0.4185 -0.2906 0.8604
vn 0.2165 0.1243 0.9683
vn 0.2720 -0.1164 0.9552
vn 0.2576 -0.3434 0.9032
vn 0.6685 -0.2365 0.7051
vn 0.3704 -0.0907 0.9244
vn 0.2431 0.0191 0.9698
vn -0.0263 0.1182 0.9926
vn -0.0880 0.1789 0.9799
vn -0.1136 0.1323 0.9847
vn 0.1009 0.0736 0.9922
vn 0.1873 0.0089 0.9823
vn 0.2785 0.0125 0.9604
vn 0.1702 0.0400 0.9846
vn 0.0334 0.1576 0.9869
vn 0.3088 0.0420 0.9502
vn 0.6798 -0.0004 0.7334
vn 0.5504 0.0187 0.8347
vn 0.1636 0.0314 0.9860
vn -0.3592 0.2947 0.8855
vn -0.4296 0.0141 0.9029
vn -0.2419 -0.0017 0.9703
vn -0.4441 0.0654 0.8936
vn -0.3080 -0.1438 0.9405
vn -0.3249 -0.0072 0.9457
vn -0.1222 -0.1152 0.9858
vn 0.1630 0.1183 0.9795
vn 0.4670 -0.0848 0.8802
vn 0.5928 -0.0856 0.8008
vn -0.0837 0.1278 0.9883
vn 0.0729 0.2458 0.9666
vn 0.3059 -0.3513 0.8849
vn 0.2663 -0.3488 0.8986
vn 0.4248 -0.2081 0.8810
vn 0.4875 -0.0631 0.8709
vn 0.4413 -0.1746 0.8802
vn 0.2802 -0.1812 0.9427
vn -0.1529 0.2554 0.9547
vn -0.0589 0.2213 0.9734
vn -0.0366 0.2172 0.9754
vn 0.0684 0.1139 0.9911
vn 0.1359 0.0521 0.9894
vn 0.1310 0.0394 0.9906
vn 0.2160 -0.0422 0.9755
vn 0.2049 -0.0335 0.9782
vn 0.1777 0.2049 0.9625
vn 0.3983 -0.1833 0.8987
vn 0.4200 -0.0964 0.9024
vn 0.8395 -0.2646 0.4745
vn -0.2183 0.0233 0.9756
vn -0.6575 0.2295 0.7177
vn -0.3465 -0.0099 0.9380
vn -0.2963 -0.0920 0.9506
vn -0.3153 -0.1061 0.9430
vn -0.3094 -0.0806 0.9475
vn -0.3818 -0.0647 0.9220
vn 0.3331 -0.0728 0.9401
vn 0.1799 -0.1160 0.9768
vn 0.2974 -0.0267 0.9544
vn -0.1325 -0.1074 0.9853
vn -0.0478 -0.2487 0.9674
vn 0.4243 0.0208 0.9053
vn 0.2929 -0.2455 0.9241
vn 0.0946 -0.0208 0.9953
vn 0.0314 0.1647 0.9858
vn 0.1737 -0.0649 0.9827
vn 0.8308 0.0278 0.5558
vn 0.8782 -0.1045 0.4667
vn 0.5143 -0.0993 0.8518
vn -0.3657 0.2272 0.9026
vn -0.4111 -0.1352 0.9015
vn -0.4355 0.0644 0.8979
vn -0.4562 0.0904 0.8853
vn -0.0646 -0.1181 0.9909
vn -0.3828 -0.1099 0.9173
vn -0.3001 -0.0947 0.9492
vn -0.3234 -0.0979 0.9412
vn -0.4091 -0.0045 0.9125
vn -0.3030 0.0289 0.9526
vn -0.2904 0.0311 0.9564
vn 0.3651 -0.1245 0.9226
vn 0.0441 -0.0271 0.9987
vn 0.1965 -0.3401 0.9196
vn 0.0179 0.3414 0.9397
vn 0.1120 -0.0993 0.9887
vn 0.2702 -0.0954 0.9581
vn 0.5197 -0.0813 0.8505
vn 0.4588 -0.1381 0.8777
vn 0.2689 -0.1606 0.9497
vn 0.0388 -0.0908 0.9951
vn -0.0560 0.1718 0.9835
vn -0.1008 0.2301 0.9679
vn -0.1117 0.2997 0.9475
vn 0.0144 0.1577 0.9874
vn 0.3539 -0.2029 0.9130
vn 0.2302 0.0334 0.9726
vn -0.2181 0.0239 0.9756
vn -0.1537 -0.1530 0.9762
vn -0.2503 -0.1530 0.9560
vn -0.3103 -0.1268 0.9422
vn -0.3022 -0.0775 0.9501
vn -0.2928 -0.0879 0.9521
vn -0.2919 -0.0878 0.9524
vn -0.1515 -0.0070 0.9884
vn -0.1806 0.0100 0.9835
vn 0.1787 -0.1177 0.9768
vn 0.2122 -0.3300 0.9198
vn 0.1276 -0.3262 0.9366
vn 0.0995 -0.2186 0.9707
vn -0.1303 -0.1043 0.9860
vn 0.1955 -0.1096 0.9745
vn 0.1200 -0.6129 0.7810
vn 0.1462 -0.1250 0.9813
vn 0.3502 -0.2535 0.9017
vn 0.1527 -0.0115 0.9882
vn 0.2547 -0.2220 0.9412
vn 0.4856 -0.2503 0.8375
vn -0.1147 0.1596 0.9805
vn -0.1616 0.2868 0.9443
vn -0.0490 0.2105 0.9764
vn 0.1948 0.0396 0.9801
vn 0.1866 -0.0054 0.9824
vn 0.1685 0.0215 0.9855
vn 0.2450 -0.0579 0.9678
vn 0.3351 -0.0734 0.9393
vn 0.4579 -0.1775 0.8711
vn 0.2787 0.0854 0.9566
vn 0.4090 -0.1928 0.8920
vn -0.3105 0.2343 0.9212
vn -0.5305 0.1319 0.8374
vn -0.2268 0.1627 0.9603
vn -0.2556 -0.0231 0.9665
vn -0.3970 -0.1318 0.9083
vn -0.4711 -0.1066 0.8756
vn -0.2949 -0.1763 0.9391
vn -0.3247 -0.0978 0.9407
vn 0.3955 -0.0321 0.9179
vn 0.0167 -0.5137 0.8578
vn 0.0163 -0.5778 0.8160
vn 0.2923 -0.2961 0.9093
vn -0.0078 -0.1916 0.9814
vn 0.2547 -0.1125 0.9605
vn 0.1208 -0.0949 0.9881
vn 0.4713 -0.2879 0.8337
vn 0.2592 -0.2179 0.9409
vn -0.0935 0.2290 0.9689
vn 0.1341 0.0224 0.9907
vn 0.5528 0.0106 0.8332
vn 0.3634 0.1639 0.9171
vn -0.3421 -0.0551 0.9380
vn -0.1449 -0.0439 0.9885
vn -0.6010 0.0096 0.7992
vn -0.3245 -0.0698 0.9433
vn -0.2456 -0.1848 0.9516
vn -0.4073 -0.0050 0.9133
vn -0.4030 -0.0259 0.9148
vn -0.4224 -0.0227 0.9061
vn -0.2881 -0.0410 0.9567
vn 0.1806 -0.0190 0.9834
vn 0.3513 0.1976 0.9152
vn 0.2081 -0.0840 0.9745
vn 0.1114 -0.0281 0.9934
vn 0.2059 -0.0032 0.9786
vn 0.3632 -0.6213 0.6943
vn 0.2819 -0.5452 0.7895
vn 0.3707 0.1032 0.9230
vn 0.4178 -0.1055 0.9024
vn -0.0841 0.2735 0.9582
vn -0.0664 0.3138 0.9472
vn -0.0054 0.2438 0.9698
vn 0.0632 0.2235 0.9726
vn 0.0167 0.1893 0.9818
vn 0.0180 0.1889 0.9818
vn 0.0681 0.1372 0.9882
vn 0.1199 0.0927 0.9884
vn 0.1293 0.1056 0.9860
vn 0.1646 0.0787 0.9832
vn 0.1270 0.0662 0.9897
vn 0.2031 0.0071 0.9791
vn 0.2248 0.0055 0.9744
vn 0.1878 0.0763 0.9792
vn 0.4372 0.0785 0.8959
vn 0.2063 0.0098 0.9784
vn -0.3010 -0.1525 0.9414
vn -0.3123 -0.3146 0.8964
vn -0.2992 -0.0838 0.9505
vn -0.2835 -0.0653 0.9567
vn -0.3248 -0.0466 0.9446
vn -0.2787 -0.0312 0.9599
vn 0.3350 0.0726 0.9394
vn 0.2689 -0.1536 0.9508
vn 0.0601 -0.0520 0.9968
vn 0.2553 -0.0997 0.9617
vn 0.0933 0.0207 0.9954
vn 0.2966 0.0365 0.9543
vn -0.1586 -0.2458 0.9563
vn -0.1571 -0.0052 0.9876
vn 0.1092 -0.1413 0.9839
vn 0.4950 -0.0633 0.8666
vn 0.3837 -0.1589 0.9097
vn -0.0810 0.2731 0.9586
vn -0.1529 0.2594 0.9536
vn 0.0893 0.1361 0.9867
vn 0.1371 0.0653 0.9884
vn 0.2297 0.0560 0.9717
vn 0.3954 -0.0294 0.9181
vn 0.4731 0.1091 0.8742
vn 0.8548 0.1542 0.4955
vn 0.7741 0.2585 0.5779
vn -0.1909 -0.2232 0.9559
vn -0.3114 -0.2716 0.9106
vn -0.3571 0.1009 0.9286
vn -0.2974 0.0169 0.9546
vn -0.3828 -0.0502 0.9224
vn -0.3474 -0.0847 0.9339
vn -0.2748 -0.1172 0.9543
vn -0.3361 -0.1056 0.9359
vn -0.4093 -0.0448 0.9113
vn 0.2937 -0.2223 0.9297
vn 0.1004 -0.0876 0.9911
vn 0.1417 0.0449 0.9889
vn 0.1661 0.0580 0.9844
vn 0.5718 0.0010 0.8204
vn 0.2408 -0.3252 0.9145
vn 0.2614 -0.0843 0.9615
vn 0.3513 -0.1657 0.9215
vn 0.2620 -0.1318 0.9560
vn 0.6139 -0.3457 0.7096
vn 0.0812 -0.3047 0.9490
vn 0.5095 -0.3935 0.7653
vn 0.3977 -0.2305 0.8881
vn 0.4164 -0.1097 0.9026
vn -0.0797 0.2750 0.9581
vn -0.0766 0.2584 0.9630
vn -0.1339 0.4043 0.9047
vn 0.1017 0.1287 0.9865
vn 0.1281 0.1053 0.9862
vn 0.2465 0.0092 0.9691
vn 0.4540 0.0058 0.8910
vn 0.3224 0.0473 0.9454
vn 0.1950 0.5011 0.8431
vn -0.4691 -0.2218 0.8549
vn -0.4577 -0.1210 0.8808
vn -0.2982 0.0195 0.9543
vn -0.3028 -0.0990 0.9479
vn -0.4172 0.0636 0.9066
vn -0.3475 0.0129 0.9376
vn -0.3629 0.0203 0.9316
vn -0.2688 -0.0388 0.9624
vn -0.2998 -0.0335 0.9534
vn 0.4604 -0.1400 0.8766
vn 0.1780 -0.6889 0.7026
vn 0.2349 -0.1838 0.9545
vn -0.0112 -0.3960 0.9182
vn -0.0994 -0.0365 0.9944
vn 0.1545 -0.5670 0.8091
vn 0.4497 -0.2187 0.8660
vn 0.2012 -0.0316 0.9790
vn 0.1578 0.1456 0.9767
vn -0.0630 0.2779 0.9585
vn -0.0846 0.2601 0.9619
vn -0.1861 0.3623 0.9133
vn 0.0094 0.1584 0.9873
vn 0.0500 0.1712 0.9840
vn 0.2155 0.0806 0.9732
vn 0.4069 -0.0374 0.9127
vn 0.2291 -0.0669 0.9711
vn 0.7880 0.2150 0.5770
vn 0.5139 0.5469 0.6609
vn -0.2602 -0.0140 0.9654
vn -0.1697 -0.1383 0.9758
vn -0.2900 -0.0525 0.9556
vn -0.3408 -0.0326 0.9396
vn -0.4100 -0.0244 0.9118
vn 0.2877 -0.0907 0.9534
vn 0.1889 -0.0843 0.9784
vn 0.1355 -0.2316 0.9633
vn 0.2881 -0.2819 0.9152
vn 0.0753 0.1749 0.9817
vn 0.1628 -0.1812 0.9699
vn 0.3517 0.0056 0.9361
vn 0.1793 0.0961 0.9791
vn 0.8195 -0.2617 0.5099
vn 0.0814 -0.1157 0.9899
vn -0.2687 -0.0972 0.9583
vn -0.3310 -0.0599 0.9417
vn -0.2659 -0.0655 0.9618
vn -0.4251 0.0406 0.9042
vn -0.3052 -0.0711 0.9496
vn -0.3583 -0.0142 0.9335
vn -0.3797 -0.0587 0.9232
vn -0.2748 -0.0601 0.9596
vn 0.1933 -0.1221 0.9735
vn 0.0784 0.0535 0.9955
vn 0.2227 0.2593 0.9398
vn -0.2809 0.3102 0.9082
vn 0.5696 -0.0181 0.8218
vn 0.4828 0.0107 0.8757
vn 0.0378 -0.1801 0.9829
vn 0.2788 0.2895 0.9157
vn 0.5177 0.1680 0.8389
vn -0.1145 0.3346 0.9354
vn -0.0658 0.1603 0.9849
vn 0.0187 0.1495 0.9886
vn 0.0903 0.1216 0.9885
vn 0.1844 0.0650 0.9807
vn 0.1738 0.0418 0.9839
vn 0.2139 0.0338 0.9763
vn 0.2470 0.0053 0.9690
vn 0.1041 0.0981 0.9897
vn 0.1726 0.0202 0.9848
vn 0.4294 0.1231 0.8947
vn 0.4127 0.1131 0.9038
vn 0.3646 -0.0659 0.9288
vn 0.3192 -0.1178 0.9403
vn 0.4331 -0.0941 0.8964
vn -0.0476 0.0108 0.9988
vn -0.3394 -0.0602 0.9387
vn -0.3649 0.0024 0.9310
vn -0.3773 0.0065 0.9261
vn 0.1881 -0.0385 0.9814
vn 0.0287 -0.1361 0.9903
vn 0.1996 -0.1190 0.9726
vn 0.1232 -0.1342 0.9833
vn -0.0017 -0.1451 0.9894
vn -0.1711 -0.1148 0.9785
vn -0.2478 -0.0668 0.9665
vn 0.3451 -0.2359 0.9084
vn 0.1617 -0.1674 0.9725
vn 0.3794 0.1899 0.9055
vn 0.2110 0.0720 0.9748
vn -0.1850 0.0996 0.9777
vn 0.0971 0.1390 0.9855
vn 0.1397 0.0732 0.9875
vn 0.1552 0.1365 0.9784
vn 0.2506 0.0075 0.9681
vn 0.1749 0.0121 0.9845
vn 0.2029 -0.0088 0.9792
vn 0.3422 -0.0182 0.9395
vn 0.3413 -0.1563 0.9269
vn 0.8481 -0.1685 0.5023
vn -0.3642 -0.0307 0.9308
vn -0.2211 -0.1059 0.9695
vn -0.2768 -0.1077 0.9549
vn -0.2122 -0.0584 0.9755
vn -0.4910 0.0359 0.8704
vn -0.3180 -0.0102 0.9480
vn -0.3007 0.0130 0.9536
vn 0.5109 -0.2343 0.8271
vn 0.2040 -0.0576 0.9773
vn 0.2294 -0.0546 0.9718
vn 0.2472 -0.1581 0.9560
vn 0.4662 -0.1030 0.8787
vn 0.2245 0.0242 0.9742
vn 0.4701 -0.0843 0.8786
vn 0.1611 -0.1663 0.9728
vn 0.5794 -0.2009 0.7899
vn 0.3049 0.1964 0.9319
vn -0.0545 0.2319 0.9712
vn -0.0814 0.2202 0.9720
vn -0.0545 0.1468 0.9877
vn 0.1110 0.0646 0.9917
vn 0.0166 0.1265 0.9918
vn 0.1394 0.0734 0.9875
vn 0.1637 0.0154 0.9864
vn 0.1755 0.0405 0.9837
vn 0.2520 0.0110 0.9677
vn 0.2325 0.0757 0.9697
vn 0.4739 0.0515 0.8791
vn 0.4158 0.0335 0.9089
vn 0.3552 0.2112 0.9106
vn -0.4819 0.0090 0.8762
vn -0.3424 -0.0926 0.9350
vn -0.3016 -0.0798 0.9501
vn -0.2307 -0.1119 0.9666
vn -0.6142 -0.1525 0.7743
vn -0.3534 -0.0805 0.9320
vn -0.2604 -0.0597 0.9636
vn -0.4216 -0.0619 0.9047
vn -0.1955 0.0375 0.9800
vn -0.1690 0.0249 0.9853
vn 0.2370 0.0272 0.9711
vn 0.1594 -0.3497 0.9232
vn 0.1095 0.0463 0.9929
vn 0.2760 0.2326 0.9326
vn 0.1297 -0.1568 0.9791
vn 0.3642 0.2217 0.9045
vn 0.7813 0.0013 0.6241
vn 0.0311 -0.3321 0.9427
vn -0.2466 0.2892 0.9250
vn -0.1980 0.2810 0.9391
vn -0.0726 0.1591 0.9846
vn -0.0279 0.0601 0.9978
vn 0.2021 0.0252 0.9790
vn 0.4173 -0.1785 0.8911
vn 0.3968 0.0533 0.9164
vn 0.3920 0.0521 0.9185
vn 0.3294 0.0142 0.9441
vn -0.0547 -0.1274 0.9903
vn -0.1102 -0.0898 0.9898
vn -0.3889 -0.1985 0.8996
vn -0.2930 -0.0464 0.9550
vn -0.5018 -0.0069 0.8649
vn -0.3240 -0.0914 0.9416
vn -0.2762 -0.1072 0.9551
vn -0.5768 -0.1684 0.7993
vn -0.2254 -0.0751 0.9714
vn -0.3405 -0.0314 0.9397
vn -0.3152 0.0176 0.9488
vn 0.3017 -0.0048 0.9534
vn 0.1101 -0.3504 0.9301
vn 0.1435 -0.0315 0.9891
vn 0.1673 -0.0472 0.9848
vn 0.0684 -0.3526 0.9333
vn 0.0228 -0.3541 0.9349
vn 0.2098 -0.3155 0.9254
vn 0.2506 -0.3284 0.9107
vn -0.4154 0.2867 0.8633
vn -0.1628 0.2350 0.9583
vn -0.0559 0.2264 0.9724
vn -0.0882 0.2316 0.9688
vn -0.1191 0.2394 0.9636
vn 0.0351 0.0520 0.9980
vn -0.0087 0.0939 0.9955
vn 0.2967 0.0361 0.9543
vn 0.1798 0.0240 0.9834
vn 0.4845 -0.1123 0.8675
vn 0.3079 0.1688 0.9363
vn -0.5159 -0.1448 0.8443
vn -0.3956 0.0140 0.9183
vn -0.3486 -0.0301 0.9368
vn -0.1952 -0.0472 0.9796
vn -0.2285 0.1054 0.9678
vn -0.3643 -0.0249 0.9309
vn -0.3588 -0.0329 0.9328
vn -0.3262 0.0478 0.9441
vn -0.2892 0.0291 0.9568
vn 0.0820 -0.1542 0.9846
vn 0.3052 -0.1944 0.9322
vn 0.0788 -0.1548 0.9848
vn 0.1669 -0.1679 0.9716
vn 0.0166 -0.2130 0.9769
vn 0.3050 -0.2261 0.9251
vn 0.1629 0.0428 0.9857
vn 0.3572 -0.0799 0.9306
vn 0.2326 -0.0742 0.9697
vn 0.2897 0.0906 0.9528
vn 0.3838 0.1202 0.9156
vn 0.3739 -0.0800 0.9240
vn 0.7383 0.2154 0.6391
vn 0.2715 0.6130 0.7419
vn -0.1352 0.2580 0.9566
vn 0.1240 0.0926 0.9880
vn 0.1645 0.0959 0.9817
vn 0.1573 0.0421 0.9866
vn 0.2057 0.0601 0.9768
vn 0.1770 0.1116 0.9779
vn 0.1946 0.0152 0.9808
vn 0.4267 0.1057 0.8982
vn 0.3696 -0.0655 0.9269
vn 0.7806 -0.1151 0.6144
vn 0.8321 -0.0273 0.5539
vn -0.3123 0.1360 0.9402
vn -0.1944 -0.2416 0.9507
vn -0.4804 0.0673 0.8745
vn -0.2443 0.0874 0.9658
vn -0.3869 -0.0168 0.9220
vn -0.3523 -0.0251 0.9355
vn 0.1308 -0.0596 0.9896
vn 0.1319 -0.1551 0.9790
vn -0.1688 -0.1612 0.9724
vn 0.1459 -0.1123 0.9829
vn 0.1982 -0.1339 0.9710
vn 0.1612 0.0940 0.9824
vn 0.1876 0.0471 0.9811
vn -0.1043 0.2891 0.9516
vn -0.0475 0.2654 0.9630
vn -0.0377 0.0786 0.9962
vn -0.0146 0.0487 0.9987
vn 0.1610 0.0568 0.9853
vn 0.1714 -0.0517 0.9838
vn 0.2676 -0.0299 0.9631
vn 0.3381 0.0206 0.9409
vn 0.2797 0.1956 0.9400
vn 0.2909 0.0302 0.9563
vn 0.7524 -0.2118 0.6238
vn -0.0543 0.3826 0.9223
vn -0.5381 0.0884 0.8382
vn -0.2760 0.0257 0.9608
vn -0.3610 0.0611 0.9306
vn -0.3492 0.0694 0.9345
vn -0.2108 0.0580 0.9758
vn -0.5842 -0.1476 0.7981
vn -0.5330 -0.0614 0.8439
vn -0.3510 0.1208 0.9286
vn -0.4872 -0.0031 0.8733
vn -0.4029 -0.0773 0.9120
vn -0.3855 -0.0191 0.9225
vn -0.1425 -0.0054 0.9898
vn 0.1817 -0.3258 0.9278
vn 0.2080 -0.2049 0.9564
vn 0.3065 -0.0686 0.9494
vn 0.2367 -0.1573 0.9588
vn -0.1676 -0.0184 0.9857
vn 0.2328 -0.0786 0.9694
vn 0.2142 -0.0573 0.9751
vn 0.4587 -0.0704 0.8858
vn 0.5031 -0.1197 0.8559
vn 0.0143 0.1878 0.9821
vn 0.1966 0.1071 0.9746
vn 0.1841 0.0147 0.9828
vn 0.4733 -0.0396 0.8800
vn 0.3071 0.0114 0.9516
vn -0.4596 0.1681 0.8721
vn -0.5013 0.1953 0.8429
vn -0.3813 0.0829 0.9207
vn -0.2919 0.0274 0.9560
vn -0.3682 0.0324 0.9292
vn -0.2259 0.0723 0.9715
vn -0.4095 -0.0411 0.9114
vn -0.0295 -0.0771 0.9966
vn -0.2642 -0.0206 0.9642
vn -0.2443 -0.0125 0.9696
vn -0.4526 0.0146 0.8916
vn -0.3374 -0.1681 0.9262
vn -0.3008 -0.0811 0.9502
vn -0.3649 0.0044 0.9310
vn 0.1143 -0.1442 0.9829
vn 0.1638 -0.1962 0.9668
vn -0.0887 -0.2354 0.9678
vn -0.1693 0.2022 0.9646
vn -0.0454 0.2553 0.9658
vn 0.0250 0.0484 0.9985
vn 0.0946 0.0511 0.9942
vn 0.2013 0.0725 0.9768
vn 0.1752 0.0277 0.9841
vn 0.2114 -0.0010 0.9774
vn 0.2295 -0.0232 0.9730
vn 0.2728 -0.0370 0.9614
vn 0.1925 0.0424 0.9804
vn 0.4953 0.1184 0.8606
vn 0.1973 0.0481 0.9792
vn 0.6737 -0.2737 0.6864
vn 0.4256 0.1831 0.8862
vn 0.0136 0.0887 0.9960
vn -0.1962 0.2588 0.9458
vn -0.4955 0.1643 0.8529
vn -0.2038 0.0484 0.9778
vn -0.2256 0.0585 0.9725
vn -0.3474 0.0936 0.9330
vn -0.4517 -0.2824 0.8463
vn -0.3844 0.0123 0.9231
vn -0.2307 0.0294 0.9726
vn -0.3589 -0.0015 0.9334
vn 0.2426 -0.1516 0.9582
vn 0.1877 -0.2046 0.9607
vn 0.1833 -0.1210 0.9756
vn 0.2037 -0.0266 0.9787
vn 0.3371 -0.4720 0.8146
vn 0.1882 -0.1663 0.9679
vn 0.0080 -0.0152 0.9999
vn 0.0777 -0.1945 0.9778
vn 0.3002 -0.4128 0.8599
vn 0.2683 0.2079 0.9406
vn 0.1599 0.2857 0.9449
vn -0.1060 0.2333 0.9666
vn -0.1080 0.3277 0.9386
vn 0.0204 0.0418 0.9989
vn 0.2454 0.0223 0.9692
vn 0.3869 -0.0523 0.9207
vn 0.1342 0.0998 0.9859
vn 0.5335 0.1561 0.8313
vn 0.7517 0.1402 0.6444
vn 0.7331 0.1668 0.6594
vn -0.0372 0.1569 0.9869
vn -0.2406 0.1252 0.9625
vn -0.4157 -0.0115 0.9094
vn -0.3882 0.0046 0.9215
vn -0.3846 0.0095 0.9230
vn -0.3711 0.0378 0.9278
vn -0.2891 0.0161 0.9572
vn -0.1256 -0.0125 0.9920
vn 0.1202 -0.2519 0.9603
vn 0.1556 -0.0996 0.9828
vn 0.3295 -0.4384 0.8362
vn 0.1784 0.1129 0.9775
vn 0.1537 -0.0601 0.9863
vn 0.0006 -0.0121 0.9999
vn -0.0489 0.0734 0.9961
vn -0.0201 0.0682 0.9975
vn -0.0152 0.0922 0.9956
vn -0.0074 0.0895 0.9960
vn 0.1806 0.0264 0.9832
vn 0.1986 0.0018 0.9801
vn 0.4488 0.1711 0.8771
vn -0.1469 0.1767 0.9732
vn -0.3368 0.2888 0.8962
vn -0.3682 0.0915 0.9252
vn -0.2765 -0.0227 0.9607
vn -0.2181 0.0063 0.9759
vn -0.3612 0.0622 0.9304
vn -0.3895 0.1349 0.9111
vn -0.3546 0.1458 0.9236
vn -0.4209 -0.0523 0.9056
vn -0.3300 -0.0010 0.9440
vn -0.1815 -0.0379 0.9827
vn 0.1788 -0.2401 0.9541
vn 0.1613 -0.1061 0.9812
vn 0.2778 -0.1036 0.9550
vn 0.1258 -0.0621 0.9901
vn 0.2478 -0.1507 0.9570
vn 0.0347 -0.2276 0.9731
vn 0.1547 -0.4673 0.8704
vn 0.2639 0.0656 0.9623
vn 0.0417 0.1534 0.9873
vn -0.0810 0.2201 0.9721
vn 0.1482 0.3907 0.9085
vn -0.1322 0.1833 0.9741
vn -0.1437 0.2604 0.9547
vn -0.0456 0.0706 0.9965
vn 0.0411 0.0368 0.9985
vn 0.2103 -0.0019 0.9776
vn 0.2040 0.0262 0.9786
vn 0.3461 -0.1145 0.9312
vn 0.2831 -0.1091 0.9529
vn 0.6689 0.3138 0.6738
vn 0.3555 0.4679 0.8092
vn -0.3178 -0.0192 0.9480
vn -0.3801 0.0873 0.9208
vn -0.0685 0.2029 0.9768
vn -0.3117 -0.0033 0.9502
vn -0.2307 0.1573 0.9602
vn -0.1350 -0.0182 0.9907
vn 0.2645 -0.2053 0.9423
vn 0.2444 -0.0853 0.9659
vn 0.1962 -0.0689 0.9781
vn 0.1753 -0.3561 0.9179
vn -0.1024 0.1121 0.9884
vn -0.0705 0.1603 0.9845
vn -0.0184 0.0897 0.9958
vn 0.0214 0.0357 0.9991
vn 0.0942 0.0387 0.9948
vn 0.1885 0.1099 0.9759
vn 0.2297 0.1138 0.9666
vn 0.2260 0.0107 0.9741
vn 0.2075 0.0437 0.9773
vn 0.3503 -0.0628 0.9345
vn 0.1309 0.1083 0.9855
vn 0.4171 -0.1527 0.8960
vn 0.4946 -0.0943 0.8640
vn 0.3101 -0.0849 0.9469
vn 0.4481 0.1888 0.8738
vn 0.5163 0.1877 0.8356
vn 0.2219 0.0972 0.9702
vn -0.3456 0.1503 0.9263
vn -0.3570 0.0390 0.9333
vn -0.3006 0.2071 0.9310
vn -0.0867 0.1588 0.9835
vn -0.3185 0.0542 0.9464
vn -0.4286 0.1986 0.8814
vn -0.3278 0.1932 0.9248
vn -0.2495 0.0716 0.9657
vn -0.2444 0.0786 0.9665
vn -0.3731 0.0341 0.9272
vn -0.1985 -0.0056 0.9801
vn 0.1220 -0.0632 0.9905
vn 0.1918 -0.0880 0.9775
vn 0.2611 -0.0960 0.9605
vn 0.1455 -0.1155 0.9826
vn -0.0269 0.2765 0.9606
vn -0.0378 0.1307 0.9907
vn 0.1731 0.3717 0.9121
vn -0.0156 0.1520 0.9883
vn -0.0395 0.1045 0.9937
vn 0.1120 0.0266 0.9934
vn 0.1225 0.0263 0.9921
vn 0.1984 0.0586 0.9784
vn 0.2378 0.0155 0.9712
vn 0.2428 0.0131 0.9700
vn 0.3094 0.0464 0.9498
vn 0.5871 -0.0079 0.8095
vn 0.5889 0.1342 0.7970
vn -0.1575 -0.0127 0.9874
vn -0.2587 0.0696 0.9635
vn -0.4392 0.1069 0.8920
vn -0.3509 0.4677 0.8113
vn -0.0445 -0.0469 0.9979
vn -0.4843 -0.0559 0.8731
vn -0.2634 0.2005 0.9436
vn -0.4534 0.1228 0.8828
vn -0.4139 0.0490 0.9090
vn -0.3696 -0.0543 0.9276
vn -0.4384 0.0366 0.8980
vn -0.3280 0.0561 0.9430
vn 0.1369 -0.0734 0.9879
vn 0.1449 -0.0386 0.9887
vn 0.1810 -0.0759 0.9806
vn 0.1883 -0.1065 0.9763
vn 0.1776 0.0131 0.9840
vn 0.1609 -0.0493 0.9857
vn 0.1275 -0.0754 0.9890
vn -0.0117 0.0828 0.9965
vn 0.2600 0.1096 0.9594
vn 0.0315 0.2853 0.9579
vn -0.0144 0.1492 0.9887
vn -0.0240 0.1048 0.9942
vn 0.0748 0.0207 0.9970
vn 0.2823 0.0715 0.9567
vn 0.2098 0.0640 0.9756
vn 0.3082 -0.0696 0.9488
vn 0.5266 -0.0286 0.8496
vn 0.2647 0.1728 0.9487
vn 0.5744 0.0374 0.8177
vn 0.5450 0.0278 0.8379
vn -0.1112 -0.0967 0.9891
vn -0.2238 0.2943 0.9292
vn -0.2654 -0.0098 0.9641
vn -0.2057 -0.0134 0.9785
vn 0.1969 -0.1105 0.9742
vn 0.1887 -0.1179 0.9749
vn 0.1971 -0.0612 0.9785
vn 0.1675 -0.1035 0.9804
vn -0.0365 0.2856 0.9577
vn 0.0662 0.0740 0.9951
vn -0.0668 0.1879 0.9799
vn -0.0508 0.1703 0.9841
vn 0.0326 0.0902 0.9954
vn 0.2109 0.0635 0.9755
vn 0.2013 0.0273 0.9792
vn 0.1930 -0.0073 0.9812
vn 0.1300 0.5133 0.8483
vn 0.5815 0.1012 0.8073
vn 0.5799 0.1002 0.8085
vn -0.1261 -0.0319 0.9915
vn -0.4979 0.0473 0.8660
vn -0.4250 0.0527 0.9037
vn -0.1648 -0.1118 0.9800
vn -0.1120 -0.0675 0.9914
vn -0.3227 0.0637 0.9444
vn -0.5487 0.0389 0.8351
vn -0.3205 0.1864 0.9287
vn -0.2885 0.2187 0.9322
vn -0.3849 0.0490 0.9217
vn 0.1369 -0.0842 0.9870
vn 0.1809 -0.0481 0.9823
vn 0.0484 0.1388 0.9891
vn 0.0089 0.1222 0.9925
vn -0.0113 0.1164 0.9931
vn 0.0554 0.0815 0.9951
vn 0.2924 0.0801 0.9529
vn 0.2141 -0.0011 0.9768
vn 0.2314 -0.0162 0.9727
vn 0.3069 0.0089 0.9517
vn 0.2981 0.0154 0.9544
vn 0.3754 0.0459 0.9257
vn -0.2818 -0.2234 0.9331
vn -0.6259 -0.0405 0.7788
vn -0.2383 0.1606 0.9578
vn -0.2983 0.2408 0.9236
vn -0.5781 0.1827 0.7952
vn -0.4011 0.1733 0.8995
vn -0.3011 0.2189 0.9281
vn -0.1553 0.0587 0.9861
vn -0.2900 0.2005 0.9358
vn -0.5325 0.2899 0.7953
vn -0.3958 -0.0008 0.9183
vn -0.4098 0.1244 0.9037
vn 0.1826 -0.0984 0.9782
vn 0.1579 -0.0947 0.9829
vn 0.1714 -0.0335 0.9846
vn 0.0087 0.1357 0.9907
vn 0.0080 0.1187 0.9929
vn -0.0208 0.1252 0.9919
vn -0.0292 0.1505 0.9882
vn 0.0258 0.0878 0.9958
vn 0.1309 0.0420 0.9905
vn 0.2125 -0.0365 0.9765
vn 0.2074 -0.0341 0.9777
vn 0.3852 0.0410 0.9219
vn 0.1559 -0.0150 0.9877
vn 0.4751 0.4287 0.7684
vn 0.4350 0.4453 0.7826
vn -0.6371 -0.0869 0.7659
vn -0.4415 0.2311 0.8670
vn -0.1683 0.3402 0.9252
vn -0.3170 0.0946 0.9437
vn -0.4440 0.0783 0.8926
vn -0.0264 0.1447 0.9891
vn -0.3882 0.1711 0.9056
vn -0.3022 0.1825 0.9356
vn -0.3985 0.2578 0.8802
vn -0.3075 0.0493 0.9503
vn -0.1948 0.1588 0.9679
vn -0.3695 0.1044 0.9233
vn -0.2047 -0.0197 0.9786
vn 0.1407 -0.0826 0.9866
vn 0.0916 -0.0475 0.9947
vn 0.2038 -0.0305 0.9785
vn 0.3323 -0.0860 0.9393
vn 0.1547 -0.0707 0.9854
vn 0.1720 -0.0444 0.9841
vn 0.0442 0.1043 0.9936
vn 0.0143 0.1064 0.9942
vn 0.0641 0.0788 0.9948
vn -0.0264 0.1927 0.9809
vn -0.0285 0.1442 0.9891
vn -0.0093 0.1492 0.9888
vn 0.1224 0.0923 0.9882
vn 0.0700 0.0470 0.9964
vn 0.0985 0.0592 0.9934
vn 0.2505 0.0194 0.9679
vn 0.1861 0.0340 0.9819
vn 0.3768 0.0362 0.9256
vn 0.3942 0.0078 0.9190
vn 0.0932 0.0983 0.9908
vn 0.4496 -0.1206 0.8851
vn -0.4465 -0.0215 0.8945
vn -0.2108 0.0573 0.9758
vn -0.2499 0.0940 0.9637
vn -0.3154 0.1225 0.9410
vn -0.3340 0.0781 0.9393
vn 0.1966 -0.1098 0.9743
vn 0.1759 -0.1026 0.9790
vn 0.0125 0.0166 0.9998
vn 0.0527 0.0878 0.9947
vn 0.2457 0.0254 0.9690
vn 0.1889 -0.1041 0.9765
vn 0.2587 0.3563 0.8978
vn 0.6216 0.2665 0.7366
vn 0.0300 0.1618 0.9864
vn -0.2849 0.1578 0.9455
vn -0.2628 0.2923 0.9195
vn -0.2266 0.1877 0.9557
vn -0.4054 0.1647 0.8992
vn -0.4249 0.2210 0.8779
vn -0.3194 0.1036 0.9420
vn -0.2927 0.1322 0.9470
vn -0.3791 0.1051 0.9194
vn 0.1163 0.0955 0.9886
vn 0.0690 0.0589 0.9959
vn -0.1694 0.1386 0.9757
vn -0.0179 0.1447 0.9893
vn 0.0980 0.0509 0.9939
vn 0.2927 0.1498 0.9444
vn 0.2385 0.0281 0.9707
vn 0.2309 -0.0146 0.9729
vn 0.2161 -0.0037 0.9764
vn 0.4440 0.0586 0.8941
vn 0.2479 0.1763 0.9526
vn -0.4008 0.1367 0.9059
vn -0.1594 0.2107 0.9645
vn -0.0737 0.2404 0.9679
vn -0.3064 -0.0965 0.9470
vn -0.3386 0.2576 0.9050
vn -0.3167 0.1101 0.9421
vn -0.2708 0.2014 0.9413
vn -0.2167 0.0648 0.9741
vn -0.3509 0.0945 0.9316
vn -0.3626 0.0951 0.9271
vn -0.1322 -0.0354 0.9906
vn 0.2423 -0.0657 0.9680
vn 0.1438 -0.0922 0.9853
vn 0.1729 -0.1373 0.9753
vn 0.1731 -0.1374 0.9753
vn 0.1002 -0.2046 0.9737
vn 0.4342 -0.3533 0.8287
vn 0.1574 -0.0697 0.9851
vn 0.1439 -0.0628 0.9876
vn 0.0487 0.0398 0.9980
vn -0.0040 0.0770 0.9970
vn 0.0524 0.0849 0.9950
vn 0.1325 0.0955 0.9866
vn 0.2363 0.0870 0.9678
vn 0.2568 -0.0023 0.9665
vn 0.2986 -0.0117 0.9543
vn 0.2796 0.0486 0.9589
vn 0.1779 0.3323 0.9262
vn 0.4433 0.0585 0.8945
vn 0.3702 0.2032 0.9065
vn 0.4596 -0.0811 0.8844
vn -0.2029 0.0833 0.9756
vn -0.3353 0.2074 0.9190
vn -0.3770 0.2214 0.8993
vn -0.3358 0.0857 0.9380
vn -0.1292 0.0710 0.9891
vn -0.3778 0.0573 0.9241
vn -0.2816 0.0439 0.9585
vn 0.1449 -0.0926 0.9851
vn 0.0433 0.0899 0.9950
vn -0.0212 0.0494 0.9986
vn 0.0052 0.0279 0.9996
vn 0.0415 0.1171 0.9923
vn 0.1425 0.0443 0.9888
vn 0.4022 0.1268 0.9067
vn 0.2544 -0.0012 0.9671
vn 0.2087 0.0098 0.9779
vn 0.3224 0.2584 0.9107
vn 0.2901 -0.2901 0.9119
vn 0.4624 -0.2134 0.8606
vn -0.3011 0.1618 0.9398
vn -0.3545 0.0634 0.9329
vn -0.2555 0.1839 0.9492
vn -0.3284 0.1767 0.9278
vn 0.2674 -0.0593 0.9618
vn 0.1560 -0.1045 0.9822
vn 0.1374 -0.0314 0.9900
vn -0.0237 0.0927 0.9954
vn -0.0340 0.0953 0.9949
vn 0.0306 0.1059 0.9939
vn 0.0540 0.0852 0.9949
vn 0.1112 0.0468 0.9927
vn 0.2911 0.0570 0.9550
vn 0.2170 0.0664 0.9739
vn 0.1383 0.0873 0.9865
vn 0.3141 0.1150 0.9424
vn 0.4825 -0.0355 0.8752
vn 0.5188 -0.0655 0.8524
vn 0.5499 -0.0706 0.8322
vn 0.3430 0.0334 0.9388
vn -0.3069 0.0545 0.9502
vn -0.6934 0.1041 0.7130
vn -0.3812 0.2538 0.8890
vn -0.1690 0.2570 0.9515
vn -0.3124 0.1874 0.9313
vn -0.3900 0.0906 0.9164
vn -0.3906 0.0909 0.9161
vn -0.3167 0.1112 0.9420
vn -0.3643 0.1505 0.9190
vn -0.2722 0.2143 0.9381
vn -0.2847 0.1293 0.9499
vn -0.2928 0.0430 0.9552
vn -0.1831 -0.0096 0.9830
vn -0.1715 -0.0028 0.9852
vn 0.2506 -0.1269 0.9597
vn 0.1791 -0.0707 0.9813
vn 0.1253 -0.0143 0.9920
vn 0.2338 -0.0324 0.9717
vn -0.0337 0.1811 0.9829
vn 0.0432 0.0415 0.9982
vn 0.1163 0.0286 0.9928
vn -0.0049 0.0768 0.9970
vn 0.0061 0.0679 0.9977
vn -0.0592 0.0924 0.9940
vn -0.0286 0.1318 0.9909
vn 0.0135 0.1096 0.9939
vn 0.0691 0.0508 0.9963
vn 0.1335 0.0933 0.9867
vn 0.2470 0.1378 0.9592
vn 0.3885 0.0940 0.9167
vn 0.2107 0.0264 0.9772
vn 0.2383 -0.0177 0.9710
vn 0.2415 -0.0208 0.9702
vn 0.2092 0.1071 0.9720
vn 0.5084 0.0673 0.8585
vn 0.1935 -0.0776 0.9780
vn -0.6500 0.0794 0.7558
vn -0.3876 0.2531 0.8864
vn -0.0214 -0.0007 0.9998
vn -0.2938 0.1659 0.9414
vn -0.3121 0.1849 0.9319
vn -0.2534 0.2042 0.9456
vn -0.3516 0.1430 0.9252
vn 0.1274 -0.0375 0.9911
vn 0.0483 0.0379 0.9981
vn -0.0572 0.1080 0.9925
vn -0.0414 0.1070 0.9934
vn -0.0167 0.1232 0.9922
vn 0.1036 0.0612 0.9927
vn 0.1432 0.0288 0.9893
vn 0.2563 0.0098 0.9665
vn 0.2714 0.0054 0.9624
vn 0.1910 0.0532 0.9801
vn 0.3006 -0.0281 0.9533
vn 0.4505 -0.2336 0.8616
vn 0.5504 0.0079 0.8349
vn 0.3369 -0.1442 0.9304
vn -0.2184 0.1325 0.9668
vn -0.2484 0.0526 0.9672
vn -0.1799 0.0143 0.9836
vn -0.2650 0.0801 0.9609
vn -0.1907 0.2666 0.9448
vn -0.1596 0.0114 0.9871
vn 0.0247 0.0801 0.9965
vn -0.0531 0.1116 0.9923
vn -0.0172 0.1232 0.9922
vn 0.0107 0.1082 0.9941
vn -0.0065 0.0921 0.9957
vn 0.1223 -0.0020 0.9925
vn 0.2346 0.0356 0.9714
vn 0.3865 0.0872 0.9181
vn 0.2402 -0.2933 0.9253
vn 0.0809 -0.2212 0.9719
vn 0.2587 0.0099 0.9659
vn 0.6566 -0.7017 0.2766
vn -0.5672 0.4825 0.6674
vn -0.3752 0.0162 0.9268
vn -0.4241 0.1497 0.8932
vn -0.2826 0.1530 0.9469
vn -0.4159 0.1605 0.8951
vn -0.3671 0.1836 0.9119
vn 0.1551 -0.1856 0.9703
vn 0.3422 -0.1447 0.9284
vn 0.1045 -0.1147 0.9879
vn 0.1251 -0.1405 0.9821
vn 0.2358 -0.0410 0.9709
vn 0.1268 -0.0420 0.9910
vn -0.0076 -0.0221 0.9997
vn 0.2091 0.0361 0.9772
vn 0.0370 0.0800 0.9961
vn 0.0837 -0.0146 0.9964
vn 0.2547 0.0598 0.9652
vn 0.2645 0.0031 0.9644
vn 0.2983 0.0307 0.9540
vn 0.2095 0.0851 0.9741
vn 0.3497 0.0829 0.9332
vn 0.2334 -0.0023 0.9724
vn 0.2326 -0.0014 0.9726
vn 0.4687 -0.0974 0.8780
vn 0.4348 -0.2195 0.8734
vn 0.2252 -0.1688 0.9596
vn 0.4186 -0.3640 0.8320
vn 0.4566 -0.3492 0.8183
vn 0.6263 -0.1782 0.7589
vn 0.4381 -0.0881 0.8946
vn -0.5626 0.1288 0.8166
vn -0.1590 0.0742 0.9845
vn -0.2772 0.1968 0.9404
vn -0.3383 0.1124 0.9343
vn -0.3353 0.1116 0.9355
vn -0.2923 0.0845 0.9526
vn -0.2188 0.0602 0.9739
vn -0.1377 0.0140 0.9904
vn 0.2367 -0.2155 0.9474
vn 0.0535 -0.1405 0.9886
vn -0.0037 0.1433 0.9897
vn 0.1586 0.0545 0.9858
vn 0.0615 -0.0455 0.9971
vn 0.0227 0.0940 0.9953
vn -0.0039 0.0699 0.9975
vn 0.0444 0.1156 0.9923
vn 0.0689 0.0971 0.9929
vn 0.0979 0.0661 0.9930
vn 0.1065 0.0647 0.9922
vn 0.2033 0.0891 0.9751
vn 0.2864 0.1180 0.9508
vn 0.2015 -0.0200 0.9793
vn 0.4357 -0.3170 0.8425
vn 0.1907 -0.4138 0.8902
vn 0.2917 -0.2608 0.9203
vn -0.2387 0.0496 0.9698
vn -0.4326 0.0136 0.9015
vn -0.3187 0.0991 0.9427
vn -0.3036 0.0940 0.9481
vn 0.2516 -0.0972 0.9629
vn 0.0655 -0.1647 0.9842
vn 0.0223 0.0833 0.9963
vn -0.0228 0.1140 0.9932
vn 0.0713 0.0972 0.9927
vn 0.1379 -0.0211 0.9902
vn 0.1616 -0.0327 0.9863
vn 0.5304 0.3043 0.7912
vn -0.1955 0.1593 0.9677
vn -0.5792 0.0968 0.8094
vn -0.2425 0.1192 0.9628
vn -0.4128 0.1218 0.9026
vn -0.3001 0.1344 0.9444
vn -0.1640 0.0519 0.9851
vn 0.1454 -0.0612 0.9875
vn 0.1299 -0.2274 0.9651
vn 0.0480 0.0178 0.9987
vn 0.0365 0.1093 0.9933
vn 0.1706 0.0194 0.9851
vn 0.1567 0.0131 0.9876
vn 0.3149 -0.0029 0.9491
vn 0.1605 0.2494 0.9550
vn 0.3787 0.2005 0.9035
vn 0.1965 0.4090 0.8911
vn 0.5289 0.3064 0.7915
vn 0.1927 -0.0476 0.9801
vn -0.3730 0.0303 0.9273
vn -0.6289 0.2947 0.7195
vn -0.3815 0.0790 0.9210
vn -0.2546 0.1216 0.9594
vn -0.2424 0.1191 0.9628
vn -0.4149 0.1240 0.9014
vn -0.2835 0.1626 0.9451
vn -0.2505 0.1306 0.9593
vn -0.2821 0.1439 0.9485
vn -0.2692 0.1288 0.9544
vn -0.1597 0.0523 0.9858
vn -0.1610 0.0496 0.9857
vn 0.1780 -0.1466 0.9730
vn 0.1583 -0.1093 0.9813
vn 0.0971 -0.0572 0.9936
vn 0.0501 0.0091 0.9987
vn 0.0590 0.0107 0.9982
vn 0.0288 0.0511 0.9983
vn 0.0222 0.0505 0.9985
vn 0.0367 0.0338 0.9988
vn 0.0102 0.0844 0.9964
vn -0.0533 0.1092 0.9926
vn 0.0028 0.1294 0.9916
vn 0.2653 0.0612 0.9622
vn 0.2308 0.0164 0.9729
vn 0.3007 0.0619 0.9517
vn 0.2243 0.0644 0.9724
vn 0.3016 0.0948 0.9487
vn 0.2793 0.1045 0.9545
vn 0.5835 0.1304 0.8015
vn 0.3461 0.1664 0.9233
vn 0.4157 0.0883 0.9052
vn 0.4927 -0.0354 0.8695
vn 0.3849 0.0431 0.9220
vn 0.4143 -0.1716 0.8938
vn 0.4444 -0.1332 0.8859
vn -0.2627 0.1949 0.9450
vn -0.3210 0.0792 0.9438
vn -0.2736 0.2272 0.9346
vn -0.2580 0.1986 0.9455
vn -0.3795 0.0028 0.9252
vn -0.3298 0.1315 0.9348
vn -0.2961 0.1145 0.9483
vn -0.3077 0.0791 0.9482
vn -0.1993 0.0720 0.9773
vn 0.0377 0.1064 0.9936
vn -0.0172 0.1260 0.9919
vn -0.0103 0.1207 0.9926
vn 0.2616 0.1280 0.9567
vn 0.1431 0.2200 0.9649
vn 0.1084 0.1929 0.9752
vn 0.0156 0.0751 0.9971
vn 0.0031 0.0746 0.9972
vn -0.0474 0.1096 0.9928
vn -0.0039 0.0824 0.9966
vn -0.0795 0.1442 0.9864
vn -0.0544 0.1160 0.9918
vn 0.1082 0.0626 0.9922
vn 0.0747 -0.0414 0.9964
vn 0.1881 0.0243 0.9818
vn 0.3316 0.0333 0.9428
vn 0.2892 0.0680 0.9549
vn 0.3108 0.0934 0.9459
vn 0.0445 -0.1015 0.9938
vn -0.0640 -0.0746 0.9952
vn 0.4485 -0.1097 0.8870
vn -0.6860 0.2178 0.6943
vn -0.3186 0.1171 0.9406
vn -0.1928 0.1464 0.9703
vn -0.3155 0.1852 0.9307
vn -0.2746 0.0634 0.9595
vn 0.1496 -0.1229 0.9811
vn 0.2514 -0.1042 0.9623
vn 0.1266 -0.0061 0.9919
vn 0.2506 -0.0427 0.9671
vn 0.0293 0.1018 0.9944
vn 0.0241 0.0693 0.9973
vn -0.0524 0.1495 0.9874
vn 0.1673 0.0698 0.9834
vn 0.1055 0.0553 0.9929
vn 0.2279 0.0187 0.9735
vn 0.2047 0.0035 0.9788
vn 0.2237 -0.0227 0.9744
vn 0.5034 -0.1089 0.8572
vn 0.5520 -0.3312 0.7653
vn 0.2179 -0.0936 0.9715
vn 0.6256 -0.0429 0.7790
vn -0.4298 0.2051 0.8793
vn -0.2366 0.0827 0.9681
vn -0.3859 0.1506 0.9102
vn -0.4824 0.1667 0.8599
vn -0.4908 0.1709 0.8544
vn -0.2627 0.1966 0.9446
vn -0.2805 0.1045 0.9541
vn -0.3102 0.1367 0.9408
vn -0.1580 0.0568 0.9858
vn 0.1039 -0.0138 0.9945
vn 0.1309 0.1391 0.9816
vn -0.0381 0.1418 0.9892
vn 0.0340 0.1252 0.9916
vn 0.2744 0.0123 0.9615
vn 0.3003 0.0216 0.9536
vn 0.1828 0.0239 0.9829
vn 0.2490 -0.5761 0.7785
vn 0.5568 -0.2928 0.7773
vn 0.3081 0.1941 0.9313
vn 0.4105 0.0989 0.9065
vn 0.4766 -0.0932 0.8741
vn 0.1184 0.1472 0.9820
vn -0.3357 0.2520 0.9077
vn -0.2682 0.2031 0.9417
vn -0.4589 0.2389 0.8558
vn -0.3416 0.1257 0.9314
vn -0.3098 0.1464 0.9395
vn -0.2487 0.1220 0.9609
vn -0.3030 0.1396 0.9427
vn 0.1457 -0.2181 0.9650
vn 0.2089 0.0017 0.9779
vn -0.0133 0.0370 0.9992
vn 0.0751 -0.0654 0.9950
vn 0.0351 0.0867 0.9956
vn 0.0293 0.0885 0.9956
vn -0.0131 0.0976 0.9951
vn -0.0314 0.1407 0.9896
vn -0.0379 0.1389 0.9896
vn 0.0012 0.1260 0.9920
vn 0.0727 0.1173 0.9904
vn 0.0976 0.0843 0.9917
vn 0.0992 0.0491 0.9939
vn 0.2481 -0.3373 0.9081
vn 0.4767 -0.3350 0.8128
vn -0.2368 0.0104 0.9715
vn -0.2753 0.0360 0.9607
vn -0.3249 0.0427 0.9448
vn -0.3183 0.1808 0.9306
vn -0.2509 0.0892 0.9639
vn 0.0645 -0.1261 0.9899
vn 0.0271 0.0170 0.9995
vn 0.2630 -0.0183 0.9646
vn -0.0015 0.0203 0.9998
vn 0.0987 0.0089 0.9951
vn -0.0209 0.1247 0.9920
vn -0.0393 0.1493 0.9880
vn 0.0226 0.1149 0.9931
vn 0.1350 0.0568 0.9892
vn 0.1771 0.0533 0.9827
vn 0.1064 0.0584 0.9926
vn 0.3222 0.0703 0.9441
vn 0.3279 0.0679 0.9423
vn 0.1896 0.0279 0.9815
vn 0.2931 -0.0119 0.9560
vn 0.3069 0.0720 0.9490
vn 0.2844 0.0510 0.9573
vn 0.4568 0.0050 0.8895
vn 0.6096 0.1278 0.7823
vn 0.5778 0.1405 0.8040
vn 0.3127 -0.0033 0.9498
vn 0.2607 -0.0057 0.9654
vn -0.4936 -0.0110 0.8696
vn -0.2451 0.0789 0.9663
vn -0.3489 0.0964 0.9322
vn -0.4156 0.0859 0.9055
vn -0.2908 0.0445 0.9557
vn -0.2479 0.1747 0.9529
vn -0.3563 0.2141 0.9095
vn -0.3095 0.1250 0.9426
vn -0.1576 0.0555 0.9859
vn -0.1585 0.0556 0.9858
vn 0.1367 -0.1551 0.9784
vn 0.0145 0.0744 0.9971
vn 0.0034 0.1166 0.9932
vn -0.0783 0.1511 0.9854
vn -0.0072 0.1243 0.9922
vn 0.1036 0.0851 0.9910
vn 0.1880 0.0060 0.9822
vn 0.2160 0.0089 0.9764
vn 0.3245 -0.0221 0.9456
vn 0.2739 0.0215 0.9615
vn 0.4436 0.4615 0.7683
vn 0.4356 -0.1631 0.8853
vn 0.6240 -0.1025 0.7746
vn -0.0085 0.1462 0.9892
vn -0.4076 0.0804 0.9096
vn -0.3514 0.0791 0.9329
vn -0.2971 0.1497 0.9430
vn -0.3012 0.1718 0.9380
vn -0.2417 0.1557 0.9578
vn -0.3092 0.1634 0.9368
vn -0.2517 0.1807 0.9508
vn 0.2035 -0.0221 0.9788
vn 0.1233 -0.0715 0.9898
vn 0.1589 -0.0822 0.9839
vn 0.0146 0.0020 0.9999
vn 0.0623 0.0573 0.9964
vn 0.1092 0.0320 0.9935
vn 0.1603 0.0631 0.9851
vn 0.2044 0.0019 0.9789
vn 0.2359 0.0617 0.9698
vn 0.5093 0.0957 0.8553
vn 0.6205 -0.0941 0.7785
vn -0.3100 0.0916 0.9463
vn -0.2927 0.1353 0.9466
vn -0.3112 0.1528 0.9380
vn -0.3815 0.1732 0.9080
vn -0.2340 0.2013 0.9512
vn -0.1499 0.0725 0.9860
vn -0.1489 0.0728 0.9862
vn 0.1952 -0.0145 0.9807
vn 0.0121 0.1366 0.9905
vn 0.0085 0.0038 1.0000
vn 0.0920 0.1717 0.9808
vn -0.0730 0.1454 0.9867
vn -0.0451 0.1427 0.9887
vn 0.0213 0.1457 0.9891
vn 0.1505 -0.0193 0.9884
vn 0.1773 0.0214 0.9839
vn 0.1271 0.0353 0.9913
vn 0.3191 0.1296 0.9388
vn 0.2468 0.0732 0.9663
vn 0.1917 -0.0429 0.9805
vn 0.4547 0.0133 0.8905
vn 0.4511 0.0139 0.8924
vn 0.4187 -0.1919 0.8876
vn 0.0064 -0.0640 0.9979
vn -0.3994 0.0560 0.9151
vn -0.4313 0.1250 0.8935
vn -0.3499 0.1183 0.9293
vn -0.2741 0.0825 0.9581
vn -0.2848 0.1706 0.9433
vn -0.3713 0.2488 0.8946
vn -0.1497 0.1134 0.9822
vn 0.1882 -0.1146 0.9754
vn 0.0154 0.1098 0.9938
vn -0.0086 0.1301 0.9915
vn -0.0315 0.1489 0.9884
vn -0.0075 0.1302 0.9915
vn 0.1101 0.1416 0.9838
vn 0.1037 0.0004 0.9946
vn 0.2569 0.0179 0.9663
vn 0.4152 0.1601 0.8956
vn 0.4913 -0.1316 0.8610
vn 0.3286 -0.1241 0.9363
vn 0.6627 -0.1128 0.7404
vn 0.0664 -0.0488 0.9966
vn -0.3580 0.0961 0.9288
vn -0.3249 0.0724 0.9430
vn -0.2749 0.0834 0.9579
vn -0.3261 0.1063 0.9393
vn -0.1839 0.0867 0.9791
vn 0.1274 0.0471 0.9907
vn 0.0035 0.0608 0.9981
vn 0.0330 0.1363 0.9901
vn 0.1670 0.0539 0.9845
vn 0.1572 0.1117 0.9812
vn 0.0012 0.0244 0.9997
vn 0.0032 0.1114 0.9938
vn -0.0101 0.1149 0.9933
vn -0.1017 0.1415 0.9847
vn 0.0025 0.1258 0.9921
vn 0.0654 0.1122 0.9915
vn 0.1415 0.1104 0.9838
vn 0.1292 0.1069 0.9858
vn 0.1847 0.0441 0.9818
vn 0.3410 0.0203 0.9399
vn 0.2399 0.0900 0.9666
vn 0.2259 0.0810 0.9708
vn 0.2630 0.0069 0.9648
vn 0.1645 0.0908 0.9822
vn 0.4993 -0.2033 0.8422
vn 0.6099 -0.2027 0.7661
vn 0.5147 -0.2289 0.8263
vn -0.2067 0.1137 0.9718
vn -0.3092 0.1306 0.9420
vn -0.2963 0.0539 0.9536
vn -0.3573 0.0657 0.9317
vn -0.3735 0.0758 0.9245
vn 0.0771 0.1260 0.9890
vn 0.0226 0.1473 0.9888
vn -0.0523 0.1526 0.9869
vn -0.0100 0.1187 0.9929
vn 0.1437 0.0939 0.9852
vn 0.1734 0.0917 0.9806
vn 0.0374 0.1119 0.9930
vn 0.2625 0.0867 0.9610
vn 0.3894 0.0682 0.9185
vn 0.2688 0.0219 0.9630
vn 0.3469 -0.0038 0.9379
vn 0.6165 -0.1187 0.7784
vn -0.3192 -0.2191 0.9220
vn -0.3876 0.0587 0.9200
vn -0.5047 0.1241 0.8543
vn -0.4063 0.0583 0.9119
vn -0.3542 0.0323 0.9346
vn -0.3427 0.0677 0.9370
vn -0.3547 0.1250 0.9266
vn -0.2935 0.0993 0.9508
vn -0.1554 0.1096 0.9818
vn 0.1160 -0.0230 0.9930
vn 0.0048 0.0581 0.9983
vn -0.0358 0.0433 0.9984
vn 0.0918 0.0871 0.9920
vn 0.0817 0.0903 0.9926
vn -0.0130 0.1645 0.9863
vn -0.0196 0.1240 0.9921
vn 0.0633 0.0785 0.9949
vn 0.1309 0.0350 0.9908
vn 0.2205 -0.0507 0.9741
vn 0.3093 0.0077 0.9509
vn 0.2402 -0.0309 0.9702
vn 0.1625 0.0151 0.9866
vn 0.4879 -0.0850 0.8688
vn 0.4211 -0.1016 0.9013
vn 0.4615 -0.0914 0.8824
vn 0.1418 0.0342 0.9893
vn -0.4469 0.0460 0.8934
vn -0.2138 0.1324 0.9679
vn -0.2231 0.1341 0.9655
vn -0.4045 0.1351 0.9045
vn -0.3115 0.0832 0.9466
vn -0.2360 0.1366 0.9621
vn -0.1594 0.0794 0.9840
vn 0.0861 0.0218 0.9960
vn 0.0221 0.1471 0.9889
vn 0.0272 0.1836 0.9826
vn -0.0731 0.1141 0.9908
vn -0.0858 0.1152 0.9896
vn 0.0056 0.1139 0.9935
vn 0.0615 0.1229 0.9905
vn 0.2577 -0.1358 0.9566
vn 0.2647 0.0121 0.9643
vn 0.2911 -0.0647 0.9545
vn 0.3863 -0.0161 0.9222
vn -0.1089 0.0034 0.9941
vn -0.5413 -0.0706 0.8379
vn -0.3181 0.0430 0.9471
vn -0.3264 0.1144 0.9383
vn -0.1750 0.0695 0.9821
vn -0.1393 0.0857 0.9865
vn -0.1547 0.0723 0.9853
vn 0.0222 0.1477 0.9888
vn 0.0211 0.1259 0.9918
vn 0.1755 0.0888 0.9805
vn 0.1474 0.0848 0.9854
vn 0.0741 0.0677 0.9949
vn 0.2808 -0.0536 0.9583
vn 0.6580 -0.3053 0.6884
vn 0.1703 -0.2886 0.9422
vn 0.2841 -0.1206 0.9512
vn -0.3514 0.0099 0.9362
vn -0.3403 -0.0098 0.9403
vn -0.3310 0.1092 0.9373
vn -0.2674 0.0958 0.9588
vn -0.3095 0.1000 0.9456
vn -0.3178 0.0840 0.9444
vn -0.3579 0.1208 0.9259
vn -0.1618 0.0744 0.9840
vn 0.1173 -0.0283 0.9927
vn -0.0631 0.0387 0.9973
vn 0.0824 0.1101 0.9905
vn 0.0157 0.1874 0.9822
vn -0.0008 0.1450 0.9894
vn 0.0478 0.0744 0.9961
vn 0.0753 0.0936 0.9928
vn 0.1880 0.0326 0.9816
vn 0.4893 0.1749 0.8544
vn 0.2506 -0.1384 0.9582
vn 0.2300 0.0059 0.9732
vn 0.0510 0.0228 0.9984
vn -0.5476 0.1469 0.8237
vn -0.5241 0.1100 0.8445
vn -0.3942 0.1464 0.9073
vn -0.1357 0.0462 0.9897
vn -0.2674 0.0965 0.9587
vn -0.3437 -0.0078 0.9390
vn -0.3402 0.0960 0.9354
vn -0.3135 0.1066 0.9436
vn -0.3547 0.1059 0.9290
vn -0.2929 0.1098 0.9498
vn -0.1501 0.0746 0.9859
vn 0.1875 0.0384 0.9815
vn 0.0137 0.1105 0.9938
vn -0.0473 0.1878 0.9811
vn 0.0582 0.1720 0.9834
vn 0.0556 0.1758 0.9829
vn 0.0486 0.1789 0.9827
vn -0.0128 0.1986 0.9800
vn -0.0602 0.1390 0.9885
vn -0.0236 0.1410 0.9897
vn 0.0299 0.1021 0.9943
vn 0.0540 0.1088 0.9926
vn 0.1467 0.1454 0.9784
vn 0.3096 -0.0038 0.9509
vn 0.3042 -0.0147 0.9525
vn 0.2422 0.0047 0.9702
vn 0.2077 0.0190 0.9780
vn 0.4077 0.0352 0.9124
vn 0.6716 -0.0186 0.7407
vn 0.1244 -0.1199 0.9850
vn -0.2700 0.0360 0.9622
vn -0.4055 0.0526 0.9126
vn -0.2661 0.0933 0.9594
vn -0.3447 0.0968 0.9337
vn 0.0187 0.1925 0.9811
vn -0.1100 0.1422 0.9837
vn -0.0173 0.1011 0.9947
vn 0.1499 0.1219 0.9812
vn 0.1761 0.0064 0.9844
vn 0.3527 -0.0493 0.9344
vn 0.3317 0.0363 0.9427
vn 0.4569 -0.0017 0.8895
vn 0.6879 0.0757 0.7218
vn 0.4505 0.3262 0.8311
vn -0.5211 0.1083 0.8466
vn -0.3285 -0.0025 0.9445
vn -0.3828 0.0265 0.9234
vn -0.2912 0.0503 0.9553
vn -0.2958 0.0549 0.9537
vn -0.3623 0.0978 0.9269
vn -0.1786 0.0577 0.9822
vn 0.0633 0.0046 0.9980
vn -0.0071 0.6264 0.7795
vn 0.0414 0.1707 0.9845
vn -0.0725 0.1677 0.9832
vn 0.0061 0.1140 0.9935
vn 0.0710 0.1146 0.9909
vn 0.1836 0.1287 0.9745
vn 0.1905 0.1044 0.9761
vn 0.3370 0.0848 0.9377
vn 0.2297 0.0088 0.9732
vn 0.3287 0.0260 0.9441
vn 0.3145 0.3972 0.8622
vn 0.7517 0.1536 0.6414
vn 0.0626 -0.0433 0.9971
vn -0.3806 0.0485 0.9235
vn -0.3758 0.0122 0.9266
vn -0.3108 0.0524 0.9490
vn -0.2319 0.0596 0.9709
vn 0.1306 0.2804 0.9510
vn 0.0593 0.3059 0.9502
vn 0.0223 0.1602 0.9868
vn -0.0308 0.1367 0.9901
vn -0.0354 0.1405 0.9895
vn 0.1963 0.1086 0.9745
vn 0.1829 0.1077 0.9772
vn 0.2061 0.0744 0.9757
vn 0.3038 0.0036 0.9527
vn 0.2927 0.0161 0.9561
vn 0.2559 0.0179 0.9665
vn 0.3420 -0.2280 0.9116
vn 0.5271 -0.0254 0.8494
vn 0.5339 -0.0298 0.8450
vn -0.3185 0.2797 0.9057
vn -0.4902 0.2740 0.8274
vn -0.3285 0.0293 0.9441
vn -0.2727 0.0365 0.9614
vn -0.1561 0.0497 0.9865
vn -0.1475 0.0520 0.9877
vn -0.1637 0.0678 0.9842
vn -0.0388 0.2287 0.9727
vn 0.0063 0.1530 0.9882
vn -0.0494 0.1843 0.9816
vn 0.0170 0.2011 0.9794
vn -0.3545 -0.4799 0.8025
vn 0.0296 0.0956 0.9950
vn 0.0961 0.0929 0.9910
vn 0.1323 0.0950 0.9867
vn 0.1830 0.1065 0.9773
vn 0.1647 0.0578 0.9847
vn 0.2257 0.0660 0.9720
vn 0.2209 0.0328 0.9747
vn 0.3621 0.0619 0.9301
vn 0.2202 0.0258 0.9751
vn 0.4462 -0.0930 0.8901
vn 0.3583 -0.0683 0.9311
vn 0.7677 0.0826 0.6354
vn 0.8664 -0.0335 0.4981
vn -0.1156 0.2197 0.9687
vn -0.3993 0.3528 0.8462
vn -0.2617 0.0529 0.9637
vn -0.3224 0.0339 0.9460
vn -0.3790 0.0715 0.9226
vn -0.3061 0.0691 0.9495
vn -0.3411 0.0705 0.9374
vn -0.0134 0.1548 0.9879
vn -0.0150 0.2267 0.9738
vn 0.0288 0.1502 0.9882
vn -0.0983 0.1665 0.9811
vn 0.2199 0.0810 0.9722
vn 0.2773 -0.0063 0.9608
vn 0.2047 0.0229 0.9785
vn 0.3891 -0.0582 0.9193
vn 0.3678 0.0478 0.9287
vn 0.4707 0.5534 0.6871
vn 0.2008 0.3951 0.8964
vn -0.3154 0.1547 0.9363
vn -0.2650 0.0546 0.9627
vn -0.2835 0.0642 0.9568
vn -0.3679 0.0604 0.9279
vn -0.1863 0.0680 0.9801
vn -0.0001 0.1498 0.9887
vn -0.0207 0.1858 0.9824
vn 0.1119 0.0509 0.9924
vn 0.0568 0.0893 0.9944
vn -0.0014 0.1366 0.9906
vn 0.0110 0.1258 0.9920
vn 0.0154 0.1150 0.9933
vn 0.2519 0.0621 0.9658
vn 0.4442 0.0222 0.8956
vn -0.4564 0.1223 0.8814
vn -0.2654 -0.0183 0.9640
vn -0.3147 0.0589 0.9474
vn -0.2679 0.0454 0.9624
vn -0.3678 0.0705 0.9272
vn -0.3810 0.0155 0.9245
vn -0.1627 0.0656 0.9845
vn 0.0630 0.2152 0.9745
vn -0.0298 0.1624 0.9863
vn 0.0451 0.1418 0.9889
vn 0.0413 0.1738 0.9839
vn -0.0768 0.1725 0.9820
vn -0.0708 0.1714 0.9827
vn -0.0280 0.1405 0.9897
vn 0.0467 0.1120 0.9926
vn 0.0655 0.1058 0.9922
vn 0.1564 0.0737 0.9849
vn 0.2258 0.1129 0.9676
vn 0.1575 -0.3386 0.9277
vn 0.7370 -0.1873 0.6494
vn 0.5832 0.1285 0.8021
vn -0.4196 0.0322 0.9071
vn -0.3682 0.0449 0.9286
vn -0.3779 0.0222 0.9256
vn -0.3373 0.0332 0.9408
vn -0.1660 0.0674 0.9838
vn 0.0016 0.1337 0.9910
vn 0.0786 0.1750 0.9814
vn 0.0374 0.1767 0.9836
vn -0.0598 0.1910 0.9798
vn 0.0637 0.1091 0.9920
vn 0.0934 0.0862 0.9919
vn 0.1952 0.0635 0.9787
vn 0.3657 0.0508 0.9294
vn 0.2929 0.0293 0.9557
vn 0.2685 0.0390 0.9625
vn 0.3486 -0.0187 0.9371
vn 0.4367 0.0535 0.8980
vn 0.6821 -0.2505 0.6870
vn 0.0634 0.1133 0.9915
vn -0.3177 0.1148 0.9412
vn -0.3204 0.0122 0.9472
vn -0.3294 0.0087 0.9442
vn -0.3301 0.0094 0.9439
vn -0.3164 0.0062 0.9486
vn -0.3697 0.0791 0.9258
vn -0.1625 0.0762 0.9838
vn -0.1547 0.0739 0.9852
vn -0.1545 0.0479 0.9868
vn -0.1874 0.0651 0.9801
vn 0.0002 0.1261 0.9920
vn 0.0197 0.2097 0.9776
vn 0.0575 0.1334 0.9894
vn -0.0553 0.1729 0.9834
vn -0.0351 0.1686 0.9851
vn 0.0340 0.1311 0.9908
vn 0.0290 0.1336 0.9906
vn 0.2130 0.1181 0.9699
vn 0.2922 0.0910 0.9520
vn 0.2823 0.0335 0.9587
vn 0.2769 0.0383 0.9601
vn 0.6332 -0.0290 0.7734
vn 0.5738 -0.0094 0.8189
vn 0.6215 -0.1618 0.7665
vn 0.1862 -0.1258 0.9744
vn -0.3802 0.0605 0.9229
vn -0.2925 0.1015 0.9508
vn -0.2944 0.1303 0.9468
vn -0.2427 0.0777 0.9670
vn -0.2554 0.0738 0.9640
vn -0.3246 0.0172 0.9457
vn -0.3214 0.0383 0.9462
vn 0.0046 0.1456 0.9893
vn 0.0561 0.1610 0.9854
vn 0.0028 0.1379 0.9904
vn 0.1305 0.0973 0.9867
vn 0.1337 0.0744 0.9882
vn 0.2849 0.0984 0.9535
vn 0.2058 0.0876 0.9747
vn 0.1995 0.0924 0.9755
vn 0.3091 0.0503 0.9497
vn 0.2811 0.0449 0.9586
vn 0.2444 0.0632 0.9676
vn 0.2757 0.0254 0.9609
vn 0.3547 -0.0291 0.9345
vn -0.3180 0.2109 0.9244
vn -0.4004 0.2806 0.8723
vn -0.1571 0.3786 0.9121
vn -0.2746 0.0195 0.9614
vn 0.0271 0.1324 0.9908
vn -0.0351 0.1579 0.9868
vn -0.0078 0.1801 0.9836
vn 0.0661 0.1763 0.9821
vn 0.0088 0.2050 0.9787
vn -0.0170 0.1799 0.9835
vn 0.1164 0.0718 0.9906
vn 0.1987 0.0871 0.9762
vn 0.1450 0.1140 0.9828
vn 0.2232 0.1070 0.9689
vn 0.2491 0.0974 0.9636
vn 0.2818 0.0512 0.9581
vn 0.2884 0.0473 0.9563
vn 0.2767 -0.0086 0.9609
vn 0.3819 -0.1369 0.9140
vn -0.0229 0.0482 0.9986
vn -0.3850 0.2661 0.8837
vn -0.2884 0.2925 0.9117
vn -0.2598 0.0426 0.9647
vn -0.3513 0.0325 0.9357
vn -0.3031 0.0439 0.9519
vn -0.3663 0.0820 0.9269
vn -0.2805 0.0716 0.9572
vn -0.1931 0.0201 0.9810
vn -0.1506 0.0018 0.9886
vn 0.0267 0.1656 0.9858
vn -0.0056 0.2225 0.9749
vn 0.0654 0.1131 0.9914
vn 0.1197 0.0829 0.9893
vn 0.2976 0.1089 0.9484
vn 0.3814 0.1324 0.9149
vn 0.5298 -0.3176 0.7864
vn -0.4449 0.3069 0.8414
vn 0.0978 0.0296 0.9948
vn -0.3358 0.1521 0.9296
vn -0.3540 0.1597 0.9215
vn -0.3653 0.0762 0.9278
vn -0.3805 0.0945 0.9199
vn -0.3226 0.1113 0.9400
vn -0.1882 0.0386 0.9814
vn -0.1646 0.0339 0.9858
vn 0.0058 0.1199 0.9928
vn -0.0600 0.1609 0.9851
vn -0.0113 0.1769 0.9842
vn 0.0854 0.1551 0.9842
vn 0.0994 0.1137 0.9885
vn -0.0695 0.2029 0.9767
vn -0.0407 0.1947 0.9800
vn 0.0400 0.2008 0.9788
vn 0.0647 0.1133 0.9915
vn 0.1192 0.0066 0.9929
vn 0.1672 0.0950 0.9813
vn 0.1930 0.0850 0.9775
vn 0.2584 0.0066 0.9660
vn 0.5840 -0.0643 0.8092
vn 0.6381 -0.0389 0.7690
vn -0.0036 0.1611 0.9869
vn -0.2727 0.1410 0.9517
vn -0.3019 0.0831 0.9497
vn -0.1623 0.0209 0.9865
vn 0.0487 0.1053 0.9933
vn -0.0304 0.1786 0.9835
vn 0.0695 0.1690 0.9832
vn -0.1090 0.1873 0.9762
vn 0.0198 0.1760 0.9842
vn 0.1106 0.0102 0.9938
vn 0.1208 0.1045 0.9872
vn 0.2032 0.0899 0.9750
vn 0.3074 0.0786 0.9483
vn 0.3235 -0.0015 0.9462
vn 0.4769 0.0153 0.8788
vn 0.5266 0.0943 0.8449
vn -0.2561 0.2403 0.9363
vn -0.4058 0.1644 0.8990
vn 0.0103 -0.0423 0.9991
vn -0.2816 0.0736 0.9567
vn -0.2885 0.0645 0.9553
vn -0.1896 0.0380 0.9811
vn -0.1746 0.0276 0.9842
vn -0.0033 0.1652 0.9863
vn -0.0430 0.1691 0.9847
vn 0.0139 0.1822 0.9832
vn -0.0603 0.1442 0.9877
vn -0.0733 0.1691 0.9829
vn -0.0170 0.1809 0.9834
vn 0.0207 0.1556 0.9876
vn 0.0713 0.1598 0.9846
vn 0.1016 0.1796 0.9785
vn 0.1305 0.0994 0.9864
vn 0.1534 0.1027 0.9828
vn 0.2869 0.1167 0.9508
vn 0.2732 -0.0546 0.9604
vn 0.5862 -0.2376 0.7745
vn 0.5932 0.1699 0.7869
vn -0.3143 0.0628 0.9472
vn -0.2862 0.1627 0.9443
vn -0.3863 0.0915 0.9178
vn -0.4223 0.1303 0.8971
vn -0.3499 0.0028 0.9368
vn -0.3927 0.0369 0.9189
vn -0.4199 0.0459 0.9064
vn -0.1887 0.0688 0.9796
vn 0.0651 0.1451 0.9873
vn 0.0104 0.1479 0.9889
vn 0.0121 0.1475 0.9890
vn 0.0567 0.1041 0.9930
vn 0.2356 0.1190 0.9645
vn 0.2210 0.1275 0.9669
vn 0.3131 0.0751 0.9468
vn 0.3074 0.0787 0.9483
vn 0.2822 0.0315 0.9588
vn 0.3524 -0.1137 0.9289
vn 0.1003 -0.1242 0.9872
vn 0.4115 -0.1267 0.9025
vn 0.0528 0.0817 0.9953
vn 0.0493 0.1135 0.9923
vn -0.5333 0.2132 0.8186
vn -0.4015 0.1824 0.8975
vn -0.0928 0.1975 0.9759
vn -0.2859 0.1681 0.9434
vn -0.3031 0.0432 0.9520
vn -0.1609 0.0218 0.9867
vn -0.1934 0.0643 0.9790
vn -0.0279 0.1496 0.9884
vn -0.0068 0.1641 0.9864
vn -0.0121 0.1678 0.9857
vn 0.0694 0.1651 0.9838
vn -0.0931 0.1323 0.9868
vn 0.0727 0.1572 0.9849
vn 0.0802 0.1536 0.9849
vn 0.1140 0.1258 0.9855
vn 0.2729 0.0307 0.9615
vn 0.3128 -0.0031 0.9498
vn 0.3750 -0.4418 0.8150
vn 0.5092 -0.0830 0.8567
vn 0.5695 0.2188 0.7924
vn -0.5023 0.1971 0.8419
vn -0.2957 0.0844 0.9515
vn -0.1258 0.0286 0.9916
vn -0.3803 0.0096 0.9248
vn -0.2900 0.0233 0.9567
vn -0.3548 0.0354 0.9343
vn -0.1671 0.0042 0.9859
vn -0.1977 -0.0195 0.9801
vn 0.0640 0.1376 0.9884
vn -0.0324 0.1243 0.9917
vn 0.0854 0.1776 0.9804
vn 0.0702 0.1646 0.9839
vn 0.0892 0.1664 0.9820
vn -0.1026 0.1382 0.9851
vn -0.0445 0.2050 0.9778
vn 0.0345 0.1484 0.9883
vn 0.1253 0.1631 0.9786
vn 0.2147 0.1406 0.9665
vn 0.2054 0.0876 0.9747
vn 0.2266 0.0827 0.9705
vn 0.1940 0.0816 0.9776
vn 0.1916 0.0831 0.9780
vn 0.2318 0.1752 0.9568
vn 0.3987 0.1606 0.9029
vn 0.4521 -0.0741 0.8889
vn 0.3403 0.0021 0.9403
vn 0.3243 -0.0074 0.9459
vn 0.3477 0.0655 0.9353
vn 0.5606 -0.2858 0.7772
vn 0.5737 -0.2685 0.7738
vn -0.2956 0.0360 0.9546
vn -0.1730 0.1634 0.9713
vn -0.2596 0.1894 0.9470
vn -0.3132 -0.0022 0.9497
vn -0.2664 0.0641 0.9617
vn -0.3620 0.0255 0.9318
vn -0.3404 0.0295 0.9398
vn -0.2583 -0.0184 0.9659
vn -0.1860 0.0146 0.9824
vn -0.1798 0.0075 0.9837
vn -0.2528 0.1369 0.9578
vn -0.0459 0.1188 0.9919
vn -0.0376 0.1568 0.9869
vn 0.0392 0.1934 0.9803
vn 0.0805 0.1701 0.9821
vn -0.1372 0.1931 0.9715
vn -0.0103 0.1822 0.9832
vn 0.0400 0.1395 0.9894
vn 0.1290 0.0587 0.9899
vn 0.1050 0.0667 0.9922
vn 0.1487 0.1010 0.9837
vn 0.2214 0.0819 0.9717
vn 0.4944 0.0021 0.8692
vn 0.6355 -0.0408 0.7710
vn 0.3556 -0.0963 0.9297
vn 0.3818 -0.1437 0.9130
vn -0.3884 0.0359 0.9208
vn -0.2339 -0.0951 0.9676
vn -0.3091 -0.0346 0.9504
vn -0.2878 0.1719 0.9422
vn -0.2499 0.1651 0.9541
vn -0.1268 0.0087 0.9919
vn -0.2626 0.0557 0.9633
vn -0.3822 -0.0147 0.9240
vn -0.2892 0.0227 0.9570
vn -0.3846 0.0881 0.9189
vn -0.4014 0.0185 0.9157
vn -0.1577 -0.0375 0.9868
vn -0.0317 0.1527 0.9878
vn 0.0248 0.2002 0.9794
vn 0.2227 0.1181 0.9677
vn 0.4546 -0.0427 0.8897
vn 0.3602 -0.0963 0.9279
vn 0.2318 -0.0887 0.9687
vn 0.5403 0.1308 0.8312
vn 0.3921 -0.0058 0.9199
vn -0.0046 0.0732 0.9973
vn -0.3092 -0.0361 0.9503
vn -0.1162 -0.0098 0.9932
vn -0.4582 -0.0123 0.8887
vn -0.1858 -0.0166 0.9824
vn -0.2184 0.0615 0.9739
vn 0.0601 0.1511 0.9867
vn -0.0366 0.1324 0.9905
vn 0.0996 0.1941 0.9759
vn 0.0289 0.2005 0.9793
vn 0.1285 0.1730 0.9765
vn 0.0874 0.1389 0.9864
vn 0.1961 0.1440 0.9700
vn 0.1860 0.1043 0.9770
vn 0.3214 0.2408 0.9158
vn 0.3715 -0.1102 0.9219
vn 0.4321 -0.1169 0.8942
vn 0.0487 0.0251 0.9985
vn -0.4055 0.0262 0.9137
vn -0.3628 -0.0030 0.9318
vn -0.2012 -0.1159 0.9727
vn -0.2714 -0.1648 0.9483
vn -0.1932 -0.0582 0.9794
vn -0.3081 -0.0318 0.9508
vn -0.2185 0.0611 0.9739
vn -0.0220 0.1963 0.9803
vn 0.0203 0.1804 0.9834
vn 0.0758 0.2011 0.9766
vn -0.1428 0.1270 0.9816
vn -0.0030 0.2067 0.9784
vn -0.0266 0.2305 0.9727
vn 0.0395 0.1826 0.9824
vn 0.1247 0.1743 0.9768
vn 0.1147 0.1272 0.9852
vn 0.1480 0.1153 0.9822
vn 0.2026 0.1515 0.9675
vn 0.2724 0.0055 0.9622
vn 0.3355 0.0283 0.9416
vn 0.3624 -0.0898 0.9277
vn 0.4132 -0.4371 0.7989
vn 0.4273 -0.0593 0.9022
vn -0.3375 0.1759 0.9247
vn -0.2691 0.1862 0.9450
vn -0.2955 0.1286 0.9466
vn -0.3563 0.1545 0.9215
vn -0.1147 0.2327 0.9658
vn -0.2174 -0.1276 0.9677
vn -0.3582 -0.1674 0.9185
vn -0.1240 -0.1437 0.9818
vn -0.3152 0.0063 0.9490
vn 0.2771 -0.2255 0.9340
vn -0.2883 0.0288 0.9571
vn -0.3258 -0.0853 0.9416
vn -0.1626 -0.0608 0.9848
vn -0.1769 -0.0453 0.9832
vn -0.0216 0.0844 0.9962
vn -0.0613 0.1671 0.9840
vn 0.0766 0.2043 0.9759
vn 0.0476 0.1824 0.9821
vn 0.0906 0.1168 0.9890
vn 0.2272 0.0844 0.9702
vn 0.3541 0.0237 0.9349
vn 0.4854 -0.0697 0.8715
vn 0.3222 -0.0826 0.9431
vn 0.6154 0.0721 0.7849
vn -0.2644 0.1836 0.9468
vn -0.0365 0.1081 0.9935
vn -0.1962 0.0231 0.9803
vn -0.2624 0.0253 0.9646
vn -0.3836 0.0608 0.9215
vn -0.4841 0.0062 0.8750
vn -0.2749 -0.0224 0.9612
vn -0.2878 0.0010 0.9577
vn -0.3748 -0.1071 0.9209
vn -0.4156 -0.1008 0.9040
vn -0.1904 -0.1143 0.9750
vn -0.2129 -0.0623 0.9751
vn -0.0279 0.2190 0.9753
vn 0.1310 0.1097 0.9853
vn 0.1786 0.0861 0.9801
vn 0.1338 0.0999 0.9860
vn 0.2247 0.1131 0.9679
vn 0.2357 0.1057 0.9661
vn 0.2777 0.0178 0.9605
vn 0.4295 0.0073 0.9031
vn 0.4606 0.1291 0.8782
vn 0.3783 -0.0212 0.9254
vn 0.3741 -0.1067 0.9212
vn 0.3207 -0.0931 0.9426
vn 0.5193 -0.1236 0.8456
vn -0.3203 0.0721 0.9446
vn -0.3954 0.0871 0.9144
vn -0.3438 -0.0732 0.9362
vn -0.3468 -0.0701 0.9353
vn -0.2879 -0.0634 0.9556
vn -0.3237 -0.0407 0.9453
vn -0.3424 -0.0460 0.9384
vn -0.3067 -0.0109 0.9518
vn -0.2345 0.0777 0.9690
vn 0.0128 0.0599 0.9981
vn -0.0014 0.0602 0.9982
vn -0.0488 0.1401 0.9889
vn -0.0869 0.1468 0.9853
vn -0.0362 0.1593 0.9866
vn 0.0479 0.2241 0.9734
vn 0.0984 0.2509 0.9630
vn 0.0542 0.2346 0.9706
vn 0.0442 0.2507 0.9671
vn 0.0791 0.2137 0.9737
vn 0.3697 -0.0796 0.9257
vn 0.3293 -0.0268 0.9439
vn 0.4223 -0.0824 0.9027
vn 0.3412 -0.0997 0.9347
vn 0.0246 0.1828 0.9828
vn -0.2426 0.3919 0.8874
vn -0.1758 0.2492 0.9524
vn -0.1249 0.2564 0.9585
vn -0.2637 0.1645 0.9505
vn -0.3443 0.2208 0.9125
vn -0.3123 -0.0447 0.9489
vn -0.1473 -0.0660 0.9869
vn -0.2491 0.0666 0.9662
vn -0.2686 -0.0291 0.9628
vn -0.2396 -0.1139 0.9642
vn -0.3322 -0.1383 0.9330
vn -0.1953 -0.0372 0.9800
vn -0.0550 0.1249 0.9906
vn -0.0806 0.1167 0.9899
vn -0.0053 0.2241 0.9745
vn 0.0342 0.1958 0.9800
vn -0.1612 0.2128 0.9637
vn 0.0529 0.2475 0.9674
vn 0.1032 0.2773 0.9552
vn 0.1285 0.1848 0.9743
vn 0.2081 0.1116 0.9717
vn 0.2159 0.1066 0.9706
vn 0.4366 0.0473 0.8984
vn 0.5234 -0.0109 0.8520
vn 0.4072 -0.0662 0.9110
vn 0.5175 -0.1041 0.8494
vn -0.0356 0.1874 0.9816
vn 0.0372 0.2089 0.9772
vn -0.2128 0.1561 0.9645
vn -0.3784 -0.0074 0.9256
vn -0.2835 -0.0649 0.9568
vn -0.3529 -0.1224 0.9276
vn -0.1959 -0.0661 0.9784
vn -0.2088 -0.0066 0.9779
vn -0.2782 -0.0518 0.9591
vn -0.0480 0.0944 0.9944
vn 0.1114 0.2383 0.9648
vn 0.0530 0.2126 0.9757
vn 0.1286 0.1357 0.9824
vn 0.1894 0.0976 0.9770
vn 0.1057 0.1272 0.9862
vn 0.1782 0.1013 0.9788
vn 0.2569 0.0838 0.9628
vn 0.3516 0.0682 0.9336
vn 0.3169 0.0770 0.9453
vn 0.3139 -0.0804 0.9461
vn -0.2301 -0.0037 0.9732
vn -0.2254 -0.0061 0.9743
vn -0.3305 0.0242 0.9435
vn -0.3409 -0.0483 0.9389
vn -0.2961 -0.0514 0.9538
vn -0.2992 -0.0960 0.9493
vn -0.3531 -0.1161 0.9284
vn -0.2514 -0.0319 0.9674
vn -0.1952 -0.0672 0.9785
vn -0.0572 0.1056 0.9928
vn 0.0273 0.2741 0.9613
vn 0.0012 0.2540 0.9672
vn -0.1482 0.2012 0.9683
vn -0.0584 0.1978 0.9785
vn -0.0068 0.1569 0.9876
vn 0.1478 0.2046 0.9676
vn 0.1152 0.1862 0.9757
vn 0.1579 0.1526 0.9756
vn 0.2156 0.1287 0.9680
vn 0.5608 0.0331 0.8273
vn 0.3743 -0.0507 0.9259
vn 0.3971 -0.1937 0.8971
vn 0.3888 -0.1968 0.9000
vn 0.3412 -0.1033 0.9343
vn 0.5293 -0.0962 0.8430
vn 0.1191 0.0530 0.9915
vn 0.0533 0.0038 0.9986
vn -0.1398 0.1031 0.9848
vn -0.3283 -0.1051 0.9387
vn -0.3243 -0.1066 0.9399
vn -0.2265 -0.0875 0.9701
vn -0.3237 -0.0821 0.9426
vn -0.1987 -0.0399 0.9793
vn 0.0191 0.2370 0.9713
vn 0.2349 0.1083 0.9660
vn 0.3654 -0.0424 0.9299
vn 0.5255 0.0364 0.8500
vn 0.4396 -0.0957 0.8931
vn 0.2850 -0.1520 0.9464
vn -0.2958 0.0937 0.9506
vn -0.1853 0.1748 0.9670
vn -0.1815 0.1731 0.9680
vn -0.2470 -0.0632 0.9670
vn -0.2255 0.1388 0.9643
vn -0.1384 0.0430 0.9894
vn -0.2243 0.0226 0.9743
vn -0.3501 -0.1048 0.9308
vn -0.2751 -0.0534 0.9599
vn -0.3566 -0.0774 0.9310
vn -0.0070 0.1132 0.9935
vn -0.0891 0.1776 0.9801
vn -0.0634 0.1724 0.9830
vn -0.1083 0.2004 0.9737
vn -0.0691 0.2479 0.9663
vn 0.0273 0.2055 0.9783
vn -0.0319 0.2554 0.9663
vn 0.1419 0.1793 0.9735
vn 0.1589 0.1065 0.9815
vn 0.1650 0.1366 0.9768
vn 0.1844 0.0947 0.9783
vn 0.2333 0.1084 0.9663
vn 0.2603 0.0893 0.9614
vn 0.3271 0.0583 0.9432
vn 0.5821 0.1014 0.8068
vn 0.2866 -0.1223 0.9502
vn 0.3608 -0.1169 0.9253
vn 0.2969 -0.1623 0.9410
vn 0.5281 -0.1012 0.8431
vn -0.2020 0.0018 0.9794
vn -0.3273 -0.0196 0.9447
vn -0.2361 -0.1001 0.9665
vn -0.2730 -0.2045 0.9400
vn -0.2267 -0.0871 0.9701
vn -0.3314 -0.1321 0.9342
vn -0.2611 -0.0705 0.9627
vn -0.3866 -0.0787 0.9189
vn -0.2595 -0.0538 0.9642
vn -0.1001 0.1790 0.9787
vn -0.0787 0.1679 0.9827
vn 0.0332 0.2109 0.9769
vn 0.1088 0.2317 0.9667
vn 0.0886 0.2722 0.9582
vn 0.0046 0.3028 0.9531
vn 0.2397 0.1785 0.9543
vn 0.1345 0.1843 0.9736
vn 0.3636 0.0942 0.9268
vn 0.3677 -0.0494 0.9286
vn 0.2021 0.0098 0.9793
vn 0.5915 -0.0273 0.8059
vn 0.1601 0.0857 0.9834
vn -0.2930 0.0741 0.9532
vn -0.1427 0.1029 0.9844
vn -0.1484 0.1037 0.9835
vn -0.1664 0.0106 0.9860
vn -0.1578 0.0108 0.9874
vn -0.3413 -0.1259 0.9315
vn -0.1983 -0.2296 0.9529
vn -0.3132 -0.2638 0.9123
vn -0.3263 -0.2004 0.9238
vn -0.3178 -0.2172 0.9229
vn -0.2164 -0.0410 0.9754
vn -0.0103 0.2582 0.9660
vn -0.1335 0.2568 0.9572
vn 0.0254 0.2253 0.9739
vn 0.1450 0.2256 0.9634
vn 0.1646 0.1322 0.9775
vn 0.1852 0.0902 0.9786
vn 0.6575 0.0003 0.7535
vn 0.5648 0.0403 0.8243
vn -0.1464 0.1037 0.9838
vn -0.1444 0.0999 0.9845
vn -0.0934 -0.1459 0.9849
vn -0.2160 -0.0769 0.9734
vn -0.1966 -0.0414 0.9796
vn -0.1249 0.1487 0.9810
vn -0.0927 0.1790 0.9795
vn 0.0080 0.2967 0.9549
vn -0.0496 0.3131 0.9484
vn 0.0596 0.1844 0.9810
vn 0.0193 0.2072 0.9781
vn 0.2635 0.0429 0.9637
vn 0.5905 -0.0755 0.8035
vn 0.3532 -0.0417 0.9346
vn 0.4015 0.0057 0.9158
vn 0.2293 -0.1046 0.9677
vn -0.2798 0.0777 0.9569
vn -0.0773 0.0920 0.9928
vn -0.2858 -0.2573 0.9231
vn -0.3391 -0.2469 0.9078
vn -0.2626 -0.0964 0.9601
vn -0.3870 -0.0867 0.9180
vn -0.2143 -0.1194 0.9694
vn -0.2211 -0.0354 0.9746
vn -0.0246 0.0769 0.9967
vn -0.0593 0.1242 0.9905
vn -0.0125 0.2968 0.9549
vn 0.0840 0.3689 0.9257
vn -0.0745 0.2370 0.9686
vn -0.0333 0.2352 0.9714
vn 0.0887 0.1546 0.9840
vn 0.1125 0.2443 0.9631
vn 0.1674 0.1528 0.9740
vn 0.1893 0.1471 0.9709
vn 0.1824 0.0856 0.9795
vn 0.1960 0.0828 0.9771
vn 0.2594 0.0913 0.9614
vn 0.3519 0.1042 0.9302
vn 0.3375 0.1029 0.9357
vn 0.4407 -0.0398 0.8968
vn 0.6609 -0.0270 0.7500
vn 0.4293 -0.0373 0.9024
vn 0.3267 -0.0433 0.9441
vn 0.3201 -0.0077 0.9473
vn -0.2204 0.0350 0.9748
vn -0.2000 0.0110 0.9797
vn -0.3660 -0.1237 0.9224
vn -0.0826 0.1192 0.9894
vn -0.0122 0.2964 0.9550
vn -0.0868 0.2694 0.9591
vn 0.1057 0.1570 0.9819
vn 0.3016 0.0453 0.9523
vn 0.3112 0.0400 0.9495
vn 0.2599 0.0448 0.9646
vn 0.3019 -0.0863 0.9494
vn 0.4229 -0.0310 0.9056
vn 0.3008 -0.0260 0.9533
vn 0.5425 -0.1799 0.8205
vn 0.3069 -0.0149 0.9516
vn -0.1917 -0.0332 0.9809
vn -0.1182 0.1650 0.9792
vn -0.2290 -0.0187 0.9732
vn -0.3093 -0.1686 0.9359
vn -0.2528 -0.1597 0.9543
vn -0.2018 -0.1298 0.9708
vn -0.2070 -0.0611 0.9764
vn -0.2203 -0.0412 0.9746
vn -0.2702 -0.0264 0.9624
vn -0.1594 0.2081 0.9650
vn -0.0800 0.1891 0.9787
vn -0.0872 0.3032 0.9489
vn -0.0446 0.2800 0.9590
vn -0.0021 0.3712 0.9285
vn 0.0371 0.3546 0.9343
vn 0.0569 0.1845 0.9812
vn 0.0763 0.1562 0.9848
vn 0.2359 0.1853 0.9540
vn 0.1461 0.2261 0.9631
vn 0.2102 0.0846 0.9740
vn 0.1989 0.0423 0.9791
vn 0.6040 -0.1498 0.7828
vn 0.3185 0.0071 0.9479
vn 0.4824 -0.1628 0.8607
vn -0.2012 -0.0307 0.9791
vn -0.1409 0.0735 0.9873
vn -0.0885 0.0499 0.9948
vn -0.1808 -0.0065 0.9835
vn -0.2641 -0.1496 0.9528
vn -0.4658 -0.0435 0.8838
vn -0.2796 -0.1736 0.9443
vn -0.2892 -0.0994 0.9521
vn -0.3563 -0.1659 0.9195
vn -0.2401 -0.0586 0.9690
vn -0.2271 -0.0443 0.9729
vn -0.2510 -0.0165 0.9678
vn -0.0817 0.1336 0.9877
vn -0.1309 0.2698 0.9540
vn -0.0999 0.3939 0.9137
vn 0.0143 0.4219 0.9065
vn 0.0806 0.3715 0.9249
vn 0.0727 0.3262 0.9425
vn -0.0501 0.2970 0.9536
vn -0.0103 0.1934 0.9811
vn 0.0016 0.1864 0.9825
vn 0.0838 0.1973 0.9768
vn 0.1911 0.1664 0.9674
vn 0.1814 0.1673 0.9691
vn 0.3002 0.0416 0.9530
vn 0.4844 -0.0863 0.8706
vn 0.2474 -0.1604 0.9555
vn 0.2953 0.0083 0.9554
vn 0.0286 0.0575 0.9979
vn -0.3080 0.0038 0.9514
vn -0.2053 0.0093 0.9787
vn -0.2387 -0.0009 0.9711
vn -0.2082 -0.0163 0.9779
vn -0.3284 -0.1321 0.9352
vn -0.3444 -0.1039 0.9330
vn -0.3482 -0.1028 0.9318
vn -0.3660 -0.1196 0.9229
vn -0.2557 -0.1078 0.9607
vn -0.2420 -0.0784 0.9671
vn -0.1327 0.2706 0.9535
vn -0.0594 0.3742 0.9254
vn 0.0162 0.1688 0.9855
vn 0.0732 0.2050 0.9760
vn 0.1733 0.2042 0.9635
vn 0.1987 0.2122 0.9568
vn 0.1664 0.1101 0.9799
vn 0.2643 0.0598 0.9626
vn 0.1599 0.0855 0.9834
vn 0.2726 0.0662 0.9599
vn 0.2012 0.0406 0.9787
vn 0.2720 -0.0107 0.9622
vn 0.4414 -0.0172 0.8971
vn 0.5888 -0.2465 0.7698
vn 0.3344 -0.0564 0.9407
vn 0.2403 -0.0218 0.9705
vn 0.3052 0.0336 0.9517
vn -0.5268 0.0764 0.8466
vn -0.1382 0.1223 0.9828
vn -0.3203 0.0801 0.9439
vn -0.0829 0.0407 0.9957
vn -0.1030 0.0469 0.9936
vn -0.2113 0.1823 0.9603
vn -0.0084 0.0589 0.9982
vn -0.1782 0.0717 0.9814
vn -0.2205 -0.0167 0.9752
vn -0.4613 -0.0176 0.8871
vn -0.3301 -0.0877 0.9398
vn -0.2194 -0.1003 0.9705
vn -0.0359 0.5310 0.8466
vn -0.0668 0.5238 0.8492
vn 0.0936 0.4390 0.8936
vn 0.0879 0.4356 0.8958
vn -0.0651 0.3113 0.9481
vn -0.0459 0.2578 0.9651
vn 0.0118 0.2150 0.9766
vn 0.0581 0.2072 0.9766
vn 0.0524 0.2049 0.9774
vn 0.2351 0.1323 0.9629
vn 0.5340 -0.1379 0.8341
vn 0.6028 -0.1505 0.7836
vn 0.2351 -0.0016 0.9720
vn 0.4229 -0.0311 0.9056
vn 0.4190 0.0345 0.9073
vn -0.1800 0.0165 0.9835
vn -0.1913 0.0282 0.9811
vn -0.3340 -0.0491 0.9413
vn -0.2453 -0.1403 0.9592
vn -0.3689 -0.1069 0.9233
vn -0.3345 -0.1407 0.9318
vn -0.2320 -0.0913 0.9684
vn -0.2421 -0.0785 0.9671
vn -0.1520 0.3426 0.9271
vn 0.2265 0.1840 0.9565
vn 0.1628 0.0519 0.9853
vn 0.7527 -0.1584 0.6390
vn 0.4087 -0.0058 0.9127
vn -0.2838 0.1114 0.9524
vn -0.1318 0.0165 0.9911
vn -0.2489 0.0061 0.9685
vn -0.2107 0.0122 0.9775
vn -0.2632 -0.0891 0.9606
vn -0.3689 -0.1315 0.9201
vn -0.3332 -0.0848 0.9390
vn -0.3475 -0.0912 0.9332
vn -0.2830 -0.0488 0.9579
vn -0.2317 -0.0852 0.9691
vn 0.1163 0.4118 0.9038
vn 0.1333 0.3513 0.9267
vn 0.0279 0.1740 0.9843
vn -0.0448 0.2491 0.9674
vn 0.2280 0.1495 0.9621
vn 0.3230 0.0116 0.9463
vn 0.3040 0.0203 0.9525
vn 0.3976 0.0766 0.9143
vn 0.3733 0.0957 0.9228
vn 0.5905 0.1482 0.7933
vn 0.3168 -0.0704 0.9459
vn 0.2804 0.1148 0.9530
vn 0.0635 0.1322 0.9892
vn -0.5297 -0.0447 0.8470
vn -0.0396 -0.0210 0.9990
vn -0.2357 0.0395 0.9710
vn -0.1946 0.0844 0.9773
vn -0.2207 0.0214 0.9751
vn -0.3172 -0.0850 0.9445
vn -0.2273 -0.1019 0.9685
vn -0.1598 0.2024 0.9662
vn -0.1513 0.3419 0.9275
vn -0.0509 0.2280 0.9723
vn -0.0599 0.2328 0.9707
vn 0.0608 0.3853 0.9208
vn 0.0213 0.1902 0.9815
vn 0.0094 0.1905 0.9816
vn -0.0081 0.2600 0.9656
vn 0.0829 0.2391 0.9675
vn 0.1593 0.2320 0.9596
vn 0.2056 0.1250 0.9706
vn 0.3255 0.0119 0.9455
vn 0.5439 -0.1169 0.8310
vn 0.4075 0.0766 0.9100
vn 0.5601 -0.1196 0.8197
vn 0.2912 -0.0932 0.9521
vn 0.3443 -0.0783 0.9356
vn -0.3040 -0.1070 0.9466
vn -0.2040 -0.0343 0.9784
vn -0.1068 0.0503 0.9930
vn -0.0794 -0.0483 0.9957
vn -0.2040 -0.0328 0.9784
vn -0.2167 -0.0311 0.9757
vn -0.3571 -0.0994 0.9287
vn -0.3222 -0.1054 0.9408
vn -0.2337 -0.0964 0.9675
vn -0.1199 0.1928 0.9739
vn -0.1636 0.2069 0.9646
vn -0.1678 0.2078 0.9637
vn -0.1834 0.1915 0.9642
vn -0.1297 0.2132 0.9684
vn 0.0050 0.1252 0.9921
vn 0.0007 0.1275 0.9918
vn 0.2268 0.2069 0.9517
vn 0.2543 0.1673 0.9525
vn 0.2617 0.1216 0.9575
vn 0.2624 0.1172 0.9578
vn 0.3438 -0.0496 0.9377
vn 0.4303 -0.0483 0.9014
vn 0.3372 -0.1665 0.9266
vn 0.3295 -0.0317 0.9436
vn 0.1785 -0.0040 0.9839
vn 0.2550 0.0391 0.9661
vn -0.2783 -0.0138 0.9604
vn -0.1302 0.1184 0.9844
vn -0.1685 0.0676 0.9834
vn -0.2265 0.1918 0.9549
vn -0.3297 -0.0846 0.9403
vn -0.2363 -0.0539 0.9702
vn -0.1107 0.1965 0.9742
vn 0.0131 0.1523 0.9882
vn 0.0850 0.2981 0.9507
vn 0.0203 0.3933 0.9192
vn 0.1290 0.3711 0.9196
vn 0.1664 0.3075 0.9369
vn 0.2590 0.1299 0.9571
vn 0.3998 0.1068 0.9103
vn 0.2712 0.0400 0.9617
vn 0.5299 -0.0161 0.8479
vn 0.5891 -0.1759 0.7887
vn 0.5266 -0.1011 0.8441
vn 0.2880 -0.0179 0.9575
vn -0.1363 -0.1266 0.9826
vn -0.0923 -0.0130 0.9956
vn -0.2245 0.1333 0.9653
vn -0.2339 0.1926 0.9530
vn -0.1940 0.0956 0.9763
vn -0.1389 0.0979 0.9855
vn -0.3156 -0.0867 0.9449
vn -0.3550 -0.1016 0.9293
vn -0.3766 -0.1144 0.9193
vn -0.3550 -0.1217 0.9269
vn -0.2375 -0.0671 0.9691
vn -0.2032 0.2109 0.9561
vn -0.0048 0.1345 0.9909
vn -0.0195 0.1435 0.9895
vn 0.0534 0.2937 0.9544
vn -0.0024 0.2209 0.9753
vn 0.1900 0.3234 0.9270
vn 0.2961 0.2514 0.9215
vn 0.2693 0.1236 0.9551
vn 0.1875 0.1006 0.9771
vn 0.5033 0.0013 0.8641
vn 0.4894 -0.0587 0.8701
vn 0.4077 -0.1966 0.8917
vn 0.5628 -0.2753 0.7794
vn 0.2929 0.0680 0.9537
vn 0.1796 0.0235 0.9835
vn -0.1520 0.0488 0.9872
vn -0.1750 -0.0152 0.9845
vn -0.1386 0.1233 0.9826
vn -0.2235 -0.0769 0.9717
vn -0.1549 0.1952 0.9685
vn -0.2040 0.2094 0.9563
vn -0.1050 0.1737 0.9792
vn 0.0317 0.1856 0.9821
vn 0.1389 0.3553 0.9244
vn 0.1898 0.2752 0.9424
vn 0.1870 0.1304 0.9737
vn 0.2637 0.1160 0.9576
vn 0.2118 0.0798 0.9741
vn 0.3281 0.0150 0.9445
vn 0.3412 -0.0371 0.9393
vn 0.4942 -0.1911 0.8481
vn 0.3408 0.0072 0.9401
vn -0.4178 0.0006 0.9085
vn -0.2012 0.1011 0.9743
vn -0.2060 0.2604 0.9433
vn -0.2983 0.0054 0.9544
vn -0.3300 -0.0723 0.9412
vn -0.2301 -0.0484 0.9720
vn -0.2431 -0.0596 0.9682
vn -0.1057 0.2154 0.9708
vn -0.0415 0.0940 0.9947
vn -0.0018 0.1719 0.9851
vn -0.0621 0.2906 0.9548
vn 0.3220 0.1464 0.9353
vn 0.2706 0.1005 0.9574
vn 0.1968 0.0280 0.9800
vn 0.5339 -0.0087 0.8455
vn 0.5212 -0.1865 0.8328
vn 0.3421 -0.0207 0.9394
vn 0.3031 0.0591 0.9511
vn -0.0307 0.2116 0.9769
vn 0.3125 0.1604 0.9363
vn -0.1673 0.0206 0.9857
vn -0.2026 0.2308 0.9517
vn -0.1866 0.1146 0.9757
vn -0.1933 0.2584 0.9465
vn -0.0993 -0.0291 0.9946
vn -0.2101 0.0732 0.9749
vn -0.2717 -0.0777 0.9592
vn -0.3437 -0.0809 0.9356
vn -0.3093 -0.0920 0.9465
vn -0.2614 -0.1095 0.9590
vn -0.2141 -0.0647 0.9747
vn -0.2539 -0.0523 0.9658
vn -0.1266 0.2335 0.9641
vn -0.1571 0.2267 0.9612
vn -0.1563 0.1999 0.9673
vn -0.1398 0.1091 0.9842
vn 0.0756 0.2324 0.9697
vn 0.0232 0.2416 0.9701
vn 0.4001 0.1061 0.9103
vn 0.3556 -0.0030 0.9346
vn 0.3560 -0.0487 0.9332
vn 0.2760 -0.0447 0.9601
vn 0.4411 -0.0522 0.8959
vn -0.3382 0.1216 0.9332
vn -0.2420 -0.0758 0.9673
vn -0.1197 0.0017 0.9928
vn -0.2235 0.1010 0.9695
vn -0.3504 -0.0387 0.9358
vn -0.3999 -0.0435 0.9155
vn -0.2508 -0.0577 0.9663
vn 0.0471 0.1129 0.9925
vn -0.0295 0.1774 0.9837
vn 0.1139 0.1418 0.9833
vn 0.2412 0.1716 0.9552
vn 0.3236 0.1514 0.9340
vn 0.2521 0.0467 0.9666
vn 0.4401 0.1026 0.8921
vn 0.3257 0.0422 0.9445
vn 0.3264 -0.0347 0.9446
vn 0.4799 -0.1599 0.8626
vn 0.5458 -0.1002 0.8319
vn 0.4215 0.0283 0.9064
vn 0.3122 -0.0298 0.9495
vn 0.2641 -0.0353 0.9638
vn 0.4192 -0.0788 0.9045
vn -0.2068 0.1329 0.9693
vn -0.2469 0.1629 0.9552
vn -0.1371 0.1774 0.9745
vn -0.1894 0.2084 0.9595
vn -0.1586 0.2443 0.9566
vn -0.1856 0.1086 0.9766
vn -0.3202 0.2988 0.8990
vn -0.2125 0.0880 0.9732
vn -0.3564 -0.0218 0.9341
vn -0.2801 -0.0796 0.9567
vn -0.1629 0.2667 0.9499
vn -0.0382 0.1459 0.9886
vn -0.0045 0.0874 0.9962
vn 0.0325 0.1366 0.9901
vn 0.1458 0.0881 0.9854
vn 0.3261 0.0859 0.9414
vn 0.2318 0.0763 0.9698
vn 0.3005 0.0682 0.9513
vn 0.1921 0.0303 0.9809
vn 0.3846 -0.0059 0.9231
vn 0.3745 -0.0522 0.9257
vn 0.5971 -0.0516 0.8005
vn 0.4190 -0.1439 0.8965
vn 0.4113 -0.0951 0.9066
vn 0.3489 -0.0531 0.9356
vn -0.0028 0.1251 0.9921
vn -0.0062 0.1078 0.9942
vn -0.0672 0.2094 0.9755
vn -0.2165 0.0918 0.9720
vn -0.1504 0.0969 0.9839
vn -0.3757 -0.0119 0.9267
vn -0.3412 -0.0158 0.9399
vn -0.1508 0.2142 0.9651
vn -0.0012 0.0860 0.9963
vn 0.0067 0.0743 0.9972
vn -0.0347 0.0670 0.9972
vn -0.0039 0.1169 0.9931
vn 0.0255 0.1138 0.9932
vn 0.0538 0.1003 0.9935
vn 0.2960 0.0596 0.9533
vn 0.4760 -0.0462 0.8782
vn 0.2537 0.0133 0.9672
vn 0.1633 -0.0403 0.9857
vn 0.3626 -0.0089 0.9319
vn -0.2334 0.1061 0.9666
vn -0.2090 0.2353 0.9492
vn -0.2802 -0.0820 0.9564
vn -0.2432 -0.0602 0.9681
vn -0.1498 0.2137 0.9653
vn 0.0158 0.0951 0.9953
vn 0.0304 0.2249 0.9739
vn 0.2418 0.0541 0.9688
vn 0.2695 0.0434 0.9620
vn 0.2001 0.0307 0.9793
vn 0.3867 0.0108 0.9221
vn 0.3366 -0.0286 0.9412
vn 0.4496 -0.1146 0.8858
vn 0.4857 -0.1344 0.8637
vn -0.3108 0.0739 0.9476
vn -0.2128 0.0855 0.9733
vn -0.1056 0.0721 0.9918
vn -0.2193 0.0286 0.9752
vn -0.1474 0.1993 0.9688
vn -0.0731 0.3067 0.9490
vn -0.3115 -0.0420 0.9493
vn -0.2493 -0.0606 0.9665
vn -0.2751 -0.0895 0.9572
vn -0.2144 -0.0626 0.9747
vn -0.1452 0.2051 0.9679
vn -0.2065 0.2233 0.9526
vn -0.0835 0.1434 0.9861
vn -0.0577 0.1389 0.9886
vn 0.0064 0.0893 0.9960
vn 0.0124 0.0652 0.9978
vn 0.0011 0.0981 0.9952
vn 0.4011 0.0210 0.9158
vn 0.3871 0.0296 0.9216
vn 0.3666 -0.1684 0.9150
vn 0.3111 -0.0066 0.9504
vn 0.3014 0.0009 0.9535
vn 0.4844 -0.0259 0.8745
vn 0.4219 0.0610 0.9046
vn 0.5906 0.0256 0.8065
vn 0.2926 0.0061 0.9562
vn 0.2569 0.0181 0.9663
vn -0.2444 0.0931 0.9652
vn -0.1690 0.2720 0.9473
vn -0.2349 0.3240 0.9164
vn -0.0632 0.3393 0.9386
vn -0.2042 0.1312 0.9701
vn -0.4582 0.0966 0.8836
vn -0.2935 -0.0127 0.9559
vn -0.2577 -0.0288 0.9658
vn -0.3030 -0.0825 0.9494
vn -0.2195 -0.0588 0.9738
vn -0.1215 0.1975 0.9728
vn -0.1667 0.1766 0.9701
vn -0.0682 0.1532 0.9858
vn -0.0220 0.0573 0.9981
vn 0.0674 0.0681 0.9954
vn 0.3026 -0.0013 0.9531
vn 0.1843 -0.0247 0.9826
vn 0.3361 -0.0276 0.9414
vn 0.7138 -0.1288 0.6884
vn 0.3559 0.0681 0.9321
vn 0.3401 0.0778 0.9372
vn 0.1583 -0.0121 0.9873
vn 0.1539 -0.1865 0.9703
vn -0.3177 0.0654 0.9459
vn -0.2915 0.1381 0.9466
vn -0.2054 0.1727 0.9633
vn -0.0879 0.3231 0.9423
vn -0.1751 0.3457 0.9218
vn -0.3511 0.0020 0.9363
vn -0.2512 -0.0551 0.9664
vn -0.2490 -0.0560 0.9669
vn -0.2311 -0.0826 0.9694
vn 0.1503 0.0093 0.9886
vn 0.2797 -0.0426 0.9592
vn 0.2886 -0.0879 0.9534
vn 0.3525 0.0541 0.9342
vn 0.4709 -0.1503 0.8693
vn 0.2993 -0.0711 0.9515
vn 0.2019 0.0001 0.9794
vn -0.1804 0.1165 0.9767
vn -0.2235 0.1565 0.9621
vn -0.3402 0.2461 0.9076
vn -0.1872 0.3918 0.9008
vn -0.3349 0.0745 0.9393
vn -0.2675 -0.0100 0.9635
vn -0.1622 0.2204 0.9618
vn -0.1423 0.2176 0.9656
vn 0.0138 0.1160 0.9931
vn 0.0286 0.1119 0.9933
vn 0.0006 0.0708 0.9975
vn -0.0257 0.0854 0.9960
vn 0.0494 0.0456 0.9977
vn 0.3164 0.0028 0.9486
vn 0.2760 -0.0318 0.9606
vn 0.2580 -0.0243 0.9658
vn 0.3799 -0.0726 0.9222
vn 0.4626 -0.1027 0.8806
vn 0.3337 -0.0322 0.9421
vn 0.4170 -0.0509 0.9075
vn 0.3275 0.0236 0.9446
vn 0.1717 -0.0278 0.9848
vn 0.4185 -0.1235 0.8998
vn -0.2280 -0.0669 0.9714
vn -0.1928 0.1382 0.9714
vn -0.1037 0.2655 0.9585
vn -0.1855 0.4463 0.8754
vn -0.2958 0.0585 0.9534
vn -0.2711 -0.0105 0.9625
vn -0.2574 -0.0184 0.9661
vn -0.1260 0.2070 0.9702
vn -0.1464 0.1985 0.9691
vn -0.0011 0.0964 0.9953
vn 0.0090 0.0872 0.9961
vn 0.1800 0.0155 0.9835
vn 0.3180 -0.0905 0.9438
vn 0.4071 -0.0442 0.9123
vn 0.7094 -0.1774 0.6821
vn 0.4342 0.2757 0.8576
vn 0.2579 0.0226 0.9659
vn -0.1734 0.0072 0.9848
vn -0.2956 0.1282 0.9467
vn -0.1029 0.2653 0.9587
vn -0.1189 0.3202 0.9399
vn -0.2271 0.3283 0.9168
vn -0.2258 -0.0227 0.9739
vn -0.2524 -0.0687 0.9652
vn -0.1442 0.1967 0.9698
vn -0.0457 0.1247 0.9911
vn 0.0261 0.1429 0.9894
vn 0.0009 0.0839 0.9965
vn 0.0022 0.0710 0.9975
vn 0.0011 0.0334 0.9994
vn 0.0179 0.0339 0.9993
vn 0.2989 -0.0778 0.9511
vn 0.3621 -0.0754 0.9291
vn 0.4295 -0.0204 0.9028
vn 0.1655 0.0109 0.9862
vn -0.2595 0.1044 0.9601
vn -0.1747 0.0131 0.9845
vn -0.3328 0.1215 0.9351
vn -0.3332 0.1220 0.9349
vn -0.2213 0.1485 0.9638
vn -0.3396 0.2104 0.9167
vn -0.1933 0.2638 0.9450
vn -0.1418 0.2518 0.9573
vn -0.1729 0.3667 0.9141
vn -0.1913 -0.0530 0.9801
vn -0.0711 0.1800 0.9811
vn -0.0014 0.0708 0.9975
vn 0.0570 0.0472 0.9973
vn 0.0512 0.0515 0.9974
vn 0.2833 0.0183 0.9588
vn 0.2918 -0.0180 0.9563
vn 0.3623 -0.0922 0.9275
vn 0.3507 -0.0448 0.9354
vn 0.3209 -0.0329 0.9465
vn 0.2718 -0.1433 0.9516
vn 0.1439 -0.0509 0.9883
vn -0.3064 0.1342 0.9424
vn -0.2260 0.0635 0.9721
vn -0.1499 0.2641 0.9528
vn -0.1380 0.2666 0.9539
vn -0.0800 0.1920 0.9781
vn -0.0344 0.2158 0.9758
vn -0.0057 0.2121 0.9772
vn -0.2848 0.0410 0.9577
vn -0.2323 -0.0395 0.9718
vn 0.0043 0.1888 0.9820
vn 0.1607 0.1238 0.9792
vn 0.2494 0.0369 0.9677
vn 0.3112 -0.0001 0.9503
vn 0.2996 -0.0192 0.9539
vn 0.2585 -0.0184 0.9658
vn 0.2861 -0.0833 0.9546
vn 0.6501 -0.1023 0.7529
vn 0.6610 -0.0563 0.7482
vn 0.4518 -0.1206 0.8839
vn 0.4356 -0.0327 0.8995
vn -0.1799 0.2498 0.9514
vn -0.2744 -0.0121 0.9615
vn -0.3204 0.0383 0.9465
vn -0.2424 0.0394 0.9694
vn -0.2586 -0.0160 0.9659
vn -0.1805 -0.0699 0.9811
vn -0.0987 0.3473 0.9325
vn -0.0076 0.1741 0.9847
vn -0.1447 0.1983 0.9694
vn -0.0304 0.1588 0.9869
vn 0.0369 0.1854 0.9820
vn 0.0084 0.0768 0.9970
vn -0.0050 0.0628 0.9980
vn 0.3691 0.0949 0.9246
vn 0.3089 0.0260 0.9507
vn 0.2873 -0.0135 0.9578
vn 0.3387 -0.0368 0.9402
vn 0.4194 -0.2432 0.8746
vn 0.3933 -0.0542 0.9178
vn 0.3451 -0.0513 0.9372
vn 0.4007 -0.1315 0.9067
vn -0.2440 0.1519 0.9578
vn -0.2922 0.1717 0.9408
vn -0.2961 0.0346 0.9545
vn -0.1753 -0.0392 0.9837
vn -0.2506 -0.0278 0.9677
vn -0.1614 0.3239 0.9322
vn -0.1311 0.3463 0.9289
vn -0.0472 0.2217 0.9740
vn 0.0515 0.1673 0.9846
vn 0.0073 0.0840 0.9964
vn 0.2992 0.0330 0.9536
vn 0.3098 0.0047 0.9508
vn 0.2598 -0.0200 0.9654
vn 0.3985 -0.1372 0.9069
vn 0.3565 -0.0326 0.9337
vn 0.4886 -0.1395 0.8613
vn 0.1805 -0.1184 0.9764
vn 0.2293 -0.0434 0.9724
vn 0.2396 -0.0497 0.9696
vn -0.1626 0.0427 0.9858
vn -0.3013 0.1189 0.9461
vn -0.2490 0.1836 0.9509
vn -0.3209 0.2082 0.9239
vn -0.2914 0.1482 0.9451
vn -0.2803 0.1344 0.9505
vn -0.1550 0.2250 0.9620
vn -0.0586 0.2655 0.9623
vn -0.0348 0.2584 0.9654
vn 0.1092 0.1672 0.9799
vn -0.2355 -0.0340 0.9713
vn -0.2507 -0.0276 0.9677
vn -0.0060 0.1731 0.9849
vn 0.0544 0.1662 0.9846
vn 0.0491 0.0565 0.9972
vn 0.2776 0.0114 0.9606
vn 0.3802 -0.1247 0.9165
vn 0.4015 -0.1362 0.9057
vn 0.3283 -0.0522 0.9431
vn 0.0858 -0.0391 0.9955
vn -0.3486 0.1604 0.9234
vn -0.3228 0.1518 0.9342
vn -0.2720 0.1789 0.9455
vn -0.1724 0.2577 0.9507
vn -0.1387 0.2223 0.9651
vn -0.3111 0.1058 0.9445
vn -0.2568 -0.0141 0.9663
vn -0.2162 -0.1452 0.9655
vn -0.0730 0.2213 0.9725
vn -0.0882 0.1664 0.9821
vn -0.0028 0.1721 0.9851
vn 0.0140 0.0771 0.9969
vn 0.2939 0.0976 0.9508
vn 0.3724 0.1559 0.9149
vn 0.2908 0.0241 0.9565
vn 0.4028 -0.0903 0.9108
vn 0.3730 -0.0775 0.9246
vn 0.3307 -0.0921 0.9392
vn 0.0946 -0.0159 0.9954
vn -0.1559 0.0046 0.9878
vn -0.2765 0.1358 0.9514
vn -0.2653 0.0701 0.9616
vn 0.0267 0.2989 0.9539
vn -0.2353 -0.0089 0.9719
vn -0.3105 -0.0156 0.9505
vn -0.1836 -0.0535 0.9815
vn -0.0049 0.0820 0.9966
vn 0.0116 0.0668 0.9977
vn 0.0488 0.0408 0.9980
vn 0.4992 -0.0878 0.8620
vn 0.3759 -0.1472 0.9149
vn 0.6599 -0.1368 0.7388
vn 0.6414 -0.1282 0.7565
vn -0.4444 0.0675 0.8933
vn -0.3346 0.1159 0.9352
vn -0.2632 0.1116 0.9583
vn -0.2785 0.2447 0.9288
vn -0.1291 0.2506 0.9594
vn -0.1865 0.2836 0.9406
vn -0.1182 0.2736 0.9546
vn -0.2336 -0.0282 0.9719
vn -0.2477 -0.0064 0.9688
vn -0.1580 0.2282 0.9607
vn -0.0674 0.1957 0.9783
vn -0.0226 0.1606 0.9868
vn 0.0436 0.1529 0.9873
vn 0.0855 0.1002 0.9913
vn 0.0208 0.0519 0.9984
vn -0.0173 0.0777 0.9968
vn 0.0994 0.0363 0.9944
vn 0.2020 0.0385 0.9786
vn 0.2513 0.1674 0.9533
vn 0.2959 0.0387 0.9544
vn 0.3222 -0.0222 0.9464
vn 0.2468 -0.0417 0.9682
vn 0.3737 0.0248 0.9272
vn 0.3669 -0.0980 0.9251
vn 0.4762 -0.0880 0.8749
vn 0.5077 0.0153 0.8614
vn 0.4268 -0.0923 0.8996
vn 0.2062 -0.0117 0.9784
vn -0.1243 0.0260 0.9919
vn -0.2211 -0.0574 0.9736
vn -0.2767 0.1099 0.9547
vn -0.2684 0.1565 0.9505
vn -0.3158 0.2240 0.9220
vn -0.3215 0.2268 0.9194
vn -0.1602 0.2309 0.9597
vn 0.0288 0.2777 0.9602
vn -0.0336 0.2602 0.9650
vn -0.2125 -0.1571 0.9644
vn -0.2679 -0.0603 0.9616
vn -0.2195 -0.0540 0.9741
vn -0.0169 0.1531 0.9881
vn -0.0673 0.2344 0.9698
vn -0.1031 0.1920 0.9760
vn -0.0020 0.1673 0.9859
vn 0.0209 0.1276 0.9916
vn 0.0354 0.0994 0.9944
vn -0.0112 0.0793 0.9968
vn 0.0612 0.0430 0.9972
vn 0.3085 0.0266 0.9508
vn 0.2105 -0.1083 0.9716
vn 0.5250 -0.1294 0.8412
vn 0.3081 -0.1353 0.9417
vn 0.3019 -0.0602 0.9515
vn 0.3301 -0.0984 0.9388
vn 0.5973 -0.1816 0.7812
vn 0.3714 -0.0722 0.9257
vn 0.3559 -0.0625 0.9324
vn 0.3515 -0.0645 0.9340
vn 0.4598 -0.1247 0.8792
vn 0.2814 -0.0308 0.9591
vn 0.1000 -0.0113 0.9949
vn -0.1164 0.0195 0.9930
vn -0.2101 0.0142 0.9776
vn -0.2785 0.1389 0.9504
vn -0.1750 0.1771 0.9685
vn 0.0358 0.2715 0.9618
vn -0.2483 0.0197 0.9685
vn -0.2003 -0.0410 0.9789
vn -0.2764 -0.0336 0.9605
vn -0.1070 0.2592 0.9599
vn -0.0894 0.3465 0.9338
vn 0.0703 0.0802 0.9943
vn 0.0368 0.0642 0.9973
vn 0.2999 0.0196 0.9538
vn 0.3349 -0.1235 0.9341
vn 0.5698 -0.0350 0.8210
vn 0.4959 0.2044 0.8440
vn 0.6614 -0.1767 0.7289
vn 0.0960 -0.0039 0.9954
vn 0.0891 -0.0002 0.9960
vn -0.4569 0.1243 0.8808
vn -0.3313 0.0221 0.9433
vn -0.2428 0.1171 0.9630
vn -0.2177 0.1768 0.9599
vn -0.2051 -0.0305 0.9783
vn -0.0647 0.2204 0.9733
vn 0.1164 0.1912 0.9746
vn 0.3286 -0.0037 0.9445
vn 0.3695 -0.0745 0.9262
vn 0.2781 0.0102 0.9605
vn 0.2721 0.0152 0.9622
vn 0.0969 -0.0074 0.9953
vn -0.1901 0.2053 0.9601
vn -0.2114 0.2279 0.9505
vn -0.1074 0.2471 0.9630
vn -0.1109 0.2494 0.9620
vn -0.0262 0.2495 0.9680
vn -0.1744 -0.0481 0.9835
vn -0.2284 -0.0782 0.9704
vn -0.2166 -0.0449 0.9752
vn 0.1111 0.2011 0.9733
vn 0.1534 0.1734 0.9728
vn 0.0678 0.0292 0.9973
vn 0.0190 0.0398 0.9990
vn 0.1054 0.0315 0.9939
vn 0.1976 0.0352 0.9796
vn 0.5272 0.0287 0.8493
vn 0.4787 0.0758 0.8747
vn 0.3315 -0.0108 0.9434
vn 0.3114 -0.0109 0.9502
vn 0.2980 0.0012 0.9546
vn 0.2349 -0.1364 0.9624
vn 0.3274 -0.0770 0.9417
vn 0.5836 -0.0465 0.8107
vn 0.2674 -0.0283 0.9632
vn 0.7216 -0.0322 0.6915
vn -0.2322 0.0661 0.9704
vn -0.4041 0.1780 0.8972
vn -0.3343 0.1179 0.9351
vn -0.2410 0.2297 0.9430
vn -0.1005 0.2080 0.9730
vn -0.2424 -0.0527 0.9687
vn -0.0022 0.2644 0.9644
vn -0.0006 0.2256 0.9742
vn 0.0915 0.1708 0.9811
vn 0.3267 -0.0011 0.9451
vn 0.3540 -0.0864 0.9312
vn 0.2055 -0.0705 0.9761
vn 0.3777 -0.2053 0.9029
vn 0.5276 -0.2055 0.8242
vn 0.3479 -0.0567 0.9358
vn 0.3387 0.0041 0.9409
vn 0.4506 -0.1011 0.8870
vn 0.2002 -0.0150 0.9796
vn 0.2793 -0.0630 0.9581
vn -0.0984 -0.0632 0.9931
vn -0.2773 0.1772 0.9443
vn -0.2997 0.1644 0.9398
vn -0.2690 0.1559 0.9504
vn -0.3200 0.2048 0.9250
vn -0.2977 0.1876 0.9360
vn 0.0520 0.2248 0.9730
vn 0.0079 0.2286 0.9735
vn -0.0316 0.1741 0.9842
vn -0.0284 0.3347 0.9419
vn 0.0065 0.3086 0.9512
vn 0.0400 0.2428 0.9692
vn 0.0146 0.2500 0.9681
vn 0.0748 0.1928 0.9784
vn 0.0796 0.1939 0.9778
vn 0.0244 0.0926 0.9954
vn 0.4454 0.3969 0.8026
vn 0.4602 -0.0513 0.8863
vn 0.4236 -0.2273 0.8769
vn 0.2864 -0.1258 0.9498
vn 0.4204 -0.1390 0.8966
vn 0.5311 -0.1095 0.8402
vn 0.3752 -0.1098 0.9204
vn 0.3677 -0.0093 0.9299
vn 0.1876 -0.0561 0.9806
vn 0.2705 0.0257 0.9624
vn -0.2589 0.0331 0.9653
vn -0.3445 0.0733 0.9359
vn -0.3255 0.2040 0.9233
vn -0.2033 0.2179 0.9546
vn -0.0008 0.1193 0.9929
vn -0.0351 0.2123 0.9766
vn -0.2021 -0.0761 0.9764
vn -0.2764 -0.0331 0.9605
vn -0.0784 0.1948 0.9777
vn -0.2386 0.4039 0.8831
vn -0.1106 0.3268 0.9386
vn 0.1048 0.1533 0.9826
vn 0.0207 -0.0122 0.9997
vn 0.0833 -0.0078 0.9965
vn 0.6177 0.2193 0.7552
vn 0.4809 0.1649 0.8611
vn -0.2838 0.1072 0.9529
vn -0.2946 0.1053 0.9498
vn -0.3237 0.2050 0.9237
vn -0.0167 0.1974 0.9802
vn 0.0052 0.1872 0.9823
vn -0.2426 -0.0589 0.9683
vn -0.0767 0.2632 0.9617
vn 0.0462 0.2567 0.9654
vn 0.0811 0.0739 0.9940
vn 0.0244 0.0393 0.9989
vn 0.0245 0.0195 0.9995
vn 0.0575 -0.0154 0.9982
vn 0.2044 0.0220 0.9786
vn 0.1563 0.0350 0.9871
vn 0.7279 0.1676 0.6649
vn 0.3031 -0.0718 0.9502
vn 0.4334 -0.3007 0.8496
vn 0.5305 -0.1090 0.8407
vn 0.1802 -0.0488 0.9824
vn 0.2049 0.0343 0.9782
vn 0.1236 0.0256 0.9920
vn -0.4021 0.1850 0.8967
vn -0.3052 0.0474 0.9511
vn -0.3242 0.0664 0.9436
vn -0.2632 0.1087 0.9586
vn -0.2254 0.1719 0.9590
vn -0.0867 0.1748 0.9808
vn -0.1794 -0.0304 0.9833
vn -0.2055 -0.0304 0.9782
vn -0.2452 -0.0389 0.9687
vn -0.2692 -0.0307 0.9626
vn -0.3171 -0.0007 0.9484
vn -0.1948 0.3909 0.8996
vn -0.0464 0.2964 0.9539
vn 0.1080 0.1485 0.9830
vn 0.0842 0.1575 0.9839
vn 0.1574 0.1074 0.9817
vn 0.0778 0.0758 0.9941
vn 0.0377 0.0223 0.9990
vn 0.5553 -0.2579 0.7907
vn 0.5242 0.0165 0.8515
vn 0.3547 0.0197 0.9348
vn 0.1787 0.0498 0.9826
vn -0.3262 -0.0809 0.9418
vn -0.3399 0.0608 0.9385
vn -0.2335 0.0931 0.9679
vn -0.2085 0.1667 0.9637
vn 0.0002 0.1868 0.9824
vn 0.0607 0.1362 0.9888
vn 0.0596 0.0641 0.9962
vn 0.1917 0.0002 0.9815
vn 0.7332 0.0178 0.6798
vn 0.2989 0.0675 0.9519
vn 0.3394 0.0631 0.9385
vn 0.3416 0.0315 0.9393
vn 0.4883 -0.0531 0.8711
vn 0.2813 -0.0734 0.9568
vn 0.2384 -0.1289 0.9626
vn 0.5035 0.0517 0.8624
vn 0.6116 -0.1659 0.7735
vn 0.3422 -0.1720 0.9238
vn 0.3411 -0.1674 0.9250
vn 0.4352 -0.1428 0.8889
vn 0.4547 -0.0802 0.8871
vn 0.4676 -0.0851 0.8798
vn 0.3127 0.1151 0.9428
vn 0.2466 0.1351 0.9597
vn 0.1950 0.0296 0.9804
vn -0.1548 0.0522 0.9866
vn -0.3341 0.0593 0.9407
vn -0.3088 0.1430 0.9403
vn -0.3317 0.1353 0.9336
vn -0.2974 0.0956 0.9499
vn -0.1103 0.1203 0.9866
vn -0.0887 0.1069 0.9903
vn 0.0052 0.1873 0.9823
vn -0.0538 0.1892 0.9805
vn -0.1093 0.3233 0.9400
vn -0.0940 0.3055 0.9475
vn 0.0962 0.1360 0.9860
vn 0.1559 0.1093 0.9817
vn 0.2514 0.0054 0.9679
vn 0.3691 0.0043 0.9294
vn 0.4392 0.0521 0.8969
vn 0.5314 -0.1351 0.8363
vn 0.3601 -0.1641 0.9184
vn 0.3946 -0.2219 0.8917
vn 0.1287 0.0185 0.9915
vn 0.2786 -0.0469 0.9593
vn 0.1708 0.0547 0.9838
vn -0.2299 -0.1552 0.9608
vn -0.3972 0.0786 0.9144
vn -0.3212 0.0559 0.9454
vn -0.3592 0.1340 0.9236
vn -0.2521 0.1474 0.9564
vn -0.2188 0.1832 0.9584
vn -0.1330 0.1154 0.9844
vn -0.0517 0.1365 0.9893
vn -0.3073 -0.0196 0.9514
vn -0.0865 0.2729 0.9581
vn -0.0123 0.2416 0.9703
vn 0.0519 0.2160 0.9750
vn 0.0752 0.0988 0.9923
vn 0.0575 0.0126 0.9983
vn 0.0889 -0.0215 0.9958
vn 0.0926 -0.0203 0.9955
vn 0.1378 -0.0291 0.9900
vn 0.2225 -0.0783 0.9718
vn 0.5408 -0.3043 0.7842
vn 0.8409 -0.2108 0.4985
vn 0.2740 0.0936 0.9572
vn 0.3957 -0.0139 0.9183
vn 0.5694 0.0122 0.8220
vn 0.4606 0.0426 0.8866
vn 0.3527 -0.1700 0.9202
vn 0.2756 0.0674 0.9589
vn 0.1942 0.0872 0.9771
vn 0.1357 0.2986 0.9447
vn -0.1380 0.0256 0.9901
vn -0.3522 0.1993 0.9145
vn -0.2420 0.3962 0.8857
vn 0.0030 0.4108 0.9117
vn -0.2640 0.1537 0.9522
vn -0.0269 0.1082 0.9938
vn -0.1599 0.2713 0.9491
vn 0.0519 0.0296 0.9982
vn 0.0388 0.0157 0.9991
vn 0.3507 0.0293 0.9360
vn 0.3482 0.1482 0.9256
vn 0.5400 0.0699 0.8388
vn 0.5716 -0.1106 0.8130
vn 0.5864 -0.1244 0.8004
vn 0.4530 -0.1092 0.8848
vn 0.4249 -0.1205 0.8972
vn -0.5108 0.0623 0.8575
vn -0.3846 0.2131 0.8982
vn -0.0917 0.1267 0.9877
vn 0.0006 0.1739 0.9848
vn -0.1805 0.0450 0.9825
vn -0.2685 -0.0329 0.9627
vn -0.3105 -0.0238 0.9503
vn -0.1858 0.2938 0.9376
vn -0.0595 0.2400 0.9690
vn -0.0130 0.2341 0.9721
vn 0.1025 0.1843 0.9775
vn 0.1274 0.1718 0.9769
vn 0.1524 0.1292 0.9798
vn 0.1571 0.1215 0.9801
vn 0.1631 0.1183 0.9795
vn 0.0495 0.0089 0.9987
vn 0.2027 -0.0902 0.9751
vn 0.3568 -0.0164 0.9340
vn 0.3363 -0.0359 0.9411
vn 0.3995 -0.0499 0.9154
vn 0.2639 -0.0714 0.9619
vn 0.4259 -0.1134 0.8976
vn 0.2330 0.1784 0.9560
vn 0.3000 0.0935 0.9493
vn 0.2169 0.0613 0.9743
vn 0.2191 0.0606 0.9738
vn 0.0285 0.0539 0.9981
vn -0.2848 0.1281 0.9500
vn -0.3844 0.1305 0.9139
vn -0.5438 0.2414 0.8038
vn -0.3661 0.1372 0.9204
vn -0.3198 0.1242 0.9393
vn -0.2705 0.1491 0.9511
vn -0.1238 0.0855 0.9886
vn -0.1380 0.0956 0.9858
vn -0.0013 0.1625 0.9867
vn 0.0061 0.2736 0.9618
vn -0.2225 0.0753 0.9720
vn -0.1764 -0.0321 0.9838
vn -0.2604 -0.0139 0.9654
vn 0.1170 0.1875 0.9753
vn 0.0730 0.0959 0.9927
vn 0.1486 0.0712 0.9863
vn 0.0610 0.0218 0.9979
vn 0.1713 0.0084 0.9852
vn 0.5213 0.0906 0.8485
vn 0.1144 -0.0313 0.9929
vn 0.4552 -0.1137 0.8831
vn 0.3915 -0.0630 0.9180
vn 0.3734 -0.0360 0.9270
vn 0.5099 -0.0445 0.8591
vn 0.3050 0.1375 0.9424
vn 0.4156 0.0547 0.9079
vn -0.0497 0.0831 0.9953
vn -0.3220 -0.0602 0.9448
vn -0.4713 0.0393 0.8811
vn -0.2030 -0.0090 0.9791
vn -0.2656 0.0347 0.9635
vn -0.3114 0.1690 0.9351
vn -0.2571 0.1580 0.9534
vn -0.2586 0.1589 0.9528
vn -0.0601 0.1956 0.9788
vn 0.0900 0.1523 0.9842
vn -0.0948 0.0731 0.9928
vn -0.1621 0.2304 0.9595
vn 0.0035 0.2065 0.9784
vn 0.0937 0.1824 0.9787
vn 0.1928 0.1513 0.9695
vn 0.3459 0.1624 0.9241
vn 0.5501 0.1195 0.8265
vn 0.3393 -0.0365 0.9400
vn 0.4003 -0.0506 0.9150
vn 0.3918 -0.1723 0.9038
vn 0.3438 0.0756 0.9360
vn 0.3331 0.0846 0.9391
vn 0.2294 0.0863 0.9695
vn 0.2159 0.0638 0.9743
vn -0.3480 0.1354 0.9277
vn -0.4429 0.1164 0.8890
vn -0.3504 0.1253 0.9282
vn -0.1270 0.0790 0.9888
vn -0.0587 0.1004 0.9932
vn -0.0821 0.1561 0.9843
vn -0.0072 0.1545 0.9880
vn 0.0270 0.1835 0.9826
vn -0.3135 -0.0653 0.9473
vn -0.1042 0.2246 0.9689
vn -0.0836 0.2006 0.9761
vn 0.0733 0.0967 0.9926
vn 0.1364 0.0389 0.9899
vn 0.4033 -0.0599 0.9131
vn 0.3363 -0.0358 0.9411
vn 0.3805 -0.0699 0.9221
vn 0.3954 -0.0317 0.9180
vn 0.5370 -0.0387 0.8427
vn 0.2352 0.1372 0.9622
vn 0.4886 -0.2109 0.8467
vn 0.0001 0.0917 0.9958
vn 0.3883 0.0464 0.9203
vn -0.2840 0.1164 0.9517
vn -0.3088 0.1299 0.9422
vn -0.4580 0.8817 -0.1136
vn -0.2197 0.0997 0.9705
vn -0.0588 0.1130 0.9919
vn -0.0797 0.1542 0.9848
vn 0.0295 0.1387 0.9899
vn 0.0879 0.0790 0.9930
vn -0.2230 -0.0653 0.9726
vn -0.2701 -0.1371 0.9530
vn 0.1210 0.1128 0.9862
vn 0.1568 0.1256 0.9796
vn 0.0617 -0.0203 0.9979
vn 0.0884 -0.0244 0.9958
vn 0.3977 -0.0230 0.9172
vn 0.3716 0.0199 0.9282
vn 0.5867 -0.0554 0.8079
vn 0.4251 -0.1941 0.8841
vn 0.3759 -0.0843 0.9228
vn 0.4910 0.0643 0.8688
vn 0.3174 0.0567 0.9466
vn 0.3667 -0.1243 0.9220
vn 0.2211 0.0907 0.9710
vn 0.2887 -0.0081 0.9574
vn -0.5316 0.1560 0.8325
vn -0.3632 -0.0979 0.9265
vn 0.0013 0.1727 0.9850
vn -0.0516 0.1585 0.9860
vn -0.1519 0.2567 0.9545
vn -0.0935 0.2435 0.9654
vn -0.0653 0.2229 0.9726
vn 0.2258 0.0275 0.9738
vn 0.1608 0.1257 0.9789
vn 0.1379 0.1226 0.9828
vn 0.1752 0.1019 0.9792
vn 0.0619 0.0249 0.9978
vn 0.1300 -0.0195 0.9913
vn 0.4594 0.3049 0.8343
vn 0.7166 0.1532 0.6804
vn 0.3357 -0.0332 0.9414
vn 0.5327 -0.0311 0.8457
vn 0.3150 0.0302 0.9486
vn 0.0915 -0.0571 0.9942
vn 0.3146 -0.0561 0.9475
vn 0.3200 -0.0998 0.9422
vn 0.3466 -0.0434 0.9370
vn 0.3170 0.0592 0.9466
vn 0.5020 -0.0638 0.8625
vn 0.2126 0.0388 0.9764
vn 0.0457 0.1213 0.9916
vn 0.0337 0.0343 0.9988
vn -0.5683 0.1429 0.8103
vn -0.3255 0.0953 0.9407
vn -0.3140 0.1521 0.9372
vn -0.4572 0.1930 0.8682
vn -0.2617 0.0093 0.9651
vn -0.0650 0.0605 0.9961
vn -0.1290 0.0828 0.9882
vn -0.1368 0.0830 0.9871
vn -0.1069 0.0813 0.9909
vn -0.1175 0.2278 0.9666
vn 0.0055 0.2208 0.9753
vn -0.0026 0.2478 0.9688
vn 0.0979 0.1513 0.9836
vn 0.1305 0.1198 0.9842
vn 0.1663 0.0762 0.9831
vn 0.0236 0.0630 0.9977
vn 0.0777 -0.0053 0.9970
vn 0.3512 -0.0540 0.9347
vn 0.3363 -0.1224 0.9338
vn 0.6587 -0.1601 0.7351
vn 0.3563 -0.1264 0.9258
vn 0.4138 -0.0880 0.9061
vn 0.2302 0.1147 0.9663
vn 0.1796 0.0882 0.9798
vn -0.3250 0.1502 0.9337
vn -0.3384 0.1872 0.9222
vn -0.3225 0.0826 0.9429
vn -0.4028 0.0353 0.9146
vn -0.5156 -0.2315 0.8249
vn -0.2601 0.0858 0.9618
vn -0.2869 0.1183 0.9506
vn -0.1446 0.0927 0.9851
vn 0.1325 0.2541 0.9581
vn 0.0309 0.1373 0.9900
vn -0.0485 0.0843 0.9953
vn -0.2243 0.0351 0.9739
vn -0.2362 0.0446 0.9707
vn -0.2069 -0.0512 0.9770
vn 0.1892 0.1726 0.9666
vn 0.0898 0.0473 0.9948
vn 0.1353 -0.0244 0.9905
vn 0.3544 -0.0479 0.9339
vn 0.3795 -0.0590 0.9233
vn 0.6438 -0.2250 0.7314
vn 0.3371 -0.1483 0.9297
vn 0.3352 0.1391 0.9318
vn -0.4429 -0.1813 0.8780
vn -0.3108 0.1156 0.9434
vn -0.4322 0.1401 0.8908
vn -0.2840 0.1183 0.9515
vn -0.0845 0.1051 0.9909
vn 0.0434 0.2546 0.9661
vn -0.2010 -0.0583 0.9778
vn 0.0674 0.2712 0.9602
vn 0.1485 0.0937 0.9845
vn 0.1596 0.0951 0.9826
vn 0.1741 0.0958 0.9800
vn 0.0765 0.0188 0.9969
vn 0.0752 -0.0110 0.9971
vn 0.1170 0.0255 0.9928
vn 0.0234 -0.0138 0.9996
vn 0.6310 0.3293 0.7024
vn 0.5030 0.3449 0.7925
vn 0.3868 -0.0469 0.9210
vn 0.4702 -0.0856 0.8784
vn 0.5238 -0.0640 0.8494
vn 0.4703 -0.0205 0.8823
vn 0.2973 -0.0746 0.9519
vn 0.4552 0.0224 0.8901
vn 0.6093 -0.1173 0.7842
vn 0.3193 -0.1238 0.9395
vn 0.1079 -0.0990 0.9892
vn -0.3018 0.0463 0.9522
vn -0.3485 -0.0114 0.9372
vn -0.3506 0.0723 0.9337
vn -0.3197 0.0564 0.9458
vn -0.0799 0.1113 0.9906
vn 0.0148 0.1343 0.9908
vn -0.1313 0.1826 0.9744
vn -0.1238 0.2733 0.9539
vn -0.0909 0.3571 0.9296
vn 0.1329 0.1591 0.9783
vn 0.1566 0.1663 0.9736
vn 0.1885 0.1750 0.9663
vn 0.0843 -0.0133 0.9963
vn 0.1372 0.0038 0.9905
vn 0.3462 -0.0532 0.9367
vn 0.7261 0.0039 0.6876
vn 0.3383 -0.0587 0.9392
vn 0.2286 -0.0416 0.9726
vn 0.3504 -0.1459 0.9252
vn 0.3558 -0.1261 0.9260
vn 0.1697 -0.2004 0.9649
vn 0.3877 -0.1605 0.9077
vn 0.2642 -0.0750 0.9615
vn 0.3094 -0.1164 0.9438
vn 0.1029 0.0405 0.9939
vn -0.5337 -0.1435 0.8334
vn -0.3275 -0.0510 0.9435
vn -0.3129 -0.0219 0.9495
vn -0.2268 0.0760 0.9710
vn -0.2321 0.0869 0.9688
vn -0.1196 0.0981 0.9880
vn -0.0887 0.1070 0.9903
vn -0.0803 0.1116 0.9905
vn 0.0894 0.0469 0.9949
vn -0.0784 0.1114 0.9907
vn -0.0849 0.2590 0.9622
vn -0.0268 0.2269 0.9736
vn 0.1557 0.0985 0.9829
vn 0.0770 -0.0107 0.9970
vn 0.1361 -0.0575 0.9890
vn 0.3843 -0.0402 0.9223
vn 0.4701 -0.3626 0.8047
vn 0.0802 -0.3301 0.9405
vn 0.3165 -0.2051 0.9262
vn 0.1935 -0.0701 0.9786
vn 0.0849 0.0550 0.9949
vn 0.2888 0.0401 0.9565
vn -0.2446 0.0289 0.9692
vn -0.4459 -0.0026 0.8951
vn -0.3538 0.0076 0.9353
vn -0.3513 0.0067 0.9363
vn -0.1360 0.0508 0.9894
vn -0.1497 0.0719 0.9861
vn -0.1559 0.0736 0.9850
vn -0.0264 0.1935 0.9808
vn -0.0801 0.1601 0.9838
vn -0.2091 0.1047 0.9723
vn -0.0377 0.1389 0.9896
vn -0.1988 0.2775 0.9399
vn -0.0247 0.2153 0.9762
vn 0.0584 0.2479 0.9670
vn 0.1316 0.1504 0.9798
vn 0.1822 0.1268 0.9751
vn 0.2616 0.1145 0.9584
vn 0.1651 0.1123 0.9799
vn 0.0577 0.0036 0.9983
vn 0.1727 0.0465 0.9839
vn 0.7277 0.2785 0.6269
vn 0.3498 -0.0982 0.9317
vn 0.4118 -0.1912 0.8910
vn 0.6197 -0.0913 0.7795
vn 0.3753 -0.0929 0.9222
vn 0.3112 -0.0924 0.9459
vn 0.1868 0.0410 0.9815
vn 0.4453 -0.0869 0.8912
vn -0.1790 0.1143 0.9772
vn -0.3988 0.4240 0.8131
vn -0.1948 0.0788 0.9777
vn -0.3444 -0.0272 0.9384
vn -0.3356 0.0290 0.9416
vn -0.3523 0.0419 0.9349
vn -0.1225 0.0914 0.9882
vn 0.0900 0.1385 0.9863
vn 0.0338 0.1827 0.9826
vn -0.2266 0.0993 0.9689
vn -0.2507 0.1198 0.9606
vn -0.1875 0.1989 0.9619
vn 0.0172 0.1371 0.9904
vn -0.1106 0.2507 0.9617
vn 0.1032 0.2301 0.9677
vn 0.1590 0.1513 0.9756
vn 0.1797 0.1269 0.9755
vn 0.1568 0.1643 0.9739
vn 0.1691 0.1336 0.9765
vn 0.0794 0.0524 0.9955
vn 0.1447 0.0800 0.9862
vn 0.2500 0.1149 0.9614
vn 0.5292 0.4542 0.7166
vn 0.4070 -0.0464 0.9123
vn 0.4608 -0.1092 0.8807
vn 0.4645 -0.1189 0.8776
vn 0.2439 -0.1747 0.9540
vn 0.4584 -0.0683 0.8861
vn 0.2243 0.0939 0.9700
vn 0.2658 -0.1103 0.9577
vn 0.0234 0.0001 0.9997
vn -0.2640 0.1740 0.9487
vn -0.6866 0.1964 0.7000
vn 0.0194 0.0794 0.9967
vn -0.3729 0.0330 0.9273
vn -0.3469 0.0195 0.9377
vn -0.2434 0.0483 0.9687
vn -0.0046 0.1298 0.9915
vn -0.0377 0.0955 0.9947
vn 0.3517 0.1755 0.9195
vn 0.1468 0.1355 0.9798
vn 0.2972 0.0423 0.9539
vn 0.1286 0.0251 0.9914
vn 0.0817 -0.0242 0.9964
vn 0.7721 -0.2757 0.5727
vn -0.8152 -0.1304 0.5644
vn 0.3530 -0.2298 0.9070
vn 0.3930 -0.0878 0.9153
vn 0.5739 -0.0530 0.8172
vn 0.6068 -0.2127 0.7659
vn 0.5972 -0.1625 0.7854
vn 0.2755 -0.1269 0.9529
vn -0.3944 0.0026 0.9189
vn -0.3264 0.0828 0.9416
vn -0.2465 0.0478 0.9680
vn -0.1472 0.0493 0.9879
vn -0.0910 0.1128 0.9894
vn -0.0778 0.1152 0.9903
vn -0.0185 0.1470 0.9890
vn 0.0318 0.1872 0.9818
vn -0.0134 0.1910 0.9815
vn -0.1917 0.0849 0.9778
vn 0.1509 0.1416 0.9784
vn 0.1674 0.1078 0.9800
vn 0.0862 -0.0219 0.9960
vn 0.1142 -0.0827 0.9900
vn 0.7637 0.3529 0.5405
vn 0.9078 0.0103 0.4193
vn 0.3615 -0.2471 0.8990
vn 0.1743 -0.0346 0.9841
vn 0.3708 0.0012 0.9287
vn 0.5157 -0.0439 0.8557
vn 0.3134 -0.0232 0.9493
vn 0.3601 -0.0300 0.9324
vn 0.1837 0.0712 0.9804
vn 0.2728 -0.0144 0.9620
vn 0.0167 0.0214 0.9996
vn -0.1857 -0.1904 0.9640
vn -0.3217 -0.1704 0.9314
vn -0.3624 -0.0662 0.9297
vn -0.3876 0.1463 0.9101
vn -0.1487 0.0557 0.9873
vn -0.0476 0.0822 0.9955
vn -0.0237 0.1768 0.9840
vn -0.0495 0.2797 0.9588
vn -0.0596 0.2825 0.9574
vn 0.0899 0.1969 0.9763
vn 0.1383 0.2029 0.9694
vn 0.1874 0.1709 0.9673
vn 0.2729 0.2939 0.9160
vn 0.1880 0.1277 0.9738
vn 0.2079 0.1046 0.9725
vn 0.1168 0.0201 0.9929
vn 0.1249 -0.0871 0.9883
vn 0.1334 -0.0498 0.9898
vn 0.2002 -0.0350 0.9791
vn 0.0671 0.0740 0.9950
vn 0.3297 -0.0588 0.9422
vn 0.3105 0.0387 0.9498
vn 0.2614 0.0485 0.9640
vn 0.2299 -0.0158 0.9731
vn 0.2810 -0.1896 0.9408
vn -0.1230 -0.0592 0.9906
vn -0.3894 -0.0118 0.9210
vn -0.2871 0.0109 0.9578
vn -0.3148 -0.0692 0.9466
vn -0.3321 0.0817 0.9397
vn -0.1558 0.0575 0.9861
vn -0.1559 0.0610 0.9859
vn -0.1739 0.0628 0.9828
vn -0.0881 0.0117 0.9960
vn -0.1162 0.0715 0.9907
vn -0.1187 0.3063 0.9445
vn -0.1095 0.2469 0.9628
vn -0.0554 0.1869 0.9808
vn -0.0100 0.2011 0.9795
vn 0.0973 0.1889 0.9772
vn 0.1609 0.1755 0.9712
vn 0.1662 0.1797 0.9696
vn 0.2317 0.0997 0.9677
vn 0.1687 0.1341 0.9765
vn 0.1057 -0.0361 0.9937
vn 0.8078 0.4122 0.4214
vn 0.8741 0.3068 0.3767
vn 0.3400 -0.0313 0.9399
vn 0.4116 0.0803 0.9078
vn 0.1287 0.0550 0.9902
vn -0.3202 -0.1718 0.9316
vn -0.2509 -0.2000 0.9471
vn -0.4012 0.0546 0.9144
vn -0.1987 -0.1142 0.9734
vn -0.2667 0.0953 0.9591
vn -0.1535 0.0470 0.9870
vn -0.1407 0.0633 0.9880
vn -0.0469 0.0758 0.9960
vn -0.0271 0.1809 0.9831
vn 0.0248 0.1631 0.9863
vn -0.0656 0.2413 0.9682
vn -0.0584 0.1880 0.9804
vn -0.0137 0.1072 0.9941
vn 0.2956 0.0390 0.9545
vn 0.1457 -0.0235 0.9890
vn 0.0906 0.0018 0.9959
vn 0.1158 -0.0752 0.9904
vn 0.0918 0.0263 0.9954
vn 0.5097 -0.0478 0.8590
vn 0.3719 0.1898 0.9086
vn 0.3380 0.0349 0.9405
vn 0.6555 -0.0797 0.7510
vn 0.4908 0.1128 0.8639
vn 0.3198 -0.0143 0.9474
vn 0.2619 -0.2013 0.9439
vn 0.0995 0.0926 0.9907
vn 0.3007 -0.2360 0.9240
vn 0.1293 -0.0985 0.9867
vn -0.2926 0.0724 0.9535
vn -0.0479 0.0135 0.9988
vn -0.4240 0.0379 0.9049
vn -0.3695 -0.0549 0.9276
vn -0.3976 -0.0625 0.9154
vn -0.4090 -0.0557 0.9108
vn -0.5150 -0.0668 0.8546
vn -0.3545 0.0112 0.9350
vn -0.1352 0.3717 0.9185
vn -0.0378 0.1831 0.9824
vn -0.2576 0.0807 0.9629
vn -0.0689 0.0919 0.9934
vn 0.2120 0.1655 0.9631
vn 0.1975 0.1086 0.9743
vn 0.1002 0.0813 0.9916
vn 0.1574 0.0321 0.9870
vn 0.0893 0.0018 0.9960
vn 0.1515 -0.0637 0.9864
vn 0.1065 -0.0512 0.9930
vn 0.8015 0.4645 0.3766
vn 0.3199 -0.1935 0.9275
vn 0.3290 -0.0581 0.9425
vn 0.5086 -0.0471 0.8597
vn 0.4104 -0.0431 0.9109
vn 0.5256 0.0397 0.8498
vn 0.3397 0.0029 0.9405
vn 0.0819 0.0518 0.9953
vn -0.1441 0.0898 0.9855
vn -0.0830 0.1101 0.9904
vn -0.0603 0.1862 0.9807
vn -0.0232 0.1709 0.9850
vn -0.0233 0.2127 0.9768
vn -0.0357 0.1087 0.9934
vn 0.0954 0.2010 0.9749
vn 0.1778 0.2061 0.9622
vn 0.2160 0.1627 0.9627
vn 0.3223 0.0189 0.9465
vn 0.2904 0.0208 0.9567
vn 0.0688 -0.0116 0.9976
vn 0.1169 -0.0275 0.9928
vn 0.9469 0.1536 0.2823
vn 0.3618 -0.0751 0.9292
vn 0.1819 0.0122 0.9832
vn 0.3019 0.0309 0.9528
vn 0.3443 -0.0751 0.9358
vn 0.3084 -0.0295 0.9508
vn 0.3842 -0.1008 0.9177
vn 0.4911 0.0306 0.8706
vn -0.2811 -0.0011 0.9597
vn -0.4135 -0.1399 0.8997
vn -0.2760 -0.2353 0.9319
vn -0.4886 0.0148 0.8724
vn -0.4995 -0.0776 0.8628
vn -0.2726 0.0889 0.9580
vn -0.1101 0.0626 0.9919
vn -0.1200 0.0739 0.9900
vn -0.1107 0.1690 0.9794
vn -0.0243 0.1423 0.9895
vn 0.0514 0.2781 0.9592
vn -0.0479 0.2963 0.9539
vn -0.2518 0.0702 0.9652
vn -0.0479 0.1596 0.9860
vn 0.1671 0.2117 0.9630
vn 0.2078 0.1042 0.9726
vn 0.1550 -0.1676 0.9736
vn 0.1001 -0.0479 0.9938
vn 0.3035 -0.2443 0.9210
vn 0.7812 -0.4817 0.3970
vn 0.1155 0.1081 0.9874
vn 0.3178 -0.0743 0.9452
vn 0.4364 -0.0618 0.8976
vn 0.2166 -0.0454 0.9752
vn 0.2187 0.0613 0.9739
vn 0.1703 0.0102 0.9853
vn 0.1045 -0.0011 0.9945
vn 0.5052 0.0213 0.8627
vn -0.3435 -0.0524 0.9377
vn -0.2367 0.0118 0.9715
vn -0.1522 -0.0201 0.9881
vn -0.1916 -0.0923 0.9771
vn -0.4445 -0.3060 0.8419
vn -0.3367 -0.0454 0.9405
vn -0.2769 0.0004 0.9609
vn -0.1557 0.0291 0.9874
vn -0.0260 0.1433 0.9893
vn -0.0522 0.2488 0.9671
vn -0.0099 0.2483 0.9686
vn 0.2063 0.1648 0.9645
vn 0.2073 0.1341 0.9690
vn 0.1127 0.0969 0.9889
vn 0.1689 -0.0988 0.9807
vn 0.1437 -0.0345 0.9890
vn 0.1115 -0.0909 0.9896
vn 0.5303 -0.0266 0.8474
vn 0.2682 0.1500 0.9516
vn 0.0840 0.0091 0.9964
vn -0.2762 0.0073 0.9611
vn -0.1571 0.0085 0.9875
vn -0.1199 0.0696 0.9903
vn -0.1173 0.1747 0.9776
vn -0.0758 0.1606 0.9841
vn -0.0013 0.1566 0.9877
vn -0.0662 0.2369 0.9693
vn 0.2036 0.1005 0.9739
vn 0.2268 0.1388 0.9640
vn 0.1350 0.1732 0.9756
vn 0.2191 0.0909 0.9715
vn 0.2265 0.0728 0.9713
vn 0.1444 -0.0353 0.9889
vn 0.0794 -0.0035 0.9968
vn 0.1857 -0.1039 0.9771
vn 0.0661 -0.0394 0.9970
vn 0.0630 -0.0792 0.9949
vn 0.4320 -0.4769 0.7655
vn 0.4746 -0.5318 0.7014
vn 0.3070 -0.0021 0.9517
vn 0.4074 -0.1106 0.9065
vn 0.4131 0.0732 0.9078
vn 0.5106 0.0574 0.8579
vn 0.3859 0.0755 0.9194
vn 0.4399 0.2072 0.8738
vn -0.1799 0.0342 0.9831
vn -0.2811 -0.2190 0.9344
vn -0.3347 -0.1736 0.9262
vn -0.3685 -0.1007 0.9242
vn -0.4205 0.0741 0.9042
vn -0.5018 0.1073 0.8583
vn -0.4611 0.0450 0.8862
vn -0.3519 -0.0395 0.9352
vn -0.2830 0.0068 0.9591
vn -0.1361 -0.0116 0.9906
vn -0.1779 0.0173 0.9839
vn -0.1948 0.0709 0.9783
vn -0.0690 0.2079 0.9757
vn 0.0561 0.1945 0.9793
vn -0.1127 0.2158 0.9699
vn 0.1443 0.1001 0.9845
vn -0.0260 0.2101 0.9773
vn 0.0370 0.1307 0.9907
vn 0.0211 0.1418 0.9897
vn 0.0904 0.2065 0.9743
vn 0.1447 0.1893 0.9712
vn 0.2238 0.1403 0.9645
vn 0.2746 0.1826 0.9440
vn 0.1760 0.0455 0.9833
vn 0.0943 -0.0369 0.9949
vn 0.1573 -0.0950 0.9830
vn 0.1382 -0.0847 0.9868
vn 0.5608 -0.5645 0.6057
vn 0.3537 -0.2383 0.9045
vn 0.7983 -0.4355 0.4160
vn 0.6165 0.0772 0.7836
vn 0.3148 0.0140 0.9491
vn 0.2735 -0.0896 0.9577
vn 0.4245 0.1488 0.8931
vn -0.0190 0.4223 0.9063
vn 0.3862 0.0903 0.9180
vn 0.1932 0.0649 0.9790
vn 0.2072 -0.1677 0.9638
vn 0.0058 -0.0548 0.9985
vn -0.3253 -0.1960 0.9251
vn -0.5183 -0.2271 0.8245
vn -0.2192 -0.3235 0.9205
vn -0.5383 -0.1008 0.8367
vn -0.1403 0.0097 0.9901
vn -0.1810 0.0305 0.9830
vn -0.1534 0.0239 0.9879
vn -0.1143 0.0612 0.9916
vn -0.2034 0.1413 0.9689
vn -0.0441 0.1311 0.9904
vn -0.0695 0.2090 0.9754
vn -0.0148 0.1772 0.9841
vn -0.2404 0.3024 0.9224
vn -0.0809 0.2196 0.9722
vn 0.1240 -0.0308 0.9918
vn 0.7116 -0.2807 0.6441
vn 0.4876 -0.0372 0.8723
vn 0.3405 0.0237 0.9399
vn 0.4975 -0.1383 0.8564
vn 0.6172 0.1102 0.7791
vn 0.5343 0.0202 0.8451
vn 0.2448 0.0382 0.9688
vn 0.2202 0.0522 0.9741
vn -0.1881 -0.0123 0.9821
vn -0.4265 -0.0684 0.9019
vn -0.1760 -0.1974 0.9644
vn -0.4275 -0.0553 0.9023
vn -0.6262 -0.0549 0.7777
vn -0.2525 -0.0695 0.9651
vn -0.1515 0.0561 0.9869
vn -0.0554 0.1854 0.9811
vn 0.1481 0.0920 0.9847
vn -0.0616 0.2358 0.9698
vn 0.0734 0.2077 0.9754
vn 0.1416 0.1977 0.9700
vn 0.2505 0.1509 0.9563
vn 0.1809 0.1794 0.9670
vn 0.2970 0.1209 0.9472
vn 0.1581 0.0935 0.9830
vn 0.2734 0.0127 0.9618
vn 0.1685 -0.0149 0.9856
vn 0.2691 0.0313 0.9626
vn 0.3069 0.0185 0.9516
vn 0.2924 0.0122 0.9562
vn 0.1184 -0.0158 0.9928
vn 0.4038 0.0062 0.9148
vn 0.4079 0.0677 0.9105
vn 0.3664 0.0727 0.9276
vn 0.3907 -0.0455 0.9194
vn 0.2084 -0.0093 0.9780
vn 0.1783 0.2161 0.9600
vn 0.3871 0.0056 0.9220
vn -0.1639 -0.0612 0.9846
vn -0.3503 -0.0273 0.9362
vn -0.1851 0.0287 0.9823
vn -0.0308 0.2046 0.9784
vn -0.2527 0.3020 0.9192
vn -0.0283 0.1413 0.9896
vn 0.1160 0.1287 0.9849
vn 0.2176 -0.0285 0.9756
vn 0.2955 -0.2042 0.9333
vn 0.3602 -0.1761 0.9161
vn 0.5763 -0.4081 0.7080
vn 0.4699 0.0083 0.8827
vn 0.3643 -0.1238 0.9230
vn 0.4115 -0.1205 0.9034
vn 0.3877 -0.0385 0.9210
vn 0.5407 0.0643 0.8387
vn 0.3298 -0.0346 0.9434
vn 0.3406 0.0114 0.9401
vn 0.2173 0.0482 0.9749
vn 0.2377 0.0224 0.9711
vn 0.0555 0.0181 0.9983
vn 0.4706 -0.0325 0.8817
vn -0.3030 0.0145 0.9529
vn -0.1529 -0.0623 0.9863
vn -0.1868 -0.0451 0.9814
vn -0.4532 -0.1595 0.8770
vn -0.2960 -0.1104 0.9488
vn -0.3155 -0.1109 0.9424
vn -0.1803 0.0499 0.9823
vn -0.0603 0.1877 0.9804
vn -0.0548 0.2273 0.9723
vn -0.0237 0.2567 0.9662
vn -0.1210 0.2446 0.9620
vn -0.0172 0.2001 0.9796
vn 0.0057 0.2244 0.9745
vn 0.0273 0.1878 0.9818
vn 0.1410 0.1450 0.9793
vn 0.2294 0.1859 0.9554
vn 0.1997 0.1901 0.9612
vn 0.2706 0.0460 0.9616
vn 0.2491 0.0238 0.9682
vn 0.2069 0.0177 0.9782
vn 0.1380 -0.0053 0.9904
vn 0.3197 0.0030 0.9475
vn 0.4900 -0.0328 0.8711
vn 0.6700 -0.0502 0.7407
vn 0.2841 -0.0359 0.9581
vn 0.2463 0.0423 0.9683
vn 0.2061 0.0725 0.9758
vn 0.3284 0.0773 0.9414
vn 0.0626 0.0030 0.9980
vn -0.2291 -0.0040 0.9734
vn -0.4645 -0.1018 0.8797
vn -0.5134 -0.1710 0.8409
vn -0.4085 -0.2295 0.8834
vn -0.5386 -0.1837 0.8223
vn -0.3154 -0.1110 0.9424
vn -0.2792 -0.1209 0.9526
vn -0.2034 -0.1014 0.9738
vn -0.2029 -0.0043 0.9792
vn -0.1763 0.0041 0.9843
vn -0.1745 0.0032 0.9846
vn -0.0579 0.2391 0.9693
vn -0.0564 0.2378 0.9697
vn -0.0255 0.1874 0.9820
vn 0.1468 0.1057 0.9835
vn 0.2624 0.0505 0.9636
vn 0.5252 0.0595 0.8489
vn 0.4944 0.0430 0.8682
vn 0.3897 0.2253 0.8930
vn 0.3797 0.1002 0.9197
vn -0.1062 -0.1440 0.9839
vn -0.4920 -0.2126 0.8442
vn -0.5521 -0.1853 0.8130
vn -0.2929 -0.1889 0.9373
vn -0.1430 -0.0617 0.9878
vn -0.1661 -0.0179 0.9859
vn -0.1764 0.0634 0.9823
vn -0.0563 0.2384 0.9695
vn 0.0016 0.2450 0.9695
vn -0.0689 0.1940 0.9786
vn -0.0049 0.1466 0.9892
vn -0.0194 0.0851 0.9962
vn 0.1307 0.2516 0.9590
vn 0.3097 0.0742 0.9479
vn 0.1627 -0.0385 0.9859
vn 0.1425 -0.0412 0.9889
vn 0.1460 -0.0426 0.9884
vn 0.1690 -0.0375 0.9849
vn 0.1365 -0.0310 0.9902
vn 0.1241 -0.0358 0.9916
vn 0.1403 -0.0411 0.9893
vn 0.5026 0.0413 0.8635
vn 0.2192 0.2324 0.9476
vn 0.6251 0.2931 0.7234
vn 0.3539 0.1942 0.9149
vn 0.4705 0.1936 0.8609
vn 0.5369 0.0468 0.8423
vn 0.3011 0.0915 0.9492
vn 0.3592 0.0536 0.9317
vn 0.2340 -0.0442 0.9712
vn 0.0219 -0.0632 0.9978
vn 0.2020 -0.0633 0.9773
vn -0.0426 0.0023 0.9991
vn -0.0947 0.0145 0.9954
vn -0.2097 -0.0928 0.9734
vn -0.2907 -0.0831 0.9532
vn -0.4245 -0.3300 0.8431
vn -0.4811 -0.3315 0.8116
vn -0.3631 -0.1374 0.9216
vn -0.2141 -0.0921 0.9724
vn -0.2197 -0.0473 0.9744
vn -0.0674 0.1788 0.9816
vn -0.1327 0.2531 0.9583
vn -0.2340 0.2767 0.9320
vn -0.0098 0.1432 0.9896
vn 0.0428 0.1188 0.9920
vn 0.1655 0.0864 0.9824
vn 0.2742 0.0662 0.9594
vn 0.3544 0.0442 0.9340
vn 0.2696 -0.0123 0.9629
vn 0.2386 0.0149 0.9710
vn 0.8692 -0.0675 0.4898
vn 0.3080 -0.0292 0.9509
vn 0.2402 -0.0341 0.9701
vn 0.4439 -0.1302 0.8866
vn 0.4080 0.2275 0.8842
vn 0.4012 0.0785 0.9126
vn 0.3619 0.0859 0.9282
vn 0.2987 -0.2315 0.9258
vn -0.1763 -0.0726 0.9816
vn -0.3377 -0.2182 0.9156
vn -0.4496 -0.2363 0.8614
vn -0.3967 -0.1948 0.8970
vn -0.2119 0.0198 0.9771
vn -0.1967 -0.0092 0.9804
vn -0.2199 0.0476 0.9744
vn -0.2037 0.1156 0.9722
vn -0.1203 0.0957 0.9881
vn -0.0614 0.2034 0.9772
vn -0.1975 0.0903 0.9761
vn -0.0212 0.1187 0.9927
vn -0.0131 0.1272 0.9918
vn 0.0377 0.0607 0.9974
vn 0.2242 0.1759 0.9585
vn 0.2225 0.1209 0.9674
vn 0.1365 -0.0028 0.9906
vn 0.1553 -0.0107 0.9878
vn 0.1533 -0.0329 0.9876
vn 0.3673 -0.0266 0.9297
vn 0.3074 0.0127 0.9515
vn 0.3422 -0.0006 0.9396
vn 0.6022 0.0142 0.7982
vn 0.1513 0.0234 0.9882
vn 0.2645 0.0948 0.9597
vn 0.5370 0.0471 0.8422
vn 0.2149 0.0035 0.9766
vn -0.3122 0.0020 0.9500
vn -0.3463 0.0540 0.9366
vn -0.5026 0.0011 0.8645
vn -0.4063 -0.2513 0.8785
vn -0.4817 -0.3384 0.8084
vn -0.1935 -0.0467 0.9800
vn -0.2684 0.0397 0.9625
vn -0.0261 0.1868 0.9821
vn -0.1070 0.2127 0.9712
vn -0.0913 0.3040 0.9483
vn 0.0210 0.2642 0.9642
vn 0.1515 0.1499 0.9770
vn 0.2980 0.1292 0.9458
vn 0.2535 0.0859 0.9635
vn 0.2125 -0.0067 0.9771
vn 0.1960 0.0064 0.9806
vn 0.4964 0.1718 0.8509
vn 0.4421 0.1640 0.8819
vn 0.3325 0.0913 0.9387
vn 0.2171 0.0325 0.9756
vn -0.0107 0.0007 0.9999
vn 0.2984 0.0912 0.9501
vn -0.0879 0.0034 0.9961
vn -0.1145 0.0155 0.9933
vn -0.1089 0.0161 0.9939
vn -0.3530 -0.2757 0.8941
vn -0.3708 -0.3032 0.8778
vn -0.2139 0.0203 0.9766
vn -0.2352 0.1981 0.9515
vn -0.2452 0.5713 0.7833
vn 0.0796 0.4082 0.9094
vn -0.0961 0.2760 0.9563
vn -0.0190 0.1619 0.9866
vn 0.0461 0.1497 0.9877
vn 0.0130 0.1426 0.9897
vn 0.1523 0.0747 0.9855
vn 0.1995 0.1035 0.9744
vn 0.3200 0.1136 0.9406
vn 0.3535 0.0334 0.9348
vn 0.2465 -0.0142 0.9690
vn 0.0314 0.2316 0.9723
vn 0.3586 0.1531 0.9208
vn 0.1584 0.3878 0.9081
vn 0.1207 0.4103 0.9039
vn 0.2866 0.4642 0.8381
vn 0.1286 -0.0263 0.9914
vn 0.3375 -0.0345 0.9407
vn 0.1522 0.0523 0.9870
vn 0.7486 0.1071 0.6543
vn 0.2947 -0.2215 0.9295
vn 0.6768 -0.3237 0.6612
vn 0.5196 0.1237 0.8454
vn 0.2655 0.0211 0.9639
vn 0.5548 -0.0642 0.8295
vn 0.3666 0.0791 0.9270
vn 0.3400 0.0899 0.9361
vn 0.2259 0.0136 0.9741
vn 0.1278 -0.0443 0.9908
vn 0.2531 0.1173 0.9603
vn 0.3452 -0.1625 0.9244
vn -0.3007 0.0370 0.9530
vn -0.1070 0.0079 0.9942
vn -0.4020 -0.3121 0.8608
vn -0.2811 -0.1157 0.9527
vn -0.2979 -0.1110 0.9481
vn -0.1762 -0.0334 0.9838
vn -0.2290 0.1147 0.9667
vn -0.2007 0.1814 0.9627
vn -0.1471 0.9037 0.4021
vn 0.0107 0.2781 0.9605
vn -0.0020 0.2854 0.9584
vn 0.0077 0.1093 0.9940
vn 0.2008 0.1031 0.9742
vn 0.3389 0.0408 0.9399
vn 0.2439 -0.0113 0.9697
vn 0.1797 0.1952 0.9642
vn 0.3632 0.0149 0.9316
vn 0.3500 0.0139 0.9366
vn 0.4522 -0.0993 0.8864
vn 0.4105 0.1506 0.8993
vn 0.4721 0.1489 0.8689
vn 0.3284 0.0390 0.9437
vn -0.2986 0.0303 0.9539
vn -0.0594 -0.2044 0.9771
vn -0.0782 -0.0314 0.9964
vn -0.4198 -0.1467 0.8957
vn -0.2801 -0.3015 0.9114
vn -0.4603 -0.2998 0.8356
vn -0.0660 -0.5574 0.8276
vn -0.4209 -0.4322 0.7976
vn -0.3561 -0.4267 0.8313
vn -0.7100 -0.1566 0.6865
vn -0.3686 -0.0630 0.9274
vn -0.2372 -0.0238 0.9712
vn -0.3592 -0.0510 0.9319
vn -0.6086 0.5094 0.6084
vn 0.4120 0.2821 0.8664
vn 0.0747 0.3705 0.9258
vn 0.0965 0.0535 0.9939
vn -0.0089 0.1287 0.9916
vn 0.1494 0.0813 0.9854
vn 0.2607 -0.1444 0.9546
vn 0.2949 -0.0020 0.9555
vn 0.1966 0.0051 0.9805
vn 0.1553 -0.0112 0.9878
vn -0.1285 0.1545 0.9796
vn 0.1508 -0.1998 0.9682
vn 0.1284 -0.0280 0.9913
vn 0.6582 0.4158 0.6276
vn 0.4771 0.0822 0.8750
vn 0.4083 -0.0245 0.9125
vn 0.4780 0.0119 0.8783
vn 0.5744 -0.0212 0.8183
vn 0.0880 0.1479 0.9851
vn 0.2419 0.0485 0.9691
vn 0.2431 0.0482 0.9688
vn 0.4099 0.0217 0.9119
vn 0.3168 0.0594 0.9466
vn 0.2028 -0.0525 0.9778
vn -0.2528 0.1581 0.9545
vn -0.0423 0.1237 0.9914
vn -0.0193 0.2543 0.9669
vn -0.2647 -0.1471 0.9530
vn -0.3138 -0.1280 0.9408
vn -0.3128 -0.0580 0.9480
vn -0.1560 -0.0015 0.9877
vn -0.1054 0.3851 0.9168
vn -0.6048 0.4657 0.6460
vn 0.0754 0.3698 0.9260
vn 0.4127 0.3304 0.8488
vn 0.0237 0.5004 0.8655
vn 0.0113 0.2133 0.9769
vn -0.1659 0.2166 0.9621
vn -0.0307 0.1477 0.9886
vn 0.3295 0.0797 0.9408
vn 0.3248 0.0795 0.9424
vn 0.1899 -0.0197 0.9816
vn 0.4096 -0.0594 0.9103
vn 0.4400 0.1303 0.8885
vn 0.6653 0.4101 0.6238
vn 0.3445 -0.0872 0.9347
vn 0.5071 0.1108 0.8548
vn 0.2928 0.1677 0.9414
vn 0.4471 0.1521 0.8815
vn 0.3732 0.0489 0.9265
vn 0.0934 0.0296 0.9952
vn 0.3285 -0.1915 0.9249
vn -0.2722 0.1384 0.9522
vn -0.3802 0.7960 0.4710
vn -0.1392 -0.1538 0.9783
vn -0.2423 -0.0583 0.9684
vn -0.4392 -0.3640 0.8213
vn -0.3279 -0.4037 0.8541
vn -0.7677 -0.3201 0.5551
vn -0.1729 -0.1247 0.9770
vn -0.2498 -0.0060 0.9683
vn -0.2837 -0.0100 0.9589
vn -0.2008 0.3552 0.9130
vn -0.0051 0.6834 0.7300
vn -0.0387 0.0747 0.9965
vn 0.3403 0.0359 0.9396
vn 0.2480 0.0328 0.9682
vn 0.2322 -0.0191 0.9725
vn 0.4368 -0.2124 0.8741
vn 0.2636 -0.1246 0.9566
vn 0.1604 0.0212 0.9868
vn 0.8084 -0.0258 0.5881
vn 0.7809 -0.0066 0.6246
vn 0.3779 -0.0502 0.9245
vn 0.3430 0.1826 0.9214
vn 0.1645 0.0177 0.9862
vn -0.0700 0.2646 0.9618
vn -0.1543 0.1431 0.9776
vn 0.0218 0.0639 0.9977
vn -0.3658 -0.2988 0.8814
vn -0.2866 -0.1777 0.9414
vn -0.3812 -0.2210 0.8977
vn -0.1945 -0.1363 0.9714
vn -0.2677 -0.0978 0.9585
vn -0.2257 -0.1128 0.9676
vn -0.2323 -0.1041 0.9671
vn -0.3031 -0.1097 0.9466
vn -0.2987 0.3862 0.8727
vn 0.0124 0.0831 0.9965
vn 0.1445 0.0071 0.9895
vn 0.2297 -0.2710 0.9348
vn 0.2297 -0.0931 0.9688
vn 0.3529 -0.0206 0.9355
vn 0.2456 0.0364 0.9687
vn 0.3355 -0.0256 0.9417
vn 0.3972 -0.2138 0.8925
vn 0.1424 -0.0454 0.9888
vn 0.1103 -0.0292 0.9935
vn 0.1512 -0.0727 0.9858
vn 0.3496 0.1505 0.9247
vn 0.2900 0.1523 0.9448
vn 0.4712 0.1728 0.8650
vn 0.3849 0.2276 0.8944
vn 0.2157 0.0212 0.9762
vn -0.2207 -0.0483 0.9741
vn -0.2021 -0.0585 0.9776
vn -0.2607 0.0018 0.9654
vn -0.3515 0.0161 0.9360
vn -0.0443 0.2460 0.9683
vn -0.2050 -0.1180 0.9716
vn -0.3513 -0.1660 0.9214
vn -0.4492 -0.3524 0.8210
vn -0.6421 -0.5038 0.5778
vn -0.6626 -0.4904 0.5661
vn -0.2254 -0.0901 0.9701
vn -0.4825 0.1031 0.8698
vn 0.0470 0.0973 0.9941
vn 0.1360 0.1638 0.9771
vn 0.0107 0.2131 0.9770
vn -0.0517 0.1736 0.9835
vn 0.0006 0.1175 0.9931
vn 0.0362 0.1001 0.9943
vn 0.1473 0.2089 0.9668
vn 0.2322 -0.0653 0.9705
vn 0.0869 -0.1733 0.9810
vn 0.2108 -0.0436 0.9766
vn 0.1937 -0.1060 0.9753
vn 0.1477 -0.0444 0.9880
vn 0.3066 0.0391 0.9510
vn 0.4010 0.0712 0.9133
vn 0.4966 0.0450 0.8668
vn 0.4542 0.0802 0.8873
vn 0.4141 0.1337 0.9004
vn 0.3391 0.1886 0.9216
vn 0.3105 0.3131 0.8975
vn 0.2274 -0.0608 0.9719
vn -0.0357 0.1182 0.9923
vn -0.1957 0.0183 0.9805
vn 0.3554 0.1935 0.9145
vn 0.1839 0.2454 0.9518
vn -0.1032 0.2051 0.9733
vn -0.1500 0.0049 0.9887
vn -0.4601 -0.2002 0.8650
vn -0.8672 0.2019 0.4551
vn -0.2641 -0.0411 0.9636
vn -0.3058 -0.3632 0.8801
vn -0.2418 -0.3211 0.9157
vn -0.3880 0.0487 0.9204
vn -0.2114 0.0505 0.9761
vn -0.6232 0.3228 0.7123
vn -0.2840 0.2596 0.9230
vn -0.0402 0.0855 0.9955
vn -0.0360 0.0817 0.9960
vn 0.0379 0.0191 0.9991
vn 0.2081 0.1168 0.9711
vn 0.2523 0.1040 0.9620
vn 0.4134 0.2005 0.8882
vn 0.2559 -0.0912 0.9624
vn 0.3351 0.0014 0.9422
vn 0.3214 0.0063 0.9469
vn 0.2460 -0.0025 0.9693
vn 0.2895 -0.0613 0.9552
vn 0.1211 -0.0464 0.9916
vn 0.3946 -0.2315 0.8892
vn 0.1871 -0.1120 0.9759
vn 0.2843 -0.1724 0.9431
vn 0.2808 0.0398 0.9590
vn 0.3457 0.0141 0.9382
vn 0.1891 0.1503 0.9704
vn 0.4516 0.1368 0.8817
vn 0.5067 0.1701 0.8452
vn 0.3432 0.0694 0.9367
vn 0.2920 0.1429 0.9457
vn 0.3563 0.1280 0.9256
vn -0.1841 0.2997 0.9361
vn -0.0202 0.3293 0.9440
vn 0.3156 0.1453 0.9377
vn -0.3288 -0.2043 0.9220
vn -0.3574 -0.1940 0.9136
vn -0.3037 -0.2539 0.9183
vn -0.4893 -0.1602 0.8573
vn -0.4511 -0.1697 0.8762
vn -0.8105 0.2984 0.5040
vn -0.2453 -0.1177 0.9623
vn -0.2358 -0.2652 0.9349
vn -0.2550 -0.2452 0.9353
vn -0.2775 -0.2937 0.9147
vn -0.3560 0.0111 0.9344
vn -0.3537 0.1946 0.9149
vn -0.0481 0.0891 0.9949
vn 0.0294 0.1088 0.9936
vn 0.0381 0.0882 0.9954
vn 0.1035 -0.0018 0.9946
vn 0.1393 -0.0911 0.9861
vn 0.3580 -0.0447 0.9326
vn 0.2591 -0.3109 0.9145
vn 0.1974 -0.0944 0.9758
vn 0.3655 0.2185 0.9048
vn 0.4380 0.1178 0.8912
vn 0.4551 0.0777 0.8870
vn 0.2836 -0.0506 0.9576
vn 0.4701 0.0182 0.8824
vn 0.1176 0.0998 0.9880
vn 0.1644 0.0713 0.9838
vn -0.2849 -0.0637 0.9564
vn -0.4089 -0.0629 0.9104
vn -0.1165 0.1729 0.9780
vn -0.0022 0.0814 0.9967
vn -0.0289 0.0839 0.9961
vn 0.0669 0.0018 0.9978
vn 0.0606 0.0387 0.9974
vn 0.1150 0.0006 0.9934
vn 0.2230 0.0053 0.9748
vn 0.2573 -0.0984 0.9613
vn 0.1911 -0.0251 0.9813
vn 0.0940 0.0017 0.9956
vn 0.1814 -0.0552 0.9819
vn 0.3462 0.0120 0.9381
vn 0.2319 0.1373 0.9630
vn 0.4046 0.2674 0.8745
vn 0.5460 0.0009 0.8378
vn 0.4876 -0.3581 0.7962
vn 0.3056 -0.3467 0.8868
vn 0.4295 -0.2892 0.8555
vn 0.2836 -0.1942 0.9391
vn -0.1104 -0.0227 0.9936
vn -0.4128 -0.0418 0.9099
vn -0.2477 0.1642 0.9548
vn -0.1128 0.1546 0.9815
vn -0.1068 0.1311 0.9856
vn -0.1511 0.0066 0.9885
vn -0.2906 -0.2878 0.9125
vn -0.4826 -0.2711 0.8328
vn -0.7132 -0.3950 0.5790
vn -0.5039 -0.5911 0.6298
vn -0.1359 -0.2614 0.9556
vn -0.1173 -0.2734 0.9547
vn -0.2913 -0.2881 0.9122
vn -0.2593 -0.2613 0.9298
vn -0.2025 -0.2312 0.9516
vn -0.1698 -0.2413 0.9555
vn -0.3827 -0.1842 0.9053
vn -0.4612 -0.1772 0.8694
vn -0.3565 0.1420 0.9235
vn 0.0314 -0.0036 0.9995
vn -0.0238 0.0985 0.9949
vn 0.5012 -0.0223 0.8651
vn 0.3655 -0.0087 0.9308
vn 0.2192 -0.0840 0.9721
vn 0.2350 -0.0169 0.9719
vn 0.2020 -0.0069 0.9794
vn 0.1606 0.0037 0.9870
vn 0.1946 -0.0421 0.9800
vn 0.4103 0.0861 0.9079
vn 0.2698 0.0348 0.9623
vn 0.5941 0.2409 0.7675
vn 0.3199 0.1639 0.9332
vn 0.3612 0.1898 0.9130
vn 0.0104 -0.0758 0.9971
vn 0.0592 -0.0513 0.9969
vn 0.0849 0.0585 0.9947
vn 0.3148 0.2092 0.9258
vn -0.1364 0.1429 0.9803
vn -0.4063 -0.3861 0.8282
vn -0.3500 -0.7524 0.5580
vn -0.6000 -0.5729 0.5584
vn -0.5790 0.0627 0.8129
vn -0.3538 0.1386 0.9250
vn 0.0219 0.1031 0.9944
vn 0.0524 0.0002 0.9986
vn 0.1048 -0.0031 0.9945
vn 0.2741 -0.0339 0.9611
vn 0.2217 -0.2092 0.9524
vn 0.2600 0.0070 0.9656
vn 0.7865 -0.0624 0.6144
vn 0.3641 0.1053 0.9254
vn 0.2646 0.1102 0.9580
vn 0.1453 0.0810 0.9861
vn 0.5865 0.3125 0.7472
vn 0.3450 -0.0612 0.9366
vn -0.4088 -0.0630 0.9104
vn -0.2453 0.1490 0.9579
vn -0.0018 -0.0063 1.0000
vn 0.0411 0.3320 0.9424
vn -0.4193 -0.1464 0.8960
vn -0.1023 -0.4413 0.8915
vn -0.1395 -0.4555 0.8792
vn -0.3689 -0.3016 0.8792
vn -0.3534 -0.3050 0.8843
vn -0.2504 -0.2644 0.9313
vn -0.2461 -0.2766 0.9289
vn -0.3606 -0.1646 0.9181
vn -0.4247 -0.2953 0.8558
vn -0.6463 -0.2178 0.7314
vn 0.0158 -0.0365 0.9992
vn 0.0356 0.0341 0.9988
vn -0.0236 0.0844 0.9962
vn -0.0179 0.1223 0.9923
vn -0.1423 0.0459 0.9888
vn 0.0129 0.0019 0.9999
vn 0.2438 -0.1392 0.9598
vn 0.2947 -0.0151 0.9555
vn 0.1979 0.0285 0.9798
vn 0.2643 -0.0131 0.9644
vn 0.3822 -0.2327 0.8943
vn 0.3058 -0.2525 0.9180
vn 0.4376 -0.0332 0.8985
vn 0.3476 0.0118 0.9376
vn 0.3323 0.1122 0.9365
vn 0.3268 0.1123 0.9384
vn 0.2809 0.0253 0.9594
vn -0.0887 0.0281 0.9957
vn -0.1763 0.0777 0.9813
vn -0.3238 0.0604 0.9442
vn -0.1883 0.1653 0.9681
vn -0.2255 0.1226 0.9665
vn -0.1599 0.0417 0.9863
vn -0.1325 0.0334 0.9906
vn -0.4230 -0.5574 0.7145
vn -0.5758 -0.6088 0.5458
vn -0.1677 -0.2447 0.9550
vn -0.2487 -0.4161 0.8747
vn -0.4975 -0.5755 0.6491
vn -0.4997 -0.4085 0.7638
vn -0.0023 0.0813 0.9967
vn 0.0406 0.1103 0.9931
vn 0.0977 -0.0451 0.9942
vn 0.2868 -0.0676 0.9556
vn 0.3206 -0.0111 0.9471
vn 0.2638 -0.1324 0.9554
vn 0.2894 -0.0613 0.9552
vn 0.2239 -0.0286 0.9742
vn 0.2017 -0.0062 0.9794
vn 0.2861 -0.0193 0.9580
vn 0.1598 0.0009 0.9871
vn 0.1516 0.0282 0.9880
vn 0.2698 -0.2232 0.9367
vn 0.3425 0.0045 0.9395
vn 0.3053 0.0976 0.9472
vn 0.4399 0.4178 0.7949
vn 0.3896 0.0103 0.9209
vn 0.6450 -0.1366 0.7519
vn 0.4020 0.1141 0.9085
vn 0.5366 0.0692 0.8410
vn 0.6323 0.0956 0.7688
vn 0.4269 0.2488 0.8694
vn 0.4656 0.1918 0.8640
vn 0.2344 0.0602 0.9703
vn -0.5479 0.0526 0.8349
vn 0.0900 0.0546 0.9944
vn -0.0112 0.1132 0.9935
vn 0.0372 0.2742 0.9609
vn -0.0808 0.0977 0.9919
vn -0.3595 -0.2395 0.9019
vn -0.3189 -0.2411 0.9166
vn -0.2276 -0.8048 0.5482
vn -0.4616 -0.5060 0.7286
vn -0.2351 -0.3413 0.9101
vn -0.2499 -0.3924 0.8852
vn -0.4244 -0.2911 0.8574
vn -0.3908 -0.3801 0.8383
vn -0.2079 -0.5019 0.8396
vn -0.7255 -0.3326 0.6025
vn -0.7139 -0.1779 0.6773
vn -0.1237 -0.3356 0.9338
vn -0.0848 0.0594 0.9946
vn 0.0119 -0.0028 0.9999
vn -0.0111 0.0893 0.9959
vn 0.0991 -0.0842 0.9915
vn 0.1875 -0.1723 0.9670
vn 0.2847 -0.0665 0.9563
vn 0.3183 -0.1425 0.9372
vn 0.3635 0.0115 0.9315
vn 0.3765 -0.1481 0.9145
vn 0.2460 0.0308 0.9688
vn 0.3258 0.0892 0.9412
vn 0.2621 0.0193 0.9649
vn 0.2479 0.1074 0.9628
vn 0.3774 0.6377 0.6715
vn 0.5177 0.0419 0.8545
vn 0.1104 0.1884 0.9759
vn 0.1447 0.0672 0.9872
vn -0.2351 -0.0875 0.9680
vn -0.1595 0.1268 0.9790
vn -0.1557 0.2876 0.9450
vn -0.4944 -0.2945 0.8178
vn -0.2799 -0.5335 0.7981
vn -0.3187 -0.6238 0.7137
vn -0.5524 -0.5506 0.6258
vn -0.3463 -0.3159 0.8833
vn -0.2184 -0.3593 0.9073
vn -0.0243 0.0592 0.9979
vn 0.0737 0.0820 0.9939
vn 0.1089 -0.0777 0.9910
vn 0.2828 -0.1264 0.9508
vn 0.2538 -0.1263 0.9590
vn 0.2047 0.0010 0.9788
vn 0.1680 -0.0090 0.9857
vn 0.1225 -0.0117 0.9924
vn 0.3176 -0.1719 0.9325
vn 0.2968 -0.0988 0.9498
vn 0.3244 0.0890 0.9417
vn 0.3244 0.0891 0.9417
vn 0.2227 0.0625 0.9729
vn 0.2289 0.2076 0.9511
vn 0.6497 0.3026 0.6973
vn 0.4534 0.1602 0.8768
vn 0.2151 0.0433 0.9756
vn 0.1138 0.1593 0.9806
vn -0.1340 0.0351 0.9904
vn -0.3250 -0.2325 0.9167
vn -0.2051 -0.3982 0.8941
vn -0.3346 -0.2079 0.9191
vn -0.3117 -0.2610 0.9136
vn -0.7106 -0.4748 0.5192
vn -0.3463 -0.6463 0.6800
vn -0.3413 -0.6482 0.6806
vn -0.0951 -0.5791 0.8097
vn -0.2909 -0.3676 0.8833
vn -0.0383 0.0368 0.9986
vt 0.625847 0.999242
vt 0.626382 0.999940
vt 0.625013 0.999940
vt 0.626711 0.999119
vt 0.627254 0.999940
vt 0.628594 0.998980
vt 0.629200 0.999940
vt 0.628131 0.999940
vt 0.630010 0.999361
vt 0.630137 0.999942
vt 0.632294 0.999939
vt 0.632424 0.999125
vt 0.633999 0.999940
vt 0.634619 0.999299
vt 0.635876 0.999940
vt 0.638822 0.999529
vt 0.639344 0.999940
vt 0.637170 0.999941
vt 0.641136 0.999594
vt 0.641849 0.999943
vt 0.640284 0.999940
vt 0.642213 0.999343
vt 0.645448 0.999334
vt 0.645924 0.999941
vt 0.644893 0.999940
vt 0.648271 0.999437
vt 0.648807 0.999940
vt 0.647519 0.999941
vt 0.649812 0.998851
vt 0.651465 0.999939
vt 0.649751 0.999948
vt 0.653501 0.999941
vt 0.654555 0.999040
vt 0.655955 0.999942
vt 0.657059 0.998803
vt 0.657822 0.999182
vt 0.657263 0.999938
vt 0.658636 0.999941
vt 0.661307 0.999327
vt 0.662705 0.999938
vt 0.660990 0.999938
vt 0.662099 0.999015
vt 0.663447 0.999197
vt 0.663779 0.999941
vt 0.663042 0.999940
vt 0.664994 0.999412
vt 0.665564 0.999940
vt 0.666221 0.999694
vt 0.667633 0.999938
vt 0.667318 0.999641
vt 0.668580 0.999943
vt 0.669180 0.999604
vt 0.670236 0.999941
vt 0.670719 0.999486
vt 0.671251 0.999941
vt 0.671506 0.999378
vt 0.672267 0.998921
vt 0.673295 0.999940
vt 0.675690 0.999151
vt 0.675786 0.999940
vt 0.674450 0.999940
vt 0.683971 0.999940
vt 0.684817 0.998839
vt 0.685181 0.999941
vt 0.686267 0.999008
vt 0.686648 0.999939
vt 0.687495 0.999450
vt 0.687495 0.999939
vt 0.628168 0.998622
vt 0.630565 0.998092
vt 0.640204 0.998530
vt 0.643029 0.999940
vt 0.646298 0.999358
vt 0.652150 0.999243
vt 0.658616 0.998322
vt 0.659566 0.999943
vt 0.660127 0.998850
vt 0.662769 0.999187
vt 0.665551 0.999234
vt 0.666957 0.999271
vt 0.669519 0.999362
vt 0.677148 0.999941
vt 0.677583 0.999203
vt 0.678572 0.999940
vt 0.679405 0.998380
vt 0.681436 0.999939
vt 0.682923 0.999202
vt 0.625014 0.999133
vt 0.629873 0.998476
vt 0.633059 0.998779
vt 0.635322 0.999050
vt 0.637147 0.998577
vt 0.638469 0.998809
vt 0.640953 0.998625
vt 0.642504 0.998577
vt 0.644204 0.998566
vt 0.644805 0.998398
vt 0.646879 0.998247
vt 0.648434 0.998672
vt 0.651447 0.998515
vt 0.653284 0.998828
vt 0.655589 0.998373
vt 0.664554 0.998873
vt 0.667540 0.999157
vt 0.668968 0.998902
vt 0.673405 0.998737
vt 0.674344 0.998441
vt 0.680248 0.998210
vt 0.681748 0.998039
vt 0.684103 0.998992
vt 0.633994 0.998150
vt 0.635828 0.998167
vt 0.645893 0.998680
vt 0.647808 0.998024
vt 0.650192 0.998522
vt 0.663383 0.998562
vt 0.663934 0.998909
vt 0.664934 0.998431
vt 0.669749 0.998360
vt 0.670430 0.998837
vt 0.670858 0.998216
vt 0.675954 0.998254
vt 0.687497 0.998846
vt 0.625009 0.998195
vt 0.626237 0.998030
vt 0.626763 0.997796
vt 0.631931 0.998072
vt 0.634829 0.997839
vt 0.654751 0.997666
vt 0.660040 0.997414
vt 0.661556 0.998050
vt 0.662715 0.998205
vt 0.666020 0.998173
vt 0.678267 0.998224
vt 0.685469 0.998113
vt 0.686759 0.997935
vt 0.637653 0.997928
vt 0.645077 0.997711
vt 0.652002 0.997831
vt 0.664122 0.998169
vt 0.667427 0.998004
vt 0.668245 0.997810
vt 0.674783 0.997501
vt 0.676925 0.997675
vt 0.632169 0.997090
vt 0.633495 0.997461
vt 0.636527 0.997952
vt 0.641543 0.997823
vt 0.643023 0.997200
vt 0.651087 0.997804
vt 0.652596 0.997852
vt 0.653454 0.997155
vt 0.656026 0.997197
vt 0.657122 0.997311
vt 0.659092 0.997628
vt 0.662978 0.997756
vt 0.668746 0.998145
vt 0.672323 0.997726
vt 0.673068 0.997527
vt 0.683079 0.997610
vt 0.628315 0.997562
vt 0.638170 0.997142
vt 0.642361 0.996999
vt 0.647559 0.996968
vt 0.648713 0.997905
vt 0.649768 0.997761
vt 0.665580 0.997446
vt 0.669474 0.997734
vt 0.678236 0.997116
vt 0.626786 0.996970
vt 0.628454 0.996984
vt 0.639545 0.997420
vt 0.640163 0.997117
vt 0.641545 0.997179
vt 0.643691 0.996758
vt 0.646801 0.996501
vt 0.651552 0.997274
vt 0.658102 0.997263
vt 0.661761 0.997125
vt 0.666728 0.997454
vt 0.668799 0.997413
vt 0.669991 0.996491
vt 0.671415 0.997050
vt 0.684449 0.996275
vt 0.687494 0.996896
vt 0.625015 0.996942
vt 0.629688 0.996915
vt 0.631017 0.997309
vt 0.635753 0.996701
vt 0.640618 0.996815
vt 0.648919 0.997130
vt 0.650135 0.997387
vt 0.659663 0.996425
vt 0.663465 0.996944
vt 0.663809 0.996494
vt 0.667577 0.997186
vt 0.669501 0.996763
vt 0.673557 0.996879
vt 0.675265 0.996562
vt 0.680134 0.996553
vt 0.681838 0.996325
vt 0.685669 0.996997
vt 0.625734 0.996735
vt 0.633748 0.996870
vt 0.635003 0.996711
vt 0.636725 0.997098
vt 0.645583 0.996474
vt 0.650496 0.996798
vt 0.651590 0.996793
vt 0.654409 0.996578
vt 0.664980 0.996627
vt 0.668701 0.996847
vt 0.672548 0.996640
vt 0.629092 0.996456
vt 0.630243 0.996305
vt 0.636654 0.996269
vt 0.639048 0.996081
vt 0.644665 0.996488
vt 0.649555 0.996779
vt 0.653398 0.996149
vt 0.655081 0.996028
vt 0.658293 0.996087
vt 0.663033 0.996577
vt 0.665279 0.996418
vt 0.665698 0.996476
vt 0.676766 0.996317
vt 0.679045 0.996135
vt 0.682850 0.996639
vt 0.632819 0.996315
vt 0.641326 0.996453
vt 0.648919 0.996428
vt 0.651744 0.995916
vt 0.656079 0.996131
vt 0.656787 0.995723
vt 0.667438 0.996102
vt 0.670780 0.996014
vt 0.673687 0.996098
vt 0.625012 0.996265
vt 0.625441 0.995900
vt 0.626414 0.996081
vt 0.627277 0.995546
vt 0.634446 0.995496
vt 0.637670 0.996150
vt 0.639441 0.995411
vt 0.642682 0.996159
vt 0.647334 0.996488
vt 0.648225 0.996305
vt 0.650669 0.995702
vt 0.657696 0.995801
vt 0.661711 0.996087
vt 0.663515 0.995909
vt 0.668386 0.995814
vt 0.669061 0.996054
vt 0.686498 0.995753
vt 0.631124 0.995812
vt 0.633344 0.995586
vt 0.644500 0.995471
vt 0.647073 0.995960
vt 0.653652 0.995471
vt 0.660414 0.995443
vt 0.663899 0.995827
vt 0.665625 0.995886
vt 0.666267 0.995729
vt 0.678705 0.995217
vt 0.635245 0.995695
vt 0.636416 0.995392
vt 0.639859 0.994643
vt 0.641664 0.995328
vt 0.642733 0.995523
vt 0.643679 0.995691
vt 0.645792 0.995235
vt 0.646742 0.995097
vt 0.647945 0.995378
vt 0.649528 0.995549
vt 0.659032 0.995017
vt 0.662991 0.995815
vt 0.664186 0.995323
vt 0.666657 0.995058
vt 0.667799 0.995336
vt 0.670017 0.995417
vt 0.671274 0.994958
vt 0.672249 0.995238
vt 0.680371 0.995418
vt 0.685222 0.995385
vt 0.685530 0.994811
vt 0.687496 0.995440
vt 0.629662 0.995182
vt 0.630414 0.994924
vt 0.632278 0.995733
vt 0.632698 0.994906
vt 0.640925 0.994810
vt 0.648558 0.995067
vt 0.650269 0.994990
vt 0.652240 0.995176
vt 0.655406 0.994951
vt 0.667128 0.995768
vt 0.668952 0.995504
vt 0.673174 0.994529
vt 0.677275 0.995044
vt 0.682654 0.995154
vt 0.626109 0.995062
vt 0.631416 0.994806
vt 0.635612 0.994660
vt 0.636772 0.994732
vt 0.647187 0.995080
vt 0.652893 0.994633
vt 0.654227 0.995225
vt 0.660645 0.994486
vt 0.662107 0.995235
vt 0.663299 0.995056
vt 0.665675 0.995378
vt 0.667216 0.994669
vt 0.669315 0.994209
vt 0.674435 0.995004
vt 0.676383 0.994621
vt 0.625017 0.994540
vt 0.633727 0.994872
vt 0.637696 0.994456
vt 0.638691 0.994721
vt 0.642730 0.994926
vt 0.644202 0.994362
vt 0.656776 0.994766
vt 0.659727 0.994760
vt 0.664466 0.994953
vt 0.668080 0.994561
vt 0.675265 0.994122
vt 0.681796 0.994521
vt 0.627293 0.994254
vt 0.627772 0.994638
vt 0.628718 0.994572
vt 0.641557 0.994441
vt 0.645171 0.993962
vt 0.645734 0.994333
vt 0.646202 0.994501
vt 0.647877 0.994437
vt 0.662335 0.994626
vt 0.665545 0.994573
vt 0.667762 0.994301
vt 0.670157 0.994673
vt 0.683148 0.994183
vt 0.686386 0.994670
vt 0.686946 0.994405
vt 0.687498 0.993328
vt 0.637023 0.994198
vt 0.642995 0.993849
vt 0.648813 0.994011
vt 0.650510 0.994429
vt 0.651133 0.994056
vt 0.653482 0.993777
vt 0.657376 0.994099
vt 0.661571 0.994237
vt 0.662916 0.994001
vt 0.664525 0.994410
vt 0.666372 0.994369
vt 0.671997 0.994303
vt 0.677704 0.994497
vt 0.679881 0.993951
vt 0.626690 0.994123
vt 0.629412 0.994195
vt 0.641966 0.993802
vt 0.646448 0.993725
vt 0.658506 0.994004
vt 0.663868 0.993861
vt 0.668095 0.993939
vt 0.668887 0.994047
vt 0.678481 0.993185
vt 0.684092 0.993346
vt 0.630103 0.993509
vt 0.631393 0.993147
vt 0.633459 0.993689
vt 0.634124 0.993823
vt 0.634771 0.993587
vt 0.638086 0.993514
vt 0.638800 0.993622
vt 0.639638 0.993244
vt 0.649460 0.993937
vt 0.652120 0.993343
vt 0.654946 0.993671
vt 0.655919 0.993771
vt 0.659583 0.993511
vt 0.665771 0.994177
vt 0.667651 0.993536
vt 0.673285 0.993448
vt 0.685476 0.993858
vt 0.625017 0.993417
vt 0.628145 0.993361
vt 0.632504 0.993464
vt 0.635779 0.992897
vt 0.640317 0.993514
vt 0.645887 0.993350
vt 0.646857 0.993464
vt 0.664625 0.993561
vt 0.666670 0.993550
vt 0.669465 0.993601
vt 0.670373 0.993675
vt 0.672079 0.993299
vt 0.677185 0.992834
vt 0.626403 0.993611
vt 0.626839 0.993015
vt 0.629352 0.993021
vt 0.643884 0.993215
vt 0.647650 0.992866
vt 0.650117 0.993261
vt 0.657049 0.992943
vt 0.660384 0.993235
vt 0.661923 0.993042
vt 0.668488 0.993518
vt 0.669455 0.992963
vt 0.671115 0.993164
vt 0.675451 0.992564
vt 0.686329 0.993050
vt 0.626026 0.993098
vt 0.633447 0.993231
vt 0.634349 0.993136
vt 0.635038 0.992427
vt 0.637209 0.992525
vt 0.650244 0.992745
vt 0.653529 0.992946
vt 0.658336 0.992716
vt 0.665024 0.993050
vt 0.666273 0.993119
vt 0.668877 0.993401
vt 0.682236 0.992438
vt 0.627112 0.992655
vt 0.629889 0.992544
vt 0.640276 0.992818
vt 0.641008 0.992206
vt 0.641916 0.993085
vt 0.642707 0.992533
vt 0.651801 0.992375
vt 0.660628 0.992491
vt 0.663450 0.992815
vt 0.664227 0.992214
vt 0.666749 0.992624
vt 0.667423 0.992910
vt 0.669830 0.992660
vt 0.674407 0.992526
vt 0.681269 0.992501
vt 0.683079 0.992257
vt 0.685515 0.992474
vt 0.625006 0.992523
vt 0.627880 0.992460
vt 0.632169 0.992795
vt 0.638380 0.992359
vt 0.646576 0.992448
vt 0.648627 0.992068
vt 0.654817 0.992433
vt 0.656236 0.992039
vt 0.659177 0.992671
vt 0.665393 0.992458
vt 0.668735 0.992526
vt 0.632331 0.992230
vt 0.632881 0.991809
vt 0.634472 0.991752
vt 0.639410 0.992293
vt 0.650928 0.991872
vt 0.657707 0.992250
vt 0.662940 0.992022
vt 0.667045 0.992283
vt 0.668779 0.992058
vt 0.671618 0.992243
vt 0.672761 0.992323
vt 0.678910 0.991860
vt 0.683973 0.991828
vt 0.686769 0.992095
vt 0.626119 0.991994
vt 0.628774 0.992042
vt 0.629382 0.991903
vt 0.641820 0.992193
vt 0.642990 0.991689
vt 0.644364 0.991701
vt 0.646930 0.991880
vt 0.666100 0.992166
vt 0.667918 0.992218
vt 0.669460 0.991950
vt 0.670307 0.991712
vt 0.677663 0.992063
vt 0.630576 0.991941
vt 0.631543 0.991293
vt 0.639807 0.991862
vt 0.652481 0.991217
vt 0.659345 0.991318
vt 0.660749 0.991436
vt 0.661840 0.991833
vt 0.671233 0.991636
vt 0.672189 0.991275
vt 0.673346 0.990827
vt 0.676449 0.991763
vt 0.684594 0.991940
vt 0.687498 0.991749
vt 0.625888 0.991090
vt 0.628229 0.991343
vt 0.632098 0.991436
vt 0.638005 0.991409
vt 0.642186 0.991849
vt 0.645788 0.991422
vt 0.649723 0.991254
vt 0.656900 0.991063
vt 0.658225 0.991133
vt 0.665445 0.991912
vt 0.667196 0.991389
vt 0.669806 0.991324
vt 0.680210 0.991505
vt 0.633705 0.991299
vt 0.635328 0.990705
vt 0.636223 0.991080
vt 0.639988 0.991236
vt 0.653481 0.990590
vt 0.663088 0.990959
vt 0.665905 0.991327
vt 0.668298 0.991430
vt 0.682418 0.991261
vt 0.630164 0.991141
vt 0.630760 0.991281
vt 0.632496 0.991370
vt 0.636938 0.990755
vt 0.640680 0.990986
vt 0.641348 0.991188
vt 0.646279 0.990966
vt 0.647293 0.990698
vt 0.648465 0.990722
vt 0.655024 0.990714
vt 0.661226 0.990907
vt 0.663959 0.990782
vt 0.665199 0.991203
vt 0.665531 0.990548
vt 0.667773 0.991231
vt 0.668794 0.991013
vt 0.676715 0.990469
vt 0.681470 0.990843
vt 0.683353 0.990960
vt 0.684076 0.991084
vt 0.684976 0.990975
vt 0.686244 0.990853
vt 0.626779 0.990793
vt 0.633107 0.990869
vt 0.641976 0.991034
vt 0.643417 0.990542
vt 0.651102 0.990500
vt 0.659867 0.990475
vt 0.661971 0.990387
vt 0.667130 0.991039
vt 0.670101 0.990454
vt 0.675280 0.990659
vt 0.678670 0.990609
vt 0.625013 0.990022
vt 0.629186 0.990256
vt 0.631900 0.990382
vt 0.638881 0.990216
vt 0.641251 0.990463
vt 0.642540 0.990109
vt 0.655880 0.990115
vt 0.664863 0.990731
vt 0.666309 0.990802
vt 0.667711 0.990186
vt 0.669467 0.990344
vt 0.670625 0.990140
vt 0.625812 0.990389
vt 0.626929 0.990333
vt 0.628252 0.990245
vt 0.630067 0.989940
vt 0.634286 0.990100
vt 0.637925 0.990539
vt 0.639964 0.990176
vt 0.641992 0.990297
vt 0.645052 0.990552
vt 0.645593 0.990025
vt 0.649953 0.989766
vt 0.661332 0.990325
vt 0.667201 0.990341
vt 0.679905 0.989705
vt 0.681453 0.989677
vt 0.684145 0.989420
vt 0.631262 0.990006
vt 0.632251 0.990009
vt 0.633261 0.990116
vt 0.636218 0.989608
vt 0.640505 0.990025
vt 0.646219 0.990287
vt 0.656907 0.989940
vt 0.662878 0.989886
vt 0.668823 0.989763
vt 0.671854 0.990048
vt 0.674144 0.989596
vt 0.678771 0.989793
vt 0.683067 0.989729
vt 0.685685 0.989351
vt 0.687496 0.988755
vt 0.647238 0.989624
vt 0.658011 0.989192
vt 0.659074 0.989577
vt 0.659965 0.989413
vt 0.665324 0.989466
vt 0.666904 0.990184
vt 0.667995 0.989529
vt 0.626173 0.989831
vt 0.628002 0.989192
vt 0.635543 0.989610
vt 0.637413 0.989344
vt 0.641473 0.989675
vt 0.643654 0.989583
vt 0.647251 0.989041
vt 0.652236 0.988696
vt 0.653496 0.988575
vt 0.662343 0.989461
vt 0.663229 0.989065
vt 0.664262 0.989623
vt 0.666013 0.989526
vt 0.669850 0.989326
vt 0.673609 0.989026
vt 0.676104 0.989760
vt 0.677732 0.989144
vt 0.686796 0.989484
vt 0.627206 0.989686
vt 0.629648 0.989488
vt 0.634267 0.989408
vt 0.639579 0.989469
vt 0.641831 0.989364
vt 0.645017 0.989485
vt 0.645094 0.988842
vt 0.646077 0.989203
vt 0.664417 0.988818
vt 0.667186 0.989503
vt 0.668645 0.989519
vt 0.671430 0.989006
vt 0.672799 0.989217
vt 0.674948 0.988623
vt 0.625734 0.989044
vt 0.630639 0.989102
vt 0.631390 0.988519
vt 0.632688 0.989044
vt 0.633471 0.989055
vt 0.634848 0.988965
vt 0.638493 0.989011
vt 0.640414 0.988791
vt 0.642228 0.989163
vt 0.644363 0.988871
vt 0.648906 0.989038
vt 0.650727 0.988907
vt 0.656614 0.988879
vt 0.661177 0.989141
vt 0.665047 0.988900
vt 0.670402 0.989080
vt 0.676629 0.988181
vt 0.681558 0.988434
vt 0.625007 0.988943
vt 0.625866 0.988621
vt 0.642522 0.988581
vt 0.643552 0.988470
vt 0.657556 0.988693
vt 0.663788 0.988751
vt 0.666012 0.988814
vt 0.668348 0.988423
vt 0.675192 0.987819
vt 0.678229 0.988359
vt 0.683406 0.988273
vt 0.630042 0.988689
vt 0.632033 0.988419
vt 0.635996 0.988697
vt 0.638121 0.988752
vt 0.638742 0.988177
vt 0.641035 0.988849
vt 0.641827 0.988767
vt 0.654981 0.988278
vt 0.659021 0.988689
vt 0.661924 0.988408
vt 0.667186 0.988683
vt 0.667714 0.988847
vt 0.667866 0.988244
vt 0.671537 0.988355
vt 0.679635 0.988743
vt 0.627051 0.988452
vt 0.628174 0.988517
vt 0.629601 0.988174
vt 0.633384 0.988122
vt 0.634132 0.988559
vt 0.634638 0.988232
vt 0.635421 0.988411
vt 0.640027 0.988428
vt 0.644780 0.988172
vt 0.659831 0.988024
vt 0.664761 0.988307
vt 0.666415 0.988145
vt 0.669938 0.988482
vt 0.680247 0.987829
vt 0.684277 0.987921
vt 0.685780 0.988314
vt 0.687017 0.987812
vt 0.630471 0.988233
vt 0.632645 0.988117
vt 0.641310 0.988372
vt 0.645662 0.988249
vt 0.647326 0.988364
vt 0.649144 0.987699
vt 0.651201 0.988123
vt 0.657355 0.987986
vt 0.660792 0.987925
vt 0.663027 0.987964
vt 0.665310 0.988142
vt 0.669435 0.987898
vt 0.672318 0.987745
vt 0.625013 0.987905
vt 0.631245 0.987764
vt 0.636161 0.987732
vt 0.636594 0.987967
vt 0.637192 0.987504
vt 0.637782 0.988075
vt 0.639183 0.987865
vt 0.641914 0.987845
vt 0.644652 0.987310
vt 0.647355 0.987129
vt 0.655685 0.987532
vt 0.658226 0.987620
vt 0.668593 0.987672
vt 0.670269 0.987818
vt 0.673024 0.987200
vt 0.681653 0.987715
vt 0.625751 0.987494
vt 0.626710 0.987451
vt 0.627479 0.987365
vt 0.628689 0.987556
vt 0.630246 0.987730
vt 0.635058 0.987435
vt 0.638248 0.987478
vt 0.642308 0.987486
vt 0.643333 0.987697
vt 0.645976 0.987323
vt 0.652975 0.987217
vt 0.653963 0.987604
vt 0.664174 0.987598
vt 0.665486 0.987336
vt 0.671710 0.987746
vt 0.678575 0.987421
vt 0.682395 0.986927
vt 0.684902 0.986861
vt 0.631827 0.987098
vt 0.632702 0.986624
vt 0.634009 0.987493
vt 0.639940 0.987475
vt 0.640803 0.986993
vt 0.641441 0.987081
vt 0.642405 0.987103
vt 0.649808 0.987073
vt 0.661673 0.987433
vt 0.667000 0.987332
vt 0.667947 0.987581
vt 0.669661 0.987356
vt 0.670458 0.987229
vt 0.686028 0.986989
vt 0.625015 0.986753
vt 0.629963 0.986675
vt 0.633821 0.987066
vt 0.635861 0.987264
vt 0.643357 0.986607
vt 0.645885 0.986209
vt 0.650391 0.986474
vt 0.658920 0.986999
vt 0.659674 0.986187
vt 0.662302 0.986878
vt 0.666599 0.986969
vt 0.668985 0.987058
vt 0.676798 0.987153
vt 0.679848 0.986557
vt 0.687495 0.985919
vt 0.629206 0.986440
vt 0.636600 0.986972
vt 0.639407 0.987047
vt 0.644810 0.986287
vt 0.655102 0.986779
vt 0.656447 0.986527
vt 0.662960 0.986380
vt 0.664036 0.986178
vt 0.668076 0.986683
vt 0.671060 0.986553
vt 0.672125 0.986730
vt 0.673904 0.986364
vt 0.679116 0.986465
vt 0.635177 0.986772
vt 0.635800 0.986247
vt 0.637589 0.986641
vt 0.641793 0.986624
vt 0.643669 0.985982
vt 0.657537 0.986016
vt 0.667887 0.986926
vt 0.669831 0.986009
vt 0.675426 0.986350
vt 0.677574 0.986126
vt 0.680860 0.985943
vt 0.683443 0.985815
vt 0.687026 0.985996
vt 0.625553 0.985255
vt 0.627027 0.986049
vt 0.631549 0.985425
vt 0.634187 0.986241
vt 0.649176 0.985656
vt 0.651205 0.986053
vt 0.661139 0.985729
vt 0.664912 0.986547
vt 0.666998 0.986178
vt 0.670292 0.986456
vt 0.630426 0.986180
vt 0.639258 0.985496
vt 0.640527 0.986313
vt 0.641207 0.986362
vt 0.642600 0.986161
vt 0.661761 0.985805
vt 0.665799 0.986085
vt 0.668138 0.985746
vt 0.670802 0.985624
vt 0.672630 0.985267
vt 0.676236 0.985919
vt 0.685805 0.985883
vt 0.629572 0.985979
vt 0.632218 0.985858
vt 0.633197 0.985848
vt 0.634927 0.986240
vt 0.636045 0.985476
vt 0.641804 0.986147
vt 0.655123 0.985879
vt 0.660114 0.985546
vt 0.662402 0.985866
vt 0.671735 0.985920
vt 0.684417 0.985724
vt 0.625010 0.985261
vt 0.628586 0.985608
vt 0.629956 0.985367
vt 0.630666 0.985439
vt 0.633826 0.985664
vt 0.635422 0.985411
vt 0.637101 0.985194
vt 0.639765 0.985370
vt 0.646878 0.985294
vt 0.653823 0.985245
vt 0.663261 0.985574
vt 0.665015 0.985568
vt 0.665703 0.985509
vt 0.667445 0.985629
vt 0.668445 0.985178
vt 0.681909 0.985578
vt 0.627798 0.985024
vt 0.629597 0.985048
vt 0.634222 0.985178
vt 0.638002 0.985278
vt 0.640666 0.985459
vt 0.641768 0.985111
vt 0.644134 0.985107
vt 0.648768 0.984071
vt 0.656333 0.984971
vt 0.659220 0.984955
vt 0.666496 0.985180
vt 0.670403 0.984973
vt 0.674386 0.985368
vt 0.675851 0.985091
vt 0.677749 0.984941
vt 0.626720 0.984884
vt 0.632649 0.984884
vt 0.633471 0.984473
vt 0.652342 0.984812
vt 0.651256 0.985275
vt 0.657640 0.984862
vt 0.667414 0.984970
vt 0.669515 0.985431
vt 0.669748 0.984657
vt 0.671956 0.984435
vt 0.679074 0.984956
vt 0.685051 0.984523
vt 0.630493 0.984719
vt 0.638519 0.984911
vt 0.640271 0.985045
vt 0.640612 0.984760
vt 0.642076 0.984641
vt 0.644996 0.984738
vt 0.658521 0.984289
vt 0.660524 0.984643
vt 0.662199 0.984982
vt 0.663680 0.984687
vt 0.664672 0.984523
vt 0.672797 0.984666
vt 0.673771 0.984398
vt 0.679740 0.984176
vt 0.683849 0.984632
vt 0.628789 0.984784
vt 0.631305 0.984474
vt 0.635332 0.984879
vt 0.636723 0.984770
vt 0.643427 0.984660
vt 0.648268 0.984654
vt 0.655049 0.984518
vt 0.661443 0.984405
vt 0.663050 0.984709
vt 0.665585 0.984791
vt 0.668952 0.984241
vt 0.670913 0.984316
vt 0.681132 0.984418
vt 0.682918 0.984363
vt 0.625020 0.984002
vt 0.627369 0.984547
vt 0.630809 0.984024
vt 0.634009 0.984666
vt 0.637630 0.984357
vt 0.638929 0.984494
vt 0.639710 0.984261
vt 0.646640 0.984042
vt 0.650413 0.984203
vt 0.661967 0.984406
vt 0.666274 0.984000
vt 0.666476 0.983867
vt 0.667844 0.984323
vt 0.674964 0.983815
vt 0.685670 0.983410
vt 0.687496 0.984292
vt 0.628449 0.984025
vt 0.629404 0.983771
vt 0.630092 0.984157
vt 0.632452 0.984203
vt 0.635323 0.983911
vt 0.636484 0.984053
vt 0.638480 0.984442
vt 0.640375 0.983721
vt 0.641143 0.984015
vt 0.651865 0.983638
vt 0.665665 0.984270
vt 0.675739 0.984281
vt 0.677683 0.983823
vt 0.625943 0.983867
vt 0.626920 0.984076
vt 0.633959 0.984054
vt 0.634373 0.983651
vt 0.644995 0.983635
vt 0.653379 0.983642
vt 0.655523 0.983094
vt 0.659083 0.983330
vt 0.660349 0.983801
vt 0.662476 0.983910
vt 0.662786 0.983299
vt 0.663581 0.983639
vt 0.664793 0.983772
vt 0.667736 0.983525
vt 0.670156 0.983672
vt 0.672737 0.983856
vt 0.682216 0.983865
vt 0.684403 0.983366
vt 0.627320 0.982886
vt 0.628745 0.983688
vt 0.632872 0.983741
vt 0.633468 0.983477
vt 0.637180 0.983737
vt 0.638290 0.983550
vt 0.639070 0.983619
vt 0.641442 0.982871
vt 0.654090 0.982932
vt 0.656808 0.983280
vt 0.661689 0.983705
vt 0.668970 0.983532
vt 0.671003 0.983095
vt 0.671821 0.983276
vt 0.630267 0.983299
vt 0.631956 0.983369
vt 0.632392 0.983005
vt 0.634794 0.983496
vt 0.639681 0.983300
vt 0.642958 0.983496
vt 0.649237 0.983231
vt 0.657641 0.983123
vt 0.665017 0.983093
vt 0.665442 0.983624
vt 0.676391 0.983279
vt 0.678448 0.982772
vt 0.680897 0.983033
vt 0.625014 0.983201
vt 0.630797 0.982909
vt 0.631327 0.983127
vt 0.636596 0.983036
vt 0.637702 0.982833
vt 0.650877 0.983110
vt 0.664301 0.983108
vt 0.665592 0.983037
vt 0.666209 0.983217
vt 0.667765 0.982800
vt 0.669776 0.982977
vt 0.672422 0.983215
vt 0.672739 0.982828
vt 0.679720 0.982778
vt 0.683317 0.982887
vt 0.625877 0.982897
vt 0.629191 0.983005
vt 0.635331 0.982381
vt 0.639237 0.982643
vt 0.639948 0.982380
vt 0.643165 0.982460
vt 0.644706 0.982075
vt 0.646926 0.982834
vt 0.666496 0.982912
vt 0.668295 0.982508
vt 0.674596 0.982841
vt 0.676095 0.982259
vt 0.677758 0.983066
vt 0.685982 0.981617
vt 0.687495 0.982468
vt 0.629934 0.982643
vt 0.631546 0.982656
vt 0.633787 0.982739
vt 0.636340 0.982346
vt 0.638006 0.982266
vt 0.658241 0.981813
vt 0.659403 0.981961
vt 0.660315 0.982321
vt 0.661490 0.982582
vt 0.663181 0.981695
vt 0.668997 0.982651
vt 0.670033 0.981998
vt 0.671662 0.982587
vt 0.625019 0.982328
vt 0.630558 0.982502
vt 0.632895 0.982029
vt 0.634653 0.982543
vt 0.664713 0.982272
vt 0.666571 0.982280
vt 0.669377 0.982358
vt 0.676421 0.981735
vt 0.677397 0.982203
vt 0.681971 0.981941
vt 0.684611 0.981592
vt 0.626285 0.982165
vt 0.627886 0.982204
vt 0.628685 0.982117
vt 0.629452 0.981979
vt 0.636802 0.982008
vt 0.641223 0.981528
vt 0.647557 0.981874
vt 0.648889 0.982096
vt 0.650409 0.981710
vt 0.651788 0.981789
vt 0.654483 0.981700
vt 0.655876 0.982044
vt 0.656704 0.981694
vt 0.664111 0.982091
vt 0.665779 0.982003
vt 0.667188 0.981831
vt 0.672800 0.981445
vt 0.678260 0.981424
vt 0.683414 0.981970
vt 0.626882 0.981995
vt 0.630778 0.981596
vt 0.631619 0.981748
vt 0.632105 0.981753
vt 0.633200 0.981637
vt 0.634482 0.981262
vt 0.657499 0.981478
vt 0.661882 0.981780
vt 0.668827 0.981750
vt 0.671876 0.981806
vt 0.673913 0.981669
vt 0.674863 0.981578
vt 0.625419 0.981271
vt 0.629058 0.981431
vt 0.630465 0.981649
vt 0.633587 0.981276
vt 0.635783 0.981402
vt 0.636235 0.981851
vt 0.636936 0.981667
vt 0.638088 0.981418
vt 0.638640 0.980931
vt 0.640192 0.980950
vt 0.642891 0.981360
vt 0.645432 0.981266
vt 0.652330 0.980940
vt 0.661239 0.981636
vt 0.666721 0.981929
vt 0.670556 0.981227
vt 0.675242 0.981106
vt 0.680042 0.981025
vt 0.625009 0.980963
vt 0.629943 0.981448
vt 0.639389 0.981478
vt 0.644356 0.981344
vt 0.647731 0.980917
vt 0.649518 0.981211
vt 0.664099 0.981143
vt 0.665913 0.981429
vt 0.680869 0.980754
vt 0.682190 0.980693
vt 0.626762 0.980545
vt 0.631257 0.980817
vt 0.664928 0.980745
vt 0.666519 0.981151
vt 0.667543 0.981095
vt 0.668191 0.980762
vt 0.676449 0.981026
vt 0.683421 0.980920
vt 0.627394 0.980549
vt 0.629891 0.981012
vt 0.630615 0.980920
vt 0.632550 0.980923
vt 0.636713 0.981066
vt 0.645600 0.980262
vt 0.654272 0.980470
vt 0.655703 0.981117
vt 0.658759 0.980932
vt 0.662426 0.980760
vt 0.671527 0.980769
vt 0.679080 0.980568
vt 0.628964 0.980666
vt 0.632959 0.980214
vt 0.633415 0.980701
vt 0.634603 0.980678
vt 0.638080 0.980673
vt 0.639330 0.980634
vt 0.650690 0.980006
vt 0.653273 0.979893
vt 0.660273 0.980286
vt 0.661172 0.980610
vt 0.665820 0.980696
vt 0.669612 0.980454
vt 0.673659 0.980255
vt 0.676043 0.980438
vt 0.677480 0.980430
vt 0.684197 0.980160
vt 0.625017 0.980536
vt 0.625567 0.979829
vt 0.631037 0.980252
vt 0.634117 0.980342
vt 0.635460 0.980412
vt 0.636877 0.980360
vt 0.641620 0.980622
vt 0.649188 0.979847
vt 0.655912 0.980278
vt 0.657116 0.980424
vt 0.658172 0.979894
vt 0.663508 0.980464
vt 0.665513 0.980051
vt 0.674341 0.980284
vt 0.675066 0.980190
vt 0.678303 0.980123
vt 0.686139 0.979566
vt 0.687496 0.980787
vt 0.628697 0.980079
vt 0.629860 0.980189
vt 0.638414 0.980140
vt 0.638835 0.980262
vt 0.639235 0.979576
vt 0.643511 0.979353
vt 0.646461 0.979436
vt 0.662868 0.980196
vt 0.664306 0.980251
vt 0.666436 0.979662
vt 0.666886 0.980120
vt 0.667984 0.980006
vt 0.668549 0.979876
vt 0.672476 0.980271
vt 0.675449 0.980345
vt 0.679755 0.979772
vt 0.632061 0.980169
vt 0.633435 0.979708
vt 0.636308 0.980067
vt 0.640027 0.979450
vt 0.642415 0.979716
vt 0.647827 0.979454
vt 0.658894 0.979637
vt 0.661697 0.979801
vt 0.669252 0.979612
vt 0.670444 0.980022
vt 0.671106 0.979635
vt 0.681732 0.979755
vt 0.685015 0.979550
vt 0.625014 0.979509
vt 0.626342 0.979114
vt 0.627161 0.979176
vt 0.630513 0.979712
vt 0.632630 0.979659
vt 0.634258 0.979688
vt 0.635663 0.979765
vt 0.637120 0.979407
vt 0.638473 0.979678
vt 0.652538 0.978682
vt 0.654614 0.979545
vt 0.655772 0.979581
vt 0.660332 0.979178
vt 0.662533 0.979538
vt 0.663723 0.979293
vt 0.675355 0.979633
vt 0.679104 0.980038
vt 0.683239 0.979696
vt 0.629801 0.979259
vt 0.630991 0.979334
vt 0.636237 0.978853
vt 0.637316 0.978787
vt 0.641073 0.979450
vt 0.644486 0.978384
vt 0.653602 0.979042
vt 0.664029 0.978642
vt 0.665631 0.979604
vt 0.673201 0.979070
vt 0.674247 0.979286
vt 0.676236 0.979167
vt 0.676870 0.979405
vt 0.678568 0.979454
vt 0.680860 0.979014
vt 0.686698 0.978878
vt 0.628632 0.978875
vt 0.633457 0.978577
vt 0.634789 0.978965
vt 0.635629 0.979280
vt 0.664811 0.978925
vt 0.668179 0.979232
vt 0.669728 0.978753
vt 0.670361 0.978810
vt 0.677129 0.978895
vt 0.678141 0.978710
vt 0.683044 0.978829
vt 0.632232 0.979061
vt 0.639520 0.978513
vt 0.641303 0.978824
vt 0.650743 0.978746
vt 0.654379 0.978525
vt 0.656636 0.978578
vt 0.657811 0.978707
vt 0.659025 0.978213
vt 0.663178 0.978687
vt 0.665649 0.978447
vt 0.666543 0.978947
vt 0.666953 0.978481
vt 0.668665 0.978465
vt 0.671828 0.978851
vt 0.675637 0.978473
vt 0.679855 0.978706
vt 0.625009 0.978500
vt 0.629367 0.978694
vt 0.631275 0.978688
vt 0.632370 0.978441
vt 0.634819 0.978456
vt 0.638455 0.978463
vt 0.648846 0.978441
vt 0.660216 0.977805
vt 0.661984 0.978552
vt 0.662658 0.978808
vt 0.679169 0.978234
vt 0.683961 0.978276
vt 0.685511 0.978232
vt 0.687496 0.977547
vt 0.627291 0.978417
vt 0.635947 0.978289
vt 0.636788 0.978348
vt 0.642616 0.978277
vt 0.647406 0.978215
vt 0.655390 0.978328
vt 0.667689 0.978448
vt 0.670985 0.977962
vt 0.672839 0.978081
vt 0.676507 0.977951
vt 0.630507 0.977597
vt 0.632972 0.978088
vt 0.637536 0.978023
vt 0.639107 0.978023
vt 0.639819 0.977760
vt 0.664722 0.978151
vt 0.666360 0.978047
vt 0.672106 0.978008
vt 0.676819 0.977654
vt 0.686409 0.977370
vt 0.625008 0.977793
vt 0.626999 0.977784
vt 0.629784 0.977738
vt 0.641106 0.977609
vt 0.644946 0.977302
vt 0.650346 0.977327
vt 0.651810 0.977594
vt 0.653758 0.977695
vt 0.656834 0.977182
vt 0.661709 0.977681
vt 0.663123 0.977996
vt 0.664070 0.978146
vt 0.665481 0.977685
vt 0.668057 0.977759
vt 0.668899 0.977585
vt 0.670160 0.978039
vt 0.674625 0.977960
vt 0.678216 0.977140
vt 0.679502 0.977321
vt 0.681023 0.977806
vt 0.682975 0.977362
vt 0.628169 0.977587
vt 0.631395 0.977653
vt 0.635213 0.977704
vt 0.636937 0.977440
vt 0.652481 0.976758
vt 0.655659 0.977640
vt 0.655876 0.976901
vt 0.667144 0.977534
vt 0.671364 0.977640
vt 0.672341 0.977246
vt 0.676158 0.977628
vt 0.682313 0.978168
vt 0.684099 0.976760
vt 0.625011 0.976954
vt 0.632999 0.977547
vt 0.633800 0.977003
vt 0.636046 0.977386
vt 0.641526 0.976451
vt 0.646878 0.976676
vt 0.654595 0.976634
vt 0.664183 0.977300
vt 0.666493 0.977494
vt 0.670301 0.977560
vt 0.677587 0.977193
vt 0.685454 0.977209
vt 0.630674 0.976688
vt 0.632026 0.976888
vt 0.638329 0.977103
vt 0.639949 0.976620
vt 0.648052 0.976362
vt 0.658694 0.976738
vt 0.665161 0.977307
vt 0.665961 0.976657
vt 0.667445 0.977191
vt 0.669553 0.976975
vt 0.680650 0.977233
vt 0.627584 0.976361
vt 0.635308 0.976560
vt 0.642088 0.975821
vt 0.653879 0.976664
vt 0.657486 0.976363
vt 0.660804 0.976338
vt 0.661577 0.976804
vt 0.662410 0.976293
vt 0.667751 0.976939
vt 0.668520 0.976587
vt 0.671076 0.976778
vt 0.673322 0.976727
vt 0.673671 0.975960
vt 0.675926 0.977071
vt 0.681191 0.976200
vt 0.628965 0.976269
vt 0.636800 0.976333
vt 0.644217 0.975903
vt 0.651670 0.975789
vt 0.659696 0.976628
vt 0.664228 0.976787
vt 0.666966 0.976525
vt 0.668067 0.976341
vt 0.669103 0.976924
vt 0.670360 0.976789
vt 0.672071 0.976112
vt 0.674717 0.976381
vt 0.676585 0.976570
vt 0.679662 0.976223
vt 0.682055 0.975506
vt 0.686085 0.975804
vt 0.626046 0.975833
vt 0.629984 0.976337
vt 0.631054 0.975547
vt 0.632657 0.975896
vt 0.637834 0.976213
vt 0.645652 0.975982
vt 0.650435 0.976106
vt 0.661750 0.975705
vt 0.664752 0.976589
vt 0.670786 0.976127
vt 0.677435 0.976218
vt 0.678678 0.975862
vt 0.634651 0.975884
vt 0.656396 0.975901
vt 0.660080 0.976141
vt 0.667742 0.975970
vt 0.670090 0.975974
vt 0.672429 0.975822
vt 0.676201 0.976149
vt 0.633893 0.975890
vt 0.636282 0.975521
vt 0.653752 0.975763
vt 0.654477 0.975793
vt 0.657895 0.975594
vt 0.664820 0.976023
vt 0.666188 0.975795
vt 0.669410 0.975663
vt 0.677921 0.975166
vt 0.682757 0.974788
vt 0.625013 0.975659
vt 0.626830 0.974497
vt 0.628532 0.975155
vt 0.629599 0.975586
vt 0.635120 0.975185
vt 0.638207 0.974721
vt 0.648345 0.975089
vt 0.652081 0.975011
vt 0.654979 0.975102
vt 0.656942 0.975078
vt 0.659421 0.975401
vt 0.663569 0.975365
vt 0.667965 0.975057
vt 0.668896 0.975042
vt 0.673190 0.975200
vt 0.674888 0.975552
vt 0.684206 0.974797
vt 0.628008 0.974651
vt 0.665357 0.975377
vt 0.666751 0.975369
vt 0.671201 0.975280
vt 0.680017 0.975024
vt 0.630036 0.975096
vt 0.631433 0.974915
vt 0.636313 0.974430
vt 0.640222 0.974118
vt 0.646395 0.974487
vt 0.650344 0.975089
vt 0.659741 0.974760
vt 0.662514 0.975255
vt 0.664343 0.975269
vt 0.666176 0.974737
vt 0.667723 0.975352
vt 0.672000 0.974968
vt 0.675437 0.974441
vt 0.676456 0.974928
vt 0.678934 0.974930
vt 0.680894 0.974900
vt 0.687496 0.974582
vt 0.625016 0.974488
vt 0.629495 0.974961
vt 0.632128 0.975005
vt 0.632608 0.974119
vt 0.633656 0.974104
vt 0.639137 0.974488
vt 0.643157 0.974533
vt 0.653516 0.974831
vt 0.656254 0.975329
vt 0.658300 0.974550
vt 0.660476 0.974302
vt 0.664713 0.974750
vt 0.669980 0.974801
vt 0.673474 0.974151
vt 0.641350 0.973998
vt 0.644422 0.973767
vt 0.651261 0.974318
vt 0.654211 0.974101
vt 0.655293 0.974076
vt 0.663447 0.974138
vt 0.665356 0.974600
vt 0.667213 0.974326
vt 0.669115 0.974166
vt 0.670795 0.974320
vt 0.686242 0.974435
vt 0.652430 0.973924
vt 0.656164 0.973887
vt 0.656979 0.974079
vt 0.663111 0.974461
vt 0.667567 0.974664
vt 0.668417 0.974070
vt 0.676669 0.974327
vt 0.627599 0.973635
vt 0.628366 0.974058
vt 0.629480 0.973786
vt 0.630039 0.973934
vt 0.631815 0.974083
vt 0.634872 0.974100
vt 0.657865 0.973643
vt 0.661086 0.973837
vt 0.662088 0.974108
vt 0.663979 0.973996
vt 0.664826 0.974172
vt 0.666236 0.974102
vt 0.672212 0.974226
vt 0.681527 0.973624
vt 0.683062 0.973754
vt 0.684874 0.973629
vt 0.631020 0.974155
vt 0.637001 0.973407
vt 0.647223 0.973452
vt 0.648495 0.973355
vt 0.650069 0.973372
vt 0.659177 0.973971
vt 0.665511 0.974071
vt 0.671172 0.972914
vt 0.676497 0.973333
vt 0.677455 0.973770
vt 0.626602 0.973636
vt 0.630488 0.973625
vt 0.643052 0.972944
vt 0.652686 0.973112
vt 0.662990 0.973732
vt 0.667655 0.973654
vt 0.669639 0.973252
vt 0.670748 0.973465
vt 0.680495 0.972972
vt 0.686353 0.973082
vt 0.628510 0.973159
vt 0.631984 0.973141
vt 0.645624 0.973208
vt 0.657463 0.972748
vt 0.659574 0.972983
vt 0.661997 0.973528
vt 0.665826 0.973339
vt 0.667022 0.973381
vt 0.668096 0.973130
vt 0.669094 0.973305
vt 0.674656 0.973308
vt 0.679364 0.973499
vt 0.687496 0.972616
vt 0.625009 0.973495
vt 0.625011 0.972347
vt 0.633739 0.973123
vt 0.638481 0.972824
vt 0.654816 0.972790
vt 0.655472 0.972967
vt 0.658507 0.972527
vt 0.660991 0.972967
vt 0.662244 0.973050
vt 0.663943 0.973270
vt 0.664257 0.972889
vt 0.664741 0.972758
vt 0.672423 0.973079
vt 0.673520 0.972768
vt 0.677866 0.972754
vt 0.684427 0.972417
vt 0.629098 0.972727
vt 0.630075 0.973077
vt 0.631149 0.972811
vt 0.634727 0.972114
vt 0.635854 0.972601
vt 0.636510 0.972038
vt 0.640527 0.972506
vt 0.651508 0.972397
vt 0.653741 0.972804
vt 0.661817 0.972804
vt 0.662954 0.972836
vt 0.667433 0.972276
vt 0.671585 0.972216
vt 0.673227 0.972265
vt 0.675708 0.972643
vt 0.626808 0.972321
vt 0.627944 0.972598
vt 0.632213 0.972537
vt 0.655926 0.971987
vt 0.660104 0.972342
vt 0.663606 0.972773
vt 0.670131 0.972080
vt 0.679994 0.972227
vt 0.681962 0.972307
vt 0.646895 0.971816
vt 0.656945 0.971544
vt 0.664250 0.972248
vt 0.665238 0.972617
vt 0.666677 0.972811
vt 0.666689 0.972102
vt 0.676250 0.972354
vt 0.678925 0.972421
vt 0.625754 0.972139
vt 0.628350 0.972131
vt 0.630315 0.972065
vt 0.633099 0.971055
vt 0.641578 0.971609
vt 0.643391 0.971655
vt 0.644851 0.971739
vt 0.648771 0.971579
vt 0.650421 0.971755
vt 0.665961 0.972050
vt 0.668188 0.971856
vt 0.668819 0.971269
vt 0.674439 0.971680
vt 0.627718 0.972055
vt 0.629866 0.971651
vt 0.631016 0.971634
vt 0.636908 0.971126
vt 0.651785 0.971512
vt 0.652849 0.971379
vt 0.655012 0.971717
vt 0.660553 0.971752
vt 0.662082 0.971071
vt 0.662716 0.971756
vt 0.663458 0.971986
vt 0.664770 0.972034
vt 0.669573 0.971349
vt 0.671902 0.971409
vt 0.677146 0.971780
vt 0.686196 0.971523
vt 0.631738 0.971209
vt 0.639131 0.971224
vt 0.658282 0.971337
vt 0.665401 0.971634
vt 0.679593 0.971140
vt 0.680289 0.970936
vt 0.683204 0.971234
vt 0.625018 0.971300
vt 0.626468 0.971212
vt 0.628658 0.971224
vt 0.664154 0.971336
vt 0.665869 0.971111
vt 0.667065 0.970950
vt 0.674951 0.970883
vt 0.675782 0.970875
vt 0.681532 0.971216
vt 0.684647 0.971470
vt 0.627706 0.971072
vt 0.640336 0.970729
vt 0.646010 0.970666
vt 0.651529 0.970892
vt 0.654306 0.970886
vt 0.656458 0.970903
vt 0.661409 0.970720
vt 0.663355 0.971064
vt 0.664986 0.970602
vt 0.666297 0.970718
vt 0.677273 0.970985
vt 0.684940 0.971027
vt 0.624998 0.970640
vt 0.634551 0.970824
vt 0.641303 0.970184
vt 0.644158 0.970194
vt 0.647745 0.970546
vt 0.658527 0.970557
vt 0.660725 0.971159
vt 0.662661 0.971166
vt 0.671010 0.970648
vt 0.678083 0.970475
vt 0.686136 0.969846
vt 0.626382 0.970409
vt 0.628525 0.970415
vt 0.629374 0.970691
vt 0.637485 0.969515
vt 0.649145 0.970311
vt 0.653021 0.970379
vt 0.654602 0.970253
vt 0.655723 0.970236
vt 0.656884 0.970268
vt 0.659356 0.970277
vt 0.663967 0.969693
vt 0.668123 0.970983
vt 0.672558 0.969925
vt 0.673454 0.969922
vt 0.632177 0.970157
vt 0.642336 0.969760
vt 0.650321 0.970028
vt 0.662401 0.970209
vt 0.663265 0.970326
vt 0.666729 0.970293
vt 0.667463 0.970346
vt 0.669137 0.970359
vt 0.681132 0.970242
vt 0.682124 0.970217
vt 0.625009 0.970063
vt 0.626783 0.969000
vt 0.630474 0.969897
vt 0.635150 0.969605
vt 0.646169 0.970075
vt 0.653324 0.969970
vt 0.659575 0.969320
vt 0.661545 0.969184
vt 0.665418 0.969872
vt 0.668509 0.969719
vt 0.674430 0.969954
vt 0.679409 0.969745
vt 0.684200 0.969605
vt 0.638972 0.969516
vt 0.644373 0.968931
vt 0.654787 0.969665
vt 0.658743 0.969293
vt 0.666454 0.969419
vt 0.676894 0.969798
vt 0.686470 0.969148
vt 0.633322 0.969209
vt 0.651760 0.969376
vt 0.653510 0.969292
vt 0.656928 0.969097
vt 0.664826 0.969697
vt 0.665400 0.969233
vt 0.670284 0.969133
vt 0.672004 0.968824
vt 0.675501 0.969217
vt 0.677865 0.969198
vt 0.687495 0.968526
vt 0.625898 0.969105
vt 0.628524 0.969299
vt 0.631894 0.969074
vt 0.646521 0.968830
vt 0.648690 0.969257
vt 0.666807 0.968887
vt 0.667752 0.968779
vt 0.668565 0.968857
vt 0.680113 0.968983
vt 0.681336 0.969207
vt 0.625420 0.968542
vt 0.629109 0.968954
vt 0.629921 0.968704
vt 0.634532 0.968444
vt 0.640199 0.968953
vt 0.642399 0.968284
vt 0.655630 0.968933
vt 0.660470 0.968331
vt 0.662401 0.968902
vt 0.663175 0.968810
vt 0.673270 0.968758
vt 0.649710 0.967705
vt 0.664367 0.969042
vt 0.676717 0.968193
vt 0.678518 0.968247
vt 0.682016 0.967905
vt 0.625012 0.968544
vt 0.632357 0.968931
vt 0.635799 0.968461
vt 0.637214 0.968004
vt 0.647692 0.968102
vt 0.653205 0.968542
vt 0.656038 0.967979
vt 0.657195 0.968384
vt 0.661574 0.968219
vt 0.663731 0.968830
vt 0.665407 0.968713
vt 0.674833 0.967986
vt 0.675805 0.968231
vt 0.633058 0.968477
vt 0.641089 0.968289
vt 0.650721 0.967801
vt 0.654009 0.967705
vt 0.658495 0.968276
vt 0.659534 0.968250
vt 0.664438 0.968513
vt 0.664985 0.968352
vt 0.665916 0.967896
vt 0.667071 0.968516
vt 0.680560 0.967534
vt 0.683148 0.967844
vt 0.684559 0.968206
vt 0.627516 0.967563
vt 0.630475 0.967383
vt 0.645319 0.967958
vt 0.648798 0.967652
vt 0.652305 0.968069
vt 0.654787 0.967633
vt 0.661898 0.967946
vt 0.663953 0.967928
vt 0.669664 0.967890
vt 0.670880 0.967261
vt 0.671829 0.967139
vt 0.677615 0.968043
vt 0.626234 0.967550
vt 0.631789 0.967581
vt 0.639406 0.966893
vt 0.662859 0.967624
vt 0.667165 0.967876
vt 0.678783 0.967287
vt 0.628424 0.966522
vt 0.632648 0.967886
vt 0.642748 0.967110
vt 0.643545 0.966801
vt 0.646244 0.967292
vt 0.659384 0.967102
vt 0.668139 0.967342
vt 0.685481 0.967301
vt 0.634603 0.966830
vt 0.638438 0.966919
vt 0.652712 0.966524
vt 0.656803 0.967008
vt 0.664139 0.967582
vt 0.665048 0.967443
vt 0.672922 0.966841
vt 0.673747 0.966305
vt 0.675352 0.966404
vt 0.629470 0.966681
vt 0.633307 0.966414
vt 0.636666 0.966919
vt 0.647471 0.966771
vt 0.648151 0.966609
vt 0.656088 0.966044
vt 0.658044 0.967030
vt 0.660375 0.967092
vt 0.661060 0.966410
vt 0.663282 0.967126
vt 0.666670 0.966902
vt 0.676484 0.967094
vt 0.679335 0.966525
vt 0.684264 0.967223
vt 0.686388 0.966378
vt 0.687496 0.966767
vt 0.626455 0.966623
vt 0.640605 0.966122
vt 0.644666 0.966699
vt 0.650812 0.966656
vt 0.663978 0.966851
vt 0.664955 0.966737
vt 0.665858 0.966585
vt 0.668818 0.967003
vt 0.670073 0.966369
vt 0.677689 0.966023
vt 0.625012 0.965493
vt 0.635305 0.965693
vt 0.648984 0.966487
vt 0.654963 0.966470
vt 0.655416 0.966177
vt 0.658432 0.965831
vt 0.667564 0.966635
vt 0.668355 0.966678
vt 0.627243 0.965507
vt 0.631718 0.966072
vt 0.642393 0.966054
vt 0.649829 0.965929
vt 0.651545 0.965780
vt 0.657605 0.966191
vt 0.659536 0.966003
vt 0.662576 0.966415
vt 0.666188 0.966197
vt 0.666798 0.966125
vt 0.668784 0.966155
vt 0.675933 0.965940
vt 0.680147 0.965751
vt 0.683873 0.966289
vt 0.644387 0.966134
vt 0.645791 0.965925
vt 0.654479 0.965739
vt 0.661652 0.965719
vt 0.670186 0.965606
vt 0.680797 0.965609
vt 0.682768 0.965936
vt 0.625921 0.965063
vt 0.630308 0.965590
vt 0.633645 0.965750
vt 0.636470 0.965900
vt 0.638986 0.965522
vt 0.647178 0.966052
vt 0.653141 0.965330
vt 0.663475 0.965921
vt 0.664248 0.965837
vt 0.664852 0.965487
vt 0.668943 0.965594
vt 0.671020 0.965325
vt 0.684427 0.965329
vt 0.637585 0.965318
vt 0.648178 0.964905
vt 0.650329 0.964593
vt 0.667918 0.965782
vt 0.672364 0.964788
vt 0.629310 0.965155
vt 0.632299 0.965055
vt 0.640870 0.964821
vt 0.643653 0.964756
vt 0.644640 0.965354
vt 0.646620 0.965252
vt 0.654771 0.964922
vt 0.660324 0.965344
vt 0.661970 0.965319
vt 0.663567 0.965440
vt 0.667807 0.965176
vt 0.672982 0.964419
vt 0.674497 0.965167
vt 0.679085 0.964881
vt 0.687495 0.965179
vt 0.642165 0.965108
vt 0.656742 0.965234
vt 0.657760 0.964345
vt 0.661074 0.965221
vt 0.663073 0.964707
vt 0.665461 0.964680
vt 0.665967 0.965133
vt 0.669304 0.965114
vt 0.676285 0.965007
vt 0.630577 0.964471
vt 0.634576 0.964592
vt 0.636854 0.964172
vt 0.645118 0.964493
vt 0.648852 0.964541
vt 0.656801 0.964624
vt 0.659072 0.964609
vt 0.662623 0.964784
vt 0.676535 0.964223
vt 0.682503 0.964889
vt 0.684720 0.964119
vt 0.625012 0.964810
vt 0.627722 0.964330
vt 0.633048 0.964007
vt 0.635529 0.963666
vt 0.639156 0.964030
vt 0.650736 0.963796
vt 0.651264 0.964400
vt 0.653902 0.964705
vt 0.656053 0.964735
vt 0.664171 0.964856
vt 0.665956 0.964251
vt 0.668613 0.964597
vt 0.671068 0.964450
vt 0.677613 0.964234
vt 0.680304 0.964683
vt 0.681249 0.964568
vt 0.685873 0.964373
vt 0.646368 0.964479
vt 0.655131 0.964087
vt 0.656518 0.964200
vt 0.660269 0.964195
vt 0.661528 0.964116
vt 0.667457 0.964703
vt 0.669935 0.964439
vt 0.674015 0.964248
vt 0.674936 0.964094
vt 0.678476 0.964281
vt 0.683214 0.963643
vt 0.625900 0.963737
vt 0.642266 0.963648
vt 0.651807 0.963915
vt 0.655824 0.963762
vt 0.663812 0.964123
vt 0.664508 0.963626
vt 0.668200 0.964153
vt 0.669316 0.963977
vt 0.687496 0.964024
vt 0.628126 0.963340
vt 0.634311 0.963668
vt 0.641141 0.963304
vt 0.646135 0.963801
vt 0.647506 0.963296
vt 0.653979 0.963163
vt 0.660863 0.963701
vt 0.665074 0.963709
vt 0.675676 0.963968
vt 0.678465 0.963482
vt 0.679920 0.963612
vt 0.682433 0.963925
vt 0.685611 0.963465
vt 0.686846 0.963364
vt 0.631567 0.963176
vt 0.637194 0.963562
vt 0.639910 0.962983
vt 0.643633 0.963546
vt 0.649236 0.963427
vt 0.657487 0.963039
vt 0.659201 0.963326
vt 0.663397 0.963398
vt 0.665559 0.963533
vt 0.667009 0.963655
vt 0.667693 0.963838
vt 0.670050 0.963590
vt 0.671402 0.963423
vt 0.673462 0.962887
vt 0.680931 0.962773
vt 0.684177 0.962814
vt 0.625012 0.962497
vt 0.629942 0.962529
vt 0.633402 0.962389
vt 0.658415 0.962906
vt 0.661488 0.962769
vt 0.668700 0.963194
vt 0.672886 0.963574
vt 0.649826 0.962859
vt 0.652662 0.962726
vt 0.655270 0.962297
vt 0.657108 0.962496
vt 0.662469 0.962818
vt 0.674749 0.963170
vt 0.675306 0.962872
vt 0.676728 0.962667
vt 0.685654 0.962465
vt 0.687496 0.962803
vt 0.625883 0.962817
vt 0.628798 0.962433
vt 0.634750 0.962901
vt 0.643119 0.962197
vt 0.645414 0.962872
vt 0.659485 0.962491
vt 0.660560 0.963030
vt 0.664457 0.962989
vt 0.665630 0.962886
vt 0.666217 0.962508
vt 0.666951 0.962799
vt 0.667584 0.962845
vt 0.670630 0.962436
vt 0.679383 0.962801
vt 0.627489 0.962014
vt 0.631769 0.962296
vt 0.637519 0.962248
vt 0.644430 0.962314
vt 0.645981 0.961918
vt 0.651105 0.962747
vt 0.658800 0.962541
vt 0.663880 0.962332
vt 0.668146 0.962431
vt 0.671908 0.962544
vt 0.679162 0.961780
vt 0.681607 0.962501
vt 0.685952 0.961402
vt 0.626318 0.961871
vt 0.636163 0.962336
vt 0.648318 0.961918
vt 0.650028 0.961715
vt 0.656042 0.961873
vt 0.663307 0.962478
vt 0.669522 0.962478
vt 0.674368 0.962362
vt 0.677620 0.961790
vt 0.679898 0.961715
vt 0.633893 0.961313
vt 0.639028 0.961909
vt 0.651876 0.962019
vt 0.657796 0.962145
vt 0.660864 0.961864
vt 0.661782 0.961739
vt 0.664329 0.961763
vt 0.667143 0.961941
vt 0.673088 0.961692
vt 0.683336 0.961640
vt 0.641360 0.961294
vt 0.652520 0.961064
vt 0.658877 0.961574
vt 0.659759 0.961588
vt 0.662826 0.961893
vt 0.665191 0.961921
vt 0.669752 0.961451
vt 0.675486 0.961748
vt 0.687497 0.961084
vt 0.628602 0.961124
vt 0.630314 0.961248
vt 0.640230 0.961359
vt 0.644178 0.961166
vt 0.646461 0.961372
vt 0.657275 0.961517
vt 0.663482 0.961441
vt 0.670827 0.961211
vt 0.672293 0.961054
vt 0.674041 0.961208
vt 0.681162 0.961597
vt 0.632047 0.961213
vt 0.635782 0.961341
vt 0.645436 0.960819
vt 0.647513 0.961081
vt 0.655698 0.961406
vt 0.658245 0.960874
vt 0.664569 0.960714
vt 0.665872 0.961114
vt 0.666256 0.960986
vt 0.668167 0.960804
vt 0.674780 0.961207
vt 0.676090 0.960707
vt 0.678390 0.961174
vt 0.684165 0.961180
vt 0.638588 0.960742
vt 0.641997 0.960918
vt 0.646833 0.960566
vt 0.649037 0.960741
vt 0.651195 0.960984
vt 0.657387 0.960565
vt 0.667035 0.961099
vt 0.668953 0.960868
vt 0.626711 0.960007
vt 0.637046 0.960767
vt 0.643057 0.959950
vt 0.655186 0.960364
vt 0.659458 0.960107
vt 0.661818 0.960790
vt 0.662963 0.960928
vt 0.664032 0.960932
vt 0.677502 0.960659
vt 0.679861 0.960785
vt 0.681216 0.960736
vt 0.625013 0.960096
vt 0.632438 0.960517
vt 0.634810 0.960236
vt 0.639513 0.960317
vt 0.644093 0.960433
vt 0.647948 0.960341
vt 0.650001 0.960200
vt 0.653200 0.960247
vt 0.656186 0.960595
vt 0.659002 0.960293
vt 0.660782 0.960094
vt 0.670083 0.960367
vt 0.641886 0.960025
vt 0.654071 0.959858
vt 0.662754 0.960230
vt 0.665657 0.960260
vt 0.667963 0.959852
vt 0.671041 0.960332
vt 0.673344 0.960381
vt 0.674455 0.959978
vt 0.683241 0.960017
vt 0.684758 0.959828
vt 0.686408 0.960464
vt 0.628290 0.959963
vt 0.631318 0.960011
vt 0.634222 0.960029
vt 0.636390 0.960033
vt 0.645334 0.958714
vt 0.651440 0.960062
vt 0.657677 0.959550
vt 0.662104 0.959948
vt 0.666182 0.959586
vt 0.667266 0.959958
vt 0.677043 0.959483
vt 0.625012 0.958913
vt 0.629367 0.959411
vt 0.631861 0.959543
vt 0.633116 0.959631
vt 0.637364 0.959575
vt 0.640293 0.959550
vt 0.644116 0.959044
vt 0.648279 0.959512
vt 0.653223 0.959058
vt 0.658435 0.960052
vt 0.663828 0.959764
vt 0.664239 0.959571
vt 0.671537 0.959480
vt 0.672358 0.959081
vt 0.676041 0.959783
vt 0.679671 0.959906
vt 0.680683 0.959801
vt 0.681805 0.959329
vt 0.687501 0.959731
vt 0.647182 0.959579
vt 0.650188 0.958883
vt 0.652232 0.959128
vt 0.656136 0.959296
vt 0.659129 0.959567
vt 0.661314 0.959337
vt 0.662769 0.959435
vt 0.664651 0.959562
vt 0.666361 0.958915
vt 0.668824 0.959281
vt 0.679232 0.959370
vt 0.684899 0.959194
vt 0.634353 0.959569
vt 0.635573 0.959219
vt 0.638346 0.958838
vt 0.642761 0.959256
vt 0.657017 0.958781
vt 0.659310 0.959085
vt 0.670082 0.959375
vt 0.674811 0.959361
vt 0.682236 0.958720
vt 0.685359 0.958718
vt 0.630390 0.959253
vt 0.658642 0.959081
vt 0.659989 0.958756
vt 0.664891 0.958827
vt 0.673559 0.958959
vt 0.675977 0.958365
vt 0.678277 0.958917
vt 0.680167 0.958726
vt 0.636818 0.958497
vt 0.640259 0.958261
vt 0.642954 0.958636
vt 0.648827 0.958700
vt 0.654261 0.958095
vt 0.657696 0.958927
vt 0.660528 0.958857
vt 0.663758 0.958539
vt 0.664382 0.958206
vt 0.667356 0.958742
vt 0.670698 0.958160
vt 0.626217 0.958200
vt 0.632447 0.958449
vt 0.646823 0.958513
vt 0.655896 0.958508
vt 0.662412 0.958597
vt 0.665833 0.958218
vt 0.674697 0.958380
vt 0.677482 0.958034
vt 0.687502 0.958970
vt 0.627730 0.957761
vt 0.629472 0.958323
vt 0.630382 0.957910
vt 0.633185 0.957362
vt 0.649473 0.957965
vt 0.657516 0.957828
vt 0.659580 0.957912
vt 0.660899 0.957989
vt 0.669261 0.957962
vt 0.672266 0.958475
vt 0.683224 0.958231
vt 0.635950 0.957851
vt 0.638543 0.957706
vt 0.643895 0.957971
vt 0.646053 0.957766
vt 0.648397 0.957932
vt 0.652309 0.957810
vt 0.652793 0.957965
vt 0.656619 0.957954
vt 0.658635 0.958281
vt 0.667381 0.957875
vt 0.671851 0.957647
vt 0.673583 0.957974
vt 0.678849 0.957882
vt 0.685506 0.957412
vt 0.634465 0.957458
vt 0.641168 0.957201
vt 0.644772 0.957846
vt 0.647570 0.957818
vt 0.651019 0.957655
vt 0.661808 0.957838
vt 0.662745 0.957415
vt 0.665073 0.957686
vt 0.629187 0.957122
vt 0.631215 0.957475
vt 0.637261 0.957448
vt 0.645199 0.957378
vt 0.646989 0.957390
vt 0.655724 0.957401
vt 0.658662 0.957491
vt 0.674574 0.957820
vt 0.676460 0.957689
vt 0.681001 0.957276
vt 0.683854 0.957173
vt 0.686498 0.957391
vt 0.625011 0.956869
vt 0.648789 0.957283
vt 0.651795 0.956696
vt 0.656057 0.956766
vt 0.659855 0.957392
vt 0.663654 0.957702
vt 0.665412 0.957137
vt 0.668561 0.957127
vt 0.675138 0.957436
vt 0.677122 0.957207
vt 0.679409 0.957377
vt 0.681792 0.957297
vt 0.687495 0.957969
vt 0.626435 0.957102
vt 0.639994 0.956731
vt 0.652751 0.956555
vt 0.654138 0.956681
vt 0.660315 0.956512
vt 0.661238 0.957065
vt 0.664160 0.957195
vt 0.673694 0.957336
vt 0.687496 0.956257
vt 0.638457 0.956583
vt 0.641915 0.956295
vt 0.644865 0.956586
vt 0.645841 0.956635
vt 0.650083 0.956529
vt 0.653342 0.956802
vt 0.657267 0.956937
vt 0.657870 0.956158
vt 0.663473 0.956536
vt 0.666728 0.956996
vt 0.670274 0.956482
vt 0.671986 0.956655
vt 0.673836 0.956668
vt 0.675663 0.956804
vt 0.678093 0.956160
vt 0.629774 0.956550
vt 0.631784 0.955892
vt 0.633873 0.956088
vt 0.648582 0.956365
vt 0.655070 0.956215
vt 0.659286 0.956438
vt 0.662279 0.956315
vt 0.676541 0.956293
vt 0.679477 0.956316
vt 0.626899 0.955879
vt 0.636253 0.956133
vt 0.642824 0.955733
vt 0.663998 0.955873
vt 0.664522 0.956206
vt 0.682502 0.956217
vt 0.685614 0.955885
vt 0.646710 0.955380
vt 0.650309 0.955049
vt 0.652981 0.955629
vt 0.657117 0.955570
vt 0.658293 0.955654
vt 0.665275 0.956129
vt 0.666102 0.955249
vt 0.674763 0.956063
vt 0.681371 0.955695
vt 0.683628 0.956086
vt 0.684205 0.955637
vt 0.628677 0.955610
vt 0.630759 0.955034
vt 0.635089 0.954903
vt 0.637748 0.955340
vt 0.640637 0.955373
vt 0.646201 0.955852
vt 0.647782 0.955765
vt 0.649496 0.955498
vt 0.654216 0.955942
vt 0.656257 0.955532
vt 0.660766 0.955528
vt 0.667188 0.955605
vt 0.672085 0.955448
vt 0.676473 0.955675
vt 0.678486 0.955785
vt 0.680414 0.955293
vt 0.625012 0.954720
vt 0.629338 0.954870
vt 0.644034 0.954767
vt 0.651794 0.954911
vt 0.658750 0.955425
vt 0.662460 0.955644
vt 0.663588 0.955892
vt 0.668146 0.955202
vt 0.671251 0.955361
vt 0.685655 0.954973
vt 0.686726 0.954989
vt 0.645197 0.954966
vt 0.661448 0.955110
vt 0.669218 0.954729
vt 0.678882 0.954777
vt 0.682693 0.954883
vt 0.625976 0.954536
vt 0.633586 0.955076
vt 0.638668 0.954360
vt 0.642959 0.955100
vt 0.647209 0.954415
vt 0.653822 0.954766
vt 0.654792 0.954420
vt 0.659163 0.954910
vt 0.662924 0.955072
vt 0.674374 0.955070
vt 0.677797 0.955363
vt 0.627533 0.954300
vt 0.645578 0.954847
vt 0.656009 0.954631
vt 0.663736 0.954699
vt 0.667337 0.954281
vt 0.675551 0.954721
vt 0.677172 0.954723
vt 0.683856 0.953791
vt 0.687501 0.954942
vt 0.632161 0.954421
vt 0.636479 0.954010
vt 0.640660 0.954608
vt 0.656956 0.954319
vt 0.665120 0.954125
vt 0.666359 0.954615
vt 0.668994 0.953496
vt 0.671017 0.954090
vt 0.673149 0.954280
vt 0.630135 0.953886
vt 0.642106 0.953958
vt 0.649282 0.953939
vt 0.652729 0.953737
vt 0.660177 0.953924
vt 0.661478 0.954258
vt 0.674536 0.954157
vt 0.678296 0.954428
vt 0.681277 0.953619
vt 0.685128 0.954023
vt 0.633435 0.953619
vt 0.644552 0.953913
vt 0.645959 0.954010
vt 0.650498 0.953813
vt 0.656083 0.953793
vt 0.658323 0.954013
vt 0.676537 0.953831
vt 0.679204 0.954080
vt 0.680212 0.953952
vt 0.625967 0.953514
vt 0.626702 0.953198
vt 0.628039 0.952670
vt 0.640925 0.953516
vt 0.647875 0.952867
vt 0.651451 0.953206
vt 0.657120 0.953762
vt 0.659045 0.953283
vt 0.682234 0.953290
vt 0.686213 0.953644
vt 0.625011 0.953439
vt 0.630890 0.953326
vt 0.634439 0.953077
vt 0.637865 0.953581
vt 0.647034 0.953483
vt 0.652888 0.953267
vt 0.655211 0.953466
vt 0.661730 0.953633
vt 0.662858 0.953204
vt 0.663537 0.953833
vt 0.665482 0.953537
vt 0.670362 0.953006
vt 0.672124 0.953387
vt 0.673722 0.953452
vt 0.677935 0.953337
vt 0.687495 0.953446
vt 0.631488 0.952316
vt 0.660763 0.953541
vt 0.665831 0.953111
vt 0.675212 0.953098
vt 0.679546 0.953472
vt 0.682873 0.953177
vt 0.637977 0.951692
vt 0.644758 0.953260
vt 0.645915 0.952775
vt 0.649409 0.952995
vt 0.657857 0.952835
vt 0.660506 0.952541
vt 0.662261 0.952993
vt 0.664035 0.953081
vt 0.666229 0.952504
vt 0.680301 0.952910
vt 0.684473 0.952650
vt 0.642317 0.952762
vt 0.646556 0.952578
vt 0.656440 0.952825
vt 0.665162 0.952894
vt 0.667165 0.952365
vt 0.672485 0.952312
vt 0.676304 0.952669
vt 0.687497 0.952194
vt 0.625013 0.951812
vt 0.630256 0.952544
vt 0.632990 0.952230
vt 0.635872 0.952577
vt 0.639589 0.951548
vt 0.641248 0.952248
vt 0.643623 0.951809
vt 0.645900 0.951668
vt 0.650809 0.952460
vt 0.652111 0.952315
vt 0.653533 0.952080
vt 0.655235 0.952376
vt 0.659524 0.952013
vt 0.663357 0.952242
vt 0.669178 0.952430
vt 0.670883 0.952433
vt 0.671473 0.952161
vt 0.678201 0.952047
vt 0.679712 0.952526
vt 0.683054 0.951843
vt 0.685745 0.952213
vt 0.626091 0.952289
vt 0.636882 0.951792
vt 0.651302 0.952190
vt 0.652860 0.952441
vt 0.658476 0.952264
vt 0.661624 0.952641
vt 0.664070 0.952397
vt 0.667857 0.951598
vt 0.673654 0.951178
vt 0.681058 0.952312
vt 0.629209 0.951534
vt 0.646820 0.951650
vt 0.655910 0.951900
vt 0.656953 0.952239
vt 0.657538 0.951833
vt 0.661698 0.951940
vt 0.664857 0.951725
vt 0.681971 0.951532
vt 0.627055 0.951801
vt 0.634012 0.951626
vt 0.649135 0.951084
vt 0.660996 0.951832
vt 0.662705 0.951117
vt 0.672567 0.951577
vt 0.675042 0.951621
vt 0.676624 0.951523
vt 0.679365 0.951477
vt 0.684745 0.951740
vt 0.634900 0.951082
vt 0.635966 0.951122
vt 0.642016 0.951370
vt 0.644852 0.951111
vt 0.647875 0.951117
vt 0.653696 0.951066
vt 0.654278 0.950792
vt 0.656348 0.951363
vt 0.657101 0.950944
vt 0.665499 0.951565
vt 0.680586 0.951401
vt 0.650272 0.950819
vt 0.651163 0.951046
vt 0.652003 0.951222
vt 0.658071 0.951266
vt 0.660238 0.951043
vt 0.663351 0.951155
vt 0.669805 0.951179
vt 0.671553 0.951071
vt 0.630418 0.951033
vt 0.632389 0.950191
vt 0.637048 0.951138
vt 0.638817 0.950595
vt 0.646459 0.951185
vt 0.652735 0.950936
vt 0.655438 0.951033
vt 0.661596 0.951064
vt 0.666561 0.950496
vt 0.677588 0.951123
vt 0.681369 0.950797
vt 0.684183 0.950306
vt 0.686278 0.950508
vt 0.626520 0.950550
vt 0.644012 0.950473
vt 0.646687 0.950694
vt 0.664350 0.950911
vt 0.668674 0.950676
vt 0.678614 0.950326
vt 0.679461 0.950356
vt 0.625010 0.950061
vt 0.630710 0.949986
vt 0.636436 0.950041
vt 0.640536 0.950207
vt 0.642209 0.950471
vt 0.645524 0.950209
vt 0.647240 0.950654
vt 0.654894 0.950682
vt 0.661855 0.950491
vt 0.664986 0.949955
vt 0.671847 0.950179
vt 0.674553 0.950155
vt 0.683064 0.950689
vt 0.685092 0.950119
vt 0.687495 0.951203
vt 0.628884 0.950137
vt 0.633538 0.950345
vt 0.634276 0.949706
vt 0.656015 0.950575
vt 0.658065 0.950269
vt 0.660902 0.950489
vt 0.663948 0.950342
vt 0.667521 0.950291
vt 0.681967 0.949737
vt 0.647031 0.950371
vt 0.649061 0.950131
vt 0.651382 0.949928
vt 0.652475 0.949891
vt 0.653166 0.949353
vt 0.654616 0.950013
vt 0.655532 0.950076
vt 0.656863 0.950017
vt 0.657353 0.949835
vt 0.658737 0.949673
vt 0.660002 0.950099
vt 0.663361 0.949962
vt 0.670182 0.949765
vt 0.676915 0.950053
vt 0.680532 0.950004
vt 0.626853 0.949659
vt 0.649606 0.949678
vt 0.662160 0.949823
vt 0.665642 0.949609
vt 0.668133 0.949505
vt 0.672550 0.949088
vt 0.674964 0.949428
vt 0.687496 0.949511
vt 0.627849 0.949334
vt 0.631015 0.948528
vt 0.638138 0.948734
vt 0.642750 0.949302
vt 0.644448 0.949037
vt 0.645909 0.949528
vt 0.646740 0.949530
vt 0.647991 0.949571
vt 0.660673 0.949418
vt 0.662961 0.949472
vt 0.663833 0.949228
vt 0.664535 0.949491
vt 0.667527 0.949783
vt 0.683571 0.949433
vt 0.625012 0.948924
vt 0.639504 0.949004
vt 0.640984 0.948560
vt 0.651895 0.949163
vt 0.654822 0.948997
vt 0.655382 0.949038
vt 0.666288 0.949423
vt 0.677584 0.949046
vt 0.686113 0.949645
vt 0.628702 0.948846
vt 0.632733 0.948726
vt 0.634682 0.948981
vt 0.635507 0.948236
vt 0.636647 0.949231
vt 0.647246 0.948645
vt 0.648740 0.948467
vt 0.650476 0.948705
vt 0.653751 0.948830
vt 0.657859 0.949025
vt 0.658411 0.949033
vt 0.659785 0.949107
vt 0.661385 0.949036
vt 0.662215 0.948912
vt 0.665607 0.948946
vt 0.667964 0.948270
vt 0.671171 0.948803
vt 0.676083 0.948882
vt 0.679989 0.949077
vt 0.683039 0.949219
vt 0.684792 0.948630
vt 0.633845 0.948765
vt 0.644903 0.948347
vt 0.656033 0.948789
vt 0.657289 0.948896
vt 0.663284 0.948293
vt 0.666906 0.948670
vt 0.667341 0.948649
vt 0.669667 0.948557
vt 0.673522 0.948414
vt 0.681329 0.948463
vt 0.683061 0.948548
vt 0.626678 0.948358
vt 0.646610 0.948314
vt 0.658791 0.948454
vt 0.660052 0.948148
vt 0.670232 0.948279
vt 0.674650 0.948081
vt 0.678198 0.948108
vt 0.679150 0.948075
vt 0.686131 0.948644
vt 0.636963 0.948347
vt 0.647509 0.948092
vt 0.651847 0.948302
vt 0.657692 0.948242
vt 0.659359 0.948438
vt 0.662816 0.947998
vt 0.665008 0.948417
vt 0.670561 0.948484
vt 0.680215 0.948082
vt 0.682242 0.947671
vt 0.687501 0.948355
vt 0.633257 0.948019
vt 0.642544 0.947965
vt 0.651211 0.947408
vt 0.654582 0.948127
vt 0.655386 0.947985
vt 0.656203 0.947995
vt 0.660726 0.947890
vt 0.664067 0.947898
vt 0.625887 0.947465
vt 0.627440 0.947216
vt 0.628664 0.947860
vt 0.638744 0.947586
vt 0.640537 0.947476
vt 0.643987 0.947336
vt 0.647002 0.947770
vt 0.648193 0.947687
vt 0.652845 0.947960
vt 0.653744 0.947800
vt 0.658155 0.947969
vt 0.658934 0.947679
vt 0.661868 0.947444
vt 0.663522 0.947618
vt 0.665734 0.947752
vt 0.666817 0.947931
vt 0.667853 0.947621
vt 0.671022 0.947728
vt 0.676044 0.947785
vt 0.677014 0.947205
vt 0.629759 0.946661
vt 0.631321 0.947267
vt 0.634884 0.947591
vt 0.637733 0.947005
vt 0.650252 0.947413
vt 0.654291 0.947270
vt 0.657187 0.947044
vt 0.672464 0.946923
vt 0.681508 0.947834
vt 0.683765 0.947505
vt 0.685326 0.947576
vt 0.686679 0.947653
vt 0.687495 0.947769
vt 0.633439 0.947197
vt 0.648755 0.946717
vt 0.656278 0.947351
vt 0.663901 0.947242
vt 0.669328 0.947036
vt 0.678487 0.946579
vt 0.682749 0.947122
vt 0.632013 0.947009
vt 0.635693 0.946856
vt 0.636722 0.946442
vt 0.642774 0.946736
vt 0.644893 0.946688
vt 0.646864 0.946659
vt 0.647631 0.947136
vt 0.652216 0.946949
vt 0.653187 0.946590
vt 0.654011 0.946711
vt 0.655334 0.946689
vt 0.660673 0.947396
vt 0.664621 0.947087
vt 0.666638 0.947237
vt 0.671445 0.946614
vt 0.679656 0.947051
vt 0.680616 0.946405
vt 0.625011 0.946914
vt 0.626446 0.946750
vt 0.634444 0.947035
vt 0.641835 0.945961
vt 0.648262 0.946985
vt 0.658361 0.946290
vt 0.659393 0.946330
vt 0.660684 0.946451
vt 0.665276 0.946401
vt 0.674042 0.946461
vt 0.627732 0.946294
vt 0.645903 0.946308
vt 0.650041 0.946549
vt 0.656176 0.946840
vt 0.656608 0.946699
vt 0.661287 0.946031
vt 0.662723 0.946485
vt 0.667556 0.946637
vt 0.675739 0.946667
vt 0.683934 0.946666
vt 0.685244 0.946344
vt 0.625009 0.946482
vt 0.628541 0.945452
vt 0.630892 0.946202
vt 0.632067 0.946027
vt 0.633395 0.946335
vt 0.634945 0.946267
vt 0.639204 0.946346
vt 0.647943 0.946273
vt 0.651077 0.946346
vt 0.652812 0.945994
vt 0.657525 0.945817
vt 0.662999 0.945952
vt 0.664210 0.946613
vt 0.664617 0.946048
vt 0.668784 0.945973
vt 0.669764 0.945901
vt 0.677569 0.946175
vt 0.682675 0.946142
vt 0.685952 0.945889
vt 0.687497 0.945641
vt 0.626144 0.945812
vt 0.634546 0.946008
vt 0.635619 0.945721
vt 0.638393 0.945396
vt 0.640181 0.945879
vt 0.651760 0.945798
vt 0.653893 0.946040
vt 0.655583 0.945863
vt 0.663697 0.945766
vt 0.666092 0.946053
vt 0.672658 0.945710
vt 0.681196 0.945888
vt 0.640737 0.945567
vt 0.643263 0.945772
vt 0.648711 0.946229
vt 0.648744 0.945773
vt 0.652378 0.945529
vt 0.654274 0.945614
vt 0.671672 0.945031
vt 0.674441 0.945279
vt 0.679882 0.945737
vt 0.683861 0.945804
vt 0.634212 0.945325
vt 0.637646 0.945470
vt 0.644408 0.945528
vt 0.648216 0.945636
vt 0.653373 0.945460
vt 0.656373 0.945000
vt 0.659684 0.945354
vt 0.660714 0.945322
vt 0.661848 0.945378
vt 0.664103 0.945488
vt 0.667518 0.945499
vt 0.670310 0.945498
vt 0.675267 0.944815
vt 0.681744 0.945410
vt 0.685037 0.945690
vt 0.629704 0.945140
vt 0.631212 0.945342
vt 0.632883 0.945007
vt 0.636206 0.944763
vt 0.645968 0.944842
vt 0.646874 0.944944
vt 0.650101 0.945222
vt 0.658151 0.945068
vt 0.665090 0.945215
vt 0.665948 0.945253
vt 0.676752 0.944789
vt 0.678969 0.945099
vt 0.625012 0.944939
vt 0.625991 0.944836
vt 0.627129 0.944723
vt 0.648481 0.945128
vt 0.648933 0.945335
vt 0.655308 0.944779
vt 0.658786 0.944542
vt 0.666819 0.944594
vt 0.667807 0.944678
vt 0.668372 0.944596
vt 0.673410 0.944963
vt 0.679905 0.944535
vt 0.682109 0.944542
vt 0.628499 0.944849
vt 0.640239 0.944831
vt 0.641096 0.944334
vt 0.641844 0.944407
vt 0.643539 0.944878
vt 0.651124 0.944443
vt 0.653493 0.944610
vt 0.660060 0.944841
vt 0.662266 0.945036
vt 0.662414 0.944494
vt 0.664176 0.944265
vt 0.669131 0.944589
vt 0.669900 0.944676
vt 0.670719 0.944697
vt 0.683518 0.945204
vt 0.684877 0.944636
vt 0.686310 0.944915
vt 0.626033 0.943832
vt 0.634431 0.943989
vt 0.637199 0.944350
vt 0.639212 0.944733
vt 0.648682 0.944887
vt 0.649135 0.944530
vt 0.651686 0.944386
vt 0.656552 0.944344
vt 0.660122 0.944033
vt 0.678467 0.944468
vt 0.627670 0.944217
vt 0.629974 0.944250
vt 0.632443 0.944133
vt 0.640672 0.944227
vt 0.643999 0.944277
vt 0.652596 0.943758
vt 0.657137 0.944171
vt 0.659212 0.943888
vt 0.661907 0.944297
vt 0.665324 0.944202
vt 0.680157 0.943621
vt 0.682581 0.943718
vt 0.685814 0.944438
vt 0.687497 0.943769
vt 0.644695 0.943950
vt 0.647547 0.944142
vt 0.648489 0.944341
vt 0.649127 0.944088
vt 0.660999 0.943649
vt 0.662658 0.943771
vt 0.662910 0.943599
vt 0.667319 0.944120
vt 0.671314 0.943945
vt 0.672273 0.943792
vt 0.676686 0.943659
vt 0.684264 0.943855
vt 0.628473 0.943675
vt 0.636721 0.943426
vt 0.638323 0.943613
vt 0.641887 0.943418
vt 0.646381 0.942963
vt 0.653688 0.943547
vt 0.658410 0.943856
vt 0.670532 0.943691
vt 0.675373 0.943242
vt 0.678441 0.943549
vt 0.681013 0.943386
vt 0.625012 0.943363
vt 0.632989 0.943604
vt 0.635281 0.942698
vt 0.637271 0.943652
vt 0.639917 0.943402
vt 0.642707 0.943162
vt 0.643583 0.942989
vt 0.644827 0.943025
vt 0.646964 0.943461
vt 0.650465 0.943374
vt 0.651906 0.943394
vt 0.655470 0.943884
vt 0.655180 0.943157
vt 0.663490 0.942819
vt 0.666066 0.943623
vt 0.668424 0.943478
vt 0.669540 0.943676
vt 0.673234 0.943487
vt 0.676982 0.943120
vt 0.686094 0.943346
vt 0.626814 0.943098
vt 0.629298 0.943290
vt 0.630663 0.943533
vt 0.648022 0.943430
vt 0.649831 0.942036
vt 0.656061 0.942949
vt 0.659844 0.943410
vt 0.663949 0.943208
vt 0.666398 0.943300
vt 0.667489 0.943047
vt 0.674626 0.943273
vt 0.678744 0.943229
vt 0.685081 0.943234
vt 0.625972 0.942708
vt 0.648276 0.942905
vt 0.648815 0.943182
vt 0.657530 0.942734
vt 0.666743 0.942823
vt 0.669182 0.942749
vt 0.670876 0.942796
vt 0.680328 0.942767
vt 0.682048 0.942652
vt 0.625011 0.941984
vt 0.629145 0.942681
vt 0.632001 0.943018
vt 0.633704 0.942397
vt 0.634811 0.942204
vt 0.637936 0.942692
vt 0.639527 0.942138
vt 0.640154 0.942522
vt 0.641389 0.942433
vt 0.650643 0.941539
vt 0.657051 0.943014
vt 0.658250 0.942909
vt 0.660794 0.942484
vt 0.661971 0.943037
vt 0.662164 0.942459
vt 0.665156 0.942280
vt 0.683157 0.942739
vt 0.631479 0.942309
vt 0.647264 0.942599
vt 0.648839 0.942433
vt 0.651915 0.942629
vt 0.654257 0.942621
vt 0.655165 0.942355
vt 0.658865 0.942595
vt 0.662554 0.942073
vt 0.672334 0.942786
vt 0.685607 0.942364
vt 0.686076 0.941924
vt 0.627928 0.942406
vt 0.630176 0.942221
vt 0.632848 0.942135
vt 0.636255 0.942495
vt 0.638565 0.941908
vt 0.651462 0.941833
vt 0.652972 0.942537
vt 0.653571 0.941850
vt 0.661505 0.942047
vt 0.666324 0.942278
vt 0.669090 0.941629
vt 0.670257 0.942237
vt 0.672861 0.941788
vt 0.673619 0.942063
vt 0.676073 0.941933
vt 0.677647 0.942065
vt 0.684448 0.942560
vt 0.626622 0.941953
vt 0.647765 0.941775
vt 0.656219 0.942164
vt 0.656775 0.941854
vt 0.668073 0.942062
vt 0.671659 0.941736
vt 0.675163 0.942018
vt 0.679278 0.941653
vt 0.684769 0.941935
vt 0.628493 0.941577
vt 0.629835 0.941426
vt 0.631059 0.941790
vt 0.640786 0.941321
vt 0.642110 0.941644
vt 0.643094 0.941324
vt 0.643342 0.940856
vt 0.644250 0.941235
vt 0.647373 0.941778
vt 0.648527 0.941910
vt 0.655533 0.941563
vt 0.657421 0.941456
vt 0.659483 0.941928
vt 0.661024 0.941802
vt 0.663491 0.941247
vt 0.667370 0.941748
vt 0.671041 0.941932
vt 0.683414 0.941396
vt 0.687496 0.941396
vt 0.625013 0.940950
vt 0.635023 0.941098
vt 0.635913 0.941543
vt 0.636899 0.941430
vt 0.648763 0.941406
vt 0.652075 0.941096
vt 0.654303 0.941565
vt 0.658697 0.941313
vt 0.662811 0.941490
vt 0.667043 0.941544
vt 0.674954 0.941117
vt 0.680347 0.940737
vt 0.682277 0.940959
vt 0.686784 0.941557
vt 0.627830 0.940816
vt 0.631919 0.941157
vt 0.633923 0.940793
vt 0.639652 0.941304
vt 0.646367 0.941057
vt 0.668208 0.941554
vt 0.669905 0.941165
vt 0.671387 0.941112
vt 0.676654 0.941156
vt 0.677325 0.941154
vt 0.685197 0.941323
vt 0.638383 0.940622
vt 0.647700 0.940835
vt 0.657202 0.940828
vt 0.659804 0.941209
vt 0.661082 0.940745
vt 0.662121 0.941236
vt 0.664799 0.940756
vt 0.666443 0.941154
vt 0.681154 0.940895
vt 0.684417 0.941431
vt 0.686197 0.940621
vt 0.626105 0.940066
vt 0.629074 0.941034
vt 0.630436 0.940498
vt 0.632273 0.940363
vt 0.636487 0.940488
vt 0.637280 0.940732
vt 0.641055 0.940773
vt 0.641711 0.941036
vt 0.642391 0.941059
vt 0.646864 0.940615
vt 0.648177 0.940926
vt 0.653988 0.940277
vt 0.654958 0.940556
vt 0.655678 0.940902
vt 0.659007 0.940478
vt 0.662638 0.940935
vt 0.673296 0.940647
vt 0.683869 0.941191
vt 0.685325 0.940713
vt 0.648521 0.940607
vt 0.649959 0.940328
vt 0.657860 0.940797
vt 0.663734 0.940542
vt 0.666116 0.940642
vt 0.667328 0.940704
vt 0.668330 0.940492
vt 0.668933 0.941097
vt 0.670761 0.940227
vt 0.671960 0.940539
vt 0.678011 0.940705
vt 0.679819 0.940560
vt 0.683124 0.940782
vt 0.684231 0.940448
vt 0.628617 0.939726
vt 0.633034 0.940213
vt 0.640094 0.940141
vt 0.642590 0.940645
vt 0.644322 0.939988
vt 0.648023 0.940388
vt 0.651109 0.940420
vt 0.652247 0.939731
vt 0.653118 0.939813
vt 0.656516 0.940116
vt 0.660298 0.940301
vt 0.663160 0.940394
vt 0.665045 0.940051
vt 0.672310 0.940100
vt 0.674341 0.940112
vt 0.683234 0.940309
vt 0.685172 0.940342
vt 0.686706 0.939449
vt 0.625012 0.939600
vt 0.635092 0.940062
vt 0.639074 0.939902
vt 0.649085 0.940028
vt 0.651922 0.940207
vt 0.660954 0.939947
vt 0.662454 0.940178
vt 0.665663 0.940276
vt 0.667630 0.940044
vt 0.669716 0.940197
vt 0.671554 0.940166
vt 0.675733 0.939690
vt 0.679473 0.939874
vt 0.681865 0.940015
vt 0.637314 0.939892
vt 0.641629 0.939745
vt 0.642530 0.939693
vt 0.645802 0.939047
vt 0.648166 0.939282
vt 0.648583 0.939420
vt 0.657870 0.939722
vt 0.664203 0.939990
vt 0.666980 0.939945
vt 0.673695 0.939813
vt 0.676912 0.939843
vt 0.678108 0.939762
vt 0.630349 0.939717
vt 0.635440 0.939529
vt 0.643366 0.939476
vt 0.644836 0.939070
vt 0.654896 0.939456
vt 0.657036 0.938820
vt 0.659627 0.939701
vt 0.662677 0.939458
vt 0.663568 0.939403
vt 0.668651 0.939564
vt 0.671894 0.939867
vt 0.680775 0.938973
vt 0.684458 0.939252
vt 0.685697 0.939352
vt 0.687496 0.938895
vt 0.627052 0.939240
vt 0.631777 0.939400
vt 0.634268 0.939260
vt 0.649066 0.938747
vt 0.650888 0.939285
vt 0.661146 0.939258
vt 0.664521 0.939294
vt 0.665876 0.939629
vt 0.666312 0.939392
vt 0.667931 0.939062
vt 0.670551 0.939291
vt 0.672111 0.939433
vt 0.674803 0.939491
vt 0.681507 0.939290
vt 0.682487 0.939298
vt 0.682309 0.938309
vt 0.632863 0.939537
vt 0.633727 0.939015
vt 0.635947 0.938778
vt 0.636639 0.937956
vt 0.638090 0.938614
vt 0.640407 0.939072
vt 0.642025 0.938947
vt 0.647113 0.938920
vt 0.653913 0.939293
vt 0.657827 0.938395
vt 0.658387 0.938773
vt 0.659177 0.938672
vt 0.660453 0.939318
vt 0.667119 0.939101
vt 0.669374 0.938919
vt 0.671440 0.939234
vt 0.672678 0.939054
vt 0.677275 0.938971
vt 0.678936 0.939329
vt 0.628475 0.938872
vt 0.630648 0.938231
vt 0.633216 0.938648
vt 0.655698 0.938532
vt 0.659768 0.938772
vt 0.661764 0.939017
vt 0.664222 0.938869
vt 0.625953 0.938484
vt 0.627183 0.938383
vt 0.629595 0.938631
vt 0.631863 0.938150
vt 0.634979 0.938305
vt 0.643394 0.938538
vt 0.650646 0.937863
vt 0.651917 0.938269
vt 0.654918 0.938614
vt 0.660291 0.938581
vt 0.660733 0.938485
vt 0.662357 0.938738
vt 0.662813 0.937446
vt 0.663501 0.938724
vt 0.665266 0.938037
vt 0.670574 0.938688
vt 0.671622 0.938609
vt 0.672960 0.938704
vt 0.673855 0.938739
vt 0.675371 0.938418
vt 0.676561 0.938555
vt 0.679478 0.938659
vt 0.681679 0.938559
vt 0.634176 0.938213
vt 0.638558 0.938143
vt 0.646218 0.937978
vt 0.653532 0.938192
vt 0.661723 0.938107
vt 0.667628 0.938352
vt 0.668835 0.938262
vt 0.672325 0.938566
vt 0.686139 0.938289
vt 0.628415 0.937446
vt 0.641141 0.937446
vt 0.642114 0.937447
vt 0.648305 0.938275
vt 0.655405 0.937899
vt 0.666590 0.938270
vt 0.670907 0.938124
vt 0.674049 0.938368
vt 0.674659 0.937996
vt 0.677719 0.938015
vt 0.680701 0.938364
vt 0.683181 0.937909
vt 0.684077 0.937449
vt 0.687497 0.938154
vt 0.636334 0.937446
vt 0.644856 0.937447
vt 0.647236 0.938140
vt 0.648623 0.937448
vt 0.657058 0.937866
vt 0.659266 0.937447
vt 0.663422 0.937447
vt 0.664354 0.937446
vt 0.665523 0.937449
vt 0.669099 0.937446
vt 0.670203 0.937447
vt 0.672643 0.938127
vt 0.679012 0.937938
vt 0.681050 0.937736
vt 0.681714 0.937435
vt 0.625013 0.937446
vt 0.626380 0.937447
vt 0.632598 0.937447
vt 0.635378 0.937446
vt 0.637535 0.937447
vt 0.640164 0.937446
vt 0.654766 0.937446
vt 0.657406 0.937448
vt 0.659964 0.937911
vt 0.660804 0.937444
vt 0.662274 0.937444
vt 0.666505 0.937446
vt 0.667544 0.937449
vt 0.671680 0.937447
vt 0.674133 0.937448
vt 0.675244 0.937446
vt 0.677697 0.937443
vt 0.680097 0.937450
vt 0.682263 0.937870
vt 0.685475 0.937447
vt 0.631165 0.937446
vt 0.633829 0.937448
vt 0.646386 0.937448
vt 0.650717 0.937446
vt 0.652760 0.937446
vt 0.656459 0.937436
vt 0.672932 0.937448
vt 0.674667 0.937434
vt 0.687495 0.937447
vt 0.643456 0.937446
vt 0.681231 0.937440
vt 0.682145 0.937425
vt 0.682525 0.937445
s 0
usemtl Material
f 162/1/1 80/2/1 1/3/1
f 163/4/2 81/5/2 80/2/2
f 164/6/3 84/7/3 83/8/3
f 84/7/4 165/9/4 85/10/4
f 87/11/5 166/12/5 89/13/5
f 167/14/6 92/15/6 89/13/6
f 168/16/7 95/17/7 94/18/7
f 169/19/8 99/20/8 97/21/8
f 169/19/9 170/22/9 99/20/9
f 171/23/10 105/24/10 103/25/10
f 173/26/11 108/27/11 106/28/11
f 174/29/12 111/30/12 109/31/12
f 113/32/13 176/33/13 115/34/13
f 177/35/14 178/36/14 117/37/14
f 178/36/15 119/38/15 117/37/15
f 179/39/16 125/40/16 123/41/16
f 179/39/17 180/42/17 125/40/17
f 181/43/18 128/44/18 126/45/18
f 181/43/19 182/46/19 128/44/19
f 182/46/20 130/47/20 128/44/20
f 183/48/21 133/49/21 130/47/21
f 183/48/22 184/50/22 133/49/22
f 184/50/23 135/51/23 133/49/23
f 185/52/24 137/53/24 135/51/24
f 186/54/25 139/55/25 137/53/25
f 187/56/26 188/57/26 139/55/26
f 188/57/27 142/58/27 139/55/27
f 203/59/28 147/60/28 144/61/28
f 157/62/29 189/63/29 159/64/29
f 159/64/30 190/65/30 160/66/30
f 160/66/31 3/67/31 2/68/31
f 163/4/32 83/8/32 81/5/32
f 191/69/33 164/6/33 83/8/33
f 165/9/34 192/70/34 85/10/34
f 192/70/35 87/11/35 85/10/35
f 194/71/36 169/19/36 97/21/36
f 170/22/37 101/72/37 99/20/37
f 171/23/38 172/73/38 105/24/38
f 172/73/39 106/28/39 105/24/39
f 196/74/40 113/32/40 111/30/40
f 178/36/41 197/75/41 119/38/41
f 121/76/42 198/77/42 123/41/42
f 125/40/43 199/78/43 126/45/43
f 199/78/44 181/43/44 126/45/44
f 219/79/45 183/48/45 130/47/45
f 219/79/46 200/80/46 183/48/46
f 200/80/47 184/50/47 183/48/47
f 202/81/48 137/53/48 185/52/48
f 186/54/49 187/56/49 139/55/49
f 203/59/50 148/82/50 147/60/50
f 203/59/51 204/83/51 148/82/51
f 204/83/52 150/84/52 148/82/52
f 205/85/53 152/86/53 150/84/53
f 207/87/54 157/62/54 152/86/54
f 190/65/55 3/67/55 160/66/55
f 4/88/56 162/1/56 1/3/56
f 162/1/57 163/4/57 80/2/57
f 163/4/58 191/69/58 83/8/58
f 164/6/59 209/89/59 84/7/59
f 209/89/60 165/9/60 84/7/60
f 166/12/61 87/11/61 192/70/61
f 166/12/62 222/90/62 89/13/62
f 222/90/63 167/14/63 89/13/63
f 210/91/64 92/15/64 167/14/64
f 210/91/65 94/18/65 92/15/65
f 193/92/66 168/16/66 94/18/66
f 193/92/67 211/93/67 168/16/67
f 194/71/68 95/17/68 168/16/68
f 194/71/69 97/21/69 95/17/69
f 212/94/70 170/22/70 169/19/70
f 213/95/71 101/72/71 170/22/71
f 101/72/72 213/95/72 103/25/72
f 195/96/73 214/97/73 103/25/73
f 214/97/74 171/23/74 103/25/74
f 172/73/75 215/98/75 106/28/75
f 215/98/76 173/26/76 106/28/76
f 173/26/77 227/99/77 108/27/77
f 227/99/78 109/31/78 108/27/78
f 111/30/79 216/100/79 196/74/79
f 196/74/80 175/101/80 113/32/80
f 176/33/81 217/102/81 115/34/81
f 197/75/82 121/76/82 119/38/82
f 197/75/83 198/77/83 121/76/83
f 198/77/84 179/39/84 123/41/84
f 180/42/85 199/78/85 125/40/85
f 181/43/86 218/103/86 182/46/86
f 219/79/87 130/47/87 182/46/87
f 201/104/88 220/105/88 184/50/88
f 220/105/89 135/51/89 184/50/89
f 142/58/90 241/106/90 144/61/90
f 144/61/91 242/107/91 203/59/91
f 205/85/92 206/108/92 152/86/92
f 221/109/93 207/87/93 152/86/93
f 207/87/94 208/110/94 157/62/94
f 209/89/95 192/70/95 165/9/95
f 222/90/96 223/111/96 167/14/96
f 210/91/97 224/112/97 94/18/97
f 212/94/98 169/19/98 194/71/98
f 212/94/99 213/95/99 170/22/99
f 225/113/100 172/73/100 171/23/100
f 215/98/101 226/114/101 173/26/101
f 236/115/102 111/30/102 174/29/102
f 175/101/103 176/33/103 113/32/103
f 177/35/104 117/37/104 115/34/104
f 228/116/105 181/43/105 199/78/105
f 229/117/106 218/103/106 181/43/106
f 218/103/107 230/118/107 182/46/107
f 230/118/108 219/79/108 182/46/108
f 200/80/109 201/104/109 184/50/109
f 220/105/110 185/52/110 135/51/110
f 220/105/111 202/81/111 185/52/111
f 231/119/112 137/53/112 202/81/112
f 231/119/113 232/120/113 137/53/113
f 232/120/114 186/54/114 137/53/114
f 232/120/115 187/56/115 186/54/115
f 253/121/116 188/57/116 187/56/116
f 241/106/117 242/107/117 144/61/117
f 243/122/118 204/83/118 203/59/118
f 206/108/119 221/109/119 152/86/119
f 208/110/120 189/63/120 157/62/120
f 190/65/121 5/123/121 3/67/121
f 6/124/122 162/1/122 4/88/122
f 162/1/123 233/125/123 163/4/123
f 233/125/124 234/126/124 163/4/124
f 192/70/125 235/127/125 166/12/125
f 223/111/126 210/91/126 167/14/126
f 245/128/127 224/112/127 210/91/127
f 195/96/128 103/25/128 213/95/128
f 226/114/129 227/99/129 173/26/129
f 227/99/130 174/29/130 109/31/130
f 216/100/131 111/30/131 236/115/131
f 265/129/132 217/102/132 176/33/132
f 217/102/133 177/35/133 115/34/133
f 237/130/134 179/39/134 198/77/134
f 238/131/135 180/42/135 179/39/135
f 238/131/136 239/132/136 180/42/136
f 239/132/137 199/78/137 180/42/137
f 239/132/138 228/116/138 199/78/138
f 228/116/139 229/117/139 181/43/139
f 240/133/140 200/80/140 219/79/140
f 232/120/141 253/121/141 187/56/141
f 188/57/142 241/106/142 142/58/142
f 244/134/143 150/84/143 204/83/143
f 244/134/144 205/85/144 150/84/144
f 189/63/145 256/135/145 159/64/145
f 256/135/146 190/65/146 159/64/146
f 257/136/147 5/123/147 190/65/147
f 234/126/148 191/69/148 163/4/148
f 191/69/149 209/89/149 164/6/149
f 224/112/150 193/92/150 94/18/150
f 246/137/151 211/93/151 193/92/151
f 211/93/152 194/71/152 168/16/152
f 214/97/153 247/138/153 171/23/153
f 247/138/154 225/113/154 171/23/154
f 247/138/155 215/98/155 225/113/155
f 215/98/156 172/73/156 225/113/156
f 216/100/157 248/139/157 196/74/157
f 177/35/158 197/75/158 178/36/158
f 249/140/159 229/117/159 228/116/159
f 249/140/160 218/103/160 229/117/160
f 249/140/161 230/118/161 218/103/161
f 230/118/162 240/133/162 219/79/162
f 250/141/163 201/104/163 200/80/163
f 250/141/164 220/105/164 201/104/164
f 250/141/165 251/142/165 220/105/165
f 231/119/166 202/81/166 220/105/166
f 254/143/167 203/59/167 242/107/167
f 254/143/168 243/122/168 203/59/168
f 243/122/169 255/144/169 204/83/169
f 6/124/170 233/125/170 162/1/170
f 235/127/171 258/145/171 166/12/171
f 258/145/172 222/90/172 166/12/172
f 258/145/173 259/146/173 222/90/173
f 259/146/174 223/111/174 222/90/174
f 223/111/175 245/128/175 210/91/175
f 260/147/176 193/92/176 224/112/176
f 212/94/177 261/148/177 213/95/177
f 262/149/178 195/96/178 213/95/178
f 236/115/179 263/150/179 216/100/179
f 248/139/180 264/151/180 196/74/180
f 264/151/181 175/101/181 196/74/181
f 279/152/182 176/33/182 175/101/182
f 279/152/183 265/129/183 176/33/183
f 217/102/184 266/153/184 177/35/184
f 266/153/185 267/154/185 177/35/185
f 267/154/186 197/75/186 177/35/186
f 280/155/187 198/77/187 197/75/187
f 237/130/188 238/131/188 179/39/188
f 239/132/189 268/156/189 228/116/189
f 250/141/190 200/80/190 240/133/190
f 251/142/191 252/157/191 220/105/191
f 252/157/192 231/119/192 220/105/192
f 253/121/193 269/158/193 188/57/193
f 270/159/194 242/107/194 241/106/194
f 255/144/195 244/134/195 204/83/195
f 271/160/196 208/110/196 207/87/196
f 208/110/197 256/135/197 189/63/197
f 256/135/198 257/136/198 190/65/198
f 272/161/199 209/89/199 191/69/199
f 260/147/200 246/137/200 193/92/200
f 273/162/201 194/71/201 211/93/201
f 261/148/202 275/163/202 213/95/202
f 215/98/203 276/164/203 226/114/203
f 226/114/204 277/165/204 227/99/204
f 277/165/205 174/29/205 227/99/205
f 278/166/206 174/29/206 277/165/206
f 278/166/207 236/115/207 174/29/207
f 278/166/208 263/150/208 236/115/208
f 264/151/209 279/152/209 175/101/209
f 268/156/210 239/132/210 238/131/210
f 230/118/211 281/167/211 240/133/211
f 282/168/212 231/119/212 252/157/212
f 282/168/213 232/120/213 231/119/213
f 282/168/214 253/121/214 232/120/214
f 269/158/215 241/106/215 188/57/215
f 283/169/216 205/85/216 244/134/216
f 221/109/217 271/160/217 207/87/217
f 297/170/218 191/69/218 234/126/218
f 297/170/219 272/161/219 191/69/219
f 313/171/220 209/89/220 272/161/220
f 259/146/221 245/128/221 223/111/221
f 273/162/222 211/93/222 246/137/222
f 273/162/223 274/172/223 194/71/223
f 274/172/224 286/173/224 194/71/224
f 286/173/225 212/94/225 194/71/225
f 287/174/226 261/148/226 212/94/226
f 288/175/227 195/96/227 262/149/227
f 289/176/228 276/164/228 215/98/228
f 263/150/229 290/177/229 216/100/229
f 290/177/230 248/139/230 216/100/230
f 265/129/231 266/153/231 217/102/231
f 267/154/232 291/178/232 197/75/232
f 280/155/233 237/130/233 198/77/233
f 238/131/234 292/179/234 268/156/234
f 268/156/235 249/140/235 228/116/235
f 240/133/236 293/180/236 250/141/236
f 294/181/237 252/157/237 251/142/237
f 294/181/238 282/168/238 252/157/238
f 347/182/239 295/183/239 253/121/239
f 295/183/240 269/158/240 253/121/240
f 269/158/241 270/159/241 241/106/241
f 271/160/242 296/184/242 208/110/242
f 296/184/243 256/135/243 208/110/243
f 257/136/244 8/185/244 5/123/244
f 7/186/245 233/125/245 6/124/245
f 297/170/246 234/126/246 233/125/246
f 298/187/247 192/70/247 209/89/247
f 284/188/248 235/127/248 192/70/248
f 245/128/249 299/189/249 224/112/249
f 299/189/250 260/147/250 224/112/250
f 300/190/251 212/94/251 286/173/251
f 300/190/252 287/174/252 212/94/252
f 287/174/253 275/163/253 261/148/253
f 275/163/254 262/149/254 213/95/254
f 288/175/255 214/97/255 195/96/255
f 276/164/256 277/165/256 226/114/256
f 301/191/257 278/166/257 277/165/257
f 302/192/258 263/150/258 278/166/258
f 291/178/259 280/155/259 197/75/259
f 344/193/260 238/131/260 237/130/260
f 303/194/261 304/195/261 268/156/261
f 304/195/262 249/140/262 268/156/262
f 304/195/263 230/118/263 249/140/263
f 281/167/264 293/180/264 240/133/264
f 293/180/265 305/196/265 250/141/265
f 305/196/266 251/142/266 250/141/266
f 306/197/267 253/121/267 282/168/267
f 307/198/268 242/107/268 270/159/268
f 307/198/269 254/143/269 242/107/269
f 254/143/270 308/199/270 243/122/270
f 255/144/271 283/169/271 244/134/271
f 283/169/272 206/108/272 205/85/272
f 309/200/273 221/109/273 206/108/273
f 310/201/274 271/160/274 221/109/274
f 296/184/275 311/202/275 256/135/275
f 311/202/276 257/136/276 256/135/276
f 7/186/277 312/203/277 233/125/277
f 312/203/278 297/170/278 233/125/278
f 313/171/279 272/161/279 297/170/279
f 313/171/280 298/187/280 209/89/280
f 298/187/281 284/188/281 192/70/281
f 284/188/282 258/145/282 235/127/282
f 314/204/283 245/128/283 259/146/283
f 315/205/284 299/189/284 245/128/284
f 285/206/285 246/137/285 260/147/285
f 285/206/286 273/162/286 246/137/286
f 316/207/287 215/98/287 247/138/287
f 301/191/288 302/192/288 278/166/288
f 302/192/289 317/208/289 263/150/289
f 290/177/290 327/209/290 248/139/290
f 327/209/291 264/151/291 248/139/291
f 328/210/292 266/153/292 265/129/292
f 344/193/293 292/179/293 238/131/293
f 304/195/294 318/211/294 230/118/294
f 318/211/295 281/167/295 230/118/295
f 319/212/296 294/181/296 251/142/296
f 319/212/297 282/168/297 294/181/297
f 306/197/298 347/182/298 253/121/298
f 320/213/299 270/159/299 269/158/299
f 308/199/300 255/144/300 243/122/300
f 321/214/301 298/187/301 313/171/301
f 322/215/302 284/188/302 298/187/302
f 299/189/303 285/206/303 260/147/303
f 299/189/304 323/216/304 285/206/304
f 324/217/305 274/172/305 273/162/305
f 324/217/306 286/173/306 274/172/306
f 288/175/307 247/138/307 214/97/307
f 338/218/308 316/207/308 247/138/308
f 301/191/309 277/165/309 276/164/309
f 326/219/310 302/192/310 301/191/310
f 317/208/311 327/209/311 263/150/311
f 327/209/312 290/177/312 263/150/312
f 327/209/313 279/152/313 264/151/313
f 359/220/314 265/129/314 279/152/314
f 359/220/315 328/210/315 265/129/315
f 329/221/316 266/153/316 328/210/316
f 330/222/317 237/130/317 280/155/317
f 292/179/318 331/223/318 268/156/318
f 331/223/319 303/194/319 268/156/319
f 318/211/320 332/224/320 281/167/320
f 332/224/321 333/225/321 281/167/321
f 333/225/322 293/180/322 281/167/322
f 305/196/323 319/212/323 251/142/323
f 319/212/324 306/197/324 282/168/324
f 295/183/325 320/213/325 269/158/325
f 320/213/326 307/198/326 270/159/326
f 334/226/327 283/169/327 255/144/327
f 335/227/328 206/108/328 283/169/328
f 310/201/329 336/228/329 271/160/329
f 336/228/330 296/184/330 271/160/330
f 337/229/331 314/204/331 259/146/331
f 314/204/332 315/205/332 245/128/332
f 323/216/333 273/162/333 285/206/333
f 300/190/334 325/230/334 287/174/334
f 325/230/335 275/163/335 287/174/335
f 275/163/336 288/175/336 262/149/336
f 338/218/337 247/138/337 288/175/337
f 316/207/338 289/176/338 215/98/338
f 276/164/339 340/231/339 301/191/339
f 340/231/340 326/219/340 301/191/340
f 326/219/341 317/208/341 302/192/341
f 341/232/342 279/152/342 327/209/342
f 342/233/343 266/153/343 329/221/343
f 343/234/344 291/178/344 267/154/344
f 291/178/345 330/222/345 280/155/345
f 344/193/346 237/130/346 330/222/346
f 346/235/347 305/196/347 293/180/347
f 346/235/348 319/212/348 305/196/348
f 348/236/349 295/183/349 347/182/349
f 349/237/350 254/143/350 307/198/350
f 308/199/351 334/226/351 255/144/351
f 335/227/352 309/200/352 206/108/352
f 309/200/353 310/201/353 221/109/353
f 9/238/354 312/203/354 7/186/354
f 9/238/355 350/239/355 312/203/355
f 312/203/356 351/240/356 297/170/356
f 352/241/357 313/171/357 297/170/357
f 321/214/358 322/215/358 298/187/358
f 322/215/359 258/145/359 284/188/359
f 337/229/360 259/146/360 258/145/360
f 314/204/361 353/242/361 315/205/361
f 323/216/362 354/243/362 273/162/362
f 354/243/363 324/217/363 273/162/363
f 324/217/364 355/244/364 286/173/364
f 355/244/365 300/190/365 286/173/365
f 356/245/366 288/175/366 275/163/366
f 289/176/367 339/246/367 276/164/367
f 357/247/368 340/231/368 276/164/368
f 358/248/369 327/209/369 317/208/369
f 343/234/370 360/249/370 291/178/370
f 360/249/371 330/222/371 291/178/371
f 345/250/372 331/223/372 292/179/372
f 331/223/373 361/251/373 303/194/373
f 361/251/374 304/195/374 303/194/374
f 362/252/375 306/197/375 319/212/375
f 362/252/376 363/253/376 306/197/376
f 363/253/377 347/182/377 306/197/377
f 311/202/378 364/254/378 257/136/378
f 364/254/379 8/185/379 257/136/379
f 351/240/380 352/241/380 297/170/380
f 365/255/381 258/145/381 322/215/381
f 365/255/382 337/229/382 258/145/382
f 367/256/383 314/204/383 337/229/383
f 367/256/384 353/242/384 314/204/384
f 369/257/385 338/218/385 288/175/385
f 370/258/386 339/246/386 289/176/386
f 339/246/387 357/247/387 276/164/387
f 385/259/388 329/221/388 328/210/388
f 342/233/389 267/154/389 266/153/389
f 371/260/390 292/179/390 344/193/390
f 373/261/391 318/211/391 304/195/391
f 373/261/392 332/224/392 318/211/392
f 332/224/393 374/262/393 333/225/393
f 375/263/394 293/180/394 333/225/394
f 375/263/395 346/235/395 293/180/395
f 362/252/396 319/212/396 346/235/396
f 348/236/397 320/213/397 295/183/397
f 349/237/398 308/199/398 254/143/398
f 334/226/399 377/264/399 283/169/399
f 350/239/400 351/240/400 312/203/400
f 352/241/401 321/214/401 313/171/401
f 353/242/402 378/265/402 315/205/402
f 378/265/403 299/189/403 315/205/403
f 379/266/404 354/243/404 323/216/404
f 368/267/405 300/190/405 355/244/405
f 380/268/406 275/163/406 325/230/406
f 380/268/407 356/245/407 275/163/407
f 380/268/408 381/269/408 356/245/408
f 356/245/409 381/269/409 288/175/409
f 381/269/410 382/270/410 288/175/410
f 382/270/411 369/257/411 288/175/411
f 383/271/412 384/272/412 316/207/412
f 384/272/413 289/176/413 316/207/413
f 370/258/414 357/247/414 339/246/414
f 399/273/415 340/231/415 357/247/415
f 340/231/416 401/274/416 326/219/416
f 401/274/417 317/208/417 326/219/417
f 401/274/418 358/248/418 317/208/418
f 358/248/419 341/232/419 327/209/419
f 385/259/420 328/210/420 359/220/420
f 342/233/421 343/234/421 267/154/421
f 330/222/422 386/275/422 344/193/422
f 372/276/423 361/251/423 331/223/423
f 387/277/424 332/224/424 373/261/424
f 387/277/425 374/262/425 332/224/425
f 374/262/426 375/263/426 333/225/426
f 388/278/427 346/235/427 375/263/427
f 346/235/428 390/279/428 362/252/428
f 391/280/429 348/236/429 347/182/429
f 392/281/430 376/282/430 320/213/430
f 320/213/431 349/237/431 307/198/431
f 377/264/432 335/227/432 283/169/432
f 393/283/433 310/201/433 309/200/433
f 394/284/434 311/202/434 296/184/434
f 394/284/435 395/285/435 311/202/435
f 395/285/436 364/254/436 311/202/436
f 364/254/437 10/286/437 8/185/437
f 409/287/438 322/215/438 321/214/438
f 396/288/439 365/255/439 322/215/439
f 365/255/440 366/289/440 337/229/440
f 366/289/441 397/290/441 337/229/441
f 397/290/442 367/256/442 337/229/442
f 368/267/443 398/291/443 300/190/443
f 398/291/444 325/230/444 300/190/444
f 398/291/445 380/268/445 325/230/445
f 369/257/446 316/207/446 338/218/446
f 369/257/447 383/271/447 316/207/447
f 384/272/448 370/258/448 289/176/448
f 400/292/449 340/231/449 399/273/449
f 400/292/450 401/274/450 340/231/450
f 401/274/451 402/293/451 358/248/451
f 403/294/452 279/152/452 341/232/452
f 403/294/453 359/220/453 279/152/453
f 329/221/454 404/295/454 342/233/454
f 404/295/455 343/234/455 342/233/455
f 371/260/456 345/250/456 292/179/456
f 345/250/457 372/276/457 331/223/457
f 361/251/458 373/261/458 304/195/458
f 388/278/459 389/296/459 346/235/459
f 389/296/460 390/279/460 346/235/460
f 405/297/461 363/253/461 362/252/461
f 405/297/462 347/182/462 363/253/462
f 430/298/463 308/199/463 349/237/463
f 406/299/464 377/264/464 334/226/464
f 407/300/465 336/228/465 310/201/465
f 407/300/466 296/184/466 336/228/466
f 408/301/467 351/240/467 350/239/467
f 351/240/468 408/301/468 352/241/468
f 352/241/469 409/287/469 321/214/469
f 396/288/470 448/302/470 365/255/470
f 378/265/471 449/303/471 299/189/471
f 449/303/472 379/266/472 299/189/472
f 379/266/473 323/216/473 299/189/473
f 410/304/474 354/243/474 379/266/474
f 410/304/475 324/217/475 354/243/475
f 411/305/476 357/247/476 370/258/476
f 411/305/477 399/273/477 357/247/477
f 358/248/478 403/294/478 341/232/478
f 403/294/479 412/306/479 359/220/479
f 412/306/480 385/259/480 359/220/480
f 438/307/481 329/221/481 385/259/481
f 413/308/482 345/250/482 371/260/482
f 345/250/483 414/309/483 372/276/483
f 414/309/484 415/310/484 372/276/484
f 361/251/485 387/277/485 373/261/485
f 387/277/486 416/311/486 374/262/486
f 417/312/487 390/279/487 389/296/487
f 418/313/488 347/182/488 405/297/488
f 418/313/489 391/280/489 347/182/489
f 392/281/490 320/213/490 348/236/490
f 376/282/491 349/237/491 320/213/491
f 419/314/492 308/199/492 430/298/492
f 420/315/493 334/226/493 308/199/493
f 420/315/494 406/299/494 334/226/494
f 377/264/495 309/200/495 335/227/495
f 377/264/496 393/283/496 309/200/496
f 407/300/497 310/201/497 393/283/497
f 11/316/498 350/239/498 9/238/498
f 11/316/499 408/301/499 350/239/499
f 409/287/500 396/288/500 322/215/500
f 448/302/501 366/289/501 365/255/501
f 423/317/502 353/242/502 367/256/502
f 410/304/503 424/318/503 324/217/503
f 424/318/504 425/319/504 324/217/504
f 425/319/505 355/244/505 324/217/505
f 426/320/506 382/270/506 381/269/506
f 426/320/507 427/321/507 382/270/507
f 427/321/508 369/257/508 382/270/508
f 384/272/509 411/305/509 370/258/509
f 438/307/510 404/295/510 329/221/510
f 428/322/511 360/249/511 343/234/511
f 455/323/512 371/260/512 344/193/512
f 415/310/513 361/251/513 372/276/513
f 415/310/514 387/277/514 361/251/514
f 440/324/515 416/311/515 387/277/515
f 429/325/516 362/252/516 390/279/516
f 429/325/517 405/297/517 362/252/517
f 391/280/518 392/281/518 348/236/518
f 308/199/519 444/326/519 420/315/519
f 421/327/520 407/300/520 393/283/520
f 407/300/521 394/284/521 296/184/521
f 408/301/522 431/328/522 352/241/522
f 422/329/523 409/287/523 352/241/523
f 422/329/524 432/330/524 409/287/524
f 397/290/525 366/289/525 448/302/525
f 397/290/526 423/317/526 367/256/526
f 398/291/527 434/331/527 380/268/527
f 434/331/528 381/269/528 380/268/528
f 434/331/529 426/320/529 381/269/529
f 369/257/530 435/332/530 383/271/530
f 435/332/531 436/333/531 383/271/531
f 437/334/532 384/272/532 383/271/532
f 450/335/533 400/292/533 399/273/533
f 404/295/534 428/322/534 343/234/534
f 386/275/535 455/323/535 344/193/535
f 414/309/536 345/250/536 413/308/536
f 439/336/537 415/310/537 414/309/537
f 440/324/538 441/337/538 416/311/538
f 416/311/539 388/278/539 374/262/539
f 388/278/540 375/263/540 374/262/540
f 388/278/541 417/312/541 389/296/541
f 417/312/542 442/338/542 390/279/542
f 442/338/543 429/325/543 390/279/543
f 443/339/544 392/281/544 391/280/544
f 376/282/545 430/298/545 349/237/545
f 444/326/546 308/199/546 419/314/546
f 445/340/547 394/284/547 407/300/547
f 445/340/548 395/285/548 394/284/548
f 395/285/549 10/286/549 364/254/549
f 395/285/550 446/341/550 10/286/550
f 446/341/551 447/342/551 10/286/551
f 447/342/552 12/343/552 10/286/552
f 431/328/553 422/329/553 352/241/553
f 449/303/554 378/265/554 353/242/554
f 449/303/555 410/304/555 379/266/555
f 433/344/556 424/318/556 410/304/556
f 425/319/557 368/267/557 355/244/557
f 481/345/558 427/321/558 426/320/558
f 427/321/559 435/332/559 369/257/559
f 436/333/560 437/334/560 383/271/560
f 400/292/561 451/346/561 401/274/561
f 452/347/562 358/248/562 402/293/562
f 453/348/563 403/294/563 358/248/563
f 467/349/564 404/295/564 438/307/564
f 454/350/565 360/249/565 428/322/565
f 360/249/566 454/350/566 330/222/566
f 454/350/567 386/275/567 330/222/567
f 455/323/568 413/308/568 371/260/568
f 456/351/569 439/336/569 414/309/569
f 457/352/570 415/310/570 439/336/570
f 457/352/571 387/277/571 415/310/571
f 458/353/572 441/337/572 440/324/572
f 441/337/573 388/278/573 416/311/573
f 441/337/574 459/354/574 388/278/574
f 459/354/575 417/312/575 388/278/575
f 443/339/576 391/280/576 418/313/576
f 460/355/577 376/282/577 392/281/577
f 461/356/578 377/264/578 406/299/578
f 377/264/579 462/357/579 393/283/579
f 462/357/580 421/327/580 393/283/580
f 11/316/581 463/358/581 408/301/581
f 463/358/582 431/328/582 408/301/582
f 464/359/583 409/287/583 432/330/583
f 464/359/584 396/288/584 409/287/584
f 434/331/585 494/360/585 426/320/585
f 437/334/586 466/361/586 384/272/586
f 466/361/587 411/305/587 384/272/587
f 466/361/588 450/335/588 411/305/588
f 450/335/589 399/273/589 411/305/589
f 451/346/590 402/293/590 401/274/590
f 452/347/591 453/348/591 358/248/591
f 467/349/592 438/307/592 385/259/592
f 454/350/593 469/362/593 386/275/593
f 469/362/594 455/323/594 386/275/594
f 413/308/595 456/351/595 414/309/595
f 470/363/596 440/324/596 387/277/596
f 442/338/597 471/364/597 429/325/597
f 429/325/598 472/365/598 405/297/598
f 472/365/599 418/313/599 405/297/599
f 460/355/600 430/298/600 376/282/600
f 461/356/601 406/299/601 420/315/601
f 461/356/602 488/366/602 377/264/602
f 421/327/603 445/340/603 407/300/603
f 473/367/604 395/285/604 445/340/604
f 464/359/605 475/368/605 396/288/605
f 448/302/606 506/369/606 397/290/606
f 397/290/607 476/370/607 423/317/607
f 476/370/608 477/371/608 423/317/608
f 477/371/609 353/242/609 423/317/609
f 477/371/610 449/303/610 353/242/610
f 477/371/611 478/372/611 449/303/611
f 478/372/612 410/304/612 449/303/612
f 424/318/613 465/373/613 425/319/613
f 479/374/614 368/267/614 425/319/614
f 480/375/615 398/291/615 368/267/615
f 494/360/616 481/345/616 426/320/616
f 451/346/617 482/376/617 402/293/617
f 482/376/618 452/347/618 402/293/618
f 403/294/619 497/377/619 412/306/619
f 412/306/620 467/349/620 385/259/620
f 467/349/621 468/378/621 404/295/621
f 483/379/622 428/322/622 404/295/622
f 484/380/623 413/308/623 455/323/623
f 457/352/624 470/363/624 387/277/624
f 470/363/625 458/353/625 440/324/625
f 458/353/626 485/381/626 441/337/626
f 485/381/627 459/354/627 441/337/627
f 459/354/628 442/338/628 417/312/628
f 486/382/629 471/364/629 442/338/629
f 471/364/630 472/365/630 429/325/630
f 487/383/631 419/314/631 430/298/631
f 487/383/632 444/326/632 419/314/632
f 473/367/633 474/384/633 395/285/633
f 474/384/634 446/341/634 395/285/634
f 489/385/635 463/358/635 11/316/635
f 431/328/636 490/386/636 422/329/636
f 490/386/637 432/330/637 422/329/637
f 490/386/638 464/359/638 432/330/638
f 475/368/639 448/302/639 396/288/639
f 506/369/640 491/387/640 397/290/640
f 491/387/641 476/370/641 397/290/641
f 492/388/642 410/304/642 478/372/642
f 492/388/643 433/344/643 410/304/643
f 433/344/644 465/373/644 424/318/644
f 465/373/645 479/374/645 425/319/645
f 493/389/646 398/291/646 480/375/646
f 493/389/647 434/331/647 398/291/647
f 435/332/648 495/390/648 436/333/648
f 436/333/649 466/361/649 437/334/649
f 496/391/650 450/335/650 466/361/650
f 450/335/651 451/346/651 400/292/651
f 453/348/652 497/377/652 403/294/652
f 497/377/653 467/349/653 412/306/653
f 468/378/654 483/379/654 404/295/654
f 483/379/655 454/350/655 428/322/655
f 484/380/656 455/323/656 469/362/656
f 512/392/657 485/381/657 458/353/657
f 498/393/658 442/338/658 459/354/658
f 499/394/659 443/339/659 418/313/659
f 500/395/660 392/281/660 443/339/660
f 500/395/661 460/355/661 392/281/661
f 501/396/662 430/298/662 460/355/662
f 444/326/663 502/397/663 420/315/663
f 488/366/664 462/357/664 377/264/664
f 489/385/665 503/398/665 463/358/665
f 503/398/666 504/399/666 463/358/666
f 504/399/667 431/328/667 463/358/667
f 505/400/668 475/368/668 464/359/668
f 506/369/669 448/302/669 475/368/669
f 507/401/670 435/332/670 427/321/670
f 495/390/671 466/361/671 436/333/671
f 508/402/672 451/346/672 450/335/672
f 482/376/673 453/348/673 452/347/673
f 482/376/674 525/403/674 453/348/674
f 510/404/675 469/362/675 454/350/675
f 528/405/676 456/351/676 413/308/676
f 511/406/677 457/352/677 439/336/677
f 512/392/678 458/353/678 470/363/678
f 485/381/679 498/393/679 459/354/679
f 498/393/680 486/382/680 442/338/680
f 471/364/681 513/407/681 472/365/681
f 472/365/682 499/394/682 418/313/682
f 514/408/683 443/339/683 499/394/683
f 514/408/684 500/395/684 443/339/684
f 515/409/685 460/355/685 500/395/685
f 501/396/686 487/383/686 430/298/686
f 516/410/687 502/397/687 444/326/687
f 502/397/688 488/366/688 461/356/688
f 474/384/689 518/411/689 446/341/689
f 518/411/690 447/342/690 446/341/690
f 519/412/691 503/398/691 489/385/691
f 504/399/692 490/386/692 431/328/692
f 490/386/693 505/400/693 464/359/693
f 491/387/694 520/413/694 476/370/694
f 476/370/695 520/413/695 477/371/695
f 520/413/696 521/414/696 477/371/696
f 521/414/697 478/372/697 477/371/697
f 478/372/698 522/415/698 492/388/698
f 523/416/699 465/373/699 433/344/699
f 479/374/700 480/375/700 368/267/700
f 525/403/701 509/417/701 453/348/701
f 526/418/702 468/378/702 467/349/702
f 527/419/703 484/380/703 469/362/703
f 484/380/704 528/405/704 413/308/704
f 456/351/705 511/406/705 439/336/705
f 529/420/706 485/381/706 512/392/706
f 529/420/707 530/421/707 485/381/707
f 530/421/708 498/393/708 485/381/708
f 486/382/709 513/407/709 471/364/709
f 531/422/710 472/365/710 513/407/710
f 531/422/711 499/394/711 472/365/711
f 515/409/712 501/396/712 460/355/712
f 502/397/713 461/356/713 420/315/713
f 517/423/714 445/340/714 421/327/714
f 519/412/715 504/399/715 503/398/715
f 504/399/716 545/424/716 490/386/716
f 505/400/717 532/425/717 475/368/717
f 480/375/718 534/426/718 493/389/718
f 493/389/719 535/427/719 434/331/719
f 535/427/720 494/360/720 434/331/720
f 535/427/721 524/428/721 494/360/721
f 524/428/722 481/345/722 494/360/722
f 536/429/723 507/401/723 481/345/723
f 507/401/724 427/321/724 481/345/724
f 507/401/725 495/390/725 435/332/725
f 495/390/726 496/391/726 466/361/726
f 508/402/727 482/376/727 451/346/727
f 509/417/728 537/430/728 453/348/728
f 537/430/729 497/377/729 453/348/729
f 552/431/730 456/351/730 528/405/730
f 552/431/731 511/406/731 456/351/731
f 553/432/732 512/392/732 470/363/732
f 553/432/733 538/433/733 512/392/733
f 538/433/734 529/420/734 512/392/734
f 530/421/735 539/434/735 498/393/735
f 539/434/736 486/382/736 498/393/736
f 555/435/737 513/407/737 486/382/737
f 540/436/738 500/395/738 514/408/738
f 541/437/739 444/326/739 487/383/739
f 542/438/740 421/327/740 462/357/740
f 542/438/741 517/423/741 421/327/741
f 543/439/742 473/367/742 445/340/742
f 473/367/743 544/440/743 474/384/743
f 544/440/744 518/411/744 474/384/744
f 13/441/745 519/412/745 489/385/745
f 546/442/746 490/386/746 545/424/746
f 532/425/747 506/369/747 475/368/747
f 533/443/748 491/387/748 506/369/748
f 533/443/749 520/413/749 491/387/749
f 492/388/750 523/416/750 433/344/750
f 465/373/751 547/444/751 479/374/751
f 547/444/752 480/375/752 479/374/752
f 534/426/753 535/427/753 493/389/753
f 536/429/754 481/345/754 524/428/754
f 507/401/755 548/445/755 495/390/755
f 548/445/756 496/391/756 495/390/756
f 548/445/757 450/335/757 496/391/757
f 548/445/758 508/402/758 450/335/758
f 549/446/759 525/403/759 482/376/759
f 497/377/760 526/418/760 467/349/760
f 578/447/761 483/379/761 468/378/761
f 550/448/762 510/404/762 454/350/762
f 551/449/763 484/380/763 527/419/763
f 551/449/764 552/431/764 484/380/764
f 552/431/765 528/405/765 484/380/765
f 553/432/766 457/352/766 511/406/766
f 553/432/767 470/363/767 457/352/767
f 529/420/768 554/450/768 530/421/768
f 539/434/769 555/435/769 486/382/769
f 555/435/770 556/451/770 513/407/770
f 531/422/771 514/408/771 499/394/771
f 540/436/772 515/409/772 500/395/772
f 541/437/773 516/410/773 444/326/773
f 517/423/774 543/439/774 445/340/774
f 518/411/775 12/343/775 447/342/775
f 557/452/776 520/413/776 533/443/776
f 558/453/777 521/414/777 520/413/777
f 521/414/778 573/454/778 478/372/778
f 573/454/779 522/415/779 478/372/779
f 547/444/780 559/455/780 480/375/780
f 549/446/781 509/417/781 525/403/781
f 560/456/782 537/430/782 509/417/782
f 537/430/783 526/418/783 497/377/783
f 578/447/784 468/378/784 526/418/784
f 578/447/785 454/350/785 483/379/785
f 578/447/786 550/448/786 454/350/786
f 561/457/787 469/362/787 510/404/787
f 561/457/788 527/419/788 469/362/788
f 562/458/789 553/432/789 511/406/789
f 539/434/790 563/459/790 555/435/790
f 556/451/791 531/422/791 513/407/791
f 556/451/792 514/408/792 531/422/792
f 556/451/793 564/460/793 514/408/793
f 565/461/794 501/396/794 515/409/794
f 566/462/795 487/383/795 501/396/795
f 567/463/796 462/357/796 488/366/796
f 568/464/797 544/440/797 473/367/797
f 544/440/798 569/465/798 518/411/798
f 518/411/799 569/465/799 12/343/799
f 570/466/800 519/412/800 13/441/800
f 546/442/801 571/467/801 490/386/801
f 571/467/802 505/400/802 490/386/802
f 571/467/803 572/468/803 505/400/803
f 572/468/804 532/425/804 505/400/804
f 557/452/805 558/453/805 520/413/805
f 559/455/806 534/426/806 480/375/806
f 574/469/807 536/429/807 524/428/807
f 575/470/808 576/471/808 507/401/808
f 577/472/809 508/402/809 548/445/809
f 508/402/810 549/446/810 482/376/810
f 538/433/811 554/450/811 529/420/811
f 554/450/812 580/473/812 530/421/812
f 580/473/813 539/434/813 530/421/813
f 581/474/814 556/451/814 555/435/814
f 564/460/815 582/475/815 514/408/815
f 582/475/816 540/436/816 514/408/816
f 540/436/817 592/476/817 515/409/817
f 566/462/818 541/437/818 487/383/818
f 583/477/819 488/366/819 502/397/819
f 567/463/820 542/438/820 462/357/820
f 570/466/821 504/399/821 519/412/821
f 586/478/822 506/369/822 532/425/822
f 586/478/823 587/479/823 506/369/823
f 587/479/824 533/443/824 506/369/824
f 589/480/825 534/426/825 559/455/825
f 535/427/826 574/469/826 524/428/826
f 536/429/827 575/470/827 507/401/827
f 576/471/828 548/445/828 507/401/828
f 603/481/829 526/418/829 537/430/829
f 603/481/830 578/447/830 526/418/830
f 550/448/831 561/457/831 510/404/831
f 561/457/832 551/449/832 527/419/832
f 551/449/833 590/482/833 552/431/833
f 591/483/834 511/406/834 552/431/834
f 579/484/835 562/458/835 511/406/835
f 562/458/836 538/433/836 553/432/836
f 563/459/837 581/474/837 555/435/837
f 564/460/838 556/451/838 581/474/838
f 592/476/839 565/461/839 515/409/839
f 592/476/840 593/485/840 565/461/840
f 565/461/841 594/486/841 501/396/841
f 594/486/842 566/462/842 501/396/842
f 595/487/843 541/437/843 566/462/843
f 596/488/844 502/397/844 516/410/844
f 596/488/845 583/477/845 502/397/845
f 583/477/846 567/463/846 488/366/846
f 543/439/847 568/464/847 473/367/847
f 568/464/848 585/489/848 544/440/848
f 569/465/849 14/490/849 12/343/849
f 13/441/850 597/491/850 570/466/850
f 570/466/851 545/424/851 504/399/851
f 598/492/852 571/467/852 546/442/852
f 572/468/853 586/478/853 532/425/853
f 587/479/854 599/493/854 533/443/854
f 599/493/855 557/452/855 533/443/855
f 558/453/856 573/454/856 521/414/856
f 547/444/857 465/373/857 523/416/857
f 588/494/858 559/455/858 547/444/858
f 589/480/859 535/427/859 534/426/859
f 600/495/860 536/429/860 574/469/860
f 601/496/861 548/445/861 576/471/861
f 601/496/862 577/472/862 548/445/862
f 577/472/863 549/446/863 508/402/863
f 602/497/864 509/417/864 549/446/864
f 604/498/865 561/457/865 550/448/865
f 627/499/866 590/482/866 551/449/866
f 591/483/867 579/484/867 511/406/867
f 605/500/868 580/473/868 554/450/868
f 580/473/869 563/459/869 539/434/869
f 606/501/870 581/474/870 563/459/870
f 582/475/871 607/502/871 540/436/871
f 607/502/872 592/476/872 540/436/872
f 567/463/873 584/503/873 542/438/873
f 570/466/874 598/492/874 545/424/874
f 598/492/875 546/442/875 545/424/875
f 599/493/876 558/453/876 557/452/876
f 609/504/877 573/454/877 558/453/877
f 522/415/878 610/505/878 492/388/878
f 611/506/879 523/416/879 492/388/879
f 612/507/880 535/427/880 589/480/880
f 575/470/881 536/429/881 600/495/881
f 560/456/882 603/481/882 537/430/882
f 613/508/883 578/447/883 603/481/883
f 561/457/884 627/499/884 551/449/884
f 590/482/885 591/483/885 552/431/885
f 614/509/886 538/433/886 562/458/886
f 605/500/887 554/450/887 538/433/887
f 616/510/888 580/473/888 605/500/888
f 616/510/889 563/459/889 580/473/889
f 616/510/890 606/501/890 563/459/890
f 606/501/891 617/511/891 581/474/891
f 617/511/892 564/460/892 581/474/892
f 593/485/893 594/486/893 565/461/893
f 594/486/894 595/487/894 566/462/894
f 542/438/895 618/512/895 517/423/895
f 618/512/896 543/439/896 517/423/896
f 598/492/897 572/468/897 571/467/897
f 619/513/898 586/478/898 572/468/898
f 619/513/899 608/514/899 586/478/899
f 608/514/900 587/479/900 586/478/900
f 599/493/901 620/515/901 558/453/901
f 573/454/902 610/505/902 522/415/902
f 610/505/903 611/506/903 492/388/903
f 523/416/904 652/516/904 547/444/904
f 652/516/905 588/494/905 547/444/905
f 588/494/906 589/480/906 559/455/906
f 612/507/907 621/517/907 535/427/907
f 621/517/908 622/518/908 535/427/908
f 622/518/909 574/469/909 535/427/909
f 622/518/910 600/495/910 574/469/910
f 623/519/911 577/472/911 601/496/911
f 624/520/912 549/446/912 577/472/912
f 625/521/913 602/497/913 549/446/913
f 602/497/914 560/456/914 509/417/914
f 626/522/915 550/448/915 578/447/915
f 591/483/916 628/523/916 579/484/916
f 579/484/917 614/509/917 562/458/917
f 614/509/918 615/524/918 538/433/918
f 643/525/919 629/526/919 605/500/919
f 629/526/920 616/510/920 605/500/920
f 630/527/921 617/511/921 606/501/921
f 564/460/922 646/528/922 582/475/922
f 631/529/923 583/477/923 596/488/923
f 632/530/924 542/438/924 584/503/924
f 618/512/925 633/531/925 543/439/925
f 633/531/926 568/464/926 543/439/926
f 634/532/927 585/489/927 568/464/927
f 585/489/928 649/533/928 544/440/928
f 649/533/929 569/465/929 544/440/929
f 649/533/930 635/534/930 569/465/930
f 635/534/931 14/490/931 569/465/931
f 636/535/932 570/466/932 597/491/932
f 636/535/933 598/492/933 570/466/933
f 637/536/934 609/504/934 558/453/934
f 611/506/935 652/516/935 523/416/935
f 622/518/936 638/537/936 600/495/936
f 638/537/937 575/470/937 600/495/937
f 639/538/938 576/471/938 575/470/938
f 624/520/939 577/472/939 623/519/939
f 624/520/940 625/521/940 549/446/940
f 640/539/941 603/481/941 560/456/941
f 613/508/942 626/522/942 578/447/942
f 604/498/943 627/499/943 561/457/943
f 641/540/944 591/483/944 590/482/944
f 642/541/945 579/484/945 628/523/945
f 615/524/946 643/525/946 538/433/946
f 643/525/947 605/500/947 538/433/947
f 645/542/948 630/527/948 606/501/948
f 617/511/949 646/528/949 564/460/949
f 647/543/950 592/476/950 607/502/950
f 595/487/951 516/410/951 541/437/951
f 648/544/952 596/488/952 516/410/952
f 673/545/953 584/503/953 567/463/953
f 632/530/954 618/512/954 542/438/954
f 633/531/955 634/532/955 568/464/955
f 649/533/956 585/489/956 634/532/956
f 15/546/957 597/491/957 13/441/957
f 650/547/958 572/468/958 598/492/958
f 650/547/959 619/513/959 572/468/959
f 587/479/960 651/548/960 599/493/960
f 651/548/961 620/515/961 599/493/961
f 620/515/962 637/536/962 558/453/962
f 653/549/963 612/507/963 589/480/963
f 621/517/964 654/550/964 622/518/964
f 655/551/965 639/538/965 575/470/965
f 657/552/966 550/448/966 626/522/966
f 657/552/967 604/498/967 550/448/967
f 642/541/968 614/509/968 579/484/968
f 615/524/969 658/553/969 643/525/969
f 658/553/970 629/526/970 643/525/970
f 629/526/971 644/554/971 616/510/971
f 644/554/972 606/501/972 616/510/972
f 630/527/973 672/555/973 617/511/973
f 672/555/974 646/528/974 617/511/974
f 646/528/975 659/556/975 582/475/975
f 659/556/976 607/502/976 582/475/976
f 647/543/977 660/557/977 592/476/977
f 660/557/978 593/485/978 592/476/978
f 660/557/979 594/486/979 593/485/979
f 595/487/980 648/544/980 516/410/980
f 631/529/981 596/488/981 648/544/981
f 662/558/982 597/491/982 15/546/982
f 675/559/983 598/492/983 636/535/983
f 663/560/984 650/547/984 598/492/984
f 664/561/985 608/514/985 619/513/985
f 651/548/986 637/536/986 620/515/986
f 665/562/987 573/454/987 609/504/987
f 666/563/988 589/480/988 588/494/988
f 666/563/989 653/549/989 589/480/989
f 680/564/990 621/517/990 612/507/990
f 654/550/991 638/537/991 622/518/991
f 638/537/992 667/565/992 575/470/992
f 667/565/993 655/551/993 575/470/993
f 656/566/994 576/471/994 639/538/994
f 656/566/995 601/496/995 576/471/995
f 656/566/996 668/567/996 601/496/996
f 668/567/997 623/519/997 601/496/997
f 669/568/998 560/456/998 602/497/998
f 641/540/999 628/523/999 591/483/999
f 670/569/1000 642/541/1000 628/523/1000
f 644/554/1001 645/542/1001 606/501/1001
f 671/570/1002 672/555/1002 645/542/1002
f 672/555/1003 630/527/1003 645/542/1003
f 631/529/1004 673/545/1004 583/477/1004
f 673/545/1005 567/463/1005 583/477/1005
f 687/571/1006 632/530/1006 584/503/1006
f 674/572/1007 618/512/1007 632/530/1007
f 634/532/1008 661/573/1008 649/533/1008
f 662/558/1009 636/535/1009 597/491/1009
f 662/558/1010 675/559/1010 636/535/1010
f 675/559/1011 663/560/1011 598/492/1011
f 650/547/1012 664/561/1012 619/513/1012
f 676/574/1013 587/479/1013 608/514/1013
f 676/574/1014 651/548/1014 587/479/1014
f 677/575/1015 637/536/1015 651/548/1015
f 677/575/1016 678/576/1016 637/536/1016
f 665/562/1017 610/505/1017 573/454/1017
f 611/506/1018 679/577/1018 652/516/1018
f 652/516/1019 666/563/1019 588/494/1019
f 653/549/1020 680/564/1020 612/507/1020
f 680/564/1021 681/578/1021 621/517/1021
f 681/578/1022 654/550/1022 621/517/1022
f 667/565/1023 638/537/1023 654/550/1023
f 668/567/1024 682/579/1024 623/519/1024
f 682/579/1025 624/520/1025 623/519/1025
f 669/568/1026 640/539/1026 560/456/1026
f 683/580/1027 627/499/1027 604/498/1027
f 627/499/1028 641/540/1028 590/482/1028
f 614/509/1029 692/581/1029 615/524/1029
f 671/570/1030 645/542/1030 644/554/1030
f 672/555/1031 684/582/1031 646/528/1031
f 685/583/1032 594/486/1032 660/557/1032
f 594/486/1033 685/583/1033 595/487/1033
f 686/584/1034 648/544/1034 595/487/1034
f 712/585/1035 584/503/1035 673/545/1035
f 712/585/1036 687/571/1036 584/503/1036
f 633/531/1037 713/586/1037 634/532/1037
f 649/533/1038 688/587/1038 635/534/1038
f 635/534/1039 16/588/1039 14/490/1039
f 664/561/1040 676/574/1040 608/514/1040
f 678/576/1041 609/504/1041 637/536/1041
f 678/576/1042 665/562/1042 609/504/1042
f 679/577/1043 666/563/1043 652/516/1043
f 701/589/1044 625/521/1044 624/520/1044
f 690/590/1045 691/591/1045 627/499/1045
f 691/591/1046 641/540/1046 627/499/1046
f 703/592/1047 670/569/1047 628/523/1047
f 692/581/1048 614/509/1048 642/541/1048
f 693/593/1049 629/526/1049 658/553/1049
f 694/594/1050 671/570/1050 644/554/1050
f 695/595/1051 684/582/1051 672/555/1051
f 684/582/1052 659/556/1052 646/528/1052
f 659/556/1053 647/543/1053 607/502/1053
f 674/572/1054 633/531/1054 618/512/1054
f 661/573/1055 688/587/1055 649/533/1055
f 15/546/1056 696/596/1056 662/558/1056
f 696/596/1057 675/559/1057 662/558/1057
f 715/597/1058 650/547/1058 663/560/1058
f 676/574/1059 677/575/1059 651/548/1059
f 698/598/1060 611/506/1060 610/505/1060
f 698/598/1061 679/577/1061 611/506/1061
f 699/599/1062 666/563/1062 679/577/1062
f 700/600/1063 667/565/1063 654/550/1063
f 700/600/1064 655/551/1064 667/565/1064
f 722/601/1065 656/566/1065 639/538/1065
f 701/589/1066 726/602/1066 625/521/1066
f 726/602/1067 602/497/1067 625/521/1067
f 726/602/1068 669/568/1068 602/497/1068
f 603/481/1069 702/603/1069 613/508/1069
f 613/508/1070 689/604/1070 626/522/1070
f 657/552/1071 683/580/1071 604/498/1071
f 683/580/1072 690/590/1072 627/499/1072
f 691/591/1073 703/592/1073 641/540/1073
f 641/540/1074 703/592/1074 628/523/1074
f 704/605/1075 692/581/1075 642/541/1075
f 705/606/1076 615/524/1076 692/581/1076
f 705/606/1077 706/607/1077 615/524/1077
f 706/607/1078 658/553/1078 615/524/1078
f 693/593/1079 644/554/1079 629/526/1079
f 707/608/1080 694/594/1080 644/554/1080
f 694/594/1081 672/555/1081 671/570/1081
f 684/582/1082 647/543/1082 659/556/1082
f 684/582/1083 708/609/1083 647/543/1083
f 709/610/1084 595/487/1084 685/583/1084
f 709/610/1085 686/584/1085 595/487/1085
f 686/584/1086 710/611/1086 648/544/1086
f 710/611/1087 631/529/1087 648/544/1087
f 631/529/1088 711/612/1088 673/545/1088
f 713/586/1089 661/573/1089 634/532/1089
f 714/613/1090 16/588/1090 635/534/1090
f 697/614/1091 675/559/1091 696/596/1091
f 697/614/1092 663/560/1092 675/559/1092
f 716/615/1093 664/561/1093 650/547/1093
f 717/616/1094 610/505/1094 665/562/1094
f 717/616/1095 698/598/1095 610/505/1095
f 699/599/1096 653/549/1096 666/563/1096
f 719/617/1097 681/578/1097 680/564/1097
f 681/578/1098 700/600/1098 654/550/1098
f 720/618/1099 655/551/1099 700/600/1099
f 655/551/1100 722/601/1100 639/538/1100
f 723/619/1101 656/566/1101 722/601/1101
f 723/619/1102 668/567/1102 656/566/1102
f 724/620/1103 682/579/1103 668/567/1103
f 724/620/1104 725/621/1104 682/579/1104
f 725/621/1105 624/520/1105 682/579/1105
f 725/621/1106 701/589/1106 624/520/1106
f 689/604/1107 657/552/1107 626/522/1107
f 706/607/1108 728/622/1108 658/553/1108
f 728/622/1109 693/593/1109 658/553/1109
f 693/593/1110 707/608/1110 644/554/1110
f 707/608/1111 729/623/1111 694/594/1111
f 729/623/1112 672/555/1112 694/594/1112
f 695/595/1113 730/624/1113 684/582/1113
f 708/609/1114 660/557/1114 647/543/1114
f 731/625/1115 685/583/1115 660/557/1115
f 732/626/1116 709/610/1116 685/583/1116
f 686/584/1117 733/627/1117 710/611/1117
f 687/571/1118 674/572/1118 632/530/1118
f 734/628/1119 697/614/1119 696/596/1119
f 715/597/1120 663/560/1120 697/614/1120
f 715/597/1121 716/615/1121 650/547/1121
f 716/615/1122 735/629/1122 664/561/1122
f 735/629/1123 676/574/1123 664/561/1123
f 735/629/1124 736/630/1124 676/574/1124
f 736/630/1125 677/575/1125 676/574/1125
f 737/631/1126 678/576/1126 677/575/1126
f 737/631/1127 738/632/1127 678/576/1127
f 738/632/1128 665/562/1128 678/576/1128
f 738/632/1129 717/616/1129 665/562/1129
f 739/633/1130 698/598/1130 717/616/1130
f 718/634/1131 680/564/1131 653/549/1131
f 718/634/1132 719/617/1132 680/564/1132
f 719/617/1133 740/635/1133 681/578/1133
f 720/618/1134 721/636/1134 655/551/1134
f 722/601/1135 741/637/1135 723/619/1135
f 723/619/1136 724/620/1136 668/567/1136
f 726/602/1137 742/638/1137 669/568/1137
f 669/568/1138 743/639/1138 640/539/1138
f 743/639/1139 603/481/1139 640/539/1139
f 743/639/1140 702/603/1140 603/481/1140
f 702/603/1141 689/604/1141 613/508/1141
f 657/552/1142 744/640/1142 683/580/1142
f 744/640/1143 690/590/1143 683/580/1143
f 703/592/1144 727/641/1144 670/569/1144
f 727/641/1145 642/541/1145 670/569/1145
f 727/641/1146 704/605/1146 642/541/1146
f 704/605/1147 705/606/1147 692/581/1147
f 728/622/1148 745/642/1148 693/593/1148
f 729/623/1149 695/595/1149 672/555/1149
f 746/643/1150 660/557/1150 708/609/1150
f 710/611/1151 711/612/1151 631/529/1151
f 710/611/1152 755/644/1152 711/612/1152
f 711/612/1153 712/585/1153 673/545/1153
f 758/645/1154 633/531/1154 674/572/1154
f 758/645/1155 713/586/1155 633/531/1155
f 688/587/1156 714/613/1156 635/534/1156
f 17/646/1157 696/596/1157 15/546/1157
f 17/646/1158 734/628/1158 696/596/1158
f 734/628/1159 772/647/1159 697/614/1159
f 736/630/1160 737/631/1160 677/575/1160
f 699/599/1161 718/634/1161 653/549/1161
f 740/635/1162 700/600/1162 681/578/1162
f 748/648/1163 655/551/1163 721/636/1163
f 749/649/1164 741/637/1164 722/601/1164
f 741/637/1165 724/620/1165 723/619/1165
f 725/621/1166 726/602/1166 701/589/1166
f 750/650/1167 690/590/1167 744/640/1167
f 705/606/1168 751/651/1168 706/607/1168
f 751/651/1169 728/622/1169 706/607/1169
f 693/593/1170 752/652/1170 707/608/1170
f 752/652/1171 729/623/1171 707/608/1171
f 753/653/1172 684/582/1172 730/624/1172
f 746/643/1173 731/625/1173 660/557/1173
f 731/625/1174 732/626/1174 685/583/1174
f 754/654/1175 710/611/1175 733/627/1175
f 754/654/1176 755/644/1176 710/611/1176
f 756/655/1177 687/571/1177 712/585/1177
f 771/656/1178 661/573/1178 713/586/1178
f 760/657/1179 735/629/1179 716/615/1179
f 736/630/1180 761/658/1180 737/631/1180
f 762/659/1181 679/577/1181 698/598/1181
f 747/660/1182 718/634/1182 699/599/1182
f 718/634/1183 763/661/1183 719/617/1183
f 764/662/1184 700/600/1184 740/635/1184
f 764/662/1185 720/618/1185 700/600/1185
f 764/662/1186 765/663/1186 720/618/1186
f 765/663/1187 721/636/1187 720/618/1187
f 748/648/1188 722/601/1188 655/551/1188
f 742/638/1189 743/639/1189 669/568/1189
f 766/664/1190 657/552/1190 689/604/1190
f 766/664/1191 744/640/1191 657/552/1191
f 767/665/1192 703/592/1192 691/591/1192
f 768/666/1193 704/605/1193 727/641/1193
f 768/666/1194 705/606/1194 704/605/1194
f 769/667/1195 770/668/1195 729/623/1195
f 770/668/1196 695/595/1196 729/623/1196
f 770/668/1197 799/669/1197 695/595/1197
f 799/669/1198 753/653/1198 695/595/1198
f 753/653/1199 730/624/1199 695/595/1199
f 753/653/1200 708/609/1200 684/582/1200
f 785/670/1201 732/626/1201 731/625/1201
f 709/610/1202 733/627/1202 686/584/1202
f 711/612/1203 756/655/1203 712/585/1203
f 757/671/1204 674/572/1204 687/571/1204
f 758/645/1205 771/656/1205 713/586/1205
f 17/646/1206 772/647/1206 734/628/1206
f 773/672/1207 697/614/1207 772/647/1207
f 697/614/1208 773/672/1208 715/597/1208
f 773/672/1209 759/673/1209 715/597/1209
f 759/673/1210 716/615/1210 715/597/1210
f 759/673/1211 774/674/1211 716/615/1211
f 774/674/1212 760/657/1212 716/615/1212
f 737/631/1213 775/675/1213 738/632/1213
f 738/632/1214 776/676/1214 717/616/1214
f 776/676/1215 739/633/1215 717/616/1215
f 777/677/1216 698/598/1216 739/633/1216
f 777/677/1217 778/678/1217 698/598/1217
f 778/678/1218 762/659/1218 698/598/1218
f 762/659/1219 699/599/1219 679/577/1219
f 763/661/1220 779/679/1220 719/617/1220
f 779/679/1221 740/635/1221 719/617/1221
f 765/663/1222 748/648/1222 721/636/1222
f 748/648/1223 749/649/1223 722/601/1223
f 808/680/1224 725/621/1224 724/620/1224
f 690/590/1225 767/665/1225 691/591/1225
f 767/665/1226 780/681/1226 703/592/1226
f 780/681/1227 727/641/1227 703/592/1227
f 728/622/1228 782/682/1228 745/642/1228
f 745/642/1229 752/652/1229 693/593/1229
f 783/683/1230 769/667/1230 752/652/1230
f 769/667/1231 729/623/1231 752/652/1231
f 784/684/1232 746/643/1232 708/609/1232
f 746/643/1233 785/670/1233 731/625/1233
f 756/655/1234 757/671/1234 687/571/1234
f 812/685/1235 674/572/1235 757/671/1235
f 812/685/1236 758/645/1236 674/572/1236
f 786/686/1237 688/587/1237 661/573/1237
f 787/687/1238 714/613/1238 688/587/1238
f 787/687/1239 788/688/1239 714/613/1239
f 788/688/1240 16/588/1240 714/613/1240
f 774/674/1241 789/689/1241 760/657/1241
f 789/689/1242 735/629/1242 760/657/1242
f 761/658/1243 790/690/1243 737/631/1243
f 790/690/1244 775/675/1244 737/631/1244
f 775/675/1245 776/676/1245 738/632/1245
f 762/659/1246 747/660/1246 699/599/1246
f 747/660/1247 763/661/1247 718/634/1247
f 779/679/1248 764/662/1248 740/635/1248
f 779/679/1249 792/691/1249 764/662/1249
f 792/691/1250 765/663/1250 764/662/1250
f 792/691/1251 748/648/1251 765/663/1251
f 793/692/1252 725/621/1252 808/680/1252
f 794/693/1253 742/638/1253 726/602/1253
f 794/693/1254 855/694/1254 742/638/1254
f 855/694/1255 743/639/1255 742/638/1255
f 743/639/1256 795/695/1256 702/603/1256
f 796/696/1257 750/650/1257 744/640/1257
f 750/650/1258 767/665/1258 690/590/1258
f 780/681/1259 797/697/1259 727/641/1259
f 768/666/1260 781/698/1260 705/606/1260
f 781/698/1261 751/651/1261 705/606/1261
f 798/699/1262 752/652/1262 745/642/1262
f 769/667/1263 799/669/1263 770/668/1263
f 800/700/1264 784/684/1264 708/609/1264
f 811/701/1265 709/610/1265 732/626/1265
f 755/644/1266 756/655/1266 711/612/1266
f 771/656/1267 786/686/1267 661/573/1267
f 786/686/1268 787/687/1268 688/587/1268
f 801/702/1269 772/647/1269 17/646/1269
f 789/689/1270 736/630/1270 735/629/1270
f 789/689/1271 802/703/1271 736/630/1271
f 802/703/1272 761/658/1272 736/630/1272
f 777/677/1273 739/633/1273 776/676/1273
f 803/704/1274 762/659/1274 778/678/1274
f 804/705/1275 747/660/1275 762/659/1275
f 804/705/1276 805/706/1276 747/660/1276
f 805/706/1277 791/707/1277 747/660/1277
f 806/708/1278 779/679/1278 763/661/1278
f 792/691/1279 807/709/1279 748/648/1279
f 808/680/1280 724/620/1280 741/637/1280
f 809/710/1281 793/692/1281 808/680/1281
f 793/692/1282 726/602/1282 725/621/1282
f 793/692/1283 794/693/1283 726/602/1283
f 825/711/1284 855/694/1284 794/693/1284
f 827/712/1285 796/696/1285 744/640/1285
f 796/696/1286 767/665/1286 750/650/1286
f 828/713/1287 780/681/1287 767/665/1287
f 797/697/1288 768/666/1288 727/641/1288
f 782/682/1289 798/699/1289 745/642/1289
f 810/714/1290 708/609/1290 753/653/1290
f 784/684/1291 831/715/1291 746/643/1291
f 831/715/1292 785/670/1292 746/643/1292
f 811/701/1293 732/626/1293 785/670/1293
f 811/701/1294 862/716/1294 709/610/1294
f 813/717/1295 771/656/1295 758/645/1295
f 814/718/1296 772/647/1296 801/702/1296
f 814/718/1297 773/672/1297 772/647/1297
f 814/718/1298 815/719/1298 773/672/1298
f 816/720/1299 759/673/1299 773/672/1299
f 816/720/1300 817/721/1300 759/673/1300
f 817/721/1301 774/674/1301 759/673/1301
f 774/674/1302 818/722/1302 789/689/1302
f 775/675/1303 777/677/1303 776/676/1303
f 819/723/1304 803/704/1304 778/678/1304
f 803/704/1305 804/705/1305 762/659/1305
f 791/707/1306 820/724/1306 747/660/1306
f 820/724/1307 763/661/1307 747/660/1307
f 822/725/1308 749/649/1308 748/648/1308
f 822/725/1309 823/726/1309 749/649/1309
f 823/726/1310 741/637/1310 749/649/1310
f 823/726/1311 808/680/1311 741/637/1311
f 824/727/1312 794/693/1312 793/692/1312
f 843/728/1313 689/604/1313 702/603/1313
f 826/729/1314 766/664/1314 689/604/1314
f 828/713/1315 767/665/1315 796/696/1315
f 781/698/1316 728/622/1316 751/651/1316
f 781/698/1317 830/730/1317 728/622/1317
f 830/730/1318 782/682/1318 728/622/1318
f 798/699/1319 844/731/1319 752/652/1319
f 844/731/1320 783/683/1320 752/652/1320
f 783/683/1321 799/669/1321 769/667/1321
f 810/714/1322 800/700/1322 708/609/1322
f 831/715/1323 832/732/1323 785/670/1323
f 832/732/1324 811/701/1324 785/670/1324
f 862/716/1325 733/627/1325 709/610/1325
f 833/733/1326 757/671/1326 756/655/1326
f 833/733/1327 812/685/1327 757/671/1327
f 813/717/1328 834/734/1328 771/656/1328
f 835/735/1329 787/687/1329 786/686/1329
f 815/719/1330 816/720/1330 773/672/1330
f 818/722/1331 802/703/1331 789/689/1331
f 802/703/1332 836/736/1332 761/658/1332
f 836/736/1333 790/690/1333 761/658/1333
f 837/737/1334 775/675/1334 790/690/1334
f 838/738/1335 777/677/1335 775/675/1335
f 838/738/1336 778/678/1336 777/677/1336
f 806/708/1337 821/739/1337 779/679/1337
f 821/739/1338 792/691/1338 779/679/1338
f 821/739/1339 839/740/1339 792/691/1339
f 839/740/1340 840/741/1340 792/691/1340
f 840/741/1341 807/709/1341 792/691/1341
f 807/709/1342 822/725/1342 748/648/1342
f 841/742/1343 823/726/1343 822/725/1343
f 809/710/1344 824/727/1344 793/692/1344
f 824/727/1345 825/711/1345 794/693/1345
f 842/743/1346 743/639/1346 855/694/1346
f 842/743/1347 795/695/1347 743/639/1347
f 795/695/1348 843/728/1348 702/603/1348
f 826/729/1349 827/712/1349 766/664/1349
f 827/712/1350 744/640/1350 766/664/1350
f 797/697/1351 829/744/1351 768/666/1351
f 829/744/1352 781/698/1352 768/666/1352
f 782/682/1353 844/731/1353 798/699/1353
f 845/745/1354 799/669/1354 783/683/1354
f 845/745/1355 846/746/1355 799/669/1355
f 846/746/1356 753/653/1356 799/669/1356
f 800/700/1357 847/747/1357 784/684/1357
f 847/747/1358 831/715/1358 784/684/1358
f 847/747/1359 872/748/1359 831/715/1359
f 812/685/1360 813/717/1360 758/645/1360
f 834/734/1361 786/686/1361 771/656/1361
f 848/749/1362 788/688/1362 787/687/1362
f 19/750/1363 814/718/1363 801/702/1363
f 774/674/1364 849/751/1364 818/722/1364
f 837/737/1365 850/752/1365 775/675/1365
f 850/752/1366 838/738/1366 775/675/1366
f 838/738/1367 819/723/1367 778/678/1367
f 819/723/1368 851/753/1368 803/704/1368
f 803/704/1369 805/706/1369 804/705/1369
f 820/724/1370 806/708/1370 763/661/1370
f 840/741/1371 822/725/1371 807/709/1371
f 841/742/1372 853/754/1372 823/726/1372
f 823/726/1373 809/710/1373 808/680/1373
f 854/755/1374 825/711/1374 824/727/1374
f 856/756/1375 843/728/1375 795/695/1375
f 843/728/1376 826/729/1376 689/604/1376
f 857/757/1377 780/681/1377 828/713/1377
f 858/758/1378 797/697/1378 780/681/1378
f 859/759/1379 781/698/1379 829/744/1379
f 830/730/1380 844/731/1380 782/682/1380
f 844/731/1381 860/760/1381 783/683/1381
f 860/760/1382 845/745/1382 783/683/1382
f 861/761/1383 800/700/1383 810/714/1383
f 861/761/1384 847/747/1384 800/700/1384
f 872/748/1385 832/732/1385 831/715/1385
f 754/654/1386 863/762/1386 755/644/1386
f 863/762/1387 756/655/1387 755/644/1387
f 864/763/1388 813/717/1388 812/685/1388
f 788/688/1389 18/764/1389 16/588/1389
f 865/765/1390 774/674/1390 817/721/1390
f 849/751/1391 802/703/1391 818/722/1391
f 836/736/1392 837/737/1392 790/690/1392
f 850/752/1393 819/723/1393 838/738/1393
f 866/766/1394 803/704/1394 851/753/1394
f 803/704/1395 866/766/1395 805/706/1395
f 805/706/1396 820/724/1396 791/707/1396
f 852/767/1397 806/708/1397 820/724/1397
f 852/767/1398 821/739/1398 806/708/1398
f 853/754/1399 809/710/1399 823/726/1399
f 867/768/1400 824/727/1400 809/710/1400
f 842/743/1401 856/756/1401 795/695/1401
f 868/769/1402 827/712/1402 826/729/1402
f 869/770/1403 796/696/1403 827/712/1403
f 869/770/1404 828/713/1404 796/696/1404
f 870/771/1405 830/730/1405 781/698/1405
f 830/730/1406 883/772/1406 844/731/1406
f 846/746/1407 871/773/1407 753/653/1407
f 871/773/1408 810/714/1408 753/653/1408
f 872/748/1409 873/774/1409 832/732/1409
f 832/732/1410 886/775/1410 811/701/1410
f 886/775/1411 862/716/1411 811/701/1411
f 862/716/1412 874/776/1412 733/627/1412
f 874/776/1413 754/654/1413 733/627/1413
f 875/777/1414 812/685/1414 833/733/1414
f 875/777/1415 864/763/1415 812/685/1415
f 835/735/1416 848/749/1416 787/687/1416
f 850/752/1417 877/778/1417 819/723/1417
f 877/778/1418 851/753/1418 819/723/1418
f 877/778/1419 878/779/1419 851/753/1419
f 878/779/1420 866/766/1420 851/753/1420
f 866/766/1421 879/780/1421 805/706/1421
f 879/780/1422 820/724/1422 805/706/1422
f 879/780/1423 852/767/1423 820/724/1423
f 880/781/1424 841/742/1424 822/725/1424
f 881/782/1425 809/710/1425 853/754/1425
f 868/769/1426 869/770/1426 827/712/1426
f 882/783/1427 857/757/1427 828/713/1427
f 857/757/1428 858/758/1428 780/681/1428
f 859/759/1429 870/771/1429 781/698/1429
f 884/784/1430 846/746/1430 845/745/1430
f 884/784/1431 871/773/1431 846/746/1431
f 885/785/1432 872/748/1432 847/747/1432
f 873/774/1433 886/775/1433 832/732/1433
f 899/786/1434 863/762/1434 754/654/1434
f 863/762/1435 833/733/1435 756/655/1435
f 863/762/1436 887/787/1436 833/733/1436
f 888/788/1437 813/717/1437 864/763/1437
f 834/734/1438 876/789/1438 786/686/1438
f 889/790/1439 18/764/1439 788/688/1439
f 890/791/1440 815/719/1440 814/718/1440
f 815/719/1441 891/792/1441 816/720/1441
f 865/765/1442 849/751/1442 774/674/1442
f 892/793/1443 837/737/1443 836/736/1443
f 837/737/1444 893/794/1444 850/752/1444
f 852/767/1445 839/740/1445 821/739/1445
f 840/741/1446 880/781/1446 822/725/1446
f 881/782/1447 867/768/1447 809/710/1447
f 855/694/1448 894/795/1448 842/743/1448
f 895/796/1449 843/728/1449 856/756/1449
f 868/769/1450 826/729/1450 843/728/1450
f 882/783/1451 828/713/1451 869/770/1451
f 858/758/1452 896/797/1452 797/697/1452
f 896/797/1453 829/744/1453 797/697/1453
f 870/771/1454 883/772/1454 830/730/1454
f 897/798/1455 844/731/1455 883/772/1455
f 897/798/1456 860/760/1456 844/731/1456
f 845/745/1457 907/799/1457 884/784/1457
f 907/799/1458 871/773/1458 884/784/1458
f 885/785/1459 898/800/1459 872/748/1459
f 874/776/1460 899/786/1460 754/654/1460
f 876/789/1461 835/735/1461 786/686/1461
f 891/792/1462 817/721/1462 816/720/1462
f 891/792/1463 865/765/1463 817/721/1463
f 900/801/1464 802/703/1464 849/751/1464
f 900/801/1465 836/736/1465 802/703/1465
f 893/794/1466 877/778/1466 850/752/1466
f 878/779/1467 879/780/1467 866/766/1467
f 915/802/1468 902/803/1468 852/767/1468
f 902/803/1469 839/740/1469 852/767/1469
f 902/803/1470 903/804/1470 839/740/1470
f 903/804/1471 840/741/1471 839/740/1471
f 903/804/1472 880/781/1472 840/741/1472
f 904/805/1473 853/754/1473 841/742/1473
f 894/795/1474 856/756/1474 842/743/1474
f 895/796/1475 868/769/1475 843/728/1475
f 829/744/1476 905/806/1476 859/759/1476
f 905/806/1477 870/771/1477 859/759/1477
f 897/798/1478 906/807/1478 860/760/1478
f 860/760/1479 907/799/1479 845/745/1479
f 871/773/1480 920/808/1480 810/714/1480
f 920/808/1481 861/761/1481 810/714/1481
f 898/800/1482 873/774/1482 872/748/1482
f 921/809/1483 886/775/1483 873/774/1483
f 909/810/1484 874/776/1484 862/716/1484
f 899/786/1485 922/811/1485 863/762/1485
f 887/787/1486 863/762/1486 922/811/1486
f 887/787/1487 875/777/1487 833/733/1487
f 888/788/1488 834/734/1488 813/717/1488
f 910/812/1489 848/749/1489 835/735/1489
f 848/749/1490 889/790/1490 788/688/1490
f 19/750/1491 890/791/1491 814/718/1491
f 911/813/1492 849/751/1492 865/765/1492
f 911/813/1493 900/801/1493 849/751/1493
f 900/801/1494 892/793/1494 836/736/1494
f 912/814/1495 837/737/1495 892/793/1495
f 913/815/1496 893/794/1496 837/737/1496
f 893/794/1497 901/816/1497 877/778/1497
f 901/816/1498 878/779/1498 877/778/1498
f 914/817/1499 879/780/1499 878/779/1499
f 903/804/1500 916/818/1500 880/781/1500
f 916/818/1501 841/742/1501 880/781/1501
f 916/818/1502 904/805/1502 841/742/1502
f 854/755/1503 824/727/1503 867/768/1503
f 917/819/1504 869/770/1504 868/769/1504
f 918/820/1505 896/797/1505 858/758/1505
f 905/806/1506 919/821/1506 870/771/1506
f 907/799/1507 860/760/1507 906/807/1507
f 920/808/1508 847/747/1508 861/761/1508
f 920/808/1509 885/785/1509 847/747/1509
f 908/822/1510 886/775/1510 921/809/1510
f 876/789/1511 923/823/1511 835/735/1511
f 923/823/1512 910/812/1512 835/735/1512
f 910/812/1513 889/790/1513 848/749/1513
f 20/824/1514 890/791/1514 19/750/1514
f 890/791/1515 891/792/1515 815/719/1515
f 891/792/1516 924/825/1516 865/765/1516
f 924/825/1517 911/813/1517 865/765/1517
f 911/813/1518 925/826/1518 900/801/1518
f 925/826/1519 926/827/1519 900/801/1519
f 926/827/1520 892/793/1520 900/801/1520
f 913/815/1521 927/828/1521 893/794/1521
f 929/829/1522 878/779/1522 901/816/1522
f 929/829/1523 914/817/1523 878/779/1523
f 914/817/1524 930/830/1524 879/780/1524
f 915/802/1525 931/831/1525 902/803/1525
f 854/755/1526 946/832/1526 825/711/1526
f 895/796/1527 949/833/1527 868/769/1527
f 896/797/1528 905/806/1528 829/744/1528
f 934/834/1529 883/772/1529 870/771/1529
f 883/772/1530 935/835/1530 897/798/1530
f 935/835/1531 906/807/1531 897/798/1531
f 936/836/1532 907/799/1532 906/807/1532
f 937/837/1533 871/773/1533 907/799/1533
f 937/837/1534 920/808/1534 871/773/1534
f 938/838/1535 885/785/1535 920/808/1535
f 885/785/1536 921/809/1536 898/800/1536
f 921/809/1537 873/774/1537 898/800/1537
f 886/775/1538 909/810/1538 862/716/1538
f 888/788/1539 940/839/1539 834/734/1539
f 954/840/1540 924/825/1540 891/792/1540
f 924/825/1541 942/841/1541 911/813/1541
f 893/794/1542 928/842/1542 901/816/1542
f 928/842/1543 929/829/1543 901/816/1543
f 930/830/1544 943/843/1544 879/780/1544
f 943/843/1545 852/767/1545 879/780/1545
f 943/843/1546 915/802/1546 852/767/1546
f 931/831/1547 932/844/1547 902/803/1547
f 932/844/1548 903/804/1548 902/803/1548
f 932/844/1549 916/818/1549 903/804/1549
f 944/845/1550 904/805/1550 916/818/1550
f 904/805/1551 881/782/1551 853/754/1551
f 881/782/1552 945/846/1552 867/768/1552
f 946/832/1553 855/694/1553 825/711/1553
f 894/795/1554 947/847/1554 856/756/1554
f 947/847/1555 895/796/1555 856/756/1555
f 949/833/1556 917/819/1556 868/769/1556
f 917/819/1557 933/848/1557 869/770/1557
f 933/848/1558 882/783/1558 869/770/1558
f 950/849/1559 918/820/1559 858/758/1559
f 919/821/1560 934/834/1560 870/771/1560
f 935/835/1561 936/836/1561 906/807/1561
f 958/850/1562 937/837/1562 907/799/1562
f 951/851/1563 921/809/1563 885/785/1563
f 908/822/1564 909/810/1564 886/775/1564
f 952/852/1565 899/786/1565 874/776/1565
f 952/852/1566 953/853/1566 899/786/1566
f 953/853/1567 922/811/1567 899/786/1567
f 939/854/1568 875/777/1568 887/787/1568
f 940/839/1569 876/789/1569 834/734/1569
f 941/855/1570 954/840/1570 891/792/1570
f 942/841/1571 925/826/1571 911/813/1571
f 912/814/1572 964/856/1572 837/737/1572
f 964/856/1573 913/815/1573 837/737/1573
f 955/857/1574 927/828/1574 913/815/1574
f 927/828/1575 928/842/1575 893/794/1575
f 932/844/1576 944/845/1576 916/818/1576
f 944/845/1577 881/782/1577 904/805/1577
f 945/846/1578 854/755/1578 867/768/1578
f 946/832/1579 894/795/1579 855/694/1579
f 956/858/1580 895/796/1580 948/859/1580
f 987/860/1581 857/757/1581 882/783/1581
f 987/860/1582 858/758/1582 857/757/1582
f 958/850/1583 907/799/1583 936/836/1583
f 937/837/1584 975/861/1584 920/808/1584
f 975/861/1585 938/838/1585 920/808/1585
f 959/862/1586 885/785/1586 938/838/1586
f 959/862/1587 960/863/1587 885/785/1587
f 960/863/1588 951/851/1588 885/785/1588
f 961/864/1589 909/810/1589 908/822/1589
f 953/853/1590 887/787/1590 922/811/1590
f 953/853/1591 939/854/1591 887/787/1591
f 978/865/1592 864/763/1592 875/777/1592
f 962/866/1593 910/812/1593 923/823/1593
f 890/791/1594 941/855/1594 891/792/1594
f 925/826/1595 963/867/1595 926/827/1595
f 892/793/1596 964/856/1596 912/814/1596
f 966/868/1597 915/802/1597 943/843/1597
f 931/831/1598 967/869/1598 932/844/1598
f 968/870/1599 944/845/1599 932/844/1599
f 969/871/1600 881/782/1600 944/845/1600
f 985/872/1601 946/832/1601 854/755/1601
f 947/847/1602 948/859/1602 895/796/1602
f 956/858/1603 949/833/1603 895/796/1603
f 970/873/1604 950/849/1604 858/758/1604
f 971/874/1605 896/797/1605 918/820/1605
f 905/806/1606 972/875/1606 919/821/1606
f 972/875/1607 934/834/1607 919/821/1607
f 973/876/1608 883/772/1608 934/834/1608
f 973/876/1609 974/877/1609 883/772/1609
f 974/877/1610 935/835/1610 883/772/1610
f 958/850/1611 975/861/1611 937/837/1611
f 921/809/1612 961/864/1612 908/822/1612
f 976/878/1613 977/879/1613 909/810/1613
f 977/879/1614 874/776/1614 909/810/1614
f 977/879/1615 952/852/1615 874/776/1615
f 939/854/1616 978/865/1616 875/777/1616
f 978/865/1617 888/788/1617 864/763/1617
f 978/865/1618 1019/880/1618 888/788/1618
f 876/789/1619 981/881/1619 923/823/1619
f 982/882/1620 942/841/1620 924/825/1620
f 963/867/1621 892/793/1621 926/827/1621
f 995/883/1622 964/856/1622 892/793/1622
f 955/857/1623 928/842/1623 927/828/1623
f 928/842/1624 965/884/1624 929/829/1624
f 965/884/1625 914/817/1625 929/829/1625
f 914/817/1626 983/885/1626 930/830/1626
f 967/869/1627 968/870/1627 932/844/1627
f 969/871/1628 984/886/1628 881/782/1628
f 984/886/1629 945/846/1629 881/782/1629
f 985/872/1630 854/755/1630 945/846/1630
f 986/887/1631 894/795/1631 946/832/1631
f 957/888/1632 933/848/1632 917/819/1632
f 971/874/1633 988/889/1633 896/797/1633
f 988/889/1634 972/875/1634 896/797/1634
f 972/875/1635 905/806/1635 896/797/1635
f 972/875/1636 989/890/1636 934/834/1636
f 989/890/1637 973/876/1637 934/834/1637
f 974/877/1638 936/836/1638 935/835/1638
f 974/877/1639 990/891/1639 936/836/1639
f 990/891/1640 958/850/1640 936/836/1640
f 991/892/1641 959/862/1641 938/838/1641
f 991/892/1642 960/863/1642 959/862/1642
f 951/851/1643 992/893/1643 921/809/1643
f 977/879/1644 953/853/1644 952/852/1644
f 1019/880/1645 979/894/1645 888/788/1645
f 979/894/1646 940/839/1646 888/788/1646
f 940/839/1647 980/895/1647 876/789/1647
f 980/895/1648 981/881/1648 876/789/1648
f 981/881/1649 962/866/1649 923/823/1649
f 21/896/1650 890/791/1650 20/824/1650
f 993/897/1651 954/840/1651 941/855/1651
f 954/840/1652 982/882/1652 924/825/1652
f 994/898/1653 892/793/1653 963/867/1653
f 964/856/1654 955/857/1654 913/815/1654
f 955/857/1655 996/899/1655 928/842/1655
f 965/884/1656 983/885/1656 914/817/1656
f 983/885/1657 997/900/1657 930/830/1657
f 997/900/1658 943/843/1658 930/830/1658
f 997/900/1659 966/868/1659 943/843/1659
f 998/901/1660 915/802/1660 966/868/1660
f 998/901/1661 931/831/1661 915/802/1661
f 998/901/1662 999/902/1662 931/831/1662
f 999/902/1663 967/869/1663 931/831/1663
f 999/902/1664 968/870/1664 967/869/1664
f 984/886/1665 985/872/1665 945/846/1665
f 1000/903/1666 986/887/1666 946/832/1666
f 986/887/1667 947/847/1667 894/795/1667
f 1001/904/1668 948/859/1668 947/847/1668
f 1001/904/1669 956/858/1669 948/859/1669
f 949/833/1670 957/888/1670 917/819/1670
f 933/848/1671 987/860/1671 882/783/1671
f 970/873/1672 858/758/1672 987/860/1672
f 988/889/1673 1002/905/1673 972/875/1673
f 1002/905/1674 989/890/1674 972/875/1674
f 990/891/1675 1003/906/1675 958/850/1675
f 1004/907/1676 975/861/1676 958/850/1676
f 975/861/1677 1005/908/1677 938/838/1677
f 992/893/1678 961/864/1678 921/809/1678
f 961/864/1679 976/878/1679 909/810/1679
f 977/879/1680 1006/909/1680 953/853/1680
f 962/866/1681 1009/910/1681 910/812/1681
f 1009/910/1682 889/790/1682 910/812/1682
f 889/790/1683 22/911/1683 18/764/1683
f 1010/912/1684 1011/913/1684 982/882/1684
f 1011/913/1685 942/841/1685 982/882/1685
f 1012/914/1686 925/826/1686 942/841/1686
f 1012/914/1687 963/867/1687 925/826/1687
f 995/883/1688 892/793/1688 994/898/1688
f 1013/915/1689 964/856/1689 995/883/1689
f 1025/916/1690 983/885/1690 965/884/1690
f 1026/917/1691 997/900/1691 983/885/1691
f 1014/918/1692 998/901/1692 966/868/1692
f 1015/919/1693 968/870/1693 999/902/1693
f 1015/919/1694 1016/920/1694 968/870/1694
f 1016/920/1695 944/845/1695 968/870/1695
f 1016/920/1696 969/871/1696 944/845/1696
f 985/872/1697 1000/903/1697 946/832/1697
f 1001/904/1698 1017/921/1698 956/858/1698
f 974/877/1699 1018/922/1699 990/891/1699
f 1018/922/1700 1003/906/1700 990/891/1700
f 1003/906/1701 1004/907/1701 958/850/1701
f 1006/909/1702 1007/923/1702 953/853/1702
f 1008/924/1703 939/854/1703 953/853/1703
f 1008/924/1704 978/865/1704 939/854/1704
f 979/894/1705 980/895/1705 940/839/1705
f 21/896/1706 1020/925/1706 890/791/1706
f 1020/925/1707 941/855/1707 890/791/1707
f 941/855/1708 1021/926/1708 993/897/1708
f 1010/912/1709 954/840/1709 993/897/1709
f 1010/912/1710 982/882/1710 954/840/1710
f 1011/913/1711 1012/914/1711 942/841/1711
f 1012/914/1712 994/898/1712 963/867/1712
f 994/898/1713 1013/915/1713 995/883/1713
f 1013/915/1714 955/857/1714 964/856/1714
f 1023/927/1715 996/899/1715 955/857/1715
f 1023/927/1716 1024/928/1716 996/899/1716
f 1024/928/1717 928/842/1717 996/899/1717
f 1024/928/1718 965/884/1718 928/842/1718
f 1024/928/1719 1025/916/1719 965/884/1719
f 997/900/1720 1014/918/1720 966/868/1720
f 1028/929/1721 1000/903/1721 985/872/1721
f 1029/930/1722 949/833/1722 956/858/1722
f 1029/930/1723 957/888/1723 949/833/1723
f 957/888/1724 1030/931/1724 933/848/1724
f 1030/931/1725 987/860/1725 933/848/1725
f 1031/932/1726 918/820/1726 950/849/1726
f 1031/932/1727 971/874/1727 918/820/1727
f 1045/933/1728 988/889/1728 971/874/1728
f 1032/934/1729 989/890/1729 1002/905/1729
f 1033/935/1730 973/876/1730 989/890/1730
f 1034/936/1731 974/877/1731 973/876/1731
f 1035/937/1732 1018/922/1732 974/877/1732
f 1004/907/1733 1005/908/1733 975/861/1733
f 1062/938/1734 938/838/1734 1005/908/1734
f 1062/938/1735 991/892/1735 938/838/1735
f 960/863/1736 1048/939/1736 951/851/1736
f 1048/939/1737 992/893/1737 951/851/1737
f 961/864/1738 1036/940/1738 976/878/1738
f 1036/940/1739 977/879/1739 976/878/1739
f 1007/923/1740 1008/924/1740 953/853/1740
f 979/894/1741 1037/941/1741 980/895/1741
f 981/881/1742 1052/942/1742 962/866/1742
f 1009/910/1743 22/911/1743 889/790/1743
f 1020/925/1744 1021/926/1744 941/855/1744
f 1021/926/1745 1010/912/1745 993/897/1745
f 1021/926/1746 1038/943/1746 1010/912/1746
f 1039/944/1747 1011/913/1747 1010/912/1747
f 1040/945/1748 955/857/1748 1013/915/1748
f 1041/946/1749 1023/927/1749 955/857/1749
f 1025/916/1750 1026/917/1750 983/885/1750
f 1042/947/1751 997/900/1751 1026/917/1751
f 1043/948/1752 998/901/1752 1014/918/1752
f 998/901/1753 1044/949/1753 999/902/1753
f 1071/950/1754 969/871/1754 1016/920/1754
f 1071/950/1755 984/886/1755 969/871/1755
f 984/886/1756 1028/929/1756 985/872/1756
f 1000/903/1757 947/847/1757 986/887/1757
f 1029/930/1758 1087/951/1758 957/888/1758
f 1058/952/1759 970/873/1759 987/860/1759
f 970/873/1760 1031/932/1760 950/849/1760
f 1031/932/1761 1045/933/1761 971/874/1761
f 988/889/1762 1046/953/1762 1002/905/1762
f 1046/953/1763 1032/934/1763 1002/905/1763
f 1032/934/1764 1033/935/1764 989/890/1764
f 1033/935/1765 1034/936/1765 973/876/1765
f 1034/936/1766 1035/937/1766 974/877/1766
f 1062/938/1767 1047/954/1767 991/892/1767
f 1047/954/1768 1048/939/1768 960/863/1768
f 1048/939/1769 1049/955/1769 992/893/1769
f 1050/956/1770 1036/940/1770 961/864/1770
f 1008/924/1771 1019/880/1771 978/865/1771
f 980/895/1772 1052/942/1772 981/881/1772
f 1012/914/1773 1053/957/1773 994/898/1773
f 994/898/1774 1022/958/1774 1013/915/1774
f 1022/958/1775 1054/959/1775 1013/915/1775
f 1054/959/1776 1040/945/1776 1013/915/1776
f 1040/945/1777 1041/946/1777 955/857/1777
f 1041/946/1778 1024/928/1778 1023/927/1778
f 1055/960/1779 1025/916/1779 1024/928/1779
f 1042/947/1780 1043/948/1780 997/900/1780
f 1043/948/1781 1014/918/1781 997/900/1781
f 1043/948/1782 1044/949/1782 998/901/1782
f 1044/949/1783 1056/961/1783 999/902/1783
f 1056/961/1784 1015/919/1784 999/902/1784
f 1071/950/1785 1027/962/1785 984/886/1785
f 1027/962/1786 1028/929/1786 984/886/1786
f 1057/963/1787 1001/904/1787 947/847/1787
f 1017/921/1788 1029/930/1788 956/858/1788
f 1087/951/1789 1030/931/1789 957/888/1789
f 1030/931/1790 1058/952/1790 987/860/1790
f 1059/964/1791 970/873/1791 1058/952/1791
f 1059/964/1792 1031/932/1792 970/873/1792
f 1045/933/1793 1046/953/1793 988/889/1793
f 1060/965/1794 1061/966/1794 1035/937/1794
f 1061/966/1795 1018/922/1795 1035/937/1795
f 1061/966/1796 1003/906/1796 1018/922/1796
f 1062/938/1797 1005/908/1797 1004/907/1797
f 1047/954/1798 960/863/1798 991/892/1798
f 1049/955/1799 961/864/1799 992/893/1799
f 1063/967/1800 1008/924/1800 1007/923/1800
f 1008/924/1801 1064/968/1801 1019/880/1801
f 1065/969/1802 979/894/1802 1019/880/1802
f 1065/969/1803 1037/941/1803 979/894/1803
f 23/970/1804 1020/925/1804 21/896/1804
f 1020/925/1805 1038/943/1805 1021/926/1805
f 1053/957/1806 1012/914/1806 1011/913/1806
f 1067/971/1807 994/898/1807 1053/957/1807
f 1068/972/1808 1022/958/1808 994/898/1808
f 1026/917/1809 1069/973/1809 1042/947/1809
f 1070/974/1810 1043/948/1810 1042/947/1810
f 1015/919/1811 1071/950/1811 1016/920/1811
f 1072/975/1812 1017/921/1812 1001/904/1812
f 1074/976/1813 1035/937/1813 1034/936/1813
f 1075/977/1814 1003/906/1814 1061/966/1814
f 1075/977/1815 1076/978/1815 1003/906/1815
f 1076/978/1816 1004/907/1816 1003/906/1816
f 1077/979/1817 1047/954/1817 1062/938/1817
f 1047/954/1818 1078/980/1818 1048/939/1818
f 1049/955/1819 1050/956/1819 961/864/1819
f 1050/956/1820 1079/981/1820 1036/940/1820
f 1079/981/1821 1080/982/1821 1036/940/1821
f 1080/982/1822 977/879/1822 1036/940/1822
f 1006/909/1823 1063/967/1823 1007/923/1823
f 1064/968/1824 1051/983/1824 1019/880/1824
f 1081/984/1825 980/895/1825 1037/941/1825
f 1081/984/1826 1052/942/1826 980/895/1826
f 1052/942/1827 1009/910/1827 962/866/1827
f 23/970/1828 1066/985/1828 1020/925/1828
f 1039/944/1829 1010/912/1829 1038/943/1829
f 1082/986/1830 1011/913/1830 1039/944/1830
f 1054/959/1831 1041/946/1831 1040/945/1831
f 1055/960/1832 1083/987/1832 1025/916/1832
f 1083/987/1833 1026/917/1833 1025/916/1833
f 1069/973/1834 1070/974/1834 1042/947/1834
f 1084/988/1835 1056/961/1835 1044/949/1835
f 1056/961/1836 1085/989/1836 1015/919/1836
f 1085/989/1837 1071/950/1837 1015/919/1837
f 1027/962/1838 1097/990/1838 1028/929/1838
f 1086/991/1839 1000/903/1839 1028/929/1839
f 1098/992/1840 947/847/1840 1000/903/1840
f 1057/963/1841 1072/975/1841 1001/904/1841
f 1074/976/1842 1060/965/1842 1035/937/1842
f 1076/978/1843 1089/993/1843 1004/907/1843
f 1089/993/1844 1062/938/1844 1004/907/1844
f 1090/994/1845 1047/954/1845 1077/979/1845
f 977/879/1846 1105/995/1846 1006/909/1846
f 1105/995/1847 1063/967/1847 1006/909/1847
f 1063/967/1848 1113/996/1848 1008/924/1848
f 1113/996/1849 1091/997/1849 1008/924/1849
f 1091/997/1850 1064/968/1850 1008/924/1850
f 1009/910/1851 1106/998/1851 22/911/1851
f 1106/998/1852 24/999/1852 22/911/1852
f 1038/943/1853 1020/925/1853 1066/985/1853
f 1038/943/1854 1082/986/1854 1039/944/1854
f 1082/986/1855 1053/957/1855 1011/913/1855
f 1082/986/1856 1092/1000/1856 1053/957/1856
f 1092/1000/1857 1067/971/1857 1053/957/1857
f 1067/971/1858 1068/972/1858 994/898/1858
f 1093/1001/1859 1022/958/1859 1068/972/1859
f 1094/1002/1860 1024/928/1860 1041/946/1860
f 1094/1002/1861 1055/960/1861 1024/928/1861
f 1083/987/1862 1069/973/1862 1026/917/1862
f 1083/987/1863 1095/1003/1863 1069/973/1863
f 1096/1004/1864 1044/949/1864 1043/948/1864
f 1097/990/1865 1027/962/1865 1071/950/1865
f 1086/991/1866 1098/992/1866 1000/903/1866
f 1098/992/1867 1057/963/1867 947/847/1867
f 1099/1005/1868 1031/932/1868 1059/964/1868
f 1031/932/1869 1100/1006/1869 1045/933/1869
f 1073/1007/1870 1046/953/1870 1045/933/1870
f 1073/1007/1871 1088/1008/1871 1046/953/1871
f 1088/1008/1872 1032/934/1872 1046/953/1872
f 1088/1008/1873 1033/935/1873 1032/934/1873
f 1101/1009/1874 1074/976/1874 1034/936/1874
f 1060/965/1875 1075/977/1875 1061/966/1875
f 1089/993/1876 1077/979/1876 1062/938/1876
f 1090/994/1877 1102/1010/1877 1047/954/1877
f 1102/1010/1878 1078/980/1878 1047/954/1878
f 1103/1011/1879 1049/955/1879 1048/939/1879
f 1049/955/1880 1104/1012/1880 1050/956/1880
f 1104/1012/1881 1079/981/1881 1050/956/1881
f 1080/982/1882 1105/995/1882 977/879/1882
f 1051/983/1883 1065/969/1883 1019/880/1883
f 25/1013/1884 1066/985/1884 23/970/1884
f 1092/1000/1885 1107/1014/1885 1067/971/1885
f 1093/1001/1886 1054/959/1886 1022/958/1886
f 1054/959/1887 1108/1015/1887 1041/946/1887
f 1108/1015/1888 1094/1002/1888 1041/946/1888
f 1094/1002/1889 1109/1016/1889 1055/960/1889
f 1109/1016/1890 1083/987/1890 1055/960/1890
f 1095/1003/1891 1070/974/1891 1069/973/1891
f 1070/974/1892 1096/1004/1892 1043/948/1892
f 1097/990/1893 1086/991/1893 1028/929/1893
f 1100/1006/1894 1073/1007/1894 1045/933/1894
f 1033/935/1895 1101/1009/1895 1034/936/1895
f 1074/976/1896 1111/1017/1896 1060/965/1896
f 1129/1018/1897 1077/979/1897 1089/993/1897
f 1102/1010/1898 1112/1019/1898 1078/980/1898
f 1078/980/1899 1103/1011/1899 1048/939/1899
f 1113/996/1900 1063/967/1900 1105/995/1900
f 1113/996/1901 1160/1020/1901 1091/997/1901
f 1160/1020/1902 1114/1021/1902 1091/997/1902
f 1065/969/1903 1115/1022/1903 1037/941/1903
f 1115/1022/1904 1081/984/1904 1037/941/1904
f 1116/1023/1905 1009/910/1905 1052/942/1905
f 1117/1024/1906 1038/943/1906 1066/985/1906
f 1119/1025/1907 1120/1026/1907 1038/943/1907
f 1120/1026/1908 1082/986/1908 1038/943/1908
f 1120/1026/1909 1121/1027/1909 1082/986/1909
f 1121/1027/1910 1092/1000/1910 1082/986/1910
f 1107/1014/1911 1068/972/1911 1067/971/1911
f 1107/1014/1912 1093/1001/1912 1068/972/1912
f 1095/1003/1913 1122/1028/1913 1070/974/1913
f 1085/989/1914 1056/961/1914 1084/988/1914
f 1138/1029/1915 1097/990/1915 1071/950/1915
f 1140/1030/1916 1057/963/1916 1098/992/1916
f 1140/1030/1917 1110/1031/1917 1057/963/1917
f 1110/1031/1918 1123/1032/1918 1057/963/1918
f 1123/1032/1919 1072/975/1919 1057/963/1919
f 1123/1032/1920 1017/921/1920 1072/975/1920
f 1124/1033/1921 1029/930/1921 1017/921/1921
f 1124/1033/1922 1087/951/1922 1029/930/1922
f 1087/951/1923 1155/1034/1923 1030/931/1923
f 1155/1034/1924 1125/1035/1924 1030/931/1924
f 1030/931/1925 1125/1035/1925 1058/952/1925
f 1125/1035/1926 1126/1036/1926 1058/952/1926
f 1126/1036/1927 1059/964/1927 1058/952/1927
f 1127/1037/1928 1111/1017/1928 1074/976/1928
f 1128/1038/1929 1075/977/1929 1060/965/1929
f 1076/978/1930 1129/1018/1930 1089/993/1930
f 1129/1018/1931 1130/1039/1931 1077/979/1931
f 1104/1012/1932 1080/982/1932 1079/981/1932
f 1178/1040/1933 1105/995/1933 1080/982/1933
f 1114/1021/1934 1064/968/1934 1091/997/1934
f 1131/1041/1935 1051/983/1935 1064/968/1935
f 1132/1042/1936 1052/942/1936 1081/984/1936
f 25/1013/1937 1117/1024/1937 1066/985/1937
f 1117/1024/1938 1118/1043/1938 1038/943/1938
f 1119/1025/1939 1038/943/1939 1118/1043/1939
f 1133/1044/1940 1093/1001/1940 1107/1014/1940
f 1133/1044/1941 1134/1045/1941 1093/1001/1941
f 1134/1045/1942 1135/1046/1942 1093/1001/1942
f 1135/1046/1943 1054/959/1943 1093/1001/1943
f 1108/1015/1944 1136/1047/1944 1094/1002/1944
f 1137/1048/1945 1083/987/1945 1109/1016/1945
f 1122/1028/1946 1096/1004/1946 1070/974/1946
f 1096/1004/1947 1084/988/1947 1044/949/1947
f 1085/989/1948 1138/1029/1948 1071/950/1948
f 1086/991/1949 1140/1030/1949 1098/992/1949
f 1123/1032/1950 1124/1033/1950 1017/921/1950
f 1126/1036/1951 1141/1049/1951 1059/964/1951
f 1141/1049/1952 1099/1005/1952 1059/964/1952
f 1142/1050/1953 1033/935/1953 1088/1008/1953
f 1111/1017/1954 1128/1038/1954 1060/965/1954
f 1128/1038/1955 1076/978/1955 1075/977/1955
f 1128/1038/1956 1129/1018/1956 1076/978/1956
f 1130/1039/1957 1090/994/1957 1077/979/1957
f 1143/1051/1958 1112/1019/1958 1102/1010/1958
f 1112/1019/1959 1103/1011/1959 1078/980/1959
f 1103/1011/1960 1104/1012/1960 1049/955/1960
f 1144/1052/1961 1080/982/1961 1104/1012/1961
f 1144/1052/1962 1178/1040/1962 1080/982/1962
f 1178/1040/1963 1145/1053/1963 1105/995/1963
f 1146/1054/1964 1113/996/1964 1105/995/1964
f 1115/1022/1965 1132/1042/1965 1081/984/1965
f 25/1013/1966 1162/1055/1966 1117/1024/1966
f 1120/1026/1967 1148/1056/1967 1121/1027/1967
f 1121/1027/1968 1149/1057/1968 1092/1000/1968
f 1149/1057/1969 1107/1014/1969 1092/1000/1969
f 1149/1057/1970 1133/1044/1970 1107/1014/1970
f 1108/1015/1971 1054/959/1971 1135/1046/1971
f 1094/1002/1972 1150/1058/1972 1109/1016/1972
f 1150/1058/1973 1137/1048/1973 1109/1016/1973
f 1151/1059/1974 1095/1003/1974 1083/987/1974
f 1151/1059/1975 1152/1060/1975 1095/1003/1975
f 1152/1060/1976 1122/1028/1976 1095/1003/1976
f 1122/1028/1977 1165/1061/1977 1096/1004/1977
f 1166/1062/1978 1084/988/1978 1096/1004/1978
f 1153/1063/1979 1085/989/1979 1084/988/1979
f 1154/1064/1980 1138/1029/1980 1085/989/1980
f 1138/1029/1981 1139/1065/1981 1097/990/1981
f 1174/1066/1982 1140/1030/1982 1086/991/1982
f 1169/1067/1983 1087/951/1983 1124/1033/1983
f 1169/1067/1984 1155/1034/1984 1087/951/1984
f 1099/1005/1985 1100/1006/1985 1031/932/1985
f 1156/1068/1986 1142/1050/1986 1088/1008/1986
f 1101/1009/1987 1127/1037/1987 1074/976/1987
f 1157/1069/1988 1130/1039/1988 1129/1018/1988
f 1090/994/1989 1143/1051/1989 1102/1010/1989
f 1143/1051/1990 1103/1011/1990 1112/1019/1990
f 1158/1070/1991 1104/1012/1991 1103/1011/1991
f 1146/1054/1992 1105/995/1992 1145/1053/1992
f 1159/1071/1993 1113/996/1993 1146/1054/1993
f 1051/983/1994 1147/1072/1994 1065/969/1994
f 1147/1072/1995 1115/1022/1995 1065/969/1995
f 1132/1042/1996 1116/1023/1996 1052/942/1996
f 1106/998/1997 1009/910/1997 1116/1023/1997
f 26/1073/1998 1162/1055/1998 25/1013/1998
f 1120/1026/1999 1119/1025/1999 1118/1043/1999
f 1148/1056/2000 1164/1074/2000 1121/1027/2000
f 1164/1074/2001 1149/1057/2001 1121/1027/2001
f 1136/1047/2002 1150/1058/2002 1094/1002/2002
f 1165/1061/2003 1122/1028/2003 1152/1060/2003
f 1165/1061/2004 1166/1062/2004 1096/1004/2004
f 1166/1062/2005 1153/1063/2005 1084/988/2005
f 1167/1075/2006 1085/989/2006 1153/1063/2006
f 1167/1075/2007 1154/1064/2007 1085/989/2007
f 1139/1065/2008 1086/991/2008 1097/990/2008
f 1204/1076/2009 1174/1066/2009 1086/991/2009
f 1140/1030/2010 1189/1077/2010 1110/1031/2010
f 1168/1078/2011 1123/1032/2011 1110/1031/2011
f 1156/1068/2012 1088/1008/2012 1073/1007/2012
f 1142/1050/2013 1101/1009/2013 1033/935/2013
f 1170/1079/2014 1111/1017/2014 1127/1037/2014
f 1171/1080/2015 1129/1018/2015 1128/1038/2015
f 1171/1080/2016 1157/1069/2016 1129/1018/2016
f 1158/1070/2017 1144/1052/2017 1104/1012/2017
f 1159/1071/2018 1160/1020/2018 1113/996/2018
f 1131/1041/2019 1064/968/2019 1114/1021/2019
f 1172/1081/2020 1115/1022/2020 1147/1072/2020
f 1161/1082/2021 1132/1042/2021 1115/1022/2021
f 1117/1024/2022 1163/1083/2022 1118/1043/2022
f 1163/1083/2023 1120/1026/2023 1118/1043/2023
f 1133/1044/2024 1184/1084/2024 1134/1045/2024
f 1184/1084/2025 1135/1046/2025 1134/1045/2025
f 1135/1046/2026 1136/1047/2026 1108/1015/2026
f 1137/1048/2027 1151/1059/2027 1083/987/2027
f 1151/1059/2028 1165/1061/2028 1152/1060/2028
f 1194/1085/2029 1171/1080/2029 1128/1038/2029
f 1171/1080/2030 1176/1086/2030 1157/1069/2030
f 1176/1086/2031 1130/1039/2031 1157/1069/2031
f 1130/1039/2032 1195/1087/2032 1090/994/2032
f 1195/1087/2033 1177/1088/2033 1090/994/2033
f 1177/1088/2034 1143/1051/2034 1090/994/2034
f 1160/1020/2035 1179/1089/2035 1114/1021/2035
f 1179/1089/2036 1131/1041/2036 1114/1021/2036
f 1172/1081/2037 1161/1082/2037 1115/1022/2037
f 1161/1082/2038 1180/1090/2038 1132/1042/2038
f 1180/1090/2039 1116/1023/2039 1132/1042/2039
f 1162/1055/2040 1163/1083/2040 1117/1024/2040
f 1163/1083/2041 1181/1091/2041 1120/1026/2041
f 1182/1092/2042 1164/1074/2042 1148/1056/2042
f 1182/1092/2043 1149/1057/2043 1164/1074/2043
f 1149/1057/2044 1183/1093/2044 1133/1044/2044
f 1183/1093/2045 1184/1084/2045 1133/1044/2045
f 1185/1094/2046 1136/1047/2046 1135/1046/2046
f 1151/1059/2047 1186/1095/2047 1165/1061/2047
f 1186/1095/2048 1166/1062/2048 1165/1061/2048
f 1139/1065/2049 1204/1076/2049 1086/991/2049
f 1188/1096/2050 1140/1030/2050 1174/1066/2050
f 1189/1077/2051 1168/1078/2051 1110/1031/2051
f 1123/1032/2052 1169/1067/2052 1124/1033/2052
f 1190/1097/2053 1191/1098/2053 1155/1034/2053
f 1191/1098/2054 1125/1035/2054 1155/1034/2054
f 1191/1098/2055 1126/1036/2055 1125/1035/2055
f 1175/1099/2056 1100/1006/2056 1099/1005/2056
f 1100/1006/2057 1175/1099/2057 1073/1007/2057
f 1175/1099/2058 1156/1068/2058 1073/1007/2058
f 1156/1068/2059 1193/1100/2059 1142/1050/2059
f 1193/1100/2060 1101/1009/2060 1142/1050/2060
f 1101/1009/2061 1170/1079/2061 1127/1037/2061
f 1194/1085/2062 1111/1017/2062 1170/1079/2062
f 1194/1085/2063 1128/1038/2063 1111/1017/2063
f 1176/1086/2064 1195/1087/2064 1130/1039/2064
f 1196/1101/2065 1178/1040/2065 1144/1052/2065
f 1197/1102/2066 1051/983/2066 1131/1041/2066
f 1197/1102/2067 1147/1072/2067 1051/983/2067
f 1181/1091/2068 1148/1056/2068 1120/1026/2068
f 1199/1103/2069 1182/1092/2069 1148/1056/2069
f 1182/1092/2070 1183/1093/2070 1149/1057/2070
f 1184/1084/2071 1185/1094/2071 1135/1046/2071
f 1185/1094/2072 1200/1104/2072 1136/1047/2072
f 1200/1104/2073 1150/1058/2073 1136/1047/2073
f 1200/1104/2074 1201/1105/2074 1150/1058/2074
f 1137/1048/2075 1150/1058/2075 1201/1105/2075
f 1202/1106/2076 1151/1059/2076 1137/1048/2076
f 1187/1107/2077 1153/1063/2077 1166/1062/2077
f 1203/1108/2078 1167/1075/2078 1153/1063/2078
f 1203/1108/2079 1154/1064/2079 1167/1075/2079
f 1232/1109/2080 1169/1067/2080 1123/1032/2080
f 1169/1067/2081 1205/1110/2081 1155/1034/2081
f 1191/1098/2082 1141/1049/2082 1126/1036/2082
f 1141/1049/2083 1175/1099/2083 1099/1005/2083
f 1175/1099/2084 1206/1111/2084 1156/1068/2084
f 1206/1111/2085 1192/1112/2085 1156/1068/2085
f 1192/1112/2086 1193/1100/2086 1156/1068/2086
f 1194/1085/2087 1207/1113/2087 1171/1080/2087
f 1207/1113/2088 1176/1086/2088 1171/1080/2088
f 1208/1114/2089 1158/1070/2089 1103/1011/2089
f 1158/1070/2090 1196/1101/2090 1144/1052/2090
f 1178/1040/2091 1209/1115/2091 1145/1053/2091
f 1159/1071/2092 1210/1116/2092 1160/1020/2092
f 1210/1116/2093 1179/1089/2093 1160/1020/2093
f 1179/1089/2094 1211/1117/2094 1131/1041/2094
f 1246/1118/2095 1106/998/2095 1116/1023/2095
f 27/1119/2096 1162/1055/2096 26/1073/2096
f 27/1119/2097 1212/1120/2097 1162/1055/2097
f 1212/1120/2098 1163/1083/2098 1162/1055/2098
f 1181/1091/2099 1199/1103/2099 1148/1056/2099
f 1183/1093/2100 1213/1121/2100 1184/1084/2100
f 1201/1105/2101 1214/1122/2101 1137/1048/2101
f 1214/1122/2102 1202/1106/2102 1137/1048/2102
f 1215/1123/2103 1151/1059/2103 1202/1106/2103
f 1216/1124/2104 1166/1062/2104 1186/1095/2104
f 1216/1124/2105 1187/1107/2105 1166/1062/2105
f 1154/1064/2106 1173/1125/2106 1138/1029/2106
f 1173/1125/2107 1139/1065/2107 1138/1029/2107
f 1188/1096/2108 1189/1077/2108 1140/1030/2108
f 1217/1126/2109 1123/1032/2109 1168/1078/2109
f 1217/1126/2110 1232/1109/2110 1123/1032/2110
f 1205/1110/2111 1190/1097/2111 1155/1034/2111
f 1233/1127/2112 1218/1128/2112 1191/1098/2112
f 1218/1128/2113 1141/1049/2113 1191/1098/2113
f 1218/1128/2114 1175/1099/2114 1141/1049/2114
f 1218/1128/2115 1219/1129/2115 1175/1099/2115
f 1193/1100/2116 1220/1130/2116 1101/1009/2116
f 1220/1130/2117 1170/1079/2117 1101/1009/2117
f 1221/1131/2118 1207/1113/2118 1194/1085/2118
f 1208/1114/2119 1103/1011/2119 1143/1051/2119
f 1209/1115/2120 1222/1132/2120 1145/1053/2120
f 1222/1132/2121 1146/1054/2121 1145/1053/2121
f 1222/1132/2122 1223/1133/2122 1146/1054/2122
f 1223/1133/2123 1159/1071/2123 1146/1054/2123
f 1210/1116/2124 1211/1117/2124 1179/1089/2124
f 1211/1117/2125 1224/1134/2125 1131/1041/2125
f 1224/1134/2126 1197/1102/2126 1131/1041/2126
f 1225/1135/2127 24/999/2127 1106/998/2127
f 1225/1135/2128 1198/1136/2128 24/999/2128
f 1226/1137/2129 1199/1103/2129 1181/1091/2129
f 1227/1138/2130 1183/1093/2130 1182/1092/2130
f 1213/1121/2131 1185/1094/2131 1184/1084/2131
f 1214/1122/2132 1215/1123/2132 1202/1106/2132
f 1215/1123/2133 1186/1095/2133 1151/1059/2133
f 1228/1139/2134 1153/1063/2134 1187/1107/2134
f 1228/1139/2135 1229/1140/2135 1153/1063/2135
f 1229/1140/2136 1203/1108/2136 1153/1063/2136
f 1265/1141/2137 1154/1064/2137 1203/1108/2137
f 1204/1076/2138 1277/1142/2138 1174/1066/2138
f 1277/1142/2139 1188/1096/2139 1174/1066/2139
f 1231/1143/2140 1189/1077/2140 1188/1096/2140
f 1233/1127/2141 1191/1098/2141 1190/1097/2141
f 1235/1144/2142 1220/1130/2142 1193/1100/2142
f 1220/1130/2143 1236/1145/2143 1170/1079/2143
f 1236/1145/2144 1194/1085/2144 1170/1079/2144
f 1237/1146/2145 1238/1147/2145 1176/1086/2145
f 1238/1147/2146 1195/1087/2146 1176/1086/2146
f 1238/1147/2147 1239/1148/2147 1195/1087/2147
f 1239/1148/2148 1177/1088/2148 1195/1087/2148
f 1177/1088/2149 1240/1149/2149 1143/1051/2149
f 1240/1149/2150 1208/1114/2150 1143/1051/2150
f 1242/1150/2151 1178/1040/2151 1196/1101/2151
f 1242/1150/2152 1209/1115/2152 1178/1040/2152
f 1223/1133/2153 1243/1151/2153 1159/1071/2153
f 1243/1151/2154 1210/1116/2154 1159/1071/2154
f 1244/1152/2155 1172/1081/2155 1147/1072/2155
f 1180/1090/2156 1246/1118/2156 1116/1023/2156
f 1226/1137/2157 1227/1138/2157 1199/1103/2157
f 1227/1138/2158 1182/1092/2158 1199/1103/2158
f 1247/1153/2159 1185/1094/2159 1213/1121/2159
f 1247/1153/2160 1200/1104/2160 1185/1094/2160
f 1200/1104/2161 1248/1154/2161 1201/1105/2161
f 1248/1154/2162 1214/1122/2162 1201/1105/2162
f 1215/1123/2163 1249/1155/2163 1186/1095/2163
f 1249/1155/2164 1216/1124/2164 1186/1095/2164
f 1229/1140/2165 1265/1141/2165 1203/1108/2165
f 1265/1141/2166 1250/1156/2166 1154/1064/2166
f 1250/1156/2167 1173/1125/2167 1154/1064/2167
f 1230/1157/2168 1139/1065/2168 1173/1125/2168
f 1230/1157/2169 1204/1076/2169 1139/1065/2169
f 1251/1158/2170 1168/1078/2170 1189/1077/2170
f 1251/1158/2171 1217/1126/2171 1168/1078/2171
f 1219/1129/2172 1252/1159/2172 1175/1099/2172
f 1252/1159/2173 1206/1111/2173 1175/1099/2173
f 1234/1160/2174 1235/1144/2174 1193/1100/2174
f 1236/1145/2175 1221/1131/2175 1194/1085/2175
f 1239/1148/2176 1240/1149/2176 1177/1088/2176
f 1208/1114/2177 1282/1161/2177 1158/1070/2177
f 1282/1161/2178 1241/1162/2178 1158/1070/2178
f 1241/1162/2179 1196/1101/2179 1158/1070/2179
f 1253/1163/2180 1242/1150/2180 1196/1101/2180
f 1197/1102/2181 1244/1152/2181 1147/1072/2181
f 1172/1081/2182 1255/1164/2182 1161/1082/2182
f 1256/1165/2183 1106/998/2183 1246/1118/2183
f 1256/1165/2184 1225/1135/2184 1106/998/2184
f 28/1166/2185 1212/1120/2185 27/1119/2185
f 1212/1120/2186 1257/1167/2186 1163/1083/2186
f 1258/1168/2187 1181/1091/2187 1163/1083/2187
f 1258/1168/2188 1226/1137/2188 1181/1091/2188
f 1259/1169/2189 1183/1093/2189 1227/1138/2189
f 1259/1169/2190 1213/1121/2190 1183/1093/2190
f 1260/1170/2191 1200/1104/2191 1247/1153/2191
f 1260/1170/2192 1248/1154/2192 1200/1104/2192
f 1261/1171/2193 1262/1172/2193 1214/1122/2193
f 1262/1172/2194 1215/1123/2194 1214/1122/2194
f 1262/1172/2195 1249/1155/2195 1215/1123/2195
f 1216/1124/2196 1263/1173/2196 1187/1107/2196
f 1228/1139/2197 1264/1174/2197 1229/1140/2197
f 1264/1174/2198 1265/1141/2198 1229/1140/2198
f 1230/1157/2199 1277/1142/2199 1204/1076/2199
f 1232/1109/2200 1267/1175/2200 1169/1067/2200
f 1267/1175/2201 1205/1110/2201 1169/1067/2201
f 1205/1110/2202 1268/1176/2202 1190/1097/2202
f 1268/1176/2203 1233/1127/2203 1190/1097/2203
f 1268/1176/2204 1269/1177/2204 1233/1127/2204
f 1206/1111/2205 1270/1178/2205 1192/1112/2205
f 1234/1160/2206 1271/1179/2206 1235/1144/2206
f 1272/1180/2207 1236/1145/2207 1220/1130/2207
f 1221/1131/2208 1237/1146/2208 1207/1113/2208
f 1237/1146/2209 1176/1086/2209 1207/1113/2209
f 1241/1162/2210 1253/1163/2210 1196/1101/2210
f 1284/1181/2211 1210/1116/2211 1243/1151/2211
f 1224/1134/2212 1254/1182/2212 1197/1102/2212
f 1254/1182/2213 1244/1152/2213 1197/1102/2213
f 1255/1164/2214 1180/1090/2214 1161/1082/2214
f 1245/1183/2215 1246/1118/2215 1180/1090/2215
f 1273/1184/2216 1259/1169/2216 1227/1138/2216
f 1274/1185/2217 1247/1153/2217 1213/1121/2217
f 1248/1154/2218 1261/1171/2218 1214/1122/2218
f 1275/1186/2219 1216/1124/2219 1249/1155/2219
f 1275/1186/2220 1263/1173/2220 1216/1124/2220
f 1263/1173/2221 1228/1139/2221 1187/1107/2221
f 1263/1173/2222 1276/1187/2222 1228/1139/2222
f 1250/1156/2223 1266/1188/2223 1173/1125/2223
f 1266/1188/2224 1230/1157/2224 1173/1125/2224
f 1278/1189/2225 1188/1096/2225 1277/1142/2225
f 1231/1143/2226 1251/1158/2226 1189/1077/2226
f 1279/1190/2227 1268/1176/2227 1205/1110/2227
f 1233/1127/2228 1219/1129/2228 1218/1128/2228
f 1270/1178/2229 1234/1160/2229 1192/1112/2229
f 1234/1160/2230 1193/1100/2230 1192/1112/2230
f 1271/1179/2231 1220/1130/2231 1235/1144/2231
f 1280/1191/2232 1221/1131/2232 1236/1145/2232
f 1281/1192/2233 1237/1146/2233 1221/1131/2233
f 1237/1146/2234 1239/1148/2234 1238/1147/2234
f 1282/1161/2235 1208/1114/2235 1240/1149/2235
f 1242/1150/2236 1297/1193/2236 1209/1115/2236
f 1297/1193/2237 1283/1194/2237 1209/1115/2237
f 1283/1194/2238 1222/1132/2238 1209/1115/2238
f 1283/1194/2239 1223/1133/2239 1222/1132/2239
f 1284/1181/2240 1243/1151/2240 1223/1133/2240
f 1298/1195/2241 1285/1196/2241 1210/1116/2241
f 1285/1196/2242 1211/1117/2242 1210/1116/2242
f 1286/1197/2243 1254/1182/2243 1224/1134/2243
f 1287/1198/2244 1255/1164/2244 1172/1081/2244
f 1255/1164/2245 1245/1183/2245 1180/1090/2245
f 1288/1199/2246 1198/1136/2246 1225/1135/2246
f 28/1166/2247 1257/1167/2247 1212/1120/2247
f 1289/1200/2248 1273/1184/2248 1226/1137/2248
f 1273/1184/2249 1227/1138/2249 1226/1137/2249
f 1274/1185/2250 1213/1121/2250 1259/1169/2250
f 1290/1201/2251 1261/1171/2251 1248/1154/2251
f 1291/1202/2252 1262/1172/2252 1261/1171/2252
f 1291/1202/2253 1292/1203/2253 1262/1172/2253
f 1292/1203/2254 1249/1155/2254 1262/1172/2254
f 1292/1203/2255 1275/1186/2255 1249/1155/2255
f 1276/1187/2256 1264/1174/2256 1228/1139/2256
f 1269/1177/2257 1219/1129/2257 1233/1127/2257
f 1252/1159/2258 1270/1178/2258 1206/1111/2258
f 1271/1179/2259 1272/1180/2259 1220/1130/2259
f 1294/1204/2260 1221/1131/2260 1280/1191/2260
f 1239/1148/2261 1295/1205/2261 1240/1149/2261
f 1295/1205/2262 1282/1161/2262 1240/1149/2262
f 1311/1206/2263 1241/1162/2263 1282/1161/2263
f 1311/1206/2264 1296/1207/2264 1241/1162/2264
f 1296/1207/2265 1253/1163/2265 1241/1162/2265
f 1283/1194/2266 1284/1181/2266 1223/1133/2266
f 1298/1195/2267 1210/1116/2267 1284/1181/2267
f 1285/1196/2268 1314/1208/2268 1211/1117/2268
f 1314/1208/2269 1299/1209/2269 1211/1117/2269
f 1299/1209/2270 1224/1134/2270 1211/1117/2270
f 1299/1209/2271 1286/1197/2271 1224/1134/2271
f 1286/1197/2272 1244/1152/2272 1254/1182/2272
f 1287/1198/2273 1172/1081/2273 1244/1152/2273
f 1245/1183/2274 1324/1210/2274 1246/1118/2274
f 1257/1167/2275 1258/1168/2275 1163/1083/2275
f 1301/1211/2276 1247/1153/2276 1274/1185/2276
f 1301/1211/2277 1260/1170/2277 1247/1153/2277
f 1302/1212/2278 1250/1156/2278 1265/1141/2278
f 1303/1213/2279 1230/1157/2279 1266/1188/2279
f 1293/1214/2280 1232/1109/2280 1217/1126/2280
f 1293/1214/2281 1267/1175/2281 1232/1109/2281
f 1267/1175/2282 1279/1190/2282 1205/1110/2282
f 1279/1190/2283 1304/1215/2283 1268/1176/2283
f 1305/1216/2284 1219/1129/2284 1269/1177/2284
f 1305/1216/2285 1319/1217/2285 1219/1129/2285
f 1319/1217/2286 1252/1159/2286 1219/1129/2286
f 1343/1218/2287 1270/1178/2287 1252/1159/2287
f 1271/1179/2288 1307/1219/2288 1272/1180/2288
f 1272/1180/2289 1280/1191/2289 1236/1145/2289
f 1294/1204/2290 1281/1192/2290 1221/1131/2290
f 1294/1204/2291 1308/1220/2291 1281/1192/2291
f 1309/1221/2292 1239/1148/2292 1237/1146/2292
f 1322/1222/2293 1295/1205/2293 1239/1148/2293
f 1295/1205/2294 1310/1223/2294 1282/1161/2294
f 1253/1163/2295 1312/1224/2295 1242/1150/2295
f 1312/1224/2296 1297/1193/2296 1242/1150/2296
f 1313/1225/2297 1298/1195/2297 1284/1181/2297
f 1298/1195/2298 1314/1208/2298 1285/1196/2298
f 1315/1226/2299 1244/1152/2299 1286/1197/2299
f 1244/1152/2300 1315/1226/2300 1287/1198/2300
f 1324/1210/2301 1256/1165/2301 1246/1118/2301
f 30/1227/2302 1257/1167/2302 28/1166/2302
f 1289/1200/2303 1226/1137/2303 1258/1168/2303
f 1289/1200/2304 1328/1228/2304 1273/1184/2304
f 1300/1229/2305 1301/1211/2305 1274/1185/2305
f 1301/1211/2306 1248/1154/2306 1260/1170/2306
f 1301/1211/2307 1329/1230/2307 1248/1154/2307
f 1329/1230/2308 1290/1201/2308 1248/1154/2308
f 1290/1201/2309 1291/1202/2309 1261/1171/2309
f 1339/1231/2310 1275/1186/2310 1292/1203/2310
f 1316/1232/2311 1265/1141/2311 1264/1174/2311
f 1316/1232/2312 1302/1212/2312 1265/1141/2312
f 1250/1156/2313 1303/1213/2313 1266/1188/2313
f 1303/1213/2314 1277/1142/2314 1230/1157/2314
f 1332/1233/2315 1293/1214/2315 1217/1126/2315
f 1320/1234/2316 1234/1160/2316 1270/1178/2316
f 1321/1235/2317 1271/1179/2317 1234/1160/2317
f 1321/1235/2318 1306/1236/2318 1271/1179/2318
f 1306/1236/2319 1307/1219/2319 1271/1179/2319
f 1281/1192/2320 1308/1220/2320 1237/1146/2320
f 1308/1220/2321 1309/1221/2321 1237/1146/2321
f 1322/1222/2322 1239/1148/2322 1309/1221/2322
f 1283/1194/2323 1313/1225/2323 1284/1181/2323
f 1299/1209/2324 1323/1237/2324 1286/1197/2324
f 1323/1237/2325 1315/1226/2325 1286/1197/2325
f 1255/1164/2326 1324/1210/2326 1245/1183/2326
f 1325/1238/2327 1256/1165/2327 1324/1210/2327
f 1326/1239/2328 1225/1135/2328 1256/1165/2328
f 1288/1199/2329 29/1240/2329 1198/1136/2329
f 1327/1241/2330 1258/1168/2330 1257/1167/2330
f 1328/1228/2331 1259/1169/2331 1273/1184/2331
f 1339/1231/2332 1292/1203/2332 1291/1202/2332
f 1340/1242/2333 1275/1186/2333 1339/1231/2333
f 1330/1243/2334 1263/1173/2334 1275/1186/2334
f 1330/1243/2335 1276/1187/2335 1263/1173/2335
f 1331/1244/2336 1277/1142/2336 1303/1213/2336
f 1278/1189/2337 1231/1143/2337 1188/1096/2337
f 1231/1143/2338 1317/1245/2338 1251/1158/2338
f 1317/1245/2339 1217/1126/2339 1251/1158/2339
f 1304/1215/2340 1269/1177/2340 1268/1176/2340
f 1304/1215/2341 1318/1246/2341 1269/1177/2341
f 1307/1219/2342 1280/1191/2342 1272/1180/2342
f 1333/1247/2343 1295/1205/2343 1322/1222/2343
f 1333/1247/2344 1310/1223/2344 1295/1205/2344
f 1310/1223/2345 1311/1206/2345 1282/1161/2345
f 1334/1248/2346 1312/1224/2346 1253/1163/2346
f 1312/1224/2347 1335/1249/2347 1297/1193/2347
f 1335/1249/2348 1283/1194/2348 1297/1193/2348
f 1313/1225/2349 1336/1250/2349 1298/1195/2349
f 1336/1250/2350 1314/1208/2350 1298/1195/2350
f 1287/1198/2351 1324/1210/2351 1255/1164/2351
f 1325/1238/2352 1326/1239/2352 1256/1165/2352
f 1326/1239/2353 1288/1199/2353 1225/1135/2353
f 1327/1241/2354 1289/1200/2354 1258/1168/2354
f 1328/1228/2355 1337/1251/2355 1259/1169/2355
f 1337/1251/2356 1274/1185/2356 1259/1169/2356
f 1337/1251/2357 1300/1229/2357 1274/1185/2357
f 1300/1229/2358 1329/1230/2358 1301/1211/2358
f 1338/1252/2359 1290/1201/2359 1329/1230/2359
f 1339/1231/2360 1291/1202/2360 1290/1201/2360
f 1340/1242/2361 1330/1243/2361 1275/1186/2361
f 1341/1253/2362 1264/1174/2362 1276/1187/2362
f 1341/1253/2363 1316/1232/2363 1264/1174/2363
f 1342/1254/2364 1302/1212/2364 1316/1232/2364
f 1302/1212/2365 1303/1213/2365 1250/1156/2365
f 1302/1212/2366 1354/1255/2366 1303/1213/2366
f 1331/1244/2367 1278/1189/2367 1277/1142/2367
f 1317/1245/2368 1332/1233/2368 1217/1126/2368
f 1318/1246/2369 1305/1216/2369 1269/1177/2369
f 1343/1218/2370 1320/1234/2370 1270/1178/2370
f 1344/1256/2371 1294/1204/2371 1280/1191/2371
f 1344/1256/2372 1308/1220/2372 1294/1204/2372
f 1308/1220/2373 1345/1257/2373 1309/1221/2373
f 1345/1257/2374 1322/1222/2374 1309/1221/2374
f 1334/1248/2375 1253/1163/2375 1296/1207/2375
f 1334/1248/2376 1346/1258/2376 1312/1224/2376
f 1346/1258/2377 1335/1249/2377 1312/1224/2377
f 1335/1249/2378 1313/1225/2378 1283/1194/2378
f 1347/1259/2379 1299/1209/2379 1314/1208/2379
f 1350/1260/2380 29/1240/2380 1288/1199/2380
f 31/1261/2381 1257/1167/2381 30/1227/2381
f 1257/1167/2382 1351/1262/2382 1327/1241/2382
f 1352/1263/2383 1337/1251/2383 1328/1228/2383
f 1338/1252/2384 1339/1231/2384 1290/1201/2384
f 1330/1243/2385 1341/1253/2385 1276/1187/2385
f 1354/1255/2386 1355/1264/2386 1303/1213/2386
f 1373/1265/2387 1317/1245/2387 1231/1143/2387
f 1356/1266/2388 1293/1214/2388 1332/1233/2388
f 1293/1214/2389 1357/1267/2389 1267/1175/2389
f 1267/1175/2390 1358/1268/2390 1279/1190/2390
f 1358/1268/2391 1304/1215/2391 1279/1190/2391
f 1359/1269/2392 1319/1217/2392 1305/1216/2392
f 1319/1217/2393 1343/1218/2393 1252/1159/2393
f 1321/1235/2394 1234/1160/2394 1320/1234/2394
f 1360/1270/2395 1306/1236/2395 1321/1235/2395
f 1360/1270/2396 1361/1271/2396 1306/1236/2396
f 1361/1271/2397 1307/1219/2397 1306/1236/2397
f 1361/1271/2398 1362/1272/2398 1307/1219/2398
f 1362/1272/2399 1280/1191/2399 1307/1219/2399
f 1362/1272/2400 1344/1256/2400 1280/1191/2400
f 1344/1256/2401 1363/1273/2401 1308/1220/2401
f 1364/1274/2402 1310/1223/2402 1333/1247/2402
f 1365/1275/2403 1311/1206/2403 1310/1223/2403
f 1366/1276/2404 1296/1207/2404 1311/1206/2404
f 1366/1276/2405 1334/1248/2405 1296/1207/2405
f 1367/1277/2406 1313/1225/2406 1335/1249/2406
f 1336/1250/2407 1347/1259/2407 1314/1208/2407
f 1368/1278/2408 1323/1237/2408 1299/1209/2408
f 1392/1279/2409 1348/1280/2409 1315/1226/2409
f 1348/1280/2410 1287/1198/2410 1315/1226/2410
f 1369/1281/2411 1325/1238/2411 1324/1210/2411
f 1326/1239/2412 1350/1260/2412 1288/1199/2412
f 1327/1241/2413 1370/1282/2413 1289/1200/2413
f 1370/1282/2414 1328/1228/2414 1289/1200/2414
f 1353/1283/2415 1329/1230/2415 1300/1229/2415
f 1371/1284/2416 1340/1242/2416 1339/1231/2416
f 1330/1243/2417 1372/1285/2417 1341/1253/2417
f 1341/1253/2418 1342/1254/2418 1316/1232/2418
f 1342/1254/2419 1354/1255/2419 1302/1212/2419
f 1355/1264/2420 1331/1244/2420 1303/1213/2420
f 1278/1189/2421 1373/1265/2421 1231/1143/2421
f 1357/1267/2422 1374/1286/2422 1267/1175/2422
f 1374/1286/2423 1358/1268/2423 1267/1175/2423
f 1375/1287/2424 1305/1216/2424 1318/1246/2424
f 1375/1287/2425 1376/1288/2425 1305/1216/2425
f 1376/1288/2426 1359/1269/2426 1305/1216/2426
f 1320/1234/2427 1360/1270/2427 1321/1235/2427
f 1363/1273/2428 1345/1257/2428 1308/1220/2428
f 1345/1257/2429 1377/1289/2429 1322/1222/2429
f 1377/1289/2430 1333/1247/2430 1322/1222/2430
f 1364/1274/2431 1365/1275/2431 1310/1223/2431
f 1365/1275/2432 1366/1276/2432 1311/1206/2432
f 1334/1248/2433 1378/1290/2433 1346/1258/2433
f 1346/1258/2434 1402/1291/2434 1335/1249/2434
f 1379/1292/2435 1336/1250/2435 1313/1225/2435
f 1347/1259/2436 1368/1278/2436 1299/1209/2436
f 1323/1237/2437 1392/1279/2437 1315/1226/2437
f 1348/1280/2438 1324/1210/2438 1287/1198/2438
f 1348/1280/2439 1349/1293/2439 1324/1210/2439
f 1349/1293/2440 1369/1281/2440 1324/1210/2440
f 1435/1294/2441 1326/1239/2441 1325/1238/2441
f 1381/1295/2442 1257/1167/2442 31/1261/2442
f 1351/1262/2443 1370/1282/2443 1327/1241/2443
f 1370/1282/2444 1352/1263/2444 1328/1228/2444
f 1337/1251/2445 1353/1283/2445 1300/1229/2445
f 1353/1283/2446 1338/1252/2446 1329/1230/2446
f 1382/1296/2447 1383/1297/2447 1338/1252/2447
f 1383/1297/2448 1339/1231/2448 1338/1252/2448
f 1371/1284/2449 1384/1298/2449 1340/1242/2449
f 1384/1298/2450 1330/1243/2450 1340/1242/2450
f 1384/1298/2451 1372/1285/2451 1330/1243/2451
f 1385/1299/2452 1331/1244/2452 1355/1264/2452
f 1373/1265/2453 1386/1300/2453 1317/1245/2453
f 1356/1266/2454 1357/1267/2454 1293/1214/2454
f 1358/1268/2455 1387/1301/2455 1304/1215/2455
f 1387/1301/2456 1318/1246/2456 1304/1215/2456
f 1361/1271/2457 1388/1302/2457 1362/1272/2457
f 1388/1302/2458 1344/1256/2458 1362/1272/2458
f 1388/1302/2459 1363/1273/2459 1344/1256/2459
f 1363/1273/2460 1389/1303/2460 1345/1257/2460
f 1389/1303/2461 1377/1289/2461 1345/1257/2461
f 1390/1304/2462 1334/1248/2462 1366/1276/2462
f 1391/1305/2463 1368/1278/2463 1347/1259/2463
f 1380/1306/2464 1326/1239/2464 1435/1294/2464
f 1380/1306/2465 1350/1260/2465 1326/1239/2465
f 1381/1295/2466 1351/1262/2466 1257/1167/2466
f 1394/1307/2467 1353/1283/2467 1337/1251/2467
f 1395/1308/2468 1338/1252/2468 1353/1283/2468
f 1383/1297/2469 1371/1284/2469 1339/1231/2469
f 1372/1285/2470 1342/1254/2470 1341/1253/2470
f 1396/1309/2471 1354/1255/2471 1342/1254/2471
f 1397/1310/2472 1355/1264/2472 1354/1255/2472
f 1385/1299/2473 1278/1189/2473 1331/1244/2473
f 1420/1311/2474 1332/1233/2474 1317/1245/2474
f 1387/1301/2475 1375/1287/2475 1318/1246/2475
f 1343/1218/2476 1319/1217/2476 1359/1269/2476
f 1409/1312/2477 1320/1234/2477 1343/1218/2477
f 1398/1313/2478 1363/1273/2478 1388/1302/2478
f 1398/1313/2479 1399/1314/2479 1363/1273/2479
f 1399/1314/2480 1389/1303/2480 1363/1273/2480
f 1377/1289/2481 1400/1315/2481 1333/1247/2481
f 1400/1315/2482 1364/1274/2482 1333/1247/2482
f 1365/1275/2483 1401/1316/2483 1366/1276/2483
f 1401/1316/2484 1390/1304/2484 1366/1276/2484
f 1378/1290/2485 1402/1291/2485 1346/1258/2485
f 1367/1277/2486 1379/1292/2486 1313/1225/2486
f 1379/1292/2487 1347/1259/2487 1336/1250/2487
f 1368/1278/2488 1392/1279/2488 1323/1237/2488
f 1392/1279/2489 1393/1317/2489 1348/1280/2489
f 1369/1281/2490 1435/1294/2490 1325/1238/2490
f 1404/1318/2491 1370/1282/2491 1351/1262/2491
f 1395/1308/2492 1382/1296/2492 1338/1252/2492
f 1383/1297/2493 1405/1319/2493 1371/1284/2493
f 1372/1285/2494 1396/1309/2494 1342/1254/2494
f 1406/1320/2495 1373/1265/2495 1278/1189/2495
f 1420/1311/2496 1356/1266/2496 1332/1233/2496
f 1407/1321/2497 1387/1301/2497 1358/1268/2497
f 1359/1269/2498 1408/1322/2498 1343/1218/2498
f 1408/1322/2499 1409/1312/2499 1343/1218/2499
f 1320/1234/2500 1410/1323/2500 1360/1270/2500
f 1410/1323/2501 1411/1324/2501 1360/1270/2501
f 1423/1325/2502 1388/1302/2502 1361/1271/2502
f 1400/1315/2503 1412/1326/2503 1364/1274/2503
f 1412/1326/2504 1413/1327/2504 1364/1274/2504
f 1413/1327/2505 1365/1275/2505 1364/1274/2505
f 1390/1304/2506 1414/1328/2506 1334/1248/2506
f 1414/1328/2507 1378/1290/2507 1334/1248/2507
f 1403/1329/2508 1335/1249/2508 1402/1291/2508
f 1403/1329/2509 1367/1277/2509 1335/1249/2509
f 1403/1329/2510 1415/1330/2510 1367/1277/2510
f 1416/1331/2511 1379/1292/2511 1367/1277/2511
f 1416/1331/2512 1347/1259/2512 1379/1292/2512
f 1416/1331/2513 1391/1305/2513 1347/1259/2513
f 1433/1332/2514 1349/1293/2514 1348/1280/2514
f 1417/1333/2515 1352/1263/2515 1370/1282/2515
f 1394/1307/2516 1395/1308/2516 1353/1283/2516
f 1395/1308/2517 1383/1297/2517 1382/1296/2517
f 1405/1319/2518 1384/1298/2518 1371/1284/2518
f 1418/1334/2519 1396/1309/2519 1372/1285/2519
f 1385/1299/2520 1406/1320/2520 1278/1189/2520
f 1419/1335/2521 1373/1265/2521 1406/1320/2521
f 1386/1300/2522 1420/1311/2522 1317/1245/2522
f 1421/1336/2523 1374/1286/2523 1357/1267/2523
f 1409/1312/2524 1422/1337/2524 1320/1234/2524
f 1422/1337/2525 1410/1323/2525 1320/1234/2525
f 1423/1325/2526 1361/1271/2526 1360/1270/2526
f 1424/1338/2527 1398/1313/2527 1388/1302/2527
f 1389/1303/2528 1425/1339/2528 1377/1289/2528
f 1425/1339/2529 1400/1315/2529 1377/1289/2529
f 1426/1340/2530 1413/1327/2530 1412/1326/2530
f 1413/1327/2531 1427/1341/2531 1365/1275/2531
f 1427/1341/2532 1401/1316/2532 1365/1275/2532
f 1428/1342/2533 1390/1304/2533 1401/1316/2533
f 1428/1342/2534 1414/1328/2534 1390/1304/2534
f 1429/1343/2535 1402/1291/2535 1378/1290/2535
f 1415/1330/2536 1430/1344/2536 1367/1277/2536
f 1430/1344/2537 1416/1331/2537 1367/1277/2537
f 1431/1345/2538 1391/1305/2538 1416/1331/2538
f 1432/1346/2539 1393/1317/2539 1392/1279/2539
f 1433/1332/2540 1348/1280/2540 1393/1317/2540
f 1434/1347/2541 1369/1281/2541 1349/1293/2541
f 1436/1348/2542 1350/1260/2542 1380/1306/2542
f 1444/1349/2543 1404/1318/2543 1351/1262/2543
f 1417/1333/2544 1437/1350/2544 1352/1263/2544
f 1437/1350/2545 1337/1251/2545 1352/1263/2545
f 1437/1350/2546 1394/1307/2546 1337/1251/2546
f 1465/1351/2547 1395/1308/2547 1394/1307/2547
f 1438/1352/2548 1383/1297/2548 1395/1308/2548
f 1405/1319/2549 1372/1285/2549 1384/1298/2549
f 1439/1353/2550 1396/1309/2550 1418/1334/2550
f 1439/1353/2551 1354/1255/2551 1396/1309/2551
f 1439/1353/2552 1397/1310/2552 1354/1255/2552
f 1397/1310/2553 1385/1299/2553 1355/1264/2553
f 1440/1354/2554 1386/1300/2554 1373/1265/2554
f 1456/1355/2555 1421/1336/2555 1356/1266/2555
f 1421/1336/2556 1357/1267/2556 1356/1266/2556
f 1374/1286/2557 1407/1321/2557 1358/1268/2557
f 1387/1301/2558 1376/1288/2558 1375/1287/2558
f 1441/1356/2559 1360/1270/2559 1411/1324/2559
f 1441/1356/2560 1423/1325/2560 1360/1270/2560
f 1424/1338/2561 1388/1302/2561 1423/1325/2561
f 1442/1357/2562 1398/1313/2562 1424/1338/2562
f 1442/1357/2563 1399/1314/2563 1398/1313/2563
f 1428/1342/2564 1443/1358/2564 1414/1328/2564
f 1414/1328/2565 1429/1343/2565 1378/1290/2565
f 1452/1359/2566 1368/1278/2566 1391/1305/2566
f 1453/1360/2567 1392/1279/2567 1368/1278/2567
f 1432/1346/2568 1433/1332/2568 1393/1317/2568
f 1444/1349/2569 1351/1262/2569 1381/1295/2569
f 1404/1318/2570 1417/1333/2570 1370/1282/2570
f 1445/1361/2571 1405/1319/2571 1383/1297/2571
f 1456/1355/2572 1356/1266/2572 1420/1311/2572
f 1446/1362/2573 1408/1322/2573 1359/1269/2573
f 1447/1363/2574 1410/1323/2574 1422/1337/2574
f 1399/1314/2575 1425/1339/2575 1389/1303/2575
f 1425/1339/2576 1448/1364/2576 1400/1315/2576
f 1448/1364/2577 1412/1326/2577 1400/1315/2577
f 1448/1364/2578 1426/1340/2578 1412/1326/2578
f 1401/1316/2579 1449/1365/2579 1428/1342/2579
f 1429/1343/2580 1450/1366/2580 1402/1291/2580
f 1450/1366/2581 1403/1329/2581 1402/1291/2581
f 1451/1367/2582 1431/1345/2582 1416/1331/2582
f 1452/1359/2583 1391/1305/2583 1431/1345/2583
f 1452/1359/2584 1453/1360/2584 1368/1278/2584
f 1433/1332/2585 1434/1347/2585 1349/1293/2585
f 1454/1368/2586 1445/1361/2586 1383/1297/2586
f 1405/1319/2587 1455/1369/2587 1372/1285/2587
f 1455/1369/2588 1418/1334/2588 1372/1285/2588
f 1419/1335/2589 1440/1354/2589 1373/1265/2589
f 1457/1370/2590 1407/1321/2590 1374/1286/2590
f 1407/1321/2591 1458/1371/2591 1387/1301/2591
f 1446/1362/2592 1359/1269/2592 1376/1288/2592
f 1408/1322/2593 1483/1372/2593 1409/1312/2593
f 1483/1372/2594 1422/1337/2594 1409/1312/2594
f 1472/1373/2595 1399/1314/2595 1442/1357/2595
f 1473/1374/2596 1425/1339/2596 1399/1314/2596
f 1459/1375/2597 1427/1341/2597 1413/1327/2597
f 1459/1375/2598 1401/1316/2598 1427/1341/2598
f 1449/1365/2599 1443/1358/2599 1428/1342/2599
f 1443/1358/2600 1429/1343/2600 1414/1328/2600
f 1430/1344/2601 1451/1367/2601 1416/1331/2601
f 1451/1367/2602 1452/1359/2602 1431/1345/2602
f 1460/1376/2603 1453/1360/2603 1452/1359/2603
f 1453/1360/2604 1432/1346/2604 1392/1279/2604
f 1434/1347/2605 1461/1377/2605 1369/1281/2605
f 1461/1377/2606 1435/1294/2606 1369/1281/2606
f 1436/1348/2607 29/1240/2607 1350/1260/2607
f 32/1378/2608 1444/1349/2608 1381/1295/2608
f 1462/1379/2609 1404/1318/2609 1444/1349/2609
f 1404/1318/2610 1463/1380/2610 1417/1333/2610
f 1463/1380/2611 1464/1381/2611 1417/1333/2611
f 1464/1381/2612 1437/1350/2612 1417/1333/2612
f 1464/1381/2613 1394/1307/2613 1437/1350/2613
f 1464/1381/2614 1465/1351/2614 1394/1307/2614
f 1465/1351/2615 1438/1352/2615 1395/1308/2615
f 1489/1382/2616 1455/1369/2616 1405/1319/2616
f 1466/1383/2617 1397/1310/2617 1439/1353/2617
f 1420/1311/2618 1482/1384/2618 1456/1355/2618
f 1467/1385/2619 1457/1370/2619 1374/1286/2619
f 1468/1386/2620 1376/1288/2620 1387/1301/2620
f 1469/1387/2621 1408/1322/2621 1446/1362/2621
f 1470/1388/2622 1447/1363/2622 1422/1337/2622
f 1410/1323/2623 1441/1356/2623 1411/1324/2623
f 1471/1389/2624 1442/1357/2624 1424/1338/2624
f 1471/1389/2625 1472/1373/2625 1442/1357/2625
f 1473/1374/2626 1399/1314/2626 1472/1373/2626
f 1448/1364/2627 1425/1339/2627 1473/1374/2627
f 1448/1364/2628 1474/1390/2628 1426/1340/2628
f 1475/1391/2629 1459/1375/2629 1413/1327/2629
f 1459/1375/2630 1449/1365/2630 1401/1316/2630
f 1450/1366/2631 1476/1392/2631 1403/1329/2631
f 1476/1392/2632 1415/1330/2632 1403/1329/2632
f 1477/1393/2633 1451/1367/2633 1430/1344/2633
f 1480/1394/2634 1380/1306/2634 1435/1294/2634
f 1462/1379/2635 1481/1395/2635 1404/1318/2635
f 1438/1352/2636 1454/1368/2636 1383/1297/2636
f 1489/1382/2637 1405/1319/2637 1445/1361/2637
f 1455/1369/2638 1439/1353/2638 1418/1334/2638
f 1421/1336/2639 1467/1385/2639 1374/1286/2639
f 1457/1370/2640 1458/1371/2640 1407/1321/2640
f 1458/1371/2641 1468/1386/2641 1387/1301/2641
f 1469/1387/2642 1483/1372/2642 1408/1322/2642
f 1483/1372/2643 1470/1388/2643 1422/1337/2643
f 1471/1389/2644 1424/1338/2644 1423/1325/2644
f 1484/1396/2645 1473/1374/2645 1472/1373/2645
f 1473/1374/2646 1485/1397/2646 1448/1364/2646
f 1486/1398/2647 1429/1343/2647 1443/1358/2647
f 1415/1330/2648 1477/1393/2648 1430/1344/2648
f 1460/1376/2649 1432/1346/2649 1453/1360/2649
f 1478/1399/2650 1433/1332/2650 1432/1346/2650
f 1481/1395/2651 1463/1380/2651 1404/1318/2651
f 1487/1400/2652 1465/1351/2652 1464/1381/2652
f 1488/1401/2653 1438/1352/2653 1465/1351/2653
f 1490/1402/2654 1439/1353/2654 1455/1369/2654
f 1491/1403/2655 1385/1299/2655 1397/1310/2655
f 1386/1300/2656 1525/1404/2656 1420/1311/2656
f 1525/1404/2657 1482/1384/2657 1420/1311/2657
f 1493/1405/2658 1421/1336/2658 1456/1355/2658
f 1468/1386/2659 1446/1362/2659 1376/1288/2659
f 1470/1388/2660 1508/1406/2660 1447/1363/2660
f 1508/1406/2661 1410/1323/2661 1447/1363/2661
f 1441/1356/2662 1509/1407/2662 1423/1325/2662
f 1471/1389/2663 1495/1408/2663 1472/1373/2663
f 1495/1408/2664 1484/1396/2664 1472/1373/2664
f 1496/1409/2665 1485/1397/2665 1473/1374/2665
f 1497/1410/2666 1448/1364/2666 1485/1397/2666
f 1497/1410/2667 1474/1390/2667 1448/1364/2667
f 1474/1390/2668 1413/1327/2668 1426/1340/2668
f 1486/1398/2669 1498/1411/2669 1429/1343/2669
f 1498/1411/2670 1450/1366/2670 1429/1343/2670
f 1476/1392/2671 1477/1393/2671 1415/1330/2671
f 1477/1393/2672 1524/1412/2672 1451/1367/2672
f 1524/1412/2673 1499/1413/2673 1451/1367/2673
f 1451/1367/2674 1499/1413/2674 1452/1359/2674
f 1499/1413/2675 1460/1376/2675 1452/1359/2675
f 1500/1414/2676 1432/1346/2676 1460/1376/2676
f 1478/1399/2677 1479/1415/2677 1433/1332/2677
f 1461/1377/2678 1480/1394/2678 1435/1294/2678
f 1436/1348/2679 1380/1306/2679 1480/1394/2679
f 1436/1348/2680 33/1416/2680 29/1240/2680
f 32/1378/2681 34/1417/2681 1444/1349/2681
f 34/1417/2682 1462/1379/2682 1444/1349/2682
f 1501/1418/2683 1464/1381/2683 1463/1380/2683
f 1501/1418/2684 1487/1400/2684 1464/1381/2684
f 1502/1419/2685 1438/1352/2685 1488/1401/2685
f 1438/1352/2686 1503/1420/2686 1454/1368/2686
f 1504/1421/2687 1445/1361/2687 1454/1368/2687
f 1490/1402/2688 1466/1383/2688 1439/1353/2688
f 1466/1383/2689 1505/1422/2689 1397/1310/2689
f 1505/1422/2690 1491/1403/2690 1397/1310/2690
f 1406/1320/2691 1492/1423/2691 1419/1335/2691
f 1440/1354/2692 1525/1404/2692 1386/1300/2692
f 1493/1405/2693 1456/1355/2693 1482/1384/2693
f 1467/1385/2694 1506/1424/2694 1457/1370/2694
f 1468/1386/2695 1494/1425/2695 1446/1362/2695
f 1494/1425/2696 1469/1387/2696 1446/1362/2696
f 1507/1426/2697 1470/1388/2697 1483/1372/2697
f 1528/1427/2698 1441/1356/2698 1410/1323/2698
f 1528/1427/2699 1509/1407/2699 1441/1356/2699
f 1509/1407/2700 1471/1389/2700 1423/1325/2700
f 1495/1408/2701 1510/1428/2701 1484/1396/2701
f 1484/1396/2702 1496/1409/2702 1473/1374/2702
f 1474/1390/2703 1475/1391/2703 1413/1327/2703
f 1475/1391/2704 1449/1365/2704 1459/1375/2704
f 1522/1429/2705 1443/1358/2705 1449/1365/2705
f 1522/1429/2706 1486/1398/2706 1443/1358/2706
f 1476/1392/2707 1511/1430/2707 1477/1393/2707
f 1500/1414/2708 1478/1399/2708 1432/1346/2708
f 1479/1415/2709 1434/1347/2709 1433/1332/2709
f 1487/1400/2710 1488/1401/2710 1465/1351/2710
f 1503/1420/2711 1504/1421/2711 1454/1368/2711
f 1491/1403/2712 1513/1431/2712 1385/1299/2712
f 1513/1431/2713 1406/1320/2713 1385/1299/2713
f 1514/1432/2714 1440/1354/2714 1419/1335/2714
f 1515/1433/2715 1421/1336/2715 1493/1405/2715
f 1457/1370/2716 1563/1434/2716 1458/1371/2716
f 1563/1434/2717 1468/1386/2717 1458/1371/2717
f 1468/1386/2718 1517/1435/2718 1494/1425/2718
f 1507/1426/2719 1508/1406/2719 1470/1388/2719
f 1508/1406/2720 1528/1427/2720 1410/1323/2720
f 1518/1436/2721 1495/1408/2721 1471/1389/2721
f 1510/1428/2722 1519/1437/2722 1484/1396/2722
f 1520/1438/2723 1497/1410/2723 1485/1397/2723
f 1520/1438/2724 1474/1390/2724 1497/1410/2724
f 1521/1439/2725 1449/1365/2725 1475/1391/2725
f 1521/1439/2726 1522/1429/2726 1449/1365/2726
f 1523/1440/2727 1486/1398/2727 1522/1429/2727
f 1498/1411/2728 1476/1392/2728 1450/1366/2728
f 1512/1441/2729 33/1416/2729 1436/1348/2729
f 1504/1421/2730 1489/1382/2730 1445/1361/2730
f 1513/1431/2731 1492/1423/2731 1406/1320/2731
f 1514/1432/2732 1419/1335/2732 1492/1423/2732
f 1514/1432/2733 1525/1404/2733 1440/1354/2733
f 1515/1433/2734 1467/1385/2734 1421/1336/2734
f 1516/1442/2735 1506/1424/2735 1467/1385/2735
f 1517/1435/2736 1526/1443/2736 1494/1425/2736
f 1527/1444/2737 1469/1387/2737 1494/1425/2737
f 1529/1445/2738 1471/1389/2738 1509/1407/2738
f 1529/1445/2739 1518/1436/2739 1471/1389/2739
f 1519/1437/2740 1496/1409/2740 1484/1396/2740
f 1530/1446/2741 1474/1390/2741 1520/1438/2741
f 1530/1446/2742 1475/1391/2742 1474/1390/2742
f 1531/1447/2743 1521/1439/2743 1475/1391/2743
f 1523/1440/2744 1498/1411/2744 1486/1398/2744
f 1511/1430/2745 1524/1412/2745 1477/1393/2745
f 1524/1412/2746 1532/1448/2746 1499/1413/2746
f 1532/1448/2747 1460/1376/2747 1499/1413/2747
f 1462/1379/2748 1533/1449/2748 1481/1395/2748
f 1481/1395/2749 1534/1450/2749 1463/1380/2749
f 1534/1450/2750 1501/1418/2750 1463/1380/2750
f 1534/1450/2751 1535/1451/2751 1501/1418/2751
f 1501/1418/2752 1536/1452/2752 1487/1400/2752
f 1536/1452/2753 1488/1401/2753 1487/1400/2753
f 1537/1453/2754 1502/1419/2754 1488/1401/2754
f 1502/1419/2755 1503/1420/2755 1438/1352/2755
f 1559/1454/2756 1455/1369/2756 1489/1382/2756
f 1515/1433/2757 1516/1442/2757 1467/1385/2757
f 1506/1424/2758 1563/1434/2758 1457/1370/2758
f 1563/1434/2759 1517/1435/2759 1468/1386/2759
f 1526/1443/2760 1527/1444/2760 1494/1425/2760
f 1527/1444/2761 1483/1372/2761 1469/1387/2761
f 1538/1455/2762 1507/1426/2762 1483/1372/2762
f 1528/1427/2763 1539/1456/2763 1509/1407/2763
f 1539/1456/2764 1540/1457/2764 1509/1407/2764
f 1540/1457/2765 1529/1445/2765 1509/1407/2765
f 1541/1458/2766 1495/1408/2766 1518/1436/2766
f 1541/1458/2767 1510/1428/2767 1495/1408/2767
f 1541/1458/2768 1542/1459/2768 1510/1428/2768
f 1542/1459/2769 1519/1437/2769 1510/1428/2769
f 1553/1460/2770 1485/1397/2770 1496/1409/2770
f 1553/1460/2771 1520/1438/2771 1485/1397/2771
f 1531/1447/2772 1475/1391/2772 1530/1446/2772
f 1543/1461/2773 1476/1392/2773 1498/1411/2773
f 1543/1461/2774 1511/1430/2774 1476/1392/2774
f 1544/1462/2775 1434/1347/2775 1479/1415/2775
f 1544/1462/2776 1461/1377/2776 1434/1347/2776
f 1545/1463/2777 1480/1394/2777 1461/1377/2777
f 1546/1464/2778 1436/1348/2778 1480/1394/2778
f 1546/1464/2779 1512/1441/2779 1436/1348/2779
f 1533/1449/2780 1534/1450/2780 1481/1395/2780
f 1535/1451/2781 1536/1452/2781 1501/1418/2781
f 1547/1465/2782 1488/1401/2782 1536/1452/2782
f 1547/1465/2783 1537/1453/2783 1488/1401/2783
f 1537/1453/2784 1503/1420/2784 1502/1419/2784
f 1559/1454/2785 1490/1402/2785 1455/1369/2785
f 1490/1402/2786 1548/1466/2786 1466/1383/2786
f 1549/1467/2787 1482/1384/2787 1525/1404/2787
f 1561/1468/2788 1493/1405/2788 1482/1384/2788
f 1561/1468/2789 1550/1469/2789 1493/1405/2789
f 1550/1469/2790 1515/1433/2790 1493/1405/2790
f 1527/1444/2791 1538/1455/2791 1483/1372/2791
f 1538/1455/2792 1551/1470/2792 1507/1426/2792
f 1551/1470/2793 1508/1406/2793 1507/1426/2793
f 1542/1459/2794 1552/1471/2794 1519/1437/2794
f 1552/1471/2795 1553/1460/2795 1519/1437/2795
f 1553/1460/2796 1496/1409/2796 1519/1437/2796
f 1554/1472/2797 1543/1461/2797 1498/1411/2797
f 1555/1473/2798 1532/1448/2798 1524/1412/2798
f 1556/1474/2799 1460/1376/2799 1532/1448/2799
f 1556/1474/2800 1500/1414/2800 1460/1376/2800
f 1557/1475/2801 1533/1449/2801 1462/1379/2801
f 1558/1476/2802 1547/1465/2802 1536/1452/2802
f 1504/1421/2803 1559/1454/2803 1489/1382/2803
f 1492/1423/2804 1560/1477/2804 1514/1432/2804
f 1549/1467/2805 1561/1468/2805 1482/1384/2805
f 1562/1478/2806 1506/1424/2806 1516/1442/2806
f 1562/1478/2807 1563/1434/2807 1506/1424/2807
f 1564/1479/2808 1518/1436/2808 1529/1445/2808
f 1520/1438/2809 1565/1480/2809 1530/1446/2809
f 1565/1480/2810 1531/1447/2810 1530/1446/2810
f 1566/1481/2811 1523/1440/2811 1522/1429/2811
f 1577/1482/2812 1498/1411/2812 1523/1440/2812
f 1567/1483/2813 1544/1462/2813 1479/1415/2813
f 1512/1441/2814 1568/1484/2814 33/1416/2814
f 1569/1485/2815 1535/1451/2815 1534/1450/2815
f 1558/1476/2816 1537/1453/2816 1547/1465/2816
f 1503/1420/2817 1579/1486/2817 1504/1421/2817
f 1582/1487/2818 1549/1467/2818 1525/1404/2818
f 1570/1488/2819 1538/1455/2819 1527/1444/2819
f 1551/1470/2820 1571/1489/2820 1508/1406/2820
f 1571/1489/2821 1528/1427/2821 1508/1406/2821
f 1572/1490/2822 1540/1457/2822 1539/1456/2822
f 1572/1490/2823 1529/1445/2823 1540/1457/2823
f 1572/1490/2824 1564/1479/2824 1529/1445/2824
f 1564/1479/2825 1541/1458/2825 1518/1436/2825
f 1573/1491/2826 1553/1460/2826 1552/1471/2826
f 1574/1492/2827 1565/1480/2827 1520/1438/2827
f 1575/1493/2828 1531/1447/2828 1565/1480/2828
f 1576/1494/2829 1521/1439/2829 1531/1447/2829
f 1521/1439/2830 1566/1481/2830 1522/1429/2830
f 1566/1481/2831 1577/1482/2831 1523/1440/2831
f 1577/1482/2832 1554/1472/2832 1498/1411/2832
f 1578/1495/2833 1524/1412/2833 1511/1430/2833
f 1591/1496/2834 1478/1399/2834 1500/1414/2834
f 1591/1496/2835 1479/1415/2835 1478/1399/2835
f 1591/1496/2836 1567/1483/2836 1479/1415/2836
f 1568/1484/2837 1512/1441/2837 1546/1464/2837
f 1568/1484/2838 36/1497/2838 33/1416/2838
f 35/1498/2839 1462/1379/2839 34/1417/2839
f 35/1498/2840 37/1499/2840 1462/1379/2840
f 37/1499/2841 1557/1475/2841 1462/1379/2841
f 1558/1476/2842 1579/1486/2842 1537/1453/2842
f 1579/1486/2843 1503/1420/2843 1537/1453/2843
f 1579/1486/2844 1580/1500/2844 1504/1421/2844
f 1580/1500/2845 1559/1454/2845 1504/1421/2845
f 1580/1500/2846 1490/1402/2846 1559/1454/2846
f 1581/1501/2847 1505/1422/2847 1466/1383/2847
f 1581/1501/2848 1491/1403/2848 1505/1422/2848
f 1582/1487/2849 1525/1404/2849 1514/1432/2849
f 1563/1434/2850 1584/1502/2850 1517/1435/2850
f 1585/1503/2851 1526/1443/2851 1517/1435/2851
f 1538/1455/2852 1611/1504/2852 1551/1470/2852
f 1571/1489/2853 1586/1505/2853 1528/1427/2853
f 1586/1505/2854 1539/1456/2854 1528/1427/2854
f 1601/1506/2855 1564/1479/2855 1572/1490/2855
f 1564/1479/2856 1587/1507/2856 1541/1458/2856
f 1587/1507/2857 1542/1459/2857 1541/1458/2857
f 1587/1507/2858 1614/1508/2858 1542/1459/2858
f 1542/1459/2859 1615/1509/2859 1552/1471/2859
f 1615/1509/2860 1573/1491/2860 1552/1471/2860
f 1573/1491/2861 1574/1492/2861 1553/1460/2861
f 1574/1492/2862 1520/1438/2862 1553/1460/2862
f 1575/1493/2863 1576/1494/2863 1531/1447/2863
f 1576/1494/2864 1566/1481/2864 1521/1439/2864
f 1588/1510/2865 1511/1430/2865 1543/1461/2865
f 1589/1511/2866 1578/1495/2866 1511/1430/2866
f 1555/1473/2867 1556/1474/2867 1532/1448/2867
f 1590/1512/2868 1500/1414/2868 1556/1474/2868
f 1590/1512/2869 1591/1496/2869 1500/1414/2869
f 1544/1462/2870 1545/1463/2870 1461/1377/2870
f 1592/1513/2871 1546/1464/2871 1480/1394/2871
f 1569/1485/2872 1593/1514/2872 1535/1451/2872
f 1593/1514/2873 1536/1452/2873 1535/1451/2873
f 1593/1514/2874 1594/1515/2874 1536/1452/2874
f 1594/1515/2875 1558/1476/2875 1536/1452/2875
f 1594/1515/2876 1595/1516/2876 1558/1476/2876
f 1595/1516/2877 1579/1486/2877 1558/1476/2877
f 1580/1500/2878 1597/1517/2878 1490/1402/2878
f 1598/1518/2879 1548/1466/2879 1490/1402/2879
f 1548/1466/2880 1628/1519/2880 1466/1383/2880
f 1628/1519/2881 1581/1501/2881 1466/1383/2881
f 1581/1501/2882 1599/1520/2882 1491/1403/2882
f 1560/1477/2883 1492/1423/2883 1513/1431/2883
f 1550/1469/2884 1583/1521/2884 1515/1433/2884
f 1515/1433/2885 1562/1478/2885 1516/1442/2885
f 1609/1522/2886 1584/1502/2886 1563/1434/2886
f 1584/1502/2887 1585/1503/2887 1517/1435/2887
f 1611/1504/2888 1571/1489/2888 1551/1470/2888
f 1586/1505/2889 1600/1523/2889 1539/1456/2889
f 1600/1523/2890 1572/1490/2890 1539/1456/2890
f 1600/1523/2891 1601/1506/2891 1572/1490/2891
f 1602/1524/2892 1564/1479/2892 1601/1506/2892
f 1565/1480/2893 1603/1525/2893 1575/1493/2893
f 1604/1526/2894 1543/1461/2894 1554/1472/2894
f 1605/1527/2895 1511/1430/2895 1588/1510/2895
f 1606/1528/2896 1524/1412/2896 1578/1495/2896
f 1545/1463/2897 1592/1513/2897 1480/1394/2897
f 37/1499/2898 1607/1529/2898 1557/1475/2898
f 1607/1529/2899 1533/1449/2899 1557/1475/2899
f 1608/1530/2900 1534/1450/2900 1533/1449/2900
f 1608/1530/2901 1569/1485/2901 1534/1450/2901
f 1596/1531/2902 1580/1500/2902 1579/1486/2902
f 1597/1517/2903 1598/1518/2903 1490/1402/2903
f 1599/1520/2904 1513/1431/2904 1491/1403/2904
f 1583/1521/2905 1562/1478/2905 1515/1433/2905
f 1562/1478/2906 1609/1522/2906 1563/1434/2906
f 1585/1503/2907 1610/1532/2907 1526/1443/2907
f 1570/1488/2908 1611/1504/2908 1538/1455/2908
f 1612/1533/2909 1586/1505/2909 1571/1489/2909
f 1602/1524/2910 1587/1507/2910 1564/1479/2910
f 1602/1524/2911 1613/1534/2911 1587/1507/2911
f 1613/1534/2912 1614/1508/2912 1587/1507/2912
f 1615/1509/2913 1542/1459/2913 1614/1508/2913
f 1574/1492/2914 1603/1525/2914 1565/1480/2914
f 1617/1535/2915 1577/1482/2915 1566/1481/2915
f 1617/1535/2916 1554/1472/2916 1577/1482/2916
f 1604/1526/2917 1588/1510/2917 1543/1461/2917
f 1605/1527/2918 1589/1511/2918 1511/1430/2918
f 1606/1528/2919 1555/1473/2919 1524/1412/2919
f 1618/1536/2920 1567/1483/2920 1591/1496/2920
f 1623/1537/2921 1545/1463/2921 1544/1462/2921
f 1592/1513/2922 1568/1484/2922 1546/1464/2922
f 1607/1529/2923 1608/1530/2923 1533/1449/2923
f 1595/1516/2924 1596/1531/2924 1579/1486/2924
f 1599/1520/2925 1560/1477/2925 1513/1431/2925
f 1582/1487/2926 1619/1538/2926 1549/1467/2926
f 1610/1532/2927 1620/1539/2927 1526/1443/2927
f 1620/1539/2928 1527/1444/2928 1526/1443/2928
f 1620/1539/2929 1570/1488/2929 1527/1444/2929
f 1600/1523/2930 1602/1524/2930 1601/1506/2930
f 1614/1508/2931 1632/1540/2931 1615/1509/2931
f 1621/1541/2932 1573/1491/2932 1615/1509/2932
f 1621/1541/2933 1574/1492/2933 1573/1491/2933
f 1621/1541/2934 1616/1542/2934 1574/1492/2934
f 1616/1542/2935 1634/1543/2935 1574/1492/2935
f 1634/1543/2936 1603/1525/2936 1574/1492/2936
f 1606/1528/2937 1622/1544/2937 1555/1473/2937
f 1622/1544/2938 1556/1474/2938 1555/1473/2938
f 1622/1544/2939 1590/1512/2939 1556/1474/2939
f 1590/1512/2940 1637/1545/2940 1591/1496/2940
f 1637/1545/2941 1618/1536/2941 1591/1496/2941
f 1623/1537/2942 1544/1462/2942 1567/1483/2942
f 1624/1546/2943 1607/1529/2943 37/1499/2943
f 1625/1547/2944 1569/1485/2944 1608/1530/2944
f 1625/1547/2945 1593/1514/2945 1569/1485/2945
f 1626/1548/2946 1595/1516/2946 1594/1515/2946
f 1627/1549/2947 1580/1500/2947 1596/1531/2947
f 1627/1549/2948 1597/1517/2948 1580/1500/2948
f 1628/1519/2949 1548/1466/2949 1598/1518/2949
f 1642/1550/2950 1629/1551/2950 1560/1477/2950
f 1629/1551/2951 1514/1432/2951 1560/1477/2951
f 1514/1432/2952 1643/1552/2952 1582/1487/2952
f 1619/1538/2953 1561/1468/2953 1549/1467/2953
f 1630/1553/2954 1550/1469/2954 1561/1468/2954
f 1631/1554/2955 1583/1521/2955 1550/1469/2955
f 1613/1534/2956 1632/1540/2956 1614/1508/2956
f 1633/1555/2957 1616/1542/2957 1621/1541/2957
f 1635/1556/2958 1576/1494/2958 1575/1493/2958
f 1635/1556/2959 1636/1557/2959 1576/1494/2959
f 1636/1557/2960 1566/1481/2960 1576/1494/2960
f 1653/1558/2961 1606/1528/2961 1578/1495/2961
f 1623/1537/2962 1592/1513/2962 1545/1463/2962
f 1638/1559/2963 1625/1547/2963 1608/1530/2963
f 1639/1560/2964 1594/1515/2964 1593/1514/2964
f 1639/1560/2965 1626/1548/2965 1594/1515/2965
f 1626/1548/2966 1640/1561/2966 1595/1516/2966
f 1640/1561/2967 1596/1531/2967 1595/1516/2967
f 1628/1519/2968 1641/1562/2968 1581/1501/2968
f 1642/1550/2969 1560/1477/2969 1599/1520/2969
f 1643/1552/2970 1619/1538/2970 1582/1487/2970
f 1630/1553/2971 1631/1554/2971 1550/1469/2971
f 1644/1563/2972 1562/1478/2972 1583/1521/2972
f 1645/1564/2973 1609/1522/2973 1562/1478/2973
f 1584/1502/2974 1646/1565/2974 1585/1503/2974
f 1646/1565/2975 1610/1532/2975 1585/1503/2975
f 1659/1566/2976 1586/1505/2976 1612/1533/2976
f 1659/1566/2977 1600/1523/2977 1586/1505/2977
f 1647/1567/2978 1648/1568/2978 1600/1523/2978
f 1648/1568/2979 1602/1524/2979 1600/1523/2979
f 1648/1568/2980 1649/1569/2980 1602/1524/2980
f 1649/1569/2981 1613/1534/2981 1602/1524/2981
f 1649/1569/2982 1632/1540/2982 1613/1534/2982
f 1632/1540/2983 1650/1570/2983 1615/1509/2983
f 1650/1570/2984 1621/1541/2984 1615/1509/2984
f 1603/1525/2985 1635/1556/2985 1575/1493/2985
f 1566/1481/2986 1651/1571/2986 1617/1535/2986
f 1617/1535/2987 1604/1526/2987 1554/1472/2987
f 1652/1572/2988 1588/1510/2988 1604/1526/2988
f 1652/1572/2989 1605/1527/2989 1588/1510/2989
f 1653/1558/2990 1578/1495/2990 1589/1511/2990
f 1654/1573/2991 1590/1512/2991 1622/1544/2991
f 1618/1536/2992 1623/1537/2992 1567/1483/2992
f 1592/1513/2993 1656/1574/2993 1568/1484/2993
f 1656/1574/2994 36/1497/2994 1568/1484/2994
f 1607/1529/2995 1638/1559/2995 1608/1530/2995
f 1657/1575/2996 1627/1549/2996 1596/1531/2996
f 1597/1517/2997 1628/1519/2997 1598/1518/2997
f 1674/1576/2998 1599/1520/2998 1581/1501/2998
f 1643/1552/2999 1514/1432/2999 1629/1551/2999
f 1619/1538/3000 1630/1553/3000 1561/1468/3000
f 1645/1564/3001 1584/1502/3001 1609/1522/3001
f 1620/1539/3002 1658/1577/3002 1570/1488/3002
f 1611/1504/3003 1658/1577/3003 1571/1489/3003
f 1658/1577/3004 1612/1533/3004 1571/1489/3004
f 1649/1569/3005 1650/1570/3005 1632/1540/3005
f 1650/1570/3006 1660/1578/3006 1621/1541/3006
f 1660/1578/3007 1633/1555/3007 1621/1541/3007
f 1633/1555/3008 1634/1543/3008 1616/1542/3008
f 1636/1557/3009 1651/1571/3009 1566/1481/3009
f 1605/1527/3010 1653/1558/3010 1589/1511/3010
f 1653/1558/3011 1622/1544/3011 1606/1528/3011
f 1654/1573/3012 1637/1545/3012 1590/1512/3012
f 1662/1579/3013 1618/1536/3013 1637/1545/3013
f 1663/1580/3014 1623/1537/3014 1618/1536/3014
f 1623/1537/3015 1670/1581/3015 1592/1513/3015
f 37/1499/3016 38/1582/3016 1624/1546/3016
f 1665/1583/3017 1607/1529/3017 1624/1546/3017
f 1665/1583/3018 1638/1559/3018 1607/1529/3018
f 1666/1584/3019 1593/1514/3019 1625/1547/3019
f 1657/1575/3020 1596/1531/3020 1640/1561/3020
f 1631/1554/3021 1644/1563/3021 1583/1521/3021
f 1644/1563/3022 1645/1564/3022 1562/1478/3022
f 1570/1488/3023 1658/1577/3023 1611/1504/3023
f 1659/1566/3024 1647/1567/3024 1600/1523/3024
f 1667/1585/3025 1650/1570/3025 1649/1569/3025
f 1660/1578/3026 1668/1586/3026 1633/1555/3026
f 1669/1587/3027 1603/1525/3027 1634/1543/3027
f 1653/1558/3028 1686/1588/3028 1622/1544/3028
f 1686/1588/3029 1661/1589/3029 1622/1544/3029
f 1661/1589/3030 1654/1573/3030 1622/1544/3030
f 1664/1590/3031 1670/1581/3031 1623/1537/3031
f 1670/1581/3032 1655/1591/3032 1592/1513/3032
f 1655/1591/3033 1656/1574/3033 1592/1513/3033
f 38/1582/3034 1665/1583/3034 1624/1546/3034
f 1665/1583/3035 1671/1592/3035 1638/1559/3035
f 1666/1584/3036 1639/1560/3036 1593/1514/3036
f 1639/1560/3037 1640/1561/3037 1626/1548/3037
f 1675/1593/3038 1599/1520/3038 1674/1576/3038
f 1675/1593/3039 1642/1550/3039 1599/1520/3039
f 1676/1594/3040 1619/1538/3040 1643/1552/3040
f 1692/1595/3041 1645/1564/3041 1644/1563/3041
f 1645/1564/3042 1677/1596/3042 1584/1502/3042
f 1677/1596/3043 1646/1565/3043 1584/1502/3043
f 1678/1597/3044 1620/1539/3044 1610/1532/3044
f 1658/1577/3045 1659/1566/3045 1612/1533/3045
f 1680/1598/3046 1647/1567/3046 1659/1566/3046
f 1682/1599/3047 1649/1569/3047 1648/1568/3047
f 1682/1599/3048 1667/1585/3048 1649/1569/3048
f 1683/1600/3049 1660/1578/3049 1650/1570/3049
f 1633/1555/3050 1684/1601/3050 1634/1543/3050
f 1684/1601/3051 1669/1587/3051 1634/1543/3051
f 1669/1587/3052 1635/1556/3052 1603/1525/3052
f 1617/1535/3053 1652/1572/3053 1604/1526/3053
f 1654/1573/3054 1687/1602/3054 1637/1545/3054
f 1662/1579/3055 1663/1580/3055 1618/1536/3055
f 1663/1580/3056 1664/1590/3056 1623/1537/3056
f 1688/1603/3057 1656/1574/3057 1655/1591/3057
f 39/1604/3058 1665/1583/3058 38/1582/3058
f 1627/1549/3059 1673/1605/3059 1597/1517/3059
f 1673/1605/3060 1641/1562/3060 1628/1519/3060
f 1689/1606/3061 1629/1551/3061 1642/1550/3061
f 1690/1607/3062 1643/1552/3062 1629/1551/3062
f 1691/1608/3063 1630/1553/3063 1619/1538/3063
f 1692/1595/3064 1644/1563/3064 1631/1554/3064
f 1701/1609/3065 1659/1566/3065 1658/1577/3065
f 1679/1610/3066 1680/1598/3066 1659/1566/3066
f 1647/1567/3067 1681/1611/3067 1648/1568/3067
f 1681/1611/3068 1682/1599/3068 1648/1568/3068
f 1683/1600/3069 1650/1570/3069 1667/1585/3069
f 1668/1586/3070 1684/1601/3070 1633/1555/3070
f 1685/1612/3071 1652/1572/3071 1617/1535/3071
f 1661/1589/3072 1687/1602/3072 1654/1573/3072
f 1687/1602/3073 1696/1613/3073 1637/1545/3073
f 1696/1613/3074 1662/1579/3074 1637/1545/3074
f 1697/1614/3075 36/1497/3075 1656/1574/3075
f 39/1604/3076 1698/1615/3076 1665/1583/3076
f 1665/1583/3077 1698/1615/3077 1671/1592/3077
f 1671/1592/3078 1625/1547/3078 1638/1559/3078
f 1671/1592/3079 1666/1584/3079 1625/1547/3079
f 1671/1592/3080 1727/1616/3080 1666/1584/3080
f 1672/1617/3081 1639/1560/3081 1666/1584/3081
f 1673/1605/3082 1628/1519/3082 1597/1517/3082
f 1641/1562/3083 1699/1618/3083 1581/1501/3083
f 1699/1618/3084 1674/1576/3084 1581/1501/3084
f 1690/1607/3085 1676/1594/3085 1643/1552/3085
f 1676/1594/3086 1691/1608/3086 1619/1538/3086
f 1691/1608/3087 1700/1619/3087 1630/1553/3087
f 1700/1619/3088 1631/1554/3088 1630/1553/3088
f 1708/1620/3089 1677/1596/3089 1645/1564/3089
f 1720/1621/3090 1610/1532/3090 1646/1565/3090
f 1693/1622/3091 1678/1597/3091 1610/1532/3091
f 1721/1623/3092 1658/1577/3092 1620/1539/3092
f 1701/1609/3093 1694/1624/3093 1659/1566/3093
f 1694/1624/3094 1679/1610/3094 1659/1566/3094
f 1682/1599/3095 1702/1625/3095 1667/1585/3095
f 1702/1625/3096 1683/1600/3096 1667/1585/3096
f 1683/1600/3097 1668/1586/3097 1660/1578/3097
f 1695/1626/3098 1636/1557/3098 1635/1556/3098
f 1651/1571/3099 1685/1612/3099 1617/1535/3099
f 1703/1627/3100 1605/1527/3100 1652/1572/3100
f 1704/1628/3101 1653/1558/3101 1605/1527/3101
f 1704/1628/3102 1686/1588/3102 1653/1558/3102
f 1727/1616/3103 1672/1617/3103 1666/1584/3103
f 1706/1629/3104 1627/1549/3104 1657/1575/3104
f 1689/1606/3105 1642/1550/3105 1675/1593/3105
f 1689/1606/3106 1717/1630/3106 1629/1551/3106
f 1700/1619/3107 1707/1631/3107 1631/1554/3107
f 1707/1631/3108 1692/1595/3108 1631/1554/3108
f 1677/1596/3109 1720/1621/3109 1646/1565/3109
f 1720/1621/3110 1693/1622/3110 1610/1532/3110
f 1678/1597/3111 1721/1623/3111 1620/1539/3111
f 1721/1623/3112 1701/1609/3112 1658/1577/3112
f 1709/1632/3113 1682/1599/3113 1681/1611/3113
f 1710/1633/3114 1702/1625/3114 1682/1599/3114
f 1711/1634/3115 1669/1587/3115 1684/1601/3115
f 1712/1635/3116 1635/1556/3116 1669/1587/3116
f 1712/1635/3117 1695/1626/3117 1635/1556/3117
f 1713/1636/3118 1651/1571/3118 1636/1557/3118
f 1713/1636/3119 1685/1612/3119 1651/1571/3119
f 1703/1627/3120 1704/1628/3120 1605/1527/3120
f 1663/1580/3121 1715/1637/3121 1664/1590/3121
f 1715/1637/3122 1716/1638/3122 1664/1590/3122
f 1670/1581/3123 1688/1603/3123 1655/1591/3123
f 40/1639/3124 1698/1615/3124 39/1604/3124
f 1698/1615/3125 1744/1640/3125 1671/1592/3125
f 1705/1641/3126 1639/1560/3126 1672/1617/3126
f 1705/1641/3127 1640/1561/3127 1639/1560/3127
f 1657/1575/3128 1640/1561/3128 1705/1641/3128
f 1728/1642/3129 1641/1562/3129 1673/1605/3129
f 1717/1630/3130 1690/1607/3130 1629/1551/3130
f 1718/1643/3131 1691/1608/3131 1676/1594/3131
f 1692/1595/3132 1708/1620/3132 1645/1564/3132
f 1708/1620/3133 1719/1644/3133 1677/1596/3133
f 1693/1622/3134 1721/1623/3134 1678/1597/3134
f 1722/1645/3135 1679/1610/3135 1694/1624/3135
f 1723/1646/3136 1647/1567/3136 1680/1598/3136
f 1723/1646/3137 1681/1611/3137 1647/1567/3137
f 1709/1632/3138 1710/1633/3138 1682/1599/3138
f 1683/1600/3139 1724/1647/3139 1668/1586/3139
f 1724/1647/3140 1684/1601/3140 1668/1586/3140
f 1712/1635/3141 1725/1648/3141 1695/1626/3141
f 1725/1648/3142 1636/1557/3142 1695/1626/3142
f 1725/1648/3143 1713/1636/3143 1636/1557/3143
f 1704/1628/3144 1714/1649/3144 1686/1588/3144
f 1743/1650/3145 1663/1580/3145 1662/1579/3145
f 1716/1638/3146 1670/1581/3146 1664/1590/3146
f 1726/1651/3147 1688/1603/3147 1670/1581/3147
f 1744/1640/3148 1727/1616/3148 1671/1592/3148
f 1705/1641/3149 1706/1629/3149 1657/1575/3149
f 1627/1549/3150 1728/1642/3150 1673/1605/3150
f 1699/1618/3151 1729/1652/3151 1674/1576/3151
f 1729/1652/3152 1675/1593/3152 1674/1576/3152
f 1730/1653/3153 1676/1594/3153 1690/1607/3153
f 1719/1644/3154 1720/1621/3154 1677/1596/3154
f 1732/1654/3155 1693/1622/3155 1720/1621/3155
f 1733/1655/3156 1694/1624/3156 1701/1609/3156
f 1722/1645/3157 1680/1598/3157 1679/1610/3157
f 1723/1646/3158 1709/1632/3158 1681/1611/3158
f 1734/1656/3159 1711/1634/3159 1684/1601/3159
f 1711/1634/3160 1712/1635/3160 1669/1587/3160
f 1685/1612/3161 1703/1627/3161 1652/1572/3161
f 1661/1589/3162 1735/1657/3162 1687/1602/3162
f 1716/1638/3163 1726/1651/3163 1670/1581/3163
f 1688/1603/3164 1697/1614/3164 1656/1574/3164
f 1736/1658/3165 36/1497/3165 1697/1614/3165
f 1738/1659/3166 1627/1549/3166 1706/1629/3166
f 1699/1618/3167 1641/1562/3167 1728/1642/3167
f 1707/1631/3168 1731/1660/3168 1692/1595/3168
f 1731/1660/3169 1708/1620/3169 1692/1595/3169
f 1739/1661/3170 1720/1621/3170 1719/1644/3170
f 1740/1662/3171 1701/1609/3171 1721/1623/3171
f 1702/1625/3172 1741/1663/3172 1683/1600/3172
f 1741/1663/3173 1724/1647/3173 1683/1600/3173
f 1765/1664/3174 1684/1601/3174 1724/1647/3174
f 1713/1636/3175 1750/1665/3175 1685/1612/3175
f 1742/1666/3176 1703/1627/3176 1685/1612/3176
f 1751/1667/3177 1735/1657/3177 1661/1589/3177
f 1735/1657/3178 1696/1613/3178 1687/1602/3178
f 1752/1668/3179 1743/1650/3179 1696/1613/3179
f 1743/1650/3180 1662/1579/3180 1696/1613/3180
f 1743/1650/3181 1715/1637/3181 1663/1580/3181
f 1736/1658/3182 41/1669/3182 36/1497/3182
f 1737/1670/3183 1698/1615/3183 40/1639/3183
f 1737/1670/3184 1744/1640/3184 1698/1615/3184
f 1755/1671/3185 1672/1617/3185 1727/1616/3185
f 1757/1672/3186 1706/1629/3186 1705/1641/3186
f 1738/1659/3187 1728/1642/3187 1627/1549/3187
f 1730/1653/3188 1718/1643/3188 1676/1594/3188
f 1760/1673/3189 1746/1674/3189 1691/1608/3189
f 1731/1660/3190 1739/1661/3190 1708/1620/3190
f 1739/1661/3191 1719/1644/3191 1708/1620/3191
f 1739/1661/3192 1732/1654/3192 1720/1621/3192
f 1740/1662/3193 1733/1655/3193 1701/1609/3193
f 1765/1664/3194 1734/1656/3194 1684/1601/3194
f 1734/1656/3195 1712/1635/3195 1711/1634/3195
f 1734/1656/3196 1747/1675/3196 1712/1635/3196
f 1748/1676/3197 1725/1648/3197 1712/1635/3197
f 1725/1648/3198 1749/1677/3198 1713/1636/3198
f 1749/1677/3199 1750/1665/3199 1713/1636/3199
f 1742/1666/3200 1704/1628/3200 1703/1627/3200
f 1751/1667/3201 1686/1588/3201 1714/1649/3201
f 1751/1667/3202 1661/1589/3202 1686/1588/3202
f 1771/1678/3203 1715/1637/3203 1743/1650/3203
f 1753/1679/3204 1716/1638/3204 1715/1637/3204
f 1726/1651/3205 1697/1614/3205 1688/1603/3205
f 1754/1680/3206 1737/1670/3206 40/1639/3206
f 1744/1640/3207 1755/1671/3207 1727/1616/3207
f 1755/1671/3208 1756/1681/3208 1672/1617/3208
f 1756/1681/3209 1705/1641/3209 1672/1617/3209
f 1756/1681/3210 1745/1682/3210 1705/1641/3210
f 1757/1672/3211 1738/1659/3211 1706/1629/3211
f 1738/1659/3212 1758/1683/3212 1728/1642/3212
f 1759/1684/3213 1689/1606/3213 1675/1593/3213
f 1767/1685/3214 1690/1607/3214 1717/1630/3214
f 1730/1653/3215 1760/1673/3215 1718/1643/3215
f 1760/1673/3216 1691/1608/3216 1718/1643/3216
f 1746/1674/3217 1700/1619/3217 1691/1608/3217
f 1761/1686/3218 1721/1623/3218 1693/1622/3218
f 1733/1655/3219 1722/1645/3219 1694/1624/3219
f 1722/1645/3220 1762/1687/3220 1680/1598/3220
f 1762/1687/3221 1723/1646/3221 1680/1598/3221
f 1763/1688/3222 1710/1633/3222 1709/1632/3222
f 1764/1689/3223 1702/1625/3223 1710/1633/3223
f 1765/1664/3224 1724/1647/3224 1741/1663/3224
f 1748/1676/3225 1749/1677/3225 1725/1648/3225
f 1781/1690/3226 1714/1649/3226 1704/1628/3226
f 1752/1668/3227 1696/1613/3227 1735/1657/3227
f 1771/1678/3228 1753/1679/3228 1715/1637/3228
f 1745/1682/3229 1757/1672/3229 1705/1641/3229
f 1729/1652/3230 1759/1684/3230 1675/1593/3230
f 1759/1684/3231 1717/1630/3231 1689/1606/3231
f 1768/1691/3232 1707/1631/3232 1700/1619/3232
f 1761/1686/3233 1693/1622/3233 1732/1654/3233
f 1761/1686/3234 1740/1662/3234 1721/1623/3234
f 1723/1646/3235 1763/1688/3235 1709/1632/3235
f 1763/1688/3236 1764/1689/3236 1710/1633/3236
f 1769/1692/3237 1741/1663/3237 1702/1625/3237
f 1769/1692/3238 1765/1664/3238 1741/1663/3238
f 1747/1675/3239 1748/1676/3239 1712/1635/3239
f 1750/1665/3240 1742/1666/3240 1685/1612/3240
f 1781/1690/3241 1751/1667/3241 1714/1649/3241
f 1770/1693/3242 1752/1668/3242 1735/1657/3242
f 1752/1668/3243 1766/1694/3243 1743/1650/3243
f 1766/1694/3244 1771/1678/3244 1743/1650/3244
f 1772/1695/3245 1726/1651/3245 1716/1638/3245
f 42/1696/3246 1754/1680/3246 40/1639/3246
f 1773/1697/3247 1738/1659/3247 1757/1672/3247
f 1758/1683/3248 1774/1698/3248 1728/1642/3248
f 1699/1618/3249 1786/1699/3249 1729/1652/3249
f 1730/1653/3250 1690/1607/3250 1767/1685/3250
f 1760/1673/3251 1775/1700/3251 1746/1674/3251
f 1746/1674/3252 1768/1691/3252 1700/1619/3252
f 1731/1660/3253 1776/1701/3253 1739/1661/3253
f 1777/1702/3254 1740/1662/3254 1761/1686/3254
f 1802/1703/3255 1733/1655/3255 1740/1662/3255
f 1778/1704/3256 1763/1688/3256 1723/1646/3256
f 1764/1689/3257 1779/1705/3257 1702/1625/3257
f 1779/1705/3258 1769/1692/3258 1702/1625/3258
f 1780/1706/3259 1734/1656/3259 1765/1664/3259
f 1781/1690/3260 1704/1628/3260 1742/1666/3260
f 1782/1707/3261 1783/1708/3261 1751/1667/3261
f 1751/1667/3262 1770/1693/3262 1735/1657/3262
f 1753/1679/3263 1772/1695/3263 1716/1638/3263
f 1785/1709/3264 1738/1659/3264 1773/1697/3264
f 1785/1709/3265 1758/1683/3265 1738/1659/3265
f 1774/1698/3266 1699/1618/3266 1728/1642/3266
f 1787/1710/3267 1717/1630/3267 1759/1684/3267
f 1787/1710/3268 1767/1685/3268 1717/1630/3268
f 1768/1691/3269 1788/1711/3269 1707/1631/3269
f 1776/1701/3270 1732/1654/3270 1739/1661/3270
f 1776/1701/3271 1790/1712/3271 1732/1654/3271
f 1803/1713/3272 1722/1645/3272 1733/1655/3272
f 1803/1713/3273 1791/1714/3273 1722/1645/3273
f 1791/1714/3274 1762/1687/3274 1722/1645/3274
f 1792/1715/3275 1793/1716/3275 1769/1692/3275
f 1793/1716/3276 1765/1664/3276 1769/1692/3276
f 1793/1716/3277 1780/1706/3277 1765/1664/3277
f 1794/1717/3278 1747/1675/3278 1734/1656/3278
f 1747/1675/3279 1795/1718/3279 1748/1676/3279
f 1783/1708/3280 1770/1693/3280 1751/1667/3280
f 1808/1719/3281 1772/1695/3281 1753/1679/3281
f 1784/1720/3282 1796/1721/3282 1726/1651/3282
f 1796/1721/3283 1697/1614/3283 1726/1651/3283
f 1796/1721/3284 1736/1658/3284 1697/1614/3284
f 1754/1680/3285 1744/1640/3285 1737/1670/3285
f 1744/1640/3286 1797/1722/3286 1755/1671/3286
f 1797/1722/3287 1756/1681/3287 1755/1671/3287
f 1798/1723/3288 1757/1672/3288 1745/1682/3288
f 1757/1672/3289 1785/1709/3289 1773/1697/3289
f 1730/1653/3290 1799/1724/3290 1760/1673/3290
f 1775/1700/3291 1800/1725/3291 1746/1674/3291
f 1800/1725/3292 1768/1691/3292 1746/1674/3292
f 1788/1711/3293 1731/1660/3293 1707/1631/3293
f 1789/1726/3294 1776/1701/3294 1731/1660/3294
f 1790/1712/3295 1761/1686/3295 1732/1654/3295
f 1801/1727/3296 1777/1702/3296 1761/1686/3296
f 1777/1702/3297 1802/1703/3297 1740/1662/3297
f 1802/1703/3298 1803/1713/3298 1733/1655/3298
f 1813/1728/3299 1764/1689/3299 1763/1688/3299
f 1804/1729/3300 1779/1705/3300 1764/1689/3300
f 1779/1705/3301 1804/1729/3301 1769/1692/3301
f 1804/1729/3302 1792/1715/3302 1769/1692/3302
f 1780/1706/3303 1794/1717/3303 1734/1656/3303
f 1794/1717/3304 1795/1718/3304 1747/1675/3304
f 1749/1677/3305 1805/1730/3305 1750/1665/3305
f 1750/1665/3306 1816/1731/3306 1742/1666/3306
f 1806/1732/3307 1781/1690/3307 1742/1666/3307
f 1807/1733/3308 1752/1668/3308 1770/1693/3308
f 1808/1719/3309 1753/1679/3309 1771/1678/3309
f 1754/1680/3310 1809/1734/3310 1744/1640/3310
f 1798/1723/3311 1810/1735/3311 1757/1672/3311
f 1810/1735/3311 1785/1709/3311 1757/1672/3311
f 1786/1699/3312 1699/1618/3312 1774/1698/3312
f 1812/1736/3313 1759/1684/3313 1729/1652/3313
f 1788/1711/3314 1789/1726/3314 1731/1660/3314
f 1790/1712/3315 1801/1727/3315 1761/1686/3315
f 1762/1687/3316 1778/1704/3316 1723/1646/3316
f 1813/1728/3317 1763/1688/3317 1778/1704/3317
f 1814/1737/3318 1764/1689/3318 1813/1728/3318
f 1804/1729/3319 1793/1716/3319 1792/1715/3319
f 1793/1716/3320 1794/1717/3320 1780/1706/3320
f 1794/1717/3321 1815/1738/3321 1795/1718/3321
f 1805/1730/3322 1816/1731/3322 1750/1665/3322
f 1807/1733/3323 1766/1694/3323 1752/1668/3323
f 1843/1739/3324 1808/1719/3324 1771/1678/3324
f 1784/1720/3325 1726/1651/3325 1772/1695/3325
f 1809/1734/3326 1797/1722/3326 1744/1640/3326
f 1824/1740/3327 1798/1723/3327 1745/1682/3327
f 1811/1741/3328 1785/1709/3328 1810/1735/3328
f 1811/1741/3329 1758/1683/3329 1785/1709/3329
f 1835/1742/3330 1730/1653/3330 1767/1685/3330
f 1835/1742/3331 1817/1743/3331 1730/1653/3331
f 1799/1724/3332 1818/1744/3332 1760/1673/3332
f 1820/1745/3333 1762/1687/3333 1791/1714/3333
f 1804/1729/3334 1764/1689/3334 1814/1737/3334
f 1815/1738/3335 1748/1676/3335 1795/1718/3335
f 1815/1738/3336 1749/1677/3336 1748/1676/3336
f 1815/1738/3337 1822/1746/3337 1749/1677/3337
f 1822/1746/3338 1805/1730/3338 1749/1677/3338
f 1816/1731/3339 1806/1732/3339 1742/1666/3339
f 1781/1690/3340 1782/1707/3340 1751/1667/3340
f 1823/1747/3341 1736/1658/3341 1796/1721/3341
f 42/1696/3342 1809/1734/3342 1754/1680/3342
f 1797/1722/3343 1824/1740/3343 1756/1681/3343
f 1824/1740/3344 1745/1682/3344 1756/1681/3344
f 1833/1748/3345 1774/1698/3345 1758/1683/3345
f 1825/1749/3346 1729/1652/3346 1786/1699/3346
f 1825/1749/3347 1812/1736/3347 1729/1652/3347
f 1812/1736/3348 1787/1710/3348 1759/1684/3348
f 1817/1743/3349 1799/1724/3349 1730/1653/3349
f 1818/1744/3350 1775/1700/3350 1760/1673/3350
f 1826/1750/3351 1776/1701/3351 1789/1726/3351
f 1819/1751/3352 1803/1713/3352 1802/1703/3352
f 1762/1687/3353 1813/1728/3353 1778/1704/3353
f 1828/1752/3354 1793/1716/3354 1804/1729/3354
f 1828/1752/3355 1821/1753/3355 1793/1716/3355
f 1841/1754/3356 1829/1755/3356 1781/1690/3356
f 1829/1755/3357 1782/1707/3357 1781/1690/3357
f 1782/1707/3358 1830/1756/3358 1783/1708/3358
f 1843/1739/3359 1771/1678/3359 1766/1694/3359
f 1823/1747/3360 41/1669/3360 1736/1658/3360
f 1832/1757/3361 1798/1723/3361 1824/1740/3361
f 1846/1758/3362 1833/1748/3362 1758/1683/3362
f 1833/1748/3363 1786/1699/3363 1774/1698/3363
f 1834/1759/3364 1825/1749/3364 1786/1699/3364
f 1836/1760/3365 1775/1700/3365 1818/1744/3365
f 1775/1700/3366 1837/1761/3366 1800/1725/3366
f 1826/1750/3367 1790/1712/3367 1776/1701/3367
f 1777/1702/3368 1838/1762/3368 1802/1703/3368
f 1850/1763/3369 1791/1714/3369 1803/1713/3369
f 1827/1764/3370 1813/1728/3370 1762/1687/3370
f 1862/1765/3371 1814/1737/3371 1813/1728/3371
f 1839/1766/3372 1804/1729/3372 1814/1737/3372
f 1839/1766/3373 1828/1752/3373 1804/1729/3373
f 1821/1753/3374 1794/1717/3374 1793/1716/3374
f 1840/1767/3375 1815/1738/3375 1794/1717/3375
f 1841/1754/3376 1781/1690/3376 1806/1732/3376
f 1830/1756/3377 1770/1693/3377 1783/1708/3377
f 1830/1756/3378 1842/1768/3378 1770/1693/3378
f 1842/1768/3379 1807/1733/3379 1770/1693/3379
f 1865/1769/3380 1808/1719/3380 1843/1739/3380
f 1844/1770/3381 1796/1721/3381 1784/1720/3381
f 1844/1770/3382 1823/1747/3382 1796/1721/3382
f 1866/1771/3383 41/1669/3383 1823/1747/3383
f 1866/1771/3384 1845/1772/3384 41/1669/3384
f 1809/1734/3385 1831/1773/3385 1797/1722/3385
f 1846/1758/3386 1758/1683/3386 1811/1741/3386
f 1833/1748/3387 1834/1759/3387 1786/1699/3387
f 1847/1774/3388 1787/1710/3388 1812/1736/3388
f 1847/1774/3389 1767/1685/3389 1787/1710/3389
f 1848/1775/3390 1799/1724/3390 1817/1743/3390
f 1848/1775/3391 1818/1744/3391 1799/1724/3391
f 1849/1776/3392 1789/1726/3392 1788/1711/3392
f 1838/1762/3393 1819/1751/3393 1802/1703/3393
f 1819/1751/3394 1850/1763/3394 1803/1713/3394
f 1820/1745/3395 1827/1764/3395 1762/1687/3395
f 1839/1766/3396 1851/1777/3396 1828/1752/3396
f 1851/1777/3397 1821/1753/3397 1828/1752/3397
f 1851/1777/3398 1852/1778/3398 1821/1753/3398
f 1852/1778/3399 1794/1717/3399 1821/1753/3399
f 1853/1779/3400 1840/1767/3400 1794/1717/3400
f 1840/1767/3401 1822/1746/3401 1815/1738/3401
f 1854/1780/3402 1805/1730/3402 1822/1746/3402
f 1854/1780/3403 1855/1781/3403 1805/1730/3403
f 1855/1781/3404 1816/1731/3404 1805/1730/3404
f 1856/1782/3405 1807/1733/3405 1842/1768/3405
f 1856/1782/3406 1843/1739/3406 1766/1694/3406
f 43/1783/3407 1809/1734/3407 42/1696/3407
f 1833/1748/3408 1857/1784/3408 1834/1759/3408
f 1847/1774/3409 1835/1742/3409 1767/1685/3409
f 1836/1760/3410 1837/1761/3410 1775/1700/3410
f 1858/1785/3411 1768/1691/3411 1800/1725/3411
f 1859/1786/3412 1801/1727/3412 1790/1712/3412
f 1859/1786/3413 1777/1702/3413 1801/1727/3413
f 1859/1786/3414 1860/1787/3414 1777/1702/3414
f 1860/1787/3415 1838/1762/3415 1777/1702/3415
f 1861/1788/3416 1791/1714/3416 1850/1763/3416
f 1861/1788/3417 1820/1745/3417 1791/1714/3417
f 1862/1765/3418 1813/1728/3418 1827/1764/3418
f 1862/1765/3419 1839/1766/3419 1814/1737/3419
f 1840/1767/3420 1863/1789/3420 1822/1746/3420
f 1863/1789/3421 1864/1790/3421 1822/1746/3421
f 1864/1790/3422 1854/1780/3422 1822/1746/3422
f 1856/1782/3423 1766/1694/3423 1807/1733/3423
f 43/1783/3424 1831/1773/3424 1809/1734/3424
f 1867/1791/3425 1824/1740/3425 1797/1722/3425
f 1868/1792/3426 1810/1735/3426 1798/1723/3426
f 1810/1735/3427 1868/1792/3427 1811/1741/3427
f 1868/1792/3428 1846/1758/3428 1811/1741/3428
f 1847/1774/3429 1878/1793/3429 1835/1742/3429
f 1837/1761/3430 1858/1785/3430 1800/1725/3430
f 1768/1691/3431 1880/1794/3431 1788/1711/3431
f 1880/1794/3432 1849/1776/3432 1788/1711/3432
f 1849/1776/3433 1870/1795/3433 1789/1726/3433
f 1870/1795/3434 1826/1750/3434 1789/1726/3434
f 1871/1796/3435 1850/1763/3435 1819/1751/3435
f 1871/1796/3436 1861/1788/3436 1850/1763/3436
f 1872/1797/3437 1827/1764/3437 1820/1745/3437
f 1873/1798/3438 1839/1766/3438 1862/1765/3438
f 1853/1779/3439 1794/1717/3439 1852/1778/3439
f 1883/1799/3440 1874/1800/3440 1840/1767/3440
f 1874/1800/3441 1863/1789/3441 1840/1767/3441
f 1854/1780/3442 1884/1801/3442 1855/1781/3442
f 1829/1755/3443 1830/1756/3443 1782/1707/3443
f 1875/1802/3444 1856/1782/3444 1842/1768/3444
f 1856/1782/3445 1865/1769/3445 1843/1739/3445
f 1885/1803/3446 1772/1695/3446 1808/1719/3446
f 1876/1804/3447 1844/1770/3447 1784/1720/3447
f 1876/1804/3448 1823/1747/3448 1844/1770/3448
f 1878/1793/3449 1817/1743/3449 1835/1742/3449
f 1889/1805/3450 1818/1744/3450 1848/1775/3450
f 1879/1806/3451 1836/1760/3451 1818/1744/3451
f 1858/1785/3452 1880/1794/3452 1768/1691/3452
f 1790/1712/3453 1881/1807/3453 1859/1786/3453
f 1882/1808/3454 1873/1798/3454 1862/1765/3454
f 1873/1798/3455 1851/1777/3455 1839/1766/3455
f 1853/1779/3456 1883/1799/3456 1840/1767/3456
f 1864/1790/3457 1884/1801/3457 1854/1780/3457
f 1855/1781/3458 1905/1809/3458 1816/1731/3458
f 1905/1809/3459 1806/1732/3459 1816/1731/3459
f 1830/1756/3460 1875/1802/3460 1842/1768/3460
f 1865/1769/3461 1885/1803/3461 1808/1719/3461
f 1885/1803/3462 1894/1810/3462 1772/1695/3462
f 1886/1811/3463 1784/1720/3463 1772/1695/3463
f 1886/1811/3464 1876/1804/3464 1784/1720/3464
f 1896/1812/3465 1797/1722/3465 1831/1773/3465
f 1896/1812/3466 1867/1791/3466 1797/1722/3466
f 1887/1813/3467 1868/1792/3467 1798/1723/3467
f 1899/1814/3468 1833/1748/3468 1846/1758/3468
f 1877/1815/3469 1834/1759/3469 1857/1784/3469
f 1825/1749/3470 1888/1816/3470 1812/1736/3470
f 1888/1816/3471 1847/1774/3471 1812/1736/3471
f 1889/1805/3472 1848/1775/3472 1817/1743/3472
f 1879/1806/3473 1818/1744/3473 1889/1805/3473
f 1879/1806/3474 1869/1817/3474 1836/1760/3474
f 1826/1750/3475 1890/1818/3475 1790/1712/3475
f 1890/1818/3476 1881/1807/3476 1790/1712/3476
f 1872/1797/3477 1862/1765/3477 1827/1764/3477
f 1902/1819/3478 1891/1820/3478 1851/1777/3478
f 1891/1820/3479 1852/1778/3479 1851/1777/3479
f 1903/1821/3480 1853/1779/3480 1852/1778/3480
f 1892/1822/3481 1855/1781/3481 1884/1801/3481
f 1893/1823/3482 1841/1754/3482 1806/1732/3482
f 1895/1824/3483 1823/1747/3483 1876/1804/3483
f 43/1783/3484 1896/1812/3484 1831/1773/3484
f 1887/1813/3485 1798/1723/3485 1832/1757/3485
f 1899/1814/3486 1857/1784/3486 1833/1748/3486
f 1917/1825/3487 1888/1816/3487 1825/1749/3487
f 1878/1793/3488 1889/1805/3488 1817/1743/3488
f 1869/1817/3489 1837/1761/3489 1836/1760/3489
f 1918/1826/3490 1858/1785/3490 1837/1761/3490
f 1900/1827/3491 1870/1795/3491 1849/1776/3491
f 1838/1762/3492 1871/1796/3492 1819/1751/3492
f 1861/1788/3493 1872/1797/3493 1820/1745/3493
f 1902/1819/3494 1851/1777/3494 1873/1798/3494
f 1891/1820/3495 1903/1821/3495 1852/1778/3495
f 1874/1800/3496 1904/1828/3496 1863/1789/3496
f 1904/1828/3497 1864/1790/3497 1863/1789/3497
f 1904/1828/3498 1884/1801/3498 1864/1790/3498
f 1905/1809/3499 1893/1823/3499 1806/1732/3499
f 1906/1829/3500 1841/1754/3500 1893/1823/3500
f 1894/1810/3501 1886/1811/3501 1772/1695/3501
f 1895/1824/3502 1866/1771/3502 1823/1747/3502
f 1897/1830/3503 1832/1757/3503 1824/1740/3503
f 1897/1830/3504 1887/1813/3504 1832/1757/3504
f 1898/1831/3505 1846/1758/3505 1868/1792/3505
f 1877/1815/3506 1825/1749/3506 1834/1759/3506
f 1877/1815/3507 1917/1825/3507 1825/1749/3507
f 1847/1774/3508 1907/1832/3508 1878/1793/3508
f 1909/1833/3509 1889/1805/3509 1878/1793/3509
f 1910/1834/3510 1879/1806/3510 1889/1805/3510
f 1911/1835/3511 1869/1817/3511 1879/1806/3511
f 1918/1826/3512 1880/1794/3512 1858/1785/3512
f 1880/1794/3513 1900/1827/3513 1849/1776/3513
f 1881/1807/3514 1912/1836/3514 1859/1786/3514
f 1901/1837/3515 1862/1765/3515 1872/1797/3515
f 1913/1838/3516 1873/1798/3516 1882/1808/3516
f 1914/1839/3517 1891/1820/3517 1902/1819/3517
f 1874/1800/3518 1915/1840/3518 1904/1828/3518
f 1892/1822/3519 1905/1809/3519 1855/1781/3519
f 1906/1829/3520 1829/1755/3520 1841/1754/3520
f 1906/1829/3521 1950/1841/3521 1829/1755/3521
f 1934/1842/3522 1830/1756/3522 1829/1755/3522
f 1934/1842/3523 1875/1802/3523 1830/1756/3523
f 1916/1843/3524 1885/1803/3524 1865/1769/3524
f 1866/1771/3525 44/1844/3525 1845/1772/3525
f 1898/1831/3526 1899/1814/3526 1846/1758/3526
f 1907/1832/3527 1908/1845/3527 1878/1793/3527
f 1908/1845/3528 1909/1833/3528 1878/1793/3528
f 1869/1817/3529 1918/1826/3529 1837/1761/3529
f 1870/1795/3530 1890/1818/3530 1826/1750/3530
f 1912/1836/3531 1860/1787/3531 1859/1786/3531
f 1912/1836/3532 1838/1762/3532 1860/1787/3532
f 1838/1762/3533 1919/1846/3533 1871/1796/3533
f 1920/1847/3534 1861/1788/3534 1871/1796/3534
f 1901/1837/3535 1921/1848/3535 1862/1765/3535
f 1921/1848/3536 1882/1808/3536 1862/1765/3536
f 1913/1838/3537 1902/1819/3537 1873/1798/3537
f 1922/1849/3538 1914/1839/3538 1902/1819/3538
f 1923/1850/3539 1853/1779/3539 1903/1821/3539
f 1923/1850/3540 1883/1799/3540 1853/1779/3540
f 1924/1851/3541 1874/1800/3541 1883/1799/3541
f 1904/1828/3542 1892/1822/3542 1884/1801/3542
f 1933/1852/3543 1905/1809/3543 1892/1822/3543
f 1935/1853/3544 1856/1782/3544 1875/1802/3544
f 1895/1824/3545 1876/1804/3545 1886/1811/3545
f 1895/1824/3546 44/1844/3546 1866/1771/3546
f 1867/1791/3547 1897/1830/3547 1824/1740/3547
f 1939/1854/3548 1868/1792/3548 1887/1813/3548
f 1939/1854/3549 1898/1831/3549 1868/1792/3549
f 1926/1855/3550 1857/1784/3550 1899/1814/3550
f 1927/1856/3551 1917/1825/3551 1877/1815/3551
f 1928/1857/3552 1879/1806/3552 1910/1834/3552
f 1928/1857/3553 1911/1835/3553 1879/1806/3553
f 1929/1858/3554 1880/1794/3554 1918/1826/3554
f 1930/1859/3555 1920/1847/3555 1871/1796/3555
f 1931/1860/3556 1901/1837/3556 1872/1797/3556
f 1921/1848/3557 1913/1838/3557 1882/1808/3557
f 1932/1861/3558 1922/1849/3558 1902/1819/3558
f 1914/1839/3559 1903/1821/3559 1891/1820/3559
f 1923/1850/3560 1924/1851/3560 1883/1799/3560
f 1924/1851/3561 1915/1840/3561 1874/1800/3561
f 1915/1840/3562 1892/1822/3562 1904/1828/3562
f 1934/1842/3563 1935/1853/3563 1875/1802/3563
f 1935/1853/3564 1936/1862/3564 1856/1782/3564
f 1856/1782/3565 1916/1843/3565 1865/1769/3565
f 1925/1863/3566 1895/1824/3566 1886/1811/3566
f 1937/1864/3567 44/1844/3567 1895/1824/3567
f 45/1865/3568 1896/1812/3568 43/1783/3568
f 1938/1866/3569 1897/1830/3569 1867/1791/3569
f 1940/1867/3570 1926/1855/3570 1899/1814/3570
f 1926/1855/3571 1941/1868/3571 1857/1784/3571
f 1941/1868/3572 1877/1815/3572 1857/1784/3572
f 1927/1856/3573 1888/1816/3573 1917/1825/3573
f 1954/1869/3574 1847/1774/3574 1888/1816/3574
f 1909/1833/3575 1910/1834/3575 1889/1805/3575
f 1911/1835/3576 1918/1826/3576 1869/1817/3576
f 1943/1870/3577 1944/1871/3577 1900/1827/3577
f 1944/1871/3578 1870/1795/3578 1900/1827/3578
f 1944/1871/3579 1890/1818/3579 1870/1795/3579
f 1945/1872/3580 1881/1807/3580 1890/1818/3580
f 1945/1872/3581 1912/1836/3581 1881/1807/3581
f 1946/1873/3582 1838/1762/3582 1912/1836/3582
f 1946/1873/3583 1919/1846/3583 1838/1762/3583
f 1919/1846/3584 1930/1859/3584 1871/1796/3584
f 1920/1847/3585 1931/1860/3585 1861/1788/3585
f 1931/1860/3586 1872/1797/3586 1861/1788/3586
f 1913/1838/3587 1932/1861/3587 1902/1819/3587
f 1922/1849/3588 1947/1874/3588 1914/1839/3588
f 1947/1874/3589 1903/1821/3589 1914/1839/3589
f 1958/1875/3590 1915/1840/3590 1924/1851/3590
f 1915/1840/3591 1949/1876/3591 1892/1822/3591
f 1949/1876/3592 1933/1852/3592 1892/1822/3592
f 1960/1877/3593 1906/1829/3593 1893/1823/3593
f 1950/1841/3594 1934/1842/3594 1829/1755/3594
f 1963/1878/3595 1916/1843/3595 1856/1782/3595
f 1951/1879/3596 1894/1810/3596 1885/1803/3596
f 1951/1879/3597 1952/1880/3597 1894/1810/3597
f 1952/1880/3598 1886/1811/3598 1894/1810/3598
f 1952/1880/3599 1925/1863/3599 1886/1811/3599
f 1937/1864/3600 1953/1881/3600 44/1844/3600
f 1938/1866/3601 1867/1791/3601 1896/1812/3601
f 1897/1830/3602 1939/1854/3602 1887/1813/3602
f 1898/1831/3603 1940/1867/3603 1899/1814/3603
f 1941/1868/3604 1927/1856/3604 1877/1815/3604
f 1927/1856/3605 1954/1869/3605 1888/1816/3605
f 1954/1869/3606 1907/1832/3606 1847/1774/3606
f 1909/1833/3607 1928/1857/3607 1910/1834/3607
f 1928/1857/3608 1942/1882/3608 1911/1835/3608
f 1911/1835/3609 1942/1882/3609 1918/1826/3609
f 1929/1858/3610 1900/1827/3610 1880/1794/3610
f 1955/1883/3611 1946/1873/3611 1912/1836/3611
f 1946/1873/3612 1956/1884/3612 1919/1846/3612
f 1956/1884/3613 1930/1859/3613 1919/1846/3613
f 1969/1885/3614 1921/1848/3614 1901/1837/3614
f 1957/1886/3615 1913/1838/3615 1921/1848/3615
f 1923/1850/3616 1958/1875/3616 1924/1851/3616
f 1958/1875/3617 1948/1887/3617 1915/1840/3617
f 1948/1887/3618 1949/1876/3618 1915/1840/3618
f 1933/1852/3619 1959/1888/3619 1905/1809/3619
f 1959/1888/3620 1893/1823/3620 1905/1809/3620
f 1959/1888/3621 1960/1877/3621 1893/1823/3621
f 1950/1841/3622 1961/1889/3622 1934/1842/3622
f 1934/1842/3623 1962/1890/3623 1935/1853/3623
f 1963/1878/3624 1856/1782/3624 1936/1862/3624
f 1963/1878/3625 1964/1891/3625 1916/1843/3625
f 1916/1843/3626 1951/1879/3626 1885/1803/3626
f 1965/1892/3627 1895/1824/3627 1925/1863/3627
f 1966/1893/3628 1938/1866/3628 1896/1812/3628
f 1967/1894/3629 1909/1833/3629 1908/1845/3629
f 1980/1895/3630 1945/1872/3630 1890/1818/3630
f 1968/1896/3631 1956/1884/3631 1946/1873/3631
f 1931/1860/3632 1969/1885/3632 1901/1837/3632
f 1957/1886/3633 1932/1861/3633 1913/1838/3633
f 1970/1897/3634 1947/1874/3634 1922/1849/3634
f 1971/1898/3635 1903/1821/3635 1947/1874/3635
f 1971/1898/3636 1923/1850/3636 1903/1821/3636
f 1972/1899/3637 1949/1876/3637 1948/1887/3637
f 1949/1876/3638 1973/1900/3638 1933/1852/3638
f 1973/1900/3639 1959/1888/3639 1933/1852/3639
f 1965/1892/3640 1937/1864/3640 1895/1824/3640
f 1953/1881/3641 1975/1901/3641 44/1844/3641
f 1966/1893/3642 1896/1812/3642 45/1865/3642
f 1938/1866/3643 2003/1902/3643 1897/1830/3643
f 1976/1903/3644 1941/1868/3644 1926/1855/3644
f 1977/1904/3645 1967/1894/3645 1908/1845/3645
f 1928/1857/3646 1978/1905/3646 1942/1882/3646
f 1979/1906/3647 1918/1826/3647 1942/1882/3647
f 1980/1895/3648 1890/1818/3648 1944/1871/3648
f 1991/1907/3649 1912/1836/3649 1945/1872/3649
f 1956/1884/3650 1920/1847/3650 1930/1859/3650
f 1969/1885/3651 1981/1908/3651 1921/1848/3651
f 1981/1908/3652 1957/1886/3652 1921/1848/3652
f 1971/1898/3653 1982/1909/3653 1923/1850/3653
f 1962/1890/3654 1984/1910/3654 1935/1853/3654
f 1984/1910/3655 1936/1862/3655 1935/1853/3655
f 2018/1911/3656 1916/1843/3656 1964/1891/3656
f 1985/1912/3657 1952/1880/3657 1951/1879/3657
f 1974/1913/3658 1965/1892/3658 1925/1863/3658
f 2009/1914/3659 2010/1915/3659 1953/1881/3659
f 2010/1915/3660 1975/1901/3660 1953/1881/3660
f 1939/1854/3661 1986/1916/3661 1898/1831/3661
f 1986/1916/3662 1940/1867/3662 1898/1831/3662
f 1976/1903/3663 1926/1855/3663 1940/1867/3663
f 1927/1856/3664 1987/1917/3664 1954/1869/3664
f 1988/1918/3665 1908/1845/3665 1907/1832/3665
f 1988/1918/3666 1977/1904/3666 1908/1845/3666
f 1967/1894/3667 1989/1919/3667 1909/1833/3667
f 1978/1905/3668 1979/1906/3668 1942/1882/3668
f 1979/1906/3669 1929/1858/3669 1918/1826/3669
f 1990/1920/3670 1900/1827/3670 1929/1858/3670
f 1943/1870/3671 1980/1895/3671 1944/1871/3671
f 1955/1883/3672 1968/1896/3672 1946/1873/3672
f 2006/1921/3673 1931/1860/3673 1920/1847/3673
f 1993/1922/3674 1969/1885/3674 1931/1860/3674
f 1957/1886/3675 1922/1849/3675 1932/1861/3675
f 1994/1923/3676 1970/1897/3676 1922/1849/3676
f 1982/1909/3677 1995/1924/3677 1923/1850/3677
f 1995/1924/3678 1958/1875/3678 1923/1850/3678
f 1996/1925/3679 1948/1887/3679 1958/1875/3679
f 1996/1925/3680 1983/1926/3680 1948/1887/3680
f 1983/1926/3681 1972/1899/3681 1948/1887/3681
f 1972/1899/3682 1973/1900/3682 1949/1876/3682
f 1973/1900/3683 2031/1927/3683 1959/1888/3683
f 2031/1927/3684 1960/1877/3684 1959/1888/3684
f 1997/1928/3685 1906/1829/3685 1960/1877/3685
f 1999/1929/3686 1934/1842/3686 1961/1889/3686
f 1999/1929/3687 1962/1890/3687 1934/1842/3687
f 1985/1912/3688 2001/1930/3688 1952/1880/3688
f 1974/1913/3689 1925/1863/3689 1952/1880/3689
f 1965/1892/3690 2002/1931/3690 1937/1864/3690
f 46/1932/3691 1966/1893/3691 45/1865/3691
f 2004/1933/3692 1986/1916/3692 1939/1854/3692
f 2005/1934/3693 1976/1903/3693 1940/1867/3693
f 1989/1919/3694 1928/1857/3694 1909/1833/3694
f 1989/1919/3695 1978/1905/3695 1928/1857/3695
f 1991/1907/3696 1955/1883/3696 1912/1836/3696
f 2006/1921/3697 1920/1847/3697 1956/1884/3697
f 1992/1935/3698 1993/1922/3698 1931/1860/3698
f 2007/1936/3699 1922/1849/3699 1957/1886/3699
f 1970/1897/3700 1971/1898/3700 1947/1874/3700
f 1995/1924/3701 1996/1925/3701 1958/1875/3701
f 1983/1926/3702 2008/1937/3702 1972/1899/3702
f 2008/1937/3703 1973/1900/3703 1972/1899/3703
f 1997/1928/3704 1960/1877/3704 2031/1927/3704
f 1997/1928/3705 1998/1938/3705 1906/1829/3705
f 1998/1938/3706 1950/1841/3706 1906/1829/3706
f 1998/1938/3707 1961/1889/3707 1950/1841/3707
f 1998/1938/3708 1999/1929/3708 1961/1889/3708
f 1963/1878/3709 2018/1911/3709 1964/1891/3709
f 1916/1843/3710 1985/1912/3710 1951/1879/3710
f 2001/1930/3711 1974/1913/3711 1952/1880/3711
f 2009/1914/3712 1953/1881/3712 1937/1864/3712
f 1954/1869/3713 1988/1918/3713 1907/1832/3713
f 1979/1906/3714 1990/1920/3714 1929/1858/3714
f 1990/1920/3715 2040/1939/3715 1900/1827/3715
f 2040/1939/3716 1943/1870/3716 1900/1827/3716
f 2012/1940/3717 1945/1872/3717 1980/1895/3717
f 2012/1940/3718 1991/1907/3718 1945/1872/3718
f 1991/1907/3719 1968/1896/3719 1955/1883/3719
f 2013/1941/3720 1956/1884/3720 1968/1896/3720
f 2014/1942/3721 2006/1921/3721 1956/1884/3721
f 1992/1935/3722 1931/1860/3722 2006/1921/3722
f 1993/1922/3723 1981/1908/3723 1969/1885/3723
f 2015/1943/3724 1994/1923/3724 1922/1849/3724
f 1994/1923/3725 1971/1898/3725 1970/1897/3725
f 2016/1944/3726 1962/1890/3726 1999/1929/3726
f 2016/1944/3727 1984/1910/3727 1962/1890/3727
f 2017/1945/3728 1936/1862/3728 1984/1910/3728
f 2017/1945/3729 2000/1946/3729 1936/1862/3729
f 2000/1946/3730 1963/1878/3730 1936/1862/3730
f 2000/1946/3731 2018/1911/3731 1963/1878/3731
f 2018/1911/3732 1985/1912/3732 1916/1843/3732
f 2034/1947/3733 2010/1915/3733 2009/1914/3733
f 2010/1915/3734 47/1948/3734 1975/1901/3734
f 46/1932/3735 2019/1949/3735 1966/1893/3735
f 2019/1949/3736 1938/1866/3736 1966/1893/3736
f 2020/1950/3737 1897/1830/3737 2003/1902/3737
f 2020/1950/3738 2004/1933/3738 1897/1830/3738
f 2004/1933/3739 1939/1854/3739 1897/1830/3739
f 2005/1934/3740 2021/1951/3740 1976/1903/3740
f 2021/1951/3741 1941/1868/3741 1976/1903/3741
f 1941/1868/3742 1987/1917/3742 1927/1856/3742
f 1967/1894/3743 2022/1952/3743 1989/1919/3743
f 1989/1919/3744 2011/1953/3744 1978/1905/3744
f 2024/1954/3745 1981/1908/3745 1993/1922/3745
f 2024/1954/3746 2025/1955/3746 1981/1908/3746
f 2025/1955/3747 2007/1936/3747 1957/1886/3747
f 2007/1936/3748 2015/1943/3748 1922/1849/3748
f 2026/1956/3749 1982/1909/3749 1971/1898/3749
f 2026/1956/3750 1995/1924/3750 1982/1909/3750
f 2026/1956/3751 2027/1957/3751 1995/1924/3751
f 2027/1957/3752 2028/1958/3752 1995/1924/3752
f 2028/1958/3753 1996/1925/3753 1995/1924/3753
f 2028/1958/3754 2029/1959/3754 1996/1925/3754
f 1996/1925/3755 2030/1960/3755 1983/1926/3755
f 2030/1960/3756 2008/1937/3756 1983/1926/3756
f 2008/1937/3757 2031/1927/3757 1973/1900/3757
f 2031/1927/3758 2032/1961/3758 1997/1928/3758
f 2016/1944/3759 2017/1945/3759 1984/1910/3759
f 2018/1911/3760 2033/1962/3760 1985/1912/3760
f 2002/1931/3761 2009/1914/3761 1937/1864/3761
f 2019/1949/3762 2003/1902/3762 1938/1866/3762
f 2035/1963/3763 2020/1950/3763 2003/1902/3763
f 1986/1916/3764 2036/1964/3764 1940/1867/3764
f 2036/1964/3765 2005/1934/3765 1940/1867/3765
f 2037/1965/3766 1954/1869/3766 1987/1917/3766
f 2022/1952/3767 2038/1966/3767 1989/1919/3767
f 2038/1966/3768 2011/1953/3768 1989/1919/3768
f 2039/1967/3769 1979/1906/3769 1978/1905/3769
f 1943/1870/3770 2023/1968/3770 1980/1895/3770
f 2023/1968/3771 2012/1940/3771 1980/1895/3771
f 2041/1969/3772 1993/1922/3772 1992/1935/3772
f 2041/1969/3773 2024/1954/3773 1993/1922/3773
f 2025/1955/3774 1957/1886/3774 1981/1908/3774
f 1994/1923/3775 2042/1970/3775 1971/1898/3775
f 2042/1970/3776 2026/1956/3776 1971/1898/3776
f 2029/1959/3777 2030/1960/3777 1996/1925/3777
f 2043/1971/3778 2008/1937/3778 2030/1960/3778
f 2044/1972/3779 1998/1938/3779 1997/1928/3779
f 2045/1973/3780 2033/1962/3780 2018/1911/3780
f 2033/1962/3781 2001/1930/3781 1985/1912/3781
f 2046/1974/3782 1965/1892/3782 1974/1913/3782
f 2002/1931/3783 2034/1947/3783 2009/1914/3783
f 2034/1947/3784 2107/1975/3784 2010/1915/3784
f 2019/1949/3785 2047/1976/3785 2003/1902/3785
f 2021/1951/3786 2056/1977/3786 1941/1868/3786
f 2056/1977/3787 1987/1917/3787 1941/1868/3787
f 1979/1906/3788 2048/1978/3788 1990/1920/3788
f 2048/1978/3789 2040/1939/3789 1990/1920/3789
f 2040/1939/3790 2066/1979/3790 1943/1870/3790
f 2066/1979/3791 2023/1968/3791 1943/1870/3791
f 2013/1941/3792 1968/1896/3792 1991/1907/3792
f 2013/1941/3793 2049/1980/3793 1956/1884/3793
f 2049/1980/3794 2014/1942/3794 1956/1884/3794
f 2051/1981/3795 1994/1923/3795 2015/1943/3795
f 2052/1982/3796 2031/1927/3796 2008/1937/3796
f 2052/1982/3797 2032/1961/3797 2031/1927/3797
f 2032/1961/3798 2044/1972/3798 1997/1928/3798
f 2044/1972/3799 1999/1929/3799 1998/1938/3799
f 1999/1929/3800 2053/1983/3800 2016/1944/3800
f 2000/1946/3801 2054/1984/3801 2018/1911/3801
f 2055/1985/3802 2001/1930/3802 2033/1962/3802
f 2001/1930/3803 2046/1974/3803 1974/1913/3803
f 2046/1974/3804 2002/1931/3804 1965/1892/3804
f 2047/1976/3805 2035/1963/3805 2003/1902/3805
f 2005/1934/3806 2085/1986/3806 2021/1951/3806
f 2056/1977/3807 2037/1965/3807 1987/1917/3807
f 2037/1965/3808 2057/1987/3808 1954/1869/3808
f 2057/1987/3809 1988/1918/3809 1954/1869/3809
f 2057/1987/3810 1977/1904/3810 1988/1918/3810
f 2038/1966/3811 2039/1967/3811 2011/1953/3811
f 2039/1967/3812 1978/1905/3812 2011/1953/3812
f 2039/1967/3813 2048/1978/3813 1979/1906/3813
f 2058/1988/3814 2012/1940/3814 2023/1968/3814
f 2014/1942/3815 2059/1989/3815 2006/1921/3815
f 2059/1989/3816 1992/1935/3816 2006/1921/3816
f 2024/1954/3817 2050/1990/3817 2025/1955/3817
f 2050/1990/3818 2007/1936/3818 2025/1955/3818
f 2007/1936/3819 2069/1991/3819 2015/1943/3819
f 2051/1981/3820 2042/1970/3820 1994/1923/3820
f 2042/1970/3821 2060/1992/3821 2026/1956/3821
f 2061/1993/3822 2030/1960/3822 2029/1959/3822
f 2043/1971/3823 2052/1982/3823 2008/1937/3823
f 2044/1972/3824 2062/1994/3824 1999/1929/3824
f 2062/1994/3825 2053/1983/3825 1999/1929/3825
f 2053/1983/3826 2017/1945/3826 2016/1944/3826
f 2054/1984/3827 2045/1973/3827 2018/1911/3827
f 2046/1974/3828 2063/1995/3828 2002/1931/3828
f 1967/1894/3829 2065/1996/3829 2022/1952/3829
f 2077/1997/3830 1991/1907/3830 2012/1940/3830
f 2059/1989/3831 2041/1969/3831 1992/1935/3831
f 2041/1969/3832 2067/1998/3832 2024/1954/3832
f 2068/1999/3833 2050/1990/3833 2024/1954/3833
f 2070/2000/3834 2051/1981/3834 2015/1943/3834
f 2060/1992/3835 2071/2001/3835 2026/1956/3835
f 2071/2001/3836 2027/1957/3836 2026/1956/3836
f 2071/2001/3837 2028/1958/3837 2027/1957/3837
f 2028/1958/3838 2061/1993/3838 2029/1959/3838
f 2061/1993/3839 2043/1971/3839 2030/1960/3839
f 2072/2002/3840 2052/1982/3840 2043/1971/3840
f 2072/2002/3841 2032/1961/3841 2052/1982/3841
f 2073/2003/3842 2000/1946/3842 2017/1945/3842
f 2107/1975/3843 48/2004/3843 2010/1915/3843
f 48/2004/3844 47/1948/3844 2010/1915/3844
f 2047/1976/3845 2019/1949/3845 46/1932/3845
f 2020/1950/3846 2108/2005/3846 2004/1933/3846
f 2074/2006/3847 1986/1916/3847 2004/1933/3847
f 2074/2006/3848 2036/1964/3848 1986/1916/3848
f 2076/2007/3849 1977/1904/3849 2057/1987/3849
f 2076/2007/3850 1967/1894/3850 1977/1904/3850
f 2076/2007/3851 2065/1996/3851 1967/1894/3851
f 2087/2008/3852 2039/1967/3852 2038/1966/3852
f 2088/2009/3853 2048/1978/3853 2039/1967/3853
f 2048/1978/3854 2066/1979/3854 2040/1939/3854
f 2066/1979/3855 2058/1988/3855 2023/1968/3855
f 2077/1997/3856 2012/1940/3856 2058/1988/3856
f 2077/1997/3857 2013/1941/3857 1991/1907/3857
f 2049/1980/3858 2079/2010/3858 2014/1942/3858
f 2079/2010/3859 2059/1989/3859 2014/1942/3859
f 2050/1990/3860 2069/1991/3860 2007/1936/3860
f 2069/1991/3861 2070/2000/3861 2015/1943/3861
f 2070/2000/3862 2080/2011/3862 2051/1981/3862
f 2080/2011/3863 2042/1970/3863 2051/1981/3863
f 2081/2012/3864 2032/1961/3864 2072/2002/3864
f 2032/1961/3865 2081/2012/3865 2044/1972/3865
f 2081/2012/3866 2082/2013/3866 2044/1972/3866
f 2062/1994/3867 2083/2014/3867 2053/1983/3867
f 2053/1983/3868 2073/2003/3868 2017/1945/3868
f 2073/2003/3869 2054/1984/3869 2000/1946/3869
f 2045/1973/3870 2055/1985/3870 2033/1962/3870
f 2055/1985/3871 2084/2015/3871 2001/1930/3871
f 2084/2015/3872 2046/1974/3872 2001/1930/3872
f 2108/2005/3873 2020/1950/3873 2035/1963/3873
f 2108/2005/3874 2074/2006/3874 2004/1933/3874
f 2064/2016/3875 2005/1934/3875 2036/1964/3875
f 2085/1986/3876 2056/1977/3876 2021/1951/3876
f 2085/1986/3877 2075/2017/3877 2056/1977/3877
f 2037/1965/3878 2056/1977/3878 2075/2017/3878
f 2111/2018/3879 2088/2009/3879 2039/1967/3879
f 2089/2019/3880 2048/1978/3880 2088/2009/3880
f 2078/2020/3881 2049/1980/3881 2013/1941/3881
f 2090/2021/3882 2041/1969/3882 2059/1989/3882
f 2090/2021/3883 2067/1998/3883 2041/1969/3883
f 2067/1998/3884 2068/1999/3884 2024/1954/3884
f 2080/2011/3885 2060/1992/3885 2042/1970/3885
f 2091/2022/3886 2071/2001/3886 2060/1992/3886
f 2071/2001/3887 2092/2023/3887 2028/1958/3887
f 2093/2024/3888 2061/1993/3888 2028/1958/3888
f 2061/1993/3889 2094/2025/3889 2043/1971/3889
f 2094/2025/3890 2072/2002/3890 2043/1971/3890
f 2082/2013/3891 2062/1994/3891 2044/1972/3891
f 2083/2014/3892 2095/2026/3892 2053/1983/3892
f 2095/2026/3893 2073/2003/3893 2053/1983/3893
f 2105/2027/3894 2054/1984/3894 2073/2003/3894
f 2096/2028/3895 2045/1973/3895 2054/1984/3895
f 2106/2029/3896 2034/1947/3896 2002/1931/3896
f 2064/2016/3897 2085/1986/3897 2005/1934/3897
f 2037/1965/3898 2086/2030/3898 2057/1987/3898
f 2098/2031/3899 2022/1952/3899 2065/1996/3899
f 2099/2032/3900 2089/2019/3900 2088/2009/3900
f 2100/2033/3901 2066/1979/3901 2048/1978/3901
f 2101/2034/3902 2058/1988/3902 2066/1979/3902
f 2079/2010/3903 2102/2035/3903 2059/1989/3903
f 2102/2035/3904 2090/2021/3904 2059/1989/3904
f 2092/2023/3905 2093/2024/3905 2028/1958/3905
f 2093/2024/3906 2103/2036/3906 2061/1993/3906
f 2094/2025/3907 2104/2037/3907 2072/2002/3907
f 2084/2015/3908 2063/1995/3908 2046/1974/3908
f 2106/2029/3909 2002/1931/3909 2063/1995/3909
f 2097/2038/3910 2108/2005/3910 2035/1963/3910
f 2064/2016/3911 2036/1964/3911 2074/2006/3911
f 2075/2017/3912 2109/2039/3912 2037/1965/3912
f 2109/2039/3913 2086/2030/3913 2037/1965/3913
f 2110/2040/3914 2038/1966/3914 2022/1952/3914
f 2110/2040/3915 2087/2008/3915 2038/1966/3915
f 2013/1941/3916 2113/2041/3916 2078/2020/3916
f 2067/1998/3917 2115/2042/3917 2068/1999/3917
f 2116/2043/3918 2070/2000/3918 2069/1991/3918
f 2117/2044/3919 2080/2011/3919 2070/2000/3919
f 2118/2045/3920 2060/1992/3920 2080/2011/3920
f 2118/2045/3921 2091/2022/3921 2060/1992/3921
f 2103/2036/3922 2094/2025/3922 2061/1993/3922
f 2105/2027/3923 2119/2046/3923 2054/1984/3923
f 2119/2046/3924 2096/2028/3924 2054/1984/3924
f 2045/1973/3925 2120/2047/3925 2055/1985/3925
f 2120/2047/3926 2084/2015/3926 2055/1985/3926
f 2121/2048/3927 2063/1995/3927 2084/2015/3927
f 2106/2029/3928 2107/1975/3928 2034/1947/3928
f 49/2049/3929 2047/1976/3929 46/1932/3929
f 2047/1976/3930 2097/2038/3930 2035/1963/3930
f 2064/2016/3931 2122/2050/3931 2085/1986/3931
f 2123/2051/3932 2075/2017/3932 2085/1986/3932
f 2086/2030/3933 2076/2007/3933 2057/1987/3933
f 2130/2052/3934 2065/1996/3934 2076/2007/3934
f 2124/2053/3935 2111/2018/3935 2087/2008/3935
f 2111/2018/3936 2039/1967/3936 2087/2008/3936
f 2125/2054/3937 2048/1978/3937 2089/2019/3937
f 2125/2054/3938 2100/2033/3938 2048/1978/3938
f 2126/2055/3939 2101/2034/3939 2066/1979/3939
f 2101/2034/3940 2077/1997/3940 2058/1988/3940
f 2112/2056/3941 2013/1941/3941 2077/1997/3941
f 2128/2057/3942 2049/1980/3942 2078/2020/3942
f 2128/2057/3943 2079/2010/3943 2049/1980/3943
f 2128/2057/3944 2102/2035/3944 2079/2010/3944
f 2114/2058/3945 2115/2042/3945 2067/1998/3945
f 2115/2042/3946 2050/1990/3946 2068/1999/3946
f 2131/2059/3947 2116/2043/3947 2069/1991/3947
f 2116/2043/3948 2117/2044/3948 2070/2000/3948
f 2091/2022/3949 2092/2023/3949 2071/2001/3949
f 2129/2060/3950 2081/2012/3950 2072/2002/3950
f 2120/2047/3951 2121/2048/3951 2084/2015/3951
f 49/2049/3952 2097/2038/3952 2047/1976/3952
f 2122/2050/3953 2123/2051/3953 2085/1986/3953
f 2086/2030/3954 2130/2052/3954 2076/2007/3954
f 2143/2061/3955 2022/1952/3955 2098/2031/3955
f 2112/2056/3956 2127/2062/3956 2013/1941/3956
f 2127/2062/3957 2113/2041/3957 2013/1941/3957
f 2113/2041/3958 2128/2057/3958 2078/2020/3958
f 2090/2021/3959 2114/2058/3959 2067/1998/3959
f 2115/2042/3960 2131/2059/3960 2050/1990/3960
f 2131/2059/3961 2069/1991/3961 2050/1990/3961
f 2132/2063/3962 2080/2011/3962 2117/2044/3962
f 2132/2063/3963 2118/2045/3963 2080/2011/3963
f 2147/2064/3964 2093/2024/3964 2092/2023/3964
f 2094/2025/3965 2133/2065/3965 2104/2037/3965
f 2134/2066/3966 2082/2013/3966 2081/2012/3966
f 2082/2013/3967 2136/2067/3967 2062/1994/3967
f 2136/2067/3968 2083/2014/3968 2062/1994/3968
f 2083/2014/3969 2150/2068/3969 2095/2026/3969
f 2153/2069/3970 2106/2029/3970 2063/1995/3970
f 2106/2029/3971 2137/2070/3971 2107/1975/3971
f 2138/2071/3972 48/2004/3972 2107/1975/3972
f 2097/2038/3973 2139/2072/3973 2108/2005/3973
f 2139/2072/3974 2074/2006/3974 2108/2005/3974
f 2140/2073/3975 2064/2016/3975 2074/2006/3975
f 2140/2073/3976 2122/2050/3976 2064/2016/3976
f 2141/2074/3977 2123/2051/3977 2122/2050/3977
f 2142/2075/3978 2109/2039/3978 2075/2017/3978
f 2143/2061/3979 2110/2040/3979 2022/1952/3979
f 2110/2040/3980 2124/2053/3980 2087/2008/3980
f 2144/2076/3981 2088/2009/3981 2111/2018/3981
f 2144/2076/3982 2099/2032/3982 2088/2009/3982
f 2100/2033/3983 2126/2055/3983 2066/1979/3983
f 2145/2077/3984 2077/1997/3984 2101/2034/3984
f 2158/2078/3985 2090/2021/3985 2102/2035/3985
f 2146/2079/3986 2117/2044/3986 2116/2043/3986
f 2146/2079/3987 2132/2063/3987 2117/2044/3987
f 2091/2022/3988 2147/2064/3988 2092/2023/3988
f 2093/2024/3989 2148/2080/3989 2103/2036/3989
f 2149/2081/3990 2094/2025/3990 2103/2036/3990
f 2129/2060/3991 2134/2066/3991 2081/2012/3991
f 2136/2067/3992 2150/2068/3992 2083/2014/3992
f 2095/2026/3993 2150/2068/3993 2073/2003/3993
f 2150/2068/3994 2105/2027/3994 2073/2003/3994
f 2105/2027/3995 2152/2082/3995 2119/2046/3995
f 2096/2028/3996 2120/2047/3996 2045/1973/3996
f 2121/2048/3997 2153/2069/3997 2063/1995/3997
f 2153/2069/3998 2137/2070/3998 2106/2029/3998
f 2137/2070/3999 2138/2071/3999 2107/1975/3999
f 51/2083/4000 2097/2038/4000 49/2049/4000
f 2165/2084/4001 2140/2073/4001 2074/2006/4001
f 2154/2085/4002 2122/2050/4002 2140/2073/4002
f 2155/2086/4003 2141/2074/4003 2122/2050/4003
f 2123/2051/4004 2142/2075/4004 2075/2017/4004
f 2156/2087/4005 2109/2039/4005 2142/2075/4005
f 2156/2087/4006 2086/2030/4006 2109/2039/4006
f 2130/2052/4007 2181/2088/4007 2065/1996/4007
f 2181/2088/4008 2098/2031/4008 2065/1996/4008
f 2166/2089/4009 2144/2076/4009 2111/2018/4009
f 2099/2032/4010 2125/2054/4010 2089/2019/4010
f 2157/2090/4011 2100/2033/4011 2125/2054/4011
f 2170/2091/4012 2127/2062/4012 2112/2056/4012
f 2158/2078/4013 2159/2092/4013 2090/2021/4013
f 2159/2092/4014 2114/2058/4014 2090/2021/4014
f 2132/2063/4015 2160/2093/4015 2118/2045/4015
f 2160/2093/4016 2161/2094/4016 2118/2045/4016
f 2161/2094/4017 2091/2022/4017 2118/2045/4017
f 2104/2037/4018 2129/2060/4018 2072/2002/4018
f 2134/2066/4019 2135/2095/4019 2082/2013/4019
f 2162/2096/4020 2082/2013/4020 2135/2095/4020
f 2151/2097/4021 2152/2082/4021 2105/2027/4021
f 2096/2028/4022 2163/2098/4022 2120/2047/4022
f 2163/2098/4023 2164/2099/4023 2120/2047/4023
f 2164/2099/4024 2121/2048/4024 2120/2047/4024
f 2187/2100/4025 2153/2069/4025 2121/2048/4025
f 2138/2071/4026 50/2101/4026 48/2004/4026
f 2165/2084/4027 2074/2006/4027 2139/2072/4027
f 2154/2085/4028 2155/2086/4028 2122/2050/4028
f 2181/2088/4029 2143/2061/4029 2098/2031/4029
f 2166/2089/4030 2111/2018/4030 2124/2053/4030
f 2144/2076/4031 2167/2102/4031 2099/2032/4031
f 2167/2102/4032 2125/2054/4032 2099/2032/4032
f 2168/2103/4033 2101/2034/4033 2126/2055/4033
f 2168/2103/4034 2145/2077/4034 2101/2034/4034
f 2145/2077/4035 2169/2104/4035 2077/1997/4035
f 2169/2104/4036 2170/2091/4036 2077/1997/4036
f 2170/2091/4037 2112/2056/4037 2077/1997/4037
f 2113/2041/4038 2171/2105/4038 2128/2057/4038
f 2171/2105/4039 2102/2035/4039 2128/2057/4039
f 2114/2058/4040 2172/2106/4040 2115/2042/4040
f 2131/2059/4041 2173/2107/4041 2116/2043/4041
f 2173/2107/4042 2146/2079/4042 2116/2043/4042
f 2174/2108/4043 2160/2093/4043 2132/2063/4043
f 2161/2094/4044 2175/2109/4044 2091/2022/4044
f 2175/2109/4045 2147/2064/4045 2091/2022/4045
f 2147/2064/4046 2148/2080/4046 2093/2024/4046
f 2148/2080/4047 2176/2110/4047 2103/2036/4047
f 2176/2110/4048 2149/2081/4048 2103/2036/4048
f 2149/2081/4049 2133/2065/4049 2094/2025/4049
f 2133/2065/4050 2177/2111/4050 2104/2037/4050
f 2177/2111/4051 2129/2060/4051 2104/2037/4051
f 2082/2013/4052 2162/2096/4052 2136/2067/4052
f 2152/2082/4053 2096/2028/4053 2119/2046/4053
f 2178/2112/4054 2163/2098/4054 2096/2028/4054
f 2137/2070/4055 2188/2113/4055 2138/2071/4055
f 2179/2114/4056 2141/2074/4056 2155/2086/4056
f 2179/2114/4057 2123/2051/4057 2141/2074/4057
f 2179/2114/4058 2180/2115/4058 2123/2051/4058
f 2180/2115/4059 2142/2075/4059 2123/2051/4059
f 2156/2087/4060 2130/2052/4060 2086/2030/4060
f 2156/2087/4061 2199/2116/4061 2130/2052/4061
f 2199/2116/4062 2181/2088/4062 2130/2052/4062
f 2182/2117/4063 2110/2040/4063 2143/2061/4063
f 2110/2040/4064 2166/2089/4064 2124/2053/4064
f 2157/2090/4065 2126/2055/4065 2100/2033/4065
f 2171/2105/4066 2183/2118/4066 2102/2035/4066
f 2183/2118/4067 2158/2078/4067 2102/2035/4067
f 2172/2106/4068 2184/2119/4068 2115/2042/4068
f 2184/2119/4069 2131/2059/4069 2115/2042/4069
f 2146/2079/4070 2174/2108/4070 2132/2063/4070
f 2185/2120/4071 2134/2066/4071 2129/2060/4071
f 2185/2120/4072 2135/2095/4072 2134/2066/4072
f 2186/2121/4073 2105/2027/4073 2150/2068/4073
f 2186/2121/4074 2151/2097/4074 2105/2027/4074
f 2152/2082/4075 2178/2112/4075 2096/2028/4075
f 2164/2099/4076 2187/2100/4076 2121/2048/4076
f 2197/2122/4077 2137/2070/4077 2153/2069/4077
f 2189/2123/4078 50/2101/4078 2138/2071/4078
f 2190/2124/4079 2140/2073/4079 2165/2084/4079
f 2167/2102/4080 2157/2090/4080 2125/2054/4080
f 2191/2125/4081 2114/2058/4081 2159/2092/4081
f 2191/2125/4082 2172/2106/4082 2114/2058/4082
f 2184/2119/4083 2192/2126/4083 2131/2059/4083
f 2207/2127/4084 2148/2080/4084 2147/2064/4084
f 2177/2111/4085 2185/2120/4085 2129/2060/4085
f 2162/2096/4086 2193/2128/4086 2136/2067/4086
f 2193/2128/4087 2150/2068/4087 2136/2067/4087
f 2186/2121/4088 2194/2129/4088 2151/2097/4088
f 2195/2130/4089 2178/2112/4089 2152/2082/4089
f 2196/2131/4090 2163/2098/4090 2178/2112/4090
f 2196/2131/4091 2164/2099/4091 2163/2098/4091
f 2187/2100/4092 2197/2122/4092 2153/2069/4092
f 2188/2113/4093 2189/2123/4093 2138/2071/4093
f 2180/2115/4094 2156/2087/4094 2142/2075/4094
f 2180/2115/4095 2198/2132/4095 2156/2087/4095
f 2211/2133/4096 2182/2117/4096 2143/2061/4096
f 2200/2134/4097 2110/2040/4097 2182/2117/4097
f 2157/2090/4098 2202/2135/4098 2126/2055/4098
f 2203/2136/4099 2113/2041/4099 2127/2062/4099
f 2203/2136/4100 2171/2105/4100 2113/2041/4100
f 2213/2137/4101 2159/2092/4101 2158/2078/4101
f 2213/2137/4102 2191/2125/4102 2159/2092/4102
f 2191/2125/4103 2184/2119/4103 2172/2106/4103
f 2204/2138/4104 2173/2107/4104 2131/2059/4104
f 2174/2108/4105 2205/2139/4105 2160/2093/4105
f 2205/2139/4106 2161/2094/4106 2160/2093/4106
f 2161/2094/4107 2206/2140/4107 2175/2109/4107
f 2207/2127/4108 2147/2064/4108 2175/2109/4108
f 2208/2141/4109 2133/2065/4109 2149/2081/4109
f 2185/2120/4110 2209/2142/4110 2135/2095/4110
f 2193/2128/4111 2186/2121/4111 2150/2068/4111
f 2194/2129/4112 2152/2082/4112 2151/2097/4112
f 2197/2122/4113 2188/2113/4113 2137/2070/4113
f 2218/2143/4114 2139/2072/4114 2097/2038/4114
f 2190/2124/4115 2154/2085/4115 2140/2073/4115
f 2210/2144/4116 2155/2086/4116 2154/2085/4116
f 2210/2144/4117 2179/2114/4117 2155/2086/4117
f 2198/2132/4118 2199/2116/4118 2156/2087/4118
f 2199/2116/4119 2211/2133/4119 2181/2088/4119
f 2211/2133/4120 2143/2061/4120 2181/2088/4120
f 2200/2134/4121 2182/2117/4121 2211/2133/4121
f 2200/2134/4122 2166/2089/4122 2110/2040/4122
f 2144/2076/4123 2201/2145/4123 2167/2102/4123
f 2168/2103/4124 2169/2104/4124 2145/2077/4124
f 2170/2091/4125 2203/2136/4125 2127/2062/4125
f 2212/2146/4126 2183/2118/4126 2171/2105/4126
f 2183/2118/4127 2213/2137/4127 2158/2078/4127
f 2192/2126/4128 2204/2138/4128 2131/2059/4128
f 2214/2147/4129 2146/2079/4129 2173/2107/4129
f 2214/2147/4130 2174/2108/4130 2146/2079/4130
f 2206/2140/4131 2207/2127/4131 2175/2109/4131
f 2207/2127/4132 2215/2148/4132 2148/2080/4132
f 2176/2110/4133 2208/2141/4133 2149/2081/4133
f 2208/2141/4134 2177/2111/4134 2133/2065/4134
f 2193/2128/4135 2216/2149/4135 2186/2121/4135
f 2186/2121/4136 2216/2149/4136 2194/2129/4136
f 2217/2150/4137 2195/2130/4137 2152/2082/4137
f 2196/2131/4138 2187/2100/4138 2164/2099/4138
f 52/2151/4139 50/2101/4139 2189/2123/4139
f 51/2083/4140 2218/2143/4140 2097/2038/4140
f 2219/2152/4141 2139/2072/4141 2218/2143/4141
f 2219/2152/4142 2165/2084/4142 2139/2072/4142
f 2165/2084/4143 2220/2153/4143 2190/2124/4143
f 2225/2154/4144 2154/2085/4144 2190/2124/4144
f 2210/2144/4145 2226/2155/4145 2179/2114/4145
f 2226/2155/4146 2180/2115/4146 2179/2114/4146
f 2201/2145/4147 2157/2090/4147 2167/2102/4147
f 2201/2145/4148 2202/2135/4148 2157/2090/4148
f 2202/2135/4149 2168/2103/4149 2126/2055/4149
f 2202/2135/4150 2221/2156/4150 2168/2103/4150
f 2203/2136/4151 2212/2146/4151 2171/2105/4151
f 2183/2118/4152 2222/2157/4152 2213/2137/4152
f 2223/2158/4153 2192/2126/4153 2184/2119/4153
f 2237/2159/4154 2214/2147/4154 2173/2107/4154
f 2214/2147/4155 2205/2139/4155 2174/2108/4155
f 2205/2139/4156 2206/2140/4156 2161/2094/4156
f 2215/2148/4157 2176/2110/4157 2148/2080/4157
f 2209/2142/4158 2185/2120/4158 2256/2160/4158
f 2209/2142/4159 2162/2096/4159 2135/2095/4159
f 2224/2161/4160 2193/2128/4160 2162/2096/4160
f 2196/2131/4161 2197/2122/4161 2187/2100/4161
f 2242/2162/4162 2188/2113/4162 2197/2122/4162
f 2225/2154/4163 2210/2144/4163 2154/2085/4163
f 2227/2163/4164 2198/2132/4164 2180/2115/4164
f 2228/2164/4165 2199/2116/4165 2198/2132/4165
f 2229/2165/4166 2166/2089/4166 2200/2134/4166
f 2229/2165/4167 2144/2076/4167 2166/2089/4167
f 2231/2166/4168 2201/2145/4168 2144/2076/4168
f 2232/2167/4169 2202/2135/4169 2201/2145/4169
f 2233/2168/4170 2234/2169/4170 2169/2104/4170
f 2234/2169/4171 2170/2091/4171 2169/2104/4171
f 2212/2146/4172 2235/2170/4172 2183/2118/4172
f 2236/2171/4173 2184/2119/4173 2191/2125/4173
f 2236/2171/4174 2223/2158/4174 2184/2119/4174
f 2237/2159/4175 2173/2107/4175 2204/2138/4175
f 2215/2148/4176 2208/2141/4176 2176/2110/4176
f 2208/2141/4177 2248/2172/4177 2177/2111/4177
f 2239/2173/4178 2224/2161/4178 2209/2142/4178
f 2224/2161/4179 2162/2096/4179 2209/2142/4179
f 2240/2174/4180 2193/2128/4180 2224/2161/4180
f 2240/2174/4181 2216/2149/4181 2193/2128/4181
f 2194/2129/4182 2217/2150/4182 2152/2082/4182
f 2217/2150/4183 2241/2175/4183 2195/2130/4183
f 2241/2175/4184 2178/2112/4184 2195/2130/4184
f 2241/2175/4185 2196/2131/4185 2178/2112/4185
f 2275/2176/4186 52/2151/4186 2189/2123/4186
f 2225/2154/4187 2190/2124/4187 2220/2153/4187
f 2226/2155/4188 2243/2177/4188 2180/2115/4188
f 2243/2177/4189 2227/2163/4189 2180/2115/4189
f 2228/2164/4190 2211/2133/4190 2199/2116/4190
f 2211/2133/4191 2244/2178/4191 2200/2134/4191
f 2230/2179/4192 2231/2166/4192 2144/2076/4192
f 2245/2180/4193 2232/2167/4193 2201/2145/4193
f 2232/2167/4194 2221/2156/4194 2202/2135/4194
f 2246/2181/4195 2233/2168/4195 2169/2104/4195
f 2235/2170/4196 2222/2157/4196 2183/2118/4196
f 2222/2157/4197 2236/2171/4197 2213/2137/4197
f 2236/2171/4198 2191/2125/4198 2213/2137/4198
f 2223/2158/4199 2204/2138/4199 2192/2126/4199
f 2237/2159/4200 2247/2182/4200 2214/2147/4200
f 2214/2147/4201 2267/2183/4201 2205/2139/4201
f 2238/2184/4202 2215/2148/4202 2207/2127/4202
f 2215/2148/4203 2248/2172/4203 2208/2141/4203
f 2256/2160/4204 2185/2120/4204 2177/2111/4204
f 2242/2162/4205 2189/2123/4205 2188/2113/4205
f 2219/2152/4206 2220/2153/4206 2165/2084/4206
f 2249/2185/4207 2225/2154/4207 2220/2153/4207
f 2250/2186/4208 2210/2144/4208 2225/2154/4208
f 2251/2187/4209 2228/2164/4209 2198/2132/4209
f 2230/2179/4210 2144/2076/4210 2229/2165/4210
f 2252/2188/4211 2231/2166/4211 2230/2179/4211
f 2262/2189/4212 2245/2180/4212 2201/2145/4212
f 2221/2156/4213 2246/2181/4213 2168/2103/4213
f 2246/2181/4214 2169/2104/4214 2168/2103/4214
f 2234/2169/4215 2203/2136/4215 2170/2091/4215
f 2253/2190/4216 2212/2146/4216 2203/2136/4216
f 2254/2191/4217 2223/2158/4217 2236/2171/4217
f 2237/2159/4218 2204/2138/4218 2223/2158/4218
f 2206/2140/4219 2238/2184/4219 2207/2127/4219
f 2248/2172/4220 2256/2160/4220 2177/2111/4220
f 2257/2192/4221 2194/2129/4221 2216/2149/4221
f 2258/2193/4222 2217/2150/4222 2194/2129/4222
f 2259/2194/4223 2197/2122/4223 2196/2131/4223
f 2242/2162/4224 2274/2195/4224 2189/2123/4224
f 2260/2196/4225 52/2151/4225 2275/2176/4225
f 54/2197/4226 2218/2143/4226 51/2083/4226
f 2250/2186/4227 2226/2155/4227 2210/2144/4227
f 2227/2163/4228 2251/2187/4228 2198/2132/4228
f 2244/2178/4229 2229/2165/4229 2200/2134/4229
f 2262/2189/4230 2201/2145/4230 2231/2166/4230
f 2263/2198/4231 2221/2156/4231 2232/2167/4231
f 2246/2181/4232 2264/2199/4232 2233/2168/4232
f 2265/2200/4233 2235/2170/4233 2212/2146/4233
f 2222/2157/4234 2254/2191/4234 2236/2171/4234
f 2266/2201/4235 2237/2159/4235 2223/2158/4235
f 2267/2183/4236 2214/2147/4236 2247/2182/4236
f 2267/2183/4237 2255/2202/4237 2205/2139/4237
f 2255/2202/4238 2206/2140/4238 2205/2139/4238
f 2215/2148/4239 2268/2203/4239 2248/2172/4239
f 2269/2204/4240 2256/2160/4240 2248/2172/4240
f 2239/2173/4241 2240/2174/4241 2224/2161/4241
f 2240/2174/4242 2257/2192/4242 2216/2149/4242
f 2271/2205/4243 2194/2129/4243 2257/2192/4243
f 2271/2205/4244 2258/2193/4244 2194/2129/4244
f 2258/2193/4245 2272/2206/4245 2217/2150/4245
f 2283/2207/4246 2259/2194/4246 2196/2131/4246
f 2273/2208/4247 2197/2122/4247 2259/2194/4247
f 2273/2208/4248 2242/2162/4248 2197/2122/4248
f 2274/2195/4249 2275/2176/4249 2189/2123/4249
f 2260/2196/4250 53/2209/4250 52/2151/4250
f 54/2197/4251 2261/2210/4251 2218/2143/4251
f 2261/2210/4252 2219/2152/4252 2218/2143/4252
f 2249/2185/4253 2220/2153/4253 2219/2152/4253
f 2249/2185/4254 2250/2186/4254 2225/2154/4254
f 2276/2211/4255 2211/2133/4255 2228/2164/4255
f 2276/2211/4256 2244/2178/4256 2211/2133/4256
f 2277/2212/4257 2234/2169/4257 2233/2168/4257
f 2278/2213/4258 2253/2190/4258 2203/2136/4258
f 2280/2214/4259 2237/2159/4259 2266/2201/4259
f 2281/2215/4260 2247/2182/4260 2237/2159/4260
f 2282/2216/4261 2206/2140/4261 2255/2202/4261
f 2282/2216/4262 2238/2184/4262 2206/2140/4262
f 2282/2216/4263 2268/2203/4263 2238/2184/4263
f 2238/2184/4264 2268/2203/4264 2215/2148/4264
f 2270/2217/4265 2257/2192/4265 2240/2174/4265
f 2272/2206/4266 2241/2175/4266 2217/2150/4266
f 2283/2207/4267 2196/2131/4267 2241/2175/4267
f 55/2218/4268 53/2209/4268 2260/2196/4268
f 2251/2187/4269 2284/2219/4269 2228/2164/4269
f 2244/2178/4270 2295/2220/4270 2229/2165/4270
f 2285/2221/4271 2230/2179/4271 2229/2165/4271
f 2252/2188/4272 2286/2222/4272 2231/2166/4272
f 2231/2166/4273 2286/2222/4273 2262/2189/4273
f 2221/2156/4274 2297/2223/4274 2246/2181/4274
f 2277/2212/4275 2287/2224/4275 2234/2169/4275
f 2287/2224/4276 2203/2136/4276 2234/2169/4276
f 2253/2190/4277 2265/2200/4277 2212/2146/4277
f 2235/2170/4278 2279/2225/4278 2222/2157/4278
f 2288/2226/4279 2254/2191/4279 2222/2157/4279
f 2254/2191/4280 2266/2201/4280 2223/2158/4280
f 2280/2214/4281 2281/2215/4281 2237/2159/4281
f 2281/2215/4282 2267/2183/4282 2247/2182/4282
f 2289/2227/4283 2282/2216/4283 2255/2202/4283
f 2268/2203/4284 2290/2228/4284 2248/2172/4284
f 2290/2228/4285 2269/2204/4285 2248/2172/4285
f 2269/2204/4286 2209/2142/4286 2256/2160/4286
f 2300/2229/4287 2239/2173/4287 2209/2142/4287
f 2301/2230/4288 2270/2217/4288 2239/2173/4288
f 2270/2217/4289 2240/2174/4289 2239/2173/4289
f 2270/2217/4290 2302/2231/4290 2257/2192/4290
f 2291/2232/4291 2258/2193/4291 2271/2205/4291
f 2292/2233/4292 2241/2175/4292 2272/2206/4292
f 2274/2195/4293 2242/2162/4293 2273/2208/4293
f 2293/2234/4294 2250/2186/4294 2249/2185/4294
f 2294/2235/4295 2226/2155/4295 2250/2186/4295
f 2306/2236/4296 2227/2163/4296 2243/2177/4296
f 2230/2179/4297 2285/2221/4297 2252/2188/4297
f 2285/2221/4298 2286/2222/4298 2252/2188/4298
f 2245/2180/4299 2296/2237/4299 2232/2167/4299
f 2296/2237/4300 2263/2198/4300 2232/2167/4300
f 2263/2198/4301 2297/2223/4301 2221/2156/4301
f 2264/2199/4302 2277/2212/4302 2233/2168/4302
f 2287/2224/4303 2278/2213/4303 2203/2136/4303
f 2278/2213/4304 2298/2238/4304 2253/2190/4304
f 2265/2200/4305 2279/2225/4305 2235/2170/4305
f 2279/2225/4306 2288/2226/4306 2222/2157/4306
f 2299/2239/4307 2266/2201/4307 2254/2191/4307
f 2299/2239/4308 2280/2214/4308 2266/2201/4308
f 2309/2240/4309 2255/2202/4309 2267/2183/4309
f 2302/2231/4310 2271/2205/4310 2257/2192/4310
f 2302/2231/4311 2291/2232/4311 2271/2205/4311
f 2291/2232/4312 2303/2241/4312 2258/2193/4312
f 2303/2241/4313 2272/2206/4313 2258/2193/4313
f 2292/2233/4314 2283/2207/4314 2241/2175/4314
f 2283/2207/4315 2304/2242/4315 2259/2194/4315
f 2305/2243/4316 2219/2152/4316 2261/2210/4316
f 2306/2236/4317 2243/2177/4317 2226/2155/4317
f 2306/2236/4318 2307/2244/4318 2227/2163/4318
f 2307/2244/4319 2251/2187/4319 2227/2163/4319
f 2284/2219/4320 2276/2211/4320 2228/2164/4320
f 2295/2220/4321 2308/2245/4321 2229/2165/4321
f 2308/2245/4322 2285/2221/4322 2229/2165/4322
f 2263/2198/4323 2296/2237/4323 2297/2223/4323
f 2288/2226/4324 2299/2239/4324 2254/2191/4324
f 2281/2215/4325 2309/2240/4325 2267/2183/4325
f 2309/2240/4326 2289/2227/4326 2255/2202/4326
f 2289/2227/4327 2310/2246/4327 2282/2216/4327
f 2311/2247/4328 2268/2203/4328 2282/2216/4328
f 2300/2229/4329 2301/2230/4329 2239/2173/4329
f 2313/2248/4330 2274/2195/4330 2273/2208/4330
f 2315/2249/4331 2260/2196/4331 2275/2176/4331
f 2305/2243/4332 2249/2185/4332 2219/2152/4332
f 2294/2235/4333 2306/2236/4333 2226/2155/4333
f 2276/2211/4334 2295/2220/4334 2244/2178/4334
f 2316/2250/4335 2245/2180/4335 2262/2189/4335
f 2316/2250/4336 2296/2237/4336 2245/2180/4336
f 2317/2251/4337 2264/2199/4337 2246/2181/4337
f 2332/2252/4338 2278/2213/4338 2287/2224/4338
f 2298/2238/4339 2265/2200/4339 2253/2190/4339
f 2318/2253/4340 2288/2226/4340 2279/2225/4340
f 2288/2226/4341 2319/2254/4341 2299/2239/4341
f 2310/2246/4342 2311/2247/4342 2282/2216/4342
f 2312/2255/4343 2268/2203/4343 2311/2247/4343
f 2312/2255/4344 2321/2256/4344 2268/2203/4344
f 2321/2256/4345 2290/2228/4345 2268/2203/4345
f 2269/2204/4346 2300/2229/4346 2209/2142/4346
f 2339/2257/4347 2291/2232/4347 2302/2231/4347
f 2259/2194/4348 2323/2258/4348 2273/2208/4348
f 2323/2258/4349 2313/2248/4349 2273/2208/4349
f 2324/2259/4350 2274/2195/4350 2313/2248/4350
f 2314/2260/4351 2275/2176/4351 2274/2195/4351
f 2325/2261/4352 2249/2185/4352 2305/2243/4352
f 2325/2261/4353 2293/2234/4353 2249/2185/4353
f 2326/2262/4354 2250/2186/4354 2293/2234/4354
f 2326/2262/4355 2294/2235/4355 2250/2186/4355
f 2327/2263/4356 2307/2244/4356 2306/2236/4356
f 2328/2264/4357 2284/2219/4357 2251/2187/4357
f 2329/2265/4358 2295/2220/4358 2276/2211/4358
f 2330/2266/4359 2262/2189/4359 2286/2222/4359
f 2330/2266/4360 2316/2250/4360 2262/2189/4360
f 2316/2250/4361 2331/2267/4361 2296/2237/4361
f 2357/2268/4362 2246/2181/4362 2297/2223/4362
f 2357/2268/4363 2317/2251/4363 2246/2181/4363
f 2332/2252/4364 2287/2224/4364 2277/2212/4364
f 2333/2269/4365 2298/2238/4365 2278/2213/4365
f 2265/2200/4366 2334/2270/4366 2279/2225/4366
f 2280/2214/4367 2335/2271/4367 2281/2215/4367
f 2335/2271/4368 2309/2240/4368 2281/2215/4368
f 2290/2228/4369 2337/2272/4369 2269/2204/4369
f 2338/2273/4370 2270/2217/4370 2301/2230/4370
f 2338/2273/4371 2302/2231/4371 2270/2217/4371
f 2340/2274/4372 2303/2241/4372 2291/2232/4372
f 2303/2241/4373 2292/2233/4373 2272/2206/4373
f 2341/2275/4374 2283/2207/4374 2292/2233/4374
f 2341/2275/4375 2304/2242/4375 2283/2207/4375
f 2342/2276/4376 2323/2258/4376 2259/2194/4376
f 2324/2259/4377 2314/2260/4377 2274/2195/4377
f 2314/2260/4378 2315/2249/4378 2275/2176/4378
f 56/2277/4379 2261/2210/4379 54/2197/4379
f 2325/2261/4380 2367/2278/4380 2293/2234/4380
f 2367/2278/4381 2326/2262/4381 2293/2234/4381
f 2307/2244/4382 2328/2264/4382 2251/2187/4382
f 2343/2279/4383 2285/2221/4383 2308/2245/4383
f 2357/2268/4384 2297/2223/4384 2296/2237/4384
f 2344/2280/4385 2277/2212/4385 2264/2199/4385
f 2298/2238/4386 2334/2270/4386 2265/2200/4386
f 2334/2270/4387 2318/2253/4387 2279/2225/4387
f 2319/2254/4388 2345/2281/4388 2299/2239/4388
f 2345/2281/4389 2280/2214/4389 2299/2239/4389
f 2320/2282/4390 2289/2227/4390 2309/2240/4390
f 2336/2283/4391 2310/2246/4391 2289/2227/4391
f 2321/2256/4392 2337/2272/4392 2290/2228/4392
f 2337/2272/4393 2322/2284/4393 2269/2204/4393
f 2346/2285/4394 2301/2230/4394 2300/2229/4394
f 2339/2257/4395 2340/2274/4395 2291/2232/4395
f 2340/2274/4396 2292/2233/4396 2303/2241/4396
f 2304/2242/4397 2342/2276/4397 2259/2194/4397
f 2347/2286/4398 2260/2196/4398 2315/2249/4398
f 2347/2286/4399 55/2218/4399 2260/2196/4399
f 2347/2286/4400 2348/2287/4400 55/2218/4400
f 2285/2221/4401 2349/2288/4401 2286/2222/4401
f 2349/2288/4402 2330/2266/4402 2286/2222/4402
f 2344/2280/4403 2332/2252/4403 2277/2212/4403
f 2332/2252/4404 2333/2269/4404 2278/2213/4404
f 2318/2253/4405 2319/2254/4405 2288/2226/4405
f 2335/2271/4406 2350/2289/4406 2309/2240/4406
f 2350/2289/4407 2320/2282/4407 2309/2240/4407
f 2322/2284/4408 2300/2229/4408 2269/2204/4408
f 2362/2290/4409 2346/2285/4409 2300/2229/4409
f 2346/2285/4410 2338/2273/4410 2301/2230/4410
f 2340/2274/4411 2341/2275/4411 2292/2233/4411
f 2341/2275/4412 2351/2291/4412 2304/2242/4412
f 2313/2248/4413 2365/2292/4413 2324/2259/4413
f 2352/2293/4414 2261/2210/4414 56/2277/4414
f 2352/2293/4415 2305/2243/4415 2261/2210/4415
f 2294/2235/4416 2353/2294/4416 2306/2236/4416
f 2353/2294/4417 2327/2263/4417 2306/2236/4417
f 2354/2295/4418 2276/2211/4418 2284/2219/4418
f 2354/2295/4419 2329/2265/4419 2276/2211/4419
f 2355/2296/4420 2343/2279/4420 2308/2245/4420
f 2316/2250/4421 2356/2297/4421 2331/2267/4421
f 2331/2267/4422 2357/2268/4422 2296/2237/4422
f 2317/2251/4423 2344/2280/4423 2264/2199/4423
f 2358/2298/4424 2333/2269/4424 2332/2252/4424
f 2358/2298/4425 2298/2238/4425 2333/2269/4425
f 2298/2238/4426 2359/2299/4426 2334/2270/4426
f 2360/2300/4427 2280/2214/4427 2345/2281/4427
f 2360/2300/4428 2335/2271/4428 2280/2214/4428
f 2320/2282/4429 2361/2301/4429 2289/2227/4429
f 2361/2301/4430 2336/2283/4430 2289/2227/4430
f 2310/2246/4431 2312/2255/4431 2311/2247/4431
f 2322/2284/4432 2362/2290/4432 2300/2229/4432
f 2363/2302/4433 2340/2274/4433 2339/2257/4433
f 2364/2303/4434 2341/2275/4434 2340/2274/4434
f 2351/2291/4435 2342/2276/4435 2304/2242/4435
f 2365/2292/4436 2313/2248/4436 2323/2258/4436
f 2365/2292/4437 2314/2260/4437 2324/2259/4437
f 2352/2293/4438 2366/2304/4438 2305/2243/4438
f 2366/2304/4439 2325/2261/4439 2305/2243/4439
f 2327/2263/4440 2328/2264/4440 2307/2244/4440
f 2329/2265/4441 2308/2245/4441 2295/2220/4441
f 2349/2288/4442 2285/2221/4442 2343/2279/4442
f 2349/2288/4443 2368/2305/4443 2330/2266/4443
f 2358/2298/4444 2359/2299/4444 2298/2238/4444
f 2369/2306/4445 2318/2253/4445 2334/2270/4445
f 2318/2253/4446 2345/2281/4446 2319/2254/4446
f 2370/2307/4447 2336/2283/4447 2361/2301/4447
f 2370/2307/4448 2321/2256/4448 2312/2255/4448
f 2378/2308/4449 2322/2284/4449 2337/2272/4449
f 2363/2302/4450 2339/2257/4450 2302/2231/4450
f 2372/2309/4451 2340/2274/4451 2363/2302/4451
f 2373/2310/4452 2364/2303/4452 2340/2274/4452
f 2389/2311/4453 2315/2249/4453 2314/2260/4453
f 2348/2287/4454 57/2312/4454 55/2218/4454
f 2366/2304/4455 2367/2278/4455 2325/2261/4455
f 2374/2313/4456 2294/2235/4456 2326/2262/4456
f 2294/2235/4457 2374/2313/4457 2353/2294/4457
f 2327/2263/4458 2381/2314/4458 2328/2264/4458
f 2328/2264/4459 2354/2295/4459 2284/2219/4459
f 2375/2315/4460 2329/2265/4460 2354/2295/4460
f 2375/2315/4461 2308/2245/4461 2329/2265/4461
f 2368/2305/4462 2316/2250/4462 2330/2266/4462
f 2359/2299/4463 2369/2306/4463 2334/2270/4463
f 2394/2316/4464 2345/2281/4464 2318/2253/4464
f 2370/2307/4465 2310/2246/4465 2336/2283/4465
f 2370/2307/4466 2312/2255/4466 2310/2246/4466
f 2370/2307/4467 2371/2317/4467 2321/2256/4467
f 2377/2318/4468 2337/2272/4468 2321/2256/4468
f 2377/2318/4469 2378/2308/4469 2337/2272/4469
f 2362/2290/4470 2407/2319/4470 2346/2285/4470
f 2346/2285/4471 2379/2320/4471 2338/2273/4471
f 2338/2273/4472 2385/2321/4472 2302/2231/4472
f 2385/2321/4473 2363/2302/4473 2302/2231/4473
f 2372/2309/4474 2373/2310/4474 2340/2274/4474
f 2389/2311/4475 2347/2286/4475 2315/2249/4475
f 2380/2322/4476 2326/2262/4476 2367/2278/4476
f 2375/2315/4477 2382/2323/4477 2308/2245/4477
f 2382/2323/4478 2355/2296/4478 2308/2245/4478
f 2382/2323/4479 2343/2279/4479 2355/2296/4479
f 2331/2267/4480 2356/2297/4480 2357/2268/4480
f 2383/2324/4481 2317/2251/4481 2357/2268/4481
f 2376/2325/4482 2358/2298/4482 2332/2252/4482
f 2396/2326/4483 2335/2271/4483 2360/2300/4483
f 2396/2326/4484 2350/2289/4484 2335/2271/4484
f 2384/2327/4485 2320/2282/4485 2350/2289/4485
f 2384/2327/4486 2361/2301/4486 2320/2282/4486
f 2371/2317/4487 2377/2318/4487 2321/2256/4487
f 2378/2308/4488 2362/2290/4488 2322/2284/4488
f 2385/2321/4489 2386/2328/4489 2363/2302/4489
f 2386/2328/4490 2372/2309/4490 2363/2302/4490
f 2373/2310/4491 2387/2329/4491 2364/2303/4491
f 2387/2329/4492 2341/2275/4492 2364/2303/4492
f 2387/2329/4493 2351/2291/4493 2341/2275/4493
f 2342/2276/4494 2388/2330/4494 2323/2258/4494
f 2401/2331/4495 2348/2287/4495 2347/2286/4495
f 2374/2313/4496 2390/2332/4496 2353/2294/4496
f 2391/2333/4497 2349/2288/4497 2343/2279/4497
f 2404/2334/4498 2316/2250/4498 2368/2305/4498
f 2404/2334/4499 2356/2297/4499 2316/2250/4499
f 2356/2297/4500 2383/2324/4500 2357/2268/4500
f 2392/2335/4501 2344/2280/4501 2317/2251/4501
f 2344/2280/4502 2376/2325/4502 2332/2252/4502
f 2393/2336/4503 2394/2316/4503 2369/2306/4503
f 2394/2316/4504 2318/2253/4504 2369/2306/4504
f 2395/2337/4505 2360/2300/4505 2394/2316/4505
f 2360/2300/4506 2345/2281/4506 2394/2316/4506
f 2398/2338/4507 2373/2310/4507 2372/2309/4507
f 2399/2339/4508 2342/2276/4508 2351/2291/4508
f 2399/2339/4509 2400/2340/4509 2342/2276/4509
f 2388/2330/4510 2365/2292/4510 2323/2258/4510
f 2365/2292/4511 2389/2311/4511 2314/2260/4511
f 2401/2331/4512 2347/2286/4512 2389/2311/4512
f 2408/2341/4513 2366/2304/4513 2352/2293/4513
f 2408/2341/4514 2402/2342/4514 2366/2304/4514
f 2366/2304/4515 2423/2343/4515 2367/2278/4515
f 2380/2322/4516 2374/2313/4516 2326/2262/4516
f 2390/2332/4517 2327/2263/4517 2353/2294/4517
f 2381/2314/4518 2354/2295/4518 2328/2264/4518
f 2403/2344/4519 2382/2323/4519 2375/2315/4519
f 2349/2288/4520 2404/2334/4520 2368/2305/4520
f 2405/2345/4521 2383/2324/4521 2356/2297/4521
f 2383/2324/4522 2392/2335/4522 2317/2251/4522
f 2413/2346/4523 2376/2325/4523 2344/2280/4523
f 2406/2347/4524 2395/2337/4524 2394/2316/4524
f 2395/2337/4525 2424/2348/4525 2360/2300/4525
f 2424/2348/4526 2396/2326/4526 2360/2300/4526
f 2396/2326/4527 2384/2327/4527 2350/2289/4527
f 2407/2319/4528 2362/2290/4528 2378/2308/4528
f 2379/2320/4529 2385/2321/4529 2338/2273/4529
f 2400/2340/4530 2388/2330/4530 2342/2276/4530
f 2422/2349/4531 2365/2292/4531 2388/2330/4531
f 2430/2350/4532 57/2312/4532 2348/2287/4532
f 59/2351/4533 2408/2341/4533 56/2277/4533
f 2408/2341/4534 2352/2293/4534 56/2277/4534
f 2409/2352/4535 2374/2313/4535 2380/2322/4535
f 2390/2332/4536 2410/2353/4536 2327/2263/4536
f 2411/2354/4537 2354/2295/4537 2381/2314/4537
f 2391/2333/4538 2404/2334/4538 2349/2288/4538
f 2404/2334/4539 2412/2355/4539 2356/2297/4539
f 2392/2335/4540 2413/2346/4540 2344/2280/4540
f 2376/2325/4541 2433/2356/4541 2358/2298/4541
f 2414/2357/4542 2369/2306/4542 2359/2299/4542
f 2414/2357/4543 2393/2336/4543 2369/2306/4543
f 2415/2358/4544 2361/2301/4544 2384/2327/4544
f 2416/2359/4545 2370/2307/4545 2361/2301/4545
f 2416/2359/4546 2397/2360/4546 2370/2307/4546
f 2397/2360/4547 2371/2317/4547 2370/2307/4547
f 2417/2361/4548 2377/2318/4548 2371/2317/4548
f 2418/2362/4549 2346/2285/4549 2407/2319/4549
f 2418/2362/4550 2379/2320/4550 2346/2285/4550
f 2419/2363/4551 2385/2321/4551 2379/2320/4551
f 2419/2363/4552 2420/2364/4552 2385/2321/4552
f 2420/2364/4553 2386/2328/4553 2385/2321/4553
f 2421/2365/4554 2387/2329/4554 2373/2310/4554
f 2421/2365/4555 2351/2291/4555 2387/2329/4555
f 2421/2365/4556 2399/2339/4556 2351/2291/4556
f 2430/2350/4557 2348/2287/4557 2401/2331/4557
f 2430/2350/4558 58/2366/4558 57/2312/4558
f 2441/2367/4559 2390/2332/4559 2374/2313/4559
f 2410/2353/4560 2381/2314/4560 2327/2263/4560
f 2391/2333/4561 2343/2279/4561 2382/2323/4561
f 2405/2345/4562 2356/2297/4562 2412/2355/4562
f 2433/2356/4563 2359/2299/4563 2358/2298/4563
f 2425/2368/4564 2384/2327/4564 2396/2326/4564
f 2425/2368/4565 2415/2358/4565 2384/2327/4565
f 2415/2358/4566 2416/2359/4566 2361/2301/4566
f 2417/2361/4567 2427/2369/4567 2377/2318/4567
f 2427/2369/4568 2378/2308/4568 2377/2318/4568
f 2418/2362/4569 2419/2363/4569 2379/2320/4569
f 2372/2309/4570 2438/2370/4570 2398/2338/4570
f 2398/2338/4571 2421/2365/4571 2373/2310/4571
f 2428/2371/4572 2400/2340/4572 2399/2339/4572
f 2422/2349/4573 2389/2311/4573 2365/2292/4573
f 2422/2349/4574 2429/2372/4574 2389/2311/4574
f 2402/2342/4575 2423/2343/4575 2366/2304/4575
f 2423/2343/4576 2380/2322/4576 2367/2278/4576
f 2409/2352/4577 2441/2367/4577 2374/2313/4577
f 2411/2354/4578 2431/2373/4578 2354/2295/4578
f 2443/2374/4579 2404/2334/4579 2391/2333/4579
f 2432/2375/4580 2412/2355/4580 2404/2334/4580
f 2445/2376/4581 2392/2335/4581 2383/2324/4581
f 2406/2347/4582 2435/2377/4582 2395/2337/4582
f 2435/2377/4583 2424/2348/4583 2395/2337/4583
f 2436/2378/4584 2415/2358/4584 2425/2368/4584
f 2446/2379/4585 2416/2359/4585 2415/2358/4585
f 2426/2380/4586 2371/2317/4586 2397/2360/4586
f 2426/2380/4587 2417/2361/4587 2371/2317/4587
f 2427/2369/4588 2475/2381/4588 2378/2308/4588
f 2428/2371/4589 2399/2339/4589 2421/2365/4589
f 2428/2371/4590 2439/2382/4590 2400/2340/4590
f 2439/2382/4591 2388/2330/4591 2400/2340/4591
f 2389/2311/4592 2440/2383/4592 2401/2331/4592
f 2431/2373/4593 2375/2315/4593 2354/2295/4593
f 2431/2373/4594 2403/2344/4594 2375/2315/4594
f 2442/2384/4595 2391/2333/4595 2382/2323/4595
f 2432/2375/4596 2444/2385/4596 2412/2355/4596
f 2413/2346/4597 2433/2356/4597 2376/2325/4597
f 2393/2336/4598 2434/2386/4598 2394/2316/4598
f 2434/2386/4599 2406/2347/4599 2394/2316/4599
f 2447/2387/4600 2427/2369/4600 2417/2361/4600
f 2475/2381/4601 2437/2388/4601 2378/2308/4601
f 2437/2388/4602 2407/2319/4602 2378/2308/4602
f 2448/2389/4603 2420/2364/4603 2419/2363/4603
f 2438/2370/4604 2372/2309/4604 2386/2328/4604
f 2449/2390/4605 2398/2338/4605 2438/2370/4605
f 2449/2390/4606 2421/2365/4606 2398/2338/4606
f 2440/2383/4607 2430/2350/4607 2401/2331/4607
f 2430/2350/4608 61/2391/4608 58/2366/4608
f 60/2392/4609 2408/2341/4609 59/2351/4609
f 2380/2322/4610 2451/2393/4610 2409/2352/4610
f 2451/2393/4611 2441/2367/4611 2409/2352/4611
f 2472/2394/4612 2410/2353/4612 2390/2332/4612
f 2452/2395/4613 2381/2314/4613 2410/2353/4613
f 2453/2396/4614 2403/2344/4614 2431/2373/4614
f 2453/2396/4615 2454/2397/4615 2403/2344/4615
f 2455/2398/4616 2443/2374/4616 2391/2333/4616
f 2456/2399/4617 2432/2375/4617 2443/2374/4617
f 2432/2375/4618 2404/2334/4618 2443/2374/4618
f 2444/2385/4619 2405/2345/4619 2412/2355/4619
f 2445/2376/4620 2457/2400/4620 2392/2335/4620
f 2457/2400/4621 2413/2346/4621 2392/2335/4621
f 2413/2346/4622 2458/2401/4622 2433/2356/4622
f 2433/2356/4623 2460/2402/4623 2359/2299/4623
f 2461/2403/4624 2393/2336/4624 2414/2357/4624
f 2434/2386/4625 2435/2377/4625 2406/2347/4625
f 2463/2404/4626 2425/2368/4626 2396/2326/4626
f 2416/2359/4627 2464/2405/4627 2397/2360/4627
f 2464/2405/4628 2426/2380/4628 2397/2360/4628
f 2426/2380/4629 2447/2387/4629 2417/2361/4629
f 2466/2406/4630 2418/2362/4630 2407/2319/4630
f 2477/2407/4631 2419/2363/4631 2418/2362/4631
f 2477/2407/4632 2467/2408/4632 2419/2363/4632
f 2467/2408/4633 2448/2389/4633 2419/2363/4633
f 2420/2364/4634 2438/2370/4634 2386/2328/4634
f 2421/2365/4635 2468/2409/4635 2428/2371/4635
f 2469/2410/4636 2439/2382/4636 2428/2371/4636
f 2439/2382/4637 2422/2349/4637 2388/2330/4637
f 2470/2411/4638 2389/2311/4638 2429/2372/4638
f 2440/2383/4639 2450/2412/4639 2430/2350/4639
f 60/2392/4640 2402/2342/4640 2408/2341/4640
f 2471/2413/4641 2423/2343/4641 2402/2342/4641
f 2423/2343/4642 2451/2393/4642 2380/2322/4642
f 2441/2367/4643 2472/2394/4643 2390/2332/4643
f 2452/2395/4644 2411/2354/4644 2381/2314/4644
f 2452/2395/4645 2473/2414/4645 2411/2354/4645
f 2454/2397/4646 2382/2323/4646 2403/2344/4646
f 2454/2397/4647 2442/2384/4647 2382/2323/4647
f 2405/2345/4648 2445/2376/4648 2383/2324/4648
f 2481/2415/4649 2458/2401/4649 2413/2346/4649
f 2458/2401/4650 2459/2416/4650 2433/2356/4650
f 2459/2416/4651 2460/2402/4651 2433/2356/4651
f 2460/2402/4652 2414/2357/4652 2359/2299/4652
f 2460/2402/4653 2461/2403/4653 2414/2357/4653
f 2461/2403/4654 2434/2386/4654 2393/2336/4654
f 2435/2377/4655 2462/2417/4655 2424/2348/4655
f 2462/2417/4656 2463/2404/4656 2424/2348/4656
f 2463/2404/4657 2396/2326/4657 2424/2348/4657
f 2463/2404/4658 2436/2378/4658 2425/2368/4658
f 2436/2378/4659 2474/2418/4659 2415/2358/4659
f 2474/2418/4660 2446/2379/4660 2415/2358/4660
f 2464/2405/4661 2465/2419/4661 2426/2380/4661
f 2465/2419/4662 2447/2387/4662 2426/2380/4662
f 2476/2420/4663 2407/2319/4663 2437/2388/4663
f 2478/2421/4664 2438/2370/4664 2420/2364/4664
f 2468/2409/4665 2469/2410/4665 2428/2371/4665
f 2479/2422/4666 2422/2349/4666 2439/2382/4666
f 2479/2422/4667 2429/2372/4667 2422/2349/4667
f 2450/2412/4668 61/2391/4668 2430/2350/4668
f 2471/2413/4669 2402/2342/4669 60/2392/4669
f 2423/2343/4670 2480/2423/4670 2451/2393/4670
f 2473/2414/4671 2431/2373/4671 2411/2354/4671
f 2442/2384/4672 2455/2398/4672 2391/2333/4672
f 2490/2424/4673 2405/2345/4673 2444/2385/4673
f 2481/2415/4674 2413/2346/4674 2457/2400/4674
f 2461/2403/4675 2482/2425/4675 2434/2386/4675
f 2483/2426/4676 2435/2377/4676 2434/2386/4676
f 2483/2426/4677 2484/2427/4677 2435/2377/4677
f 2474/2418/4678 2485/2428/4678 2446/2379/4678
f 2485/2428/4679 2416/2359/4679 2446/2379/4679
f 2447/2387/4680 2486/2429/4680 2427/2369/4680
f 2486/2429/4681 2475/2381/4681 2427/2369/4681
f 2476/2420/4682 2466/2406/4682 2407/2319/4682
f 2448/2389/4683 2478/2421/4683 2420/2364/4683
f 2487/2430/4684 2429/2372/4684 2479/2422/4684
f 2471/2413/4685 2488/2431/4685 2423/2343/4685
f 2410/2353/4686 2489/2432/4686 2452/2395/4686
f 2491/2433/4687 2457/2400/4687 2445/2376/4687
f 2484/2427/4688 2462/2417/4688 2435/2377/4688
f 2436/2378/4689 2492/2434/4689 2474/2418/4689
f 2492/2434/4690 2485/2428/4690 2474/2418/4690
f 2485/2428/4691 2493/2435/4691 2416/2359/4691
f 2494/2436/4692 2478/2421/4692 2448/2389/4692
f 2495/2437/4693 2449/2390/4693 2438/2370/4693
f 2496/2438/4694 2421/2365/4694 2449/2390/4694
f 2496/2438/4695 2468/2409/4695 2421/2365/4695
f 2497/2439/4696 2439/2382/4696 2469/2410/4696
f 2487/2430/4697 2470/2411/4697 2429/2372/4697
f 2470/2411/4698 2440/2383/4698 2389/2311/4698
f 2509/2440/4699 2450/2412/4699 2440/2383/4699
f 2489/2432/4700 2498/2441/4700 2452/2395/4700
f 2498/2441/4701 2499/2442/4701 2452/2395/4701
f 2454/2397/4702 2500/2443/4702 2442/2384/4702
f 2500/2443/4703 2455/2398/4703 2442/2384/4703
f 2455/2398/4704 2501/2444/4704 2443/2374/4704
f 2501/2444/4705 2456/2399/4705 2443/2374/4705
f 2456/2399/4706 2444/2385/4706 2432/2375/4706
f 2456/2399/4707 2490/2424/4707 2444/2385/4707
f 2490/2424/4708 2502/2445/4708 2405/2345/4708
f 2502/2445/4709 2445/2376/4709 2405/2345/4709
f 2502/2445/4710 2491/2433/4710 2445/2376/4710
f 2503/2446/4711 2504/2447/4711 2460/2402/4711
f 2504/2447/4712 2461/2403/4712 2460/2402/4712
f 2482/2425/4713 2505/2448/4713 2434/2386/4713
f 2505/2448/4714 2483/2426/4714 2434/2386/4714
f 2483/2426/4715 2506/2449/4715 2484/2427/4715
f 2465/2419/4716 2486/2429/4716 2447/2387/4716
f 2507/2450/4717 2475/2381/4717 2486/2429/4717
f 2507/2450/4718 2437/2388/4718 2475/2381/4718
f 2495/2437/4719 2438/2370/4719 2478/2421/4719
f 2508/2451/4720 2479/2422/4720 2439/2382/4720
f 2470/2411/4721 2509/2440/4721 2440/2383/4721
f 2480/2423/4722 2441/2367/4722 2451/2393/4722
f 2472/2394/4723 2489/2432/4723 2410/2353/4723
f 2499/2442/4724 2473/2414/4724 2452/2395/4724
f 2491/2433/4725 2510/2452/4725 2457/2400/4725
f 2457/2400/4726 2511/2453/4726 2481/2415/4726
f 2511/2453/4727 2458/2401/4727 2481/2415/4727
f 2511/2453/4728 2512/2454/4728 2458/2401/4728
f 2512/2454/4729 2459/2416/4729 2458/2401/4729
f 2512/2454/4730 2460/2402/4730 2459/2416/4730
f 2513/2455/4731 2462/2417/4731 2484/2427/4731
f 2514/2456/4732 2436/2378/4732 2463/2404/4732
f 2493/2435/4733 2464/2405/4733 2416/2359/4733
f 2493/2435/4734 2516/2457/4734 2464/2405/4734
f 2516/2457/4735 2465/2419/4735 2464/2405/4735
f 2476/2420/4736 2517/2458/4736 2466/2406/4736
f 2517/2458/4737 2418/2362/4737 2466/2406/4737
f 2517/2458/4738 2477/2407/4738 2418/2362/4738
f 2526/2459/4739 2448/2389/4739 2467/2408/4739
f 2526/2459/4740 2494/2436/4740 2448/2389/4740
f 2497/2439/4741 2469/2410/4741 2468/2409/4741
f 2497/2439/4742 2508/2451/4742 2439/2382/4742
f 2508/2451/4743 2487/2430/4743 2479/2422/4743
f 2480/2423/4744 2518/2460/4744 2441/2367/4744
f 2518/2460/4745 2472/2394/4745 2441/2367/4745
f 2519/2461/4746 2472/2394/4746 2518/2460/4746
f 2519/2461/4747 2489/2432/4747 2472/2394/4747
f 2499/2442/4748 2520/2462/4748 2473/2414/4748
f 2520/2462/4749 2431/2373/4749 2473/2414/4749
f 2521/2463/4750 2453/2396/4750 2431/2373/4750
f 2522/2464/4751 2490/2424/4751 2456/2399/4751
f 2510/2452/4752 2511/2453/4752 2457/2400/4752
f 2523/2465/4753 2460/2402/4753 2512/2454/4753
f 2523/2465/4754 2503/2446/4754 2460/2402/4754
f 2504/2447/4755 2524/2466/4755 2461/2403/4755
f 2524/2466/4756 2482/2425/4756 2461/2403/4756
f 2505/2448/4757 2506/2449/4757 2483/2426/4757
f 2513/2455/4758 2463/2404/4758 2462/2417/4758
f 2514/2456/4759 2492/2434/4759 2436/2378/4759
f 2492/2434/4760 2515/2467/4760 2485/2428/4760
f 2516/2457/4761 2486/2429/4761 2465/2419/4761
f 2525/2468/4762 2476/2420/4762 2437/2388/4762
f 2477/2407/4763 2526/2459/4763 2467/2408/4763
f 2495/2437/4764 2496/2438/4764 2449/2390/4764
f 2527/2469/4765 2497/2439/4765 2468/2409/4765
f 2508/2451/4766 2528/2470/4766 2487/2430/4766
f 2529/2471/4767 2450/2412/4767 2509/2440/4767
f 2450/2412/4768 2530/2472/4768 61/2391/4768
f 60/2392/4769 2488/2431/4769 2471/2413/4769
f 2531/2473/4770 2423/2343/4770 2488/2431/4770
f 2480/2423/4771 2423/2343/4771 2531/2473/4771
f 2520/2462/4772 2521/2463/4772 2431/2373/4772
f 2453/2396/4773 2500/2443/4773 2454/2397/4773
f 2532/2474/4774 2501/2444/4774 2455/2398/4774
f 2522/2464/4775 2533/2475/4775 2490/2424/4775
f 2506/2449/4776 2513/2455/4776 2484/2427/4776
f 2534/2476/4777 2486/2429/4777 2516/2457/4777
f 2476/2420/4778 2535/2477/4778 2517/2458/4778
f 2517/2458/4779 2526/2459/4779 2477/2407/4779
f 2536/2478/4780 2497/2439/4780 2527/2469/4780
f 2537/2479/4781 2508/2451/4781 2497/2439/4781
f 2529/2471/4782 2509/2440/4782 2470/2411/4782
f 63/2480/4783 2488/2431/4783 60/2392/4783
f 2551/2481/4784 2519/2461/4784 2518/2460/4784
f 2561/2482/4785 2521/2463/4785 2520/2462/4785
f 2540/2483/4786 2500/2443/4786 2453/2396/4786
f 2541/2484/4787 2455/2398/4787 2500/2443/4787
f 2541/2484/4788 2532/2474/4788 2455/2398/4788
f 2501/2444/4789 2542/2485/4789 2456/2399/4789
f 2542/2485/4790 2522/2464/4790 2456/2399/4790
f 2533/2475/4791 2543/2486/4791 2490/2424/4791
f 2543/2486/4792 2502/2445/4792 2490/2424/4792
f 2545/2487/4793 2524/2466/4793 2504/2447/4793
f 2524/2466/4794 2505/2448/4794 2482/2425/4794
f 2514/2456/4795 2515/2467/4795 2492/2434/4795
f 2515/2467/4796 2556/2488/4796 2485/2428/4796
f 2556/2488/4797 2493/2435/4797 2485/2428/4797
f 2534/2476/4798 2507/2450/4798 2486/2429/4798
f 2546/2489/4799 2437/2388/4799 2507/2450/4799
f 2546/2489/4800 2525/2468/4800 2437/2388/4800
f 2526/2459/4801 2547/2490/4801 2494/2436/4801
f 2478/2421/4802 2548/2491/4802 2495/2437/4802
f 2496/2438/4803 2527/2469/4803 2468/2409/4803
f 2538/2492/4804 2470/2411/4804 2487/2430/4804
f 2538/2492/4805 2529/2471/4805 2470/2411/4805
f 2529/2471/4806 2549/2493/4806 2450/2412/4806
f 2549/2493/4807 2530/2472/4807 2450/2412/4807
f 2530/2472/4808 62/2494/4808 61/2391/4808
f 63/2480/4809 2531/2473/4809 2488/2431/4809
f 2550/2495/4810 2518/2460/4810 2480/2423/4810
f 2519/2461/4811 2539/2496/4811 2489/2432/4811
f 2539/2496/4812 2498/2441/4812 2489/2432/4812
f 2574/2497/4813 2499/2442/4813 2498/2441/4813
f 2499/2442/4814 2561/2482/4814 2520/2462/4814
f 2540/2483/4815 2541/2484/4815 2500/2443/4815
f 2552/2498/4816 2505/2448/4816 2524/2466/4816
f 2506/2449/4817 2553/2499/4817 2513/2455/4817
f 2553/2499/4818 2463/2404/4818 2513/2455/4818
f 2555/2500/4819 2515/2467/4819 2514/2456/4819
f 2557/2501/4820 2534/2476/4820 2516/2457/4820
f 2558/2502/4821 2535/2477/4821 2476/2420/4821
f 2547/2490/4822 2478/2421/4822 2494/2436/4822
f 2548/2491/4823 2496/2438/4823 2495/2437/4823
f 2536/2478/4824 2537/2479/4824 2497/2439/4824
f 2559/2503/4825 2487/2430/4825 2528/2470/4825
f 2521/2463/4826 2540/2483/4826 2453/2396/4826
f 2542/2485/4827 2533/2475/4827 2522/2464/4827
f 2533/2475/4828 2562/2504/4828 2543/2486/4828
f 2502/2445/4829 2544/2505/4829 2491/2433/4829
f 2544/2505/4830 2510/2452/4830 2491/2433/4830
f 2576/2506/4831 2512/2454/4831 2511/2453/4831
f 2576/2506/4832 2523/2465/4832 2512/2454/4832
f 2563/2507/4833 2503/2446/4833 2523/2465/4833
f 2564/2508/4834 2504/2447/4834 2503/2446/4834
f 2565/2509/4835 2545/2487/4835 2504/2447/4835
f 2524/2466/4836 2566/2510/4836 2552/2498/4836
f 2552/2498/4837 2506/2449/4837 2505/2448/4837
f 2552/2498/4838 2567/2511/4838 2506/2449/4838
f 2568/2512/4839 2553/2499/4839 2506/2449/4839
f 2569/2513/4840 2463/2404/4840 2553/2499/4840
f 2569/2513/4841 2514/2456/4841 2463/2404/4841
f 2569/2513/4842 2554/2514/4842 2514/2456/4842
f 2554/2514/4843 2555/2500/4843 2514/2456/4843
f 2555/2500/4844 2556/2488/4844 2515/2467/4844
f 2570/2515/4845 2557/2501/4845 2516/2457/4845
f 2525/2468/4846 2558/2502/4846 2476/2420/4846
f 2535/2477/4847 2571/2516/4847 2517/2458/4847
f 2571/2516/4848 2526/2459/4848 2517/2458/4848
f 2571/2516/4849 2547/2490/4849 2526/2459/4849
f 2572/2517/4850 2527/2469/4850 2496/2438/4850
f 2572/2517/4851 2536/2478/4851 2527/2469/4851
f 2537/2479/4852 2573/2518/4852 2508/2451/4852
f 2573/2518/4853 2528/2470/4853 2508/2451/4853
f 2560/2519/4854 2480/2423/4854 2531/2473/4854
f 2560/2519/4855 2550/2495/4855 2480/2423/4855
f 2574/2497/4856 2498/2441/4856 2539/2496/4856
f 2561/2482/4857 2499/2442/4857 2574/2497/4857
f 2543/2486/4858 2544/2505/4858 2502/2445/4858
f 2544/2505/4859 2575/2520/4859 2510/2452/4859
f 2576/2506/4860 2511/2453/4860 2510/2452/4860
f 2576/2506/4861 2563/2507/4861 2523/2465/4861
f 2563/2507/4862 2564/2508/4862 2503/2446/4862
f 2566/2510/4863 2524/2466/4863 2545/2487/4863
f 2577/2521/4864 2493/2435/4864 2556/2488/4864
f 2577/2521/4865 2516/2457/4865 2493/2435/4865
f 2577/2521/4866 2570/2515/4866 2516/2457/4866
f 2557/2501/4867 2507/2450/4867 2534/2476/4867
f 2557/2501/4868 2546/2489/4868 2507/2450/4868
f 2578/2522/4869 2525/2468/4869 2546/2489/4869
f 2558/2502/4870 2593/2523/4870 2535/2477/4870
f 2579/2524/4871 2548/2491/4871 2478/2421/4871
f 2603/2525/4872 2496/2438/4872 2548/2491/4872
f 2603/2525/4873 2572/2517/4873 2496/2438/4873
f 2559/2503/4874 2538/2492/4874 2487/2430/4874
f 2530/2472/4875 64/2526/4875 62/2494/4875
f 2581/2527/4876 2550/2495/4876 2560/2519/4876
f 2550/2495/4877 2551/2481/4877 2518/2460/4877
f 2582/2528/4878 2519/2461/4878 2551/2481/4878
f 2583/2529/4879 2521/2463/4879 2561/2482/4879
f 2584/2530/4880 2532/2474/4880 2541/2484/4880
f 2584/2530/4881 2585/2531/4881 2532/2474/4881
f 2585/2531/4882 2501/2444/4882 2532/2474/4882
f 2585/2531/4883 2542/2485/4883 2501/2444/4883
f 2542/2485/4884 2598/2532/4884 2533/2475/4884
f 2598/2532/4885 2562/2504/4885 2533/2475/4885
f 2562/2504/4886 2599/2533/4886 2543/2486/4886
f 2586/2534/4887 2544/2505/4887 2543/2486/4887
f 2575/2520/4888 2576/2506/4888 2510/2452/4888
f 2565/2509/4889 2566/2510/4889 2545/2487/4889
f 2566/2510/4890 2567/2511/4890 2552/2498/4890
f 2567/2511/4891 2568/2512/4891 2506/2449/4891
f 2587/2535/4892 2555/2500/4892 2554/2514/4892
f 2587/2535/4893 2556/2488/4893 2555/2500/4893
f 2577/2521/4894 2588/2536/4894 2570/2515/4894
f 2570/2515/4895 2589/2537/4895 2557/2501/4895
f 2590/2538/4896 2546/2489/4896 2557/2501/4896
f 2525/2468/4897 2592/2539/4897 2558/2502/4897
f 2592/2539/4898 2593/2523/4898 2558/2502/4898
f 2547/2490/4899 2579/2524/4899 2478/2421/4899
f 2559/2503/4900 2594/2540/4900 2538/2492/4900
f 65/2541/4901 2531/2473/4901 63/2480/4901
f 2606/2542/4902 2540/2483/4902 2521/2463/4902
f 2540/2483/4903 2597/2543/4903 2541/2484/4903
f 2599/2533/4904 2562/2504/4904 2598/2532/4904
f 2599/2533/4905 2586/2534/4905 2543/2486/4905
f 2600/2544/4906 2563/2507/4906 2576/2506/4906
f 2601/2545/4907 2566/2510/4907 2565/2509/4907
f 2601/2545/4908 2602/2546/4908 2566/2510/4908
f 2602/2546/4909 2567/2511/4909 2566/2510/4909
f 2568/2512/4910 2569/2513/4910 2553/2499/4910
f 2589/2537/4911 2590/2538/4911 2557/2501/4911
f 2591/2547/4912 2592/2539/4912 2525/2468/4912
f 2618/2548/4913 2536/2478/4913 2572/2517/4913
f 2536/2478/4914 2573/2518/4914 2537/2479/4914
f 2594/2540/4915 2529/2471/4915 2538/2492/4915
f 2549/2493/4916 2580/2549/4916 2530/2472/4916
f 2580/2549/4917 64/2526/4917 2530/2472/4917
f 65/2541/4918 2560/2519/4918 2531/2473/4918
f 2581/2527/4919 2604/2550/4919 2550/2495/4919
f 2604/2550/4920 2551/2481/4920 2550/2495/4920
f 2519/2461/4921 2634/2551/4921 2539/2496/4921
f 2634/2551/4922 2574/2497/4922 2539/2496/4922
f 2605/2552/4923 2561/2482/4923 2574/2497/4923
f 2605/2552/4924 2595/2553/4924 2561/2482/4924
f 2595/2553/4925 2596/2554/4925 2561/2482/4925
f 2597/2543/4926 2584/2530/4926 2541/2484/4926
f 2585/2531/4927 2598/2532/4927 2542/2485/4927
f 2607/2555/4928 2586/2534/4928 2599/2533/4928
f 2608/2556/4929 2544/2505/4929 2586/2534/4929
f 2575/2520/4930 2609/2557/4930 2576/2506/4930
f 2610/2558/4931 2565/2509/4931 2504/2447/4931
f 2611/2559/4932 2569/2513/4932 2568/2512/4932
f 2611/2559/4933 2612/2560/4933 2569/2513/4933
f 2613/2561/4934 2587/2535/4934 2554/2514/4934
f 2614/2562/4935 2556/2488/4935 2587/2535/4935
f 2614/2562/4936 2577/2521/4936 2556/2488/4936
f 2615/2563/4937 2588/2536/4937 2577/2521/4937
f 2590/2538/4938 2578/2522/4938 2546/2489/4938
f 2616/2564/4939 2525/2468/4939 2578/2522/4939
f 2616/2564/4940 2591/2547/4940 2525/2468/4940
f 2617/2565/4941 2535/2477/4941 2593/2523/4941
f 2617/2565/4942 2571/2516/4942 2535/2477/4942
f 2629/2566/4943 2579/2524/4943 2547/2490/4943
f 2640/2567/4944 2572/2517/4944 2603/2525/4944
f 2640/2567/4945 2618/2548/4945 2572/2517/4945
f 2619/2568/4946 2573/2518/4946 2536/2478/4946
f 2620/2569/4947 2594/2540/4947 2559/2503/4947
f 2594/2540/4948 2549/2493/4948 2529/2471/4948
f 2594/2540/4949 2621/2570/4949 2549/2493/4949
f 2621/2570/4950 2580/2549/4950 2549/2493/4950
f 2622/2571/4951 2574/2497/4951 2634/2551/4951
f 2596/2554/4952 2583/2529/4952 2561/2482/4952
f 2583/2529/4953 2606/2542/4953 2521/2463/4953
f 2606/2542/4954 2597/2543/4954 2540/2483/4954
f 2635/2572/4955 2598/2532/4955 2585/2531/4955
f 2600/2544/4956 2564/2508/4956 2563/2507/4956
f 2564/2508/4957 2610/2558/4957 2504/2447/4957
f 2602/2546/4958 2623/2573/4958 2567/2511/4958
f 2623/2573/4959 2568/2512/4959 2567/2511/4959
f 2623/2573/4960 2624/2574/4960 2568/2512/4960
f 2624/2574/4961 2611/2559/4961 2568/2512/4961
f 2612/2560/4962 2554/2514/4962 2569/2513/4962
f 2588/2536/4963 2625/2575/4963 2570/2515/4963
f 2625/2575/4964 2589/2537/4964 2570/2515/4964
f 2626/2576/4965 2592/2539/4965 2591/2547/4965
f 2626/2576/4966 2627/2577/4966 2592/2539/4966
f 2627/2577/4967 2593/2523/4967 2592/2539/4967
f 2617/2565/4968 2628/2578/4968 2571/2516/4968
f 2571/2516/4969 2629/2566/4969 2547/2490/4969
f 2630/2579/4970 2548/2491/4970 2579/2524/4970
f 2630/2579/4971 2603/2525/4971 2548/2491/4971
f 2619/2568/4972 2528/2470/4972 2573/2518/4972
f 2631/2580/4973 2559/2503/4973 2528/2470/4973
f 2559/2503/4974 2632/2581/4974 2620/2569/4974
f 65/2541/4975 2633/2582/4975 2560/2519/4975
f 2604/2550/4976 2582/2528/4976 2551/2481/4976
f 2582/2528/4977 2634/2551/4977 2519/2461/4977
f 2622/2571/4978 2605/2552/4978 2574/2497/4978
f 2636/2583/4979 2599/2533/4979 2598/2532/4979
f 2636/2583/4980 2607/2555/4980 2599/2533/4980
f 2608/2556/4981 2575/2520/4981 2544/2505/4981
f 2609/2557/4982 2600/2544/4982 2576/2506/4982
f 2610/2558/4983 2601/2545/4983 2565/2509/4983
f 2612/2560/4984 2662/2584/4984 2554/2514/4984
f 2662/2584/4985 2613/2561/4985 2554/2514/4985
f 2637/2585/4986 2614/2562/4986 2587/2535/4986
f 2614/2562/4987 2615/2563/4987 2577/2521/4987
f 2627/2577/4988 2617/2565/4988 2593/2523/4988
f 2628/2578/4989 2638/2586/4989 2571/2516/4989
f 2638/2586/4990 2629/2566/4990 2571/2516/4990
f 2639/2587/4991 2640/2567/4991 2603/2525/4991
f 2618/2548/4992 2619/2568/4992 2536/2478/4992
f 2651/2588/4993 2641/2589/4993 2619/2568/4993
f 2619/2568/4994 2631/2580/4994 2528/2470/4994
f 2631/2580/4995 2632/2581/4995 2559/2503/4995
f 2654/2590/4996 64/2526/4996 2580/2549/4996
f 2633/2582/4997 2581/2527/4997 2560/2519/4997
f 2633/2582/4998 2604/2550/4998 2581/2527/4998
f 2643/2591/4999 2583/2529/4999 2596/2554/4999
f 2635/2572/5000 2636/2583/5000 2598/2532/5000
f 2607/2555/5001 2644/2592/5001 2586/2534/5001
f 2644/2592/5002 2608/2556/5002 2586/2534/5002
f 2608/2556/5003 2609/2557/5003 2575/2520/5003
f 2609/2557/5004 2645/2593/5004 2600/2544/5004
f 2645/2593/5005 2564/2508/5005 2600/2544/5005
f 2646/2594/5006 2612/2560/5006 2611/2559/5006
f 2647/2595/5007 2613/2561/5007 2662/2584/5007
f 2615/2563/5008 2648/2596/5008 2588/2536/5008
f 2648/2596/5009 2625/2575/5009 2588/2536/5009
f 2649/2597/5010 2578/2522/5010 2590/2538/5010
f 2649/2597/5011 2616/2564/5011 2578/2522/5011
f 2638/2586/5012 2650/2598/5012 2629/2566/5012
f 2630/2579/5013 2639/2587/5013 2603/2525/5013
f 2651/2588/5014 2619/2568/5014 2618/2548/5014
f 2641/2589/5015 2652/2599/5015 2619/2568/5015
f 2631/2580/5016 2653/2600/5016 2632/2581/5016
f 2632/2581/5017 2594/2540/5017 2620/2569/5017
f 2654/2590/5018 2580/2549/5018 2621/2570/5018
f 2654/2590/5019 66/2601/5019 64/2526/5019
f 2655/2602/5020 2622/2571/5020 2634/2551/5020
f 2595/2553/5021 2643/2591/5021 2596/2554/5021
f 2597/2543/5022 2656/2603/5022 2584/2530/5022
f 2656/2603/5023 2585/2531/5023 2584/2530/5023
f 2657/2604/5024 2645/2593/5024 2609/2557/5024
f 2610/2558/5025 2659/2605/5025 2601/2545/5025
f 2659/2605/5026 2602/2546/5026 2601/2545/5026
f 2660/2606/5027 2623/2573/5027 2602/2546/5027
f 2661/2607/5028 2624/2574/5028 2623/2573/5028
f 2624/2574/5029 2646/2594/5029 2611/2559/5029
f 2662/2584/5030 2612/2560/5030 2646/2594/5030
f 2647/2595/5031 2587/2535/5031 2613/2561/5031
f 2647/2595/5032 2637/2585/5032 2587/2535/5032
f 2637/2585/5033 2675/2608/5033 2614/2562/5033
f 2663/2609/5034 2590/2538/5034 2589/2537/5034
f 2616/2564/5035 2626/2576/5035 2591/2547/5035
f 2652/2599/5036 2631/2580/5036 2619/2568/5036
f 2632/2581/5037 2621/2570/5037 2594/2540/5037
f 65/2541/5038 2664/2610/5038 2633/2582/5038
f 2633/2582/5039 2665/2611/5039 2604/2550/5039
f 2665/2611/5040 2642/2612/5040 2604/2550/5040
f 2655/2602/5041 2605/2552/5041 2622/2571/5041
f 2655/2602/5042 2595/2553/5042 2605/2552/5042
f 2666/2613/5043 2606/2542/5043 2583/2529/5043
f 2666/2613/5044 2667/2614/5044 2606/2542/5044
f 2667/2614/5045 2597/2543/5045 2606/2542/5045
f 2668/2615/5046 2635/2572/5046 2585/2531/5046
f 2636/2583/5047 2669/2616/5047 2607/2555/5047
f 2669/2616/5048 2644/2592/5048 2607/2555/5048
f 2644/2592/5049 2670/2617/5049 2608/2556/5049
f 2658/2618/5050 2564/2508/5050 2645/2593/5050
f 2658/2618/5051 2672/2619/5051 2564/2508/5051
f 2672/2619/5052 2610/2558/5052 2564/2508/5052
f 2672/2619/5053 2659/2605/5053 2610/2558/5053
f 2660/2606/5054 2661/2607/5054 2623/2573/5054
f 2661/2607/5055 2646/2594/5055 2624/2574/5055
f 2673/2620/5056 2662/2584/5056 2646/2594/5056
f 2674/2621/5057 2647/2595/5057 2662/2584/5057
f 2675/2608/5058 2615/2563/5058 2614/2562/5058
f 2688/2622/5059 2648/2596/5059 2615/2563/5059
f 2625/2575/5060 2676/2623/5060 2589/2537/5060
f 2676/2623/5061 2663/2609/5061 2589/2537/5061
f 2663/2609/5062 2649/2597/5062 2590/2538/5062
f 2677/2624/5063 2626/2576/5063 2616/2564/5063
f 2678/2625/5064 2627/2577/5064 2626/2576/5064
f 2689/2626/5065 2628/2578/5065 2617/2565/5065
f 2650/2598/5066 2679/2627/5066 2629/2566/5066
f 2639/2587/5067 2680/2628/5067 2640/2567/5067
f 2680/2628/5068 2618/2548/5068 2640/2567/5068
f 2681/2629/5069 2651/2588/5069 2618/2548/5069
f 2664/2610/5070 2665/2611/5070 2633/2582/5070
f 2642/2612/5071 2582/2528/5071 2604/2550/5071
f 2642/2612/5072 2683/2630/5072 2582/2528/5072
f 2684/2631/5073 2634/2551/5073 2582/2528/5073
f 2684/2631/5074 2655/2602/5074 2634/2551/5074
f 2655/2602/5075 2685/2632/5075 2595/2553/5075
f 2694/2633/5076 2666/2613/5076 2583/2529/5076
f 2656/2603/5077 2668/2615/5077 2585/2531/5077
f 2671/2634/5078 2657/2604/5078 2609/2557/5078
f 2686/2635/5079 2659/2605/5079 2672/2619/5079
f 2659/2605/5080 2660/2606/5080 2602/2546/5080
f 2687/2636/5081 2646/2594/5081 2661/2607/5081
f 2673/2620/5082 2674/2621/5082 2662/2584/5082
f 2674/2621/5083 2637/2585/5083 2647/2595/5083
f 2688/2622/5084 2615/2563/5084 2675/2608/5084
f 2677/2624/5085 2616/2564/5085 2649/2597/5085
f 2677/2624/5086 2678/2625/5086 2626/2576/5086
f 2678/2625/5087 2689/2626/5087 2627/2577/5087
f 2689/2626/5088 2617/2565/5088 2627/2577/5088
f 2679/2627/5089 2650/2598/5089 2638/2586/5089
f 2679/2627/5090 2579/2524/5090 2629/2566/5090
f 2679/2627/5091 2691/2637/5091 2579/2524/5091
f 2680/2628/5092 2681/2629/5092 2618/2548/5092
f 2682/2638/5093 2653/2600/5093 2631/2580/5093
f 2653/2600/5094 2692/2639/5094 2632/2581/5094
f 2692/2639/5095 2621/2570/5095 2632/2581/5095
f 2693/2640/5096 2654/2590/5096 2621/2570/5096
f 2693/2640/5097 66/2601/5097 2654/2590/5097
f 2699/2641/5098 67/2642/5098 66/2601/5098
f 2700/2643/5099 2685/2632/5099 2655/2602/5099
f 2694/2633/5100 2583/2529/5100 2643/2591/5100
f 2668/2615/5101 2636/2583/5101 2635/2572/5101
f 2670/2617/5102 2695/2644/5102 2608/2556/5102
f 2608/2556/5103 2671/2634/5103 2609/2557/5103
f 2686/2635/5104 2660/2606/5104 2659/2605/5104
f 2696/2645/5105 2687/2636/5105 2661/2607/5105
f 2648/2596/5106 2676/2623/5106 2625/2575/5106
f 2697/2646/5107 2663/2609/5107 2676/2623/5107
f 2689/2626/5108 2690/2647/5108 2628/2578/5108
f 2690/2647/5109 2638/2586/5109 2628/2578/5109
f 2691/2637/5110 2630/2579/5110 2579/2524/5110
f 2651/2588/5111 2716/2648/5111 2641/2589/5111
f 2725/2649/5112 2692/2639/5112 2653/2600/5112
f 2699/2641/5113 66/2601/5113 2693/2640/5113
f 2717/2650/5114 2655/2602/5114 2684/2631/5114
f 2685/2632/5115 2701/2651/5115 2595/2553/5115
f 2701/2651/5116 2643/2591/5116 2595/2553/5116
f 2702/2652/5117 2694/2633/5117 2643/2591/5117
f 2667/2614/5118 2656/2603/5118 2597/2543/5118
f 2703/2653/5119 2668/2615/5119 2656/2603/5119
f 2704/2654/5120 2636/2583/5120 2668/2615/5120
f 2705/2655/5121 2669/2616/5121 2636/2583/5121
f 2706/2656/5122 2644/2592/5122 2669/2616/5122
f 2706/2656/5123 2670/2617/5123 2644/2592/5123
f 2695/2644/5124 2671/2634/5124 2608/2556/5124
f 2657/2604/5125 2708/2657/5125 2645/2593/5125
f 2708/2657/5126 2658/2618/5126 2645/2593/5126
f 2708/2657/5127 2709/2658/5127 2658/2618/5127
f 2709/2658/5128 2672/2619/5128 2658/2618/5128
f 2720/2659/5129 2686/2635/5129 2672/2619/5129
f 2686/2635/5130 2710/2660/5130 2660/2606/5130
f 2710/2660/5131 2661/2607/5131 2660/2606/5131
f 2711/2661/5132 2688/2622/5132 2675/2608/5132
f 2712/2662/5133 2649/2597/5133 2663/2609/5133
f 2713/2663/5134 2689/2626/5134 2678/2625/5134
f 2638/2586/5135 2690/2647/5135 2679/2627/5135
f 2714/2664/5136 2691/2637/5136 2679/2627/5136
f 2641/2589/5137 2698/2665/5137 2652/2599/5137
f 2724/2666/5138 2631/2580/5138 2652/2599/5138
f 2724/2666/5139 2682/2638/5139 2631/2580/5139
f 68/2667/5140 2664/2610/5140 65/2541/5140
f 2726/2668/5141 2665/2611/5141 2664/2610/5141
f 2684/2631/5142 2582/2528/5142 2683/2630/5142
f 2717/2650/5143 2700/2643/5143 2655/2602/5143
f 2718/2669/5144 2685/2632/5144 2700/2643/5144
f 2667/2614/5145 2719/2670/5145 2656/2603/5145
f 2704/2654/5146 2705/2655/5146 2636/2583/5146
f 2705/2655/5147 2706/2656/5147 2669/2616/5147
f 2706/2656/5148 2707/2671/5148 2670/2617/5148
f 2707/2671/5149 2695/2644/5149 2670/2617/5149
f 2709/2658/5150 2720/2659/5150 2672/2619/5150
f 2710/2660/5151 2696/2645/5151 2661/2607/5151
f 2687/2636/5152 2721/2672/5152 2646/2594/5152
f 2721/2672/5153 2673/2620/5153 2646/2594/5153
f 2721/2672/5154 2674/2621/5154 2673/2620/5154
f 2747/2673/5155 2675/2608/5155 2637/2585/5155
f 2747/2673/5156 2711/2661/5156 2675/2608/5156
f 2711/2661/5157 2732/2674/5157 2688/2622/5157
f 2697/2646/5158 2712/2662/5158 2663/2609/5158
f 2722/2675/5159 2713/2663/5159 2677/2624/5159
f 2713/2663/5160 2678/2625/5160 2677/2624/5160
f 2691/2637/5161 2639/2587/5161 2630/2579/5161
f 2691/2637/5162 2715/2676/5162 2639/2587/5162
f 2681/2629/5163 2716/2648/5163 2651/2588/5163
f 2716/2648/5164 2698/2665/5164 2641/2589/5164
f 2698/2665/5165 2724/2666/5165 2652/2599/5165
f 2724/2666/5166 2653/2600/5166 2682/2638/5166
f 2692/2639/5167 2693/2640/5167 2621/2570/5167
f 2665/2611/5168 2727/2677/5168 2642/2612/5168
f 2727/2677/5169 2683/2630/5169 2642/2612/5169
f 2702/2652/5170 2643/2591/5170 2701/2651/5170
f 2719/2670/5171 2703/2653/5171 2656/2603/5171
f 2728/2678/5172 2705/2655/5172 2704/2654/5172
f 2729/2679/5173 2671/2634/5173 2695/2644/5173
f 2710/2660/5174 2730/2680/5174 2696/2645/5174
f 2730/2680/5175 2731/2681/5175 2696/2645/5175
f 2731/2681/5176 2687/2636/5176 2696/2645/5176
f 2732/2674/5177 2733/2682/5177 2688/2622/5177
f 2688/2622/5178 2734/2683/5178 2648/2596/5178
f 2734/2683/5179 2676/2623/5179 2648/2596/5179
f 2712/2662/5180 2722/2675/5180 2649/2597/5180
f 2722/2675/5181 2677/2624/5181 2649/2597/5181
f 2735/2684/5182 2689/2626/5182 2713/2663/5182
f 2735/2684/5183 2690/2647/5183 2689/2626/5183
f 2715/2676/5184 2680/2628/5184 2639/2587/5184
f 2715/2676/5185 2723/2685/5185 2680/2628/5185
f 2723/2685/5186 2681/2629/5186 2680/2628/5186
f 2724/2666/5187 2725/2649/5187 2653/2600/5187
f 2736/2686/5188 2693/2640/5188 2692/2639/5188
f 2693/2640/5189 2737/2687/5189 2699/2641/5189
f 68/2667/5190 69/2688/5190 2664/2610/5190
f 69/2688/5191 2726/2668/5191 2664/2610/5191
f 2727/2677/5192 2738/2689/5192 2683/2630/5192
f 2739/2690/5193 2717/2650/5193 2684/2631/5193
f 2739/2690/5194 2740/2691/5194 2717/2650/5194
f 2741/2692/5195 2718/2669/5195 2700/2643/5195
f 2742/2693/5196 2685/2632/5196 2718/2669/5196
f 2742/2693/5197 2701/2651/5197 2685/2632/5197
f 2694/2633/5198 2743/2694/5198 2666/2613/5198
f 2743/2694/5199 2667/2614/5199 2666/2613/5199
f 2706/2656/5200 2744/2695/5200 2707/2671/5200
f 2745/2696/5201 2657/2604/5201 2671/2634/5201
f 2746/2697/5202 2709/2658/5202 2708/2657/5202
f 2720/2659/5203 2710/2660/5203 2686/2635/5203
f 2774/2698/5204 2721/2672/5204 2687/2636/5204
f 2747/2673/5205 2637/2585/5205 2674/2621/5205
f 2747/2673/5206 2732/2674/5206 2711/2661/5206
f 2734/2683/5207 2748/2699/5207 2676/2623/5207
f 2748/2699/5208 2697/2646/5208 2676/2623/5208
f 2749/2700/5209 2712/2662/5209 2697/2646/5209
f 2750/2701/5210 2722/2675/5210 2712/2662/5210
f 2735/2684/5211 2764/2702/5211 2690/2647/5211
f 2690/2647/5212 2776/2703/5212 2679/2627/5212
f 2776/2703/5213 2714/2664/5213 2679/2627/5213
f 2751/2704/5214 2716/2648/5214 2681/2629/5214
f 2752/2705/5215 2692/2639/5215 2725/2649/5215
f 2752/2705/5216 2736/2686/5216 2692/2639/5216
f 2753/2706/5217 67/2642/5217 2699/2641/5217
f 2753/2706/5218 2754/2707/5218 67/2642/5218
f 69/2688/5219 2755/2708/5219 2726/2668/5219
f 2755/2708/5220 2665/2611/5220 2726/2668/5220
f 2755/2708/5221 2727/2677/5221 2665/2611/5221
f 2683/2630/5222 2739/2690/5222 2684/2631/5222
f 2740/2691/5223 2700/2643/5223 2717/2650/5223
f 2740/2691/5224 2741/2692/5224 2700/2643/5224
f 2741/2692/5225 2756/2709/5225 2718/2669/5225
f 2757/2710/5226 2702/2652/5226 2701/2651/5226
f 2766/2711/5227 2743/2694/5227 2694/2633/5227
f 2758/2712/5228 2667/2614/5228 2743/2694/5228
f 2705/2655/5229 2744/2695/5229 2706/2656/5229
f 2744/2695/5230 2695/2644/5230 2707/2671/5230
f 2729/2679/5231 2745/2696/5231 2671/2634/5231
f 2657/2604/5232 2745/2696/5232 2708/2657/5232
f 2745/2696/5233 2759/2713/5233 2708/2657/5233
f 2709/2658/5234 2760/2714/5234 2720/2659/5234
f 2710/2660/5235 2761/2715/5235 2730/2680/5235
f 2761/2715/5236 2731/2681/5236 2730/2680/5236
f 2721/2672/5237 2747/2673/5237 2674/2621/5237
f 2733/2682/5238 2734/2683/5238 2688/2622/5238
f 2748/2699/5239 2762/2716/5239 2697/2646/5239
f 2762/2716/5240 2749/2700/5240 2697/2646/5240
f 2749/2700/5241 2750/2701/5241 2712/2662/5241
f 2763/2717/5242 2713/2663/5242 2722/2675/5242
f 2763/2717/5243 2735/2684/5243 2713/2663/5243
f 2765/2718/5244 2715/2676/5244 2691/2637/5244
f 2724/2666/5245 2780/2719/5245 2725/2649/5245
f 2736/2686/5246 2737/2687/5246 2693/2640/5246
f 2756/2709/5247 2742/2693/5247 2718/2669/5247
f 2757/2710/5248 2701/2651/5248 2742/2693/5248
f 2767/2720/5249 2667/2614/5249 2758/2712/5249
f 2767/2720/5250 2719/2670/5250 2667/2614/5250
f 2768/2721/5251 2668/2615/5251 2703/2653/5251
f 2768/2721/5251 2704/2654/5251 2668/2615/5251
f 2770/2722/5252 2695/2644/5252 2744/2695/5252
f 2770/2722/5253 2771/2723/5253 2695/2644/5253
f 2771/2723/5254 2729/2679/5254 2695/2644/5254
f 2759/2713/5255 2772/2724/5255 2708/2657/5255
f 2772/2724/5256 2746/2697/5256 2708/2657/5256
f 2760/2714/5257 2710/2660/5257 2720/2659/5257
f 2760/2714/5258 2773/2725/5258 2710/2660/5258
f 2774/2698/5259 2687/2636/5259 2731/2681/5259
f 2764/2702/5260 2776/2703/5260 2690/2647/5260
f 2778/2726/5261 2691/2637/5261 2714/2664/5261
f 2778/2726/5262 2765/2718/5262 2691/2637/5262
f 2813/2727/5263 2723/2685/5263 2715/2676/5263
f 2716/2648/5264 2779/2728/5264 2698/2665/5264
f 2779/2728/5265 2724/2666/5265 2698/2665/5265
f 2752/2705/5266 2725/2649/5266 2780/2719/5266
f 2752/2705/5267 2781/2729/5267 2736/2686/5267
f 2781/2729/5268 2737/2687/5268 2736/2686/5268
f 2737/2687/5269 2753/2706/5269 2699/2641/5269
f 2782/2730/5270 2756/2709/5270 2741/2692/5270
f 2783/2731/5271 2694/2633/5271 2702/2652/5271
f 2719/2670/5272 2768/2721/5272 2703/2653/5272
f 2769/2732/5273 2704/2654/5273 2768/2721/5273
f 2744/2695/5274 2784/2733/5274 2770/2722/5274
f 2784/2733/5275 2771/2723/5275 2770/2722/5275
f 2771/2723/5276 2745/2696/5276 2729/2679/5276
f 2746/2697/5277 2785/2734/5277 2709/2658/5277
f 2785/2734/5278 2760/2714/5278 2709/2658/5278
f 2773/2725/5279 2761/2715/5279 2710/2660/5279
f 2761/2715/5280 2786/2735/5280 2731/2681/5280
f 2786/2735/5281 2774/2698/5281 2731/2681/5281
f 2775/2736/5282 2732/2674/5282 2747/2673/5282
f 2775/2736/5283 2787/2737/5283 2732/2674/5283
f 2788/2738/5284 2734/2683/5284 2733/2682/5284
f 2762/2716/5285 2789/2739/5285 2749/2700/5285
f 2789/2739/5286 2750/2701/5286 2749/2700/5286
f 2790/2740/5287 2764/2702/5287 2735/2684/5287
f 2777/2741/5288 2714/2664/5288 2776/2703/5288
f 2802/2742/5289 2681/2629/5289 2723/2685/5289
f 2779/2728/5290 2780/2719/5290 2724/2666/5290
f 2791/2743/5291 2752/2705/5291 2780/2719/5291
f 2781/2729/5292 2792/2744/5292 2737/2687/5292
f 2792/2744/5293 2753/2706/5293 2737/2687/5293
f 2793/2745/5294 2739/2690/5294 2683/2630/5294
f 2794/2746/5295 2740/2691/5295 2739/2690/5295
f 2795/2747/5296 2782/2730/5296 2741/2692/5296
f 2756/2709/5297 2757/2710/5297 2742/2693/5297
f 2806/2748/5298 2783/2731/5298 2702/2652/5298
f 2783/2731/5299 2766/2711/5299 2694/2633/5299
f 2758/2712/5300 2743/2694/5300 2766/2711/5300
f 2769/2732/5301 2728/2678/5301 2704/2654/5301
f 2796/2749/5302 2705/2655/5302 2728/2678/5302
f 2797/2750/5303 2744/2695/5303 2705/2655/5303
f 2797/2750/5304 2784/2733/5304 2744/2695/5304
f 2798/2751/5305 2745/2696/5305 2771/2723/5305
f 2799/2752/5306 2721/2672/5306 2774/2698/5306
f 2799/2752/5307 2747/2673/5307 2721/2672/5307
f 2787/2737/5308 2733/2682/5308 2732/2674/5308
f 2788/2738/5309 2748/2699/5309 2734/2683/5309
f 2800/2753/5310 2722/2675/5310 2750/2701/5310
f 2800/2753/5311 2763/2717/5311 2722/2675/5311
f 2801/2754/5312 2790/2740/5312 2763/2717/5312
f 2790/2740/5313 2735/2684/5313 2763/2717/5313
f 2778/2726/5314 2714/2664/5314 2777/2741/5314
f 2813/2727/5315 2802/2742/5315 2723/2685/5315
f 2802/2742/5316 2803/2755/5316 2681/2629/5316
f 2803/2755/5317 2751/2704/5317 2681/2629/5317
f 2803/2755/5318 2716/2648/5318 2751/2704/5318
f 2804/2756/5319 2779/2728/5319 2716/2648/5319
f 70/2757/5320 2755/2708/5320 69/2688/5320
f 2755/2708/5321 2843/2758/5321 2727/2677/5321
f 2805/2759/5322 2738/2689/5322 2727/2677/5322
f 2738/2689/5323 2793/2745/5323 2683/2630/5323
f 2793/2745/5324 2794/2746/5324 2739/2690/5324
f 2794/2746/5325 2795/2747/5325 2740/2691/5325
f 2740/2691/5326 2795/2747/5326 2741/2692/5326
f 2782/2730/5327 2757/2710/5327 2756/2709/5327
f 2806/2748/5328 2702/2652/5328 2757/2710/5328
f 2796/2749/5329 2797/2750/5329 2705/2655/5329
f 2784/2733/5330 2807/2760/5330 2771/2723/5330
f 2807/2760/5331 2808/2761/5331 2771/2723/5331
f 2808/2761/5332 2798/2751/5332 2771/2723/5332
f 2825/2762/5333 2786/2735/5333 2761/2715/5333
f 2809/2763/5334 2775/2736/5334 2747/2673/5334
f 2789/2739/5335 2800/2753/5335 2750/2701/5335
f 2801/2754/5336 2850/2764/5336 2790/2740/5336
f 2810/2765/5337 2764/2702/5337 2790/2740/5337
f 2810/2765/5338 2811/2766/5338 2764/2702/5338
f 2812/2767/5339 2715/2676/5339 2765/2718/5339
f 2812/2767/5340 2813/2727/5340 2715/2676/5340
f 2803/2755/5341 2804/2756/5341 2716/2648/5341
f 2814/2768/5342 2780/2719/5342 2779/2728/5342
f 2791/2743/5343 2815/2769/5343 2752/2705/5343
f 2815/2769/5344 2781/2729/5344 2752/2705/5344
f 70/2757/5345 2843/2758/5345 2755/2708/5345
f 2843/2758/5346 2805/2759/5346 2727/2677/5346
f 2805/2759/5347 2817/2770/5347 2738/2689/5347
f 2819/2771/5348 2767/2720/5348 2758/2712/5348
f 2820/2772/5349 2719/2670/5349 2767/2720/5349
f 2820/2772/5350 2821/2773/5350 2719/2670/5350
f 2768/2721/5351 2822/2774/5351 2769/2732/5351
f 2797/2750/5352 2807/2760/5352 2784/2733/5352
f 2823/2775/5353 2759/2713/5353 2745/2696/5353
f 2772/2724/5354 2785/2734/5354 2746/2697/5354
f 2785/2734/5355 2824/2776/5355 2760/2714/5355
f 2824/2776/5356 2773/2725/5356 2760/2714/5356
f 2824/2776/5357 2761/2715/5357 2773/2725/5357
f 2799/2752/5358 2809/2763/5358 2747/2673/5358
f 2775/2736/5359 2826/2777/5359 2787/2737/5359
f 2787/2737/5360 2788/2738/5360 2733/2682/5360
f 2827/2778/5361 2748/2699/5361 2788/2738/5361
f 2827/2778/5362 2828/2779/5362 2748/2699/5362
f 2828/2779/5363 2762/2716/5363 2748/2699/5363
f 2762/2716/5364 2829/2780/5364 2789/2739/5364
f 2801/2754/5365 2763/2717/5365 2800/2753/5365
f 2811/2766/5366 2830/2781/5366 2764/2702/5366
f 2830/2781/5367 2776/2703/5367 2764/2702/5367
f 2830/2781/5368 2831/2782/5368 2776/2703/5368
f 2831/2782/5369 2777/2741/5369 2776/2703/5369
f 2832/2783/5370 2778/2726/5370 2777/2741/5370
f 2815/2769/5371 2816/2784/5371 2781/2729/5371
f 2833/2785/5372 2753/2706/5372 2792/2744/5372
f 2834/2786/5373 2754/2707/5373 2753/2706/5373
f 2843/2758/5374 2835/2787/5374 2805/2759/5374
f 2867/2788/5375 2757/2710/5375 2782/2730/5375
f 2806/2748/5376 2818/2789/5376 2783/2731/5376
f 2836/2790/5377 2758/2712/5377 2766/2711/5377
f 2836/2790/5378 2819/2771/5378 2758/2712/5378
f 2821/2773/5379 2768/2721/5379 2719/2670/5379
f 2821/2773/5380 2822/2774/5380 2768/2721/5380
f 2769/2732/5381 2796/2749/5381 2728/2678/5381
f 2807/2760/5382 2837/2791/5382 2808/2761/5382
f 2808/2761/5383 2838/2792/5383 2798/2751/5383
f 2798/2751/5384 2823/2775/5384 2745/2696/5384
f 2823/2775/5385 2839/2793/5385 2759/2713/5385
f 2839/2793/5386 2772/2724/5386 2759/2713/5386
f 2824/2776/5387 2825/2762/5387 2761/2715/5387
f 2840/2794/5388 2774/2698/5388 2786/2735/5388
f 2826/2777/5389 2841/2795/5389 2787/2737/5389
f 2842/2796/5390 2804/2756/5390 2803/2755/5390
f 2814/2768/5391 2791/2743/5391 2780/2719/5391
f 2781/2729/5392 2833/2785/5392 2792/2744/5392
f 2833/2785/5393 2834/2786/5393 2753/2706/5393
f 2844/2797/5394 2817/2770/5394 2805/2759/5394
f 2817/2770/5395 2793/2745/5395 2738/2689/5395
f 2854/2798/5396 2794/2746/5396 2793/2745/5396
f 2845/2799/5397 2782/2730/5397 2795/2747/5397
f 2867/2788/5398 2806/2748/5398 2757/2710/5398
f 2819/2771/5399 2846/2800/5399 2767/2720/5399
f 2846/2800/5400 2820/2772/5400 2767/2720/5400
f 2847/2801/5401 2769/2732/5401 2822/2774/5401
f 2847/2801/5402 2796/2749/5402 2769/2732/5402
f 2837/2791/5403 2838/2792/5403 2808/2761/5403
f 2857/2802/5404 2785/2734/5404 2772/2724/5404
f 2857/2802/5405 2824/2776/5405 2785/2734/5405
f 2840/2794/5406 2799/2752/5406 2774/2698/5406
f 2840/2794/5407 2848/2803/5407 2799/2752/5407
f 2848/2803/5408 2809/2763/5408 2799/2752/5408
f 2858/2804/5409 2826/2777/5409 2775/2736/5409
f 2849/2805/5410 2827/2778/5410 2788/2738/5410
f 2829/2780/5411 2800/2753/5411 2789/2739/5411
f 2800/2753/5412 2861/2806/5412 2801/2754/5412
f 2861/2806/5413 2850/2764/5413 2801/2754/5413
f 2850/2764/5414 2810/2765/5414 2790/2740/5414
f 2832/2783/5415 2777/2741/5415 2831/2782/5415
f 2778/2726/5416 2812/2767/5416 2765/2718/5416
f 2842/2796/5417 2779/2728/5417 2804/2756/5417
f 2842/2796/5418 2814/2768/5418 2779/2728/5418
f 2814/2768/5419 2851/2807/5419 2791/2743/5419
f 2852/2808/5420 2816/2784/5420 2815/2769/5420
f 2816/2784/5421 2833/2785/5421 2781/2729/5421
f 2853/2809/5422 2834/2786/5422 2833/2785/5422
f 2834/2786/5423 71/2810/5423 2754/2707/5423
f 2817/2770/5424 2854/2798/5424 2793/2745/5424
f 2794/2746/5425 2845/2799/5425 2795/2747/5425
f 2783/2731/5426 2818/2789/5426 2766/2711/5426
f 2847/2801/5427 2870/2811/5427 2796/2749/5427
f 2855/2812/5428 2807/2760/5428 2797/2750/5428
f 2855/2812/5429 2837/2791/5429 2807/2760/5429
f 2856/2813/5430 2838/2792/5430 2837/2791/5430
f 2872/2814/5431 2798/2751/5431 2838/2792/5431
f 2872/2814/5432 2823/2775/5432 2798/2751/5432
f 2857/2802/5433 2772/2724/5433 2839/2793/5433
f 2809/2763/5434 2858/2804/5434 2775/2736/5434
f 2858/2804/5435 2841/2795/5435 2826/2777/5435
f 2841/2795/5436 2859/2815/5436 2787/2737/5436
f 2859/2815/5437 2788/2738/5437 2787/2737/5437
f 2849/2805/5438 2828/2779/5438 2827/2778/5438
f 2891/2816/5439 2860/2817/5439 2828/2779/5439
f 2860/2817/5440 2762/2716/5440 2828/2779/5440
f 2860/2817/5441 2829/2780/5441 2762/2716/5441
f 2829/2780/5442 2861/2806/5442 2800/2753/5442
f 2862/2818/5443 2810/2765/5443 2850/2764/5443
f 2832/2783/5444 2863/2819/5444 2778/2726/5444
f 2864/2820/5445 2812/2767/5445 2778/2726/5445
f 2865/2821/5446 2842/2796/5446 2803/2755/5446
f 2852/2808/5447 2866/2822/5447 2816/2784/5447
f 2844/2797/5448 2881/2823/5448 2817/2770/5448
f 2881/2823/5449 2854/2798/5449 2817/2770/5449
f 2845/2799/5450 2867/2788/5450 2782/2730/5450
f 2868/2824/5451 2818/2789/5451 2806/2748/5451
f 2869/2825/5452 2836/2790/5452 2766/2711/5452
f 2846/2800/5453 2819/2771/5453 2836/2790/5453
f 2821/2773/5454 2901/2826/5454 2822/2774/5454
f 2871/2827/5455 2797/2750/5455 2796/2749/5455
f 2874/2828/5456 2825/2762/5456 2824/2776/5456
f 2876/2829/5457 2809/2763/5457 2848/2803/5457
f 2859/2815/5458 2849/2805/5458 2788/2738/5458
f 2877/2830/5459 2863/2819/5459 2832/2783/5459
f 2879/2831/5460 2803/2755/5460 2802/2742/5460
f 2896/2832/5461 2814/2768/5461 2842/2796/5461
f 2851/2807/5462 2880/2833/5462 2791/2743/5462
f 2880/2833/5463 2815/2769/5463 2791/2743/5463
f 2866/2822/5464 2833/2785/5464 2816/2784/5464
f 70/2757/5465 72/2834/5465 2843/2758/5465
f 2882/2835/5466 2867/2788/5466 2845/2799/5466
f 2867/2788/5467 2883/2836/5467 2806/2748/5467
f 2868/2824/5468 2884/2837/5468 2818/2789/5468
f 2818/2789/5469 2869/2825/5469 2766/2711/5469
f 2885/2838/5470 2846/2800/5470 2836/2790/5470
f 2886/2839/5471 2822/2774/5471 2901/2826/5471
f 2886/2839/5472 2847/2801/5472 2822/2774/5472
f 2887/2840/5473 2870/2811/5473 2847/2801/5473
f 2870/2811/5474 2888/2841/5474 2796/2749/5474
f 2871/2827/5475 2855/2812/5475 2797/2750/5475
f 2902/2842/5476 2837/2791/5476 2855/2812/5476
f 2902/2842/5477 2856/2813/5477 2837/2791/5477
f 2889/2843/5478 2823/2775/5478 2872/2814/5478
f 2873/2844/5479 2857/2802/5479 2839/2793/5479
f 2875/2845/5480 2786/2735/5480 2825/2762/5480
f 2786/2735/5481 2890/2846/5481 2840/2794/5481
f 2876/2829/5482 2858/2804/5482 2809/2763/5482
f 2849/2805/5483 2891/2816/5483 2828/2779/5483
f 2860/2817/5484 2892/2847/5484 2829/2780/5484
f 2893/2848/5485 2850/2764/5485 2861/2806/5485
f 2893/2848/5486 2862/2818/5486 2850/2764/5486
f 2894/2849/5487 2830/2781/5487 2811/2766/5487
f 2895/2850/5488 2831/2782/5488 2830/2781/5488
f 2895/2850/5489 2832/2783/5489 2831/2782/5489
f 2895/2850/5490 2877/2830/5490 2832/2783/5490
f 2863/2819/5491 2864/2820/5491 2778/2726/5491
f 2864/2820/5492 2878/2851/5492 2812/2767/5492
f 2878/2851/5493 2813/2727/5493 2812/2767/5493
f 2878/2851/5494 2802/2742/5494 2813/2727/5494
f 2909/2852/5495 2896/2832/5495 2842/2796/5495
f 2866/2822/5496 2853/2809/5496 2833/2785/5496
f 2897/2853/5497 2834/2786/5497 2853/2809/5497
f 2897/2853/5498 71/2810/5498 2834/2786/5498
f 72/2834/5499 2835/2787/5499 2843/2758/5499
f 2898/2854/5500 2844/2797/5500 2805/2759/5500
f 2881/2823/5501 2899/2855/5501 2854/2798/5501
f 2899/2855/5502 2900/2856/5502 2854/2798/5502
f 2900/2856/5503 2794/2746/5503 2854/2798/5503
f 2900/2856/5504 2845/2799/5504 2794/2746/5504
f 2883/2836/5505 2868/2824/5505 2806/2748/5505
f 2884/2837/5506 2869/2825/5506 2818/2789/5506
f 2869/2825/5507 2885/2838/5507 2836/2790/5507
f 2820/2772/5508 2901/2826/5508 2821/2773/5508
f 2886/2839/5509 2887/2840/5509 2847/2801/5509
f 2888/2841/5510 2871/2827/5510 2796/2749/5510
f 2871/2827/5511 2902/2842/5511 2855/2812/5511
f 2902/2842/5512 2903/2857/5512 2856/2813/5512
f 2903/2857/5513 2838/2792/5513 2856/2813/5513
f 2903/2857/5514 2872/2814/5514 2838/2792/5514
f 2904/2858/5515 2889/2843/5515 2872/2814/5515
f 2857/2802/5516 2874/2828/5516 2824/2776/5516
f 2874/2828/5517 2890/2846/5517 2825/2762/5517
f 2875/2845/5518 2890/2846/5518 2786/2735/5518
f 2905/2859/5519 2848/2803/5519 2840/2794/5519
f 2906/2860/5520 2859/2815/5520 2841/2795/5520
f 2859/2815/5521 2891/2816/5521 2849/2805/5521
f 2907/2861/5522 2829/2780/5522 2892/2847/5522
f 2916/2862/5523 2862/2818/5523 2893/2848/5523
f 2862/2818/5524 2908/2863/5524 2810/2765/5524
f 2908/2863/5525 2811/2766/5525 2810/2765/5525
f 2908/2863/5526 2894/2849/5526 2811/2766/5526
f 2920/2864/5527 2879/2831/5527 2802/2742/5527
f 2879/2831/5528 2865/2821/5528 2803/2755/5528
f 2865/2821/5529 2909/2852/5529 2842/2796/5529
f 2938/2865/5530 2814/2768/5530 2896/2832/5530
f 2938/2865/5531 2851/2807/5531 2814/2768/5531
f 2880/2833/5532 2852/2808/5532 2815/2769/5532
f 2910/2866/5533 2853/2809/5533 2866/2822/5533
f 2910/2866/5534 2897/2853/5534 2853/2809/5534
f 2911/2867/5535 2805/2759/5535 2835/2787/5535
f 2911/2867/5536 2898/2854/5536 2805/2759/5536
f 2887/2840/5537 2888/2841/5537 2870/2811/5537
f 2912/2868/5538 2872/2814/5538 2903/2857/5538
f 2912/2868/5539 2913/2869/5539 2872/2814/5539
f 2913/2869/5540 2904/2858/5540 2872/2814/5540
f 2889/2843/5541 2839/2793/5541 2823/2775/5541
f 2890/2846/5542 2875/2845/5542 2825/2762/5542
f 2890/2846/5543 2905/2859/5543 2840/2794/5543
f 2915/2870/5544 2876/2829/5544 2848/2803/5544
f 2858/2804/5545 2906/2860/5545 2841/2795/5545
f 2907/2861/5546 2861/2806/5546 2829/2780/5546
f 2916/2862/5547 2917/2871/5547 2862/2818/5547
f 2917/2871/5548 2908/2863/5548 2862/2818/5548
f 2894/2849/5549 2918/2872/5549 2830/2781/5549
f 2918/2872/5550 2895/2850/5550 2830/2781/5550
f 2919/2873/5551 2863/2819/5551 2877/2830/5551
f 2949/2874/5552 2880/2833/5552 2851/2807/5552
f 2921/2875/5553 2852/2808/5553 2880/2833/5553
f 72/2834/5554 73/2876/5554 2835/2787/5554
f 2898/2854/5555 2881/2823/5555 2844/2797/5555
f 2923/2877/5556 2899/2855/5556 2881/2823/5556
f 2900/2856/5557 2924/2878/5557 2845/2799/5557
f 2924/2878/5558 2882/2835/5558 2845/2799/5558
f 2882/2835/5559 2925/2879/5559 2867/2788/5559
f 2925/2879/5560 2926/2880/5560 2867/2788/5560
f 2926/2880/5561 2883/2836/5561 2867/2788/5561
f 2884/2837/5562 2928/2881/5562 2869/2825/5562
f 2929/2882/5563 2885/2838/5563 2869/2825/5563
f 2930/2883/5564 2846/2800/5564 2885/2838/5564
f 2930/2883/5565 2931/2884/5565 2846/2800/5565
f 2931/2884/5566 2820/2772/5566 2846/2800/5566
f 2931/2884/5567 2901/2826/5567 2820/2772/5567
f 2914/2885/5568 2839/2793/5568 2889/2843/5568
f 2905/2859/5569 2932/2886/5569 2848/2803/5569
f 2932/2886/5570 2915/2870/5570 2848/2803/5570
f 2933/2887/5571 2858/2804/5571 2876/2829/5571
f 2934/2888/5572 2859/2815/5572 2906/2860/5572
f 2935/2889/5573 2891/2816/5573 2859/2815/5573
f 2935/2889/5574 2936/2890/5574 2891/2816/5574
f 2937/2891/5575 2893/2848/5575 2861/2806/5575
f 2919/2873/5576 2864/2820/5576 2863/2819/5576
f 2878/2851/5577 2920/2864/5577 2802/2742/5577
f 2852/2808/5578 2922/2892/5578 2866/2822/5578
f 73/2876/5579 2911/2867/5579 2835/2787/5579
f 2898/2854/5580 2923/2877/5580 2881/2823/5580
f 2939/2893/5581 2924/2878/5581 2900/2856/5581
f 2868/2824/5582 2928/2881/5582 2884/2837/5582
f 2871/2827/5583 2940/2894/5583 2902/2842/5583
f 2940/2894/5584 2903/2857/5584 2902/2842/5584
f 2940/2894/5585 2912/2868/5585 2903/2857/5585
f 2941/2895/5586 2913/2869/5586 2912/2868/5586
f 2839/2793/5587 2942/2896/5587 2873/2844/5587
f 2942/2896/5588 2857/2802/5588 2873/2844/5588
f 2944/2897/5589 2890/2846/5589 2874/2828/5589
f 2957/2898/5590 2905/2859/5590 2890/2846/5590
f 2933/2887/5591 2876/2829/5591 2915/2870/5591
f 2933/2887/5592 2945/2899/5592 2858/2804/5592
f 2945/2899/5593 2906/2860/5593 2858/2804/5593
f 2945/2899/5594 2934/2888/5594 2906/2860/5594
f 2934/2888/5595 2935/2889/5595 2859/2815/5595
f 2936/2890/5596 2946/2900/5596 2891/2816/5596
f 2946/2900/5597 2860/2817/5597 2891/2816/5597
f 2907/2861/5598 2937/2891/5598 2861/2806/5598
f 2937/2891/5599 2916/2862/5599 2893/2848/5599
f 2918/2872/5600 2877/2830/5600 2895/2850/5600
f 2919/2873/5601 2947/2901/5601 2864/2820/5601
f 2947/2901/5602 2878/2851/5602 2864/2820/5602
f 2949/2874/5603 2851/2807/5603 2938/2865/5603
f 2921/2875/5604 2922/2892/5604 2852/2808/5604
f 2922/2892/5605 2910/2866/5605 2866/2822/5605
f 2950/2902/5606 2897/2853/5606 2910/2866/5606
f 2897/2853/5607 2967/2903/5607 71/2810/5607
f 2951/2904/5608 2923/2877/5608 2898/2854/5608
f 2923/2877/5609 2900/2856/5609 2899/2855/5609
f 2923/2877/5610 2952/2905/5610 2900/2856/5610
f 2952/2905/5611 2939/2893/5611 2900/2856/5611
f 2924/2878/5612 2953/2906/5612 2882/2835/5612
f 2953/2906/5613 2925/2879/5613 2882/2835/5613
f 2883/2836/5614 2927/2907/5614 2868/2824/5614
f 2928/2881/5615 2954/2908/5615 2869/2825/5615
f 2954/2908/5616 2929/2882/5616 2869/2825/5616
f 2929/2882/5617 2930/2883/5617 2885/2838/5617
f 2941/2895/5618 2904/2858/5618 2913/2869/5618
f 2914/2885/5619 2955/2909/5619 2839/2793/5619
f 2955/2909/5620 2942/2896/5620 2839/2793/5620
f 2942/2896/5621 2874/2828/5621 2857/2802/5621
f 2942/2896/5622 2943/2910/5622 2874/2828/5622
f 2943/2910/5623 2956/2911/5623 2874/2828/5623
f 2944/2897/5624 2957/2898/5624 2890/2846/5624
f 2934/2888/5625 2958/2912/5625 2935/2889/5625
f 2860/2817/5626 2946/2900/5626 2892/2847/5626
f 2959/2913/5627 2917/2871/5627 2916/2862/5627
f 2961/2914/5628 2918/2872/5628 2894/2849/5628
f 2918/2872/5629 2962/2915/5629 2877/2830/5629
f 2962/2915/5630 2919/2873/5630 2877/2830/5630
f 2947/2901/5631 2963/2916/5631 2878/2851/5631
f 2963/2916/5632 2948/2917/5632 2878/2851/5632
f 2948/2917/5633 2920/2864/5633 2878/2851/5633
f 2964/2918/5634 2909/2852/5634 2865/2821/5634
f 2965/2919/5635 2896/2832/5635 2909/2852/5635
f 2896/2832/5636 2965/2919/5636 2938/2865/5636
f 2966/2920/5637 2910/2866/5637 2922/2892/5637
f 2966/2920/5638 2950/2902/5638 2910/2866/5638
f 2968/2921/5639 2951/2904/5639 2898/2854/5639
f 2939/2893/5640 2953/2906/5640 2924/2878/5640
f 2927/2907/5641 2928/2881/5641 2868/2824/5641
f 2940/2894/5642 2981/2922/5642 2912/2868/5642
f 2956/2911/5643 2944/2897/5643 2874/2828/5643
f 2905/2859/5644 2969/2923/5644 2932/2886/5644
f 2970/2924/5645 2915/2870/5645 2932/2886/5645
f 2937/2891/5646 2959/2913/5646 2916/2862/5646
f 2908/2863/5647 2960/2925/5647 2894/2849/5647
f 2960/2925/5648 2961/2914/5648 2894/2849/5648
f 2919/2873/5649 2972/2926/5649 2947/2901/5649
f 2973/2927/5650 2879/2831/5650 2920/2864/5650
f 2964/2918/5651 2865/2821/5651 2879/2831/5651
f 2974/2928/5652 2949/2874/5652 2938/2865/5652
f 2966/2920/5653 2989/2929/5653 2950/2902/5653
f 2950/2902/5654 2967/2903/5654 2897/2853/5654
f 2911/2867/5655 2968/2921/5655 2898/2854/5655
f 2951/2904/5656 2990/2930/5656 2923/2877/5656
f 2975/2931/5657 2952/2905/5657 2923/2877/5657
f 2952/2905/5658 2976/2932/5658 2939/2893/5658
f 2977/2933/5659 2931/2884/5659 2930/2883/5659
f 2931/2884/5660 3009/2934/5660 2901/2826/5660
f 3009/2934/5661 2886/2839/5661 2901/2826/5661
f 3009/2934/5662 2978/2935/5662 2886/2839/5662
f 2978/2935/5663 2887/2840/5663 2886/2839/5663
f 3019/2936/5664 2979/2937/5664 2887/2840/5664
f 2979/2937/5665 2888/2841/5665 2887/2840/5665
f 2979/2937/5666 2871/2827/5666 2888/2841/5666
f 2980/2938/5667 2981/2922/5667 2940/2894/5667
f 2982/2939/5668 2912/2868/5668 2981/2922/5668
f 2982/2939/5669 2941/2895/5669 2912/2868/5669
f 2956/2911/5670 2957/2898/5670 2944/2897/5670
f 2983/2940/5671 2905/2859/5671 2957/2898/5671
f 2969/2923/5672 2970/2924/5672 2932/2886/5672
f 2984/2941/5673 2933/2887/5673 2915/2870/5673
f 2984/2941/5674 2945/2899/5674 2933/2887/5674
f 2971/2942/5675 2934/2888/5675 2945/2899/5675
f 2934/2888/5676 2985/2943/5676 2958/2912/5676
f 2958/2912/5677 2936/2890/5677 2935/2889/5677
f 2892/2847/5678 2986/2944/5678 2907/2861/5678
f 2986/2944/5679 2937/2891/5679 2907/2861/5679
f 2987/2945/5680 2908/2863/5680 2917/2871/5680
f 2987/2945/5681 2960/2925/5681 2908/2863/5681
f 2962/2915/5682 2988/2946/5682 2919/2873/5682
f 2988/2946/5683 2972/2926/5683 2919/2873/5683
f 2972/2926/5684 2963/2916/5684 2947/2901/5684
f 2948/2917/5685 2973/2927/5685 2920/2864/5685
f 2973/2927/5686 2964/2918/5686 2879/2831/5686
f 3016/2947/5687 2966/2920/5687 2922/2892/5687
f 2967/2903/5688 74/2948/5688 71/2810/5688
f 3028/2949/5689 2911/2867/5689 73/2876/5689
f 2968/2921/5690 2990/2930/5690 2951/2904/5690
f 2990/2930/5691 2975/2931/5691 2923/2877/5691
f 2926/2880/5692 2991/2950/5692 2883/2836/5692
f 2991/2950/5693 2927/2907/5693 2883/2836/5693
f 2992/2951/5694 2993/2952/5694 2927/2907/5694
f 2993/2952/5695 2928/2881/5695 2927/2907/5695
f 2954/2908/5696 2928/2881/5696 2993/2952/5696
f 2982/2939/5697 2994/2953/5697 2941/2895/5697
f 2994/2953/5698 2904/2858/5698 2941/2895/5698
f 2942/2896/5699 2995/2954/5699 2943/2910/5699
f 2956/2911/5700 2996/2955/5700 2957/2898/5700
f 2983/2940/5701 2969/2923/5701 2905/2859/5701
f 2970/2924/5702 2984/2941/5702 2915/2870/5702
f 2945/2899/5703 2997/2956/5703 2971/2942/5703
f 2958/2912/5704 2946/2900/5704 2936/2890/5704
f 2998/2957/5705 2892/2847/5705 2946/2900/5705
f 2999/2958/5706 2917/2871/5706 2959/2913/5706
f 2999/2958/5707 2987/2945/5707 2917/2871/5707
f 2961/2914/5708 2962/2915/5708 2918/2872/5708
f 2948/2917/5709 3000/2959/5709 2973/2927/5709
f 2964/2918/5710 2965/2919/5710 2909/2852/5710
f 2974/2928/5711 2938/2865/5711 2965/2919/5711
f 3002/2960/5712 2880/2833/5712 2949/2874/5712
f 3002/2960/5713 2921/2875/5713 2880/2833/5713
f 2921/2875/5714 3003/2961/5714 2922/2892/5714
f 3004/2962/5715 74/2948/5715 2967/2903/5715
f 3028/2949/5716 3005/2963/5716 2968/2921/5716
f 3005/2963/5717 2990/2930/5717 2968/2921/5717
f 2975/2931/5718 2976/2932/5718 2952/2905/5718
f 2976/2932/5719 3006/2964/5719 2939/2893/5719
f 2953/2906/5720 3007/2965/5720 2925/2879/5720
f 3008/2966/5721 2930/2883/5721 2929/2882/5721
f 3008/2966/5722 2977/2933/5722 2930/2883/5722
f 2978/2935/5723 3019/2936/5723 2887/2840/5723
f 3010/2967/5724 2940/2894/5724 2871/2827/5724
f 3010/2967/5725 2980/2938/5725 2940/2894/5725
f 2904/2858/5726 2914/2885/5726 2889/2843/5726
f 2955/2909/5727 2995/2954/5727 2942/2896/5727
f 2995/2954/5728 2956/2911/5728 2943/2910/5728
f 2996/2955/5729 2983/2940/5729 2957/2898/5729
f 2983/2940/5730 2970/2924/5730 2969/2923/5730
f 2971/2942/5731 2985/2943/5731 2934/2888/5731
f 2986/2944/5732 2892/2847/5732 2998/2957/5732
f 2987/2945/5733 3011/2968/5733 2960/2925/5733
f 3011/2968/5734 2961/2914/5734 2960/2925/5734
f 3012/2969/5735 2988/2946/5735 2962/2915/5735
f 3013/2970/5736 2972/2926/5736 2988/2946/5736
f 3014/2971/5737 2965/2919/5737 2964/2918/5737
f 3014/2971/5738 3001/2972/5738 2965/2919/5738
f 3003/2961/5739 3016/2947/5739 2922/2892/5739
f 3016/2947/5740 2989/2929/5740 2966/2920/5740
f 3017/2973/5741 2950/2902/5741 2989/2929/5741
f 3017/2973/5742 2967/2903/5742 2950/2902/5742
f 3028/2949/5655 2968/2921/5655 2911/2867/5655
f 3006/2964/5743 2953/2906/5743 2939/2893/5743
f 3007/2965/5744 2926/2880/5744 2925/2879/5744
f 2991/2950/5745 2992/2951/5745 2927/2907/5745
f 2954/2908/5746 3018/2974/5746 2929/2882/5746
f 3018/2974/5747 3008/2966/5747 2929/2882/5747
f 3020/2975/5748 2981/2922/5748 2980/2938/5748
f 3021/2976/5749 2984/2941/5749 2970/2924/5749
f 2984/2941/5750 2997/2956/5750 2945/2899/5750
f 3022/2977/5751 2985/2943/5751 2971/2942/5751
f 3041/2978/5752 2958/2912/5752 2985/2943/5752
f 3023/2979/5753 2946/2900/5753 2958/2912/5753
f 2986/2944/5754 3024/2980/5754 2937/2891/5754
f 3024/2980/5755 3025/2981/5755 2959/2913/5755
f 3025/2981/5756 2999/2958/5756 2959/2913/5756
f 2961/2914/5757 3012/2969/5757 2962/2915/5757
f 3012/2969/5758 3013/2970/5758 2988/2946/5758
f 3000/2959/5759 2964/2918/5759 2973/2927/5759
f 3015/2982/5760 2921/2875/5760 3002/2960/5760
f 3016/2947/5761 3026/2983/5761 2989/2929/5761
f 3026/2983/5762 3017/2973/5762 2989/2929/5762
f 3027/2984/5763 3004/2962/5763 2967/2903/5763
f 3060/2985/5764 3005/2963/5764 3028/2949/5764
f 3029/2986/5765 2975/2931/5765 2990/2930/5765
f 3046/2987/5766 2976/2932/5766 2975/2931/5766
f 3046/2987/5767 3006/2964/5767 2976/2932/5767
f 3047/2988/5768 2953/2906/5768 3006/2964/5768
f 3007/2965/5769 2991/2950/5769 2926/2880/5769
f 2992/2951/5770 3030/2989/5770 2993/2952/5770
f 3031/2990/5771 2954/2908/5771 2993/2952/5771
f 2977/2933/5772 3032/2991/5772 2931/2884/5772
f 3032/2991/5773 3009/2934/5773 2931/2884/5773
f 3032/2991/5774 3033/2992/5774 3009/2934/5774
f 3033/2992/5775 3034/2993/5775 3009/2934/5775
f 3034/2993/5776 2978/2935/5776 3009/2934/5776
f 3010/2967/5777 2871/2827/5777 2979/2937/5777
f 3010/2967/5778 3035/2994/5778 2980/2938/5778
f 3035/2994/5779 3020/2975/5779 2980/2938/5779
f 3020/2975/5780 3036/2995/5780 2981/2922/5780
f 3036/2995/5781 2982/2939/5781 2981/2922/5781
f 3036/2995/5782 2994/2953/5782 2982/2939/5782
f 2956/2911/5783 3037/2996/5783 2996/2955/5783
f 2996/2955/5784 3038/2997/5784 2983/2940/5784
f 2983/2940/5785 3039/2998/5785 2970/2924/5785
f 3070/2999/5786 2971/2942/5786 2997/2956/5786
f 3070/2999/5787 3022/2977/5787 2971/2942/5787
f 3022/2977/5788 3041/2978/5788 2985/2943/5788
f 3041/2978/5789 3023/2979/5789 2958/2912/5789
f 3023/2979/5790 2998/2957/5790 2946/2900/5790
f 3023/2979/5791 3072/3000/5791 2998/2957/5791
f 3072/3000/5792 2986/2944/5792 2998/2957/5792
f 3024/2980/5793 2959/2913/5793 2937/2891/5793
f 2999/2958/5794 3011/2968/5794 2987/2945/5794
f 2963/2916/5795 3043/3001/5795 2948/2917/5795
f 3043/3001/5796 3000/2959/5796 2948/2917/5796
f 3000/2959/5797 3014/2971/5797 2964/2918/5797
f 3002/2960/5798 2949/2874/5798 2974/2928/5798
f 3015/2982/5799 3003/2961/5799 2921/2875/5799
f 3044/3002/5800 3026/2983/5800 3016/2947/5800
f 3017/2973/5801 3045/3003/5801 2967/2903/5801
f 3045/3003/5802 3027/2984/5802 2967/2903/5802
f 3005/2963/5803 3029/2986/5803 2990/2930/5803
f 3047/2988/5804 3007/2965/5804 2953/2906/5804
f 3030/2989/5805 3031/2990/5805 2993/2952/5805
f 3031/2990/5806 3018/2974/5806 2954/2908/5806
f 3048/3004/5807 2904/2858/5807 2994/2953/5807
f 3048/3004/5808 3049/3005/5808 2904/2858/5808
f 3049/3005/5809 2914/2885/5809 2904/2858/5809
f 3038/2997/5810 3039/2998/5810 2983/2940/5810
f 3039/2998/5811 3021/2976/5811 2970/2924/5811
f 3021/2976/5812 3040/3006/5812 2984/2941/5812
f 3040/3006/5813 2997/2956/5813 2984/2941/5813
f 3072/3000/5814 3050/3007/5814 2986/2944/5814
f 3024/2980/5815 3051/3008/5815 3025/2981/5815
f 3025/2981/5816 3052/3009/5816 2999/2958/5816
f 2999/2958/5817 3052/3009/5817 3011/2968/5817
f 3052/3009/5818 3053/3010/5818 3011/2968/5818
f 3053/3010/5819 2961/2914/5819 3011/2968/5819
f 3053/3010/5820 3042/3011/5820 2961/2914/5820
f 3042/3011/5821 3012/2969/5821 2961/2914/5821
f 3054/3012/5822 3013/2970/5822 3012/2969/5822
f 3013/2970/5823 3055/3013/5823 2972/2926/5823
f 3055/3013/5824 2963/2916/5824 2972/2926/5824
f 3056/3014/5825 2974/2928/5825 2965/2919/5825
f 2974/2928/5826 3057/3015/5826 3002/2960/5826
f 3058/3016/5827 3044/3002/5827 3016/2947/5827
f 3059/3017/5828 3026/2983/5828 3044/3002/5828
f 3059/3017/5829 3017/2973/5829 3026/2983/5829
f 3092/3018/5830 2975/2931/5830 3029/2986/5830
f 3092/3018/5831 3046/2987/5831 2975/2931/5831
f 3046/2987/5832 3047/2988/5832 3006/2964/5832
f 3061/3019/5833 3007/2965/5833 3047/2988/5833
f 2991/2950/5834 3030/2989/5834 2992/2951/5834
f 3018/2974/5835 3062/3020/5835 3008/2966/5835
f 3062/3020/5836 2977/2933/5836 3008/2966/5836
f 3062/3020/5837 3032/2991/5837 2977/2933/5837
f 3033/2992/5838 3063/3021/5838 3034/2993/5838
f 3082/3022/5839 3010/2967/5839 2979/2937/5839
f 3020/2975/5840 3064/3023/5840 3036/2995/5840
f 3036/2995/5841 3048/3004/5841 2994/2953/5841
f 3049/3005/5842 3065/3024/5842 2914/2885/5842
f 3065/3024/5843 2955/2909/5843 2914/2885/5843
f 3065/3024/5844 2995/2954/5844 2955/2909/5844
f 3067/3025/5845 2956/2911/5845 2995/2954/5845
f 3067/3025/5846 3068/3026/5846 2956/2911/5846
f 3068/3026/5847 3037/2996/5847 2956/2911/5847
f 3069/3027/5848 3021/2976/5848 3039/2998/5848
f 3040/3006/5849 3070/2999/5849 2997/2956/5849
f 3071/3028/5850 3041/2978/5850 3022/2977/5850
f 3074/3029/5851 3050/3007/5851 3072/3000/5851
f 3050/3007/5852 3024/2980/5852 2986/2944/5852
f 3075/3030/5853 3051/3008/5853 3024/2980/5853
f 3055/3013/5854 3076/3031/5854 2963/2916/5854
f 3076/3031/5855 3043/3001/5855 2963/2916/5855
f 3043/3001/5856 3077/3032/5856 3000/2959/5856
f 3056/3014/5857 2965/2919/5857 3001/2972/5857
f 3058/3016/5858 3016/2947/5858 3003/2961/5858
f 3091/3033/5859 3044/3002/5859 3058/3016/5859
f 3059/3017/5860 3078/3034/5860 3017/2973/5860
f 3078/3034/5861 3045/3003/5861 3017/2973/5861
f 3078/3034/5862 3027/2984/5862 3045/3003/5862
f 3027/2984/5863 3079/3035/5863 3004/2962/5863
f 3079/3035/5864 74/2948/5864 3004/2962/5864
f 75/3036/5865 3060/2985/5865 3028/2949/5865
f 3007/2965/5866 3080/3037/5866 2991/2950/5866
f 3080/3037/5867 3030/2989/5867 2991/2950/5867
f 3107/3038/5868 3062/3020/5868 3018/2974/5868
f 3063/3021/5869 3019/2936/5869 3034/2993/5869
f 3019/2936/5870 2978/2935/5870 3034/2993/5870
f 3064/3023/5871 3048/3004/5871 3036/2995/5871
f 3083/3039/5872 3049/3005/5872 3048/3004/5872
f 3065/3024/5873 3066/3040/5873 2995/2954/5873
f 3066/3040/5874 3067/3025/5874 2995/2954/5874
f 3037/2996/5875 3038/2997/5875 2996/2955/5875
f 3070/2999/5876 3071/3028/5876 3022/2977/5876
f 3084/3041/5877 3023/2979/5877 3041/2978/5877
f 3084/3041/5878 3072/3000/5878 3023/2979/5878
f 3073/3042/5879 3074/3029/5879 3072/3000/5879
f 3085/3043/5880 3051/3008/5880 3075/3030/5880
f 3051/3008/5881 3052/3009/5881 3025/2981/5881
f 3086/3044/5882 3053/3010/5882 3052/3009/5882
f 3087/3045/5883 3012/2969/5883 3042/3011/5883
f 3087/3045/5884 3054/3012/5884 3012/2969/5884
f 3088/3046/5885 3055/3013/5885 3013/2970/5885
f 3101/3047/5886 3014/2971/5886 3000/2959/5886
f 3056/3014/5887 3089/3048/5887 2974/2928/5887
f 3089/3048/5888 3057/3015/5888 2974/2928/5888
f 3090/3049/5889 3003/2961/5889 3015/2982/5889
f 3091/3033/5890 3058/3016/5890 3003/2961/5890
f 3091/3033/5891 3059/3017/5891 3044/3002/5891
f 3030/2989/5892 3081/3050/5892 3031/2990/5892
f 3081/3050/5893 3018/2974/5893 3031/2990/5893
f 3108/3051/5894 3063/3021/5894 3033/2992/5894
f 3063/3021/5895 3124/3052/5895 3019/2936/5895
f 3094/3053/5896 3035/2994/5896 3010/2967/5896
f 3064/3023/5897 3020/2975/5897 3035/2994/5897
f 3064/3023/5898 3095/3054/5898 3048/3004/5898
f 3095/3054/5899 3096/3055/5899 3048/3004/5899
f 3096/3055/5900 3083/3039/5900 3048/3004/5900
f 3040/3006/5901 3097/3056/5901 3070/2999/5901
f 3071/3028/5902 3084/3041/5902 3041/2978/5902
f 3098/3057/5903 3024/2980/5903 3050/3007/5903
f 3099/3058/5904 3052/3009/5904 3051/3008/5904
f 3099/3058/5905 3086/3044/5905 3052/3009/5905
f 3053/3010/5906 3087/3045/5906 3042/3011/5906
f 3100/3059/5907 3043/3001/5907 3076/3031/5907
f 3100/3059/5908 3077/3032/5908 3043/3001/5908
f 3077/3032/5909 3101/3047/5909 3000/2959/5909
f 3102/3060/5910 3001/2972/5910 3014/2971/5910
f 3102/3060/5911 3056/3014/5911 3001/2972/5911
f 3102/3060/5912 3103/3061/5912 3056/3014/5912
f 3103/3061/5913 3089/3048/5913 3056/3014/5913
f 3090/3049/5914 3091/3033/5914 3003/2961/5914
f 3005/2963/5915 3092/3018/5915 3029/2986/5915
f 3104/3062/5916 3047/2988/5916 3046/2987/5916
f 3104/3062/5917 3061/3019/5917 3047/2988/5917
f 3061/3019/5918 3080/3037/5918 3007/2965/5918
f 3080/3037/5919 3106/3063/5919 3030/2989/5919
f 3081/3050/5920 3107/3038/5920 3018/2974/5920
f 3032/2991/5921 3108/3051/5921 3033/2992/5921
f 3108/3051/5922 3124/3052/5922 3063/3021/5922
f 3019/2936/5923 3109/3064/5923 2979/2937/5923
f 3109/3064/5924 3082/3022/5924 2979/2937/5924
f 3093/3065/5925 3010/2967/5925 3082/3022/5925
f 3110/3066/5926 3039/2998/5926 3038/2997/5926
f 3111/3067/5927 3021/2976/5927 3069/3027/5927
f 3021/2976/5928 3097/3056/5928 3040/3006/5928
f 3112/3068/5929 3071/3028/5929 3070/2999/5929
f 3084/3041/5930 3073/3042/5930 3072/3000/5930
f 3113/3069/5931 3074/3029/5931 3073/3042/5931
f 3113/3069/5932 3050/3007/5932 3074/3029/5932
f 3113/3069/5933 3114/3070/5933 3050/3007/5933
f 3114/3070/5934 3098/3057/5934 3050/3007/5934
f 3098/3057/5935 3075/3030/5935 3024/2980/5935
f 3086/3044/5936 3115/3071/5936 3053/3010/5936
f 3115/3071/5937 3087/3045/5937 3053/3010/5937
f 3054/3012/5938 3088/3046/5938 3013/2970/5938
f 3116/3072/5939 3055/3013/5939 3088/3046/5939
f 3116/3072/5940 3076/3031/5940 3055/3013/5940
f 3101/3047/5941 3102/3060/5941 3014/2971/5941
f 3117/3073/5942 3090/3049/5942 3015/2982/5942
f 3119/3074/5943 3078/3034/5943 3059/3017/5943
f 3078/3034/5944 3120/3075/5944 3027/2984/5944
f 3120/3075/5945 3079/3035/5945 3027/2984/5945
f 3079/3035/5946 76/3076/5946 74/2948/5946
f 3121/3077/5947 3005/2963/5947 3060/2985/5947
f 3121/3077/5948 3092/3018/5948 3005/2963/5948
f 3122/3078/5949 3061/3019/5949 3104/3062/5949
f 3061/3019/5950 3123/3079/5950 3080/3037/5950
f 3062/3020/5951 3108/3051/5951 3032/2991/5951
f 3124/3052/5952 3109/3064/5952 3019/2936/5952
f 3093/3065/5953 3094/3053/5953 3010/2967/5953
f 3094/3053/5954 3064/3023/5954 3035/2994/5954
f 3125/3080/5955 3049/3005/5955 3083/3039/5955
f 3126/3081/5956 3065/3024/5956 3049/3005/5956
f 3126/3081/5957 3066/3040/5957 3065/3024/5957
f 3110/3066/5958 3069/3027/5958 3039/2998/5958
f 3111/3067/5959 3097/3056/5959 3021/2976/5959
f 3097/3056/5960 3112/3068/5960 3070/2999/5960
f 3112/3068/5961 3084/3041/5961 3071/3028/5961
f 3127/3082/5962 3073/3042/5962 3084/3041/5962
f 3128/3083/5963 3075/3030/5963 3098/3057/5963
f 3075/3030/5964 3129/3084/5964 3085/3043/5964
f 3129/3084/5965 3051/3008/5965 3085/3043/5965
f 3129/3084/5966 3130/3085/5966 3051/3008/5966
f 3130/3085/5967 3099/3058/5967 3051/3008/5967
f 3146/3086/5968 3115/3071/5968 3086/3044/5968
f 3148/3087/5969 3088/3046/5969 3054/3012/5969
f 3116/3072/5970 3131/3088/5970 3076/3031/5970
f 3131/3088/5971 3100/3059/5971 3076/3031/5971
f 3100/3059/5972 3132/3089/5972 3077/3032/5972
f 3132/3089/5973 3101/3047/5973 3077/3032/5973
f 3089/3048/5974 3002/2960/5974 3057/3015/5974
f 3117/3073/5975 3015/2982/5975 3002/2960/5975
f 3117/3073/5976 3133/3090/5976 3090/3049/5976
f 3090/3049/5977 3118/3091/5977 3091/3033/5977
f 3193/3092/5978 3059/3017/5978 3091/3033/5978
f 3193/3092/5979 3119/3074/5979 3059/3017/5979
f 3092/3018/5980 3104/3062/5980 3046/2987/5980
f 3122/3078/5981 3105/3093/5981 3061/3019/5981
f 3105/3093/5982 3134/3094/5982 3061/3019/5982
f 3134/3094/5983 3123/3079/5983 3061/3019/5983
f 3123/3079/5984 3106/3063/5984 3080/3037/5984
f 3106/3063/5985 3135/3095/5985 3030/2989/5985
f 3135/3095/5986 3081/3050/5986 3030/2989/5986
f 3136/3096/5987 3107/3038/5987 3081/3050/5987
f 3136/3096/5988 3137/3097/5988 3107/3038/5988
f 3138/3098/5989 3108/3051/5989 3062/3020/5989
f 3108/3051/5990 3155/3099/5990 3124/3052/5990
f 3139/3100/5991 3064/3023/5991 3094/3053/5991
f 3095/3054/5992 3064/3023/5992 3139/3100/5992
f 3096/3055/5993 3125/3080/5993 3083/3039/5993
f 3125/3080/5994 3126/3081/5994 3049/3005/5994
f 3140/3101/5995 3037/2996/5995 3068/3026/5995
f 3037/2996/5996 3110/3066/5996 3038/2997/5996
f 3141/3102/5997 3142/3103/5997 3097/3056/5997
f 3142/3103/5998 3112/3068/5998 3097/3056/5998
f 3142/3103/5999 3143/3104/5999 3112/3068/5999
f 3144/3105/6000 3084/3041/6000 3112/3068/6000
f 3130/3085/6001 3145/3106/6001 3099/3058/6001
f 3145/3106/6002 3086/3044/6002 3099/3058/6002
f 3145/3106/6003 3146/3086/6003 3086/3044/6003
f 3147/3107/6004 3087/3045/6004 3115/3071/6004
f 3147/3107/6005 3054/3012/6005 3087/3045/6005
f 3147/3107/6006 3148/3087/6006 3054/3012/6006
f 3148/3087/6007 3149/3108/6007 3088/3046/6007
f 3149/3108/6008 3116/3072/6008 3088/3046/6008
f 3149/3108/6009 3131/3088/6009 3116/3072/6009
f 3131/3088/6010 3162/3109/6010 3100/3059/6010
f 3102/3060/6011 3150/3110/6011 3103/3061/6011
f 3150/3110/6012 3151/3111/6012 3103/3061/6012
f 3151/3111/6013 3089/3048/6013 3103/3061/6013
f 3089/3048/6014 3117/3073/6014 3002/2960/6014
f 3133/3090/6015 3118/3091/6015 3090/3049/6015
f 3118/3091/6016 3193/3092/6016 3091/3033/6016
f 3120/3075/6017 3078/3034/6017 3119/3074/6017
f 3152/3112/6018 3104/3062/6018 3092/3018/6018
f 3153/3113/6019 3122/3078/6019 3104/3062/6019
f 3154/3114/6020 3134/3094/6020 3105/3093/6020
f 3135/3095/6021 3136/3096/6021 3081/3050/6021
f 3138/3098/6022 3155/3099/6022 3108/3051/6022
f 3155/3099/6023 3109/3064/6023 3124/3052/6023
f 3126/3081/6024 3067/3025/6024 3066/3040/6024
f 3140/3101/6025 3110/3066/6025 3037/2996/6025
f 3157/3115/6026 3069/3027/6026 3110/3066/6026
f 3158/3116/6027 3144/3105/6027 3112/3068/6027
f 3144/3105/6028 3127/3082/6028 3084/3041/6028
f 3159/3117/6029 3073/3042/6029 3127/3082/6029
f 3159/3117/6030 3113/3069/6030 3073/3042/6030
f 3114/3070/6031 3160/3118/6031 3098/3057/6031
f 3160/3118/6032 3128/3083/6032 3098/3057/6032
f 3128/3083/6033 3129/3084/6033 3075/3030/6033
f 75/3036/6034 3163/3119/6034 3060/2985/6034
f 3163/3119/6035 3121/3077/6035 3060/2985/6035
f 3183/3120/6036 3092/3018/6036 3121/3077/6036
f 3164/3121/6037 3104/3062/6037 3152/3112/6037
f 3164/3121/6038 3153/3113/6038 3104/3062/6038
f 3122/3078/6039 3165/3122/6039 3105/3093/6039
f 3166/3123/6040 3106/3063/6040 3123/3079/6040
f 3107/3038/6041 3138/3098/6041 3062/3020/6041
f 3109/3064/6042 3156/3124/6042 3082/3022/6042
f 3156/3124/6043 3093/3065/6043 3082/3022/6043
f 3125/3080/6044 3168/3125/6044 3126/3081/6044
f 3186/3126/6045 3068/3026/6045 3067/3025/6045
f 3140/3101/6046 3169/3127/6046 3110/3066/6046
f 3143/3104/6047 3158/3116/6047 3112/3068/6047
f 3158/3116/6048 3170/3128/6048 3144/3105/6048
f 3170/3128/6049 3171/3129/6049 3144/3105/6049
f 3171/3129/6050 3127/3082/6050 3144/3105/6050
f 3159/3117/6051 3172/3130/6051 3113/3069/6051
f 3172/3130/6052 3173/3131/6052 3113/3069/6052
f 3173/3131/6053 3174/3132/6053 3113/3069/6053
f 3174/3132/6054 3114/3070/6054 3113/3069/6054
f 3174/3132/6055 3160/3118/6055 3114/3070/6055
f 3128/3083/6056 3175/3133/6056 3129/3084/6056
f 3146/3086/6057 3147/3107/6057 3115/3071/6057
f 3147/3107/6058 3161/3134/6058 3148/3087/6058
f 3161/3134/6059 3149/3108/6059 3148/3087/6059
f 3176/3135/6060 3131/3088/6060 3149/3108/6060
f 3176/3135/6061 3162/3109/6061 3131/3088/6061
f 3177/3136/6062 3100/3059/6062 3162/3109/6062
f 3177/3136/6063 3178/3137/6063 3100/3059/6063
f 3178/3137/6064 3132/3089/6064 3100/3059/6064
f 3179/3138/6065 3101/3047/6065 3132/3089/6065
f 3101/3047/6066 3180/3139/6066 3102/3060/6066
f 3180/3139/6067 3150/3110/6067 3102/3060/6067
f 3181/3140/6068 3089/3048/6068 3151/3111/6068
f 3181/3140/6069 3117/3073/6069 3089/3048/6069
f 3192/3141/6070 3118/3091/6070 3133/3090/6070
f 3163/3119/6071 3183/3120/6071 3121/3077/6071
f 3183/3120/6072 3152/3112/6072 3092/3018/6072
f 3184/3142/6073 3123/3079/6073 3134/3094/6073
f 3184/3142/6074 3166/3123/6074 3123/3079/6074
f 3166/3123/6075 3135/3095/6075 3106/3063/6075
f 3137/3097/6076 3167/3143/6076 3107/3038/6076
f 3167/3143/6077 3138/3098/6077 3107/3038/6077
f 3155/3099/6078 3156/3124/6078 3109/3064/6078
f 3185/3144/6079 3139/3100/6079 3094/3053/6079
f 3126/3081/6080 3186/3126/6080 3067/3025/6080
f 3195/3145/6081 3169/3127/6081 3140/3101/6081
f 3169/3127/6082 3157/3115/6082 3110/3066/6082
f 3157/3115/6083 3111/3067/6083 3069/3027/6083
f 3111/3067/6084 3141/3102/6084 3097/3056/6084
f 3171/3129/6085 3187/3146/6085 3127/3082/6085
f 3187/3146/6086 3159/3117/6086 3127/3082/6086
f 3175/3133/6087 3130/3085/6087 3129/3084/6087
f 3145/3106/6088 3188/3147/6088 3146/3086/6088
f 3146/3086/6089 3189/3148/6089 3147/3107/6089
f 3161/3134/6090 3176/3135/6090 3149/3108/6090
f 3190/3149/6091 3162/3109/6091 3176/3135/6091
f 3190/3149/6092 3177/3136/6092 3162/3109/6092
f 3117/3073/6093 3192/3141/6093 3133/3090/6093
f 3192/3141/6094 3193/3092/6094 3118/3091/6094
f 3182/3150/6095 3079/3035/6095 3120/3075/6095
f 82/3151/6096 3164/3121/6096 3152/3112/6096
f 3153/3113/6097 3165/3122/6097 3122/3078/6097
f 3165/3122/6098 3154/3114/6098 3105/3093/6098
f 3154/3114/6099 3184/3142/6099 3134/3094/6099
f 98/3152/6100 100/3153/6100 3155/3099/6100
f 3194/3154/6101 3096/3055/6101 3095/3054/6101
f 3194/3154/6102 3125/3080/6102 3096/3055/6102
f 3186/3126/6103 3195/3145/6103 3068/3026/6103
f 3195/3145/6104 3140/3101/6104 3068/3026/6104
f 3196/3155/6105 3157/3115/6105 3169/3127/6105
f 3187/3146/6106 3172/3130/6106 3159/3117/6106
f 3160/3118/6107 3175/3133/6107 3128/3083/6107
f 3197/3156/6108 3145/3106/6108 3130/3085/6108
f 3197/3156/6109 3188/3147/6109 3145/3106/6109
f 3188/3147/6110 3189/3148/6110 3146/3086/6110
f 3198/3157/6111 3176/3135/6111 3161/3134/6111
f 3177/3136/6112 3199/3158/6112 3178/3137/6112
f 3199/3158/6113 3132/3089/6113 3178/3137/6113
f 3199/3158/6114 3200/3159/6114 3132/3089/6114
f 3200/3159/6115 3179/3138/6115 3132/3089/6115
f 3179/3138/6116 3180/3139/6116 3101/3047/6116
f 3150/3110/6117 3191/3160/6117 3151/3111/6117
f 3191/3160/6118 3181/3140/6118 3151/3111/6118
f 3201/3161/6119 3117/3073/6119 3181/3140/6119
f 3201/3161/6120 3192/3141/6120 3117/3073/6120
f 3202/3162/6121 3119/3074/6121 3193/3092/6121
f 3203/3163/6122 3120/3075/6122 3119/3074/6122
f 3203/3163/6123 3182/3150/6123 3120/3075/6123
f 3182/3150/6124 77/3164/6124 3079/3035/6124
f 77/3164/6125 76/3076/6125 3079/3035/6125
f 3183/3120/6126 82/3151/6126 3152/3112/6126
f 3166/3123/6127 93/3165/6127 3135/3095/6127
f 3138/3098/6128 98/3152/6128 3155/3099/6128
f 102/3166/6129 3094/3053/6129 3093/3065/6129
f 102/3166/6130 3185/3144/6130 3094/3053/6130
f 3185/3144/6131 3204/3167/6131 3139/3100/6131
f 3204/3167/6132 3095/3054/6132 3139/3100/6132
f 107/3168/6133 3125/3080/6133 3194/3154/6133
f 3168/3125/6134 3186/3126/6134 3126/3081/6134
f 3157/3115/6135 3205/3169/6135 3111/3067/6135
f 3205/3169/6136 3141/3102/6136 3111/3067/6136
f 3142/3103/6137 120/3170/6137 3143/3104/6137
f 127/3171/6138 3160/3118/6138 3174/3132/6138
f 127/3171/6139 129/3172/6139 3160/3118/6139
f 129/3172/6140 3175/3133/6140 3160/3118/6140
f 131/3173/6141 3197/3156/6141 3130/3085/6141
f 3147/3107/6142 136/3174/6142 3161/3134/6142
f 136/3174/6143 138/3175/6143 3161/3134/6143
f 138/3175/6144 3198/3157/6144 3161/3134/6144
f 3176/3135/6145 3206/3176/6145 3190/3149/6145
f 3206/3176/6146 3177/3136/6146 3190/3149/6146
f 3180/3139/6147 3191/3160/6147 3150/3110/6147
f 3191/3160/6148 3207/3177/6148 3181/3140/6148
f 3208/3178/6149 3192/3141/6149 3201/3161/6149
f 154/3179/6150 3193/3092/6150 3192/3141/6150
f 78/3180/6151 3163/3119/6151 75/3036/6151
f 79/3181/6152 3183/3120/6152 3163/3119/6152
f 82/3151/6153 3153/3113/6153 3164/3121/6153
f 88/3182/6154 3184/3142/6154 3154/3114/6154
f 91/3183/6155 93/3165/6155 3166/3123/6155
f 93/3165/6156 3136/3096/6156 3135/3095/6156
f 3209/3184/6157 3137/3097/6157 3136/3096/6157
f 3209/3184/6158 3167/3143/6158 3137/3097/6158
f 96/3185/6159 3138/3098/6159 3167/3143/6159
f 96/3185/6160 98/3152/6160 3138/3098/6160
f 100/3153/6161 3156/3124/6161 3155/3099/6161
f 3156/3124/6162 102/3166/6162 3093/3065/6162
f 3194/3154/6163 3095/3054/6163 3204/3167/6163
f 107/3168/6164 3168/3125/6164 3125/3080/6164
f 114/3186/6165 3196/3155/6165 3169/3127/6165
f 3196/3155/6166 3205/3169/6166 3157/3115/6166
f 3205/3169/6167 118/3187/6167 3141/3102/6167
f 118/3187/6168 3142/3103/6168 3141/3102/6168
f 118/3187/6169 120/3170/6169 3142/3103/6169
f 3143/3104/6170 3211/3188/6170 3158/3116/6170
f 3211/3188/6171 3170/3128/6171 3158/3116/6171
f 3211/3188/6172 3171/3129/6172 3170/3128/6172
f 3211/3188/6173 122/3189/6173 3171/3129/6173
f 124/3190/6174 3172/3130/6174 3187/3146/6174
f 3173/3131/6175 127/3171/6175 3174/3132/6175
f 3175/3133/6176 131/3173/6176 3130/3085/6176
f 132/3191/6177 3188/3147/6177 3197/3156/6177
f 134/3192/6178 3189/3148/6178 3188/3147/6178
f 3189/3148/6179 136/3174/6179 3147/3107/6179
f 3198/3157/6180 140/3193/6180 3176/3135/6180
f 140/3193/6181 3206/3176/6181 3176/3135/6181
f 3206/3176/6182 3199/3158/6182 3177/3136/6182
f 143/3194/6183 3200/3159/6183 3199/3158/6183
f 146/3195/6184 3180/3139/6184 3179/3138/6184
f 3191/3160/6185 149/3196/6185 3207/3177/6185
f 3207/3177/6186 3201/3161/6186 3181/3140/6186
f 3207/3177/6187 151/3197/6187 3201/3161/6187
f 151/3197/6188 3208/3178/6188 3201/3161/6188
f 3208/3178/6189 154/3179/6189 3192/3141/6189
f 154/3179/6190 3212/3198/6190 3193/3092/6190
f 3212/3198/6191 3202/3162/6191 3193/3092/6191
f 3202/3162/6192 3203/3163/6192 3119/3074/6192
f 158/3199/6193 3182/3150/6193 3203/3163/6193
f 78/3180/6194 79/3181/6194 3163/3119/6194
f 86/3200/6195 3165/3122/6195 3153/3113/6195
f 86/3200/6196 88/3182/6196 3165/3122/6196
f 3165/3122/6197 88/3182/6197 3154/3114/6197
f 88/3182/6198 90/3201/6198 3184/3142/6198
f 91/3183/6199 3166/3123/6199 3184/3142/6199
f 104/3202/6200 3204/3167/6200 3185/3144/6200
f 104/3202/6201 3194/3154/6201 3204/3167/6201
f 107/3168/6202 110/3203/6202 3168/3125/6202
f 3186/3126/6203 112/3204/6203 3195/3145/6203
f 3195/3145/6204 114/3186/6204 3169/3127/6204
f 116/3205/6205 3205/3169/6205 3196/3155/6205
f 120/3170/6206 3211/3188/6206 3143/3104/6206
f 122/3189/6207 3187/3146/6207 3171/3129/6207
f 124/3190/6208 3173/3131/6208 3172/3130/6208
f 129/3172/6209 131/3173/6209 3175/3133/6209
f 132/3191/6210 3197/3156/6210 131/3173/6210
f 132/3191/6211 134/3192/6211 3188/3147/6211
f 141/3206/6212 3199/3158/6212 3206/3176/6212
f 141/3206/6213 143/3194/6213 3199/3158/6213
f 143/3194/6214 145/3207/6214 3200/3159/6214
f 145/3207/6215 146/3195/6215 3200/3159/6215
f 146/3195/6216 3179/3138/6216 3200/3159/6216
f 146/3195/6217 3191/3160/6217 3180/3139/6217
f 161/3208/6218 77/3164/6218 3182/3150/6218
f 79/3181/6219 82/3151/6219 3183/3120/6219
f 82/3151/6220 86/3200/6220 3153/3113/6220
f 90/3201/6221 91/3183/6221 3184/3142/6221
f 93/3165/6222 3209/3184/6222 3136/3096/6222
f 3209/3184/6223 96/3185/6223 3167/3143/6223
f 100/3153/6224 3210/3209/6224 3156/3124/6224
f 3210/3209/6225 102/3166/6225 3156/3124/6225
f 104/3202/6226 3185/3144/6226 102/3166/6226
f 104/3202/6227 107/3168/6227 3194/3154/6227
f 110/3203/6228 3186/3126/6228 3168/3125/6228
f 112/3204/6229 3186/3126/6229 110/3203/6229
f 112/3204/6230 114/3186/6230 3195/3145/6230
f 114/3186/6231 116/3205/6231 3196/3155/6231
f 116/3205/6232 118/3187/6232 3205/3169/6232
f 122/3189/6233 3211/3188/6233 120/3170/6233
f 122/3189/6234 124/3190/6234 3187/3146/6234
f 134/3192/6235 136/3174/6235 3189/3148/6235
f 138/3175/6236 140/3193/6236 3198/3157/6236
f 140/3193/6237 141/3206/6237 3206/3176/6237
f 146/3195/6238 149/3196/6238 3191/3160/6238
f 151/3197/6239 3207/3177/6239 149/3196/6239
f 151/3197/6240 153/3210/6240 3208/3178/6240
f 153/3210/6241 154/3179/6241 3208/3178/6241
f 154/3179/6242 155/3211/6242 3212/3198/6242
f 155/3211/6243 156/3212/6243 3212/3198/6243
f 156/3212/6244 3202/3162/6244 3212/3198/6244
f 156/3212/6245 3203/3163/6245 3202/3162/6245
f 158/3199/6246 161/3208/6246 3182/3150/6246
