# Blender 4.5.2 LTS
# www.blender.org
mtllib merged_model_6_4.mtl
o merged_model_6_4
v -249.980240 249.986588 917.505066
v -249.997101 244.477661 917.727356
v 250.023407 236.906555 916.915710
v -249.983414 232.456345 920.808777
v 249.996552 225.687119 922.174316
v -249.988052 223.622192 925.528503
v -249.981033 219.912628 926.193298
v -250.027466 216.120758 929.157410
v 249.986298 214.811783 921.952454
v -250.000565 213.636978 931.561890
v 250.000473 211.655899 924.619995
v 249.997925 203.235291 925.409973
v -249.999802 184.235321 934.067322
v 249.994156 183.553696 924.690430
v 250.002411 177.183167 926.472656
v -249.999954 170.993118 934.845886
v -250.039719 161.853119 934.966003
v 250.014481 150.222717 927.719116
v -249.997147 155.705200 936.234497
v -250.007858 147.029892 936.272522
v -249.998215 134.237473 935.966492
v 250.003403 125.797729 930.257446
v -250.022446 124.337166 935.341431
v 249.999908 116.817924 930.127319
v -249.995132 115.639938 929.499512
v -249.985733 109.160355 927.653442
v 250.003860 109.143578 930.549377
v -249.983444 94.341194 921.958252
v 249.996964 92.745598 928.492859
v 250.008759 82.475609 927.540466
v -250.001572 84.290482 919.370605
v -249.998764 78.171089 916.777771
v -249.996994 73.644028 912.628174
v 250.003693 66.522308 924.982239
v -250.010406 67.537689 912.196655
v 250.036057 58.659218 923.647583
v -249.932281 57.801525 912.402893
v 250.000687 53.442535 922.920288
v -250.034042 47.498165 911.929749
v 250.000275 44.402676 920.382629
v -250.035049 34.314102 909.211975
v 250.011368 37.799400 917.802612
v -250.007492 30.138865 906.476685
v 249.991272 32.028942 917.886475
v 249.987518 18.708881 911.025940
v -250.000229 12.079336 905.161560
v 249.997772 -0.465891 903.091003
v 250.012360 -15.227799 897.433472
v -249.996384 -15.529096 903.060852
v 250.002243 -19.918715 894.589539
v -249.999100 -35.603416 901.072083
v 249.992935 -32.156879 891.222168
v 250.007538 -42.985111 888.345642
v -249.987015 -54.006977 899.380005
v 250.005615 -58.530838 884.477417
v -249.969910 -64.141495 898.489197
v 249.999954 -75.577332 883.234192
v -249.944061 -72.051895 897.788025
v -249.985016 -82.417244 896.634033
v 250.000977 -82.509468 881.250671
v -250.073730 -87.136246 895.997314
v -249.995529 -92.322586 895.626831
v -249.993195 -97.333443 895.846436
v -249.956787 -101.745857 894.463989
v -250.073441 -106.750656 894.402649
v 249.999298 -127.030769 879.255249
v -249.999359 -135.774857 894.167603
v -250.018005 -140.567764 895.452271
v 250.001480 -151.923889 879.397095
v -249.998474 -147.274246 896.298035
v -250.006638 -152.639603 897.918701
v 249.995804 -164.450455 880.678650
v -250.045380 -164.069275 899.675903
v -250.009384 -176.528580 902.269409
v -250.053085 -186.665405 904.280090
v 249.998184 -184.234970 883.332458
v 249.992920 -191.553207 886.734497
v -249.985916 -197.072556 904.743103
v 250.028275 -197.581421 887.472717
v 249.992645 -200.487122 888.916626
v -250.020523 -204.962189 904.310303
v -249.998215 -224.598114 903.308960
v 249.997467 -229.892746 896.612976
v -249.990860 -238.861618 901.718872
v 249.986053 -237.781815 897.196594
v 249.977783 -249.948318 900.279663
v -249.995667 -249.997299 900.371155
v -238.129318 -249.997604 898.844421
v -235.336334 249.986374 923.211304
v -227.980484 249.990387 924.244690
v -217.093750 250.013901 925.498413
v -214.284363 -250.007706 896.631531
v -204.948944 -250.008408 894.544189
v -200.795441 250.005615 924.963257
v -196.610062 -249.995056 892.778442
v -190.306870 250.003586 924.619568
v -182.149338 250.008789 927.720703
v -178.407379 -250.001938 888.954651
v -171.842819 250.005875 928.044006
v -169.732300 -249.999664 886.536133
v -155.173538 249.997192 930.168152
v -153.991806 -250.005356 883.571350
v -149.779465 -249.996368 881.287048
v -143.505310 250.024200 931.044922
v -131.980042 250.002655 930.408936
v -130.598480 -250.017517 879.317200
v -118.120361 -249.997513 878.067810
v -103.408806 249.999619 930.591064
v -103.009987 -250.003494 877.198059
v -92.864632 -250.026703 876.368286
v -67.079681 249.992401 929.901367
v -66.060112 -249.999359 874.709839
v -54.448174 249.997192 931.277405
v -23.515558 -250.003326 873.271484
v -20.458452 250.002182 929.568237
v -16.741533 250.007492 931.238159
v 2.029495 -250.003845 873.566406
v 9.210290 250.001465 929.392151
v 21.971325 -250.028458 874.849731
v 50.467464 250.000183 926.648315
v 34.874073 -250.041351 877.080933
v 55.225212 -249.994843 879.070251
v 63.197441 249.992004 926.373657
v 70.705513 250.104111 925.850708
v 76.141151 250.012772 924.870239
v 88.444420 -249.990540 882.467285
v 83.212212 250.005920 924.934814
v 90.010422 250.011032 923.930420
v 118.190636 250.009338 923.636475
v 110.790802 -250.003204 882.692383
v 117.119247 -250.030457 884.191406
v 128.462585 -250.027435 885.552307
v 139.174713 -250.002533 886.003052
v 143.390121 -249.982819 887.355408
v 161.770569 250.009521 922.584534
v 155.003525 -249.990585 888.893921
v 171.237839 -250.003052 889.266296
v 184.741516 249.998215 922.292847
v 179.493393 -250.026230 891.327026
v 195.673004 249.998291 921.135864
v 196.784210 -249.938446 892.896851
v 201.047104 -250.039017 893.469543
v 204.206253 250.094223 920.296814
v 210.546494 250.037537 918.993164
v 215.762878 249.994858 918.102905
v 236.384171 -249.987320 897.015015
v 249.999710 249.999359 917.383606
v -240.355469 245.469467 919.293579
v -232.203430 246.218277 923.883911
v -223.398056 246.443924 924.418091
v -194.549347 242.516144 925.262573
v -186.518066 245.153015 924.633301
v -181.109589 248.385529 928.215027
v -171.038086 244.921280 930.562073
v -162.930389 246.460175 929.785583
v -119.749954 243.782547 930.615784
v -102.902145 244.942627 930.691711
v -76.557724 238.511856 932.363037
v -33.640732 244.232773 930.503723
v -1.658978 244.465683 930.297668
v 5.360304 245.457718 930.116760
v 26.190607 245.055603 928.073425
v 53.964924 248.047089 926.703918
v 68.265312 245.675491 923.973389
v 102.820206 245.865250 923.858887
v 157.610413 247.784195 923.338196
v 223.845398 247.611404 917.882202
v -208.889175 243.056015 925.032654
v -177.921982 244.774979 929.249512
v -139.286102 244.481628 931.333557
v -132.095596 240.322586 932.216064
v -83.857254 244.164444 930.492432
v -28.343180 243.814880 931.944946
v -12.686724 241.440262 930.893005
v 35.965916 244.328384 927.466614
v 47.535877 246.236221 927.349976
v 54.528160 244.129089 923.972290
v 123.294266 242.190277 923.619019
v 134.540817 241.490524 923.637878
v 149.389893 242.090622 923.385315
v 182.440628 244.904007 923.041199
v 197.116562 241.049088 922.906067
v -232.265335 241.054367 924.011597
v -180.906021 242.887512 924.821838
v -162.494186 241.051819 931.064026
v -152.122284 238.892242 931.078308
v 42.464542 243.981522 927.744019
v 46.697811 242.215912 924.212891
v 80.290115 238.030441 923.999573
v 234.580322 243.506805 917.469177
v -241.135330 239.738159 920.537842
v -177.464905 240.607971 925.089417
v -171.652573 242.392761 930.054504
v -157.730392 239.439789 930.939209
v -137.052933 240.915253 932.539612
v -24.233356 240.827484 931.652893
v -8.541557 241.090179 931.180542
v -2.001900 241.732941 927.729675
v 14.000212 240.747574 928.133545
v 24.341259 241.933624 927.590515
v 26.498215 239.181900 924.246460
v 37.911579 241.165344 924.492737
v 107.626450 240.523132 923.779358
v 159.249222 241.076355 923.379089
v 169.904190 239.601654 923.175781
v 210.825699 239.312836 922.635498
v 224.185349 238.058945 921.661194
v -198.440125 236.641617 924.961121
v -169.546890 238.885971 925.159607
v -138.373505 237.968033 931.559570
v -126.423286 238.783524 932.913208
v -121.667946 237.364944 932.226868
v -119.026024 234.069122 932.856995
v -100.455750 233.822357 933.090332
v -43.102867 239.046539 931.275269
v -39.711098 238.481491 932.688599
v -36.008488 239.219711 932.407593
v -9.277332 238.511337 927.852783
v -1.164333 238.638016 927.573547
v 8.246469 239.269470 926.743713
v 18.080027 238.583344 924.410461
v 69.033150 237.219086 924.172546
v 93.955261 239.605179 923.785889
v 116.016953 238.828079 926.935547
v 124.399170 238.916748 927.335510
v 129.821808 238.318069 927.105896
v 136.731216 238.097183 926.687378
v 147.237976 238.686859 926.823486
v 176.077698 238.750061 923.136536
v 184.420059 236.848297 923.076477
v 227.476089 233.906540 922.304749
v 241.605377 238.885757 917.929932
v -226.497864 235.388855 924.743652
v -210.836182 238.089737 925.242615
v -196.815948 233.603104 925.256592
v -161.407288 237.148071 925.236877
v -146.887360 236.146927 931.387695
v -130.262100 233.970886 931.813110
v -82.852417 234.850266 932.706970
v -32.334610 236.852859 930.077271
v -18.954052 234.045105 924.446716
v -14.636294 236.551025 927.467102
v -8.040811 236.188385 927.488647
v 13.378454 236.080536 924.348083
v 32.931732 234.857666 924.466675
v 96.966187 235.629791 928.449158
v 106.082802 236.504242 928.033630
v 161.509842 237.412521 926.323669
v 172.744720 235.987930 925.923767
v 214.587646 235.944000 922.630493
v 234.484589 234.588104 922.111572
v -239.549347 232.066574 925.046387
v -215.127106 234.575638 927.096008
v -210.461151 234.087006 927.343811
v -204.947815 234.292343 925.630310
v -182.546280 232.825043 925.259644
v -180.702560 230.210815 925.252319
v -154.215866 235.242462 925.148560
v -136.018127 234.860764 931.498169
v -113.223343 233.940796 932.926086
v -5.847699 234.406784 924.477234
v 0.027824 235.489029 924.364319
v 61.615856 235.068359 924.163391
v 82.917397 235.568909 927.025818
v 91.260498 235.752396 928.946167
v 138.652588 230.360611 927.823608
v 152.888916 232.788284 927.214172
v 178.345184 235.414825 925.795654
v 194.659012 235.203247 922.901672
v -225.732574 232.501129 926.892212
v -200.870483 232.904495 930.390259
v -148.614731 233.727173 925.185486
v -122.241989 234.090347 931.225708
v -25.831526 231.277740 924.751404
v 46.297146 232.996414 924.276184
v 63.277328 233.379913 927.148682
v 71.355202 232.181366 927.918274
v 82.441620 232.387070 928.001770
v 114.309471 226.981430 928.231445
v 186.275574 233.875046 925.560547
v 191.912628 233.139481 925.523804
v 200.816254 233.115494 922.854736
v 238.739899 233.065292 921.622803
v 243.864532 230.199234 921.469666
v -236.683624 228.252747 925.517334
v -232.716705 228.860489 927.503723
v -222.080109 230.852844 927.159851
v -210.774231 231.285995 930.347595
v -199.071976 228.461823 930.444092
v -169.046295 229.095459 925.430603
v -146.721268 232.037811 925.090332
v -137.340134 231.522675 925.011353
v -122.303047 231.111694 924.958496
v -119.735870 228.967026 925.779480
v -33.866417 222.605621 932.224915
v -1.787955 228.080750 924.917419
v 10.881987 228.449066 924.853088
v 56.718628 230.811829 927.841431
v 127.233261 230.004120 927.990906
v 176.022186 229.111145 926.968689
v 198.007431 232.006927 925.696411
v 208.461563 230.451660 922.880859
v 231.008636 230.787506 922.503662
v -220.527557 228.628387 930.371155
v -195.837952 230.079758 925.171692
v -190.440811 228.723663 926.128296
v -160.497223 227.196030 925.472534
v -128.678741 229.937759 924.891541
v -112.065834 218.793396 933.801880
v -83.249100 219.742874 933.464661
v 18.392653 228.598618 924.841003
v 31.775648 230.887848 924.423767
v 33.271847 228.535233 927.863953
v 47.494518 229.533417 927.948181
v 100.618271 223.244156 928.255188
v 158.190277 227.868469 927.289795
v 199.346207 228.738373 926.064270
v 215.469879 228.547867 922.773987
v 220.132126 226.691864 922.629395
v -229.045914 227.682724 930.315063
v -194.205780 226.563339 930.432312
v -177.946899 226.703705 926.438843
v -172.181763 228.191269 926.969360
v -154.572418 225.195496 925.384460
v -96.029388 213.909286 933.921082
v -40.761040 221.258667 932.761597
v -25.976044 223.655365 925.212891
v -4.989457 225.958984 924.859192
v 24.585049 226.268829 928.276855
v 69.820419 227.929855 928.222656
v 90.782806 226.610443 928.572510
v 191.159241 226.824371 926.689636
v 210.663086 227.297928 925.612488
v 239.683411 226.735443 922.427063
v -234.826492 222.870102 927.086975
v -187.066513 225.325714 931.355286
v -170.784149 225.590057 931.921936
v -142.152130 222.395142 925.469666
v -130.521286 221.413483 925.406494
v -115.295280 221.309906 931.298828
v -17.225758 225.132950 925.087952
v -0.568827 223.054001 928.494812
v 3.748806 224.228577 928.522278
v 13.989654 226.093399 928.186829
v 48.638847 224.388733 928.463806
v 67.967270 225.296341 929.234619
v 131.460541 224.905106 927.606079
v 175.119888 224.720901 926.684998
v 204.111084 222.891327 926.211426
v 216.603363 224.627365 925.798706
v 225.349396 225.426300 922.616699
v -245.357239 219.727081 928.661804
v -240.809952 219.200531 929.051880
v -215.882675 214.694641 930.460083
v -192.055786 223.564026 931.572144
v -178.674881 222.774597 931.950806
v -162.633163 223.549255 932.517151
v -159.232269 223.217361 930.808044
v -148.985687 223.740585 925.331726
v -124.004189 218.219681 925.442749
v -78.249199 219.778809 934.460022
v -12.076152 223.814758 928.310486
v 31.630302 222.613754 928.512451
v 54.891956 222.368362 929.620178
v 58.965942 220.601089 929.036377
v 79.065933 223.000244 929.008057
v 213.756775 219.586044 926.051270
v 222.280396 223.138168 925.508545
v 230.604568 222.965683 922.525574
v 237.077835 218.937057 922.453003
v -232.694611 217.173233 930.166870
v -195.047409 218.594040 930.720703
v -155.694229 220.155075 932.800232
v -151.598511 220.358536 932.438477
v -30.452614 219.936340 932.345947
v -25.746683 219.759399 929.032776
v -19.090136 222.044357 928.702332
v 15.800748 221.676620 928.745483
v 38.091045 220.897293 929.693481
v 184.831406 212.692383 926.369507
v 228.115005 221.582718 925.180908
v -149.030273 218.539246 932.907471
v -142.652924 219.169296 933.138611
v -138.513916 218.646606 933.355774
v -119.787010 220.191040 929.514038
v -20.354162 217.466980 929.428833
v -0.887299 220.024872 928.765198
v 19.409315 218.247681 930.144226
v 81.043259 219.350739 928.576294
v 86.799683 214.577103 928.630249
v 140.717148 220.598907 927.600037
v 233.151978 219.676651 924.994446
v 244.720947 217.349472 922.324219
v -236.955780 216.347397 930.296509
v -163.377151 219.740280 932.110291
v -159.487610 212.228134 932.976868
v -146.042419 216.600861 933.101501
v -133.746857 217.780472 932.813171
v -123.283951 216.436035 929.761536
v -119.948135 217.907715 933.826172
v -68.523491 214.919937 934.216187
v 2.006681 217.278595 930.399109
v 157.387665 212.324020 926.982117
v 225.126602 216.864395 925.985168
v 235.037430 216.376617 925.112366
v -240.106445 215.582352 928.821899
v -228.699341 212.275650 930.384949
v -129.884354 213.549973 932.223206
v -120.607269 214.445190 933.967651
v -29.274664 215.852509 932.139465
v -8.288469 213.899658 930.954224
v 32.100948 214.707840 929.551270
v 143.454575 213.604462 927.179077
v 230.150421 212.718552 925.613831
v 241.622757 215.735504 924.939209
v -244.278885 213.234253 931.522827
v -162.209183 208.236847 932.035461
v -142.247055 212.189148 933.913391
v -56.627308 210.800964 933.714233
v -20.016607 213.089218 931.311462
v 200.266891 208.251114 925.970093
v 246.072922 212.791183 924.742920
v -238.616638 210.914795 931.275391
v -220.242737 211.844727 931.949341
v -211.506943 208.284760 931.929077
v -193.576096 211.578903 931.980774
v -155.143967 210.674866 933.947205
v -131.871826 211.492035 934.033875
v -38.806339 208.017975 932.087463
v 2.858517 211.620132 930.394226
v 101.433327 207.273865 928.046265
v 145.661697 210.145081 927.549133
v 169.705154 211.685349 927.244019
v 178.004150 209.226944 926.672302
v 239.625977 209.264267 925.569702
v -204.306793 197.895660 931.929260
v -170.074448 207.128738 931.984375
v -114.255295 205.458450 934.531189
v -91.800240 212.793610 934.833008
v -75.212418 208.902756 935.036438
v 21.991381 206.661713 929.946106
v 92.672325 206.598511 928.295959
v 110.459045 208.010162 928.004517
v 123.346054 208.534317 927.889465
v 134.353989 209.557343 927.709595
v 157.908035 209.348175 929.357971
v 170.101608 209.222855 927.092896
v -235.339966 201.031311 931.912231
v -113.710770 202.920563 935.314087
v -14.223003 203.456543 931.231567
v 44.288857 203.993347 929.243164
v 82.576813 205.326645 928.384766
v 138.340073 207.529449 930.441101
v 146.573700 207.156769 929.838196
v 153.675293 204.400909 930.776855
v 173.143585 207.913864 929.301941
v 175.582108 206.056061 929.017639
v 192.774277 207.907761 926.236755
v -213.477493 197.408188 931.931824
v -162.017944 205.751816 933.647034
v -64.913048 203.064682 933.282288
v 110.216522 203.564560 930.539062
v 114.484695 205.838486 930.387085
v 123.604538 205.713928 930.450012
v 132.728790 205.447845 930.477539
v 165.619888 202.512817 929.858643
v 188.022903 205.379898 928.635071
v 197.690826 203.460999 927.910889
v 206.097702 203.392136 925.993591
v 223.336853 197.770966 925.339966
v -229.365280 198.381805 931.964478
v -174.748199 201.160263 932.955017
v -139.545807 197.201920 934.905823
v -93.094131 199.771240 935.214111
v 39.881741 199.925323 929.642517
v 97.636482 203.184219 930.469238
v 103.964256 203.393509 931.061096
v 139.969254 201.038406 931.074219
v 154.783432 197.440552 931.245789
v -190.809418 198.403610 932.147278
v -164.610352 200.202866 934.351746
v -87.707085 197.145874 934.190430
v 22.006578 200.027786 929.719910
v 48.484734 197.946396 930.293945
v 64.429649 202.537766 929.009521
v 74.578003 199.833694 930.467285
v 85.898750 202.483139 930.456726
v 123.423836 195.803406 932.162598
v 203.068817 199.197388 928.124023
v 216.310135 198.798828 925.786804
v -234.778107 196.961746 933.223267
v -173.791885 198.972473 934.293335
v -4.488720 197.122101 930.556152
v 59.275284 200.139771 930.439941
v 65.993401 197.064102 930.952209
v 92.431442 196.685196 931.676392
v 109.353378 195.587845 931.876831
v 143.498398 196.935608 931.532776
v 183.121307 194.983780 929.693420
v 190.517197 197.918823 929.356628
v 211.831238 197.514725 927.475830
v 229.352402 194.785049 925.245972
v -186.782639 196.577087 934.213501
v -56.139069 194.435303 932.710632
v 2.289428 194.192474 930.690308
v 11.352914 193.768494 930.610901
v 28.628284 197.794449 931.669189
v 75.257187 194.512375 931.268494
v 169.793503 193.075180 931.241211
v 194.472275 190.967728 928.983704
v -222.751877 195.106049 933.416870
v -213.632538 193.937454 933.835876
v -200.715698 195.501770 933.984009
v -140.897156 193.868347 935.481689
v -130.309387 187.242508 935.974060
v -117.769020 192.800781 935.752563
v -24.113710 194.978668 931.411072
v -12.680101 195.253403 931.153320
v 18.159498 195.696716 931.412231
v 37.073383 195.423523 931.221069
v 138.406448 189.994202 933.120422
v 146.034302 188.355881 931.592590
v 209.837463 190.324722 927.950806
v 218.402802 194.845398 927.461609
v 234.915344 192.272552 925.060059
v -61.231464 188.810928 933.137390
v -33.347492 192.730530 932.042175
v -20.182898 191.627975 932.905884
v -3.187379 193.195435 932.682861
v 85.993004 187.821274 932.383789
v 102.901886 188.951523 932.624023
v 121.537399 188.288406 932.156799
v 198.571182 188.546188 929.445557
v 225.648087 192.496429 927.016418
v -166.059616 187.768173 935.344971
v -119.335938 188.848068 934.963745
v -106.287682 191.168228 934.658508
v -71.602051 189.903473 933.431091
v -51.133266 191.388199 932.718994
v -17.267448 187.737732 933.300110
v 5.255224 178.476639 931.147583
v 16.313944 187.872742 931.882141
v 36.010475 188.547256 931.518188
v 47.909946 189.960602 931.690063
v 67.255020 188.287476 932.314148
v 109.527428 187.437698 932.299561
v 155.582123 187.025253 931.697754
v 174.161804 185.793320 930.670349
v -185.908737 184.157928 935.077515
v -99.982735 181.504822 934.423157
v -38.959877 189.926346 933.674316
v -34.912159 186.672562 933.686157
v 124.172394 186.446442 933.633606
v 132.158646 188.006622 933.040405
v 188.978699 178.913574 930.105469
v 218.935150 184.596603 928.327332
v 231.708237 188.971069 926.865662
v 235.104736 187.244370 925.565918
v 244.492081 186.634369 924.832397
v -222.929794 183.897354 934.364075
v -141.481491 183.903549 936.085632
v -54.663139 187.580368 934.284729
v -27.827522 180.800339 934.308716
v 38.802948 187.555511 928.754883
v 48.317940 188.240448 931.627747
v 142.656647 184.624863 934.281433
v 166.691254 187.086792 931.967468
v 224.188248 184.448410 927.285339
v -77.169800 184.232986 935.056213
v -66.608223 185.254807 934.842957
v -60.426750 181.427628 934.443848
v -43.533184 181.727585 934.429382
v -0.495980 179.292648 932.979919
v 10.338025 178.611755 930.816040
v 40.891754 185.816193 926.072083
v 70.564102 181.556046 933.185181
v 77.943886 178.353592 933.717163
v 94.094223 184.124496 932.326477
v 110.822983 185.118713 933.553467
v 128.207993 183.558762 934.920715
v 134.036850 178.582520 935.791931
v 180.979919 181.392670 930.003357
v 239.341278 185.159210 926.343750
v -85.322159 182.318817 934.273254
v 37.356300 180.783905 931.559021
v 43.438194 183.018356 923.417114
v 47.984978 180.464127 931.949646
v 149.189728 183.481674 933.511597
v 156.497620 184.709885 932.867432
v 171.848526 183.617920 932.017944
v -224.753906 181.322815 934.204590
v -156.074432 179.779617 936.040344
v -141.351410 181.295380 935.203003
v -69.454811 169.618378 935.254822
v 24.715099 175.528244 931.807068
v 58.178310 173.973175 932.790283
v 89.429146 180.720840 933.609863
v 153.793533 175.107193 935.152466
v 160.418961 173.820084 934.101379
v 174.724670 179.517166 932.106812
v 194.075439 177.781540 930.134033
v 200.949081 178.411591 930.033020
v 220.433273 177.701630 928.916199
v 229.237762 176.375458 927.565430
v 243.581085 181.051651 926.542358
v -174.936050 175.048462 935.876099
v -92.458748 176.921860 935.630005
v -86.951744 176.114197 935.001099
v -75.702171 172.158157 935.826965
v -18.506914 177.279449 933.539246
v 16.996141 174.153320 931.462585
v 40.259617 178.158539 931.566284
v 44.327904 176.344269 931.584961
v 99.292427 175.416534 934.914185
v 123.104507 178.895386 935.302856
v 145.246887 177.063080 935.555969
v 210.676788 178.788803 929.075073
v -234.142838 169.089508 935.056824
v -158.481110 176.514557 935.407898
v -106.865593 175.221054 935.223145
v -63.006752 170.023331 935.359253
v 183.149750 177.258789 931.454163
v 197.077271 172.641479 930.068481
v -212.851639 171.627258 935.078918
v -130.664673 183.530609 935.142822
v -128.263763 172.907471 934.707336
v -7.567919 172.440048 933.664612
v 86.053902 171.985886 935.025391
v 110.370621 172.165314 935.816406
v 168.177887 171.100159 934.601135
v 215.731201 169.182251 929.085510
v 242.892761 173.219559 926.602478
v -113.614540 172.221863 935.691101
v -79.592964 168.164032 935.534485
v -44.327763 168.463074 935.351135
v -33.412205 171.993546 934.882080
v -17.894770 167.338226 933.366577
v 5.726447 165.026993 929.415833
v 21.783670 169.140625 930.438965
v 34.138672 172.139618 931.049683
v 69.628235 168.288101 934.165649
v 120.091415 167.906281 935.750732
v 180.547928 169.709244 932.905212
v 191.389862 169.437363 931.951233
v 205.677444 172.509598 929.583313
v -174.832626 168.423447 935.663452
v -99.822403 163.073639 935.891479
v -24.665136 170.050385 934.912720
v 16.231642 166.597382 930.266357
v 95.396721 168.945221 935.684143
v 141.564407 163.096237 935.610413
v 149.340317 162.316040 935.633118
v 161.407425 170.209549 935.147827
v 244.240738 166.627304 927.338074
v -217.030212 168.461624 935.608398
v -203.731308 168.125458 936.109314
v -183.890427 170.919098 936.212952
v -0.216419 167.280197 931.445496
v 33.699642 160.109329 930.155518
v 51.582676 167.466125 932.175293
v 103.476616 159.893570 935.590881
v 130.451981 156.980362 935.573914
v 199.567215 169.528091 930.971863
v 205.477203 164.054352 931.208130
v 207.943130 166.290283 930.002930
v 225.506577 165.308350 928.589478
v 232.193619 164.320587 928.345642
v -202.367706 160.656189 935.884705
v -150.980972 165.673981 935.048096
v -130.486252 164.550812 935.898621
v -9.643043 167.173782 932.776611
v 11.109888 163.088928 928.654053
v 58.084911 160.271164 933.098877
v 180.317123 165.322281 933.881042
v 236.444397 161.393051 927.713440
v -138.579208 162.112854 935.753540
v -134.488937 162.968506 935.571838
v -67.413879 160.671814 935.684265
v -55.699638 160.720108 935.532898
v -42.008099 164.076111 935.140808
v -33.040245 159.163162 934.357849
v -23.865417 159.892471 932.712402
v 40.867001 158.402725 930.367859
v 72.177673 159.860901 935.352356
v 163.125519 156.219284 935.185913
v 172.253448 162.391769 934.559509
v 215.556732 163.311829 930.220337
v -240.379105 160.382324 936.308777
v -196.031219 156.469482 935.831299
v -119.571594 156.724564 936.207520
v -86.160789 160.394745 936.276245
v -16.688337 160.269745 932.376160
v -2.868356 162.143341 929.996826
v 64.653389 160.620316 933.476685
v 94.199219 156.289093 935.581421
v 190.168198 159.408356 933.861389
v 193.990128 160.191055 933.073914
v 222.982208 161.688751 929.923767
v -171.165604 159.534088 935.302612
v -149.987503 158.625916 935.904053
v 22.766363 162.171890 930.166931
v 206.726242 156.960373 932.276917
v 229.880478 158.482651 928.556458
v -221.640503 160.702911 936.150146
v -160.604401 152.994553 936.079285
v -76.426613 153.396027 936.017639
v -46.477226 157.560516 935.194092
v -4.148551 155.959991 929.658813
v 5.352311 159.522888 929.336182
v 48.583149 155.375824 930.730774
v 114.434639 152.324265 935.435669
v 174.719864 158.991928 935.322327
v 179.357712 155.122879 934.724609
v -230.122726 150.108398 936.010132
v -189.305847 150.419205 935.637817
v -110.022095 150.005417 936.321106
v -31.820488 157.361206 932.695801
v -23.013041 151.673218 929.617859
v -14.133942 155.718628 931.301147
v 16.279165 154.137131 927.344482
v 25.934095 155.573318 928.235535
v 58.891399 148.893723 933.112366
v 69.278145 154.736206 933.507324
v 71.445374 153.457367 934.763855
v 97.958183 153.478378 935.876099
v 168.464783 152.875229 935.177734
v 185.450775 152.475113 934.846313
v -86.288048 147.803391 936.253906
v -36.073887 153.496552 933.047974
v -26.624918 154.669052 932.379822
v 5.054012 153.853668 927.821350
v 23.297754 151.757050 926.997314
v 80.824020 152.113693 935.630920
v 198.576324 153.985641 933.721069
v 210.960159 151.224457 930.864868
v 222.860275 146.506561 930.735901
v 233.109055 154.011612 927.829773
v 245.850586 153.944855 928.028259
v -167.572983 150.090393 935.764893
v -128.855194 150.041092 936.088928
v -99.257690 148.770447 936.260437
v -63.071186 149.424805 935.498474
v -51.430519 149.964661 934.151978
v -9.180266 152.243103 928.322205
v 33.610714 151.720627 928.663635
v 69.034843 149.192291 933.229187
v -223.379745 141.907516 935.983948
v -173.298264 148.612900 936.154175
v -31.193220 150.895386 929.942139
v 7.176959 151.044876 927.936157
v 65.091606 148.369873 933.095947
v 73.872604 148.705978 934.993652
v 79.096458 147.775208 934.989563
v 138.236862 148.880157 935.635925
v 146.794144 142.429901 935.436340
v 170.255295 139.388641 935.221436
v 206.969055 149.058182 933.149292
v 216.370575 148.557098 931.166931
v 228.471375 145.705811 930.568542
v 237.285858 148.849579 929.331909
v -205.692505 143.619537 935.776794
v -80.929207 140.790283 935.872681
v -61.772774 144.747192 935.013000
v -44.574894 146.514145 933.038025
v -39.979614 144.749847 930.277344
v -1.015041 148.761307 927.939514
v 33.700390 147.016068 926.753479
v 44.438583 150.066879 927.781189
v 47.973801 144.489838 928.492798
v 127.093849 147.536453 935.423096
v 195.880112 147.515762 934.729004
v -140.079620 145.075119 936.244385
v -54.290287 141.964096 933.364990
v -29.134624 143.540436 929.877380
v -18.584238 146.448288 929.014771
v -14.515133 146.600677 928.623779
v 10.440880 145.673630 926.591553
v 48.456261 139.922592 927.022705
v 108.998657 138.975296 935.068604
v 185.453827 137.482178 934.993469
v 212.808197 145.202972 932.719604
v -191.784607 143.407913 936.476318
v -185.362091 138.540176 936.419495
v -95.227570 134.218292 936.048157
v -66.036278 141.104202 934.248108
v -0.249352 146.257919 925.873291
v 19.296936 144.381027 927.106750
v 83.223656 146.031570 935.399841
v 159.910400 141.527298 935.096985
v 197.800293 138.059097 934.721069
v -164.263977 139.961227 936.390198
v -122.859512 136.642487 936.457214
v -48.891541 141.678894 931.189941
v -26.771456 141.731918 927.731689
v -13.409912 142.713623 925.421082
v 27.520452 142.194901 926.774231
v 41.099613 142.170410 926.688110
v 60.176334 143.576202 929.188843
v 70.967773 142.961182 931.910522
v 223.002075 142.287964 931.818848
v 237.718475 133.804382 930.707642
v -203.709457 140.895050 936.523560
v -156.091095 134.144714 936.291504
v -140.648895 136.531174 936.385681
v -110.660316 130.468857 936.248535
v -39.556740 141.603119 930.106384
v -25.094240 138.959473 925.390503
v -2.090822 141.440765 925.823120
v 11.042181 138.159714 923.013916
v 33.799091 140.132217 926.559448
v 39.891575 138.241409 926.557861
v 66.625610 140.732529 929.162048
v 78.198021 135.463821 931.439636
v 94.474037 142.097382 935.002136
v 123.636589 135.195145 934.670227
v 134.421112 138.650299 935.473206
v 205.478378 139.970032 933.967407
v 213.866409 138.958527 933.288940
v 235.021774 137.686035 930.369446
v -212.923553 137.716248 936.203491
v -207.911469 132.823029 936.034973
v -181.970657 129.222748 936.561584
v -62.777088 135.273468 932.317627
v -11.918536 136.634064 925.292969
v -3.403272 139.071442 924.246460
v 2.786326 138.168137 923.388245
v 24.686649 137.250153 922.905884
v 54.995289 136.286270 926.843994
v 61.892269 134.932251 928.862854
v 81.403374 137.413528 934.199890
v 140.274185 135.510620 934.871033
v 221.324371 133.940002 931.939941
v -224.626007 133.733978 936.019714
v -141.966873 128.226013 936.668762
v -99.584572 132.010040 936.304077
v -76.925812 129.868729 934.414795
v -67.331398 135.966431 933.097107
v -41.961597 137.889755 930.418457
v 66.924484 135.098099 928.930847
v 71.693077 137.102448 931.065308
v 100.718811 136.711792 935.098999
v 169.177475 133.043137 934.612061
v 209.712982 137.877731 934.633301
v 217.763062 133.771820 933.143494
v 231.740982 133.945023 931.827209
v -203.563904 129.179352 935.945984
v -59.825466 131.682190 930.538879
v -37.649853 137.105225 927.035583
v -25.433693 135.121429 925.395752
v 12.414610 132.141220 923.060181
v 35.334053 135.787537 922.985535
v 47.764835 133.874374 926.320801
v 70.262779 128.280457 927.269531
v 85.608727 133.695267 933.897766
v 180.472015 127.876495 934.407715
v -238.180771 128.905930 935.804688
v -218.459564 131.075241 934.272400
v -195.519547 129.311523 936.712463
v -157.499390 129.815750 936.864990
v -120.464020 128.305679 936.508301
v -50.316113 133.226089 930.568542
v -12.593415 131.209305 921.992676
v -1.145323 129.901459 921.251770
v 39.674458 133.345169 922.783691
v 54.355579 130.298111 926.460999
v 59.703445 131.797913 926.849121
v 80.802147 128.056091 930.584778
v -149.275040 125.378250 936.797668
v -130.132477 126.027092 936.488037
v -88.812607 124.563652 934.590149
v -81.557205 125.479553 934.650269
v -38.908173 130.870682 924.934021
v -19.022987 130.342102 921.084229
v 3.869088 130.296326 922.743896
v 25.148869 131.783356 922.766174
v 46.630592 129.934662 922.986511
v 64.720909 129.498795 927.202698
v 103.593521 128.410583 934.183838
v 210.784149 124.672409 933.763062
v 225.554962 127.118118 931.618347
v 244.749298 128.568481 930.288635
v -226.578079 128.472961 933.670593
v -199.071793 126.281898 935.043945
v -58.851704 129.339951 930.478210
v 10.880974 126.286964 919.535339
v 20.729258 129.698059 921.241150
v 35.903633 129.424820 922.909119
v 42.020256 128.527283 922.596375
v 89.542648 127.748199 933.529541
v 145.013077 130.531235 934.984985
v 160.753159 121.030952 934.629089
v 174.157394 120.426277 934.317505
v 237.772095 125.184105 930.698181
v -224.267990 124.824867 932.662109
v -175.358826 119.956497 936.728821
v -45.736839 126.366119 924.738098
v -44.815975 122.674294 924.865112
v -27.928062 126.017387 921.501770
v -17.520012 126.548676 921.015808
v 26.466249 126.910545 920.384460
v 53.375858 125.859177 923.020874
v 61.765850 125.789864 926.824646
v 114.865051 123.664803 934.183350
v 195.472000 124.723389 934.351196
v -241.680450 121.286896 932.110352
v -229.655060 124.266167 932.946960
v -207.502060 121.747726 932.794861
v -186.165802 121.816986 934.552612
v -181.452194 123.343407 936.863037
v -169.140472 117.137665 937.141602
v -93.126137 121.499672 935.015625
v -39.597759 120.683975 922.270447
v 6.946301 123.930084 919.293152
v 46.632275 122.033478 922.565308
v 99.875595 124.802589 932.056274
v 206.644730 119.225067 933.688538
v 241.893448 122.349121 930.933472
v -220.662766 121.370499 931.140869
v -119.779663 118.790588 936.349060
v -108.022598 119.056793 935.758484
v -58.680344 120.889160 927.622314
v -54.101780 119.485420 924.778320
v -16.263124 119.509521 918.160034
v 0.309592 121.550423 917.928284
v 29.050652 122.845833 918.070557
v 34.555576 120.883049 918.950378
v 69.630013 121.633858 927.404480
v 78.740288 123.112679 928.248230
v 88.993553 122.963692 930.161804
v 141.676880 124.392952 934.665100
v 151.901169 120.367706 934.819702
v 195.153564 118.852509 933.493469
v 215.471756 122.567856 932.431458
v -194.920990 121.846146 934.539124
v -151.498886 112.234360 936.853577
v -82.932228 118.677658 932.644775
v -75.527008 120.693733 931.194641
v -74.941200 114.750130 931.052673
v -21.845898 120.037392 920.424194
v 1.949891 114.604706 914.389343
v 60.305450 121.249657 923.093872
v 104.965187 117.714897 932.970154
v 115.849129 115.560623 934.442261
v 123.956657 117.292084 934.698059
v 233.396301 117.444832 931.005005
v -240.665787 117.066933 928.481873
v -207.563232 117.562157 931.718750
v -194.203156 117.816238 934.032837
v -101.836220 111.535240 934.488525
v -48.389736 117.339272 924.745239
v -34.510391 119.601822 921.177795
v 5.806618 117.042801 915.995056
v 42.577602 117.233177 918.617371
v 55.492203 118.782898 922.760315
v 66.854134 117.397224 923.330872
v 74.987526 118.159706 928.118042
v 79.431671 115.863754 928.756897
v 93.664322 115.787308 930.176025
v 223.142700 114.168869 932.570068
v 243.080246 118.308464 930.174927
v -212.715836 114.136215 928.914856
v -200.265213 116.420616 931.316406
v -185.747986 114.612602 934.260742
v -181.190796 115.900612 936.088928
v -175.383041 112.793861 936.318665
v -130.221695 109.557335 936.242981
v 14.460931 116.666580 914.723206
v 31.805502 114.879356 916.049622
v 51.635319 116.310616 920.392334
v 62.927231 113.964096 923.092041
v 98.775795 115.373711 931.809937
v 129.820633 112.289757 934.065552
v 141.617508 110.073357 933.709961
v 170.684967 113.024307 934.308411
v 192.633728 111.932388 933.392822
v 236.600784 112.467758 931.120667
v -221.341248 114.173271 928.580139
v -193.643814 111.859009 931.501953
v -60.734718 114.484741 924.510132
v -56.588730 112.429810 924.137451
v -23.593592 114.690773 916.222961
v -10.742366 116.502319 916.015991
v 27.446945 116.741585 915.677063
v 39.620621 109.794640 915.778992
v 73.379234 113.731018 923.539185
v 84.192307 113.053917 929.378784
v 145.795166 110.142868 934.654297
v 182.009308 108.405685 933.354797
v -242.350998 109.892708 925.965088
v -230.910172 111.427399 926.421143
v -115.418083 104.727287 935.112488
v -88.871239 111.505959 933.450012
v -67.219215 110.047462 925.578857
v -46.624794 109.648781 919.906555
v 16.520069 114.610298 914.672241
v 56.747326 111.222931 920.075439
v 88.947121 110.722565 929.631775
v 102.568314 112.321838 931.740295
v 156.089584 109.951622 933.896179
v 211.360779 110.308067 932.058105
v -216.604691 109.264313 926.833740
v -204.442291 100.798637 925.428711
v -184.565964 107.158264 932.257812
v -164.904831 107.590363 936.289612
v -140.231796 105.242432 936.393433
v -23.868301 105.495316 912.233643
v -10.163823 106.058022 911.203918
v 3.181188 107.113899 910.912903
v 79.987465 109.706581 923.775024
v 101.128281 108.312416 929.470459
v 107.503273 108.752983 932.207214
v 244.200821 108.345848 930.556030
v -206.865417 106.725815 927.405396
v -171.459183 106.194283 934.698547
v -160.450302 102.027977 936.011108
v -108.765160 104.196991 934.899414
v -98.921539 105.503349 934.505981
v -76.225693 101.068703 927.375366
v -43.281345 103.901863 917.149902
v 6.390058 103.104973 910.174927
v 16.614382 109.333298 911.680908
v 24.662512 106.310341 911.055603
v 36.803356 103.535873 912.227600
v 68.864296 109.573883 923.138550
v 228.831268 105.804283 931.247559
v -235.078781 103.428635 922.981445
v -219.384369 105.296349 924.097473
v -197.095276 104.405785 928.683594
v -177.003433 106.966499 935.225037
v -128.118927 106.659737 935.644958
v -86.496445 107.293503 931.192261
v -71.717003 101.114357 924.490906
v -19.597137 102.450043 909.044922
v 74.905952 105.945076 923.743896
v 84.592339 106.239006 923.944153
v 94.839516 107.290192 929.048218
v 120.323792 101.447632 932.521851
v 129.645264 101.671524 932.066162
v 202.347549 102.695602 932.172668
v 223.168350 103.162079 930.881409
v 242.074951 100.321281 930.542480
v -244.431595 103.449188 924.054626
v -228.010773 100.322205 922.619446
v -165.176788 100.779953 934.026184
v -95.800026 102.836670 931.791077
v -85.649742 101.590462 930.670654
v -52.899128 101.885384 920.565247
v 27.681503 97.022820 907.961304
v 42.977898 99.108948 911.960388
v 58.383770 101.202675 917.604919
v 70.915138 100.617180 920.492859
v 101.023010 103.655945 928.923828
v 107.408989 102.316109 928.894348
v 111.756935 102.786797 931.707153
v 156.496384 98.068222 932.526672
v 169.042892 102.410461 933.216370
v 185.501343 97.790955 932.375244
v -209.750534 101.491325 924.354187
v -180.707626 100.600998 931.464233
v -150.846573 100.907631 935.730774
v -141.313721 101.004784 935.185791
v -121.820404 100.887611 935.111389
v -66.060837 102.091309 924.385071
v -31.368999 100.512344 910.999634
v -27.080568 99.472176 910.281677
v -4.185539 104.073204 909.230591
v 11.207919 96.313416 906.884583
v 80.652443 101.938820 923.756348
v 88.804863 102.942230 923.597351
v 94.208618 99.462044 923.211304
v 97.629715 101.992310 927.288025
v 148.780914 102.527542 932.997009
v 162.154907 98.764847 932.676819
v 176.286880 96.865440 931.010620
v 193.165482 101.196541 931.668762
v -234.183365 99.750244 922.385925
v -190.846588 99.678116 929.023560
v -175.784988 98.028946 931.703613
v -120.796776 98.928665 933.837402
v -104.555412 98.773911 931.988708
v -82.374199 93.756783 927.401733
v -9.116510 101.672104 908.744202
v 61.877010 99.480453 918.335022
v 218.360092 98.003593 931.037842
v -241.975204 95.981506 921.101807
v -214.303818 93.135704 921.640015
v -130.831985 99.602943 935.314209
v -110.119125 99.840721 933.315430
v -95.432236 96.248039 931.526123
v -60.528675 97.823441 920.280090
v -16.144804 97.679230 909.018066
v -0.841424 97.629066 909.317749
v 19.384459 99.669067 908.345276
v 50.163425 98.460831 913.959290
v 87.149414 96.679756 923.483337
v 103.779976 98.375084 927.785400
v 114.404610 97.539825 928.427063
v 120.179321 96.601395 930.212341
v 126.771194 97.930016 930.793518
v 134.890991 98.014404 931.359497
v 144.136414 97.285194 931.500488
v 201.242752 98.274071 930.896790
v 207.741791 94.870125 931.262878
v 235.421249 96.248360 929.673828
v -228.240738 94.681755 921.462341
v -201.772797 94.927773 924.261780
v -158.750366 96.679161 934.698242
v -139.070511 93.375610 933.825806
v -131.351715 94.296669 933.100647
v -70.554695 94.715820 924.177490
v -53.615067 96.329536 918.130249
v -21.741880 92.449432 908.910278
v 108.325958 94.830292 927.647644
v 193.406555 93.344254 929.861084
v -233.433517 91.837738 919.984131
v -182.597351 92.041161 928.773376
v -166.078278 95.822273 933.004089
v -152.461090 90.636467 934.015808
v -117.500168 95.869415 933.445129
v -102.261597 92.994629 931.662720
v -61.018814 88.310440 917.879272
v -17.258202 92.673904 907.488098
v -8.662097 94.238174 906.506104
v 0.304185 92.187668 905.227356
v 6.294551 86.396774 903.380798
v 29.960699 87.805458 905.956238
v 43.270985 89.126060 909.315430
v 99.087189 95.463707 922.644470
v 137.767746 95.484085 927.835632
v 141.801773 93.847649 927.638794
v 148.596649 94.654480 930.972107
v 161.673889 94.143822 932.091736
v 169.831741 90.309799 930.939209
v 181.931580 93.590721 930.806091
v 184.624741 92.999550 929.904358
v 197.435379 94.233849 928.712708
v -192.840103 91.549286 925.359375
v -162.716583 90.716194 933.654907
v -126.967674 89.864464 931.792786
v -117.143051 93.106964 931.873047
v -97.648727 90.262550 929.564270
v -76.615105 92.573761 924.427856
v -49.326057 92.345497 914.457947
v -36.201900 89.418701 909.604614
v -31.011480 94.026237 909.121582
v 48.493938 93.091873 911.602356
v 75.853935 91.117958 918.787537
v 84.627525 90.034698 920.243652
v 95.946838 91.815796 923.015747
v 102.332466 93.317818 922.428894
v 113.402382 90.473808 927.006226
v 130.360580 90.311714 928.881714
v 159.270447 89.641937 930.602478
v 219.971283 89.588860 930.140015
v 236.743103 88.018890 929.133118
v -236.704178 82.292061 916.593567
v -221.643188 90.933380 920.687622
v -201.500946 87.638672 922.510132
v 13.903753 88.618607 903.567749
v 64.878189 89.737724 916.641724
v 105.158127 90.487534 922.226929
v 117.153450 89.024010 926.899719
v 123.224449 90.025696 926.971924
v 132.655212 87.956169 927.187134
v 147.268784 91.354370 927.434692
v 151.136795 86.955780 929.055115
v 203.620270 89.529190 928.932617
v 214.527405 86.443260 929.161987
v -185.189331 88.604309 926.538269
v -178.463547 83.850128 927.164917
v -148.466766 89.558868 932.967896
v -117.181992 88.984085 931.838989
v -91.866959 87.762543 928.413452
v -84.773743 83.499252 924.042480
v -69.069275 88.806648 921.085938
v -8.769334 88.728821 904.144348
v 92.995667 87.216766 920.518555
v 104.220505 84.305450 921.919556
v 164.197906 88.858742 929.555847
v 178.317810 84.942101 929.991394
v -229.600021 87.408676 917.780029
v -211.798218 84.925163 919.906799
v -166.298691 86.095665 930.173096
v -156.777176 86.264122 931.592407
v -136.173813 80.897713 931.311096
v -127.718834 85.966606 931.637329
v -110.810036 82.794075 931.508911
v -76.123245 86.340385 924.409363
v -53.849079 85.089165 913.741943
v -28.163191 87.188507 908.259460
v -18.890251 88.233704 905.659302
v -3.188705 86.620544 903.543884
v 50.473389 84.745041 910.215332
v 60.491909 83.817223 913.111816
v 88.937378 86.015175 918.164551
v 108.892937 86.837677 921.816711
v 120.845795 84.118301 926.251282
v 144.998215 86.307770 926.867859
v 170.980850 85.934853 928.897766
v 208.842117 81.306206 928.372131
v 233.504471 81.462044 928.386658
v -184.609558 83.902946 926.382080
v -146.976364 82.504860 931.448853
v -103.941124 82.918877 930.368713
v -100.631813 79.813736 927.491333
v -71.145561 81.775551 920.791565
v -15.182401 81.156792 902.962280
v -6.976500 79.256401 900.537109
v 17.370962 82.165192 901.721130
v 71.448296 83.869125 915.737915
v 83.861229 84.739967 917.962036
v 99.510429 80.568916 919.952942
v 112.604546 84.084328 921.413879
v 128.659225 84.006310 925.997803
v 136.387711 83.176125 926.833008
v 155.844101 83.043175 927.879456
v 162.031708 82.977821 927.551514
v 188.120087 81.393608 929.708069
v -222.139740 80.584259 916.469849
v -194.050735 79.780479 922.502502
v -172.347565 77.664764 927.143494
v -166.270706 78.812637 928.779968
v -118.268867 81.539360 929.320618
v -91.212196 80.224258 925.771606
v -58.744141 80.696098 916.130615
v -33.293156 81.145035 906.282776
v -24.768217 77.286598 903.323914
v 7.250245 79.417336 900.010132
v 94.220673 81.446709 917.603333
v 145.662506 83.261589 925.116577
v 176.813660 82.090561 928.308716
v 190.668030 79.626007 928.502380
v 200.673996 75.653862 928.353760
v -212.436356 79.194855 917.432129
v -202.841675 77.122147 919.793030
v -134.240814 75.763367 929.831360
v -113.521606 79.964737 929.122864
v -82.415230 79.903625 923.630737
v -64.488762 75.520081 917.026367
v -44.326180 80.675987 908.928406
v -18.890617 75.453178 903.047424
v -11.085135 74.191238 900.428101
v 16.754433 75.498940 899.872253
v 42.403381 80.097076 907.337891
v 58.022373 76.702538 911.323303
v 70.634972 76.428459 912.477295
v 110.328423 78.849503 921.320374
v 116.312790 80.134834 921.025879
v 135.195099 79.484886 925.091431
v 140.198868 80.916138 926.864929
v 213.327759 74.853508 927.171875
v 223.616592 77.607941 927.879395
v 243.779633 76.866699 926.830505
v -229.047806 72.582832 913.859863
v -184.598160 73.382309 923.353088
v -174.680008 73.567284 926.390930
v -155.536072 77.142754 929.812622
v -107.142838 77.888107 927.575317
v -55.275379 77.482872 913.196106
v 31.335867 76.596489 903.763062
v 53.547855 74.043335 908.828491
v 75.768204 78.501640 914.850830
v 84.149651 76.887878 915.080811
v 105.974693 77.984161 919.298462
v 119.612381 76.777130 920.626099
v 124.852638 78.004280 924.018616
v 129.135849 76.138268 925.032532
v 161.428909 77.898766 927.254028
v 172.029709 77.961395 927.061157
v 183.273529 77.756767 927.484253
v -239.436783 75.327339 914.816101
v -123.805756 71.612473 928.248779
v -98.071381 75.463409 925.815979
v -68.621132 66.116219 916.366150
v -48.125854 73.758873 910.076111
v 97.876663 76.443298 917.823914
v 133.501572 72.552086 924.418945
v 141.045242 76.619774 924.271912
v 149.338104 71.483238 925.559143
v 190.193100 74.625549 927.158264
v 235.158371 72.240608 926.383301
v -211.169540 73.871613 916.332214
v -194.345230 73.521988 921.357483
v -93.354599 73.824532 922.831604
v 3.150971 73.061653 898.243652
v 80.333229 74.281029 914.479919
v 107.083145 75.281830 919.271423
v 118.465256 70.707390 920.340393
v 145.572754 69.989197 923.447083
v -222.221848 67.646820 912.512085
v -116.988533 69.851135 926.523804
v -91.509125 68.473740 922.422119
v -38.835560 73.380676 905.812439
v 46.675060 67.897263 905.927612
v 59.287155 68.588684 908.613159
v 125.225067 72.166527 920.079163
v 177.822357 70.613983 925.988281
v 195.956070 72.749176 927.196777
v 205.635269 70.395912 926.849182
v -239.148300 68.943115 911.506958
v -199.791199 65.602516 916.861694
v -146.660950 68.803169 928.265259
v -136.351746 69.613838 928.680847
v -54.004543 69.829872 910.277161
v -30.214676 66.483109 901.181458
v -20.699017 67.524567 900.321350
v -5.902063 61.666401 896.364807
v 25.160051 63.734997 899.718323
v 84.561440 71.181213 914.417480
v 92.952835 69.894371 915.446350
v 99.190048 67.445549 916.131226
v 104.603546 65.018959 916.428406
v 129.776871 67.430862 919.601990
v 139.553665 68.249077 923.572449
v 181.408554 65.369164 924.794739
v 236.326950 66.167320 925.391235
v -230.102707 67.937141 911.846619
v -214.380325 66.203178 912.208557
v -183.870743 64.754570 921.938782
v -167.107605 59.139301 924.816162
v -158.416809 67.781456 927.703247
v -105.981079 66.864708 924.356140
v -97.300774 67.447578 922.032654
v -46.603844 66.424896 906.301880
v -9.413650 67.991432 898.052429
v 35.516438 69.073509 903.308899
v 76.059799 66.907326 910.949646
v 81.647003 67.403618 912.058472
v 108.765633 67.104668 917.996704
v 153.948837 68.789558 924.512573
v 169.183197 65.127289 924.781860
v 175.420471 67.038948 924.389404
v 197.147400 65.697639 925.133728
v 215.420914 65.387604 926.332458
v 221.129807 64.840042 925.182983
v 228.821167 65.810265 925.664856
v -239.786758 61.235100 908.047668
v -191.212296 62.722488 919.372253
v -122.019379 63.656246 926.058716
v -109.789688 62.786137 923.108765
v -61.474995 63.337975 912.446106
v -22.372948 62.738468 899.132996
v 17.934210 63.425453 898.693726
v 90.493416 65.712532 912.888000
v 116.673599 64.140472 917.179321
v 125.511536 65.219879 919.701111
v 150.204193 67.567101 922.896912
v 191.371780 64.843811 925.389465
v 208.067459 65.243225 925.485046
v -246.275787 65.523567 910.213684
v -227.805176 60.597885 911.342041
v -178.753815 59.895447 922.332947
v -157.349808 61.890411 926.448242
v -145.108276 58.462479 926.297546
v -94.336739 62.303783 920.129517
v -86.172127 61.080940 919.077271
v -54.219315 63.770088 908.376709
v 4.090534 62.818974 896.681702
v 70.926216 62.870907 909.047119
v 135.036804 63.578186 919.226868
v 143.802902 63.846649 922.837158
v 186.701675 62.774429 923.566284
v -243.360992 63.888313 908.648193
v -209.768951 62.112766 912.411194
v -202.565704 62.355938 913.682556
v -131.786728 59.320995 926.760986
v -115.597252 60.807617 924.277954
v -105.919380 59.749493 920.871765
v -99.358559 60.313522 921.294373
v -43.382168 60.050915 905.627930
v -37.016296 61.717575 902.297363
v -2.688491 57.806419 895.545776
v 54.049225 60.538975 906.088989
v 97.322067 61.573864 912.897217
v 100.069695 64.056473 916.760620
v 123.988159 61.635174 917.502197
v 157.254929 60.293182 921.874084
v 160.775436 60.378464 923.656067
v -242.526093 60.342098 906.969788
v -220.500687 61.212387 911.439392
v -78.401024 59.151958 916.782715
v -70.119797 59.980892 914.494507
v -55.427513 57.684090 908.057678
v -48.110378 55.706989 905.816833
v -24.051167 55.672092 897.552124
v 33.278385 55.560062 900.756165
v 57.748596 52.625023 905.452881
v 84.203438 55.567600 908.845093
v 130.166321 61.138683 919.164551
v 147.842880 61.192406 922.466125
v 192.464096 57.715084 923.262268
v 222.724121 58.987553 924.223145
v -195.589844 57.763168 914.760864
v -187.972672 55.979939 918.007385
v -84.288834 54.560440 917.191345
v -14.854980 51.580837 895.623962
v 1.630368 56.590168 896.207153
v 43.289566 53.606171 902.621033
v 99.146950 55.719585 910.707764
v 106.341873 55.764336 912.049683
v 139.816147 58.808929 918.733643
v 165.103882 58.763737 923.536072
v 171.071915 55.823532 923.278687
v 177.623871 55.740646 923.202942
v 199.949234 58.729836 924.244629
v 210.897766 57.822186 924.349060
v 217.100037 58.334957 923.336731
v 234.302689 60.423145 924.594727
v 245.170639 57.876629 924.475952
v -239.808334 56.389141 906.514282
v -219.233734 55.046215 908.869141
v -202.011978 56.710880 913.319519
v -112.582100 53.401958 921.191223
v -63.470592 50.710274 909.464905
v -30.690876 48.703457 897.526978
v 11.883274 55.576031 896.474792
v 18.290331 56.959244 897.172729
v 113.939232 51.162247 912.083740
v 134.073227 58.023148 918.627441
v 144.247025 56.063320 918.548706
v 149.758179 57.277618 921.958252
v 162.174850 57.138382 921.460266
v 202.156647 54.602551 922.775024
v 238.162094 55.554546 922.692688
v -225.333160 52.324871 908.091980
v -194.798157 48.905991 914.931091
v -163.054489 51.883507 924.486633
v -145.304932 53.612255 925.159363
v -116.098694 50.677174 920.924622
v -91.978973 53.248810 918.819763
v -44.673157 53.357929 904.472046
v -10.079894 49.152866 895.613770
v 75.348473 57.036419 908.392151
v 139.202560 53.366261 918.360718
v 155.689301 52.597313 921.393982
v 165.452835 52.262005 921.032898
v 186.999420 54.335949 922.972107
v 227.158600 54.749634 923.037903
v -235.061768 52.471405 906.275085
v -213.069290 48.878735 908.423157
v -190.547028 52.218361 915.379883
v -182.708115 49.332886 917.763000
v -171.730057 49.100243 921.628174
v -131.323822 50.227177 925.176025
v -112.682404 45.821934 919.457031
v -104.907349 52.322632 920.150269
v -40.168301 51.921856 900.825562
v 1.272799 51.949051 894.664490
v 11.400507 49.164055 895.390198
v 51.743603 51.319618 903.577209
v 122.679688 52.988022 914.045227
v 133.474731 53.388924 916.241882
v 147.725601 51.921249 918.190247
v 209.248596 50.593712 922.556030
v 243.402740 51.142059 921.745728
v -230.621719 48.842232 907.285217
v -97.207191 49.806057 918.175415
v -72.829239 49.377388 912.258362
v -18.681911 47.765209 895.265442
v -5.892140 48.291454 894.436096
v 25.117758 47.465282 897.884888
v 88.231155 45.849171 906.899353
v 174.272827 49.855633 921.465942
v 233.475098 50.626656 921.483032
v -243.555710 46.012047 909.032959
v -204.838287 47.665699 911.204712
v -119.219299 42.294712 919.371094
v -89.191010 45.040882 914.348511
v -38.562744 45.395477 900.188293
v 2.516027 43.380089 893.591675
v 65.083389 47.454121 905.094666
v 72.882843 43.248726 904.813416
v 102.191223 47.648373 909.231445
v 139.638916 46.912373 915.143799
v 145.936386 46.576523 917.919556
v 153.071945 47.978657 917.997986
v 161.999252 47.369034 920.717712
v 178.472412 45.935009 921.619202
v 224.093155 45.587746 922.010437
v -234.986130 46.048954 907.029480
v -185.873184 43.509037 915.067139
v -156.013855 42.491112 923.720093
v -111.365654 41.904850 917.268921
v -100.097008 42.220222 916.520508
v -72.541046 40.020771 908.849060
v -54.866554 38.358196 904.760437
v -44.667240 46.850952 902.782654
v 83.877899 41.372799 905.948425
v 120.465340 44.007618 910.886414
v 174.074036 44.185055 920.200806
v 188.114777 47.247845 922.167603
v 211.591995 40.706703 919.991028
v 230.450317 44.272823 919.499939
v -218.509384 43.441990 907.103943
v -209.490402 43.219334 907.222046
v -176.343018 41.232384 917.963623
v -148.467300 42.465050 924.298401
v -11.521888 44.740940 894.081543
v -5.315336 42.828045 893.037903
v 10.022718 36.696140 893.258362
v 23.284397 36.647602 896.353882
v 129.833282 45.618633 912.468445
v 158.495667 43.628613 917.837646
v 185.141647 40.179165 920.631592
v 242.302460 45.634377 919.428406
v -243.630951 41.378662 906.916077
v -199.746063 42.492645 911.624329
v -189.736984 40.561653 914.288330
v -138.693054 36.986305 922.074524
v -131.042786 41.794315 922.391113
v -65.934631 39.226139 907.628113
v -32.632328 40.811943 898.044128
v -23.816120 41.335060 895.324829
v 36.175156 39.828194 899.068665
v 52.772861 41.872150 901.576416
v 66.713829 41.995468 904.821350
v 108.569588 39.771114 907.681641
v 116.070892 35.081074 907.793030
v 147.144730 40.635059 915.343750
v 151.120010 41.998173 917.832214
v 166.640167 42.580990 920.296387
v 196.581223 40.055176 920.585144
v 204.418930 38.867008 920.332642
v 217.412567 40.326050 919.814270
v 224.653671 42.140011 919.760376
v -228.780045 37.565109 906.578064
v -202.448151 38.842583 907.186096
v -194.569519 41.795925 912.419922
v -164.173035 43.853794 922.590515
v -126.921333 34.410206 917.924927
v -109.706596 36.555264 915.837402
v -37.297054 40.936680 899.171692
v -14.225881 37.321507 892.855774
v 122.871101 38.945930 910.170776
v 172.251602 37.742771 919.929504
v 181.915161 38.724888 919.526550
v 240.697754 41.302776 918.797424
v -212.131042 33.303547 906.875916
v -183.933914 34.555954 913.286194
v -158.646378 38.947205 921.317444
v -130.341446 35.756721 920.315430
v -117.443359 39.000370 918.721008
v -99.404152 35.700188 913.391113
v -89.353981 35.659271 911.380371
v -80.598709 34.633301 909.302185
v -48.820961 36.851276 902.269287
v 67.109612 36.889538 903.196655
v 155.798126 38.038162 917.436218
v 163.527847 39.360195 917.648621
v 232.514786 35.770695 916.616150
v -222.548187 34.863106 905.834045
v -187.227844 36.513588 913.846313
v -169.902664 33.659676 917.284424
v -161.561279 32.873562 918.772461
v -58.948952 33.896774 904.082092
v -39.311050 33.500065 898.731018
v -31.724543 34.258724 895.345032
v -5.506277 33.190296 891.386230
v 53.174313 34.448830 899.916321
v 94.563469 36.302387 905.686584
v 135.590790 36.402699 911.395630
v 195.390915 36.130657 918.303833
v 218.480698 35.877689 916.937805
v -245.922302 33.305599 906.347351
v -232.891830 33.413925 906.301331
v -194.390808 33.086304 906.948242
v -148.431808 31.673445 919.514465
v -118.002487 30.043196 915.366516
v -22.053671 29.860147 893.344849
v 2.244497 27.818001 890.814880
v 80.636559 34.470768 903.978210
v 126.614136 34.247528 909.159058
v 141.448730 32.489948 911.572205
v 161.646194 33.246082 917.476929
v 169.791092 33.514473 917.480835
v 184.164413 30.430363 919.183350
v 205.097183 35.892715 917.366394
v -190.441162 31.606726 907.582947
v -178.854034 33.333298 913.935913
v -136.491913 27.645096 917.048340
v -50.008011 29.009653 900.728394
v 66.316345 31.377821 901.838989
v 103.192108 30.864340 905.447327
v 157.531296 29.131237 914.138367
v 175.958374 32.906712 919.430908
v 205.604538 30.535732 917.187683
v 229.396530 30.507475 916.715515
v 236.309738 30.457224 916.782166
v -228.809982 29.360910 902.197388
v -219.196579 28.320429 903.533936
v -180.218231 28.979570 912.852783
v -173.484406 29.480507 913.141113
v -128.939941 26.200256 917.373108
v -114.267128 25.863113 913.576538
v -71.361626 30.581858 906.504272
v -62.895050 25.373131 903.284546
v -29.204903 25.910641 893.534790
v 28.570536 23.604691 894.212219
v 40.964062 28.458900 896.487793
v 54.760685 23.775475 898.120300
v 77.718254 27.403179 903.676941
v 116.470284 29.386248 907.135315
v 168.380402 29.218309 917.422302
v 174.996201 29.388950 917.338562
v 222.273270 28.293777 916.406372
v 232.129333 31.692646 914.841797
v -233.154587 23.814072 901.569458
v -207.337128 28.860207 906.686951
v -188.401367 27.787661 906.527771
v -165.548599 27.153515 913.103882
v -123.777122 24.688000 915.859924
v 14.167888 23.130043 891.304626
v 71.290527 25.640102 901.975281
v 89.789177 28.679649 903.351135
v 134.765808 26.931684 910.044434
v -242.855530 23.434748 905.780701
v -208.065643 22.019276 903.832886
v -200.525436 21.638596 906.190369
v -156.840012 25.857639 914.393188
v -145.309402 25.229147 915.849487
v -90.604439 25.131472 908.574890
v -42.352055 23.789413 898.217957
v -19.970963 24.871378 892.615234
v -13.061812 22.764519 890.632202
v 21.411341 26.107817 893.996460
v 96.017670 21.489067 903.199829
v 106.067406 26.338615 905.316589
v 195.301605 28.133684 917.220459
v 212.325394 26.096659 917.344238
v 231.539917 27.825645 915.322815
v 240.555588 27.008009 913.512634
v -245.274704 16.744234 905.448914
v -182.262970 22.727665 907.288818
v -174.722412 23.485683 911.825500
v -169.704590 22.735035 911.745911
v -98.130066 22.855541 908.818542
v -84.222412 20.952141 906.016663
v -74.383469 20.152199 904.619507
v 60.744297 20.115149 898.137085
v 80.654404 22.181812 901.464966
v 117.303131 23.770481 905.822998
v 132.022003 21.565815 907.979797
v 146.658127 23.829397 912.010498
v 159.231705 22.244995 914.398926
v 173.823914 24.621954 917.269653
v 223.918274 22.717211 911.753601
v -227.865738 23.420059 900.237488
v -141.153412 21.123682 916.261230
v -122.570335 20.553007 913.401306
v -107.301208 19.101833 909.756592
v -61.997417 16.305689 901.791016
v -23.943583 20.183264 891.275879
v -4.954436 22.472677 889.973755
v 0.180438 20.546808 889.368225
v 10.135833 17.591394 890.078857
v 68.137894 21.390537 899.905212
v 182.426407 20.859747 917.478943
v 192.236160 21.811459 916.601990
v 199.658279 23.960037 917.247070
v 233.309631 21.012804 909.942993
v 240.409531 19.399387 909.964600
v -222.839020 20.705940 899.715698
v -214.738388 20.656063 902.360413
v -184.155823 19.125547 905.644836
v -173.924469 19.024996 911.214905
v -166.624115 18.250763 910.647705
v -151.573700 20.880325 914.981628
v -132.394882 16.655630 914.098267
v 24.107967 18.976555 891.731628
v 33.049824 15.594080 891.862732
v 46.116592 18.184740 894.776611
v 103.903404 16.001617 902.263489
v 120.325981 17.351263 905.283020
v 200.349503 19.114973 913.113708
v 216.935974 19.132793 911.576904
v 224.858078 15.177588 907.520874
v -231.188782 17.469452 902.748291
v -219.839310 16.424328 898.847656
v -46.902939 15.122401 898.870056
v -32.590065 15.077803 893.141846
v -16.349531 15.002138 889.540283
v -4.746053 16.025537 888.664124
v 148.612000 17.575171 910.873657
v 162.683670 17.485950 913.657654
v 170.773773 19.780054 916.112976
v 208.997620 16.287743 910.480713
v 234.851151 15.331963 906.491760
v -237.827530 17.179413 903.374634
v -204.027771 12.348321 901.719910
v -193.567261 16.279688 905.787476
v -171.371094 14.086739 910.341064
v -148.442596 16.604504 912.966248
v -99.389191 12.955733 906.635132
v -89.281502 11.512848 903.982666
v -75.890213 15.024750 903.178772
v -56.400639 10.503957 900.573303
v 80.039101 16.420462 899.533142
v 85.896065 16.110880 900.113098
v 112.456367 11.751754 903.023560
v 170.467361 13.659387 914.013367
v 179.638000 15.214055 914.726929
v 191.270950 12.812761 911.511536
v 244.231339 15.774859 909.749329
v -209.394928 11.298762 901.350952
v -180.016296 13.705537 905.166260
v -164.263611 8.305161 908.721008
v -134.895264 13.410818 912.392456
v -126.983376 8.214195 911.225647
v -39.521687 11.325423 896.218018
v 13.370843 11.183413 889.325684
v 26.239176 14.334640 891.480530
v 42.856800 10.367687 892.193115
v 49.029171 12.310045 894.576294
v 67.515282 7.703907 896.520630
v 98.024658 14.772327 901.621704
v 130.019394 10.637339 905.847656
v 153.808105 11.120574 910.705078
v 185.054291 8.173029 911.395386
v 213.984085 13.125894 908.013916
v -236.881302 11.261423 901.860718
v -226.104446 12.434878 901.766296
v -198.985077 10.405830 902.867249
v -189.772964 9.876826 905.119141
v -175.628479 9.562044 905.269531
v -156.748428 10.824562 909.249573
v -140.302261 10.342032 912.007874
v -111.162575 13.519442 909.537964
v -26.513359 10.124377 891.176270
v 3.166774 7.112090 887.333923
v 78.223061 6.842882 896.580505
v 90.991104 7.497005 898.032532
v 141.487793 9.291903 907.638794
v 242.004761 6.833246 905.113586
v -243.366364 9.806362 905.035156
v -220.367996 9.252780 897.823792
v -108.489693 5.184195 906.476379
v -82.818336 7.492345 902.151306
v -60.722282 6.313950 900.344421
v 23.249264 9.090604 889.314331
v 35.116028 10.977532 891.572632
v 59.395443 8.450682 895.377258
v 163.310654 6.834669 911.420044
v 196.998474 6.003058 908.062866
v -226.524902 6.575603 900.024536
v -216.787888 5.923609 897.020935
v -194.217209 6.672681 902.386597
v -169.797302 6.413403 907.389832
v -73.433311 9.403319 901.870178
v -46.702068 6.719178 898.026978
v -13.898453 4.114793 888.325745
v -10.049904 6.941206 887.459778
v 42.475975 5.778953 891.908020
v 103.813263 8.411244 901.086670
v 113.249153 2.511084 902.106873
v 212.271774 2.913230 904.803467
v 226.782394 9.682762 905.800659
v 235.731705 5.080655 903.719055
v -234.288498 1.500256 900.454346
v -209.235672 6.356768 899.953125
v -201.432831 4.821905 899.788025
v -183.062393 1.140955 904.088379
v -173.816162 4.010952 904.106934
v -151.703629 3.755963 907.900269
v -147.319641 6.294148 910.083191
v -34.822571 5.617525 893.426941
v -8.085482 0.482249 886.174561
v 10.540834 2.394674 887.050964
v 50.856529 3.998085 892.713562
v 174.953064 6.336339 911.824036
v 231.081070 4.509332 904.046082
v -167.270660 0.564826 905.984192
v -135.220276 -2.094764 908.550964
v -126.137466 -1.657496 908.362183
v -115.601746 0.438044 907.208130
v -73.917610 1.497225 900.103027
v -55.149082 0.879100 898.737366
v -23.148792 1.276717 889.689331
v 36.835072 0.414256 889.158020
v 60.488907 3.511929 894.894836
v 79.875664 -0.996623 895.369751
v 130.334198 -0.512959 904.176331
v 142.804169 -1.029898 906.149780
v 152.734619 4.695119 908.709961
v 188.871613 5.102042 910.022095
v 219.912125 -1.372249 902.263306
v -245.933701 -2.945884 903.778870
v -224.911209 -0.059040 896.406311
v -187.853699 -1.613589 901.043274
v -157.135681 -1.551543 906.471680
v 134.099030 -2.871693 904.574951
v 181.308365 1.691615 910.281250
v 200.987045 -2.006220 904.638550
v -219.521576 -1.497757 895.585815
v -211.050934 -1.141196 898.673462
v -196.165039 -1.832875 898.929504
v -172.069717 -3.183389 903.230957
v -91.648720 0.541423 902.570618
v -83.989967 -2.600852 900.525635
v -65.960243 -3.069819 898.805481
v -33.786121 0.876006 893.346130
v 52.330608 -2.861037 891.859070
v 55.913631 0.406624 892.489868
v 95.496468 -0.101754 897.029541
v 152.582672 0.881293 908.244568
v 195.992325 -2.919676 905.621399
v 214.732819 -0.641547 903.836792
v -204.306732 -4.511914 898.185303
v -143.079651 -2.773797 907.723511
v -125.107925 -9.768682 905.867432
v -107.650673 -4.391763 903.885376
v -38.408573 -8.559845 894.059021
v -17.990679 -2.985784 887.175781
v 11.186785 -1.833362 887.037415
v 23.612555 -4.061848 886.984253
v 68.910553 -2.847262 894.844238
v 84.372078 -9.067181 894.394836
v 166.074615 0.706586 910.640320
v 226.083923 -3.729684 900.758423
v -234.565063 -5.491204 900.928284
v -222.184631 -3.507433 893.884338
v -93.516182 -2.976027 901.887146
v -6.088348 -7.104917 885.287231
v 7.122634 -3.833478 885.739014
v 11.994403 -6.851684 885.805847
v 76.795914 -5.262092 893.971741
v 113.865730 -7.364537 900.443726
v 153.194977 -4.880580 906.678528
v 179.985550 -3.881392 908.258240
v 236.070236 -5.437986 899.644714
v -214.187561 -6.326693 897.596863
v -160.301010 -8.403539 904.464722
v -149.951050 -5.313447 905.749817
v -52.013378 -8.714433 896.700928
v -47.023495 -12.470517 894.608582
v -26.085325 -7.096420 890.695862
v 39.585075 -15.201927 886.822937
v 64.885124 -6.951649 893.071411
v 101.864143 -6.867793 897.577759
v 136.937256 -12.287640 902.972717
v 185.260513 -7.762417 906.297729
v 210.294373 -7.479390 901.546570
v -240.358383 -7.295623 901.105103
v -234.359207 -12.822011 899.534485
v -219.566513 -9.396309 893.631470
v -188.655457 -9.583136 898.171570
v -178.056854 -9.955602 902.576843
v -166.977142 -11.015900 902.011902
v -141.276047 -8.926604 905.606506
v -83.906693 -8.675986 899.388489
v 28.158150 -9.719122 886.633118
v 45.856701 -11.437506 888.173218
v 60.490650 -9.859166 892.487122
v 69.325333 -14.705035 892.610657
v 148.964798 -12.300449 904.790649
v 166.843399 -8.521093 906.853333
v 246.204971 -9.333967 899.795349
v -221.200150 -13.603014 892.474854
v -212.772385 -14.196856 896.205200
v -204.404770 -10.989606 897.254272
v -196.306213 -12.966105 896.525391
v -75.955978 -13.660235 897.643494
v -22.319473 -12.992863 889.466492
v -16.779633 -11.565495 887.172791
v 120.798851 -10.286111 900.794312
v 158.707397 -13.267079 904.874817
v 225.693359 -16.148338 895.871826
v 239.678650 -13.828608 896.787048
v -240.615707 -14.406430 900.298645
v -183.142044 -14.809152 898.050537
v -158.482300 -15.955242 903.051086
v -152.843033 -15.781722 903.429382
v -145.747253 -13.646551 904.876831
v -112.460045 -14.052345 903.208984
v -105.441353 -18.520529 902.465393
v -61.825668 -12.693121 896.375671
v -9.577155 -12.995131 885.933289
v 6.342067 -12.417695 884.737061
v 18.155310 -15.660263 884.709045
v 56.575336 -13.015395 890.192688
v 167.990082 -14.941460 904.069946
v 176.535980 -14.480102 904.461792
v 188.432480 -18.379047 902.150085
v 197.144409 -13.034829 902.106934
v -92.605507 -18.405586 900.570557
v -3.997688 -16.663088 884.652527
v 11.148597 -17.744013 884.280579
v 80.720222 -16.945351 892.832947
v 91.905075 -17.602865 894.456238
v 152.570770 -17.708429 903.007812
v 218.417557 -13.101278 898.733093
v -229.855072 -17.695248 897.409241
v -201.805084 -17.009001 895.895325
v -190.269547 -16.817205 896.664978
v -173.321762 -20.948349 900.906006
v -137.632690 -14.151352 904.660156
v -132.431244 -16.519354 904.204346
v -122.249626 -17.505493 903.931885
v -13.631153 -20.535954 885.619385
v 26.554703 -17.170511 885.016479
v 102.201843 -19.346689 896.105774
v 110.922127 -17.296274 897.872681
v 123.704491 -17.764450 900.303650
v 203.834763 -17.449600 899.822266
v 208.345016 -23.021605 896.631897
v -218.923889 -18.532696 894.409912
v -212.042282 -21.652498 895.337830
v -197.154282 -17.596176 893.888245
v -179.110855 -22.515198 897.205078
v -160.893570 -21.290323 900.211609
v -153.514023 -21.396372 902.011475
v -36.151512 -17.428944 892.259705
v -24.303688 -19.552784 889.837646
v 47.554352 -20.557962 886.481750
v 73.834457 -19.854610 892.162292
v 142.435379 -20.991686 901.528076
v 229.165161 -21.095257 894.698853
v 236.492325 -18.785849 894.755005
v -246.186630 -21.970741 902.459351
v -225.072845 -20.063688 895.027832
v -141.903610 -24.913511 903.388611
v -98.661415 -22.108829 901.306152
v -67.790627 -22.345249 895.895630
v -55.546803 -24.021448 893.550171
v 36.649948 -19.039068 885.551331
v 65.274132 -19.536283 889.877991
v 87.297829 -25.298548 892.583679
v 186.211426 -31.345455 897.987244
v 242.575668 -19.966324 893.915222
v -195.058319 -26.312658 892.099304
v -128.315994 -25.599209 902.939819
v -115.398254 -23.586248 902.314148
v -77.692009 -20.522560 897.089355
v -42.949131 -23.689850 892.456726
v -19.415691 -25.426691 886.869080
v -6.555668 -25.218042 884.832214
v 2.820057 -28.465528 883.607056
v 21.936348 -28.737104 883.467651
v 80.582321 -25.103659 892.523926
v 136.164932 -23.574921 901.010803
v 179.558853 -26.667561 899.923767
v 216.273087 -24.937103 893.846680
v -236.028030 -25.891722 898.982056
v -221.231110 -22.026991 892.843811
v -217.090012 -24.096830 892.492981
v -186.869324 -28.396263 893.954285
v -28.864502 -25.446917 890.202393
v -3.756866 -34.033333 883.311890
v 55.504753 -25.311947 887.668762
v 74.046799 -24.506771 890.779541
v 96.126091 -28.494854 893.999329
v 125.656418 -25.619493 899.072815
v 160.059296 -26.126768 900.686829
v 173.073730 -22.250954 901.607727
v 198.745773 -28.030403 897.619873
v 233.430893 -26.748640 892.442932
v -246.899963 -29.477385 901.723938
v -212.913254 -27.126610 891.751526
v -204.434967 -27.239347 894.143188
v -169.221298 -31.834448 899.409485
v -153.650803 -29.492886 901.311462
v -108.430542 -29.822660 901.565918
v -77.104607 -32.621498 896.074951
v -68.126762 -30.172834 894.821167
v -50.762081 -29.540838 891.995300
v 37.832596 -27.848883 884.849304
v 114.764671 -24.737211 897.649841
v 211.415192 -26.223932 893.636963
v 222.495499 -27.336361 893.291260
v 241.875778 -27.071936 891.961914
v -233.421722 -32.417259 897.321472
v -225.956589 -27.222895 895.914001
v -215.532150 -29.748648 891.282837
v -196.719086 -32.084892 891.580017
v -175.205307 -30.588776 896.755554
v -146.635239 -30.934315 901.632385
v -89.705986 -31.192387 899.164368
v 48.094810 -29.977386 885.406250
v 66.171204 -27.607885 889.364746
v 104.037033 -32.563244 894.830994
v 142.020355 -28.326015 899.847412
v -237.515228 -35.534367 898.264282
v -119.266495 -37.218231 901.471313
v -26.306580 -34.520252 888.635925
v -19.008778 -34.407242 886.528992
v -11.052662 -36.596581 884.528442
v 60.136589 -31.522861 887.020142
v 78.701805 -30.715307 890.800903
v 87.896416 -33.213036 892.289917
v 151.057449 -30.822453 899.602539
v 214.413712 -30.807878 893.246582
v -210.533478 -31.945173 890.993103
v -156.699860 -33.968632 898.312805
v -137.004547 -38.045452 901.765930
v -61.720455 -33.964993 892.511597
v -36.489056 -37.068657 889.951050
v 129.288528 -41.434914 897.788818
v 161.520615 -32.773041 898.956482
v 176.627457 -35.602863 897.566650
v -220.576111 -34.392246 894.086670
v -208.702866 -35.927834 889.589111
v -149.657135 -39.039097 900.193848
v -130.087204 -33.711926 902.444519
v -14.671406 -37.288544 885.963013
v 52.867893 -39.207855 885.838989
v 74.849373 -34.855396 889.132568
v 117.214279 -41.314781 896.332275
v 124.891327 -35.812004 898.095825
v 213.111404 -36.346355 891.773865
v -242.852982 -36.154217 900.658142
v -188.228958 -40.119873 892.168579
v -181.016312 -41.487251 893.329834
v -172.663086 -37.494671 895.904480
v 25.008101 -43.291183 882.928040
v 38.059727 -34.340324 884.256165
v 66.671204 -37.394512 887.828308
v 96.974503 -36.906918 892.804871
v 145.894287 -34.635403 898.503906
v 184.798569 -38.224884 896.445923
v 201.452484 -35.807655 894.142578
v 223.599274 -36.865154 890.049622
v 232.825562 -39.441208 889.391602
v 244.792831 -38.298561 889.091675
v -222.265152 -39.540424 894.682251
v -192.032089 -40.608898 890.439026
v -166.402466 -38.773018 898.431274
v -115.631950 -45.614193 900.593811
v -103.987984 -43.066620 899.492432
v -84.205292 -40.240215 897.043945
v -60.137348 -39.457802 891.322632
v -50.382217 -40.163780 889.855225
v 44.929482 -40.246941 884.629822
v 107.968834 -40.563690 895.105225
v 154.660400 -41.526150 897.767273
v 161.460236 -40.585842 897.488892
v 174.940231 -46.012066 895.135559
v 190.654419 -38.866119 894.874878
v -245.243088 -39.553234 900.286804
v -234.142227 -46.706909 896.433167
v -209.230179 -41.156960 888.854248
v -196.759872 -45.704662 889.389587
v -154.424576 -40.139416 897.440552
v -145.952621 -44.482922 899.638489
v -93.203903 -42.088135 898.586182
v -72.428589 -43.331333 894.255676
v -7.150070 -43.761635 883.738586
v 11.636744 -43.552822 882.376343
v 84.626808 -38.495399 890.409119
v 149.572495 -41.361156 897.668396
v -163.128006 -47.215435 897.382751
v -56.844780 -45.709160 889.277527
v -17.266157 -43.808826 884.733459
v -2.085682 -43.851833 882.473938
v 88.264603 -43.764782 890.834106
v 95.925957 -47.847980 892.433838
v 103.757599 -45.861313 893.351929
v 111.371277 -42.510517 894.827759
v 197.451233 -40.696388 894.062500
v 215.469391 -42.708252 888.364502
v -244.873962 -47.190620 899.135986
v -224.686050 -45.063046 894.108948
v -218.781296 -43.432049 893.486450
v -204.123169 -46.285576 888.370239
v -151.317902 -44.448196 897.003723
v -139.582138 -44.104496 900.035706
v -130.788818 -52.958202 899.884216
v -123.988396 -49.001518 899.984436
v -81.115654 -46.441788 895.850647
v -34.856979 -42.081863 889.310486
v 166.971786 -45.406620 896.501465
v 185.534348 -44.926189 895.015991
v 222.758087 -43.900341 888.065002
v 239.831421 -48.071228 887.082642
v -191.472763 -54.570324 887.827637
v -168.411484 -47.351589 894.842468
v -97.343376 -53.095200 897.284729
v 51.500351 -53.242985 885.241699
v 73.335960 -49.234581 887.798889
v 134.669342 -44.545986 897.460388
v 231.904007 -43.964123 888.436829
v -229.823410 -51.657894 895.216736
v -211.081100 -49.491283 890.591003
v -184.464325 -47.873642 892.292419
v -159.216293 -54.663456 896.239990
v -49.697418 -49.910351 887.793030
v -33.171715 -47.711552 887.674500
v -20.720018 -48.904945 885.371582
v 134.932678 -52.430302 896.229919
v 162.364304 -51.056652 895.236267
v -200.638748 -49.191036 887.845642
v -142.248474 -53.876579 898.167847
v -136.783585 -54.666725 898.665344
v -112.718895 -51.437672 899.068542
v -27.694302 -52.521729 885.956177
v 14.893688 -53.521938 881.928101
v 153.525696 -49.853119 896.247803
v 192.297653 -46.015659 893.287842
v 196.168716 -50.003979 891.349731
v 205.696518 -51.383480 888.451233
v 213.704239 -50.772991 887.517212
v 218.789856 -50.941986 886.246826
v 229.348450 -51.423637 886.310913
v -218.523682 -55.340443 892.001099
v -202.029404 -53.653400 889.306091
v -174.126434 -50.867786 893.036926
v -164.390976 -54.483032 894.319763
v -148.785004 -51.226196 895.855408
v -123.117416 -55.327885 898.950317
v -79.519630 -53.562084 895.224976
v -62.009624 -53.314617 889.641968
v -14.665515 -56.937183 882.821838
v -4.249063 -52.706955 882.363403
v 36.338753 -52.660316 883.591370
v 84.469696 -58.492981 889.751160
v 100.966728 -52.391758 893.026855
v 115.067619 -53.138908 894.599915
v 123.674774 -61.453159 894.489319
v 173.413361 -52.320980 894.834412
v -239.212357 -59.671234 895.935791
v -193.921768 -57.246490 887.191833
v -184.126114 -59.103355 889.805420
v -89.842545 -59.440567 896.118286
v 57.140305 -61.265682 885.471680
v 92.523155 -55.641975 891.788696
v 145.403809 -56.751774 894.939026
v 164.317719 -56.211929 895.015320
v 182.690155 -58.593334 892.332336
v 238.988159 -56.336308 884.783997
v -146.025299 -57.610241 894.968445
v 6.503454 -60.770866 881.469910
v 22.224510 -58.353882 882.258972
v 196.932724 -57.243950 889.117920
v 197.485687 -60.273853 888.864014
v 209.767609 -55.678211 886.547302
v -245.595810 -64.350060 896.473938
v -212.631027 -65.863190 889.417480
v -74.404503 -59.128464 892.891724
v -49.831112 -63.189926 886.897888
v -43.471855 -58.251301 886.309814
v 224.557816 -58.188801 884.772400
v 227.748688 -61.601608 883.275085
v -231.345795 -61.631325 893.618347
v -160.409637 -62.139610 893.800476
v -136.549072 -62.689541 897.266968
v -123.911041 -61.611889 898.313843
v -112.271545 -61.402767 897.655334
v -99.053810 -66.004318 896.656006
v -61.999084 -61.364227 889.388123
v -28.844294 -59.641464 884.637512
v -2.070716 -67.582161 881.500183
v 40.570324 -63.834248 883.874939
v 68.340408 -63.934902 886.728760
v 153.591522 -59.451260 894.707153
v 240.021927 -59.423191 883.772888
v -201.945190 -62.364883 887.926270
v -188.575974 -62.634323 888.793335
v -178.886597 -69.940720 888.070435
v -169.571716 -63.425945 891.391174
v -155.712280 -63.604828 895.142090
v -142.855988 -64.702721 894.072571
v -82.892769 -66.736221 894.772705
v -15.065018 -69.022980 882.373840
v 164.113434 -66.864876 892.358826
v 232.949600 -62.261742 883.840088
v -65.011665 -71.663269 890.066833
v 26.479042 -69.022865 881.675598
v 91.618660 -64.420624 890.841064
v 107.803284 -65.670776 893.405518
v 154.467896 -67.810410 893.221436
v 181.510452 -68.431221 890.306091
v 185.530655 -65.667992 889.962952
v -195.673508 -65.652359 886.815674
v -187.205765 -71.850304 886.825500
v -151.693863 -70.819427 894.162476
v -111.997307 -69.833061 896.977844
v -29.113510 -66.431114 883.789368
v 13.306852 -73.458633 881.058350
v 68.831932 -68.698875 886.088501
v 79.819527 -69.701820 888.436157
v 169.747208 -68.611847 891.788025
v 205.296448 -65.427139 885.490662
v 219.444534 -65.625496 883.402283
v -191.607025 -69.074936 886.244385
v -159.712708 -69.901428 891.645691
v -139.743378 -72.746605 893.151794
v -105.721420 -72.659584 896.180176
v -56.245708 -70.537575 888.238159
v -37.528770 -73.057571 884.723816
v 37.107887 -69.596428 882.860840
v 53.624039 -71.040367 883.754089
v 139.600586 -67.734718 893.748108
v 189.024765 -66.905899 889.549988
v 210.081436 -68.982620 883.527222
v -194.235703 -72.303833 886.693604
v -167.567307 -71.138466 890.278687
v -135.519196 -71.309357 895.409668
v -128.426819 -70.522598 896.809814
v -74.110382 -75.275101 892.163635
v -48.697056 -72.216255 886.833618
v -24.087997 -73.755981 883.045776
v 94.285698 -69.952873 891.513794
v 114.630920 -69.468658 893.794495
v 125.674850 -76.002953 893.304016
v 198.391846 -64.676437 886.535217
v 218.641983 -79.830254 882.945435
v -244.845749 -76.678444 893.888977
v -227.497620 -68.214058 892.464233
v -210.083405 -73.756699 888.045593
v 85.561569 -78.869431 889.133728
v 102.554131 -79.122658 891.177429
v 143.825516 -76.779938 892.740662
v 169.969376 -73.197868 890.438904
v 186.389984 -71.629311 887.614380
v 190.274506 -74.144981 887.256958
v 199.797714 -74.049477 884.398804
v 240.215988 -69.819183 883.412537
v -235.420746 -80.417099 891.865417
v -175.488205 -79.984810 885.756531
v 34.997292 -74.110001 881.758728
v 63.884590 -76.118904 885.519226
v -220.644135 -75.911606 889.413879
v -180.332123 -77.615974 885.802673
v -160.200424 -83.261864 888.992249
v -151.970749 -81.090256 890.610291
v -148.467316 -77.307312 893.459656
v -112.515152 -83.237297 895.309021
v -103.928627 -79.574821 895.578613
v -87.922417 -77.624077 894.883484
v -11.483956 -81.854187 881.018250
v 78.529449 -78.289124 888.197937
v 104.794823 -88.530701 889.826050
v 154.035004 -76.694504 891.612732
v 173.379044 -81.439079 888.593079
v -198.109344 -78.748665 886.285889
v -170.262054 -79.722672 887.437622
v -129.254044 -79.695084 894.557800
v -38.561905 -81.386292 884.792114
v -23.449076 -80.901390 882.533875
v -0.018048 -83.048981 880.839783
v 46.920055 -78.825905 882.956055
v 91.195465 -82.797050 889.426575
v 132.848938 -81.502884 892.329346
v 159.109619 -81.856163 890.202271
v 183.305389 -78.685211 887.751709
v -208.116791 -80.396729 887.054504
v -133.249344 -82.472168 891.989990
v -123.043793 -84.148003 894.515381
v -60.285595 -86.738785 889.210022
v 114.628258 -82.026077 891.489807
v 175.625183 -85.349388 887.781433
v 188.042557 -80.464027 885.558289
v 200.911636 -79.390442 883.591064
v 231.409164 -78.396713 882.922180
v 239.073273 -80.214180 883.127869
v -242.934143 -85.606407 892.598389
v -229.527328 -90.690384 890.122131
v -202.388794 -85.420898 886.450439
v -185.349670 -84.504616 885.478333
v -144.555725 -82.841026 892.701538
v -82.792763 -86.343681 893.243896
v -51.524796 -85.995720 887.558044
v 20.028664 -86.870483 880.938477
v 32.390450 -84.586205 881.210205
v 55.623657 -84.544510 883.861938
v 150.948578 -85.287903 891.440247
v 166.503052 -82.902382 889.721008
v 190.692184 -84.749832 883.814453
v 243.562607 -82.341026 881.535339
v -75.124023 -87.394821 892.087830
v 15.432979 -88.837097 880.166504
v 72.267250 -85.653267 886.589600
v 138.547440 -86.066925 891.411743
v 180.499771 -83.606430 885.794312
v 221.464142 -84.307877 881.820068
v 229.528763 -84.344925 881.304321
v -219.037964 -86.290207 887.868225
v -179.352600 -90.710091 884.716064
v -169.266251 -86.129517 884.991516
v -139.657166 -88.727722 891.968628
v -104.672096 -92.637459 893.590027
v 0.498496 -89.202583 880.303589
v 202.948608 -89.000008 883.314087
v 244.002457 -87.443794 880.711243
v -213.044006 -92.758537 887.187012
v -194.350952 -88.662209 884.842224
v -163.250763 -92.450302 884.283997
v -158.257233 -90.405228 886.452393
v -126.642578 -89.256699 891.223877
v -119.397415 -89.936913 893.391174
v -113.877785 -93.359016 892.928711
v -93.935547 -92.903870 893.553589
v -34.536766 -89.346436 884.151062
v -25.957767 -91.279182 882.437317
v -14.603045 -91.103348 881.273804
v 60.489456 -89.852386 884.604858
v 121.173042 -86.458344 891.231140
v 146.048157 -91.924011 890.703247
v 161.123245 -88.571915 889.687866
v 211.146454 -88.305679 881.143982
v 234.712204 -89.976479 880.580933
v -145.512314 -90.588470 888.433899
v 39.131870 -95.130936 880.696777
v 76.428680 -92.058861 886.606262
v 89.566460 -91.478523 888.427856
v 151.586334 -91.502922 889.836182
v 212.472626 -96.267776 879.839172
v -186.112762 -94.731819 885.132996
v -83.114326 -91.825111 893.000671
v -76.136627 -90.633934 891.771362
v 43.719109 -92.890594 882.169983
v 118.997314 -93.381058 889.828186
v 135.730240 -94.392502 890.636475
v 165.895401 -92.016510 888.679810
v 240.029495 -92.411469 880.836426
v -241.816086 -95.556473 891.658752
v -149.161224 -95.974548 886.672363
v -132.507858 -96.612679 891.093933
v -120.710724 -94.131943 890.678528
v -57.317936 -92.952721 888.631470
v -43.250149 -95.136818 886.169434
v 127.756989 -99.148315 888.805115
v 170.741165 -92.368980 886.404846
v 178.631241 -90.269798 885.352539
v 187.261612 -99.001846 883.824585
v 250.001068 -100.562614 879.571716
v -227.479996 -98.630669 888.095764
v -158.727112 -97.291954 883.540649
v -138.461914 -96.727219 889.029419
v -23.837635 -97.012550 882.593384
v -13.899439 -97.217247 880.675537
v 13.630504 -96.323395 879.720703
v 26.276909 -96.115868 880.153442
v 45.069546 -100.724022 881.106018
v 50.553543 -101.108917 882.124023
v 64.792152 -98.240265 883.907410
v 92.391853 -95.975090 887.590271
v 108.985077 -95.883553 888.527466
v 150.036957 -98.492470 888.991943
v 159.142426 -99.326805 887.426880
v 198.260040 -96.860855 881.110474
v 201.353195 -103.425552 880.415894
v 234.184586 -100.869148 879.340271
v -239.730072 -105.189072 890.444885
v -217.801712 -99.867065 887.194824
v -194.815994 -99.143158 884.459351
v -171.848557 -99.612244 883.983154
v -125.976013 -103.821159 890.339661
v -112.801102 -101.646423 889.629150
v -72.420052 -98.460716 891.041321
v -59.161015 -101.459312 889.578674
v -55.129936 -96.368652 888.793457
v -36.245514 -99.687332 885.495361
v -1.039409 -101.478516 879.758362
v 37.344837 -101.474350 880.447937
v 60.507675 -101.780067 883.190552
v 172.518311 -98.757362 884.093811
v -209.340454 -102.410004 885.796326
v -200.765854 -106.547821 884.795410
v -184.870193 -104.801094 884.351440
v -117.439507 -98.692833 890.023682
v -99.812691 -100.465431 891.700134
v -88.392784 -101.747505 891.553467
v 9.258779 -105.827370 879.554749
v 95.441353 -100.023827 887.194092
v 165.177200 -100.070305 886.160706
v -230.771927 -105.373749 889.152527
v -161.727036 -104.665955 883.309082
v -154.739746 -101.728767 883.103577
v -142.673889 -105.163170 884.930298
v -80.359505 -105.514404 890.476990
v -25.550760 -105.214569 883.621826
v -14.755218 -102.547409 880.839600
v 25.503805 -104.570724 879.293945
v 78.940063 -101.990570 885.285095
v 87.190674 -104.866142 885.172668
v 109.788483 -103.031815 887.181763
v 138.456558 -99.840263 888.615234
v 176.652542 -106.137245 884.113037
v 209.011780 -108.667274 878.837891
v -222.110596 -110.251595 887.179382
v -150.845459 -107.037430 882.437805
v -130.718399 -105.827820 887.679749
v -121.882851 -107.029358 890.062866
v -98.687675 -103.165840 890.499878
v -77.970261 -110.973373 890.062256
v 135.239365 -107.988991 887.620911
v 149.282532 -103.342606 888.447632
v 186.916595 -105.094696 881.589355
v -167.571548 -110.607765 883.753113
v -102.048195 -108.789536 888.534668
v -55.805794 -110.621033 889.375000
v -44.428394 -111.774590 887.446045
v -36.891380 -106.605370 885.845642
v -8.171817 -110.046783 880.250427
v 13.230836 -111.388489 879.361389
v 50.995174 -106.083481 880.975037
v 62.498791 -104.621010 882.321594
v 74.264221 -106.009117 883.365540
v 105.460716 -105.094490 885.795715
v 121.944450 -102.882401 887.227478
v 163.042374 -104.182549 884.103943
v 187.655258 -112.074707 880.865906
v -207.225876 -108.804771 886.425781
v -181.639130 -115.101509 883.080383
v -134.008224 -109.622910 885.939514
v -95.388039 -106.630226 890.330444
v -67.254196 -109.974945 889.856262
v 32.516830 -110.855576 878.857483
v 55.873135 -110.815529 881.077637
v 87.348122 -107.400711 884.576660
v 119.899139 -110.905464 886.140686
v 153.313339 -105.528336 886.149719
v -239.403183 -111.155914 890.393250
v -211.386414 -111.146454 886.227600
v -129.176224 -112.801300 885.709778
v -116.512344 -111.579453 889.443726
v -89.283386 -111.074821 889.677063
v -37.581287 -115.273544 886.576660
v -31.832394 -113.481209 885.549133
v -23.133936 -110.700706 882.850708
v 1.569516 -109.528038 879.506531
v 63.481071 -109.602409 882.450134
v 79.056114 -110.679482 883.804077
v 95.917793 -110.007820 885.001465
v 104.221863 -109.991234 885.110718
v 139.855438 -109.765091 885.987122
v 177.011810 -110.884979 882.109314
v 235.441483 -108.252495 879.045837
v -246.333862 -110.314262 894.406799
v -184.047241 -111.484856 883.945068
v -145.215012 -113.250298 881.782166
v 39.728012 -113.760239 879.582275
v 108.947556 -112.607796 885.181274
v 195.263840 -112.108986 879.633057
v 203.414520 -112.779678 879.460266
v -213.767715 -119.139366 886.008911
v -151.264908 -115.017952 882.388916
v -137.710602 -119.389473 881.506287
v -124.654694 -114.281532 885.560120
v -111.138153 -115.365051 888.900635
v -92.936630 -114.899109 887.691833
v -11.042449 -117.022797 881.165405
v 6.238311 -117.142761 878.910889
v 50.088596 -116.484550 879.413696
v 67.986778 -113.704834 881.959473
v 143.788208 -113.000153 884.753418
v 150.983932 -112.610855 884.071899
v 166.683762 -113.322350 884.152771
v -227.425522 -114.440453 887.503174
v -222.308777 -120.587959 886.395142
v -196.136810 -115.677856 883.486694
v -163.193893 -115.728065 882.764282
v -86.600471 -120.844078 887.350647
v -52.888489 -117.343376 889.095276
v -7.019214 -120.517082 879.872742
v 22.755724 -119.629150 878.197693
v 29.789816 -116.487175 879.050232
v 37.011822 -120.168938 878.404358
v 87.570709 -113.299438 882.789551
v 94.173729 -116.829880 883.067383
v 101.081749 -114.876724 884.046082
v 116.660301 -116.398308 884.258301
v 126.142639 -112.978729 885.079773
v 135.243088 -114.074318 885.415100
v 136.891129 -116.503922 883.665894
v -245.988373 -119.017723 894.291565
v -198.473160 -121.448845 883.807190
v -178.104568 -122.516579 882.488770
v -156.281509 -120.421654 881.882751
v -116.452637 -118.592247 885.455872
v -104.214958 -119.955093 888.201111
v -77.860054 -118.190811 888.666016
v -68.743210 -122.096771 889.076050
v -22.720840 -119.558655 884.078186
v 43.049572 -123.334496 878.777710
v 56.931622 -117.375862 879.935730
v 66.533058 -116.588760 880.645813
v 128.979996 -118.195198 883.288818
v 180.239807 -119.941406 880.178162
v 193.786575 -120.087418 878.883972
v 204.851990 -119.721573 878.299194
v 205.834503 -129.332733 878.055725
v -237.257233 -120.580574 889.831787
v -43.124771 -124.497948 887.921387
v -12.060838 -123.344002 881.218201
v 12.634852 -121.430290 878.195129
v 86.386528 -119.179436 882.373413
v 104.838486 -118.778740 883.095398
v 115.255638 -121.231804 882.464661
v 153.597107 -120.724281 884.178955
v 166.132736 -117.453621 882.290894
v -217.792053 -125.625374 885.534851
v -144.443344 -124.677849 881.273193
v -122.059311 -124.027222 882.835327
v 0.105477 -125.397789 879.632324
v 71.010750 -120.236824 881.075867
v 164.158279 -127.068047 880.042175
v 199.484787 -121.833931 878.992493
v 222.443329 -132.378647 878.353882
v -227.890533 -127.549500 887.980103
v -209.086472 -126.636971 884.286255
v -191.540070 -128.443558 882.781921
v -184.479614 -128.609894 882.732605
v -158.306076 -125.319862 881.845276
v -116.007187 -128.118958 882.321533
v -106.127106 -126.924622 884.017883
v -100.083229 -124.165085 887.435242
v -93.541542 -127.960335 887.400696
v -83.367691 -123.057304 886.651062
v -76.903435 -128.949249 886.476318
v -52.379807 -128.288635 888.626038
v 10.119903 -125.214256 878.806213
v 19.405254 -127.470680 877.414795
v 30.607374 -124.245674 878.171570
v 63.369804 -123.830421 879.296692
v 72.541367 -124.181747 880.057190
v 88.126274 -124.357178 880.513184
v 101.542374 -122.589737 881.638489
v 128.309158 -126.346474 883.116150
v 138.528366 -124.827652 883.631897
v 185.449112 -125.906914 878.483276
v -243.441833 -127.927002 894.190674
v -130.643829 -127.009384 880.309570
v -19.913103 -124.317688 883.440430
v 25.460630 -125.836525 876.679138
v 152.928162 -123.865181 882.565002
v 175.820541 -126.504959 879.099976
v 193.147385 -128.396255 877.737000
v -238.327850 -132.788132 893.599060
v -233.099457 -129.655136 889.149963
v -199.984177 -128.070221 883.996033
v -65.159729 -130.575623 888.326050
v -28.535975 -129.609222 885.302979
v 117.260910 -128.575806 882.570557
v 137.025009 -129.947632 881.567749
v -221.890869 -129.738235 887.122437
v -155.745026 -135.837448 881.175110
v -139.313416 -134.006088 880.855530
v -125.866035 -131.929489 879.677979
v -85.813545 -133.596100 886.714722
v -40.703144 -130.684845 887.283691
v -3.763531 -129.636612 880.068848
v 10.857570 -129.557404 878.288696
v 18.189718 -130.924164 878.327515
v 60.459225 -131.368744 878.532532
v 102.668213 -130.537857 881.395813
v 179.716263 -132.677475 877.432800
v -224.935196 -133.712708 886.992310
v -211.175323 -132.305511 884.153137
v -194.633072 -134.885864 882.990784
v -166.071640 -135.273819 881.568054
v -147.967987 -135.532837 880.964050
v -114.838898 -133.421890 881.334717
v -95.964996 -134.127594 883.116943
v -91.474014 -131.445847 886.607056
v -74.111984 -130.806274 886.090088
v -61.120750 -134.141357 887.962646
v -17.935196 -132.279343 883.171631
v 4.605416 -136.211441 879.053589
v 28.362051 -131.758133 876.743042
v 34.751862 -133.527939 878.033264
v 45.606117 -132.066269 878.454773
v 89.285988 -133.680008 880.353760
v 151.542526 -130.381271 880.636902
v 158.735641 -134.847519 878.763306
v -245.040955 -141.126633 893.898071
v -231.290375 -134.390564 890.029907
v -217.110962 -132.752045 886.072693
v -206.324203 -135.221237 883.549316
v -179.659073 -135.078751 881.988037
v -106.838966 -134.602539 881.363525
v -79.603531 -138.371414 886.362915
v -68.895447 -134.428802 885.655701
v -55.293228 -135.999680 887.895142
v -36.871483 -138.542648 885.518066
v -6.012892 -141.685135 879.696472
v 76.541443 -135.928833 879.464233
v 113.661285 -132.751328 881.037109
v 168.533966 -135.003143 878.056213
v -212.344650 -135.277100 885.565552
v -203.939575 -137.218613 883.542908
v -134.478210 -138.274780 880.536133
v -120.685303 -137.017334 879.447571
v -9.556864 -138.355545 880.912842
v 61.115902 -139.566055 878.530518
v 94.757278 -138.350983 879.119202
v 102.457352 -140.084518 878.870300
v 119.991570 -141.685501 878.799255
v 142.090027 -140.167267 878.826721
v -235.235870 -137.269669 893.585266
v -222.774353 -137.979828 888.293396
v -217.912720 -138.935532 886.537781
v -185.297852 -143.605713 882.368652
v -100.478790 -138.722534 880.839966
v -61.363342 -138.923126 885.250854
v -45.773678 -138.081558 887.043030
v -29.764309 -139.430878 884.695007
v -21.470093 -140.287552 882.907227
v 11.506322 -145.840744 878.494446
v 23.902540 -136.437698 877.875122
v 55.422749 -140.035004 878.137634
v 82.893372 -140.151611 877.992615
v 132.355972 -137.866104 880.053894
v 178.694748 -144.161316 877.320557
v -231.501511 -141.579346 893.396606
v -112.573906 -140.501816 879.246216
v -100.731094 -142.784988 880.352478
v -91.817314 -141.347351 881.107056
v -71.243820 -141.048050 885.805420
v -53.467060 -140.808731 884.596252
v 35.964046 -142.672089 877.771484
v 112.242661 -141.535385 878.928528
v 238.446869 -153.429321 878.810913
v -210.935074 -144.632217 886.217651
v -197.513046 -144.460663 882.364380
v -146.491806 -144.858551 880.721741
v -45.811703 -143.280701 883.903564
v 23.252197 -147.437485 878.098816
v 67.324463 -141.201248 877.971741
v 127.712288 -146.165619 878.053284
v 216.149200 -147.843582 878.091553
v -219.808685 -145.222382 889.897278
v -171.382828 -152.100510 880.971252
v -155.638306 -148.522858 880.648682
v -137.873657 -148.189011 879.848083
v -104.123558 -145.711807 879.165039
v -81.293892 -143.766724 882.695007
v -70.765404 -144.537003 885.245911
v -59.392097 -149.336960 885.126587
v -30.615818 -143.461990 882.407227
v -20.386747 -143.776978 881.186462
v 42.272964 -146.925659 876.473328
v 93.254517 -142.111938 877.649475
v 139.665161 -144.419128 877.874939
v 152.358063 -147.450989 877.169312
v 162.742538 -143.373337 876.964722
v 198.999771 -151.458786 877.733154
v -201.556885 -147.183441 884.425049
v -121.215981 -147.550232 879.235107
v 89.184914 -149.141388 877.250732
v 107.250229 -146.177200 877.082153
v -245.271210 -150.460571 896.047546
v -236.853195 -149.626068 893.384644
v -227.752838 -147.437454 893.087158
v -192.445831 -146.835022 882.161499
v -90.518906 -147.660477 880.152100
v 71.634560 -148.833054 877.676331
v 78.669067 -150.918610 876.922607
v 119.124466 -150.535309 876.723877
v -222.608246 -153.621002 892.828613
v -203.204926 -154.923035 885.529175
v -115.870316 -156.131317 878.776794
v -103.458122 -152.343430 878.913330
v -95.459160 -151.176025 878.729980
v -82.737907 -148.850784 880.702942
v -68.274956 -151.695297 883.109558
v -24.075665 -154.683014 882.348938
v -15.465842 -152.022095 881.263550
v 63.412308 -151.465820 876.983765
v 142.824402 -152.099197 876.897583
v 218.313019 -158.056015 878.269165
v -242.542648 -152.237122 896.169067
v -218.685913 -157.002441 892.500488
v -209.706497 -155.175751 888.185059
v -189.070282 -154.021255 881.692444
v -181.054626 -151.770126 881.736328
v -42.128536 -153.610641 883.913269
v 0.214778 -151.044266 879.410095
v 8.480097 -154.667130 877.577026
v 18.710861 -152.792709 877.283142
v 24.334105 -155.174911 876.854675
v 37.828194 -153.204117 876.552612
v 54.673172 -152.563873 876.942810
v 99.827431 -150.588730 877.360229
v 110.625168 -153.320602 877.123962
v -230.441833 -157.375961 893.010864
v -194.720322 -155.765793 883.947327
v -155.680649 -155.935471 880.307556
v -133.770523 -157.164673 879.379578
v -87.954201 -154.470276 878.844849
v -81.593063 -154.085785 880.299622
v -59.154945 -154.112549 882.822266
v 82.570892 -159.964966 876.294006
v 129.724106 -153.110977 876.853210
v 169.922379 -160.229080 876.997437
v -238.257126 -157.907715 896.219788
v -143.095413 -158.470001 879.617432
v -71.967758 -155.080872 881.260254
v -53.073742 -159.838211 881.551208
v -13.644555 -158.549881 879.269714
v -3.604616 -158.781357 878.098328
v 0.739992 -159.082581 877.245850
v 71.129044 -160.202713 876.692688
v 103.427269 -158.615753 876.622681
v -206.650528 -163.376617 889.074036
v -175.643631 -161.781860 881.613464
v -82.371513 -159.266357 878.254395
v -73.413239 -160.156113 880.336853
v -67.093300 -158.722336 881.083008
v -58.819172 -162.638138 880.897461
v 31.768667 -159.964188 876.978821
v 40.509304 -158.563339 875.878113
v 115.839104 -161.478851 876.155701
v 147.429443 -163.734787 877.020813
v 236.155792 -159.248276 879.479065
v -243.627487 -161.870163 897.831177
v -214.119110 -163.637054 892.005493
v -198.954025 -162.239960 885.782349
v -184.037735 -160.186554 881.438843
v -167.454346 -163.645630 880.489563
v -135.413986 -167.689636 878.790833
v -108.805054 -161.463928 878.435425
v -42.603828 -159.732956 881.529541
v -35.990192 -160.460983 881.371704
v 16.697199 -158.238602 876.762085
v 51.817196 -158.786850 875.865906
v 191.336823 -164.039978 877.520081
v -236.616302 -163.161621 896.326416
v -232.154938 -163.322159 895.766296
v -226.220490 -163.272552 892.481995
v -122.450066 -161.462769 878.884766
v -84.387939 -165.711975 878.261841
v -24.218353 -160.782669 880.226929
v 16.334286 -166.763489 876.919128
v 97.587944 -162.581360 875.584778
v 132.215134 -165.278168 876.374390
v 156.706543 -172.661148 876.812439
v 235.798019 -163.480484 879.603271
v -222.289810 -166.396103 892.196960
v -185.328583 -165.280487 883.203491
v -154.606750 -164.896622 879.749756
v -99.257179 -165.553070 878.128235
v -77.803497 -163.214554 877.924377
v -64.838295 -164.810059 880.332642
v -4.871548 -163.611923 878.386169
v 24.210211 -166.085587 876.077637
v 34.879402 -165.192596 876.879822
v 54.575310 -162.214874 875.973755
v 227.273712 -163.078186 879.548889
v -237.843719 -168.094574 898.234253
v -196.894287 -170.103180 886.853882
v -179.113724 -167.291229 881.432800
v -116.214302 -173.291443 877.748291
v -72.322678 -167.328644 878.067993
v -43.230499 -165.761993 880.755310
v -14.659163 -170.139175 878.636475
v 5.720194 -167.001587 876.823853
v 76.774208 -168.493530 875.213989
v 202.718964 -165.049271 878.270630
v 213.686478 -170.399994 879.956604
v -230.381210 -169.422287 895.541626
v -217.864105 -171.465729 891.967834
v -208.042587 -169.694336 891.443787
v -168.308502 -172.124237 881.148071
v -119.818657 -168.820847 878.574219
v -111.111130 -171.632156 877.937195
v -53.969688 -170.749390 879.251587
v -29.747719 -170.305481 880.002747
v -1.980212 -170.950531 876.701782
v 48.983780 -167.532288 875.401733
v 170.673859 -169.472916 877.130310
v 233.454468 -168.956924 880.537231
v -224.528961 -171.386917 895.288147
v -131.798187 -172.409546 878.576599
v 41.639015 -166.151077 875.796753
v 64.277817 -168.090652 875.139587
v 141.918854 -171.807404 876.519592
v 183.027802 -170.230865 878.188538
v 188.861862 -172.664398 878.240234
v 203.531357 -171.323425 879.421692
v 209.523697 -171.556564 879.235901
v 220.767456 -169.770844 879.718445
v -241.570129 -175.096771 899.760803
v -186.331589 -175.861923 885.231445
v -146.951492 -171.677765 879.441833
v -94.655907 -169.509171 877.367859
v -95.303429 -175.531052 877.206116
v -81.756279 -172.621140 877.232483
v -66.257858 -171.243835 877.182861
v -42.835762 -175.148499 878.748840
v -24.569378 -177.328888 878.156250
v 29.264589 -172.436432 876.118469
v 32.804447 -175.407761 875.987244
v 153.415573 -174.838669 877.292603
v 169.332962 -173.779312 877.744019
v 196.187393 -173.762161 878.678040
v 229.716156 -173.686584 880.920776
v -203.066101 -174.760956 890.949402
v -195.578430 -174.848083 887.811707
v -175.431030 -171.812866 881.373657
v -153.119858 -178.065933 879.782837
v -140.547302 -176.326248 879.365112
v -59.757759 -175.760773 876.672485
v -10.887341 -178.130005 876.665100
v 4.434082 -179.756851 876.295166
v 23.147148 -175.100006 875.565125
v 94.334702 -174.888367 875.464478
v 219.966660 -173.056213 880.779236
v 250.009964 -174.887985 883.058594
v -233.964554 -176.939331 899.209167
v -224.303284 -177.038467 895.622437
v -218.981033 -176.659103 894.945435
v -213.260406 -176.694931 891.380249
v -179.579742 -183.040039 884.313354
v -162.558456 -178.726791 881.052124
v -86.842918 -176.093567 878.080933
v -72.067421 -176.170486 877.489380
v -35.956123 -179.817230 877.666443
v 112.586296 -189.347946 876.101013
v 176.272842 -175.616013 877.842651
v -227.657608 -179.936264 898.551392
v -171.842896 -178.324615 881.523438
v -108.562057 -176.752258 877.485596
v -74.044327 -179.860352 876.720886
v -54.949409 -178.112274 876.658691
v 0.209519 -177.764267 876.920288
v 45.513103 -179.528580 875.314636
v 97.557159 -187.504974 875.764587
v 147.643585 -183.752213 876.851990
v 157.435547 -179.652527 877.363953
v 214.912567 -179.517136 880.666138
v -210.110840 -179.952957 891.054382
v -197.775604 -180.933487 890.422974
v -192.340729 -188.157913 889.514282
v -168.319138 -186.946518 881.246643
v -140.762253 -183.653931 878.793762
v -45.100246 -179.999527 876.778076
v -7.087728 -182.594513 876.246704
v 20.912058 -185.217316 875.118774
v 30.770760 -182.911972 875.745300
v 127.104820 -190.237228 876.398254
v 162.667831 -182.492722 877.274719
v 172.293289 -182.333710 878.281921
v 185.889969 -180.965561 879.431946
v 191.246109 -184.078552 879.649353
v 203.852859 -180.198639 879.969727
v 230.165894 -184.230591 883.160828
v -246.216537 -183.250183 901.916260
v -219.773178 -182.895615 895.157288
v -214.013824 -181.878632 894.712769
v -157.946503 -188.998215 880.277222
v -121.891357 -183.994247 877.608887
v -92.663269 -182.719589 876.740356
v -84.767456 -182.733261 877.711609
v -79.628479 -187.128220 876.423828
v -63.383640 -182.689056 876.801697
v -52.493343 -184.332397 876.521240
v 11.616203 -186.067993 875.021667
v 61.479542 -189.827728 875.120239
v 73.749092 -189.512421 875.177856
v -236.965317 -191.501328 901.716858
v -205.530624 -183.843796 890.790527
v -130.736557 -184.681396 878.235657
v -104.260139 -186.297424 876.747864
v -37.826664 -182.077148 876.705383
v -14.191431 -185.499420 876.299255
v 43.533409 -193.922516 875.276794
v 176.377136 -188.680634 878.570618
v -244.649185 -192.016983 901.901611
v -230.093246 -190.131790 900.434875
v -172.155731 -191.935455 883.196777
v -140.501694 -187.507736 878.924927
v -119.971786 -191.470886 877.494873
v -86.146500 -187.004059 876.598328
v -25.582769 -184.905411 876.647156
v 5.474356 -186.064102 875.533203
v 198.328964 -187.175980 880.340271
v 201.904434 -192.157227 881.162476
v 216.954544 -186.417709 882.147705
v 241.338913 -187.874176 883.284302
v -222.624496 -190.660461 898.978760
v -214.963150 -189.336029 895.053955
v -208.050613 -187.977280 894.096619
v -159.726944 -191.385330 881.011108
v -69.764839 -190.793259 875.854248
v -57.519169 -187.878143 876.154663
v -41.594643 -192.590485 876.266235
v -7.719026 -191.399399 876.021729
v 33.102928 -190.333755 875.238220
v -201.984283 -189.925873 890.184875
v -180.343613 -188.879684 884.693359
v -152.773773 -195.624207 879.493469
v -92.955139 -194.943100 876.220398
v -48.497356 -189.267334 876.678894
v -28.577831 -189.302185 876.318115
v 147.958969 -194.748932 877.536621
v -187.939316 -192.676804 889.027283
v -23.132591 -192.809952 876.505371
v 10.881869 -194.733459 874.522217
v 134.321426 -193.890427 877.124512
v 188.803833 -192.593063 879.972656
v 216.730469 -189.874573 883.574036
v 222.192108 -190.829041 883.390076
v 243.397583 -190.727493 885.028076
v -217.101166 -193.775589 897.635498
v -210.060593 -195.460587 894.284546
v -204.504715 -194.583633 893.529358
v -165.811508 -195.228394 881.230469
v -132.385071 -201.254547 877.790649
v -63.965351 -194.942368 875.601868
v -49.852119 -196.421890 875.467834
v 2.912503 -194.540024 875.551758
v 79.974632 -198.966965 875.300293
v 117.112320 -195.225494 876.853516
v 156.227844 -197.015289 878.242920
v 160.675522 -199.218216 878.217896
v 228.384277 -194.351273 883.451294
v 238.814163 -195.854477 885.634766
v 244.210037 -195.512329 887.403748
v -244.463791 -203.366867 903.225098
v -196.744156 -195.735703 889.518433
v -184.284363 -198.151184 888.662781
v -178.220688 -198.589508 885.298340
v -104.414810 -198.601822 876.710327
v -80.396744 -197.285477 875.792725
v -70.212845 -194.441818 876.527039
v -56.071640 -196.170395 875.457336
v -38.285675 -197.538513 875.182190
v -17.537985 -195.785385 875.534485
v -4.365200 -196.685226 874.976807
v 28.293734 -198.370789 874.757812
v 101.933380 -198.886612 876.544189
v 115.344688 -200.087570 877.601868
v 179.096176 -197.375031 879.466675
v -200.305206 -199.143219 892.640259
v -156.916092 -200.310104 881.188904
v -115.138718 -203.338089 876.881226
v -71.085083 -199.333511 875.423523
v -64.421562 -198.326889 876.188721
v -28.591797 -199.857040 875.452759
v -21.032347 -200.298676 875.616821
v -14.879887 -202.309341 875.213806
v 4.150061 -199.214737 874.344849
v 63.717270 -206.921722 875.211487
v 93.613571 -202.193710 875.939819
v 199.499481 -198.238831 883.263245
v -228.437958 -202.456619 901.163452
v -212.887177 -201.822906 897.202148
v -191.942917 -201.893921 888.915222
v -172.342606 -204.687515 884.150452
v -166.525818 -198.420944 882.434875
v -150.853226 -200.996750 879.042114
v -138.848114 -201.703918 878.622070
v -125.002396 -203.664963 877.491882
v 128.226486 -200.271881 877.335205
v 141.223953 -203.723145 877.857178
v 191.840179 -199.466782 881.513794
v 234.664764 -200.075806 886.898071
v 240.682388 -200.632278 887.045166
v -234.165695 -202.617630 901.789551
v -219.660645 -203.917419 898.950378
v -204.834457 -204.057999 893.786621
v -46.996616 -204.658005 875.796265
v -33.001476 -201.311554 874.806335
v -5.572988 -205.383423 875.014954
v 55.161415 -213.432037 875.206726
v 176.871445 -204.540070 880.624146
v 213.258560 -201.884216 883.413818
v 225.705460 -203.455338 886.328735
v -200.366287 -205.083801 893.245300
v -195.097748 -204.090744 891.242615
v -180.388855 -204.275162 887.871033
v -57.519596 -205.049667 875.401855
v 40.248337 -210.680908 874.868652
v 68.609100 -208.167496 875.663574
v 134.671295 -204.689728 878.050049
v 151.368622 -206.296524 878.870056
v -238.754089 -207.246216 903.535889
v -208.464737 -207.063126 895.995422
v -162.754440 -205.987900 881.505432
v -155.483109 -207.716202 881.527283
v -147.197021 -207.761246 878.803772
v -80.727150 -211.556442 875.508850
v -31.247883 -210.535233 874.396484
v -26.721910 -206.754456 875.459961
v -2.623350 -208.709122 874.046265
v 18.229214 -212.208450 874.524719
v 120.428749 -206.130920 878.095276
v 197.923508 -210.278656 883.229065
v 217.363907 -206.041245 885.675842
v -217.554596 -211.350250 898.677612
v -191.576752 -208.506912 890.447388
v -104.307861 -209.381561 876.297729
v -93.680725 -212.045883 875.878662
v 77.203705 -207.887802 875.702942
v 85.889824 -210.287048 876.660889
v 99.684944 -208.097626 877.144958
v 113.175232 -208.045013 877.470398
v 159.143066 -206.838440 879.088013
v 164.571213 -210.839706 880.517212
v 183.632828 -206.627106 883.285767
v 223.057007 -210.129440 886.681152
v 233.916199 -210.701385 889.128418
v -226.329422 -214.359024 900.638733
v -185.675980 -212.920761 887.584534
v -176.066879 -209.571991 887.392212
v -168.601685 -212.519287 884.039795
v -139.323486 -209.403168 878.035828
v -129.342758 -210.149872 877.802856
v -117.709152 -214.914185 876.778137
v -67.576797 -214.015778 875.098572
v -50.542347 -207.728638 874.766541
v -37.919445 -218.208435 874.543945
v -8.390429 -209.067001 874.211487
v 122.870377 -211.709702 877.670288
v 139.687180 -212.187180 878.584045
v 213.847275 -213.832230 886.068787
v -201.412964 -212.386200 893.089355
v -197.147812 -213.041962 892.685059
v -124.201263 -216.275635 877.325989
v -57.583698 -215.607925 874.633606
v -44.626911 -211.059616 874.405151
v -14.515785 -212.684540 874.155884
v 5.714993 -214.740875 874.137451
v 60.167831 -212.173401 876.218567
v 96.203621 -215.388321 876.961487
v 149.509033 -212.122772 879.087708
v 159.195053 -214.572418 880.526001
v 228.747787 -211.365341 887.765137
v -240.271423 -217.654495 903.892029
v -191.317352 -215.260162 890.820923
v -160.354843 -216.690903 881.862671
v -149.103653 -217.370880 880.891907
v -134.840576 -214.484879 878.369751
v -22.526226 -212.324905 874.809814
v 62.654160 -216.937317 876.212158
v 105.984444 -214.287430 877.718750
v 132.472748 -212.400543 877.974548
v 170.411835 -212.519928 883.314331
v 202.755646 -211.404663 884.221375
v 206.182220 -213.435532 885.960205
v 250.011261 -220.322144 892.893921
v -172.041382 -216.563583 886.499268
v -111.915794 -219.232285 876.509155
v -94.926300 -221.853394 875.609314
v -18.044077 -216.554138 875.162598
v 123.084938 -216.585083 879.138977
v 187.678970 -214.636703 883.168579
v -235.137421 -223.116638 902.504578
v -206.554047 -217.129974 895.640320
v -198.118225 -222.664413 892.943726
v -141.174423 -224.683411 878.972839
v -131.533630 -218.471283 877.904968
v -102.553497 -220.776138 876.271118
v 28.891758 -226.581238 874.512939
v 49.549744 -221.243729 875.772217
v 74.998581 -218.544724 876.429321
v 85.864861 -219.689484 876.957397
v 113.879013 -219.893204 879.257812
v 170.124008 -223.715302 883.043213
v 189.473984 -218.547302 884.135986
v 223.607666 -219.350006 889.482727
v 232.159622 -222.639801 891.040283
v -216.412262 -224.707367 898.079712
v -193.603104 -223.161880 892.297485
v -181.432739 -220.338333 887.560608
v -162.466965 -223.653381 882.980957
v -157.394531 -225.823853 881.312317
v -121.019798 -223.443787 877.511230
v -76.302910 -225.056046 875.270874
v -64.009773 -225.800034 874.748779
v -25.817148 -219.047180 874.645630
v 93.568489 -220.195038 878.399902
v 133.864899 -219.155243 879.678467
v 147.675751 -223.350769 882.883484
v 157.517242 -219.307648 883.062378
v 199.320312 -219.565247 885.873535
v 214.539490 -222.302338 888.183105
v -207.422272 -223.856537 895.763000
v -177.116119 -223.693985 886.245178
v -167.631439 -223.662537 885.640259
v -134.015350 -220.517059 878.694641
v -16.975878 -220.286774 874.016785
v -14.687484 -227.750946 873.901489
v 7.266910 -235.997864 873.758484
v 67.932907 -224.403214 875.765381
v 99.536713 -223.605408 879.123047
v 138.527313 -224.258774 880.784058
v -242.342041 -234.315704 902.440125
v -216.532242 -233.218567 898.011780
v -132.567719 -228.771912 879.032532
v -113.913452 -227.814651 876.538086
v -106.508377 -226.255997 875.940002
v -85.532318 -225.304153 875.334045
v -49.065128 -224.281448 874.336731
v -30.791039 -225.499146 874.567627
v 83.958382 -223.037338 877.897217
v 176.555038 -225.629654 883.809875
v -181.388290 -225.685196 888.502747
v -145.568314 -229.529510 880.608765
v -125.331596 -230.530365 878.713928
v 36.455055 -226.377716 875.573303
v 122.857704 -225.099380 880.594971
v 192.509659 -224.993240 885.869629
v 205.769028 -226.816666 887.211060
v 221.624054 -227.458755 890.058655
v 233.441574 -227.124863 892.763855
v -226.914581 -228.258606 899.770569
v -184.907501 -230.857376 889.627258
v -171.605911 -233.054199 885.143921
v -163.342163 -230.156326 884.987122
v -96.696114 -231.458420 875.702087
v -60.345749 -231.948135 874.590210
v -38.323139 -226.029892 874.237915
v -22.960060 -232.653046 873.736328
v 103.726830 -231.311920 880.633911
v 137.819611 -228.626495 882.876099
v 153.263550 -233.100220 883.172913
v 249.929733 -225.472961 894.852295
v -205.278458 -235.182831 895.683533
v -197.512695 -233.805679 893.488953
v -153.770782 -231.802719 880.609009
v 49.403969 -232.187256 875.422424
v 71.352745 -227.498367 877.753845
v 82.045670 -233.191971 879.205444
v 124.981720 -230.410858 881.548584
v 163.908035 -231.013565 883.205750
v 192.333817 -230.127563 887.917847
v 205.423889 -231.834610 889.489624
v 237.258835 -229.777939 894.891907
v -231.641693 -237.120895 899.995911
v -212.126999 -236.858444 896.688171
v -192.337753 -238.659790 892.132935
v -110.591141 -235.039368 876.826233
v -101.843277 -235.890839 876.758118
v -66.003349 -232.292572 875.108215
v -30.725826 -232.234146 873.768555
v -12.914763 -235.904648 873.706848
v 20.357405 -238.312943 875.365112
v 59.387215 -231.149551 876.999146
v 96.829666 -238.062607 881.357788
v 113.027214 -230.933044 881.056152
v 125.679367 -233.421677 882.995667
v 179.325089 -229.912857 885.283081
v 244.987457 -231.039520 895.431274
v -181.288879 -237.526123 888.953857
v -142.626450 -235.972458 879.980713
v -117.234871 -235.314468 877.042358
v -79.894547 -237.900436 875.218689
v 73.130157 -235.795120 878.638916
v 162.586395 -236.021774 884.876648
v 182.975540 -237.713409 888.122986
v 230.942841 -234.877640 893.341797
v 233.142487 -239.416031 895.038513
v -217.566422 -241.894852 898.311829
v -159.884674 -237.207687 884.293335
v -121.997787 -235.403671 878.591858
v -90.571892 -239.083755 875.445251
v -49.057823 -242.910141 874.086365
v -36.119255 -240.482635 873.868713
v 55.396019 -240.389389 877.807617
v 116.548325 -237.716385 882.815979
v 139.727509 -237.358795 883.039185
v 176.822723 -237.802155 888.028931
v 191.030029 -236.438065 888.287231
v -200.991089 -241.162827 894.218140
v -151.840317 -238.767487 881.233337
v -131.757828 -236.429321 879.371826
v -20.098494 -237.914444 874.471069
v 12.660676 -240.601837 874.617981
v 36.398239 -237.366486 875.028320
v 42.481617 -238.843277 876.447327
v 169.830078 -237.989136 886.102051
v 206.711090 -241.216095 891.527832
v 238.481232 -240.534012 895.633362
v -175.662491 -242.224380 887.138550
v -169.359528 -240.322800 885.601562
v -147.041946 -241.422501 879.897766
v -141.070053 -249.999420 879.897400
v -111.714394 -239.296707 876.615295
v -22.879602 -242.475037 873.589783
v 84.038834 -241.198395 880.516052
v 133.212524 -240.986908 882.817810
v 142.140442 -241.250641 884.276917
v 160.654083 -239.946625 885.487427
v 218.767319 -242.891006 893.159302
v 226.323013 -244.262527 894.687195
v -237.149689 -243.061020 899.878967
v -207.162979 -245.717407 895.524475
v -164.239136 -249.999466 884.056396
v -156.105682 -243.855072 883.774048
v -127.590736 -245.337692 878.481812
v -118.250885 -241.786560 879.001648
v -99.200783 -240.776382 877.066833
v -77.379517 -250.007416 874.833862
v 151.522827 -240.451096 885.138428
v 245.601532 -242.103195 896.440186
v -224.901260 -250.010101 898.316772
v -133.436111 -244.454147 879.157043
v -103.762505 -245.567932 876.765808
v -84.742393 -245.161102 875.026428
v 97.362450 -245.716965 882.767700
v 118.192055 -247.241409 882.657288
v 135.559235 -246.650635 885.265137
v 170.243317 -244.917908 888.215881
v 188.877701 -242.603745 890.707825
v 189.278534 -250.024414 891.720947
v 232.641998 -242.452637 896.177734
v -117.174217 -247.265839 878.604980
v 9.885369 -249.993851 875.418701
v 24.940081 -245.433289 874.852417
v 68.796410 -249.979599 880.122375
v 145.941971 -246.600586 885.890625
v 154.164886 -244.396133 886.088196
v 216.656387 -250.013428 894.683472
v -112.091103 -247.061371 877.640991
vn -0.3366 -0.3751 0.8637
vn -0.1389 0.0610 0.9884
vn -0.1136 -0.0985 0.9886
vn 0.0327 0.0671 0.9972
vn -0.3425 -0.2650 0.9014
vn -0.5197 -0.0737 0.8512
vn -0.0301 0.2735 0.9614
vn -0.0596 0.4354 0.8983
vn -0.1245 0.1673 0.9780
vn -0.0064 0.0207 0.9998
vn -0.0058 0.0193 0.9998
vn 0.0190 0.0467 0.9987
vn -0.1038 0.2897 0.9515
vn 0.0502 0.0472 0.9976
vn 0.0575 -0.0130 0.9983
vn 0.0709 0.0238 0.9972
vn 0.0036 0.1545 0.9880
vn 0.0988 0.0745 0.9923
vn 0.0663 -0.0382 0.9971
vn 0.0608 0.1370 0.9887
vn 0.0216 0.0670 0.9975
vn 0.0693 -0.4215 0.9042
vn 0.1507 -0.4550 0.8776
vn -0.0009 -0.9999 -0.0110
vn 0.0104 0.0150 0.9998
vn 0.0232 0.2816 0.9593
vn 0.0407 0.2514 0.9670
vn 0.0210 -0.0213 0.9996
vn -0.1643 0.0403 0.9856
vn -0.4613 -0.2306 0.8568
vn 0.0328 -0.0282 0.9991
vn 0.0614 0.0508 0.9968
vn -0.1884 0.1132 0.9756
vn 0.0015 0.4440 0.8960
vn 0.0550 0.0937 0.9941
vn -0.0144 0.1837 0.9829
vn 0.0113 0.0210 0.9997
vn -0.3094 0.6580 0.6865
vn 0.0611 -0.0121 0.9981
vn -0.0232 0.2007 0.9794
vn 0.1456 -0.5517 0.8213
vn 0.0495 -0.4404 0.8965
vn 0.0642 -0.3125 0.9477
vn 0.0128 0.0061 0.9999
vn -0.0019 -0.0035 1.0000
vn 0.0085 0.0165 0.9998
vn 0.0126 0.1397 0.9901
vn 0.1047 0.0981 0.9897
vn 0.0934 0.2077 0.9737
vn 0.1936 0.3200 0.9274
vn 0.1544 0.4419 0.8837
vn 0.0228 -0.0409 0.9989
vn 0.0206 -0.0357 0.9992
vn -0.1080 0.0259 0.9938
vn -0.2362 -0.5167 0.8230
vn -0.6661 -0.4094 0.6234
vn 0.0487 0.2335 0.9711
vn -0.0767 0.0605 0.9952
vn -0.0749 0.0610 0.9953
vn 0.0760 0.1821 0.9803
vn 0.0519 0.0536 0.9972
vn -0.1800 0.5442 0.8195
vn 0.0661 -0.0089 0.9978
vn 0.1157 -0.6879 0.7166
vn -0.0289 0.2349 0.9716
vn 0.3318 -0.6224 0.7089
vn 0.2508 -0.6275 0.7371
vn 0.1594 -0.5491 0.8204
vn 0.0059 0.0010 1.0000
vn 0.0177 -0.0173 0.9997
vn 0.0624 0.2033 0.9771
vn 0.1370 0.3217 0.9369
vn -0.1792 0.2319 0.9561
vn -0.3849 0.2455 0.8897
vn -0.4924 0.0274 0.8699
vn -0.0423 -0.0058 0.9991
vn -0.0788 -0.1587 0.9842
vn -0.0150 0.0274 0.9995
vn 0.0278 0.1511 0.9881
vn -0.4751 -0.6472 0.5961
vn -0.3422 -0.6824 0.6459
vn -0.1821 -0.1508 0.9717
vn -0.1318 -0.1642 0.9776
vn 0.1054 0.2368 0.9658
vn -0.0093 0.1554 0.9878
vn 0.1051 0.3770 0.9202
vn -0.0532 0.2512 0.9665
vn 0.0651 -0.0080 0.9978
vn -0.0381 0.3249 0.9450
vn 0.4026 -0.6532 0.6413
vn 0.0901 -0.2415 0.9662
vn 0.0737 -0.1949 0.9780
vn 0.5495 -0.4357 0.7129
vn 0.0114 -0.5454 0.8381
vn 0.0966 -0.6496 0.7541
vn -0.0678 -0.7052 0.7057
vn 0.1163 -0.8256 0.5522
vn 0.0010 0.0050 1.0000
vn 0.0108 -0.0052 0.9999
vn 0.0013 0.0064 1.0000
vn 0.0130 0.0093 0.9999
vn 0.0496 0.2407 0.9693
vn 0.1020 0.3691 0.9238
vn -0.0333 0.0387 0.9987
vn 0.0264 0.0319 0.9991
vn -0.0175 -0.0397 0.9991
vn 0.0276 0.1575 0.9871
vn -0.1862 -0.8349 0.5180
vn -0.1796 -0.8346 0.5207
vn -0.0330 0.0286 0.9990
vn -0.0280 0.0308 0.9991
vn 0.0012 0.4163 0.9092
vn 0.1940 0.1839 0.9636
vn -0.0198 0.2234 0.9745
vn 0.0190 0.2148 0.9765
vn -0.0264 0.2832 0.9587
vn -0.2393 0.5552 0.7965
vn -0.1870 0.5151 0.8365
vn 0.0833 -0.0387 0.9958
vn 0.3524 -0.7759 0.5233
vn -0.2524 -0.1168 0.9605
vn 0.1081 -0.4365 0.8932
vn -0.0779 -0.5049 0.8596
vn 0.1223 -0.7939 0.5956
vn 0.0410 -0.0423 0.9983
vn -0.0027 0.0233 0.9997
vn 0.0136 0.0248 0.9996
vn 0.0202 -0.0403 0.9990
vn 0.0014 -0.0136 0.9999
vn -0.0766 0.7793 0.6220
vn -0.0397 0.7439 0.6671
vn 0.1111 0.7619 0.6381
vn 0.0428 0.7075 0.7055
vn -0.0141 0.6633 0.7482
vn -0.0496 0.7251 0.6868
vn 0.0170 -0.0149 0.9997
vn 0.0075 0.0078 0.9999
vn 0.0087 0.0065 0.9999
vn 0.0111 0.0071 0.9999
vn 0.2008 0.3947 0.8966
vn -0.2135 0.2808 0.9357
vn 0.0169 0.0247 0.9996
vn -0.0419 0.0586 0.9974
vn -0.1827 -0.8322 0.5235
vn -0.2654 -0.8232 0.5020
vn -0.0314 0.0526 0.9981
vn -0.5290 -0.0447 0.8474
vn 0.0229 -0.3247 0.9455
vn -0.1495 -0.1055 0.9831
vn 0.0529 0.2282 0.9722
vn 0.0181 0.0627 0.9979
vn 0.0320 0.0329 0.9989
vn 0.1311 -0.5847 0.8006
vn 0.0839 -0.6942 0.7149
vn -0.3168 -0.4563 0.8315
vn 0.1672 -0.6096 0.7749
vn -0.1086 -0.7740 0.6238
vn 0.0692 -0.1184 0.9905
vn 0.0051 -0.0490 0.9988
vn -0.0267 -0.6276 0.7781
vn 0.3216 -0.6220 0.7140
vn 0.0661 -0.7492 0.6591
vn -0.0242 0.0149 0.9996
vn 0.0356 -0.0323 0.9988
vn 0.0055 0.0405 0.9992
vn -0.0496 0.7440 0.6663
vn -0.1000 0.7411 0.6639
vn 0.0657 0.6901 0.7207
vn 0.0711 0.6863 0.7239
vn 0.0848 0.6555 0.7505
vn 0.1058 0.6618 0.7422
vn 0.0942 0.6485 0.7554
vn 0.0186 -0.0086 0.9998
vn 0.0807 0.0887 0.9928
vn 0.1757 0.3675 0.9133
vn 0.2109 0.3108 0.9268
vn 0.2371 0.4465 0.8628
vn -0.1719 0.2444 0.9543
vn -0.3848 0.4072 0.8283
vn 0.0017 0.4649 0.8854
vn 0.2462 0.4685 0.8485
vn 0.0417 0.1652 0.9854
vn -0.1231 0.0307 0.9919
vn 0.0117 0.0142 0.9998
vn 0.0182 0.0100 0.9998
vn -0.0051 0.0173 0.9998
vn -0.2189 -0.8483 0.4821
vn -0.0948 -0.8325 0.5459
vn -0.4053 -0.7077 0.5787
vn -0.0137 -0.0301 0.9995
vn -0.0752 -0.0767 0.9942
vn -0.0671 -0.0825 0.9943
vn 0.0592 -0.2671 0.9619
vn -0.0071 0.2054 0.9786
vn 0.1380 -0.5952 0.7916
vn -0.0121 -0.1611 0.9869
vn 0.2556 -0.7390 0.6233
vn 0.1094 -0.6889 0.7166
vn 0.0264 -0.5729 0.8192
vn 0.0245 -0.0708 0.9972
vn 0.0109 -0.0417 0.9991
vn -0.0749 0.7408 0.6676
vn -0.1432 0.8274 0.5430
vn 0.0708 0.7812 0.6202
vn -0.0394 0.7335 0.6786
vn -0.0450 0.5775 0.8151
vn -0.0207 0.1402 0.9899
vn 0.0445 0.1084 0.9931
vn 0.1097 0.6548 0.7478
vn 0.0843 0.6556 0.7504
vn 0.1601 0.6796 0.7159
vn 0.0159 -0.0074 0.9998
vn -0.0205 0.4618 0.8868
vn -0.1271 0.5702 0.8116
vn -0.1254 0.5783 0.8061
vn -0.2574 0.8459 0.4671
vn 0.6823 0.4227 0.5964
vn -0.0003 -0.0006 1.0000
vn -0.0916 -0.3880 0.9171
vn -0.2407 -0.8797 0.4102
vn -0.5887 -0.6840 0.4308
vn 0.0741 -0.3034 0.9500
vn -0.4452 -0.1895 0.8752
vn -0.0107 0.2086 0.9779
vn 0.2722 -0.5931 0.7577
vn -0.0428 -0.7380 0.6734
vn 0.0223 -0.8532 0.5210
vn 0.1392 -0.6805 0.7194
vn -0.0019 0.0666 0.9978
vn -0.0032 0.0461 0.9989
vn 0.0108 -0.0251 0.9996
vn -0.2290 0.7872 0.5727
vn -0.0299 0.5875 0.8087
vn -0.1508 0.6988 0.6993
vn -0.2194 0.3159 0.9231
vn 0.0402 0.0554 0.9977
vn 0.0317 0.0481 0.9983
vn 0.0630 0.0862 0.9943
vn 0.0482 0.1014 0.9937
vn 0.1547 0.6885 0.7085
vn 0.0924 0.6717 0.7350
vn 0.1261 0.7111 0.6917
vn 0.0127 0.0149 0.9998
vn 0.0135 0.0136 0.9998
vn 0.0557 0.1959 0.9790
vn 0.2524 0.4267 0.8684
vn 0.2043 0.4145 0.8868
vn -0.0069 0.1175 0.9931
vn -0.4148 0.6600 0.6264
vn -0.2137 0.5461 0.8100
vn -0.0354 0.0832 0.9959
vn -0.0427 0.0968 0.9944
vn 0.1851 0.7090 0.6804
vn -0.1500 0.9072 0.3930
vn 0.7277 0.3021 0.6158
vn -0.0127 0.0270 0.9996
vn 0.0074 0.0280 0.9996
vn 0.0135 0.0134 0.9998
vn -0.0312 -0.0910 0.9954
vn -0.0414 -0.8373 0.5452
vn -0.1083 -0.8748 0.4722
vn -0.1597 -0.8641 0.4772
vn 0.0502 -0.8579 0.5114
vn 0.1598 -0.8922 0.4225
vn -0.2191 -0.8804 0.4206
vn -0.0249 -0.8098 0.5862
vn -0.3807 0.0271 0.9243
vn 0.0758 -0.0004 0.9971
vn 0.5634 0.0636 0.8237
vn -0.0042 0.0668 0.9978
vn 0.0057 0.0731 0.9973
vn -0.0021 0.0750 0.9972
vn 0.0032 0.0650 0.9979
vn 0.0123 -0.0144 0.9998
vn -0.0903 0.7097 0.6987
vn -0.0907 0.7088 0.6995
vn -0.2443 0.7795 0.5768
vn 0.0129 0.6005 0.7996
vn -0.0127 0.2950 0.9554
vn 0.0857 -0.0452 0.9953
vn 0.0099 0.1477 0.9890
vn 0.0270 0.0918 0.9954
vn 0.0398 0.1686 0.9849
vn 0.0605 0.1610 0.9851
vn 0.1142 0.7190 0.6855
vn 0.2681 0.7778 0.5684
vn 0.0090 0.0355 0.9993
vn 0.0192 0.0852 0.9962
vn 0.1136 -0.0014 0.9935
vn 0.2619 0.4218 0.8680
vn -0.3395 0.4434 0.8296
vn -0.3111 0.4329 0.8461
vn 0.0013 0.1632 0.9866
vn -0.2044 0.7557 0.6223
vn -0.2123 0.7256 0.6545
vn 0.8035 0.2096 0.5572
vn -0.1927 -0.0771 0.9782
vn 0.0101 0.1886 0.9820
vn 0.0812 0.0545 0.9952
vn 0.0077 0.0568 0.9984
vn -0.1524 -0.8687 0.4713
vn -0.6463 -0.5868 0.4878
vn -0.0123 0.0568 0.9983
vn 0.0189 0.0496 0.9986
vn 0.6550 0.0433 0.7544
vn 0.0058 0.0952 0.9954
vn 0.0005 0.0587 0.9983
vn 0.0347 -0.0209 0.9992
vn -0.1098 0.7976 0.5932
vn -0.0545 0.7175 0.6944
vn -0.0375 0.3485 0.9366
vn -0.0089 0.0746 0.9972
vn -0.0929 -0.0358 0.9950
vn 0.0056 -0.0140 0.9999
vn 0.0013 0.0738 0.9973
vn 0.0520 0.0897 0.9946
vn 0.0339 0.0519 0.9981
vn 0.0531 0.0725 0.9960
vn 0.0071 0.1535 0.9881
vn -0.0080 0.1086 0.9941
vn 0.6042 0.3292 0.7257
vn 0.1853 0.5399 0.8211
vn 0.0212 0.0219 0.9995
vn 0.0289 0.0228 0.9993
vn -0.0087 0.0538 0.9985
vn -0.1393 0.8353 0.5318
vn -0.0924 0.7971 0.5968
vn 0.3248 0.8298 0.4539
vn 0.1183 0.8421 0.5262
vn 0.0321 0.3429 0.9388
vn 0.0174 0.3327 0.9429
vn -0.2538 0.9659 0.0503
vn 0.0212 0.0187 0.9996
vn 0.0101 0.0313 0.9995
vn 0.0310 0.0873 0.9957
vn 0.0011 0.0604 0.9982
vn -0.1032 0.7270 0.6789
vn -0.1737 0.7761 0.6063
vn -0.0123 0.0758 0.9970
vn 0.0299 -0.0068 0.9995
vn 0.0344 0.2146 0.9761
vn 0.0448 0.1762 0.9833
vn 0.0336 0.1776 0.9835
vn 0.1168 0.6956 0.7089
vn 0.2054 0.7187 0.6643
vn 0.0348 0.0096 0.9993
vn 0.0724 0.1363 0.9880
vn 0.1083 0.1412 0.9840
vn 0.2035 0.4151 0.8867
vn -0.0332 0.0979 0.9946
vn -0.4577 0.0997 0.8835
vn -0.0143 0.0615 0.9980
vn 0.0837 0.8593 0.5046
vn 0.1283 0.8673 0.4810
vn -0.0237 0.8823 0.4701
vn 0.1849 0.8432 0.5048
vn 0.0040 0.0481 0.9988
vn -0.0224 0.0651 0.9976
vn -0.7518 0.0385 0.6583
vn 0.0408 0.1075 0.9934
vn 0.0778 -0.0009 0.9970
vn 0.6615 0.0328 0.7493
vn 0.0387 -0.1446 0.9887
vn 0.0228 -0.0618 0.9978
vn -0.3391 0.4895 0.8034
vn -0.1542 0.5478 0.8223
vn -0.0157 0.6710 0.7413
vn -0.1167 0.7566 0.6434
vn -0.0152 0.8099 0.5864
vn -0.0184 0.8118 0.5836
vn -0.0246 0.2698 0.9626
vn -0.0022 0.0992 0.9951
vn -0.0061 0.1040 0.9946
vn -0.0232 0.1148 0.9931
vn 0.0046 0.1049 0.9945
vn 0.0165 -0.0616 0.9980
vn 0.0190 -0.0648 0.9977
vn 0.0228 -0.0691 0.9973
vn 0.0480 0.0642 0.9968
vn 0.2631 0.6359 0.7256
vn 0.2755 0.6359 0.7210
vn 0.0060 0.0147 0.9999
vn 0.0099 0.0023 0.9999
vn 0.0067 0.6316 0.7753
vn -0.1441 0.4162 0.8978
vn 0.1163 0.3148 0.9420
vn -0.0022 0.0056 1.0000
vn -0.0686 0.3111 0.9479
vn 0.1973 0.7858 0.5862
vn -0.2567 0.8027 0.5383
vn -0.2879 0.8120 0.5077
vn 0.1770 0.8511 0.4943
vn 0.3342 0.7918 0.5112
vn 0.2782 0.8005 0.5309
vn -0.1011 -0.4205 0.9016
vn 0.0210 0.0391 0.9990
vn 0.0103 0.0581 0.9983
vn 0.0121 0.0359 0.9993
vn -0.2508 0.0694 0.9655
vn -0.5961 0.2125 0.7743
vn -0.6132 -0.0012 0.7900
vn 0.0151 0.0450 0.9989
vn -0.1954 0.0542 0.9792
vn -0.0110 0.1122 0.9936
vn -0.0519 0.8925 0.4480
vn 0.0438 0.8058 0.5906
vn 0.0040 0.0721 0.9974
vn -0.0074 0.0981 0.9951
vn -0.0515 0.3712 0.9271
vn 0.1156 -0.0611 0.9914
vn -0.2849 0.5119 0.8105
vn 0.0827 0.3062 0.9484
vn 0.0303 -0.0502 0.9983
vn 0.0084 -0.0662 0.9978
vn 0.0590 0.0731 0.9956
vn -0.0070 0.0540 0.9985
vn 0.1770 0.7229 0.6679
vn 0.2074 0.6480 0.7329
vn 0.0182 0.0019 0.9998
vn 0.0457 0.2145 0.9757
vn -0.6337 0.1707 0.7545
vn -0.5601 0.1831 0.8080
vn -0.0052 -0.0123 0.9999
vn -0.0174 0.0006 0.9998
vn -0.0067 0.0094 0.9999
vn 0.0020 -0.0012 1.0000
vn -0.3847 0.0739 0.9201
vn -0.0178 0.1715 0.9850
vn -0.0410 0.1252 0.9913
vn 0.3358 0.7546 0.5637
vn 0.2119 0.7931 0.5711
vn -0.0071 0.9040 0.4276
vn 0.0056 0.0429 0.9991
vn 0.4688 0.6277 0.6215
vn -0.1068 0.6929 0.7131
vn -0.2457 0.7959 0.5533
vn -0.1666 0.7904 0.5895
vn -0.0314 0.0921 0.9953
vn -0.0051 0.0633 0.9980
vn 0.0090 0.1291 0.9916
vn -0.0104 0.1213 0.9926
vn 0.0098 0.0830 0.9965
vn -0.0442 0.4480 0.8929
vn -0.0327 0.4184 0.9077
vn 0.0222 -0.0293 0.9993
vn 0.0257 -0.0878 0.9958
vn 0.0097 0.0194 0.9998
vn 0.0301 -0.0298 0.9991
vn 0.0271 -0.0043 0.9996
vn 0.0109 -0.0853 0.9963
vn 0.0417 0.0734 0.9964
vn 0.2129 0.6436 0.7351
vn 0.3280 0.6762 0.6597
vn 0.0110 -0.0003 0.9999
vn 0.0240 -0.0047 0.9997
vn -0.4603 0.1558 0.8740
vn -0.0197 0.0382 0.9991
vn -0.0303 -0.1003 0.9945
vn 0.4279 -0.1782 0.8861
vn -0.1040 0.4552 0.8843
vn 0.4322 0.7422 0.5121
vn 0.1491 0.8148 0.5603
vn -0.1046 0.9191 0.3798
vn 0.0951 0.9154 0.3912
vn 0.0793 0.9140 0.3979
vn -0.0896 0.9297 -0.3574
vn 0.4605 0.6351 0.6201
vn -0.0053 0.1582 0.9874
vn 0.0168 0.1522 0.9882
vn -0.0040 0.1785 0.9839
vn 0.0226 0.0865 0.9960
vn -0.0082 0.3702 0.9289
vn -0.0427 0.4523 0.8908
vn 0.0627 -0.0837 0.9945
vn 0.0114 0.0251 0.9996
vn 0.0155 0.0320 0.9994
vn 0.0155 -0.0137 0.9998
vn 0.0559 0.0185 0.9983
vn 0.2919 0.7084 0.6426
vn 0.4616 0.7328 0.4999
vn -0.3670 0.5757 0.7307
vn 0.0300 0.4334 0.9007
vn -0.0615 0.4568 0.8875
vn -0.0928 0.0665 0.9935
vn 0.0663 0.3358 0.9396
vn -0.0400 0.0383 0.9985
vn 0.2096 0.8387 0.5027
vn -0.6653 0.6444 0.3771
vn -0.6821 0.6565 0.3221
vn -0.3737 0.8254 0.4231
vn -0.0714 0.6559 0.7515
vn -0.1817 0.4004 0.8981
vn 0.0438 0.0375 0.9983
vn 0.0548 0.1150 0.9919
vn 0.5743 0.1248 0.8091
vn -0.0459 0.4746 0.8790
vn -0.0071 0.3713 0.9285
vn 0.0267 -0.2574 0.9659
vn 0.0166 -0.0739 0.9971
vn -0.0046 -0.1199 0.9928
vn 0.0205 0.0106 0.9997
vn 0.0133 -0.0096 0.9999
vn 0.0268 0.0878 0.9958
vn 0.0860 0.1142 0.9897
vn 0.5551 0.3442 0.7573
vn 0.0182 0.0065 0.9998
vn -0.0593 0.2109 0.9757
vn -0.3931 -0.1343 0.9096
vn -0.0124 0.0344 0.9993
vn -0.3955 0.0814 0.9148
vn -0.0261 0.0374 0.9990
vn -0.0096 0.0269 0.9996
vn -0.0464 0.0469 0.9978
vn 0.6565 0.5237 0.5428
vn 0.3084 0.6372 0.7063
vn -0.7912 0.1746 0.5861
vn -0.0016 0.0411 0.9992
vn -0.1159 0.3272 0.9378
vn 0.0344 -0.0458 0.9984
vn 0.0291 -0.0421 0.9987
vn 0.1602 0.5217 0.8380
vn -0.0143 0.3518 0.9360
vn -0.0941 0.4339 0.8960
vn 0.0307 -0.0526 0.9981
vn 0.0230 0.0391 0.9990
vn 0.0089 -0.0566 0.9984
vn 0.0227 -0.0289 0.9993
vn -0.0219 -0.1154 0.9931
vn 0.0926 0.1101 0.9896
vn 0.0642 0.0722 0.9953
vn 0.0856 0.6841 0.7243
vn 0.1647 0.7402 0.6520
vn 0.0606 -0.0204 0.9980
vn 0.0538 0.6948 0.7171
vn -0.1392 0.4469 0.8837
vn 0.5237 0.0478 0.8506
vn -0.0048 0.1787 0.9839
vn -0.2808 -0.0347 0.9591
vn -0.0672 0.1244 0.9900
vn -0.2357 0.8838 0.4043
vn -0.1772 0.8412 0.5109
vn 0.0131 0.0280 0.9995
vn 0.0320 0.0139 0.9994
vn 0.0483 0.0177 0.9987
vn 0.1994 0.4001 0.8945
vn 0.0007 0.3951 0.9186
vn 0.0516 0.0069 0.9986
vn 0.0146 0.0013 0.9999
vn 0.0317 -0.0536 0.9981
vn 0.0247 -0.0504 0.9984
vn 0.0177 -0.0283 0.9994
vn 0.0886 0.0182 0.9959
vn 0.3772 0.5189 0.7671
vn 0.3049 0.5154 0.8009
vn 0.2454 0.5113 0.8236
vn -0.4627 0.2923 0.8370
vn 0.0746 0.1050 0.9917
vn -0.1169 0.5945 0.7955
vn 0.1253 0.3021 0.9450
vn -0.0392 0.1977 0.9795
vn -0.0437 0.1677 0.9849
vn -0.1329 0.2307 0.9639
vn 0.0138 0.1205 0.9926
vn -0.0170 0.1668 0.9858
vn 0.1515 0.2317 0.9609
vn 0.4552 0.2985 0.8389
vn -0.1919 0.7462 0.6375
vn 0.0849 -0.0382 0.9957
vn 0.0337 -0.0465 0.9984
vn 0.0116 0.0345 0.9993
vn 0.0182 0.0169 0.9997
vn 0.0251 -0.0296 0.9992
vn 0.0052 0.1184 0.9929
vn 0.0083 0.1116 0.9937
vn 0.0111 0.5553 0.8316
vn 0.0597 -0.0305 0.9978
vn 0.0158 -0.0260 0.9995
vn 0.0366 0.0876 0.9955
vn 0.0346 0.0863 0.9957
vn 0.0896 0.0692 0.9936
vn 0.2061 0.6322 0.7469
vn -0.0008 -0.1081 0.9941
vn -0.0624 0.8235 0.5639
vn -0.0055 -0.0071 1.0000
vn -0.0056 0.0892 0.9960
vn -0.0092 0.0561 0.9984
vn 0.0088 0.0532 0.9985
vn 0.0643 0.0643 0.9959
vn 0.0273 0.0148 0.9995
vn 0.0129 -0.0324 0.9994
vn 0.0300 -0.0198 0.9994
vn -0.0139 0.2258 0.9741
vn 0.0038 0.1239 0.9923
vn 0.0253 0.1222 0.9922
vn 0.0158 0.6255 0.7800
vn 0.0531 -0.0526 0.9972
vn 0.0157 -0.0255 0.9996
vn -0.0392 0.0513 0.9979
vn 0.0118 -0.0130 0.9998
vn -0.0088 0.0082 0.9999
vn -0.7132 0.3420 0.6119
vn -0.1593 0.1630 0.9737
vn -0.0953 0.2747 0.9568
vn -0.1205 0.3133 0.9420
vn -0.1314 0.2759 0.9522
vn 0.0638 -0.0842 0.9944
vn 0.0267 0.0539 0.9982
vn 0.0498 -0.0018 0.9988
vn 0.0324 0.0347 0.9989
vn 0.0259 -0.0463 0.9986
vn 0.0237 -0.0373 0.9990
vn -0.0317 0.7798 0.6252
vn 0.0851 0.6221 0.7783
vn -0.0398 0.4467 0.8938
vn -0.3750 0.5375 0.7553
vn 0.0253 0.8749 0.4836
vn 0.3694 0.3535 0.8594
vn 0.0317 0.0249 0.9992
vn 0.0342 0.0291 0.9990
vn 0.0013 -0.0107 0.9999
vn -0.0812 0.5379 0.8391
vn -0.0118 0.0672 0.9977
vn -0.0046 0.0593 0.9982
vn 0.0850 -0.1461 0.9856
vn 0.0700 -0.1301 0.9890
vn 0.0359 0.0061 0.9993
vn -0.0448 0.5945 0.8028
vn -0.2318 0.4913 0.8396
vn -0.0231 0.7192 0.6945
vn 0.0041 0.6724 0.7402
vn -0.0500 0.6688 0.7417
vn 0.0137 0.5549 0.8318
vn -0.2188 0.6032 0.7670
vn 0.1431 0.6290 0.7641
vn 0.1302 0.2177 0.9673
vn 0.0560 0.5657 0.8227
vn 0.0774 0.6057 0.7919
vn 0.0162 0.3680 0.9297
vn 0.0645 0.0822 0.9945
vn 0.0730 0.0992 0.9924
vn 0.0580 0.0932 0.9940
vn 0.0439 0.0787 0.9959
vn -0.0064 0.0054 1.0000
vn 0.0021 -0.0003 1.0000
vn 0.0023 -0.0002 1.0000
vn -0.1497 0.2718 0.9506
vn 0.0092 0.0283 0.9996
vn 0.0041 -0.0341 0.9994
vn 0.0382 0.0565 0.9977
vn 0.0188 0.1005 0.9948
vn -0.0607 0.5405 0.8391
vn -0.0158 0.5205 0.8537
vn 0.0590 0.4920 0.8686
vn 0.0778 0.1161 0.9902
vn -0.0368 0.2359 0.9711
vn 0.2103 0.0990 0.9726
vn 0.0606 0.1408 0.9882
vn 0.4959 0.0266 0.8680
vn -0.3301 0.5397 0.7744
vn 0.1630 0.5004 0.8503
vn 0.2165 0.2643 0.9398
vn -0.0134 -0.0495 0.9987
vn 0.0002 0.0002 1.0000
vn -0.0026 -0.0018 1.0000
vn -0.0185 0.0625 0.9979
vn -0.0876 0.2264 0.9701
vn -0.1177 0.1790 0.9768
vn -0.1938 0.2122 0.9578
vn -0.0021 0.0405 0.9992
vn -0.0072 0.0648 0.9979
vn 0.0796 -0.1554 0.9846
vn 0.0353 -0.0340 0.9988
vn -0.0420 0.1426 0.9889
vn 0.0250 0.1879 0.9819
vn -0.0283 0.3901 0.9203
vn -0.1148 0.4939 0.8619
vn -0.0310 0.5042 0.8630
vn -0.0951 0.5713 0.8152
vn -0.0561 0.1710 0.9837
vn -0.0045 0.1704 0.9854
vn -0.0270 0.0903 0.9955
vn 0.2135 0.3155 0.9246
vn 0.0833 0.1409 0.9865
vn 0.0012 -0.0189 0.9998
vn 0.2607 0.3285 0.9078
vn -0.0722 0.4973 0.8646
vn -0.0145 0.0635 0.9979
vn -0.0768 0.2788 0.9573
vn 0.0108 0.0390 0.9992
vn 0.1000 -0.1767 0.9792
vn 0.0350 0.0012 0.9994
vn 0.0472 -0.0339 0.9983
vn 0.0395 -0.0458 0.9982
vn -0.1581 0.7339 0.6606
vn 0.0922 0.3563 0.9298
vn -0.0502 0.3213 0.9457
vn -0.0125 0.1923 0.9813
vn 0.0779 0.1567 0.9846
vn -0.0224 0.1548 0.9877
vn 0.0020 0.1702 0.9854
vn -0.0047 0.1071 0.9942
vn 0.0222 0.0707 0.9972
vn 0.3093 0.2663 0.9129
vn 0.0994 0.1287 0.9867
vn 0.1385 0.3671 0.9198
vn 0.2096 0.4264 0.8799
vn 0.0027 -0.0260 0.9997
vn 0.1340 0.3206 0.9377
vn -0.1411 0.5890 0.7957
vn -0.0954 0.4888 0.8672
vn -0.0582 0.1928 0.9795
vn 0.0488 -0.0165 0.9987
vn 0.0410 -0.0267 0.9988
vn 0.0122 0.0739 0.9972
vn 0.0195 0.1083 0.9939
vn 0.0071 0.6693 0.7429
vn -0.0329 0.1447 0.9889
vn -0.0984 0.2574 0.9613
vn 0.0276 0.1783 0.9836
vn -0.0234 0.1348 0.9906
vn 0.0996 0.1068 0.9893
vn 0.0352 0.0848 0.9958
vn 0.0063 0.0983 0.9951
vn 0.1663 0.0418 0.9852
vn -0.0157 0.0849 0.9963
vn 0.0651 0.5114 0.8569
vn 0.0297 0.4546 0.8902
vn -0.0254 0.4817 0.8760
vn -0.0360 0.6193 0.7844
vn -0.0646 0.6818 0.7287
vn -0.0121 0.0548 0.9984
vn 0.0886 -0.1989 0.9760
vn 0.0161 0.2395 0.9708
vn -0.2466 0.5349 0.8081
vn -0.1111 0.4458 0.8882
vn 0.1235 0.2589 0.9580
vn 0.0041 0.3286 0.9445
vn 0.0075 0.1498 0.9887
vn -0.0435 0.1585 0.9864
vn 0.0027 0.1695 0.9855
vn 0.0248 0.0143 0.9996
vn 0.0485 0.1657 0.9850
vn 0.0235 0.0795 0.9966
vn 0.0819 0.0431 0.9957
vn 0.1210 0.4408 0.8894
vn 0.0117 -0.0480 0.9988
vn 0.0212 0.4801 0.8769
vn -0.0793 0.5781 0.8121
vn -0.0019 0.0440 0.9990
vn 0.0393 0.0673 0.9970
vn 0.0105 0.4176 0.9086
vn -0.0416 0.4651 0.8843
vn 0.2075 0.5182 0.8297
vn 0.0077 -0.1592 0.9872
vn -0.0490 0.1754 0.9833
vn -0.0370 0.1062 0.9937
vn -0.0100 0.1083 0.9941
vn 0.0048 0.1072 0.9942
vn -0.0204 0.0043 0.9998
vn 0.0721 0.1718 0.9825
vn 0.1200 0.0722 0.9902
vn 0.1916 0.4671 0.8632
vn 0.1752 0.3671 0.9135
vn 0.2005 0.3755 0.9049
vn 0.0034 -0.0365 0.9993
vn -0.0349 0.0847 0.9958
vn -0.0173 0.0816 0.9965
vn -0.0123 0.0810 0.9966
vn -0.0514 0.1902 0.9804
vn 0.0617 -0.2188 0.9738
vn 0.0695 -0.1701 0.9830
vn 0.0273 -0.0065 0.9996
vn 0.0451 -0.0206 0.9988
vn 0.0372 -0.0076 0.9993
vn 0.0508 -0.0145 0.9986
vn 0.0287 0.0498 0.9983
vn 0.0241 0.1774 0.9838
vn -0.0290 0.3787 0.9251
vn -0.0827 0.3201 0.9438
vn 0.0102 0.0310 0.9995
vn -0.1423 0.0928 0.9855
vn 0.0109 0.0574 0.9983
vn 0.0426 0.1691 0.9847
vn -0.0131 0.1363 0.9906
vn 0.0088 0.1546 0.9879
vn 0.0082 0.0520 0.9986
vn 0.0544 -0.0226 0.9983
vn -0.0312 0.1360 0.9902
vn 0.0260 0.0587 0.9979
vn -0.0030 0.0843 0.9964
vn -0.0187 0.0681 0.9975
vn -0.0271 0.0749 0.9968
vn -0.0082 0.0610 0.9981
vn 0.0331 0.0458 0.9984
vn -0.0059 0.5119 0.8590
vn -0.0404 0.2714 0.9616
vn 0.1317 0.1971 0.9715
vn 0.0171 0.0405 0.9990
vn -0.0199 0.0462 0.9987
vn -0.4283 0.1068 0.8973
vn -0.0357 0.0722 0.9968
vn 0.2102 0.0689 0.9752
vn 0.0818 0.0553 0.9951
vn 0.0121 0.0848 0.9963
vn 0.0896 0.0885 0.9920
vn 0.2230 0.3444 0.9119
vn 0.1805 0.3312 0.9261
vn 0.0841 0.1029 0.9911
vn 0.0651 0.0704 0.9954
vn -0.0200 0.0710 0.9973
vn 0.1180 -0.2277 0.9665
vn 0.1293 -0.2431 0.9613
vn -0.0746 0.4376 0.8961
vn -0.0240 0.3991 0.9166
vn 0.1713 0.2166 0.9611
vn 0.0122 0.1200 0.9927
vn 0.0193 0.1151 0.9932
vn 0.1007 -0.8997 0.4247
vn -0.2809 -0.1012 0.9544
vn 0.0503 -0.0242 0.9984
vn -0.0362 0.1482 0.9883
vn -0.0204 0.0943 0.9953
vn 0.0609 0.0530 0.9967
vn 0.0423 0.1585 0.9865
vn 0.2615 0.3972 0.8797
vn -0.0050 0.0430 0.9991
vn -0.0245 0.0415 0.9988
vn 0.0307 0.1046 0.9940
vn 0.1757 0.0283 0.9840
vn 0.0400 0.0261 0.9989
vn -0.0099 0.0780 0.9969
vn -0.0222 0.0752 0.9969
vn -0.0197 0.0680 0.9975
vn -0.0205 0.0617 0.9979
vn 0.0248 -0.0081 0.9997
vn 0.0045 0.1023 0.9947
vn 0.0635 0.3519 0.9339
vn 0.1802 0.1904 0.9650
vn -0.1412 0.1575 0.9774
vn 0.0273 0.0766 0.9967
vn 0.3273 0.0835 0.9412
vn 0.0649 0.0092 0.9979
vn -0.2171 0.0277 0.9758
vn -0.0867 -0.8654 0.4935
vn 0.0215 0.1387 0.9901
vn -0.0094 0.1497 0.9887
vn -0.0079 0.1461 0.9892
vn -0.0115 -0.0406 0.9991
vn -0.0225 0.4658 0.8846
vn -0.0615 0.5693 0.8198
vn -0.0092 0.3963 0.9181
vn -0.0954 0.2614 0.9605
vn 0.0148 0.2225 0.9748
vn -0.0242 0.4431 0.8961
vn 0.1165 -0.0080 0.9932
vn 0.1016 0.0067 0.9948
vn -0.0054 0.0237 0.9997
vn -0.0451 0.1129 0.9926
vn 0.0208 0.0985 0.9949
vn 0.4022 0.1066 0.9093
vn 0.1001 0.5198 0.8484
vn 0.1033 -0.3142 0.9437
vn 0.0521 -0.2230 0.9734
vn -0.1869 0.4358 0.8804
vn -0.0080 0.2827 0.9592
vn 0.0489 0.0645 0.9967
vn 0.0330 0.0277 0.9991
vn 0.3136 0.0867 0.9456
vn -0.2059 -0.7657 0.6094
vn -0.8738 0.0574 0.4828
vn 0.1635 0.5384 0.8267
vn 0.1139 0.2993 0.9473
vn 0.1829 0.4604 0.8687
vn 0.0443 0.3907 0.9195
vn 0.0027 0.4518 0.8921
vn 0.2173 0.3365 0.9163
vn 0.1945 -0.0025 0.9809
vn -0.0116 -0.0536 0.9985
vn -0.0189 -0.0485 0.9986
vn -0.0203 0.0615 0.9979
vn 0.0225 -0.0143 0.9996
vn 0.0180 0.0231 0.9996
vn 0.0289 0.0194 0.9994
vn -0.0388 -0.0325 0.9987
vn 0.0183 0.0063 0.9998
vn 0.7202 0.1284 0.6817
vn 0.8084 0.0693 0.5845
vn 0.7783 0.1243 0.6155
vn -0.0363 0.0562 0.9978
vn -0.0848 0.0868 0.9926
vn 0.1069 0.2192 0.9698
vn -0.4397 0.7743 0.4551
vn 0.0493 0.2181 0.9747
vn 0.0565 0.1325 0.9896
vn 0.0739 0.1242 0.9895
vn 0.0092 0.0600 0.9982
vn 0.1178 0.0850 0.9894
vn 0.1964 0.1257 0.9724
vn 0.0254 0.0505 0.9984
vn 0.2039 0.2561 0.9449
vn 0.1716 0.2628 0.9495
vn -0.0241 0.0585 0.9980
vn -0.0232 0.0579 0.9981
vn 0.0862 -0.3155 0.9450
vn 0.0210 -0.0362 0.9991
vn -0.0039 0.2487 0.9686
vn -0.1291 0.1489 0.9804
vn 0.1223 0.0780 0.9894
vn 0.0163 0.0081 0.9998
vn 0.5476 0.6072 0.5757
vn -0.6629 0.5428 0.5157
vn -0.0545 0.0436 0.9976
vn -0.0236 0.1590 0.9870
vn -0.0355 0.1759 0.9838
vn -0.0309 0.1748 0.9841
vn -0.0277 0.2195 0.9752
vn -0.1405 0.2326 0.9624
vn -0.0408 0.1258 0.9912
vn 0.1512 0.2145 0.9650
vn 0.1013 0.0925 0.9905
vn 0.3116 0.2385 0.9198
vn 0.2450 0.2371 0.9401
vn 0.0935 0.1033 0.9902
vn 0.1708 0.1407 0.9752
vn 0.3499 -0.0166 0.9366
vn -0.0715 0.2177 0.9734
vn 0.0414 0.0908 0.9950
vn 0.0803 -0.2463 0.9659
vn 0.1251 0.0831 0.9887
vn -0.0760 0.0968 0.9924
vn 0.0869 0.0125 0.9961
vn -0.1207 -0.0363 0.9920
vn 0.0127 0.0168 0.9998
vn 0.3310 0.7481 0.5752
vn 0.0452 0.1811 0.9824
vn 0.1015 0.2448 0.9643
vn 0.1877 0.1771 0.9661
vn 0.1787 0.4080 0.8953
vn 0.1055 0.3781 0.9197
vn 0.0079 0.0606 0.9981
vn 0.0150 -0.0040 0.9999
vn 0.0762 0.0201 0.9969
vn -0.0266 0.0573 0.9980
vn -0.0260 0.0561 0.9981
vn 0.0476 -0.2237 0.9735
vn -0.0133 0.0902 0.9958
vn -0.0423 0.1716 0.9843
vn -0.0488 0.1786 0.9827
vn 0.0224 0.0765 0.9968
vn -0.0367 0.1737 0.9841
vn -0.0521 0.1736 0.9834
vn 0.0299 0.2625 0.9645
vn 0.0888 0.4225 0.9020
vn 0.0614 0.0363 0.9975
vn -0.0847 0.0665 0.9942
vn 0.0707 0.0014 0.9975
vn 0.2837 -0.0176 0.9587
vn -0.1314 0.2669 0.9547
vn 0.0013 0.0587 0.9983
vn -0.0521 0.2674 0.9622
vn -0.0346 0.0349 0.9988
vn -0.1240 0.0482 0.9911
vn -0.0180 0.0296 0.9994
vn 0.0996 0.0572 0.9934
vn 0.0478 0.0664 0.9966
vn 0.0160 0.0828 0.9964
vn -0.0221 0.0789 0.9966
vn 0.1155 0.0896 0.9893
vn 0.2214 -0.0033 0.9752
vn 0.0679 -0.1251 0.9898
vn 0.0360 -0.1217 0.9919
vn -0.0294 -0.0557 0.9980
vn -0.0258 0.1696 0.9852
vn -0.0294 0.1730 0.9845
vn 0.0220 0.0347 0.9992
vn -0.0431 0.0525 0.9977
vn 0.1160 0.1488 0.9820
vn 0.1096 0.1777 0.9780
vn 0.0979 0.0026 0.9952
vn -0.0045 0.0729 0.9973
vn -0.0103 0.0773 0.9970
vn 0.0520 -0.0312 0.9982
vn 0.0312 -0.0316 0.9990
vn 0.0261 -0.0350 0.9990
vn 0.0153 0.0538 0.9984
vn 0.0096 0.0589 0.9982
vn -0.0197 -0.0186 0.9996
vn -0.1852 -0.1354 0.9733
vn 0.0028 -0.2107 0.9776
vn -0.0801 0.0791 0.9936
vn -0.0760 0.1069 0.9914
vn -0.0263 0.1337 0.9907
vn 0.0208 -0.0016 0.9998
vn 0.0516 0.0195 0.9985
vn 0.1526 0.1698 0.9736
vn 0.0905 0.1578 0.9833
vn 0.2445 0.1305 0.9608
vn 0.0558 -0.0313 0.9979
vn -0.0392 0.1029 0.9939
vn -0.0244 0.1962 0.9803
vn -0.0334 0.2010 0.9790
vn -0.0348 0.1561 0.9871
vn 0.0356 0.0754 0.9965
vn -0.0325 0.0361 0.9988
vn 0.1078 -0.0386 0.9934
vn 0.0062 0.0690 0.9976
vn 0.2094 -0.1191 0.9706
vn 0.2867 -0.1148 0.9511
vn 0.0428 -0.1605 0.9861
vn -0.0069 -0.2064 0.9784
vn -0.0221 -0.0733 0.9971
vn -0.0905 -0.0078 0.9959
vn -0.0864 -0.0066 0.9962
vn -0.0387 0.0764 0.9963
vn 0.0025 -0.0105 0.9999
vn 0.2094 0.3247 0.9224
vn 0.0394 0.2881 0.9568
vn 0.0583 0.3209 0.9453
vn 0.3013 0.1731 0.9377
vn 0.0810 0.0965 0.9920
vn 0.1572 0.0383 0.9868
vn -0.0234 0.1061 0.9941
vn -0.0316 0.2054 0.9782
vn -0.0010 -0.0302 0.9995
vn 0.0439 -0.1155 0.9923
vn 0.0662 -0.1912 0.9793
vn 0.1389 -0.2176 0.9661
vn 0.2826 -0.1128 0.9526
vn 0.0918 -0.1329 0.9869
vn -0.2053 -0.1450 0.9679
vn -0.1154 0.0231 0.9930
vn -0.1079 0.0231 0.9939
vn -0.0391 0.1412 0.9892
vn 0.0055 -0.0110 0.9999
vn -0.0025 0.0045 1.0000
vn 0.0202 0.0305 0.9993
vn 0.1557 0.2067 0.9659
vn 0.1073 0.3552 0.9286
vn 0.1316 0.1841 0.9741
vn 0.0480 -0.0067 0.9988
vn 0.0475 0.0761 0.9960
vn 0.0815 0.0491 0.9955
vn -0.0117 0.0132 0.9998
vn 0.0345 -0.0939 0.9950
vn 0.0032 0.0251 0.9997
vn 0.0223 -0.0306 0.9993
vn -0.0226 0.1178 0.9928
vn 0.0301 0.0679 0.9972
vn -0.1500 0.1785 0.9724
vn -0.0189 0.0436 0.9989
vn 0.0499 -0.0215 0.9985
vn 0.0658 -0.0388 0.9971
vn -0.0126 -0.0412 0.9991
vn -0.0124 -0.0408 0.9991
vn -0.0386 -0.0444 0.9983
vn -0.0129 -0.0736 0.9972
vn -0.0436 -0.0592 0.9973
vn -0.1317 -0.0418 0.9904
vn -0.0779 0.1159 0.9902
vn -0.0056 -0.0153 0.9999
vn -0.0010 -0.0178 0.9998
vn 0.0789 0.0124 0.9968
vn 0.0732 0.0295 0.9969
vn 0.1227 0.1849 0.9751
vn 0.2250 0.1178 0.9672
vn -0.0289 0.0867 0.9958
vn 0.0082 -0.0004 1.0000
vn 0.0222 -0.0314 0.9993
vn -0.0589 0.1562 0.9860
vn 0.0006 0.0675 0.9977
vn 0.0128 0.0287 0.9995
vn -0.0037 -0.0499 0.9987
vn 0.1881 -0.1938 0.9629
vn 0.1418 -0.1989 0.9697
vn 0.0682 -0.1270 0.9896
vn 0.1355 -0.3331 0.9331
vn 0.1802 -0.3520 0.9185
vn -0.0545 -0.0543 0.9970
vn -0.0448 0.0781 0.9959
vn 0.0022 -0.0083 1.0000
vn 0.0545 0.0207 0.9983
vn 0.0909 0.2117 0.9731
vn 0.1062 0.1736 0.9791
vn 0.1665 0.1649 0.9722
vn -0.1139 0.5658 0.8166
vn 0.1094 0.1855 0.9765
vn 0.0998 0.2821 0.9542
vn -0.1026 0.2132 0.9716
vn -0.0352 0.0904 0.9953
vn -0.0228 0.1174 0.9928
vn 0.0060 0.0310 0.9995
vn -0.0081 0.1018 0.9948
vn 0.0157 0.0818 0.9965
vn 0.0201 0.0345 0.9992
vn 0.0532 -0.1297 0.9901
vn 0.1977 -0.2566 0.9461
vn -0.1432 -0.2330 0.9619
vn -0.2352 0.0654 0.9698
vn 0.1159 0.1518 0.9816
vn 0.1165 0.1680 0.9789
vn 0.1083 0.1667 0.9800
vn 0.0395 0.0204 0.9990
vn -0.1049 0.2003 0.9741
vn 0.0060 0.1381 0.9904
vn 0.0322 -0.0273 0.9991
vn -0.0157 0.0929 0.9956
vn -0.0035 0.0346 0.9994
vn 0.0461 0.0272 0.9986
vn -0.0015 0.0476 0.9989
vn 0.0320 -0.0138 0.9994
vn 0.0739 -0.0195 0.9971
vn 0.1319 -0.0233 0.9910
vn -0.0566 -0.3054 0.9505
vn -0.0849 -0.0974 0.9916
vn -0.2099 -0.0645 0.9756
vn -0.0197 0.0139 0.9997
vn 0.0002 -0.0203 0.9998
vn 0.0356 0.0071 0.9993
vn 0.5291 0.5322 0.6609
vn 0.0558 0.0771 0.9955
vn 0.1020 0.1601 0.9818
vn 0.2651 0.1653 0.9499
vn 0.1351 -0.0178 0.9907
vn 0.0538 -0.0086 0.9985
vn 0.0652 0.0461 0.9968
vn 0.0137 -0.0275 0.9995
vn 0.0159 -0.0142 0.9998
vn -0.0442 0.1143 0.9925
vn 0.0130 -0.0115 0.9998
vn 0.0665 -0.0375 0.9971
vn 0.1875 -0.5944 0.7820
vn 0.0620 -0.3460 0.9362
vn 0.1640 -0.1387 0.9767
vn 0.1809 -0.0910 0.9793
vn 0.0588 -0.0666 0.9960
vn -0.1427 -0.2235 0.9642
vn -0.2557 -0.1961 0.9466
vn 0.0064 -0.0087 0.9999
vn -0.0274 0.0679 0.9973
vn -0.0030 -0.0006 1.0000
vn 0.0337 0.0514 0.9981
vn -0.1395 0.1194 0.9830
vn 0.0152 0.0810 0.9966
vn 0.0615 0.0992 0.9932
vn -0.0099 0.0044 0.9999
vn 0.0072 0.0272 0.9996
vn -0.0284 -0.0015 0.9996
vn 0.0919 -0.2707 0.9583
vn 0.0218 -0.0750 0.9969
vn -0.0628 -0.2627 0.9628
vn 0.1308 -0.2623 0.9561
vn 0.2719 -0.2617 0.9261
vn 0.0451 -0.1190 0.9919
vn -0.0522 -0.2932 0.9546
vn -0.0259 -0.2923 0.9560
vn -0.0892 -0.2548 0.9629
vn -0.5106 -0.0206 0.8596
vn -0.1030 -0.0793 0.9915
vn 0.1547 0.2149 0.9643
vn 0.1071 0.1811 0.9776
vn 0.0476 0.0351 0.9983
vn 0.2167 0.0504 0.9749
vn 0.1500 -0.0522 0.9873
vn -0.0153 0.0524 0.9985
vn 0.1370 0.0712 0.9880
vn 0.0086 -0.0089 0.9999
vn 0.0174 -0.0271 0.9995
vn 0.0137 -0.0242 0.9996
vn -0.0564 0.0274 0.9980
vn 0.0011 0.0287 0.9996
vn 0.0330 0.0543 0.9980
vn -0.0828 0.0038 0.9966
vn -0.0205 0.0108 0.9997
vn 0.0086 0.0261 0.9996
vn 0.0024 0.0259 0.9997
vn 0.0251 -0.0020 0.9997
vn 0.0383 -0.0017 0.9993
vn -0.0083 -0.1306 0.9914
vn 0.1181 -0.2102 0.9705
vn 0.4490 -0.4224 0.7874
vn 0.0686 0.0154 0.9975
vn 0.4259 -0.2798 0.8604
vn 0.1516 -0.5098 0.8469
vn -0.1172 -0.1240 0.9853
vn -0.1016 -0.1409 0.9848
vn -0.2343 -0.0155 0.9720
vn -0.0573 -0.0029 0.9984
vn -0.0107 -0.0258 0.9996
vn -0.0665 -0.0471 0.9967
vn 0.0138 -0.0325 0.9994
vn -0.0031 -0.0191 0.9998
vn -0.0042 0.0037 1.0000
vn 0.0586 -0.0834 0.9948
vn 0.2584 -0.0468 0.9649
vn -0.0136 0.2692 0.9630
vn 0.0044 0.0004 1.0000
vn 0.0068 -0.0024 1.0000
vn -0.0229 0.0822 0.9964
vn 0.0502 0.0679 0.9964
vn 0.0045 0.0284 0.9996
vn 0.1182 -0.0802 0.9897
vn 0.1333 -0.6466 0.7511
vn 0.0895 -0.6146 0.7837
vn 0.1001 -0.5614 0.8214
vn 0.0805 -0.4320 0.8983
vn 0.0405 0.0714 0.9966
vn -0.1568 -0.2051 0.9661
vn -0.0078 -0.1234 0.9923
vn -0.5106 -0.0207 0.8596
vn -0.0919 0.0012 0.9958
vn -0.0236 -0.1370 0.9903
vn -0.0085 -0.0005 1.0000
vn 0.0145 -0.0117 0.9998
vn 0.1333 0.1128 0.9846
vn 0.4473 0.1117 0.8874
vn -0.0073 0.0979 0.9952
vn 0.0827 0.0526 0.9952
vn 0.0508 0.1499 0.9874
vn 0.3568 0.1068 0.9281
vn 0.0149 -0.0154 0.9998
vn 0.0320 -0.0229 0.9992
vn 0.1178 -0.0701 0.9906
vn 0.0991 -0.1220 0.9876
vn 0.3436 -0.4196 0.8402
vn 0.0376 -0.0216 0.9991
vn -0.0091 0.0340 0.9994
vn -0.1492 -0.3744 0.9152
vn 0.0181 -0.3758 0.9265
vn -0.0026 -0.4841 0.8750
vn -0.4294 -0.1587 0.8890
vn -0.3514 -0.1347 0.9265
vn 0.0281 0.0202 0.9994
vn 0.0266 -0.0133 0.9996
vn -0.0020 -0.0056 1.0000
vn 0.0591 0.1008 0.9931
vn 0.0913 0.1160 0.9890
vn 0.0131 -0.0141 0.9998
vn 0.0382 -0.0251 0.9990
vn 0.3217 -0.4135 0.8518
vn 0.0394 0.0022 0.9992
vn 0.0916 -0.0372 0.9951
vn 0.0946 -0.0346 0.9949
vn 0.0970 -0.0386 0.9945
vn 0.0496 0.0065 0.9987
vn 0.1667 -0.5968 0.7849
vn -0.0798 -0.2875 0.9545
vn 0.1216 -0.1709 0.9778
vn 0.0156 -0.0992 0.9949
vn 0.0242 0.0017 0.9997
vn -0.3468 -0.2162 0.9127
vn -0.0142 -0.0402 0.9991
vn -0.0117 0.0017 0.9999
vn 0.0398 0.0085 0.9992
vn 0.0159 0.0098 0.9998
vn 0.3055 0.3647 0.8796
vn 0.1064 0.3224 0.9406
vn 0.0270 0.2994 0.9537
vn -0.0788 0.2098 0.9746
vn -0.0257 0.0571 0.9980
vn 0.0045 0.0226 0.9997
vn -0.0006 -0.0147 0.9999
vn 0.1582 -0.1525 0.9756
vn 0.1368 -0.6065 0.7833
vn 0.1361 -0.6055 0.7841
vn -0.0518 0.0429 0.9977
vn 0.5728 -0.1957 0.7960
vn -0.1715 -0.9637 0.2047
vn -0.1367 -0.0914 0.9864
vn 0.0212 -0.0404 0.9990
vn -0.1097 -0.0427 0.9930
vn 0.0208 -0.0829 0.9963
vn -0.0096 -0.0236 0.9997
vn -0.0081 -0.0242 0.9997
vn 0.0251 -0.0115 0.9996
vn -0.0157 0.0098 0.9998
vn 0.2448 0.0489 0.9684
vn 0.1014 0.0574 0.9932
vn 0.1510 0.2786 0.9484
vn 0.0169 -0.0239 0.9996
vn -0.0228 0.1266 0.9917
vn 0.0478 0.0771 0.9959
vn -0.0622 0.0412 0.9972
vn 0.0006 0.0256 0.9997
vn 0.0067 0.0161 0.9998
vn -0.0246 0.0165 0.9996
vn -0.0028 0.0129 0.9999
vn -0.0726 -0.1229 0.9898
vn 0.3550 -0.2164 0.9095
vn -0.0194 -0.3418 0.9396
vn 0.2688 -0.5438 0.7950
vn 0.0370 0.0016 0.9993
vn 0.2291 -0.6052 0.7624
vn 0.0310 -0.0354 0.9989
vn -0.0636 -0.1104 0.9919
vn -0.2440 -0.0310 0.9693
vn 0.0340 -0.5881 0.8081
vn -0.0486 -0.6006 0.7981
vn 0.0095 -0.2042 0.9789
vn -0.2020 -0.2624 0.9436
vn 0.0177 0.0213 0.9996
vn 0.1561 0.2505 0.9555
vn 0.1401 0.0748 0.9873
vn 0.0779 0.0912 0.9928
vn -0.0042 0.0229 0.9997
vn 0.0074 -0.0065 1.0000
vn 0.0150 -0.0042 0.9999
vn 0.1104 -0.1861 0.9763
vn 0.0312 -0.0500 0.9983
vn 0.1967 -0.5604 0.8045
vn 0.1737 -0.5472 0.8188
vn 0.0982 -0.6160 0.7816
vn -0.0352 0.0030 0.9994
vn -0.0662 0.0149 0.9977
vn -0.1154 -0.4345 0.8932
vn 0.0251 -0.0278 0.9993
vn -0.0086 -0.0283 0.9996
vn -0.0107 -0.0298 0.9995
vn -0.2423 -0.4515 0.8588
vn -0.2347 -0.5398 0.8084
vn -0.2053 -0.2573 0.9443
vn -0.2028 -0.2576 0.9447
vn 0.1189 0.0697 0.9905
vn 0.0929 0.1060 0.9900
vn 0.1187 0.1101 0.9868
vn 0.0645 0.2502 0.9661
vn 0.1145 0.0689 0.9910
vn 0.1093 0.0700 0.9915
vn 0.0415 0.1153 0.9925
vn 0.0002 -0.0030 1.0000
vn 0.0053 0.0656 0.9978
vn 0.0474 0.0141 0.9988
vn -0.2581 0.0761 0.9631
vn 0.0071 0.0178 0.9998
vn 0.0052 -0.0039 1.0000
vn 0.0155 -0.0103 0.9998
vn 0.1050 -0.2824 0.9535
vn 0.3225 -0.4083 0.8540
vn 0.1163 -0.5259 0.8426
vn -0.0389 -0.0306 0.9988
vn 0.2703 -0.6327 0.7257
vn 0.1098 -0.4828 0.8688
vn 0.0405 -0.4269 0.9034
vn -0.1183 -0.5689 0.8139
vn -0.1394 -0.3167 0.9382
vn -0.1049 -0.2362 0.9660
vn -0.2968 -0.0947 0.9502
vn -0.0136 -0.0404 0.9991
vn -0.6648 0.0365 0.7462
vn -0.0010 0.0169 0.9999
vn 0.0107 -0.0639 0.9979
vn -0.0180 -0.0092 0.9998
vn 0.0783 -0.0450 0.9959
vn -0.0223 -0.0605 0.9979
vn 0.0785 0.0766 0.9940
vn 0.1587 0.1052 0.9817
vn -0.0181 0.0071 0.9998
vn -0.0087 0.0171 0.9998
vn -0.0009 0.0271 0.9996
vn -0.0287 0.1708 0.9849
vn 0.0275 -0.0333 0.9991
vn 0.0149 -0.2222 0.9749
vn 0.1197 -0.2834 0.9515
vn 0.1892 -0.2685 0.9445
vn -0.0084 0.0328 0.9994
vn 0.0769 -0.0438 0.9961
vn -0.0451 0.1126 0.9926
vn 0.5561 -0.2948 0.7771
vn 0.2143 -0.6177 0.7566
vn 0.1887 -0.5645 0.8036
vn 0.0317 -0.5658 0.8239
vn -0.0281 -0.5231 0.8518
vn -0.1536 -0.5528 0.8191
vn -0.0508 -0.0175 0.9986
vn -0.0121 -0.0416 0.9991
vn -0.5108 -0.0623 0.8575
vn -0.3399 -0.1754 0.9240
vn -0.0953 -0.1537 0.9835
vn -0.0123 -0.1353 0.9907
vn -0.0602 -0.0440 0.9972
vn 0.0189 -0.0991 0.9949
vn 0.0219 0.0036 0.9998
vn 0.1319 0.5329 0.8358
vn 0.1328 0.0721 0.9885
vn 0.3219 -0.0510 0.9454
vn 0.1938 0.2040 0.9596
vn 0.0143 -0.0491 0.9987
vn -0.0169 0.0367 0.9992
vn 0.1099 -0.0918 0.9897
vn 0.1506 -0.3366 0.9295
vn 0.1719 -0.3457 0.9225
vn -0.0031 0.0016 1.0000
vn 0.0097 -0.0187 0.9998
vn 0.1321 -0.0361 0.9906
vn -0.0952 -0.6522 0.7520
vn -0.2059 -0.6640 0.7188
vn -0.0320 -0.1116 0.9932
vn -0.0347 -0.1113 0.9932
vn -0.2582 -0.3462 0.9019
vn -0.0228 -0.1066 0.9940
vn 0.0045 -0.0522 0.9986
vn -0.0307 -0.0904 0.9954
vn 0.0108 0.0123 0.9999
vn -0.0184 0.0072 0.9998
vn 0.1077 -0.3593 0.9270
vn -0.0955 0.0420 0.9945
vn 0.0856 0.1034 0.9909
vn 0.0236 0.0129 0.9996
vn 0.3826 -0.6647 0.6417
vn -0.0357 0.0045 0.9994
vn 0.0652 -0.5245 0.8489
vn 0.1542 -0.3153 0.9364
vn 0.0453 0.0180 0.9988
vn 0.0086 0.0096 0.9999
vn -0.0111 -0.0265 0.9996
vn -0.2888 -0.5764 0.7644
vn -0.2959 -0.5749 0.7628
vn -0.0527 -0.0581 0.9969
vn -0.3251 -0.3400 0.8825
vn -0.0936 -0.1465 0.9848
vn -0.3776 -0.4909 0.7852
vn -0.0672 -0.0600 0.9959
vn 0.0307 -0.0990 0.9946
vn 0.0049 -0.0860 0.9963
vn -0.0080 -0.2027 0.9792
vn 0.0119 0.0342 0.9993
vn 0.0029 -0.0961 0.9954
vn 0.1090 -0.0466 0.9929
vn -0.1082 0.0959 0.9895
vn 0.1847 0.2120 0.9597
vn 0.1239 0.0872 0.9885
vn -0.1347 -0.1715 0.9759
vn -0.0211 -0.0495 0.9986
vn 0.0179 0.0120 0.9998
vn 0.0113 0.0193 0.9997
vn -0.0134 0.0473 0.9988
vn 0.0140 -0.0067 0.9999
vn 0.0621 -0.1086 0.9921
vn 0.0634 -0.1092 0.9920
vn 0.3033 -0.2805 0.9107
vn 0.3517 -0.3620 0.8633
vn -0.0122 -0.6788 0.7343
vn -0.0040 -0.5194 0.8545
vn -0.2749 -0.1159 0.9545
vn -0.0187 -0.0841 0.9963
vn 0.0224 -0.0236 0.9995
vn 0.0064 -0.0710 0.9975
vn -0.2993 -0.5647 0.7691
vn -0.0561 -0.0578 0.9968
vn -0.2445 -0.3975 0.8844
vn -0.0032 -0.2938 0.9559
vn -0.3553 -0.2295 0.9061
vn -0.0533 -0.1276 0.9904
vn -0.0123 0.0112 0.9999
vn -0.0079 -0.0568 0.9984
vn 0.3164 -0.0368 0.9479
vn 0.0603 0.1032 0.9928
vn 0.0049 -0.0194 0.9998
vn 0.0705 -0.4284 0.9008
vn -0.1444 -0.1188 0.9823
vn -0.0800 -0.4073 0.9098
vn -0.0133 0.0379 0.9992
vn 0.0672 0.1095 0.9917
vn 0.0046 0.0333 0.9994
vn -0.0033 0.0052 1.0000
vn 0.1623 -0.0423 0.9858
vn 0.0010 -0.0255 0.9997
vn 0.2533 -0.4383 0.8624
vn 0.0832 -0.5299 0.8440
vn 0.0331 -0.5219 0.8524
vn 0.0019 -0.5930 0.8052
vn -0.0052 0.0370 0.9993
vn 0.0488 -0.0150 0.9987
vn -0.0630 -0.0694 0.9956
vn -0.3187 -0.5572 0.7668
vn -0.0706 -0.2687 0.9606
vn -0.3162 -0.2656 0.9108
vn -0.0421 -0.0895 0.9951
vn 0.0165 -0.0101 0.9998
vn -0.0081 -0.0567 0.9984
vn 0.0632 0.0195 0.9978
vn 0.3225 -0.1841 0.9285
vn 0.0108 -0.0404 0.9991
vn 0.0589 -0.0007 0.9983
vn 0.1455 -0.4479 0.8822
vn 0.0116 -0.2596 0.9656
vn 0.0530 0.0558 0.9970
vn -0.0173 0.0718 0.9973
vn 0.3015 -0.4926 0.8164
vn -0.0441 0.0234 0.9988
vn -0.0409 0.0211 0.9989
vn 0.0466 0.0004 0.9989
vn -0.1304 -0.0695 0.9890
vn -0.0898 -0.4568 0.8850
vn -0.1128 -0.4608 0.8803
vn -0.3261 -0.5331 0.7807
vn -0.0650 -0.0264 0.9975
vn -0.0855 -0.0334 0.9958
vn -0.2889 -0.3385 0.8955
vn -0.0134 -0.0320 0.9994
vn -0.0205 -0.0266 0.9994
vn -0.0066 -0.0484 0.9988
vn 0.0226 -0.0144 0.9996
vn 0.0235 -0.0318 0.9992
vn 0.0619 -0.0606 0.9962
vn 0.1765 -0.1894 0.9659
vn -0.0147 -0.0630 0.9979
vn 0.1408 -0.4836 0.8639
vn 0.0744 -0.2217 0.9723
vn 0.0055 -0.3982 0.9173
vn -0.2168 -0.2815 0.9348
vn -0.1943 -0.2885 0.9375
vn 0.0090 -0.2665 0.9638
vn -0.0126 0.0090 0.9999
vn 0.0297 -0.0146 0.9995
vn 0.0916 -0.0655 0.9936
vn 0.1383 -0.0574 0.9887
vn 0.2398 -0.2654 0.9338
vn 0.1334 -0.3149 0.9397
vn 0.2594 -0.4405 0.8595
vn 0.0353 -0.2406 0.9700
vn -0.2334 -0.3944 0.8888
vn -0.0084 -0.4797 0.8774
vn 0.1834 -0.3985 0.8987
vn -0.0834 -0.5325 0.8423
vn -0.0406 -0.5642 0.8247
vn -0.0681 -0.0531 0.9963
vn -0.0372 -0.0532 0.9979
vn -0.3557 -0.5222 0.7751
vn -0.0292 -0.0783 0.9965
vn -0.0110 -0.5747 0.8183
vn -0.0805 -0.4435 0.8927
vn -0.1581 -0.3756 0.9132
vn -0.0168 -0.0429 0.9989
vn 0.0156 0.0780 0.9968
vn 0.0090 -0.0198 0.9998
vn 0.0317 -0.0558 0.9979
vn 0.2386 -0.0809 0.9677
vn 0.0794 0.0022 0.9968
vn 0.0108 0.0982 0.9951
vn 0.1545 -0.4876 0.8593
vn -0.0325 -0.1463 0.9887
vn -0.1116 -0.2828 0.9527
vn -0.0503 -0.3672 0.9288
vn -0.0024 -0.2797 0.9601
vn -0.4420 0.0070 0.8970
vn -0.0398 0.0583 0.9975
vn 0.0018 -0.0166 0.9999
vn 0.0009 -0.0427 0.9991
vn 0.2406 -0.2886 0.9267
vn 0.3699 -0.4455 0.8153
vn 0.3704 -0.4455 0.8151
vn 0.2572 -0.4387 0.8610
vn 0.0517 -0.1032 0.9933
vn 0.0603 -0.3600 0.9310
vn -0.2316 -0.2253 0.9464
vn -0.2645 -0.1924 0.9450
vn -0.0599 0.0260 0.9979
vn -0.2988 0.0478 0.9531
vn -0.0154 -0.4220 0.9065
vn -0.1762 -0.3596 0.9163
vn -0.2876 -0.5290 0.7984
vn -0.0263 -0.1431 0.9894
vn 0.0750 -0.0006 0.9972
vn 0.0486 0.0809 0.9955
vn -0.1318 -0.2330 0.9635
vn -0.0020 -0.1250 0.9922
vn 0.0096 0.0026 1.0000
vn 0.0509 -0.0311 0.9982
vn 0.0632 -0.0831 0.9945
vn 0.0284 -0.2880 0.9572
vn 0.3056 -0.2735 0.9120
vn 0.0430 -0.0080 0.9990
vn -0.0195 0.0295 0.9994
vn 0.0634 -0.1320 0.9892
vn 0.0581 -0.3664 0.9287
vn -0.0188 -0.4574 0.8890
vn -0.0363 -0.3611 0.9318
vn -0.0412 -0.0462 0.9981
vn -0.3557 -0.5224 0.7750
vn -0.3376 -0.5304 0.7776
vn -0.1383 0.0283 0.9900
vn -0.0194 0.0530 0.9984
vn 0.0360 -0.0426 0.9984
vn 0.0747 -0.0027 0.9972
vn 0.1068 -0.6440 0.7575
vn -0.1347 -0.1471 0.9799
vn 0.0678 -0.1117 0.9914
vn 0.2655 -0.3217 0.9089
vn 0.0546 -0.0185 0.9983
vn 0.3039 -0.2995 0.9044
vn 0.1613 -0.2142 0.9634
vn 0.3335 -0.3027 0.8928
vn -0.1146 -0.4136 0.9032
vn 0.2166 -0.4506 0.8661
vn -0.0302 -0.4561 0.8894
vn 0.0080 -0.4909 0.8712
vn -0.2002 -0.5159 0.8329
vn -0.0416 -0.0537 0.9977
vn -0.3385 -0.5275 0.7792
vn -0.1001 0.0497 0.9937
vn -0.0987 0.0603 0.9933
vn -0.1838 -0.1177 0.9759
vn -0.0121 -0.1439 0.9895
vn 0.2001 -0.1653 0.9657
vn 0.0517 0.0636 0.9966
vn 0.1359 0.0474 0.9896
vn 0.1421 -0.1422 0.9796
vn 0.1170 -0.5535 0.8246
vn 0.1045 -0.6338 0.7664
vn -0.1034 -0.3946 0.9130
vn -0.3433 -0.2292 0.9108
vn -0.2357 -0.5438 0.8054
vn -0.4233 -0.0612 0.9039
vn -0.3434 -0.1091 0.9328
vn -0.0363 -0.1046 0.9938
vn -0.0917 -0.0566 0.9942
vn 0.0178 0.0054 0.9998
vn 0.0030 -0.0149 0.9999
vn 0.1897 -0.1320 0.9729
vn -0.0021 -0.0210 0.9998
vn 0.3507 -0.2552 0.9011
vn 0.0722 -0.4877 0.8700
vn 0.1152 -0.4098 0.9049
vn -0.1496 -0.1740 0.9733
vn -0.2525 -0.2950 0.9215
vn -0.2231 -0.3393 0.9138
vn -0.1350 -0.3802 0.9150
vn -0.2152 -0.5054 0.8356
vn -0.2006 -0.4961 0.8448
vn -0.0583 -0.0212 0.9981
vn -0.0461 -0.0168 0.9988
vn -0.4124 -0.4764 0.7765
vn -0.1121 0.0589 0.9919
vn -0.1545 -0.0986 0.9831
vn -0.1827 -0.0044 0.9832
vn -0.0373 0.0274 0.9989
vn 0.0356 -0.0842 0.9958
vn -0.0412 -0.0663 0.9969
vn 0.0227 -0.0119 0.9997
vn 0.0371 -0.0280 0.9989
vn -0.0214 0.0517 0.9984
vn -0.0036 0.0209 0.9998
vn 0.0038 -0.0145 0.9999
vn 0.1780 -0.6166 0.7669
vn -0.0412 -0.4050 0.9134
vn -0.0150 -0.4161 0.9092
vn -0.0380 -0.3318 0.9426
vn 0.0144 -0.2492 0.9684
vn -0.2977 -0.3968 0.8683
vn -0.0432 -0.0429 0.9981
vn -0.0698 -0.0568 0.9959
vn 0.0171 0.0014 0.9999
vn 0.3550 -0.4983 0.7910
vn 0.3427 -0.4972 0.7971
vn -0.0249 -0.0817 0.9963
vn 0.0677 -0.6300 0.7736
vn 0.2333 -0.6468 0.7261
vn 0.0812 -0.4756 0.8759
vn -0.0152 -0.3615 0.9322
vn -0.1599 -0.2958 0.9418
vn -0.3617 -0.6034 0.7107
vn -0.0988 0.0525 0.9937
vn -0.3037 0.0105 0.9527
vn -0.1309 0.0158 0.9913
vn 0.0175 -0.0666 0.9976
vn -0.2208 0.1162 0.9684
vn 0.0189 -0.0676 0.9975
vn 0.2403 -0.1105 0.9644
vn 0.1553 -0.3593 0.9202
vn 0.0070 -0.3325 0.9431
vn -0.1192 -0.3228 0.9389
vn -0.1754 -0.3989 0.9001
vn 0.0517 -0.0716 0.9961
vn 0.1694 -0.1991 0.9652
vn 0.0799 0.0457 0.9958
vn 0.2083 -0.0629 0.9760
vn 0.0258 -0.0213 0.9994
vn 0.3851 -0.3579 0.8507
vn 0.0379 -0.1036 0.9939
vn 0.0482 -0.4444 0.8945
vn -0.2117 -0.2738 0.9382
vn -0.3071 -0.3634 0.8796
vn -0.2743 -0.3620 0.8909
vn -0.0432 -0.0201 0.9989
vn -0.4027 -0.5832 0.7055
vn -0.0724 -0.0396 0.9966
vn -0.1190 -0.1702 0.9782
vn -0.1617 -0.1505 0.9753
vn 0.0722 -0.0592 0.9956
vn 0.0272 -0.0774 0.9966
vn -0.0157 -0.0594 0.9981
vn 0.0700 -0.0341 0.9970
vn -0.0107 -0.1853 0.9826
vn 0.1730 -0.0879 0.9810
vn -0.0376 -0.0178 0.9991
vn -0.0377 -0.3670 0.9295
vn -0.0476 -0.5888 0.8069
vn -0.2259 -0.2901 0.9300
vn -0.2844 -0.2906 0.9136
vn -0.0529 -0.1120 0.9923
vn -0.0096 -0.0931 0.9956
vn 0.0132 -0.0110 0.9999
vn 0.0917 -0.0920 0.9915
vn 0.3465 -0.2838 0.8941
vn 0.2254 -0.4813 0.8471
vn 0.3912 -0.4241 0.8167
vn 0.1410 -0.2924 0.9459
vn 0.2430 -0.3662 0.8983
vn 0.2560 -0.3912 0.8840
vn 0.0709 -0.3988 0.9143
vn 0.0548 -0.4129 0.9091
vn -0.1659 -0.1901 0.9676
vn 0.0161 -0.4929 0.8700
vn -0.2127 -0.2722 0.9384
vn -0.3904 -0.6001 0.6982
vn -0.4366 -0.5894 0.6797
vn -0.3088 -0.3903 0.8674
vn -0.2961 -0.3878 0.8729
vn -0.1723 -0.1102 0.9789
vn -0.0036 -0.1296 0.9916
vn 0.0677 -0.0391 0.9969
vn 0.1006 0.0493 0.9937
vn 0.0155 0.0400 0.9991
vn 0.2324 -0.2662 0.9355
vn -0.1286 -0.2944 0.9470
vn -0.0602 -0.3379 0.9393
vn -0.2256 -0.2860 0.9313
vn -0.2095 -0.3235 0.9227
vn -0.1577 -0.3229 0.9332
vn -0.0193 -0.0654 0.9977
vn 0.0350 -0.0093 0.9993
vn 0.0215 -0.0150 0.9997
vn 0.0528 -0.0712 0.9961
vn 0.0339 0.0239 0.9991
vn 0.0372 0.0208 0.9991
vn 0.0799 0.0415 0.9959
vn 0.4411 -0.2713 0.8554
vn 0.1202 0.0629 0.9908
vn -0.0998 -0.4323 0.8962
vn 0.1077 -0.4754 0.8732
vn -0.1176 -0.2700 0.9556
vn 0.1682 -0.4838 0.8588
vn -0.0741 -0.3874 0.9190
vn -0.2249 -0.3439 0.9117
vn -0.2296 -0.4001 0.8872
vn -0.2745 -0.3617 0.8910
vn -0.0438 -0.0486 0.9979
vn -0.0567 -0.0346 0.9978
vn -0.0067 -0.1006 0.9949
vn -0.3458 -0.3651 0.8643
vn 0.1645 -0.0440 0.9854
vn -0.0023 0.0217 0.9998
vn -0.0064 0.0549 0.9985
vn 0.0175 -0.4027 0.9152
vn -0.0671 -0.4615 0.8846
vn -0.1730 -0.4741 0.8633
vn -0.3091 -0.2078 0.9281
vn -0.2122 -0.2582 0.9425
vn -0.3659 -0.0724 0.9278
vn 0.0648 -0.2014 0.9774
vn 0.0116 -0.1940 0.9809
vn 0.1767 -0.2062 0.9624
vn 0.1807 -0.3379 0.9237
vn 0.2200 -0.5412 0.8116
vn 0.0527 -0.4155 0.9081
vn -0.1750 -0.3828 0.9071
vn -0.0578 0.0699 0.9959
vn -0.4553 -0.5713 0.6829
vn -0.3328 -0.5998 0.7276
vn -0.0301 -0.2176 0.9756
vn -0.1218 -0.1716 0.9776
vn -0.0052 -0.1365 0.9906
vn -0.0051 -0.1850 0.9827
vn 0.0067 -0.1516 0.9884
vn 0.0068 -0.1516 0.9884
vn 0.0412 -0.0290 0.9987
vn 0.2341 -0.3451 0.9089
vn 0.1075 -0.3144 0.9432
vn 0.0215 -0.3188 0.9476
vn -0.1627 -0.3053 0.9382
vn 0.1457 -0.3054 0.9410
vn 0.0403 -0.1738 0.9839
vn 0.3481 -0.4369 0.8294
vn 0.2290 -0.3564 0.9058
vn 0.0645 -0.0814 0.9946
vn 0.3039 -0.2738 0.9125
vn 0.5071 -0.3512 0.7871
vn 0.3370 -0.1942 0.9213
vn 0.3671 -0.2200 0.9038
vn -0.0467 -0.4201 0.9063
vn -0.1710 -0.3610 0.9167
vn -0.1945 -0.3837 0.9027
vn -0.2705 -0.2719 0.9235
vn -0.2891 -0.3315 0.8981
vn -0.0478 -0.1154 0.9922
vn -0.3314 -0.4279 0.8409
vn -0.4672 -0.3992 0.7889
vn -0.1192 -0.1670 0.9787
vn 0.0524 -0.1856 0.9812
vn 0.0687 -0.1864 0.9801
vn -0.0068 -0.1013 0.9948
vn 0.0395 -0.1083 0.9933
vn 0.0243 -0.0839 0.9962
vn 0.0640 -0.0186 0.9978
vn -0.3223 -0.2272 0.9190
vn -0.0057 -0.3252 0.9456
vn 0.6976 -0.6678 0.2597
vn -0.1702 -0.3694 0.9135
vn -0.2518 -0.3801 0.8900
vn -0.3536 -0.3147 0.8809
vn -0.3046 -0.2894 0.9074
vn -0.0213 -0.0998 0.9948
vn 0.0576 -0.2872 0.9561
vn 0.0333 -0.0559 0.9979
vn 0.0173 0.0081 0.9998
vn 0.2684 -0.2235 0.9370
vn 0.2458 -0.5651 0.7876
vn 0.0737 -0.3428 0.9365
vn -0.0115 -0.4912 0.8710
vn 0.1371 -0.4594 0.8776
vn 0.0648 -0.5987 0.7984
vn -0.0312 -0.3341 0.9420
vn -0.0546 -0.3397 0.9389
vn -0.2807 -0.2932 0.9139
vn -0.0041 -0.0028 1.0000
vn -0.0412 -0.0059 0.9991
vn -0.3798 -0.5626 0.7343
vn -0.3181 -0.5774 0.7519
vn -0.2516 -0.5654 0.7855
vn -0.4887 -0.4959 0.7179
vn -0.2241 -0.4115 0.8834
vn -0.0198 -0.1161 0.9930
vn -0.2069 -0.2848 0.9360
vn -0.0057 -0.1147 0.9934
vn -0.0122 -0.1149 0.9933
vn 0.1040 -0.2473 0.9633
vn -0.0280 -0.1599 0.9867
vn 0.0655 -0.0626 0.9959
vn 0.2297 -0.3491 0.9085
vn 0.1127 -0.1320 0.9848
vn -0.2314 -0.3916 0.8906
vn -0.2214 -0.2244 0.9490
vn -0.2070 -0.2367 0.9493
vn -0.2440 -0.3841 0.8905
vn 0.0381 -0.3618 0.9315
vn -0.1366 -0.2766 0.9512
vn 0.0177 -0.0976 0.9951
vn 0.2571 -0.4289 0.8660
vn 0.1456 -0.3777 0.9144
vn 0.0913 -0.4150 0.9052
vn 0.2605 -0.5219 0.8122
vn 0.0811 -0.0355 0.9961
vn 0.1258 -0.0718 0.9895
vn 0.3066 -0.2545 0.9172
vn -0.1097 -0.2642 0.9582
vn 0.0950 -0.3786 0.9207
vn -0.2436 -0.3934 0.8865
vn -0.3116 -0.2751 0.9095
vn -0.3057 -0.2283 0.9243
vn -0.1824 -0.3167 0.9308
vn -0.2524 -0.3592 0.8985
vn 0.0280 -0.0692 0.9972
vn -0.0159 -0.1169 0.9930
vn 0.1563 -0.1491 0.9764
vn 0.0557 -0.0510 0.9971
vn 0.0752 -0.0399 0.9964
vn 0.0014 -0.0021 1.0000
vn 0.1364 -0.1233 0.9829
vn 0.0213 -0.3616 0.9321
vn -0.2719 -0.2934 0.9165
vn -0.0176 -0.0401 0.9990
vn 0.0308 -0.0586 0.9978
vn 0.0704 -0.2761 0.9585
vn 0.0028 -0.3425 0.9395
vn 0.0401 -0.0379 0.9985
vn 0.2344 -0.4988 0.8344
vn 0.3142 -0.4402 0.8412
vn 0.0299 0.0160 0.9994
vn -0.0837 -0.0299 0.9960
vn -0.0920 -0.0343 0.9952
vn -0.0629 -0.3338 0.9405
vn 0.0224 -0.0241 0.9995
vn 0.0510 -0.0316 0.9982
vn -0.2704 -0.3357 0.9023
vn -0.0443 -0.2326 0.9716
vn -0.3776 -0.6203 0.6875
vn -0.1666 -0.5818 0.7961
vn -0.3294 -0.3982 0.8561
vn -0.0008 -0.1909 0.9816
vn -0.0657 -0.1555 0.9857
vn -0.0670 -0.2186 0.9735
vn -0.1320 -0.1341 0.9821
vn 0.0459 -0.0841 0.9954
vn 0.0091 -0.1564 0.9877
vn -0.0206 -0.1763 0.9841
vn 0.1646 -0.3154 0.9346
vn -0.0532 -0.1986 0.9786
vn -0.1226 -0.2455 0.9616
vn -0.2592 -0.3003 0.9179
vn -0.2955 -0.3153 0.9018
vn 0.0006 -0.2382 0.9712
vn 0.0572 -0.3364 0.9400
vn 0.1324 -0.3926 0.9101
vn 0.0763 -0.3902 0.9175
vn 0.1514 -0.4821 0.8629
vn 0.0263 -0.0441 0.9987
vn 0.4222 -0.2815 0.8617
vn 0.1874 -0.4145 0.8906
vn 0.3804 -0.4119 0.8280
vn 0.1831 -0.0525 0.9817
vn -0.0083 -0.0117 0.9999
vn 0.0224 -0.4230 0.9059
vn -0.4009 -0.5887 0.7019
vn -0.4028 -0.5885 0.7010
vn -0.1077 -0.1761 0.9785
vn -0.0504 -0.1701 0.9841
vn 0.0072 -0.4304 0.9026
vn 0.0542 -0.3586 0.9319
vn -0.0639 -0.2770 0.9587
vn -0.0342 -0.2462 0.9686
vn -0.0606 -0.2942 0.9538
vn 0.0747 -0.2828 0.9563
vn 0.1840 -0.2151 0.9591
vn -0.0168 -0.2248 0.9743
vn 0.0560 -0.2897 0.9555
vn -0.1755 -0.2322 0.9567
vn -0.0165 -0.2918 0.9563
vn -0.1068 -0.2981 0.9486
vn -0.0185 -0.2002 0.9796
vn -0.0360 -0.2124 0.9765
vn -0.2047 -0.2521 0.9458
vn -0.1686 -0.1695 0.9710
vn -0.2043 -0.1619 0.9654
vn -0.0000 -0.1122 0.9937
vn -0.0369 -0.1859 0.9819
vn 0.0546 -0.0689 0.9961
vn 0.2584 -0.4524 0.8536
vn 0.1517 -0.3558 0.9222
vn 0.0394 -0.0407 0.9984
vn 0.2912 -0.3936 0.8719
vn 0.4939 -0.4125 0.7654
vn 0.4159 -0.2426 0.8765
vn 0.2381 -0.2492 0.9387
vn 0.3645 -0.3879 0.8466
vn 0.3377 -0.3775 0.8622
vn 0.0943 -0.2721 0.9576
vn -0.0117 -0.2002 0.9797
vn 0.2998 -0.3392 0.8916
vn 0.1914 -0.2722 0.9430
vn -0.0245 -0.6040 0.7966
vn 0.3073 -0.5296 0.7906
vn -0.0213 -0.3237 0.9459
vn -0.2475 -0.2640 0.9322
vn -0.2804 -0.2535 0.9258
vn -0.1990 -0.2270 0.9533
vn -0.2525 -0.3586 0.8987
vn 0.0635 -0.0637 0.9959
vn -0.0743 -0.8378 0.5409
vn -0.2300 -0.6537 0.7210
vn -0.0110 -0.1245 0.9922
vn 0.0770 -0.1331 0.9881
vn 0.1017 -0.1109 0.9886
vn -0.1159 -0.2597 0.9587
vn 0.3363 -0.6731 0.6587
vn 0.0755 -0.0402 0.9963
vn -0.0426 -0.2736 0.9609
vn -0.2187 -0.1916 0.9568
vn -0.1615 -0.2625 0.9513
vn -0.2430 -0.3485 0.9053
vn -0.2833 -0.3355 0.8984
vn -0.1811 -0.2583 0.9489
vn -0.2227 -0.0224 0.9746
vn 0.0471 -0.1619 0.9857
vn 0.0403 -0.2459 0.9685
vn -0.0543 -0.1844 0.9814
vn 0.0137 -0.0509 0.9986
vn 0.1943 -0.3698 0.9086
vn 0.4062 -0.2395 0.8819
vn 0.2886 -0.2422 0.9263
vn 0.3066 -0.2491 0.9187
vn 0.1650 -0.3217 0.9323
vn -0.2081 -0.2936 0.9330
vn -0.1735 -0.2987 0.9385
vn -0.1262 -0.3656 0.9222
vn -0.3173 -0.2564 0.9130
vn -0.2412 -0.2916 0.9256
vn 0.0739 0.0378 0.9965
vn -0.3673 -0.6247 0.6891
vn -0.4400 -0.5906 0.6765
vn -0.0404 -0.1915 0.9807
vn -0.0332 -0.2579 0.9656
vn -0.0641 -0.2712 0.9604
vn -0.2630 -0.6362 0.7253
vn -0.2943 -0.6412 0.7087
vn -0.1139 -0.2567 0.9598
vn 0.1832 -0.4768 0.8597
vn 0.0225 -0.4615 0.8869
vn -0.2112 -0.3033 0.9292
vn 0.0741 -0.0535 0.9958
vn 0.0207 -0.2408 0.9703
vn -0.0336 -0.3243 0.9454
vn -0.1874 -0.2672 0.9453
vn -0.0359 -0.1490 0.9882
vn 0.1495 -0.4744 0.8675
vn 0.0550 -0.0389 0.9977
vn 0.3771 -0.3747 0.8470
vn 0.0014 -0.1245 0.9922
vn -0.0014 -0.3963 0.9181
vn -0.0734 -0.3649 0.9282
vn -0.2126 -0.2561 0.9430
vn -0.2998 -0.3038 0.9044
vn -0.1551 -0.2521 0.9552
vn -0.1963 -0.3685 0.9087
vn -0.1627 -0.3818 0.9098
vn 0.0849 0.0283 0.9960
vn -0.4782 -0.5276 0.7021
vn -0.0458 -0.1907 0.9806
vn -0.3240 -0.2673 0.9075
vn 0.0584 -0.4194 0.9059
vn -0.2038 -0.5071 0.8375
vn 0.4556 -0.5040 0.7338
vn 0.3403 -0.3077 0.8885
vn 0.0108 -0.0931 0.9956
vn 0.2020 -0.7528 0.6265
vn -0.4463 -0.0636 0.8926
vn -0.2188 -0.2434 0.9449
vn 0.0496 -0.0966 0.9941
vn 0.0506 -0.0964 0.9941
vn -0.1665 -0.2363 0.9573
vn -0.2059 -0.2359 0.9497
vn -0.2782 -0.3674 0.8875
vn -0.1690 -0.2714 0.9475
vn 0.1068 -0.4609 0.8810
vn 0.1422 -0.5370 0.8315
vn 0.0141 -0.0084 0.9999
vn 0.1046 -0.2059 0.9730
vn 0.2704 -0.2723 0.9234
vn 0.3666 -0.3659 0.8554
vn 0.1847 -0.4187 0.8891
vn 0.3233 -0.3736 0.8694
vn 0.1794 -0.4303 0.8847
vn 0.1549 -0.3918 0.9069
vn 0.0407 -0.3943 0.9181
vn 0.0850 -0.3691 0.9255
vn -0.1609 -0.3892 0.9070
vn 0.0997 -0.0353 0.9944
vn 0.0188 -0.0525 0.9984
vn -0.4091 -0.5804 0.7041
vn -0.0997 -0.2526 0.9624
vn 0.1351 -0.3755 0.9169
vn -0.0955 -0.4673 0.8789
vn 0.0642 -0.0741 0.9952
vn -0.0147 -0.0877 0.9960
vn -0.0235 -0.2596 0.9654
vn 0.0676 -0.0546 0.9962
vn 0.1529 -0.2467 0.9570
vn 0.1614 -0.2521 0.9542
vn -0.0073 -0.4506 0.8927
vn -0.1375 -0.4268 0.8938
vn -0.1737 -0.2539 0.9515
vn -0.3196 -0.3353 0.8862
vn -0.1837 -0.2709 0.9449
vn -0.5096 -0.2298 0.8292
vn -0.0348 -0.4580 0.8883
vn 0.0748 -0.5389 0.8391
vn 0.0479 -0.2006 0.9785
vn 0.0053 -0.0409 0.9992
vn -0.0168 -0.0081 0.9998
vn 0.0205 -0.0322 0.9993
vn -0.0404 -0.0061 0.9992
vn 0.4173 0.0302 0.9082
vn 0.3648 -0.3139 0.8766
vn 0.1477 -0.0629 0.9870
vn 0.2900 -0.4537 0.8427
vn -0.0051 -0.2865 0.9581
vn -0.2493 -0.2160 0.9440
vn -0.3563 -0.2348 0.9044
vn -0.3181 -0.2569 0.9126
vn -0.2904 -0.3221 0.9011
vn -0.1907 -0.2799 0.9409
vn -0.2380 -0.6353 0.7347
vn -0.4286 -0.5215 0.7378
vn 0.0088 -0.1246 0.9922
vn -0.0115 -0.1065 0.9942
vn -0.3397 0.0473 0.9393
vn -0.1046 -0.4430 0.8904
vn -0.1912 -0.4559 0.8693
vn 0.2708 -0.2018 0.9412
vn -0.2469 -0.2211 0.9435
vn 0.0489 -0.2044 0.9777
vn 0.1090 -0.3657 0.9243
vn -0.0592 -0.2235 0.9729
vn -0.1148 -0.5395 0.8341
vn -0.0718 -0.2245 0.9718
vn -0.0067 -0.1300 0.9915
vn 0.1171 -0.1728 0.9780
vn 0.3211 -0.1731 0.9311
vn 0.4532 -0.2962 0.8408
vn 0.3217 -0.3618 0.8750
vn 0.4690 -0.1747 0.8657
vn 0.3216 -0.2894 0.9016
vn 0.2876 -0.4553 0.8426
vn 0.1555 -0.2796 0.9474
vn 0.0095 -0.2949 0.9555
vn -0.1022 -0.3241 0.9405
vn -0.2033 -0.2559 0.9451
vn -0.1452 -0.3074 0.9404
vn 0.0648 -0.4028 0.9130
vn -0.2566 -0.3288 0.9089
vn -0.1515 -0.3041 0.9405
vn 0.0532 -0.0576 0.9969
vn -0.3584 -0.5891 0.7242
vn -0.2210 -0.6266 0.7474
vn -0.4525 -0.4429 0.7740
vn 0.0302 -0.1330 0.9907
vn -0.2286 -0.3532 0.9072
vn 0.1841 -0.4495 0.8741
vn -0.0011 -0.0747 0.9972
vn 0.0286 -0.0897 0.9956
vn -0.0608 -0.3536 0.9334
vn -0.0409 -0.3088 0.9503
vn 0.0055 -0.0152 0.9999
vn 0.3007 -0.1451 0.9426
vn -0.0344 0.0015 0.9994
vn 0.0807 -0.0919 0.9925
vn -0.1728 -0.3646 0.9150
vn -0.2193 -0.2088 0.9531
vn -0.2266 -0.2077 0.9516
vn -0.3511 -0.0743 0.9334
vn -0.1266 -0.0485 0.9908
vn -0.2000 -0.2011 0.9589
vn -0.2230 -0.1840 0.9573
vn -0.1416 -0.1865 0.9722
vn -0.2260 -0.2824 0.9323
vn 0.1645 -0.1526 0.9745
vn 0.0978 -0.2205 0.9705
vn 0.3780 -0.2768 0.8834
vn 0.4793 -0.0579 0.8757
vn 0.2658 -0.3174 0.9103
vn 0.0578 -0.3544 0.9333
vn 0.2893 -0.3457 0.8926
vn -0.0364 -0.3617 0.9316
vn 0.0053 -0.4343 0.9008
vn 0.1009 -0.4214 0.9012
vn -0.2192 -0.2132 0.9521
vn -0.2141 -0.3783 0.9006
vn -0.1379 -0.3751 0.9167
vn -0.3292 -0.4806 0.8128
vn 0.0583 -0.0671 0.9960
vn -0.2367 -0.5225 0.8191
vn 0.1212 -0.4318 0.8938
vn 0.0463 -0.3375 0.9402
vn -0.1893 -0.4230 0.8861
vn 0.0256 -0.0092 0.9996
vn 0.3263 -0.1646 0.9308
vn -0.0016 -0.0413 0.9991
vn 0.0312 -0.0483 0.9983
vn 0.0467 -0.1357 0.9896
vn -0.0661 -0.2574 0.9640
vn -0.1511 -0.3668 0.9179
vn -0.2272 -0.2163 0.9495
vn -0.0166 -0.0367 0.9992
vn 0.0763 -0.3295 0.9411
vn -0.1484 -0.5506 0.8215
vn -0.0039 -0.1163 0.9932
vn 0.2851 -0.3849 0.8778
vn 0.3585 -0.1445 0.9223
vn 0.1301 -0.4062 0.9045
vn 0.3138 -0.1901 0.9303
vn 0.1381 -0.2659 0.9541
vn 0.3242 -0.2824 0.9028
vn 0.0385 -0.3946 0.9180
vn -0.2328 -0.1867 0.9544
vn -0.2869 -0.1387 0.9479
vn -0.2147 -0.3722 0.9030
vn -0.1505 -0.2779 0.9487
vn -0.0069 -0.1298 0.9915
vn -0.4215 -0.4786 0.7702
vn 0.0590 -0.0435 0.9973
vn -0.4405 -0.4876 0.7538
vn -0.0396 -0.2511 0.9671
vn -0.3214 -0.3171 0.8923
vn -0.0057 0.0045 1.0000
vn 0.4258 -0.3794 0.8215
vn -0.1370 -0.4488 0.8831
vn -0.0587 -0.2023 0.9776
vn 0.0196 -0.1796 0.9835
vn 0.0811 -0.1522 0.9850
vn 0.1325 -0.3866 0.9127
vn 0.0227 -0.2555 0.9665
vn -0.1449 -0.3786 0.9141
vn -0.1830 -0.2240 0.9573
vn -0.2642 -0.2671 0.9267
vn -0.1264 -0.1206 0.9846
vn -0.1255 -0.2064 0.9704
vn -0.0621 -0.1993 0.9780
vn 0.1057 -0.2384 0.9654
vn 0.1200 -0.2469 0.9616
vn 0.1465 -0.5498 0.8223
vn 0.1764 -0.5613 0.8086
vn 0.1510 -0.2766 0.9490
vn 0.2183 -0.3058 0.9267
vn 0.3672 -0.1607 0.9162
vn 0.2723 -0.1374 0.9524
vn 0.5460 -0.1614 0.8221
vn 0.3946 -0.1392 0.9083
vn 0.2348 -0.2900 0.9278
vn -0.0163 -0.2002 0.9796
vn -0.0755 -0.3116 0.9472
vn -0.2242 -0.2136 0.9509
vn -0.2488 -0.1843 0.9508
vn -0.2308 -0.1900 0.9543
vn -0.2667 -0.3622 0.8931
vn -0.0922 -0.3460 0.9337
vn -0.0776 -0.3460 0.9350
vn -0.0665 -0.3978 0.9150
vn -0.3063 -0.4359 0.8463
vn -0.4230 -0.5053 0.7522
vn 0.0259 -0.3279 0.9444
vn 0.0557 -0.1183 0.9914
vn -0.2195 -0.3574 0.9078
vn -0.2332 -0.5263 0.8177
vn 0.0521 -0.0646 0.9966
vn -0.0691 -0.2326 0.9701
vn -0.0541 -0.2309 0.9715
vn -0.1366 -0.3779 0.9157
vn 0.0176 -0.1710 0.9851
vn 0.0451 -0.1746 0.9836
vn 0.1009 -0.2830 0.9538
vn 0.0217 -0.2548 0.9667
vn -0.1259 -0.2077 0.9701
vn -0.2946 -0.3510 0.8888
vn -0.1141 -0.1163 0.9866
vn -0.0306 -0.2874 0.9573
vn 0.0876 -0.1551 0.9840
vn 0.0049 -0.1100 0.9939
vn -0.0188 -0.6340 0.7731
vn 0.2726 -0.2207 0.9365
vn 0.4210 -0.3204 0.8486
vn -0.3701 -0.2232 0.9018
vn -0.0936 -0.2120 0.9728
vn -0.4280 -0.2748 0.8610
vn -0.0815 -0.4314 0.8985
vn 0.0584 -0.0432 0.9974
vn -0.3730 -0.5240 0.7657
vn -0.2831 -0.1337 0.9497
vn 0.0503 -0.1086 0.9928
vn -0.1436 -0.5319 0.8345
vn 0.4312 -0.4024 0.8075
vn -0.1614 -0.0133 0.9868
vn -0.2625 -0.0457 0.9638
vn 0.0185 -0.0607 0.9980
vn 0.0214 -0.5421 0.8400
vn -0.0231 -0.1669 0.9857
vn 0.0577 -0.2021 0.9777
vn -0.0450 -0.6750 0.7364
vn -0.2452 -0.1633 0.9556
vn -0.2778 -0.2661 0.9231
vn -0.0180 -0.2654 0.9640
vn 0.3414 -0.4843 0.8055
vn 0.4506 -0.4928 0.7444
vn -0.0068 -0.1182 0.9930
vn 0.3261 -0.2080 0.9222
vn 0.3761 -0.0531 0.9251
vn 0.2362 -0.2259 0.9451
vn 0.2881 -0.1732 0.9418
vn -0.2334 -0.2398 0.9424
vn -0.2651 -0.3652 0.8924
vn -0.0553 -0.1466 0.9876
vn -0.1981 -0.1018 0.9749
vn -0.1644 -0.0773 0.9834
vn -0.3875 -0.1680 0.9064
vn 0.0615 -0.0584 0.9964
vn 0.0613 -0.0585 0.9964
vn 0.0819 -0.1160 0.9899
vn -0.3501 -0.3473 0.8699
vn -0.0409 -0.2453 0.9686
vn -0.0689 -0.2528 0.9650
vn -0.0854 -0.2511 0.9642
vn 0.0300 -0.1583 0.9869
vn -0.0989 -0.3870 0.9167
vn -0.1173 -0.2276 0.9667
vn -0.2831 -0.2582 0.9237
vn -0.2001 -0.1672 0.9654
vn 0.1613 -0.2972 0.9411
vn 0.1355 -0.2899 0.9474
vn -0.0255 -0.0850 0.9961
vn 0.2394 -0.3111 0.9198
vn 0.4133 -0.0765 0.9074
vn 0.2290 -0.2209 0.9480
vn 0.3057 -0.2677 0.9137
vn 0.0386 -0.2232 0.9740
vn 0.1223 -0.3382 0.9331
vn -0.0925 -0.2582 0.9617
vn -0.2315 -0.1913 0.9538
vn -0.0931 -0.3285 0.9399
vn -0.3665 -0.5364 0.7602
vn -0.4067 -0.5287 0.7450
vn -0.0473 -0.1709 0.9841
vn -0.0402 -0.1753 0.9837
vn -0.0861 -0.2447 0.9658
vn 0.1159 -0.1706 0.9785
vn 0.0463 -0.1514 0.9874
vn -0.1089 -0.4613 0.8805
vn -0.2971 -0.3086 0.9036
vn -0.0136 -0.1964 0.9804
vn -0.0259 -0.1752 0.9842
vn 0.0664 -0.2055 0.9764
vn 0.4176 -0.2625 0.8699
vn 0.2478 -0.3071 0.9188
vn -0.0533 -0.3138 0.9480
vn 0.2428 -0.3645 0.8990
vn 0.0735 -0.2188 0.9730
vn -0.0769 -0.2207 0.9723
vn -0.2404 -0.1843 0.9530
vn -0.2455 -0.1938 0.9498
vn -0.0737 -0.1204 0.9900
vn -0.1982 -0.1994 0.9597
vn -0.1870 -0.2079 0.9601
vn -0.1774 -0.2069 0.9621
vn -0.2185 -0.3289 0.9187
vn 0.0507 -0.0565 0.9971
vn -0.4401 -0.4983 0.7470
vn -0.3145 -0.5189 0.7949
vn 0.0709 -0.0956 0.9929
vn 0.0471 -0.0915 0.9947
vn -0.0308 -0.1682 0.9853
vn 0.0123 -0.2139 0.9768
vn -0.0468 -0.2052 0.9776
vn 0.0336 -0.1562 0.9872
vn 0.0723 -0.0705 0.9949
vn -0.0403 -0.4612 0.8864
vn -0.0917 -0.3783 0.9211
vn -0.2199 -0.3890 0.8946
vn -0.1906 -0.3822 0.9042
vn -0.2851 -0.1784 0.9417
vn -0.2541 -0.0329 0.9666
vn -0.1577 -0.1886 0.9693
vn -0.1339 -0.1903 0.9726
vn -0.1222 -0.1822 0.9756
vn -0.0283 -0.2114 0.9770
vn 0.0922 -0.2702 0.9584
vn 0.1354 -0.2857 0.9487
vn 0.2624 -0.3911 0.8821
vn 0.4075 -0.3575 0.8404
vn 0.2130 -0.2688 0.9394
vn 0.3768 -0.3608 0.8531
vn 0.1999 -0.3031 0.9317
vn -0.0894 -0.1582 0.9834
vn -0.1350 -0.1093 0.9848
vn -0.2340 -0.1876 0.9540
vn -0.2435 -0.1951 0.9501
vn -0.2932 -0.3437 0.8921
vn -0.1577 -0.2434 0.9570
vn -0.2552 -0.2932 0.9214
vn -0.2536 -0.3640 0.8962
vn -0.1395 -0.1243 0.9824
vn -0.1553 -0.2287 0.9610
vn -0.1654 -0.1850 0.9687
vn 0.0328 -0.3127 0.9493
vn -0.0729 -0.2320 0.9700
vn 0.0189 -0.1789 0.9837
vn -0.0563 -0.2891 0.9556
vn -0.0274 -0.2988 0.9539
vn 0.0083 -0.0865 0.9962
vn -0.0423 -0.0975 0.9943
vn 0.0328 -0.2126 0.9766
vn -0.0417 -0.1590 0.9864
vn 0.0885 -0.1963 0.9765
vn 0.0320 -0.1551 0.9874
vn -0.0670 -0.4039 0.9123
vn -0.1009 -0.3762 0.9210
vn -0.0497 -0.4568 0.8882
vn -0.3005 -0.3092 0.9023
vn -0.3233 -0.1484 0.9346
vn -0.2804 -0.1783 0.9432
vn 0.0591 -0.1577 0.9857
vn 0.1849 -0.2220 0.9574
vn 0.1478 -0.3042 0.9411
vn -0.0503 -0.0934 0.9944
vn 0.2286 -0.2649 0.9368
vn 0.4256 -0.2481 0.8703
vn 0.4173 -0.1828 0.8902
vn 0.2903 -0.3896 0.8741
vn 0.1286 -0.2549 0.9584
vn 0.0743 -0.2647 0.9615
vn -0.1517 -0.3539 0.9229
vn -0.1752 -0.4368 0.8823
vn -0.2515 -0.3932 0.8844
vn 0.0498 -0.0522 0.9974
vn 0.0503 -0.0522 0.9974
vn -0.2762 -0.5442 0.7922
vn -0.2105 -0.5810 0.7862
vn -0.1564 -0.5787 0.8004
vn 0.2096 -0.5131 0.8324
vn -0.0669 -0.1853 0.9804
vn 0.0820 -0.2671 0.9602
vn 0.1701 -0.2352 0.9569
vn 0.1252 -0.5685 0.8131
vn -0.0873 -0.0955 0.9916
vn -0.3014 -0.2948 0.9068
vn -0.0282 -0.2132 0.9766
vn -0.0246 -0.1904 0.9814
vn -0.0127 -0.2815 0.9595
vn -0.0014 -0.3477 0.9376
vn 0.2093 -0.2737 0.9388
vn 0.4825 -0.2776 0.8307
vn 0.2890 -0.2578 0.9220
vn -0.0138 -0.1520 0.9883
vn -0.1898 -0.2374 0.9527
vn -0.1581 -0.2493 0.9554
vn -0.1651 -0.4276 0.8887
vn -0.2561 -0.2001 0.9457
vn -0.0633 -0.4188 0.9059
vn -0.2114 -0.3765 0.9020
vn -0.2946 -0.4825 0.8249
vn 0.0536 -0.1139 0.9920
vn 0.0576 -0.1151 0.9917
vn -0.1517 -0.3168 0.9363
vn -0.0683 -0.1855 0.9803
vn -0.0423 -0.2743 0.9607
vn -0.1034 -0.2999 0.9484
vn 0.0433 -0.1529 0.9873
vn 0.1223 -0.5639 0.8168
vn -0.1412 -0.3956 0.9075
vn -0.1117 -0.6449 0.7561
vn -0.2639 -0.2014 0.9433
vn -0.2170 -0.2178 0.9516
vn 0.1693 -0.2260 0.9593
vn 0.1725 -0.2123 0.9619
vn 0.2571 -0.1955 0.9464
vn 0.1727 -0.4320 0.8852
vn 0.2607 -0.4228 0.8679
vn -0.0566 -0.0866 0.9946
vn 0.2897 -0.1808 0.9399
vn 0.0634 -0.3730 0.9257
vn 0.3448 -0.2920 0.8921
vn 0.2929 -0.1990 0.9352
vn 0.1999 -0.3014 0.9323
vn -0.0064 -0.2127 0.9771
vn -0.1058 -0.1420 0.9842
vn -0.2070 -0.1151 0.9715
vn -0.1959 -0.1751 0.9649
vn -0.2472 -0.4059 0.8798
vn -0.7837 -0.0892 0.6147
vn 0.0315 0.1904 0.9812
vn -0.1933 -0.4520 0.8708
vn 0.0431 -0.0384 0.9983
vn -0.3273 -0.4543 0.8285
vn -0.2603 -0.3773 0.8888
vn -0.4038 -0.4109 0.8174
vn -0.0518 -0.1427 0.9884
vn -0.0053 0.2178 0.9760
vn -0.0787 -0.5531 0.8294
vn 0.4783 0.0224 0.8779
vn 0.4818 0.0202 0.8760
vn -0.1930 -0.4565 0.8685
vn 0.0007 -0.1643 0.9864
vn 0.0083 -0.1623 0.9867
vn -0.0861 -0.0478 0.9951
vn -0.0989 -0.2244 0.9695
vn 0.2819 -0.3423 0.8963
vn 0.3424 -0.3497 0.8721
vn 0.4906 -0.1425 0.8596
vn 0.2890 -0.0838 0.9536
vn 0.0930 -0.0581 0.9940
vn 0.4340 0.1250 0.8922
vn 0.1331 -0.2464 0.9600
vn -0.1267 -0.2337 0.9640
vn -0.2605 -0.1374 0.9557
vn -0.2403 -0.1416 0.9603
vn -0.2011 -0.1715 0.9644
vn -0.1253 -0.1810 0.9755
vn -0.1689 -0.2362 0.9569
vn -0.1439 -0.2881 0.9467
vn 0.2180 -0.8842 0.4132
vn -0.0892 -0.4788 0.8734
vn 0.0336 -0.0925 0.9951
vn 0.0380 -0.0814 0.9960
vn 0.0542 -0.0873 0.9947
vn 0.1229 -0.2087 0.9702
vn -0.2234 -0.3100 0.9241
vn 0.0828 -0.2733 0.9584
vn -0.0377 -0.1414 0.9892
vn 0.1861 -0.1094 0.9764
vn 0.0598 -0.7822 0.6201
vn 0.0334 -0.1488 0.9883
vn 0.6241 -0.2094 0.7528
vn -0.2695 -0.1498 0.9513
vn -0.4101 -0.4347 0.8018
vn -0.3827 -0.4250 0.8203
vn -0.2391 -0.3017 0.9229
vn -0.0419 -0.1928 0.9803
vn -0.0217 -0.1926 0.9810
vn 0.2289 -0.2089 0.9508
vn 0.2657 -0.1030 0.9585
vn 0.1602 -0.1963 0.9674
vn 0.1304 -0.1873 0.9736
vn -0.0558 -0.2315 0.9712
vn -0.1692 -0.2357 0.9570
vn -0.2473 -0.4061 0.8797
vn -0.2371 -0.4043 0.8834
vn -0.0876 -0.4394 0.8940
vn -0.2672 -0.4188 0.8679
vn -0.3342 -0.4220 0.8428
vn -0.0360 -0.1697 0.9848
vn 0.0021 -0.1591 0.9873
vn -0.1059 -0.1677 0.9801
vn -0.0227 -0.1597 0.9869
vn -0.1087 -0.1908 0.9756
vn 0.1790 -0.3482 0.9202
vn -0.0957 -0.4084 0.9078
vn 0.0006 -0.1617 0.9868
vn -0.0154 -0.1320 0.9911
vn -0.0025 -0.0571 0.9984
vn 0.1911 -0.1635 0.9679
vn -0.2672 -0.2896 0.9191
vn -0.0502 -0.3930 0.9182
vn -0.1707 -0.0799 0.9821
vn -0.2053 -0.0828 0.9752
vn -0.4364 -0.3752 0.8178
vn -0.3174 -0.2602 0.9119
vn -0.0192 -0.2277 0.9735
vn 0.1677 -0.2223 0.9604
vn 0.2778 -0.2710 0.9216
vn 0.3186 -0.2652 0.9100
vn 0.3878 -0.2694 0.8815
vn 0.2935 -0.2000 0.9348
vn -0.2127 -0.1721 0.9618
vn -0.0953 -0.2799 0.9553
vn -0.1147 -0.3056 0.9452
vn -0.1614 -0.4467 0.8800
vn -0.1989 -0.3216 0.9258
vn -0.1550 -0.3326 0.9303
vn -0.2640 -0.4757 0.8391
vn 0.0448 -0.1149 0.9924
vn -0.0038 -0.1066 0.9943
vn -0.2443 -0.4889 0.8375
vn -0.2546 -0.4679 0.8463
vn -0.4445 -0.3257 0.8345
vn 0.0526 -0.1031 0.9933
vn -0.3409 -0.6238 0.7033
vn -0.2057 -0.6083 0.7666
vn -0.0400 -0.1673 0.9851
vn 0.0093 -0.1667 0.9860
vn -0.0382 -0.3533 0.9347
vn -0.0893 -0.4230 0.9017
vn 0.5124 0.2579 0.8191
vn -0.2680 -0.2896 0.9189
vn 0.0180 -0.3609 0.9324
vn -0.2189 -0.0008 0.9758
vn -0.2168 -0.2034 0.9548
vn -0.1313 -0.1181 0.9843
vn -0.0513 -0.2262 0.9727
vn 0.1641 -0.1613 0.9732
vn 0.2639 -0.3149 0.9117
vn 0.3081 -0.2776 0.9099
vn 0.2530 -0.0737 0.9647
vn 0.1101 -0.1141 0.9873
vn 0.2295 -0.2085 0.9507
vn 0.4986 -0.2400 0.8329
vn 0.2087 -0.2023 0.9568
vn 0.0963 -0.2390 0.9662
vn -0.0242 -0.0518 0.9984
vn 0.1287 -0.1022 0.9864
vn -0.1552 -0.0140 0.9878
vn -0.0323 -0.0632 0.9975
vn -0.1972 -0.1764 0.9644
vn -0.2215 -0.3329 0.9166
vn -0.0093 -0.0673 0.9977
vn -0.0007 -0.0683 0.9977
vn 0.0394 -0.0702 0.9968
vn -0.4063 -0.3472 0.8452
vn 0.0141 -0.0697 0.9975
vn -0.0093 -0.0706 0.9975
vn -0.0717 -0.3684 0.9269
vn -0.1032 -0.3666 0.9246
vn 0.0022 -0.2672 0.9636
vn 0.1877 -0.1369 0.9727
vn -0.2420 -0.3485 0.9055
vn 0.0496 -0.3756 0.9255
vn -0.1749 -0.2438 0.9539
vn -0.2619 -0.2180 0.9402
vn -0.1120 0.0091 0.9937
vn -0.4325 -0.2983 0.8508
vn -0.3087 -0.2780 0.9096
vn -0.3248 -0.2705 0.9063
vn -0.0196 -0.1816 0.9832
vn -0.0432 -0.1737 0.9839
vn 0.1751 -0.3172 0.9321
vn 0.2537 -0.2189 0.9422
vn -0.0578 -0.0730 0.9956
vn 0.0713 -0.1897 0.9792
vn 0.1154 -0.2188 0.9689
vn 0.2363 -0.2064 0.9495
vn 0.5434 -0.2930 0.7867
vn 0.2522 -0.2226 0.9417
vn -0.0555 -0.3111 0.9488
vn -0.1136 -0.1574 0.9810
vn -0.2502 -0.1078 0.9622
vn -0.1681 -0.2198 0.9610
vn -0.1349 -0.3502 0.9269
vn -0.1641 -0.4347 0.8855
vn -0.3192 -0.4008 0.8587
vn -0.4107 -0.4152 0.8118
vn 0.0389 -0.0701 0.9968
vn -0.1387 -0.3623 0.9217
vn 0.1770 -0.2748 0.9451
vn 0.0535 -0.3263 0.9437
vn -0.1224 -0.3451 0.9305
vn -0.0375 -0.3670 0.9295
vn 0.4976 -0.0447 0.8663
vn -0.3826 -0.2182 0.8978
vn 0.0830 -0.3428 0.9357
vn -0.0651 -0.1365 0.9885
vn -0.3332 -0.1147 0.9359
vn -0.3851 -0.3366 0.8593
vn 0.1209 -0.3570 0.9263
vn 0.2814 -0.2663 0.9219
vn 0.3106 -0.2715 0.9110
vn 0.2636 -0.1106 0.9583
vn 0.1129 -0.2046 0.9723
vn 0.2297 -0.1887 0.9548
vn 0.0331 -0.1268 0.9914
vn -0.2245 -0.2918 0.9298
vn -0.0724 -0.1610 0.9843
vn -0.2326 -0.1083 0.9665
vn -0.2536 -0.1947 0.9475
vn -0.1232 -0.2024 0.9715
vn -0.1176 -0.2416 0.9632
vn 0.0062 -0.0811 0.9967
vn -0.2941 -0.4728 0.8307
vn 0.0347 -0.0641 0.9973
vn -0.1427 -0.3569 0.9232
vn 0.0075 -0.2870 0.9579
vn 0.0155 -0.1104 0.9938
vn 0.0146 -0.1100 0.9938
vn -0.0940 -0.2194 0.9711
vn -0.0046 -0.0958 0.9954
vn 0.0508 -0.2834 0.9577
vn -0.0141 -0.2257 0.9741
vn 0.4202 0.0679 0.9049
vn 0.1870 0.1674 0.9680
vn -0.2536 -0.1848 0.9495
vn 0.2663 -0.2706 0.9251
vn 0.0994 -0.2232 0.9697
vn 0.2749 -0.2704 0.9227
vn 0.3249 -0.0124 0.9457
vn -0.1088 -0.1390 0.9843
vn -0.1858 -0.0600 0.9808
vn -0.2069 -0.1351 0.9690
vn -0.1012 -0.2109 0.9723
vn -0.0917 -0.2348 0.9677
vn -0.1765 -0.2411 0.9543
vn -0.3340 -0.2805 0.8999
vn -0.1797 -0.4485 0.8755
vn 0.0108 -0.0542 0.9985
vn -0.3005 -0.4486 0.8417
vn 0.0338 -0.0880 0.9955
vn -0.1966 -0.1729 0.9651
vn 0.0004 -0.1594 0.9872
vn -0.0010 -0.1111 0.9938
vn 0.1388 -0.1561 0.9779
vn 0.2256 0.1163 0.9672
vn -0.1308 0.1141 0.9848
vn -0.0545 -0.0650 0.9964
vn -0.3582 -0.2248 0.9062
vn -0.0278 -0.1020 0.9944
vn 0.2589 -0.4033 0.8777
vn 0.2543 -0.3946 0.8830
vn 0.2155 -0.3797 0.8997
vn 0.3124 -0.3167 0.8956
vn 0.2730 -0.1450 0.9510
vn 0.5755 -0.2050 0.7917
vn 0.1700 -0.1655 0.9714
vn 0.0296 -0.1199 0.9923
vn -0.2453 -0.2264 0.9427
vn -0.0885 -0.2354 0.9679
vn -0.0086 -0.1997 0.9798
vn -0.1566 -0.2515 0.9551
vn -0.1502 -0.2949 0.9437
vn -0.1808 -0.2864 0.9409
vn -0.0846 -0.4029 0.9113
vn -0.3828 -0.4327 0.8162
vn -0.1058 -0.2130 0.9713
vn -0.0402 -0.1189 0.9921
vn 0.2640 -0.3997 0.8778
vn -0.0769 -0.2695 0.9599
vn -0.0520 -0.1498 0.9874
vn -0.0731 -0.1655 0.9835
vn -0.0182 -0.2186 0.9757
vn -0.3458 -0.3989 0.8493
vn -0.3273 -0.2345 0.9154
vn -0.2520 -0.1890 0.9491
vn -0.1677 -0.2044 0.9644
vn -0.0765 -0.0552 0.9955
vn -0.0186 -0.0718 0.9972
vn 0.2481 -0.2963 0.9223
vn 0.1054 -0.2190 0.9700
vn 0.1566 -0.2671 0.9509
vn 0.1710 -0.4259 0.8885
vn 0.1984 -0.2988 0.9335
vn 0.2752 -0.1688 0.9465
vn 0.3925 0.0068 0.9197
vn 0.0865 -0.1789 0.9801
vn -0.1419 -0.2831 0.9486
vn 0.1789 -0.3744 0.9098
vn 0.0892 -0.2381 0.9671
vn -0.1906 -0.1058 0.9759
vn -0.1561 -0.1703 0.9730
vn -0.1471 -0.2745 0.9503
vn -0.1336 -0.1952 0.9716
vn -0.0011 -0.0502 0.9987
vn -0.3237 -0.4345 0.8405
vn -0.2592 -0.4250 0.8673
vn 0.0217 -0.0795 0.9966
vn -0.2258 -0.2046 0.9525
vn 0.0873 -0.2465 0.9652
vn -0.0531 -0.2625 0.9635
vn 0.0420 -0.3158 0.9479
vn -0.0043 -0.3871 0.9220
vn -0.1705 -0.3530 0.9200
vn 0.2957 -0.4009 0.8671
vn -0.3129 -0.2333 0.9207
vn -0.0963 -0.1344 0.9862
vn 0.0705 -0.2645 0.9618
vn 0.1530 -0.3053 0.9399
vn 0.2603 -0.2994 0.9179
vn 0.1565 -0.1886 0.9695
vn 0.3593 -0.1093 0.9268
vn 0.2351 0.0059 0.9720
vn 0.1737 -0.1297 0.9762
vn -0.0505 -0.2526 0.9662
vn -0.0965 -0.1574 0.9828
vn -0.2256 -0.1399 0.9641
vn -0.2035 -0.1446 0.9683
vn 0.0108 -0.0468 0.9988
vn -0.1413 -0.2164 0.9660
vn -0.1194 -0.2221 0.9677
vn -0.1218 -0.2709 0.9549
vn -0.3830 -0.4319 0.8166
vn -0.0059 -0.0258 0.9997
vn -0.3118 -0.3789 0.8713
vn 0.0263 -0.0623 0.9977
vn 0.0024 -0.1498 0.9887
vn -0.0441 -0.1322 0.9902
vn 0.0032 -0.1876 0.9822
vn 0.1042 -0.2265 0.9684
vn 0.0026 -0.3880 0.9217
vn 0.2239 -0.5069 0.8324
vn 0.2094 -0.4092 0.8881
vn -0.0167 -0.0653 0.9977
vn -0.2815 -0.4598 0.8422
vn -0.5318 -0.4661 0.7071
vn -0.1868 -0.3325 0.9244
vn -0.4112 -0.3153 0.8553
vn -0.3344 -0.2401 0.9113
vn -0.2949 -0.2559 0.9206
vn 0.2427 -0.3993 0.8841
vn -0.0093 -0.2612 0.9652
vn 0.1045 -0.2919 0.9507
vn 0.2761 -0.3919 0.8776
vn 0.2308 -0.2018 0.9519
vn 0.3687 -0.2333 0.8998
vn 0.3451 -0.1905 0.9190
vn 0.3002 -0.1302 0.9450
vn 0.2953 -0.0100 0.9554
vn 0.1251 -0.0907 0.9880
vn 0.1574 -0.2166 0.9635
vn 0.1027 -0.1985 0.9747
vn -0.1793 -0.1080 0.9779
vn -0.1195 -0.2181 0.9686
vn -0.1398 -0.2989 0.9440
vn -0.1868 -0.2763 0.9428
vn -0.2018 -0.2305 0.9519
vn -0.2241 -0.2497 0.9420
vn -0.3675 -0.4318 0.8237
vn 0.0058 -0.0296 0.9995
vn 0.0233 -0.0487 0.9985
vn -0.1609 -0.3452 0.9246
vn -0.0156 -0.2856 0.9582
vn -0.2878 -0.0862 0.9538
vn 0.1379 -0.5255 0.8396
vn 0.0235 -0.1526 0.9880
vn -0.1371 -0.0929 0.9862
vn -0.0140 -0.0649 0.9978
vn -0.0138 -0.0312 0.9994
vn -0.1997 -0.6937 0.6921
vn -0.3362 -0.2533 0.9071
vn -0.1955 -0.4467 0.8731
vn 0.4948 -0.2306 0.8378
vn 0.0712 -0.1560 0.9852
vn 0.3738 -0.3534 0.8575
vn 0.1860 -0.2993 0.9358
vn 0.1891 -0.2879 0.9388
vn 0.2668 -0.3227 0.9081
vn -0.7463 -0.2537 0.6154
vn 0.0618 -0.2983 0.9525
vn -0.0515 -0.1594 0.9859
vn -0.0753 -0.2509 0.9651
vn -0.1298 -0.1990 0.9714
vn -0.1328 -0.1960 0.9716
vn -0.2313 -0.2466 0.9411
vn 0.0169 -0.0797 0.9967
vn -0.3116 -0.4054 0.8594
vn 0.0472 -0.0554 0.9973
vn -0.0302 -0.3276 0.9443
vn 0.4977 -0.1751 0.8495
vn 0.0112 -0.0450 0.9989
vn 0.0451 -0.1670 0.9849
vn -0.1129 -0.0933 0.9892
vn -0.0791 -0.1565 0.9845
vn 0.0584 -0.1826 0.9815
vn -0.2767 -0.3167 0.9073
vn -0.1405 -0.3939 0.9084
vn -0.0668 -0.5254 0.8482
vn -0.0192 -0.4052 0.9140
vn 0.0090 -0.1889 0.9820
vn 0.1783 -0.4103 0.8943
vn 0.1516 -0.2204 0.9636
vn 0.2119 -0.3335 0.9186
vn 0.3343 -0.1863 0.9239
vn 0.3024 -0.1378 0.9432
vn 0.2303 -0.1196 0.9658
vn 0.4138 -0.2971 0.8605
vn 0.2961 -0.3284 0.8969
vn 0.1923 -0.1381 0.9716
vn -0.0578 -0.1675 0.9842
vn -0.0859 -0.1457 0.9856
vn -0.1726 -0.2239 0.9592
vn -0.1893 -0.2087 0.9595
vn -0.3400 -0.4824 0.8073
vn -0.0165 -0.0637 0.9978
vn -0.3014 -0.4146 0.8586
vn -0.0033 -0.6004 0.7997
vn -0.0465 -0.4914 0.8697
vn 0.1353 -0.5149 0.8465
vn 0.1476 -0.2854 0.9470
vn -0.0251 -0.3343 0.9421
vn -0.0374 -0.3637 0.9308
vn 0.0041 -0.0714 0.9974
vn 0.0045 -0.0709 0.9975
vn -0.1498 -0.3953 0.9062
vn -0.0142 -0.0311 0.9994
vn -0.3378 -0.5057 0.7939
vn -0.4204 -0.4888 0.7644
vn -0.1948 -0.2981 0.9345
vn -0.1265 -0.4024 0.9067
vn 0.3004 -0.1585 0.9405
vn 0.1352 -0.1483 0.9797
vn 0.0850 -0.1699 0.9818
vn -0.1361 -0.2123 0.9677
vn -0.0878 -0.2351 0.9680
vn -0.1218 -0.1717 0.9776
vn -0.1465 -0.3184 0.9366
vn -0.1547 -0.3242 0.9333
vn -0.2729 -0.1426 0.9514
vn -0.0240 -0.0207 0.9995
vn -0.2967 -0.3434 0.8911
vn 0.0446 -0.0292 0.9986
vn -0.0173 -0.4985 0.8667
vn 0.0517 -0.6993 0.7130
vn 0.2052 -0.6673 0.7160
vn 0.0270 -0.5064 0.8619
vn -0.0102 -0.5447 0.8386
vn 0.0175 -0.4251 0.9050
vn 0.5245 -0.2070 0.8259
vn -0.0047 -0.0476 0.9989
vn -0.3292 -0.5492 0.7681
vn -0.6042 -0.4466 0.6599
vn -0.2087 -0.3908 0.8965
vn -0.3172 -0.3488 0.8819
vn 0.1206 -0.4482 0.8858
vn -0.1575 -0.1888 0.9693
vn -0.1188 -0.2228 0.9676
vn -0.0100 -0.2378 0.9713
vn -0.1057 -0.1863 0.9768
vn -0.2462 -0.3274 0.9122
vn -0.2221 -0.3763 0.8995
vn 0.0005 -0.0282 0.9996
vn -0.3140 -0.3323 0.8894
vn -0.0013 -0.1035 0.9946
vn 0.0870 -0.0176 0.9961
vn 0.0955 -0.0242 0.9951
vn 0.0229 0.0053 0.9997
vn -0.0658 -0.0158 0.9977
vn 0.4101 -0.4979 0.7641
vn 0.3852 -0.4358 0.8135
vn -0.0983 -0.4685 0.8780
vn -0.2871 -0.6770 0.6777
vn -0.1690 -0.1878 0.9676
vn -0.2757 -0.5472 0.7903
vn -0.0847 -0.3502 0.9328
vn 0.0240 -0.4693 0.8827
vn 0.3202 -0.5527 0.7694
vn -0.0582 -0.0527 0.9969
vn 0.2870 -0.3516 0.8911
vn 0.0525 -0.3531 0.9341
vn 0.2482 -0.3006 0.9209
vn 0.2049 -0.2516 0.9459
vn 0.2989 -0.2252 0.9273
vn 0.3215 -0.2292 0.9188
vn 0.2692 -0.2248 0.9365
vn 0.1225 -0.1749 0.9769
vn 0.1424 -0.0848 0.9862
vn 0.1293 -0.0788 0.9885
vn -0.0711 -0.2063 0.9759
vn -0.1118 -0.2365 0.9652
vn -0.0784 -0.2520 0.9645
vn -0.1338 -0.2726 0.9528
vn -0.1892 -0.2091 0.9594
vn -0.0867 -0.2418 0.9664
vn -0.1147 -0.2246 0.9677
vn -0.0923 -0.1895 0.9775
vn -0.1386 -0.1232 0.9826
vn -0.3199 -0.3831 0.8665
vn -0.0000 -0.0136 0.9999
vn -0.3109 -0.4216 0.8518
vn 0.0928 -0.0292 0.9953
vn 0.0320 -0.0303 0.9990
vn 0.6287 -0.3595 0.6896
vn -0.4744 -0.3131 0.8227
vn -0.0821 0.0148 0.9965
vn -0.1687 -0.4027 0.8997
vn -0.4605 -0.4563 0.7614
vn -0.5212 -0.4057 0.7508
vn -0.0242 -0.2342 0.9719
vn -0.1949 -0.6012 0.7749
vn -0.1801 -0.6262 0.7586
vn 0.2332 -0.1631 0.9586
vn 0.1992 -0.2833 0.9381
vn 0.1916 -0.2739 0.9425
vn 0.1964 -0.2132 0.9571
vn -0.2232 -0.2054 0.9529
vn -0.1854 -0.1898 0.9642
vn -0.1286 -0.0880 0.9878
vn -0.2737 0.0721 0.9591
vn 0.0329 -0.0561 0.9979
vn -0.1371 -0.1231 0.9829
vn -0.2128 -0.1198 0.9697
vn -0.1167 -0.1303 0.9846
vn -0.2568 -0.4410 0.8600
vn -0.1196 -0.4832 0.8673
vn 0.0881 -0.3651 0.9268
vn 0.0029 0.0397 0.9992
vn 0.0983 -0.0205 0.9949
vn -0.0187 -0.0792 0.9967
vn 0.0040 -0.0561 0.9984
vn 0.3754 -0.4180 0.8272
vn 0.4089 -0.4124 0.8141
vn -0.2081 -0.3239 0.9229
vn -0.2830 -0.3435 0.8955
vn 0.0131 -0.0563 0.9983
vn -0.0128 -0.0592 0.9982
vn -0.2880 -0.3949 0.8724
vn -0.2042 -0.6136 0.7628
vn -0.0984 -0.5737 0.8131
vn 0.0153 -0.4887 0.8723
vn 0.1851 -0.3132 0.9315
vn 0.1121 -0.2683 0.9568
vn -0.1281 -0.0334 0.9912
vn 0.2320 -0.1236 0.9648
vn 0.4158 -0.1774 0.8920
vn 0.2069 -0.2189 0.9535
vn -0.1261 -0.1590 0.9792
vn -0.2851 -0.1607 0.9449
vn -0.1380 -0.1161 0.9836
vn -0.1652 -0.0650 0.9841
vn 0.0131 -0.0179 0.9998
vn -0.0434 -0.7623 0.6458
vn 0.0860 -0.4041 0.9106
vn 0.5602 0.0176 0.8282
vn -0.3730 0.1703 0.9121
vn 0.1010 -0.6162 0.7811
vn 0.0182 -0.6760 0.7367
vn 0.0713 -0.0513 0.9961
vn 0.0117 -0.0537 0.9985
vn 0.0079 -0.0703 0.9975
vn -0.4895 -0.4849 0.7247
vn -0.0263 -0.2091 0.9775
vn -0.0649 -0.2369 0.9694
vn -0.1344 -0.5383 0.8320
vn -0.0125 -0.1109 0.9937
vn -0.0701 -0.0497 0.9963
vn 0.2508 -0.1829 0.9506
vn 0.1953 -0.2776 0.9406
vn 0.1149 -0.2606 0.9586
vn 0.1895 -0.2275 0.9552
vn 0.2165 -0.2340 0.9478
vn 0.2592 -0.2658 0.9285
vn 0.0864 -0.1088 0.9903
vn -0.0181 -0.1316 0.9911
vn -0.1501 -0.2409 0.9589
vn -0.2460 -0.1907 0.9503
vn 0.0631 -0.3590 0.9312
vn -0.1316 -0.1347 0.9821
vn -0.1478 -0.1222 0.9814
vn -0.0985 -0.2403 0.9657
vn -0.1846 -0.2495 0.9506
vn -0.1705 -0.0652 0.9832
vn -0.1731 -0.0399 0.9841
vn -0.1877 -0.0092 0.9822
vn -0.2690 -0.3484 0.8979
vn 0.0131 -0.0177 0.9998
vn 0.0014 0.0078 1.0000
vn -0.0108 0.0188 0.9998
vn 0.0588 -0.6292 0.7750
vn 0.0905 -0.6576 0.7479
vn -0.1661 -0.4515 0.8767
vn 0.2155 -0.2749 0.9370
vn -0.1651 -0.3326 0.9285
vn -0.2962 -0.3407 0.8923
vn -0.0161 -0.2112 0.9773
vn -0.1658 -0.1438 0.9756
vn -0.1269 -0.0290 0.9915
vn 0.2607 -0.4361 0.8613
vn 0.2133 -0.3047 0.9283
vn 0.2206 -0.3076 0.9256
vn 0.2295 -0.1360 0.9637
vn 0.3479 -0.0972 0.9325
vn 0.0582 -0.3195 0.9458
vn 0.0758 -0.1265 0.9891
vn 0.0383 -0.2054 0.9779
vn -0.1185 -0.1637 0.9794
vn -0.0736 -0.1641 0.9837
vn -0.1533 -0.2367 0.9594
vn -0.2411 -0.1958 0.9506
vn -0.1654 -0.3301 0.9294
vn -0.1145 -0.4414 0.8900
vn -0.1793 -0.2721 0.9454
vn -0.1914 -0.0101 0.9815
vn 0.0072 0.0227 0.9997
vn -0.0679 -0.0645 0.9956
vn 0.0574 -0.5610 0.8258
vn -0.0980 -0.4190 0.9027
vn -0.1206 -0.3983 0.9093
vn -0.2967 -0.3108 0.9030
vn -0.1620 -0.2407 0.9570
vn -0.3191 -0.2496 0.9143
vn -0.3954 -0.5351 0.7466
vn -0.0047 -0.1364 0.9906
vn -0.1828 -0.0776 0.9801
vn -0.1262 -0.0162 0.9919
vn 0.0569 -0.3424 0.9378
vn 0.1129 -0.4833 0.8682
vn 0.2260 -0.1326 0.9651
vn -0.1504 -0.3505 0.9244
vn -0.0536 -0.3085 0.9497
vn -0.1652 -0.2421 0.9561
vn -0.0906 -0.3810 0.9201
vn 0.0328 -0.3209 0.9465
vn -0.0728 -0.2685 0.9605
vn -0.1666 -0.1603 0.9729
vn -0.2210 -0.2497 0.9428
vn -0.0277 -0.0076 0.9996
vn 0.1021 -0.1458 0.9840
vn 0.1016 -0.6372 0.7639
vn 0.1024 -0.5934 0.7984
vn 0.1971 -0.5446 0.8152
vn -0.1298 -0.4170 0.8996
vn 0.0110 -0.0726 0.9973
vn 0.2539 0.2522 0.9338
vn -0.2891 -0.3806 0.8784
vn 0.0399 -0.0820 0.9958
vn -0.4896 -0.2036 0.8478
vn 0.0546 -0.2020 0.9779
vn 0.1161 -0.3526 0.9285
vn -0.2949 -0.2049 0.9333
vn 0.2168 -0.3861 0.8966
vn 0.1898 -0.3274 0.9256
vn 0.1780 -0.1427 0.9736
vn 0.1880 -0.0249 0.9818
vn 0.3526 -0.1437 0.9247
vn 0.2773 -0.1212 0.9531
vn 0.2061 -0.2214 0.9532
vn 0.0724 -0.1963 0.9779
vn 0.0414 -0.1976 0.9794
vn -0.1904 -0.3618 0.9126
vn -0.2627 -0.1627 0.9511
vn -0.1416 -0.2270 0.9635
vn -0.1031 -0.2618 0.9596
vn -0.2101 -0.2380 0.9483
vn -0.2012 -0.2916 0.9352
vn -0.1718 -0.1252 0.9771
vn -0.0990 -0.1718 0.9801
vn 0.0551 -0.5849 0.8092
vn 0.2719 -0.5679 0.7769
vn -0.1252 -0.5397 0.8325
vn 0.2734 -0.1460 0.9508
vn 0.3990 -0.0317 0.9164
vn 0.0829 0.2068 0.9749
vn 0.2383 0.2616 0.9353
vn 0.3279 0.0384 0.9439
vn 0.0062 -0.0670 0.9977
vn 0.0616 -0.1430 0.9878
vn -0.1995 -0.3602 0.9113
vn -0.1541 -0.5113 0.8454
vn 0.1935 -0.2347 0.9526
vn 0.1232 -0.3063 0.9439
vn 0.1802 -0.2985 0.9372
vn 0.1103 -0.2988 0.9479
vn 0.1223 -0.3016 0.9456
vn 0.3684 -0.1241 0.9214
vn 0.0204 -0.2906 0.9566
vn -0.1022 -0.1434 0.9844
vn -0.1472 -0.3533 0.9239
vn -0.1075 -0.2167 0.9703
vn -0.1937 -0.1881 0.9629
vn -0.2228 -0.2413 0.9445
vn -0.1879 -0.2828 0.9406
vn -0.1947 -0.3095 0.9307
vn -0.0687 -0.4095 0.9097
vn 0.1375 -0.4880 0.8619
vn 0.1251 -0.4986 0.8577
vn 0.0686 -0.4968 0.8652
vn 0.2834 -0.5987 0.7492
vn 0.2133 -0.4579 0.8630
vn 0.0812 -0.4802 0.8734
vn -0.1215 -0.1860 0.9750
vn -0.1715 -0.2020 0.9643
vn -0.0235 -0.2227 0.9746
vn -0.2974 -0.3206 0.8993
vn -0.2634 -0.2826 0.9224
vn -0.5153 -0.3158 0.7967
vn 0.0856 -0.1699 0.9817
vn -0.0810 -0.4986 0.8630
vn -0.0136 -0.4571 0.8893
vn 0.1578 -0.2259 0.9613
vn 0.2037 -0.2402 0.9491
vn 0.2149 -0.2363 0.9476
vn 0.1881 -0.0247 0.9818
vn 0.3707 0.0741 0.9258
vn 0.0895 -0.1758 0.9803
vn -0.1068 -0.1025 0.9890
vn -0.3036 -0.1824 0.9352
vn -0.1892 -0.2276 0.9552
vn -0.0986 -0.3069 0.9466
vn -0.0547 -0.2438 0.9683
vn -0.1659 -0.1598 0.9731
vn -0.1656 -0.1599 0.9731
vn -0.1670 -0.1592 0.9730
vn -0.2050 -0.1511 0.9670
vn -0.1920 -0.1798 0.9648
vn 0.1989 -0.2899 0.9361
vn 0.0760 -0.5361 0.8408
vn 0.1420 -0.5557 0.8192
vn 0.1014 -0.2313 0.9676
vn 0.3339 0.1558 0.9297
vn -0.3592 -0.3004 0.8836
vn -0.3225 -0.3089 0.8947
vn -0.1780 -0.3015 0.9367
vn 0.0394 -0.0806 0.9960
vn -0.4217 -0.4267 0.8000
vn -0.0049 -0.1913 0.9815
vn -0.1505 -0.3726 0.9157
vn -0.2193 -0.2848 0.9332
vn -0.1016 -0.2781 0.9552
vn -0.1200 -0.3879 0.9138
vn 0.1525 -0.1438 0.9778
vn 0.1292 -0.2746 0.9528
vn 0.1140 -0.1777 0.9775
vn 0.2519 -0.0739 0.9649
vn -0.1217 -0.1750 0.9770
vn -0.1206 -0.1757 0.9770
vn -0.0424 -0.0733 0.9964
vn -0.1639 -0.2473 0.9550
vn -0.0685 -0.2366 0.9692
vn -0.1091 -0.2739 0.9556
vn -0.1269 -0.3032 0.9444
vn -0.0188 -0.3236 0.9460
vn -0.0537 -0.3154 0.9474
vn -0.2769 -0.3764 0.8841
vn -0.3078 -0.3764 0.8738
vn 0.2674 0.0161 0.9635
vn 0.4616 -0.1499 0.8743
vn 0.0267 -0.1654 0.9859
vn 0.4980 -0.1584 0.8526
vn -0.3426 -0.2568 0.9037
vn -0.2435 -0.2423 0.9391
vn -0.4994 -0.3947 0.7713
vn 0.0090 -0.1399 0.9901
vn 0.2261 -0.1938 0.9546
vn 0.1215 -0.2430 0.9624
vn 0.0769 -0.1332 0.9881
vn 0.1853 -0.0570 0.9810
vn -0.0721 -0.3454 0.9357
vn -0.0409 -0.0809 0.9959
vn -0.0874 -0.1014 0.9910
vn -0.1531 -0.2107 0.9655
vn -0.1553 -0.2104 0.9652
vn -0.1921 -0.2785 0.9410
vn -0.0758 -0.1519 0.9855
vn -0.1609 -0.1493 0.9756
vn -0.1759 -0.2231 0.9588
vn -0.1681 -0.2121 0.9627
vn -0.1482 -0.2117 0.9660
vn 0.1046 -0.3585 0.9277
vn 0.1498 -0.3885 0.9092
vn 0.2446 -0.4541 0.8567
vn 0.0430 -0.4683 0.8825
vn -0.0015 -0.0599 0.9982
vn 0.0397 -0.2873 0.9570
vn -0.2383 -0.4173 0.8770
vn 0.0229 -0.0706 0.9972
vn -0.0941 -0.3741 0.9226
vn 0.0297 -0.1757 0.9840
vn 0.2190 -0.0922 0.9714
vn 0.2963 -0.0883 0.9510
vn 0.0830 -0.0920 0.9923
vn 0.4560 -0.3733 0.8079
vn -0.0456 -0.1051 0.9934
vn -0.1289 -0.3150 0.9403
vn -0.0841 -0.0548 0.9949
vn -0.2054 -0.2661 0.9418
vn -0.1986 -0.1136 0.9735
vn -0.1519 -0.1370 0.9788
vn -0.0235 -0.2995 0.9538
vn -0.0532 -0.1734 0.9834
vn 0.2565 -0.4038 0.8781
vn 0.1020 -0.3139 0.9440
vn 0.0637 -0.2778 0.9585
vn -0.1147 -0.3799 0.9179
vn 0.1257 -0.1087 0.9861
vn 0.4302 -0.2854 0.8564
vn -0.3355 -0.2664 0.9036
vn -0.0128 -0.2725 0.9621
vn -0.0304 -0.2583 0.9656
vn -0.2197 -0.3955 0.8918
vn 0.0317 -0.0931 0.9952
vn 0.0265 -0.0918 0.9954
vn -0.2920 -0.2864 0.9125
vn -0.4957 -0.3985 0.7717
vn -0.2477 -0.3493 0.9037
vn 0.2178 -0.2742 0.9367
vn 0.1741 -0.1626 0.9712
vn 0.0865 -0.1319 0.9875
vn 0.4388 -0.0766 0.8953
vn 0.2800 -0.0372 0.9593
vn 0.0113 -0.1472 0.9890
vn -0.1024 -0.2182 0.9705
vn -0.2728 -0.2671 0.9242
vn -0.1669 -0.2504 0.9536
vn -0.2097 -0.1939 0.9583
vn -0.0463 -0.3120 0.9489
vn 0.0925 -0.2500 0.9638
vn 0.0987 -0.2519 0.9627
vn -0.1366 -0.2696 0.9532
vn 0.0844 -0.1469 0.9855
vn -0.3313 -0.3401 0.8801
vn -0.1310 -0.2848 0.9496
vn -0.0876 -0.2998 0.9500
vn 0.0148 -0.2622 0.9649
vn 0.1878 -0.2587 0.9475
vn 0.2664 -0.2559 0.9293
vn 0.2093 -0.2643 0.9414
vn 0.0832 -0.2094 0.9743
vn 0.0182 -0.2192 0.9755
vn 0.1147 -0.1717 0.9784
vn 0.1919 -0.1598 0.9683
vn 0.1994 -0.0882 0.9759
vn -0.1440 -0.2427 0.9594
vn -0.1067 -0.0528 0.9929
vn -0.2254 -0.1440 0.9636
vn -0.1164 -0.1708 0.9784
vn 0.1565 -0.3180 0.9351
vn -0.0366 -0.2550 0.9662
vn -0.1698 -0.1508 0.9739
vn -0.2148 -0.1662 0.9624
vn -0.0833 -0.2828 0.9556
vn -0.1894 -0.2622 0.9462
vn 0.1568 -0.2341 0.9595
vn 0.1240 -0.3619 0.9240
vn 0.2437 -0.3278 0.9128
vn 0.4647 -0.1790 0.8672
vn 0.2948 -0.0591 0.9537
vn 0.3074 -0.3969 0.8649
vn 0.2992 0.0927 0.9497
vn -0.2845 -0.3624 0.8876
vn -0.4735 -0.3260 0.8182
vn -0.0050 -0.1909 0.9816
vn -0.0228 -0.2381 0.9710
vn 0.1498 -0.2224 0.9634
vn 0.0630 -0.2214 0.9732
vn 0.3420 -0.1703 0.9241
vn 0.2428 0.0365 0.9694
vn 0.1670 -0.0721 0.9833
vn 0.0118 -0.1917 0.9814
vn -0.0488 -0.2355 0.9706
vn -0.2205 -0.2513 0.9425
vn -0.1499 -0.1289 0.9803
vn -0.2093 -0.1922 0.9588
vn -0.1758 -0.1121 0.9780
vn -0.0405 -0.1441 0.9887
vn 0.0399 -0.2654 0.9633
vn 0.0802 -0.2137 0.9736
vn 0.1448 -0.2483 0.9578
vn 0.2346 -0.2811 0.9306
vn 0.1317 -0.3335 0.9335
vn 0.1051 -0.3617 0.9263
vn 0.2420 -0.4185 0.8754
vn -0.3591 -0.0480 0.9321
vn -0.3385 -0.0781 0.9377
vn -0.2490 -0.3152 0.9158
vn -0.3412 -0.3644 0.8665
vn -0.4356 -0.3839 0.8142
vn -0.1071 -0.2942 0.9497
vn 0.0333 -0.2758 0.9606
vn 0.2021 -0.2393 0.9497
vn 0.1279 -0.1537 0.9798
vn 0.1105 -0.1705 0.9791
vn 0.0512 -0.1894 0.9806
vn 0.0811 -0.2052 0.9753
vn 0.3261 -0.0348 0.9447
vn 0.2888 -0.1016 0.9520
vn -0.1260 -0.1493 0.9807
vn -0.2229 -0.3701 0.9019
vn -0.2077 -0.2480 0.9462
vn -0.2386 -0.2179 0.9464
vn -0.1451 -0.1507 0.9779
vn -0.1430 -0.1592 0.9768
vn -0.1872 -0.1116 0.9759
vn 0.2543 -0.2818 0.9252
vn 0.2816 -0.0654 0.9573
vn -0.0137 -0.0953 0.9954
vn 0.0890 -0.2206 0.9713
vn -0.0113 -0.1655 0.9861
vn -0.0117 -0.1657 0.9861
vn -0.2253 -0.3221 0.9195
vn -0.3657 -0.1995 0.9091
vn -0.0761 -0.2843 0.9557
vn 0.1581 -0.2719 0.9493
vn 0.1854 -0.1772 0.9666
vn 0.3567 -0.0486 0.9329
vn 0.1296 0.0114 0.9915
vn 0.2235 -0.2800 0.9336
vn 0.1872 -0.2612 0.9470
vn -0.2179 -0.2539 0.9424
vn -0.0516 -0.1344 0.9896
vn -0.1237 -0.1716 0.9774
vn -0.0208 -0.1569 0.9874
vn -0.1012 -0.1747 0.9794
vn -0.1860 -0.1323 0.9736
vn -0.2260 -0.1091 0.9680
vn 0.2005 -0.3760 0.9047
vn 0.1727 -0.3515 0.9201
vn 0.0915 -0.3546 0.9305
vn -0.0390 -0.3498 0.9360
vn 0.1156 -0.4278 0.8964
vn 0.0424 -0.3597 0.9321
vn -0.0989 -0.3648 0.9258
vn 0.4023 0.0461 0.9143
vn -0.0430 -0.6117 0.7899
vn -0.0383 -0.1576 0.9868
vn 0.0331 -0.1129 0.9931
vn -0.2469 -0.3505 0.9034
vn 0.2516 -0.2322 0.9396
vn 0.1612 -0.2700 0.9492
vn 0.1467 -0.2631 0.9535
vn 0.1831 -0.1465 0.9721
vn -0.0293 -0.1237 0.9919
vn 0.0017 -0.1436 0.9896
vn -0.0702 -0.1686 0.9832
vn -0.2832 -0.0463 0.9579
vn 0.9880 0.1509 0.0333
vn -0.0974 -0.1478 0.9842
vn -0.1013 -0.1763 0.9791
vn -0.2488 -0.3367 0.9081
vn 0.0080 -0.3166 0.9485
vn -0.0865 -0.1806 0.9797
vn -0.1486 -0.1732 0.9736
vn -0.1499 -0.2741 0.9499
vn -0.2018 -0.2127 0.9560
vn 0.0447 -0.3502 0.9356
vn 0.2067 -0.4287 0.8795
vn -0.1047 -0.3621 0.9262
vn 0.3257 -0.1558 0.9326
vn 0.0095 0.0673 0.9977
vn -0.3429 0.0124 0.9393
vn -0.3979 -0.2753 0.8752
vn -0.0963 -0.2386 0.9663
vn -0.0256 -0.2353 0.9716
vn -0.1769 -0.2593 0.9495
vn 0.2670 -0.1733 0.9480
vn 0.1420 -0.1759 0.9741
vn 0.3268 -0.0890 0.9409
vn 0.4138 -0.0358 0.9097
vn 0.1285 -0.0818 0.9883
vn -0.1748 -0.2611 0.9493
vn -0.0575 -0.1757 0.9828
vn -0.2057 -0.1801 0.9619
vn -0.1165 -0.0636 0.9912
vn -0.2219 -0.1950 0.9554
vn -0.2500 -0.1579 0.9553
vn -0.1321 -0.2049 0.9698
vn 0.1719 -0.2479 0.9534
vn 0.1250 -0.3183 0.9397
vn -0.0449 -0.2910 0.9557
vn 0.4873 -0.1499 0.8603
vn -0.4036 -0.2176 0.8887
vn -0.5023 -0.2050 0.8400
vn -0.2267 -0.3099 0.9234
vn -0.3760 -0.2895 0.8802
vn 0.0294 -0.1219 0.9921
vn 0.0381 -0.1294 0.9909
vn -0.2723 -0.3184 0.9080
vn -0.0690 -0.3426 0.9369
vn 0.1461 -0.1801 0.9727
vn 0.0830 -0.2103 0.9741
vn -0.1107 -0.1500 0.9825
vn 0.0699 -0.4379 0.8963
vn -0.1079 -0.0366 0.9935
vn -0.2290 -0.1879 0.9551
vn 0.0525 -0.1831 0.9817
vn -0.2355 -0.1757 0.9559
vn -0.1170 -0.1817 0.9764
vn -0.1306 -0.2729 0.9531
vn 0.0342 -0.3770 0.9256
vn -0.1282 -0.2968 0.9463
vn 0.5282 -0.1880 0.8281
vn -0.0386 -0.1807 0.9828
vn -0.0204 -0.1831 0.9829
vn -0.0698 -0.1409 0.9876
vn -0.0200 -0.2108 0.9773
vn -0.1169 -0.2082 0.9711
vn -0.2130 -0.3218 0.9225
vn -0.0410 -0.2633 0.9638
vn -0.1335 -0.3572 0.9244
vn 0.0338 -0.2899 0.9565
vn 0.2007 -0.3091 0.9296
vn 0.1147 -0.1812 0.9767
vn 0.1063 -0.1732 0.9791
vn 0.0639 -0.1682 0.9837
vn 0.0458 -0.1931 0.9801
vn 0.2605 0.0247 0.9652
vn 0.3775 0.0483 0.9247
vn 0.1644 0.0229 0.9861
vn -0.0807 -0.1083 0.9908
vn -0.0948 -0.1635 0.9820
vn -0.1564 -0.2039 0.9664
vn -0.1349 -0.2039 0.9697
vn -0.1943 -0.1461 0.9700
vn -0.1564 -0.2113 0.9648
vn -0.0818 -0.2607 0.9619
vn -0.1145 -0.3853 0.9157
vn 0.0399 -0.3914 0.9193
vn 0.0811 -0.3594 0.9297
vn 0.0409 -0.3670 0.9293
vn -0.1592 -0.3790 0.9116
vn 0.0253 -0.3577 0.9335
vn 0.0586 -0.0757 0.9954
vn 0.0660 -0.1148 0.9912
vn 0.4678 -0.0773 0.8805
vn -0.2649 -0.1586 0.9511
vn -0.3633 -0.4028 0.8401
vn -0.0623 -0.1981 0.9782
vn -0.1458 -0.1755 0.9736
vn -0.0341 -0.1211 0.9921
vn 0.1559 -0.1460 0.9769
vn 0.1470 -0.0761 0.9862
vn 0.2115 -0.0707 0.9748
vn 0.1013 -0.2024 0.9740
vn 0.3706 0.0520 0.9274
vn 0.1709 0.0068 0.9853
vn -0.0054 -0.1155 0.9933
vn -0.3087 -0.2783 0.9096
vn -0.0674 -0.0976 0.9929
vn -0.1688 -0.0793 0.9825
vn 0.1965 -0.3053 0.9318
vn 0.2362 -0.2948 0.9259
vn 0.1554 -0.2721 0.9496
vn -0.0661 -0.2739 0.9595
vn 0.0269 -0.3119 0.9497
vn 0.3241 -0.1579 0.9327
vn 0.2935 -0.1182 0.9486
vn 0.1640 -0.1798 0.9699
vn 0.0541 -0.1429 0.9883
vn -0.0594 -0.2004 0.9779
vn -0.1498 -0.2764 0.9493
vn 0.0464 -0.0927 0.9946
vn 0.1463 -0.0755 0.9864
vn 0.2749 -0.1235 0.9535
vn -0.0548 -0.1343 0.9894
vn -0.0603 -0.1648 0.9845
vn -0.2142 -0.2447 0.9456
vn -0.0411 -0.1106 0.9930
vn -0.1239 -0.1374 0.9827
vn -0.1633 -0.1185 0.9794
vn -0.1504 -0.1448 0.9780
vn -0.1476 -0.1217 0.9815
vn -0.1467 -0.1971 0.9693
vn 0.0583 -0.2773 0.9590
vn -0.0965 -0.2695 0.9582
vn -0.0255 -0.3297 0.9437
vn 0.1904 -0.3028 0.9339
vn 0.1201 -0.3001 0.9463
vn 0.1163 -0.2998 0.9469
vn 0.2049 -0.3640 0.9086
vn 0.4746 0.0555 0.8785
vn -0.5977 0.0117 0.8017
vn -0.4074 -0.2296 0.8839
vn 0.0382 -0.2043 0.9782
vn -0.1333 -0.1735 0.9758
vn -0.1412 -0.1715 0.9750
vn 0.0376 -0.1343 0.9902
vn -0.2522 -0.2364 0.9383
vn -0.0518 -0.2973 0.9534
vn 0.0412 -0.2810 0.9588
vn 0.1393 -0.1916 0.9715
vn 0.1365 -0.1635 0.9771
vn 0.2121 -0.0185 0.9771
vn 0.0175 -0.0624 0.9979
vn -0.0198 -0.1371 0.9904
vn -0.1036 -0.1443 0.9841
vn -0.0712 -0.1968 0.9778
vn -0.1768 -0.1200 0.9769
vn -0.2353 -0.1201 0.9645
vn -0.1474 -0.2067 0.9672
vn -0.1374 -0.2099 0.9680
vn 0.0081 -0.3965 0.9180
vn 0.0687 -0.3451 0.9360
vn 0.1517 -0.2631 0.9528
vn 0.2505 -0.3203 0.9136
vn -0.3880 0.1759 0.9047
vn -0.0770 -0.1227 0.9895
vn 0.0392 -0.2039 0.9782
vn 0.2846 -0.5133 0.8096
vn -0.2950 -0.4315 0.8525
vn -0.4393 -0.3218 0.8387
vn -0.3047 -0.3365 0.8910
vn -0.1282 -0.2284 0.9651
vn 0.0159 -0.1674 0.9858
vn 0.0026 -0.2418 0.9703
vn 0.1859 -0.0470 0.9814
vn 0.2710 -0.0275 0.9622
vn 0.3966 -0.0682 0.9155
vn 0.1454 -0.1191 0.9822
vn -0.1068 -0.1888 0.9762
vn -0.0913 -0.1980 0.9759
vn -0.2114 -0.2161 0.9532
vn -0.2207 -0.3794 0.8985
vn -0.0439 -0.1247 0.9912
vn -0.1899 -0.1376 0.9721
vn -0.1450 -0.2504 0.9572
vn 0.1107 -0.3122 0.9435
vn 0.1346 -0.4487 0.8835
vn -0.1145 -0.4324 0.8944
vn 0.2737 0.0723 0.9591
vn 0.4706 0.0656 0.8799
vn 0.0023 0.3663 0.9305
vn -0.1909 -0.1319 0.9727
vn 0.0187 -0.1246 0.9920
vn 0.0849 -0.0323 0.9959
vn 0.1463 -0.0429 0.9883
vn 0.0999 -0.1052 0.9894
vn 0.0962 -0.1087 0.9894
vn 0.1660 -0.1511 0.9745
vn 0.0541 -0.2133 0.9755
vn 0.2131 -0.2439 0.9461
vn 0.1933 -0.0399 0.9803
vn -0.0966 -0.2457 0.9645
vn -0.1664 -0.2678 0.9490
vn -0.2183 -0.3354 0.9165
vn -0.1505 -0.1477 0.9775
vn 0.1312 -0.2915 0.9475
vn -0.1180 -0.4660 0.8769
vn -0.0741 -0.5169 0.8528
vn 0.1794 -0.2493 0.9517
vn 0.3841 -0.0961 0.9183
vn -0.1138 -0.2580 0.9594
vn -0.4474 -0.3197 0.8352
vn 0.0513 -0.1428 0.9884
vn -0.0458 -0.4531 0.8903
vn -0.1712 -0.1862 0.9675
vn 0.0138 -0.1318 0.9912
vn 0.0750 -0.1766 0.9814
vn 0.2077 -0.1308 0.9694
vn 0.0895 -0.1562 0.9837
vn 0.1509 -0.1331 0.9795
vn 0.4254 -0.1006 0.8994
vn 0.2685 -0.0721 0.9606
vn 0.0614 -0.0745 0.9953
vn 0.1991 -0.0390 0.9792
vn 0.0136 -0.0732 0.9972
vn -0.0718 -0.1041 0.9920
vn -0.1148 -0.2323 0.9659
vn -0.2562 -0.3042 0.9175
vn -0.0817 -0.0363 0.9960
vn -0.1898 -0.1272 0.9736
vn -0.1211 -0.1830 0.9756
vn -0.1490 -0.1594 0.9759
vn -0.0110 -0.1705 0.9853
vn -0.0304 -0.3312 0.9431
vn 0.0740 -0.3318 0.9404
vn 0.2142 -0.4057 0.8886
vn 0.1836 -0.4034 0.8964
vn 0.0475 -0.4048 0.9132
vn 0.2570 -0.0081 0.9664
vn 0.2113 -0.5125 0.8323
vn -0.0975 -0.3527 0.9306
vn -0.2971 -0.3971 0.8684
vn -0.3263 -0.3053 0.8946
vn -0.2279 -0.2232 0.9478
vn -0.2345 -0.2116 0.9488
vn 0.1853 -0.0828 0.9792
vn 0.0233 -0.0766 0.9968
vn 0.0180 -0.0742 0.9971
vn -0.0100 -0.0377 0.9992
vn -0.1752 -0.1089 0.9785
vn -0.0603 -0.3148 0.9472
vn 0.0271 -0.3070 0.9513
vn 0.0233 -0.3045 0.9522
vn -0.0251 -0.3348 0.9420
vn 0.0069 -0.3474 0.9377
vn 0.2077 -0.3311 0.9205
vn 0.2580 -0.3143 0.9136
vn 0.0903 -0.3096 0.9466
vn -0.0066 -0.0969 0.9953
vn 0.3936 -0.1215 0.9112
vn -0.2219 -0.5094 0.8314
vn 0.0259 -0.1752 0.9842
vn 0.2285 -0.2211 0.9481
vn 0.0522 -0.1167 0.9918
vn -0.1421 -0.0829 0.9864
vn 0.0284 -0.1284 0.9913
vn 0.0750 -0.1765 0.9814
vn 0.0291 -0.0870 0.9958
vn 0.1052 -0.0780 0.9914
vn 0.1676 -0.1411 0.9757
vn 0.0899 -0.1971 0.9763
vn 0.1419 -0.1231 0.9822
vn 0.3266 -0.1955 0.9247
vn 0.2987 -0.0693 0.9518
vn -0.0301 -0.1031 0.9942
vn -0.0812 -0.0900 0.9926
vn -0.0974 -0.0920 0.9910
vn -0.1843 -0.0634 0.9808
vn -0.2714 -0.2856 0.9191
vn -0.1987 -0.1178 0.9730
vn -0.1706 -0.1174 0.9783
vn 0.1276 -0.6094 0.7825
vn 0.0003 -0.2248 0.9744
vn 0.0064 -0.2265 0.9740
vn 0.0797 -0.2715 0.9591
vn -0.0858 -0.2562 0.9628
vn -0.0144 -0.0986 0.9950
vn 0.3322 0.0246 0.9429
vn 0.3775 -0.0839 0.9222
vn 0.1107 0.1086 0.9879
vn 0.5104 0.0433 0.8589
vn 0.2392 0.3234 0.9155
vn 0.0272 -0.2021 0.9790
vn -0.2406 -0.5048 0.8290
vn 0.2248 -0.1513 0.9626
vn -0.2751 -0.2563 0.9266
vn -0.4650 -0.2719 0.8425
vn -0.4374 -0.2821 0.8539
vn -0.2373 -0.0797 0.9682
vn -0.0885 -0.2142 0.9728
vn 0.0264 -0.1261 0.9917
vn 0.1117 -0.1082 0.9878
vn 0.1631 -0.0712 0.9840
vn 0.2192 -0.0574 0.9740
vn 0.0063 -0.0676 0.9977
vn -0.0562 -0.1104 0.9923
vn -0.2181 -0.1231 0.9681
vn -0.1736 -0.0817 0.9814
vn -0.2599 -0.0900 0.9614
vn -0.0588 -0.2869 0.9562
vn -0.1709 -0.1181 0.9782
vn -0.1422 -0.1876 0.9719
vn -0.1026 -0.3540 0.9296
vn 0.0119 -0.2240 0.9745
vn -0.0711 -0.2190 0.9731
vn -0.0112 -0.2750 0.9614
vn 0.0901 -0.3097 0.9465
vn 0.0431 -0.2938 0.9549
vn 0.2798 -0.1199 0.9525
vn -0.2615 -0.1793 0.9484
vn 0.0604 -0.0787 0.9951
vn 0.3320 -0.0688 0.9408
vn 0.0739 -0.0558 0.9957
vn -0.2045 -0.2513 0.9461
vn -0.2696 -0.1989 0.9422
vn -0.0100 -0.0378 0.9992
vn -0.1632 -0.1172 0.9796
vn -0.0236 -0.1818 0.9831
vn 0.0062 -0.2507 0.9681
vn 0.0553 -0.3138 0.9479
vn 0.0933 -0.2457 0.9648
vn 0.3253 -0.4605 0.8259
vn -0.0175 -0.0962 0.9952
vn 0.0441 -0.1154 0.9923
vn -0.0781 -0.2644 0.9612
vn 0.2781 -0.1139 0.9538
vn 0.3071 -0.1177 0.9444
vn 0.3860 -0.0902 0.9181
vn -0.0141 -0.1623 0.9866
vn -0.2644 -0.2760 0.9241
vn 0.0651 -0.1267 0.9898
vn -0.4397 -0.2736 0.8554
vn 0.0271 -0.1126 0.9933
vn 0.0652 -0.0750 0.9951
vn 0.0414 -0.0733 0.9964
vn 0.1180 -0.1162 0.9862
vn 0.2300 -0.0702 0.9707
vn 0.1746 -0.1413 0.9745
vn 0.1165 -0.1745 0.9777
vn 0.0874 -0.1937 0.9772
vn 0.0310 -0.1695 0.9850
vn 0.1430 -0.1151 0.9830
vn 0.2323 -0.0263 0.9723
vn 0.2365 -0.0280 0.9712
vn -0.0781 -0.1175 0.9900
vn -0.1571 -0.2177 0.9633
vn -0.1377 -0.0999 0.9854
vn -0.1368 -0.0985 0.9857
vn -0.0620 -0.0906 0.9940
vn 0.0627 -0.2738 0.9597
vn 0.0901 -0.3114 0.9460
vn 0.4219 0.0866 0.9025
vn -0.1633 -0.3939 0.9045
vn 0.0021 -0.4650 0.8853
vn -0.0753 -0.1470 0.9863
vn 0.1577 -0.1247 0.9796
vn 0.2776 -0.0238 0.9604
vn 0.3064 0.2826 0.9090
vn -0.0810 -0.0935 0.9923
vn -0.2638 -0.1627 0.9507
vn -0.1070 -0.1595 0.9814
vn -0.1671 -0.2308 0.9585
vn -0.2140 -0.2205 0.9516
vn -0.2120 -0.1583 0.9644
vn -0.1808 -0.1044 0.9780
vn -0.1672 -0.0816 0.9825
vn -0.0580 -0.0996 0.9933
vn -0.0372 -0.2299 0.9725
vn 0.0133 -0.2492 0.9684
vn 0.0356 -0.2808 0.9591
vn 0.0821 -0.2793 0.9567
vn 0.3244 -0.2897 0.9005
vn 0.0811 -0.0318 0.9962
vn 0.1152 -0.2805 0.9529
vn 0.0474 -0.1294 0.9905
vn 0.3981 0.0957 0.9124
vn 0.2331 -0.0722 0.9698
vn -0.2478 -0.1177 0.9616
vn -0.2590 -0.1612 0.9523
vn -0.4366 -0.2666 0.8593
vn -0.1414 -0.1732 0.9747
vn -0.0691 -0.0457 0.9966
vn 0.2277 -0.0888 0.9697
vn 0.2077 -0.2283 0.9512
vn -0.1358 -0.0238 0.9905
vn -0.1824 -0.1562 0.9707
vn 0.0346 -0.1878 0.9816
vn 0.0906 -0.2354 0.9677
vn 0.1775 -0.2917 0.9399
vn 0.1399 -0.3043 0.9422
vn 0.0463 -0.2356 0.9708
vn -0.0792 -0.2662 0.9607
vn 0.5396 -0.0801 0.8381
vn 0.1554 0.2269 0.9614
vn -0.3867 -0.1867 0.9031
vn -0.1812 -0.1275 0.9751
vn -0.4084 -0.2880 0.8662
vn 0.0481 -0.0832 0.9954
vn 0.1181 -0.1148 0.9863
vn 0.1988 -0.2425 0.9496
vn 0.1177 -0.1776 0.9770
vn 0.1324 -0.1912 0.9726
vn -0.0664 -0.0510 0.9965
vn -0.1352 -0.0948 0.9863
vn -0.0655 -0.0551 0.9963
vn -0.1401 -0.0197 0.9899
vn -0.0738 -0.0426 0.9964
vn -0.1341 -0.0319 0.9905
vn -0.0676 -0.1907 0.9793
vn 0.0314 -0.1586 0.9868
vn 0.0657 -0.1847 0.9806
vn 0.0557 -0.1847 0.9812
vn 0.0625 -0.2366 0.9696
vn 0.2009 -0.3789 0.9034
vn 0.1629 -0.3549 0.9206
vn 0.0040 -0.2339 0.9722
vn 0.0469 -0.2360 0.9706
vn 0.0464 -0.1407 0.9890
vn 0.4148 -0.3819 0.8259
vn 0.2766 -0.0735 0.9582
vn 0.2331 -0.0720 0.9698
vn 0.3869 -0.1563 0.9088
vn 0.3489 -0.1648 0.9225
vn -0.1125 -0.1575 0.9811
vn 0.2387 -0.1549 0.9586
vn -0.0779 -0.1313 0.9883
vn -0.2035 -0.1932 0.9598
vn 0.0677 -0.1123 0.9914
vn -0.4317 -0.2804 0.8574
vn -0.4306 -0.2806 0.8578
vn -0.0707 -0.1487 0.9863
vn -0.1248 -0.1506 0.9807
vn 0.1184 -0.1147 0.9863
vn 0.1903 -0.1128 0.9752
vn 0.2193 -0.0695 0.9732
vn 0.2685 -0.1292 0.9546
vn 0.0884 -0.0615 0.9942
vn 0.3081 -0.0658 0.9491
vn 0.0062 -0.0777 0.9970
vn -0.0403 -0.0455 0.9982
vn -0.1467 -0.0295 0.9887
vn -0.1999 -0.2005 0.9591
vn -0.2114 -0.2091 0.9548
vn 0.0001 -0.1048 0.9945
vn -0.0237 -0.1360 0.9904
vn 0.0512 -0.2283 0.9722
vn 0.0614 -0.0995 0.9931
vn 0.0825 -0.1096 0.9905
vn 0.0908 -0.0818 0.9925
vn 0.1266 -0.2476 0.9606
vn 0.1469 -0.0782 0.9861
vn 0.0040 -0.1869 0.9824
vn 0.4015 -0.3215 0.8576
vn 0.0238 -0.0810 0.9964
vn -0.3133 -0.1405 0.9392
vn -0.0677 -0.0273 0.9973
vn -0.2149 -0.1035 0.9711
vn -0.1523 -0.3954 0.9058
vn 0.0935 -0.0928 0.9913
vn 0.1886 -0.1702 0.9672
vn 0.2381 -0.3888 0.8901
vn 0.1254 -0.4321 0.8931
vn -0.0922 -0.2558 0.9623
vn 0.3123 -0.1268 0.9415
vn 0.0960 0.0833 0.9919
vn 0.2682 -0.2150 0.9391
vn 0.4161 0.0946 0.9044
vn -0.0416 -0.1349 0.9900
vn -0.1221 -0.1691 0.9780
vn -0.3983 -0.3722 0.8384
vn -0.0450 -0.2566 0.9655
vn -0.0150 -0.1313 0.9912
vn 0.0633 -0.1339 0.9890
vn 0.0429 -0.1420 0.9889
vn 0.2174 -0.0789 0.9729
vn 0.2062 -0.0757 0.9756
vn 0.0200 -0.1203 0.9925
vn 0.2515 -0.1999 0.9470
vn 0.2769 -0.1305 0.9520
vn 0.2414 -0.0417 0.9695
vn 0.0088 -0.0762 0.9971
vn -0.0804 -0.0305 0.9963
vn -0.2737 -0.1408 0.9514
vn -0.1106 -0.0231 0.9936
vn -0.2717 -0.1007 0.9571
vn -0.1199 -0.1474 0.9818
vn 0.0112 -0.1172 0.9930
vn 0.0661 -0.1878 0.9800
vn 0.0446 -0.1512 0.9875
vn 0.1454 -0.2473 0.9580
vn 0.0321 -0.2052 0.9782
vn 0.2368 -0.1778 0.9551
vn -0.0048 -0.2710 0.9626
vn -0.0069 -0.2707 0.9626
vn 0.0457 -0.2234 0.9737
vn -0.0281 -0.1876 0.9818
vn 0.2469 -0.0837 0.9654
vn 0.1487 -0.1664 0.9748
vn -0.0192 -0.1846 0.9826
vn -0.4073 -0.2697 0.8726
vn -0.4119 -0.2679 0.8710
vn -0.4122 -0.3656 0.8345
vn 0.2225 -0.1856 0.9571
vn 0.0980 -0.0562 0.9936
vn -0.1389 -0.0286 0.9899
vn -0.1335 -0.0776 0.9880
vn -0.1565 -0.0749 0.9848
vn -0.0713 -0.2618 0.9625
vn 0.2195 -0.1631 0.9619
vn 0.0622 -0.2026 0.9773
vn 0.0542 -0.2168 0.9747
vn 0.0881 -0.0911 0.9919
vn 0.2254 -0.1345 0.9649
vn 0.2429 -0.0263 0.9697
vn 0.4157 0.0961 0.9044
vn -0.3871 -0.1845 0.9034
vn -0.1710 -0.0673 0.9830
vn -0.1019 -0.1057 0.9892
vn -0.2085 -0.1832 0.9607
vn -0.1902 -0.1859 0.9640
vn 0.0820 -0.1089 0.9907
vn -0.1823 -0.1975 0.9632
vn -0.0258 -0.1150 0.9930
vn 0.0965 -0.1526 0.9836
vn 0.2036 -0.1901 0.9604
vn 0.2935 -0.1541 0.9435
vn 0.0088 -0.2064 0.9784
vn 0.1818 -0.0001 0.9833
vn -0.1536 0.0236 0.9879
vn -0.1049 -0.0615 0.9926
vn -0.2891 0.2499 0.9241
vn -0.0294 -0.1551 0.9875
vn -0.0095 -0.2111 0.9774
vn -0.0412 -0.1983 0.9793
vn 0.2386 0.1470 0.9599
vn -0.1076 -0.3001 0.9478
vn -0.1507 -0.1664 0.9745
vn 0.1332 -0.1882 0.9731
vn 0.0849 -0.2005 0.9760
vn 0.0424 -0.2671 0.9627
vn 0.1646 -0.1602 0.9733
vn 0.2405 -0.0708 0.9681
vn -0.0400 -0.0579 0.9975
vn -0.1094 -0.0316 0.9935
vn -0.1825 -0.0468 0.9821
vn -0.0248 -0.1762 0.9840
vn 0.0841 -0.2026 0.9756
vn 0.1650 -0.2969 0.9405
vn 0.2602 -0.2838 0.9229
vn 0.1247 -0.1306 0.9836
vn 0.0229 -0.1094 0.9937
vn -0.0410 -0.2608 0.9645
vn 0.0189 -0.2800 0.9598
vn 0.0745 0.1085 0.9913
vn 0.2703 -0.1134 0.9561
vn 0.2207 0.1844 0.9577
vn 0.3117 0.2064 0.9275
vn -0.4004 -0.1800 0.8985
vn -0.4081 -0.2934 0.8645
vn 0.0713 -0.1055 0.9919
vn -0.1870 -0.2316 0.9547
vn -0.4217 -0.3024 0.8548
vn -0.4242 -0.3010 0.8541
vn -0.0510 -0.1741 0.9834
vn -0.1120 -0.1570 0.9812
vn 0.0268 -0.2407 0.9702
vn 0.0977 -0.1518 0.9836
vn 0.1951 -0.0424 0.9799
vn 0.0977 -0.1244 0.9874
vn 0.0929 -0.1218 0.9882
vn 0.0074 -0.0143 0.9999
vn -0.0809 -0.0273 0.9963
vn -0.1911 -0.0229 0.9813
vn -0.1165 0.0004 0.9932
vn -0.1791 -0.1107 0.9776
vn -0.1201 -0.1225 0.9852
vn -0.0287 -0.1547 0.9875
vn 0.0203 -0.1535 0.9879
vn 0.0196 -0.1561 0.9875
vn 0.1363 -0.3210 0.9372
vn 0.0166 -0.0517 0.9985
vn 0.2372 -0.3018 0.9234
vn 0.2153 -0.3561 0.9093
vn -0.0169 -0.2410 0.9704
vn 0.2477 -0.1337 0.9596
vn 0.1611 -0.1007 0.9818
vn 0.2370 -0.1152 0.9647
vn -0.1780 -0.2261 0.9577
vn -0.0398 -0.1963 0.9797
vn -0.1328 -0.2181 0.9668
vn 0.0734 -0.1510 0.9858
vn 0.0913 -0.0747 0.9930
vn 0.1783 -0.0995 0.9789
vn 0.2571 -0.0870 0.9625
vn 0.1659 -0.0655 0.9840
vn 0.1885 -0.2082 0.9598
vn 0.2945 -0.0803 0.9523
vn 0.0355 -0.0631 0.9974
vn -0.1076 -0.0472 0.9931
vn -0.2130 -0.0169 0.9769
vn -0.2557 0.0316 0.9662
vn -0.1366 -0.0223 0.9904
vn 0.0219 -0.0345 0.9992
vn 0.0448 -0.0585 0.9973
vn 0.1164 -0.2146 0.9697
vn 0.2060 -0.2297 0.9512
vn 0.2232 -0.2422 0.9442
vn 0.0152 -0.2694 0.9629
vn 0.0003 -0.2415 0.9704
vn 0.3291 0.1995 0.9230
vn -0.3735 -0.2113 0.9032
vn -0.1939 -0.1800 0.9644
vn -0.3398 -0.3145 0.8863
vn -0.4245 -0.3021 0.8536
vn 0.0467 -0.1549 0.9868
vn 0.1200 -0.0602 0.9909
vn 0.0277 -0.1549 0.9875
vn 0.1598 -0.1872 0.9692
vn -0.0123 -0.0489 0.9987
vn -0.0662 -0.0321 0.9973
vn -0.0823 -0.0290 0.9962
vn -0.0828 -0.0142 0.9965
vn -0.1240 -0.0226 0.9920
vn -0.1134 -0.1305 0.9849
vn 0.0295 -0.2197 0.9751
vn 0.0734 -0.2686 0.9605
vn 0.2460 -0.2617 0.9333
vn 0.1328 -0.2938 0.9466
vn 0.2157 -0.3531 0.9104
vn -0.0260 -0.2654 0.9638
vn 0.2570 -0.1587 0.9533
vn 0.2555 -0.0932 0.9623
vn 0.1035 -0.0809 0.9913
vn 0.2878 -0.1331 0.9484
vn 0.3185 -0.1564 0.9349
vn 0.1441 -0.0680 0.9872
vn 0.0056 -0.0687 0.9976
vn -0.0142 -0.0482 0.9987
vn 0.2361 -0.2634 0.9354
vn 0.1167 -0.0618 0.9912
vn 0.2488 -0.1856 0.9506
vn -0.0156 -0.2112 0.9773
vn 0.1216 -0.3012 0.9458
vn 0.0057 -0.2866 0.9580
vn 0.1976 -0.1584 0.9674
vn 0.2123 -0.1862 0.9593
vn -0.2568 0.0054 0.9664
vn -0.3450 -0.2409 0.9071
vn -0.1142 -0.1738 0.9781
vn 0.0862 -0.1112 0.9901
vn 0.0406 -0.1385 0.9895
vn 0.0998 -0.1353 0.9858
vn 0.0559 -0.0560 0.9969
vn 0.2667 -0.0300 0.9633
vn 0.1285 -0.2006 0.9712
vn 0.0444 -0.0514 0.9977
vn -0.1088 -0.0160 0.9939
vn -0.1190 -0.0318 0.9924
vn -0.1809 -0.0101 0.9835
vn 0.1164 -0.1597 0.9803
vn 0.4140 -0.0790 0.9068
vn 0.1858 -0.1520 0.9708
vn -0.2507 0.0387 0.9673
vn -0.1323 -0.2187 0.9668
vn -0.2026 -0.1991 0.9588
vn -0.2001 -0.1983 0.9595
vn -0.2260 -0.1824 0.9569
vn -0.3358 -0.2433 0.9100
vn 0.0680 -0.0953 0.9931
vn 0.0813 -0.1026 0.9914
vn -0.4274 -0.2988 0.8532
vn -0.3470 -0.3147 0.8835
vn -0.1484 -0.1740 0.9735
vn 0.1021 -0.0619 0.9929
vn 0.1230 -0.0655 0.9902
vn 0.1568 -0.0309 0.9871
vn 0.0636 -0.0485 0.9968
vn -0.0492 -0.0062 0.9988
vn -0.1604 -0.0545 0.9856
vn 0.0281 -0.2230 0.9744
vn 0.1044 -0.2314 0.9672
vn 0.2347 -0.2227 0.9462
vn 0.3105 -0.3937 0.8652
vn 0.0865 -0.1321 0.9875
vn -0.1133 -0.0427 0.9926
vn 0.1186 -0.2730 0.9547
vn -0.0379 -0.3225 0.9458
vn 0.2340 -0.1886 0.9538
vn 0.1622 -0.0777 0.9837
vn 0.1852 -0.1520 0.9709
vn -0.0613 -0.2252 0.9724
vn 0.0581 -0.1079 0.9925
vn 0.3093 -0.1116 0.9444
vn 0.2692 -0.0153 0.9630
vn 0.1536 -0.0275 0.9877
vn 0.0908 -0.2146 0.9725
vn -0.0417 -0.0547 0.9976
vn -0.0620 -0.0791 0.9949
vn -0.1436 -0.0293 0.9892
vn -0.0905 -0.0351 0.9953
vn -0.1083 -0.0957 0.9895
vn -0.0506 -0.0656 0.9966
vn 0.1228 -0.2423 0.9624
vn 0.2340 -0.2230 0.9463
vn 0.1188 -0.0614 0.9910
vn 0.1299 -0.1655 0.9776
vn 0.1524 -0.3126 0.9376
vn 0.2170 -0.1164 0.9692
vn 0.1368 -0.0727 0.9879
vn -0.0506 -0.2157 0.9751
vn -0.0990 -0.2038 0.9740
vn 0.0753 -0.0929 0.9928
vn 0.0740 -0.0923 0.9930
vn 0.2775 -0.0674 0.9584
vn 0.1500 -0.1284 0.9803
vn 0.0929 -0.0399 0.9949
vn 0.0714 -0.0393 0.9967
vn -0.2406 -0.0141 0.9705
vn -0.0063 -0.1045 0.9945
vn 0.0340 -0.1714 0.9846
vn 0.0238 -0.1725 0.9847
vn 0.0597 -0.1309 0.9896
vn 0.1253 -0.2145 0.9686
vn 0.3638 -0.3759 0.8523
vn 0.1489 -0.2772 0.9492
vn -0.0810 0.1980 0.9768
vn -0.0672 -0.0358 0.9971
vn 0.0870 -0.0626 0.9942
vn -0.4230 -0.1543 0.8929
vn -0.2741 -0.2396 0.9314
vn -0.2074 -0.2789 0.9376
vn -0.3739 -0.2470 0.8939
vn 0.0577 -0.0781 0.9953
vn 0.0374 -0.1084 0.9934
vn 0.2455 -0.0344 0.9688
vn 0.0890 0.0041 0.9960
vn 0.1832 -0.0317 0.9826
vn 0.1074 -0.0632 0.9922
vn -0.0250 -0.0645 0.9976
vn -0.1158 -0.1043 0.9878
vn -0.0753 -0.1288 0.9888
vn -0.1345 -0.1456 0.9802
vn -0.1602 -0.0896 0.9830
vn -0.1528 0.0464 0.9872
vn 0.1060 -0.0324 0.9938
vn 0.1015 -0.2473 0.9636
vn -0.0246 -0.0727 0.9970
vn 0.2296 -0.2038 0.9517
vn 0.1738 -0.1139 0.9782
vn 0.1312 -0.0834 0.9878
vn 0.1511 0.0145 0.9884
vn -0.1416 -0.1773 0.9739
vn -0.3434 -0.2797 0.8966
vn -0.3935 -0.2383 0.8879
vn -0.1644 -0.2265 0.9600
vn -0.0707 -0.1311 0.9888
vn -0.0032 -0.1649 0.9863
vn 0.0916 -0.0768 0.9928
vn 0.1120 -0.0760 0.9908
vn 0.2421 -0.0472 0.9691
vn 0.2036 0.0050 0.9790
vn 0.2095 -0.1294 0.9692
vn 0.0934 -0.0369 0.9949
vn -0.1395 -0.1225 0.9826
vn -0.1283 -0.1451 0.9811
vn -0.2112 -0.0270 0.9771
vn -0.2077 0.0188 0.9780
vn -0.0645 -0.0137 0.9978
vn -0.0041 -0.0818 0.9966
vn -0.0030 -0.0816 0.9967
vn 0.0469 -0.1321 0.9901
vn 0.1100 -0.2425 0.9639
vn -0.0247 -0.0307 0.9992
vn 0.0443 -0.0867 0.9952
vn -0.0055 -0.0347 0.9994
vn -0.2075 -0.1923 0.9592
vn -0.3167 -0.2987 0.9003
vn 0.1138 -0.0424 0.9926
vn 0.1864 0.0164 0.9823
vn 0.1230 -0.0163 0.9923
vn -0.0664 -0.1495 0.9865
vn 0.1243 -0.2745 0.9535
vn 0.2927 -0.3137 0.9033
vn -0.0210 -0.3691 0.9292
vn 0.1249 -0.2026 0.9713
vn 0.2271 -0.1866 0.9558
vn 0.1602 -0.1261 0.9790
vn 0.1012 -0.1142 0.9883
vn -0.0289 0.1608 0.9866
vn -0.2126 -0.2871 0.9340
vn 0.0701 -0.0866 0.9938
vn 0.0410 -0.1121 0.9928
vn -0.1187 -0.1828 0.9760
vn -0.0707 -0.2053 0.9761
vn -0.1559 0.0282 0.9874
vn 0.0348 -0.0946 0.9949
vn 0.3714 -0.5219 0.7680
vn 0.2847 -0.1722 0.9430
vn 0.5140 -0.1460 0.8453
vn 0.2247 -0.1795 0.9578
vn 0.1519 -0.1215 0.9809
vn 0.0850 0.0001 0.9964
vn -0.0821 -0.2681 0.9599
vn -0.1184 -0.2608 0.9581
vn -0.1396 -0.1880 0.9722
vn -0.3168 -0.3024 0.8990
vn 0.0726 -0.0717 0.9948
vn -0.0921 -0.2296 0.9689
vn -0.0050 -0.1234 0.9924
vn 0.0988 -0.0608 0.9932
vn 0.2065 -0.0855 0.9747
vn 0.0761 -0.0837 0.9936
vn -0.0334 -0.0397 0.9987
vn -0.2080 0.0041 0.9781
vn -0.1410 -0.1243 0.9822
vn -0.0985 -0.1251 0.9872
vn -0.1318 -0.1364 0.9818
vn 0.1053 -0.1822 0.9776
vn 0.0870 -0.1833 0.9792
vn 0.2985 -0.3056 0.9042
vn 0.0905 -0.0017 0.9959
vn 0.0953 -0.1198 0.9882
vn -0.2890 -0.2178 0.9322
vn -0.1416 -0.1879 0.9719
vn -0.3948 -0.2908 0.8715
vn -0.1652 -0.2211 0.9612
vn 0.0219 -0.1243 0.9920
vn 0.1845 -0.0148 0.9827
vn 0.1062 -0.0616 0.9924
vn 0.1198 -0.0712 0.9902
vn 0.0113 -0.0412 0.9991
vn 0.0338 -0.0382 0.9987
vn 0.0050 -0.0297 0.9995
vn -0.1046 -0.0119 0.9944
vn -0.1543 0.0316 0.9875
vn -0.2033 0.0606 0.9772
vn -0.1085 -0.1340 0.9850
vn 0.0410 -0.1223 0.9916
vn 0.1095 -0.1823 0.9771
vn 0.0963 -0.1731 0.9802
vn 0.0507 -0.1588 0.9860
vn 0.1933 -0.2683 0.9437
vn 0.0812 -0.0161 0.9966
vn 0.2031 -0.2495 0.9468
vn 0.0254 -0.0336 0.9991
vn 0.0093 -0.0666 0.9977
vn 0.0020 -0.0276 0.9996
vn 0.2161 -0.1873 0.9582
vn 0.0955 -0.1192 0.9883
vn -0.0152 -0.0540 0.9984
vn -0.2301 -0.2399 0.9431
vn -0.3512 -0.3388 0.8728
vn -0.3318 -0.3373 0.8810
vn -0.0660 -0.1016 0.9926
vn 0.1235 -0.0072 0.9923
vn -0.1390 -0.1262 0.9822
vn -0.0346 -0.1502 0.9881
vn -0.0470 -0.1803 0.9825
vn -0.0630 -0.1801 0.9816
vn 0.0086 -0.1067 0.9943
vn 0.1891 -0.1395 0.9720
vn 0.1586 -0.1125 0.9809
vn -0.0210 0.0286 0.9994
vn 0.2862 -0.3417 0.8952
vn 0.2736 -0.3386 0.9003
vn 0.1595 -0.1150 0.9805
vn 0.1419 -0.1190 0.9827
vn -0.0324 -0.0238 0.9992
vn 0.5492 -0.0946 0.8303
vn 0.1685 -0.1056 0.9800
vn 0.1818 -0.0622 0.9814
vn 0.1521 -0.1225 0.9807
vn 0.0810 -0.0274 0.9963
vn 0.0354 -0.1335 0.9904
vn 0.0776 -0.0813 0.9937
vn 0.0522 -0.0731 0.9960
vn 0.1902 0.0038 0.9817
vn 0.2032 0.0081 0.9791
vn 0.1858 0.0135 0.9825
vn 0.2055 0.0093 0.9786
vn -0.0330 -0.0255 0.9991
vn -0.1096 -0.0248 0.9937
vn -0.1403 -0.0569 0.9885
vn -0.1800 -0.0003 0.9837
vn 0.1101 -0.0595 0.9921
vn 0.1847 -0.0860 0.9790
vn 0.0517 -0.0920 0.9944
vn 0.1679 -0.2807 0.9450
vn 0.0375 -0.0240 0.9990
vn 0.0273 -0.2274 0.9734
vn 0.1489 -0.3718 0.9163
vn 0.0353 -0.2749 0.9608
vn 0.5690 -0.1205 0.8135
vn 0.4360 -0.0366 0.8992
vn 0.0316 -0.0699 0.9971
vn -0.3303 -0.3534 0.8752
vn 0.0651 -0.0754 0.9950
vn 0.2033 -0.0641 0.9770
vn 0.2341 -0.0257 0.9719
vn 0.1842 0.0130 0.9828
vn 0.1493 -0.0574 0.9871
vn -0.1336 -0.0758 0.9881
vn -0.1875 -0.0547 0.9807
vn -0.1391 -0.0969 0.9855
vn 0.0315 -0.1591 0.9868
vn 0.4762 -0.5457 0.6895
vn 0.2212 -0.4667 0.8563
vn 0.0319 -0.0220 0.9992
vn 0.0600 -0.2796 0.9582
vn -0.0822 -0.2373 0.9680
vn 0.2507 -0.1045 0.9624
vn 0.1317 -0.1081 0.9854
vn -0.0029 -0.1452 0.9894
vn 0.0445 -0.0793 0.9959
vn -0.0321 -0.0850 0.9959
vn -0.2660 -0.3796 0.8861
vn -0.2703 -0.3798 0.8847
vn 0.0649 -0.0699 0.9954
vn 0.0340 -0.1523 0.9878
vn 0.1466 -0.0184 0.9890
vn 0.0065 -0.0863 0.9963
vn 0.0230 -0.0547 0.9982
vn -0.0129 -0.0491 0.9987
vn -0.1568 -0.0270 0.9873
vn -0.0722 -0.1640 0.9838
vn -0.0119 -0.1895 0.9818
vn 0.0663 -0.0845 0.9942
vn 0.0333 -0.0217 0.9992
vn 0.0594 -0.5149 0.8552
vn 0.0396 -0.1560 0.9870
vn 0.1515 -0.0802 0.9852
vn 0.0872 -0.0241 0.9959
vn 0.1640 -0.0810 0.9831
vn 0.0199 -0.1036 0.9944
vn -0.2774 -0.3636 0.8893
vn -0.2324 -0.3813 0.8948
vn -0.3370 -0.4220 0.8416
vn -0.2943 -0.3853 0.8746
vn -0.2676 -0.3816 0.8848
vn -0.0542 -0.2217 0.9736
vn 0.0615 -0.1536 0.9862
vn 0.0012 -0.0872 0.9962
vn 0.1015 -0.1258 0.9868
vn 0.2007 0.0226 0.9794
vn 0.1491 -0.0452 0.9878
vn 0.1245 -0.0146 0.9921
vn -0.1747 -0.0224 0.9844
vn -0.1305 -0.1137 0.9849
vn -0.1230 -0.0906 0.9883
vn -0.0603 -0.1560 0.9859
vn -0.0651 -0.1537 0.9860
vn -0.0056 -0.2038 0.9790
vn -0.0119 -0.1350 0.9908
vn 0.0263 -0.1295 0.9912
vn 0.0565 -0.0594 0.9966
vn 0.1989 -0.1944 0.9605
vn 0.2305 -0.2411 0.9427
vn 0.2654 -0.4192 0.8682
vn 0.0249 -0.2289 0.9731
vn 0.0016 -0.1259 0.9920
vn 0.0848 -0.0231 0.9961
vn -0.1097 -0.2923 0.9500
vn -0.3712 -0.4124 0.8319
vn -0.0585 -0.2257 0.9725
vn 0.1855 -0.0029 0.9826
vn 0.1024 -0.0340 0.9942
vn 0.0633 0.0062 0.9980
vn 0.0112 -0.0859 0.9962
vn -0.0798 -0.0993 0.9919
vn -0.1215 -0.0278 0.9922
vn -0.1351 -0.0852 0.9872
vn -0.1330 -0.0886 0.9872
vn 0.2361 -0.2201 0.9465
vn 0.0357 -0.0657 0.9972
vn 0.1545 -0.1149 0.9813
vn -0.0019 -0.1620 0.9868
vn 0.0290 -0.1569 0.9872
vn 0.4391 -0.0574 0.8966
vn 0.2749 -0.1706 0.9462
vn 0.0766 -0.0340 0.9965
vn -0.0569 -0.0295 0.9979
vn 0.0852 -0.0400 0.9956
vn -0.1481 -0.3668 0.9184
vn -0.2982 -0.3596 0.8842
vn 0.1294 -0.1364 0.9822
vn 0.2196 -0.0324 0.9751
vn -0.0056 -0.0883 0.9961
vn -0.0366 -0.0719 0.9967
vn -0.3139 0.0184 0.9493
vn -0.0578 -0.2055 0.9770
vn -0.0844 -0.1724 0.9814
vn -0.0583 -0.1806 0.9818
vn -0.0083 -0.0899 0.9959
vn 0.0171 -0.0984 0.9950
vn 0.1676 -0.2302 0.9586
vn 0.1481 -0.0833 0.9855
vn 0.4725 -0.4744 0.7428
vn 0.0615 -0.2079 0.9762
vn -0.0267 0.0465 0.9986
vn 0.4240 -0.0378 0.9049
vn 0.1490 -0.1177 0.9818
vn 0.0163 -0.0959 0.9953
vn 0.0555 -0.0602 0.9966
vn 0.0536 -0.0604 0.9967
vn -0.2943 -0.4523 0.8419
vn -0.0525 -0.2219 0.9737
vn 0.0557 -0.0475 0.9973
vn 0.1822 -0.0543 0.9818
vn 0.1947 -0.1555 0.9685
vn 0.1629 -0.0141 0.9865
vn 0.1780 0.0378 0.9833
vn 0.2087 0.0268 0.9776
vn -0.1358 -0.0856 0.9870
vn -0.0625 -0.2656 0.9620
vn 0.3616 -0.4153 0.8347
vn 0.1601 -0.1099 0.9810
vn 0.0379 -0.0084 0.9992
vn 0.2659 -0.4040 0.8753
vn -0.0134 -0.0926 0.9956
vn 0.1532 -0.0758 0.9853
vn -0.2416 -0.3639 0.8996
vn -0.1531 -0.2120 0.9652
vn -0.3919 -0.3683 0.8431
vn -0.2983 -0.3681 0.8806
vn -0.2254 -0.4783 0.8488
vn 0.1628 -0.0147 0.9866
vn 0.2034 0.0351 0.9785
vn 0.1805 0.1335 0.9745
vn 0.2055 0.1025 0.9733
vn 0.1007 0.0643 0.9928
vn 0.0750 -0.0886 0.9932
vn 0.0103 -0.0457 0.9989
vn 0.0256 -0.0656 0.9975
vn -0.1004 -0.1514 0.9834
vn -0.0867 -0.0777 0.9932
vn -0.1962 -0.0427 0.9796
vn -0.1442 -0.1552 0.9773
vn -0.0485 -0.2123 0.9760
vn -0.0541 -0.2035 0.9776
vn 0.1714 -0.4016 0.8996
vn 0.0559 -0.1319 0.9897
vn 0.0512 -0.2145 0.9754
vn 0.2646 -0.3252 0.9079
vn 0.0182 -0.0037 0.9998
vn 0.2934 -0.4163 0.8606
vn 0.0513 -0.0811 0.9954
vn 0.1394 -0.1375 0.9806
vn -0.0970 -0.1080 0.9894
vn 0.0887 -0.0459 0.9950
vn 0.4487 0.0393 0.8928
vn 0.1584 -0.0896 0.9833
vn 0.0854 -0.0561 0.9948
vn 0.1334 -0.0421 0.9902
vn -0.0601 -0.0338 0.9976
vn 0.0197 -0.0655 0.9977
vn -0.2443 -0.3634 0.8990
vn -0.2232 -0.1631 0.9610
vn 0.0509 -0.0582 0.9970
vn 0.0436 -0.0586 0.9973
vn -0.2636 -0.3197 0.9101
vn -0.1668 -0.3834 0.9084
vn -0.0373 -0.3738 0.9268
vn 0.1750 -0.0088 0.9845
vn 0.0740 0.0945 0.9928
vn 0.1956 0.1711 0.9657
vn 0.1875 -0.0743 0.9795
vn -0.0401 -0.0279 0.9988
vn -0.2255 -0.1692 0.9594
vn -0.1912 -0.1644 0.9677
vn -0.0686 -0.1176 0.9907
vn -0.1217 -0.2552 0.9592
vn 0.0695 -0.3162 0.9461
vn 0.1445 -0.2290 0.9626
vn 0.2005 -0.2835 0.9378
vn 0.4842 -0.2580 0.8361
vn 0.1360 -0.0900 0.9866
vn 0.0574 -0.1208 0.9910
vn 0.1279 -0.0578 0.9901
vn 0.0997 -0.0648 0.9929
vn 0.0456 -0.0437 0.9980
vn 0.0519 -0.1040 0.9932
vn 0.0855 -0.0812 0.9930
vn -0.0026 -0.2362 0.9717
vn 0.0680 -0.1793 0.9814
vn 0.0684 -0.1795 0.9814
vn 0.1277 0.0824 0.9884
vn 0.0542 -0.0511 0.9972
vn 0.0104 -0.0222 0.9997
vn -0.0551 -0.1383 0.9889
vn -0.0188 -0.1158 0.9931
vn 0.3491 -0.4622 0.8152
vn 0.1833 -0.1632 0.9694
vn 0.3034 -0.2484 0.9199
vn -0.0112 -0.1667 0.9859
vn 0.3534 -0.0412 0.9346
vn 0.1408 -0.0771 0.9870
vn 0.4810 -0.0983 0.8712
vn 0.0422 -0.0485 0.9979
vn -0.2549 -0.3190 0.9128
vn -0.2252 -0.3326 0.9158
vn -0.1229 -0.3044 0.9446
vn -0.0131 -0.2284 0.9735
vn 0.2178 -0.0220 0.9757
vn -0.0333 -0.0514 0.9981
vn -0.1136 -0.1172 0.9866
vn -0.1388 -0.1650 0.9765
vn -0.0988 -0.1557 0.9828
vn -0.0655 -0.2260 0.9719
vn -0.1266 -0.1906 0.9735
vn -0.0388 -0.1891 0.9812
vn -0.0598 -0.2616 0.9633
vn -0.0060 -0.3505 0.9365
vn 0.0185 0.0130 0.9997
vn 0.1248 -0.1144 0.9856
vn 0.0878 -0.0379 0.9954
vn -0.2653 -0.3092 0.9132
vn -0.2079 -0.3219 0.9237
vn -0.2962 -0.3819 0.8755
vn 0.0502 -0.0221 0.9985
vn -0.1024 -0.4393 0.8925
vn -0.0353 -0.4181 0.9077
vn 0.0623 -0.1491 0.9869
vn -0.0026 -0.0769 0.9970
vn 0.0833 -0.1144 0.9899
vn 0.2110 0.0781 0.9744
vn 0.1905 0.0829 0.9782
vn 0.2520 -0.0107 0.9677
vn -0.0342 -0.0017 0.9994
vn -0.0721 -0.0943 0.9929
vn -0.0834 -0.0156 0.9964
vn -0.1191 -0.2335 0.9650
vn -0.1134 -0.0635 0.9915
vn -0.0475 -0.1900 0.9806
vn -0.0080 -0.3785 0.9256
vn 0.4192 -0.1654 0.8927
vn 0.1323 -0.3177 0.9389
vn 0.1536 -0.3358 0.9293
vn 0.3160 -0.5505 0.7727
vn 0.2876 -0.3442 0.8938
vn -0.0023 -0.1187 0.9929
vn 0.0149 -0.1139 0.9934
vn -0.0138 -0.0422 0.9990
vn 0.3599 -0.0198 0.9328
vn 0.2405 0.0346 0.9700
vn -0.0357 -0.0817 0.9960
vn 0.0695 0.0062 0.9976
vn 0.0513 -0.0522 0.9973
vn -0.2289 -0.3306 0.9156
vn -0.3231 -0.3833 0.8653
vn 0.0656 -0.0303 0.9974
vn -0.0892 -0.2807 0.9557
vn 0.1909 0.0481 0.9804
vn 0.1489 0.0832 0.9853
vn 0.1712 0.0429 0.9843
vn 0.1863 0.0323 0.9820
vn 0.1885 0.0321 0.9815
vn 0.1048 0.0138 0.9944
vn 0.0706 -0.0015 0.9975
vn 0.0076 -0.0288 0.9996
vn -0.0109 -0.0425 0.9990
vn 0.0648 -0.1068 0.9922
vn -0.0742 -0.1062 0.9916
vn -0.1934 -0.2371 0.9521
vn -0.0675 -0.3348 0.9399
vn -0.1094 -0.3601 0.9265
vn -0.1203 -0.3105 0.9429
vn -0.0877 -0.4222 0.9023
vn 0.0013 -0.3910 0.9204
vn -0.0191 -0.1137 0.9933
vn -0.0228 -0.1080 0.9939
vn 0.2441 -0.5322 0.8107
vn 0.1080 -0.0912 0.9900
vn 0.1428 -0.0007 0.9898
vn 0.1894 0.1580 0.9691
vn 0.1422 -0.0694 0.9874
vn -0.0216 -0.0570 0.9981
vn 0.0683 -0.1010 0.9925
vn -0.2302 -0.2336 0.9447
vn -0.0835 -0.1279 0.9883
vn 0.0096 -0.2558 0.9667
vn 0.0177 0.0157 0.9997
vn 0.2549 -0.0236 0.9667
vn -0.0607 -0.1364 0.9888
vn -0.0808 -0.1261 0.9887
vn -0.1050 -0.0867 0.9907
vn -0.1203 -0.3104 0.9429
vn -0.0677 -0.2324 0.9703
vn -0.0363 -0.3317 0.9427
vn -0.0614 -0.1186 0.9910
vn -0.0787 -0.0901 0.9928
vn 0.2386 -0.3448 0.9078
vn 0.2570 -0.3456 0.9025
vn 0.0764 -0.0692 0.9947
vn 0.0853 -0.0369 0.9957
vn 0.1659 0.0098 0.9861
vn -0.0863 0.0693 0.9939
vn 0.0625 -0.0790 0.9949
vn -0.3538 -0.3259 0.8767
vn 0.0753 -0.0467 0.9961
vn -0.1855 -0.2235 0.9569
vn 0.0010 -0.1440 0.9896
vn 0.1809 0.0909 0.9793
vn 0.0765 -0.0064 0.9970
vn -0.1761 -0.0093 0.9843
vn -0.0874 0.0085 0.9961
vn -0.0923 -0.0012 0.9957
vn -0.1191 -0.2343 0.9648
vn -0.0351 -0.0927 0.9951
vn -0.0128 -0.1354 0.9907
vn -0.2765 -0.0642 0.9589
vn -0.0012 -0.2044 0.9789
vn -0.0686 -0.1167 0.9908
vn 0.1136 -0.4964 0.8606
vn 0.1646 -0.5542 0.8159
vn -0.0016 0.0047 1.0000
vn 0.0015 0.0034 1.0000
vn 0.2571 -0.3592 0.8972
vn 0.0055 -0.0820 0.9966
vn 0.2977 0.3135 0.9017
vn 0.5029 0.0201 0.8641
vn 0.0857 -0.0318 0.9958
vn 0.3120 -0.0193 0.9499
vn -0.0365 -0.0351 0.9987
vn 0.1439 -0.0677 0.9873
vn -0.2164 -0.2944 0.9309
vn -0.1524 -0.2997 0.9418
vn -0.2355 -0.3777 0.8955
vn -0.2672 -0.4325 0.8611
vn 0.0714 -0.0453 0.9964
vn 0.0416 -0.0070 0.9991
vn 0.1541 0.0708 0.9855
vn 0.2972 -0.0033 0.9548
vn 0.1678 0.0701 0.9833
vn -0.1084 -0.0212 0.9939
vn -0.0863 0.0050 0.9963
vn 0.0749 -0.2746 0.9586
vn 0.1560 -0.1966 0.9680
vn 0.1579 -0.0659 0.9853
vn -0.0072 -0.0411 0.9991
vn -0.0143 -0.0138 0.9998
vn 0.3957 -0.7483 0.5324
vn -0.0161 -0.0627 0.9979
vn 0.0346 -0.0537 0.9980
vn 0.0776 -0.0102 0.9969
vn 0.1031 -0.0115 0.9946
vn -0.2088 -0.2971 0.9317
vn -0.1307 -0.4864 0.8639
vn 0.0708 -0.0424 0.9966
vn -0.1410 -0.3387 0.9303
vn -0.1484 -0.3403 0.9285
vn -0.0331 -0.0901 0.9954
vn 0.1703 0.0329 0.9848
vn 0.1609 0.0702 0.9845
vn 0.1684 0.0598 0.9839
vn 0.0242 -0.0632 0.9977
vn -0.0225 -0.0508 0.9985
vn 0.0509 -0.0817 0.9954
vn -0.0026 -0.0721 0.9974
vn -0.1505 -0.1339 0.9795
vn -0.0998 -0.2256 0.9691
vn 0.0251 -0.2890 0.9570
vn -0.1357 -0.2920 0.9467
vn -0.1213 -0.1928 0.9737
vn 0.0004 -0.4545 0.8908
vn 0.0766 -0.5598 0.8251
vn 0.1063 -0.3119 0.9441
vn 0.2619 -0.3584 0.8961
vn 0.1054 -0.0915 0.9902
vn 0.0130 -0.0988 0.9950
vn 0.2072 -0.1005 0.9731
vn 0.1551 -0.1211 0.9804
vn 0.0986 -0.0965 0.9904
vn 0.0524 -0.0429 0.9977
vn 0.0357 -0.2098 0.9771
vn -0.2670 -0.3126 0.9116
vn -0.1847 -0.3473 0.9194
vn -0.0309 -0.2396 0.9704
vn 0.3053 -0.0007 0.9522
vn -0.1704 0.1160 0.9785
vn 0.0854 -0.0073 0.9963
vn -0.1464 -0.1185 0.9821
vn -0.0224 -0.1465 0.9890
vn -0.1314 -0.2587 0.9570
vn -0.0289 -0.4412 0.8969
vn -0.1634 -0.2302 0.9593
vn -0.0640 -0.2570 0.9643
vn -0.0124 -0.2052 0.9786
vn -0.0984 -0.1511 0.9836
vn -0.0360 -0.3049 0.9517
vn 0.0440 -0.3470 0.9368
vn -0.0466 -0.0823 0.9955
vn 0.2885 -0.4228 0.8591
vn 0.0210 -0.3338 0.9424
vn -0.0097 0.0101 0.9999
vn -0.0008 0.0050 1.0000
vn 0.2712 -0.4253 0.8635
vn 0.1582 -0.1213 0.9799
vn -0.0293 -0.0129 0.9995
vn 0.5019 0.0085 0.8649
vn 0.1514 -0.0422 0.9876
vn 0.2130 -0.0320 0.9765
vn -0.0193 -0.0887 0.9959
vn 0.0389 -0.1289 0.9909
vn -0.2422 -0.4812 0.8425
vn -0.2531 -0.4799 0.8400
vn 0.0717 -0.0437 0.9965
vn 0.0639 -0.0422 0.9971
vn 0.0365 -0.1893 0.9812
vn 0.0776 -0.0274 0.9966
vn -0.0064 -0.0859 0.9963
vn -0.1159 -0.1885 0.9752
vn -0.0350 -0.3996 0.9160
vn -0.0305 -0.4016 0.9153
vn -0.0718 -0.0560 0.9958
vn -0.0442 -0.3203 0.9463
vn -0.0777 -0.3613 0.9292
vn 0.0773 -0.5475 0.8333
vn 0.1084 -0.4831 0.8688
vn 0.0997 -0.1379 0.9854
vn 0.0132 -0.0959 0.9953
vn 0.1976 -0.1218 0.9727
vn -0.0304 -0.0119 0.9995
vn 0.0029 -0.0081 1.0000
vn 0.4617 0.0524 0.8855
vn 0.2333 -0.0048 0.9724
vn 0.0262 0.0449 0.9986
vn -0.2137 -0.2815 0.9355
vn -0.0893 -0.1905 0.9776
vn -0.0687 -0.0557 0.9961
vn 0.0380 -0.0688 0.9969
vn 0.0100 -0.0373 0.9993
vn 0.1574 0.0530 0.9861
vn 0.1521 0.0525 0.9870
vn 0.2100 0.1438 0.9671
vn 0.0325 -0.1172 0.9926
vn 0.0205 -0.1165 0.9930
vn -0.0988 -0.1861 0.9775
vn -0.1004 -0.0060 0.9949
vn -0.0803 -0.0543 0.9953
vn -0.0548 -0.2858 0.9567
vn -0.0397 -0.2725 0.9614
vn 0.0491 -0.3600 0.9317
vn 0.0135 -0.3181 0.9479
vn 0.2423 -0.4253 0.8720
vn 0.1123 -0.1911 0.9751
vn 0.0918 -0.1723 0.9808
vn 0.0572 -0.1532 0.9865
vn -0.0073 -0.0367 0.9993
vn 0.0638 -0.1121 0.9916
vn 0.1323 -0.0665 0.9890
vn 0.0494 -0.1485 0.9877
vn 0.0133 -0.1055 0.9943
vn 0.1104 -0.0368 0.9932
vn 0.0004 -0.0445 0.9990
vn -0.1107 -0.4287 0.8966
vn -0.1712 -0.3058 0.9366
vn -0.2423 -0.4929 0.8357
vn 0.2508 0.1443 0.9572
vn 0.2484 -0.0319 0.9681
vn 0.0368 0.0045 0.9993
vn 0.1212 -0.0033 0.9926
vn -0.0347 -0.1756 0.9838
vn -0.0230 -0.3396 0.9403
vn -0.0236 -0.3418 0.9395
vn -0.0298 0.0036 0.9995
vn 0.0448 0.2069 0.9773
vn -0.0488 -0.0303 0.9983
vn 0.2138 0.0279 0.9765
vn 0.2421 0.0267 0.9699
vn 0.1235 -0.1483 0.9812
vn 0.0784 -0.0421 0.9960
vn 0.0950 -0.0469 0.9944
vn 0.0424 -0.0252 0.9988
vn -0.1690 -0.3069 0.9366
vn -0.1470 -0.3024 0.9418
vn -0.1334 -0.3154 0.9395
vn -0.2429 -0.4494 0.8597
vn 0.0873 -0.0948 0.9917
vn -0.0075 -0.0219 0.9997
vn 0.0316 -0.0237 0.9992
vn -0.0354 -0.3479 0.9369
vn 0.0915 -0.0384 0.9951
vn 0.1707 0.0174 0.9852
vn 0.2688 0.0296 0.9627
vn 0.2768 -0.0366 0.9602
vn 0.1503 0.0595 0.9869
vn 0.0188 -0.1073 0.9940
vn -0.0668 -0.1192 0.9906
vn 0.0333 -0.1090 0.9935
vn -0.1274 -0.1268 0.9837
vn -0.0600 -0.1574 0.9857
vn -0.1788 -0.1042 0.9784
vn -0.0623 -0.2721 0.9602
vn -0.0328 -0.3477 0.9370
vn -0.0296 -0.3345 0.9419
vn -0.0439 -0.0175 0.9989
vn -0.0484 -0.0136 0.9987
vn -0.0334 -0.0106 0.9994
vn 0.2525 -0.4842 0.8377
vn 0.1010 -0.2462 0.9639
vn 0.0911 -0.1977 0.9760
vn 0.4689 0.1241 0.8745
vn 0.1184 -0.1516 0.9813
vn 0.0713 -0.0751 0.9946
vn 0.0064 -0.0271 0.9996
vn 0.0203 -0.0851 0.9962
vn 0.0510 -0.1087 0.9928
vn -0.2846 -0.4347 0.8544
vn 0.1305 -0.1204 0.9841
vn -0.0157 -0.0436 0.9989
vn 0.1762 0.0375 0.9836
vn 0.0817 0.0264 0.9963
vn -0.1767 -0.3059 0.9355
vn -0.0777 -0.0127 0.9969
vn -0.0900 -0.2816 0.9553
vn -0.0313 -0.3473 0.9372
vn -0.0595 -0.0019 0.9982
vn 0.0965 -0.4711 0.8768
vn 0.0891 -0.2196 0.9715
vn 0.0755 -0.2109 0.9746
vn 0.0505 -0.1404 0.9888
vn -0.0211 -0.0173 0.9996
vn 0.0075 -0.0092 0.9999
vn 0.5637 0.1980 0.8019
vn 0.2103 0.0229 0.9774
vn 0.2282 0.0385 0.9728
vn 0.0351 0.0205 0.9992
vn 0.1421 -0.0042 0.9898
vn -0.1661 -0.2108 0.9633
vn -0.1331 -0.2090 0.9688
vn 0.0224 -0.0787 0.9966
vn 0.1912 -0.0263 0.9812
vn 0.2139 -0.0047 0.9768
vn 0.0640 0.0443 0.9970
vn 0.1605 0.0525 0.9856
vn 0.1631 -0.1668 0.9724
vn -0.0598 -0.0544 0.9967
vn -0.0458 -0.0174 0.9988
vn 0.0941 -0.3959 0.9135
vn 0.1713 -0.3129 0.9342
vn 0.1105 -0.2478 0.9625
vn -0.0593 -0.1320 0.9895
vn 0.3421 0.2496 0.9059
vn 0.2007 0.1722 0.9644
vn 0.1515 0.0888 0.9845
vn 0.0186 -0.0345 0.9992
vn 0.0685 -0.0070 0.9976
vn -0.1755 -0.2912 0.9404
vn -0.1234 -0.3153 0.9409
vn -0.2653 -0.4650 0.8446
vn 0.0794 -0.0124 0.9968
vn 0.1013 -0.0627 0.9929
vn 0.1581 0.0288 0.9870
vn 0.1900 0.1878 0.9636
vn -0.2454 -0.1098 0.9632
vn 0.1016 -0.2151 0.9713
vn -0.0700 -0.0159 0.9974
vn -0.0005 -0.0999 0.9950
vn -0.0017 -0.1002 0.9950
vn -0.0800 -0.0270 0.9964
vn -0.0682 -0.0401 0.9969
vn -0.0563 -0.0384 0.9977
vn -0.0793 -0.0073 0.9968
vn 0.0092 -0.3762 0.9265
vn 0.0757 -0.2152 0.9736
vn 0.2820 -0.4358 0.8547
vn -0.0272 -0.0281 0.9992
vn 0.1012 -0.1099 0.9888
vn 0.2721 0.0982 0.9572
vn 0.3141 -0.1378 0.9393
vn 0.1407 -0.0355 0.9894
vn 0.0264 -0.0431 0.9987
vn 0.0436 -0.0529 0.9976
vn 0.0286 -0.0377 0.9989
vn -0.1804 -0.2888 0.9402
vn -0.0471 -0.1928 0.9801
vn -0.2645 -0.4779 0.8377
vn -0.3888 -0.4176 0.8212
vn 0.0269 -0.0002 0.9996
vn -0.0608 -0.2900 0.9551
vn -0.2338 -0.1833 0.9549
vn -0.0043 -0.1062 0.9943
vn 0.2682 0.0341 0.9627
vn 0.2068 0.0948 0.9738
vn 0.0817 0.0280 0.9963
vn 0.0992 -0.0274 0.9947
vn 0.2058 -0.0813 0.9752
vn -0.0282 -0.1230 0.9920
vn 0.1040 0.0616 0.9927
vn -0.1963 0.0060 0.9805
vn -0.0325 -0.0464 0.9984
vn -0.0850 -0.0679 0.9941
vn -0.0307 -0.1578 0.9870
vn 0.0278 -0.3657 0.9303
vn 0.0210 -0.3517 0.9359
vn 0.0524 -0.2936 0.9545
vn 0.1068 -0.2334 0.9665
vn 0.1250 0.2272 0.9658
vn 0.4254 0.0592 0.9031
vn 0.0193 -0.0794 0.9967
vn 0.0861 -0.0503 0.9950
vn 0.0301 -0.0513 0.9982
vn 0.0350 -0.0551 0.9979
vn -0.0315 -0.1896 0.9814
vn -0.1237 -0.3140 0.9413
vn -0.1379 -0.3122 0.9400
vn -0.1290 -0.2923 0.9476
vn 0.1087 -0.0431 0.9931
vn -0.2110 -0.4103 0.8872
vn 0.0876 -0.1267 0.9881
vn 0.1709 -0.1359 0.9759
vn 0.2012 0.0169 0.9794
vn 0.1983 0.0831 0.9766
vn 0.1666 0.1967 0.9662
vn -0.0650 -0.0254 0.9976
vn -0.0652 -0.0252 0.9976
vn -0.0333 -0.3191 0.9471
vn 0.0671 -0.2072 0.9760
vn 0.0884 -0.1957 0.9767
vn 0.0964 -0.2024 0.9746
vn 0.0361 -0.1830 0.9825
vn 0.0269 -0.0254 0.9993
vn 0.4858 0.3356 0.8071
vn 0.1318 -0.1331 0.9823
vn 0.2687 0.3252 0.9067
vn 0.0898 -0.0565 0.9944
vn -0.0285 -0.0372 0.9989
vn 0.0643 -0.0018 0.9979
vn 0.1125 -0.0183 0.9935
vn -0.1741 -0.2207 0.9597
vn 0.0388 -0.0231 0.9990
vn -0.2509 -0.3752 0.8924
vn -0.0166 -0.0881 0.9960
vn 0.2232 -0.0541 0.9733
vn 0.2575 -0.0778 0.9631
vn -0.0030 0.0125 0.9999
vn 0.1602 0.0853 0.9834
vn -0.0120 -0.2686 0.9632
vn -0.0262 -0.2551 0.9666
vn -0.0199 -0.2553 0.9667
vn 0.0553 -0.2330 0.9709
vn 0.4857 0.3326 0.8084
vn 0.0711 0.3237 0.9435
vn 0.1354 0.0569 0.9892
vn 0.2992 0.3110 0.9021
vn 0.0799 -0.0838 0.9933
vn 0.0064 -0.0246 0.9997
vn 0.1128 -0.0303 0.9932
vn 0.0757 0.0320 0.9966
vn -0.1363 -0.3291 0.9344
vn -0.2406 -0.5950 0.7668
vn -0.2350 -0.4704 0.8506
vn 0.0712 -0.0812 0.9942
vn 0.1055 -0.0746 0.9916
vn 0.1764 -0.0828 0.9808
vn 0.1974 -0.1193 0.9730
vn 0.1039 0.0167 0.9944
vn 0.0627 -0.0169 0.9979
vn -0.1004 0.3233 0.9409
vn -0.0684 -0.0057 0.9976
vn -0.0592 -0.0050 0.9982
vn -0.0062 -0.3373 0.9414
vn 0.0117 -0.2352 0.9719
vn -0.0191 -0.2557 0.9666
vn 0.0002 -0.1879 0.9822
vn 0.0875 -0.2623 0.9610
vn 0.0945 -0.1928 0.9767
vn 0.0845 -0.0323 0.9959
vn 0.0260 0.0149 0.9996
vn 0.4620 0.3650 0.8083
vn 0.3639 0.3862 0.8476
vn 0.3219 0.4215 0.8478
vn 0.3441 0.0260 0.9386
vn 0.3111 -0.2283 0.9226
vn 0.0668 0.0003 0.9978
vn 0.0354 -0.0466 0.9983
vn 0.0214 -0.0505 0.9985
vn -0.1114 -0.3138 0.9429
vn -0.0472 -0.2965 0.9539
vn -0.1324 -0.2183 0.9669
vn 0.0044 -0.1194 0.9928
vn -0.2863 -0.4061 0.8678
vn -0.2716 -0.4171 0.8673
vn 0.0634 -0.0100 0.9979
vn 0.0792 -0.0055 0.9968
vn -0.1439 -0.4826 0.8639
vn -0.0537 -0.5787 0.8138
vn 0.1600 -0.1415 0.9769
vn 0.1818 -0.1125 0.9769
vn -0.0343 -0.0331 0.9989
vn -0.0115 -0.0539 0.9985
vn -0.0032 -0.0437 0.9990
vn 0.0101 -0.2887 0.9574
vn 0.0690 -0.2264 0.9716
vn -0.0227 -0.0078 0.9997
vn -0.0247 0.0063 0.9997
vn -0.0322 -0.0027 0.9995
vn 0.3140 0.2447 0.9174
vn 0.0366 -0.0120 0.9993
vn 0.1912 0.1799 0.9649
vn 0.1647 0.1935 0.9672
vn 0.0813 -0.0894 0.9927
vn 0.0043 -0.0666 0.9978
vn 0.0273 -0.0216 0.9994
vn -0.1302 -0.3346 0.9333
vn 0.0554 0.0029 0.9985
vn -0.0720 -0.5827 0.8095
vn -0.0889 -0.5144 0.8529
vn 0.2122 -0.3784 0.9010
vn 0.0842 -0.0465 0.9954
vn -0.0204 0.0215 0.9996
vn 0.0587 -0.2649 0.9625
vn 0.0681 -0.1752 0.9822
vn -0.0196 -0.0090 0.9998
vn 0.3781 0.3451 0.8591
vn 0.0302 -0.0450 0.9985
vn 0.0287 -0.0412 0.9987
vn 0.0023 -0.0256 0.9997
vn 0.0158 -0.0210 0.9997
vn -0.1351 -0.2341 0.9628
vn -0.2396 -0.4934 0.8362
vn 0.0159 -0.1562 0.9876
vn 0.0563 -0.0013 0.9984
vn 0.0835 0.0039 0.9965
vn 0.1189 -0.5139 0.8496
vn 0.0378 -0.4993 0.8656
vn 0.1306 -0.5101 0.8502
vn 0.0659 -0.0107 0.9978
vn 0.0347 -0.0240 0.9991
vn 0.0181 -0.2672 0.9635
vn 0.0192 -0.3032 0.9527
vn -0.0287 -0.3175 0.9478
vn -0.0756 -0.3366 0.9386
vn -0.0478 -0.3469 0.9367
vn -0.0395 -0.2272 0.9730
vn 0.0503 -0.2454 0.9681
vn 0.0885 -0.2654 0.9601
vn 0.0224 -0.1366 0.9904
vn 0.0850 -0.1673 0.9822
vn -0.0229 -0.0077 0.9997
vn 0.3082 0.1199 0.9437
vn 0.3362 0.3630 0.8690
vn 0.2222 0.1386 0.9651
vn 0.3563 0.1666 0.9194
vn 0.0906 -0.0154 0.9958
vn 0.0298 -0.0412 0.9987
vn 0.0654 -0.0914 0.9937
vn 0.0872 -0.0987 0.9913
vn 0.0376 -0.0220 0.9990
vn -0.0654 -0.1149 0.9912
vn -0.1880 -0.1846 0.9647
vn -0.2387 -0.4937 0.8362
vn 0.0899 -0.0005 0.9959
vn 0.0818 -0.4563 0.8861
vn 0.0951 -0.4164 0.9042
vn 0.1314 -0.2137 0.9680
vn 0.0361 0.0182 0.9992
vn -0.0283 -0.4177 0.9081
vn 0.0012 -0.0380 0.9993
vn 0.0201 -0.0682 0.9975
vn -0.1364 0.0228 0.9904
vn 0.0493 -0.2454 0.9682
vn -0.0530 -0.3194 0.9461
vn -0.0319 -0.2173 0.9756
vn -0.0191 -0.0087 0.9998
vn -0.0331 -0.0035 0.9994
vn -0.0514 0.0057 0.9987
vn 0.1959 0.2155 0.9567
vn 0.0361 -0.0255 0.9990
vn 0.4217 0.2234 0.8788
vn 0.2769 0.3145 0.9080
vn 0.0049 -0.0748 0.9972
vn -0.0575 -0.1609 0.9853
vn 0.0689 -0.1254 0.9897
vn 0.0082 -0.3771 0.9261
vn -0.0364 -0.2248 0.9737
vn -0.0230 -0.0075 0.9997
vn 0.2760 0.2092 0.9381
vn 0.3103 0.2194 0.9250
vn 0.2115 0.0938 0.9729
vn 0.2104 0.3718 0.9042
vn 0.0776 -0.0369 0.9963
vn -0.0079 -0.0284 0.9996
vn 0.0006 -0.0379 0.9993
vn -0.1140 -0.2572 0.9596
vn -0.1000 -0.2491 0.9633
vn -0.1172 -0.3333 0.9355
vn -0.2446 -0.3545 0.9025
vn -0.0597 -0.1660 0.9843
vn 0.0984 0.0360 0.9945
vn 0.1202 0.0649 0.9906
vn 0.0935 0.0651 0.9935
vn 0.0727 0.0178 0.9972
vn -0.0533 -0.1371 0.9891
vn 0.0043 -0.0974 0.9952
vn -0.0605 -0.0727 0.9955
vn -0.0154 -0.0929 0.9956
vn 0.2353 0.4213 0.8759
vn 0.0393 -0.0276 0.9988
vn 0.3591 0.2339 0.9035
vn 0.3878 0.2125 0.8969
vn 0.0004 -0.0649 0.9979
vn 0.0280 -0.0359 0.9990
vn -0.2141 -0.3030 0.9286
vn -0.1269 -0.3239 0.9375
vn 0.0771 0.0284 0.9966
vn 0.0890 0.0467 0.9949
vn 0.1032 0.0709 0.9921
vn 0.0186 -0.1097 0.9938
vn 0.0655 -0.2043 0.9767
vn 0.0806 -0.1472 0.9858
vn 0.0380 -0.1082 0.9934
vn 0.1430 -0.0888 0.9857
vn -0.0118 0.0571 0.9983
vn -0.0014 0.0652 0.9979
vn 0.0265 0.0184 0.9995
vn -0.0525 -0.2231 0.9734
vn 0.0278 -0.1149 0.9930
vn 0.1918 -0.4445 0.8750
vn 0.2383 0.2805 0.9298
vn 0.0369 -0.0177 0.9992
vn 0.2783 0.2325 0.9319
vn 0.3625 0.2116 0.9076
vn 0.2342 0.1329 0.9631
vn 0.3421 0.0997 0.9343
vn 0.0142 -0.0699 0.9975
vn 0.0104 -0.0460 0.9989
vn 0.0456 -0.0455 0.9979
vn 0.0280 -0.0351 0.9990
vn -0.1153 -0.2290 0.9666
vn -0.2007 -0.2570 0.9453
vn -0.0847 -0.0949 0.9919
vn -0.1851 -0.1157 0.9759
vn -0.0875 -0.4364 0.8955
vn 0.1144 0.0458 0.9924
vn 0.1497 -0.1528 0.9769
vn -0.0243 0.0298 0.9993
vn 0.0145 -0.2964 0.9550
vn -0.0205 -0.0756 0.9969
vn 0.0391 0.0243 0.9989
vn -0.0572 -0.1860 0.9809
vn 0.0380 -0.1594 0.9865
vn 0.0062 -0.1237 0.9923
vn -0.0227 -0.0077 0.9997
vn 0.1944 0.3609 0.9121
vn 0.3277 0.2558 0.9095
vn 0.0309 -0.0160 0.9994
vn 0.1918 0.0985 0.9765
vn 0.0309 -0.0461 0.9985
vn 0.0308 -0.0381 0.9988
vn 0.0381 -0.0347 0.9987
vn -0.1296 -0.3627 0.9228
vn -0.2247 -0.4325 0.8732
vn -0.0155 -0.3306 0.9436
vn 0.1283 -0.2270 0.9654
vn 0.1028 -0.2523 0.9622
vn 0.0085 -0.1576 0.9875
vn -0.0015 -0.0922 0.9957
vn -0.0295 0.0111 0.9995
vn 0.3533 0.2488 0.9018
vn 0.3601 0.2321 0.9036
vn 0.0799 0.0309 0.9963
vn 0.0134 0.0652 0.9978
vn -0.1907 -0.3355 0.9225
vn -0.1132 -0.1465 0.9827
vn -0.1913 -0.3015 0.9341
vn -0.0451 -0.2838 0.9578
vn -0.0836 -0.2226 0.9713
vn 0.1932 -0.2369 0.9521
vn 0.1058 -0.2634 0.9589
vn 0.1702 -0.2458 0.9543
vn 0.0307 -0.1064 0.9938
vn 0.0151 0.0494 0.9987
vn -0.0179 -0.1337 0.9909
vn 0.0079 -0.1000 0.9950
vn -0.0181 -0.0771 0.9969
vn -0.0095 -0.0957 0.9954
vn 0.0707 -0.0729 0.9948
vn -0.0231 -0.0449 0.9987
vn -0.0377 -0.0470 0.9982
vn -0.0041 0.0090 1.0000
vn -0.0036 0.0004 1.0000
vn -0.0199 -0.0048 0.9998
vn -0.0302 0.0110 0.9995
vn -0.0636 0.1016 0.9928
vn 0.2182 0.1476 0.9647
vn 0.2288 0.1404 0.9633
vn 0.1831 0.1471 0.9720
vn 0.3906 0.2018 0.8982
vn 0.1954 0.1471 0.9696
vn 0.0049 -0.0371 0.9993
vn -0.0258 -0.0262 0.9993
vn 0.0615 -0.0653 0.9960
vn 0.0236 -0.0387 0.9990
vn 0.0061 -0.0559 0.9984
vn -0.2446 -0.3240 0.9139
vn -0.0808 -0.1561 0.9844
vn -0.0036 -0.2204 0.9754
vn 0.0056 -0.3632 0.9317
vn -0.0176 -0.3616 0.9322
vn 0.0651 -0.2953 0.9532
vn 0.0492 -0.1132 0.9924
vn 0.1338 -0.0576 0.9893
vn -0.0023 -0.1695 0.9855
vn -0.1591 -0.0970 0.9825
vn -0.0355 -0.0646 0.9973
vn 0.0050 -0.0289 0.9996
vn 0.0359 -0.0539 0.9979
vn -0.0247 -0.0019 0.9997
vn -0.0376 0.1286 0.9910
vn 0.2248 0.0899 0.9702
vn 0.3426 0.3119 0.8862
vn 0.0492 -0.0542 0.9973
vn 0.0398 -0.0507 0.9979
vn 0.3488 0.2285 0.9089
vn 0.3054 0.2111 0.9285
vn 0.0349 -0.0298 0.9989
vn 0.0432 -0.0569 0.9974
vn -0.0416 0.0715 0.9966
vn 0.0838 -0.0251 0.9962
vn 0.0825 -0.3292 0.9407
vn 0.1536 -0.3279 0.9321
vn 0.0374 -0.1398 0.9895
vn -0.0198 0.0193 0.9996
vn -0.0091 0.0118 0.9999
vn 0.0013 -0.2549 0.9670
vn -0.0236 -0.0441 0.9987
vn -0.0006 0.0104 0.9999
vn -0.0579 0.1364 0.9890
vn -0.0731 0.0354 0.9967
vn 0.1265 0.0596 0.9902
vn 0.4662 0.2578 0.8463
vn 0.3524 0.2361 0.9056
vn 0.2841 0.1489 0.9472
vn 0.1372 0.0053 0.9905
vn 0.0340 -0.0611 0.9976
vn 0.0078 -0.0569 0.9984
vn -0.0039 -0.0606 0.9982
vn -0.2450 -0.3588 0.9007
vn -0.0818 -0.1517 0.9850
vn -0.0431 -0.1379 0.9895
vn 0.1078 -0.0859 0.9905
vn 0.1165 0.0286 0.9928
vn 0.1931 0.0078 0.9812
vn -0.0094 0.0188 0.9998
vn 0.1266 -0.2957 0.9468
vn 0.1168 0.0507 0.9919
vn 0.0009 -0.0106 0.9999
vn 0.0119 -0.1103 0.9938
vn -0.0222 0.0126 0.9997
vn -0.0569 0.1500 0.9870
vn -0.0610 0.1931 0.9793
vn 0.2520 0.2939 0.9220
vn 0.0358 -0.0460 0.9983
vn 0.0394 -0.0474 0.9981
vn 0.1563 0.1734 0.9724
vn 0.1804 0.2808 0.9426
vn -0.0241 -0.0176 0.9996
vn 0.0030 -0.0599 0.9982
vn 0.0102 -0.0512 0.9986
vn -0.2695 -0.3275 0.9056
vn -0.1737 -0.3209 0.9310
vn 0.0034 -0.1277 0.9918
vn 0.0095 -0.1283 0.9917
vn 0.1610 0.0487 0.9858
vn 0.0320 -0.0331 0.9989
vn 0.1600 0.0132 0.9870
vn -0.0215 -0.1752 0.9843
vn 0.0223 -0.1405 0.9898
vn -0.0165 -0.2303 0.9730
vn -0.0545 0.1218 0.9911
vn -0.0724 0.1617 0.9842
vn -0.0050 0.0298 0.9995
vn 0.1246 -0.0003 0.9922
vn 0.4807 0.1077 0.8702
vn 0.0299 -0.0191 0.9994
vn 0.3447 0.2622 0.9014
vn 0.3351 0.2315 0.9133
vn 0.1495 0.0616 0.9868
vn 0.0111 -0.0382 0.9992
vn 0.0392 -0.0281 0.9988
vn 0.1491 -0.0621 0.9869
vn 0.0579 -0.1231 0.9907
vn -0.0605 -0.0708 0.9957
vn 0.0576 -0.0169 0.9982
vn -0.0617 -0.0474 0.9970
vn -0.0263 -0.1759 0.9841
vn 0.0113 -0.1307 0.9914
vn 0.0944 -0.0782 0.9925
vn 0.0907 -0.0622 0.9939
vn 0.0656 -0.0602 0.9960
vn 0.0829 -0.1918 0.9779
vn 0.0412 -0.0663 0.9970
vn -0.0747 -0.0287 0.9968
vn 0.0386 -0.2252 0.9735
vn -0.0312 -0.0015 0.9995
vn -0.0388 -0.0355 0.9986
vn -0.0256 0.0123 0.9996
vn -0.0540 0.1551 0.9864
vn 0.0016 0.1674 0.9859
vn 0.3679 0.2543 0.8944
vn 0.2804 0.2688 0.9215
vn 0.1901 0.4539 0.8705
vn 0.0592 -0.0331 0.9977
vn 0.3466 0.2615 0.9008
vn -0.0136 -0.0242 0.9996
vn 0.0306 -0.0232 0.9993
vn 0.0520 -0.0558 0.9971
vn 0.0226 -0.0199 0.9995
vn 0.0112 -0.0368 0.9993
vn -0.0228 -0.0438 0.9988
vn 0.0931 -0.1119 0.9893
vn -0.0166 -0.2083 0.9779
vn -0.0350 -0.2188 0.9752
vn -0.0698 -0.0604 0.9957
vn 0.0126 -0.1201 0.9927
vn -0.0098 -0.1191 0.9928
vn 0.0040 -0.0192 0.9998
vn -0.0713 0.2012 0.9769
vn -0.0567 0.0992 0.9934
vn 0.0376 0.1850 0.9820
vn -0.1638 -0.0250 0.9862
vn 0.0343 -0.0081 0.9994
vn -0.0701 0.0933 0.9932
vn 0.4238 0.3319 0.8428
vn 0.3782 0.2215 0.8988
vn 0.2352 0.1614 0.9585
vn 0.0677 -0.0330 0.9972
vn 0.0231 -0.0764 0.9968
vn 0.0670 -0.1126 0.9914
vn -0.0277 -0.1576 0.9871
vn -0.1342 -0.4117 0.9014
vn -0.1352 -0.4114 0.9013
vn -0.0161 -0.2097 0.9776
vn 0.0906 -0.1902 0.9776
vn -0.0707 -0.0499 0.9962
vn -0.0309 -0.0808 0.9963
vn 0.1413 -0.1146 0.9833
vn 0.0488 -0.0260 0.9985
vn -0.0184 -0.0220 0.9996
vn 0.0949 0.0755 0.9926
vn 0.0231 0.0766 0.9968
vn -0.0472 0.0819 0.9955
vn -0.1517 0.1593 0.9755
vn -0.0816 0.3242 0.9425
vn 0.1030 0.1593 0.9819
vn 0.3741 0.2813 0.8837
vn 0.2860 0.2652 0.9208
vn 0.2778 0.1554 0.9480
vn 0.3431 0.2677 0.9004
vn 0.0630 0.0576 0.9964
vn 0.1321 0.0174 0.9911
vn 0.0471 0.0078 0.9989
vn 0.0420 0.0414 0.9983
vn -0.1452 -0.3150 0.9379
vn 0.1409 -0.1739 0.9746
vn 0.1340 -0.1712 0.9761
vn -0.0081 -0.0406 0.9991
vn -0.0690 -0.0485 0.9964
vn -0.0163 -0.0055 0.9999
vn -0.0707 -0.0137 0.9974
vn -0.0742 0.1633 0.9838
vn 0.0048 0.3062 0.9520
vn -0.0687 0.2217 0.9727
vn 0.2068 0.2000 0.9577
vn 0.2525 0.1780 0.9511
vn 0.3683 0.2599 0.8926
vn 0.0638 0.0615 0.9961
vn 0.1215 0.0634 0.9906
vn 0.4154 0.3835 0.8248
vn 0.0633 -0.0562 0.9964
vn 0.3736 0.2820 0.8837
vn 0.2822 0.1441 0.9485
vn 0.0943 0.0676 0.9932
vn 0.0820 0.0175 0.9965
vn 0.0442 -0.1469 0.9882
vn -0.1039 -0.0155 0.9945
vn 0.0505 0.1666 0.9847
vn -0.0509 -0.0667 0.9965
vn 0.1049 -0.0619 0.9926
vn -0.0390 -0.2104 0.9768
vn -0.0063 -0.2347 0.9721
vn -0.0277 0.0231 0.9993
vn 0.1215 -0.0533 0.9912
vn 0.0655 -0.1076 0.9920
vn 0.1119 -0.0696 0.9913
vn 0.0167 -0.0121 0.9998
vn -0.0234 -0.0348 0.9991
vn -0.0088 0.0877 0.9961
vn -0.0945 0.1544 0.9835
vn 0.1090 0.1560 0.9817
vn 0.2499 0.3258 0.9118
vn 0.4267 0.3493 0.8342
vn 0.4973 0.3485 0.7945
vn 0.0511 -0.0471 0.9976
vn 0.0334 0.0414 0.9986
vn 0.0518 -0.0233 0.9984
vn 0.0238 -0.0294 0.9993
vn -0.0845 -0.1595 0.9836
vn 0.0668 -0.0167 0.9976
vn -0.1493 -0.3107 0.9387
vn -0.0842 -0.3210 0.9433
vn 0.0120 -0.2459 0.9692
vn -0.0052 0.0238 0.9997
vn -0.0266 0.0104 0.9996
vn -0.0146 0.0005 0.9999
vn -0.0684 -0.0050 0.9976
vn 0.0870 0.0874 0.9924
vn -0.0397 0.0745 0.9964
vn -0.1181 0.1761 0.9773
vn -0.0358 0.1546 0.9873
vn 0.0333 0.0628 0.9975
vn -0.0703 0.1301 0.9890
vn -0.1843 0.0516 0.9815
vn -0.1032 0.0634 0.9926
vn 0.0516 -0.0499 0.9974
vn 0.0476 -0.0444 0.9979
vn 0.3770 0.2470 0.8927
vn 0.2831 0.1891 0.9403
vn 0.2480 0.1586 0.9557
vn 0.0243 0.0066 0.9997
vn 0.1253 -0.0808 0.9888
vn -0.0072 -0.0914 0.9958
vn -0.0773 -0.3441 0.9358
vn 0.0423 -0.0575 0.9974
vn -0.0786 -0.0266 0.9966
vn -0.0533 -0.0432 0.9976
vn 0.0082 -0.0344 0.9994
vn 0.0596 -0.0483 0.9971
vn -0.0201 0.0186 0.9996
vn -0.0086 -0.0472 0.9988
vn -0.0236 -0.0357 0.9991
vn -0.0700 0.1663 0.9836
vn 0.0110 0.0885 0.9960
vn -0.1192 0.0569 0.9912
vn -0.0149 -0.0058 0.9999
vn -0.0907 0.2033 0.9749
vn 0.2677 0.1007 0.9582
vn 0.1170 0.1910 0.9746
vn 0.1249 0.0178 0.9920
vn 0.0726 0.0247 0.9971
vn 0.4810 0.4236 0.7676
vn 0.0942 0.0066 0.9955
vn 0.1343 -0.0145 0.9908
vn 0.0723 -0.0166 0.9972
vn -0.0435 -0.0764 0.9961
vn 0.0532 -0.0231 0.9983
vn 0.0746 -0.0526 0.9958
vn -0.1092 -0.1041 0.9886
vn 0.1664 -0.0028 0.9861
vn 0.0162 -0.0533 0.9984
vn 0.0722 -0.2403 0.9680
vn -0.0023 0.0198 0.9998
vn -0.0177 -0.0291 0.9994
vn -0.0841 -0.3411 0.9363
vn 0.1035 -0.2076 0.9727
vn -0.0932 0.0020 0.9956
vn 0.0469 -0.2071 0.9772
vn 0.0689 -0.1215 0.9902
vn 0.0331 -0.0168 0.9993
vn 0.0064 -0.0090 0.9999
vn -0.0141 0.0003 0.9999
vn -0.1053 0.1269 0.9863
vn -0.0958 0.1213 0.9880
vn -0.0632 0.1235 0.9903
vn -0.0892 0.1838 0.9789
vn 0.3974 0.1769 0.9005
vn 0.5059 0.4133 0.7572
vn 0.0504 -0.0083 0.9987
vn 0.4354 0.2176 0.8736
vn 0.0229 -0.0252 0.9994
vn 0.0270 -0.0649 0.9975
vn -0.1217 -0.0930 0.9882
vn 0.2259 -0.0211 0.9739
vn 0.0095 0.0136 0.9999
vn -0.0848 -0.3297 0.9403
vn 0.0902 -0.1982 0.9760
vn -0.0065 -0.0426 0.9991
vn 0.0096 -0.0040 0.9999
vn -0.0199 0.0094 0.9998
vn -0.0268 0.0150 0.9995
vn -0.0834 -0.0084 0.9965
vn -0.1081 0.2022 0.9734
vn 0.1989 0.0339 0.9794
vn 0.0125 0.1672 0.9858
vn 0.1656 0.1341 0.9770
vn 0.1537 0.1439 0.9776
vn 0.4569 0.4874 0.7441
vn 0.3113 0.1733 0.9344
vn 0.2766 0.1110 0.9546
vn 0.3361 0.1073 0.9357
vn 0.0835 0.0082 0.9965
vn 0.0154 -0.0113 0.9998
vn -0.1196 -0.2141 0.9695
vn 0.0238 -0.0127 0.9996
vn -0.0047 -0.0513 0.9987
vn -0.0736 -0.3381 0.9382
vn 0.0005 -0.1954 0.9807
vn 0.0273 -0.0618 0.9977
vn 0.0338 -0.0647 0.9973
vn 0.0244 -0.1159 0.9930
vn 0.0825 -0.1061 0.9909
vn 0.0418 -0.0550 0.9976
vn -0.0433 -0.0213 0.9988
vn -0.0549 0.0962 0.9938
vn -0.0735 0.1108 0.9911
vn -0.0692 0.1102 0.9915
vn -0.0179 0.0293 0.9994
vn 0.4942 0.2649 0.8280
vn 0.4319 0.2656 0.8619
vn 0.0705 0.0366 0.9968
vn 0.1316 0.0286 0.9909
vn 0.4591 0.3672 0.8090
vn 0.0693 -0.0588 0.9959
vn 0.3045 0.0650 0.9503
vn 0.0634 -0.0485 0.9968
vn 0.0185 -0.0579 0.9982
vn 0.0209 -0.2585 0.9658
vn 0.0330 -0.0661 0.9973
vn -0.0318 -0.0913 0.9953
vn 0.0040 -0.1192 0.9929
vn 0.0083 -0.1145 0.9934
vn -0.0065 -0.0394 0.9992
vn -0.0045 -0.0401 0.9992
vn 0.0256 -0.0919 0.9954
vn 0.0487 -0.0290 0.9984
vn -0.0047 -0.0010 1.0000
vn -0.0520 0.0950 0.9941
vn -0.1293 0.1714 0.9767
vn -0.1338 0.3854 0.9130
vn -0.0044 0.0203 0.9998
vn 0.1987 0.1319 0.9711
vn 0.5810 0.2621 0.7705
vn 0.0809 -0.0642 0.9946
vn 0.3734 0.0115 0.9276
vn 0.0291 0.0033 0.9996
vn 0.0985 -0.0407 0.9943
vn 0.0228 0.0355 0.9991
vn 0.0594 0.0380 0.9975
vn -0.0061 -0.0424 0.9991
vn 0.1213 0.1296 0.9841
vn 0.0184 -0.0269 0.9995
vn -0.0044 -0.0020 1.0000
vn -0.0771 0.0598 0.9952
vn -0.1037 -0.0215 0.9944
vn 0.0328 -0.0049 0.9995
vn 0.4969 0.0418 0.8668
vn 0.4143 0.0726 0.9072
vn 0.3980 0.2833 0.8725
vn 0.3731 0.2676 0.8884
vn 0.1936 0.0385 0.9803
vn -0.0607 -0.0172 0.9980
vn 0.0180 -0.0868 0.9961
vn -0.0091 0.0393 0.9992
vn 0.0324 -0.0115 0.9994
vn -0.0052 -0.0571 0.9984
vn -0.0441 -0.0819 0.9957
vn -0.0158 0.0026 0.9999
vn -0.0359 0.0146 0.9992
vn -0.0653 0.0639 0.9958
vn -0.1060 0.0197 0.9942
vn -0.0159 0.0425 0.9990
vn -0.0716 0.0584 0.9957
vn 0.0058 0.0277 0.9996
vn -0.0016 0.0290 0.9996
vn -0.1796 0.4154 0.8917
vn -0.1789 0.4148 0.8921
vn 0.3887 0.3160 0.8655
vn 0.1396 -0.0126 0.9901
vn 0.1365 -0.0118 0.9906
vn 0.5797 0.2444 0.7773
vn 0.3424 0.1018 0.9340
vn 0.0313 0.0075 0.9995
vn 0.2674 0.0953 0.9589
vn 0.0804 -0.0347 0.9962
vn 0.0733 -0.0341 0.9967
vn 0.0298 -0.0076 0.9995
vn 0.0016 -0.0031 1.0000
vn -0.0075 -0.0712 0.9974
vn 0.0918 -0.1367 0.9863
vn -0.0871 0.0285 0.9958
vn 0.0830 -0.0229 0.9963
vn -0.0132 0.1170 0.9930
vn 0.0296 0.0485 0.9984
vn 0.0447 0.0509 0.9977
vn -0.0932 0.0967 0.9909
vn -0.2056 0.3846 0.8999
vn -0.2733 0.3503 0.8959
vn -0.1793 0.4129 0.8929
vn 0.0161 0.1161 0.9931
vn 0.0774 -0.0444 0.9960
vn 0.0694 -0.0398 0.9968
vn 0.4033 0.2099 0.8907
vn 0.4877 0.1601 0.8582
vn 0.2176 0.1080 0.9700
vn 0.0723 -0.0395 0.9966
vn 0.0566 -0.0438 0.9974
vn 0.0254 -0.0692 0.9973
vn 0.0221 -0.0637 0.9977
vn 0.0336 -0.0645 0.9974
vn 0.0054 -0.0829 0.9965
vn -0.0725 -0.0961 0.9927
vn -0.0084 -0.1654 0.9862
vn -0.0196 -0.1633 0.9864
vn 0.0037 -0.2116 0.9773
vn -0.0125 0.0339 0.9993
vn 0.0509 -0.2221 0.9737
vn 0.1262 -0.0677 0.9897
vn -0.0279 -0.0430 0.9987
vn -0.0146 0.0627 0.9979
vn -0.0673 0.1211 0.9904
vn 0.0226 0.1441 0.9893
vn -0.0263 0.0614 0.9978
vn -0.0699 0.0553 0.9960
vn -0.0886 0.0747 0.9933
vn -0.1492 0.3225 0.9347
vn 0.4655 0.2666 0.8440
vn 0.5041 0.3069 0.8073
vn 0.4456 0.3053 0.8416
vn 0.0639 -0.0238 0.9977
vn 0.2727 0.1049 0.9564
vn 0.0568 -0.0285 0.9980
vn 0.0174 -0.0033 0.9998
vn 0.0276 -0.0546 0.9981
vn -0.9805 0.1449 0.1328
vn 0.1638 0.1594 0.9735
vn 0.1494 0.1494 0.9774
vn -0.0145 -0.1368 0.9905
vn -0.0289 -0.1258 0.9916
vn 0.1283 -0.0813 0.9884
vn -0.0234 -0.0586 0.9980
vn 0.0945 -0.1350 0.9863
vn 0.1198 -0.2183 0.9685
vn -0.0218 -0.0396 0.9990
vn -0.0048 0.0047 1.0000
vn -0.0863 0.0350 0.9957
vn -0.0753 0.0789 0.9940
vn -0.2061 0.3913 0.8969
vn -0.0059 0.0069 1.0000
vn -0.3098 0.3801 0.8715
vn 0.0315 0.1217 0.9921
vn 0.1672 0.0806 0.9826
vn 0.1964 0.0841 0.9769
vn 0.4590 0.1937 0.8671
vn 0.0583 -0.0522 0.9969
vn 0.2589 0.0683 0.9635
vn 0.2123 0.0698 0.9747
vn 0.4003 0.2437 0.8834
vn 0.0196 0.0261 0.9995
vn 0.3377 0.0417 0.9403
vn 0.1177 0.1285 0.9847
vn 0.0356 -0.0149 0.9993
vn -0.0809 -0.2056 0.9753
vn 0.0437 0.1650 0.9853
vn -0.0916 -0.2712 0.9582
vn -0.0026 -0.2506 0.9681
vn -0.0089 0.0071 0.9999
vn -0.0377 0.1654 0.9855
vn 0.0220 0.0954 0.9952
vn -0.0563 0.0866 0.9947
vn -0.0267 0.0557 0.9981
vn -0.1153 0.1685 0.9789
vn -0.0949 0.1777 0.9795
vn -0.2649 0.4068 0.8743
vn 0.0199 -0.0781 0.9967
vn -0.1320 0.4010 0.9065
vn -0.3166 0.1526 0.9362
vn -0.0295 -0.0496 0.9983
vn 0.5055 -0.0495 0.8614
vn 0.1579 0.1169 0.9805
vn 0.1351 0.0405 0.9900
vn 0.1076 0.0336 0.9936
vn 0.2526 0.0544 0.9660
vn 0.2664 0.0575 0.9621
vn 0.1312 0.0223 0.9911
vn 0.2263 0.0186 0.9739
vn 0.4662 0.2813 0.8388
vn 0.1821 0.3111 0.9328
vn 0.0626 -0.0261 0.9977
vn 0.0295 0.0500 0.9983
vn -0.0759 -0.2036 0.9761
vn 0.0569 -0.0259 0.9980
vn -0.0201 -0.0477 0.9987
vn -0.0042 0.0048 1.0000
vn -0.0414 0.0230 0.9989
vn -0.0624 0.0824 0.9946
vn -0.1505 0.2030 0.9675
vn -0.0085 0.0090 0.9999
vn -0.1730 0.3427 0.9234
vn -0.1889 0.3461 0.9190
vn 0.0028 0.2841 0.9588
vn 0.2296 0.0679 0.9709
vn 0.4308 0.2110 0.8775
vn 0.1420 0.0989 0.9849
vn 0.4604 0.2434 0.8537
vn 0.0729 -0.0821 0.9940
vn 0.4864 0.1994 0.8507
vn 0.1159 -0.0640 0.9912
vn 0.0306 -0.0728 0.9969
vn 0.0547 -0.0377 0.9978
vn 0.0927 -0.0213 0.9955
vn -0.0019 -0.0059 1.0000
vn -0.0384 0.0265 0.9989
vn 0.0218 0.0014 0.9998
vn 0.0723 -0.0057 0.9974
vn -0.0286 -0.0187 0.9994
vn -0.0531 0.0836 0.9951
vn 0.0166 0.0859 0.9962
vn 0.0310 0.0512 0.9982
vn -0.0799 0.1289 0.9884
vn -0.1836 0.4392 0.8794
vn 0.1161 0.2479 0.9618
vn 0.4209 0.1492 0.8948
vn 0.3386 0.0919 0.9364
vn 0.2678 0.0152 0.9634
vn 0.3428 0.1089 0.9331
vn 0.0340 -0.0168 0.9993
vn 0.0351 -0.0207 0.9992
vn -0.0822 -0.1986 0.9766
vn 0.0707 -0.0004 0.9975
vn -0.1229 -0.0674 0.9901
vn -0.0220 -0.0049 0.9997
vn 0.1586 -0.1439 0.9768
vn -0.0207 -0.0085 0.9998
vn -0.0148 -0.0061 0.9999
vn 0.0149 -0.0273 0.9995
vn -0.0210 0.0093 0.9997
vn -0.0621 0.1159 0.9913
vn -0.0337 0.0555 0.9979
vn -0.0710 0.0822 0.9941
vn 0.0220 0.0997 0.9948
vn -0.0114 0.1435 0.9896
vn -0.0724 0.1049 0.9918
vn -0.1093 0.1915 0.9754
vn -0.2684 0.5099 0.8173
vn 0.0031 -0.0033 1.0000
vn -0.0113 -0.0014 0.9999
vn -0.0320 -0.0829 0.9960
vn 0.2403 0.0325 0.9701
vn 0.4730 0.2236 0.8522
vn 0.0082 0.0472 0.9989
vn 0.3101 0.1344 0.9412
vn 0.1328 -0.0834 0.9876
vn 0.0326 -0.0379 0.9987
vn 0.0301 -0.0212 0.9993
vn 0.0293 -0.0206 0.9994
vn -0.0086 -0.0242 0.9997
vn 0.1103 -0.1719 0.9789
vn -0.1886 -0.0501 0.9808
vn 0.0446 -0.0635 0.9970
vn -0.0152 -0.0058 0.9999
vn -0.0061 0.0470 0.9989
vn -0.0669 0.1517 0.9862
vn -0.1080 0.0910 0.9900
vn -0.0241 -0.0099 0.9997
vn -0.0878 0.0075 0.9961
vn -0.0196 0.1173 0.9929
vn -0.1101 0.1985 0.9739
vn -0.2039 0.4490 0.8700
vn -0.1753 0.3314 0.9271
vn -0.1068 0.0947 0.9898
vn -0.0622 0.0772 0.9951
vn -0.1915 0.3206 0.9277
vn 0.1093 -0.0244 0.9937
vn 0.2446 0.0006 0.9696
vn 0.2774 0.0129 0.9607
vn 0.5527 0.2170 0.8046
vn 0.0738 -0.0781 0.9942
vn 0.0400 -0.0575 0.9975
vn 0.4002 0.2468 0.8826
vn 0.4285 0.2496 0.8684
vn 0.2791 0.1198 0.9528
vn 0.0801 -0.0806 0.9935
vn 0.0460 0.0171 0.9988
vn 0.0621 -0.0092 0.9980
vn 0.0901 -0.0289 0.9955
vn 0.0340 -0.0214 0.9992
vn -0.0250 -0.2918 0.9562
vn -0.0750 -0.2382 0.9683
vn 0.0600 -0.0329 0.9977
vn -0.0397 -0.1838 0.9822
vn 0.0429 -0.2441 0.9688
vn -0.0573 0.1428 0.9881
vn 0.0104 -0.0714 0.9974
vn 0.0172 0.0825 0.9964
vn -0.0741 0.0987 0.9924
vn -0.2010 0.4551 0.8674
vn -0.2044 0.3044 0.9304
vn -0.1392 0.1125 0.9838
vn -0.1921 0.3210 0.9274
vn 0.2103 0.0237 0.9774
vn 0.4486 0.1100 0.8869
vn 0.1118 -0.0372 0.9930
vn 0.3424 0.0725 0.9367
vn 0.3145 0.0804 0.9459
vn 0.4687 0.2118 0.8576
vn 0.0241 0.0096 0.9997
vn 0.0831 -0.0078 0.9965
vn 0.0348 -0.0727 0.9967
vn 0.0627 -0.0728 0.9954
vn 0.0501 -0.0784 0.9957
vn 0.0766 -0.0985 0.9922
vn 0.0498 -0.0996 0.9938
vn -0.0222 -0.0156 0.9996
vn -0.2700 0.3542 0.8954
vn -0.0363 0.2118 0.9766
vn -0.0588 -0.1014 0.9931
vn -0.0846 0.0144 0.9963
vn -0.0249 0.0452 0.9987
vn -0.1238 0.1806 0.9757
vn -0.2580 0.4896 0.8329
vn -0.1418 0.2380 0.9609
vn -0.2254 -0.2021 0.9531
vn 0.3759 -0.0231 0.9264
vn 0.2161 0.0486 0.9752
vn 0.2907 -0.0180 0.9566
vn 0.0891 -0.0340 0.9954
vn 0.3261 0.0647 0.9431
vn 0.4755 0.0668 0.8772
vn 0.0052 0.0345 0.9994
vn 0.3098 0.1428 0.9400
vn 0.0301 0.0920 0.9953
vn 0.0435 -0.0185 0.9989
vn 0.0283 -0.0154 0.9995
vn 0.0342 -0.0475 0.9983
vn -0.0828 -0.1768 0.9808
vn -0.0277 -0.0161 0.9995
vn 0.0531 0.0264 0.9982
vn -0.0336 -0.0091 0.9994
vn -0.0243 0.0677 0.9974
vn -0.0317 -0.0007 0.9995
vn -0.0515 0.0537 0.9972
vn 0.0003 -0.0145 0.9999
vn 0.0244 0.6736 0.7387
vn -0.1112 0.1953 0.9744
vn 0.4099 0.0457 0.9110
vn 0.4534 0.1488 0.8788
vn 0.3005 0.0990 0.9486
vn 0.0854 -0.0091 0.9963
vn 0.1335 0.1851 0.9736
vn 0.0396 -0.0091 0.9992
vn 0.0297 -0.0312 0.9991
vn -0.0284 -0.0073 0.9996
vn 0.0879 0.1750 0.9806
vn -0.0067 0.0670 0.9977
vn -0.0646 0.1594 0.9851
vn -0.0786 0.0124 0.9968
vn -0.0039 0.0442 0.9990
vn -0.0096 0.2880 0.9576
vn -0.0515 0.1968 0.9791
vn -0.0994 0.1812 0.9784
vn -0.3718 0.5372 0.7571
vn -0.2658 0.4738 0.8396
vn -0.1279 0.2875 0.9492
vn -0.1049 0.0973 0.9897
vn 0.2051 -0.0496 0.9775
vn -0.0284 0.0383 0.9989
vn 0.2333 -0.0276 0.9720
vn 0.2330 0.0099 0.9724
vn 0.3638 0.1035 0.9257
vn 0.0969 0.0170 0.9951
vn 0.0534 -0.0962 0.9939
vn -0.0044 0.0617 0.9981
vn 0.1171 -0.0186 0.9930
vn 0.0815 -0.0092 0.9966
vn 0.0404 0.0039 0.9992
vn -0.0695 0.0096 0.9975
vn -0.0675 0.0259 0.9974
vn -0.0082 0.0781 0.9969
vn -0.1748 -0.0926 0.9802
vn -0.0181 -0.0041 0.9998
vn -0.0135 0.0316 0.9994
vn -0.0313 0.2234 0.9742
vn -0.0896 0.2837 0.9547
vn -0.0884 0.4462 0.8905
vn -0.1091 0.1912 0.9755
vn -0.2823 0.3031 0.9102
vn -0.1201 0.2820 0.9519
vn -0.2811 0.3713 0.8849
vn -0.0769 0.0240 0.9968
vn 0.2260 -0.0243 0.9738
vn 0.1429 0.0122 0.9897
vn 0.3311 0.0799 0.9402
vn 0.4100 0.2317 0.8822
vn 0.0924 0.0497 0.9945
vn 0.2861 0.0667 0.9559
vn 0.0839 -0.0328 0.9959
vn 0.2593 0.0278 0.9654
vn 0.0257 0.0016 0.9997
vn 0.0218 -0.0203 0.9996
vn 0.0072 -0.0152 0.9999
vn 0.0297 -0.0079 0.9995
vn 0.0439 -0.0164 0.9989
vn -0.0193 0.0013 0.9998
vn -0.0067 0.0250 0.9997
vn -0.0475 -0.0011 0.9989
vn 0.4229 -0.1532 0.8932
vn 0.0021 -0.0190 0.9998
vn -0.0113 -0.0005 0.9999
vn -0.0743 0.1250 0.9894
vn -0.0452 0.0316 0.9985
vn -0.1106 0.3401 0.9339
vn -0.0104 0.1636 0.9865
vn -0.0416 0.1751 0.9837
vn -0.2423 0.3460 0.9064
vn -0.0570 0.3281 0.9429
vn 0.0131 -0.0245 0.9996
vn -0.1426 0.2537 0.9567
vn -0.0141 0.0016 0.9999
vn -0.1553 0.2273 0.9614
vn -0.1241 0.1747 0.9768
vn 0.1734 -0.1580 0.9721
vn 0.4379 0.1651 0.8838
vn 0.4513 0.1652 0.8770
vn 0.0069 0.0547 0.9985
vn 0.2381 0.0847 0.9675
vn 0.0853 0.0524 0.9950
vn 0.0811 -0.0377 0.9960
vn 0.0220 -0.0126 0.9997
vn -0.0111 -0.0385 0.9992
vn 0.0280 -0.2860 0.9578
vn -0.0018 -0.0160 0.9999
vn 0.0303 -0.0268 0.9992
vn -0.0148 -0.0118 0.9998
vn -0.1400 0.3207 0.9368
vn -0.0278 -0.0793 0.9965
vn -0.1491 0.3576 0.9219
vn -0.0248 0.1657 0.9859
vn -0.0091 0.1688 0.9856
vn -0.2292 0.5215 0.8219
vn -0.1065 0.1924 0.9755
vn -0.2225 0.2712 0.9364
vn 0.2923 -0.0203 0.9561
vn 0.3466 0.0744 0.9350
vn 0.3316 0.0507 0.9421
vn 0.2403 0.0817 0.9672
vn 0.0473 0.1040 0.9935
vn 0.0720 0.0577 0.9957
vn 0.0138 -0.0702 0.9974
vn 0.0282 -0.0065 0.9996
vn -0.0453 0.0229 0.9987
vn -0.0172 0.2793 0.9600
vn -0.1507 0.3458 0.9261
vn -0.0578 0.1878 0.9805
vn -0.0853 0.1100 0.9903
vn -0.1516 0.1895 0.9701
vn -0.1116 0.1731 0.9786
vn 0.0025 -0.0871 0.9962
vn 0.1540 -0.1048 0.9825
vn 0.2508 -0.0147 0.9679
vn 0.4009 0.1622 0.9017
vn 0.0637 -0.0808 0.9947
vn 0.2880 0.0615 0.9557
vn 0.0660 0.0915 0.9936
vn 0.1350 0.0854 0.9872
vn 0.1207 -0.0247 0.9924
vn 0.0285 -0.0088 0.9996
vn 0.0634 -0.0533 0.9966
vn -0.0113 -0.0677 0.9976
vn -0.3003 0.2581 0.9183
vn -0.0731 0.1750 0.9818
vn -0.0482 0.1696 0.9843
vn -0.0111 0.1724 0.9850
vn -0.0291 0.1862 0.9821
vn 0.0039 0.0068 1.0000
vn -0.0069 -0.0240 0.9997
vn -0.1333 0.1984 0.9710
vn -0.0632 0.1264 0.9900
vn -0.2184 0.2195 0.9509
vn -0.1768 0.1127 0.9778
vn -0.1389 0.3204 0.9370
vn 0.2742 -0.0714 0.9590
vn 0.1813 -0.0689 0.9810
vn 0.1623 -0.0102 0.9867
vn 0.0589 0.1737 0.9830
vn 0.0637 -0.0795 0.9948
vn 0.4475 0.2081 0.8698
vn 0.0136 0.0433 0.9990
vn 0.0704 -0.1107 0.9914
vn 0.0268 0.0047 0.9996
vn 0.0308 0.0040 0.9995
vn 0.0414 -0.0171 0.9990
vn 0.0028 -0.0392 0.9992
vn 0.0556 -0.0549 0.9969
vn -0.0002 -0.0178 0.9998
vn -0.0269 -0.0198 0.9994
vn -0.0261 -0.0202 0.9995
vn -0.0051 -0.0319 0.9995
vn -0.0519 0.1649 0.9849
vn -0.2419 0.4508 0.8592
vn -0.1393 0.1040 0.9848
vn -0.1523 0.3533 0.9230
vn 0.2841 0.0471 0.9576
vn 0.1476 0.0563 0.9874
vn 0.4123 0.1367 0.9008
vn 0.0439 -0.0712 0.9965
vn 0.1047 -0.0533 0.9931
vn 0.0060 -0.0215 0.9998
vn 0.0839 -0.0162 0.9963
vn -0.0092 -0.0182 0.9998
vn -0.0027 -0.0244 0.9997
vn -0.0454 0.0963 0.9943
vn -0.1053 0.1465 0.9836
vn -0.0943 0.1447 0.9850
vn -0.0514 0.1644 0.9851
vn -0.0127 0.0224 0.9997
vn -0.0246 0.0156 0.9996
vn -0.0089 0.0299 0.9995
vn -0.0890 0.0979 0.9912
vn -0.1337 0.2439 0.9605
vn -0.2900 0.3632 0.8855
vn 0.0058 0.1863 0.9825
vn -0.3067 0.4109 0.8585
vn -0.0944 0.2232 0.9702
vn -0.2212 0.2941 0.9298
vn -0.1571 0.4704 0.8683
vn 0.1891 -0.1272 0.9737
vn 0.2513 -0.1096 0.9617
vn 0.2505 -0.0113 0.9680
vn 0.2665 -0.0279 0.9634
vn 0.1404 0.0196 0.9899
vn 0.3587 0.0194 0.9332
vn 0.3895 0.2232 0.8936
vn 0.0168 0.0927 0.9956
vn 0.0920 0.1284 0.9874
vn 0.0895 0.0276 0.9956
vn -0.0351 -0.1181 0.9924
vn -0.0023 -0.1178 0.9930
vn -0.1413 0.1736 0.9746
vn 0.0042 -0.0496 0.9988
vn -0.1833 0.3967 0.8995
vn -0.1754 0.3876 0.9050
vn -0.0293 0.1580 0.9870
vn -0.0514 0.1645 0.9850
vn -0.0475 0.1581 0.9863
vn -0.1325 0.4043 0.9050
vn -0.1682 0.4479 0.8781
vn -0.1954 0.3564 0.9137
vn -0.1163 0.2549 0.9599
vn -0.1458 0.2775 0.9496
vn -0.2758 0.3643 0.8895
vn -0.0456 0.1433 0.9886
vn -0.2903 0.3503 0.8905
vn 0.2633 0.0113 0.9646
vn 0.1950 0.1267 0.9726
vn 0.3179 -0.0102 0.9481
vn 0.3308 0.0846 0.9399
vn 0.4331 0.1581 0.8874
vn 0.3037 0.0459 0.9517
vn 0.0333 0.0846 0.9959
vn 0.1485 0.0769 0.9859
vn 0.1798 0.0739 0.9809
vn 0.3098 -0.0735 0.9480
vn 0.0302 0.0537 0.9981
vn 0.0657 0.0699 0.9954
vn 0.0357 -0.0050 0.9994
vn 0.0067 0.0056 1.0000
vn 0.0108 -0.0071 0.9999
vn 0.0449 0.0415 0.9981
vn 0.0467 -0.0184 0.9987
vn -0.0177 -0.0317 0.9993
vn -0.0954 0.1456 0.9847
vn -0.0147 0.0154 0.9998
vn -0.0548 0.4160 0.9077
vn -0.3750 0.1885 0.9077
vn -0.3608 0.1681 0.9174
vn -0.0278 -0.1108 0.9935
vn 0.1079 -0.0323 0.9936
vn 0.1732 0.0134 0.9848
vn 0.2613 0.0613 0.9633
vn 0.4302 0.1230 0.8943
vn 0.0561 0.0501 0.9972
vn 0.0224 -0.0103 0.9997
vn 0.0316 -0.0134 0.9994
vn 0.0070 -0.0134 0.9999
vn -0.0052 -0.0250 0.9997
vn -0.1807 0.3305 0.9263
vn -0.1020 0.1303 0.9862
vn -0.0984 0.1369 0.9857
vn -0.0559 0.1627 0.9851
vn -0.0512 0.1581 0.9861
vn -0.0500 0.2264 0.9727
vn -0.1995 0.3865 0.9004
vn -0.0679 0.3318 0.9409
vn -0.0192 0.3341 0.9424
vn -0.0306 0.0647 0.9974
vn 0.2777 -0.0361 0.9600
vn -0.0229 0.0829 0.9963
vn 0.0580 0.0503 0.9970
vn 0.0575 0.1687 0.9840
vn -0.0764 0.0958 0.9925
vn -0.1474 0.1779 0.9730
vn -0.1475 0.2986 0.9429
vn -0.0891 0.1250 0.9882
vn -0.0701 0.0909 0.9934
vn -0.0758 0.2134 0.9740
vn -0.0886 0.2515 0.9638
vn -0.1041 0.2207 0.9698
vn -0.2544 0.3889 0.8855
vn -0.1085 0.0804 0.9908
vn -0.2247 0.1443 0.9637
vn -0.0987 0.0573 0.9935
vn -0.2445 0.0719 0.9670
vn 0.2714 0.0502 0.9612
vn 0.3451 0.0512 0.9372
vn -0.0028 0.0620 0.9981
vn 0.3807 0.1867 0.9056
vn 0.2229 -0.0857 0.9711
vn 0.0646 -0.0675 0.9956
vn 0.0559 0.0003 0.9984
vn 0.1550 -0.0588 0.9862
vn 0.0449 0.0057 0.9990
vn 0.0349 -0.0586 0.9977
vn 0.0029 -0.0502 0.9987
vn 0.0955 -0.0767 0.9925
vn 0.0210 -0.0223 0.9995
vn 0.0033 -0.0149 0.9999
vn -0.2772 -0.0166 0.9607
vn -0.1023 0.1359 0.9854
vn -0.0059 -0.0293 0.9996
vn 0.0137 -0.0098 0.9999
vn -0.0395 0.0100 0.9992
vn -0.0882 0.2767 0.9569
vn -0.1089 0.2050 0.9727
vn -0.1424 0.1915 0.9711
vn -0.0883 0.1999 0.9758
vn -0.1017 0.2140 0.9715
vn -0.1544 0.2220 0.9627
vn -0.1646 0.2189 0.9618
vn -0.0594 0.0619 0.9963
vn -0.1648 0.1337 0.9772
vn 0.1739 -0.1803 0.9681
vn 0.0852 -0.0985 0.9915
vn 0.2869 -0.0011 0.9580
vn 0.2482 -0.0590 0.9669
vn 0.3699 0.0855 0.9251
vn 0.1999 0.1230 0.9721
vn 0.1924 -0.0547 0.9798
vn 0.0956 -0.0509 0.9941
vn 0.3759 0.1422 0.9157
vn 0.1041 -0.0696 0.9921
vn -0.0653 0.0257 0.9975
vn 0.2968 0.2337 0.9259
vn 0.2490 0.2446 0.9371
vn 0.1016 0.1174 0.9879
vn 0.1649 0.0994 0.9813
vn 0.0255 -0.0435 0.9987
vn 0.0112 -0.0227 0.9997
vn 0.0209 -0.0015 0.9998
vn 0.0239 -0.0496 0.9985
vn -0.0794 0.1277 0.9886
vn -0.1115 0.2813 0.9531
vn -0.0561 0.1980 0.9786
vn -0.0210 0.1638 0.9863
vn -0.0723 0.3863 0.9195
vn -0.2227 0.2449 0.9436
vn -0.1230 -0.0487 0.9912
vn 0.0570 -0.2493 0.9668
vn 0.1552 -0.0427 0.9870
vn 0.1358 -0.0549 0.9892
vn -0.0158 0.0039 0.9999
vn 0.0260 -0.0438 0.9987
vn 0.1816 -0.2922 0.9390
vn -0.0027 -0.0288 0.9996
vn 0.0243 -0.0562 0.9981
vn -0.0035 -0.0173 0.9998
vn -0.2067 0.3147 0.9264
vn -0.0707 0.2623 0.9624
vn -0.1240 0.2828 0.9511
vn -0.0802 0.3884 0.9180
vn -0.0558 0.1321 0.9897
vn -0.0297 0.3554 0.9343
vn 0.0840 -0.0753 0.9936
vn 0.2666 0.0228 0.9636
vn 0.2611 -0.0278 0.9649
vn 0.2269 -0.0301 0.9735
vn 0.2810 -0.0513 0.9583
vn 0.0654 -0.0407 0.9970
vn 0.2980 0.0592 0.9527
vn -0.0100 -0.0071 0.9999
vn 0.3431 -0.0006 0.9393
vn -0.0841 0.0175 0.9963
vn 0.1757 0.0461 0.9834
vn 0.1298 0.0563 0.9899
vn 0.0301 -0.0149 0.9994
vn -0.1320 0.1229 0.9836
vn 0.0496 -0.0399 0.9980
vn -0.1703 0.2210 0.9603
vn -0.1029 0.1345 0.9855
vn -0.0757 0.1755 0.9816
vn -0.1606 0.3621 0.9182
vn -0.1075 0.2163 0.9704
vn -0.2627 0.2672 0.9272
vn -0.0158 0.0409 0.9990
vn -0.1695 0.2928 0.9410
vn -0.1503 0.3180 0.9361
vn -0.1484 0.2488 0.9571
vn -0.3138 0.3784 0.8708
vn -0.0761 0.1607 0.9841
vn -0.3791 0.2276 0.8970
vn 0.1024 -0.1196 0.9875
vn 0.2646 -0.0830 0.9608
vn 0.2069 -0.0566 0.9767
vn 0.2054 0.0475 0.9775
vn 0.1880 0.1599 0.9691
vn 0.4104 0.0720 0.9091
vn 0.4081 0.1104 0.9062
vn 0.4746 0.0913 0.8755
vn -0.0261 -0.0773 0.9967
vn 0.1803 0.1202 0.9762
vn 0.0812 0.1267 0.9886
vn 0.0077 -0.0700 0.9975
vn 0.0145 -0.0435 0.9989
vn 0.0171 -0.0437 0.9989
vn -0.1285 0.0345 0.9911
vn -0.2271 0.1492 0.9624
vn -0.1471 0.1552 0.9769
vn -0.1169 0.1590 0.9803
vn -0.1050 0.1650 0.9807
vn -0.1155 0.1722 0.9783
vn 0.1814 -0.4406 0.8792
vn -0.1026 0.5094 0.8544
vn -0.1281 0.3482 0.9286
vn -0.0594 0.2493 0.9666
vn -0.0736 0.1866 0.9797
vn -0.2022 0.4147 0.8872
vn -0.0783 0.3594 0.9299
vn -0.0399 0.1330 0.9903
vn -0.0981 0.2360 0.9668
vn 0.0483 0.1340 0.9898
vn -0.2216 0.3261 0.9190
vn 0.0392 -0.1528 0.9875
vn 0.1553 -0.1397 0.9779
vn 0.2184 -0.1124 0.9694
vn 0.2676 0.0824 0.9600
vn 0.1282 0.0938 0.9873
vn 0.0813 0.1103 0.9906
vn 0.0109 0.0617 0.9980
vn 0.0229 -0.0324 0.9992
vn -0.0115 -0.0094 0.9999
vn -0.0901 0.1172 0.9890
vn -0.0768 0.1313 0.9884
vn 0.0103 -0.0149 0.9998
vn -0.0601 0.1523 0.9865
vn -0.0223 0.1981 0.9799
vn -0.0966 0.1832 0.9783
vn -0.2298 0.3055 0.9241
vn -0.1209 0.2868 0.9503
vn -0.0753 0.2602 0.9626
vn 0.1259 -0.1637 0.9784
vn 0.2169 -0.1097 0.9700
vn 0.0473 -0.0167 0.9987
vn 0.1567 0.1090 0.9816
vn 0.0553 0.0569 0.9968
vn 0.0988 0.1130 0.9887
vn -0.0446 -0.1779 0.9830
vn 0.1901 -0.2524 0.9488
vn 0.0575 0.0271 0.9980
vn 0.0842 0.1108 0.9903
vn 0.0979 0.1094 0.9892
vn 0.0338 0.0069 0.9994
vn 0.0469 -0.0309 0.9984
vn -0.1693 0.1088 0.9795
vn -0.0967 0.1314 0.9866
vn -0.0101 -0.0053 0.9999
vn -0.1935 0.5289 0.8263
vn -0.0418 0.1716 0.9843
vn -0.2591 0.5418 0.7996
vn -0.1511 0.4867 0.8604
vn -0.1182 0.4309 0.8946
vn -0.1154 0.1934 0.9743
vn -0.2282 -0.0051 0.9736
vt 0.250115 0.624979
vt 0.251318 0.624415
vt 0.251945 0.624979
vt 0.252337 0.624508
vt 0.252864 0.624980
vt 0.253437 0.624537
vt 0.254225 0.624983
vt 0.257042 0.624046
vt 0.257572 0.624981
vt 0.256262 0.624982
vt 0.258046 0.624375
vt 0.258592 0.624982
vt 0.258722 0.624779
vt 0.259880 0.624982
vt 0.259980 0.624346
vt 0.260994 0.624538
vt 0.261963 0.624981
vt 0.266390 0.624204
vt 0.268432 0.624981
vt 0.264861 0.624981
vt 0.268495 0.624349
vt 0.270875 0.624252
vt 0.272972 0.624980
vt 0.271787 0.623545
vt 0.274550 0.624981
vt 0.277150 0.624260
vt 0.278798 0.624981
vt 0.279769 0.623911
vt 0.281147 0.624289
vt 0.279262 0.624982
vt 0.282505 0.624981
vt 0.282024 0.624413
vt 0.284627 0.624363
vt 0.287661 0.624981
vt 0.287295 0.624511
vt 0.288098 0.624737
vt 0.289252 0.624980
vt 0.289885 0.624440
vt 0.290190 0.624994
vt 0.290870 0.624983
vt 0.292603 0.624982
vt 0.291753 0.624982
vt 0.294204 0.624464
vt 0.296124 0.624982
vt 0.301050 0.624704
vt 0.301570 0.624982
vt 0.304153 0.624344
vt 0.309328 0.624683
vt 0.312596 0.624981
vt 0.308318 0.624980
vt 0.250113 0.624291
vt 0.255250 0.624113
vt 0.259120 0.624328
vt 0.263948 0.624291
vt 0.263421 0.624984
vt 0.264847 0.623771
vt 0.277812 0.624208
vt 0.285849 0.624272
vt 0.288169 0.624247
vt 0.296762 0.624005
vt 0.298168 0.623918
vt 0.304441 0.624981
vt 0.305807 0.624981
vt 0.305987 0.623862
vt 0.306873 0.624993
vt 0.307700 0.623645
vt 0.307666 0.624986
vt 0.310669 0.624170
vt 0.312599 0.623345
vt 0.252329 0.623863
vt 0.258747 0.624092
vt 0.261048 0.623863
vt 0.262344 0.623593
vt 0.275968 0.623612
vt 0.278326 0.623835
vt 0.281104 0.623948
vt 0.286661 0.624229
vt 0.287190 0.624008
vt 0.291388 0.623485
vt 0.300023 0.623993
vt 0.251221 0.623698
vt 0.259177 0.623807
vt 0.259904 0.624030
vt 0.261643 0.623661
vt 0.264227 0.623846
vt 0.280287 0.623868
vt 0.283104 0.623825
vt 0.284396 0.623973
vt 0.284666 0.623629
vt 0.286092 0.623877
vt 0.294804 0.623797
vt 0.301255 0.623866
vt 0.309370 0.623489
vt 0.253050 0.623155
vt 0.255007 0.623492
vt 0.256556 0.623311
vt 0.260167 0.623592
vt 0.264062 0.623477
vt 0.265556 0.623579
vt 0.266150 0.623402
vt 0.266480 0.622990
vt 0.268801 0.622959
vt 0.276392 0.623541
vt 0.276855 0.623634
vt 0.280195 0.623545
vt 0.281209 0.623561
vt 0.282385 0.623640
vt 0.283614 0.623554
vt 0.285470 0.623088
vt 0.289981 0.623384
vt 0.293096 0.623682
vt 0.295853 0.623585
vt 0.296900 0.623596
vt 0.297578 0.623521
vt 0.298441 0.623493
vt 0.299754 0.623567
vt 0.302587 0.623681
vt 0.303358 0.623575
vt 0.304401 0.623337
vt 0.311547 0.623592
vt 0.251419 0.622740
vt 0.261184 0.623375
vt 0.262998 0.623250
vt 0.265076 0.622978
vt 0.271001 0.623088
vt 0.277314 0.623338
vt 0.278986 0.622987
vt 0.279525 0.623300
vt 0.280350 0.623255
vt 0.283026 0.623241
vt 0.293472 0.623185
vt 0.294611 0.623294
vt 0.301538 0.623408
vt 0.302942 0.623230
vt 0.305680 0.623132
vt 0.308171 0.623224
vt 0.309781 0.622970
vt 0.310657 0.623055
vt 0.250115 0.622788
vt 0.254471 0.623053
vt 0.255054 0.622992
vt 0.255743 0.623018
vt 0.256759 0.622932
vt 0.258542 0.622835
vt 0.258773 0.622508
vt 0.262083 0.623137
vt 0.264357 0.623089
vt 0.267205 0.622974
vt 0.278126 0.622641
vt 0.280624 0.623032
vt 0.281358 0.623167
vt 0.289054 0.623115
vt 0.291716 0.623177
vt 0.292759 0.623200
vt 0.298681 0.622526
vt 0.300460 0.622830
vt 0.303642 0.623158
vt 0.253145 0.622794
vt 0.256252 0.622844
vt 0.262783 0.622947
vt 0.263019 0.622736
vt 0.266078 0.622992
vt 0.282714 0.622287
vt 0.287140 0.622856
vt 0.289262 0.622904
vt 0.290272 0.622754
vt 0.291657 0.622780
vt 0.295639 0.622104
vt 0.297254 0.622482
vt 0.304633 0.622966
vt 0.305337 0.622874
vt 0.306450 0.622871
vt 0.311189 0.622864
vt 0.311829 0.622506
vt 0.251777 0.622263
vt 0.252273 0.622339
vt 0.253602 0.622588
vt 0.255015 0.622642
vt 0.256477 0.622289
vt 0.260229 0.622368
vt 0.264192 0.622672
vt 0.265274 0.622474
vt 0.266071 0.622620
vt 0.266391 0.622352
vt 0.276261 0.621389
vt 0.277122 0.621557
vt 0.281131 0.622241
vt 0.285325 0.622592
vt 0.287290 0.622423
vt 0.288442 0.622583
vt 0.292699 0.622058
vt 0.303351 0.622370
vt 0.306099 0.622732
vt 0.307405 0.622538
vt 0.310223 0.622580
vt 0.250114 0.621684
vt 0.253796 0.622310
vt 0.256881 0.622491
vt 0.257556 0.622322
vt 0.261298 0.622131
vt 0.267350 0.621081
vt 0.270951 0.621199
vt 0.283653 0.622306
vt 0.285512 0.622298
vt 0.290080 0.622223
vt 0.293928 0.621637
vt 0.301123 0.622215
vt 0.306266 0.622324
vt 0.308281 0.622300
vt 0.308864 0.622068
vt 0.252731 0.622192
vt 0.257085 0.622052
vt 0.259117 0.622069
vt 0.259837 0.622255
vt 0.262038 0.621881
vt 0.278108 0.621688
vt 0.284427 0.622015
vt 0.305243 0.622084
vt 0.307680 0.622144
vt 0.311307 0.622073
vt 0.312596 0.621942
vt 0.252009 0.621590
vt 0.257977 0.621897
vt 0.260012 0.621930
vt 0.263590 0.621531
vt 0.265044 0.621408
vt 0.266946 0.621395
vt 0.271576 0.621204
vt 0.279202 0.621873
vt 0.280731 0.621976
vt 0.281283 0.621613
vt 0.281823 0.621760
vt 0.283103 0.621993
vt 0.287433 0.621780
vt 0.291235 0.621606
vt 0.297783 0.621845
vt 0.303239 0.621821
vt 0.306861 0.621593
vt 0.308423 0.621810
vt 0.309516 0.621910
vt 0.310172 0.621602
vt 0.250693 0.621197
vt 0.251261 0.621132
vt 0.254376 0.620568
vt 0.257354 0.621677
vt 0.259026 0.621578
vt 0.261031 0.621675
vt 0.261456 0.621634
vt 0.262736 0.621699
vt 0.265858 0.621009
vt 0.269354 0.620470
vt 0.279845 0.621708
vt 0.285307 0.621558
vt 0.288214 0.621527
vt 0.288723 0.621307
vt 0.289848 0.621893
vt 0.308067 0.621180
vt 0.309132 0.621624
vt 0.252275 0.620878
vt 0.256980 0.621056
vt 0.261898 0.621251
vt 0.262410 0.621276
vt 0.277549 0.621224
vt 0.278137 0.621201
vt 0.278969 0.621487
vt 0.281244 0.621235
vt 0.283329 0.621441
vt 0.286115 0.621344
vt 0.291482 0.621150
vt 0.298939 0.621306
vt 0.304452 0.620318
vt 0.309861 0.621429
vt 0.310981 0.621099
vt 0.250115 0.621221
vt 0.260938 0.621199
vt 0.262731 0.621049
vt 0.263528 0.621128
vt 0.264045 0.621062
vt 0.266385 0.621255
vt 0.278811 0.620915
vt 0.283780 0.621013
vt 0.292201 0.620554
vt 0.310491 0.621191
vt 0.250109 0.620747
vt 0.251743 0.620775
vt 0.261424 0.620260
vt 0.263104 0.620807
vt 0.264641 0.620954
vt 0.265948 0.620786
vt 0.266365 0.620970
vt 0.269882 0.620331
vt 0.272791 0.620596
vt 0.277696 0.620713
vt 0.281605 0.620891
vt 0.309488 0.620839
vt 0.310726 0.620779
vt 0.311936 0.620900
vt 0.251349 0.620679
vt 0.252775 0.620266
vt 0.257164 0.620179
vt 0.265123 0.620425
vt 0.266283 0.620537
vt 0.276505 0.619734
vt 0.280319 0.620469
vt 0.285366 0.620570
vt 0.299281 0.620432
vt 0.301023 0.620272
vt 0.310116 0.620321
vt 0.311549 0.620698
vt 0.312594 0.620583
vt 0.250113 0.620436
vt 0.250828 0.620386
vt 0.251535 0.620096
vt 0.261084 0.619761
vt 0.263578 0.620255
vt 0.269721 0.618703
vt 0.274278 0.620082
vt 0.278853 0.620368
vt 0.281712 0.620184
vt 0.306381 0.619763
vt 0.312105 0.620330
vt 0.253832 0.620212
vt 0.254923 0.619767
vt 0.261967 0.620066
vt 0.264875 0.620168
vt 0.284103 0.619564
vt 0.294030 0.619641
vt 0.296769 0.619798
vt 0.298144 0.619926
vt 0.299557 0.620000
vt 0.302562 0.620192
vt 0.303599 0.619885
vt 0.311300 0.619890
vt 0.312596 0.620188
vt 0.260101 0.619623
vt 0.267076 0.619414
vt 0.271955 0.619844
vt 0.291674 0.619397
vt 0.292935 0.619556
vt 0.295158 0.619733
vt 0.301088 0.619900
vt 0.302611 0.619884
vt 0.309264 0.618453
vt 0.251945 0.618861
vt 0.255823 0.618469
vt 0.261108 0.619451
vt 0.267144 0.619097
vt 0.279577 0.619164
vt 0.286889 0.619231
vt 0.298642 0.619673
vt 0.299671 0.619626
vt 0.300559 0.619282
vt 0.302992 0.619721
vt 0.303296 0.619489
vt 0.305445 0.619720
vt 0.263916 0.618382
vt 0.273243 0.619115
vt 0.294347 0.619156
vt 0.295128 0.619177
vt 0.295661 0.619461
vt 0.296801 0.619446
vt 0.297941 0.619413
vt 0.302051 0.619046
vt 0.304851 0.619404
vt 0.306059 0.619164
vt 0.307110 0.619156
vt 0.312596 0.619136
vt 0.252692 0.618529
vt 0.254677 0.618408
vt 0.259517 0.618877
vt 0.284105 0.618735
vt 0.286338 0.618722
vt 0.289406 0.619049
vt 0.292089 0.619042
vt 0.293556 0.619130
vt 0.298846 0.618862
vt 0.300697 0.618412
vt 0.257510 0.618532
vt 0.260784 0.618757
vt 0.270394 0.618375
vt 0.280794 0.618372
vt 0.287413 0.618475
vt 0.290674 0.618711
vt 0.295020 0.618180
vt 0.296778 0.618207
vt 0.306731 0.618631
vt 0.308386 0.618582
vt 0.252015 0.618352
vt 0.259636 0.618603
vt 0.266637 0.617832
vt 0.274339 0.618036
vt 0.278341 0.618104
vt 0.288762 0.618749
vt 0.289601 0.618365
vt 0.292905 0.618317
vt 0.299287 0.618349
vt 0.304238 0.618105
vt 0.305163 0.618472
vt 0.307826 0.618421
vt 0.310016 0.618080
vt 0.258013 0.618304
vt 0.263747 0.617965
vt 0.281640 0.618006
vt 0.282773 0.617953
vt 0.284932 0.618456
vt 0.290759 0.618046
vt 0.298651 0.617481
vt 0.302573 0.617866
vt 0.305657 0.617603
vt 0.250113 0.616761
vt 0.253518 0.618120
vt 0.254658 0.617974
vt 0.256272 0.618170
vt 0.265070 0.617137
vt 0.268072 0.617628
vt 0.279770 0.618138
vt 0.283624 0.618194
vt 0.285987 0.618160
vt 0.299604 0.617276
vt 0.307577 0.617522
vt 0.308648 0.618087
vt 0.310711 0.617766
vt 0.274965 0.617655
vt 0.278832 0.617685
vt 0.280956 0.617881
vt 0.287342 0.617477
vt 0.292101 0.617209
vt 0.294214 0.617351
vt 0.296543 0.617268
vt 0.306169 0.617300
vt 0.309553 0.617794
vt 0.312595 0.616676
vt 0.253496 0.616719
vt 0.260603 0.617203
vt 0.266441 0.617338
vt 0.268860 0.616420
vt 0.272407 0.617470
vt 0.273703 0.617333
vt 0.277187 0.617823
vt 0.279197 0.617199
vt 0.282011 0.616042
vt 0.283393 0.617216
vt 0.289759 0.617268
vt 0.295042 0.617162
vt 0.258122 0.616752
vt 0.263674 0.616720
vt 0.276486 0.617473
vt 0.276992 0.617066
vt 0.285855 0.617300
vt 0.296872 0.617038
vt 0.297870 0.617233
vt 0.304970 0.616096
vt 0.308714 0.616807
vt 0.310310 0.617353
vt 0.310735 0.617137
vt 0.311908 0.617061
vt 0.265026 0.616673
vt 0.274523 0.617180
vt 0.277877 0.616332
vt 0.286204 0.617176
vt 0.287392 0.617262
vt 0.299182 0.616810
vt 0.300797 0.617110
vt 0.302185 0.617118
vt 0.303119 0.616956
vt 0.309370 0.616788
vt 0.261850 0.616204
vt 0.270692 0.616522
vt 0.273031 0.616889
vt 0.273803 0.616410
vt 0.275914 0.616448
vt 0.281292 0.616144
vt 0.282646 0.616058
vt 0.286465 0.616959
vt 0.290173 0.616427
vt 0.291095 0.616026
vt 0.293113 0.616747
vt 0.295204 0.616872
vt 0.297376 0.616677
vt 0.298105 0.616055
vt 0.300911 0.616821
vt 0.303971 0.616406
vt 0.307682 0.616081
vt 0.311264 0.616877
vt 0.263690 0.616394
vt 0.271711 0.616761
vt 0.286783 0.616609
vt 0.287351 0.616290
vt 0.299998 0.616667
vt 0.302830 0.616684
vt 0.253268 0.616397
vt 0.272675 0.614934
vt 0.279042 0.615892
vt 0.283478 0.615501
vt 0.284443 0.615673
vt 0.286023 0.616330
vt 0.288625 0.615479
vt 0.292530 0.616322
vt 0.300573 0.615620
vt 0.301401 0.615460
vt 0.305607 0.615955
vt 0.306466 0.616033
vt 0.308901 0.615945
vt 0.310001 0.615779
vt 0.311794 0.616363
vt 0.259493 0.615613
vt 0.265326 0.615346
vt 0.269800 0.615847
vt 0.270488 0.615746
vt 0.271894 0.615252
vt 0.286386 0.616002
vt 0.286894 0.615775
vt 0.293763 0.615659
vt 0.296738 0.616094
vt 0.299505 0.615865
vt 0.303189 0.616172
vt 0.261550 0.615796
vt 0.273481 0.614985
vt 0.304242 0.615889
vt 0.305982 0.615312
vt 0.307057 0.615296
vt 0.254755 0.615185
vt 0.268000 0.615635
vt 0.280409 0.615287
vt 0.292108 0.615230
vt 0.295147 0.615253
vt 0.302371 0.615120
vt 0.308314 0.614880
vt 0.311708 0.615385
vt 0.312596 0.615880
vt 0.250113 0.615106
vt 0.267156 0.615260
vt 0.271408 0.614753
vt 0.275815 0.614790
vt 0.277179 0.615231
vt 0.278272 0.614988
vt 0.279118 0.614649
vt 0.282070 0.614361
vt 0.285621 0.615250
vt 0.296362 0.614720
vt 0.303917 0.614946
vt 0.305272 0.614912
vt 0.252094 0.614868
vt 0.258374 0.615097
vt 0.259506 0.614785
vt 0.262487 0.614441
vt 0.283383 0.614557
vt 0.284077 0.614875
vt 0.290056 0.614768
vt 0.293276 0.614850
vt 0.299045 0.614119
vt 0.300017 0.614022
vt 0.311876 0.614561
vt 0.254233 0.614790
vt 0.255895 0.614748
vt 0.268880 0.614116
vt 0.281327 0.614642
vt 0.285566 0.613746
vt 0.287801 0.614665
vt 0.297657 0.613355
vt 0.301525 0.615008
vt 0.306294 0.614923
vt 0.307032 0.614239
vt 0.307340 0.614518
vt 0.309535 0.614396
vt 0.310902 0.613906
vt 0.256065 0.613814
vt 0.280149 0.614629
vt 0.282743 0.614118
vt 0.288613 0.613766
vt 0.303888 0.614397
vt 0.310371 0.614272
vt 0.250108 0.613964
vt 0.264037 0.613996
vt 0.264548 0.614103
vt 0.265048 0.614301
vt 0.272930 0.613816
vt 0.276105 0.614242
vt 0.277225 0.613628
vt 0.284200 0.614004
vt 0.286461 0.613533
vt 0.290374 0.613715
vt 0.294286 0.613719
vt 0.301740 0.613260
vt 0.302880 0.614031
vt 0.308292 0.614146
vt 0.253657 0.613820
vt 0.256857 0.613291
vt 0.259964 0.613674
vt 0.274394 0.613822
vt 0.278372 0.613719
vt 0.279269 0.613766
vt 0.280996 0.614000
vt 0.289434 0.613810
vt 0.293126 0.613268
vt 0.305119 0.613658
vt 0.305597 0.613756
vt 0.309220 0.613943
vt 0.251315 0.613780
vt 0.262611 0.613561
vt 0.266412 0.613323
vt 0.270587 0.613782
vt 0.307188 0.613352
vt 0.310082 0.613543
vt 0.250113 0.613195
vt 0.257698 0.612535
vt 0.261284 0.612857
vt 0.271804 0.612907
vt 0.275546 0.613427
vt 0.282023 0.613673
vt 0.284595 0.613179
vt 0.287426 0.613154
vt 0.291455 0.612747
vt 0.295655 0.612773
vt 0.303189 0.613606
vt 0.303768 0.613123
vt 0.310485 0.612984
vt 0.312598 0.612510
vt 0.273473 0.612410
vt 0.277378 0.613402
vt 0.278479 0.612692
vt 0.279588 0.613197
vt 0.280836 0.613227
vt 0.283389 0.613000
vt 0.290012 0.613074
vt 0.293596 0.612917
vt 0.302407 0.612842
vt 0.304530 0.612792
vt 0.250112 0.612111
vt 0.267605 0.612483
vt 0.270571 0.612208
vt 0.276846 0.612919
vt 0.278027 0.613066
vt 0.281986 0.612964
vt 0.284266 0.612702
vt 0.290283 0.612915
vt 0.306170 0.612981
vt 0.307717 0.612635
vt 0.309204 0.612046
vt 0.312078 0.612975
vt 0.252597 0.612496
vt 0.260413 0.612494
vt 0.263849 0.611867
vt 0.265252 0.612487
vt 0.268950 0.612329
vt 0.274927 0.612478
vt 0.280207 0.612763
vt 0.285555 0.612697
vt 0.288714 0.612344
vt 0.289981 0.612381
vt 0.291755 0.611986
vt 0.298629 0.612342
vt 0.311007 0.612339
vt 0.253439 0.611471
vt 0.259698 0.612309
vt 0.277456 0.612594
vt 0.282251 0.612613
vt 0.289489 0.612279
vt 0.290586 0.612321
vt 0.291239 0.612204
vt 0.299699 0.611536
vt 0.307219 0.612365
vt 0.308394 0.612302
vt 0.309906 0.611946
vt 0.255650 0.611685
vt 0.271241 0.611331
vt 0.273635 0.611826
vt 0.275784 0.612047
vt 0.276358 0.611826
vt 0.281228 0.612328
vt 0.285566 0.612109
vt 0.286908 0.612491
vt 0.287350 0.611794
vt 0.301338 0.611423
vt 0.305833 0.612172
vt 0.277714 0.611675
vt 0.279032 0.612038
vt 0.279541 0.612058
vt 0.281323 0.612015
vt 0.282659 0.611942
vt 0.283766 0.611780
vt 0.287410 0.611223
vt 0.297237 0.612175
vt 0.302631 0.611156
vt 0.304530 0.610918
vt 0.307948 0.611883
vt 0.255898 0.611344
vt 0.258190 0.611050
vt 0.260827 0.611228
vt 0.269454 0.610510
vt 0.274570 0.611478
vt 0.279679 0.611572
vt 0.293160 0.611495
vt 0.294976 0.611104
vt 0.306073 0.610990
vt 0.250113 0.610512
vt 0.257388 0.611659
vt 0.263778 0.610799
vt 0.266001 0.610813
vt 0.273102 0.611371
vt 0.275245 0.611442
vt 0.278009 0.611449
vt 0.284794 0.611507
vt 0.286490 0.611504
vt 0.288874 0.611680
vt 0.290223 0.611603
vt 0.309222 0.611519
vt 0.311061 0.610458
vt 0.258614 0.609885
vt 0.261848 0.610501
vt 0.267526 0.610041
vt 0.276411 0.611433
vt 0.278219 0.611102
vt 0.281093 0.611413
vt 0.282734 0.611003
vt 0.285578 0.611249
vt 0.286340 0.611013
vt 0.289680 0.611324
vt 0.291127 0.610666
vt 0.307032 0.611229
vt 0.308081 0.611102
vt 0.310724 0.610943
vt 0.254746 0.610947
vt 0.255372 0.610336
vt 0.273509 0.610642
vt 0.273878 0.610193
vt 0.276650 0.610871
vt 0.279865 0.610812
vt 0.280929 0.611117
vt 0.281703 0.611004
vt 0.284439 0.610889
vt 0.288227 0.610768
vt 0.289089 0.610599
vt 0.291527 0.610909
vt 0.293941 0.610822
vt 0.296805 0.610632
vt 0.298153 0.611064
vt 0.298884 0.610671
vt 0.253284 0.610449
vt 0.263613 0.609761
vt 0.268910 0.610234
vt 0.272940 0.610729
vt 0.275067 0.610386
vt 0.276111 0.610969
vt 0.289718 0.610620
vt 0.290314 0.610870
vt 0.307562 0.610967
vt 0.308568 0.610454
vt 0.309013 0.610475
vt 0.310314 0.610476
vt 0.255916 0.609880
vt 0.271741 0.609966
vt 0.276492 0.610092
vt 0.278176 0.610623
vt 0.285770 0.610706
vt 0.287323 0.610467
vt 0.290135 0.609768
vt 0.292053 0.610445
vt 0.302496 0.610363
vt 0.251590 0.609846
vt 0.254054 0.610117
vt 0.256921 0.609897
vt 0.261672 0.609960
vt 0.266300 0.609771
vt 0.279781 0.610134
vt 0.281211 0.609970
vt 0.282906 0.610250
vt 0.284497 0.610206
vt 0.286312 0.610401
vt 0.288147 0.610020
vt 0.288815 0.610207
vt 0.291452 0.609740
vt 0.294300 0.609784
vt 0.299476 0.610049
vt 0.305782 0.609323
vt 0.311940 0.609804
vt 0.262700 0.609405
vt 0.265092 0.609486
vt 0.270256 0.609303
vt 0.278977 0.610026
vt 0.281838 0.610020
vt 0.287182 0.609975
vt 0.289442 0.609920
vt 0.303907 0.609717
vt 0.307695 0.609317
vt 0.312596 0.609457
vt 0.253040 0.609792
vt 0.253328 0.609336
vt 0.256477 0.609518
vt 0.274000 0.609900
vt 0.277864 0.609485
vt 0.282714 0.609519
vt 0.283945 0.609945
vt 0.285841 0.609911
vt 0.286606 0.609799
vt 0.292544 0.609701
vt 0.301443 0.608862
vt 0.309541 0.609623
vt 0.311068 0.609381
vt 0.258679 0.609151
vt 0.259440 0.608727
vt 0.271162 0.609418
vt 0.275639 0.609528
vt 0.275754 0.609067
vt 0.279165 0.609551
vt 0.284662 0.609597
vt 0.288025 0.609465
vt 0.289073 0.609457
vt 0.295709 0.609191
vt 0.299059 0.609282
vt 0.303118 0.608786
vt 0.307178 0.608636
vt 0.250110 0.609275
vt 0.251153 0.608894
vt 0.252655 0.609266
vt 0.253779 0.608904
vt 0.255424 0.608951
vt 0.256996 0.608963
vt 0.258090 0.608960
vt 0.266386 0.608582
vt 0.269717 0.608920
vt 0.274021 0.608844
vt 0.276406 0.608818
vt 0.281393 0.608927
vt 0.282223 0.609224
vt 0.284985 0.609089
vt 0.287182 0.608987
vt 0.292476 0.609103
vt 0.293836 0.609333
vt 0.300337 0.608779
vt 0.308281 0.609054
vt 0.311583 0.609026
vt 0.260218 0.608375
vt 0.267855 0.608615
vt 0.271916 0.608819
vt 0.274594 0.608669
vt 0.277042 0.608683
vt 0.285673 0.608843
vt 0.290056 0.608937
vt 0.291194 0.609122
vt 0.305742 0.608589
vt 0.257086 0.608460
vt 0.262422 0.607762
vt 0.270991 0.608568
vt 0.271989 0.608077
vt 0.278624 0.608738
vt 0.279322 0.608672
vt 0.281598 0.608059
vt 0.288891 0.608889
vt 0.294472 0.608447
vt 0.296845 0.608394
vt 0.310521 0.608413
vt 0.268628 0.607675
vt 0.282080 0.608363
vt 0.283162 0.608316
vt 0.286675 0.608387
vt 0.288289 0.608581
vt 0.289709 0.608408
vt 0.290725 0.608503
vt 0.291281 0.608216
vt 0.293059 0.608206
vt 0.309240 0.608004
vt 0.311731 0.608521
vt 0.250113 0.608188
vt 0.251279 0.608366
vt 0.254772 0.608000
vt 0.255416 0.608428
vt 0.256328 0.608285
vt 0.258142 0.608059
vt 0.258712 0.608220
vt 0.259437 0.607832
vt 0.265081 0.607428
vt 0.275307 0.608400
vt 0.280012 0.608296
vt 0.283419 0.608059
vt 0.284784 0.608326
vt 0.285329 0.608093
vt 0.287807 0.608272
vt 0.289218 0.607978
vt 0.293698 0.608155
vt 0.295832 0.608178
vt 0.297578 0.607769
vt 0.299052 0.607492
vt 0.302684 0.607861
vt 0.305427 0.607725
vt 0.310922 0.607791
vt 0.312596 0.608335
vt 0.252498 0.607661
vt 0.253694 0.608005
vt 0.257155 0.607715
vt 0.273765 0.608043
vt 0.274283 0.607787
vt 0.278406 0.608069
vt 0.286306 0.607457
vt 0.290524 0.607949
vt 0.291876 0.607865
vt 0.299574 0.607501
vt 0.304100 0.607284
vt 0.251069 0.607470
vt 0.266931 0.606824
vt 0.270248 0.607671
vt 0.270545 0.607145
vt 0.272954 0.607489
vt 0.288446 0.607636
vt 0.292470 0.607573
vt 0.294172 0.607773
vt 0.300860 0.607477
vt 0.307767 0.607521
vt 0.254286 0.607391
vt 0.255806 0.606333
vt 0.258290 0.607128
vt 0.260747 0.607182
vt 0.263830 0.606888
vt 0.275528 0.607439
vt 0.275946 0.606721
vt 0.278372 0.606920
vt 0.281752 0.607122
vt 0.283431 0.607400
vt 0.291350 0.607446
vt 0.293992 0.607272
vt 0.294789 0.607327
vt 0.311871 0.607276
vt 0.250115 0.607378
vt 0.255503 0.607074
vt 0.259928 0.607007
vt 0.261304 0.606486
vt 0.267762 0.606758
vt 0.268993 0.606921
vt 0.271829 0.606367
vt 0.282153 0.606621
vt 0.284436 0.607022
vt 0.285954 0.606675
vt 0.289960 0.607430
vt 0.309951 0.606959
vt 0.312597 0.607376
vt 0.251978 0.606662
vt 0.253939 0.606895
vt 0.256724 0.606784
vt 0.259235 0.607104
vt 0.265344 0.607065
vt 0.272392 0.606372
vt 0.278905 0.606539
vt 0.280084 0.606990
vt 0.290715 0.606976
vt 0.291926 0.607013
vt 0.293206 0.607144
vt 0.296391 0.606414
vt 0.297556 0.606442
vt 0.309243 0.606628
vt 0.311606 0.606273
vt 0.250809 0.606664
vt 0.252861 0.606273
vt 0.260713 0.606330
vt 0.263695 0.606359
vt 0.269383 0.606588
vt 0.270651 0.606432
vt 0.274744 0.606469
vt 0.284814 0.605861
vt 0.286725 0.606122
vt 0.288650 0.606383
vt 0.290216 0.606310
vt 0.293979 0.606690
vt 0.294777 0.606523
vt 0.295320 0.606581
vt 0.299947 0.606549
vt 0.302479 0.606534
vt 0.304536 0.605957
vt 0.252089 0.606202
vt 0.255143 0.606420
vt 0.258772 0.606308
vt 0.262504 0.606346
vt 0.266131 0.606344
vt 0.273099 0.606494
vt 0.277434 0.606297
vt 0.277970 0.606167
vt 0.280215 0.606442
vt 0.280831 0.606742
vt 0.282755 0.605772
vt 0.283777 0.606192
vt 0.287623 0.606041
vt 0.291433 0.606475
vt 0.292452 0.606601
vt 0.293127 0.606166
vt 0.293555 0.606482
vt 0.300911 0.605992
vt 0.301618 0.606079
vt 0.303384 0.605841
vt 0.305494 0.606383
vt 0.306641 0.606570
vt 0.250115 0.605526
vt 0.257505 0.606193
vt 0.259387 0.605987
vt 0.266259 0.606099
vt 0.267593 0.606213
vt 0.268288 0.606080
vt 0.269429 0.605764
vt 0.271060 0.605453
vt 0.289087 0.606168
vt 0.308642 0.605983
vt 0.312596 0.605326
vt 0.251116 0.605731
vt 0.256140 0.605599
vt 0.265005 0.606183
vt 0.273790 0.605961
vt 0.279337 0.605943
vt 0.281249 0.605937
vt 0.292245 0.605818
vt 0.294323 0.606030
vt 0.295651 0.605926
vt 0.296373 0.605808
vt 0.298211 0.605985
vt 0.299367 0.605894
vt 0.307315 0.605592
vt 0.310774 0.605764
vt 0.252832 0.605568
vt 0.254574 0.605375
vt 0.261516 0.605818
vt 0.263975 0.605405
vt 0.264940 0.605520
vt 0.272538 0.605573
vt 0.274654 0.605774
vt 0.278637 0.605289
vt 0.281392 0.605257
vt 0.293737 0.605666
vt 0.294892 0.605587
vt 0.297197 0.605974
vt 0.299924 0.605565
vt 0.305524 0.605401
vt 0.306503 0.606017
vt 0.252183 0.605213
vt 0.258536 0.605238
vt 0.260600 0.605711
vt 0.262302 0.605063
vt 0.266671 0.605717
vt 0.266715 0.605372
vt 0.268575 0.605357
vt 0.269152 0.605016
vt 0.273729 0.604772
vt 0.275190 0.605277
vt 0.277479 0.605486
vt 0.279198 0.605317
vt 0.280272 0.605513
vt 0.282141 0.604533
vt 0.285098 0.604709
vt 0.286762 0.604874
vt 0.289462 0.604950
vt 0.298571 0.605669
vt 0.299075 0.605464
vt 0.301558 0.605501
vt 0.302578 0.605022
vt 0.304090 0.605432
vt 0.306027 0.605512
vt 0.253656 0.605100
vt 0.257256 0.605177
vt 0.261020 0.605073
vt 0.265488 0.604966
vt 0.271780 0.605305
vt 0.276830 0.604911
vt 0.287415 0.605370
vt 0.290834 0.605123
vt 0.293345 0.605210
vt 0.294143 0.605398
vt 0.295526 0.605042
vt 0.297645 0.605022
vt 0.299758 0.605152
vt 0.301258 0.604938
vt 0.304426 0.605358
vt 0.310939 0.604736
vt 0.251774 0.604020
vt 0.259052 0.604215
vt 0.277835 0.604632
vt 0.283092 0.604811
vt 0.291930 0.604988
vt 0.294496 0.605044
vt 0.295995 0.604861
vt 0.296753 0.604986
vt 0.297932 0.604728
vt 0.300241 0.604603
vt 0.306800 0.604924
vt 0.308843 0.604932
vt 0.256174 0.604688
vt 0.258212 0.604809
vt 0.262801 0.604928
vt 0.266711 0.604856
vt 0.269874 0.604704
vt 0.270761 0.604171
vt 0.272723 0.604834
vt 0.278994 0.604762
vt 0.280259 0.604824
vt 0.292976 0.604635
vt 0.294378 0.604271
vt 0.301874 0.604841
vt 0.303638 0.604351
vt 0.308163 0.604539
vt 0.250113 0.604270
vt 0.252662 0.604659
vt 0.254887 0.604349
vt 0.260573 0.604495
vt 0.261762 0.604516
vt 0.262987 0.604046
vt 0.265394 0.604479
vt 0.267507 0.604083
vt 0.271841 0.604526
vt 0.274625 0.604369
vt 0.280956 0.604561
vt 0.287662 0.604326
vt 0.288914 0.604211
vt 0.290283 0.604217
vt 0.292469 0.604485
vt 0.294962 0.604588
vt 0.296456 0.604248
vt 0.299474 0.604522
vt 0.302721 0.604475
vt 0.307453 0.603897
vt 0.264337 0.603846
vt 0.268365 0.604098
vt 0.268779 0.603710
vt 0.272464 0.603955
vt 0.275815 0.603818
vt 0.279457 0.603878
vt 0.283525 0.604004
vt 0.291834 0.604326
vt 0.293790 0.603804
vt 0.295426 0.604244
vt 0.297433 0.604234
vt 0.298398 0.604130
vt 0.300830 0.604114
vt 0.301603 0.604106
vt 0.304863 0.603908
vt 0.305182 0.603687
vt 0.312597 0.604043
vt 0.253594 0.603806
vt 0.257105 0.603706
vt 0.258284 0.604221
vt 0.259817 0.603442
vt 0.260576 0.603585
vt 0.266575 0.603926
vt 0.269956 0.603761
vt 0.274013 0.603820
vt 0.277194 0.603876
vt 0.278259 0.603394
vt 0.280483 0.603640
vt 0.282260 0.603660
vt 0.285270 0.603308
vt 0.293129 0.603914
vt 0.299557 0.604141
vt 0.303450 0.603995
vt 0.306432 0.603190
vt 0.310535 0.603916
vt 0.252731 0.602806
vt 0.256006 0.603374
vt 0.267168 0.603729
vt 0.271055 0.603721
vt 0.278994 0.603165
vt 0.279969 0.603007
vt 0.286653 0.603746
vt 0.288605 0.603321
vt 0.290181 0.603287
vt 0.290823 0.603546
vt 0.295142 0.603590
vt 0.295890 0.603750
vt 0.298249 0.603669
vt 0.298875 0.603848
vt 0.309299 0.603434
vt 0.311819 0.603342
vt 0.250113 0.603505
vt 0.251433 0.603149
vt 0.254807 0.603633
vt 0.258286 0.602906
vt 0.259525 0.602929
vt 0.261918 0.603376
vt 0.264579 0.603204
vt 0.267965 0.603469
vt 0.269099 0.603166
vt 0.273296 0.603173
vt 0.274447 0.603419
vt 0.288046 0.602989
vt 0.291870 0.603344
vt 0.294598 0.603481
vt 0.296302 0.603331
vt 0.296957 0.603484
vt 0.297492 0.603251
vt 0.301528 0.603471
vt 0.302852 0.603479
vt 0.304258 0.603453
vt 0.308013 0.603090
vt 0.265883 0.602685
vt 0.272779 0.601998
vt 0.293586 0.603289
vt 0.298038 0.602803
vt 0.298980 0.603311
vt 0.300017 0.602669
vt 0.310741 0.602764
vt 0.250113 0.602939
vt 0.257068 0.602924
vt 0.269688 0.602962
vt 0.275340 0.602953
vt 0.276501 0.602906
vt 0.283448 0.603171
vt 0.291393 0.603019
vt 0.294736 0.603144
vt 0.296159 0.602572
vt 0.299546 0.602482
vt 0.305122 0.603062
vt 0.312597 0.602049
vt 0.253584 0.602189
vt 0.254965 0.602968
vt 0.266735 0.602465
vt 0.269919 0.602293
vt 0.274606 0.602462
vt 0.280178 0.602232
vt 0.281748 0.602866
vt 0.287187 0.602221
vt 0.288763 0.602307
vt 0.297003 0.602754
vt 0.303576 0.602560
vt 0.305842 0.602827
vt 0.307052 0.602533
vt 0.251469 0.602351
vt 0.256387 0.601934
vt 0.263027 0.602334
vt 0.264315 0.602435
vt 0.277579 0.602044
vt 0.278768 0.602174
vt 0.280617 0.601442
vt 0.284499 0.601700
vt 0.285793 0.602368
vt 0.291922 0.602631
vt 0.292970 0.602470
vt 0.293750 0.602164
vt 0.297572 0.602162
vt 0.298794 0.602265
vt 0.302497 0.601874
vt 0.304024 0.601905
vt 0.310887 0.602004
vt 0.250111 0.602176
vt 0.252599 0.602226
vt 0.254564 0.602009
vt 0.258377 0.601828
vt 0.260472 0.601126
vt 0.261558 0.602206
vt 0.268110 0.602092
vt 0.269195 0.602165
vt 0.271557 0.601128
vt 0.275530 0.602037
vt 0.281866 0.601586
vt 0.283596 0.601662
vt 0.290859 0.602097
vt 0.291558 0.602159
vt 0.294426 0.601861
vt 0.294946 0.602122
vt 0.300593 0.602332
vt 0.305991 0.601946
vt 0.308275 0.601907
vt 0.308988 0.601839
vt 0.309949 0.601960
vt 0.251389 0.601388
vt 0.257459 0.601574
vt 0.264886 0.601149
vt 0.266106 0.601691
vt 0.267634 0.601582
vt 0.273672 0.601651
vt 0.278559 0.601576
vt 0.292663 0.601948
vt 0.297039 0.601886
vt 0.300125 0.602179
vt 0.303276 0.602113
vt 0.305269 0.601839
vt 0.250578 0.601924
vt 0.252886 0.601308
vt 0.255140 0.601498
vt 0.261691 0.601470
vt 0.263221 0.601041
vt 0.269566 0.601522
vt 0.270586 0.601369
vt 0.274579 0.601705
vt 0.290218 0.601593
vt 0.295935 0.601751
vt 0.298230 0.601681
vt 0.299325 0.601714
vt 0.307356 0.601889
vt 0.250942 0.601720
vt 0.256041 0.601528
vt 0.259016 0.601221
vt 0.266909 0.601335
vt 0.268118 0.601202
vt 0.268938 0.601273
vt 0.276729 0.601448
vt 0.281018 0.600959
vt 0.282839 0.600681
vt 0.288109 0.601301
vt 0.293516 0.601430
vt 0.293860 0.601741
vt 0.296849 0.601438
vt 0.301006 0.601270
vt 0.301446 0.601281
vt 0.304686 0.601580
vt 0.250121 0.600959
vt 0.251047 0.601276
vt 0.253799 0.601385
vt 0.272592 0.601231
vt 0.274428 0.600944
vt 0.275342 0.600697
vt 0.275933 0.601240
vt 0.278349 0.600693
vt 0.283640 0.600854
vt 0.285513 0.600679
vt 0.288571 0.600312
vt 0.291877 0.600680
vt 0.297621 0.601376
vt 0.299830 0.601383
vt 0.303551 0.600701
vt 0.305406 0.600948
vt 0.306341 0.601075
vt 0.309187 0.601107
vt 0.310634 0.601286
vt 0.256912 0.600954
vt 0.257864 0.600731
vt 0.270821 0.600554
vt 0.279498 0.600181
vt 0.290770 0.600863
vt 0.293744 0.600699
vt 0.294644 0.600704
vt 0.298827 0.601085
vt 0.301987 0.601079
vt 0.302733 0.600712
vt 0.307710 0.600961
vt 0.308485 0.601026
vt 0.311993 0.600968
vt 0.312601 0.601066
vt 0.251386 0.600782
vt 0.253958 0.600615
vt 0.256110 0.600823
vt 0.263196 0.600435
vt 0.267285 0.600409
vt 0.273423 0.600073
vt 0.277519 0.599822
vt 0.286764 0.600434
vt 0.295593 0.600129
vt 0.298109 0.600987
vt 0.299380 0.600742
vt 0.300069 0.600893
vt 0.301621 0.600876
vt 0.306617 0.600559
vt 0.311117 0.600678
vt 0.253195 0.600274
vt 0.257011 0.599847
vt 0.259894 0.599871
vt 0.260978 0.600219
vt 0.264943 0.600012
vt 0.266846 0.600068
vt 0.269860 0.600390
vt 0.275772 0.600403
vt 0.280095 0.599878
vt 0.281558 0.600807
vt 0.296685 0.600357
vt 0.298750 0.600404
vt 0.300810 0.600308
vt 0.302031 0.600266
vt 0.304723 0.600526
vt 0.309742 0.600577
vt 0.312596 0.600414
vt 0.251980 0.600293
vt 0.254728 0.599844
vt 0.257542 0.600261
vt 0.258522 0.599900
vt 0.267273 0.599462
vt 0.268245 0.600274
vt 0.276335 0.600224
vt 0.281513 0.600227
vt 0.282779 0.599879
vt 0.284493 0.599667
vt 0.287821 0.600149
vt 0.298034 0.600407
vt 0.299815 0.600224
vt 0.307504 0.600058
vt 0.311772 0.600127
vt 0.250109 0.599671
vt 0.252534 0.599839
vt 0.255756 0.599692
vt 0.269207 0.599960
vt 0.272253 0.599906
vt 0.279020 0.599704
vt 0.280618 0.599770
vt 0.289488 0.599665
vt 0.292380 0.599465
vt 0.303133 0.599966
vt 0.304863 0.599640
vt 0.310531 0.600062
vt 0.250918 0.599485
vt 0.266456 0.599021
vt 0.276535 0.599408
vt 0.281669 0.599156
vt 0.290462 0.599140
vt 0.294125 0.599690
vt 0.297579 0.599436
vt 0.298805 0.599598
vt 0.299592 0.599556
vt 0.300483 0.599731
vt 0.301599 0.599655
vt 0.303657 0.599476
vt 0.309359 0.599432
vt 0.251989 0.599490
vt 0.258127 0.599173
vt 0.261858 0.599045
vt 0.267437 0.598972
vt 0.270209 0.599364
vt 0.272289 0.598737
vt 0.275773 0.599590
vt 0.287949 0.598968
vt 0.291836 0.598905
vt 0.296409 0.599235
vt 0.303108 0.599257
vt 0.310153 0.599268
vt 0.312596 0.599284
vt 0.254048 0.599164
vt 0.255175 0.599136
vt 0.259317 0.598888
vt 0.260838 0.599216
vt 0.262801 0.599042
vt 0.264978 0.598958
vt 0.268846 0.599011
vt 0.270188 0.598191
vt 0.274498 0.598529
vt 0.279915 0.599326
vt 0.280690 0.599087
vt 0.284264 0.598315
vt 0.285875 0.598712
vt 0.301161 0.599187
vt 0.304491 0.598756
vt 0.307796 0.598822
vt 0.311634 0.599438
vt 0.250909 0.598906
vt 0.256393 0.599045
vt 0.257644 0.598804
vt 0.264022 0.598357
vt 0.273115 0.598637
vt 0.276694 0.598851
vt 0.277276 0.598835
vt 0.278378 0.598901
vt 0.282607 0.598321
vt 0.289691 0.598983
vt 0.293172 0.598272
vt 0.295859 0.598119
vt 0.299743 0.598813
vt 0.300239 0.598984
vt 0.302179 0.599057
vt 0.305921 0.598741
vt 0.306900 0.598592
vt 0.308524 0.598775
vt 0.309429 0.599001
vt 0.252765 0.598430
vt 0.256055 0.598589
vt 0.257040 0.598958
vt 0.265494 0.598035
vt 0.267645 0.598303
vt 0.268932 0.598196
vt 0.275253 0.598340
vt 0.279577 0.598399
vt 0.294922 0.598705
vt 0.296709 0.598602
vt 0.298299 0.598284
vt 0.302880 0.598452
vt 0.304088 0.598575
vt 0.311434 0.598897
vt 0.254845 0.597897
vt 0.258369 0.598054
vt 0.261529 0.598602
vt 0.265066 0.598204
vt 0.266678 0.598609
vt 0.271282 0.598063
vt 0.289741 0.598345
vt 0.300824 0.598489
vt 0.301790 0.598654
vt 0.310411 0.598205
vt 0.250108 0.598023
vt 0.253543 0.598092
vt 0.257957 0.598298
vt 0.260122 0.597941
vt 0.262805 0.597693
vt 0.272437 0.597557
vt 0.273988 0.597971
vt 0.276442 0.597921
vt 0.277390 0.598016
vt 0.278598 0.597467
vt 0.280666 0.597883
vt 0.287999 0.598040
vt 0.305772 0.598250
vt 0.308657 0.598219
vt 0.312597 0.598459
vt 0.250622 0.597897
vt 0.252251 0.597911
vt 0.253962 0.597274
vt 0.257062 0.597870
vt 0.261165 0.597843
vt 0.291431 0.598043
vt 0.294250 0.597592
vt 0.297177 0.598015
vt 0.301555 0.597890
vt 0.302573 0.597923
vt 0.304369 0.597538
vt 0.306985 0.598221
vt 0.255444 0.597342
vt 0.257556 0.597685
vt 0.259004 0.597901
vt 0.264297 0.597190
vt 0.284030 0.596998
vt 0.289642 0.597656
vt 0.299031 0.597795
vt 0.301041 0.597375
vt 0.303343 0.597847
vt 0.307048 0.597551
vt 0.310021 0.597548
vt 0.310885 0.597541
vt 0.250112 0.597501
vt 0.252761 0.597404
vt 0.258833 0.597357
vt 0.259675 0.597419
vt 0.265241 0.597009
vt 0.266608 0.597489
vt 0.267075 0.596967
vt 0.273495 0.596906
vt 0.275105 0.597360
vt 0.277705 0.596973
vt 0.278859 0.596843
vt 0.281635 0.597211
vt 0.284925 0.596685
vt 0.286474 0.597291
vt 0.292575 0.597319
vt 0.295909 0.597407
vt 0.302396 0.597386
vt 0.303223 0.597408
vt 0.310363 0.597696
vt 0.312595 0.597738
vt 0.257811 0.597207
vt 0.260666 0.597128
vt 0.265886 0.596820
vt 0.270032 0.596875
vt 0.283125 0.596625
vt 0.288198 0.596706
vt 0.290263 0.596939
vt 0.291067 0.597160
vt 0.298196 0.597101
vt 0.305761 0.597251
vt 0.307888 0.596996
vt 0.309131 0.597271
vt 0.251006 0.596664
vt 0.252218 0.596711
vt 0.255353 0.596486
vt 0.256296 0.596439
vt 0.261755 0.596966
vt 0.263196 0.596888
vt 0.269091 0.596591
vt 0.276062 0.596708
vt 0.279722 0.596580
vt 0.281377 0.596303
vt 0.294609 0.597026
vt 0.310289 0.597212
vt 0.311416 0.597110
vt 0.250703 0.595827
vt 0.258578 0.596575
vt 0.259520 0.596670
vt 0.260147 0.596576
vt 0.263715 0.596375
vt 0.270829 0.596353
vt 0.272059 0.596253
vt 0.280735 0.596543
vt 0.288945 0.596249
vt 0.291434 0.596507
vt 0.293353 0.596420
vt 0.296013 0.596705
vt 0.299682 0.596713
vt 0.301253 0.596515
vt 0.303077 0.596812
vt 0.306305 0.596729
vt 0.309337 0.596574
vt 0.312595 0.596073
vt 0.252879 0.596662
vt 0.266037 0.596303
vt 0.267945 0.596122
vt 0.273607 0.595772
vt 0.278362 0.596257
vt 0.282621 0.595933
vt 0.287117 0.596007
vt 0.289869 0.596408
vt 0.297853 0.596430
vt 0.304152 0.596342
vt 0.305377 0.596461
vt 0.310510 0.596361
vt 0.311397 0.596159
vt 0.253507 0.596322
vt 0.254519 0.596316
vt 0.258341 0.596125
vt 0.259620 0.596112
vt 0.262413 0.596344
vt 0.264810 0.595816
vt 0.284367 0.596106
vt 0.285485 0.595684
vt 0.291357 0.595787
vt 0.294339 0.595734
vt 0.296391 0.595903
vt 0.306391 0.596123
vt 0.307472 0.595770
vt 0.308464 0.596126
vt 0.250113 0.595244
vt 0.252464 0.595918
vt 0.253882 0.595787
vt 0.257165 0.595769
vt 0.260532 0.596016
vt 0.262804 0.595810
vt 0.275493 0.595625
vt 0.277282 0.595619
vt 0.279311 0.595609
vt 0.280761 0.595737
vt 0.287481 0.595273
vt 0.299926 0.595931
vt 0.301684 0.595920
vt 0.302695 0.596207
vt 0.310703 0.595651
vt 0.251634 0.595882
vt 0.259939 0.595495
vt 0.268934 0.595354
vt 0.270197 0.595173
vt 0.271871 0.595612
vt 0.292089 0.595748
vt 0.302657 0.595442
vt 0.303803 0.595636
vt 0.305257 0.595336
vt 0.309454 0.595632
vt 0.311875 0.595706
vt 0.255187 0.595147
vt 0.255858 0.595278
vt 0.258858 0.595448
vt 0.260827 0.594772
vt 0.264497 0.595411
vt 0.265486 0.594761
vt 0.274306 0.595047
vt 0.276416 0.595150
vt 0.284633 0.595526
vt 0.286710 0.595030
vt 0.289792 0.594697
vt 0.293604 0.595581
vt 0.295408 0.595203
vt 0.297603 0.595064
vt 0.300575 0.595124
vt 0.304480 0.594756
vt 0.308095 0.595375
vt 0.251752 0.595142
vt 0.253099 0.595289
vt 0.256488 0.595035
vt 0.257639 0.594969
vt 0.259407 0.594930
vt 0.261766 0.595087
vt 0.262944 0.594521
vt 0.263821 0.595027
vt 0.267463 0.595424
vt 0.272178 0.594910
vt 0.278041 0.595000
vt 0.281750 0.594623
vt 0.283025 0.595132
vt 0.291130 0.594590
vt 0.292725 0.594672
vt 0.309695 0.594945
vt 0.311597 0.594589
vt 0.250942 0.594960
vt 0.253816 0.594891
vt 0.254263 0.594475
vt 0.271005 0.594671
vt 0.273766 0.594524
vt 0.284260 0.594871
vt 0.285743 0.595106
vt 0.288777 0.594791
vt 0.294328 0.594786
vt 0.299036 0.594896
vt 0.301763 0.594589
vt 0.303218 0.594526
vt 0.305973 0.594485
vt 0.253046 0.594556
vt 0.257084 0.594569
vt 0.260135 0.594536
vt 0.275518 0.594574
vt 0.279618 0.594249
vt 0.280098 0.594602
vt 0.286663 0.594457
vt 0.295507 0.594048
vt 0.304957 0.594372
vt 0.307881 0.594099
vt 0.312596 0.593676
vt 0.252076 0.593922
vt 0.255207 0.594529
vt 0.256182 0.594337
vt 0.258478 0.593877
vt 0.259633 0.594236
vt 0.262397 0.594204
vt 0.267797 0.594382
vt 0.269901 0.593802
vt 0.277003 0.594437
vt 0.282672 0.594034
vt 0.287710 0.594234
vt 0.310232 0.594298
vt 0.310813 0.594370
vt 0.260451 0.593805
vt 0.264456 0.593473
vt 0.265592 0.593527
vt 0.266908 0.593789
vt 0.272117 0.593922
vt 0.274463 0.593844
vt 0.278462 0.593894
vt 0.285958 0.593786
vt 0.288914 0.594173
vt 0.289966 0.593379
vt 0.291336 0.593610
vt 0.297642 0.593670
vt 0.299200 0.593606
vt 0.300441 0.594321
vt 0.250621 0.593366
vt 0.253248 0.593727
vt 0.257879 0.593533
vt 0.261718 0.593540
vt 0.277132 0.593844
vt 0.280344 0.593795
vt 0.302108 0.593823
vt 0.304012 0.593946
vt 0.305847 0.593370
vt 0.306471 0.593484
vt 0.308836 0.593563
vt 0.253922 0.593547
vt 0.254980 0.593592
vt 0.256840 0.593505
vt 0.267902 0.593186
vt 0.270858 0.593409
vt 0.273112 0.593351
vt 0.287894 0.593377
vt 0.288342 0.593785
vt 0.293288 0.593722
vt 0.298112 0.593376
vt 0.300422 0.593845
vt 0.308189 0.593654
vt 0.255823 0.593171
vt 0.259851 0.593337
vt 0.263474 0.593388
vt 0.265720 0.592514
vt 0.276555 0.592664
vt 0.279106 0.593361
vt 0.291898 0.592601
vt 0.303847 0.593249
vt 0.309607 0.593268
vt 0.310855 0.593055
vt 0.252042 0.593048
vt 0.253589 0.593296
vt 0.269668 0.593362
vt 0.274854 0.592645
vt 0.280594 0.592847
vt 0.282244 0.593255
vt 0.282752 0.593505
vt 0.282853 0.592878
vt 0.284305 0.593227
vt 0.290951 0.593077
vt 0.295584 0.592814
vt 0.300499 0.593124
vt 0.307634 0.592800
vt 0.251318 0.592823
vt 0.254588 0.592944
vt 0.257779 0.592537
vt 0.261322 0.592684
vt 0.262616 0.593070
vt 0.275478 0.592176
vt 0.278095 0.592847
vt 0.286301 0.591834
vt 0.289463 0.592866
vt 0.294084 0.592876
vt 0.298467 0.592199
vt 0.304506 0.592764
vt 0.252067 0.592132
vt 0.253916 0.592560
vt 0.259103 0.592490
vt 0.260488 0.592358
vt 0.263700 0.592619
vt 0.270869 0.592650
vt 0.273628 0.592148
vt 0.284873 0.592520
vt 0.287085 0.592305
vt 0.288914 0.592502
vt 0.290018 0.591897
vt 0.299970 0.592197
vt 0.302204 0.592669
vt 0.312122 0.592568
vt 0.254765 0.591960
vt 0.255811 0.592361
vt 0.256823 0.592114
vt 0.271862 0.592027
vt 0.278565 0.592111
vt 0.279258 0.592289
vt 0.282147 0.592182
vt 0.296450 0.592449
vt 0.301188 0.592076
vt 0.302348 0.591867
vt 0.303415 0.591925
vt 0.309559 0.591716
vt 0.311306 0.592006
vt 0.312598 0.591831
vt 0.250113 0.591793
vt 0.251286 0.591934
vt 0.253712 0.592034
vt 0.258468 0.591884
vt 0.261549 0.591740
vt 0.262254 0.591762
vt 0.263141 0.592029
vt 0.267301 0.591978
vt 0.268178 0.591420
vt 0.269782 0.591434
vt 0.280158 0.592110
vt 0.288424 0.592108
vt 0.304902 0.591437
vt 0.305991 0.592105
vt 0.309992 0.591098
vt 0.264155 0.591966
vt 0.276837 0.591556
vt 0.282748 0.591517
vt 0.283623 0.591777
vt 0.291442 0.591617
vt 0.292839 0.591534
vt 0.296813 0.591514
vt 0.300421 0.591521
vt 0.308649 0.592097
vt 0.252630 0.591523
vt 0.256136 0.591609
vt 0.257577 0.591632
vt 0.259695 0.591116
vt 0.264805 0.591670
vt 0.266077 0.591547
vt 0.280855 0.591652
vt 0.284673 0.591588
vt 0.294126 0.591316
vt 0.295216 0.591573
vt 0.306827 0.591554
vt 0.307391 0.590857
vt 0.253996 0.591418
vt 0.254856 0.591028
vt 0.256717 0.591535
vt 0.258972 0.590920
vt 0.261248 0.591073
vt 0.262170 0.591060
vt 0.278317 0.591291
vt 0.279651 0.591168
vt 0.287297 0.591165
vt 0.290581 0.591253
vt 0.299154 0.591111
vt 0.310908 0.591386
vt 0.250589 0.590988
vt 0.253228 0.591227
vt 0.263621 0.590621
vt 0.269025 0.590971
vt 0.271646 0.591169
vt 0.272883 0.590942
vt 0.274413 0.590732
vt 0.285934 0.591355
vt 0.289512 0.591293
vt 0.292264 0.590572
vt 0.304625 0.589817
vt 0.311668 0.591239
vt 0.312596 0.591245
vt 0.256979 0.590446
vt 0.258002 0.590185
vt 0.265319 0.590535
vt 0.266934 0.590786
vt 0.275987 0.590774
vt 0.278928 0.590557
vt 0.280535 0.590582
vt 0.281707 0.590177
vt 0.284096 0.590143
vt 0.291424 0.590597
vt 0.295696 0.590643
vt 0.297057 0.590532
vt 0.298371 0.590788
vt 0.303793 0.590401
vt 0.308381 0.590618
vt 0.251859 0.590498
vt 0.253708 0.590981
vt 0.254225 0.590723
vt 0.277747 0.590554
vt 0.280885 0.589481
vt 0.293367 0.590173
vt 0.301356 0.590469
vt 0.302983 0.590953
vt 0.306191 0.590231
vt 0.310525 0.590391
vt 0.250500 0.590050
vt 0.254747 0.590344
vt 0.255807 0.590330
vt 0.260207 0.589756
vt 0.262153 0.590048
vt 0.267804 0.590007
vt 0.271719 0.589657
vt 0.272841 0.589963
vt 0.275011 0.590042
vt 0.286082 0.590254
vt 0.288291 0.590571
vt 0.290608 0.590671
vt 0.307774 0.590457
vt 0.309159 0.590318
vt 0.311581 0.590351
vt 0.250113 0.589285
vt 0.252185 0.589683
vt 0.253117 0.590332
vt 0.254420 0.590016
vt 0.256771 0.589724
vt 0.259460 0.589911
vt 0.263030 0.589868
vt 0.270144 0.589836
vt 0.287365 0.589988
vt 0.289624 0.590284
vt 0.294356 0.589664
vt 0.299102 0.590194
vt 0.266450 0.589083
vt 0.278067 0.589420
vt 0.279973 0.589160
vt 0.288869 0.589795
vt 0.291189 0.589895
vt 0.292339 0.589583
vt 0.300231 0.589882
vt 0.301539 0.589638
vt 0.308149 0.589884
vt 0.312595 0.589715
vt 0.251673 0.589293
vt 0.255045 0.589742
vt 0.261772 0.589489
vt 0.264233 0.588979
vt 0.265098 0.589521
vt 0.273641 0.589489
vt 0.275058 0.588715
vt 0.276795 0.589101
vt 0.278979 0.589434
vt 0.296002 0.588571
vt 0.296962 0.589258
vt 0.303427 0.589285
vt 0.309297 0.589127
vt 0.253790 0.589436
vt 0.255274 0.589244
vt 0.262652 0.588855
vt 0.279521 0.589074
vt 0.286111 0.589442
vt 0.289686 0.589061
vt 0.290708 0.589378
vt 0.293473 0.589122
vt 0.297511 0.588556
vt 0.299586 0.589405
vt 0.306529 0.589259
vt 0.307986 0.589192
vt 0.251006 0.589216
vt 0.257832 0.588720
vt 0.258734 0.588549
vt 0.259777 0.589048
vt 0.270832 0.588705
vt 0.287961 0.588834
vt 0.304448 0.588957
vt 0.310450 0.588805
vt 0.311945 0.588948
vt 0.253579 0.588792
vt 0.257357 0.588659
vt 0.260560 0.588888
vt 0.266904 0.588033
vt 0.268359 0.588352
vt 0.273839 0.588803
vt 0.284480 0.588324
vt 0.286969 0.588704
vt 0.294847 0.588665
vt 0.300682 0.588544
vt 0.301532 0.588662
vt 0.303216 0.587984
vt 0.305180 0.588877
vt 0.250707 0.588791
vt 0.252094 0.587897
vt 0.255208 0.588590
vt 0.256766 0.588022
vt 0.262056 0.588718
vt 0.263115 0.588175
vt 0.269707 0.588474
vt 0.272303 0.588319
vt 0.280461 0.588265
vt 0.282809 0.588291
vt 0.291930 0.588923
vt 0.298184 0.588167
vt 0.300046 0.588565
vt 0.260969 0.587833
vt 0.274251 0.588022
vt 0.276998 0.588475
vt 0.279197 0.588259
vt 0.281094 0.588253
vt 0.292385 0.588265
vt 0.293342 0.587754
vt 0.294321 0.588002
vt 0.295272 0.588421
vt 0.306029 0.588648
vt 0.308281 0.588396
vt 0.312597 0.588362
vt 0.250753 0.587836
vt 0.253276 0.588102
vt 0.254014 0.588306
vt 0.255846 0.587949
vt 0.262445 0.588179
vt 0.263911 0.588222
vt 0.265010 0.587115
vt 0.265860 0.587610
vt 0.271218 0.587930
vt 0.277209 0.587771
vt 0.300540 0.587504
vt 0.302220 0.588059
vt 0.304540 0.588119
vt 0.309192 0.588248
vt 0.311325 0.587726
vt 0.257427 0.586914
vt 0.260309 0.587816
vt 0.287790 0.587080
vt 0.290519 0.587581
vt 0.305385 0.587983
vt 0.310335 0.588239
vt 0.250114 0.586984
vt 0.252634 0.587278
vt 0.254976 0.587549
vt 0.258303 0.587751
vt 0.259595 0.587377
vt 0.261458 0.586902
vt 0.269190 0.587098
vt 0.273605 0.587071
vt 0.275144 0.587496
vt 0.278765 0.587622
vt 0.285896 0.587153
vt 0.298216 0.587181
vt 0.301644 0.587353
vt 0.256281 0.587586
vt 0.264261 0.586902
vt 0.267268 0.587305
vt 0.277894 0.587170
vt 0.280823 0.587147
vt 0.283216 0.587045
vt 0.305869 0.587485
vt 0.307060 0.587312
vt 0.308060 0.587389
vt 0.310015 0.587307
vt 0.254046 0.586818
vt 0.256108 0.587029
vt 0.260811 0.586925
vt 0.262761 0.587332
vt 0.263578 0.587001
vt 0.271417 0.587040
vt 0.279522 0.586618
vt 0.291910 0.586424
vt 0.293972 0.587186
vt 0.295734 0.587093
vt 0.296810 0.586054
vt 0.303025 0.587195
vt 0.308696 0.587367
vt 0.251461 0.586276
vt 0.257121 0.586579
vt 0.258345 0.586347
vt 0.265969 0.586819
vt 0.270127 0.586305
vt 0.277750 0.586280
vt 0.282167 0.586139
vt 0.288495 0.586077
vt 0.292917 0.586780
vt 0.301889 0.586709
vt 0.304185 0.586411
vt 0.311220 0.586693
vt 0.312597 0.586419
vt 0.263106 0.586534
vt 0.275922 0.586454
vt 0.284132 0.586441
vt 0.294826 0.585526
vt 0.299525 0.586641
vt 0.305964 0.586580
vt 0.307568 0.586775
vt 0.250663 0.585692
vt 0.254783 0.585503
vt 0.272056 0.586344
vt 0.275127 0.585836
vt 0.300548 0.586304
vt 0.306033 0.586201
vt 0.309417 0.586462
vt 0.309815 0.586035
vt 0.252444 0.586031
vt 0.261309 0.585968
vt 0.264290 0.585899
vt 0.265870 0.586034
vt 0.267324 0.586060
vt 0.268976 0.585485
vt 0.273607 0.586065
vt 0.281096 0.585288
vt 0.286424 0.585756
vt 0.289895 0.585743
vt 0.307010 0.585557
vt 0.250117 0.585718
vt 0.256118 0.585940
vt 0.257789 0.585906
vt 0.259000 0.584993
vt 0.260164 0.585807
vt 0.261896 0.585785
vt 0.263502 0.585647
vt 0.270996 0.585393
vt 0.292804 0.585683
vt 0.301863 0.585377
vt 0.304540 0.585527
vt 0.306147 0.585651
vt 0.310465 0.585953
vt 0.311349 0.586307
vt 0.252925 0.585209
vt 0.273230 0.584777
vt 0.274326 0.584918
vt 0.283017 0.584553
vt 0.284663 0.585108
vt 0.304037 0.585182
vt 0.307608 0.585113
vt 0.256902 0.585529
vt 0.257960 0.584754
vt 0.262398 0.584883
vt 0.277716 0.585432
vt 0.279472 0.585108
vt 0.291329 0.585023
vt 0.298800 0.585268
vt 0.300658 0.585259
vt 0.302567 0.585159
vt 0.304976 0.585372
vt 0.308778 0.585532
vt 0.311373 0.585008
vt 0.257410 0.585101
vt 0.261396 0.584998
vt 0.263891 0.584642
vt 0.267358 0.585006
vt 0.268143 0.584653
vt 0.275269 0.584708
vt 0.276665 0.584603
vt 0.285992 0.585036
vt 0.289956 0.585148
vt 0.293137 0.584991
vt 0.312596 0.584288
vt 0.250120 0.584729
vt 0.255101 0.584516
vt 0.257082 0.584697
vt 0.260414 0.584843
vt 0.264419 0.584822
vt 0.265305 0.584920
vt 0.272093 0.584326
vt 0.278344 0.584516
vt 0.288056 0.584855
vt 0.295679 0.585052
vt 0.297060 0.584235
vt 0.308677 0.583757
vt 0.270367 0.584033
vt 0.302595 0.584586
vt 0.304647 0.584782
vt 0.306322 0.584479
vt 0.250757 0.584151
vt 0.251935 0.583683
vt 0.259424 0.583737
vt 0.285728 0.584472
vt 0.289338 0.584221
vt 0.299328 0.584138
vt 0.305132 0.584467
vt 0.253781 0.584247
vt 0.258819 0.584033
vt 0.261335 0.583328
vt 0.262363 0.583599
vt 0.262801 0.584072
vt 0.265202 0.583774
vt 0.267294 0.583331
vt 0.268367 0.583789
vt 0.279919 0.583504
vt 0.291168 0.583949
vt 0.292047 0.583877
vt 0.294170 0.583845
vt 0.294450 0.582669
vt 0.300604 0.584149
vt 0.303021 0.583556
vt 0.256597 0.583892
vt 0.260077 0.583770
vt 0.276536 0.583562
vt 0.278424 0.583623
vt 0.281352 0.583355
vt 0.287218 0.583882
vt 0.292751 0.583386
vt 0.297956 0.583548
vt 0.301238 0.583503
vt 0.304261 0.583900
vt 0.310273 0.583936
vt 0.311231 0.583709
vt 0.255347 0.583686
vt 0.264703 0.583426
vt 0.265978 0.583217
vt 0.295679 0.583482
vt 0.302162 0.583373
vt 0.303302 0.583067
vt 0.304853 0.583678
vt 0.306462 0.583812
vt 0.250115 0.583433
vt 0.250996 0.583035
vt 0.252671 0.582399
vt 0.253982 0.582949
vt 0.256063 0.583058
vt 0.263290 0.583380
vt 0.271966 0.582811
vt 0.273821 0.582893
vt 0.274916 0.582986
vt 0.283857 0.582877
vt 0.285402 0.583162
vt 0.288306 0.583167
vt 0.300218 0.583075
vt 0.305185 0.583142
vt 0.306716 0.582611
vt 0.309030 0.583197
vt 0.311792 0.583443
vt 0.312596 0.583422
vt 0.250104 0.582844
vt 0.258192 0.583173
vt 0.271008 0.582943
vt 0.283283 0.582631
vt 0.290385 0.583029
vt 0.298668 0.582977
vt 0.303911 0.583285
vt 0.310038 0.583192
vt 0.257067 0.582653
vt 0.258941 0.582397
vt 0.260202 0.582970
vt 0.263902 0.582645
vt 0.268274 0.582156
vt 0.281417 0.582585
vt 0.288914 0.582504
vt 0.296497 0.582928
vt 0.303677 0.582452
vt 0.311847 0.582805
vt 0.254731 0.582141
vt 0.260954 0.582179
vt 0.261578 0.582435
vt 0.263170 0.582412
vt 0.265528 0.582579
vt 0.267123 0.582066
vt 0.269616 0.582123
vt 0.277038 0.582567
vt 0.278111 0.582326
vt 0.279530 0.582348
vt 0.292547 0.582301
vt 0.299606 0.582245
vt 0.301489 0.582664
vt 0.307741 0.582697
vt 0.310686 0.582489
vt 0.266434 0.582494
vt 0.274192 0.582117
vt 0.286245 0.581844
vt 0.286818 0.582124
vt 0.290905 0.582228
vt 0.300298 0.582298
vt 0.307906 0.581702
vt 0.250113 0.582195
vt 0.252927 0.581407
vt 0.258097 0.581894
vt 0.271840 0.582406
vt 0.284638 0.581721
vt 0.294974 0.581750
vt 0.296225 0.582063
vt 0.298316 0.581937
vt 0.302086 0.582234
vt 0.302691 0.582190
vt 0.311350 0.582184
vt 0.251136 0.581791
vt 0.264795 0.581659
vt 0.266270 0.581969
vt 0.270968 0.582258
vt 0.275950 0.581844
vt 0.297320 0.581342
vt 0.304756 0.581361
vt 0.306130 0.581628
vt 0.312596 0.581166
vt 0.261519 0.581574
vt 0.262714 0.581739
vt 0.264051 0.581645
vt 0.272304 0.581428
vt 0.276825 0.581275
vt 0.278376 0.581609
vt 0.279617 0.581584
vt 0.281225 0.581051
vt 0.283058 0.581695
vt 0.287672 0.581097
vt 0.289451 0.581456
vt 0.292900 0.581739
vt 0.298657 0.581256
vt 0.300104 0.581424
vt 0.301242 0.581320
vt 0.302913 0.581391
vt 0.306517 0.580808
vt 0.310620 0.581127
vt 0.250114 0.581569
vt 0.251396 0.580587
vt 0.254137 0.581252
vt 0.257009 0.581343
vt 0.259879 0.581284
vt 0.265612 0.580758
vt 0.266678 0.581399
vt 0.267258 0.581030
vt 0.273961 0.581053
vt 0.274465 0.581690
vt 0.286021 0.581052
vt 0.286987 0.581145
vt 0.288916 0.581013
vt 0.250118 0.581018
vt 0.255194 0.580935
vt 0.256265 0.580417
vt 0.258252 0.580636
vt 0.268881 0.581178
vt 0.270308 0.581017
vt 0.282511 0.580508
vt 0.293281 0.581233
vt 0.301996 0.581227
vt 0.252516 0.580564
vt 0.261144 0.580653
vt 0.262017 0.581020
vt 0.263525 0.580590
vt 0.291219 0.580987
vt 0.292250 0.580628
vt 0.295074 0.580857
vt 0.303430 0.580469
vt 0.307474 0.580153
vt 0.253598 0.579955
vt 0.262504 0.580356
vt 0.265019 0.580507
vt 0.266123 0.580357
vt 0.269022 0.580840
vt 0.271312 0.580547
vt 0.271611 0.579864
vt 0.278161 0.580584
vt 0.279511 0.580917
vt 0.284542 0.580665
vt 0.287727 0.580475
vt 0.296593 0.580876
vt 0.300010 0.580818
vt 0.300513 0.580545
vt 0.301729 0.580713
vt 0.304713 0.580599
vt 0.310777 0.580204
vt 0.250104 0.580392
vt 0.260414 0.579910
vt 0.268602 0.580137
vt 0.274381 0.579908
vt 0.275802 0.579764
vt 0.276744 0.580410
vt 0.280333 0.579980
vt 0.281551 0.580045
vt 0.283008 0.579812
vt 0.289165 0.580658
vt 0.290635 0.580485
vt 0.294533 0.580599
vt 0.298255 0.580237
vt 0.304805 0.579727
vt 0.251437 0.579842
vt 0.255458 0.580135
vt 0.256844 0.579276
vt 0.258656 0.579348
vt 0.264608 0.580033
vt 0.269434 0.580407
vt 0.272950 0.579989
vt 0.278463 0.579898
vt 0.285418 0.579879
vt 0.288337 0.579884
vt 0.292270 0.580311
vt 0.296338 0.579873
vt 0.300222 0.579660
vt 0.254938 0.579843
vt 0.265212 0.579636
vt 0.266794 0.579789
vt 0.270197 0.579852
vt 0.277376 0.579551
vt 0.289287 0.580036
vt 0.291234 0.579901
vt 0.293341 0.579985
vt 0.294379 0.579987
vt 0.294969 0.579660
vt 0.298832 0.580015
vt 0.302184 0.579571
vt 0.303475 0.579875
vt 0.250571 0.579947
vt 0.252934 0.579431
vt 0.258355 0.579800
vt 0.260961 0.579270
vt 0.263207 0.579580
vt 0.265777 0.579451
vt 0.276658 0.579327
vt 0.286319 0.579516
vt 0.299323 0.579611
vt 0.305756 0.579722
vt 0.306774 0.579639
vt 0.250614 0.578859
vt 0.262451 0.579359
vt 0.264145 0.578812
vt 0.267466 0.579315
vt 0.269740 0.579374
vt 0.274745 0.579068
vt 0.279974 0.579108
vt 0.282134 0.579093
vt 0.284198 0.578783
vt 0.287614 0.579175
vt 0.289851 0.579523
vt 0.292298 0.579574
vt 0.297118 0.579614
vt 0.253573 0.578663
vt 0.254641 0.578844
vt 0.270532 0.578631
vt 0.280477 0.578672
vt 0.285077 0.579175
vt 0.285980 0.578715
vt 0.293123 0.579132
vt 0.293986 0.579376
vt 0.295933 0.579186
vt 0.298255 0.579477
vt 0.298461 0.579173
vt 0.300549 0.578646
vt 0.302115 0.579054
vt 0.305571 0.578725
vt 0.309152 0.577189
vt 0.256552 0.578555
vt 0.259097 0.578421
vt 0.261825 0.578683
vt 0.266802 0.578912
vt 0.268331 0.578742
vt 0.271625 0.578962
vt 0.286734 0.578319
vt 0.288469 0.579064
vt 0.289669 0.579162
vt 0.292150 0.578839
vt 0.297473 0.578962
vt 0.306954 0.578771
vt 0.312596 0.577857
vt 0.250113 0.576764
vt 0.251705 0.578664
vt 0.272764 0.578474
vt 0.275965 0.578174
vt 0.278515 0.578791
vt 0.282933 0.578557
vt 0.290228 0.578707
vt 0.294456 0.578889
vt 0.295758 0.578582
vt 0.303878 0.578743
vt 0.307077 0.577570
vt 0.254138 0.578033
vt 0.263304 0.578151
vt 0.265028 0.577860
vt 0.279847 0.578318
vt 0.281368 0.578062
vt 0.294044 0.578412
vt 0.306283 0.578507
vt 0.252876 0.577792
vt 0.255226 0.577907
vt 0.258301 0.577660
vt 0.261572 0.578071
vt 0.266101 0.578233
vt 0.266857 0.577721
vt 0.268092 0.577871
vt 0.268847 0.578215
vt 0.269665 0.577741
vt 0.270936 0.578354
vt 0.274809 0.577700
vt 0.278866 0.578196
vt 0.282619 0.578084
vt 0.283779 0.577802
vt 0.285179 0.578206
vt 0.289274 0.578257
vt 0.290420 0.578213
vt 0.292367 0.578191
vt 0.297389 0.577943
vt 0.298666 0.578133
vt 0.300465 0.578253
vt 0.301869 0.577853
vt 0.304529 0.577998
vt 0.250932 0.577745
vt 0.257418 0.577681
vt 0.273212 0.577414
vt 0.284536 0.578007
vt 0.296008 0.577664
vt 0.303326 0.577923
vt 0.305491 0.577687
vt 0.251572 0.577138
vt 0.252225 0.577529
vt 0.256363 0.577727
vt 0.271744 0.577618
vt 0.276268 0.577401
vt 0.277788 0.577535
vt 0.280884 0.577532
vt 0.287054 0.577228
vt 0.298478 0.577493
vt 0.300292 0.577439
vt 0.253625 0.577519
vt 0.254223 0.577142
vt 0.262863 0.576795
vt 0.263945 0.576986
vt 0.265625 0.577245
vt 0.270631 0.577037
vt 0.283628 0.577371
vt 0.284899 0.577266
vt 0.285697 0.577045
vt 0.288910 0.577315
vt 0.292512 0.577026
vt 0.294185 0.577419
vt 0.303813 0.577152
vt 0.253245 0.577022
vt 0.254965 0.577198
vt 0.257032 0.576876
vt 0.258903 0.576852
vt 0.261892 0.576757
vt 0.267003 0.577059
vt 0.269362 0.576970
vt 0.269923 0.577306
vt 0.272093 0.577385
vt 0.273716 0.576969
vt 0.279113 0.577201
vt 0.281930 0.576710
vt 0.282711 0.577542
vt 0.295558 0.577142
vt 0.301191 0.576880
vt 0.252451 0.576937
vt 0.255571 0.576834
vt 0.260601 0.576827
vt 0.268003 0.576911
vt 0.271407 0.576440
vt 0.272745 0.576933
vt 0.274445 0.576736
vt 0.276747 0.576419
vt 0.290920 0.576745
vt 0.302416 0.576861
vt 0.250733 0.576096
vt 0.254819 0.576827
vt 0.255869 0.576584
vt 0.264549 0.576452
vt 0.266273 0.576609
vt 0.280160 0.576442
vt 0.280603 0.576026
vt 0.282792 0.575506
vt 0.284341 0.576682
vt 0.293196 0.576442
vt 0.294158 0.576226
vt 0.299111 0.576215
vt 0.251958 0.576578
vt 0.253515 0.576489
vt 0.254123 0.576369
vt 0.258198 0.575786
vt 0.268798 0.576396
vt 0.273686 0.576371
vt 0.275634 0.576476
vt 0.277635 0.576308
vt 0.278671 0.576200
vt 0.288280 0.576232
vt 0.288992 0.576291
vt 0.291713 0.576217
vt 0.295381 0.576044
vt 0.296349 0.576026
vt 0.297895 0.576503
vt 0.301692 0.575815
vt 0.252425 0.576039
vt 0.259937 0.574724
vt 0.267286 0.576174
vt 0.268766 0.575888
vt 0.269880 0.576068
vt 0.272451 0.576105
vt 0.274673 0.576135
vt 0.285849 0.575902
vt 0.289768 0.576086
vt 0.303685 0.575716
vt 0.311152 0.574558
vt 0.250111 0.576165
vt 0.254995 0.575657
vt 0.256672 0.575679
vt 0.263048 0.575629
vt 0.275629 0.575826
vt 0.278807 0.575764
vt 0.284260 0.575307
vt 0.297314 0.575466
vt 0.308366 0.575256
vt 0.253886 0.575584
vt 0.261905 0.575171
vt 0.266206 0.575293
vt 0.268343 0.575522
vt 0.271195 0.575766
vt 0.272511 0.575669
vt 0.273932 0.575069
vt 0.277528 0.575804
vt 0.286637 0.575371
vt 0.293008 0.575972
vt 0.298808 0.575684
vt 0.300394 0.575305
vt 0.250113 0.575327
vt 0.256167 0.575338
vt 0.264125 0.575213
vt 0.270043 0.575279
vt 0.290306 0.575132
vt 0.292499 0.575094
vt 0.294757 0.575464
vt 0.306223 0.574804
vt 0.312596 0.574746
vt 0.250704 0.574929
vt 0.251756 0.575033
vt 0.252893 0.575307
vt 0.257305 0.575382
vt 0.291185 0.574872
vt 0.296241 0.574920
vt 0.253536 0.574534
vt 0.255961 0.574371
vt 0.258729 0.574765
vt 0.266875 0.574220
vt 0.268426 0.574694
vt 0.269425 0.574840
vt 0.271015 0.575130
vt 0.272822 0.574775
vt 0.276090 0.574535
vt 0.278346 0.574401
vt 0.279422 0.574734
vt 0.281381 0.574856
vt 0.289279 0.574803
vt 0.251045 0.574707
vt 0.254026 0.574111
vt 0.255148 0.574340
vt 0.257727 0.574484
vt 0.282414 0.574403
vt 0.283693 0.574637
vt 0.284395 0.574340
vt 0.286082 0.574586
vt 0.288187 0.574666
vt 0.293830 0.574913
vt 0.295179 0.574571
vt 0.299203 0.574724
vt 0.302589 0.573708
vt 0.250112 0.574657
vt 0.252557 0.574065
vt 0.257021 0.574266
vt 0.261900 0.574245
vt 0.263472 0.573928
vt 0.270363 0.574428
vt 0.271158 0.574476
vt 0.273962 0.574473
vt 0.291673 0.573741
vt 0.297566 0.574598
vt 0.251580 0.573998
vt 0.264638 0.574091
vt 0.272361 0.574351
vt 0.274722 0.573757
vt 0.280904 0.573889
vt 0.281447 0.573851
vt 0.294279 0.573910
vt 0.308636 0.573980
vt 0.255530 0.573315
vt 0.259405 0.573514
vt 0.271061 0.573828
vt 0.272180 0.573717
vt 0.272970 0.573896
vt 0.274004 0.573407
vt 0.279649 0.573918
vt 0.283441 0.573957
vt 0.285324 0.573741
vt 0.286417 0.573916
vt 0.288175 0.573460
vt 0.295830 0.573552
vt 0.297877 0.573077
vt 0.299778 0.573270
vt 0.305265 0.573232
vt 0.312596 0.573180
vt 0.250107 0.573228
vt 0.250909 0.573503
vt 0.254597 0.573282
vt 0.256492 0.573457
vt 0.258356 0.573713
vt 0.264432 0.572776
vt 0.267757 0.573554
vt 0.276030 0.573770
vt 0.276857 0.573679
vt 0.287830 0.573888
vt 0.290243 0.573711
vt 0.310866 0.573831
vt 0.251785 0.573341
vt 0.252343 0.573321
vt 0.253084 0.573328
vt 0.260428 0.573281
vt 0.262034 0.573125
vt 0.266052 0.573554
vt 0.270809 0.573023
vt 0.278328 0.573639
vt 0.283396 0.572891
vt 0.293550 0.573414
vt 0.310821 0.573302
vt 0.256749 0.572474
vt 0.268951 0.573043
vt 0.271632 0.573335
vt 0.273252 0.573135
vt 0.277637 0.572449
vt 0.280746 0.573285
vt 0.282069 0.572861
vt 0.284380 0.572976
vt 0.285713 0.573088
vt 0.286558 0.572968
vt 0.302683 0.572553
vt 0.309756 0.573352
vt 0.310528 0.572617
vt 0.251632 0.572725
vt 0.253576 0.572937
vt 0.258195 0.573077
vt 0.258971 0.572825
vt 0.266832 0.572075
vt 0.267469 0.572283
vt 0.272316 0.572821
vt 0.275952 0.573017
vt 0.289387 0.572725
vt 0.290949 0.572675
vt 0.306688 0.573106
vt 0.308058 0.572437
vt 0.252564 0.572559
vt 0.254129 0.572304
vt 0.255356 0.572525
vt 0.260322 0.572221
vt 0.266381 0.572634
vt 0.269526 0.572548
vt 0.271138 0.572159
vt 0.279523 0.572469
vt 0.281107 0.572368
vt 0.287476 0.572795
vt 0.293143 0.571876
vt 0.299090 0.572261
vt 0.300938 0.572154
vt 0.253296 0.572313
vt 0.259431 0.572260
vt 0.262990 0.572277
vt 0.264884 0.572186
vt 0.274610 0.572393
vt 0.304227 0.572458
vt 0.304956 0.572154
vt 0.306789 0.572321
vt 0.307538 0.572292
vt 0.308943 0.572515
vt 0.258069 0.571754
vt 0.267788 0.571643
vt 0.273074 0.572331
vt 0.276001 0.571843
vt 0.278284 0.571571
vt 0.285012 0.572182
vt 0.285454 0.571811
vt 0.300526 0.571882
vt 0.305871 0.572016
vt 0.308843 0.572105
vt 0.251166 0.571850
vt 0.255978 0.571892
vt 0.256914 0.571881
vt 0.261040 0.571396
vt 0.262220 0.571479
vt 0.263791 0.571696
vt 0.273887 0.571767
vt 0.279994 0.571471
vt 0.281909 0.571267
vt 0.284247 0.571849
vt 0.302515 0.572014
vt 0.312597 0.571876
vt 0.250112 0.571671
vt 0.252117 0.571619
vt 0.253324 0.571607
vt 0.253989 0.571654
vt 0.254704 0.571650
vt 0.258913 0.570857
vt 0.269445 0.571795
vt 0.270502 0.571725
vt 0.272348 0.571716
vt 0.276861 0.571260
vt 0.281381 0.571516
vt 0.287042 0.571296
vt 0.303383 0.571785
vt 0.310061 0.572026
vt 0.252905 0.571245
vt 0.259880 0.571446
vt 0.265017 0.570652
vt 0.272101 0.571254
vt 0.274488 0.571473
vt 0.295424 0.570069
vt 0.299805 0.570768
vt 0.301029 0.571280
vt 0.304584 0.571116
vt 0.306829 0.571212
vt 0.308211 0.571297
vt 0.255098 0.571243
vt 0.256639 0.571120
vt 0.257318 0.570217
vt 0.260320 0.570369
vt 0.263764 0.570780
vt 0.275718 0.571237
vt 0.280469 0.570913
vt 0.283968 0.570585
vt 0.285200 0.570873
vt 0.293546 0.570299
vt 0.301682 0.570925
vt 0.305254 0.570727
vt 0.310117 0.570708
vt 0.250586 0.570831
vt 0.253890 0.570875
vt 0.254610 0.571002
vt 0.261616 0.570112
vt 0.266122 0.570738
vt 0.269775 0.570897
vt 0.270761 0.570895
vt 0.271404 0.570346
vt 0.273434 0.570901
vt 0.274795 0.570695
vt 0.278157 0.570624
vt 0.282806 0.570479
vt 0.289037 0.570009
vt 0.290571 0.570048
vt 0.302885 0.570945
vt 0.308466 0.570435
vt 0.250106 0.570404
vt 0.255670 0.570756
vt 0.268325 0.570450
vt 0.276627 0.570977
vt 0.286795 0.569497
vt 0.297238 0.569957
vt 0.303396 0.570152
vt 0.250782 0.569735
vt 0.251742 0.569799
vt 0.252601 0.569971
vt 0.259841 0.569745
vt 0.266362 0.569803
vt 0.270589 0.570361
vt 0.279581 0.570550
vt 0.282039 0.570479
vt 0.285491 0.569945
vt 0.306139 0.570340
vt 0.306586 0.569717
vt 0.311514 0.570253
vt 0.312596 0.570708
vt 0.253534 0.569904
vt 0.254491 0.570070
vt 0.255355 0.570240
vt 0.256113 0.569996
vt 0.261394 0.569814
vt 0.272636 0.569888
vt 0.274166 0.570252
vt 0.276157 0.569663
vt 0.277783 0.570074
vt 0.280390 0.569812
vt 0.298140 0.569501
vt 0.308438 0.570003
vt 0.258818 0.570127
vt 0.262263 0.569284
vt 0.263796 0.570299
vt 0.269738 0.569369
vt 0.275294 0.570079
vt 0.299844 0.569393
vt 0.309121 0.569883
vt 0.250115 0.569103
vt 0.257868 0.569652
vt 0.278464 0.569636
vt 0.282714 0.569395
vt 0.291349 0.568866
vt 0.301433 0.568835
vt 0.304949 0.569663
vt 0.309895 0.569443
vt 0.311771 0.569896
vt 0.312595 0.569793
vt 0.254224 0.569515
vt 0.255104 0.569305
vt 0.255798 0.569414
vt 0.260634 0.569334
vt 0.264811 0.568580
vt 0.268306 0.568912
vt 0.273361 0.569369
vt 0.280809 0.569152
vt 0.281718 0.569420
vt 0.295989 0.569334
vt 0.300878 0.569110
vt 0.311198 0.569255
vt 0.311872 0.569298
vt 0.250805 0.568316
vt 0.256768 0.569270
vt 0.258325 0.568968
vt 0.259083 0.568914
vt 0.271308 0.569076
vt 0.274347 0.569216
vt 0.275125 0.569184
vt 0.276570 0.569045
vt 0.279163 0.569264
vt 0.284890 0.568941
vt 0.294093 0.568876
vt 0.295769 0.568726
vt 0.303735 0.569065
vt 0.256323 0.568844
vt 0.261745 0.568698
vt 0.266966 0.568320
vt 0.272471 0.568821
vt 0.272580 0.569432
vt 0.273304 0.568946
vt 0.277781 0.568755
vt 0.278726 0.568700
vt 0.279495 0.568448
vt 0.281873 0.568835
vt 0.289317 0.567872
vt 0.293053 0.568463
vt 0.306285 0.568957
vt 0.308005 0.568502
vt 0.312600 0.569039
vt 0.252807 0.568430
vt 0.254751 0.568509
vt 0.257368 0.568500
vt 0.259817 0.568151
vt 0.260544 0.568935
vt 0.262503 0.568613
vt 0.264003 0.568524
vt 0.265733 0.568279
vt 0.297378 0.568703
vt 0.299003 0.568272
vt 0.303457 0.568170
vt 0.305328 0.568804
vt 0.310680 0.568728
vt 0.311432 0.568658
vt 0.250110 0.568117
vt 0.252092 0.568410
vt 0.253904 0.568248
vt 0.255757 0.568230
vt 0.275481 0.568155
vt 0.277230 0.568573
vt 0.288248 0.567058
vt 0.309560 0.568305
vt 0.256315 0.568102
vt 0.256974 0.568226
vt 0.258812 0.568203
vt 0.261016 0.567989
vt 0.268319 0.567565
vt 0.274166 0.568106
vt 0.280658 0.568064
vt 0.286384 0.567402
vt 0.298184 0.568151
vt 0.300270 0.567950
vt 0.301242 0.567883
vt 0.312595 0.568676
vt 0.251518 0.567832
vt 0.255303 0.567854
vt 0.261924 0.567773
vt 0.262960 0.567767
vt 0.271266 0.567293
vt 0.277450 0.567420
vt 0.278015 0.567893
vt 0.281027 0.567649
vt 0.283632 0.567211
vt 0.289928 0.567716
vt 0.291002 0.567751
vt 0.293812 0.567725
vt 0.296404 0.567971
vt 0.304302 0.567909
vt 0.306088 0.567452
vt 0.254167 0.567319
vt 0.257414 0.567674
vt 0.263944 0.567562
vt 0.269648 0.567232
vt 0.272910 0.566985
vt 0.275778 0.567355
vt 0.292088 0.567451
vt 0.295497 0.567732
vt 0.301920 0.567382
vt 0.308518 0.567982
vt 0.309229 0.567471
vt 0.310586 0.567400
vt 0.253071 0.566943
vt 0.258151 0.567122
vt 0.259352 0.567541
vt 0.260285 0.567172
vt 0.265191 0.567469
vt 0.265833 0.566703
vt 0.266645 0.566873
vt 0.275038 0.567771
vt 0.276616 0.566461
vt 0.280306 0.567604
vt 0.296709 0.567274
vt 0.298811 0.567214
vt 0.302650 0.567172
vt 0.306692 0.567312
vt 0.308078 0.567008
vt 0.256185 0.567189
vt 0.256718 0.567107
vt 0.274158 0.566786
vt 0.278539 0.567197
vt 0.279541 0.567152
vt 0.282069 0.566895
vt 0.288873 0.567216
vt 0.297909 0.567187
vt 0.300038 0.567222
vt 0.301248 0.566916
vt 0.309940 0.567317
vt 0.251328 0.566531
vt 0.254310 0.565649
vt 0.257446 0.566830
vt 0.261315 0.566651
vt 0.262721 0.566566
vt 0.264504 0.566927
vt 0.289184 0.566620
vt 0.293377 0.566814
vt 0.294599 0.566951
vt 0.304808 0.566908
vt 0.307120 0.567058
vt 0.312597 0.566197
vt 0.255542 0.566596
vt 0.259855 0.566667
vt 0.267369 0.566333
vt 0.269492 0.566006
vt 0.279099 0.566668
vt 0.296736 0.566664
vt 0.298083 0.566343
vt 0.301039 0.566324
vt 0.250113 0.565663
vt 0.251970 0.565848
vt 0.256596 0.565904
vt 0.263712 0.565652
vt 0.264917 0.566429
vt 0.268539 0.566140
vt 0.278128 0.566356
vt 0.284965 0.565415
vt 0.287546 0.566082
vt 0.290727 0.566419
vt 0.292085 0.566276
vt 0.295585 0.566251
vt 0.302614 0.565773
vt 0.305032 0.566419
vt 0.306263 0.566292
vt 0.309298 0.566319
vt 0.257161 0.565842
vt 0.258681 0.566195
vt 0.261051 0.565781
vt 0.261685 0.565510
vt 0.270666 0.565574
vt 0.271819 0.565606
vt 0.273355 0.565513
vt 0.275223 0.565702
vt 0.279233 0.566202
vt 0.279519 0.565269
vt 0.293047 0.566213
vt 0.298666 0.565705
vt 0.299809 0.565819
vt 0.308165 0.565950
vt 0.310367 0.565907
vt 0.259221 0.565776
vt 0.260406 0.565780
vt 0.264607 0.566173
vt 0.266231 0.565807
vt 0.276565 0.565484
vt 0.285910 0.565440
vt 0.289844 0.565687
vt 0.293793 0.565787
vt 0.296707 0.565600
vt 0.255434 0.565755
vt 0.264788 0.565141
vt 0.268044 0.565455
vt 0.277507 0.565550
vt 0.291846 0.565858
vt 0.303418 0.565534
vt 0.305412 0.565613
vt 0.251070 0.564448
vt 0.258687 0.565527
vt 0.263163 0.565046
vt 0.265692 0.564921
vt 0.267119 0.565261
vt 0.273813 0.564744
vt 0.278485 0.564656
vt 0.290271 0.565300
vt 0.296973 0.564936
vt 0.300507 0.564600
vt 0.307069 0.565385
vt 0.309050 0.565305
vt 0.310527 0.565347
vt 0.252998 0.565205
vt 0.254295 0.564585
vt 0.258247 0.564880
vt 0.259909 0.564606
vt 0.260942 0.564968
vt 0.269271 0.564805
vt 0.282263 0.564238
vt 0.287528 0.564714
vt 0.294317 0.564824
vt 0.298577 0.565159
vt 0.312587 0.565553
vt 0.255702 0.564340
vt 0.256672 0.564512
vt 0.262138 0.564762
vt 0.279741 0.564250
vt 0.290493 0.564263
vt 0.291607 0.564589
vt 0.301837 0.564861
vt 0.303764 0.564998
vt 0.305390 0.564972
vt 0.307026 0.564758
vt 0.311004 0.565015
vt 0.252407 0.564098
vt 0.254846 0.564130
vt 0.257319 0.563905
vt 0.267534 0.564358
vt 0.268627 0.564251
vt 0.273106 0.564701
vt 0.277515 0.564708
vt 0.283898 0.563949
vt 0.285903 0.564067
vt 0.288776 0.564844
vt 0.293455 0.563980
vt 0.295479 0.564871
vt 0.297060 0.564560
vt 0.301672 0.564235
vt 0.304220 0.564023
vt 0.311970 0.564858
vt 0.312596 0.565001
vt 0.258699 0.564047
vt 0.263531 0.564241
vt 0.266109 0.564312
vt 0.266704 0.564323
vt 0.270036 0.563852
vt 0.271370 0.564000
vt 0.276841 0.563677
vt 0.298816 0.564068
vt 0.310215 0.564378
vt 0.310489 0.563811
vt 0.250114 0.563880
vt 0.254166 0.563501
vt 0.261374 0.564087
vt 0.264889 0.564184
vt 0.275224 0.563374
vt 0.286663 0.563882
vt 0.288277 0.563689
vt 0.291856 0.563588
vt 0.295919 0.564023
vt 0.303451 0.564012
vt 0.305227 0.564183
vt 0.256237 0.563592
vt 0.262379 0.563892
vt 0.278843 0.563998
vt 0.282937 0.563663
vt 0.299117 0.563581
vt 0.302577 0.563989
vt 0.311157 0.563671
vt 0.312594 0.564015
vt 0.259403 0.563460
vt 0.260190 0.563697
vt 0.262979 0.563560
vt 0.263725 0.562488
vt 0.264679 0.563181
vt 0.267394 0.563826
vt 0.271685 0.562487
vt 0.278495 0.563428
vt 0.298001 0.563614
vt 0.300290 0.563681
vt 0.301431 0.563744
vt 0.307186 0.563586
vt 0.308693 0.563376
vt 0.309637 0.563205
vt 0.251719 0.563355
vt 0.255466 0.563023
vt 0.259059 0.562488
vt 0.260830 0.562488
vt 0.261846 0.563256
vt 0.265410 0.563071
vt 0.266577 0.563514
vt 0.268958 0.563641
vt 0.270764 0.563093
vt 0.289952 0.562490
vt 0.300620 0.563188
vt 0.304958 0.563412
vt 0.312046 0.563475
vt 0.268388 0.563042
vt 0.278416 0.562487
vt 0.284471 0.563059
vt 0.296124 0.562833
vt 0.298295 0.562907
vt 0.302629 0.563123
vt 0.305008 0.562485
vt 0.310427 0.563431
vt 0.253249 0.562487
vt 0.256785 0.562488
vt 0.262637 0.562488
vt 0.266712 0.562830
vt 0.269749 0.562484
vt 0.282590 0.562489
vt 0.293521 0.563023
vt 0.297408 0.562484
vt 0.299592 0.562913
vt 0.303785 0.562484
vt 0.305946 0.562496
vt 0.308429 0.562486
vt 0.310895 0.562490
vt 0.312593 0.562494
vt 0.250113 0.562488
vt 0.255743 0.562487
vt 0.260144 0.562488
vt 0.262111 0.562487
vt 0.267347 0.562855
vt 0.281608 0.562487
vt 0.285712 0.562483
vt 0.292407 0.562489
vt 0.295990 0.562484
vt 0.300725 0.562489
vt 0.251596 0.562488
vt 0.254576 0.562487
vt 0.265034 0.562486
vt 0.268482 0.562487
vt 0.273099 0.562488
vt 0.288256 0.562489
vt 0.295200 0.562487
vt 0.298747 0.562487
vt 0.302753 0.562487
vt 0.306479 0.562483
vt 0.266593 0.562488
vt 0.284100 0.562484
vt 0.299273 0.562490
s 0
usemtl Material
f 1/1/1 148/2/1 89/3/1
f 149/4/2 90/5/2 89/3/2
f 150/6/3 91/7/3 90/5/3
f 151/8/4 96/9/4 94/10/4
f 96/9/5 152/11/5 97/12/5
f 152/11/6 153/13/6 97/12/6
f 153/13/7 99/14/7 97/12/7
f 153/13/8 154/15/8 99/14/8
f 155/16/9 101/17/9 99/14/9
f 156/18/10 108/19/10 105/20/10
f 156/18/11 157/21/11 108/19/11
f 172/22/12 111/23/12 108/19/12
f 111/23/13 158/24/13 113/25/13
f 159/26/14 115/27/14 113/25/14
f 174/28/15 160/29/15 116/30/15
f 160/29/16 118/31/16 116/30/16
f 160/29/17 161/32/17 118/31/17
f 161/32/18 162/33/18 118/31/18
f 162/33/19 120/34/19 118/31/19
f 176/35/20 163/36/20 120/34/20
f 163/36/21 123/37/21 120/34/21
f 164/38/22 124/39/22 123/37/22
f 164/38/23 125/40/23 124/39/23
f 125/40/24 128/41/24 127/42/24
f 165/43/25 129/44/25 128/41/25
f 166/45/26 135/46/26 129/44/26
f 166/45/27 181/47/27 135/46/27
f 167/48/28 147/49/28 145/50/28
f 2/51/29 148/2/29 1/1/29
f 148/2/30 149/4/30 89/3/30
f 168/52/31 94/10/31 91/7/31
f 151/8/32 152/11/32 96/9/32
f 169/53/33 154/15/33 153/13/33
f 154/15/34 155/16/34 99/14/34
f 170/54/35 105/20/35 104/55/35
f 170/54/36 171/56/36 105/20/36
f 157/21/37 172/22/37 108/19/37
f 173/57/38 116/30/38 115/27/38
f 175/58/39 120/34/39 162/33/39
f 176/35/40 120/34/40 175/58/40
f 177/59/41 123/37/41 163/36/41
f 177/59/42 164/38/42 123/37/42
f 164/38/43 128/41/43 125/40/43
f 178/60/44 129/44/44 165/43/44
f 178/60/45 179/61/45 129/44/45
f 179/61/46 166/45/46 129/44/46
f 181/47/47 138/62/47 135/46/47
f 181/47/48 140/63/48 138/62/48
f 140/63/49 182/64/49 143/65/49
f 143/65/50 206/66/50 144/67/50
f 144/67/51 167/48/51 145/50/51
f 167/48/52 190/68/52 147/49/52
f 190/68/53 3/69/53 147/49/53
f 183/70/54 90/5/54 149/4/54
f 152/11/55 184/71/55 153/13/55
f 184/71/56 169/53/56 153/13/56
f 154/15/57 185/72/57 155/16/57
f 155/16/58 186/73/58 101/17/58
f 186/73/59 104/55/59 101/17/59
f 171/56/60 156/18/60 105/20/60
f 215/74/61 159/26/61 113/25/61
f 173/57/62 115/27/62 159/26/62
f 196/75/63 174/28/63 116/30/63
f 198/76/64 161/32/64 160/29/64
f 187/77/65 176/35/65 175/58/65
f 187/77/66 188/78/66 176/35/66
f 188/78/67 163/36/67 176/35/67
f 188/78/68 177/59/68 163/36/68
f 189/79/69 165/43/69 128/41/69
f 179/61/70 180/80/70 166/45/70
f 181/47/71 182/64/71 140/63/71
f 206/66/72 167/48/72 144/67/72
f 2/51/73 191/81/73 148/2/73
f 191/81/74 183/70/74 148/2/74
f 183/70/75 149/4/75 148/2/75
f 183/70/76 150/6/76 90/5/76
f 168/52/77 91/7/77 150/6/77
f 168/52/78 151/8/78 94/10/78
f 151/8/79 184/71/79 152/11/79
f 184/71/80 192/82/80 169/53/80
f 192/82/81 193/83/81 169/53/81
f 193/83/82 154/15/82 169/53/82
f 193/83/83 185/72/83 154/15/83
f 185/72/84 194/84/84 155/16/84
f 194/84/85 186/73/85 155/16/85
f 195/85/86 171/56/86 170/54/86
f 158/24/87 111/23/87 172/22/87
f 196/75/88 116/30/88 173/57/88
f 197/86/89 160/29/89 174/28/89
f 197/86/90 198/76/90 160/29/90
f 199/87/91 162/33/91 161/32/91
f 199/87/92 200/88/92 162/33/92
f 200/88/93 201/89/93 162/33/93
f 201/89/94 175/58/94 162/33/94
f 201/89/95 202/90/95 175/58/95
f 202/90/96 187/77/96 175/58/96
f 202/90/97 188/78/97 187/77/97
f 164/38/98 189/79/98 128/41/98
f 203/91/99 178/60/99 165/43/99
f 180/80/100 204/92/100 166/45/100
f 204/92/101 181/47/101 166/45/101
f 182/64/102 206/66/102 143/65/102
f 206/66/103 207/93/103 167/48/103
f 233/94/104 168/52/104 150/6/104
f 234/95/105 208/96/105 168/52/105
f 208/96/106 151/8/106 168/52/106
f 151/8/107 192/82/107 184/71/107
f 192/82/108 209/97/108 193/83/108
f 209/97/109 185/72/109 193/83/109
f 186/73/110 210/98/110 104/55/110
f 210/98/111 170/54/111 104/55/111
f 211/99/112 156/18/112 171/56/112
f 211/99/113 212/100/113 156/18/113
f 213/101/114 157/21/114 156/18/114
f 214/102/115 172/22/115 157/21/115
f 214/102/116 158/24/116 172/22/116
f 216/103/117 159/26/117 215/74/117
f 216/103/118 173/57/118 159/26/118
f 216/103/119 217/104/119 173/57/119
f 217/104/88 196/75/88 173/57/88
f 218/105/120 198/76/120 197/86/120
f 219/106/121 161/32/121 198/76/121
f 219/106/122 220/107/122 161/32/122
f 220/107/123 199/87/123 161/32/123
f 221/108/124 200/88/124 199/87/124
f 245/109/125 177/59/125 188/78/125
f 177/59/126 222/110/126 164/38/126
f 222/110/127 189/79/127 164/38/127
f 189/79/128 223/111/128 165/43/128
f 223/111/129 203/91/129 165/43/129
f 203/91/130 224/112/130 178/60/130
f 224/112/131 225/113/131 178/60/131
f 225/113/132 226/114/132 178/60/132
f 226/114/133 179/61/133 178/60/133
f 227/115/134 180/80/134 179/61/134
f 227/115/135 228/116/135 180/80/135
f 204/92/136 205/117/136 181/47/136
f 229/118/137 181/47/137 205/117/137
f 230/119/138 181/47/138 229/118/138
f 230/119/139 182/64/139 181/47/139
f 232/120/140 3/69/140 190/68/140
f 252/121/141 150/6/141 183/70/141
f 252/121/142 233/94/142 150/6/142
f 234/95/143 168/52/143 233/94/143
f 209/97/144 236/122/144 185/72/144
f 236/122/145 194/84/145 185/72/145
f 237/123/146 210/98/146 186/73/146
f 210/98/147 195/85/147 170/54/147
f 210/98/148 171/56/148 195/85/148
f 238/124/149 211/99/149 171/56/149
f 212/100/150 213/101/150 156/18/150
f 239/125/151 158/24/151 214/102/151
f 158/24/152 215/74/152 113/25/152
f 240/126/153 196/75/153 217/104/153
f 241/127/154 174/28/154 196/75/154
f 241/127/155 242/128/155 174/28/155
f 242/128/156 218/105/156 174/28/156
f 218/105/157 197/86/157 174/28/157
f 243/129/158 198/76/158 218/105/158
f 243/129/159 219/106/159 198/76/159
f 220/107/160 244/130/160 199/87/160
f 244/130/161 221/108/161 199/87/161
f 201/89/162 200/88/162 221/108/162
f 201/89/163 245/109/163 202/90/163
f 245/109/164 188/78/164 202/90/164
f 245/109/165 222/110/165 177/59/165
f 246/131/166 203/91/166 223/111/166
f 247/132/167 224/112/167 203/91/167
f 226/114/168 227/115/168 179/61/168
f 228/116/169 204/92/169 180/80/169
f 228/116/170 248/133/170 204/92/170
f 248/133/171 205/117/171 204/92/171
f 205/117/172 249/134/172 229/118/172
f 269/135/173 206/66/173 182/64/173
f 250/136/174 207/93/174 206/66/174
f 207/93/175 190/68/175 167/48/175
f 207/93/176 231/137/176 190/68/176
f 251/138/177 232/120/177 190/68/177
f 4/139/178 191/81/178 2/51/178
f 252/121/179 183/70/179 191/81/179
f 253/140/180 254/141/180 234/95/180
f 254/141/181 255/142/181 234/95/181
f 255/142/182 208/96/182 234/95/182
f 208/96/183 235/143/183 151/8/183
f 151/8/184 256/144/184 192/82/184
f 256/144/185 257/145/185 192/82/185
f 257/145/186 209/97/186 192/82/186
f 236/122/187 258/146/187 194/84/187
f 258/146/188 186/73/188 194/84/188
f 258/146/189 237/123/189 186/73/189
f 237/123/190 259/147/190 210/98/190
f 259/147/191 171/56/191 210/98/191
f 259/147/192 238/124/192 171/56/192
f 238/124/193 212/100/193 211/99/193
f 213/101/194 260/148/194 157/21/194
f 274/149/195 196/75/195 240/126/195
f 242/128/196 243/129/196 218/105/196
f 261/150/197 219/106/197 243/129/197
f 262/151/198 220/107/198 219/106/198
f 262/151/199 244/130/199 220/107/199
f 244/130/200 201/89/200 221/108/200
f 263/152/201 222/110/201 245/109/201
f 264/153/202 223/111/202 189/79/202
f 264/153/203 265/154/203 223/111/203
f 265/154/204 246/131/204 223/111/204
f 246/131/205 247/132/205 203/91/205
f 247/132/206 225/113/206 224/112/206
f 266/155/207 228/116/207 227/115/207
f 228/116/208 267/156/208 248/133/208
f 248/133/209 249/134/209 205/117/209
f 249/134/210 268/157/210 229/118/210
f 268/157/211 230/119/211 229/118/211
f 269/135/212 182/64/212 230/119/212
f 231/137/213 251/138/213 190/68/213
f 270/158/214 253/140/214 233/94/214
f 253/140/215 234/95/215 233/94/215
f 271/159/216 208/96/216 255/142/216
f 271/159/217 235/143/217 208/96/217
f 235/143/218 256/144/218 151/8/218
f 209/97/219 258/146/219 236/122/219
f 272/160/220 237/123/220 258/146/220
f 272/160/221 291/161/221 237/123/221
f 238/124/222 273/162/222 212/100/222
f 273/162/223 213/101/223 212/100/223
f 260/148/224 214/102/224 157/21/224
f 274/149/225 241/127/225 196/75/225
f 241/127/226 243/129/226 242/128/226
f 241/127/227 261/150/227 243/129/227
f 261/150/228 262/151/228 219/106/228
f 297/163/229 245/109/229 244/130/229
f 245/109/230 201/89/230 244/130/230
f 275/164/231 263/152/231 245/109/231
f 276/165/232 222/110/232 263/152/232
f 277/166/233 189/79/233 222/110/233
f 277/166/234 264/153/234 189/79/234
f 278/167/235 265/154/235 264/153/235
f 246/131/236 279/168/236 247/132/236
f 279/168/237 225/113/237 247/132/237
f 299/169/238 227/115/238 226/114/238
f 267/156/239 249/134/239 248/133/239
f 268/157/240 280/170/240 230/119/240
f 280/170/241 281/171/241 230/119/241
f 281/171/242 269/135/242 230/119/242
f 282/172/243 206/66/243 269/135/243
f 282/172/244 250/136/244 206/66/244
f 231/137/245 207/93/245 250/136/245
f 283/173/246 232/120/246 251/138/246
f 284/174/247 3/69/247 232/120/247
f 285/175/248 233/94/248 252/121/248
f 285/175/249 286/176/249 233/94/249
f 286/176/250 270/158/250 233/94/250
f 270/158/251 287/177/251 253/140/251
f 287/177/252 254/141/252 253/140/252
f 288/178/253 255/142/253 254/141/253
f 288/178/254 271/159/254 255/142/254
f 289/179/255 235/143/255 271/159/255
f 257/145/256 290/180/256 209/97/256
f 290/180/257 258/146/257 209/97/257
f 290/180/258 291/161/258 258/146/258
f 291/161/259 272/160/259 258/146/259
f 291/161/260 292/181/260 237/123/260
f 292/181/261 259/147/261 237/123/261
f 292/181/262 238/124/262 259/147/262
f 308/182/263 273/162/263 238/124/263
f 308/182/264 293/183/264 273/162/264
f 293/183/265 213/101/265 273/162/265
f 294/184/266 260/148/266 213/101/266
f 215/74/267 326/185/267 216/103/267
f 326/185/268 217/104/268 216/103/268
f 217/104/269 295/186/269 240/126/269
f 296/187/270 261/150/270 241/127/270
f 296/187/271 262/151/271 261/150/271
f 296/187/272 244/130/272 262/151/272
f 296/187/273 297/163/273 244/130/273
f 312/188/274 275/164/274 245/109/274
f 314/189/275 298/190/275 275/164/275
f 298/190/276 263/152/276 275/164/276
f 298/190/277 276/165/277 263/152/277
f 276/165/278 277/166/278 222/110/278
f 277/166/279 278/167/279 264/153/279
f 331/191/280 246/131/280 265/154/280
f 299/169/281 266/155/281 227/115/281
f 266/155/282 267/156/282 228/116/282
f 300/192/283 268/157/283 249/134/283
f 300/192/284 280/170/284 268/157/284
f 281/171/285 301/193/285 269/135/285
f 301/193/286 282/172/286 269/135/286
f 302/194/287 250/136/287 282/172/287
f 303/195/288 251/138/288 231/137/288
f 303/195/289 283/173/289 251/138/289
f 283/173/290 284/174/290 232/120/290
f 6/196/291 191/81/291 4/139/291
f 6/196/292 252/121/292 191/81/292
f 286/176/293 287/177/293 270/158/293
f 304/197/294 288/178/294 287/177/294
f 288/178/295 254/141/295 287/177/295
f 289/179/296 305/198/296 235/143/296
f 305/198/297 306/199/297 235/143/297
f 306/199/298 256/144/298 235/143/298
f 306/199/299 257/145/299 256/144/299
f 307/200/300 291/161/300 290/180/300
f 308/182/301 238/124/301 292/181/301
f 293/183/302 294/184/302 213/101/302
f 260/148/303 309/201/303 214/102/303
f 214/102/304 310/202/304 239/125/304
f 295/186/305 274/149/305 240/126/305
f 274/149/306 296/187/306 241/127/306
f 311/203/307 245/109/307 297/163/307
f 311/203/308 312/188/308 245/109/308
f 312/188/309 313/204/309 275/164/309
f 313/204/310 314/189/310 275/164/310
f 298/190/311 277/166/311 276/165/311
f 330/205/312 278/167/312 277/166/312
f 278/167/313 331/191/313 265/154/313
f 315/206/314 279/168/314 246/131/314
f 279/168/315 299/169/315 225/113/315
f 299/169/316 226/114/316 225/113/316
f 266/155/317 316/207/317 267/156/317
f 316/207/318 249/134/318 267/156/318
f 316/207/319 300/192/319 249/134/319
f 281/171/320 317/208/320 301/193/320
f 317/208/321 282/172/321 301/193/321
f 317/208/322 302/194/322 282/172/322
f 302/194/323 318/209/323 250/136/323
f 318/209/324 231/137/324 250/136/324
f 319/210/325 303/195/325 231/137/325
f 320/211/326 287/177/326 286/176/326
f 320/211/327 304/197/327 287/177/327
f 289/179/328 321/212/328 305/198/328
f 321/212/329 306/199/329 305/198/329
f 306/199/330 322/213/330 257/145/330
f 322/213/331 290/180/331 257/145/331
f 322/213/332 323/214/332 290/180/332
f 307/200/333 324/215/333 291/161/333
f 324/215/334 292/181/334 291/161/334
f 326/185/335 215/74/335 158/24/335
f 327/216/336 296/187/336 274/149/336
f 329/217/337 312/188/337 311/203/337
f 329/217/338 313/204/338 312/188/338
f 330/205/339 277/166/339 298/190/339
f 331/191/340 315/206/340 246/131/340
f 300/192/341 281/171/341 280/170/341
f 300/192/342 332/218/342 281/171/342
f 332/218/343 317/208/343 281/171/343
f 317/208/344 333/219/344 302/194/344
f 333/219/345 318/209/345 302/194/345
f 318/209/346 319/210/346 231/137/346
f 303/195/347 334/220/347 283/173/347
f 334/220/348 284/174/348 283/173/348
f 5/221/349 3/69/349 284/174/349
f 6/196/350 285/175/350 252/121/350
f 285/175/351 335/222/351 286/176/351
f 271/159/352 288/178/352 304/197/352
f 321/212/353 336/223/353 306/199/353
f 336/223/354 322/213/354 306/199/354
f 337/224/355 290/180/355 323/214/355
f 337/224/356 307/200/356 290/180/356
f 338/225/357 292/181/357 324/215/357
f 339/226/358 293/183/358 308/182/358
f 340/227/359 260/148/359 294/184/359
f 361/228/360 326/185/360 158/24/360
f 295/186/361 217/104/361 326/185/361
f 295/186/362 327/216/362 274/149/362
f 341/229/363 296/187/363 327/216/363
f 341/229/364 328/230/364 296/187/364
f 328/230/365 342/231/365 296/187/365
f 342/231/366 343/232/366 296/187/366
f 343/232/367 297/163/367 296/187/367
f 343/232/368 344/233/368 297/163/368
f 344/233/369 311/203/369 297/163/369
f 344/233/370 329/217/370 311/203/370
f 329/217/371 314/189/371 313/204/371
f 345/234/372 298/190/372 314/189/372
f 345/234/373 330/205/373 298/190/373
f 366/235/374 278/167/374 330/205/374
f 366/235/375 331/191/375 278/167/375
f 347/236/376 266/155/376 299/169/376
f 347/236/377 316/207/377 266/155/377
f 316/207/378 348/237/378 300/192/378
f 349/238/379 333/219/379 317/208/379
f 333/219/380 350/239/380 318/209/380
f 350/239/381 319/210/381 318/209/381
f 351/240/382 303/195/382 319/210/382
f 369/241/383 334/220/383 303/195/383
f 352/242/384 353/243/384 6/196/384
f 353/243/385 285/175/385 6/196/385
f 353/243/386 335/222/386 285/175/386
f 354/244/387 271/159/387 304/197/387
f 355/245/388 336/223/388 321/212/388
f 336/223/389 356/246/389 322/213/389
f 356/246/390 323/214/390 322/213/390
f 356/246/391 337/224/391 323/214/391
f 337/224/392 357/247/392 307/200/392
f 357/247/393 358/248/393 307/200/393
f 358/248/394 324/215/394 307/200/394
f 359/249/395 338/225/395 324/215/395
f 338/225/396 308/182/396 292/181/396
f 338/225/397 339/226/397 308/182/397
f 360/250/398 293/183/398 339/226/398
f 360/250/399 294/184/399 293/183/399
f 360/250/400 340/227/400 294/184/400
f 340/227/401 309/201/401 260/148/401
f 325/251/402 310/202/402 214/102/402
f 310/202/403 361/228/403 239/125/403
f 361/228/404 158/24/404 239/125/404
f 362/252/405 328/230/405 341/229/405
f 362/252/406 342/231/406 328/230/406
f 363/253/407 314/189/407 329/217/407
f 363/253/408 345/234/408 314/189/408
f 364/254/409 330/205/409 345/234/409
f 364/254/410 365/255/410 330/205/410
f 365/255/411 346/256/411 330/205/411
f 366/235/412 330/205/412 346/256/412
f 347/236/413 299/169/413 279/168/413
f 348/237/414 332/218/414 300/192/414
f 332/218/415 349/238/415 317/208/415
f 367/257/416 350/239/416 333/219/416
f 350/239/417 351/240/417 319/210/417
f 350/239/418 368/258/418 351/240/418
f 369/241/419 303/195/419 351/240/419
f 334/220/420 5/221/420 284/174/420
f 335/222/421 371/259/421 286/176/421
f 371/259/422 320/211/422 286/176/422
f 371/259/423 304/197/423 320/211/423
f 371/259/424 354/244/424 304/197/424
f 271/159/425 354/244/425 289/179/425
f 354/244/426 321/212/426 289/179/426
f 372/260/427 355/245/427 321/212/427
f 355/245/428 356/246/428 336/223/428
f 356/246/429 357/247/429 337/224/429
f 358/248/430 373/261/430 324/215/430
f 373/261/431 359/249/431 324/215/431
f 373/261/432 374/262/432 359/249/432
f 309/201/433 325/251/433 214/102/433
f 375/263/434 327/216/434 295/186/434
f 376/264/435 341/229/435 327/216/435
f 376/264/436 377/265/436 341/229/436
f 377/265/437 362/252/437 341/229/437
f 342/231/438 387/266/438 343/232/438
f 387/266/439 378/267/439 343/232/439
f 378/267/440 344/233/440 343/232/440
f 378/267/441 329/217/441 344/233/441
f 378/267/442 363/253/442 329/217/442
f 379/268/443 345/234/443 363/253/443
f 379/268/444 364/254/444 345/234/444
f 389/269/445 315/206/445 331/191/445
f 315/206/446 347/236/446 279/168/446
f 391/270/447 316/207/447 347/236/447
f 391/270/448 348/237/448 316/207/448
f 391/270/449 380/271/449 348/237/449
f 348/237/450 349/238/450 332/218/450
f 349/238/451 367/257/451 333/219/451
f 368/258/452 381/272/452 351/240/452
f 381/272/453 369/241/453 351/240/453
f 369/241/454 370/273/454 334/220/454
f 334/220/455 370/273/455 5/221/455
f 7/274/456 352/242/456 6/196/456
f 354/244/457 372/260/457 321/212/457
f 356/246/458 395/275/458 357/247/458
f 395/275/459 358/248/459 357/247/459
f 395/275/460 373/261/460 358/248/460
f 374/262/461 382/276/461 359/249/461
f 382/276/462 338/225/462 359/249/462
f 382/276/463 383/277/463 338/225/463
f 383/277/464 384/278/464 338/225/464
f 384/278/465 339/226/465 338/225/465
f 385/279/466 340/227/466 360/250/466
f 375/263/467 376/264/467 327/216/467
f 376/264/468 386/280/468 377/265/468
f 386/280/469 362/252/469 377/265/469
f 386/280/470 342/231/470 362/252/470
f 386/280/471 387/266/471 342/231/471
f 388/281/472 363/253/472 378/267/472
f 388/281/473 379/268/473 363/253/473
f 389/269/474 331/191/474 366/235/474
f 389/269/475 390/282/475 315/206/475
f 390/282/476 391/270/476 347/236/476
f 380/271/477 349/238/477 348/237/477
f 367/257/478 368/258/478 350/239/478
f 381/272/479 392/283/479 369/241/479
f 392/283/480 370/273/480 369/241/480
f 8/284/481 352/242/481 7/274/481
f 394/285/482 335/222/482 353/243/482
f 394/285/483 371/259/483 335/222/483
f 396/286/484 373/261/484 395/275/484
f 373/261/485 382/276/485 374/262/485
f 397/287/486 383/277/486 382/276/486
f 398/288/487 339/226/487 384/278/487
f 399/289/488 385/279/488 360/250/488
f 399/289/489 400/290/489 385/279/489
f 400/290/490 340/227/490 385/279/490
f 400/290/491 309/201/491 340/227/491
f 439/291/492 361/228/492 310/202/492
f 401/292/493 326/185/493 361/228/493
f 326/185/494 375/263/494 295/186/494
f 410/293/495 376/264/495 375/263/495
f 402/294/496 378/267/496 387/266/496
f 402/294/497 388/281/497 378/267/497
f 379/268/498 365/255/498 364/254/498
f 365/255/499 389/269/499 346/256/499
f 389/269/500 366/235/500 346/256/500
f 390/282/501 347/236/501 315/206/501
f 380/271/502 367/257/502 349/238/502
f 367/257/503 404/295/503 368/258/503
f 404/295/504 381/272/504 368/258/504
f 392/283/505 405/296/505 370/273/505
f 370/273/506 393/297/506 5/221/506
f 8/284/507 353/243/507 352/242/507
f 406/298/508 394/285/508 353/243/508
f 371/259/509 407/299/509 354/244/509
f 372/260/510 426/300/510 355/245/510
f 426/300/511 356/246/511 355/245/511
f 396/286/512 382/276/512 373/261/512
f 397/287/513 384/278/513 383/277/513
f 398/288/514 408/301/514 339/226/514
f 408/301/515 360/250/515 339/226/515
f 399/289/516 409/302/516 400/290/516
f 409/302/517 309/201/517 400/290/517
f 325/251/518 439/291/518 310/202/518
f 326/185/519 429/303/519 375/263/519
f 429/303/520 410/293/520 375/263/520
f 410/293/521 386/280/521 376/264/521
f 411/304/522 387/266/522 386/280/522
f 411/304/523 402/294/523 387/266/523
f 412/305/524 365/255/524 379/268/524
f 365/255/525 390/282/525 389/269/525
f 413/306/526 403/307/526 391/270/526
f 403/307/527 380/271/527 391/270/527
f 414/308/528 404/295/528 367/257/528
f 404/295/529 405/296/529 381/272/529
f 405/296/530 392/283/530 381/272/530
f 405/296/531 415/309/531 370/273/531
f 415/309/532 393/297/532 370/273/532
f 9/310/533 5/221/533 393/297/533
f 10/311/534 416/312/534 8/284/534
f 416/312/535 353/243/535 8/284/535
f 416/312/536 406/298/536 353/243/536
f 423/313/537 371/259/537 394/285/537
f 417/314/538 396/286/538 395/275/538
f 418/315/539 384/278/539 397/287/539
f 408/301/540 399/289/540 360/250/540
f 408/301/541 409/302/541 399/289/541
f 474/316/542 361/228/542 439/291/542
f 401/292/543 361/228/543 474/316/543
f 419/317/544 326/185/544 401/292/544
f 420/318/545 386/280/545 410/293/545
f 420/318/546 411/304/546 386/280/546
f 411/304/547 430/319/547 402/294/547
f 430/319/548 388/281/548 402/294/548
f 412/305/549 379/268/549 388/281/549
f 413/306/550 391/270/550 390/282/550
f 380/271/551 421/320/551 367/257/551
f 404/295/552 414/308/552 405/296/552
f 415/309/553 422/321/553 393/297/553
f 422/321/554 9/310/554 393/297/554
f 423/313/555 406/298/555 416/312/555
f 423/313/556 394/285/556 406/298/556
f 423/313/557 407/299/557 371/259/557
f 424/322/558 354/244/558 407/299/558
f 424/322/559 425/323/559 354/244/559
f 425/323/560 426/300/560 354/244/560
f 426/300/561 372/260/561 354/244/561
f 396/286/562 427/324/562 382/276/562
f 427/324/563 397/287/563 382/276/563
f 427/324/564 418/315/564 397/287/564
f 428/325/565 398/288/565 384/278/565
f 428/325/566 408/301/566 398/288/566
f 428/325/567 409/302/567 408/301/567
f 419/317/568 429/303/568 326/185/568
f 430/319/569 412/305/569 388/281/569
f 441/326/570 365/255/570 412/305/570
f 441/326/571 390/282/571 365/255/571
f 431/327/572 413/306/572 390/282/572
f 444/328/573 445/329/573 413/306/573
f 445/329/574 432/330/574 413/306/574
f 433/331/575 380/271/575 403/307/575
f 433/331/576 434/332/576 380/271/576
f 421/320/577 414/308/577 367/257/577
f 414/308/578 435/333/578 405/296/578
f 435/333/579 415/309/579 405/296/579
f 435/333/580 422/321/580 415/309/580
f 422/321/581 11/334/581 9/310/581
f 10/311/582 423/313/582 416/312/582
f 423/313/583 424/322/583 407/299/583
f 437/335/584 417/314/584 395/275/584
f 418/315/585 428/325/585 384/278/585
f 409/302/586 438/336/586 309/201/586
f 438/336/587 325/251/587 309/201/587
f 440/337/588 419/317/588 401/292/588
f 441/326/589 412/305/589 430/319/589
f 452/338/590 442/339/590 390/282/590
f 442/339/591 431/327/591 390/282/591
f 431/327/592 443/340/592 413/306/592
f 443/340/593 444/328/593 413/306/593
f 432/330/594 403/307/594 413/306/594
f 446/341/595 433/331/595 403/307/595
f 447/342/596 434/332/596 433/331/596
f 421/320/597 470/343/597 414/308/597
f 448/344/598 424/322/598 423/313/598
f 436/345/599 356/246/599 426/300/599
f 436/345/600 395/275/600 356/246/600
f 417/314/601 460/346/601 396/286/601
f 460/346/602 427/324/602 396/286/602
f 449/347/603 325/251/603 438/336/603
f 449/347/604 439/291/604 325/251/604
f 440/337/605 401/292/605 474/316/605
f 429/303/606 420/318/606 410/293/606
f 429/303/607 411/304/607 420/318/607
f 450/348/608 430/319/608 411/304/608
f 450/348/609 441/326/609 430/319/609
f 451/349/610 390/282/610 441/326/610
f 451/349/611 452/338/611 390/282/611
f 453/350/612 432/330/612 445/329/612
f 453/350/613 454/351/613 432/330/613
f 455/352/614 403/307/614 432/330/614
f 455/352/615 446/341/615 403/307/615
f 456/353/616 434/332/616 447/342/616
f 456/353/617 457/354/617 434/332/617
f 434/332/618 458/355/618 380/271/618
f 458/355/619 421/320/619 380/271/619
f 437/335/620 395/275/620 436/345/620
f 460/346/621 417/314/621 437/335/621
f 428/325/622 473/356/622 409/302/622
f 473/356/623 438/336/623 409/302/623
f 461/357/624 419/317/624 440/337/624
f 461/357/625 429/303/625 419/317/625
f 450/348/626 411/304/626 429/303/626
f 431/327/627 477/358/627 443/340/627
f 462/359/628 463/360/628 443/340/628
f 463/360/629 444/328/629 443/340/629
f 463/360/630 464/361/630 444/328/630
f 464/361/631 445/329/631 444/328/631
f 464/361/632 465/362/632 445/329/632
f 465/362/633 453/350/633 445/329/633
f 455/352/634 432/330/634 454/351/634
f 446/341/635 466/363/635 433/331/635
f 457/354/636 467/364/636 434/332/636
f 467/364/637 458/355/637 434/332/637
f 468/365/638 421/320/638 458/355/638
f 469/366/639 470/343/639 421/320/639
f 12/367/640 422/321/640 435/333/640
f 12/367/641 11/334/641 422/321/641
f 10/311/642 448/344/642 423/313/642
f 471/368/643 424/322/643 448/344/643
f 471/368/644 459/369/644 424/322/644
f 459/369/645 425/323/645 424/322/645
f 472/370/646 460/346/646 437/335/646
f 449/347/647 474/316/647 439/291/647
f 483/371/648 475/372/648 441/326/648
f 475/372/649 451/349/649 441/326/649
f 485/373/650 452/338/650 451/349/650
f 452/338/651 487/374/651 442/339/651
f 476/375/652 431/327/652 442/339/652
f 477/358/653 462/359/653 443/340/653
f 453/350/654 478/376/654 454/351/654
f 478/376/655 455/352/655 454/351/655
f 455/352/656 479/377/656 446/341/656
f 479/377/657 466/363/657 446/341/657
f 466/363/658 447/342/658 433/331/658
f 466/363/659 456/353/659 447/342/659
f 467/364/660 468/365/660 458/355/660
f 468/365/661 469/366/661 421/320/661
f 414/308/662 12/367/662 435/333/662
f 459/369/663 436/345/663 425/323/663
f 436/345/664 426/300/664 425/323/664
f 480/378/665 437/335/665 436/345/665
f 480/378/666 472/370/666 437/335/666
f 472/370/667 481/379/667 460/346/667
f 481/379/668 427/324/668 460/346/668
f 481/379/669 418/315/669 427/324/669
f 473/356/670 428/325/670 418/315/670
f 482/380/671 461/357/671 440/337/671
f 493/381/672 483/371/672 441/326/672
f 475/372/673 484/382/673 451/349/673
f 484/382/674 485/373/674 451/349/674
f 486/383/675 452/338/675 485/373/675
f 486/383/676 487/374/676 452/338/676
f 487/374/677 476/375/677 442/339/677
f 476/375/678 477/358/678 431/327/678
f 462/359/679 497/384/679 463/360/679
f 463/360/680 488/385/680 464/361/680
f 465/362/681 478/376/681 453/350/681
f 468/365/682 489/386/682 469/366/682
f 469/366/683 490/387/683 470/343/683
f 470/343/684 12/367/684 414/308/684
f 491/388/685 448/344/685 10/311/685
f 492/389/686 481/379/686 472/370/686
f 481/379/687 473/356/687 418/315/687
f 449/347/688 438/336/688 473/356/688
f 516/390/689 474/316/689 449/347/689
f 474/316/690 482/380/690 440/337/690
f 504/391/691 450/348/691 429/303/691
f 517/392/692 493/381/692 450/348/692
f 493/381/693 441/326/693 450/348/693
f 484/382/694 494/393/694 485/373/694
f 494/393/695 495/394/695 485/373/695
f 495/394/696 486/383/696 485/373/696
f 496/395/697 476/375/697 487/374/697
f 477/358/698 497/384/698 462/359/698
f 497/384/699 488/385/699 463/360/699
f 488/385/700 465/362/700 464/361/700
f 498/396/701 455/352/701 478/376/701
f 498/396/702 479/377/702 455/352/702
f 499/397/703 457/354/703 456/353/703
f 467/364/704 500/398/704 468/365/704
f 489/386/705 501/399/705 469/366/705
f 501/399/706 490/387/706 469/366/706
f 502/400/707 12/367/707 470/343/707
f 491/388/708 471/368/708 448/344/708
f 503/401/709 472/370/709 480/378/709
f 503/401/710 492/389/710 472/370/710
f 514/402/711 449/347/711 473/356/711
f 461/357/712 504/391/712 429/303/712
f 504/391/713 517/392/713 450/348/713
f 505/403/714 506/404/714 493/381/714
f 506/404/715 483/371/715 493/381/715
f 507/405/716 475/372/716 483/371/716
f 508/406/717 487/374/717 486/383/717
f 496/395/718 477/358/718 476/375/718
f 465/362/719 521/407/719 478/376/719
f 509/408/720 456/353/720 466/363/720
f 509/408/721 499/397/721 456/353/721
f 499/397/722 467/364/722 457/354/722
f 499/397/723 500/398/723 467/364/723
f 510/409/724 468/365/724 500/398/724
f 13/410/725 491/388/725 10/311/725
f 491/388/726 511/411/726 471/368/726
f 511/411/727 459/369/727 471/368/727
f 512/412/728 436/345/728 459/369/728
f 513/413/729 480/378/729 436/345/729
f 513/413/730 503/401/730 480/378/730
f 514/402/731 515/414/731 449/347/731
f 537/415/732 482/380/732 474/316/732
f 518/416/733 493/381/733 517/392/733
f 506/404/734 519/417/734 483/371/734
f 519/417/735 507/405/735 483/371/735
f 520/418/736 475/372/736 507/405/736
f 520/418/737 484/382/737 475/372/737
f 495/394/738 508/406/738 486/383/738
f 508/406/739 496/395/739 487/374/739
f 488/385/740 521/407/740 465/362/740
f 522/419/741 479/377/741 498/396/741
f 479/377/742 509/408/742 466/363/742
f 510/409/743 489/386/743 468/365/743
f 523/420/744 501/399/744 489/386/744
f 524/421/745 470/343/745 490/387/745
f 502/400/746 525/422/746 12/367/746
f 511/411/747 512/412/747 459/369/747
f 512/412/748 513/413/748 436/345/748
f 515/414/749 516/390/749 449/347/749
f 539/423/750 517/392/750 504/391/750
f 528/424/751 518/416/751 517/392/751
f 529/425/752 493/381/752 518/416/752
f 529/425/753 505/403/753 493/381/753
f 520/418/754 507/405/754 519/417/754
f 544/426/755 494/393/755 484/382/755
f 508/406/756 530/427/756 496/395/756
f 531/428/757 477/358/757 496/395/757
f 531/428/758 497/384/758 477/358/758
f 497/384/759 532/429/759 488/385/759
f 521/407/760 498/396/760 478/376/760
f 489/386/761 533/430/761 523/420/761
f 524/421/762 490/387/762 501/399/762
f 524/421/763 534/431/763 470/343/763
f 534/431/764 502/400/764 470/343/764
f 525/422/765 14/432/765 12/367/765
f 560/433/766 512/412/766 511/411/766
f 535/434/767 481/379/767 492/389/767
f 535/434/768 473/356/768 481/379/768
f 535/434/769 514/402/769 473/356/769
f 536/435/770 537/415/770 516/390/770
f 537/415/771 474/316/771 516/390/771
f 550/436/772 482/380/772 537/415/772
f 550/436/773 461/357/773 482/380/773
f 550/436/774 538/437/774 461/357/774
f 538/437/775 504/391/775 461/357/775
f 526/438/776 539/423/776 504/391/776
f 539/423/777 527/439/777 517/392/777
f 528/424/778 517/392/778 527/439/778
f 518/416/779 540/440/779 529/425/779
f 505/403/780 541/441/780 506/404/780
f 506/404/781 542/442/781 519/417/781
f 542/442/782 520/418/782 519/417/782
f 520/418/783 544/426/783 484/382/783
f 544/426/784 495/394/784 494/393/784
f 545/443/785 508/406/785 495/394/785
f 546/444/786 532/429/786 497/384/786
f 499/397/787 510/409/787 500/398/787
f 533/430/788 489/386/788 510/409/788
f 523/420/789 524/421/789 501/399/789
f 491/388/790 560/433/790 511/411/790
f 549/445/791 492/389/791 503/401/791
f 549/445/792 535/434/792 492/389/792
f 561/446/793 515/414/793 514/402/793
f 538/437/794 526/438/794 504/391/794
f 551/447/795 527/439/795 539/423/795
f 552/448/796 528/424/796 527/439/796
f 528/424/797 540/440/797 518/416/797
f 542/442/798 543/449/798 520/418/798
f 543/449/799 544/426/799 520/418/799
f 532/429/800 553/450/800 488/385/800
f 554/451/801 521/407/801 488/385/801
f 521/407/802 522/419/802 498/396/802
f 499/397/803 555/452/803 510/409/803
f 523/420/804 556/453/804 524/421/804
f 556/453/805 534/431/805 524/421/805
f 534/431/806 557/454/806 502/400/806
f 557/454/807 525/422/807 502/400/807
f 558/455/808 559/456/808 525/422/808
f 559/456/809 14/432/809 525/422/809
f 512/412/810 560/433/810 513/413/810
f 625/457/811 516/390/811 515/414/811
f 625/457/812 536/435/812 516/390/812
f 562/458/813 539/423/813 526/438/813
f 562/458/814 551/447/814 539/423/814
f 552/448/815 527/439/815 551/447/815
f 563/459/816 528/424/816 552/448/816
f 563/459/817 540/440/817 528/424/817
f 564/460/818 544/426/818 543/449/818
f 564/460/819 565/461/819 544/426/819
f 565/461/820 495/394/820 544/426/820
f 565/461/821 545/443/821 495/394/821
f 531/428/822 496/395/822 530/427/822
f 546/444/823 497/384/823 531/428/823
f 553/450/824 554/451/824 488/385/824
f 566/462/825 522/419/825 521/407/825
f 522/419/826 547/463/826 479/377/826
f 547/463/827 567/464/827 479/377/827
f 567/464/828 509/408/828 479/377/828
f 567/464/829 548/465/829 509/408/829
f 568/466/830 557/454/830 534/431/830
f 13/410/831 560/433/831 491/388/831
f 560/433/832 503/401/832 513/413/832
f 560/433/833 549/445/833 503/401/833
f 592/467/834 561/446/834 514/402/834
f 536/435/835 550/436/835 537/415/835
f 584/468/836 538/437/836 550/436/836
f 570/469/837 526/438/837 538/437/837
f 570/469/838 571/470/838 526/438/838
f 571/470/839 562/458/839 526/438/839
f 562/458/840 572/471/840 551/447/840
f 573/472/841 505/403/841 529/425/841
f 574/473/842 506/404/842 541/441/842
f 574/473/843 542/442/843 506/404/843
f 575/474/844 565/461/844 564/460/844
f 545/443/845 576/475/845 508/406/845
f 576/475/846 530/427/846 508/406/846
f 576/475/847 577/476/847 530/427/847
f 578/477/848 531/428/848 530/427/848
f 579/478/849 532/429/849 546/444/849
f 579/478/850 553/450/850 532/429/850
f 580/479/851 554/451/851 553/450/851
f 554/451/852 581/480/852 521/407/852
f 581/480/853 566/462/853 521/407/853
f 589/481/854 567/464/854 547/463/854
f 548/465/855 499/397/855 509/408/855
f 548/465/856 582/482/856 499/397/856
f 582/482/857 555/452/857 499/397/857
f 555/452/858 533/430/858 510/409/858
f 617/483/859 556/453/859 523/420/859
f 557/454/860 558/455/860 525/422/860
f 583/484/861 559/456/861 558/455/861
f 593/485/862 515/414/862 561/446/862
f 593/485/863 625/457/863 515/414/863
f 584/468/864 569/486/864 538/437/864
f 569/486/865 570/469/865 538/437/865
f 572/471/866 552/448/866 551/447/866
f 573/472/867 529/425/867 540/440/867
f 573/472/868 541/441/868 505/403/868
f 586/487/869 565/461/869 575/474/869
f 586/487/870 587/488/870 565/461/870
f 531/428/871 579/478/871 546/444/871
f 580/479/872 581/480/872 554/451/872
f 588/489/873 522/419/873 566/462/873
f 588/489/874 547/463/874 522/419/874
f 588/489/875 589/481/875 547/463/875
f 590/490/876 548/465/876 567/464/876
f 556/453/877 568/466/877 534/431/877
f 13/410/878 591/491/878 560/433/878
f 591/491/879 549/445/879 560/433/879
f 592/467/880 514/402/880 535/434/880
f 625/457/881 550/436/881 536/435/881
f 594/492/882 570/469/882 569/486/882
f 610/493/883 573/472/883 540/440/883
f 611/494/884 595/495/884 542/442/884
f 595/495/885 543/449/885 542/442/885
f 585/496/886 564/460/886 543/449/886
f 585/496/887 575/474/887 564/460/887
f 585/496/888 586/487/888 575/474/888
f 596/497/889 545/443/889 565/461/889
f 596/497/890 576/475/890 545/443/890
f 597/498/891 578/477/891 530/427/891
f 597/498/892 531/428/892 578/477/892
f 588/489/893 598/499/893 589/481/893
f 589/481/894 599/500/894 567/464/894
f 599/500/895 590/490/895 567/464/895
f 601/501/896 602/502/896 533/430/896
f 602/502/897 523/420/897 533/430/897
f 603/503/898 568/466/898 556/453/898
f 604/504/899 557/454/899 568/466/899
f 605/505/900 559/456/900 583/484/900
f 605/505/901 14/432/901 559/456/901
f 606/506/902 535/434/902 549/445/902
f 606/506/903 592/467/903 535/434/903
f 593/485/904 561/446/904 592/467/904
f 626/507/905 550/436/905 625/457/905
f 607/508/906 584/468/906 550/436/906
f 608/509/907 569/486/907 584/468/907
f 609/510/908 594/492/908 569/486/908
f 595/495/909 585/496/909 543/449/909
f 612/511/910 586/487/910 585/496/910
f 586/487/911 613/512/911 587/488/911
f 587/488/912 596/497/912 565/461/912
f 597/498/913 530/427/913 577/476/913
f 614/513/914 531/428/914 597/498/914
f 614/513/915 579/478/915 531/428/915
f 615/514/916 553/450/916 579/478/916
f 615/514/917 580/479/917 553/450/917
f 615/514/918 581/480/918 580/479/918
f 566/462/919 616/515/919 588/489/919
f 599/500/920 600/516/920 590/490/920
f 600/516/921 548/465/921 590/490/921
f 600/516/922 582/482/922 548/465/922
f 617/483/923 523/420/923 602/502/923
f 603/503/924 604/504/924 568/466/924
f 604/504/925 558/455/925 557/454/925
f 604/504/926 583/484/926 558/455/926
f 604/504/927 605/505/927 583/484/927
f 619/517/928 593/485/928 592/467/928
f 607/508/929 608/509/929 584/468/929
f 621/518/930 562/458/930 571/470/930
f 563/459/931 610/493/931 540/440/931
f 574/473/932 611/494/932 542/442/932
f 612/511/933 585/496/933 595/495/933
f 612/511/934 613/512/934 586/487/934
f 581/480/935 616/515/935 566/462/935
f 616/515/936 598/499/936 588/489/936
f 598/499/937 599/500/937 589/481/937
f 600/516/938 622/519/938 582/482/938
f 622/519/939 555/452/939 582/482/939
f 555/452/940 601/501/940 533/430/940
f 601/501/941 623/520/941 602/502/941
f 645/521/942 556/453/942 617/483/942
f 591/491/943 624/522/943 549/445/943
f 624/522/944 606/506/944 549/445/944
f 606/506/945 619/517/945 592/467/945
f 619/517/946 625/457/946 593/485/946
f 626/507/947 620/523/947 550/436/947
f 620/523/948 607/508/948 550/436/948
f 610/493/949 627/524/949 573/472/949
f 628/525/950 614/513/950 597/498/950
f 629/526/951 615/514/951 579/478/951
f 599/500/952 630/527/952 600/516/952
f 622/519/953 601/501/953 555/452/953
f 645/521/954 631/528/954 556/453/954
f 631/528/955 603/503/955 556/453/955
f 632/529/956 605/505/956 604/504/956
f 632/529/957 14/432/957 605/505/957
f 632/529/958 15/530/958 14/432/958
f 16/531/959 591/491/959 13/410/959
f 633/532/960 620/523/960 626/507/960
f 608/509/961 634/533/961 569/486/961
f 634/533/962 609/510/962 569/486/962
f 594/492/963 621/518/963 570/469/963
f 621/518/964 571/470/964 570/469/964
f 635/534/965 552/448/965 572/471/965
f 635/534/966 636/535/966 552/448/966
f 636/535/967 563/459/967 552/448/967
f 563/459/968 648/536/968 610/493/968
f 648/536/969 637/537/969 610/493/969
f 638/538/970 574/473/970 541/441/970
f 640/539/971 612/511/971 595/495/971
f 640/539/972 613/512/972 612/511/972
f 628/525/973 597/498/973 577/476/973
f 614/513/974 629/526/974 579/478/974
f 629/526/975 642/540/975 615/514/975
f 642/540/976 581/480/976 615/514/976
f 643/541/977 622/519/977 600/516/977
f 622/519/978 644/542/978 601/501/978
f 602/502/979 645/521/979 617/483/979
f 16/531/980 618/543/980 591/491/980
f 618/543/981 624/522/981 591/491/981
f 657/544/982 646/545/982 606/506/982
f 646/545/983 619/517/983 606/506/983
f 669/546/984 626/507/984 625/457/984
f 621/518/985 572/471/985 562/458/985
f 648/536/986 563/459/986 636/535/986
f 637/537/987 627/524/987 610/493/987
f 574/473/988 649/547/988 611/494/988
f 639/548/989 640/539/989 595/495/989
f 596/497/990 641/549/990 576/475/990
f 628/525/991 577/476/991 641/549/991
f 650/550/992 614/513/992 628/525/992
f 651/551/993 616/515/993 581/480/993
f 652/552/994 598/499/994 616/515/994
f 630/527/995 643/541/995 600/516/995
f 643/541/996 644/542/996 622/519/996
f 644/542/997 623/520/997 601/501/997
f 623/520/998 645/521/998 602/502/998
f 654/553/999 15/530/999 632/529/999
f 655/554/1000 624/522/1000 618/543/1000
f 656/555/1001 657/544/1001 624/522/1001
f 657/544/1002 606/506/1002 624/522/1002
f 633/532/1003 647/556/1003 620/523/1003
f 647/556/1004 607/508/1004 620/523/1004
f 607/508/1005 647/556/1005 608/509/1005
f 621/518/1006 635/534/1006 572/471/1006
f 658/557/1007 573/472/1007 627/524/1007
f 658/557/1008 541/441/1008 573/472/1008
f 649/547/1009 639/548/1009 611/494/1009
f 639/548/1010 595/495/1010 611/494/1010
f 659/558/1011 613/512/1011 640/539/1011
f 613/512/1012 660/559/1012 587/488/1012
f 660/559/1013 596/497/1013 587/488/1013
f 641/549/1014 577/476/1014 576/475/1014
f 662/560/1015 651/551/1015 581/480/1015
f 598/499/1016 653/561/1016 599/500/1016
f 653/561/1017 630/527/1017 599/500/1017
f 663/562/1018 645/521/1018 623/520/1018
f 664/563/1019 665/564/1019 645/521/1019
f 665/564/1020 631/528/1020 645/521/1020
f 666/565/1021 604/504/1021 603/503/1021
f 675/566/1022 654/553/1022 632/529/1022
f 655/554/1023 656/555/1023 624/522/1023
f 668/567/1024 657/544/1024 656/555/1024
f 634/533/1025 594/492/1025 609/510/1025
f 637/537/1026 671/568/1026 627/524/1026
f 671/568/1027 658/557/1027 627/524/1027
f 658/557/1028 638/538/1028 541/441/1028
f 638/538/1029 672/569/1029 574/473/1029
f 672/569/1030 649/547/1030 574/473/1030
f 660/559/1031 673/570/1031 596/497/1031
f 673/570/1032 641/549/1032 596/497/1032
f 650/550/1033 629/526/1033 614/513/1033
f 642/540/1034 662/560/1034 581/480/1034
f 651/551/1035 652/552/1035 616/515/1035
f 652/552/1036 653/561/1036 598/499/1036
f 630/527/1037 674/571/1037 643/541/1037
f 644/542/1038 663/562/1038 623/520/1038
f 663/562/1039 664/563/1039 645/521/1039
f 631/528/1040 666/565/1040 603/503/1040
f 666/565/1041 667/572/1041 604/504/1041
f 604/504/1042 675/566/1042 632/529/1042
f 17/573/1043 618/543/1043 16/531/1043
f 668/567/1044 646/545/1044 657/544/1044
f 646/545/1045 625/457/1045 619/517/1045
f 646/545/1046 669/546/1046 625/457/1046
f 669/546/1047 676/574/1047 626/507/1047
f 676/574/1048 677/575/1048 626/507/1048
f 677/575/1049 670/576/1049 626/507/1049
f 678/577/1050 621/518/1050 594/492/1050
f 635/534/1051 680/578/1051 636/535/1051
f 680/578/1052 681/579/1052 636/535/1052
f 681/579/1053 648/536/1053 636/535/1053
f 649/547/1054 701/580/1054 639/548/1054
f 639/548/1055 701/580/1055 640/539/1055
f 701/580/1056 659/558/1056 640/539/1056
f 659/558/1057 683/581/1057 613/512/1057
f 683/581/1058 660/559/1058 613/512/1058
f 684/582/1059 628/525/1059 641/549/1059
f 650/550/1060 661/583/1060 629/526/1060
f 661/583/1061 642/540/1061 629/526/1061
f 653/561/1062 685/584/1062 630/527/1062
f 686/585/1063 674/571/1063 630/527/1063
f 687/586/1064 666/565/1064 631/528/1064
f 667/572/1065 675/566/1065 604/504/1065
f 704/587/1066 655/554/1066 618/543/1066
f 668/567/1067 689/588/1067 646/545/1067
f 699/589/1068 669/546/1068 646/545/1068
f 670/576/1069 633/532/1069 626/507/1069
f 647/556/1070 634/533/1070 608/509/1070
f 678/577/1071 679/590/1071 621/518/1071
f 621/518/1072 680/578/1072 635/534/1072
f 681/579/1073 682/591/1073 648/536/1073
f 682/591/1074 637/537/1074 648/536/1074
f 692/592/1075 671/568/1075 637/537/1075
f 693/593/1076 658/557/1076 671/568/1076
f 693/593/1077 638/538/1077 658/557/1077
f 694/594/1078 641/549/1078 673/570/1078
f 684/582/1079 650/550/1079 628/525/1079
f 695/595/1080 661/583/1080 650/550/1080
f 686/585/1081 630/527/1081 685/584/1081
f 674/571/1082 644/542/1082 643/541/1082
f 674/571/1083 696/596/1083 644/542/1083
f 696/596/1084 697/597/1084 644/542/1084
f 664/563/1085 631/528/1085 665/564/1085
f 664/563/1086 687/586/1086 631/528/1086
f 687/586/1087 698/598/1087 666/565/1087
f 17/573/1088 688/599/1088 618/543/1088
f 655/554/1089 704/587/1089 656/555/1089
f 700/600/1090 676/574/1090 669/546/1090
f 690/601/1091 647/556/1091 633/532/1091
f 647/556/1092 691/602/1092 634/533/1092
f 691/602/1093 594/492/1093 634/533/1093
f 679/590/1094 680/578/1094 621/518/1094
f 682/591/1095 692/592/1095 637/537/1095
f 692/592/1096 693/593/1096 671/568/1096
f 672/569/1097 701/580/1097 649/547/1097
f 694/594/1098 684/582/1098 641/549/1098
f 697/597/1099 663/562/1099 644/542/1099
f 702/603/1100 664/563/1100 663/562/1100
f 702/603/1101 687/586/1101 664/563/1101
f 666/565/1102 703/604/1102 667/572/1102
f 19/605/1103 688/599/1103 17/573/1103
f 688/599/1104 704/587/1104 618/543/1104
f 715/606/1105 699/589/1105 646/545/1105
f 699/589/1106 705/607/1106 669/546/1106
f 690/601/1107 633/532/1107 670/576/1107
f 706/608/1108 594/492/1108 691/602/1108
f 706/608/1109 678/577/1109 594/492/1109
f 679/590/1110 707/609/1110 680/578/1110
f 709/610/1111 638/538/1111 693/593/1111
f 709/610/1112 672/569/1112 638/538/1112
f 701/580/1113 721/611/1113 659/558/1113
f 710/612/1114 660/559/1114 683/581/1114
f 710/612/1115 673/570/1115 660/559/1115
f 684/582/1116 733/613/1116 650/550/1116
f 661/583/1117 711/614/1117 642/540/1117
f 652/552/1118 685/584/1118 653/561/1118
f 712/615/1119 713/616/1119 686/585/1119
f 713/616/1120 674/571/1120 686/585/1120
f 697/597/1121 702/603/1121 663/562/1121
f 698/598/1122 703/604/1122 666/565/1122
f 703/604/1123 675/566/1123 667/572/1123
f 737/617/1124 654/553/1124 675/566/1124
f 654/553/1125 18/618/1125 15/530/1125
f 668/567/1126 656/555/1126 704/587/1126
f 715/606/1127 646/545/1127 689/588/1127
f 705/607/1128 700/600/1128 669/546/1128
f 678/577/1129 742/619/1129 679/590/1129
f 707/609/1130 681/579/1130 680/578/1130
f 717/620/1131 682/591/1131 681/579/1131
f 682/591/1132 718/621/1132 692/592/1132
f 719/622/1133 708/623/1133 692/592/1133
f 708/623/1134 693/593/1134 692/592/1134
f 708/623/1135 709/610/1135 693/593/1135
f 720/624/1136 701/580/1136 672/569/1136
f 694/594/1137 723/625/1137 684/582/1137
f 695/595/1138 650/550/1138 733/613/1138
f 725/626/1139 661/583/1139 695/595/1139
f 662/560/1140 652/552/1140 651/551/1140
f 726/627/1141 686/585/1141 685/584/1141
f 726/627/1142 712/615/1142 686/585/1142
f 727/628/1143 674/571/1143 713/616/1143
f 727/628/1144 696/596/1144 674/571/1144
f 20/629/1145 688/599/1145 19/605/1145
f 716/630/1146 647/556/1146 690/601/1146
f 728/631/1147 691/602/1147 647/556/1147
f 707/609/1148 729/632/1148 681/579/1148
f 730/633/1149 682/591/1149 717/620/1149
f 718/621/1150 719/622/1150 692/592/1150
f 708/623/1151 731/634/1151 709/610/1151
f 731/634/1152 672/569/1152 709/610/1152
f 731/634/1153 720/624/1153 672/569/1153
f 720/624/1154 732/635/1154 701/580/1154
f 732/635/1155 721/611/1155 701/580/1155
f 721/611/1156 683/581/1156 659/558/1156
f 723/625/1157 724/636/1157 684/582/1157
f 724/636/1158 733/613/1158 684/582/1158
f 696/596/1159 734/637/1159 697/597/1159
f 734/637/1160 702/603/1160 697/597/1160
f 735/638/1161 698/598/1161 687/586/1161
f 736/639/1162 703/604/1162 698/598/1162
f 737/617/1163 675/566/1163 703/604/1163
f 738/640/1164 654/553/1164 737/617/1164
f 738/640/1165 18/618/1165 654/553/1165
f 20/629/1166 704/587/1166 688/599/1166
f 20/629/1167 714/641/1167 704/587/1167
f 714/641/1168 668/567/1168 704/587/1168
f 739/642/1169 705/607/1169 699/589/1169
f 772/643/1170 740/644/1170 676/574/1170
f 740/644/1171 677/575/1171 676/574/1171
f 677/575/1172 740/644/1172 670/576/1172
f 740/644/1173 690/601/1173 670/576/1173
f 716/630/1174 741/645/1174 647/556/1174
f 741/645/1175 728/631/1175 647/556/1175
f 728/631/1176 706/608/1176 691/602/1176
f 706/608/1177 742/619/1177 678/577/1177
f 743/646/1178 707/609/1178 679/590/1178
f 743/646/1179 729/632/1179 707/609/1179
f 729/632/1180 717/620/1180 681/579/1180
f 729/632/1181 730/633/1181 717/620/1181
f 730/633/1182 718/621/1182 682/591/1182
f 744/647/1183 708/623/1183 719/622/1183
f 745/648/1184 683/581/1184 721/611/1184
f 745/648/1185 710/612/1185 683/581/1185
f 710/612/1186 722/649/1186 673/570/1186
f 722/649/1187 694/594/1187 673/570/1187
f 722/649/1188 746/650/1188 694/594/1188
f 746/650/1189 723/625/1189 694/594/1189
f 733/613/1190 788/651/1190 695/595/1190
f 711/614/1191 662/560/1191 642/540/1191
f 754/652/1192 652/552/1192 662/560/1192
f 726/627/1193 713/616/1193 712/615/1193
f 735/638/1194 687/586/1194 702/603/1194
f 760/653/1195 738/640/1195 737/617/1195
f 714/641/1196 747/654/1196 668/567/1196
f 747/654/1197 689/588/1197 668/567/1197
f 715/606/1198 748/655/1198 699/589/1198
f 748/655/1199 739/642/1199 699/589/1199
f 700/600/1200 772/643/1200 676/574/1200
f 742/619/1201 743/646/1201 679/590/1201
f 729/632/1202 749/656/1202 730/633/1202
f 749/656/1203 718/621/1203 730/633/1203
f 718/621/1204 744/647/1204 719/622/1204
f 744/647/1205 731/634/1205 708/623/1205
f 750/657/1206 720/624/1206 731/634/1206
f 732/635/1207 745/648/1207 721/611/1207
f 751/658/1208 746/650/1208 722/649/1208
f 746/650/1209 724/636/1209 723/625/1209
f 752/659/1210 733/613/1210 724/636/1210
f 752/659/1211 753/660/1211 733/613/1211
f 711/614/1212 754/652/1212 662/560/1212
f 754/652/1213 755/661/1213 652/552/1213
f 757/662/1214 702/603/1214 734/637/1214
f 757/662/1215 735/638/1215 702/603/1215
f 758/663/1216 698/598/1216 735/638/1216
f 758/663/1217 736/639/1217 698/598/1217
f 736/639/1218 759/664/1218 703/604/1218
f 759/664/1219 737/617/1219 703/604/1219
f 761/665/1220 715/606/1220 689/588/1220
f 762/666/1221 742/619/1221 706/608/1221
f 763/667/1222 743/646/1222 742/619/1222
f 743/646/1223 764/668/1223 729/632/1223
f 764/668/1224 765/669/1224 729/632/1224
f 766/670/1225 731/634/1225 744/647/1225
f 766/670/1226 750/657/1226 731/634/1226
f 732/635/1227 767/671/1227 745/648/1227
f 767/671/1228 768/672/1228 745/648/1228
f 768/672/1229 710/612/1229 745/648/1229
f 768/672/1230 769/673/1230 710/612/1230
f 746/650/1231 752/659/1231 724/636/1231
f 725/626/1232 711/614/1232 661/583/1232
f 755/661/1233 685/584/1233 652/552/1233
f 685/584/1234 789/674/1234 726/627/1234
f 727/628/1235 771/675/1235 696/596/1235
f 771/675/1236 734/637/1236 696/596/1236
f 747/654/1237 761/665/1237 689/588/1237
f 728/631/1238 762/666/1238 706/608/1238
f 765/669/1239 749/656/1239 729/632/1239
f 774/676/1240 718/621/1240 749/656/1240
f 774/676/1241 775/677/1241 718/621/1241
f 775/677/1242 744/647/1242 718/621/1242
f 775/677/1243 776/678/1243 744/647/1243
f 776/678/1244 766/670/1244 744/647/1244
f 766/670/1245 786/679/1245 750/657/1245
f 786/679/1246 777/680/1246 750/657/1246
f 777/680/1247 720/624/1247 750/657/1247
f 777/680/1248 732/635/1248 720/624/1248
f 787/681/1249 767/671/1249 732/635/1249
f 778/682/1250 722/649/1250 710/612/1250
f 770/683/1251 754/652/1251 711/614/1251
f 789/674/1252 756/684/1252 726/627/1252
f 756/684/1253 713/616/1253 726/627/1253
f 780/685/1254 771/675/1254 727/628/1254
f 757/662/1255 781/686/1255 735/638/1255
f 781/686/1256 758/663/1256 735/638/1256
f 759/664/1257 760/653/1257 737/617/1257
f 802/687/1258 715/606/1258 761/665/1258
f 783/688/1259 748/655/1259 715/606/1259
f 791/689/1260 700/600/1260 705/607/1260
f 784/690/1261 728/631/1261 741/645/1261
f 763/667/1262 773/691/1262 743/646/1262
f 776/678/1263 795/692/1263 766/670/1263
f 795/692/1264 786/679/1264 766/670/1264
f 787/681/1265 732/635/1265 777/680/1265
f 769/673/1266 778/682/1266 710/612/1266
f 746/650/1267 753/660/1267 752/659/1267
f 788/651/1268 733/613/1268 753/660/1268
f 788/651/1269 814/693/1269 695/595/1269
f 814/693/1270 725/626/1270 695/595/1270
f 814/693/1271 711/614/1271 725/626/1271
f 814/693/1272 779/694/1272 711/614/1272
f 779/694/1273 770/683/1273 711/614/1273
f 789/674/1274 685/584/1274 755/661/1274
f 713/616/1275 780/685/1275 727/628/1275
f 771/675/1276 790/695/1276 734/637/1276
f 790/695/1277 757/662/1277 734/637/1277
f 781/686/1278 736/639/1278 758/663/1278
f 21/696/1279 714/641/1279 20/629/1279
f 802/687/1280 782/697/1280 715/606/1280
f 791/689/1281 739/642/1281 748/655/1281
f 791/689/1282 705/607/1282 739/642/1282
f 791/689/1283 772/643/1283 700/600/1283
f 804/698/1284 740/644/1284 772/643/1284
f 740/644/1285 792/699/1285 690/601/1285
f 690/601/1286 792/699/1286 716/630/1286
f 785/700/1287 763/667/1287 742/619/1287
f 793/701/1288 743/646/1288 773/691/1288
f 793/701/1289 764/668/1289 743/646/1289
f 793/701/1290 765/669/1290 764/668/1290
f 774/676/1291 749/656/1291 765/669/1291
f 794/702/1292 775/677/1292 774/676/1292
f 796/703/1293 767/671/1293 787/681/1293
f 767/671/1294 797/704/1294 768/672/1294
f 797/704/1295 769/673/1295 768/672/1295
f 778/682/1296 798/705/1296 722/649/1296
f 798/705/1297 751/658/1297 722/649/1297
f 799/706/1298 746/650/1298 751/658/1298
f 799/706/1299 753/660/1299 746/650/1299
f 756/684/1300 780/685/1300 713/616/1300
f 781/686/1301 800/707/1301 736/639/1301
f 801/708/1302 18/618/1302 738/640/1302
f 782/697/1303 783/688/1303 715/606/1303
f 822/709/1304 791/689/1304 748/655/1304
f 803/710/1305 772/643/1305 791/689/1305
f 792/699/1306 805/711/1306 716/630/1306
f 762/666/1307 785/700/1307 742/619/1307
f 806/712/1308 774/676/1308 765/669/1308
f 794/702/1309 807/713/1309 775/677/1309
f 807/713/1310 795/692/1310 775/677/1310
f 795/692/1311 776/678/1311 775/677/1311
f 808/714/1312 786/679/1312 795/692/1312
f 808/714/1313 777/680/1313 786/679/1313
f 809/715/1314 787/681/1314 777/680/1314
f 796/703/1315 810/716/1315 767/671/1315
f 810/716/1316 811/717/1316 767/671/1316
f 811/717/1317 797/704/1317 767/671/1317
f 798/705/1318 799/706/1318 751/658/1318
f 798/705/1319 812/718/1319 799/706/1319
f 813/719/1320 753/660/1320 799/706/1320
f 813/719/1321 788/651/1321 753/660/1321
f 817/720/1322 781/686/1322 757/662/1322
f 817/720/1323 818/721/1323 781/686/1323
f 818/721/1324 800/707/1324 781/686/1324
f 800/707/1325 759/664/1325 736/639/1325
f 759/664/1326 819/722/1326 760/653/1326
f 819/722/1327 738/640/1327 760/653/1327
f 819/722/1328 801/708/1328 738/640/1328
f 21/696/1329 747/654/1329 714/641/1329
f 820/723/1330 761/665/1330 747/654/1330
f 820/723/1331 821/724/1331 761/665/1331
f 821/724/1332 802/687/1332 761/665/1332
f 783/688/1333 822/709/1333 748/655/1333
f 716/630/1334 805/711/1334 741/645/1334
f 805/711/1335 784/690/1335 741/645/1335
f 823/725/1336 773/691/1336 763/667/1336
f 773/691/1337 847/726/1337 793/701/1337
f 848/727/1338 774/676/1338 806/712/1338
f 824/728/1339 808/714/1339 795/692/1339
f 824/728/1340 825/729/1340 808/714/1340
f 808/714/1341 826/730/1341 777/680/1341
f 826/730/1342 809/715/1342 777/680/1342
f 787/681/1343 827/731/1343 796/703/1343
f 797/704/1344 778/682/1344 769/673/1344
f 828/732/1345 798/705/1345 778/682/1345
f 828/732/1346 829/733/1346 798/705/1346
f 829/733/1347 812/718/1347 798/705/1347
f 813/719/1348 830/734/1348 788/651/1348
f 841/735/1349 779/694/1349 814/693/1349
f 815/736/1350 770/683/1350 779/694/1350
f 816/737/1351 754/652/1351 770/683/1351
f 816/737/1352 831/738/1352 754/652/1352
f 831/738/1353 755/661/1353 754/652/1353
f 790/695/1354 817/720/1354 757/662/1354
f 800/707/1355 819/722/1355 759/664/1355
f 833/739/1356 820/723/1356 747/654/1356
f 803/710/1357 804/698/1357 772/643/1357
f 834/740/1358 792/699/1358 740/644/1358
f 805/711/1359 835/741/1359 784/690/1359
f 784/690/1360 762/666/1360 728/631/1360
f 837/742/1361 763/667/1361 785/700/1361
f 837/742/1362 823/725/1362 763/667/1362
f 847/726/1363 765/669/1363 793/701/1363
f 847/726/1364 861/743/1364 765/669/1364
f 861/743/1365 806/712/1365 765/669/1365
f 861/743/1366 838/744/1366 806/712/1366
f 838/744/1367 848/727/1367 806/712/1367
f 848/727/1368 794/702/1368 774/676/1368
f 848/727/1369 807/713/1369 794/702/1369
f 825/729/1370 826/730/1370 808/714/1370
f 809/715/1371 827/731/1371 787/681/1371
f 827/731/1372 810/716/1372 796/703/1372
f 811/717/1373 778/682/1373 797/704/1373
f 829/733/1374 839/745/1374 812/718/1374
f 839/745/1375 799/706/1375 812/718/1375
f 839/745/1376 840/746/1376 799/706/1376
f 840/746/1377 813/719/1377 799/706/1377
f 830/734/1378 814/693/1378 788/651/1378
f 816/737/1379 770/683/1379 815/736/1379
f 831/738/1380 789/674/1380 755/661/1380
f 780/685/1381 790/695/1381 771/675/1381
f 843/747/1382 818/721/1382 817/720/1382
f 818/721/1383 844/748/1383 800/707/1383
f 844/748/1384 832/749/1384 800/707/1384
f 845/750/1385 819/722/1385 800/707/1385
f 846/751/1386 782/697/1386 802/687/1386
f 804/698/1387 834/740/1387 740/644/1387
f 836/752/1388 785/700/1388 762/666/1388
f 823/725/1389 847/726/1389 773/691/1389
f 872/753/1390 807/713/1390 848/727/1390
f 849/754/1391 795/692/1391 807/713/1391
f 849/754/1392 824/728/1392 795/692/1392
f 824/728/1393 826/730/1393 825/729/1393
f 827/731/1394 851/755/1394 810/716/1394
f 851/755/1395 811/717/1395 810/716/1395
f 852/756/1396 778/682/1396 811/717/1396
f 852/756/1397 828/732/1397 778/682/1397
f 839/745/1398 853/757/1398 840/746/1398
f 854/758/1399 814/693/1399 830/734/1399
f 831/738/1400 842/759/1400 789/674/1400
f 842/759/1401 756/684/1401 789/674/1401
f 832/749/1402 845/750/1402 800/707/1402
f 856/760/1403 833/739/1403 747/654/1403
f 857/761/1404 820/723/1404 833/739/1404
f 858/762/1405 782/697/1405 846/751/1405
f 791/689/1406 859/763/1406 803/710/1406
f 860/764/1407 805/711/1407 792/699/1407
f 861/743/1408 848/727/1408 838/744/1408
f 872/753/1409 849/754/1409 807/713/1409
f 849/754/1410 862/765/1410 824/728/1410
f 824/728/1411 863/766/1411 826/730/1411
f 850/767/1412 809/715/1412 826/730/1412
f 850/767/1413 827/731/1413 809/715/1413
f 875/768/1414 851/755/1414 827/731/1414
f 864/769/1415 811/717/1415 851/755/1415
f 864/769/1416 852/756/1416 811/717/1416
f 852/756/1417 865/770/1417 828/732/1417
f 828/732/1418 866/771/1418 829/733/1418
f 840/746/1419 867/772/1419 813/719/1419
f 813/719/1420 854/758/1420 830/734/1420
f 814/693/1421 854/758/1421 841/735/1421
f 841/735/1422 878/773/1422 779/694/1422
f 878/773/1423 815/736/1423 779/694/1423
f 815/736/1424 831/738/1424 816/737/1424
f 890/774/1425 842/759/1425 831/738/1425
f 842/759/1426 780/685/1426 756/684/1426
f 790/695/1427 904/775/1427 817/720/1427
f 904/775/1428 843/747/1428 817/720/1428
f 801/708/1429 819/722/1429 845/750/1429
f 881/776/1430 18/618/1430 801/708/1430
f 857/761/1431 821/724/1431 820/723/1431
f 821/724/1432 846/751/1432 802/687/1432
f 858/762/1433 783/688/1433 782/697/1433
f 858/762/1434 822/709/1434 783/688/1434
f 868/777/1435 804/698/1435 803/710/1435
f 834/740/1436 869/778/1436 792/699/1436
f 784/690/1437 870/779/1437 762/666/1437
f 870/779/1438 836/752/1438 762/666/1438
f 836/752/1439 837/742/1439 785/700/1439
f 872/753/1440 848/727/1440 861/743/1440
f 873/780/1441 862/765/1441 849/754/1441
f 863/766/1442 824/728/1442 862/765/1442
f 863/766/1443 874/781/1443 826/730/1443
f 874/781/1444 850/767/1444 826/730/1444
f 875/768/1445 827/731/1445 850/767/1445
f 875/768/1446 864/769/1446 851/755/1446
f 876/782/1447 852/756/1447 864/769/1447
f 865/770/1448 866/771/1448 828/732/1448
f 866/771/1449 877/783/1449 829/733/1449
f 877/783/1450 839/745/1450 829/733/1450
f 867/772/1451 854/758/1451 813/719/1451
f 878/773/1452 841/735/1452 854/758/1452
f 890/774/1453 831/738/1453 815/736/1453
f 842/759/1454 855/784/1454 780/685/1454
f 879/785/1455 818/721/1455 843/747/1455
f 881/776/1456 22/786/1456 18/618/1456
f 21/696/1457 856/760/1457 747/654/1457
f 882/787/1458 857/761/1458 833/739/1458
f 894/788/1459 821/724/1459 857/761/1459
f 883/789/1460 858/762/1460 846/751/1460
f 822/709/1461 859/763/1461 791/689/1461
f 859/763/1462 868/777/1462 803/710/1462
f 868/777/1463 834/740/1463 804/698/1463
f 869/778/1464 860/764/1464 792/699/1464
f 836/752/1465 823/725/1465 837/742/1465
f 884/790/1466 861/743/1466 847/726/1466
f 898/791/1467 873/780/1467 849/754/1467
f 874/781/1468 885/792/1468 850/767/1468
f 885/792/1469 886/793/1469 850/767/1469
f 886/793/1470 875/768/1470 850/767/1470
f 887/794/1471 864/769/1471 875/768/1471
f 887/794/1472 888/795/1472 864/769/1472
f 888/795/1473 876/782/1473 864/769/1473
f 876/782/1474 865/770/1474 852/756/1474
f 877/783/1475 853/757/1475 839/745/1475
f 867/772/1476 889/796/1476 854/758/1476
f 889/796/1477 878/773/1477 854/758/1477
f 891/797/1478 842/759/1478 890/774/1478
f 855/784/1479 904/775/1479 780/685/1479
f 818/721/1480 879/785/1480 844/748/1480
f 879/785/1481 832/749/1481 844/748/1481
f 880/798/1482 845/750/1482 832/749/1482
f 893/799/1483 881/776/1483 801/708/1483
f 882/787/1484 833/739/1484 856/760/1484
f 894/788/1485 857/761/1485 882/787/1485
f 909/800/1486 895/801/1486 822/709/1486
f 870/779/1487 871/802/1487 836/752/1487
f 896/803/1488 872/753/1488 861/743/1488
f 896/803/1489 897/804/1489 872/753/1489
f 897/804/1490 849/754/1490 872/753/1490
f 898/791/1491 899/805/1491 873/780/1491
f 899/805/1492 862/765/1492 873/780/1492
f 900/806/1493 875/768/1493 886/793/1493
f 900/806/1494 887/794/1494 875/768/1494
f 901/807/1495 865/770/1495 876/782/1495
f 902/808/1496 866/771/1496 865/770/1496
f 902/808/1497 877/783/1497 866/771/1497
f 853/757/1498 867/772/1498 840/746/1498
f 903/809/1499 815/736/1499 878/773/1499
f 903/809/1500 890/774/1500 815/736/1500
f 930/810/1501 891/797/1501 890/774/1501
f 891/797/1502 892/811/1502 842/759/1502
f 780/685/1503 904/775/1503 790/695/1503
f 916/812/1504 879/785/1504 843/747/1504
f 880/798/1505 801/708/1505 845/750/1505
f 23/813/1506 856/760/1506 21/696/1506
f 905/814/1507 882/787/1507 856/760/1507
f 906/815/1508 894/788/1508 882/787/1508
f 918/816/1509 821/724/1509 894/788/1509
f 907/817/1510 846/751/1510 821/724/1510
f 883/789/1511 934/818/1511 858/762/1511
f 858/762/1512 908/819/1512 822/709/1512
f 895/801/1513 859/763/1513 822/709/1513
f 860/764/1514 919/820/1514 805/711/1514
f 911/821/1515 784/690/1515 835/741/1515
f 911/821/1516 870/779/1516 784/690/1516
f 847/726/1517 823/725/1517 836/752/1517
f 884/790/1518 921/822/1518 861/743/1518
f 912/823/1519 849/754/1519 897/804/1519
f 899/805/1520 863/766/1520 862/765/1520
f 863/766/1521 924/824/1521 874/781/1521
f 924/824/1522 913/825/1522 874/781/1522
f 913/825/1523 885/792/1523 874/781/1523
f 900/806/1524 925/826/1524 887/794/1524
f 925/826/1525 888/795/1525 887/794/1525
f 888/795/1526 914/827/1526 876/782/1526
f 914/827/1527 901/807/1527 876/782/1527
f 901/807/1528 902/808/1528 865/770/1528
f 902/808/1529 853/757/1529 877/783/1529
f 929/828/1530 878/773/1530 889/796/1530
f 929/828/1531 915/829/1531 878/773/1531
f 915/829/1532 903/809/1532 878/773/1532
f 903/809/1533 930/810/1533 890/774/1533
f 931/830/1534 891/797/1534 930/810/1534
f 892/811/1535 855/784/1535 842/759/1535
f 916/812/1536 843/747/1536 904/775/1536
f 879/785/1537 933/831/1537 832/749/1537
f 933/831/1538 880/798/1538 832/749/1538
f 893/799/1539 917/832/1539 881/776/1539
f 23/813/1540 905/814/1540 856/760/1540
f 905/814/1541 906/815/1541 882/787/1541
f 918/816/1542 907/817/1542 821/724/1542
f 907/817/1543 883/789/1543 846/751/1543
f 934/818/1544 908/819/1544 858/762/1544
f 908/819/1545 909/800/1545 822/709/1545
f 895/801/1546 910/833/1546 859/763/1546
f 869/778/1547 919/820/1547 860/764/1547
f 920/834/1548 835/741/1548 805/711/1548
f 937/835/1549 847/726/1549 836/752/1549
f 921/822/1550 922/836/1550 861/743/1550
f 922/836/1551 896/803/1551 861/743/1551
f 912/823/1552 898/791/1552 849/754/1552
f 951/837/1553 899/805/1553 898/791/1553
f 899/805/1554 924/824/1554 863/766/1554
f 926/838/1555 888/795/1555 925/826/1555
f 926/838/1556 914/827/1556 888/795/1556
f 927/839/1557 853/757/1557 902/808/1557
f 927/839/1558 867/772/1558 853/757/1558
f 927/839/1559 928/840/1559 867/772/1559
f 928/840/1560 929/828/1560 867/772/1560
f 929/828/1561 889/796/1561 867/772/1561
f 932/841/1562 904/775/1562 855/784/1562
f 880/798/1563 893/799/1563 801/708/1563
f 917/832/1564 22/786/1564 881/776/1564
f 907/817/1565 934/818/1565 883/789/1565
f 948/842/1566 908/819/1566 934/818/1566
f 935/843/1567 868/777/1567 859/763/1567
f 919/820/1568 920/834/1568 805/711/1568
f 920/834/1569 911/821/1569 835/741/1569
f 870/779/1570 936/844/1570 871/802/1570
f 871/802/1571 937/835/1571 836/752/1571
f 938/845/1572 884/790/1572 847/726/1572
f 922/836/1573 897/804/1573 896/803/1573
f 951/837/1574 939/846/1574 899/805/1574
f 923/847/1575 924/824/1575 899/805/1575
f 940/848/1576 913/825/1576 924/824/1576
f 885/792/1577 900/806/1577 886/793/1577
f 914/827/1578 941/849/1578 901/807/1578
f 941/849/1579 902/808/1579 901/807/1579
f 941/849/1580 927/839/1580 902/808/1580
f 942/850/1581 903/809/1581 915/829/1581
f 944/851/1582 930/810/1582 903/809/1582
f 892/811/1583 932/841/1583 855/784/1583
f 945/852/1584 893/799/1584 880/798/1584
f 894/788/1585 906/815/1585 905/814/1585
f 907/817/1586 948/842/1586 934/818/1586
f 949/853/1587 911/821/1587 920/834/1587
f 936/844/1588 937/835/1588 871/802/1588
f 937/835/1589 938/845/1589 847/726/1589
f 921/822/1590 884/790/1590 938/845/1590
f 912/823/1591 951/837/1591 898/791/1591
f 939/846/1592 923/847/1592 899/805/1592
f 940/848/1593 952/854/1593 913/825/1593
f 952/854/1594 885/792/1594 913/825/1594
f 885/792/1595 967/855/1595 900/806/1595
f 967/855/1596 925/826/1596 900/806/1596
f 953/856/1597 914/827/1597 926/838/1597
f 954/857/1598 941/849/1598 914/827/1598
f 941/849/1599 955/858/1599 927/839/1599
f 927/839/1600 956/859/1600 928/840/1600
f 957/860/1601 958/861/1601 928/840/1601
f 958/861/1602 929/828/1602 928/840/1602
f 932/841/1603 916/812/1603 904/775/1603
f 916/812/1604 933/831/1604 879/785/1604
f 933/831/1605 959/862/1605 880/798/1605
f 959/862/1606 945/852/1606 880/798/1606
f 960/863/1607 22/786/1607 917/832/1607
f 25/864/1608 905/814/1608 23/813/1608
f 946/865/1609 894/788/1609 905/814/1609
f 961/866/1610 907/817/1610 918/816/1610
f 961/866/1611 947/867/1611 907/817/1611
f 962/868/1612 948/842/1612 907/817/1612
f 963/869/1613 909/800/1613 908/819/1613
f 963/869/1614 964/870/1614 909/800/1614
f 964/870/1615 895/801/1615 909/800/1615
f 965/871/1616 910/833/1616 895/801/1616
f 935/843/1617 859/763/1617 910/833/1617
f 966/872/1618 919/820/1618 869/778/1618
f 911/821/1619 936/844/1619 870/779/1619
f 922/836/1620 950/873/1620 897/804/1620
f 950/873/1621 912/823/1621 897/804/1621
f 982/874/1622 924/824/1622 923/847/1622
f 952/854/1623 967/855/1623 885/792/1623
f 967/855/1624 995/875/1624 925/826/1624
f 925/826/1625 983/876/1625 926/838/1625
f 983/876/1626 968/877/1626 926/838/1626
f 968/877/1627 953/856/1627 926/838/1627
f 953/856/1628 969/878/1628 914/827/1628
f 969/878/1629 954/857/1629 914/827/1629
f 954/857/1630 970/879/1630 941/849/1630
f 970/879/1631 955/858/1631 941/849/1631
f 955/858/1632 956/859/1632 927/839/1632
f 956/859/1633 957/860/1633 928/840/1633
f 958/861/1634 915/829/1634 929/828/1634
f 971/880/1635 942/850/1635 915/829/1635
f 943/881/1636 944/851/1636 903/809/1636
f 972/882/1637 930/810/1637 944/851/1637
f 973/883/1638 931/830/1638 930/810/1638
f 974/884/1639 892/811/1639 891/797/1639
f 892/811/1640 975/885/1640 932/841/1640
f 945/852/1641 917/832/1641 893/799/1641
f 945/852/1642 976/886/1642 917/832/1642
f 24/887/1643 22/786/1643 960/863/1643
f 25/864/1644 946/865/1644 905/814/1644
f 946/865/1645 990/888/1645 894/788/1645
f 990/888/1646 918/816/1646 894/788/1646
f 977/889/1647 961/866/1647 918/816/1647
f 947/867/1648 962/868/1648 907/817/1648
f 962/868/1649 978/890/1649 948/842/1649
f 948/842/1650 963/869/1650 908/819/1650
f 964/870/1651 965/871/1651 895/801/1651
f 935/843/1652 834/740/1652 868/777/1652
f 938/845/1653 979/891/1653 921/822/1653
f 979/891/1654 922/836/1654 921/822/1654
f 980/892/1655 950/873/1655 922/836/1655
f 981/893/1656 939/846/1656 951/837/1656
f 981/893/1657 923/847/1657 939/846/1657
f 981/893/1658 982/874/1658 923/847/1658
f 995/875/1659 983/876/1659 925/826/1659
f 984/894/1660 953/856/1660 968/877/1660
f 985/895/1661 956/859/1661 955/858/1661
f 957/860/1662 986/896/1662 958/861/1662
f 958/861/1663 971/880/1663 915/829/1663
f 942/850/1664 943/881/1664 903/809/1664
f 972/882/1665 973/883/1665 930/810/1665
f 973/883/1666 987/897/1666 931/830/1666
f 988/898/1667 975/885/1667 892/811/1667
f 976/886/1668 960/863/1668 917/832/1668
f 989/899/1669 946/865/1669 25/864/1669
f 989/899/1670 990/888/1670 946/865/1670
f 990/888/1671 977/889/1671 918/816/1671
f 978/890/1672 963/869/1672 948/842/1672
f 919/820/1673 991/900/1673 920/834/1673
f 949/853/1674 936/844/1674 911/821/1674
f 949/853/1675 992/901/1675 936/844/1675
f 992/901/1676 937/835/1676 936/844/1676
f 1031/902/1677 938/845/1677 937/835/1677
f 993/903/1678 979/891/1678 938/845/1678
f 979/891/1679 980/892/1679 922/836/1679
f 982/874/1680 940/848/1680 924/824/1680
f 984/894/1681 969/878/1681 953/856/1681
f 969/878/1682 996/904/1682 954/857/1682
f 996/904/1683 970/879/1683 954/857/1683
f 970/879/1684 985/895/1684 955/858/1684
f 985/895/1685 957/860/1685 956/859/1685
f 986/896/1686 997/905/1686 958/861/1686
f 971/880/1687 998/906/1687 942/850/1687
f 998/906/1688 943/881/1688 942/850/1688
f 987/897/1689 999/907/1689 931/830/1689
f 999/907/1690 891/797/1690 931/830/1690
f 999/907/1691 974/884/1691 891/797/1691
f 974/884/1692 988/898/1692 892/811/1692
f 1000/908/1693 916/812/1693 932/841/1693
f 1000/908/1694 933/831/1694 916/812/1694
f 1000/908/1695 959/862/1695 933/831/1695
f 1001/909/1696 961/866/1696 977/889/1696
f 961/866/1697 962/868/1697 947/867/1697
f 1002/910/1698 978/890/1698 962/868/1698
f 1003/911/1699 964/870/1699 963/869/1699
f 965/871/1700 1004/912/1700 910/833/1700
f 1004/912/1701 935/843/1701 910/833/1701
f 1005/913/1702 869/778/1702 834/740/1702
f 991/900/1703 949/853/1703 920/834/1703
f 992/901/1704 1031/902/1704 937/835/1704
f 980/892/1705 994/914/1705 950/873/1705
f 994/914/1706 912/823/1706 950/873/1706
f 994/914/1707 951/837/1707 912/823/1707
f 1019/915/1708 981/893/1708 951/837/1708
f 1019/915/1709 1006/916/1709 981/893/1709
f 1006/916/1710 982/874/1710 981/893/1710
f 1008/917/1711 940/848/1711 982/874/1711
f 1008/917/1712 995/875/1712 967/855/1712
f 995/875/1713 1021/918/1713 983/876/1713
f 984/894/1714 996/904/1714 969/878/1714
f 985/895/1715 1009/919/1715 957/860/1715
f 1009/919/1716 986/896/1716 957/860/1716
f 958/861/1717 1010/920/1717 971/880/1717
f 1010/920/1718 998/906/1718 971/880/1718
f 1011/921/1719 943/881/1719 998/906/1719
f 972/882/1720 944/851/1720 943/881/1720
f 975/885/1721 1000/908/1721 932/841/1721
f 976/886/1722 1012/922/1722 960/863/1722
f 1012/922/1723 24/887/1723 960/863/1723
f 26/923/1724 989/899/1724 25/864/1724
f 961/866/1725 1013/924/1725 962/868/1725
f 1013/924/1726 1002/910/1726 962/868/1726
f 978/890/1727 1003/911/1727 963/869/1727
f 1003/911/1728 965/871/1728 964/870/1728
f 1014/925/1729 1004/912/1729 965/871/1729
f 1004/912/1730 1015/926/1730 935/843/1730
f 935/843/1731 1005/913/1731 834/740/1731
f 1005/913/1732 966/872/1732 869/778/1732
f 966/872/1733 991/900/1733 919/820/1733
f 991/900/1734 1016/927/1734 949/853/1734
f 1016/927/1735 1017/928/1735 949/853/1735
f 1017/928/1736 992/901/1736 949/853/1736
f 938/845/1737 1018/929/1737 993/903/1737
f 993/903/1738 980/892/1738 979/891/1738
f 940/848/1739 1008/917/1739 952/854/1739
f 1008/917/1740 967/855/1740 952/854/1740
f 1020/930/1741 995/875/1741 1008/917/1741
f 1020/930/1742 1021/918/1742 995/875/1742
f 1022/931/1743 983/876/1743 1021/918/1743
f 1022/931/1744 968/877/1744 983/876/1744
f 1023/932/1745 984/894/1745 968/877/1745
f 1024/933/1746 970/879/1746 996/904/1746
f 1024/933/1747 985/895/1747 970/879/1747
f 1024/933/1748 1009/919/1748 985/895/1748
f 997/905/1749 1010/920/1749 958/861/1749
f 1010/920/1750 1011/921/1750 998/906/1750
f 1025/934/1751 945/852/1751 959/862/1751
f 1025/934/1752 976/886/1752 945/852/1752
f 1012/922/1753 27/935/1753 24/887/1753
f 989/899/1754 1026/936/1754 990/888/1754
f 990/888/1755 1027/937/1755 977/889/1755
f 1027/937/1756 1001/909/1756 977/889/1756
f 1002/910/1757 1028/938/1757 978/890/1757
f 1028/938/1758 1003/911/1758 978/890/1758
f 1029/939/1759 965/871/1759 1003/911/1759
f 1029/939/1760 1014/925/1760 965/871/1760
f 1030/940/1761 991/900/1761 966/872/1761
f 1032/941/1762 980/892/1762 993/903/1762
f 1019/915/1763 951/837/1763 994/914/1763
f 1006/916/1764 1033/942/1764 982/874/1764
f 1007/943/1765 1008/917/1765 982/874/1765
f 1022/931/1766 1023/932/1766 968/877/1766
f 1034/944/1767 1009/919/1767 1024/933/1767
f 1009/919/1768 1035/945/1768 986/896/1768
f 1035/945/1769 997/905/1769 986/896/1769
f 1036/946/1770 1010/920/1770 997/905/1770
f 1011/921/1771 1037/947/1771 943/881/1771
f 1037/947/1772 972/882/1772 943/881/1772
f 1038/948/1773 973/883/1773 972/882/1773
f 1040/949/1774 959/862/1774 1000/908/1774
f 1040/949/1775 1025/934/1775 959/862/1775
f 1025/934/1776 1041/950/1776 976/886/1776
f 1042/951/1777 989/899/1777 26/923/1777
f 1042/951/1778 1026/936/1778 989/899/1778
f 1043/952/1779 1027/937/1779 990/888/1779
f 1014/925/1780 1044/953/1780 1004/912/1780
f 1005/913/1781 1061/954/1781 966/872/1781
f 1061/954/1782 1030/940/1782 966/872/1782
f 1017/928/1783 1045/955/1783 992/901/1783
f 1045/955/1784 1031/902/1784 992/901/1784
f 1046/956/1785 938/845/1785 1031/902/1785
f 1018/929/1786 938/845/1786 1046/956/1786
f 1018/929/1787 1032/941/1787 993/903/1787
f 980/892/1788 1047/957/1788 994/914/1788
f 1047/957/1789 1019/915/1789 994/914/1789
f 1033/942/1790 1007/943/1790 982/874/1790
f 1048/958/1791 1023/932/1791 1022/931/1791
f 984/894/1792 1049/959/1792 996/904/1792
f 1050/960/1793 1024/933/1793 996/904/1793
f 1051/961/1794 1034/944/1794 1024/933/1794
f 1036/946/1795 1052/962/1795 1010/920/1795
f 1010/920/1796 1053/963/1796 1011/921/1796
f 1053/963/1797 1054/964/1797 1011/921/1797
f 1054/964/1798 1037/947/1798 1011/921/1798
f 1037/947/1799 1038/948/1799 972/882/1799
f 1072/965/1800 999/907/1800 987/897/1800
f 999/907/1801 1056/966/1801 974/884/1801
f 1056/966/1802 988/898/1802 974/884/1802
f 1057/967/1803 975/885/1803 988/898/1803
f 1041/950/1804 1012/922/1804 976/886/1804
f 1026/936/1805 1076/968/1805 990/888/1805
f 1076/968/1806 1043/952/1806 990/888/1806
f 1027/937/1807 961/866/1807 1001/909/1807
f 1027/937/1808 1058/969/1808 961/866/1808
f 1058/969/1809 1013/924/1809 961/866/1809
f 1059/970/1810 1029/939/1810 1003/911/1810
f 1044/953/1811 1015/926/1811 1004/912/1811
f 1060/971/1812 1005/913/1812 935/843/1812
f 1060/971/1813 1061/954/1813 1005/913/1813
f 1030/940/1814 1062/972/1814 991/900/1814
f 1063/973/1815 980/892/1815 1032/941/1815
f 1063/973/1816 1047/957/1816 980/892/1816
f 1064/974/1817 1006/916/1817 1019/915/1817
f 1064/974/1818 1065/975/1818 1006/916/1818
f 1033/942/1819 1082/976/1819 1007/943/1819
f 1082/976/1820 1066/977/1820 1007/943/1820
f 1066/977/1821 1008/917/1821 1007/943/1821
f 1067/978/1822 1093/979/1822 1021/918/1822
f 1093/979/1823 1022/931/1823 1021/918/1823
f 1049/959/1824 1094/980/1824 996/904/1824
f 1068/981/1825 1009/919/1825 1034/944/1825
f 1068/981/1826 1035/945/1826 1009/919/1826
f 1069/982/1827 997/905/1827 1035/945/1827
f 1069/982/1828 1070/983/1828 997/905/1828
f 1070/983/1829 1036/946/1829 997/905/1829
f 1070/983/1830 1071/984/1830 1036/946/1830
f 1071/984/1831 1052/962/1831 1036/946/1831
f 1052/962/1832 1053/963/1832 1010/920/1832
f 1072/965/1833 987/897/1833 973/883/1833
f 1072/965/1834 1055/985/1834 999/907/1834
f 1055/985/1835 1073/986/1835 999/907/1835
f 1056/966/1836 1074/987/1836 988/898/1836
f 1075/988/1837 1039/989/1837 975/885/1837
f 1039/989/1838 1000/908/1838 975/885/1838
f 28/990/1839 1042/951/1839 26/923/1839
f 1042/951/1840 1076/968/1840 1026/936/1840
f 1058/969/1841 1002/910/1841 1013/924/1841
f 1077/991/1842 1003/911/1842 1028/938/1842
f 1077/991/1843 1059/970/1843 1003/911/1843
f 1059/970/1844 1078/992/1844 1029/939/1844
f 1078/992/1845 1014/925/1845 1029/939/1845
f 1078/992/1846 1044/953/1846 1014/925/1846
f 1015/926/1847 1060/971/1847 935/843/1847
f 1079/993/1848 991/900/1848 1062/972/1848
f 1088/994/1849 1080/995/1849 1016/927/1849
f 1080/995/1850 1017/928/1850 1016/927/1850
f 1080/995/1851 1045/955/1851 1017/928/1851
f 1045/955/1852 1089/996/1852 1031/902/1852
f 1089/996/1853 1046/956/1853 1031/902/1853
f 1081/997/1854 1018/929/1854 1046/956/1854
f 1020/930/1855 1008/917/1855 1066/977/1855
f 1020/930/1856 1067/978/1856 1021/918/1856
f 1023/932/1857 1049/959/1857 984/894/1857
f 1094/980/1858 1050/960/1858 996/904/1858
f 1050/960/1859 1083/998/1859 1024/933/1859
f 1083/998/1860 1051/961/1860 1024/933/1860
f 1051/961/1861 1068/981/1861 1034/944/1861
f 1068/981/1862 1069/982/1862 1035/945/1862
f 1073/986/1863 1056/966/1863 999/907/1863
f 1057/967/1864 1075/988/1864 975/885/1864
f 1039/989/1865 1084/999/1865 1000/908/1865
f 1084/999/1866 1040/949/1866 1000/908/1866
f 1012/922/1867 1041/950/1867 27/935/1867
f 1041/950/1868 29/1000/1868 27/935/1868
f 1085/1001/1869 1076/968/1869 1042/951/1869
f 1106/1002/1870 1077/991/1870 1028/938/1870
f 1087/1003/1871 1030/940/1871 1061/954/1871
f 1087/1003/1872 1062/972/1872 1030/940/1872
f 1079/993/1873 1088/994/1873 991/900/1873
f 1088/994/1874 1016/927/1874 991/900/1874
f 1080/995/1875 1089/996/1875 1045/955/1875
f 1090/1004/1876 1047/957/1876 1063/973/1876
f 1065/975/1877 1033/942/1877 1006/916/1877
f 1091/1005/1878 1082/976/1878 1033/942/1878
f 1082/976/1879 1092/1006/1879 1066/977/1879
f 1092/1006/1880 1020/930/1880 1066/977/1880
f 1093/979/1881 1048/958/1881 1022/931/1881
f 1095/1007/1882 1069/982/1882 1068/981/1882
f 1095/1007/1883 1070/983/1883 1069/982/1883
f 1071/984/1884 1096/1008/1884 1052/962/1884
f 1096/1008/1885 1053/963/1885 1052/962/1885
f 1053/963/1886 1097/1009/1886 1054/964/1886
f 1097/1009/1887 1037/947/1887 1054/964/1887
f 1097/1009/1888 1098/1010/1888 1037/947/1888
f 1038/948/1889 1100/1011/1889 973/883/1889
f 1100/1011/1890 1072/965/1890 973/883/1890
f 1101/1012/1891 1055/985/1891 1072/965/1891
f 1074/987/1892 1057/967/1892 988/898/1892
f 1103/1013/1893 1084/999/1893 1039/989/1893
f 1040/949/1894 1104/1014/1894 1025/934/1894
f 1104/1014/1895 1041/950/1895 1025/934/1895
f 28/990/1896 1085/1001/1896 1042/951/1896
f 1105/1015/1897 1027/937/1897 1043/952/1897
f 1086/1016/1898 1058/969/1898 1027/937/1898
f 1106/1002/1899 1028/938/1899 1002/910/1899
f 1107/1017/1900 1015/926/1900 1044/953/1900
f 1107/1017/1901 1060/971/1901 1015/926/1901
f 1107/1017/1902 1061/954/1902 1060/971/1902
f 1108/1018/1903 1109/1019/1903 1087/1003/1903
f 1109/1019/1904 1062/972/1904 1087/1003/1904
f 1109/1019/1905 1079/993/1905 1062/972/1905
f 1032/941/1906 1110/1020/1906 1063/973/1906
f 1110/1020/1907 1090/1004/1907 1063/973/1907
f 1090/1004/1908 1111/1021/1908 1047/957/1908
f 1111/1021/1909 1019/915/1909 1047/957/1909
f 1065/975/1910 1112/1022/1910 1033/942/1910
f 1112/1022/1911 1091/1005/1911 1033/942/1911
f 1124/1023/1912 1067/978/1912 1020/930/1912
f 1070/983/1913 1128/1024/1913 1071/984/1913
f 1128/1024/1914 1096/1008/1914 1071/984/1914
f 1096/1008/1915 1113/1025/1915 1053/963/1915
f 1113/1025/1916 1097/1009/1916 1053/963/1916
f 1098/1010/1917 1099/1026/1917 1037/947/1917
f 1099/1026/1918 1038/948/1918 1037/947/1918
f 1099/1026/1919 1100/1011/1919 1038/948/1919
f 1101/1012/1920 1072/965/1920 1100/1011/1920
f 1101/1012/1921 1131/1027/1921 1055/985/1921
f 1073/986/1922 1074/987/1922 1056/966/1922
f 1057/967/1923 1114/1028/1923 1075/988/1923
f 1114/1028/1924 1039/989/1924 1075/988/1924
f 1114/1028/1925 1102/1029/1925 1039/989/1925
f 1102/1029/1926 1103/1013/1926 1039/989/1926
f 1085/1001/1927 1115/1030/1927 1076/968/1927
f 1115/1030/1928 1105/1015/1928 1076/968/1928
f 1105/1015/1929 1043/952/1929 1076/968/1929
f 1105/1015/1930 1086/1016/1930 1027/937/1930
f 1116/1031/1931 1059/970/1931 1077/991/1931
f 1117/1032/1932 1044/953/1932 1078/992/1932
f 1117/1032/1933 1107/1017/1933 1044/953/1933
f 1107/1017/1934 1118/1033/1934 1061/954/1934
f 1061/954/1935 1108/1018/1935 1087/1003/1935
f 1119/1034/1936 1088/994/1936 1079/993/1936
f 1140/1035/1937 1088/994/1937 1119/1034/1937
f 1140/1035/1938 1080/995/1938 1088/994/1938
f 1120/1036/1939 1089/996/1939 1080/995/1939
f 1141/1037/1940 1046/956/1940 1089/996/1940
f 1081/997/1941 1032/941/1941 1018/929/1941
f 1110/1020/1942 1121/1038/1942 1090/1004/1942
f 1121/1038/1943 1111/1021/1943 1090/1004/1943
f 1111/1021/1944 1143/1039/1944 1019/915/1944
f 1143/1039/1945 1064/974/1945 1019/915/1945
f 1064/974/1946 1145/1040/1946 1065/975/1946
f 1145/1040/1947 1112/1022/1947 1065/975/1947
f 1112/1022/1948 1122/1041/1948 1091/1005/1948
f 1091/1005/1949 1123/1042/1949 1082/976/1949
f 1123/1042/1950 1124/1023/1950 1092/1006/1950
f 1092/1006/1951 1124/1023/1951 1020/930/1951
f 1125/1043/1952 1067/978/1952 1124/1023/1952
f 1126/1044/1953 1023/932/1953 1048/958/1953
f 1127/1045/1954 1094/980/1954 1049/959/1954
f 1160/1046/1955 1051/961/1955 1083/998/1955
f 1051/961/1956 1095/1007/1956 1068/981/1956
f 1095/1007/1957 1128/1024/1957 1070/983/1957
f 1129/1047/1958 1101/1012/1958 1100/1011/1958
f 1129/1047/1959 1130/1048/1959 1101/1012/1959
f 1055/985/1960 1132/1049/1960 1073/986/1960
f 1132/1049/1961 1133/1050/1961 1073/986/1961
f 1133/1050/1962 1074/987/1962 1073/986/1962
f 1134/1051/1963 1057/967/1963 1074/987/1963
f 1114/1028/1964 1136/1052/1964 1102/1029/1964
f 1084/999/1965 1104/1014/1965 1040/949/1965
f 1157/1053/1966 1086/1016/1966 1105/1015/1966
f 1086/1016/1967 1002/910/1967 1058/969/1967
f 1086/1016/1968 1106/1002/1968 1002/910/1968
f 1137/1054/1969 1077/991/1969 1106/1002/1969
f 1137/1054/1970 1116/1031/1970 1077/991/1970
f 1116/1031/1971 1078/992/1971 1059/970/1971
f 1138/1055/1972 1107/1017/1972 1117/1032/1972
f 1118/1033/1973 1108/1018/1973 1061/954/1973
f 1139/1056/1974 1079/993/1974 1109/1019/1974
f 1139/1056/1975 1119/1034/1975 1079/993/1975
f 1140/1035/1976 1120/1036/1976 1080/995/1976
f 1120/1036/1977 1141/1037/1977 1089/996/1977
f 1142/1057/1978 1032/941/1978 1081/997/1978
f 1144/1058/1979 1064/974/1979 1143/1039/1979
f 1144/1058/1980 1145/1040/1980 1064/974/1980
f 1122/1041/1981 1123/1042/1981 1091/1005/1981
f 1123/1042/1982 1092/1006/1982 1082/976/1982
f 1126/1044/1983 1049/959/1983 1023/932/1983
f 1127/1045/1984 1146/1059/1984 1094/980/1984
f 1050/960/1985 1160/1046/1985 1083/998/1985
f 1147/1060/1986 1095/1007/1986 1051/961/1986
f 1149/1061/1987 1128/1024/1987 1095/1007/1987
f 1128/1024/1988 1150/1062/1988 1096/1008/1988
f 1150/1062/1989 1113/1025/1989 1096/1008/1989
f 1113/1025/1990 1151/1063/1990 1097/1009/1990
f 1098/1010/1991 1152/1064/1991 1099/1026/1991
f 1152/1064/1992 1100/1011/1992 1099/1026/1992
f 1130/1048/1993 1165/1065/1993 1101/1012/1993
f 1165/1065/1994 1131/1027/1994 1101/1012/1994
f 1153/1066/1995 1132/1049/1995 1055/985/1995
f 1134/1051/1996 1135/1067/1996 1057/967/1996
f 1135/1067/1997 1114/1028/1997 1057/967/1997
f 1136/1052/1998 1103/1013/1998 1102/1029/1998
f 1084/999/1999 1155/1068/1999 1104/1014/1999
f 1104/1014/2000 29/1000/2000 1041/950/2000
f 1085/1001/2001 1156/1069/2001 1115/1030/2001
f 1170/1070/2002 1117/1032/2002 1078/992/2002
f 1118/1033/2003 1107/1017/2003 1138/1055/2003
f 1139/1056/2004 1140/1035/2004 1119/1034/2004
f 1142/1057/2005 1110/1020/2005 1032/941/2005
f 1121/1038/2006 1143/1039/2006 1111/1021/2006
f 1145/1040/2007 1190/1071/2007 1112/1022/2007
f 1159/1072/2008 1093/979/2008 1067/978/2008
f 1159/1072/2009 1048/958/2009 1093/979/2009
f 1126/1044/2010 1127/1045/2010 1049/959/2010
f 1146/1059/2011 1050/960/2011 1094/980/2011
f 1160/1046/2012 1147/1060/2012 1051/961/2012
f 1147/1060/2013 1148/1073/2013 1095/1007/2013
f 1148/1073/2014 1149/1061/2014 1095/1007/2014
f 1149/1061/2015 1150/1062/2015 1128/1024/2015
f 1161/1074/2016 1113/1025/2016 1150/1062/2016
f 1151/1063/2017 1162/1075/2017 1097/1009/2017
f 1162/1075/2018 1098/1010/2018 1097/1009/2018
f 1162/1075/2019 1163/1076/2019 1098/1010/2019
f 1163/1076/2020 1152/1064/2020 1098/1010/2020
f 1152/1064/2021 1129/1047/2021 1100/1011/2021
f 1152/1064/2022 1164/1077/2022 1129/1047/2022
f 1164/1077/2023 1130/1048/2023 1129/1047/2023
f 1165/1065/2024 1055/985/2024 1131/1027/2024
f 1165/1065/2025 1166/1078/2025 1055/985/2025
f 1167/1079/2026 1103/1013/2026 1136/1052/2026
f 1103/1013/2027 1154/1080/2027 1084/999/2027
f 1154/1080/2028 1155/1068/2028 1084/999/2028
f 1086/1016/2029 1158/1081/2029 1106/1002/2029
f 1158/1081/2030 1137/1054/2030 1106/1002/2030
f 1169/1082/2031 1116/1031/2031 1137/1054/2031
f 1170/1070/2032 1078/992/2032 1116/1031/2032
f 1171/1083/2033 1108/1018/2033 1118/1033/2033
f 1171/1083/2034 1109/1019/2034 1108/1018/2034
f 1172/1084/2035 1120/1036/2035 1140/1035/2035
f 1173/1085/2036 1046/956/2036 1141/1037/2036
f 1173/1085/2037 1081/997/2037 1046/956/2037
f 1174/1086/2038 1142/1057/2038 1081/997/2038
f 1175/1087/2039 1110/1020/2039 1142/1057/2039
f 1175/1087/2040 1121/1038/2040 1110/1020/2040
f 1191/1088/2041 1123/1042/2041 1122/1041/2041
f 1191/1088/2042 1176/1089/2042 1123/1042/2042
f 1176/1089/2043 1124/1023/2043 1123/1042/2043
f 1125/1043/2044 1159/1072/2044 1067/978/2044
f 1177/1090/2045 1149/1061/2045 1148/1073/2045
f 1149/1061/2046 1178/1091/2046 1150/1062/2046
f 1178/1091/2047 1161/1074/2047 1150/1062/2047
f 1161/1074/2048 1151/1063/2048 1113/1025/2048
f 1166/1078/2049 1153/1066/2049 1055/985/2049
f 1179/1092/2050 1132/1049/2050 1153/1066/2050
f 1179/1092/2051 1133/1050/2051 1132/1049/2051
f 1133/1050/2052 1180/1093/2052 1074/987/2052
f 1180/1093/2053 1134/1051/2053 1074/987/2053
f 1168/1094/2054 1154/1080/2054 1103/1013/2054
f 1155/1068/2055 29/1000/2055 1104/1014/2055
f 31/1095/2056 1085/1001/2056 28/990/2056
f 31/1095/2057 1156/1069/2057 1085/1001/2057
f 1181/1096/2058 1105/1015/2058 1115/1030/2058
f 1181/1096/2059 1157/1053/2059 1105/1015/2059
f 1182/1097/2060 1158/1081/2060 1086/1016/2060
f 1169/1082/2061 1170/1070/2061 1116/1031/2061
f 1183/1098/2062 1117/1032/2062 1170/1070/2062
f 1183/1098/2063 1138/1055/2063 1117/1032/2063
f 1184/1099/2064 1118/1033/2064 1138/1055/2064
f 1184/1099/2065 1171/1083/2065 1118/1033/2065
f 1203/1100/2066 1109/1019/2066 1171/1083/2066
f 1186/1101/2067 1140/1035/2067 1139/1056/2067
f 1186/1101/2068 1172/1084/2068 1140/1035/2068
f 1172/1084/2069 1187/1102/2069 1120/1036/2069
f 1174/1086/2070 1188/1103/2070 1142/1057/2070
f 1188/1103/2071 1175/1087/2071 1142/1057/2071
f 1121/1038/2072 1189/1104/2072 1143/1039/2072
f 1190/1071/2073 1145/1040/2073 1144/1058/2073
f 1112/1022/2074 1191/1088/2074 1122/1041/2074
f 1192/1105/2075 1124/1023/2075 1176/1089/2075
f 1127/1045/2076 1193/1106/2076 1146/1059/2076
f 1146/1059/2077 1193/1106/2077 1050/960/2077
f 1193/1106/2078 1160/1046/2078 1050/960/2078
f 1193/1106/2079 1194/1107/2079 1160/1046/2079
f 1210/1108/2080 1148/1073/2080 1147/1060/2080
f 1148/1073/2081 1195/1109/2081 1177/1090/2081
f 1196/1110/2082 1151/1063/2082 1161/1074/2082
f 1197/1111/2083 1163/1076/2083 1162/1075/2083
f 1130/1048/2084 1198/1112/2084 1165/1065/2084
f 1198/1112/2085 1166/1078/2085 1165/1065/2085
f 1179/1092/2086 1199/1113/2086 1133/1050/2086
f 1199/1113/2087 1180/1093/2087 1133/1050/2087
f 1180/1093/2088 1135/1067/2088 1134/1051/2088
f 1200/1114/2089 1103/1013/2089 1167/1079/2089
f 1200/1114/2090 1168/1094/2090 1103/1013/2090
f 1156/1069/2091 1181/1096/2091 1115/1030/2091
f 1157/1053/2092 1182/1097/2092 1086/1016/2092
f 1183/1098/2093 1184/1099/2093 1138/1055/2093
f 1184/1099/2094 1203/1100/2094 1171/1083/2094
f 1203/1100/2095 1185/1115/2095 1109/1019/2095
f 1185/1115/2096 1139/1056/2096 1109/1019/2096
f 1204/1116/2097 1141/1037/2097 1120/1036/2097
f 1204/1116/2098 1205/1117/2098 1141/1037/2098
f 1173/1085/2099 1174/1086/2099 1081/997/2099
f 1188/1103/2100 1206/1118/2100 1175/1087/2100
f 1189/1104/2101 1240/1119/2101 1143/1039/2101
f 1190/1071/2102 1191/1088/2102 1112/1022/2102
f 1191/1088/2103 1207/1120/2103 1176/1089/2103
f 1192/1105/2104 1125/1043/2104 1124/1023/2104
f 1209/1121/2105 1048/958/2105 1159/1072/2105
f 1048/958/2106 1209/1121/2106 1126/1044/2106
f 1210/1108/2107 1147/1060/2107 1160/1046/2107
f 1211/1122/2108 1195/1109/2108 1148/1073/2108
f 1177/1090/2109 1212/1123/2109 1149/1061/2109
f 1212/1123/2110 1178/1091/2110 1149/1061/2110
f 1178/1091/2111 1196/1110/2111 1161/1074/2111
f 1196/1110/2112 1213/1124/2112 1151/1063/2112
f 1213/1124/2113 1162/1075/2113 1151/1063/2113
f 1213/1124/2114 1197/1111/2114 1162/1075/2114
f 1197/1111/2115 1214/1125/2115 1163/1076/2115
f 1214/1125/2116 1152/1064/2116 1163/1076/2116
f 1214/1125/2117 1164/1077/2117 1152/1064/2117
f 1215/1126/2118 1130/1048/2118 1164/1077/2118
f 1215/1126/2119 1198/1112/2119 1130/1048/2119
f 1216/1127/2120 1153/1066/2120 1166/1078/2120
f 1217/1128/2121 1199/1113/2121 1179/1092/2121
f 1135/1067/2122 1218/1129/2122 1114/1028/2122
f 1218/1129/2123 1136/1052/2123 1114/1028/2123
f 1232/1130/2124 1167/1079/2124 1136/1052/2124
f 1155/1068/2125 30/1131/2125 29/1000/2125
f 1219/1132/2126 1157/1053/2126 1181/1096/2126
f 1220/1133/2127 1137/1054/2127 1158/1081/2127
f 1220/1133/2128 1169/1082/2128 1137/1054/2128
f 1220/1133/2129 1202/1134/2129 1169/1082/2129
f 1202/1134/2130 1170/1070/2130 1169/1082/2130
f 1170/1070/2131 1221/1135/2131 1183/1098/2131
f 1221/1135/2132 1222/1136/2132 1183/1098/2132
f 1222/1136/2133 1184/1099/2133 1183/1098/2133
f 1223/1137/2134 1187/1102/2134 1172/1084/2134
f 1204/1116/2135 1120/1036/2135 1187/1102/2135
f 1205/1117/2136 1173/1085/2136 1141/1037/2136
f 1224/1138/2137 1174/1086/2137 1173/1085/2137
f 1225/1139/2138 1189/1104/2138 1121/1038/2138
f 1240/1119/2139 1144/1058/2139 1143/1039/2139
f 1226/1140/2140 1190/1071/2140 1144/1058/2140
f 1227/1141/2141 1191/1088/2141 1190/1071/2141
f 1208/1142/2142 1192/1105/2142 1176/1089/2142
f 1192/1105/2143 1228/1143/2143 1125/1043/2143
f 1228/1143/2144 1159/1072/2144 1125/1043/2144
f 1126/1044/2145 1260/1144/2145 1127/1045/2145
f 1194/1107/2146 1210/1108/2146 1160/1046/2146
f 1210/1108/2147 1211/1122/2147 1148/1073/2147
f 1195/1109/2148 1229/1145/2148 1177/1090/2148
f 1178/1091/2149 1213/1124/2149 1196/1110/2149
f 1230/1146/2150 1166/1078/2150 1198/1112/2150
f 1216/1127/2151 1179/1092/2151 1153/1066/2151
f 1216/1127/2152 1217/1128/2152 1179/1092/2152
f 1199/1113/2153 1231/1147/2153 1180/1093/2153
f 1180/1093/2154 1218/1129/2154 1135/1067/2154
f 1232/1130/2155 1136/1052/2155 1218/1129/2155
f 1233/1148/2156 1167/1079/2156 1232/1130/2156
f 1233/1148/2157 1200/1114/2157 1167/1079/2157
f 1154/1080/2158 1201/1149/2158 1155/1068/2158
f 1254/1150/2159 1219/1132/2159 1181/1096/2159
f 1219/1132/2160 1182/1097/2160 1157/1053/2160
f 1235/1151/2161 1220/1133/2161 1158/1081/2161
f 1185/1115/2162 1186/1101/2162 1139/1056/2162
f 1223/1137/2163 1172/1084/2163 1186/1101/2163
f 1223/1137/2164 1237/1152/2164 1187/1102/2164
f 1238/1153/2165 1188/1103/2165 1174/1086/2165
f 1238/1153/2166 1206/1118/2166 1188/1103/2166
f 1206/1118/2167 1121/1038/2167 1175/1087/2167
f 1226/1140/2168 1227/1141/2168 1190/1071/2168
f 1191/1088/2169 1241/1154/2169 1207/1120/2169
f 1242/1155/2170 1176/1089/2170 1207/1120/2170
f 1242/1155/2171 1208/1142/2171 1176/1089/2171
f 1208/1142/2172 1228/1143/2172 1192/1105/2172
f 1244/1156/2173 1193/1106/2173 1127/1045/2173
f 1193/1106/2174 1245/1157/2174 1194/1107/2174
f 1194/1107/2175 1246/1158/2175 1210/1108/2175
f 1262/1159/2176 1211/1122/2176 1210/1108/2176
f 1211/1122/2177 1229/1145/2177 1195/1109/2177
f 1229/1145/2178 1212/1123/2178 1177/1090/2178
f 1247/1160/2179 1213/1124/2179 1178/1091/2179
f 1248/1161/2180 1197/1111/2180 1213/1124/2180
f 1214/1125/2181 1249/1162/2181 1164/1077/2181
f 1249/1162/2182 1215/1126/2182 1164/1077/2182
f 1250/1163/2183 1198/1112/2183 1215/1126/2183
f 1250/1163/2184 1230/1146/2184 1198/1112/2184
f 1231/1147/2185 1218/1129/2185 1180/1093/2185
f 1252/1164/2186 1154/1080/2186 1168/1094/2186
f 1252/1164/2187 1201/1149/2187 1154/1080/2187
f 1253/1165/2188 1155/1068/2188 1201/1149/2188
f 32/1166/2189 1156/1069/2189 31/1095/2189
f 1271/1167/2190 1181/1096/2190 1156/1069/2190
f 1219/1132/2191 1234/1168/2191 1182/1097/2191
f 1182/1097/2192 1235/1151/2192 1158/1081/2192
f 1255/1169/2193 1202/1134/2193 1220/1133/2193
f 1202/1134/2194 1256/1170/2194 1170/1070/2194
f 1222/1136/2195 1257/1171/2195 1184/1099/2195
f 1257/1171/2196 1203/1100/2196 1184/1099/2196
f 1185/1115/2197 1236/1172/2197 1186/1101/2197
f 1236/1172/2198 1223/1137/2198 1186/1101/2198
f 1187/1102/2199 1258/1173/2199 1204/1116/2199
f 1258/1173/2200 1205/1117/2200 1204/1116/2200
f 1205/1117/2201 1273/1174/2201 1173/1085/2201
f 1273/1174/2202 1224/1138/2202 1173/1085/2202
f 1239/1175/2203 1121/1038/2203 1206/1118/2203
f 1239/1175/2204 1225/1139/2204 1121/1038/2204
f 1225/1139/2205 1259/1176/2205 1189/1104/2205
f 1259/1176/2206 1240/1119/2206 1189/1104/2206
f 1240/1119/2207 1226/1140/2207 1144/1058/2207
f 1227/1141/2208 1241/1154/2208 1191/1088/2208
f 1228/1143/2209 1209/1121/2209 1159/1072/2209
f 1260/1144/2210 1126/1044/2210 1209/1121/2210
f 1260/1144/2211 1244/1156/2211 1127/1045/2211
f 1244/1156/2212 1261/1177/2212 1193/1106/2212
f 1246/1158/2213 1262/1159/2213 1210/1108/2213
f 1262/1159/2214 1263/1178/2214 1211/1122/2214
f 1211/1122/2215 1263/1178/2215 1229/1145/2215
f 1212/1123/2216 1264/1179/2216 1178/1091/2216
f 1264/1179/2217 1247/1160/2217 1178/1091/2217
f 1265/1180/2218 1197/1111/2218 1248/1161/2218
f 1266/1181/2219 1214/1125/2219 1197/1111/2219
f 1267/1182/2220 1249/1162/2220 1214/1125/2220
f 1249/1162/2221 1250/1163/2221 1215/1126/2221
f 1230/1146/2222 1216/1127/2222 1166/1078/2222
f 1268/1183/2223 1217/1128/2223 1216/1127/2223
f 1269/1184/2224 1199/1113/2224 1217/1128/2224
f 1269/1184/2225 1231/1147/2225 1199/1113/2225
f 1231/1147/2226 1270/1185/2226 1218/1129/2226
f 1200/1114/2227 1251/1186/2227 1168/1094/2227
f 1253/1165/2228 30/1131/2228 1155/1068/2228
f 1271/1167/2229 1156/1069/2229 32/1166/2229
f 1271/1167/2230 1254/1150/2230 1181/1096/2230
f 1254/1150/2231 1234/1168/2231 1219/1132/2231
f 1234/1168/2232 1235/1151/2232 1182/1097/2232
f 1256/1170/2233 1221/1135/2233 1170/1070/2233
f 1203/1100/2234 1236/1172/2234 1185/1115/2234
f 1236/1172/2235 1272/1187/2235 1223/1137/2235
f 1223/1137/2236 1272/1187/2236 1237/1152/2236
f 1237/1152/2237 1258/1173/2237 1187/1102/2237
f 1238/1153/2238 1274/1188/2238 1206/1118/2238
f 1239/1175/2239 1259/1176/2239 1225/1139/2239
f 1261/1177/2240 1245/1157/2240 1193/1106/2240
f 1245/1157/2241 1246/1158/2241 1194/1107/2241
f 1276/1189/2242 1212/1123/2242 1229/1145/2242
f 1276/1189/2243 1264/1179/2243 1212/1123/2243
f 1247/1160/2244 1248/1161/2244 1213/1124/2244
f 1265/1180/2245 1266/1181/2245 1197/1111/2245
f 1266/1181/2246 1267/1182/2246 1214/1125/2246
f 1267/1182/2247 1277/1190/2247 1249/1162/2247
f 1249/1162/2248 1278/1191/2248 1250/1163/2248
f 1278/1191/2249 1230/1146/2249 1250/1163/2249
f 1278/1191/2250 1279/1192/2250 1230/1146/2250
f 1279/1192/2251 1216/1127/2251 1230/1146/2251
f 1268/1183/2252 1269/1184/2252 1217/1128/2252
f 1270/1185/2253 1232/1130/2253 1218/1129/2253
f 1251/1186/2254 1252/1164/2254 1168/1094/2254
f 1281/1193/2255 1253/1165/2255 1201/1149/2255
f 33/1194/2256 1271/1167/2256 32/1166/2256
f 1283/1195/2257 1220/1133/2257 1235/1151/2257
f 1255/1169/2258 1256/1170/2258 1202/1134/2258
f 1257/1171/2259 1236/1172/2259 1203/1100/2259
f 1273/1174/2260 1284/1196/2260 1224/1138/2260
f 1284/1196/2261 1174/1086/2261 1224/1138/2261
f 1284/1196/2262 1238/1153/2262 1174/1086/2262
f 1274/1188/2263 1239/1175/2263 1206/1118/2263
f 1259/1176/2264 1275/1197/2264 1240/1119/2264
f 1293/1198/2265 1226/1140/2265 1240/1119/2265
f 1241/1154/2266 1242/1155/2266 1207/1120/2266
f 1243/1199/2267 1260/1144/2267 1209/1121/2267
f 1246/1158/2268 1286/1200/2268 1262/1159/2268
f 1286/1200/2269 1263/1178/2269 1262/1159/2269
f 1263/1178/2270 1276/1189/2270 1229/1145/2270
f 1276/1189/2271 1287/1201/2271 1264/1179/2271
f 1264/1179/2272 1287/1201/2272 1247/1160/2272
f 1247/1160/2273 1288/1202/2273 1248/1161/2273
f 1288/1202/2274 1265/1180/2274 1248/1161/2274
f 1277/1190/2275 1278/1191/2275 1249/1162/2275
f 1289/1203/2276 1279/1192/2276 1278/1191/2276
f 1269/1184/2277 1270/1185/2277 1231/1147/2277
f 1270/1185/2278 1280/1204/2278 1232/1130/2278
f 1280/1204/2279 1233/1148/2279 1232/1130/2279
f 1253/1165/2280 34/1205/2280 30/1131/2280
f 1290/1206/2281 1282/1207/2281 1254/1150/2281
f 1282/1207/2282 1234/1168/2282 1254/1150/2282
f 1282/1207/2283 1235/1151/2283 1234/1168/2283
f 1283/1195/2284 1255/1169/2284 1220/1133/2284
f 1272/1187/2285 1291/1208/2285 1237/1152/2285
f 1291/1208/2286 1258/1173/2286 1237/1152/2286
f 1292/1209/2287 1238/1153/2287 1284/1196/2287
f 1304/1210/2288 1275/1197/2288 1259/1176/2288
f 1275/1197/2289 1293/1198/2289 1240/1119/2289
f 1293/1198/2290 1227/1141/2290 1226/1140/2290
f 1242/1155/2291 1325/1211/2291 1208/1142/2291
f 1325/1211/2292 1228/1143/2292 1208/1142/2292
f 1325/1211/2293 1285/1212/2293 1228/1143/2293
f 1243/1199/2294 1209/1121/2294 1228/1143/2294
f 1294/1213/2295 1261/1177/2295 1244/1156/2295
f 1295/1214/2296 1246/1158/2296 1245/1157/2296
f 1296/1215/2297 1266/1181/2297 1265/1180/2297
f 1296/1215/2298 1267/1182/2298 1266/1181/2298
f 1279/1192/2299 1268/1183/2299 1216/1127/2299
f 1297/1216/2300 1270/1185/2300 1269/1184/2300
f 1280/1204/2301 1298/1217/2301 1233/1148/2301
f 1233/1148/2302 1299/1218/2302 1200/1114/2302
f 1299/1218/2303 1251/1186/2303 1200/1114/2303
f 33/1194/2304 1300/1219/2304 1271/1167/2304
f 1301/1220/2305 1283/1195/2305 1235/1151/2305
f 1302/1221/2306 1236/1172/2306 1257/1171/2306
f 1302/1221/2307 1303/1222/2307 1236/1172/2307
f 1303/1222/2308 1272/1187/2308 1236/1172/2308
f 1239/1175/2309 1304/1210/2309 1259/1176/2309
f 1305/1223/2310 1227/1141/2310 1293/1198/2310
f 1227/1141/2311 1306/1224/2311 1241/1154/2311
f 1306/1224/2312 1242/1155/2312 1241/1154/2312
f 1307/1225/2313 1285/1212/2313 1325/1211/2313
f 1243/1199/2314 1228/1143/2314 1285/1212/2314
f 1308/1226/2315 1260/1144/2315 1243/1199/2315
f 1260/1144/2316 1326/1227/2316 1244/1156/2316
f 1286/1200/2317 1309/1228/2317 1263/1178/2317
f 1310/1229/2318 1276/1189/2318 1263/1178/2318
f 1310/1229/2319 1311/1230/2319 1276/1189/2319
f 1311/1230/2320 1287/1201/2320 1276/1189/2320
f 1287/1201/2321 1288/1202/2321 1247/1160/2321
f 1288/1202/2322 1296/1215/2322 1265/1180/2322
f 1296/1215/2323 1313/1231/2323 1267/1182/2323
f 1313/1231/2324 1277/1190/2324 1267/1182/2324
f 1314/1232/2325 1278/1191/2325 1277/1190/2325
f 1314/1232/2326 1289/1203/2326 1278/1191/2326
f 1331/1233/2327 1297/1216/2327 1269/1184/2327
f 1297/1216/2328 1315/1234/2328 1270/1185/2328
f 1315/1234/2329 1280/1204/2329 1270/1185/2329
f 1316/1235/2330 34/1205/2330 1253/1165/2330
f 35/1236/2331 1300/1219/2331 33/1194/2331
f 1300/1219/2332 1254/1150/2332 1271/1167/2332
f 1317/1237/2333 1290/1206/2333 1254/1150/2333
f 1318/1238/2334 1235/1151/2334 1282/1207/2334
f 1301/1220/2335 1255/1169/2335 1283/1195/2335
f 1319/1239/2336 1256/1170/2336 1255/1169/2336
f 1256/1170/2337 1222/1136/2337 1221/1135/2337
f 1256/1170/2338 1320/1240/2338 1222/1136/2338
f 1320/1240/2339 1321/1241/2339 1222/1136/2339
f 1321/1241/2340 1257/1171/2340 1222/1136/2340
f 1321/1241/2341 1302/1221/2341 1257/1171/2341
f 1322/1242/2342 1205/1117/2342 1258/1173/2342
f 1322/1242/2343 1273/1174/2343 1205/1117/2343
f 1322/1242/2344 1323/1243/2344 1273/1174/2344
f 1323/1243/2345 1284/1196/2345 1273/1174/2345
f 1292/1209/2346 1381/1244/2346 1238/1153/2346
f 1324/1245/2347 1293/1198/2347 1275/1197/2347
f 1306/1224/2348 1325/1211/2348 1242/1155/2348
f 1285/1212/2349 1358/1246/2349 1243/1199/2349
f 1243/1199/2350 1343/1247/2350 1308/1226/2350
f 1308/1226/2351 1326/1227/2351 1260/1144/2351
f 1326/1227/2352 1294/1213/2352 1244/1156/2352
f 1295/1214/2353 1245/1157/2353 1261/1177/2353
f 1327/1248/2354 1246/1158/2354 1295/1214/2354
f 1327/1248/2355 1286/1200/2355 1246/1158/2355
f 1328/1249/2356 1309/1228/2356 1286/1200/2356
f 1309/1228/2357 1310/1229/2357 1263/1178/2357
f 1311/1230/2358 1312/1250/2358 1287/1201/2358
f 1329/1251/2359 1288/1202/2359 1287/1201/2359
f 1330/1252/2360 1268/1183/2360 1279/1192/2360
f 1331/1233/2361 1268/1183/2361 1330/1252/2361
f 1331/1233/2362 1269/1184/2362 1268/1183/2362
f 1333/1253/2363 1233/1148/2363 1298/1217/2363
f 1333/1253/2364 1299/1218/2364 1233/1148/2364
f 1334/1254/2365 1251/1186/2365 1299/1218/2365
f 1334/1254/2366 1252/1164/2366 1251/1186/2366
f 1335/1255/2367 1201/1149/2367 1252/1164/2367
f 1335/1255/2368 1336/1256/2368 1201/1149/2368
f 1336/1256/2369 1281/1193/2369 1201/1149/2369
f 1316/1235/2370 1253/1165/2370 1281/1193/2370
f 1300/1219/2371 1337/1257/2371 1254/1150/2371
f 1337/1257/2372 1317/1237/2372 1254/1150/2372
f 1290/1206/2373 1318/1238/2373 1282/1207/2373
f 1301/1220/2374 1235/1151/2374 1318/1238/2374
f 1301/1220/2375 1338/1258/2375 1255/1169/2375
f 1338/1258/2376 1319/1239/2376 1255/1169/2376
f 1366/1259/2377 1272/1187/2377 1303/1222/2377
f 1339/1260/2378 1291/1208/2378 1272/1187/2378
f 1340/1261/2379 1258/1173/2379 1291/1208/2379
f 1323/1243/2380 1292/1209/2380 1284/1196/2380
f 1381/1244/2381 1274/1188/2381 1238/1153/2381
f 1239/1175/2382 1274/1188/2382 1304/1210/2382
f 1274/1188/2383 1341/1262/2383 1304/1210/2383
f 1304/1210/2384 1324/1245/2384 1275/1197/2384
f 1305/1223/2385 1342/1263/2385 1227/1141/2385
f 1342/1263/2386 1306/1224/2386 1227/1141/2386
f 1327/1248/2387 1328/1249/2387 1286/1200/2387
f 1344/1264/2388 1310/1229/2388 1309/1228/2388
f 1344/1264/2389 1311/1230/2389 1310/1229/2389
f 1346/1265/2390 1296/1215/2390 1288/1202/2390
f 1346/1265/2391 1313/1231/2391 1296/1215/2391
f 1313/1231/2392 1314/1232/2392 1277/1190/2392
f 1289/1203/2393 1347/1266/2393 1279/1192/2393
f 1347/1266/2394 1330/1252/2394 1279/1192/2394
f 1331/1233/2395 1332/1267/2395 1297/1216/2395
f 1348/1268/2396 1298/1217/2396 1280/1204/2396
f 1348/1268/2397 1333/1253/2397 1298/1217/2397
f 1334/1254/2398 1335/1255/2398 1252/1164/2398
f 1350/1269/2399 1300/1219/2399 35/1236/2399
f 1351/1270/2400 1290/1206/2400 1317/1237/2400
f 1364/1271/2401 1301/1220/2401 1318/1238/2401
f 1353/1272/2402 1302/1221/2402 1321/1241/2402
f 1354/1273/2403 1303/1222/2403 1302/1221/2403
f 1340/1261/2404 1322/1242/2404 1258/1173/2404
f 1323/1243/2405 1355/1274/2405 1292/1209/2405
f 1356/1275/2406 1381/1244/2406 1292/1209/2406
f 1341/1262/2407 1357/1276/2407 1304/1210/2407
f 1324/1245/2408 1305/1223/2408 1293/1198/2408
f 1358/1246/2409 1285/1212/2409 1307/1225/2409
f 1294/1213/2410 1295/1214/2410 1261/1177/2410
f 1295/1214/2411 1359/1277/2411 1327/1248/2411
f 1309/1228/2412 1328/1249/2412 1344/1264/2412
f 1312/1250/2413 1329/1251/2413 1287/1201/2413
f 1329/1251/2414 1345/1278/2414 1288/1202/2414
f 1345/1278/2415 1346/1265/2415 1288/1202/2415
f 1360/1279/2416 1314/1232/2416 1313/1231/2416
f 1361/1280/2417 1289/1203/2417 1314/1232/2417
f 1361/1280/2418 1347/1266/2418 1289/1203/2418
f 1332/1267/2419 1315/1234/2419 1297/1216/2419
f 1315/1234/2420 1348/1268/2420 1280/1204/2420
f 1333/1253/2421 1349/1281/2421 1299/1218/2421
f 1349/1281/2422 1334/1254/2422 1299/1218/2422
f 1336/1256/2423 1316/1235/2423 1281/1193/2423
f 1363/1282/2424 1300/1219/2424 1350/1269/2424
f 1363/1282/2425 1337/1257/2425 1300/1219/2425
f 1365/1283/2426 1301/1220/2426 1364/1271/2426
f 1352/1284/2427 1256/1170/2427 1319/1239/2427
f 1352/1284/2428 1320/1240/2428 1256/1170/2428
f 1366/1259/2429 1339/1260/2429 1272/1187/2429
f 1339/1260/2430 1367/1285/2430 1291/1208/2430
f 1367/1285/2431 1340/1261/2431 1291/1208/2431
f 1340/1261/2432 1368/1286/2432 1322/1242/2432
f 1368/1286/2433 1323/1243/2433 1322/1242/2433
f 1368/1286/2434 1369/1287/2434 1323/1243/2434
f 1369/1287/2435 1355/1274/2435 1323/1243/2435
f 1355/1274/2436 1356/1275/2436 1292/1209/2436
f 1357/1276/2437 1324/1245/2437 1304/1210/2437
f 1324/1245/2438 1371/1288/2438 1305/1223/2438
f 1342/1263/2439 1325/1211/2439 1306/1224/2439
f 1372/1289/2440 1358/1246/2440 1307/1225/2440
f 1358/1246/2441 1416/1290/2441 1243/1199/2441
f 1416/1290/2442 1343/1247/2442 1243/1199/2442
f 1373/1291/2443 1295/1214/2443 1294/1213/2443
f 1344/1264/2444 1374/1292/2444 1311/1230/2444
f 1374/1292/2445 1375/1293/2445 1311/1230/2445
f 1375/1293/2446 1312/1250/2446 1311/1230/2446
f 1345/1278/2447 1376/1294/2447 1346/1265/2447
f 1346/1265/2448 1360/1279/2448 1313/1231/2448
f 1360/1279/2449 1361/1280/2449 1314/1232/2449
f 1347/1266/2450 1377/1295/2450 1330/1252/2450
f 1377/1295/2451 1378/1296/2451 1330/1252/2451
f 1378/1296/2452 1331/1233/2452 1330/1252/2452
f 1331/1233/2453 1315/1234/2453 1332/1267/2453
f 1362/1297/2454 1348/1268/2454 1315/1234/2454
f 37/1298/2455 1350/1269/2455 35/1236/2455
f 37/1298/2456 1363/1282/2456 1350/1269/2456
f 1379/1299/2457 1337/1257/2457 1363/1282/2457
f 1351/1270/2458 1380/1300/2458 1290/1206/2458
f 1380/1300/2459 1318/1238/2459 1290/1206/2459
f 1380/1300/2460 1364/1271/2460 1318/1238/2460
f 1353/1272/2461 1321/1241/2461 1320/1240/2461
f 1381/1244/2462 1382/1301/2462 1274/1188/2462
f 1382/1301/2463 1341/1262/2463 1274/1188/2463
f 1341/1262/2464 1383/1302/2464 1357/1276/2464
f 1357/1276/2465 1384/1303/2465 1324/1245/2465
f 1384/1303/2466 1370/1304/2466 1324/1245/2466
f 1370/1304/2467 1371/1288/2467 1324/1245/2467
f 1305/1223/2468 1385/1305/2468 1342/1263/2468
f 1417/1306/2469 1308/1226/2469 1343/1247/2469
f 1308/1226/2470 1386/1307/2470 1326/1227/2470
f 1386/1307/2471 1294/1213/2471 1326/1227/2471
f 1373/1291/2472 1387/1308/2472 1295/1214/2472
f 1387/1308/2473 1359/1277/2473 1295/1214/2473
f 1359/1277/2474 1328/1249/2474 1327/1248/2474
f 1388/1309/2475 1344/1264/2475 1328/1249/2475
f 1374/1292/2476 1312/1250/2476 1375/1293/2476
f 1312/1250/2477 1345/1278/2477 1329/1251/2477
f 1389/1310/2478 1360/1279/2478 1346/1265/2478
f 1390/1311/2479 1347/1266/2479 1361/1280/2479
f 1390/1311/2480 1377/1295/2480 1347/1266/2480
f 1404/1312/2481 1362/1297/2481 1315/1234/2481
f 1362/1297/2482 1391/1313/2482 1348/1268/2482
f 1391/1313/2483 1333/1253/2483 1348/1268/2483
f 1405/1314/2484 1349/1281/2484 1333/1253/2484
f 1334/1254/2485 1392/1315/2485 1335/1255/2485
f 1335/1255/2486 1316/1235/2486 1336/1256/2486
f 1408/1316/2487 34/1205/2487 1316/1235/2487
f 37/1298/2488 1379/1299/2488 1363/1282/2488
f 1351/1270/2489 1317/1237/2489 1337/1257/2489
f 1365/1283/2490 1393/1317/2490 1301/1220/2490
f 1393/1317/2491 1338/1258/2491 1301/1220/2491
f 1338/1258/2492 1394/1318/2492 1319/1239/2492
f 1353/1272/2493 1354/1273/2493 1302/1221/2493
f 1354/1273/2494 1366/1259/2494 1303/1222/2494
f 1395/1319/2495 1381/1244/2495 1356/1275/2495
f 1383/1302/2496 1384/1303/2496 1357/1276/2496
f 1396/1320/2497 1325/1211/2497 1342/1263/2497
f 1396/1320/2498 1307/1225/2498 1325/1211/2498
f 1416/1290/2499 1417/1306/2499 1343/1247/2499
f 1433/1321/2500 1328/1249/2500 1359/1277/2500
f 1399/1322/2501 1374/1292/2501 1344/1264/2501
f 1374/1292/2502 1399/1322/2502 1312/1250/2502
f 1400/1323/2503 1345/1278/2503 1312/1250/2503
f 1376/1294/2504 1389/1310/2504 1346/1265/2504
f 1401/1324/2505 1361/1280/2505 1360/1279/2505
f 1378/1296/2506 1402/1325/2506 1331/1233/2506
f 1403/1326/2507 1315/1234/2507 1331/1233/2507
f 1391/1313/2508 1405/1314/2508 1333/1253/2508
f 1405/1314/2509 1406/1327/2509 1349/1281/2509
f 1406/1327/2510 1334/1254/2510 1349/1281/2510
f 1406/1327/2511 1407/1328/2511 1334/1254/2511
f 1407/1328/2512 1392/1315/2512 1334/1254/2512
f 1392/1315/2513 1316/1235/2513 1335/1255/2513
f 1392/1315/2514 1408/1316/2514 1316/1235/2514
f 1409/1329/2515 34/1205/2515 1408/1316/2515
f 1409/1329/2516 36/1330/2516 34/1205/2516
f 1379/1299/2517 1410/1331/2517 1337/1257/2517
f 1411/1332/2518 1364/1271/2518 1380/1300/2518
f 1364/1271/2519 1412/1333/2519 1365/1283/2519
f 1412/1333/2520 1393/1317/2520 1365/1283/2520
f 1393/1317/2521 1394/1318/2521 1338/1258/2521
f 1394/1318/2522 1352/1284/2522 1319/1239/2522
f 1428/1334/2523 1366/1259/2523 1354/1273/2523
f 1366/1259/2524 1367/1285/2524 1339/1260/2524
f 1413/1335/2525 1340/1261/2525 1367/1285/2525
f 1414/1336/2526 1341/1262/2526 1382/1301/2526
f 1414/1336/2527 1383/1302/2527 1341/1262/2527
f 1371/1288/2528 1415/1337/2528 1305/1223/2528
f 1386/1307/2529 1398/1338/2529 1294/1213/2529
f 1433/1321/2530 1388/1309/2530 1328/1249/2530
f 1388/1309/2531 1399/1322/2531 1344/1264/2531
f 1399/1322/2532 1400/1323/2532 1312/1250/2532
f 1418/1339/2533 1345/1278/2533 1400/1323/2533
f 1418/1339/2534 1376/1294/2534 1345/1278/2534
f 1419/1340/2535 1389/1310/2535 1376/1294/2535
f 1419/1340/2536 1360/1279/2536 1389/1310/2536
f 1419/1340/2537 1401/1324/2537 1360/1279/2537
f 1401/1324/2538 1390/1311/2538 1361/1280/2538
f 1401/1324/2539 1420/1341/2539 1390/1311/2539
f 1420/1341/2540 1421/1342/2540 1390/1311/2540
f 1421/1342/2541 1377/1295/2541 1390/1311/2541
f 1377/1295/2542 1422/1343/2542 1378/1296/2542
f 1422/1343/2543 1402/1325/2543 1378/1296/2543
f 1402/1325/2544 1403/1326/2544 1331/1233/2544
f 1403/1326/2545 1404/1312/2545 1315/1234/2545
f 1423/1344/2546 1406/1327/2546 1405/1314/2546
f 1424/1345/2547 1409/1329/2547 1408/1316/2547
f 37/1298/2548 1410/1331/2548 1379/1299/2548
f 1410/1331/2549 1351/1270/2549 1337/1257/2549
f 1425/1346/2550 1380/1300/2550 1351/1270/2550
f 1412/1333/2551 1426/1347/2551 1393/1317/2551
f 1352/1284/2552 1443/1348/2552 1320/1240/2552
f 1320/1240/2553 1427/1349/2553 1353/1272/2553
f 1353/1272/2554 1428/1334/2554 1354/1273/2554
f 1444/1350/2555 1367/1285/2555 1366/1259/2555
f 1444/1350/2556 1429/1351/2556 1367/1285/2556
f 1413/1335/2557 1368/1286/2557 1340/1261/2557
f 1430/1352/2558 1355/1274/2558 1369/1287/2558
f 1430/1352/2559 1356/1275/2559 1355/1274/2559
f 1431/1353/2560 1370/1304/2560 1384/1303/2560
f 1431/1353/2561 1371/1288/2561 1370/1304/2561
f 1415/1337/2562 1385/1305/2562 1305/1223/2562
f 1385/1305/2563 1396/1320/2563 1342/1263/2563
f 1396/1320/2564 1432/1354/2564 1307/1225/2564
f 1432/1354/2565 1372/1289/2565 1307/1225/2565
f 1372/1289/2566 1397/1355/2566 1358/1246/2566
f 1416/1290/2567 1358/1246/2567 1397/1355/2567
f 1398/1338/2568 1373/1291/2568 1294/1213/2568
f 1451/1356/2569 1419/1340/2569 1376/1294/2569
f 1434/1357/2570 1401/1324/2570 1419/1340/2570
f 1434/1357/2571 1420/1341/2571 1401/1324/2571
f 1435/1358/2572 1377/1295/2572 1421/1342/2572
f 1422/1343/2573 1436/1359/2573 1402/1325/2573
f 1404/1312/2574 1437/1360/2574 1362/1297/2574
f 1437/1360/2575 1391/1313/2575 1362/1297/2575
f 1391/1313/2576 1423/1344/2576 1405/1314/2576
f 1407/1328/2577 1438/1361/2577 1392/1315/2577
f 1438/1361/2578 1408/1316/2578 1392/1315/2578
f 1409/1329/2579 38/1362/2579 36/1330/2579
f 1439/1363/2580 1351/1270/2580 1410/1331/2580
f 1425/1346/2581 1411/1332/2581 1380/1300/2581
f 1411/1332/2582 1440/1364/2582 1364/1271/2582
f 1440/1364/2583 1412/1333/2583 1364/1271/2583
f 1426/1347/2584 1441/1365/2584 1393/1317/2584
f 1441/1365/2585 1394/1318/2585 1393/1317/2585
f 1442/1366/2586 1352/1284/2586 1394/1318/2586
f 1442/1366/2587 1443/1348/2587 1352/1284/2587
f 1427/1349/2588 1428/1334/2588 1353/1272/2588
f 1428/1334/2589 1444/1350/2589 1366/1259/2589
f 1429/1351/2590 1413/1335/2590 1367/1285/2590
f 1413/1335/2591 1445/1367/2591 1368/1286/2591
f 1445/1367/2592 1369/1287/2592 1368/1286/2592
f 1445/1367/2593 1446/1368/2593 1369/1287/2593
f 1446/1368/2594 1430/1352/2594 1369/1287/2594
f 1430/1352/2595 1395/1319/2595 1356/1275/2595
f 1431/1353/2596 1447/1369/2596 1371/1288/2596
f 1447/1369/2597 1415/1337/2597 1371/1288/2597
f 1448/1370/2598 1416/1290/2598 1397/1355/2598
f 1448/1370/2599 1449/1371/2599 1416/1290/2599
f 1417/1306/2600 1461/1372/2600 1308/1226/2600
f 1450/1373/2601 1373/1291/2601 1398/1338/2601
f 1451/1356/2602 1376/1294/2602 1418/1339/2602
f 1451/1356/2603 1452/1374/2603 1419/1340/2603
f 1452/1374/2604 1434/1357/2604 1419/1340/2604
f 1453/1375/2605 1421/1342/2605 1420/1341/2605
f 1435/1358/2606 1422/1343/2606 1377/1295/2606
f 1436/1359/2607 1403/1326/2607 1402/1325/2607
f 1454/1376/2608 1407/1328/2608 1406/1327/2608
f 1438/1361/2609 1424/1345/2609 1408/1316/2609
f 1455/1377/2610 1409/1329/2610 1424/1345/2610
f 1455/1377/2611 38/1362/2611 1409/1329/2611
f 39/1378/2612 1410/1331/2612 37/1298/2612
f 1456/1379/2613 1351/1270/2613 1439/1363/2613
f 1456/1379/2614 1425/1346/2614 1351/1270/2614
f 1425/1346/2615 1440/1364/2615 1411/1332/2615
f 1466/1380/2616 1426/1347/2616 1412/1333/2616
f 1441/1365/2617 1442/1366/2617 1394/1318/2617
f 1457/1381/2618 1430/1352/2618 1446/1368/2618
f 1458/1382/2619 1382/1301/2619 1381/1244/2619
f 1458/1382/2620 1414/1336/2620 1382/1301/2620
f 1414/1336/2621 1384/1303/2621 1383/1302/2621
f 1459/1383/2622 1396/1320/2622 1385/1305/2622
f 1432/1354/2623 1460/1384/2623 1372/1289/2623
f 1460/1384/2624 1448/1370/2624 1372/1289/2624
f 1448/1370/2625 1397/1355/2625 1372/1289/2625
f 1449/1371/2626 1417/1306/2626 1416/1290/2626
f 1461/1372/2627 1386/1307/2627 1308/1226/2627
f 1450/1373/2628 1387/1308/2628 1373/1291/2628
f 1471/1385/2629 1433/1321/2629 1359/1277/2629
f 1462/1386/2630 1399/1322/2630 1388/1309/2630
f 1434/1357/2631 1453/1375/2631 1420/1341/2631
f 1453/1375/2632 1435/1358/2632 1421/1342/2632
f 1435/1358/2633 1436/1359/2633 1422/1343/2633
f 1436/1359/2634 1463/1387/2634 1403/1326/2634
f 1463/1387/2635 1404/1312/2635 1403/1326/2635
f 1491/1388/2636 1391/1313/2636 1437/1360/2636
f 1491/1388/2637 1423/1344/2637 1391/1313/2637
f 1423/1344/2638 1454/1376/2638 1406/1327/2638
f 1454/1376/2639 1438/1361/2639 1407/1328/2639
f 1464/1389/2640 1424/1345/2640 1438/1361/2640
f 1464/1389/2641 1455/1377/2641 1424/1345/2641
f 39/1378/2642 1465/1390/2642 1410/1331/2642
f 1465/1390/2643 1439/1363/2643 1410/1331/2643
f 1466/1380/2616 1412/1333/2616 1440/1364/2616
f 1443/1348/2644 1427/1349/2644 1320/1240/2644
f 1444/1350/2645 1467/1391/2645 1429/1351/2645
f 1429/1351/2646 1445/1367/2646 1413/1335/2646
f 1458/1382/2647 1381/1244/2647 1395/1319/2647
f 1447/1369/2648 1469/1392/2648 1415/1337/2648
f 1470/1393/2649 1449/1371/2649 1448/1370/2649
f 1449/1371/2650 1461/1372/2650 1417/1306/2650
f 1461/1372/2651 1398/1338/2651 1386/1307/2651
f 1471/1385/2652 1359/1277/2652 1387/1308/2652
f 1471/1385/2653 1472/1394/2653 1433/1321/2653
f 1399/1322/2654 1473/1395/2654 1400/1323/2654
f 1502/1396/2655 1434/1357/2655 1452/1374/2655
f 1502/1396/2656 1474/1397/2656 1434/1357/2656
f 1434/1357/2657 1475/1398/2657 1453/1375/2657
f 1453/1375/2658 1476/1399/2658 1435/1358/2658
f 1477/1400/2659 1436/1359/2659 1435/1358/2659
f 1463/1387/2660 1478/1401/2660 1404/1312/2660
f 1478/1401/2661 1437/1360/2661 1404/1312/2661
f 1479/1402/2662 1438/1361/2662 1454/1376/2662
f 1479/1402/2663 1464/1389/2663 1438/1361/2663
f 1480/1403/2664 1439/1363/2664 1465/1390/2664
f 1480/1403/2665 1456/1379/2665 1439/1363/2665
f 1426/1347/2666 1481/1404/2666 1441/1365/2666
f 1481/1404/2667 1442/1366/2667 1441/1365/2667
f 1482/1405/2668 1428/1334/2668 1427/1349/2668
f 1483/1406/2669 1446/1368/2669 1445/1367/2669
f 1468/1407/2670 1395/1319/2670 1430/1352/2670
f 1468/1407/2671 1458/1382/2671 1395/1319/2671
f 1485/1408/2672 1414/1336/2672 1458/1382/2672
f 1414/1336/2673 1431/1353/2673 1384/1303/2673
f 1487/1409/2674 1447/1369/2674 1431/1353/2674
f 1459/1383/2675 1385/1305/2675 1415/1337/2675
f 1460/1384/2676 1470/1393/2676 1448/1370/2676
f 1450/1373/2677 1515/1410/2677 1387/1308/2677
f 1472/1394/2678 1388/1309/2678 1433/1321/2678
f 1488/1411/2679 1462/1386/2679 1388/1309/2679
f 1473/1395/2680 1418/1339/2680 1400/1323/2680
f 1418/1339/2681 1489/1412/2681 1451/1356/2681
f 1489/1412/2682 1452/1374/2682 1451/1356/2682
f 1489/1412/2683 1502/1396/2683 1452/1374/2683
f 1474/1397/2684 1475/1398/2684 1434/1357/2684
f 1490/1413/2685 1463/1387/2685 1436/1359/2685
f 1478/1401/2686 1491/1388/2686 1437/1360/2686
f 1479/1402/2687 1493/1414/2687 1464/1389/2687
f 1455/1377/2688 40/1415/2688 38/1362/2688
f 1456/1379/2689 1494/1416/2689 1425/1346/2689
f 1494/1416/2690 1440/1364/2690 1425/1346/2690
f 1494/1416/2691 1495/1417/2691 1440/1364/2691
f 1440/1364/2692 1495/1417/2692 1466/1380/2692
f 1496/1418/2693 1443/1348/2693 1442/1366/2693
f 1443/1348/2694 1529/1419/2694 1427/1349/2694
f 1529/1419/2695 1482/1405/2695 1427/1349/2695
f 1482/1405/2696 1497/1420/2696 1428/1334/2696
f 1497/1420/2697 1444/1350/2697 1428/1334/2697
f 1510/1421/2698 1467/1391/2698 1444/1350/2698
f 1467/1391/2699 1445/1367/2699 1429/1351/2699
f 1446/1368/2700 1484/1422/2700 1457/1381/2700
f 1468/1407/2701 1430/1352/2701 1457/1381/2701
f 1544/1423/2702 1458/1382/2702 1468/1407/2702
f 1486/1424/2703 1431/1353/2703 1414/1336/2703
f 1469/1392/2704 1447/1369/2704 1487/1409/2704
f 1459/1383/2705 1498/1425/2705 1396/1320/2705
f 1498/1425/2706 1432/1354/2706 1396/1320/2706
f 1498/1425/2707 1460/1384/2707 1432/1354/2707
f 1498/1425/2708 1499/1426/2708 1460/1384/2708
f 1501/1427/2709 1461/1372/2709 1449/1371/2709
f 1514/1428/2710 1450/1373/2710 1398/1338/2710
f 1515/1410/2711 1471/1385/2711 1387/1308/2711
f 1472/1394/2712 1488/1411/2712 1388/1309/2712
f 1475/1398/2713 1476/1399/2713 1453/1375/2713
f 1476/1399/2714 1503/1429/2714 1435/1358/2714
f 1503/1429/2715 1477/1400/2715 1435/1358/2715
f 1477/1400/2716 1490/1413/2716 1436/1359/2716
f 1490/1413/2717 1478/1401/2717 1463/1387/2717
f 1504/1430/2718 1423/1344/2718 1491/1388/2718
f 1492/1431/2719 1479/1402/2719 1454/1376/2719
f 1493/1414/2720 1505/1432/2720 1464/1389/2720
f 1505/1432/2721 1455/1377/2721 1464/1389/2721
f 1505/1432/2722 40/1415/2722 1455/1377/2722
f 39/1378/2723 1506/1433/2723 1465/1390/2723
f 1507/1434/2724 1426/1347/2724 1466/1380/2724
f 1426/1347/2725 1508/1435/2725 1481/1404/2725
f 1497/1420/2726 1509/1436/2726 1444/1350/2726
f 1509/1436/2727 1510/1421/2727 1444/1350/2727
f 1484/1422/2728 1468/1407/2728 1457/1381/2728
f 1511/1437/2729 1414/1336/2729 1485/1408/2729
f 1532/1438/2730 1415/1337/2730 1469/1392/2730
f 1532/1438/2731 1512/1439/2731 1415/1337/2731
f 1513/1440/2732 1459/1383/2732 1415/1337/2732
f 1499/1426/2733 1470/1393/2733 1460/1384/2733
f 1470/1393/2734 1500/1441/2734 1449/1371/2734
f 1500/1441/2735 1501/1427/2735 1449/1371/2735
f 1514/1428/2736 1398/1338/2736 1461/1372/2736
f 1516/1442/2737 1472/1394/2737 1471/1385/2737
f 1462/1386/2738 1560/1443/2738 1399/1322/2738
f 1560/1443/2739 1473/1395/2739 1399/1322/2739
f 1518/1444/2740 1489/1412/2740 1418/1339/2740
f 1474/1397/2741 1519/1445/2741 1475/1398/2741
f 1475/1398/2742 1520/1446/2742 1476/1399/2742
f 1503/1429/2743 1521/1447/2743 1477/1400/2743
f 1521/1447/2744 1490/1413/2744 1477/1400/2744
f 1504/1430/2745 1522/1448/2745 1423/1344/2745
f 1522/1448/2746 1454/1376/2746 1423/1344/2746
f 1522/1448/2747 1523/1449/2747 1454/1376/2747
f 1523/1449/2748 1492/1431/2748 1454/1376/2748
f 1492/1431/2749 1524/1450/2749 1479/1402/2749
f 1525/1451/2750 1493/1414/2750 1479/1402/2750
f 1506/1433/2751 1480/1403/2751 1465/1390/2751
f 1480/1403/2752 1526/1452/2752 1456/1379/2752
f 1495/1417/2753 1527/1453/2753 1466/1380/2753
f 1527/1453/2754 1507/1434/2754 1466/1380/2754
f 1507/1434/2755 1528/1454/2755 1426/1347/2755
f 1528/1454/2756 1508/1435/2756 1426/1347/2756
f 1481/1404/2757 1496/1418/2757 1442/1366/2757
f 1529/1419/2758 1443/1348/2758 1496/1418/2758
f 1510/1421/2759 1530/1455/2759 1467/1391/2759
f 1483/1406/2760 1531/1456/2760 1446/1368/2760
f 1446/1368/2761 1531/1456/2761 1484/1422/2761
f 1543/1457/2762 1468/1407/2762 1484/1422/2762
f 1511/1437/2763 1486/1424/2763 1414/1336/2763
f 1486/1424/2764 1487/1409/2764 1431/1353/2764
f 1546/1458/2765 1469/1392/2765 1487/1409/2765
f 1546/1458/2766 1532/1438/2766 1469/1392/2766
f 1512/1439/2767 1513/1440/2767 1415/1337/2767
f 1513/1440/2768 1498/1425/2768 1459/1383/2768
f 1513/1440/2769 1533/1459/2769 1498/1425/2769
f 1533/1459/2770 1499/1426/2770 1498/1425/2770
f 1501/1427/2771 1514/1428/2771 1461/1372/2771
f 1514/1428/2772 1515/1410/2772 1450/1373/2772
f 1517/1460/2773 1418/1339/2773 1473/1395/2773
f 1517/1460/2774 1518/1444/2774 1418/1339/2774
f 1518/1444/2775 1534/1461/2775 1489/1412/2775
f 1561/1462/2776 1474/1397/2776 1502/1396/2776
f 1519/1445/2777 1520/1446/2777 1475/1398/2777
f 1520/1446/2778 1503/1429/2778 1476/1399/2778
f 1521/1447/2779 1535/1463/2779 1490/1413/2779
f 1490/1413/2780 1536/1464/2780 1478/1401/2780
f 1536/1464/2781 1491/1388/2781 1478/1401/2781
f 1536/1464/2782 1504/1430/2782 1491/1388/2782
f 1479/1402/2783 1524/1450/2783 1525/1451/2783
f 1537/1465/2784 1505/1432/2784 1493/1414/2784
f 1537/1465/2785 40/1415/2785 1505/1432/2785
f 1526/1452/2786 1494/1416/2786 1456/1379/2786
f 1494/1416/2787 1538/1466/2787 1495/1417/2787
f 1527/1453/2788 1528/1454/2788 1507/1434/2788
f 1481/1404/2789 1539/1467/2789 1496/1418/2789
f 1540/1468/2790 1482/1405/2790 1529/1419/2790
f 1541/1469/2791 1530/1455/2791 1510/1421/2791
f 1542/1470/2792 1445/1367/2792 1467/1391/2792
f 1542/1470/2793 1483/1406/2793 1445/1367/2793
f 1543/1457/2794 1544/1423/2794 1468/1407/2794
f 1545/1471/2795 1458/1382/2795 1544/1423/2795
f 1545/1471/2796 1485/1408/2796 1458/1382/2796
f 1547/1472/2797 1516/1442/2797 1471/1385/2797
f 1516/1442/2798 1547/1472/2798 1472/1394/2798
f 1488/1411/2799 1560/1443/2799 1462/1386/2799
f 1560/1443/2800 1517/1460/2800 1473/1395/2800
f 1489/1412/2801 1534/1461/2801 1502/1396/2801
f 1534/1461/2802 1561/1462/2802 1502/1396/2802
f 1474/1397/2803 1561/1462/2803 1519/1445/2803
f 1548/1473/2804 1503/1429/2804 1520/1446/2804
f 1549/1474/2805 1521/1447/2805 1503/1429/2805
f 1535/1463/2806 1536/1464/2806 1490/1413/2806
f 1550/1475/2807 1537/1465/2807 1493/1414/2807
f 41/1476/2808 1506/1433/2808 39/1378/2808
f 1506/1433/2809 1526/1452/2809 1480/1403/2809
f 1526/1452/2810 1551/1477/2810 1494/1416/2810
f 1551/1477/2811 1538/1466/2811 1494/1416/2811
f 1552/1478/2812 1481/1404/2812 1508/1435/2812
f 1552/1478/2813 1539/1467/2813 1481/1404/2813
f 1553/1479/2814 1529/1419/2814 1496/1418/2814
f 1553/1479/2815 1540/1468/2815 1529/1419/2815
f 1540/1468/2816 1497/1420/2816 1482/1405/2816
f 1567/1480/2817 1509/1436/2817 1497/1420/2817
f 1530/1455/2818 1542/1470/2818 1467/1391/2818
f 1531/1456/2819 1543/1457/2819 1484/1422/2819
f 1595/1481/2820 1511/1437/2820 1485/1408/2820
f 1555/1482/2821 1486/1424/2821 1511/1437/2821
f 1486/1424/2822 1546/1458/2822 1487/1409/2822
f 1546/1458/2823 1556/1483/2823 1532/1438/2823
f 1556/1483/2824 1512/1439/2824 1532/1438/2824
f 1556/1483/2825 1557/1484/2825 1512/1439/2825
f 1557/1484/2826 1513/1440/2826 1512/1439/2826
f 1569/1485/2827 1533/1459/2827 1513/1440/2827
f 1558/1486/2828 1470/1393/2828 1499/1426/2828
f 1558/1486/2829 1500/1441/2829 1470/1393/2829
f 1559/1487/2830 1471/1385/2830 1515/1410/2830
f 1559/1487/2831 1547/1472/2831 1471/1385/2831
f 1519/1445/2832 1548/1473/2832 1520/1446/2832
f 1548/1473/2833 1549/1474/2833 1503/1429/2833
f 1549/1474/2834 1535/1463/2834 1521/1447/2834
f 1536/1464/2835 1522/1448/2835 1504/1430/2835
f 1562/1488/2836 1523/1449/2836 1522/1448/2836
f 1563/1489/2837 1525/1451/2837 1524/1450/2837
f 1525/1451/2838 1550/1475/2838 1493/1414/2838
f 1550/1475/2839 42/1490/2839 1537/1465/2839
f 42/1490/2840 40/1415/2840 1537/1465/2840
f 1564/1491/2841 1565/1492/2841 1506/1433/2841
f 1565/1492/2842 1526/1452/2842 1506/1433/2842
f 1551/1477/2843 1590/1493/2843 1538/1466/2843
f 1538/1466/2844 1527/1453/2844 1495/1417/2844
f 1527/1453/2845 1566/1494/2845 1528/1454/2845
f 1566/1494/2846 1508/1435/2846 1528/1454/2846
f 1553/1479/2847 1554/1495/2847 1540/1468/2847
f 1567/1480/2848 1497/1420/2848 1540/1468/2848
f 1509/1436/2727 1541/1469/2727 1510/1421/2727
f 1542/1470/2849 1531/1456/2849 1483/1406/2849
f 1557/1484/2850 1569/1485/2850 1513/1440/2850
f 1533/1459/2851 1558/1486/2851 1499/1426/2851
f 1571/1496/2852 1488/1411/2852 1472/1394/2852
f 1571/1496/2853 1560/1443/2853 1488/1411/2853
f 1583/1497/2854 1518/1444/2854 1517/1460/2854
f 1518/1444/2855 1572/1498/2855 1534/1461/2855
f 1572/1498/2856 1561/1462/2856 1534/1461/2856
f 1548/1473/2857 1519/1445/2857 1561/1462/2857
f 1548/1473/2858 1574/1499/2858 1549/1474/2858
f 1575/1500/2859 1535/1463/2859 1549/1474/2859
f 1576/1501/2860 1536/1464/2860 1535/1463/2860
f 1562/1488/2861 1522/1448/2861 1536/1464/2861
f 1562/1488/2862 1577/1502/2862 1523/1449/2862
f 1577/1502/2863 1492/1431/2863 1523/1449/2863
f 1577/1502/2864 1563/1489/2864 1492/1431/2864
f 1563/1489/2865 1524/1450/2865 1492/1431/2865
f 1563/1489/2866 1550/1475/2866 1525/1451/2866
f 1564/1491/2867 1506/1433/2867 41/1476/2867
f 1608/1503/2868 1527/1453/2868 1538/1466/2868
f 1566/1494/2869 1578/1504/2869 1508/1435/2869
f 1578/1504/2870 1552/1478/2870 1508/1435/2870
f 1579/1505/2871 1496/1418/2871 1539/1467/2871
f 1579/1505/2872 1553/1479/2872 1496/1418/2872
f 1509/1436/2873 1580/1506/2873 1541/1469/2873
f 1625/1507/2874 1514/1428/2874 1501/1427/2874
f 1514/1428/2875 1559/1487/2875 1515/1410/2875
f 1582/1508/2876 1472/1394/2876 1547/1472/2876
f 1582/1508/2877 1571/1496/2877 1472/1394/2877
f 1573/1509/2878 1548/1473/2878 1561/1462/2878
f 1573/1509/2879 1584/1510/2879 1548/1473/2879
f 1574/1499/2880 1575/1500/2880 1549/1474/2880
f 1575/1500/2881 1585/1511/2881 1535/1463/2881
f 1585/1511/2882 1576/1501/2882 1535/1463/2882
f 1576/1501/2883 1562/1488/2883 1536/1464/2883
f 1586/1512/2884 1577/1502/2884 1562/1488/2884
f 1563/1489/2885 1587/1513/2885 1550/1475/2885
f 1588/1514/2886 42/1490/2886 1550/1475/2886
f 43/1515/2887 1564/1491/2887 41/1476/2887
f 1565/1492/2888 1589/1516/2888 1526/1452/2888
f 1589/1516/2889 1551/1477/2889 1526/1452/2889
f 1578/1504/2890 1539/1467/2890 1552/1478/2890
f 1539/1467/2891 1591/1517/2891 1579/1505/2891
f 1579/1505/2892 1592/1518/2892 1553/1479/2892
f 1554/1495/2893 1567/1480/2893 1540/1468/2893
f 1567/1480/2894 1580/1506/2894 1509/1436/2894
f 1580/1506/2895 1530/1455/2895 1541/1469/2895
f 1593/1519/2896 1542/1470/2896 1530/1455/2896
f 1593/1519/2897 1568/1520/2897 1542/1470/2897
f 1568/1520/2898 1594/1521/2898 1542/1470/2898
f 1594/1521/2899 1531/1456/2899 1542/1470/2899
f 1595/1481/2900 1596/1522/2900 1511/1437/2900
f 1596/1522/2901 1555/1482/2901 1511/1437/2901
f 1486/1424/2902 1581/1523/2902 1546/1458/2902
f 1556/1483/2903 1546/1458/2903 1581/1523/2903
f 1597/1524/2904 1569/1485/2904 1557/1484/2904
f 1569/1485/2905 1623/1525/2905 1533/1459/2905
f 1623/1525/2906 1558/1486/2906 1533/1459/2906
f 1558/1486/2907 1570/1526/2907 1500/1441/2907
f 1625/1507/2908 1598/1527/2908 1514/1428/2908
f 1598/1527/2909 1599/1528/2909 1514/1428/2909
f 1599/1528/2910 1559/1487/2910 1514/1428/2910
f 1559/1487/2911 1582/1508/2911 1547/1472/2911
f 1614/1529/2912 1560/1443/2912 1571/1496/2912
f 1614/1529/2913 1583/1497/2913 1560/1443/2913
f 1583/1497/2914 1517/1460/2914 1560/1443/2914
f 1602/1530/2915 1518/1444/2915 1583/1497/2915
f 1584/1510/2916 1574/1499/2916 1548/1473/2916
f 1603/1531/2917 1575/1500/2917 1574/1499/2917
f 1575/1500/2918 1604/1532/2918 1585/1511/2918
f 1576/1501/2919 1586/1512/2919 1562/1488/2919
f 1586/1512/2920 1563/1489/2920 1577/1502/2920
f 1587/1513/2921 1606/1533/2921 1550/1475/2921
f 1606/1533/2922 1588/1514/2922 1550/1475/2922
f 1588/1514/2923 44/1534/2923 42/1490/2923
f 1589/1516/2924 1590/1493/2924 1551/1477/2924
f 1609/1535/2925 1539/1467/2925 1578/1504/2925
f 1609/1535/2926 1591/1517/2926 1539/1467/2926
f 1591/1517/2927 1592/1518/2927 1579/1505/2927
f 1592/1518/2928 1554/1495/2928 1553/1479/2928
f 1592/1518/2929 1610/1536/2929 1554/1495/2929
f 1611/1537/2930 1568/1520/2930 1593/1519/2930
f 1594/1521/2931 1543/1457/2931 1531/1456/2931
f 1621/1538/2932 1545/1471/2932 1544/1423/2932
f 1545/1471/2933 1595/1481/2933 1485/1408/2933
f 1612/1539/2934 1501/1427/2934 1500/1441/2934
f 1600/1540/2935 1582/1508/2935 1559/1487/2935
f 1613/1541/2936 1571/1496/2936 1582/1508/2936
f 1613/1541/2937 1601/1542/2937 1571/1496/2937
f 1601/1542/2938 1614/1529/2938 1571/1496/2938
f 1602/1530/2939 1572/1498/2939 1518/1444/2939
f 1615/1543/2940 1561/1462/2940 1572/1498/2940
f 1615/1543/2941 1573/1509/2941 1561/1462/2941
f 1584/1510/2942 1603/1531/2942 1574/1499/2942
f 1604/1532/2943 1576/1501/2943 1585/1511/2943
f 1628/1544/2944 1586/1512/2944 1576/1501/2944
f 1586/1512/2945 1629/1545/2945 1563/1489/2945
f 1629/1545/2946 1605/1546/2946 1563/1489/2946
f 1605/1546/2947 1587/1513/2947 1563/1489/2947
f 1616/1547/2948 1565/1492/2948 1564/1491/2948
f 1616/1547/2949 1607/1548/2949 1565/1492/2949
f 1607/1548/2950 1589/1516/2950 1565/1492/2950
f 1590/1493/2951 1617/1549/2951 1538/1466/2951
f 1617/1549/2952 1608/1503/2952 1538/1466/2952
f 1618/1550/2953 1527/1453/2953 1608/1503/2953
f 1618/1550/2954 1566/1494/2954 1527/1453/2954
f 1566/1494/2955 1609/1535/2955 1578/1504/2955
f 1610/1536/2956 1619/1551/2956 1554/1495/2956
f 1619/1551/2957 1567/1480/2957 1554/1495/2957
f 1620/1552/2958 1580/1506/2958 1567/1480/2958
f 1543/1457/2959 1636/1553/2959 1544/1423/2959
f 1621/1538/2960 1544/1423/2960 1636/1553/2960
f 1596/1522/2961 1486/1424/2961 1555/1482/2961
f 1581/1523/2962 1622/1554/2962 1556/1483/2962
f 1622/1554/2963 1557/1484/2963 1556/1483/2963
f 1624/1555/2964 1558/1486/2964 1623/1525/2964
f 1654/1556/2965 1500/1441/2965 1570/1526/2965
f 1625/1507/2966 1501/1427/2966 1612/1539/2966
f 1627/1557/2967 1602/1530/2967 1583/1497/2967
f 1602/1530/2968 1615/1543/2968 1572/1498/2968
f 1603/1531/2969 1604/1532/2969 1575/1500/2969
f 1604/1532/2970 1628/1544/2970 1576/1501/2970
f 1605/1546/2971 1630/1558/2971 1587/1513/2971
f 1630/1558/2972 1606/1533/2972 1587/1513/2972
f 1630/1558/2973 1588/1514/2973 1606/1533/2973
f 1630/1558/2974 1631/1559/2974 1588/1514/2974
f 1631/1559/2975 44/1534/2975 1588/1514/2975
f 43/1515/2976 1632/1560/2976 1564/1491/2976
f 1632/1560/2977 1616/1547/2977 1564/1491/2977
f 1618/1550/2978 1609/1535/2978 1566/1494/2978
f 1633/1561/2979 1591/1517/2979 1609/1535/2979
f 1591/1517/2980 1634/1562/2980 1592/1518/2980
f 1635/1563/2981 1610/1536/2981 1592/1518/2981
f 1619/1551/2982 1620/1552/2982 1567/1480/2982
f 1580/1506/2983 1648/1564/2983 1530/1455/2983
f 1648/1564/2984 1593/1519/2984 1530/1455/2984
f 1611/1537/2985 1594/1521/2985 1568/1520/2985
f 1637/1565/2986 1545/1471/2986 1621/1538/2986
f 1637/1565/2987 1638/1566/2987 1545/1471/2987
f 1638/1566/2988 1595/1481/2988 1545/1471/2988
f 1638/1566/2989 1596/1522/2989 1595/1481/2989
f 1596/1522/2990 1581/1523/2990 1486/1424/2990
f 1597/1524/2991 1623/1525/2991 1569/1485/2991
f 1653/1567/2992 1570/1526/2992 1558/1486/2992
f 1639/1568/2993 1582/1508/2993 1600/1540/2993
f 1639/1568/2994 1613/1541/2994 1582/1508/2994
f 1601/1542/2995 1640/1569/2995 1614/1529/2995
f 1626/1570/2996 1583/1497/2996 1614/1529/2996
f 1626/1570/2997 1627/1557/2997 1583/1497/2997
f 1627/1557/2998 1641/1571/2998 1602/1530/2998
f 1641/1571/2999 1615/1543/2999 1602/1530/2999
f 1615/1543/3000 1584/1510/3000 1573/1509/3000
f 1615/1543/3001 1643/1572/3001 1584/1510/3001
f 1643/1572/3002 1644/1573/3002 1584/1510/3002
f 1584/1510/3003 1645/1574/3003 1603/1531/3003
f 1603/1531/3004 1645/1574/3004 1604/1532/3004
f 1659/1575/3005 1586/1512/3005 1628/1544/3005
f 1659/1575/3006 1629/1545/3006 1586/1512/3006
f 1646/1576/3007 1630/1558/3007 1605/1546/3007
f 1646/1576/3008 1631/1559/3008 1630/1558/3008
f 1631/1559/3009 45/1577/3009 44/1534/3009
f 1647/1578/3010 1589/1516/3010 1607/1548/3010
f 1647/1578/3011 1590/1493/3011 1589/1516/3011
f 1617/1549/3012 1618/1550/3012 1608/1503/3012
f 1634/1562/3013 1635/1563/3013 1592/1518/3013
f 1635/1563/3014 1619/1551/3014 1610/1536/3014
f 1620/1552/3015 1648/1564/3015 1580/1506/3015
f 1611/1537/3016 1649/1579/3016 1594/1521/3016
f 1594/1521/3017 1650/1580/3017 1543/1457/3017
f 1650/1580/3018 1636/1553/3018 1543/1457/3018
f 1596/1522/3019 1651/1581/3019 1581/1523/3019
f 1622/1554/3020 1597/1524/3020 1557/1484/3020
f 1652/1582/3021 1623/1525/3021 1597/1524/3021
f 1653/1567/3022 1558/1486/3022 1624/1555/3022
f 1653/1567/3023 1654/1556/3023 1570/1526/3023
f 1654/1556/3024 1655/1583/3024 1500/1441/3024
f 1655/1583/3025 1612/1539/3025 1500/1441/3025
f 1599/1528/3026 1671/1584/3026 1559/1487/3026
f 1671/1584/3027 1600/1540/3027 1559/1487/3027
f 1639/1568/3028 1656/1585/3028 1613/1541/3028
f 1613/1541/3029 1640/1569/3029 1601/1542/3029
f 1641/1571/3030 1642/1586/3030 1615/1543/3030
f 1644/1573/3031 1645/1574/3031 1584/1510/3031
f 1657/1587/3032 1628/1544/3032 1604/1532/3032
f 1658/1588/3033 1659/1575/3033 1628/1544/3033
f 1646/1576/3034 1660/1589/3034 1631/1559/3034
f 1660/1589/3035 1661/1590/3035 1631/1559/3035
f 1662/1591/3036 1590/1493/3036 1647/1578/3036
f 1662/1591/3037 1663/1592/3037 1590/1493/3037
f 1663/1592/3038 1617/1549/3038 1590/1493/3038
f 1609/1535/3039 1664/1593/3039 1633/1561/3039
f 1633/1561/3040 1634/1562/3040 1591/1517/3040
f 1634/1562/3041 1665/1594/3041 1635/1563/3041
f 1635/1563/3042 1667/1595/3042 1619/1551/3042
f 1667/1595/3043 1620/1552/3043 1619/1551/3043
f 1648/1564/3044 1668/1596/3044 1593/1519/3044
f 1593/1519/3045 1649/1579/3045 1611/1537/3045
f 1651/1581/3046 1622/1554/3046 1581/1523/3046
f 1669/1597/3047 1598/1527/3047 1625/1507/3047
f 1670/1598/3048 1599/1528/3048 1598/1527/3048
f 1670/1598/3049 1671/1584/3049 1599/1528/3049
f 1640/1569/3050 1613/1541/3050 1656/1585/3050
f 1697/1599/3051 1614/1529/3051 1640/1569/3051
f 1626/1570/3052 1672/1600/3052 1627/1557/3052
f 1673/1601/3053 1642/1586/3053 1641/1571/3053
f 1642/1586/3054 1643/1572/3054 1615/1543/3054
f 1645/1574/3055 1657/1587/3055 1604/1532/3055
f 1657/1587/3056 1658/1588/3056 1628/1544/3056
f 1674/1602/3057 1629/1545/3057 1659/1575/3057
f 1686/1603/3058 1675/1604/3058 1629/1545/3058
f 1675/1604/3059 1605/1546/3059 1629/1545/3059
f 1661/1590/3060 45/1577/3060 1631/1559/3060
f 46/1605/3061 1632/1560/3061 43/1515/3061
f 1607/1548/3062 1677/1606/3062 1647/1578/3062
f 1678/1607/3063 1663/1592/3063 1662/1591/3063
f 1690/1608/3064 1664/1593/3064 1609/1535/3064
f 1633/1561/3065 1665/1594/3065 1634/1562/3065
f 1665/1594/3066 1666/1609/3066 1635/1563/3066
f 1667/1595/3067 1692/1610/3067 1620/1552/3067
f 1692/1610/3068 1648/1564/3068 1620/1552/3068
f 1668/1596/3069 1649/1579/3069 1593/1519/3069
f 1649/1579/3070 1650/1580/3070 1594/1521/3070
f 1651/1581/3071 1596/1522/3071 1638/1566/3071
f 1651/1581/3072 1679/1611/3072 1622/1554/3072
f 1622/1554/3073 1680/1612/3073 1597/1524/3073
f 1680/1612/3074 1652/1582/3074 1597/1524/3074
f 1681/1613/3075 1624/1555/3075 1623/1525/3075
f 1682/1614/3076 1653/1567/3076 1624/1555/3076
f 1653/1567/3077 1682/1614/3077 1654/1556/3077
f 1612/1539/3078 1669/1597/3078 1625/1507/3078
f 1671/1584/3079 1713/1615/3079 1600/1540/3079
f 1713/1615/3080 1639/1568/3080 1600/1540/3080
f 1672/1600/3081 1641/1571/3081 1627/1557/3081
f 1683/1616/3082 1644/1573/3082 1643/1572/3082
f 1684/1617/3083 1685/1618/3083 1644/1573/3083
f 1685/1618/3084 1645/1574/3084 1644/1573/3084
f 1685/1618/3085 1657/1587/3085 1645/1574/3085
f 1686/1603/3086 1629/1545/3086 1674/1602/3086
f 1675/1604/3087 1646/1576/3087 1605/1546/3087
f 1687/1619/3088 1661/1590/3088 1660/1589/3088
f 1632/1560/3089 1688/1620/3089 1616/1547/3089
f 1688/1620/3090 1607/1548/3090 1616/1547/3090
f 1688/1620/3091 1677/1606/3091 1607/1548/3091
f 1677/1606/3092 1662/1591/3092 1647/1578/3092
f 1677/1606/3093 1678/1607/3093 1662/1591/3093
f 1690/1608/3094 1609/1535/3094 1618/1550/3094
f 1691/1621/3095 1666/1609/3095 1665/1594/3095
f 1666/1609/3096 1667/1595/3096 1635/1563/3096
f 1666/1609/3097 1692/1610/3097 1667/1595/3097
f 1650/1580/3098 1693/1622/3098 1636/1553/3098
f 1636/1553/3099 1694/1623/3099 1621/1538/3099
f 1694/1623/3100 1637/1565/3100 1621/1538/3100
f 1695/1624/3101 1638/1566/3101 1637/1565/3101
f 1695/1624/3102 1651/1581/3102 1638/1566/3102
f 1679/1611/3103 1680/1612/3103 1622/1554/3103
f 1652/1582/3104 1681/1613/3104 1623/1525/3104
f 1655/1583/3105 1669/1597/3105 1612/1539/3105
f 1669/1597/3106 1670/1598/3106 1598/1527/3106
f 1698/1625/3107 1614/1529/3107 1697/1599/3107
f 1698/1625/3108 1626/1570/3108 1614/1529/3108
f 1683/1616/3109 1643/1572/3109 1642/1586/3109
f 1683/1616/3110 1684/1617/3110 1644/1573/3110
f 1684/1617/3111 1700/1626/3111 1685/1618/3111
f 1701/1627/3112 1657/1587/3112 1685/1618/3112
f 1701/1627/3113 1702/1628/3113 1657/1587/3113
f 1702/1628/3114 1658/1588/3114 1657/1587/3114
f 1658/1588/3115 1702/1628/3115 1659/1575/3115
f 1702/1628/3116 1674/1602/3116 1659/1575/3116
f 1675/1604/3117 1676/1629/3117 1646/1576/3117
f 1676/1629/3118 1660/1589/3118 1646/1576/3118
f 1703/1630/3119 45/1577/3119 1661/1590/3119
f 1663/1592/3120 1704/1631/3120 1617/1549/3120
f 1704/1631/3121 1689/1632/3121 1617/1549/3121
f 1689/1632/3122 1618/1550/3122 1617/1549/3122
f 1664/1593/3123 1705/1633/3123 1633/1561/3123
f 1705/1633/3124 1665/1594/3124 1633/1561/3124
f 1691/1621/3125 1706/1634/3125 1666/1609/3125
f 1692/1610/3126 1707/1635/3126 1648/1564/3126
f 1707/1635/3127 1668/1596/3127 1648/1564/3127
f 1708/1636/3128 1649/1579/3128 1668/1596/3128
f 1708/1636/3129 1650/1580/3129 1649/1579/3129
f 1693/1622/3130 1694/1623/3130 1636/1553/3130
f 1696/1637/3131 1679/1611/3131 1651/1581/3131
f 1679/1611/3132 1709/1638/3132 1680/1612/3132
f 1681/1613/3133 1682/1614/3133 1624/1555/3133
f 1655/1583/3134 1711/1639/3134 1669/1597/3134
f 1712/1640/3135 1713/1615/3135 1671/1584/3135
f 1639/1568/3136 1714/1641/3136 1656/1585/3136
f 1697/1599/3137 1640/1569/3137 1656/1585/3137
f 1715/1642/3138 1672/1600/3138 1626/1570/3138
f 1699/1643/3139 1641/1571/3139 1672/1600/3139
f 1699/1643/3140 1673/1601/3140 1641/1571/3140
f 1673/1601/3141 1716/1644/3141 1642/1586/3141
f 1716/1644/3142 1683/1616/3142 1642/1586/3142
f 1717/1645/3143 1684/1617/3143 1683/1616/3143
f 1718/1646/3144 1702/1628/3144 1701/1627/3144
f 1719/1647/3145 1675/1604/3145 1686/1603/3145
f 1719/1647/3146 1676/1629/3146 1675/1604/3146
f 1720/1648/3147 1677/1606/3147 1688/1620/3147
f 1721/1649/3148 1678/1607/3148 1677/1606/3148
f 1678/1607/3149 1704/1631/3149 1663/1592/3149
f 1689/1632/3150 1722/1650/3150 1618/1550/3150
f 1722/1650/3151 1690/1608/3151 1618/1550/3151
f 1723/1651/3152 1664/1593/3152 1690/1608/3152
f 1705/1633/3153 1724/1652/3153 1665/1594/3153
f 1706/1634/3154 1725/1653/3154 1666/1609/3154
f 1725/1653/3155 1692/1610/3155 1666/1609/3155
f 1725/1653/3156 1764/1654/3156 1692/1610/3156
f 1764/1654/3157 1726/1655/3157 1692/1610/3157
f 1707/1635/3158 1708/1636/3158 1668/1596/3158
f 1708/1636/3159 1727/1656/3159 1650/1580/3159
f 1694/1623/3160 1695/1624/3160 1637/1565/3160
f 1695/1624/3161 1748/1657/3161 1651/1581/3161
f 1728/1658/3162 1652/1582/3162 1680/1612/3162
f 1729/1659/3163 1655/1583/3163 1654/1556/3163
f 1710/1660/3164 1711/1639/3164 1655/1583/3164
f 1711/1639/3165 1670/1598/3165 1669/1597/3165
f 1670/1598/3166 1712/1640/3166 1671/1584/3166
f 1714/1641/3167 1697/1599/3167 1656/1585/3167
f 1730/1661/3168 1698/1625/3168 1697/1599/3168
f 1731/1662/3169 1626/1570/3169 1698/1625/3169
f 1700/1626/3170 1701/1627/3170 1685/1618/3170
f 1756/1663/3171 1660/1589/3171 1676/1629/3171
f 1733/1664/3172 1661/1590/3172 1687/1619/3172
f 1733/1664/3173 1703/1630/3173 1661/1590/3173
f 1734/1665/3174 1688/1620/3174 1632/1560/3174
f 1734/1665/3175 1720/1648/3175 1688/1620/3175
f 1720/1648/3176 1721/1649/3176 1677/1606/3176
f 1721/1649/3177 1735/1666/3177 1678/1607/3177
f 1678/1607/3178 1745/1667/3178 1704/1631/3178
f 1722/1650/3179 1723/1651/3179 1690/1608/3179
f 1724/1652/3180 1691/1621/3180 1665/1594/3180
f 1726/1655/3181 1707/1635/3181 1692/1610/3181
f 1727/1656/3182 1693/1622/3182 1650/1580/3182
f 1737/1668/3183 1695/1624/3183 1694/1623/3183
f 1651/1581/3184 1738/1669/3184 1696/1637/3184
f 1728/1658/3185 1681/1613/3185 1652/1582/3185
f 1729/1659/3164 1710/1660/3164 1655/1583/3164
f 1710/1660/3186 1739/1670/3186 1711/1639/3186
f 1740/1671/3187 1670/1598/3187 1711/1639/3187
f 1740/1671/3188 1712/1640/3188 1670/1598/3188
f 1741/1672/3189 1639/1568/3189 1713/1615/3189
f 1639/1568/3190 1741/1672/3190 1714/1641/3190
f 1731/1662/3191 1715/1642/3191 1626/1570/3191
f 1753/1673/3192 1672/1600/3192 1715/1642/3192
f 1753/1673/3193 1699/1643/3193 1672/1600/3193
f 1716/1644/3194 1732/1674/3194 1683/1616/3194
f 1717/1645/3195 1742/1675/3195 1684/1617/3195
f 1742/1675/3196 1700/1626/3196 1684/1617/3196
f 1769/1676/3197 1718/1646/3197 1701/1627/3197
f 1743/1677/3198 1686/1603/3198 1674/1602/3198
f 1756/1663/3199 1687/1619/3199 1660/1589/3199
f 1703/1630/3200 1733/1664/3200 45/1577/3200
f 1734/1665/3201 1632/1560/3201 46/1605/3201
f 1720/1648/3202 1744/1678/3202 1721/1649/3202
f 1746/1679/3203 1723/1651/3203 1722/1650/3203
f 1723/1651/3204 1705/1633/3204 1664/1593/3204
f 1747/1680/3205 1706/1634/3205 1691/1621/3205
f 1726/1655/3206 1708/1636/3206 1707/1635/3206
f 1696/1637/3207 1749/1681/3207 1679/1611/3207
f 1749/1681/3208 1709/1638/3208 1679/1611/3208
f 1750/1682/3209 1682/1614/3209 1681/1613/3209
f 1750/1682/3210 1751/1683/3210 1682/1614/3210
f 1751/1683/3211 1654/1556/3211 1682/1614/3211
f 1739/1670/3212 1740/1671/3212 1711/1639/3212
f 1740/1671/3213 1752/1684/3213 1712/1640/3213
f 1753/1673/3214 1715/1642/3214 1731/1662/3214
f 1754/1685/3215 1673/1601/3215 1699/1643/3215
f 1754/1685/3216 1716/1644/3216 1673/1601/3216
f 1700/1626/3217 1769/1676/3217 1701/1627/3217
f 1784/1686/3218 1674/1602/3218 1702/1628/3218
f 1784/1686/3219 1743/1677/3219 1674/1602/3219
f 1755/1687/3220 1676/1629/3220 1719/1647/3220
f 1755/1687/3221 1756/1663/3221 1676/1629/3221
f 1733/1664/3222 47/1688/3222 45/1577/3222
f 1758/1689/3223 1744/1678/3223 1720/1648/3223
f 1744/1678/3224 1735/1666/3224 1721/1649/3224
f 1745/1667/3225 1759/1690/3225 1704/1631/3225
f 1759/1690/3226 1689/1632/3226 1704/1631/3226
f 1759/1690/3227 1760/1691/3227 1689/1632/3227
f 1760/1691/3228 1746/1679/3228 1722/1650/3228
f 1761/1692/3229 1705/1633/3229 1723/1651/3229
f 1761/1692/3230 1762/1693/3230 1705/1633/3230
f 1762/1693/3231 1724/1652/3231 1705/1633/3231
f 1724/1652/3232 1747/1680/3232 1691/1621/3232
f 1763/1694/3233 1764/1654/3233 1725/1653/3233
f 1736/1695/3234 1693/1622/3234 1727/1656/3234
f 1694/1623/3235 1797/1696/3235 1737/1668/3235
f 1748/1657/3236 1738/1669/3236 1651/1581/3236
f 1765/1697/3237 1680/1612/3237 1709/1638/3237
f 1765/1697/3238 1728/1658/3238 1680/1612/3238
f 1751/1683/3239 1729/1659/3239 1654/1556/3239
f 1767/1698/3240 1710/1660/3240 1729/1659/3240
f 1712/1640/3241 1768/1699/3241 1713/1615/3241
f 1768/1699/3242 1741/1672/3242 1713/1615/3242
f 1732/1674/3243 1717/1645/3243 1683/1616/3243
f 1742/1675/3244 1769/1676/3244 1700/1626/3244
f 1756/1663/3245 1770/1700/3245 1687/1619/3245
f 1770/1700/3246 1757/1701/3246 1687/1619/3246
f 1757/1701/3247 1733/1664/3247 1687/1619/3247
f 1735/1666/3248 1745/1667/3248 1678/1607/3248
f 1760/1691/3249 1722/1650/3249 1689/1632/3249
f 1747/1680/3250 1771/1702/3250 1706/1634/3250
f 1764/1654/3251 1772/1703/3251 1726/1655/3251
f 1772/1703/3252 1708/1636/3252 1726/1655/3252
f 1773/1704/3253 1727/1656/3253 1708/1636/3253
f 1774/1705/3254 1736/1695/3254 1727/1656/3254
f 1736/1695/3255 1694/1623/3255 1693/1622/3255
f 1775/1706/3256 1695/1624/3256 1737/1668/3256
f 1775/1706/3257 1748/1657/3257 1695/1624/3257
f 1738/1669/3258 1776/1707/3258 1696/1637/3258
f 1696/1637/3259 1776/1707/3259 1749/1681/3259
f 1777/1708/3260 1681/1613/3260 1728/1658/3260
f 1778/1709/3261 1740/1671/3261 1739/1670/3261
f 1752/1684/3262 1768/1699/3262 1712/1640/3262
f 1768/1699/3263 1779/1710/3263 1741/1672/3263
f 1815/1711/3264 1697/1599/3264 1714/1641/3264
f 1815/1711/3265 1730/1661/3265 1697/1599/3265
f 1780/1712/3266 1731/1662/3266 1698/1625/3266
f 1781/1713/3267 1732/1674/3267 1716/1644/3267
f 1782/1714/3268 1717/1645/3268 1732/1674/3268
f 1782/1714/3269 1783/1715/3269 1717/1645/3269
f 1783/1715/3270 1742/1675/3270 1717/1645/3270
f 1784/1686/3271 1702/1628/3271 1718/1646/3271
f 1755/1687/3272 1686/1603/3272 1743/1677/3272
f 1755/1687/3273 1719/1647/3273 1686/1603/3273
f 1786/1716/3274 1720/1648/3274 1734/1665/3274
f 1786/1716/3275 1758/1689/3275 1720/1648/3275
f 1758/1689/3276 1787/1717/3276 1744/1678/3276
f 1744/1678/3277 1745/1667/3277 1735/1666/3277
f 1746/1679/3278 1788/1718/3278 1723/1651/3278
f 1762/1693/3279 1747/1680/3279 1724/1652/3279
f 1706/1634/3280 1763/1694/3280 1725/1653/3280
f 1706/1634/3281 1789/1719/3281 1763/1694/3281
f 1774/1705/3282 1727/1656/3282 1773/1704/3282
f 1775/1706/3283 1738/1669/3283 1748/1657/3283
f 1765/1697/3284 1709/1638/3284 1749/1681/3284
f 1765/1697/3285 1800/1720/3285 1728/1658/3285
f 1777/1708/3286 1750/1682/3286 1681/1613/3286
f 1766/1721/3287 1729/1659/3287 1751/1683/3287
f 1767/1698/3288 1739/1670/3288 1710/1660/3288
f 1740/1671/3289 1778/1709/3289 1752/1684/3289
f 1779/1710/3290 1714/1641/3290 1741/1672/3290
f 1730/1661/3291 1780/1712/3291 1698/1625/3291
f 1753/1673/3292 1754/1685/3292 1699/1643/3292
f 1742/1675/3293 1817/1722/3293 1769/1676/3293
f 1817/1722/3294 1791/1723/3294 1769/1676/3294
f 1791/1723/3295 1718/1646/3295 1769/1676/3295
f 1791/1723/3296 1784/1686/3296 1718/1646/3296
f 1805/1724/3297 1792/1725/3297 1743/1677/3297
f 1792/1725/3298 1755/1687/3298 1743/1677/3298
f 1755/1687/3299 1785/1726/3299 1756/1663/3299
f 1787/1717/3300 1745/1667/3300 1744/1678/3300
f 1793/1727/3301 1759/1690/3301 1745/1667/3301
f 1793/1727/3302 1794/1728/3302 1759/1690/3302
f 1795/1729/3303 1746/1679/3303 1760/1691/3303
f 1788/1718/3304 1761/1692/3304 1723/1651/3304
f 1762/1693/3305 1771/1702/3305 1747/1680/3305
f 1771/1702/3306 1789/1719/3306 1706/1634/3306
f 1773/1704/3307 1708/1636/3307 1772/1703/3307
f 1736/1695/3308 1810/1730/3308 1694/1623/3308
f 1810/1730/3309 1797/1696/3309 1694/1623/3309
f 1737/1668/3310 1798/1731/3310 1775/1706/3310
f 1799/1732/3311 1738/1669/3311 1775/1706/3311
f 1799/1732/3312 1776/1707/3312 1738/1669/3312
f 1800/1720/3313 1777/1708/3313 1728/1658/3313
f 1750/1682/3314 1766/1721/3314 1751/1683/3314
f 1801/1733/3315 1768/1699/3315 1752/1684/3315
f 1802/1734/3316 1779/1710/3316 1768/1699/3316
f 1731/1662/3317 1803/1735/3317 1753/1673/3317
f 1803/1735/3318 1754/1685/3318 1753/1673/3318
f 1781/1713/3319 1716/1644/3319 1754/1685/3319
f 1790/1736/3320 1782/1714/3320 1732/1674/3320
f 1782/1714/3321 1804/1737/3321 1783/1715/3321
f 1784/1686/3322 1805/1724/3322 1743/1677/3322
f 1806/1738/3323 1785/1726/3323 1755/1687/3323
f 46/1605/3324 1786/1716/3324 1734/1665/3324
f 1787/1717/3325 1793/1727/3325 1745/1667/3325
f 1794/1728/3326 1807/1739/3326 1759/1690/3326
f 1807/1739/3327 1760/1691/3327 1759/1690/3327
f 1795/1729/3328 1788/1718/3328 1746/1679/3328
f 1796/1740/3329 1771/1702/3329 1762/1693/3329
f 1808/1741/3330 1772/1703/3330 1764/1654/3330
f 1773/1704/3331 1809/1742/3331 1774/1705/3331
f 1797/1696/3332 1798/1731/3332 1737/1668/3332
f 1749/1681/3333 1811/1743/3333 1765/1697/3333
f 1811/1743/3334 1800/1720/3334 1765/1697/3334
f 1812/1744/3335 1750/1682/3335 1777/1708/3335
f 1812/1744/3336 1766/1721/3336 1750/1682/3336
f 1778/1709/3337 1801/1733/3337 1752/1684/3337
f 1801/1733/3338 1802/1734/3338 1768/1699/3338
f 1779/1710/3339 1815/1711/3339 1714/1641/3339
f 1815/1711/3340 1780/1712/3340 1730/1661/3340
f 1780/1712/3341 1816/1745/3341 1731/1662/3341
f 1790/1736/3342 1732/1674/3342 1781/1713/3342
f 1804/1737/3343 1742/1675/3343 1783/1715/3343
f 1791/1723/3344 1828/1746/3344 1784/1686/3344
f 1828/1746/3345 1805/1724/3345 1784/1686/3345
f 1818/1747/3346 1756/1663/3346 1785/1726/3346
f 1818/1747/3347 1770/1700/3347 1756/1663/3347
f 1818/1747/3348 1757/1701/3348 1770/1700/3348
f 1818/1747/3349 1829/1748/3349 1757/1701/3349
f 1829/1748/3350 47/1688/3350 1733/1664/3350
f 1819/1749/3351 1787/1717/3351 1758/1689/3351
f 1787/1717/3352 1820/1750/3352 1793/1727/3352
f 1807/1739/3353 1795/1729/3353 1760/1691/3353
f 1761/1692/3354 1796/1740/3354 1762/1693/3354
f 1763/1694/3355 1808/1741/3355 1764/1654/3355
f 1774/1705/3356 1810/1730/3356 1736/1695/3356
f 1821/1751/3357 1797/1696/3357 1810/1730/3357
f 1821/1751/3358 1798/1731/3358 1797/1696/3358
f 1833/1752/3359 1749/1681/3359 1776/1707/3359
f 1822/1753/3360 1729/1659/3360 1766/1721/3360
f 1822/1753/3361 1823/1754/3361 1729/1659/3361
f 1823/1754/3362 1767/1698/3362 1729/1659/3362
f 1823/1754/3363 1813/1755/3363 1767/1698/3363
f 1813/1755/3364 1824/1756/3364 1767/1698/3364
f 1824/1756/3365 1739/1670/3365 1767/1698/3365
f 1814/1757/3366 1778/1709/3366 1739/1670/3366
f 1802/1734/3367 1815/1711/3367 1779/1710/3367
f 1825/1758/3368 1780/1712/3368 1815/1711/3368
f 1816/1745/3369 1803/1735/3369 1731/1662/3369
f 1826/1759/3370 1781/1713/3370 1754/1685/3370
f 1827/1760/3371 1804/1737/3371 1782/1714/3371
f 1827/1760/3372 1817/1722/3372 1742/1675/3372
f 1817/1722/3373 1828/1746/3373 1791/1723/3373
f 1841/1761/3374 1785/1726/3374 1806/1738/3374
f 1829/1748/3375 1733/1664/3375 1757/1701/3375
f 1786/1716/3376 1842/1762/3376 1758/1689/3376
f 1842/1762/3377 1819/1749/3377 1758/1689/3377
f 1793/1727/3378 1830/1763/3378 1794/1728/3378
f 1845/1764/3379 1761/1692/3379 1788/1718/3379
f 1831/1765/3380 1789/1719/3380 1771/1702/3380
f 1832/1766/3381 1763/1694/3381 1789/1719/3381
f 1832/1766/3382 1808/1741/3382 1763/1694/3382
f 1833/1752/3383 1834/1767/3383 1749/1681/3383
f 1834/1767/3384 1811/1743/3384 1749/1681/3384
f 1811/1743/3385 1777/1708/3385 1800/1720/3385
f 1835/1768/3386 1812/1744/3386 1777/1708/3386
f 1812/1744/3387 1822/1753/3387 1766/1721/3387
f 1823/1754/3388 1824/1756/3388 1813/1755/3388
f 1824/1756/3389 1814/1757/3389 1739/1670/3389
f 1836/1769/3390 1801/1733/3390 1778/1709/3390
f 1801/1733/3391 1837/1770/3391 1802/1734/3391
f 1837/1770/3392 1815/1711/3392 1802/1734/3392
f 1838/1771/3393 1754/1685/3393 1803/1735/3393
f 1790/1736/3394 1839/1772/3394 1782/1714/3394
f 1840/1773/3395 1805/1724/3395 1828/1746/3395
f 1792/1725/3396 1841/1761/3396 1755/1687/3396
f 1841/1761/3397 1806/1738/3397 1755/1687/3397
f 1843/1774/3398 1787/1717/3398 1819/1749/3398
f 1820/1750/3399 1844/1775/3399 1793/1727/3399
f 1844/1775/3400 1830/1763/3400 1793/1727/3400
f 1845/1764/3401 1788/1718/3401 1795/1729/3401
f 1845/1764/3402 1846/1776/3402 1761/1692/3402
f 1846/1776/3403 1796/1740/3403 1761/1692/3403
f 1846/1776/3404 1847/1777/3404 1796/1740/3404
f 1847/1777/3405 1771/1702/3405 1796/1740/3405
f 1848/1778/3406 1772/1703/3406 1808/1741/3406
f 1849/1779/3407 1798/1731/3407 1821/1751/3407
f 1799/1732/3408 1875/1780/3408 1776/1707/3408
f 1850/1781/3409 1778/1709/3409 1814/1757/3409
f 1836/1769/3410 1851/1782/3410 1801/1733/3410
f 1801/1733/3411 1852/1783/3411 1837/1770/3411
f 1837/1770/3412 1853/1784/3412 1815/1711/3412
f 1853/1784/3413 1825/1758/3413 1815/1711/3413
f 1838/1771/3414 1826/1759/3414 1754/1685/3414
f 1782/1714/3415 1854/1785/3415 1827/1760/3415
f 1827/1760/3416 1742/1675/3416 1804/1737/3416
f 1855/1786/3417 1828/1746/3417 1817/1722/3417
f 1856/1787/3418 47/1688/3418 1829/1748/3418
f 1843/1774/3419 1820/1750/3419 1787/1717/3419
f 1830/1763/3420 1858/1788/3420 1794/1728/3420
f 1858/1788/3421 1807/1739/3421 1794/1728/3421
f 1858/1788/3422 1859/1789/3422 1807/1739/3422
f 1807/1739/3423 1860/1790/3423 1795/1729/3423
f 1860/1790/3424 1845/1764/3424 1795/1729/3424
f 1847/1777/3425 1831/1765/3425 1771/1702/3425
f 1831/1765/3426 1832/1766/3426 1789/1719/3426
f 1832/1766/3427 1848/1778/3427 1808/1741/3427
f 1772/1703/3428 1809/1742/3428 1773/1704/3428
f 1809/1742/3429 1810/1730/3429 1774/1705/3429
f 1849/1779/3430 1775/1706/3430 1798/1731/3430
f 1849/1779/3431 1861/1791/3431 1775/1706/3431
f 1861/1791/3432 1799/1732/3432 1775/1706/3432
f 1875/1780/3433 1833/1752/3433 1776/1707/3433
f 1811/1743/3434 1835/1768/3434 1777/1708/3434
f 1862/1792/3435 1812/1744/3435 1835/1768/3435
f 1863/1793/3436 1822/1753/3436 1812/1744/3436
f 1877/1794/3437 1824/1756/3437 1823/1754/3437
f 1850/1781/3438 1836/1769/3438 1778/1709/3438
f 1825/1758/3439 1816/1745/3439 1780/1712/3439
f 1826/1759/3440 1864/1795/3440 1781/1713/3440
f 1864/1795/3441 1790/1736/3441 1781/1713/3441
f 1864/1795/3442 1839/1772/3442 1790/1736/3442
f 1865/1796/3443 1855/1786/3443 1827/1760/3443
f 1855/1786/3444 1817/1722/3444 1827/1760/3444
f 1855/1786/3445 1880/1797/3445 1828/1746/3445
f 1881/1798/3446 1840/1773/3446 1828/1746/3446
f 1818/1747/3447 1866/1799/3447 1829/1748/3447
f 1867/1800/3448 1856/1787/3448 1829/1748/3448
f 1856/1787/3449 48/1801/3449 47/1688/3449
f 49/1802/3450 1786/1716/3450 46/1605/3450
f 1868/1803/3451 1819/1749/3451 1842/1762/3451
f 1843/1774/3452 1857/1804/3452 1820/1750/3452
f 1857/1804/3453 1844/1775/3453 1820/1750/3453
f 1869/1805/3454 1846/1776/3454 1845/1764/3454
f 1870/1806/3455 1832/1766/3455 1831/1765/3455
f 1871/1807/3456 1872/1808/3456 1832/1766/3456
f 1872/1808/3457 1848/1778/3457 1832/1766/3457
f 1809/1742/3458 1873/1809/3458 1810/1730/3458
f 1874/1810/3459 1821/1751/3459 1810/1730/3459
f 1884/1811/3460 1849/1779/3460 1821/1751/3460
f 1861/1791/3461 1875/1780/3461 1799/1732/3461
f 1862/1792/3462 1863/1793/3462 1812/1744/3462
f 1863/1793/3463 1876/1812/3463 1822/1753/3463
f 1822/1753/3464 1877/1794/3464 1823/1754/3464
f 1879/1813/3465 1852/1783/3465 1801/1733/3465
f 1852/1783/3466 1853/1784/3466 1837/1770/3466
f 1816/1745/3467 1838/1771/3467 1803/1735/3467
f 1840/1773/3468 1882/1814/3468 1805/1724/3468
f 1805/1724/3469 1883/1815/3469 1792/1725/3469
f 1883/1815/3470 1841/1761/3470 1792/1725/3470
f 1866/1799/3471 1916/1816/3471 1829/1748/3471
f 1916/1816/3472 1867/1800/3472 1829/1748/3472
f 49/1802/3473 1842/1762/3473 1786/1716/3473
f 49/1802/3474 1868/1803/3474 1842/1762/3474
f 1868/1803/3475 1843/1774/3475 1819/1749/3475
f 1859/1789/3476 1860/1790/3476 1807/1739/3476
f 1870/1806/3477 1871/1807/3477 1832/1766/3477
f 1848/1778/3478 1895/1817/3478 1772/1703/3478
f 1873/1809/3479 1874/1810/3479 1810/1730/3479
f 1874/1810/3480 1884/1811/3480 1821/1751/3480
f 1811/1743/3481 1911/1818/3481 1835/1768/3481
f 1877/1794/3482 1886/1819/3482 1824/1756/3482
f 1824/1756/3483 1878/1820/3483 1814/1757/3483
f 1851/1782/3484 1879/1813/3484 1801/1733/3484
f 1853/1784/3485 1887/1821/3485 1825/1758/3485
f 1887/1821/3486 1816/1745/3486 1825/1758/3486
f 1887/1821/3487 1838/1771/3487 1816/1745/3487
f 1887/1821/3488 1888/1822/3488 1838/1771/3488
f 1902/1823/3489 1839/1772/3489 1864/1795/3489
f 1839/1772/3490 1854/1785/3490 1782/1714/3490
f 1854/1785/3491 1889/1824/3491 1827/1760/3491
f 1889/1824/3492 1865/1796/3492 1827/1760/3492
f 1881/1798/3493 1828/1746/3493 1880/1797/3493
f 1882/1814/3494 1883/1815/3494 1805/1724/3494
f 1890/1825/3495 1785/1726/3495 1841/1761/3495
f 1785/1726/3496 1890/1825/3496 1818/1747/3496
f 1890/1825/3497 1866/1799/3497 1818/1747/3497
f 1891/1826/3498 1857/1804/3498 1843/1774/3498
f 1857/1804/3499 1830/1763/3499 1844/1775/3499
f 1857/1804/3500 1858/1788/3500 1830/1763/3500
f 1892/1827/3501 1860/1790/3501 1859/1789/3501
f 1860/1790/3502 1893/1828/3502 1845/1764/3502
f 1893/1828/3503 1869/1805/3503 1845/1764/3503
f 1894/1829/3504 1847/1777/3504 1846/1776/3504
f 1847/1777/3505 1870/1806/3505 1831/1765/3505
f 1895/1817/3506 1896/1830/3506 1772/1703/3506
f 1896/1830/3507 1809/1742/3507 1772/1703/3507
f 1897/1831/3508 1873/1809/3508 1809/1742/3508
f 1834/1767/3509 1911/1818/3509 1811/1743/3509
f 1876/1812/3510 1885/1832/3510 1822/1753/3510
f 1885/1832/3511 1877/1794/3511 1822/1753/3511
f 1886/1819/3512 1878/1820/3512 1824/1756/3512
f 1878/1820/3513 1850/1781/3513 1814/1757/3513
f 1878/1820/3514 1899/1833/3514 1850/1781/3514
f 1888/1822/3515 1900/1834/3515 1838/1771/3515
f 1900/1834/3516 1826/1759/3516 1838/1771/3516
f 1900/1834/3517 1901/1835/3517 1826/1759/3517
f 1901/1835/3518 1864/1795/3518 1826/1759/3518
f 1865/1796/3519 1880/1797/3519 1855/1786/3519
f 1881/1798/3520 1882/1814/3520 1840/1773/3520
f 1883/1815/3521 1903/1836/3521 1841/1761/3521
f 1903/1836/3522 1904/1837/3522 1841/1761/3522
f 1905/1838/3523 1858/1788/3523 1857/1804/3523
f 1906/1839/3524 1859/1789/3524 1858/1788/3524
f 1906/1839/3525 1892/1827/3525 1859/1789/3525
f 1907/1840/3526 1860/1790/3526 1892/1827/3526
f 1907/1840/3527 1893/1828/3527 1860/1790/3527
f 1908/1841/3528 1846/1776/3528 1869/1805/3528
f 1909/1842/3529 1870/1806/3529 1847/1777/3529
f 1871/1807/3530 1910/1843/3530 1872/1808/3530
f 1872/1808/3531 1895/1817/3531 1848/1778/3531
f 1896/1830/3532 1897/1831/3532 1809/1742/3532
f 1884/1811/3533 1861/1791/3533 1849/1779/3533
f 1912/1844/3534 1862/1792/3534 1835/1768/3534
f 1912/1844/3535 1863/1793/3535 1862/1792/3535
f 1863/1793/3536 1898/1845/3536 1876/1812/3536
f 1899/1833/3537 1836/1769/3537 1850/1781/3537
f 1836/1769/3538 1913/1846/3538 1851/1782/3538
f 1913/1846/3539 1879/1813/3539 1851/1782/3539
f 1879/1813/3540 1853/1784/3540 1852/1783/3540
f 1853/1784/3541 1914/1847/3541 1887/1821/3541
f 1901/1835/3542 1902/1823/3542 1864/1795/3542
f 1839/1772/3543 1915/1848/3543 1854/1785/3543
f 1904/1837/3544 1890/1825/3544 1841/1761/3544
f 1917/1849/3545 1867/1800/3545 1916/1816/3545
f 1867/1800/3546 48/1801/3546 1856/1787/3546
f 1918/1850/3547 1868/1803/3547 49/1802/3547
f 1919/1851/3548 1857/1804/3548 1891/1826/3548
f 1919/1851/3549 1905/1838/3549 1857/1804/3549
f 1905/1838/3550 1906/1839/3550 1858/1788/3550
f 1872/1808/3551 1920/1852/3551 1895/1817/3551
f 1897/1831/3552 1874/1810/3552 1873/1809/3552
f 1921/1853/3553 1884/1811/3553 1874/1810/3553
f 1932/1854/3554 1922/1855/3554 1861/1791/3554
f 1922/1855/3555 1875/1780/3555 1861/1791/3555
f 1923/1856/3556 1875/1780/3556 1922/1855/3556
f 1923/1856/3557 1833/1752/3557 1875/1780/3557
f 1923/1856/3558 1834/1767/3558 1833/1752/3558
f 1911/1818/3559 1912/1844/3559 1835/1768/3559
f 1899/1833/3560 1924/1857/3560 1836/1769/3560
f 1913/1846/3561 1925/1858/3561 1879/1813/3561
f 1925/1858/3562 1853/1784/3562 1879/1813/3562
f 1926/1859/3563 1888/1822/3563 1887/1821/3563
f 1927/1860/3564 1903/1836/3564 1883/1815/3564
f 1867/1800/3565 1928/1861/3565 48/1801/3565
f 1928/1861/3566 50/1862/3566 48/1801/3566
f 1868/1803/3567 1891/1826/3567 1843/1774/3567
f 1892/1827/3568 1929/1863/3568 1907/1840/3568
f 1945/1864/3569 1869/1805/3569 1893/1828/3569
f 1908/1841/3570 1894/1829/3570 1846/1776/3570
f 1894/1829/3571 1909/1842/3571 1847/1777/3571
f 1909/1842/3572 1871/1807/3572 1870/1806/3572
f 1910/1843/3573 1920/1852/3573 1872/1808/3573
f 1930/1865/3574 1897/1831/3574 1896/1830/3574
f 1931/1866/3575 1874/1810/3575 1897/1831/3575
f 1884/1811/3576 1932/1854/3576 1861/1791/3576
f 1923/1856/3577 1933/1867/3577 1834/1767/3577
f 1933/1867/3578 1911/1818/3578 1834/1767/3578
f 1934/1868/3579 1863/1793/3579 1912/1844/3579
f 1934/1868/3580 1898/1845/3580 1863/1793/3580
f 1935/1869/3581 1876/1812/3581 1898/1845/3581
f 1935/1869/3582 1885/1832/3582 1876/1812/3582
f 1936/1870/3583 1886/1819/3583 1877/1794/3583
f 1937/1871/3584 1924/1857/3584 1899/1833/3584
f 1924/1857/3585 1913/1846/3585 1836/1769/3585
f 1925/1858/3586 1914/1847/3586 1853/1784/3586
f 1914/1847/3587 1938/1872/3587 1887/1821/3587
f 1901/1835/3588 1966/1873/3588 1902/1823/3588
f 1951/1874/3589 1839/1772/3589 1902/1823/3589
f 1951/1874/3590 1939/1875/3590 1839/1772/3590
f 1939/1875/3591 1915/1848/3591 1839/1772/3591
f 1915/1848/3592 1889/1824/3592 1854/1785/3592
f 1940/1876/3593 1882/1814/3593 1881/1798/3593
f 1904/1837/3594 1941/1877/3594 1890/1825/3594
f 1941/1877/3595 1866/1799/3595 1890/1825/3595
f 1917/1849/3596 1928/1861/3596 1867/1800/3596
f 1868/1803/3597 1942/1878/3597 1891/1826/3597
f 1919/1851/3598 1943/1879/3598 1905/1838/3598
f 1943/1879/3599 1944/1880/3599 1905/1838/3599
f 1944/1880/3600 1906/1839/3600 1905/1838/3600
f 1907/1840/3601 1945/1864/3601 1893/1828/3601
f 1945/1864/3602 1908/1841/3602 1869/1805/3602
f 1910/1843/3603 1871/1807/3603 1909/1842/3603
f 1911/1818/3604 1946/1881/3604 1912/1844/3604
f 1947/1882/3605 1877/1794/3605 1885/1832/3605
f 1947/1882/3606 1936/1870/3606 1877/1794/3606
f 1938/1872/3607 1926/1859/3607 1887/1821/3607
f 1950/1883/3608 1900/1834/3608 1888/1822/3608
f 1952/1884/3609 1865/1796/3609 1889/1824/3609
f 1952/1884/3610 1880/1797/3610 1865/1796/3610
f 1952/1884/3611 1953/1885/3611 1880/1797/3611
f 1953/1885/3612 1881/1798/3612 1880/1797/3612
f 1953/1885/3613 1940/1876/3613 1881/1798/3613
f 1882/1814/3614 1927/1860/3614 1883/1815/3614
f 1954/1886/3615 1904/1837/3615 1903/1836/3615
f 1916/1816/3616 1955/1887/3616 1917/1849/3616
f 49/1802/3617 1956/1888/3617 1918/1850/3617
f 1942/1878/3618 1919/1851/3618 1891/1826/3618
f 1944/1880/3619 1957/1889/3619 1906/1839/3619
f 1958/1890/3620 1892/1827/3620 1906/1839/3620
f 1958/1890/3621 1929/1863/3621 1892/1827/3621
f 1959/1891/3622 1909/1842/3622 1894/1829/3622
f 1960/1892/3623 1920/1852/3623 1910/1843/3623
f 1920/1852/3624 1896/1830/3624 1895/1817/3624
f 1930/1865/3625 1931/1866/3625 1897/1831/3625
f 1931/1866/3626 1961/1893/3626 1874/1810/3626
f 1962/1894/3627 1922/1855/3627 1932/1854/3627
f 1963/1895/3628 1923/1856/3628 1922/1855/3628
f 1923/1856/3629 1964/1896/3629 1933/1867/3629
f 1933/1867/3630 1946/1881/3630 1911/1818/3630
f 1946/1881/3631 1934/1868/3631 1912/1844/3631
f 1935/1869/3632 1947/1882/3632 1885/1832/3632
f 1937/1871/3633 1878/1820/3633 1886/1819/3633
f 1965/1897/3634 1924/1857/3634 1937/1871/3634
f 1965/1897/3635 1913/1846/3635 1924/1857/3635
f 1948/1898/3636 1925/1858/3636 1913/1846/3636
f 1949/1899/3637 1938/1872/3637 1914/1847/3637
f 1926/1859/3638 1950/1883/3638 1888/1822/3638
f 1900/1834/3639 1966/1873/3639 1901/1835/3639
f 1967/1900/3640 1941/1877/3640 1904/1837/3640
f 1941/1877/3641 1968/1901/3641 1866/1799/3641
f 1968/1901/3642 1916/1816/3642 1866/1799/3642
f 1917/1849/3643 1969/1902/3643 1928/1861/3643
f 1969/1902/3644 50/1862/3644 1928/1861/3644
f 51/1903/3645 1956/1888/3645 49/1802/3645
f 1918/1850/3646 1942/1878/3646 1868/1803/3646
f 1942/1878/3647 1970/1904/3647 1919/1851/3647
f 1970/1904/3648 1971/1905/3648 1919/1851/3648
f 1971/1905/3649 1943/1879/3649 1919/1851/3649
f 1971/1905/3650 1944/1880/3650 1943/1879/3650
f 1972/1906/3651 1957/1889/3651 1944/1880/3651
f 1957/1889/3652 1958/1890/3652 1906/1839/3652
f 1958/1890/3653 1973/1907/3653 1929/1863/3653
f 1907/1840/3654 1929/1863/3654 1945/1864/3654
f 1908/1841/3655 1974/1908/3655 1894/1829/3655
f 1974/1908/3656 1959/1891/3656 1894/1829/3656
f 1909/1842/3657 1960/1892/3657 1910/1843/3657
f 1960/1892/3658 1975/1909/3658 1920/1852/3658
f 1920/1852/3659 1930/1865/3659 1896/1830/3659
f 1961/1893/3660 1921/1853/3660 1874/1810/3660
f 1921/1853/3661 1976/1910/3661 1884/1811/3661
f 1976/1910/3662 1932/1854/3662 1884/1811/3662
f 1936/1870/3663 1937/1871/3663 1886/1819/3663
f 1937/1871/3664 1899/1833/3664 1878/1820/3664
f 1913/1846/3665 1977/1911/3665 1948/1898/3665
f 1978/1912/3666 1925/1858/3666 1948/1898/3666
f 1978/1912/3667 1914/1847/3667 1925/1858/3667
f 1978/1912/3668 1949/1899/3668 1914/1847/3668
f 1979/1913/3669 1966/1873/3669 1900/1834/3669
f 1966/1873/3670 1951/1874/3670 1902/1823/3670
f 1951/1874/3671 1980/1914/3671 1939/1875/3671
f 1980/1914/3672 1915/1848/3672 1939/1875/3672
f 1980/1914/3673 1889/1824/3673 1915/1848/3673
f 1980/1914/3674 1952/1884/3674 1889/1824/3674
f 1968/1901/3675 1955/1887/3675 1916/1816/3675
f 1955/1887/3676 1969/1902/3676 1917/1849/3676
f 1956/1888/3677 1942/1878/3677 1918/1850/3677
f 1945/1864/3678 1974/1908/3678 1908/1841/3678
f 1982/1915/3679 1931/1866/3679 1930/1865/3679
f 1983/1916/3680 1934/1868/3680 1946/1881/3680
f 1898/1845/3681 1985/1917/3681 1935/1869/3681
f 1986/1918/3682 1978/1912/3682 1948/1898/3682
f 1987/1919/3683 1938/1872/3683 1949/1899/3683
f 1938/1872/3684 1988/1920/3684 1926/1859/3684
f 1950/1883/3685 1979/1913/3685 1900/1834/3685
f 1989/1921/3686 1952/1884/3686 1980/1914/3686
f 1997/1922/3687 1953/1885/3687 1952/1884/3687
f 1940/1876/3688 1927/1860/3688 1882/1814/3688
f 1927/1860/3689 1954/1886/3689 1903/1836/3689
f 1967/1900/3690 1904/1837/3690 1954/1886/3690
f 1990/1923/3691 1941/1877/3691 1967/1900/3691
f 1990/1923/3692 1968/1901/3692 1941/1877/3692
f 1969/1902/3693 52/1924/3693 50/1862/3693
f 1981/1925/3694 1942/1878/3694 1956/1888/3694
f 1981/1925/3695 1970/1904/3695 1942/1878/3695
f 1971/1905/3696 1972/1906/3696 1944/1880/3696
f 1972/1906/3697 1991/1926/3697 1957/1889/3697
f 1991/1926/3698 1958/1890/3698 1957/1889/3698
f 1959/1891/3699 1992/1927/3699 1909/1842/3699
f 1992/1927/3700 1960/1892/3700 1909/1842/3700
f 1993/1928/3701 1930/1865/3701 1920/1852/3701
f 2002/1929/3702 1982/1915/3702 1930/1865/3702
f 1982/1915/3703 1961/1893/3703 1931/1866/3703
f 1961/1893/3704 1976/1910/3704 1921/1853/3704
f 1976/1910/3705 1962/1894/3705 1932/1854/3705
f 1962/1894/3706 1963/1895/3706 1922/1855/3706
f 1994/1930/3707 1964/1896/3707 1923/1856/3707
f 1964/1896/3708 2030/1931/3708 1933/1867/3708
f 2030/1931/3709 1995/1932/3709 1933/1867/3709
f 1933/1867/3710 1995/1932/3710 1946/1881/3710
f 1934/1868/3711 1984/1933/3711 1898/1845/3711
f 1984/1933/3712 1985/1917/3712 1898/1845/3712
f 1965/1897/3713 1977/1911/3713 1913/1846/3713
f 1977/1911/3714 1986/1918/3714 1948/1898/3714
f 1978/1912/3715 1987/1919/3715 1949/1899/3715
f 2006/1934/3716 1951/1874/3716 1966/1873/3716
f 2007/1935/3717 1980/1914/3717 1951/1874/3717
f 1953/1885/3718 1998/1936/3718 1940/1876/3718
f 2020/1937/3719 1955/1887/3719 1968/1901/3719
f 1999/1938/3720 1972/1906/3720 1971/1905/3720
f 1991/1926/3721 2000/1939/3721 1958/1890/3721
f 2000/1939/3722 1973/1907/3722 1958/1890/3722
f 1960/1892/3723 2001/1940/3723 1975/1909/3723
f 1995/1932/3724 1983/1916/3724 1946/1881/3724
f 1983/1916/3725 1984/1933/3725 1934/1868/3725
f 2003/1941/3726 1985/1917/3726 1984/1933/3726
f 1937/1871/3727 2014/1942/3727 1965/1897/3727
f 1986/1918/3728 2015/1943/3728 1978/1912/3728
f 2015/1943/3729 2005/1944/3729 1978/1912/3729
f 2005/1944/3730 1987/1919/3730 1978/1912/3730
f 1987/1919/3731 1988/1920/3731 1938/1872/3731
f 2016/1945/3732 1950/1883/3732 1926/1859/3732
f 1979/1913/3733 2006/1934/3733 1966/1873/3733
f 2006/1934/3734 2007/1935/3734 1951/1874/3734
f 2007/1935/3735 1996/1946/3735 1980/1914/3735
f 2017/1947/3736 1989/1921/3736 1980/1914/3736
f 1989/1921/3737 1997/1922/3737 1952/1884/3737
f 1997/1922/3738 1998/1936/3738 1953/1885/3738
f 1998/1936/3739 1927/1860/3739 1940/1876/3739
f 2019/1948/3740 1967/1900/3740 1954/1886/3740
f 2019/1948/3741 1990/1923/3741 1967/1900/3741
f 2008/1949/3742 1968/1901/3742 1990/1923/3742
f 51/1903/3743 2009/1950/3743 1956/1888/3743
f 2009/1950/3744 1981/1925/3744 1956/1888/3744
f 1970/1904/3745 1999/1938/3745 1971/1905/3745
f 1929/1863/3746 2010/1951/3746 1945/1864/3746
f 2011/1952/3747 1974/1908/3747 1945/1864/3747
f 2012/1953/3748 1959/1891/3748 1974/1908/3748
f 1975/1909/3749 1993/1928/3749 1920/1852/3749
f 1993/1928/3750 2002/1929/3750 1930/1865/3750
f 1976/1910/3751 2028/1954/3751 1962/1894/3751
f 1994/1930/3752 1923/1856/3752 1963/1895/3752
f 1977/1911/3753 2004/1955/3753 1986/1918/3753
f 2016/1945/3754 1979/1913/3754 1950/1883/3754
f 2017/1947/3755 1980/1914/3755 1996/1946/3755
f 1927/1860/3756 2018/1956/3756 1954/1886/3756
f 2019/1948/3757 2008/1949/3757 1990/1923/3757
f 2008/1949/3758 2020/1937/3758 1968/1901/3758
f 2021/1957/3759 1969/1902/3759 1955/1887/3759
f 2022/1958/3760 52/1924/3760 1969/1902/3760
f 1999/1938/3761 2023/1959/3761 1972/1906/3761
f 2023/1959/3762 1991/1926/3762 1972/1906/3762
f 2024/1960/3763 2010/1951/3763 1929/1863/3763
f 2010/1951/3764 2011/1952/3764 1945/1864/3764
f 2012/1953/3765 2025/1961/3765 1959/1891/3765
f 1982/1915/3766 2026/1962/3766 1961/1893/3766
f 2027/1963/3767 1976/1910/3767 1961/1893/3767
f 1962/1894/3768 1994/1930/3768 1963/1895/3768
f 2029/1964/3769 1964/1896/3769 1994/1930/3769
f 2029/1964/3770 2030/1931/3770 1964/1896/3770
f 2013/1965/3771 2014/1942/3771 1937/1871/3771
f 2014/1942/3772 2031/1966/3772 1965/1897/3772
f 2031/1966/3773 1977/1911/3773 1965/1897/3773
f 2004/1955/3774 2015/1943/3774 1986/1918/3774
f 1988/1920/3775 2016/1945/3775 1926/1859/3775
f 2032/1967/3776 2006/1934/3776 1979/1913/3776
f 2017/1947/3777 2033/1968/3777 1989/1921/3777
f 2033/1968/3778 1997/1922/3778 1989/1921/3778
f 2033/1968/3779 2034/1969/3779 1997/1922/3779
f 2034/1969/3780 1998/1936/3780 1997/1922/3780
f 2035/1970/3781 1927/1860/3781 1998/1936/3781
f 2018/1956/3782 2036/1971/3782 1954/1886/3782
f 2036/1971/3783 2019/1948/3783 1954/1886/3783
f 2020/1937/3784 2021/1957/3784 1955/1887/3784
f 2021/1957/3785 2022/1958/3785 1969/1902/3785
f 51/1903/3786 2037/1972/3786 2009/1950/3786
f 2037/1972/3787 1981/1925/3787 2009/1950/3787
f 1981/1925/3788 2038/1973/3788 1970/1904/3788
f 2038/1973/3789 1999/1938/3789 1970/1904/3789
f 2023/1959/3790 2039/1974/3790 1991/1926/3790
f 2039/1974/3791 2000/1939/3791 1991/1926/3791
f 2000/1939/3792 2040/1975/3792 1973/1907/3792
f 1973/1907/3793 2040/1975/3793 1929/1863/3793
f 2040/1975/3794 2024/1960/3794 1929/1863/3794
f 2011/1952/3795 2012/1953/3795 1974/1908/3795
f 2025/1961/3796 1992/1927/3796 1959/1891/3796
f 1992/1927/3797 2041/1976/3797 1960/1892/3797
f 2041/1976/3798 2001/1940/3798 1960/1892/3798
f 2042/1977/3799 1975/1909/3799 2001/1940/3799
f 2042/1977/3800 1993/1928/3800 1975/1909/3800
f 2026/1962/3801 2027/1963/3801 1961/1893/3801
f 2043/1978/3802 2028/1954/3802 1976/1910/3802
f 2044/1979/3803 1994/1930/3803 1962/1894/3803
f 2044/1979/3804 2029/1964/3804 1994/1930/3804
f 1985/1917/3805 2045/1980/3805 1935/1869/3805
f 2045/1980/3806 1947/1882/3806 1935/1869/3806
f 2046/1981/3807 1937/1871/3807 1936/1870/3807
f 2046/1981/3808 2013/1965/3808 1937/1871/3808
f 2031/1966/3809 2004/1955/3809 1977/1911/3809
f 2047/1982/3810 1987/1919/3810 2005/1944/3810
f 2047/1982/3811 1988/1920/3811 1987/1919/3811
f 1996/1946/3812 2078/1983/3812 2017/1947/3812
f 2048/1984/3813 2033/1968/3813 2017/1947/3813
f 2035/1970/3814 2018/1956/3814 1927/1860/3814
f 2049/1985/3815 1992/1927/3815 2025/1961/3815
f 2049/1985/3816 2041/1976/3816 1992/1927/3816
f 2027/1963/3817 2043/1978/3817 1976/1910/3817
f 2029/1964/3818 2050/1986/3818 2030/1931/3818
f 2068/1987/3819 1983/1916/3819 1995/1932/3819
f 2051/1988/3820 2003/1941/3820 1984/1933/3820
f 2051/1988/3821 1985/1917/3821 2003/1941/3821
f 2052/1989/3822 1936/1870/3822 1947/1882/3822
f 2053/1990/3823 1988/1920/3823 2047/1982/3823
f 1988/1920/3824 2054/1991/3824 2016/1945/3824
f 2016/1945/3825 2055/1992/3825 1979/1913/3825
f 2056/1993/3826 2006/1934/3826 2032/1967/3826
f 2057/1994/3827 2019/1948/3827 2036/1971/3827
f 2057/1994/3828 2008/1949/3828 2019/1948/3828
f 2057/1994/3829 2058/1995/3829 2008/1949/3829
f 2008/1949/3830 2058/1995/3830 2020/1937/3830
f 2022/1958/3831 53/1996/3831 52/1924/3831
f 2059/1997/3832 1981/1925/3832 2037/1972/3832
f 2038/1973/3833 2023/1959/3833 1999/1938/3833
f 2038/1973/3834 2060/1998/3834 2023/1959/3834
f 2061/1999/3835 2039/1974/3835 2023/1959/3835
f 2039/1974/3836 2062/2000/3836 2000/1939/3836
f 2062/2000/3837 2040/1975/3837 2000/1939/3837
f 2063/2001/3838 2001/1940/3838 2041/1976/3838
f 2064/2002/3839 1993/1928/3839 2042/1977/3839
f 1993/1928/3840 2065/2003/3840 2002/1929/3840
f 2065/2003/3841 2066/2004/3841 2002/1929/3841
f 2066/2004/3842 1982/1915/3842 2002/1929/3842
f 2067/2005/3843 1962/1894/3843 2028/1954/3843
f 2067/2005/3844 2044/1979/3844 1962/1894/3844
f 2068/1987/3845 1995/1932/3845 2030/1931/3845
f 2085/2006/3846 1983/1916/3846 2068/1987/3846
f 1983/1916/3847 2051/1988/3847 1984/1933/3847
f 2045/1980/3848 2052/1989/3848 1947/1882/3848
f 2052/1989/3849 2046/1981/3849 1936/1870/3849
f 2013/1965/3850 2031/1966/3850 2014/1942/3850
f 2053/1990/3851 2054/1991/3851 1988/1920/3851
f 2054/1991/3852 2055/1992/3852 2016/1945/3852
f 2055/1992/3853 2032/1967/3853 1979/1913/3853
f 2006/1934/3854 1996/1946/3854 2007/1935/3854
f 2078/1983/3855 2048/1984/3855 2017/1947/3855
f 2095/2007/3856 2034/1969/3856 2033/1968/3856
f 2069/2008/3857 1998/1936/3857 2034/1969/3857
f 2069/2008/3858 2035/1970/3858 1998/1936/3858
f 2035/1970/3859 2070/2009/3859 2018/1956/3859
f 2070/2009/3860 2036/1971/3860 2018/1956/3860
f 2058/1995/3861 2071/2010/3861 2020/1937/3861
f 2071/2010/3862 2021/1957/3862 2020/1937/3862
f 2072/2011/3863 2022/1958/3863 2021/1957/3863
f 2072/2011/3864 53/1996/3864 2022/1958/3864
f 2059/1997/3865 2038/1973/3865 1981/1925/3865
f 2060/1998/3866 2061/1999/3866 2023/1959/3866
f 2073/2012/3867 2024/1960/3867 2040/1975/3867
f 2074/2013/3868 2025/1961/3868 2012/1953/3868
f 2074/2013/3869 2049/1985/3869 2025/1961/3869
f 2063/2001/3870 2042/1977/3870 2001/1940/3870
f 2085/2006/3871 2051/1988/3871 1983/1916/3871
f 2051/1988/3872 2045/1980/3872 1985/1917/3872
f 2076/2014/3873 2015/1943/3873 2004/1955/3873
f 2077/2015/3874 2005/1944/3874 2015/1943/3874
f 2077/2015/3875 2047/1982/3875 2005/1944/3875
f 2055/1992/3876 2056/1993/3876 2032/1967/3876
f 2070/2009/3877 2096/2016/3877 2036/1971/3877
f 2096/2016/3878 2057/1994/3878 2036/1971/3878
f 2079/2017/3879 2072/2011/3879 2021/1957/3879
f 54/2018/3880 2037/1972/3880 51/1903/3880
f 54/2018/3881 2059/1997/3881 2037/1972/3881
f 2080/2019/3882 2060/1998/3882 2038/1973/3882
f 2061/1999/3883 2081/2020/3883 2039/1974/3883
f 2073/2012/3884 2010/1951/3884 2024/1960/3884
f 2082/2021/3885 2011/1952/3885 2010/1951/3885
f 2082/2021/3886 2104/2022/3886 2011/1952/3886
f 2104/2022/3887 2012/1953/3887 2011/1952/3887
f 2104/2022/3888 2074/2013/3888 2012/1953/3888
f 2049/1985/3889 2083/2023/3889 2041/1976/3889
f 2064/2002/3890 2065/2003/3890 1993/1928/3890
f 2066/2004/3891 2026/1962/3891 1982/1915/3891
f 2027/1963/3892 2075/2024/3892 2043/1978/3892
f 2075/2024/3893 2028/1954/3893 2043/1978/3893
f 2109/2025/3894 2050/1986/3894 2029/1964/3894
f 2084/2026/3895 2068/1987/3895 2030/1931/3895
f 2085/2006/3896 2086/2027/3896 2051/1988/3896
f 2112/2028/3897 2004/1955/3897 2031/1966/3897
f 2076/2014/3898 2077/2015/3898 2015/1943/3898
f 2055/1992/3899 2006/1934/3899 2056/1993/3899
f 2087/2029/3900 2078/1983/3900 1996/1946/3900
f 2088/2030/3901 2069/2008/3901 2034/1969/3901
f 2071/2010/3902 2079/2017/3902 2021/1957/3902
f 2081/2020/3903 2062/2000/3903 2039/1974/3903
f 2089/2031/3904 2040/1975/3904 2062/2000/3904
f 2091/2032/3905 2065/2003/3905 2064/2002/3905
f 2092/2033/3906 2027/1963/3906 2026/1962/3906
f 2050/1986/3907 2084/2026/3907 2030/1931/3907
f 2084/2026/3908 2085/2006/3908 2068/1987/3908
f 2093/2034/3909 2086/2027/3909 2085/2006/3909
f 2045/1980/3910 2111/2035/3910 2052/1989/3910
f 2094/2036/3911 2013/1965/3911 2046/1981/3911
f 2076/2014/3912 2004/1955/3912 2112/2028/3912
f 2077/2015/3913 2053/1990/3913 2047/1982/3913
f 2095/2007/3914 2033/1968/3914 2048/1984/3914
f 2095/2007/3915 2088/2030/3915 2034/1969/3915
f 2097/2037/3916 2057/1994/3916 2096/2016/3916
f 2098/2038/3917 2058/1995/3917 2057/1994/3917
f 2098/2038/3918 2099/2039/3918 2058/1995/3918
f 2099/2039/3919 2071/2010/3919 2058/1995/3919
f 2101/2040/3920 2079/2017/3920 2071/2010/3920
f 2101/2040/3921 2072/2011/3921 2079/2017/3921
f 2080/2019/3922 2061/1999/3922 2060/1998/3922
f 2102/2041/3923 2081/2020/3923 2061/1999/3923
f 2081/2020/3924 2103/2042/3924 2062/2000/3924
f 2103/2042/3925 2089/2031/3925 2062/2000/3925
f 2073/2012/3926 2082/2021/3926 2010/1951/3926
f 2105/2043/3927 2049/1985/3927 2074/2013/3927
f 2083/2023/3928 2106/2044/3928 2041/1976/3928
f 2106/2044/3929 2063/2001/3929 2041/1976/3929
f 2106/2044/3930 2042/1977/3930 2063/2001/3930
f 2106/2044/3931 2090/2045/3931 2042/1977/3931
f 2090/2045/3932 2064/2002/3932 2042/1977/3932
f 2090/2045/3933 2091/2032/3933 2064/2002/3933
f 2066/2004/3934 2092/2033/3934 2026/1962/3934
f 2092/2033/3935 2075/2024/3935 2027/1963/3935
f 2108/2046/3936 2044/1979/3936 2067/2005/3936
f 2110/2047/3937 2045/1980/3937 2051/1988/3937
f 2111/2035/3938 2045/1980/3938 2110/2047/3938
f 2111/2035/3939 2046/1981/3939 2052/1989/3939
f 2112/2028/3940 2031/1966/3940 2013/1965/3940
f 2113/2048/3941 2053/1990/3941 2077/2015/3941
f 2054/1991/3942 2114/2049/3942 2055/1992/3942
f 2055/1992/3943 2115/2050/3943 2006/1934/3943
f 2115/2050/3944 1996/1946/3944 2006/1934/3944
f 2116/2051/3945 2087/2029/3945 1996/1946/3945
f 2087/2029/3946 2095/2007/3946 2078/1983/3946
f 2095/2007/3947 2048/1984/3947 2078/1983/3947
f 2088/2030/3948 2035/1970/3948 2069/2008/3948
f 2117/2052/3949 2070/2009/3949 2035/1970/3949
f 2097/2037/3950 2098/2038/3950 2057/1994/3950
f 2099/2039/3951 2100/2053/3951 2071/2010/3951
f 2100/2053/3952 2101/2040/3952 2071/2010/3952
f 2059/1997/3953 2118/2054/3953 2038/1973/3953
f 2118/2054/3954 2080/2019/3954 2038/1973/3954
f 2080/2019/3955 2102/2041/3955 2061/1999/3955
f 2089/2031/3956 2119/2055/3956 2040/1975/3956
f 2119/2055/3957 2073/2012/3957 2040/1975/3957
f 2120/2056/3958 2104/2022/3958 2082/2021/3958
f 2107/2057/3959 2066/2004/3959 2065/2003/3959
f 2075/2024/3960 2121/2058/3960 2028/1954/3960
f 2121/2058/3961 2067/2005/3961 2028/1954/3961
f 2108/2046/3962 2029/1964/3962 2044/1979/3962
f 2109/2025/3963 2084/2026/3963 2050/1986/3963
f 2093/2034/3964 2148/2059/3964 2086/2027/3964
f 2086/2027/3965 2110/2047/3965 2051/1988/3965
f 2111/2035/3966 2129/2060/3966 2046/1981/3966
f 2122/2061/3967 2077/2015/3967 2076/2014/3967
f 2113/2048/3968 2054/1991/3968 2053/1990/3968
f 2113/2048/3969 2123/2062/3969 2054/1991/3969
f 2123/2062/3970 2114/2049/3970 2054/1991/3970
f 2125/2063/3971 2035/1970/3971 2088/2030/3971
f 2125/2063/3972 2117/2052/3972 2035/1970/3972
f 2117/2052/3973 2126/2064/3973 2070/2009/3973
f 2126/2064/3974 2096/2016/3974 2070/2009/3974
f 2126/2064/3975 2097/2037/3975 2096/2016/3975
f 2101/2040/3976 2127/2065/3976 2072/2011/3976
f 2072/2011/3977 55/2066/3977 53/1996/3977
f 2103/2042/3978 2119/2055/3978 2089/2031/3978
f 2073/2012/3979 2120/2056/3979 2082/2021/3979
f 2104/2022/3980 2105/2043/3980 2074/2013/3980
f 2105/2043/3981 2083/2023/3981 2049/1985/3981
f 2106/2044/3982 2128/2067/3982 2090/2045/3982
f 2107/2057/3983 2092/2033/3983 2066/2004/3983
f 2121/2058/3984 2108/2046/3984 2067/2005/3984
f 2084/2026/3985 2138/2068/3985 2085/2006/3985
f 2148/2059/3986 2110/2047/3986 2086/2027/3986
f 2129/2060/3987 2094/2036/3987 2046/1981/3987
f 2130/2069/3988 2013/1965/3988 2094/2036/3988
f 2130/2069/3989 2112/2028/3989 2013/1965/3989
f 2114/2049/3990 2167/2070/3990 2055/1992/3990
f 2167/2070/3991 2115/2050/3991 2055/1992/3991
f 2115/2050/3992 2116/2051/3992 1996/1946/3992
f 2087/2029/3993 2124/2071/3993 2095/2007/3993
f 2124/2071/3994 2088/2030/3994 2095/2007/3994
f 2131/2072/3995 2098/2038/3995 2097/2037/3995
f 2133/2073/3996 2099/2039/3996 2098/2038/3996
f 2133/2073/3997 2100/2053/3997 2099/2039/3997
f 2127/2065/3998 55/2066/3998 2072/2011/3998
f 2134/2074/3999 2059/1997/3999 54/2018/3999
f 2135/2075/4000 2081/2020/4000 2102/2041/4000
f 2135/2075/4001 2103/2042/4001 2081/2020/4001
f 2136/2076/4002 2029/1964/4002 2108/2046/4002
f 2136/2076/4003 2109/2025/4003 2029/1964/4003
f 2137/2077/4004 2138/2068/4004 2084/2026/4004
f 2152/2078/4005 2088/2030/4005 2124/2071/4005
f 2152/2078/4006 2125/2063/4006 2088/2030/4006
f 2126/2064/4007 2131/2072/4007 2097/2037/4007
f 2131/2072/4008 2132/2079/4008 2098/2038/4008
f 2132/2079/4009 2133/2073/4009 2098/2038/4009
f 2139/2080/4010 2101/2040/4010 2100/2053/4010
f 2139/2080/4011 2140/2081/4011 2101/2040/4011
f 2140/2081/4012 2127/2065/4012 2101/2040/4012
f 2134/2074/4013 2118/2054/4013 2059/1997/4013
f 2141/2082/4014 2102/2041/4014 2080/2019/4014
f 2119/2055/4015 2120/2056/4015 2073/2012/4015
f 2142/2083/4016 2083/2023/4016 2105/2043/4016
f 2143/2084/4017 2091/2032/4017 2090/2045/4017
f 2144/2085/4018 2107/2057/4018 2065/2003/4018
f 2107/2057/4019 2145/2086/4019 2092/2033/4019
f 2145/2086/4020 2075/2024/4020 2092/2033/4020
f 2145/2086/4021 2146/2087/4021 2075/2024/4021
f 2136/2076/4022 2147/2088/4022 2109/2025/4022
f 2148/2059/4023 2093/2034/4023 2085/2006/4023
f 2149/2089/4024 2129/2060/4024 2111/2035/4024
f 2150/2090/4025 2076/2014/4025 2112/2028/4025
f 2151/2091/4026 2077/2015/4026 2122/2061/4026
f 2151/2091/4027 2113/2048/4027 2077/2015/4027
f 2180/2092/4028 2100/2053/4028 2133/2073/4028
f 56/2093/4029 2134/2074/4029 54/2018/4029
f 2154/2094/4030 2119/2055/4030 2103/2042/4030
f 2155/2095/4031 2120/2056/4031 2119/2055/4031
f 2156/2096/4032 2104/2022/4032 2120/2056/4032
f 2156/2096/4033 2157/2097/4033 2104/2022/4033
f 2104/2022/4034 2157/2097/4034 2105/2043/4034
f 2157/2097/4035 2142/2083/4035 2105/2043/4035
f 2142/2083/4036 2158/2098/4036 2083/2023/4036
f 2158/2098/4037 2106/2044/4037 2083/2023/4037
f 2158/2098/4038 2128/2067/4038 2106/2044/4038
f 2128/2067/4039 2159/2099/4039 2090/2045/4039
f 2159/2099/4040 2143/2084/4040 2090/2045/4040
f 2143/2084/4041 2065/2003/4041 2091/2032/4041
f 2146/2087/4042 2121/2058/4042 2075/2024/4042
f 2121/2058/4043 2160/2100/4043 2108/2046/4043
f 2147/2088/4044 2084/2026/4044 2109/2025/4044
f 2149/2089/4045 2111/2035/4045 2110/2047/4045
f 2129/2060/4046 2130/2069/4046 2094/2036/4046
f 2166/2101/4047 2167/2070/4047 2114/2049/4047
f 2116/2051/4048 2124/2071/4048 2087/2029/4048
f 2162/2102/4049 2126/2064/4049 2117/2052/4049
f 2170/2103/4050 2131/2072/4050 2126/2064/4050
f 2203/2104/4051 2133/2073/4051 2132/2079/4051
f 2139/2080/4052 2100/2053/4052 2180/2092/4052
f 2163/2105/4053 2127/2065/4053 2140/2081/4053
f 2163/2105/4054 2153/2106/4054 2127/2065/4054
f 2153/2106/4055 55/2066/4055 2127/2065/4055
f 2141/2082/4056 2080/2019/4056 2118/2054/4056
f 2206/2107/4057 2102/2041/4057 2141/2082/4057
f 2135/2075/4058 2154/2094/4058 2103/2042/4058
f 2143/2084/4059 2144/2085/4059 2065/2003/4059
f 2144/2085/4060 2145/2086/4060 2107/2057/4060
f 2160/2100/4061 2136/2076/4061 2108/2046/4061
f 2164/2108/4062 2147/2088/4062 2136/2076/4062
f 2147/2088/4063 2186/2109/4063 2084/2026/4063
f 2138/2068/4064 2148/2059/4064 2085/2006/4064
f 2129/2060/4065 2176/2110/4065 2130/2069/4065
f 2130/2069/4066 2165/2111/4066 2112/2028/4066
f 2165/2111/4067 2150/2090/4067 2112/2028/4067
f 2150/2090/4068 2122/2061/4068 2076/2014/4068
f 2166/2101/4069 2114/2049/4069 2123/2062/4069
f 2167/2070/4070 2116/2051/4070 2115/2050/4070
f 2125/2063/4071 2162/2102/4071 2117/2052/4071
f 2169/2112/4072 2170/2103/4072 2126/2064/4072
f 2170/2103/4073 2132/2079/4073 2131/2072/4073
f 2180/2092/4074 2133/2073/4074 2203/2104/4074
f 2180/2092/4075 2192/2113/4075 2139/2080/4075
f 2206/2107/4076 2135/2075/4076 2102/2041/4076
f 2171/2114/4077 2119/2055/4077 2154/2094/4077
f 2172/2115/4078 2120/2056/4078 2155/2095/4078
f 2172/2115/4079 2156/2096/4079 2120/2056/4079
f 2158/2098/4080 2173/2116/4080 2128/2067/4080
f 2173/2116/4081 2159/2099/4081 2128/2067/4081
f 2186/2109/4082 2137/2077/4082 2084/2026/4082
f 2175/2117/4083 2110/2047/4083 2148/2059/4083
f 2175/2117/4084 2161/2118/4084 2110/2047/4084
f 2161/2118/4085 2149/2089/4085 2110/2047/4085
f 2178/2119/4086 2123/2062/4086 2113/2048/4086
f 2124/2071/4087 2190/2120/4087 2152/2078/4087
f 2190/2120/4088 2168/2121/4088 2152/2078/4088
f 2168/2121/4089 2125/2063/4089 2152/2078/4089
f 2179/2122/4090 2126/2064/4090 2162/2102/4090
f 2179/2122/4091 2169/2112/4091 2126/2064/4091
f 2191/2123/4092 2203/2104/4092 2132/2079/4092
f 2181/2124/4093 2140/2081/4093 2139/2080/4093
f 2181/2124/4094 2163/2105/4094 2140/2081/4094
f 2215/2125/4095 55/2066/4095 2153/2106/4095
f 2171/2114/4096 2182/2126/4096 2119/2055/4096
f 2182/2126/4097 2155/2095/4097 2119/2055/4097
f 2182/2126/4098 2172/2115/4098 2155/2095/4098
f 2183/2127/4099 2142/2083/4099 2157/2097/4099
f 2184/2128/4100 2143/2084/4100 2159/2099/4100
f 2144/2085/4101 2174/2129/4101 2145/2086/4101
f 2185/2130/4102 2146/2087/4102 2145/2086/4102
f 2160/2100/4103 2164/2108/4103 2136/2076/4103
f 2137/2077/4104 2198/2131/4104 2138/2068/4104
f 2198/2131/4105 2187/2132/4105 2138/2068/4105
f 2187/2132/4106 2148/2059/4106 2138/2068/4106
f 2176/2110/4107 2165/2111/4107 2130/2069/4107
f 2188/2133/4108 2150/2090/4108 2165/2111/4108
f 2188/2133/4109 2122/2061/4109 2150/2090/4109
f 2177/2134/4110 2113/2048/4110 2151/2091/4110
f 2178/2119/4111 2166/2101/4111 2123/2062/4111
f 2200/2135/4112 2167/2070/4112 2166/2101/4112
f 2191/2123/4113 2132/2079/4113 2170/2103/4113
f 2192/2113/4114 2181/2124/4114 2139/2080/4114
f 2215/2125/4115 57/2136/4115 55/2066/4115
f 58/2137/4029 2134/2074/4029 56/2093/4029
f 2134/2074/4116 2141/2082/4116 2118/2054/4116
f 2207/2138/4117 2154/2094/4117 2135/2075/4117
f 2207/2138/4118 2171/2114/4118 2154/2094/4118
f 2193/2139/4119 2182/2126/4119 2171/2114/4119
f 2194/2140/4120 2183/2127/4120 2157/2097/4120
f 2183/2127/4121 2158/2098/4121 2142/2083/4121
f 2184/2128/4122 2195/2141/4122 2143/2084/4122
f 2195/2141/4123 2196/2142/4123 2143/2084/4123
f 2196/2142/4124 2144/2085/4124 2143/2084/4124
f 2196/2142/4125 2174/2129/4125 2144/2085/4125
f 2174/2129/4126 2185/2130/4126 2145/2086/4126
f 2146/2087/4127 2160/2100/4127 2121/2058/4127
f 2160/2100/4128 2197/2143/4128 2164/2108/4128
f 2164/2108/4129 2186/2109/4129 2147/2088/4129
f 2187/2132/4130 2175/2117/4130 2148/2059/4130
f 2199/2144/4131 2161/2118/4131 2175/2117/4131
f 2189/2145/4132 2151/2091/4132 2122/2061/4132
f 2189/2145/4133 2177/2134/4133 2151/2091/4133
f 2177/2134/4134 2178/2119/4134 2113/2048/4134
f 2178/2119/4135 2200/2135/4135 2166/2101/4135
f 2201/2146/4136 2116/2051/4136 2167/2070/4136
f 2201/2146/4137 2202/2147/4137 2116/2051/4137
f 2202/2147/4138 2124/2071/4138 2116/2051/4138
f 2202/2147/4139 2190/2120/4139 2124/2071/4139
f 2168/2121/4140 2162/2102/4140 2125/2063/4140
f 2204/2148/4141 2163/2105/4141 2181/2124/4141
f 2204/2148/4142 2153/2106/4142 2163/2105/4142
f 2204/2148/4143 2215/2125/4143 2153/2106/4143
f 2156/2096/4144 2194/2140/4144 2157/2097/4144
f 2183/2127/4145 2173/2116/4145 2158/2098/4145
f 2227/2149/4146 2160/2100/4146 2146/2087/4146
f 2186/2109/4147 2198/2131/4147 2137/2077/4147
f 2187/2132/4148 2199/2144/4148 2175/2117/4148
f 2188/2133/4149 2189/2145/4149 2122/2061/4149
f 2211/2150/4150 2169/2112/4150 2179/2122/4150
f 2169/2112/4151 2212/2151/4151 2170/2103/4151
f 2212/2151/4152 2191/2123/4152 2170/2103/4152
f 2214/2152/4153 2180/2092/4153 2203/2104/4153
f 2205/2153/4154 2141/2082/4154 2134/2074/4154
f 2205/2153/4155 2216/2154/4155 2141/2082/4155
f 2216/2154/4156 2206/2107/4156 2141/2082/4156
f 2193/2139/4157 2172/2115/4157 2182/2126/4157
f 2156/2096/4158 2217/2155/4158 2194/2140/4158
f 2173/2116/4159 2184/2128/4159 2159/2099/4159
f 2185/2130/4160 2227/2149/4160 2146/2087/4160
f 2218/2156/4161 2188/2133/4161 2165/2111/4161
f 2218/2156/4162 2189/2145/4162 2188/2133/4162
f 2219/2157/4163 2177/2134/4163 2189/2145/4163
f 2210/2158/4164 2168/2121/4164 2190/2120/4164
f 2212/2151/4165 2203/2104/4165 2191/2123/4165
f 2213/2159/4166 2214/2152/4166 2203/2104/4166
f 58/2137/4167 2205/2153/4167 2134/2074/4167
f 2220/2160/4168 2135/2075/4168 2206/2107/4168
f 2220/2160/4169 2207/2138/4169 2135/2075/4169
f 2207/2138/4170 2193/2139/4170 2171/2114/4170
f 2172/2115/4171 2221/2161/4171 2156/2096/4171
f 2221/2161/4172 2217/2155/4172 2156/2096/4172
f 2194/2140/4173 2222/2162/4173 2183/2127/4173
f 2223/2163/4174 2173/2116/4174 2183/2127/4174
f 2224/2164/4175 2184/2128/4175 2173/2116/4175
f 2235/2165/4176 2225/2166/4176 2196/2142/4176
f 2225/2166/4177 2174/2129/4177 2196/2142/4177
f 2174/2129/4178 2226/2167/4178 2185/2130/4178
f 2227/2149/4179 2197/2143/4179 2160/2100/4179
f 2228/2168/4180 2149/2089/4180 2161/2118/4180
f 2176/2110/4181 2218/2156/4181 2165/2111/4181
f 2229/2169/4182 2200/2135/4182 2178/2119/4182
f 2229/2169/4183 2208/2170/4183 2200/2135/4183
f 2200/2135/4184 2209/2171/4184 2167/2070/4184
f 2230/2172/4185 2201/2146/4185 2167/2070/4185
f 2231/2173/4186 2162/2102/4186 2168/2121/4186
f 2211/2150/4187 2232/2174/4187 2169/2112/4187
f 2232/2174/4188 2212/2151/4188 2169/2112/4188
f 2212/2151/4189 2213/2159/4189 2203/2104/4189
f 2233/2175/4190 2193/2139/4190 2207/2138/4190
f 2234/2176/4191 2194/2140/4191 2217/2155/4191
f 2222/2162/4192 2223/2163/4192 2183/2127/4192
f 2223/2163/4193 2224/2164/4193 2173/2116/4193
f 2235/2165/4194 2196/2142/4194 2195/2141/4194
f 2225/2166/4195 2226/2167/4195 2174/2129/4195
f 2236/2177/4196 2187/2132/4196 2198/2131/4196
f 2237/2178/4197 2161/2118/4197 2199/2144/4197
f 2237/2178/4198 2228/2168/4198 2161/2118/4198
f 2228/2168/4199 2238/2179/4199 2149/2089/4199
f 2238/2179/4200 2129/2060/4200 2149/2089/4200
f 2238/2179/4201 2176/2110/4201 2129/2060/4201
f 2239/2180/4202 2189/2145/4202 2218/2156/4202
f 2239/2180/4203 2219/2157/4203 2189/2145/4203
f 2219/2157/4204 2178/2119/4204 2177/2134/4204
f 2240/2181/4205 2209/2171/4205 2200/2135/4205
f 2202/2147/4206 2241/2182/4206 2190/2120/4206
f 2210/2158/4207 2231/2173/4207 2168/2121/4207
f 2231/2173/4208 2242/2183/4208 2162/2102/4208
f 2242/2183/4209 2179/2122/4209 2162/2102/4209
f 2242/2183/4210 2211/2150/4210 2179/2122/4210
f 2243/2184/4211 2213/2159/4211 2212/2151/4211
f 2214/2152/4212 2192/2113/4212 2180/2092/4212
f 2204/2148/4213 2181/2124/4213 2192/2113/4213
f 2252/2185/4214 2215/2125/4214 2204/2148/4214
f 2253/2186/4215 57/2136/4215 2215/2125/4215
f 2216/2154/4216 2220/2160/4216 2206/2107/4216
f 2244/2187/4217 2233/2175/4217 2207/2138/4217
f 2233/2175/4218 2172/2115/4218 2193/2139/4218
f 2234/2176/4219 2222/2162/4219 2194/2140/4219
f 2184/2128/4220 2245/2188/4220 2195/2141/4220
f 2245/2188/4221 2235/2165/4221 2195/2141/4221
f 2246/2189/4222 2225/2166/4222 2235/2165/4222
f 2236/2177/4223 2199/2144/4223 2187/2132/4223
f 2208/2170/4224 2240/2181/4224 2200/2135/4224
f 2209/2171/4225 2230/2172/4225 2167/2070/4225
f 2230/2172/4226 2248/2190/4226 2201/2146/4226
f 2248/2190/4227 2202/2147/4227 2201/2146/4227
f 2241/2182/4228 2210/2158/4228 2190/2120/4228
f 2265/2191/4229 2232/2174/4229 2211/2150/4229
f 2249/2192/4230 2212/2151/4230 2232/2174/4230
f 2249/2192/4231 2243/2184/4231 2212/2151/4231
f 2243/2184/4232 2250/2193/4232 2213/2159/4232
f 2250/2193/4233 2214/2152/4233 2213/2159/4233
f 2250/2193/4234 2251/2194/4234 2214/2152/4234
f 2251/2194/4235 2192/2113/4235 2214/2152/4235
f 2253/2186/4236 2215/2125/4236 2252/2185/4236
f 59/2195/4237 2205/2153/4237 58/2137/4237
f 2205/2153/4238 2254/2196/4238 2216/2154/4238
f 2216/2154/4239 2255/2197/4239 2220/2160/4239
f 2275/2198/4240 2207/2138/4240 2220/2160/4240
f 2244/2187/4241 2256/2199/4241 2233/2175/4241
f 2233/2175/4242 2221/2161/4242 2172/2115/4242
f 2258/2200/4243 2184/2128/4243 2224/2164/4243
f 2226/2167/4244 2227/2149/4244 2185/2130/4244
f 2268/2201/4245 2247/2202/4245 2164/2108/4245
f 2247/2202/4246 2186/2109/4246 2164/2108/4246
f 2260/2203/4247 2198/2131/4247 2186/2109/4247
f 2260/2203/4248 2236/2177/4248 2198/2131/4248
f 2176/2110/4249 2261/2204/4249 2218/2156/4249
f 2262/2205/4250 2239/2180/4250 2218/2156/4250
f 2263/2206/4251 2219/2157/4251 2239/2180/4251
f 2229/2169/4252 2178/2119/4252 2219/2157/4252
f 2264/2207/4253 2231/2173/4253 2210/2158/4253
f 2264/2207/4254 2242/2183/4254 2231/2173/4254
f 2242/2183/4255 2265/2191/4255 2211/2150/4255
f 2250/2193/4256 2266/2208/4256 2251/2194/4256
f 2281/2209/4257 2204/2148/4257 2192/2113/4257
f 2273/2210/4258 2252/2185/4258 2204/2148/4258
f 2267/2211/4259 57/2136/4259 2253/2186/4259
f 2267/2211/4260 60/2212/4260 57/2136/4260
f 59/2195/4261 61/2213/4261 2205/2153/4261
f 61/2213/4262 2254/2196/4262 2205/2153/4262
f 2233/2175/4263 2257/2214/4263 2221/2161/4263
f 2223/2163/4264 2258/2200/4264 2224/2164/4264
f 2258/2200/4265 2245/2188/4265 2184/2128/4265
f 2259/2215/4266 2197/2143/4266 2227/2149/4266
f 2268/2201/4267 2164/2108/4267 2197/2143/4267
f 2247/2202/4268 2260/2203/4268 2186/2109/4268
f 2236/2177/4269 2237/2178/4269 2199/2144/4269
f 2269/2216/4270 2261/2204/4270 2176/2110/4270
f 2270/2217/4271 2229/2169/4271 2219/2157/4271
f 2270/2217/4272 2208/2170/4272 2229/2169/4272
f 2241/2182/4273 2271/2218/4273 2210/2158/4273
f 2249/2192/4274 2272/2219/4274 2243/2184/4274
f 2272/2219/4275 2250/2193/4275 2243/2184/4275
f 2251/2194/4276 2281/2209/4276 2192/2113/4276
f 2273/2210/4277 2274/2220/4277 2252/2185/4277
f 2274/2220/4278 2253/2186/4278 2252/2185/4278
f 2255/2197/4279 2275/2198/4279 2220/2160/4279
f 2275/2198/4280 2244/2187/4280 2207/2138/4280
f 2284/2221/4281 2257/2214/4281 2233/2175/4281
f 2257/2214/4282 2276/2222/4282 2221/2161/4282
f 2276/2222/4283 2217/2155/4283 2221/2161/4283
f 2277/2223/4284 2234/2176/4284 2217/2155/4284
f 2277/2223/4285 2222/2162/4285 2234/2176/4285
f 2278/2224/4286 2245/2188/4286 2258/2200/4286
f 2225/2166/4287 2279/2225/4287 2226/2167/4287
f 2259/2215/4288 2268/2201/4288 2197/2143/4288
f 2280/2226/4289 2238/2179/4289 2228/2168/4289
f 2238/2179/4290 2269/2216/4290 2176/2110/4290
f 2261/2204/4291 2262/2205/4291 2218/2156/4291
f 2294/2227/4292 2270/2217/4292 2219/2157/4292
f 2248/2190/4293 2295/2228/4293 2202/2147/4293
f 2295/2228/4294 2241/2182/4294 2202/2147/4294
f 2322/2229/4295 2250/2193/4295 2272/2219/4295
f 2266/2208/4296 2281/2209/4296 2251/2194/4296
f 2274/2220/4297 2267/2211/4297 2253/2186/4297
f 2282/2230/4298 60/2212/4298 2267/2211/4298
f 2254/2196/4299 2255/2197/4299 2216/2154/4299
f 2275/2198/4300 2283/2231/4300 2244/2187/4300
f 2284/2221/4301 2233/2175/4301 2256/2199/4301
f 2276/2222/4302 2277/2223/4302 2217/2155/4302
f 2277/2223/4303 2285/2232/4303 2222/2162/4303
f 2285/2232/4304 2286/2233/4304 2222/2162/4304
f 2300/2234/4305 2258/2200/4305 2223/2163/4305
f 2245/2188/4306 2287/2235/4306 2235/2165/4306
f 2287/2235/4307 2246/2189/4307 2235/2165/4307
f 2246/2189/4308 2289/2236/4308 2225/2166/4308
f 2279/2225/4309 2227/2149/4309 2226/2167/4309
f 2279/2225/4310 2290/2237/4310 2227/2149/4310
f 2227/2149/4311 2290/2237/4311 2259/2215/4311
f 2291/2238/4312 2292/2239/4312 2236/2177/4312
f 2292/2239/4313 2237/2178/4313 2236/2177/4313
f 2293/2240/4314 2228/2168/4314 2237/2178/4314
f 2294/2227/4315 2219/2157/4315 2263/2206/4315
f 2270/2217/4316 2240/2181/4316 2208/2170/4316
f 2240/2181/4317 2303/2241/4317 2209/2171/4317
f 2303/2241/4318 2230/2172/4318 2209/2171/4318
f 2230/2172/4319 2295/2228/4319 2248/2190/4319
f 2295/2228/4320 2271/2218/4320 2241/2182/4320
f 2271/2218/4321 2296/2242/4321 2210/2158/4321
f 2296/2242/4322 2264/2207/4322 2210/2158/4322
f 2297/2243/4323 2265/2191/4323 2242/2183/4323
f 2297/2243/4324 2232/2174/4324 2265/2191/4324
f 2322/2229/4325 2266/2208/4325 2250/2193/4325
f 2281/2209/4326 2298/2244/4326 2204/2148/4326
f 2298/2244/4327 2273/2210/4327 2204/2148/4327
f 2299/2245/4328 2267/2211/4328 2274/2220/4328
f 2283/2231/4329 2256/2199/4329 2244/2187/4329
f 2300/2234/4330 2223/2163/4330 2222/2162/4330
f 2300/2234/4331 2278/2224/4331 2258/2200/4331
f 2288/2246/4332 2289/2236/4332 2246/2189/4332
f 2247/2202/4333 2318/2247/4333 2260/2203/4333
f 2292/2239/4334 2293/2240/4334 2237/2178/4334
f 2293/2240/4335 2280/2226/4335 2228/2168/4335
f 2280/2226/4336 2269/2216/4336 2238/2179/4336
f 2301/2248/4337 2239/2180/4337 2262/2205/4337
f 2309/2249/4338 2263/2206/4338 2239/2180/4338
f 2302/2250/4339 2240/2181/4339 2270/2217/4339
f 2302/2250/4340 2303/2241/4340 2240/2181/4340
f 2304/2251/4341 2242/2183/4341 2264/2207/4341
f 2304/2251/4342 2297/2243/4342 2242/2183/4342
f 2297/2243/4343 2249/2192/4343 2232/2174/4343
f 2305/2252/4344 2273/2210/4344 2298/2244/4344
f 2299/2245/4345 2282/2230/4345 2267/2211/4345
f 62/2253/4346 2254/2196/4346 61/2213/4346
f 2255/2197/4347 2325/2254/4347 2275/2198/4347
f 2325/2254/4348 2283/2231/4348 2275/2198/4348
f 2306/2255/4349 2257/2214/4349 2284/2221/4349
f 2306/2255/4350 2276/2222/4350 2257/2214/4350
f 2286/2233/4351 2300/2234/4351 2222/2162/4351
f 2287/2235/4352 2288/2246/4352 2246/2189/4352
f 2308/2256/4353 2268/2201/4353 2259/2215/4353
f 2318/2247/4354 2236/2177/4354 2260/2203/4354
f 2261/2204/4355 2331/2257/4355 2262/2205/4355
f 2331/2257/4356 2301/2248/4356 2262/2205/4356
f 2309/2249/4357 2239/2180/4357 2301/2248/4357
f 2230/2172/4358 2336/2258/4358 2295/2228/4358
f 2336/2258/4359 2310/2259/4359 2295/2228/4359
f 2310/2259/4360 2311/2260/4360 2295/2228/4360
f 2311/2260/4361 2271/2218/4361 2295/2228/4361
f 2311/2260/4362 2296/2242/4362 2271/2218/4362
f 2296/2242/4363 2304/2251/4363 2264/2207/4363
f 2297/2243/4364 2312/2261/4364 2249/2192/4364
f 2321/2262/4365 2272/2219/4365 2249/2192/4365
f 2305/2252/4366 2274/2220/4366 2273/2210/4366
f 2299/2245/4367 2313/2263/4367 2282/2230/4367
f 62/2253/4368 2314/2264/4368 2254/2196/4368
f 2283/2231/4369 2284/2221/4369 2256/2199/4369
f 2276/2222/4370 2285/2232/4370 2277/2223/4370
f 2278/2224/4371 2316/2265/4371 2245/2188/4371
f 2316/2265/4372 2287/2235/4372 2245/2188/4372
f 2287/2235/4373 2317/2266/4373 2288/2246/4373
f 2289/2236/4374 2279/2225/4374 2225/2166/4374
f 2290/2237/4375 2307/2267/4375 2259/2215/4375
f 2307/2267/4376 2308/2256/4376 2259/2215/4376
f 2308/2256/4377 2247/2202/4377 2268/2201/4377
f 2308/2256/4378 2318/2247/4378 2247/2202/4378
f 2318/2247/4379 2319/2268/4379 2236/2177/4379
f 2319/2268/4380 2291/2238/4380 2236/2177/4380
f 2294/2227/4381 2302/2250/4381 2270/2217/4381
f 2310/2259/4382 2320/2269/4382 2311/2260/4382
f 2321/2262/4383 2249/2192/4383 2312/2261/4383
f 2322/2229/4384 2272/2219/4384 2321/2262/4384
f 2323/2270/4385 2281/2209/4385 2266/2208/4385
f 2339/2271/4386 2298/2244/4386 2281/2209/4386
f 2324/2272/4387 60/2212/4387 2282/2230/4387
f 2314/2264/4388 2255/2197/4388 2254/2196/4388
f 2326/2273/4389 2286/2233/4389 2285/2232/4389
f 2286/2233/4390 2315/2274/4390 2300/2234/4390
f 2327/2275/4391 2278/2224/4391 2300/2234/4391
f 2327/2275/4392 2316/2265/4392 2278/2224/4392
f 2317/2266/4393 2289/2236/4393 2288/2246/4393
f 2348/2276/4394 2318/2247/4394 2308/2256/4394
f 2319/2268/4395 2292/2239/4395 2291/2238/4395
f 2319/2268/4396 2351/2277/4396 2292/2239/4396
f 2351/2277/4397 2328/2278/4397 2292/2239/4397
f 2328/2278/4398 2293/2240/4398 2292/2239/4398
f 2329/2279/4399 2280/2226/4399 2293/2240/4399
f 2352/2280/4400 2269/2216/4400 2280/2226/4400
f 2352/2280/4401 2330/2281/4401 2269/2216/4401
f 2331/2257/4402 2261/2204/4402 2269/2216/4402
f 2333/2282/4403 2263/2206/4403 2309/2249/4403
f 2333/2282/4404 2294/2227/4404 2263/2206/4404
f 2334/2283/4405 2302/2250/4405 2294/2227/4405
f 2335/2284/4406 2230/2172/4406 2303/2241/4406
f 2335/2284/4407 2336/2258/4407 2230/2172/4407
f 2376/2285/4408 2304/2251/4408 2296/2242/4408
f 2337/2286/4409 2297/2243/4409 2304/2251/4409
f 2297/2243/4410 2338/2287/4410 2312/2261/4410
f 2322/2229/4411 2355/2288/4411 2266/2208/4411
f 2355/2288/4412 2323/2270/4412 2266/2208/4412
f 2339/2271/4413 2281/2209/4413 2323/2270/4413
f 2340/2289/4414 2298/2244/4414 2339/2271/4414
f 2340/2289/4415 2305/2252/4415 2298/2244/4415
f 2299/2245/4416 2341/2290/4416 2313/2263/4416
f 2313/2263/4417 2324/2272/4417 2282/2230/4417
f 63/2291/4418 2314/2264/4418 62/2253/4418
f 2314/2264/4419 2342/2292/4419 2255/2197/4419
f 2343/2293/4420 2283/2231/4420 2325/2254/4420
f 2344/2294/4421 2284/2221/4421 2283/2231/4421
f 2344/2294/4422 2306/2255/4422 2284/2221/4422
f 2345/2295/4423 2285/2232/4423 2276/2222/4423
f 2326/2273/4424 2315/2274/4424 2286/2233/4424
f 2315/2274/4425 2327/2275/4425 2300/2234/4425
f 2316/2265/4426 2346/2296/4426 2287/2235/4426
f 2346/2296/4427 2317/2266/4427 2287/2235/4427
f 2317/2266/4428 2359/2297/4428 2289/2236/4428
f 2359/2297/4429 2347/2298/4429 2289/2236/4429
f 2347/2298/4430 2279/2225/4430 2289/2236/4430
f 2348/2276/4431 2308/2256/4431 2307/2267/4431
f 2349/2299/4432 2350/2300/4432 2318/2247/4432
f 2350/2300/4433 2319/2268/4433 2318/2247/4433
f 2328/2278/4434 2329/2279/4434 2293/2240/4434
f 2331/2257/4435 2353/2301/4435 2301/2248/4435
f 2301/2248/4436 2332/2302/4436 2309/2249/4436
f 2332/2302/4437 2333/2282/4437 2309/2249/4437
f 2354/2303/4438 2334/2283/4438 2294/2227/4438
f 2302/2250/4439 2335/2284/4439 2303/2241/4439
f 2376/2285/4440 2296/2242/4440 2311/2260/4440
f 2337/2286/4441 2338/2287/4441 2297/2243/4441
f 2355/2288/4442 2322/2229/4442 2321/2262/4442
f 64/2304/4443 2314/2264/4443 63/2291/4443
f 2343/2293/4444 2356/2305/4444 2283/2231/4444
f 2356/2305/4445 2357/2306/4445 2283/2231/4445
f 2357/2306/4446 2344/2294/4446 2283/2231/4446
f 2358/2307/4447 2276/2222/4447 2306/2255/4447
f 2358/2307/4448 2345/2295/4448 2276/2222/4448
f 2345/2295/4449 2326/2273/4449 2285/2232/4449
f 2346/2296/4450 2359/2297/4450 2317/2266/4450
f 2360/2308/4451 2290/2237/4451 2279/2225/4451
f 2361/2309/4452 2307/2267/4452 2290/2237/4452
f 2361/2309/4453 2348/2276/4453 2307/2267/4453
f 2348/2276/4454 2349/2299/4454 2318/2247/4454
f 2329/2279/4455 2352/2280/4455 2280/2226/4455
f 2352/2280/4456 2362/2310/4456 2330/2281/4456
f 2363/2311/4457 2336/2258/4457 2335/2284/4457
f 2376/2285/4458 2337/2286/4458 2304/2251/4458
f 2338/2287/4459 2321/2262/4459 2312/2261/4459
f 2338/2287/4460 2364/2312/4460 2321/2262/4460
f 2364/2312/4461 2355/2288/4461 2321/2262/4461
f 2341/2290/4462 2324/2272/4462 2313/2263/4462
f 64/2304/4463 2342/2292/4463 2314/2264/4463
f 2342/2292/4464 2365/2313/4464 2255/2197/4464
f 2365/2313/4465 2325/2254/4465 2255/2197/4465
f 2366/2314/4466 2326/2273/4466 2345/2295/4466
f 2367/2315/4467 2315/2274/4467 2326/2273/4467
f 2368/2316/4468 2327/2275/4468 2315/2274/4468
f 2360/2308/4469 2279/2225/4469 2347/2298/4469
f 2360/2308/4470 2361/2309/4470 2290/2237/4470
f 2349/2299/4471 2319/2268/4471 2350/2300/4471
f 2330/2281/4472 2331/2257/4472 2269/2216/4472
f 2333/2282/4473 2354/2303/4473 2294/2227/4473
f 2334/2283/4474 2373/2317/4474 2302/2250/4474
f 2373/2317/4475 2335/2284/4475 2302/2250/4475
f 2373/2317/4476 2374/2318/4476 2335/2284/4476
f 2374/2318/4477 2363/2311/4477 2335/2284/4477
f 2363/2311/4478 2375/2319/4478 2336/2258/4478
f 2336/2258/4479 2320/2269/4479 2310/2259/4479
f 2376/2285/4480 2311/2260/4480 2320/2269/4480
f 2377/2320/4481 2323/2270/4481 2355/2288/4481
f 2340/2289/4482 2378/2321/4482 2305/2252/4482
f 2325/2254/4483 2379/2322/4483 2343/2293/4483
f 2367/2315/4484 2380/2323/4484 2315/2274/4484
f 2380/2323/4485 2368/2316/4485 2315/2274/4485
f 2327/2275/4486 2381/2324/4486 2316/2265/4486
f 2346/2296/4487 2382/2325/4487 2359/2297/4487
f 2347/2298/4488 2383/2326/4488 2360/2308/4488
f 2383/2326/4489 2361/2309/4489 2360/2308/4489
f 2361/2309/4490 2369/2327/4490 2348/2276/4490
f 2369/2327/4491 2384/2328/4491 2348/2276/4491
f 2384/2328/4492 2349/2299/4492 2348/2276/4492
f 2370/2329/4493 2328/2278/4493 2351/2277/4493
f 2370/2329/4494 2329/2279/4494 2328/2278/4494
f 2370/2329/4495 2371/2330/4495 2329/2279/4495
f 2362/2310/4496 2331/2257/4496 2330/2281/4496
f 2372/2331/4497 2353/2301/4497 2331/2257/4497
f 2353/2301/4498 2332/2302/4498 2301/2248/4498
f 2395/2332/4499 2354/2303/4499 2333/2282/4499
f 2354/2303/4500 2373/2317/4500 2334/2283/4500
f 2375/2319/4501 2320/2269/4501 2336/2258/4501
f 2399/2333/4502 2376/2285/4502 2320/2269/4502
f 2386/2334/4503 2411/2335/4503 2337/2286/4503
f 2411/2335/4504 2338/2287/4504 2337/2286/4504
f 2411/2335/4505 2364/2312/4505 2338/2287/4505
f 2400/2336/4506 2355/2288/4506 2364/2312/4506
f 2387/2337/4507 2339/2271/4507 2323/2270/4507
f 2341/2290/4508 2274/2220/4508 2305/2252/4508
f 2341/2290/4509 2299/2245/4509 2274/2220/4509
f 2427/2338/4510 2324/2272/4510 2341/2290/4510
f 65/2339/4511 2342/2292/4511 64/2304/4511
f 2365/2313/4512 2379/2322/4512 2325/2254/4512
f 2344/2294/4513 2358/2307/4513 2306/2255/4513
f 2388/2340/4514 2366/2314/4514 2345/2295/4514
f 2366/2314/4515 2367/2315/4515 2326/2273/4515
f 2368/2316/4516 2381/2324/4516 2327/2275/4516
f 2381/2324/4517 2346/2296/4517 2316/2265/4517
f 2382/2325/4518 2347/2298/4518 2359/2297/4518
f 2389/2341/4519 2383/2326/4519 2347/2298/4519
f 2390/2342/4520 2319/2268/4520 2349/2299/4520
f 2390/2342/4521 2351/2277/4521 2319/2268/4521
f 2390/2342/4522 2391/2343/4522 2351/2277/4522
f 2391/2343/4523 2392/2344/4523 2351/2277/4523
f 2392/2344/4524 2370/2329/4524 2351/2277/4524
f 2371/2330/4525 2393/2345/4525 2329/2279/4525
f 2393/2345/4526 2352/2280/4526 2329/2279/4526
f 2420/2346/4527 2362/2310/4527 2352/2280/4527
f 2394/2347/4528 2331/2257/4528 2362/2310/4528
f 2394/2347/4529 2372/2331/4529 2331/2257/4529
f 2353/2301/4530 2395/2332/4530 2332/2302/4530
f 2332/2302/4531 2395/2332/4531 2333/2282/4531
f 2396/2348/4532 2354/2303/4532 2395/2332/4532
f 2396/2348/4533 2373/2317/4533 2354/2303/4533
f 2396/2348/4534 2397/2349/4534 2373/2317/4534
f 2398/2350/4535 2375/2319/4535 2363/2311/4535
f 2375/2319/4536 2399/2333/4536 2320/2269/4536
f 2385/2351/4537 2337/2286/4537 2376/2285/4537
f 2385/2351/4538 2386/2334/4538 2337/2286/4538
f 2400/2336/4539 2364/2312/4539 2411/2335/4539
f 2401/2352/4540 2339/2271/4540 2387/2337/4540
f 2412/2353/4541 2365/2313/4541 2342/2292/4541
f 2356/2305/4542 2402/2354/4542 2357/2306/4542
f 2357/2306/4543 2450/2355/4543 2344/2294/4543
f 2450/2355/4544 2358/2307/4544 2344/2294/4544
f 2358/2307/4545 2403/2356/4545 2345/2295/4545
f 2404/2357/4546 2381/2324/4546 2368/2316/4546
f 2405/2358/4547 2361/2309/4547 2383/2326/4547
f 2405/2358/4548 2369/2327/4548 2361/2309/4548
f 2406/2359/4549 2349/2299/4549 2384/2328/4549
f 2370/2329/4550 2419/2360/4550 2371/2330/4550
f 2407/2361/4551 2353/2301/4551 2372/2331/4551
f 2407/2361/4552 2395/2332/4552 2353/2301/4552
f 2408/2362/4553 2396/2348/4553 2395/2332/4553
f 2397/2349/4554 2409/2363/4554 2373/2317/4554
f 2409/2363/4555 2374/2318/4555 2373/2317/4555
f 2374/2318/4556 2398/2350/4556 2363/2311/4556
f 2410/2364/4557 2376/2285/4557 2399/2333/4557
f 2410/2364/4558 2385/2351/4558 2376/2285/4558
f 2446/2365/4559 2400/2336/4559 2411/2335/4559
f 2377/2320/4560 2387/2337/4560 2323/2270/4560
f 2401/2352/4561 2340/2289/4561 2339/2271/4561
f 2379/2322/4562 2413/2366/4562 2343/2293/4562
f 2413/2366/4563 2356/2305/4563 2343/2293/4563
f 2413/2366/4564 2402/2354/4564 2356/2305/4564
f 2366/2314/4565 2380/2323/4565 2367/2315/4565
f 2414/2367/4566 2346/2296/4566 2381/2324/4566
f 2382/2325/4567 2415/2368/4567 2347/2298/4567
f 2389/2341/4568 2405/2358/4568 2383/2326/4568
f 2416/2369/4569 2369/2327/4569 2405/2358/4569
f 2392/2344/4570 2418/2370/4570 2370/2329/4570
f 2393/2345/4571 2420/2346/4571 2352/2280/4571
f 2408/2362/4572 2421/2371/4572 2396/2348/4572
f 2421/2371/4573 2397/2349/4573 2396/2348/4573
f 2397/2349/4574 2422/2372/4574 2409/2363/4574
f 2409/2363/4575 2423/2373/4575 2374/2318/4575
f 2423/2373/4576 2398/2350/4576 2374/2318/4576
f 2423/2373/4577 2424/2374/4577 2398/2350/4577
f 2424/2374/4578 2375/2319/4578 2398/2350/4578
f 2375/2319/4579 2432/2375/4579 2399/2333/4579
f 2432/2375/4580 2410/2364/4580 2399/2333/4580
f 2425/2376/4581 2386/2334/4581 2385/2351/4581
f 2425/2376/4582 2411/2335/4582 2386/2334/4582
f 2447/2377/4583 2355/2288/4583 2400/2336/4583
f 2447/2377/4584 2377/2320/4584 2355/2288/4584
f 2426/2378/4585 2387/2337/4585 2377/2320/4585
f 2378/2321/4586 2341/2290/4586 2305/2252/4586
f 2428/2379/4587 2342/2292/4587 65/2339/4587
f 2428/2379/4588 2412/2353/4588 2342/2292/4588
f 2448/2380/4589 2413/2366/4589 2379/2322/4589
f 2429/2381/4590 2403/2356/4590 2358/2307/4590
f 2403/2356/4591 2388/2340/4591 2345/2295/4591
f 2388/2340/4592 2451/2382/4592 2366/2314/4592
f 2430/2383/4593 2368/2316/4593 2380/2323/4593
f 2404/2357/4594 2414/2367/4594 2381/2324/4594
f 2414/2367/4595 2382/2325/4595 2346/2296/4595
f 2438/2384/4596 2415/2368/4596 2382/2325/4596
f 2415/2368/4597 2389/2341/4597 2347/2298/4597
f 2390/2342/4598 2349/2299/4598 2406/2359/4598
f 2417/2385/4599 2418/2370/4599 2392/2344/4599
f 2419/2360/4600 2370/2329/4600 2418/2370/4600
f 2419/2360/4601 2393/2345/4601 2371/2330/4601
f 2431/2386/4602 2395/2332/4602 2407/2361/4602
f 2421/2371/4603 2422/2372/4603 2397/2349/4603
f 2425/2376/4604 2445/2387/4604 2411/2335/4604
f 2401/2352/4605 2433/2388/4605 2340/2289/4605
f 2340/2289/4606 2434/2389/4606 2378/2321/4606
f 2378/2321/4607 2427/2338/4607 2341/2290/4607
f 65/2339/4608 2465/2390/4608 2428/2379/4608
f 2413/2366/4609 2357/2306/4609 2402/2354/4609
f 2450/2355/4610 2429/2381/4610 2358/2307/4610
f 2451/2382/4611 2436/2391/4611 2366/2314/4611
f 2436/2391/4612 2380/2323/4612 2366/2314/4612
f 2436/2391/4613 2430/2383/4613 2380/2323/4613
f 2437/2392/4614 2368/2316/4614 2430/2383/4614
f 2438/2384/4615 2382/2325/4615 2414/2367/4615
f 2439/2393/4616 2389/2341/4616 2415/2368/4616
f 2440/2394/4617 2405/2358/4617 2389/2341/4617
f 2440/2394/4618 2416/2369/4618 2405/2358/4618
f 2416/2369/4619 2384/2328/4619 2369/2327/4619
f 2453/2395/4620 2391/2343/4620 2390/2342/4620
f 2391/2343/4621 2417/2385/4621 2392/2344/4621
f 2419/2360/4622 2441/2396/4622 2393/2345/4622
f 2442/2397/4623 2362/2310/4623 2420/2346/4623
f 2442/2397/4624 2394/2347/4624 2362/2310/4624
f 2394/2347/4625 2455/2398/4625 2372/2331/4625
f 2455/2398/4626 2407/2361/4626 2372/2331/4626
f 2395/2332/4627 2443/2399/4627 2408/2362/4627
f 2444/2400/4628 2422/2372/4628 2421/2371/4628
f 2458/2401/4629 2409/2363/4629 2422/2372/4629
f 2458/2401/4630 2423/2373/4630 2409/2363/4630
f 2424/2374/4631 2432/2375/4631 2375/2319/4631
f 2462/2402/4632 2385/2351/4632 2410/2364/4632
f 2462/2402/4633 2425/2376/4633 2385/2351/4633
f 2445/2387/4634 2446/2365/4634 2411/2335/4634
f 2447/2377/4635 2426/2378/4635 2377/2320/4635
f 2401/2352/4636 2387/2337/4636 2426/2378/4636
f 2433/2388/4637 2434/2389/4637 2340/2289/4637
f 2412/2353/4638 2448/2380/4638 2365/2313/4638
f 2448/2380/4639 2379/2322/4639 2365/2313/4639
f 2449/2403/4640 2413/2366/4640 2448/2380/4640
f 2449/2403/4641 2435/2404/4641 2413/2366/4641
f 2450/2355/4642 2403/2356/4642 2429/2381/4642
f 2437/2392/4643 2404/2357/4643 2368/2316/4643
f 2437/2392/4644 2414/2367/4644 2404/2357/4644
f 2452/2405/4645 2384/2328/4645 2416/2369/4645
f 2441/2396/4646 2454/2406/4646 2393/2345/4646
f 2455/2398/4647 2456/2407/4647 2407/2361/4647
f 2456/2407/4648 2457/2408/4648 2407/2361/4648
f 2407/2361/4649 2457/2408/4649 2431/2386/4649
f 2431/2386/4650 2443/2399/4650 2395/2332/4650
f 2408/2362/4651 2444/2400/4651 2421/2371/4651
f 2444/2400/4652 2458/2401/4652 2422/2372/4652
f 2459/2409/4653 2423/2373/4653 2458/2401/4653
f 2459/2409/4654 2460/2410/4654 2423/2373/4654
f 2460/2410/4655 2424/2374/4655 2423/2373/4655
f 2460/2410/4656 2432/2375/4656 2424/2374/4656
f 2432/2375/4657 2461/2411/4657 2410/2364/4657
f 2461/2411/4658 2462/2402/4658 2410/2364/4658
f 2463/2412/4659 2425/2376/4659 2462/2402/4659
f 2463/2412/4660 2464/2413/4660 2425/2376/4660
f 2464/2413/4661 2445/2387/4661 2425/2376/4661
f 2446/2365/4662 2489/2414/4662 2400/2336/4662
f 2489/2414/4663 2447/2377/4663 2400/2336/4663
f 2490/2415/4664 2426/2378/4664 2447/2377/4664
f 2479/2416/4665 2433/2388/4665 2401/2352/4665
f 2498/2417/4666 2324/2272/4666 2427/2338/4666
f 2465/2390/4667 2412/2353/4667 2428/2379/4667
f 2466/2418/4668 2357/2306/4668 2413/2366/4668
f 2466/2418/4669 2450/2355/4669 2357/2306/4669
f 2467/2419/4670 2388/2340/4670 2403/2356/4670
f 2451/2382/4671 2468/2420/4671 2436/2391/4671
f 2469/2421/4672 2415/2368/4672 2438/2384/4672
f 2469/2421/4673 2439/2393/4673 2415/2368/4673
f 2470/2422/4674 2389/2341/4674 2439/2393/4674
f 2470/2422/4675 2440/2394/4675 2389/2341/4675
f 2471/2423/4676 2406/2359/4676 2384/2328/4676
f 2454/2406/4677 2420/2346/4677 2393/2345/4677
f 2474/2424/4678 2443/2399/4678 2431/2386/4678
f 2475/2425/4679 2444/2400/4679 2408/2362/4679
f 2475/2425/4680 2476/2426/4680 2444/2400/4680
f 2476/2426/4681 2458/2401/4681 2444/2400/4681
f 2486/2427/4682 2459/2409/4682 2458/2401/4682
f 2460/2410/4683 2461/2411/4683 2432/2375/4683
f 2477/2428/4684 2463/2412/4684 2462/2402/4684
f 2477/2428/4685 2464/2413/4685 2463/2412/4685
f 2464/2413/4686 2446/2365/4686 2445/2387/4686
f 2490/2415/4687 2401/2352/4687 2426/2378/4687
f 2433/2388/4688 2479/2416/4688 2434/2389/4688
f 2480/2429/4689 2378/2321/4689 2434/2389/4689
f 2498/2417/4690 66/2430/4690 2324/2272/4690
f 67/2431/4691 2465/2390/4691 65/2339/4691
f 2465/2390/4692 2482/2432/4692 2412/2353/4692
f 2482/2432/4693 2448/2380/4693 2412/2353/4693
f 2466/2418/4694 2403/2356/4694 2450/2355/4694
f 2452/2405/4695 2416/2369/4695 2440/2394/4695
f 2452/2405/4696 2471/2423/4696 2384/2328/4696
f 2471/2423/4697 2472/2433/4697 2406/2359/4697
f 2472/2433/4698 2390/2342/4698 2406/2359/4698
f 2472/2433/4699 2453/2395/4699 2390/2342/4699
f 2483/2434/4700 2391/2343/4700 2453/2395/4700
f 2483/2434/4701 2417/2385/4701 2391/2343/4701
f 2473/2435/4702 2441/2396/4702 2419/2360/4702
f 2442/2397/4703 2485/2436/4703 2394/2347/4703
f 2485/2436/4704 2455/2398/4704 2394/2347/4704
f 2443/2399/4705 2475/2425/4705 2408/2362/4705
f 2495/2437/4706 2458/2401/4706 2476/2426/4706
f 2495/2437/4707 2486/2427/4707 2458/2401/4707
f 2459/2409/4708 2487/2438/4708 2460/2410/4708
f 2487/2438/4709 2461/2411/4709 2460/2410/4709
f 2488/2439/4710 2462/2402/4710 2461/2411/4710
f 2488/2439/4711 2477/2428/4711 2462/2402/4711
f 2489/2414/4712 2490/2415/4712 2447/2377/4712
f 2478/2440/4713 2401/2352/4713 2490/2415/4713
f 2478/2440/4714 2479/2416/4714 2401/2352/4714
f 2479/2416/4715 2480/2429/4715 2434/2389/4715
f 2481/2441/4716 2427/2338/4716 2378/2321/4716
f 2491/2442/4717 2435/2404/4717 2449/2403/4717
f 2435/2404/4718 2466/2418/4718 2413/2366/4718
f 2467/2419/4719 2451/2382/4719 2388/2340/4719
f 2468/2420/4720 2492/2443/4720 2436/2391/4720
f 2492/2443/4721 2430/2383/4721 2436/2391/4721
f 2492/2443/4722 2437/2392/4722 2430/2383/4722
f 2437/2392/4723 2438/2384/4723 2414/2367/4723
f 2437/2392/4724 2522/2444/4724 2438/2384/4724
f 2469/2421/4725 2470/2422/4725 2439/2393/4725
f 2473/2435/4726 2419/2360/4726 2418/2370/4726
f 2473/2435/4727 2484/2445/4727 2441/2396/4727
f 2494/2446/4728 2420/2346/4728 2454/2406/4728
f 2494/2446/4729 2442/2397/4729 2420/2346/4729
f 2486/2427/4730 2487/2438/4730 2459/2409/4730
f 2517/2447/4731 2488/2439/4731 2487/2438/4731
f 2488/2439/4732 2461/2411/4732 2487/2438/4732
f 2464/2413/4733 2489/2414/4733 2446/2365/4733
f 2479/2416/4734 2497/2448/4734 2480/2429/4734
f 2480/2429/4735 2481/2441/4735 2378/2321/4735
f 2482/2432/4736 2499/2449/4736 2448/2380/4736
f 2499/2449/4737 2449/2403/4737 2448/2380/4737
f 2491/2442/4738 2500/2450/4738 2435/2404/4738
f 2403/2356/4739 2502/2451/4739 2467/2419/4739
f 2451/2382/4740 2503/2452/4740 2468/2420/4740
f 2503/2452/4741 2492/2443/4741 2468/2420/4741
f 2522/2444/4742 2493/2453/4742 2438/2384/4742
f 2493/2453/4743 2469/2421/4743 2438/2384/4743
f 2493/2453/4744 2504/2454/4744 2469/2421/4744
f 2469/2421/4745 2505/2455/4745 2470/2422/4745
f 2506/2456/4746 2440/2394/4746 2470/2422/4746
f 2506/2456/4747 2507/2457/4747 2440/2394/4747
f 2507/2457/4748 2452/2405/4748 2440/2394/4748
f 2508/2458/4749 2471/2423/4749 2452/2405/4749
f 2510/2459/4750 2483/2434/4750 2453/2395/4750
f 2417/2385/4751 2473/2435/4751 2418/2370/4751
f 2523/2460/4752 2484/2445/4752 2473/2435/4752
f 2484/2445/4753 2454/2406/4753 2441/2396/4753
f 2511/2461/4754 2485/2436/4754 2442/2397/4754
f 2485/2436/4755 2512/2462/4755 2455/2398/4755
f 2513/2463/4756 2456/2407/4756 2455/2398/4756
f 2513/2463/4757 2457/2408/4757 2456/2407/4757
f 2457/2408/4758 2474/2424/4758 2431/2386/4758
f 2514/2464/4759 2476/2426/4759 2475/2425/4759
f 2514/2464/4760 2495/2437/4760 2476/2426/4760
f 2515/2465/4761 2486/2427/4761 2495/2437/4761
f 2516/2466/4762 2517/2447/4762 2486/2427/4762
f 2517/2447/4763 2487/2438/4763 2486/2427/4763
f 2518/2467/4764 2464/2413/4764 2477/2428/4764
f 2518/2467/4765 2519/2468/4765 2464/2413/4765
f 2519/2468/4766 2489/2414/4766 2464/2413/4766
f 2525/2469/4767 2490/2415/4767 2489/2414/4767
f 2496/2470/4768 2478/2440/4768 2490/2415/4768
f 2520/2471/4769 2479/2416/4769 2478/2440/4769
f 2521/2472/4770 2482/2432/4770 2465/2390/4770
f 2500/2450/4771 2466/2418/4771 2435/2404/4771
f 2501/2473/4772 2403/2356/4772 2466/2418/4772
f 2501/2473/4773 2502/2451/4773 2403/2356/4773
f 2467/2419/4774 2503/2452/4774 2451/2382/4774
f 2492/2443/4775 2522/2444/4775 2437/2392/4775
f 2505/2455/4776 2506/2456/4776 2470/2422/4776
f 2507/2457/4777 2508/2458/4777 2452/2405/4777
f 2531/2474/4778 2510/2459/4778 2453/2395/4778
f 2483/2434/4779 2473/2435/4779 2417/2385/4779
f 2494/2446/4780 2511/2461/4780 2442/2397/4780
f 2524/2475/4781 2513/2463/4781 2455/2398/4781
f 2474/2424/4782 2475/2425/4782 2443/2399/4782
f 2515/2465/4783 2495/2437/4783 2514/2464/4783
f 2515/2465/4784 2516/2466/4784 2486/2427/4784
f 2533/2476/4785 2477/2428/4785 2488/2439/4785
f 2525/2469/4786 2489/2414/4786 2519/2468/4786
f 2496/2470/4787 2526/2477/4787 2478/2440/4787
f 2526/2477/4788 2520/2471/4788 2478/2440/4788
f 2520/2471/4789 2527/2478/4789 2479/2416/4789
f 2498/2417/4790 2427/2338/4790 2481/2441/4790
f 67/2431/4791 2521/2472/4791 2465/2390/4791
f 2528/2479/4792 2529/2480/4792 2482/2432/4792
f 2529/2480/4793 2499/2449/4793 2482/2432/4793
f 2499/2449/4794 2491/2442/4794 2449/2403/4794
f 2500/2450/4795 2530/2481/4795 2466/2418/4795
f 2530/2481/4796 2501/2473/4796 2466/2418/4796
f 2508/2458/4797 2509/2482/4797 2471/2423/4797
f 2509/2482/4798 2472/2433/4798 2471/2423/4798
f 2531/2474/4799 2453/2395/4799 2472/2433/4799
f 2540/2483/4800 2473/2435/4800 2483/2434/4800
f 2532/2484/4801 2523/2460/4801 2473/2435/4801
f 2454/2406/4802 2541/2485/4802 2494/2446/4802
f 2511/2461/4803 2512/2462/4803 2485/2436/4803
f 2512/2462/4804 2524/2475/4804 2455/2398/4804
f 2561/2486/4805 2475/2425/4805 2474/2424/4805
f 2533/2476/4806 2518/2467/4806 2477/2428/4806
f 2534/2487/4807 2525/2469/4807 2519/2468/4807
f 2563/2488/4808 2490/2415/4808 2525/2469/4808
f 2563/2488/4809 2496/2470/4809 2490/2415/4809
f 2527/2478/4810 2497/2448/4810 2479/2416/4810
f 2521/2472/4811 2528/2479/4811 2482/2432/4811
f 2535/2489/4812 2491/2442/4812 2499/2449/4812
f 2567/2490/4813 2500/2450/4813 2491/2442/4813
f 2551/2491/4814 2537/2492/4814 2492/2443/4814
f 2537/2492/4815 2522/2444/4815 2492/2443/4815
f 2522/2444/4816 2538/2493/4816 2493/2453/4816
f 2504/2454/4817 2505/2455/4817 2469/2421/4817
f 2505/2455/4818 2507/2457/4818 2506/2456/4818
f 2507/2457/4819 2539/2494/4819 2508/2458/4819
f 2510/2459/4820 2540/2483/4820 2483/2434/4820
f 2532/2484/4821 2473/2435/4821 2540/2483/4821
f 2543/2495/4822 2512/2462/4822 2511/2461/4822
f 2524/2475/4823 2559/2496/4823 2513/2463/4823
f 2559/2496/4824 2457/2408/4824 2513/2463/4824
f 2560/2497/4825 2474/2424/4825 2457/2408/4825
f 2561/2486/4826 2544/2498/4826 2475/2425/4826
f 2544/2498/4827 2514/2464/4827 2475/2425/4827
f 2562/2499/4828 2517/2447/4828 2516/2466/4828
f 2562/2499/4829 2545/2500/4829 2517/2447/4829
f 2545/2500/4830 2488/2439/4830 2517/2447/4830
f 2545/2500/4831 2533/2476/4831 2488/2439/4831
f 2518/2467/4832 2534/2487/4832 2519/2468/4832
f 2546/2501/4833 2520/2471/4833 2526/2477/4833
f 2527/2478/4834 2480/2429/4834 2497/2448/4834
f 2527/2478/4835 2481/2441/4835 2480/2429/4835
f 2547/2502/4836 2535/2489/4836 2499/2449/4836
f 2535/2489/4837 2567/2490/4837 2491/2442/4837
f 2567/2490/4838 2548/2503/4838 2500/2450/4838
f 2549/2504/4839 2501/2473/4839 2530/2481/4839
f 2569/2505/4840 2503/2452/4840 2467/2419/4840
f 2536/2506/4841 2492/2443/4841 2503/2452/4841
f 2536/2506/4842 2551/2491/4842 2492/2443/4842
f 2538/2493/4843 2552/2507/4843 2493/2453/4843
f 2552/2507/4844 2504/2454/4844 2493/2453/4844
f 2553/2508/4845 2507/2457/4845 2505/2455/4845
f 2553/2508/4846 2554/2509/4846 2507/2457/4846
f 2539/2494/4847 2509/2482/4847 2508/2458/4847
f 2555/2510/4848 2472/2433/4848 2509/2482/4848
f 2555/2510/4849 2531/2474/4849 2472/2433/4849
f 2556/2511/4850 2510/2459/4850 2531/2474/4850
f 2557/2512/4851 2484/2445/4851 2523/2460/4851
f 2484/2445/4852 2541/2485/4852 2454/2406/4852
f 2541/2485/4853 2511/2461/4853 2494/2446/4853
f 2541/2485/4854 2558/2513/4854 2511/2461/4854
f 2558/2513/4855 2542/2514/4855 2511/2461/4855
f 2542/2514/4856 2543/2495/4856 2511/2461/4856
f 2512/2462/4857 2559/2496/4857 2524/2475/4857
f 2560/2497/4858 2457/2408/4858 2559/2496/4858
f 2560/2497/4859 2561/2486/4859 2474/2424/4859
f 2544/2498/4860 2515/2465/4860 2514/2464/4860
f 2544/2498/4861 2516/2466/4861 2515/2465/4861
f 2533/2476/4862 2577/2515/4862 2518/2467/4862
f 2577/2515/4863 2534/2487/4863 2518/2467/4863
f 2534/2487/4864 2563/2488/4864 2525/2469/4864
f 2563/2488/4865 2564/2516/4865 2496/2470/4865
f 2529/2480/4866 2566/2517/4866 2499/2449/4866
f 2566/2517/4867 2547/2502/4867 2499/2449/4867
f 2568/2518/4868 2530/2481/4868 2500/2450/4868
f 2569/2505/4869 2467/2419/4869 2502/2451/4869
f 2569/2505/4870 2550/2519/4870 2503/2452/4870
f 2550/2519/4871 2536/2506/4871 2503/2452/4871
f 2552/2507/4872 2570/2520/4872 2504/2454/4872
f 2570/2520/4873 2505/2455/4873 2504/2454/4873
f 2570/2520/4874 2553/2508/4874 2505/2455/4874
f 2554/2509/4875 2539/2494/4875 2507/2457/4875
f 2571/2521/4876 2555/2510/4876 2509/2482/4876
f 2572/2522/4877 2531/2474/4877 2555/2510/4877
f 2573/2523/4878 2540/2483/4878 2510/2459/4878
f 2574/2524/4879 2532/2484/4879 2540/2483/4879
f 2532/2484/4880 2557/2512/4880 2523/2460/4880
f 2557/2512/4881 2541/2485/4881 2484/2445/4881
f 2543/2495/4882 2559/2496/4882 2512/2462/4882
f 2576/2525/4883 2516/2466/4883 2544/2498/4883
f 2576/2525/4884 2562/2499/4884 2516/2466/4884
f 2577/2515/4885 2533/2476/4885 2545/2500/4885
f 2564/2516/4886 2578/2526/4886 2496/2470/4886
f 2578/2526/4887 2526/2477/4887 2496/2470/4887
f 2578/2526/4888 2546/2501/4888 2526/2477/4888
f 2546/2501/4889 2527/2478/4889 2520/2471/4889
f 67/2431/4890 2565/2527/4890 2521/2472/4890
f 2528/2479/4891 2566/2517/4891 2529/2480/4891
f 2547/2502/4892 2567/2490/4892 2535/2489/4892
f 2567/2490/4893 2579/2528/4893 2548/2503/4893
f 2548/2503/4894 2568/2518/4894 2500/2450/4894
f 2580/2529/4895 2530/2481/4895 2568/2518/4895
f 2581/2530/4896 2522/2444/4896 2537/2492/4896
f 2581/2530/4897 2538/2493/4897 2522/2444/4897
f 2582/2531/4898 2552/2507/4898 2538/2493/4898
f 2539/2494/4899 2571/2521/4899 2509/2482/4899
f 2572/2522/4900 2556/2511/4900 2531/2474/4900
f 2556/2511/4901 2573/2523/4901 2510/2459/4901
f 2557/2512/4902 2583/2532/4902 2541/2485/4902
f 2583/2532/4903 2575/2533/4903 2541/2485/4903
f 2598/2534/4904 2543/2495/4904 2542/2514/4904
f 2543/2495/4905 2599/2535/4905 2559/2496/4905
f 2585/2536/4906 2545/2500/4906 2562/2499/4906
f 2585/2536/4907 2586/2537/4907 2545/2500/4907
f 2586/2537/4908 2577/2515/4908 2545/2500/4908
f 2588/2538/4909 2563/2488/4909 2534/2487/4909
f 2589/2539/4910 2566/2517/4910 2528/2479/4910
f 2590/2540/4911 2567/2490/4911 2547/2502/4911
f 2591/2541/4912 2579/2528/4912 2567/2490/4912
f 2579/2528/4913 2568/2518/4913 2548/2503/4913
f 2549/2504/4914 2530/2481/4914 2580/2529/4914
f 2501/2473/4915 2592/2542/4915 2502/2451/4915
f 2592/2542/4916 2569/2505/4916 2502/2451/4916
f 2581/2530/4917 2582/2531/4917 2538/2493/4917
f 2593/2543/4918 2553/2508/4918 2570/2520/4918
f 2553/2508/4919 2539/2494/4919 2554/2509/4919
f 2594/2544/4920 2556/2511/4920 2572/2522/4920
f 2573/2523/4921 2595/2545/4921 2540/2483/4921
f 2574/2524/4922 2596/2546/4922 2532/2484/4922
f 2596/2546/4923 2557/2512/4923 2532/2484/4923
f 2596/2546/4924 2597/2547/4924 2557/2512/4924
f 2598/2534/4925 2542/2514/4925 2558/2513/4925
f 2598/2534/4926 2599/2535/4926 2543/2495/4926
f 2599/2535/4927 2560/2497/4927 2559/2496/4927
f 2600/2548/4928 2584/2549/4928 2544/2498/4928
f 2584/2549/4929 2576/2525/4929 2544/2498/4929
f 2601/2550/4930 2562/2499/4930 2576/2525/4930
f 2611/2551/4931 2587/2552/4931 2577/2515/4931
f 2587/2552/4932 2602/2553/4932 2577/2515/4932
f 2602/2553/4933 2534/2487/4933 2577/2515/4933
f 2588/2538/4934 2564/2516/4934 2563/2488/4934
f 2578/2526/4935 2635/2554/4935 2546/2501/4935
f 2565/2527/4936 2528/2479/4936 2521/2472/4936
f 2565/2527/4937 2589/2539/4937 2528/2479/4937
f 2589/2539/4938 2604/2555/4938 2566/2517/4938
f 2604/2555/4939 2547/2502/4939 2566/2517/4939
f 2604/2555/4940 2590/2540/4940 2547/2502/4940
f 2590/2540/4941 2591/2541/4941 2567/2490/4941
f 2591/2541/4942 2568/2518/4942 2579/2528/4942
f 2549/2504/4943 2592/2542/4943 2501/2473/4943
f 2622/2556/4944 2536/2506/4944 2550/2519/4944
f 2551/2491/4945 2581/2530/4945 2537/2492/4945
f 2582/2531/4946 2605/2557/4946 2552/2507/4946
f 2605/2557/4947 2570/2520/4947 2552/2507/4947
f 2605/2557/4948 2606/2558/4948 2570/2520/4948
f 2606/2558/4949 2593/2543/4949 2570/2520/4949
f 2607/2559/4950 2539/2494/4950 2553/2508/4950
f 2607/2559/4951 2571/2521/4951 2539/2494/4951
f 2571/2521/4952 2608/2560/4952 2555/2510/4952
f 2608/2560/4953 2572/2522/4953 2555/2510/4953
f 2594/2544/4954 2573/2523/4954 2556/2511/4954
f 2609/2561/4955 2595/2545/4955 2573/2523/4955
f 2595/2545/4956 2574/2524/4956 2540/2483/4956
f 2597/2547/4957 2583/2532/4957 2557/2512/4957
f 2610/2562/4958 2561/2486/4958 2560/2497/4958
f 2610/2562/4959 2600/2548/4959 2561/2486/4959
f 2600/2548/4960 2544/2498/4960 2561/2486/4960
f 2618/2563/4961 2576/2525/4961 2584/2549/4961
f 2602/2553/4962 2588/2538/4962 2534/2487/4962
f 2635/2554/4963 2603/2564/4963 2546/2501/4963
f 2481/2441/4964 2527/2478/4964 2546/2501/4964
f 2612/2565/4965 66/2430/4965 2498/2417/4965
f 68/2566/4966 2565/2527/4966 67/2431/4966
f 2565/2527/4967 2604/2555/4967 2589/2539/4967
f 2591/2541/4968 2613/2567/4968 2568/2518/4968
f 2613/2567/4969 2580/2529/4969 2568/2518/4969
f 2580/2529/4970 2614/2568/4970 2549/2504/4970
f 2614/2568/4971 2592/2542/4971 2549/2504/4971
f 2615/2569/4972 2581/2530/4972 2551/2491/4972
f 2593/2543/4973 2607/2559/4973 2553/2508/4973
f 2608/2560/4974 2594/2544/4974 2572/2522/4974
f 2594/2544/4975 2609/2561/4975 2573/2523/4975
f 2609/2561/4976 2616/2570/4976 2595/2545/4976
f 2597/2547/4977 2630/2571/4977 2583/2532/4977
f 2575/2533/4978 2558/2513/4978 2541/2485/4978
f 2617/2572/4979 2560/2497/4979 2599/2535/4979
f 2619/2573/4980 2588/2538/4980 2602/2553/4980
f 2564/2516/4981 2635/2554/4981 2578/2526/4981
f 2620/2574/4982 2498/2417/4982 2481/2441/4982
f 2590/2540/4983 2621/2575/4983 2591/2541/4983
f 2622/2556/4984 2550/2519/4984 2569/2505/4984
f 2623/2576/4985 2551/2491/4985 2536/2506/4985
f 2623/2576/4986 2615/2569/4986 2551/2491/4986
f 2582/2531/4987 2638/2577/4987 2605/2557/4987
f 2605/2557/4988 2625/2578/4988 2606/2558/4988
f 2626/2579/4989 2571/2521/4989 2607/2559/4989
f 2571/2521/4990 2627/2580/4990 2608/2560/4990
f 2608/2560/4991 2628/2581/4991 2594/2544/4991
f 2628/2581/4992 2609/2561/4992 2594/2544/4992
f 2616/2570/4993 2574/2524/4993 2595/2545/4993
f 2574/2524/4994 2629/2582/4994 2596/2546/4994
f 2629/2582/4995 2597/2547/4995 2596/2546/4995
f 2575/2533/4996 2598/2534/4996 2558/2513/4996
f 2610/2562/4997 2560/2497/4997 2617/2572/4997
f 2610/2562/4998 2631/2583/4998 2600/2548/4998
f 2618/2563/4999 2601/2550/4999 2576/2525/4999
f 2601/2550/5000 2632/2584/5000 2562/2499/5000
f 2632/2584/5001 2585/2536/5001 2562/2499/5001
f 2632/2584/5002 2586/2537/5002 2585/2536/5002
f 2611/2551/5003 2577/2515/5003 2586/2537/5003
f 2633/2585/5004 2588/2538/5004 2619/2573/5004
f 2633/2585/5005 2564/2516/5005 2588/2538/5005
f 2633/2585/5006 2634/2586/5006 2564/2516/5006
f 2634/2586/5007 2635/2554/5007 2564/2516/5007
f 2603/2564/5008 2481/2441/5008 2546/2501/5008
f 70/2587/5009 2565/2527/5009 68/2566/5009
f 2621/2575/5010 2613/2567/5010 2591/2541/5010
f 2613/2567/5011 2637/2588/5011 2580/2529/5011
f 2637/2588/5012 2614/2568/5012 2580/2529/5012
f 2592/2542/5013 2622/2556/5013 2569/2505/5013
f 2622/2556/5014 2623/2576/5014 2536/2506/5014
f 2615/2569/5015 2624/2589/5015 2581/2530/5015
f 2624/2589/5016 2582/2531/5016 2581/2530/5016
f 2624/2589/5017 2638/2577/5017 2582/2531/5017
f 2606/2558/5018 2607/2559/5018 2593/2543/5018
f 2645/2590/5019 2626/2579/5019 2607/2559/5019
f 2626/2579/5020 2627/2580/5020 2571/2521/5020
f 2628/2581/5021 2616/2570/5021 2609/2561/5021
f 2616/2570/5022 2629/2582/5022 2574/2524/5022
f 2629/2582/5023 2630/2571/5023 2597/2547/5023
f 2630/2571/5024 2575/2533/5024 2583/2532/5024
f 2598/2534/5025 2617/2572/5025 2599/2535/5025
f 2600/2548/5026 2618/2563/5026 2584/2549/5026
f 2646/2591/5027 2601/2550/5027 2618/2563/5027
f 2601/2550/5028 2639/2592/5028 2632/2584/5028
f 2639/2592/5029 2586/2537/5029 2632/2584/5029
f 2639/2592/5030 2640/2593/5030 2586/2537/5030
f 2586/2537/5031 2640/2593/5031 2611/2551/5031
f 2619/2573/5032 2602/2553/5032 2587/2552/5032
f 2636/2594/5033 2620/2574/5033 2481/2441/5033
f 2620/2574/5034 2612/2565/5034 2498/2417/5034
f 2612/2565/5035 69/2595/5035 66/2430/5035
f 70/2587/5036 2641/2596/5036 2565/2527/5036
f 2642/2597/5037 2604/2555/5037 2565/2527/5037
f 2643/2598/5038 2590/2540/5038 2604/2555/5038
f 2643/2598/5039 2621/2575/5039 2590/2540/5039
f 2614/2568/5040 2644/2599/5040 2592/2542/5040
f 2606/2558/5041 2645/2590/5041 2607/2559/5041
f 2647/2600/5042 2601/2550/5042 2646/2591/5042
f 2640/2593/5043 2587/2552/5043 2611/2551/5043
f 2648/2601/5044 2619/2573/5044 2587/2552/5044
f 2636/2594/5045 2481/2441/5045 2603/2564/5045
f 2641/2596/5046 2642/2597/5046 2565/2527/5046
f 2649/2602/5047 2621/2575/5047 2643/2598/5047
f 2650/2603/5048 2637/2588/5048 2613/2567/5048
f 2637/2588/5049 2644/2599/5049 2614/2568/5049
f 2665/2604/5050 2622/2556/5050 2592/2542/5050
f 2651/2605/5051 2625/2578/5051 2605/2557/5051
f 2651/2605/5052 2652/2606/5052 2625/2578/5052
f 2625/2578/5053 2653/2607/5053 2606/2558/5053
f 2653/2607/5054 2645/2590/5054 2606/2558/5054
f 2654/2608/5055 2626/2579/5055 2645/2590/5055
f 2626/2579/5056 2655/2609/5056 2627/2580/5056
f 2627/2580/5057 2628/2581/5057 2608/2560/5057
f 2616/2570/5058 2666/2610/5058 2629/2582/5058
f 2656/2611/5059 2630/2571/5059 2629/2582/5059
f 2657/2612/5060 2575/2533/5060 2630/2571/5060
f 2667/2613/5061 2598/2534/5061 2575/2533/5061
f 2631/2583/5062 2658/2614/5062 2600/2548/5062
f 2658/2614/5063 2618/2563/5063 2600/2548/5063
f 2658/2614/5064 2646/2591/5064 2618/2563/5064
f 2647/2600/5065 2639/2592/5065 2601/2550/5065
f 2661/2615/5066 2642/2597/5066 2641/2596/5066
f 2604/2555/5067 2642/2597/5067 2643/2598/5067
f 2662/2616/5068 2613/2567/5068 2621/2575/5068
f 2663/2617/5069 2613/2567/5069 2662/2616/5069
f 2644/2599/5070 2664/2618/5070 2592/2542/5070
f 2638/2577/5071 2651/2605/5071 2605/2557/5071
f 2654/2608/5072 2655/2609/5072 2626/2579/5072
f 2655/2609/5073 2628/2581/5073 2627/2580/5073
f 2666/2610/5074 2616/2570/5074 2628/2581/5074
f 2666/2610/5075 2656/2611/5075 2629/2582/5075
f 2656/2611/5076 2657/2612/5076 2630/2571/5076
f 2668/2619/5077 2617/2572/5077 2598/2534/5077
f 2668/2619/5078 2669/2620/5078 2617/2572/5078
f 2670/2621/5079 2610/2562/5079 2617/2572/5079
f 2670/2621/5080 2671/2622/5080 2610/2562/5080
f 2671/2622/5081 2631/2583/5081 2610/2562/5081
f 2672/2623/5082 2658/2614/5082 2631/2583/5082
f 2673/2624/5083 2640/2593/5083 2639/2592/5083
f 2673/2624/5084 2674/2625/5084 2640/2593/5084
f 2648/2601/5085 2587/2552/5085 2640/2593/5085
f 2659/2626/5086 2634/2586/5086 2633/2585/5086
f 2659/2626/5087 2635/2554/5087 2634/2586/5087
f 2684/2627/5045 2636/2594/5045 2603/2564/5045
f 71/2628/5088 2641/2596/5088 70/2587/5088
f 2675/2629/5089 2643/2598/5089 2642/2597/5089
f 2649/2602/5090 2662/2616/5090 2621/2575/5090
f 2663/2617/5091 2650/2603/5091 2613/2567/5091
f 2637/2588/5092 2676/2630/5092 2644/2599/5092
f 2676/2630/5093 2664/2618/5093 2644/2599/5093
f 2664/2618/5094 2665/2604/5094 2592/2542/5094
f 2677/2631/5095 2615/2569/5095 2623/2576/5095
f 2677/2631/5015 2624/2589/5015 2615/2569/5015
f 2677/2631/5096 2686/2632/5096 2624/2589/5096
f 2652/2606/5097 2653/2607/5097 2625/2578/5097
f 2653/2607/5098 2679/2633/5098 2645/2590/5098
f 2679/2633/5099 2680/2634/5099 2645/2590/5099
f 2680/2634/5100 2654/2608/5100 2645/2590/5100
f 2680/2634/5101 2655/2609/5101 2654/2608/5101
f 2655/2609/5102 2681/2635/5102 2628/2581/5102
f 2667/2613/5103 2575/2533/5103 2657/2612/5103
f 2668/2619/5104 2598/2534/5104 2667/2613/5104
f 2671/2622/5105 2672/2623/5105 2631/2583/5105
f 2658/2614/5106 2647/2600/5106 2646/2591/5106
f 2639/2592/5107 2682/2636/5107 2673/2624/5107
f 2674/2625/5108 2648/2601/5108 2640/2593/5108
f 2648/2601/5109 2683/2637/5109 2619/2573/5109
f 2683/2637/5110 2633/2585/5110 2619/2573/5110
f 2683/2637/5111 2659/2626/5111 2633/2585/5111
f 2684/2627/5112 2603/2564/5112 2635/2554/5112
f 2661/2615/5113 2641/2596/5113 71/2628/5113
f 2685/2638/5114 2642/2597/5114 2661/2615/5114
f 2675/2629/5115 2649/2602/5115 2643/2598/5115
f 2650/2603/5116 2676/2630/5116 2637/2588/5116
f 2622/2556/5117 2677/2631/5117 2623/2576/5117
f 2686/2632/5118 2678/2639/5118 2624/2589/5118
f 2678/2639/5119 2638/2577/5119 2624/2589/5119
f 2680/2634/5120 2687/2640/5120 2655/2609/5120
f 2681/2635/5121 2688/2641/5121 2628/2581/5121
f 2688/2641/5122 2666/2610/5122 2628/2581/5122
f 2657/2612/5123 2690/2642/5123 2667/2613/5123
f 2691/2643/5124 2668/2619/5124 2667/2613/5124
f 2669/2620/5125 2670/2621/5125 2617/2572/5125
f 2693/2644/5126 2674/2625/5126 2673/2624/5126
f 2660/2645/5127 2612/2565/5127 2620/2574/5127
f 2685/2638/5128 2675/2629/5128 2642/2597/5128
f 2694/2646/5129 2650/2603/5129 2663/2617/5129
f 2695/2647/5130 2622/2556/5130 2665/2604/5130
f 2652/2606/5131 2679/2633/5131 2653/2607/5131
f 2679/2633/5132 2696/2648/5132 2680/2634/5132
f 2697/2649/5133 2687/2640/5133 2680/2634/5133
f 2687/2640/5134 2698/2650/5134 2655/2609/5134
f 2698/2650/5135 2681/2635/5135 2655/2609/5135
f 2698/2650/5136 2699/2651/5136 2681/2635/5136
f 2656/2611/5137 2689/2652/5137 2657/2612/5137
f 2689/2652/5138 2690/2642/5138 2657/2612/5138
f 2690/2642/5139 2691/2643/5139 2667/2613/5139
f 2714/2653/5140 2670/2621/5140 2669/2620/5140
f 2700/2654/5141 2671/2622/5141 2670/2621/5141
f 2701/2655/5142 2672/2623/5142 2671/2622/5142
f 2672/2623/5143 2737/2656/5143 2658/2614/5143
f 2682/2636/5144 2639/2592/5144 2647/2600/5144
f 2682/2636/5145 2693/2644/5145 2673/2624/5145
f 2674/2625/5146 2702/2657/5146 2648/2601/5146
f 2702/2657/5147 2683/2637/5147 2648/2601/5147
f 2725/2658/5148 2703/2659/5148 2683/2637/5148
f 2703/2659/5149 2659/2626/5149 2683/2637/5149
f 2659/2626/5150 2684/2627/5150 2635/2554/5150
f 2716/2660/5151 2620/2574/5151 2636/2594/5151
f 2716/2660/5152 2660/2645/5152 2620/2574/5152
f 2612/2565/5153 72/2661/5153 69/2595/5153
f 73/2662/5154 2661/2615/5154 71/2628/5154
f 73/2662/5155 2705/2663/5155 2661/2615/5155
f 2705/2663/5156 2685/2638/5156 2661/2615/5156
f 2706/2664/5157 2663/2617/5157 2662/2616/5157
f 2650/2603/5158 2707/2665/5158 2676/2630/5158
f 2708/2666/5159 2665/2604/5159 2664/2618/5159
f 2708/2666/5160 2695/2647/5160 2665/2604/5160
f 2678/2639/5161 2710/2667/5161 2638/2577/5161
f 2710/2667/5162 2651/2605/5162 2638/2577/5162
f 2651/2605/5163 2711/2668/5163 2652/2606/5163
f 2696/2648/5164 2697/2649/5164 2680/2634/5164
f 2697/2649/5165 2698/2650/5165 2687/2640/5165
f 2699/2651/5166 2688/2641/5166 2681/2635/5166
f 2712/2669/5167 2666/2610/5167 2688/2641/5167
f 2712/2669/5168 2713/2670/5168 2666/2610/5168
f 2713/2670/5169 2656/2611/5169 2666/2610/5169
f 2668/2619/5170 2714/2653/5170 2669/2620/5170
f 2700/2654/5171 2701/2655/5171 2671/2622/5171
f 2701/2655/5172 2715/2671/5172 2672/2623/5172
f 2715/2671/5173 2737/2656/5173 2672/2623/5173
f 2737/2656/5174 2692/2672/5174 2658/2614/5174
f 2692/2672/5175 2647/2600/5175 2658/2614/5175
f 2682/2636/5176 2647/2600/5176 2692/2672/5176
f 2716/2660/5177 2636/2594/5177 2684/2627/5177
f 2704/2673/5178 72/2661/5178 2612/2565/5178
f 2705/2663/5179 2717/2674/5179 2685/2638/5179
f 2685/2638/5180 2718/2675/5180 2675/2629/5180
f 2719/2676/5181 2649/2602/5181 2675/2629/5181
f 2719/2676/5182 2662/2616/5182 2649/2602/5182
f 2706/2664/5183 2694/2646/5183 2663/2617/5183
f 2676/2630/5184 2708/2666/5184 2664/2618/5184
f 2709/2677/5185 2677/2631/5185 2622/2556/5185
f 2730/2678/5186 2686/2632/5186 2677/2631/5186
f 2720/2679/5187 2651/2605/5187 2710/2667/5187
f 2679/2633/5188 2721/2680/5188 2696/2648/5188
f 2713/2670/5189 2722/2681/5189 2656/2611/5189
f 2722/2681/5190 2689/2652/5190 2656/2611/5190
f 2691/2643/5191 2714/2653/5191 2668/2619/5191
f 2723/2682/5192 2670/2621/5192 2714/2653/5192
f 2723/2682/5193 2700/2654/5193 2670/2621/5193
f 2724/2683/5194 2693/2644/5194 2682/2636/5194
f 2702/2657/5195 2725/2658/5195 2683/2637/5195
f 2703/2659/5196 2684/2627/5196 2659/2626/5196
f 2660/2645/5197 2704/2673/5197 2612/2565/5197
f 2727/2684/5198 72/2661/5198 2704/2673/5198
f 2717/2674/5199 2718/2675/5199 2685/2638/5199
f 2718/2675/5200 2719/2676/5200 2675/2629/5200
f 2694/2646/5201 2707/2665/5201 2650/2603/5201
f 2740/2685/5202 2708/2666/5202 2676/2630/5202
f 2695/2647/5203 2709/2677/5203 2622/2556/5203
f 2686/2632/5204 2710/2667/5204 2678/2639/5204
f 2711/2668/5205 2731/2686/5205 2652/2606/5205
f 2731/2686/5206 2679/2633/5206 2652/2606/5206
f 2732/2687/5207 2697/2649/5207 2696/2648/5207
f 2697/2649/5208 2733/2688/5208 2698/2650/5208
f 2733/2688/5209 2699/2651/5209 2698/2650/5209
f 2757/2689/5210 2689/2652/5210 2722/2681/5210
f 2734/2690/5211 2690/2642/5211 2689/2652/5211
f 2734/2690/5212 2691/2643/5212 2690/2642/5212
f 2746/2691/5213 2723/2682/5213 2714/2653/5213
f 2723/2682/5214 2735/2692/5214 2700/2654/5214
f 2736/2693/5215 2701/2655/5215 2700/2654/5215
f 2764/2694/5216 2715/2671/5216 2701/2655/5216
f 2702/2657/5217 2674/2625/5217 2693/2644/5217
f 2760/2695/5218 2716/2660/5218 2684/2627/5218
f 2738/2696/5219 2704/2673/5219 2660/2645/5219
f 2761/2697/5220 72/2661/5220 2727/2684/5220
f 2739/2698/5221 2717/2674/5221 2705/2663/5221
f 2728/2699/5222 2662/2616/5222 2719/2676/5222
f 2728/2699/5223 2706/2664/5223 2662/2616/5223
f 2740/2685/5224 2676/2630/5224 2707/2665/5224
f 2740/2685/5225 2729/2700/5225 2708/2666/5225
f 2708/2666/5226 2741/2701/5226 2695/2647/5226
f 2742/2702/5227 2711/2668/5227 2651/2605/5227
f 2755/2703/5228 2731/2686/5228 2711/2668/5228
f 2732/2687/5229 2743/2704/5229 2697/2649/5229
f 2743/2704/5230 2733/2688/5230 2697/2649/5230
f 2688/2641/5231 2744/2705/5231 2712/2669/5231
f 2744/2705/5232 2713/2670/5232 2712/2669/5232
f 2746/2691/5233 2691/2643/5233 2734/2690/5233
f 2746/2691/5234 2714/2653/5234 2691/2643/5234
f 2736/2693/5235 2764/2694/5235 2701/2655/5235
f 2765/2706/5236 2692/2672/5236 2737/2656/5236
f 2747/2707/5237 2724/2683/5237 2682/2636/5237
f 2724/2683/5238 2702/2657/5238 2693/2644/5238
f 2748/2708/5239 2660/2645/5239 2716/2660/5239
f 2748/2708/5240 2749/2709/5240 2660/2645/5240
f 2727/2684/5241 2704/2673/5241 2738/2696/5241
f 2717/2674/5242 2750/2710/5242 2718/2675/5242
f 2750/2710/5243 2719/2676/5243 2718/2675/5243
f 2728/2699/5244 2751/2711/5244 2706/2664/5244
f 2706/2664/5245 2752/2712/5245 2694/2646/5245
f 2729/2700/5246 2741/2701/5246 2708/2666/5246
f 2753/2713/5247 2709/2677/5247 2695/2647/5247
f 2710/2667/5248 2754/2714/5248 2720/2679/5248
f 2754/2714/5249 2651/2605/5249 2720/2679/5249
f 2754/2714/5250 2742/2702/5250 2651/2605/5250
f 2731/2686/5251 2775/2715/5251 2679/2633/5251
f 2775/2715/5252 2721/2680/5252 2679/2633/5252
f 2721/2680/5253 2732/2687/5253 2696/2648/5253
f 2777/2716/5254 2743/2704/5254 2732/2687/5254
f 2699/2651/5255 2744/2705/5255 2688/2641/5255
f 2744/2705/5256 2757/2689/5256 2713/2670/5256
f 2757/2689/5257 2722/2681/5257 2713/2670/5257
f 2757/2689/5258 2745/2717/5258 2689/2652/5258
f 2745/2717/5259 2734/2690/5259 2689/2652/5259
f 2758/2718/5260 2746/2691/5260 2734/2690/5260
f 2759/2719/5261 2715/2671/5261 2764/2694/5261
f 2759/2719/5262 2737/2656/5262 2715/2671/5262
f 2765/2706/5263 2682/2636/5263 2692/2672/5263
f 2724/2683/5264 2796/2720/5264 2702/2657/5264
f 2766/2721/5265 2703/2659/5265 2725/2658/5265
f 2726/2722/5266 2760/2695/5266 2684/2627/5266
f 2749/2709/5267 2738/2696/5267 2660/2645/5267
f 2761/2697/5268 2727/2684/5268 2738/2696/5268
f 2739/2698/5269 2750/2710/5269 2717/2674/5269
f 2750/2710/5270 2728/2699/5270 2719/2676/5270
f 2750/2710/5271 2762/2723/5271 2728/2699/5271
f 2751/2711/5272 2752/2712/5272 2706/2664/5272
f 2752/2712/5273 2707/2665/5273 2694/2646/5273
f 2789/2724/5274 2695/2647/5274 2741/2701/5274
f 2789/2724/5275 2753/2713/5275 2695/2647/5275
f 2709/2677/5276 2730/2678/5276 2677/2631/5276
f 2774/2725/5277 2686/2632/5277 2730/2678/5277
f 2763/2726/5278 2754/2714/5278 2710/2667/5278
f 2742/2702/5279 2755/2703/5279 2711/2668/5279
f 2721/2680/5280 2777/2716/5280 2732/2687/5280
f 2733/2688/5281 2756/2727/5281 2699/2651/5281
f 2756/2727/5282 2744/2705/5282 2699/2651/5282
f 2735/2692/5283 2736/2693/5283 2700/2654/5283
f 2765/2706/5284 2737/2656/5284 2759/2719/5284
f 2765/2706/5285 2747/2707/5285 2682/2636/5285
f 2703/2659/5286 2726/2722/5286 2684/2627/5286
f 2767/2728/5287 2716/2660/5287 2760/2695/5287
f 2716/2660/5288 2768/2729/5288 2748/2708/5288
f 2769/2730/5289 2770/2731/5289 2748/2708/5289
f 2770/2731/5290 2749/2709/5290 2748/2708/5290
f 2749/2709/5291 2771/2732/5291 2738/2696/5291
f 2771/2732/5292 2761/2697/5292 2738/2696/5292
f 2762/2723/5293 2751/2711/5293 2728/2699/5293
f 2752/2712/5294 2740/2685/5294 2707/2665/5294
f 2740/2685/5295 2773/2733/5295 2729/2700/5295
f 2710/2667/5296 2686/2632/5296 2774/2725/5296
f 2812/2734/5297 2731/2686/5297 2755/2703/5297
f 2812/2734/5298 2775/2715/5298 2731/2686/5298
f 2775/2715/5299 2777/2716/5299 2721/2680/5299
f 2778/2735/5300 2733/2688/5300 2743/2704/5300
f 2778/2735/5301 2756/2727/5301 2733/2688/5301
f 2779/2736/5302 2757/2689/5302 2744/2705/5302
f 2757/2689/5303 2780/2737/5303 2745/2717/5303
f 2735/2692/5304 2781/2738/5304 2736/2693/5304
f 2781/2738/5305 2782/2739/5305 2736/2693/5305
f 2782/2739/5306 2764/2694/5306 2736/2693/5306
f 2782/2739/5307 2759/2719/5307 2764/2694/5307
f 2796/2720/5308 2725/2658/5308 2702/2657/5308
f 2783/2740/5309 2726/2722/5309 2703/2659/5309
f 2767/2728/5310 2768/2729/5310 2716/2660/5310
f 2785/2741/5311 2748/2708/5311 2768/2729/5311
f 2785/2741/5312 2769/2730/5312 2748/2708/5312
f 2797/2742/5313 2761/2697/5313 2771/2732/5313
f 2705/2663/5314 2772/2743/5314 2739/2698/5314
f 2787/2744/5315 2740/2685/5315 2752/2712/5315
f 2788/2745/5316 2773/2733/5316 2740/2685/5316
f 2773/2733/5317 2789/2724/5317 2729/2700/5317
f 2789/2724/5318 2741/2701/5318 2729/2700/5318
f 2709/2677/5319 2804/2746/5319 2730/2678/5319
f 2804/2746/5320 2790/2747/5320 2730/2678/5320
f 2790/2747/5321 2774/2725/5321 2730/2678/5321
f 2791/2748/5322 2710/2667/5322 2774/2725/5322
f 2778/2735/5323 2792/2749/5323 2756/2727/5323
f 2793/2750/5324 2734/2690/5324 2745/2717/5324
f 2793/2750/5325 2758/2718/5325 2734/2690/5325
f 2794/2751/5326 2723/2682/5326 2746/2691/5326
f 2795/2752/5327 2781/2738/5327 2735/2692/5327
f 2796/2720/5328 2724/2683/5328 2747/2707/5328
f 2766/2721/5329 2783/2740/5329 2703/2659/5329
f 2784/2753/5330 2767/2728/5330 2760/2695/5330
f 2749/2709/5331 2797/2742/5331 2771/2732/5331
f 2761/2697/5332 2798/2754/5332 72/2661/5332
f 74/2755/5333 2705/2663/5333 73/2662/5333
f 74/2755/5334 2772/2743/5334 2705/2663/5334
f 2799/2756/5335 2750/2710/5335 2739/2698/5335
f 2800/2757/5336 2762/2723/5336 2750/2710/5336
f 2800/2757/5337 2801/2758/5337 2762/2723/5337
f 2801/2758/5338 2751/2711/5338 2762/2723/5338
f 2751/2711/5339 2802/2759/5339 2752/2712/5339
f 2787/2744/5340 2788/2745/5340 2740/2685/5340
f 2803/2760/5341 2789/2724/5341 2773/2733/5341
f 2804/2746/5342 2709/2677/5342 2753/2713/5342
f 2791/2748/5343 2763/2726/5343 2710/2667/5343
f 2763/2726/5344 2742/2702/5344 2754/2714/5344
f 2776/2761/5345 2805/2762/5345 2775/2715/5345
f 2805/2762/5346 2777/2716/5346 2775/2715/5346
f 2806/2763/5347 2743/2704/5347 2777/2716/5347
f 2806/2763/5348 2778/2735/5348 2743/2704/5348
f 2756/2727/5349 2779/2736/5349 2744/2705/5349
f 2779/2736/5350 2807/2764/5350 2757/2689/5350
f 2815/2765/5351 2746/2691/5351 2758/2718/5351
f 2815/2765/5352 2794/2751/5352 2746/2691/5352
f 2794/2751/5353 2795/2752/5353 2723/2682/5353
f 2723/2682/5354 2795/2752/5354 2735/2692/5354
f 2816/2766/5355 2765/2706/5355 2759/2719/5355
f 2784/2753/5356 2809/2767/5356 2767/2728/5356
f 2809/2767/5356 2768/2729/5356 2767/2728/5356
f 2797/2742/5357 2786/2768/5357 2761/2697/5357
f 2798/2754/5358 2761/2697/5358 2786/2768/5358
f 2772/2743/5359 2799/2756/5359 2739/2698/5359
f 2799/2756/5360 2810/2769/5360 2750/2710/5360
f 2810/2769/5361 2800/2757/5361 2750/2710/5361
f 2801/2758/5362 2802/2759/5362 2751/2711/5362
f 2802/2759/5363 2787/2744/5363 2752/2712/5363
f 2789/2724/5364 2811/2770/5364 2753/2713/5364
f 2763/2726/5365 2852/2771/5365 2742/2702/5365
f 2776/2761/5366 2775/2715/5366 2812/2734/5366
f 2813/2772/5367 2806/2763/5367 2777/2716/5367
f 2806/2763/5368 2792/2749/5368 2778/2735/5368
f 2792/2749/5369 2814/2773/5369 2756/2727/5369
f 2814/2773/5370 2779/2736/5370 2756/2727/5370
f 2807/2764/5371 2780/2737/5371 2757/2689/5371
f 2816/2766/5372 2747/2707/5372 2765/2706/5372
f 2808/2774/5373 2725/2658/5373 2796/2720/5373
f 2808/2774/5374 2766/2721/5374 2725/2658/5374
f 2818/2775/5375 2783/2740/5375 2766/2721/5375
f 2783/2740/5376 2819/2776/5376 2726/2722/5376
f 2819/2776/5377 2760/2695/5377 2726/2722/5377
f 2819/2776/5378 2784/2753/5378 2760/2695/5378
f 2833/2777/5379 2785/2741/5379 2768/2729/5379
f 2769/2730/5380 2835/2778/5380 2770/2731/5380
f 2835/2778/5381 2820/2779/5381 2770/2731/5381
f 2820/2779/5382 2749/2709/5382 2770/2731/5382
f 2820/2779/5383 2797/2742/5383 2749/2709/5383
f 2802/2759/5384 2821/2780/5384 2787/2744/5384
f 2821/2780/5385 2822/2781/5385 2787/2744/5385
f 2822/2781/5386 2788/2745/5386 2787/2744/5386
f 2823/2782/5387 2773/2733/5387 2788/2745/5387
f 2803/2760/5388 2811/2770/5388 2789/2724/5388
f 2753/2713/5389 2824/2783/5389 2804/2746/5389
f 2825/2784/5390 2763/2726/5390 2791/2748/5390
f 2742/2702/5391 2812/2734/5391 2755/2703/5391
f 2814/2773/5392 2826/2785/5392 2779/2736/5392
f 2827/2786/5393 2758/2718/5393 2793/2750/5393
f 2795/2752/5394 2828/2787/5394 2781/2738/5394
f 2828/2787/5395 2829/2788/5395 2781/2738/5395
f 2829/2788/5396 2782/2739/5396 2781/2738/5396
f 2829/2788/5397 2759/2719/5397 2782/2739/5397
f 2817/2789/5398 2808/2774/5398 2796/2720/5398
f 2831/2790/5399 2784/2753/5399 2819/2776/5399
f 2831/2790/5400 2809/2767/5400 2784/2753/5400
f 2809/2767/5401 2833/2777/5401 2768/2729/5401
f 2834/2791/5402 2785/2741/5402 2833/2777/5402
f 2785/2741/5403 2835/2778/5403 2769/2730/5403
f 2820/2779/5404 2786/2768/5404 2797/2742/5404
f 2786/2768/5405 2836/2792/5405 2798/2754/5405
f 2837/2793/5406 2772/2743/5406 74/2755/5406
f 2837/2793/5407 2799/2756/5407 2772/2743/5407
f 2800/2757/5408 2838/2794/5408 2801/2758/5408
f 2838/2794/5409 2839/2795/5409 2801/2758/5409
f 2839/2795/5410 2802/2759/5410 2801/2758/5410
f 2811/2770/5411 2824/2783/5411 2753/2713/5411
f 2840/2796/5412 2790/2747/5412 2804/2746/5412
f 2790/2747/5413 2825/2784/5413 2774/2725/5413
f 2825/2784/5414 2791/2748/5414 2774/2725/5414
f 2825/2784/5415 2852/2771/5415 2763/2726/5415
f 2841/2797/5416 2742/2702/5416 2852/2771/5416
f 2842/2798/5417 2805/2762/5417 2776/2761/5417
f 2843/2799/5418 2777/2716/5418 2805/2762/5418
f 2777/2716/5419 2844/2800/5419 2813/2772/5419
f 2813/2772/5420 2792/2749/5420 2806/2763/5420
f 2813/2772/5421 2845/2801/5421 2792/2749/5421
f 2846/2802/5422 2826/2785/5422 2814/2773/5422
f 2826/2785/5423 2807/2764/5423 2779/2736/5423
f 2864/2803/5424 2745/2717/5424 2780/2737/5424
f 2827/2786/5425 2815/2765/5425 2758/2718/5425
f 2827/2786/5426 2794/2751/5426 2815/2765/5426
f 2847/2804/5427 2795/2752/5427 2794/2751/5427
f 2829/2788/5428 2816/2766/5428 2759/2719/5428
f 2848/2805/5429 2747/2707/5429 2816/2766/5429
f 2747/2707/5430 2849/2806/5430 2796/2720/5430
f 2832/2807/5431 2809/2767/5431 2831/2790/5431
f 2832/2807/5432 2833/2777/5432 2809/2767/5432
f 2834/2791/5433 2835/2778/5433 2785/2741/5433
f 2820/2779/5434 2868/2808/5434 2786/2768/5434
f 75/2809/5435 2837/2793/5435 74/2755/5435
f 2839/2795/5436 2821/2780/5436 2802/2759/5436
f 2851/2810/5437 2822/2781/5437 2821/2780/5437
f 2822/2781/5438 2823/2782/5438 2788/2745/5438
f 2841/2797/5439 2812/2734/5439 2742/2702/5439
f 2853/2811/5440 2776/2761/5440 2812/2734/5440
f 2842/2798/5441 2843/2799/5441 2805/2762/5441
f 2843/2799/5442 2844/2800/5442 2777/2716/5442
f 2845/2801/5443 2814/2773/5443 2792/2749/5443
f 2826/2785/5444 2854/2812/5444 2807/2764/5444
f 2864/2803/5445 2793/2750/5445 2745/2717/5445
f 2847/2804/5446 2828/2787/5446 2795/2752/5446
f 2856/2813/5447 2848/2805/5447 2816/2766/5447
f 2808/2774/5448 2830/2814/5448 2766/2721/5448
f 2830/2814/5449 2818/2775/5449 2766/2721/5449
f 2857/2815/5450 2833/2777/5450 2832/2807/5450
f 2868/2808/5451 2836/2792/5451 2786/2768/5451
f 2858/2816/5452 2799/2756/5452 2837/2793/5452
f 2858/2816/5453 2850/2817/5453 2799/2756/5453
f 2850/2817/5454 2810/2769/5454 2799/2756/5454
f 2850/2817/5455 2859/2818/5455 2810/2769/5455
f 2839/2795/5456 2851/2810/5456 2821/2780/5456
f 2823/2782/5457 2803/2760/5457 2773/2733/5457
f 2803/2760/5458 2860/2819/5458 2811/2770/5458
f 2860/2819/5459 2824/2783/5459 2811/2770/5459
f 2840/2796/5460 2825/2784/5460 2790/2747/5460
f 2862/2820/5461 2812/2734/5461 2841/2797/5461
f 2863/2821/5462 2843/2799/5462 2842/2798/5462
f 2846/2802/5463 2814/2773/5463 2845/2801/5463
f 2846/2802/5464 2854/2812/5464 2826/2785/5464
f 2854/2812/5465 2864/2803/5465 2807/2764/5465
f 2864/2803/5466 2780/2737/5466 2807/2764/5466
f 2864/2803/5467 2855/2822/5467 2793/2750/5467
f 2855/2822/5468 2827/2786/5468 2793/2750/5468
f 2827/2786/5469 2865/2823/5469 2794/2751/5469
f 2865/2823/5470 2847/2804/5470 2794/2751/5470
f 2878/2824/5471 2816/2766/5471 2829/2788/5471
f 2818/2775/5472 2819/2776/5472 2783/2740/5472
f 2866/2825/5473 2835/2778/5473 2834/2791/5473
f 2866/2825/5474 2867/2826/5474 2835/2778/5474
f 2867/2826/5475 2820/2779/5475 2835/2778/5475
f 2869/2827/5476 76/2828/5476 2798/2754/5476
f 2810/2769/5477 2870/2829/5477 2800/2757/5477
f 2870/2829/5478 2838/2794/5478 2800/2757/5478
f 2871/2830/5479 2839/2795/5479 2838/2794/5479
f 2871/2830/5480 2872/2831/5480 2839/2795/5480
f 2872/2831/5481 2851/2810/5481 2839/2795/5481
f 2879/2832/5482 2822/2781/5482 2851/2810/5482
f 2873/2833/5483 2840/2796/5483 2804/2746/5483
f 2862/2820/5484 2853/2811/5484 2812/2734/5484
f 2853/2811/5485 2842/2798/5485 2776/2761/5485
f 2863/2821/5486 2844/2800/5486 2843/2799/5486
f 2844/2800/5487 2874/2834/5487 2813/2772/5487
f 2874/2834/5488 2845/2801/5488 2813/2772/5488
f 2874/2834/5489 2875/2835/5489 2845/2801/5489
f 2875/2835/5490 2846/2802/5490 2845/2801/5490
f 2876/2836/5491 2854/2812/5491 2846/2802/5491
f 2854/2812/5492 2876/2836/5492 2864/2803/5492
f 2884/2837/5493 2855/2822/5493 2864/2803/5493
f 2827/2786/5494 2877/2838/5494 2865/2823/5494
f 2848/2805/5495 2849/2806/5495 2747/2707/5495
f 2830/2814/5496 2889/2839/5496 2818/2775/5496
f 2867/2826/5497 2868/2808/5497 2820/2779/5497
f 2891/2840/5498 2836/2792/5498 2868/2808/5498
f 2836/2792/5499 2869/2827/5499 2798/2754/5499
f 2859/2818/5500 2870/2829/5500 2810/2769/5500
f 2872/2831/5501 2879/2832/5501 2851/2810/5501
f 2879/2832/5502 2823/2782/5502 2822/2781/5502
f 2823/2782/5503 2880/2841/5503 2803/2760/5503
f 2824/2783/5504 2873/2833/5504 2804/2746/5504
f 2840/2796/5505 2881/2842/5505 2825/2784/5505
f 2881/2842/5506 2861/2843/5506 2825/2784/5506
f 2861/2843/5507 2852/2771/5507 2825/2784/5507
f 2882/2844/5508 2863/2821/5508 2842/2798/5508
f 2883/2845/5509 2876/2836/5509 2846/2802/5509
f 2877/2838/5510 2827/2786/5510 2855/2822/5510
f 2878/2824/5511 2856/2813/5511 2816/2766/5511
f 2885/2846/5512 2819/2776/5512 2818/2775/5512
f 2831/2790/5513 2857/2815/5513 2832/2807/5513
f 2891/2840/5514 2892/2847/5514 2836/2792/5514
f 75/2809/5515 78/2848/5515 2837/2793/5515
f 78/2848/5516 2858/2816/5516 2837/2793/5516
f 2870/2829/5517 2871/2830/5517 2838/2794/5517
f 2886/2849/5518 2880/2841/5518 2823/2782/5518
f 2880/2841/5519 2860/2819/5519 2803/2760/5519
f 2875/2835/5520 2883/2845/5520 2846/2802/5520
f 2876/2836/5521 2884/2837/5521 2864/2803/5521
f 2887/2850/5522 2855/2822/5522 2884/2837/5522
f 2887/2850/5523 2877/2838/5523 2855/2822/5523
f 2847/2804/5524 2888/2851/5524 2828/2787/5524
f 2828/2787/5525 2878/2824/5525 2829/2788/5525
f 2849/2806/5526 2902/2852/5526 2796/2720/5526
f 2902/2852/5527 2817/2789/5527 2796/2720/5527
f 2831/2790/5528 2905/2853/5528 2857/2815/5528
f 2890/2854/5529 2833/2777/5529 2857/2815/5529
f 2890/2854/5530 2834/2791/5530 2833/2777/5530
f 2834/2791/5531 2890/2854/5531 2866/2825/5531
f 2892/2847/5532 2906/2855/5532 2836/2792/5532
f 2906/2855/5533 2869/2827/5533 2836/2792/5533
f 2893/2856/5534 76/2828/5534 2869/2827/5534
f 2893/2856/5535 77/2857/5535 76/2828/5535
f 2870/2829/5536 2894/2858/5536 2871/2830/5536
f 2871/2830/5537 2895/2859/5537 2872/2831/5537
f 2895/2859/5538 2896/2860/5538 2872/2831/5538
f 2896/2860/5539 2879/2832/5539 2872/2831/5539
f 2860/2819/5540 2897/2861/5540 2824/2783/5540
f 2897/2861/5541 2873/2833/5541 2824/2783/5541
f 2873/2833/5542 2881/2842/5542 2840/2796/5542
f 2898/2862/5543 2852/2771/5543 2861/2843/5543
f 2852/2771/5544 2898/2862/5544 2841/2797/5544
f 2898/2862/5545 2862/2820/5545 2841/2797/5545
f 2913/2863/5546 2842/2798/5546 2853/2811/5546
f 2899/2864/5547 2875/2835/5547 2874/2834/5547
f 2919/2865/5548 2865/2823/5548 2877/2838/5548
f 2919/2865/5549 2901/2866/5549 2865/2823/5549
f 2901/2866/5550 2847/2804/5550 2865/2823/5550
f 2903/2867/5551 2830/2814/5551 2808/2774/5551
f 2904/2868/5552 2905/2853/5552 2819/2776/5552
f 2905/2853/5553 2831/2790/5553 2819/2776/5553
f 2890/2854/5554 2867/2826/5554 2866/2825/5554
f 2867/2826/5555 2891/2840/5555 2868/2808/5555
f 2907/2869/5556 2893/2856/5556 2869/2827/5556
f 2908/2870/5557 77/2857/5557 2893/2856/5557
f 2858/2816/5558 2909/2871/5558 2850/2817/5558
f 2910/2872/5559 2823/2782/5559 2879/2832/5559
f 2910/2872/5560 2886/2849/5560 2823/2782/5560
f 2886/2849/5561 2911/2873/5561 2880/2841/5561
f 2911/2873/5562 2912/2874/5562 2880/2841/5562
f 2912/2874/5563 2860/2819/5563 2880/2841/5563
f 2881/2842/5564 2898/2862/5564 2861/2843/5564
f 2913/2863/5565 2882/2844/5565 2842/2798/5565
f 2882/2844/5566 2844/2800/5566 2863/2821/5566
f 2882/2844/5567 2914/2875/5567 2844/2800/5567
f 2914/2875/5568 2874/2834/5568 2844/2800/5568
f 2899/2864/5569 2916/2876/5569 2875/2835/5569
f 2916/2876/5570 2883/2845/5570 2875/2835/5570
f 2916/2876/5571 2900/2877/5571 2883/2845/5571
f 2900/2877/5572 2876/2836/5572 2883/2845/5572
f 2900/2877/5573 2917/2878/5573 2876/2836/5573
f 2876/2836/5574 2887/2850/5574 2884/2837/5574
f 2918/2879/5575 2877/2838/5575 2887/2850/5575
f 2901/2866/5576 2888/2851/5576 2847/2804/5576
f 2920/2880/5577 2878/2824/5577 2828/2787/5577
f 2921/2881/5578 2808/2774/5578 2817/2789/5578
f 2921/2881/5579 2922/2882/5579 2808/2774/5579
f 2922/2882/5580 2903/2867/5580 2808/2774/5580
f 2889/2839/5581 2885/2846/5581 2818/2775/5581
f 2885/2846/5582 2904/2868/5582 2819/2776/5582
f 2923/2883/5583 2890/2854/5583 2857/2815/5583
f 2906/2855/5584 2907/2869/5584 2869/2827/5584
f 2894/2858/5585 2895/2859/5585 2871/2830/5585
f 2896/2860/5586 2924/2884/5586 2879/2832/5586
f 2924/2884/5587 2910/2872/5587 2879/2832/5587
f 2910/2872/5588 2911/2873/5588 2886/2849/5588
f 2925/2885/5589 2881/2842/5589 2873/2833/5589
f 2862/2820/5590 2926/2886/5590 2853/2811/5590
f 2926/2886/5591 2913/2863/5591 2853/2811/5591
f 2927/2887/5592 2874/2834/5592 2914/2875/5592
f 2927/2887/5593 2915/2888/5593 2874/2834/5593
f 2915/2888/5594 2928/2889/5594 2874/2834/5594
f 2928/2889/5595 2899/2864/5595 2874/2834/5595
f 2876/2836/5596 2929/2890/5596 2887/2850/5596
f 2929/2890/5597 2930/2891/5597 2887/2850/5597
f 2930/2891/5598 2918/2879/5598 2887/2850/5598
f 2918/2879/5599 2931/2892/5599 2877/2838/5599
f 2931/2892/5600 2919/2865/5600 2877/2838/5600
f 2932/2893/5601 2888/2851/5601 2901/2866/5601
f 2888/2851/5602 2920/2880/5602 2828/2787/5602
f 2848/2805/5603 2933/2894/5603 2849/2806/5603
f 2817/2789/5604 2934/2895/5604 2921/2881/5604
f 2905/2853/5605 2923/2883/5605 2857/2815/5605
f 2935/2896/5606 2891/2840/5606 2867/2826/5606
f 2957/2897/5607 2906/2855/5607 2892/2847/5607
f 2907/2869/5608 2908/2870/5608 2893/2856/5608
f 2908/2870/5609 79/2898/5609 77/2857/5609
f 2850/2817/5610 2936/2899/5610 2859/2818/5610
f 2859/2818/5611 2936/2899/5611 2870/2829/5611
f 2894/2858/5612 2937/2900/5612 2895/2859/5612
f 2938/2901/5613 2911/2873/5613 2910/2872/5613
f 2939/2902/5614 2860/2819/5614 2912/2874/5614
f 2939/2902/5615 2940/2903/5615 2860/2819/5615
f 2940/2903/5616 2897/2861/5616 2860/2819/5616
f 2897/2861/5617 2925/2885/5617 2873/2833/5617
f 2925/2885/5618 2941/2904/5618 2881/2842/5618
f 2942/2905/5619 2898/2862/5619 2881/2842/5619
f 2898/2862/5620 2943/2906/5620 2862/2820/5620
f 2927/2887/5621 2928/2889/5621 2915/2888/5621
f 2928/2889/5622 2916/2876/5622 2899/2864/5622
f 2917/2878/5623 2929/2890/5623 2876/2836/5623
f 2919/2865/5624 2932/2893/5624 2901/2866/5624
f 2933/2894/5625 2902/2852/5625 2849/2806/5625
f 2922/2882/5626 2830/2814/5626 2903/2867/5626
f 2922/2882/5627 2944/2907/5627 2830/2814/5627
f 2944/2907/5628 2889/2839/5628 2830/2814/5628
f 2945/2908/5629 2885/2846/5629 2889/2839/5629
f 2956/2909/5630 2946/2910/5630 2890/2854/5630
f 2946/2910/5631 2867/2826/5631 2890/2854/5631
f 2946/2910/5632 2935/2896/5632 2867/2826/5632
f 2935/2896/5633 2892/2847/5633 2891/2840/5633
f 2947/2911/5634 2907/2869/5634 2906/2855/5634
f 2948/2912/5635 2908/2870/5635 2907/2869/5635
f 2948/2912/5636 79/2898/5636 2908/2870/5636
f 78/2848/5637 81/2913/5637 2858/2816/5637
f 81/2913/5638 2909/2871/5638 2858/2816/5638
f 2909/2871/5639 2949/2914/5639 2850/2817/5639
f 2949/2914/5640 2936/2899/5640 2850/2817/5640
f 2936/2899/5641 2950/2915/5641 2870/2829/5641
f 2950/2915/5642 2894/2858/5642 2870/2829/5642
f 2951/2916/5643 2896/2860/5643 2895/2859/5643
f 2951/2916/5644 2924/2884/5644 2896/2860/5644
f 2924/2884/5645 2938/2901/5645 2910/2872/5645
f 2940/2903/5646 2925/2885/5646 2897/2861/5646
f 2943/2906/5647 2926/2886/5647 2862/2820/5647
f 2952/2917/5648 2917/2878/5648 2900/2877/5648
f 2953/2918/5649 2929/2890/5649 2917/2878/5649
f 2930/2891/5650 2931/2892/5650 2918/2879/5650
f 2920/2880/5651 2856/2813/5651 2878/2824/5651
f 2955/2919/5652 2933/2894/5652 2848/2805/5652
f 2934/2895/5653 2817/2789/5653 2902/2852/5653
f 2945/2908/5654 2904/2868/5654 2885/2846/5654
f 2956/2909/5655 2890/2854/5655 2923/2883/5655
f 2935/2896/5656 2957/2897/5656 2892/2847/5656
f 2957/2897/5657 2958/2920/5657 2906/2855/5657
f 2958/2920/5658 2947/2911/5658 2906/2855/5658
f 2947/2911/5659 2948/2912/5659 2907/2869/5659
f 2950/2915/5660 2937/2900/5660 2894/2858/5660
f 2937/2900/5661 2951/2916/5661 2895/2859/5661
f 2951/2916/5662 2959/2921/5662 2924/2884/5662
f 2960/2922/5663 2938/2901/5663 2924/2884/5663
f 2938/2901/5664 2961/2923/5664 2911/2873/5664
f 2961/2923/5665 2912/2874/5665 2911/2873/5665
f 2940/2903/5666 2969/2924/5666 2925/2885/5666
f 2941/2904/5667 2942/2905/5667 2881/2842/5667
f 2982/2925/5668 2882/2844/5668 2913/2863/5668
f 2962/2926/5669 2916/2876/5669 2928/2889/5669
f 2916/2876/5670 2962/2926/5670 2900/2877/5670
f 2962/2926/5671 2952/2917/5671 2900/2877/5671
f 2931/2892/5672 2954/2927/5672 2919/2865/5672
f 2954/2927/5673 2932/2893/5673 2919/2865/5673
f 2963/2928/5674 2856/2813/5674 2920/2880/5674
f 2965/2929/5675 2889/2839/5675 2944/2907/5675
f 2965/2929/5676 2945/2908/5676 2889/2839/5676
f 2966/2930/5677 2905/2853/5677 2904/2868/5677
f 2988/2931/5678 2923/2883/5678 2905/2853/5678
f 80/2932/5679 79/2898/5679 2948/2912/5679
f 2967/2933/5680 2949/2914/5680 2909/2871/5680
f 2968/2934/5681 2951/2916/5681 2937/2900/5681
f 2959/2921/5682 2960/2922/5682 2924/2884/5682
f 2939/2902/5683 2969/2924/5683 2940/2903/5683
f 2970/2935/5684 2941/2904/5684 2925/2885/5684
f 2971/2936/5685 2942/2905/5685 2941/2904/5685
f 2972/2937/5686 2927/2887/5686 2914/2875/5686
f 2962/2926/5687 2928/2889/5687 2927/2887/5687
f 2953/2918/5688 2917/2878/5688 2952/2917/5688
f 2973/2938/5689 2929/2890/5689 2953/2918/5689
f 2974/2939/5690 2930/2891/5690 2929/2890/5690
f 2975/2940/5691 2932/2893/5691 2954/2927/5691
f 2932/2893/5692 2976/2941/5692 2888/2851/5692
f 2976/2941/5693 2920/2880/5693 2888/2851/5693
f 2963/2928/5694 2848/2805/5694 2856/2813/5694
f 2963/2928/5695 2955/2919/5695 2848/2805/5695
f 2964/2942/5696 2902/2852/5696 2933/2894/5696
f 2984/2943/5697 2934/2895/5697 2902/2852/5697
f 2986/2944/5698 2922/2882/5698 2921/2881/5698
f 2977/2945/5699 2944/2907/5699 2922/2882/5699
f 2977/2945/5700 2965/2929/5700 2944/2907/5700
f 2945/2908/5701 2966/2930/5701 2904/2868/5701
f 2988/2931/5702 2956/2909/5702 2923/2883/5702
f 2990/2946/5703 2935/2896/5703 2946/2910/5703
f 2990/2946/5704 2978/2947/5704 2935/2896/5704
f 2978/2947/5705 2957/2897/5705 2935/2896/5705
f 2958/2920/5706 2948/2912/5706 2947/2911/5706
f 2980/2948/5707 2937/2900/5707 2950/2915/5707
f 2960/2922/5708 2981/2949/5708 2938/2901/5708
f 2969/2924/5709 2970/2935/5709 2925/2885/5709
f 2970/2935/5710 2971/2936/5710 2941/2904/5710
f 2997/2950/5711 2898/2862/5711 2942/2905/5711
f 2926/2886/5712 2982/2925/5712 2913/2863/5712
f 2983/2951/5713 2914/2875/5713 2882/2844/5713
f 2983/2951/5714 2972/2937/5714 2914/2875/5714
f 3000/2952/5715 2962/2926/5715 2927/2887/5715
f 3011/2953/5716 2953/2918/5716 2952/2917/5716
f 2973/2938/5717 2974/2939/5717 2929/2890/5717
f 2974/2939/5718 2931/2892/5718 2930/2891/5718
f 2976/2941/5719 2963/2928/5719 2920/2880/5719
f 2964/2942/5720 2984/2943/5720 2902/2852/5720
f 2984/2943/5721 2985/2954/5721 2934/2895/5721
f 2986/2944/5722 2921/2881/5722 2934/2895/5722
f 2987/2955/5723 2922/2882/5723 2986/2944/5723
f 2987/2955/5724 2977/2945/5724 2922/2882/5724
f 2988/2931/5725 2905/2853/5725 2966/2930/5725
f 2989/2956/5726 2956/2909/5726 2988/2931/5726
f 2990/2946/5727 2946/2910/5727 2956/2909/5727
f 2979/2957/5728 2958/2920/5728 2957/2897/5728
f 2979/2957/5729 2991/2958/5729 2958/2920/5729
f 2991/2958/5730 2948/2912/5730 2958/2920/5730
f 2992/2959/5731 80/2932/5731 2948/2912/5731
f 2949/2914/5732 2993/2960/5732 2936/2899/5732
f 2993/2960/5733 2950/2915/5733 2936/2899/5733
f 2980/2948/5734 2968/2934/5734 2937/2900/5734
f 2981/2949/5735 2994/2961/5735 2938/2901/5735
f 2994/2961/5736 2961/2923/5736 2938/2901/5736
f 2994/2961/5737 2995/2962/5737 2961/2923/5737
f 2995/2962/5738 2912/2874/5738 2961/2923/5738
f 2995/2962/5739 2939/2902/5739 2912/2874/5739
f 2996/2963/5740 2969/2924/5740 2939/2902/5740
f 2997/2950/5741 2942/2905/5741 2971/2936/5741
f 2998/2964/5742 2943/2906/5742 2898/2862/5742
f 2943/2906/5743 3009/2965/5743 2926/2886/5743
f 3009/2965/5744 2999/2966/5744 2926/2886/5744
f 2982/2925/5745 2983/2951/5745 2882/2844/5745
f 3001/2967/5746 2952/2917/5746 2962/2926/5746
f 3001/2967/5747 3011/2953/5747 2952/2917/5747
f 3002/2968/5748 2973/2938/5748 2953/2918/5748
f 3003/2969/5749 2954/2927/5749 2931/2892/5749
f 3003/2969/5750 2975/2940/5750 2954/2927/5750
f 2986/2944/5751 2934/2895/5751 2985/2954/5751
f 3004/2970/5752 2965/2929/5752 2977/2945/5752
f 2965/2929/5753 3005/2971/5753 2945/2908/5753
f 3005/2971/5754 2966/2930/5754 2945/2908/5754
f 3028/2972/5755 2990/2946/5755 2956/2909/5755
f 3029/2973/5756 2979/2957/5756 2957/2897/5756
f 3029/2973/5757 3006/2974/5757 2979/2957/5757
f 2991/2958/5758 2992/2959/5758 2948/2912/5758
f 2993/2960/5759 2980/2948/5759 2950/2915/5759
f 2968/2934/5760 3007/2975/5760 2951/2916/5760
f 3007/2975/5761 2959/2921/5761 2951/2916/5761
f 3008/2976/5762 2960/2922/5762 2959/2921/5762
f 3008/2976/5763 2981/2949/5763 2960/2922/5763
f 2995/2962/5764 2996/2963/5764 2939/2902/5764
f 2997/2950/5765 2998/2964/5765 2898/2862/5765
f 2998/2964/5766 3009/2965/5766 2943/2906/5766
f 3000/2952/5767 3010/2977/5767 2962/2926/5767
f 3010/2977/5768 3001/2967/5768 2962/2926/5768
f 3024/2978/5769 2931/2892/5769 2974/2939/5769
f 3024/2978/5770 3012/2979/5770 2931/2892/5770
f 3012/2979/5771 3003/2969/5771 2931/2892/5771
f 3013/2980/5772 2932/2893/5772 2975/2940/5772
f 2955/2919/5773 3014/2981/5773 2933/2894/5773
f 3014/2981/5774 2964/2942/5774 2933/2894/5774
f 2987/2955/5775 3004/2970/5775 2977/2945/5775
f 2965/2929/5776 3027/2982/5776 3005/2971/5776
f 3016/2983/5777 2988/2931/5777 2966/2930/5777
f 3017/2984/5778 2989/2956/5778 2988/2931/5778
f 2989/2956/5779 3028/2972/5779 2956/2909/5779
f 3029/2973/5780 2957/2897/5780 2978/2947/5780
f 3018/2985/5781 2992/2959/5781 2991/2958/5781
f 3019/2986/5782 2949/2914/5782 2967/2933/5782
f 3019/2986/5783 2993/2960/5783 2949/2914/5783
f 2980/2948/5784 3053/2987/5784 2968/2934/5784
f 3007/2975/5785 3008/2976/5785 2959/2921/5785
f 3008/2976/5786 3020/2988/5786 2981/2949/5786
f 3020/2988/5787 2994/2961/5787 2981/2949/5787
f 3021/2989/5788 2970/2935/5788 2969/2924/5788
f 3022/2990/5789 2971/2936/5789 2970/2935/5789
f 3023/2991/5790 2998/2964/5790 2997/2950/5790
f 2999/2966/5791 2982/2925/5791 2926/2886/5791
f 2972/2937/5792 3000/2952/5792 2927/2887/5792
f 3010/2977/5793 3011/2953/5793 3001/2967/5793
f 2973/2938/5794 3024/2978/5794 2974/2939/5794
f 3013/2980/5795 2976/2941/5795 2932/2893/5795
f 3014/2981/5796 3025/2992/5796 2964/2942/5796
f 2985/2954/5797 3015/2993/5797 2986/2944/5797
f 2986/2944/5798 3026/2994/5798 2987/2955/5798
f 3027/2982/5799 2965/2929/5799 3004/2970/5799
f 3005/2971/5800 3016/2983/5800 2966/2930/5800
f 3037/2995/5801 2978/2947/5801 2990/2946/5801
f 3030/2996/5802 3006/2974/5802 3029/2973/5802
f 2992/2959/5803 3031/2997/5803 80/2932/5803
f 2968/2934/5804 3039/2998/5804 3007/2975/5804
f 3032/2999/5805 2996/2963/5805 2995/2962/5805
f 2996/2963/5806 3021/2989/5806 2969/2924/5806
f 3021/2989/5807 3022/2990/5807 2970/2935/5807
f 3022/2990/5808 2997/2950/5808 2971/2936/5808
f 2999/2966/5809 3033/3000/5809 2982/2925/5809
f 3034/3001/5810 2972/2937/5810 2983/2951/5810
f 3002/2968/5811 2953/2918/5811 3011/2953/5811
f 3035/3002/5812 3012/2979/5812 3024/2978/5812
f 3025/2992/5813 2984/2943/5813 2964/2942/5813
f 3025/2992/5814 2985/2954/5814 2984/2943/5814
f 3015/2993/5815 3026/2994/5815 2986/2944/5815
f 3026/2994/5816 3004/2970/5816 2987/2955/5816
f 3036/3003/5817 3027/2982/5817 3004/2970/5817
f 3063/3004/5818 3016/2983/5818 3005/2971/5818
f 3016/2983/5819 3017/2984/5819 2988/2931/5819
f 3017/2984/5820 3065/3005/5820 2989/2956/5820
f 3065/3005/5821 3028/2972/5821 2989/2956/5821
f 3037/2995/5822 3029/2973/5822 2978/2947/5822
f 3006/2974/5823 2991/2958/5823 2979/2957/5823
f 82/3006/5824 2909/2871/5824 81/2913/5824
f 3019/2986/5825 2967/2933/5825 2909/2871/5825
f 3038/3007/5826 2993/2960/5826 3019/2986/5826
f 3053/2987/5827 3039/2998/5827 2968/2934/5827
f 3039/2998/5828 3040/3008/5828 3007/2975/5828
f 3040/3008/5829 3008/2976/5829 3007/2975/5829
f 2994/2961/5830 3032/2999/5830 2995/2962/5830
f 3041/3009/5831 3023/2991/5831 2997/2950/5831
f 3042/3010/5832 2998/2964/5832 3023/2991/5832
f 3042/3010/5833 3009/2965/5833 2998/2964/5833
f 3043/3011/5834 2983/2951/5834 2982/2925/5834
f 3061/3012/5835 3035/3002/5835 3024/2978/5835
f 3044/3013/5836 3045/3014/5836 2963/2928/5836
f 3045/3014/5837 2955/2919/5837 2963/2928/5837
f 2955/2919/5838 3025/2992/5838 3014/2981/5838
f 3046/3015/5839 2985/2954/5839 3025/2992/5839
f 3047/3016/5840 3015/2993/5840 2985/2954/5840
f 3026/2994/5841 3048/3017/5841 3004/2970/5841
f 3048/3017/5842 3036/3003/5842 3004/2970/5842
f 3036/3003/5843 3005/2971/5843 3027/2982/5843
f 3049/3018/5801 3037/2995/5801 2990/2946/5801
f 3050/3019/5844 3029/2973/5844 3037/2995/5844
f 3066/3020/5845 3030/2996/5845 3029/2973/5845
f 2991/2958/5846 3051/3021/5846 3018/2985/5846
f 3051/3021/5847 2992/2959/5847 3018/2985/5847
f 82/3006/5848 3019/2986/5848 2909/2871/5848
f 3053/2987/5849 2980/2948/5849 2993/2960/5849
f 3040/3008/5850 3054/3022/5850 3008/2976/5850
f 3054/3022/5851 3020/2988/5851 3008/2976/5851
f 3020/2988/5852 3055/3023/5852 2994/2961/5852
f 3055/3023/5853 3032/2999/5853 2994/2961/5853
f 2996/2963/5854 3056/3024/5854 3021/2989/5854
f 3057/3025/5855 3022/2990/5855 3021/2989/5855
f 3022/2990/5856 3041/3009/5856 2997/2950/5856
f 3033/3000/5857 3043/3011/5857 2982/2925/5857
f 3034/3001/5858 3083/3026/5858 2972/2937/5858
f 3083/3026/5859 3059/3027/5859 2972/2937/5859
f 3059/3027/5860 3000/2952/5860 2972/2937/5860
f 3060/3028/5861 3010/2977/5861 3000/2952/5861
f 3084/3029/5862 3002/2968/5862 3011/2953/5862
f 3002/2968/5863 3061/3012/5863 2973/2938/5863
f 3061/3012/5864 3024/2978/5864 2973/2938/5864
f 3035/3002/5865 3072/3030/5865 3012/2979/5865
f 3072/3030/5866 3003/2969/5866 3012/2979/5866
f 3073/3031/5867 3013/2980/5867 2975/2940/5867
f 3045/3014/5868 3025/2992/5868 2955/2919/5868
f 3046/3015/5869 3047/3016/5869 2985/2954/5869
f 3062/3032/5870 3026/2994/5870 3015/2993/5870
f 3063/3004/5871 3005/2971/5871 3036/3003/5871
f 3063/3004/5872 3077/3033/5872 3016/2983/5872
f 3077/3033/5873 3064/3034/5873 3016/2983/5873
f 3064/3034/5874 3017/2984/5874 3016/2983/5874
f 3028/2972/5875 3049/3018/5875 2990/2946/5875
f 3066/3020/5876 3029/2973/5876 3050/3019/5876
f 3066/3020/5877 3006/2974/5877 3030/2996/5877
f 3067/3035/5878 2991/2958/5878 3006/2974/5878
f 2992/2959/5879 3052/3036/5879 3031/2997/5879
f 3055/3023/5880 3069/3037/5880 3032/2999/5880
f 3032/2999/5881 3070/3038/5881 2996/2963/5881
f 3070/3038/5882 3056/3024/5882 2996/2963/5882
f 3041/3009/5883 3071/3039/5883 3023/2991/5883
f 3071/3039/5884 3042/3010/5884 3023/2991/5884
f 3058/3040/5885 3033/3000/5885 2999/2966/5885
f 3034/3001/5886 2983/2951/5886 3043/3011/5886
f 3084/3029/5887 3011/2953/5887 3010/2977/5887
f 3103/3041/5888 3061/3012/5888 3002/2968/5888
f 3072/3030/5889 3035/3002/5889 3061/3012/5889
f 3073/3031/5890 3003/2969/5890 3072/3030/5890
f 3073/3031/5891 2975/2940/5891 3003/2969/5891
f 2976/2941/5892 3044/3013/5892 2963/2928/5892
f 3044/3013/5893 3091/3042/5893 3045/3014/5893
f 3075/3043/5894 3046/3015/5894 3025/2992/5894
f 3047/3016/5895 3062/3032/5895 3015/2993/5895
f 3062/3032/5896 3076/3044/5896 3026/2994/5896
f 3092/3045/5897 3063/3004/5897 3036/3003/5897
f 3064/3034/5898 3065/3005/5898 3017/2984/5898
f 3050/3019/5899 3037/2995/5899 3049/3018/5899
f 3067/3035/5900 3051/3021/5900 2991/2958/5900
f 3068/3046/5901 3040/3008/5901 3039/2998/5901
f 3054/3022/5902 3055/3023/5902 3020/2988/5902
f 3056/3024/5903 3057/3025/5903 3021/2989/5903
f 3071/3039/5904 3080/3047/5904 3042/3010/5904
f 3080/3047/5905 3009/2965/5905 3042/3010/5905
f 3058/3040/5906 2999/2966/5906 3009/2965/5906
f 3082/3048/5907 3043/3011/5907 3033/3000/5907
f 3060/3028/5908 3084/3029/5908 3010/2977/5908
f 3103/3041/5909 3085/3049/5909 3061/3012/5909
f 3046/3015/5910 3086/3050/5910 3047/3016/5910
f 3086/3050/5911 3062/3032/5911 3047/3016/5911
f 3076/3044/5912 3048/3017/5912 3026/2994/5912
f 3087/3051/5913 3050/3019/5913 3049/3018/5913
f 3093/3052/5914 3066/3020/5914 3050/3019/5914
f 3051/3021/5915 3052/3036/5915 2992/2959/5915
f 82/3006/5916 3078/3053/5916 3019/2986/5916
f 3078/3053/5917 3038/3007/5917 3019/2986/5917
f 3053/2987/5918 3068/3046/5918 3039/2998/5918
f 3088/3054/5919 3069/3037/5919 3055/3023/5919
f 3069/3037/5920 3070/3038/5920 3032/2999/5920
f 3022/2990/5921 3089/3055/5921 3041/3009/5921
f 3080/3047/5922 3090/3056/5922 3009/2965/5922
f 3090/3056/5923 3058/3040/5923 3009/2965/5923
f 3058/3040/5924 3081/3057/5924 3033/3000/5924
f 3102/3058/5925 3084/3029/5925 3060/3028/5925
f 3104/3059/5926 3072/3030/5926 3061/3012/5926
f 3045/3014/5927 3075/3043/5927 3025/2992/5927
f 3113/3060/5928 3046/3015/5928 3075/3043/5928
f 3113/3060/5929 3086/3050/5929 3046/3015/5929
f 3092/3045/5930 3036/3003/5930 3048/3017/5930
f 3092/3045/5931 3115/3061/5931 3063/3004/5931
f 3115/3061/5932 3077/3033/5932 3063/3004/5932
f 3107/3062/5933 3049/3018/5933 3065/3005/5933
f 3049/3018/5934 3028/2972/5934 3065/3005/5934
f 3093/3052/5935 3050/3019/5935 3087/3051/5935
f 3094/3063/5936 3006/2974/5936 3066/3020/5936
f 3094/3063/5937 3067/3035/5937 3006/2974/5937
f 3067/3035/5938 3095/3064/5938 3051/3021/5938
f 3096/3065/5939 3031/2997/5939 3052/3036/5939
f 3097/3066/5940 2993/2960/5940 3038/3007/5940
f 3097/3066/5941 3053/2987/5941 2993/2960/5941
f 3097/3066/5942 3079/3067/5942 3053/2987/5942
f 3098/3068/5943 3088/3054/5943 3055/3023/5943
f 3099/3069/5944 3070/3038/5944 3069/3037/5944
f 3070/3038/5945 3100/3070/5945 3056/3024/5945
f 3041/3009/5946 3080/3047/5946 3071/3039/5946
f 3082/3048/5947 3034/3001/5947 3043/3011/5947
f 3082/3048/5948 3101/3071/5948 3034/3001/5948
f 3101/3071/5949 3083/3026/5949 3034/3001/5949
f 3060/3028/5950 3000/2952/5950 3059/3027/5950
f 3084/3029/5951 3103/3041/5951 3002/2968/5951
f 3085/3049/5952 3104/3059/5952 3061/3012/5952
f 3073/3031/5953 3074/3072/5953 3013/2980/5953
f 3074/3072/5954 2976/2941/5954 3013/2980/5954
f 3074/3072/5955 3044/3013/5955 2976/2941/5955
f 3112/3073/5956 3075/3043/5956 3045/3014/5956
f 3105/3074/5957 3048/3017/5957 3076/3044/5957
f 3106/3075/5958 3064/3034/5958 3077/3033/5958
f 3095/3064/5959 3052/3036/5959 3051/3021/5959
f 3108/3076/5960 3031/2997/5960 3096/3065/5960
f 3109/3077/5961 3040/3008/5961 3068/3046/5961
f 3110/3078/5962 3054/3022/5962 3040/3008/5962
f 3088/3054/5963 3099/3069/5963 3069/3037/5963
f 3099/3069/5964 3100/3070/5964 3070/3038/5964
f 3111/3079/5965 3022/2990/5965 3057/3025/5965
f 3111/3079/5966 3089/3055/5966 3022/2990/5966
f 3082/3048/5967 3033/3000/5967 3081/3057/5967
f 3104/3059/5968 3073/3031/5968 3072/3030/5968
f 3127/3080/5969 3074/3072/5969 3073/3031/5969
f 3113/3060/5970 3139/3081/5970 3086/3050/5970
f 3139/3081/5971 3114/3082/5971 3086/3050/5971
f 3114/3082/5972 3062/3032/5972 3086/3050/5972
f 3105/3074/5973 3092/3045/5973 3048/3017/5973
f 3107/3062/5974 3064/3034/5974 3106/3075/5974
f 3107/3062/5975 3065/3005/5975 3064/3034/5975
f 3107/3062/5976 3116/3083/5976 3049/3018/5976
f 3116/3083/5977 3087/3051/5977 3049/3018/5977
f 3133/3084/5978 3093/3052/5978 3087/3051/5978
f 3117/3085/5979 3066/3020/5979 3093/3052/5979
f 3117/3085/5980 3094/3063/5980 3066/3020/5980
f 3118/3086/5981 3067/3035/5981 3094/3063/5981
f 3118/3086/5982 3095/3064/5982 3067/3035/5982
f 3096/3065/5983 3052/3036/5983 3095/3064/5983
f 3119/3087/5984 3108/3076/5984 3096/3065/5984
f 3078/3053/5985 3120/3088/5985 3038/3007/5985
f 3120/3088/5986 3097/3066/5986 3038/3007/5986
f 3079/3067/5987 3068/3046/5987 3053/2987/5987
f 3079/3067/5988 3121/3089/5988 3068/3046/5988
f 3121/3089/5989 3109/3077/5989 3068/3046/5989
f 3122/3090/5990 3055/3023/5990 3054/3022/5990
f 3100/3070/5991 3057/3025/5991 3056/3024/5991
f 3123/3091/5992 3124/3092/5992 3082/3048/5992
f 3124/3092/5993 3101/3071/5993 3082/3048/5993
f 3125/3093/5994 3102/3058/5994 3060/3028/5994
f 3126/3094/5995 3085/3049/5995 3103/3041/5995
f 3126/3094/5996 3104/3059/5996 3085/3049/5996
f 3128/3095/5997 3091/3042/5997 3044/3013/5997
f 3091/3042/5998 3160/3096/5998 3045/3014/5998
f 3112/3073/5999 3129/3097/5999 3075/3043/5999
f 3129/3097/6000 3113/3060/6000 3075/3043/6000
f 3130/3098/6001 3076/3044/6001 3062/3032/6001
f 3131/3099/6002 3092/3045/6002 3105/3074/6002
f 3131/3099/6003 3115/3061/6003 3092/3045/6003
f 3132/3100/6004 3077/3033/6004 3115/3061/6004
f 3132/3100/6005 3106/3075/6005 3077/3033/6005
f 3116/3083/6006 3140/3101/6006 3087/3051/6006
f 3140/3101/6007 3133/3084/6007 3087/3051/6007
f 3133/3084/6008 3141/3102/6008 3093/3052/6008
f 3141/3102/6009 3117/3085/6009 3093/3052/6009
f 3119/3087/6010 3134/3103/6010 3108/3076/6010
f 83/3104/6011 3108/3076/6011 3134/3103/6011
f 3110/3078/6012 3122/3090/6012 3054/3022/6012
f 3122/3090/6013 3098/3068/6013 3055/3023/6013
f 3098/3068/6014 3099/3069/6014 3088/3054/6014
f 3098/3068/6015 3135/3105/6015 3099/3069/6015
f 3100/3070/6016 3111/3079/6016 3057/3025/6016
f 3089/3055/6017 3136/3106/6017 3041/3009/6017
f 3136/3106/6018 3080/3047/6018 3041/3009/6018
f 3090/3056/6019 3146/3107/6019 3058/3040/6019
f 3146/3107/6020 3081/3057/6020 3058/3040/6020
f 3146/3107/6021 3137/3108/6021 3081/3057/6021
f 3137/3108/6022 3123/3091/6022 3081/3057/6022
f 3123/3091/6023 3082/3048/6023 3081/3057/6023
f 3101/3071/6024 3147/3109/6024 3083/3026/6024
f 3147/3109/6025 3059/3027/6025 3083/3026/6025
f 3138/3110/6026 3125/3093/6026 3059/3027/6026
f 3125/3093/6027 3060/3028/6027 3059/3027/6027
f 3103/3041/6028 3149/3111/6028 3126/3094/6028
f 3160/3096/6029 3112/3073/6029 3045/3014/6029
f 3114/3082/6030 3130/3098/6030 3062/3032/6030
f 3152/3112/6031 3107/3062/6031 3106/3075/6031
f 3117/3085/6032 3118/3086/6032 3094/3063/6032
f 3142/3113/6033 3119/3087/6033 3096/3065/6033
f 3142/3113/6034 3143/3114/6034 3119/3087/6034
f 84/3115/6035 3078/3053/6035 82/3006/6035
f 3120/3088/6036 3144/3116/6036 3097/3066/6036
f 3144/3116/6037 3079/3067/6037 3097/3066/6037
f 3109/3077/6038 3110/3078/6038 3040/3008/6038
f 3145/3117/6039 3111/3079/6039 3100/3070/6039
f 3157/3118/6040 3090/3056/6040 3080/3047/6040
f 3147/3109/6041 3138/3110/6041 3059/3027/6041
f 3102/3058/6042 3148/3119/6042 3084/3029/6042
f 3148/3119/6043 3103/3041/6043 3084/3029/6043
f 3127/3080/6044 3073/3031/6044 3104/3059/6044
f 3161/3120/6045 3129/3097/6045 3112/3073/6045
f 3150/3121/6046 3113/3060/6046 3129/3097/6046
f 3171/3122/6047 3130/3098/6047 3114/3082/6047
f 3130/3098/6048 3105/3074/6048 3076/3044/6048
f 3130/3098/6049 3131/3099/6049 3105/3074/6049
f 3151/3123/6050 3115/3061/6050 3131/3099/6050
f 3151/3123/6051 3132/3100/6051 3115/3061/6051
f 3140/3101/6052 3116/3083/6052 3107/3062/6052
f 3153/3124/6053 3141/3102/6053 3133/3084/6053
f 3141/3102/6054 3154/3125/6054 3117/3085/6054
f 3155/3126/6055 3110/3078/6055 3109/3077/6055
f 3156/3127/6056 3089/3055/6056 3111/3079/6056
f 3136/3106/6057 3157/3118/6057 3080/3047/6057
f 3158/3128/6058 3127/3080/6058 3104/3059/6058
f 3159/3129/6059 3044/3013/6059 3074/3072/6059
f 3159/3129/6060 3128/3095/6060 3044/3013/6060
f 3160/3096/6061 3161/3120/6061 3112/3073/6061
f 3161/3120/6062 3150/3121/6062 3129/3097/6062
f 3150/3121/6063 3139/3081/6063 3113/3060/6063
f 3130/3098/6064 3151/3123/6064 3131/3099/6064
f 3152/3112/6065 3173/3130/6065 3107/3062/6065
f 3162/3131/6066 3133/3084/6066 3140/3101/6066
f 3162/3131/6067 3153/3124/6067 3133/3084/6067
f 3154/3125/6068 3118/3086/6068 3117/3085/6068
f 3095/3064/6069 3142/3113/6069 3096/3065/6069
f 3143/3114/6070 3164/3132/6070 3119/3087/6070
f 85/3133/6071 83/3104/6071 3134/3103/6071
f 3122/3090/6072 3135/3105/6072 3098/3068/6072
f 3165/3134/6073 3099/3069/6073 3135/3105/6073
f 3166/3135/6074 3100/3070/6074 3099/3069/6074
f 3145/3117/6075 3156/3127/6075 3111/3079/6075
f 3167/3136/6076 3089/3055/6076 3156/3127/6076
f 3167/3136/6077 3136/3106/6077 3089/3055/6077
f 3168/3137/6078 3157/3118/6078 3136/3106/6078
f 3157/3118/6079 3188/3138/6079 3090/3056/6079
f 3188/3138/6080 3146/3107/6080 3090/3056/6080
f 3169/3139/6081 3123/3091/6081 3137/3108/6081
f 3169/3139/6082 3124/3092/6082 3123/3091/6082
f 3125/3093/6083 3184/3140/6083 3102/3058/6083
f 3148/3119/6084 3149/3111/6084 3103/3041/6084
f 3126/3094/6085 3170/3141/6085 3104/3059/6085
f 3170/3141/6086 3158/3128/6086 3104/3059/6086
f 3139/3081/6087 3171/3122/6087 3114/3082/6087
f 3172/3142/6088 3132/3100/6088 3151/3123/6088
f 3172/3142/6089 3106/3075/6089 3132/3100/6089
f 3172/3142/6090 3152/3112/6090 3106/3075/6090
f 3185/3143/6091 3140/3101/6091 3107/3062/6091
f 3174/3144/6092 3162/3131/6092 3140/3101/6092
f 3163/3145/6093 3118/3086/6093 3154/3125/6093
f 3163/3145/6094 3095/3064/6094 3118/3086/6094
f 3163/3145/6095 3175/3146/6095 3095/3064/6095
f 3175/3146/6096 3176/3147/6096 3095/3064/6096
f 3176/3147/6097 3142/3113/6097 3095/3064/6097
f 3119/3087/6098 3164/3132/6098 3134/3103/6098
f 3164/3132/6099 85/3133/6099 3134/3103/6099
f 3177/3148/6100 3120/3088/6100 3078/3053/6100
f 3177/3148/6101 3144/3116/6101 3120/3088/6101
f 3144/3116/6102 3121/3089/6102 3079/3067/6102
f 3178/3149/6103 3155/3126/6103 3109/3077/6103
f 3135/3105/6104 98/3150/6104 3165/3134/6104
f 3165/3134/6105 3166/3135/6105 3099/3069/6105
f 3166/3135/6106 3179/3151/6106 3100/3070/6106
f 3179/3151/6107 3145/3117/6107 3100/3070/6107
f 3145/3117/6108 3180/3152/6108 3156/3127/6108
f 3188/3138/6109 3181/3153/6109 3146/3107/6109
f 3181/3153/6110 3182/3154/6110 3146/3107/6110
f 3182/3154/6111 3137/3108/6111 3146/3107/6111
f 3182/3154/6112 3169/3139/6112 3137/3108/6112
f 3183/3155/6113 3101/3071/6113 3124/3092/6113
f 3183/3155/6114 3147/3109/6114 3101/3071/6114
f 3138/3110/6115 3190/3156/6115 3125/3093/6115
f 3190/3156/6116 3184/3140/6116 3125/3093/6116
f 3149/3111/6117 3170/3141/6117 3126/3094/6117
f 3128/3095/6118 3160/3096/6118 3091/3042/6118
f 3150/3121/6119 3201/3157/6119 3139/3081/6119
f 3173/3130/6120 3185/3143/6120 3107/3062/6120
f 3185/3143/6121 3203/3158/6121 3140/3101/6121
f 3203/3158/6122 3174/3144/6122 3140/3101/6122
f 3195/3159/6123 3163/3145/6123 3154/3125/6123
f 3176/3147/6124 3143/3114/6124 3142/3113/6124
f 3164/3132/6125 3186/3160/6125 85/3133/6125
f 84/3115/6126 3177/3148/6126 3078/3053/6126
f 3121/3089/6127 3178/3149/6127 3109/3077/6127
f 3168/3137/6128 3188/3138/6128 3157/3118/6128
f 3189/3161/6129 3124/3092/6129 3169/3139/6129
f 3190/3156/6130 3138/3110/6130 3147/3109/6130
f 3170/3141/6131 3127/3080/6131 3158/3128/6131
f 114/3162/6132 3074/3072/6132 3127/3080/6132
f 3200/3163/6133 3160/3096/6133 3128/3095/6133
f 3192/3164/6134 3172/3142/6134 3151/3123/6134
f 3193/3165/6135 3152/3112/6135 3172/3142/6135
f 3193/3165/6136 3173/3130/6136 3152/3112/6136
f 3194/3166/6137 3162/3131/6137 3174/3144/6137
f 3195/3159/6138 3154/3125/6138 3141/3102/6138
f 3196/3167/6139 3163/3145/6139 3195/3159/6139
f 3197/3168/6140 3164/3132/6140 3143/3114/6140
f 3187/3169/6141 3144/3116/6141 3177/3148/6141
f 3144/3116/6142 3178/3149/6142 3121/3089/6142
f 3155/3126/6143 95/3170/6143 3110/3078/6143
f 95/3170/6144 3122/3090/6144 3110/3078/6144
f 3122/3090/6145 95/3170/6145 3135/3105/6145
f 3179/3151/6146 3180/3152/6146 3145/3117/6146
f 103/3171/6147 3167/3136/6147 3156/3127/6147
f 3167/3136/6148 3168/3137/6148 3136/3106/6148
f 3198/3172/6149 3169/3139/6149 3182/3154/6149
f 3189/3161/6150 3183/3155/6150 3124/3092/6150
f 110/3173/6151 3147/3109/6151 3183/3155/6151
f 110/3173/6152 3190/3156/6152 3147/3109/6152
f 3148/3119/6153 3102/3058/6153 3184/3140/6153
f 3199/3174/6154 3128/3095/6154 3159/3129/6154
f 3199/3174/6155 3200/3163/6155 3128/3095/6155
f 3200/3163/6156 3161/3120/6156 3160/3096/6156
f 3201/3157/6157 3171/3122/6157 3139/3081/6157
f 3191/3175/6158 3151/3123/6158 3130/3098/6158
f 132/3176/6159 3172/3142/6159 3192/3164/6159
f 3202/3177/6160 3185/3143/6160 3173/3130/6160
f 3194/3166/6161 3153/3124/6161 3162/3131/6161
f 3194/3166/6162 3141/3102/6162 3153/3124/6162
f 139/3178/6163 3195/3159/6163 3141/3102/6163
f 141/3179/6164 3163/3145/6164 3196/3167/6164
f 3204/3180/6165 3176/3147/6165 3175/3146/6165
f 3176/3147/6166 3197/3168/6166 3143/3114/6166
f 3164/3132/6167 146/3181/6167 3186/3160/6167
f 3186/3160/6168 86/3182/6168 85/3133/6168
f 87/3183/6169 3177/3148/6169 84/3115/6169
f 3178/3149/6170 93/3184/6170 3155/3126/6170
f 93/3184/6171 95/3170/6171 3155/3126/6171
f 95/3170/6172 98/3150/6172 3135/3105/6172
f 98/3150/6173 3166/3135/6173 3165/3134/6173
f 3166/3135/6174 100/3185/6174 3179/3151/6174
f 102/3186/6175 3156/3127/6175 3180/3152/6175
f 102/3186/6176 103/3171/6176 3156/3127/6176
f 3198/3172/6177 3182/3154/6177 3181/3153/6177
f 3198/3172/6178 3205/3187/6178 3169/3139/6178
f 3205/3187/6179 3189/3161/6179 3169/3139/6179
f 3189/3161/6180 110/3173/6180 3183/3155/6180
f 114/3162/6181 3170/3141/6181 3149/3111/6181
f 3170/3141/6182 114/3162/6182 3127/3080/6182
f 117/3188/6183 3159/3129/6183 3074/3072/6183
f 117/3188/6184 3199/3174/6184 3159/3129/6184
f 121/3189/6185 3161/3120/6185 3200/3163/6185
f 3201/3157/6186 126/3190/6186 3171/3122/6186
f 126/3190/6187 3130/3098/6187 3171/3122/6187
f 126/3190/6188 3191/3175/6188 3130/3098/6188
f 126/3190/6189 3151/3123/6189 3191/3175/6189
f 131/3191/6190 132/3176/6190 3192/3164/6190
f 132/3176/6191 3193/3165/6191 3172/3142/6191
f 3193/3165/6192 3202/3177/6192 3173/3130/6192
f 3202/3177/6193 3203/3158/6193 3185/3143/6193
f 3203/3158/6194 136/3192/6194 3174/3144/6194
f 136/3192/6195 3194/3166/6195 3174/3144/6195
f 139/3178/6196 3196/3167/6196 3195/3159/6196
f 3204/3180/6197 3175/3146/6197 3163/3145/6197
f 146/3181/6198 3164/3132/6198 3197/3168/6198
f 146/3181/6199 86/3182/6199 3186/3160/6199
f 3177/3148/6200 88/3193/6200 3187/3169/6200
f 92/3194/6201 3144/3116/6201 3187/3169/6201
f 92/3194/6202 3178/3149/6202 3144/3116/6202
f 98/3150/6203 100/3185/6203 3166/3135/6203
f 3188/3138/6204 106/3195/6204 3181/3153/6204
f 109/3196/6205 110/3173/6205 3189/3161/6205
f 112/3197/6206 3148/3119/6206 3184/3140/6206
f 114/3162/6207 3149/3111/6207 3148/3119/6207
f 114/3162/6208 117/3188/6208 3074/3072/6208
f 121/3189/6209 3150/3121/6209 3161/3120/6209
f 122/3198/6210 3201/3157/6210 3150/3121/6210
f 130/3199/6211 3192/3164/6211 3151/3123/6211
f 133/3200/6212 3202/3177/6212 3193/3165/6212
f 137/3201/6213 3194/3166/6213 136/3192/6213
f 137/3201/6214 3141/3102/6214 3194/3166/6214
f 137/3201/6215 139/3178/6215 3141/3102/6215
f 142/3202/6216 3163/3145/6216 141/3179/6216
f 142/3202/6217 3204/3180/6217 3163/3145/6217
f 88/3193/6218 3177/3148/6218 87/3183/6218
f 92/3194/6219 93/3184/6219 3178/3149/6219
f 3179/3151/6220 102/3186/6220 3180/3152/6220
f 3168/3137/6221 3167/3136/6221 103/3171/6221
f 3168/3137/6222 106/3195/6222 3188/3138/6222
f 106/3195/6223 107/3203/6223 3181/3153/6223
f 107/3203/6224 3198/3172/6224 3181/3153/6224
f 107/3203/6225 3205/3187/6225 3198/3172/6225
f 107/3203/6226 109/3196/6226 3205/3187/6226
f 109/3196/6227 3189/3161/6227 3205/3187/6227
f 110/3173/6228 3184/3140/6228 3190/3156/6228
f 112/3197/6229 114/3162/6229 3148/3119/6229
f 3199/3174/6230 119/3204/6230 3200/3163/6230
f 119/3204/6231 121/3189/6231 3200/3163/6231
f 121/3189/6232 122/3198/6232 3150/3121/6232
f 130/3199/6233 3151/3123/6233 126/3190/6233
f 130/3199/6234 131/3191/6234 3192/3164/6234
f 132/3176/6235 133/3200/6235 3193/3165/6235
f 133/3200/6236 134/3205/6236 3202/3177/6236
f 134/3205/6237 3203/3158/6237 3202/3177/6237
f 134/3205/6238 136/3192/6238 3203/3158/6238
f 3204/3180/6239 146/3181/6239 3176/3147/6239
f 146/3181/6240 3197/3168/6240 3176/3147/6240
