# Blender 4.5.2 LTS
# www.blender.org
mtllib merged_model_15_8.mtl
o merged_model_15_8
v -249.940933 250.004044 266.413513
v -249.959335 243.770645 265.832001
v 249.977219 236.061356 227.941086
v -249.992004 237.475510 267.196625
v -249.983780 228.105606 270.589691
v 249.989288 225.446091 228.941055
v -250.044113 216.184418 272.819366
v 250.003464 215.141113 229.999481
v 250.075729 206.544952 230.580551
v -250.018875 208.279633 272.136353
v -249.998138 200.839798 270.179962
v 249.997498 195.673660 230.304001
v -250.031830 194.850922 268.659698
v -249.952209 184.384171 266.994568
v 250.016586 184.545227 228.223999
v -250.017853 176.967316 265.660004
v -250.012985 173.939255 263.655060
v 250.173569 167.865952 222.244583
v -249.982697 169.192230 266.318268
v 249.963821 160.299316 222.597595
v -249.970886 159.290405 268.889893
v -250.011810 151.138672 272.343506
v 250.009689 149.753632 226.622971
v -249.985596 142.611725 277.224396
v 250.031403 140.392426 229.756210
v -249.985733 134.970078 280.370361
v 250.008087 130.535278 232.062683
v -250.000717 121.215271 283.679016
v 249.981613 121.469276 233.097137
v -250.009781 109.467079 284.907257
v 249.999084 111.450905 233.774323
v -250.024033 96.719612 283.109039
v 249.964554 97.466431 233.003448
v -250.019653 93.031815 282.924835
v 249.988297 91.513565 232.919586
v -249.900742 85.951759 280.792053
v 249.969360 82.446518 231.925522
v -249.988495 76.111328 278.904785
v 250.001495 73.669319 231.291428
v 250.006149 65.507843 230.491623
v -250.033997 58.777836 277.557922
v 249.988083 49.058731 226.990189
v -250.005783 40.969269 275.816437
v 249.977280 46.099087 224.459595
v 250.009491 41.326851 225.282990
v -250.023010 33.571079 275.602844
v -249.924545 28.227932 274.211670
v -250.015167 21.182404 272.688202
v 250.000839 21.664730 217.335281
v 249.999268 12.626234 212.219864
v -250.010239 11.164537 270.227631
v -250.021347 4.985515 269.219208
v 249.998016 -5.504111 201.825058
v -249.993805 -6.363809 266.695007
v 249.989197 -12.520576 199.744598
v -249.997040 -20.651514 262.824890
v 249.993271 -21.721985 191.773956
v 250.073013 -34.126637 184.957230
v -250.000763 -37.689129 259.074829
v 250.053177 -41.207394 183.700256
v 250.191025 -46.726627 182.735458
v -250.019638 -52.050198 254.789474
v 249.903580 -51.879765 181.084702
v -249.983932 -59.099419 254.908783
v 250.023834 -59.489735 176.855759
v -250.001053 -71.627464 250.950912
v 249.991211 -71.103317 169.356812
v -250.008530 -78.475998 252.867218
v 249.995224 -80.980171 166.412277
v 249.995789 -93.392632 168.840668
v -250.032928 -102.623474 254.402863
v 249.976059 -103.616501 175.816177
v -250.013794 -111.031754 252.914459
v 249.933609 -111.591614 179.346512
v -250.021057 -118.394943 251.104370
v 249.981949 -117.753281 182.263351
v 249.973877 -120.777008 183.163803
v -249.969391 -122.931915 249.380539
v 249.981461 -129.003159 188.071884
v -249.994080 -128.914993 248.072113
v -249.987564 -138.897888 245.139511
v 250.006393 -139.303528 192.375977
v 250.025620 -143.522446 193.354279
v -250.001114 -144.520905 244.184052
v -249.996826 -153.103989 241.167709
v 249.985535 -149.089157 195.437820
v 249.974411 -159.060425 197.114120
v -249.981644 -158.820923 238.733597
v 250.034836 -164.383011 198.231781
v -250.015488 -168.216705 234.360947
v 249.982437 -168.882385 198.672653
v -249.978592 -182.712723 226.773758
v 249.891617 -175.591278 200.309464
v 250.116287 -180.209885 200.331100
v 250.006760 -183.083405 200.916046
v -250.061295 -186.199265 223.597076
v 250.081680 -186.751373 200.598587
v -250.002869 -188.558029 223.548111
v -250.070084 -192.238678 224.742706
v 250.051514 -195.406570 199.214752
v -249.943054 -197.010803 225.839310
v 250.140060 -198.935471 199.056290
v -250.009430 -203.126846 226.324463
v 249.954178 -203.465195 197.442062
v 250.044235 -205.985291 197.830734
v -250.011597 -212.227203 225.166092
v 250.074585 -208.971222 196.569092
v 249.887421 -214.062454 196.139572
v 249.976608 -220.777634 193.615402
v -249.929642 -227.443939 220.843826
v 250.019043 -228.984100 191.594315
v -249.994858 -233.854019 217.679611
v 250.029266 -231.962997 190.984146
v 249.814850 -239.915619 189.306564
v -249.999908 -243.830444 213.060562
v 250.143631 -242.993500 189.741669
v 250.077194 -247.461456 189.407623
v -250.008270 -249.977005 211.569138
v -243.828659 -250.008530 209.422958
v -212.949951 249.978821 252.593384
v -216.077789 -249.979523 220.917465
v -208.172836 -250.008865 226.270157
v -196.939316 250.013672 246.022110
v -201.206390 -249.976303 230.269974
v -189.846268 249.910721 248.118164
v -185.649841 -249.953796 239.990128
v -180.899551 250.007736 252.944138
v -177.455902 -249.988220 243.808807
v -172.732712 -250.020096 246.429428
v -169.003281 249.994675 257.714813
v -159.627197 249.994873 261.840576
v -144.189270 -249.997696 259.750854
v -147.419739 250.021439 267.745209
v -139.320969 250.001892 270.249634
v -132.978607 -249.998306 265.897919
v -131.316193 250.035782 274.681244
v -123.363449 250.025955 279.753601
v -121.101189 -249.999603 271.952332
v -114.845131 249.993683 286.075714
v -106.470749 -250.002319 277.505646
v -105.028046 249.980499 291.883942
v -101.014969 250.057190 294.178131
v -98.747887 -249.996445 276.483582
v -85.783554 249.999725 301.269135
v -77.883308 -250.000168 268.821838
v -70.794876 250.008316 307.510193
v -50.946167 -249.999802 258.403748
v -60.199688 249.999359 309.976044
v -44.022926 249.999527 311.295776
v -30.875996 249.999588 311.335022
v -26.003874 -250.000122 251.778336
v -12.956448 250.000351 310.167297
v -1.670959 250.005463 308.446869
v 5.169956 -249.997971 246.392319
v 8.027846 250.011841 305.620270
v 19.618608 -249.991013 243.986252
v 14.137775 250.004776 302.396729
v 19.568573 249.990143 301.495575
v 25.465212 249.992706 298.155518
v 29.056921 -249.972824 243.766541
v 32.209953 250.052368 294.714111
v 41.182175 250.030869 289.942444
v 45.441120 249.988297 288.041229
v 54.393181 -249.983231 244.175842
v 57.899021 250.041046 281.678986
v 65.826500 -250.002777 243.560272
v 65.017464 250.063034 280.526611
v 74.454140 250.005112 277.141296
v 84.099892 249.951126 274.155640
v 92.669022 250.040695 271.840149
v 100.538940 -250.003387 232.416000
v 108.801872 249.997437 267.688110
v 119.465797 -249.990982 222.265732
v 121.840248 250.046600 264.119720
v 129.811920 250.022491 260.966125
v 129.795242 -249.986893 217.105927
v 139.994888 250.018402 256.991150
v 141.628967 -249.974976 209.443436
v 149.084183 249.985168 253.605530
v 149.500641 -249.941177 203.186386
v 153.421265 250.035934 251.647507
v 158.014145 -249.975189 195.728241
v 163.067078 249.985703 248.956573
v 173.580261 -249.989868 190.171280
v 170.935760 249.976807 246.976883
v 179.204910 249.999771 244.900558
v 182.633575 -250.002045 186.743790
v 183.963821 250.001694 242.946075
v 189.488190 250.010635 241.598267
v 193.532135 250.018356 241.293152
v 200.002670 249.988983 239.902786
v 210.181015 -249.986877 166.235703
v 213.143814 249.998108 237.257614
v 222.966293 249.938766 234.377411
v 223.343613 -249.961502 161.284607
v 234.802414 249.992813 230.055939
v 250.008316 249.997620 224.622482
v 250.090805 -249.974075 188.924210
v -239.055725 245.913010 261.853302
v -226.642990 247.420486 257.694275
v -219.428940 247.054169 254.108124
v -206.818405 246.405243 251.072952
v -199.354568 246.348816 247.283539
v -195.945877 246.353653 245.195999
v -163.361237 244.837540 258.511780
v -142.814209 242.630341 269.044983
v -132.353714 247.282837 272.797668
v -128.225861 244.549683 275.568817
v -114.145813 245.148438 284.867859
v -91.123825 245.429260 298.476532
v -66.761375 243.380173 308.071564
v -51.842449 241.059326 310.652496
v -9.776127 239.260880 310.750519
v 10.539941 244.453506 305.932465
v 22.575747 246.261078 301.441071
v 54.767639 244.251221 287.230621
v 73.848335 243.703079 280.229431
v 93.235619 244.240692 274.478210
v 119.241623 243.989670 267.406677
v 152.186630 245.971786 253.815506
v 165.931992 244.639404 251.567383
v 179.233109 245.157516 248.174362
v 191.306091 244.713898 245.299423
v 199.428558 244.249146 243.987640
v 207.102386 243.741669 242.586563
v 227.047470 245.042648 234.783264
v 241.924667 241.627563 230.066956
v -226.133896 241.860962 257.920929
v -219.477158 243.542480 255.471100
v -193.385330 243.996765 243.920044
v -182.831955 243.687744 249.029114
v -179.426727 238.860474 249.632446
v -169.894196 242.383453 255.164841
v -76.529686 243.360123 304.360504
v 16.237896 242.475479 304.094971
v 18.893951 244.217499 301.871368
v 26.734585 241.956116 300.945709
v 43.846962 243.814194 292.101440
v 65.157822 244.274979 283.445953
v 101.552246 241.051651 273.843719
v 110.951988 243.422028 269.933350
v 142.586334 242.079239 258.567261
v -210.382751 239.226929 255.412811
v -190.805359 241.747162 243.460831
v -153.338943 242.529160 262.821564
v -131.483856 237.190125 272.194183
v -123.479202 240.289993 277.852722
v -106.567924 238.972290 287.640015
v -96.776306 236.026764 292.528625
v -59.553841 236.079895 309.176910
v -40.917542 232.874649 310.971161
v 30.023184 239.296875 300.069672
v 166.943527 238.290344 254.209503
v 214.365738 238.029556 241.954742
v -244.181381 239.744263 263.977386
v -200.887405 235.211670 253.006500
v -195.111435 236.793961 248.843750
v -160.320450 240.649872 259.102417
v -146.739517 239.730850 265.123413
v -138.172348 239.535538 270.148346
v -117.265831 240.291351 281.775299
v -99.563881 240.353012 292.616638
v -27.052235 232.332520 311.237823
v -18.120958 237.125992 311.136902
v 2.097888 234.316376 309.769287
v 23.682346 239.073242 301.213287
v 41.446411 237.599640 295.765045
v 51.496494 233.775208 293.466980
v 56.989277 240.118439 288.851837
v 69.533333 239.542374 284.315277
v 107.111542 235.808670 273.938995
v 131.448822 237.596161 264.576599
v 136.704910 237.949814 262.196136
v 155.192291 238.507523 256.162598
v 182.004745 240.273300 250.093918
v 234.624619 238.309601 233.939331
v -236.301270 238.294464 261.725708
v -189.770157 238.441742 243.513199
v -112.068108 237.541092 283.258392
v -88.991753 237.004044 297.338715
v -71.530838 233.609375 304.387482
v 62.716408 237.709427 287.727844
v 82.080223 239.860794 279.895111
v 123.371162 238.902679 267.402039
v 192.459915 236.613586 249.092010
v 205.921173 237.510391 245.292618
v -144.583847 233.859695 266.973907
v -65.124313 232.045990 306.539856
v 12.143924 232.100937 307.488678
v 23.304626 236.403107 302.917389
v 80.624435 232.881104 283.674988
v 228.925385 236.696976 236.324402
v -230.510254 233.431702 262.299988
v -188.040756 234.882431 244.115829
v -175.056076 231.192245 248.284088
v -167.350433 234.320938 253.811356
v -158.794540 230.834076 258.345703
v -151.610504 233.723740 262.181580
v -135.579056 230.378433 270.303223
v -128.352356 231.845627 272.600250
v -103.330421 234.083023 287.719116
v 28.778456 232.495453 300.733734
v 33.409302 234.614288 300.260773
v 97.616081 230.772995 278.748871
v 138.038330 228.640808 264.587006
v 212.834244 231.264786 244.252579
v 221.969803 231.629211 240.573975
v -184.716629 232.150116 243.032455
v -122.626984 229.887161 274.827362
v -117.159981 230.018967 277.144135
v -111.915932 232.154251 280.113464
v -87.168533 232.906418 296.757690
v 64.300209 230.784470 289.502533
v 159.500076 230.349411 257.917694
v 169.407104 228.354187 256.271759
v 182.379303 231.358521 252.747284
v 233.447006 224.366074 236.536331
v -199.730103 227.352585 254.349991
v -182.426666 230.867569 243.007904
v -164.109848 228.489838 255.479797
v -96.202850 231.895233 290.605560
v -56.717987 228.045883 308.503204
v -16.773418 226.378525 310.987823
v 26.327932 230.405731 302.953827
v 37.439426 230.615128 299.974792
v 84.019524 226.123077 284.853058
v 106.637260 227.605331 276.624359
v 119.533264 226.807617 271.902649
v 145.678680 227.376434 262.622711
v 193.970276 228.825806 250.524719
v -239.355881 224.349686 268.165283
v -208.222198 229.881210 257.111176
v -187.884384 227.288040 247.648132
v -105.294907 227.950577 282.663666
v -76.209969 229.098114 301.074890
v -48.784805 226.332016 309.760681
v 34.756374 226.287598 300.021637
v 50.845901 226.147491 296.161102
v 75.641640 228.650955 286.602081
v 125.064217 221.212021 270.927399
v -228.657608 223.887787 264.713593
v -176.853958 220.426880 244.670059
v -167.989273 222.778748 252.136703
v -143.887344 221.881622 265.116943
v -111.977165 226.679749 277.815948
v -102.705276 224.713898 283.767822
v -98.687912 221.797455 286.117889
v -89.788452 223.806305 292.085449
v -62.004410 221.184235 304.714447
v -5.929829 222.683640 310.756104
v 14.650449 223.597275 307.822876
v 30.897499 225.330978 302.091766
v 40.723499 226.589081 299.855774
v 42.902409 221.972641 299.744293
v 101.067627 221.455063 279.609802
v 198.043304 221.861404 250.468903
v 221.863602 221.813156 242.417969
v 226.391342 225.984924 239.524200
v -181.367981 223.990402 243.397247
v -128.234329 223.150803 270.727325
v -121.619240 222.959320 272.801514
v -71.350067 222.130859 301.204895
v -41.449287 216.133057 309.573700
v 1.538449 219.143509 310.149292
v 66.787529 218.406494 290.308044
v 154.130997 221.938141 261.689545
v 181.194992 218.698135 255.237152
v 208.316406 219.101395 247.734238
v -199.733551 219.709183 255.497284
v -152.769257 225.389450 260.662506
v -114.082169 218.458389 274.214905
v -93.172661 220.490631 288.343781
v -84.602127 220.314545 292.747253
v -26.517838 216.948914 310.191101
v 23.002836 218.546967 305.089233
v 47.579895 220.192444 297.976288
v 64.803833 222.048813 290.954010
v 89.545731 217.666061 284.248352
v 112.473305 220.555618 275.752930
v 135.513168 217.037598 268.193542
v 166.289093 214.463531 259.458099
v 243.579102 223.784134 231.776154
v -220.471024 218.756271 263.106628
v -215.407181 219.689880 260.961517
v -181.883255 216.893951 244.114365
v -179.755630 217.267426 243.049408
v -162.029694 218.306076 255.822693
v -150.652512 217.765976 260.584137
v -135.261703 215.131241 265.797485
v -77.323463 217.108963 295.867462
v -54.398144 216.981781 306.816772
v 31.284840 216.316055 302.124603
v 37.673767 217.432083 299.053131
v -236.619736 215.377335 268.312531
v -192.747681 217.459564 251.891983
v -155.672989 214.336548 257.723724
v -105.236481 215.030533 278.816620
v -46.466175 210.014511 308.131958
v 8.676210 214.688553 308.920715
v 81.147408 216.328339 286.401917
v 145.357956 210.894363 266.203491
v 242.044479 216.822861 233.267746
v -143.425446 212.463455 261.631378
v -129.424683 216.515121 268.090912
v -113.129906 211.300156 273.035919
v -95.635414 216.289291 285.891113
v -84.015892 213.148849 288.724182
v -72.423172 214.086838 298.058838
v 103.553833 216.598724 279.256531
v 119.554169 211.178650 273.840668
v 215.492111 212.958420 245.659012
v 225.600998 213.819641 241.443497
v 236.699295 213.839432 236.140564
v -215.514786 211.462357 261.353394
v -170.758575 211.859314 250.628616
v -16.005896 208.975281 309.772003
v 11.590163 208.259766 307.275208
v 32.817024 209.074265 300.695190
v 44.187103 209.798141 298.354828
v 51.994713 216.192322 295.994598
v -202.929932 210.551041 257.018433
v -197.315384 207.379288 254.419373
v -188.020203 210.424164 248.613235
v -180.192535 212.104507 243.677963
v -162.005020 208.610046 253.933258
v -123.644386 212.573349 269.891541
v -93.001945 211.712585 284.496796
v -61.950020 211.976822 302.348389
v 37.215607 210.820206 298.219269
v 72.395584 212.963150 288.071442
v 132.568878 207.361435 270.112183
v 158.395004 206.331741 262.841797
v 177.740097 207.905624 256.795349
v -237.489197 206.725861 268.040894
v -221.379578 206.658539 262.747009
v -181.960953 209.113144 242.812439
v -103.701195 209.445953 278.125397
v -70.295166 205.579941 296.975647
v -5.623124 198.790070 308.931396
v 50.501202 209.572845 294.979492
v 63.802788 207.543686 289.169586
v 97.517830 210.131653 280.542175
v 195.367142 206.774902 252.121216
v 223.406494 203.779175 243.117615
v -233.416702 204.962357 266.204132
v -178.667358 207.808746 241.719986
v -139.855240 208.467590 261.371124
v -133.778046 207.515793 264.397858
v -129.638153 204.375992 264.904205
v -35.927979 203.411652 308.320160
v 40.079418 200.765594 296.932434
v 86.049385 209.054733 283.813629
v 149.920639 203.277039 265.246033
v 182.062027 202.870972 255.770828
v 210.381210 205.248947 247.870483
v -209.245392 202.574677 258.646423
v -171.093948 204.276947 248.238541
v -125.050285 202.779312 266.860413
v -117.930099 205.658417 270.288239
v -108.600929 205.042633 273.159027
v -90.533363 202.134750 283.584747
v -87.529808 204.724991 286.368713
v 24.810318 206.040756 302.469147
v 55.333183 205.377625 291.495667
v 69.653816 203.237701 285.400909
v 92.548676 204.151779 279.605652
v 103.579727 205.297836 277.380554
v 118.480362 205.397034 273.558807
v 202.244919 200.182648 250.017792
v 234.428299 205.796570 237.439865
v -189.784378 200.681030 249.600021
v -175.855621 199.711716 242.994339
v -157.821198 203.779694 254.076736
v -141.726913 202.675262 259.234497
v -99.603676 203.940048 277.681885
v -79.745621 202.767715 290.331238
v -54.639805 208.175140 304.948761
v 34.905121 202.993698 297.030945
v 80.549110 201.635574 282.025085
v 126.115593 202.034058 271.304474
v 164.452560 197.103119 261.102875
v 216.519119 198.508820 245.407974
v -202.700653 198.793762 256.315643
v -178.355347 201.515015 242.351273
v -152.247253 199.317902 253.998535
v -57.014172 201.631699 302.849396
v -18.862383 197.324173 308.441467
v 13.368765 202.343903 305.079773
v 30.876471 202.472366 299.993469
v 48.390099 202.159058 292.770142
v 60.392811 200.879700 287.647400
v 108.757042 200.540573 274.396576
v 143.737183 197.830109 266.656830
v -135.743774 195.802704 260.278717
v -94.045563 200.047287 280.067596
v -46.106041 197.710327 305.614288
v 42.480408 196.039581 293.421783
v 115.509193 197.083206 271.686707
v 134.361984 196.467087 268.667725
v 231.313492 197.664825 238.691849
v 239.758652 197.149033 234.593185
v -236.874725 197.445221 264.635803
v -228.457565 196.312241 262.081177
v -213.931534 194.713547 258.085876
v -180.116760 197.192490 243.204315
v -173.697754 198.103592 243.095337
v -168.613754 197.902237 246.650497
v -129.947464 192.442505 263.113342
v -108.482101 196.984940 271.346710
v -101.379875 194.177872 274.258423
v -88.531120 196.331558 283.372772
v -82.654587 197.219284 287.587799
v -71.566994 196.758118 294.281891
v -55.606247 194.340851 301.757568
v 55.447884 196.276718 287.928772
v 71.493477 197.420135 281.919647
v 122.916435 195.224686 270.071381
v 191.900299 194.013870 252.722000
v -222.574646 190.965652 258.970978
v -194.960938 192.880692 251.197998
v -144.966400 191.721008 255.040924
v -120.210480 195.335587 267.669647
v 12.160033 194.508301 303.737396
v 18.341705 190.436081 300.432587
v 30.945824 195.500427 295.764771
v 47.052608 192.658005 289.769440
v 74.321075 192.452118 277.893982
v 86.269547 197.350571 278.434357
v 179.791840 189.702789 255.920425
v -187.532303 192.626907 247.450943
v -155.347549 190.277359 250.030823
v -93.823006 193.134583 278.271484
v -34.897957 190.881958 305.689697
v -13.534151 187.559525 307.523010
v -0.807013 192.004089 307.188904
v 26.335812 193.042664 298.267700
v 62.319538 192.122711 283.260101
v 66.978439 193.274445 281.343719
v 92.799011 194.630737 275.374054
v 103.022713 190.404327 271.045288
v 206.066025 185.509369 247.658661
v 218.576706 191.153061 243.889420
v -240.917923 188.842117 263.368683
v -207.199997 186.492340 254.080414
v -176.010147 193.393127 241.163498
v -171.785034 190.715683 240.213043
v -167.309525 194.222519 245.938736
v -115.470184 190.172211 268.529083
v -88.697411 189.826019 280.817108
v -75.520119 189.026627 289.607544
v 36.804520 192.042892 295.260193
v 129.693436 192.693588 268.448395
v 170.713104 189.340302 258.714783
v -185.214325 189.317673 247.413940
v -161.082047 190.148453 246.407593
v -124.219200 189.685425 264.977020
v -102.262054 189.438080 272.360443
v -83.345238 188.806549 284.677124
v -66.830101 191.623474 295.600220
v 27.427515 188.147552 294.447418
v 32.045547 183.291412 293.818604
v 40.911449 188.534927 290.458466
v 139.880127 186.725143 265.056305
v 150.371536 188.909760 263.697601
v 191.085632 184.093781 252.562088
v 223.835220 192.088379 241.540726
v -228.670151 185.335953 259.904083
v -200.050766 184.926422 249.964417
v -191.614822 188.162415 247.582397
v -179.466614 187.446777 247.274918
v -168.508408 188.565369 240.666321
v -137.887100 186.886688 257.938049
v -107.414505 184.788132 269.822357
v -62.583141 187.103668 295.951385
v -49.605751 182.928238 300.789032
v -43.653412 185.903198 303.215088
v 4.933930 186.925140 304.379608
v 23.748878 185.676300 297.010651
v 53.548771 182.998688 281.801392
v 78.251747 188.148148 275.030426
v 87.799446 188.407974 273.642395
v 110.168816 184.411240 267.290863
v 132.569748 186.952881 266.064606
v 212.647659 182.656174 244.580109
v 228.316177 187.852432 238.050110
v 236.662277 189.066772 234.820557
v -169.980316 187.173080 240.692810
v -164.327377 187.500244 241.534363
v -151.447601 186.524887 250.527588
v -147.038101 183.791763 252.557785
v -84.466675 183.851135 282.935272
v -55.885841 182.784317 298.597015
v -23.358160 185.756363 305.800293
v 49.580303 187.708710 286.722198
v 119.528877 181.202393 264.443237
v 158.558914 182.834106 260.954712
v 243.669846 181.647552 229.390259
v -219.154449 183.051590 256.717163
v -173.285065 181.180634 247.479034
v -166.749863 185.191467 240.403000
v -130.024170 179.506516 259.038605
v -122.703865 179.576996 262.809967
v -99.133240 182.436142 273.192444
v -75.794624 184.056213 287.580200
v -3.795168 181.269638 305.327423
v 12.380249 183.650421 301.199066
v 59.895069 182.629929 280.062195
v 64.248238 176.881409 276.083252
v 84.236244 183.051575 271.335388
v 95.875473 183.611023 269.807678
v 145.351074 179.789459 262.128632
v 219.797180 183.755615 241.471497
v -208.895477 182.706070 253.267166
v -164.009811 183.695679 241.104309
v -152.519882 181.960754 248.494446
v -145.498642 177.647797 252.237198
v -91.028893 179.472855 276.946442
v -68.942360 180.068481 288.883362
v -39.266048 176.737534 302.275574
v 25.066126 180.363358 293.095001
v 45.545597 177.645767 284.069427
v 74.071152 181.327774 273.961243
v 102.973183 178.183990 266.276550
v 170.060989 178.325424 257.324768
v 231.686478 180.266815 234.212784
v -232.956985 178.717239 260.241272
v -204.085510 181.238342 252.385818
v -192.223526 178.404465 253.313156
v -182.180618 178.809906 251.973175
v -139.493149 174.095337 253.963928
v -75.146774 180.092819 285.430542
v -29.712572 175.555801 302.923035
v 2.590793 177.529114 302.670380
v 19.185495 176.445206 296.269104
v 36.623363 179.186539 289.023407
v 114.879234 177.367325 263.187653
v 132.029297 176.032822 261.970093
v 178.926559 172.159088 254.611786
v 198.900391 180.214447 249.585403
v 221.814667 177.871140 238.417343
v -243.930573 177.365784 263.336700
v -218.685150 175.364365 255.254105
v -211.567001 177.986877 253.562180
v -175.410004 176.357254 249.601425
v -164.449493 179.373138 241.527496
v -116.935402 178.262589 264.256989
v -110.531189 172.855560 264.958984
v -86.966919 172.888992 277.099884
v -65.765930 177.874176 291.421600
v 30.995075 178.315384 292.373962
v 52.140961 179.134567 280.792084
v 73.185799 176.231857 272.833832
v 80.834724 177.420120 270.524445
v 120.601738 174.166519 261.290680
v 161.603958 176.029343 258.854004
v -168.503464 175.296692 246.282303
v -163.050491 176.033966 242.195480
v -155.596756 178.351578 245.912537
v -59.290638 173.905731 295.661285
v -53.918465 174.437897 298.219238
v -13.699626 175.071487 304.275665
v 13.056813 179.136536 299.455536
v 33.211617 174.997452 288.543182
v 41.973450 174.305115 282.636261
v 58.561810 175.632065 277.086975
v 94.036797 176.919937 266.563385
v -237.269363 174.350754 259.374908
v -228.474777 173.664291 257.801941
v -132.873123 172.039948 255.169693
v -122.310890 171.954239 259.225220
v -100.107414 173.988342 271.520569
v -83.994164 173.555649 278.157471
v -80.340454 174.895248 282.060364
v -69.943459 176.475388 287.875854
v -53.271027 168.351303 297.781921
v 21.734051 173.362228 291.873962
v 28.609337 170.764069 291.244293
v 48.624794 171.792282 278.710724
v 206.646759 171.512299 246.180618
v 217.288055 173.087448 241.061676
v 226.801575 174.520645 234.977814
v 233.461014 175.856262 231.877747
v -226.502182 171.003601 258.069092
v -207.537766 171.873978 257.223419
v -201.532715 166.814346 257.917145
v -185.558121 167.279755 254.132553
v -161.512466 169.580002 238.831375
v -158.626923 170.609833 238.971054
v -146.196381 170.176849 249.246841
v -70.602272 170.093689 288.800201
v -13.810725 167.858749 302.892212
v 0.608703 170.491928 301.524689
v 61.036995 170.946854 273.917419
v 67.405190 171.408081 272.112274
v 81.329247 172.326797 267.397278
v 87.612488 168.721039 265.247375
v 98.493301 170.458313 263.666748
v 110.023949 169.889816 261.290405
v 139.365707 171.157684 259.650574
v 166.820251 169.156097 256.265900
v 188.038040 170.145248 252.358383
v 198.088181 169.039734 249.136246
v 234.069855 168.863449 229.703018
v 243.724335 172.145538 225.514877
v -242.617371 171.410690 263.916718
v -239.596542 169.225845 263.655151
v -215.586456 169.801468 258.176361
v -177.941238 169.286636 251.228058
v -105.687241 168.773758 266.781036
v 4.708546 164.660034 299.558777
v 14.047443 167.240204 296.523773
v 37.238556 167.422272 283.526947
v 73.947617 171.665497 269.547668
v 104.676277 171.838562 263.877991
v 150.293686 171.173660 258.974518
v 159.041153 168.195343 257.071960
v 225.348709 167.165955 235.210693
v -237.892288 166.886673 262.584869
v -152.451721 164.257690 241.712784
v -136.852997 164.531509 251.425201
v -120.369820 166.782440 259.287903
v -97.686424 170.121872 271.009247
v -91.068222 163.683395 275.455872
v -82.693100 167.644348 280.338379
v -28.076763 167.473648 301.594482
v 39.844044 163.308411 281.910767
v 95.561081 164.011734 261.163696
v 118.871971 166.666061 258.098297
v 128.075867 167.751907 258.088776
v 139.599808 164.652588 256.408478
v 207.299255 167.550232 245.070877
v 217.549988 167.729736 239.837936
v -242.921906 160.189621 266.158112
v -229.928955 165.941803 261.516815
v -193.792816 165.334412 256.659729
v -172.448608 164.768890 249.380493
v -165.549683 166.487869 244.738785
v -160.028702 164.903046 239.578217
v -157.795303 167.060608 239.349991
v -128.142807 165.034485 255.701248
v 15.433481 165.750153 296.075867
v 19.662525 163.979050 290.687805
v 149.792084 164.662186 256.498962
v 246.520432 165.001587 223.304581
v -141.748047 163.087936 247.426025
v -104.663734 164.796967 267.572601
v -76.099777 162.228668 284.204987
v -61.543625 161.485703 292.220398
v -49.296665 161.059067 297.522949
v -4.578802 152.763031 300.060486
v 27.027969 159.150391 289.724945
v 32.440620 157.826248 284.576538
v 48.549358 163.003738 276.466797
v 56.055355 159.002228 272.283569
v 109.134888 162.033371 258.494934
v 125.722557 161.284805 255.726837
v 185.753723 162.460922 251.988174
v 197.064224 161.583405 249.313431
v 237.316040 166.069458 228.117004
v -214.818054 161.077423 261.591949
v -183.531891 158.644012 254.592392
v -149.010925 159.972900 242.918579
v -123.315903 159.944107 257.406189
v -112.124702 163.175629 263.499115
v 83.530937 162.565857 264.971008
v 175.155258 163.597763 254.013580
v -158.072891 158.255798 237.763046
v -129.855286 156.420319 254.295456
v -82.167465 157.060257 279.369934
v -23.156290 154.820587 300.243408
v -10.815259 155.657501 300.850555
v 14.190782 158.608337 295.102844
v 50.092224 155.409927 274.558044
v 87.805733 160.011948 262.504791
v 159.309982 161.301056 255.001862
v 208.470505 157.780273 245.118439
v 217.883224 154.932205 241.380478
v -229.155090 158.808105 265.140717
v -207.531006 152.717010 262.162048
v -199.135162 152.887711 260.040466
v -171.094116 156.472443 249.910156
v -143.793594 152.513062 247.158112
v -103.545044 158.846329 267.785248
v -92.202629 153.920151 273.472198
v -52.102161 155.714417 294.683105
v 4.477572 154.601013 298.319244
v 67.159660 159.590042 268.141602
v 106.550728 154.359726 256.117188
v 178.799301 153.129211 252.108826
v 201.663788 154.878357 247.755432
v 225.697739 157.601593 235.912872
v 234.599319 154.137558 232.332947
v -179.450867 150.325577 254.486969
v -164.535004 148.949799 246.961884
v -155.132751 155.214737 238.425598
v -77.051399 155.320831 281.614899
v -38.732601 157.301422 298.577942
v 20.545479 149.501144 288.196350
v 37.846901 153.467209 279.749481
v 73.813438 151.233322 264.250671
v 97.854950 152.930328 257.319397
v 114.885635 149.087234 253.350647
v 149.200485 156.157654 253.864578
v 188.907761 150.818924 250.610580
v 196.202637 149.952118 249.221939
v 239.709229 151.024506 230.909790
v -232.352951 149.418533 270.178375
v -222.694153 151.905533 266.430023
v -118.982826 149.700195 258.555664
v -63.954437 153.752731 288.494781
v 84.695778 147.366226 259.772614
v 122.297523 148.421341 252.323578
v 223.865891 147.716400 239.831940
v -214.728775 150.554779 264.709747
v -157.957718 148.856400 239.500183
v -151.889191 151.283478 239.667068
v -105.011421 149.152405 265.275146
v 67.512863 153.844879 266.618103
v 79.213821 146.553497 261.054443
v 137.232529 150.535889 252.006683
v 164.261917 149.000366 252.173386
v -196.100372 145.639450 260.113037
v -186.778717 148.333145 256.962158
v -154.639175 147.929245 238.024200
v -126.893166 146.777664 254.948364
v -86.245720 148.000809 274.167877
v -70.240387 149.827103 282.934021
v -56.177345 145.152420 289.586243
v -48.005753 147.683304 293.328918
v -33.787434 148.786194 297.982269
v 14.616710 146.305023 292.482788
v 26.654234 146.828583 287.383484
v 44.565857 149.007538 275.246643
v -240.547470 148.632217 272.218750
v -212.587723 145.596588 264.864349
v -94.934067 143.353455 268.891174
v -77.019875 147.693207 276.495605
v 4.869677 145.316986 296.978882
v 31.038887 146.849243 283.487762
v 92.561859 145.630219 257.452454
v 107.054604 147.190048 254.505371
v 149.630005 146.612534 251.368912
v 209.620636 145.916794 245.842957
v -169.711227 145.693680 250.725281
v -151.184982 146.446457 237.276291
v -142.626694 145.592972 246.785965
v -112.475609 143.261154 260.602142
v -27.171801 140.395889 297.981476
v -2.718716 142.102005 298.679199
v 178.931839 142.341797 250.314453
v 228.869568 146.176132 237.365555
v -204.336868 141.479584 262.985870
v -133.291245 140.734070 251.667175
v -109.721428 135.615845 259.851044
v -65.910233 140.694489 283.314362
v -22.476213 131.688080 297.846100
v -12.244531 136.600571 298.798218
v 17.478916 144.980865 291.052795
v 29.041307 141.007935 286.106689
v 35.917133 138.383774 279.629730
v 42.893131 140.280106 275.051941
v 52.317146 144.057907 271.219025
v 64.580185 144.677307 265.692261
v 100.733582 141.952423 255.246994
v 140.857834 140.538559 248.923538
v 192.597778 137.576614 248.858994
v 201.154785 138.852631 247.997757
v 216.277008 136.209091 244.633850
v -236.898453 140.059509 274.440491
v -225.383026 137.163803 271.229828
v -194.382843 135.222046 260.544678
v -151.966873 138.780701 237.589432
v -149.449600 141.232941 237.715607
v -141.067978 140.671310 246.327637
v -122.501923 137.246613 255.561447
v -72.608437 141.014771 279.180267
v -43.349236 135.556381 291.502167
v 13.944872 138.234283 292.583710
v 19.767351 141.514771 287.458801
v 149.038666 138.229568 248.661499
v 154.045883 137.193359 249.059052
v -176.190918 134.589523 254.486984
v -153.769119 138.679565 238.285751
v -89.207207 139.409119 269.921112
v -55.373219 137.654114 287.292603
v 62.678375 137.769623 266.054504
v 88.994537 133.942062 257.849823
v 110.280647 137.247269 252.655746
v 124.084511 136.724548 250.169510
v 129.224777 140.781006 249.894501
v 162.977356 137.203735 249.000000
v 223.519196 139.131577 241.629227
v 233.741379 135.433456 237.940903
v -210.844070 139.012405 265.718964
v -173.822922 137.820633 253.372360
v -163.848923 138.007477 247.992752
v -146.208908 138.135315 238.581131
v -101.713707 136.328308 263.414917
v -60.440929 138.765762 284.487671
v 2.925525 135.372238 296.477173
v 22.859341 131.094086 285.470001
v 46.544876 132.320435 272.896210
v 177.909698 135.237732 248.890060
v 205.717545 133.086563 247.331711
v -82.543953 138.613602 272.536316
v -77.004837 131.928177 273.568787
v -63.510040 134.566269 279.217102
v -50.843422 131.568039 287.496368
v -3.998640 124.471992 297.720642
v 30.565235 131.899933 284.809143
v 55.329857 138.209167 269.071655
v 81.972839 136.706207 259.816406
v 96.437958 126.908142 255.923889
v 134.795227 128.002899 247.844757
v 141.727158 135.850342 247.461548
v -233.503220 133.926300 274.980865
v -217.504181 129.253967 269.502350
v -165.931747 130.849121 248.863632
v -146.186859 132.509293 236.957642
v -134.424072 135.369370 250.046967
v -36.216713 127.290703 292.191711
v 8.349653 133.803787 294.059265
v 19.453487 134.164459 286.990234
v 114.866852 132.763916 252.015335
v 149.951981 134.597107 246.619492
v 155.303894 131.959549 246.113052
v 225.244598 130.562881 242.358032
v 242.940201 131.915970 234.606918
v -227.888641 131.383865 273.137085
v -210.632095 126.671349 267.281555
v -203.563477 129.097443 264.363068
v -188.031296 128.168976 258.856567
v -141.767761 130.181412 242.220367
v -132.844055 126.895226 250.281158
v -129.465759 124.195480 251.328812
v -97.773491 129.660294 262.601654
v -58.077545 128.115204 282.618896
v 16.268724 128.774689 290.485443
v 50.153412 128.987015 271.563354
v 68.749336 132.209427 263.727600
v 104.043961 126.304123 253.841263
v 121.808105 119.623337 250.203018
v 166.948425 131.141769 247.313416
v 188.741821 128.061661 247.898453
v 198.613419 128.104218 247.777588
v -240.822144 130.887070 277.975098
v -84.775230 127.127441 266.566650
v 7.739108 128.167984 294.511963
v 169.974350 126.367722 246.479233
v 212.681534 122.514481 246.211823
v 230.680634 124.866531 241.299118
v -152.396362 122.277451 237.157867
v -137.805954 123.988396 246.216141
v -121.185875 125.605629 253.880066
v -63.208256 131.227600 278.406006
v -30.470318 121.006813 292.931274
v -16.969948 120.630447 297.558044
v 74.073418 128.966019 262.080719
v 148.136353 126.519516 246.162094
v 219.117981 123.578537 244.950760
v -225.673813 122.823929 273.167236
v -201.652252 119.897041 264.366730
v -174.666107 121.672913 254.537354
v -147.475540 126.241165 236.480164
v -113.214493 123.193924 255.453796
v -54.686512 122.189529 283.643738
v -48.373276 119.951782 286.425842
v -10.924910 116.451889 297.898651
v 19.083591 124.416832 289.182587
v 55.692600 124.460098 269.871979
v 78.820305 122.734886 261.458649
v 109.703201 121.874519 252.933258
v 157.228088 127.503288 245.421387
v 164.152115 126.310242 244.911102
v 238.475555 122.346191 238.444962
v -233.700302 120.428787 276.490753
v -217.892517 120.251587 270.022827
v -182.411774 114.681038 258.067505
v -163.820770 123.986046 247.427460
v -145.338715 118.712120 236.694839
v -81.762436 124.531059 267.665710
v -67.690559 122.131248 276.387909
v 12.545753 122.727264 291.817902
v 24.361017 124.132751 284.597412
v 30.010668 124.233078 284.158234
v 37.817669 125.971771 277.950470
v 62.240421 121.603706 267.446320
v 118.018776 123.632210 251.099838
v 145.170837 122.667351 246.749100
v -244.169174 115.388588 281.691620
v -97.738365 120.458191 260.126709
v -74.045601 127.051903 271.894135
v 5.337296 117.887459 294.622406
v 32.476223 122.018867 283.641907
v 43.766956 116.895714 276.633942
v 136.906281 117.855606 247.657196
v 174.683792 122.834122 245.873093
v 205.715958 118.381424 246.883728
v -191.490662 116.363472 260.936523
v -165.986816 115.160515 250.214462
v -156.258942 114.519905 239.769684
v -147.163895 113.667053 235.338150
v -90.857025 118.783607 262.846527
v -61.641777 111.590866 279.254028
v 22.195517 120.419235 287.676819
v 28.137548 117.114784 283.783478
v 74.766121 117.368393 263.992157
v 93.151680 117.502785 257.822144
v 149.874786 120.544861 246.152802
v 160.092163 117.629036 243.081573
v 164.970428 119.325912 244.052933
v 171.888168 119.446480 243.539337
v 194.471924 117.384621 246.545395
v 231.254105 119.178833 241.327606
v -171.675018 116.399918 253.516998
v -118.307083 116.578995 252.547104
v -108.717262 119.003746 256.283478
v -82.420975 117.503372 265.992401
v 34.174335 116.655876 283.015991
v 130.281509 115.752808 249.362259
v 178.842682 115.957573 244.302017
v 218.083038 112.619125 245.254059
v -139.913528 116.576004 240.420120
v -129.101089 117.095490 249.160553
v -77.701767 112.285637 270.349548
v -3.777660 108.676598 296.692200
v 14.753580 109.836784 291.037323
v 24.200405 114.705696 287.053253
v 97.807930 114.392998 256.968994
v 240.578033 110.940926 238.399414
v -237.561142 110.327507 278.646393
v -201.113846 105.021240 263.616638
v -189.067062 109.062004 260.243591
v -151.903625 111.589645 236.805237
v -108.038727 112.433174 255.560211
v -99.015282 114.400780 258.624908
v -89.953735 110.334900 263.955231
v -69.474800 111.669548 274.978912
v -26.222071 110.063911 292.584198
v 55.671177 111.517403 272.268585
v 64.414902 110.779900 268.208008
v 112.870361 112.766159 253.564148
v 134.048630 106.998772 249.053635
v 161.068008 111.920731 242.317047
v 168.623489 114.541519 243.319443
v 208.104416 108.190208 245.525665
v -228.034286 109.044731 274.393646
v -221.290054 110.550667 271.423645
v -178.333664 102.669510 256.769714
v -159.936142 108.012650 246.663101
v -144.363907 109.319008 235.179901
v -137.571854 110.627296 239.676239
v -129.433197 108.334213 244.526810
v -121.691971 110.840279 249.203522
v -51.959766 105.981949 284.612854
v 36.233379 111.299858 282.394684
v 83.085449 107.571220 261.318085
v 147.816208 109.901237 245.199799
v 176.209351 113.847000 242.566544
v 184.113373 110.415321 243.359238
v 232.248169 109.752670 241.690765
v -209.755020 106.542572 266.744324
v -100.224319 107.609840 258.383057
v 26.254562 106.549110 286.087524
v 30.390478 107.977196 282.347717
v 45.641712 108.388115 276.845032
v 75.837318 110.358574 263.837555
v 95.247581 106.444862 257.443268
v 104.634453 107.903473 255.203232
v 180.635254 110.522652 241.595947
v 198.832565 106.177940 244.365417
v 219.601334 104.596771 244.088409
v -165.317230 106.449829 251.468796
v -146.501968 108.877258 235.394150
v -135.213364 106.218201 238.356049
v -116.183739 106.330070 252.186569
v -10.900440 104.189217 296.060730
v 5.926148 102.580666 294.045563
v 55.332737 101.288460 272.814941
v 167.389191 105.779259 239.717728
v 176.832886 106.793793 241.478790
v 187.591248 107.120346 243.013016
v 193.972214 105.354851 242.197144
v -246.943665 104.576202 282.590790
v -141.903580 106.119972 235.484665
v -80.693390 105.023880 269.181366
v -64.910225 102.552422 277.442535
v -41.140984 110.069565 288.573639
v -3.778469 100.943604 295.547913
v 74.877342 102.775139 264.288544
v 115.108917 109.921181 252.344604
v 138.637436 105.013763 248.069321
v 157.691238 105.353043 242.919922
v 190.672318 103.673523 242.102631
v -233.207428 102.832855 276.090302
v -217.098633 104.214943 269.832367
v -155.108917 103.766388 242.162811
v -143.890472 104.709679 235.406540
v -127.165955 103.983185 245.334213
v -121.917206 99.142838 248.717514
v 15.584537 102.197670 290.920197
v 32.304321 103.470818 281.861389
v 38.703495 102.601059 281.199005
v 46.735153 99.889847 276.919647
v 86.760124 100.009132 259.832947
v 114.921410 100.850090 252.985596
v 173.926712 101.244202 238.760376
v 184.744873 104.519142 240.473572
v 225.186401 100.309502 242.794739
v 234.713318 98.030838 240.315186
v 239.849030 99.905327 238.359070
v -193.335312 100.754471 260.983093
v -166.248932 99.090652 251.906937
v 17.893990 95.386398 289.764191
v 30.483263 98.894775 284.774933
v 64.005844 100.395714 269.074829
v 182.726181 99.238182 239.742859
v -158.775955 99.446548 247.398865
v -142.029327 97.697227 233.976898
v -127.192726 100.239677 243.282074
v -96.498665 96.987968 260.168976
v -43.731346 98.519981 286.767822
v -26.559692 100.022278 290.790558
v 42.401566 96.452164 280.190521
v 101.288643 98.567169 254.454391
v 137.099731 96.375290 247.969131
v -246.819565 97.244690 281.319824
v -237.459595 97.209679 277.009247
v -220.491562 94.564507 269.237823
v -206.354431 99.197281 264.710205
v -82.853027 95.117622 267.764709
v -67.934189 97.665756 275.677246
v -14.391737 96.690620 293.293304
v 35.090485 98.872147 281.336426
v 73.949203 96.693214 265.057648
v 85.076706 92.595482 260.385010
v 104.229004 93.238579 254.630096
v 129.754288 95.803909 249.757523
v 147.468292 96.525696 245.298462
v 154.719025 96.492943 243.422836
v 190.223328 99.442116 239.425720
v 209.938751 96.254539 243.047302
v -229.672256 92.637466 272.311462
v -214.534241 96.271309 267.247681
v -204.033356 95.113213 262.738464
v -180.794662 94.133934 256.380463
v -150.492874 96.661972 238.607941
v -136.004395 91.117760 236.118301
v -128.690292 93.598427 241.311722
v -111.634689 91.261871 254.002365
v -59.380344 89.559418 280.265991
v -52.775112 93.818260 283.792450
v 0.983502 95.362137 293.860138
v 6.993179 94.470337 292.901703
v 36.485325 91.902565 280.330292
v 70.347862 92.072548 266.530640
v 113.501389 94.634186 252.098618
v 167.653366 93.788300 238.091354
v 174.597092 94.277344 234.422882
v 188.022995 93.456139 238.456802
v 192.961777 95.937477 238.711655
v 195.540787 98.157310 241.623138
v -208.259537 88.398232 263.262146
v -198.988159 92.083603 260.308319
v -159.931198 92.369865 247.108658
v -144.012146 93.817215 233.924622
v -121.183807 92.866318 249.210541
v -105.240929 87.154076 256.998383
v -47.156754 90.666832 284.746552
v -28.383074 91.541573 288.216797
v -6.483502 90.344597 292.566772
v 24.369537 94.916336 287.368805
v 50.345459 90.384041 275.657013
v 78.235161 91.920731 263.257385
v 159.195755 90.921066 241.693741
v 179.299866 93.220497 234.474274
v 198.299164 93.646141 240.591736
v -151.754379 90.722229 239.922119
v -74.547295 88.292015 272.729950
v 33.959579 88.679695 283.494232
v 137.010681 85.688484 246.294876
v 150.002975 88.051880 243.784454
v 229.026306 89.953590 240.853683
v 235.686218 85.289665 238.213776
v 245.540894 90.563820 234.790527
v -243.352097 86.850555 278.279053
v -216.830231 89.737061 266.992615
v -187.674850 88.727943 256.843201
v -170.740128 90.024986 252.094208
v -95.558823 82.937370 262.726227
v 10.852956 85.847382 290.600067
v 46.402100 87.695763 278.685211
v 58.514767 89.257431 272.012665
v 93.381432 81.264877 257.034088
v 174.420792 88.554413 233.545013
v 193.422150 86.152847 237.170502
v 195.655624 91.494759 237.915451
v 204.184128 87.973106 239.923874
v 220.817322 88.472946 241.716858
v -238.438202 81.598267 275.490509
v -142.670135 85.053001 233.347900
v -125.984558 85.934189 243.842545
v -120.343956 84.286705 250.512115
v -57.398979 85.142006 280.502502
v -18.251930 83.697456 287.743347
v 0.556226 85.046074 291.095764
v 24.809984 84.398857 286.849274
v 31.210903 82.269112 285.052948
v 38.786636 88.091248 279.688965
v 90.368713 84.592239 258.781281
v 98.677345 82.015335 256.340485
v 114.283745 88.665657 251.514603
v 180.911880 86.782814 232.131149
v 198.694305 88.774094 237.433197
v 212.042404 85.811836 240.602158
v -226.440445 83.997307 270.199768
v -166.275543 83.351463 247.854553
v -162.722580 81.924347 244.658661
v -40.659843 82.006828 283.187653
v -30.839628 81.220406 284.890472
v 16.405628 84.288551 288.911926
v 78.986298 81.640785 263.922089
v 106.195190 82.483536 253.978577
v 166.964584 85.526497 237.185806
v 181.284927 81.202171 228.504242
v 189.650406 88.047569 236.789536
v 227.228561 80.738678 239.282074
v -217.171951 81.359299 267.259674
v -178.534103 83.596046 252.853500
v -153.370743 88.213921 240.288208
v 37.609669 85.409393 281.774933
v 41.230320 81.548882 278.725555
v 48.595402 82.340569 277.994568
v 53.157051 81.184525 275.092621
v 121.410637 85.318527 249.744308
v 158.587387 83.985199 240.549423
v 176.647903 84.945145 231.359665
v 201.827209 84.394341 236.590408
v 223.008270 74.316345 237.686020
v -193.176361 82.857208 258.180206
v -135.864990 79.173790 236.482056
v -48.676125 81.341049 281.308899
v 4.553641 79.064957 289.127136
v 66.148338 81.785789 269.164917
v 88.318527 79.852753 259.916626
v 138.417633 80.519485 245.219528
v 179.383087 82.691216 229.050247
v 195.824051 81.518829 234.801926
v 209.057312 81.646820 238.621628
v -227.746948 73.996857 270.265411
v -172.730865 81.422493 250.260162
v -156.304321 75.796692 236.022522
v -106.587990 78.141342 257.145111
v -88.829643 81.112778 266.006927
v 71.952072 74.996452 266.691040
v 149.687866 77.995659 241.919907
v 201.608154 77.931725 235.295456
v 205.425385 79.861145 235.401688
v 235.451660 78.451767 237.051453
v -243.338501 75.223618 275.901917
v -202.409760 74.250412 261.671936
v -187.653671 77.356628 256.698578
v -143.854919 76.388992 231.986649
v -130.284485 74.122063 242.924332
v -121.019203 72.826218 251.224457
v -88.766068 71.051308 266.841858
v -66.560585 71.179672 275.793915
v -12.205667 76.389549 285.862823
v 14.564672 76.135231 287.948273
v 22.478428 73.343758 286.934082
v 38.864407 78.709068 281.719055
v 50.429115 77.880020 277.362213
v 61.629967 75.958984 271.205688
v 118.986328 78.660820 250.856674
v 168.290588 76.648422 233.434265
v 182.918182 76.979225 226.785431
v 187.022583 74.407211 226.726364
v 214.018356 76.600487 237.081421
v 245.958725 79.375877 233.425201
v -235.673477 73.857384 273.216003
v -209.930450 77.239006 264.307648
v -168.810654 76.365776 245.235626
v -163.938324 70.289536 238.291428
v -75.014969 74.776726 273.283813
v -41.635319 76.256653 280.294250
v -21.008720 70.478371 282.038177
v 44.970333 75.683174 277.409668
v 52.830681 73.961479 276.640869
v 104.610626 71.136559 254.826904
v 117.288773 70.396629 251.092453
v 133.916641 72.938515 246.634506
v 209.152115 77.762863 234.725082
v -220.099350 71.754044 267.470062
v -179.738495 71.918373 253.439377
v -159.408676 70.505569 236.595688
v -152.788452 71.104675 233.868362
v -55.510201 76.307785 278.931793
v 9.891817 72.276657 287.251404
v 30.994732 71.662460 284.991119
v 41.721176 73.098305 280.430908
v 65.477005 67.006523 270.402008
v 84.573456 73.081993 261.993195
v 89.953156 72.048813 258.685272
v 95.269547 71.862579 258.087158
v 145.162613 71.625740 243.709183
v 157.324402 74.529472 238.629211
v 171.609146 71.054016 230.728226
v 199.605591 67.878670 228.262177
v 204.656555 74.856705 234.549789
v 211.346176 74.269470 234.058899
v 240.847183 72.716614 234.130630
v -199.948639 66.000679 260.342072
v -144.342041 71.125450 233.449585
v -136.737381 69.345085 237.482101
v -116.864555 67.760963 253.692322
v 0.284357 69.225311 284.839447
v 181.144852 70.125565 225.842392
v 232.336014 67.050697 234.502426
v -210.522446 68.435181 263.642731
v -189.311722 62.508015 256.462219
v -173.107269 67.866837 248.708466
v -125.942879 67.501831 249.032730
v -111.328339 64.317902 255.626724
v -104.889717 68.179657 258.863922
v -97.910614 69.204346 262.737244
v -58.201313 66.553001 275.551208
v -46.433960 65.159874 275.321014
v -28.397991 72.135506 281.730499
v -9.328361 69.242912 282.910095
v 36.152744 65.745209 282.640198
v 46.474812 70.352036 276.528656
v 55.493793 66.484268 275.639648
v 84.213074 62.321453 263.696259
v 208.541016 69.580368 233.502731
v 214.825668 70.361877 233.096542
v 219.610672 70.674553 235.481003
v 223.120132 67.402245 234.931778
v -149.375107 68.046143 231.790817
v 124.327469 64.926521 250.453781
v 133.620865 65.965691 247.995209
v 148.280930 63.599045 243.974548
v 190.076340 65.469002 223.751999
v -245.929764 63.289471 276.442902
v -234.142883 57.491428 269.817963
v -165.207474 65.933609 238.235428
v -130.351151 63.501305 245.469971
v -83.768524 62.366798 268.994141
v -76.962448 62.558842 271.297211
v -70.408867 60.332726 272.450226
v -34.023136 62.129181 276.205994
v -16.918720 63.409840 278.862915
v 24.676735 58.956146 284.409943
v 29.884604 63.254288 284.574829
v 43.783165 65.572433 279.659637
v 91.691086 54.604057 261.994629
v 108.192284 60.993168 254.867859
v 142.212753 61.223618 246.009140
v 183.737534 65.888733 223.886230
v 218.436859 67.162178 232.379013
v -175.817001 61.532188 249.828934
v -156.346298 64.168396 232.268341
v -144.634949 60.184040 233.258957
v -139.434036 63.435944 236.102753
v -125.031464 58.544857 249.668640
v 9.177285 61.107838 283.536835
v 16.513851 61.241184 284.806488
v 49.684139 64.268509 275.681000
v 76.470589 58.690578 266.813019
v 88.351395 62.458466 260.626282
v 153.206253 59.680042 242.480179
v 168.693848 60.418850 233.543213
v 176.054123 59.862438 229.292160
v 186.498962 63.471222 223.404678
v 214.204483 64.119423 232.297256
v 220.828522 64.348969 231.876892
v 243.793716 57.960857 230.730453
v -240.300217 65.352722 273.287262
v -225.552872 62.624981 266.913788
v -164.381866 57.610859 236.288193
v -92.497231 57.954411 264.894531
v -50.700943 59.631130 273.197388
v -5.314518 58.787567 278.393158
v 45.962307 61.681931 278.560181
v 58.448494 56.213493 274.546783
v 65.334152 56.554935 271.001587
v 96.307663 54.447437 259.547943
v 115.204338 55.170311 254.051971
v 160.564285 62.199043 238.002762
v 195.266068 59.105762 221.721359
v 210.563782 61.347820 229.012070
v 225.532471 63.124939 233.122665
v 231.154099 58.716053 232.072144
v -228.644989 55.718880 267.164642
v -211.014786 58.248417 261.577576
v -199.456146 56.873936 258.461395
v -63.726948 57.783241 272.609863
v -0.086367 56.774628 278.851227
v 130.716553 57.842644 250.078705
v 189.321930 59.955444 221.272614
v 219.006775 59.542179 231.193924
v 225.401855 59.573589 230.812424
v -181.291611 52.294193 252.084183
v -156.699066 57.473713 231.234879
v -148.508194 53.896187 231.618576
v -139.358475 54.724365 235.197311
v -132.696136 55.549744 244.499146
v -24.009462 55.691017 274.341705
v 37.491982 55.894756 280.935852
v 48.446953 52.554890 277.331451
v 52.217133 54.235443 274.541229
v 102.630859 50.535934 258.116241
v 121.221977 54.777122 252.714737
v 164.015930 52.882851 236.730728
v 205.277115 53.734493 223.579285
v 235.015823 54.842964 230.921509
v -221.324539 52.241863 264.100555
v -102.664970 46.635128 259.198669
v -35.454937 49.459076 270.753998
v 14.270057 51.823479 280.083099
v 30.547132 55.458694 282.307770
v 87.328911 53.615959 262.566650
v 145.107254 54.620083 245.660492
v 181.867065 51.915314 225.827835
v 193.065216 55.877926 220.097458
v 222.734161 55.030838 230.344086
v -241.753632 52.103676 272.864563
v -209.662720 47.629742 259.963959
v -192.322113 49.355759 255.258682
v -106.739380 49.993832 257.381561
v -79.591194 48.855312 268.952850
v -49.819786 52.936146 270.753906
v 74.263893 50.151638 268.141846
v 83.206963 47.690865 265.182648
v 217.310501 52.956104 226.923218
v 229.915390 54.884773 229.574295
v 240.037308 51.882641 229.752563
v -157.917877 50.646893 232.191544
v -144.868149 49.244644 233.157257
v -137.508560 50.957741 237.150070
v -118.253464 51.056938 252.825104
v 53.912708 51.898308 274.270264
v 61.742760 50.515293 273.770477
v 152.182297 46.469727 243.727692
v 191.602356 46.482254 219.668808
v 199.073547 46.363903 217.892426
v 226.370377 51.919006 229.793594
v -185.411407 44.180164 251.616638
v -178.240570 45.507576 247.648941
v -169.637924 41.877998 237.722748
v -130.481903 49.213436 245.463776
v -124.350655 45.677532 249.504333
v -67.967384 49.492802 270.543365
v -23.621174 47.172405 270.682098
v 27.407726 46.749233 278.836395
v 132.056473 50.130985 250.355438
v 175.335358 51.447937 230.014206
v 213.230026 48.730278 223.996475
v 233.799088 50.492767 228.830780
v -236.840027 40.935364 268.960236
v -230.641785 47.896252 267.726379
v -219.285599 44.874241 262.550720
v -199.431381 43.093750 255.988251
v -154.350037 47.007332 229.647614
v -91.267761 46.671509 264.565186
v -50.183060 47.476105 268.987671
v -8.970514 45.316517 272.097961
v 2.179584 43.704914 273.983582
v 37.021618 47.552155 278.979462
v 50.147953 47.156181 276.413544
v 61.468941 39.817818 272.865540
v 68.590981 45.808491 270.357452
v 103.690445 41.767532 258.833649
v 142.860825 48.145481 246.852295
v 166.069870 49.471474 235.147812
v 221.106125 45.820812 225.317490
v 244.465683 47.984249 228.075119
v -245.384766 38.959618 272.916565
v -226.441116 41.952465 265.175049
v -164.232254 43.007267 234.398117
v -147.930801 37.716110 230.543762
v -137.404114 44.525112 238.487656
v -17.840542 43.126968 269.803528
v 15.720211 44.834019 276.724396
v 84.930229 46.076702 263.684113
v 90.499031 44.266796 263.659088
v 96.454704 42.447044 260.859406
v 114.051643 42.707546 255.902237
v 162.205185 42.123241 238.174957
v 180.249863 46.875908 226.586975
v 226.958160 46.889133 228.972565
v 232.141357 43.633778 228.387344
v 242.756561 45.943039 226.708221
v -115.332222 39.792519 253.718231
v -78.800240 40.832077 267.852448
v -71.796524 39.653564 268.407959
v -58.860321 39.398724 267.568481
v -40.501091 41.954609 267.424866
v 55.047604 39.357834 272.717804
v 196.457520 39.914192 216.644211
v -209.382507 41.237595 259.493103
v -191.312973 39.409588 252.432983
v -175.227859 41.262035 244.661636
v -157.286545 37.854485 231.208954
v -152.035278 41.270432 229.822205
v -131.011185 41.282200 245.150894
v -99.893265 38.834759 259.763580
v -82.880653 35.328648 266.256073
v 32.716328 38.135662 275.766449
v 40.876183 39.952324 276.308655
v 51.313465 39.349606 274.558441
v 133.715164 39.450676 250.336624
v 169.431839 38.655430 233.186279
v 211.226181 40.103794 218.913193
v 243.773056 41.354160 226.389557
v -179.888992 40.706924 247.877090
v -137.957291 38.319191 237.852295
v -108.931778 26.945297 255.689880
v -91.085472 28.838398 262.475525
v -45.749813 36.904949 265.308807
v 9.335491 39.142265 273.547180
v 18.780972 34.031319 272.948059
v 64.505814 39.409966 271.440063
v 82.807259 35.306515 265.345459
v 143.393539 34.375832 247.388672
v 179.154007 38.659210 227.185883
v 184.729904 41.084511 222.468399
v 200.592926 40.350998 215.257339
v 203.251968 38.882000 215.465607
v -216.759369 39.240551 260.996735
v -213.487610 35.619221 259.896179
v -201.096878 35.609367 255.976212
v -26.766081 37.235756 266.525024
v -11.521114 34.991329 267.722992
v 79.405006 32.354378 267.090515
v 88.017258 34.883629 265.061401
v 118.811592 33.992126 255.021133
v 157.468445 36.417324 240.876099
v 189.286179 37.147953 220.887131
v 225.928391 37.112209 223.778198
v 236.426605 31.797106 222.464600
v -207.485153 31.180845 257.618744
v -169.662552 33.868763 237.031235
v -144.623245 31.226152 231.180405
v -124.908615 30.897980 248.881638
v -69.171173 33.518417 267.169556
v 70.362427 31.936337 269.728302
v 94.031250 35.366665 262.325012
v 137.911255 32.688965 249.190506
v 178.738083 33.062489 227.268036
v 192.817154 29.951752 219.314728
v 213.411819 30.913628 215.734421
v -236.185120 28.131874 267.848022
v -230.058685 30.839052 265.295746
v -192.445801 36.185905 252.631775
v -185.883575 35.619503 249.017578
v -154.670517 32.874287 230.303818
v -135.068771 26.851463 237.903488
v -131.265762 28.726480 243.604568
v -50.560452 29.494814 263.409576
v 34.306076 26.681959 272.041382
v 41.100491 29.203278 272.968170
v 108.879860 29.593102 257.741608
v 186.736374 30.870153 223.402786
v 205.320465 29.586702 212.708923
v -177.327423 33.529156 242.611740
v -164.388474 30.181650 233.820740
v -98.576607 25.453117 259.517792
v -60.045670 33.685497 266.332886
v 52.243576 29.553900 272.605164
v 56.288311 25.272066 270.455658
v 127.332008 30.739368 252.570724
v 150.287918 28.831671 244.656784
v 172.312225 34.105980 232.079315
v -221.624710 26.082178 262.233551
v -148.858322 29.133867 228.778976
v -42.635010 27.654268 261.997986
v -18.512312 27.251640 264.206573
v 0.744881 23.686125 266.205048
v 9.868836 26.547152 268.528503
v 25.205517 25.914202 270.975677
v 95.883804 25.998878 261.969910
v 221.217834 25.478840 216.988113
v 229.194290 23.162830 218.000900
v 245.014694 27.638964 220.553772
v -196.324707 21.752352 255.316284
v -182.312347 20.557392 248.314529
v -173.562897 27.454132 240.394897
v -118.914413 24.198996 251.739899
v -76.515862 22.329679 265.342865
v -28.466362 23.647745 261.492188
v 64.019165 24.765255 270.368774
v 84.452042 25.737917 266.361389
v 167.521301 24.046558 234.963455
v -230.331055 22.641127 265.090057
v -186.622253 20.931509 251.455826
v -168.658737 24.187941 236.672333
v -157.475143 23.743572 230.111511
v -64.766350 19.874504 264.451263
v -8.109286 22.806463 264.660187
v 61.582390 22.177069 269.634308
v 72.344849 21.194984 267.951080
v 78.128532 26.353292 266.442902
v 118.077507 24.332222 255.424622
v 172.829727 20.941236 232.261276
v 183.052795 23.138582 225.602951
v 199.342621 26.644150 215.753860
v -213.030884 20.654268 258.866089
v -202.781479 23.544516 257.019073
v -179.671127 21.469151 247.289337
v -146.676422 24.122580 229.720139
v 20.651604 19.675844 267.761078
v 132.751678 21.750454 251.321930
v 141.521057 21.299297 248.417419
v 152.604965 22.947208 243.856201
v 207.994568 23.827234 210.897934
v 236.372742 21.204773 217.432877
v -55.618153 20.403229 262.767822
v -46.274014 20.535229 260.462738
v -39.148617 19.116318 259.590454
v 44.144367 20.384581 270.277161
v 157.467133 17.505842 241.274048
v 192.004440 21.079103 220.250183
v 210.924316 16.348862 208.948654
v 218.340775 19.976053 213.183197
v 224.835449 19.906277 215.943802
v -177.815338 14.687662 243.387161
v -151.675049 15.763455 227.763596
v -137.685471 18.535572 234.176636
v -130.295822 20.993378 244.733643
v -86.336143 14.875310 262.725677
v 49.521595 15.604077 268.846222
v 85.884834 16.031700 265.306671
v 118.843437 16.932823 255.425720
v 164.589249 18.809141 236.786789
v 205.660660 18.931067 210.842850
v 241.906403 15.323587 213.826874
v -237.918060 17.837854 267.437378
v -226.031494 16.332479 262.711151
v -197.017334 13.491657 255.116150
v -169.353592 11.098648 234.833893
v -134.922256 16.828846 236.602921
v -114.710266 13.903886 253.759750
v -51.436432 13.827004 260.941101
v -27.116100 15.259445 258.765839
v 82.432068 14.554128 266.324524
v 92.567764 16.972143 263.258728
v 96.828247 12.974787 262.069458
v 105.872421 14.981115 259.100708
v 126.685928 15.190163 253.120071
v 177.483826 15.945000 228.765533
v -207.981720 8.161674 256.338348
v -184.135620 10.716338 246.914948
v -158.769119 14.456343 229.308044
v -131.428940 15.328185 238.786758
v -125.380791 15.295199 246.850861
v -98.990242 12.734255 259.255737
v 27.712786 12.163812 266.318817
v 36.616188 12.262561 267.272491
v 69.870972 15.554859 268.271484
v 149.159714 12.805303 245.180145
v 184.289352 15.864780 224.049271
v 222.313293 15.397429 210.661530
v 226.325485 16.381474 212.544266
v -231.717682 7.770833 263.456848
v -164.277985 14.786542 232.689560
v -121.252510 13.490475 250.352478
v -76.274040 10.540342 264.333618
v -59.809471 9.677183 262.579224
v -42.629814 9.921669 258.653564
v -37.461655 9.204092 257.642517
v -19.336298 10.768779 258.758667
v -1.311347 10.885736 260.968536
v 18.994640 12.848478 265.332520
v 56.678211 13.173702 268.879547
v 138.134918 8.061987 249.418381
v 191.092697 13.347758 219.771057
v 204.142868 8.985147 209.758240
v -242.083679 9.005838 267.201691
v -220.878967 6.425152 259.976013
v -188.184799 11.898822 250.673691
v -156.210831 9.612302 226.705139
v -136.729889 7.938947 236.879364
v 8.223109 7.763628 261.646149
v 67.463753 9.620318 267.972137
v 74.404243 10.767566 267.594177
v 200.542542 8.635971 211.565857
v 213.451538 12.193002 207.568970
v 233.439255 12.086312 211.391953
v -164.945953 11.268605 231.846909
v -149.365326 7.874482 228.931015
v -125.988342 11.027127 245.634155
v -31.845442 7.408548 256.951721
v 88.030952 5.815847 264.178162
v 116.218971 8.081150 256.210754
v 150.375595 9.452742 244.932755
v 161.866226 8.090375 238.489731
v 180.384018 9.165924 225.541122
v -192.298508 5.592025 251.000595
v -121.643578 5.710605 250.815353
v -113.537933 2.515387 255.350098
v -94.571724 1.032915 261.216614
v -23.566847 4.935048 256.686249
v 52.751595 5.710327 266.755676
v 99.359703 -0.569139 261.010193
v 168.754150 1.332169 233.686874
v 213.956009 6.301433 203.705276
v 219.750824 1.190435 201.741302
v -242.226059 1.748585 266.391357
v -205.852600 2.726653 254.782196
v -181.933350 4.618997 243.147049
v -160.897644 3.419596 227.651962
v -139.727020 5.131949 234.534653
v -130.002502 4.605895 244.498688
v -105.707436 0.185837 258.013306
v -73.671387 0.400975 263.814453
v 19.188076 4.492192 262.560699
v 29.552843 3.791158 263.770477
v 43.844387 6.291673 265.709045
v 106.820427 7.048853 258.713257
v 124.299835 0.953668 253.645859
v 131.625763 1.163930 251.572250
v 154.049301 5.788024 242.733841
v -150.079575 2.000221 228.901337
v -5.149571 2.449042 257.689545
v 81.439034 -0.174993 264.897308
v 192.684998 1.874526 217.198517
v 236.783386 6.140860 208.098709
v 245.269775 3.028121 206.636780
v -169.648209 5.400340 233.406479
v -123.633720 -0.411411 251.768555
v -83.353859 0.166561 263.425110
v -47.018341 -1.097370 259.392059
v 6.123890 -1.504046 258.674713
v 140.889908 -2.339247 247.911057
v 183.596893 -3.364055 223.496979
v 199.682297 3.010783 210.974945
v 204.858231 -0.743563 208.621338
v 215.118896 3.867205 202.678268
v 229.204117 -1.216823 202.130585
v -211.912994 -1.973428 255.625656
v -200.886673 -2.873689 250.553040
v -186.210861 -0.011648 241.408752
v -182.066315 -1.514601 237.521072
v -140.206512 -2.089797 235.528244
v -136.776016 -2.063388 238.567368
v -37.603985 -0.176597 257.366425
v -28.602676 -4.769659 255.430786
v 38.979782 -0.994256 262.842072
v 65.973122 -0.925122 265.578735
v 112.381447 -0.831154 256.909637
v 159.472580 -6.194885 238.553436
v 174.420837 -5.767787 229.379135
v 236.510208 -2.287920 202.390198
v -223.244812 -5.464564 259.465332
v -196.249695 -7.143880 245.450882
v -176.826462 -8.234215 231.312805
v -161.067337 -3.400163 225.474579
v -150.932953 -1.636282 229.394333
v -145.393555 -10.677584 234.962845
v -129.322067 -4.013486 247.660126
v -13.848414 -4.355221 254.926010
v 15.446563 -5.184032 259.059448
v 24.619015 -4.514819 260.499146
v 90.887695 -5.951698 262.845520
v 150.234726 -6.103502 243.545486
v 210.574921 -1.045056 205.816162
v 217.463043 -2.910099 200.971848
v -167.890915 -3.742678 228.327469
v 46.508678 -4.821251 262.343719
v 75.549370 -4.370694 264.864380
v 109.843414 -7.638467 257.416595
v 153.076019 -10.772674 240.841019
v 194.900940 -2.914208 215.391861
v 221.620834 -2.992462 199.433960
v -233.377243 -1.234663 262.772797
v -54.746868 -10.623178 260.215424
v 30.860016 -8.981521 259.691467
v 166.639908 -13.482381 232.153061
v 188.669113 -8.407330 220.667725
v 200.206711 -7.007524 212.192551
v 209.765335 -8.433412 205.431381
v 223.331177 -5.590719 198.300934
v -237.823074 -11.043592 262.790710
v -169.879715 -8.247880 227.191742
v -162.386917 -9.620901 225.641876
v -133.874451 -8.636977 245.634247
v -97.763260 -15.112572 262.256104
v -80.610855 -12.443236 264.048096
v -21.252850 -9.256697 254.407211
v 54.409496 -12.698270 260.988068
v 95.794334 -13.329834 261.138153
v 130.082794 -10.176630 250.924164
v 227.891159 -7.363511 197.685364
v -230.011108 -13.738433 260.056671
v -189.314026 -10.360494 237.808563
v -184.282318 -8.210211 236.040253
v -138.885178 -12.589565 240.228439
v -124.889694 -7.922865 252.383179
v -111.142235 -15.024137 257.856140
v -72.709023 -14.782131 263.707733
v -63.158108 -7.247027 262.111786
v -7.729350 -17.477417 253.592636
v 3.832893 -16.327896 255.756607
v 65.482841 -13.796736 262.535309
v 74.011719 -16.558348 262.790375
v 82.330795 -16.956158 262.817596
v 115.766769 -18.080383 254.671402
v 142.857422 -10.940310 246.057617
v 183.009537 -14.725463 222.683655
v 219.533112 -9.317510 200.005844
v 236.794876 -8.947760 197.984024
v -199.796280 -12.201273 247.417725
v -193.490250 -15.065347 239.623718
v -104.969765 -18.184986 260.659943
v -45.072845 -12.693211 258.090546
v -32.855640 -17.531849 255.136414
v 88.887672 -17.946049 262.126312
v 193.197128 -14.423060 217.989090
v 229.643982 -11.426570 196.412659
v -220.077591 -13.370830 256.826782
v -207.806320 -17.706566 251.561874
v -166.882431 -14.243821 225.419586
v -156.812225 -13.932135 228.305054
v -122.787041 -16.769405 253.961716
v -15.139757 -16.538034 253.282791
v 20.361834 -19.887991 256.291870
v 47.239143 -16.706997 259.377716
v 106.729507 -15.829017 257.644073
v 174.905991 -16.274937 226.772064
v 199.991364 -21.791088 213.580688
v 225.715271 -13.552424 197.474411
v 234.230682 -17.380194 193.795135
v 241.877472 -15.831033 195.794479
v -184.929443 -15.134716 234.597870
v -133.408173 -16.089474 248.877045
v -91.406387 -23.283304 264.224304
v -61.241425 -18.130587 261.515442
v 39.731491 -18.687551 257.825439
v 123.490128 -16.597759 252.339783
v 134.146774 -21.100512 247.167343
v 156.537491 -20.397984 235.522903
v 195.470093 -17.014259 216.966843
v 204.457321 -19.656696 211.130417
v -148.774551 -19.161753 234.646637
v -139.513657 -20.968786 245.387589
v -23.566362 -23.415857 253.168045
v 99.037132 -24.376953 258.626526
v 141.454697 -21.924120 242.969818
v 209.023605 -24.074162 208.481735
v -240.794693 -23.067654 261.065643
v -217.702148 -19.085556 255.908966
v -172.183929 -20.678116 225.300751
v -84.196243 -27.295589 264.898193
v -52.389088 -26.294195 259.144623
v 175.995087 -23.403671 223.152939
v 183.909241 -21.292006 220.835922
v -229.274567 -27.882832 257.157257
v -220.831558 -26.508669 255.005203
v -194.138443 -22.121872 237.959808
v -180.809357 -23.529379 229.012329
v -170.679565 -24.848700 224.673599
v -163.067169 -25.151318 225.880539
v -130.038437 -27.080330 252.240616
v -41.428555 -25.377684 256.649475
v 34.953571 -24.359936 256.031281
v 109.107101 -26.800808 255.215546
v 153.695145 -25.953339 233.680740
v 161.421387 -27.307463 228.481720
v 192.565292 -22.388563 218.081497
v 217.706650 -25.559265 203.303574
v 228.318466 -21.686209 196.810883
v 236.699417 -21.072468 192.332535
v 239.210083 -23.677628 190.713531
v -207.412079 -22.382944 249.443497
v -190.155563 -28.186237 232.393677
v -151.769073 -23.277279 232.920380
v -119.808220 -29.875637 256.437500
v -6.612072 -31.135365 251.744736
v 4.698362 -30.816702 253.242645
v 120.126625 -26.252905 251.436157
v 167.067123 -31.300941 223.361923
v 185.407990 -27.837175 218.973969
v -194.234573 -26.652534 235.412537
v -179.759933 -26.178623 228.681824
v -140.836014 -26.515928 246.182022
v -103.883392 -28.123091 262.170013
v -78.799721 -30.227768 264.670227
v -28.080235 -31.929016 253.375656
v -18.269232 -30.108616 252.062225
v 54.984051 -26.583988 257.501953
v 59.326450 -34.800476 256.973969
v 79.735703 -27.830116 261.101196
v 90.090225 -30.508728 259.743774
v 124.819115 -30.149483 248.580353
v 146.212097 -29.445286 236.115311
v 181.047821 -24.791618 222.282059
v 232.463257 -27.210909 195.883835
v -237.709320 -31.108171 258.640533
v -202.026917 -29.541977 243.675217
v -182.861069 -30.052519 228.828766
v -170.317261 -27.557457 223.599091
v -67.898209 -31.778646 262.959961
v 26.077793 -30.880257 254.094940
v 44.382217 -30.429461 255.240845
v 192.093414 -29.872488 215.931351
v 200.999207 -29.956062 211.487930
v 216.826691 -32.127972 203.513016
v 242.629562 -26.256884 189.798386
v -174.930817 -29.589842 223.545761
v -165.951904 -32.378117 225.187881
v -147.554596 -30.923735 240.388748
v -137.605728 -34.261955 249.481003
v 19.342392 -38.418163 252.321213
v 70.159363 -37.277130 258.227264
v 130.229004 -33.603382 244.588303
v 138.707214 -30.889057 239.173569
v 151.205002 -31.787056 231.585449
v 172.636078 -29.657497 221.904282
v 176.563477 -30.228638 221.805817
v 246.192703 -29.800058 188.240097
v -214.145020 -31.145796 251.546204
v -197.592438 -33.348858 237.461151
v -143.548813 -37.283703 245.487152
v -94.553726 -35.748199 265.274933
v -43.615170 -32.322723 257.293030
v 100.814331 -35.154713 256.208984
v 157.049774 -32.314354 229.923203
v 180.471252 -38.895863 215.200790
v 229.157822 -36.418625 198.372879
v 242.141052 -34.032059 190.782547
v -172.273102 -37.344517 222.843750
v -128.141251 -39.231041 254.213669
v -60.258320 -36.337093 261.379578
v 33.668274 -38.158264 253.044022
v 111.463470 -35.604370 252.304672
v 140.511093 -35.717075 236.219879
v 163.191971 -38.119377 223.531479
v 177.538132 -36.497269 217.895447
v 187.942474 -36.264042 213.128906
v 204.292526 -35.199390 208.145432
v -226.846451 -37.639080 254.916031
v -210.098541 -44.335724 246.246170
v -203.099731 -37.170265 241.757065
v -179.493057 -37.390381 225.709961
v -152.064743 -34.559959 237.533646
v -109.930054 -42.458420 261.817780
v -72.008865 -43.381603 263.899567
v -3.510606 -41.815174 250.710632
v 83.349815 -41.071033 258.133911
v 122.967880 -43.044140 244.697784
v 171.330460 -36.580242 218.257462
v 211.145401 -36.696091 204.427902
v 236.387070 -40.268105 194.013382
v -199.018356 -39.230350 238.687210
v -191.982330 -43.118328 232.249786
v -183.146515 -39.116390 226.511459
v -172.667389 -39.917912 222.213882
v -162.521606 -42.755581 227.297531
v -147.743454 -39.050411 240.928940
v -140.457886 -43.005993 247.903305
v -124.225204 -42.782505 256.118164
v -37.715427 -44.016953 256.278778
v 44.056488 -38.488129 253.572845
v 137.769760 -41.427078 236.984436
v 157.251038 -40.259399 225.994400
v 217.257095 -39.176502 201.718338
v 224.041794 -40.212399 199.867172
v -238.066025 -45.106552 255.981781
v -211.921310 -39.855972 248.730270
v -117.043427 -43.801437 259.162933
v -94.293839 -48.089172 266.313446
v -82.573463 -43.483036 266.098297
v 97.342117 -43.946434 255.801331
v 130.381287 -38.865280 241.403503
v 146.624344 -38.249783 231.105743
v 150.288101 -42.791706 228.237869
v 167.723984 -41.471500 219.338165
v 175.936478 -39.891655 216.063324
v 187.985382 -42.729469 208.752167
v 195.101791 -42.876270 207.057892
v 200.553070 -45.282120 203.220184
v -187.526306 -44.930717 227.644760
v -177.697510 -41.497177 223.364426
v -133.189240 -43.043709 252.312759
v -67.674965 -48.914032 263.468048
v -22.521923 -38.220909 252.150162
v -13.242743 -44.546551 250.607605
v 22.091660 -48.684048 250.119843
v 39.718803 -50.138523 251.258362
v 112.496185 -43.854984 250.133423
v 226.281189 -45.472263 198.150131
v -223.353485 -46.382980 252.006866
v -173.196396 -45.426785 222.357620
v -151.676407 -48.059734 234.751358
v -46.204762 -49.462090 258.422821
v -23.520311 -52.618748 252.511139
v 11.699770 -52.302151 249.428009
v 50.810452 -47.090992 253.722305
v 133.356659 -45.493824 235.889313
v 177.248108 -46.434895 210.101379
v 207.877853 -45.104218 201.956711
v 215.855988 -47.733746 197.671478
v -234.156357 -50.891411 253.739700
v -216.314774 -45.176613 249.053207
v -197.263031 -47.340355 235.411667
v -185.361038 -48.658855 224.869263
v -29.680231 -48.513367 254.156250
v -16.458855 -50.205257 251.108032
v 77.038010 -51.847931 256.284485
v 86.307457 -51.783321 256.088348
v 164.311020 -50.304802 214.808685
v 237.179245 -45.987812 191.202225
v -202.202652 -49.685764 240.013474
v -190.594025 -48.548672 231.794449
v -167.139252 -48.017693 224.848999
v -145.416611 -49.740009 240.447693
v -131.248505 -47.954884 252.563065
v -121.932152 -46.118866 256.512634
v -102.013420 -46.337883 264.513428
v -81.179390 -52.886585 266.356964
v 65.503944 -54.313400 254.915329
v 107.877068 -48.744064 250.643265
v 131.303543 -49.402077 237.779251
v 138.278732 -46.799778 234.208511
v 140.733154 -51.685871 229.604584
v 177.424835 -53.971668 205.515732
v 193.024414 -51.051193 200.146286
v 227.240723 -49.862747 196.815430
v -226.150742 -51.668053 252.568268
v -179.116226 -50.781391 222.964417
v -175.763199 -51.592613 223.560883
v -140.179382 -50.499241 247.502106
v -116.247353 -48.993217 259.297028
v -88.315895 -55.873756 267.135925
v -61.067528 -51.564423 261.989502
v 1.962133 -59.581253 248.615784
v 95.794327 -49.870316 255.268829
v 124.234268 -50.283485 242.203278
v 150.914719 -51.182819 222.492233
v 219.693680 -48.117268 195.965378
v 234.110275 -50.687256 189.065445
v 242.329605 -50.647026 186.338333
v -216.269028 -54.638054 247.942657
v -210.243744 -50.200066 244.839005
v -197.177887 -52.189770 235.848663
v -182.158157 -52.813824 223.292664
v -153.857071 -54.562824 233.322632
v -110.923416 -56.445789 262.106598
v 24.828951 -57.529823 248.692657
v 57.468170 -58.632355 253.203186
v 112.343292 -53.357773 248.050323
v 120.101738 -52.402679 245.165085
v 154.937943 -54.833302 217.177017
v 184.431427 -51.865398 203.529999
v 198.046661 -55.616936 196.679123
v 201.953918 -50.309021 199.902542
v 221.457397 -50.765892 195.360153
v -245.402298 -56.139812 253.544937
v -240.373917 -55.273613 254.227890
v -222.120117 -53.419426 249.787796
v -206.042755 -54.187195 240.873352
v -189.890076 -53.731564 229.619858
v -162.213013 -52.898296 227.875748
v -150.876221 -55.883945 234.729568
v -135.991928 -55.566856 250.304642
v -131.995667 -54.607788 253.336151
v -126.304703 -55.273762 255.386002
v -107.210274 -66.035309 264.449493
v -56.646736 -58.030827 261.452087
v -2.842544 -56.475624 249.077347
v 49.516918 -62.674828 251.273819
v 94.681244 -52.575787 255.510986
v 103.206184 -52.836193 252.876984
v 108.504013 -54.560268 250.114319
v 202.712753 -61.331661 190.680130
v 224.385422 -53.831753 190.707779
v 229.132233 -53.853405 188.140610
v -235.579529 -56.884499 253.458420
v -222.067551 -57.456081 249.967834
v -171.986877 -63.292862 224.202225
v -17.922091 -59.028908 252.060272
v 79.013412 -57.949081 255.869827
v 131.599121 -56.316750 234.005905
v 165.251678 -57.195316 211.012253
v 215.629807 -57.363865 191.617508
v 233.836288 -59.050900 183.678497
v 245.273834 -58.575615 179.826508
v -141.430710 -62.232094 247.446671
v -120.784851 -61.093430 258.586060
v -42.423210 -54.243015 257.613556
v -34.521957 -58.999557 256.116119
v -7.779281 -62.864182 250.417389
v 37.889465 -61.070290 249.358154
v 94.454567 -65.550270 252.927658
v 116.786171 -59.522270 244.512817
v 119.890175 -61.373371 241.165359
v 139.793793 -58.200035 227.325378
v 146.783203 -59.661564 219.282394
v -225.384247 -65.389702 249.252930
v -206.960052 -64.991486 236.224640
v -196.296585 -62.689693 229.821823
v -163.760529 -59.463604 228.254196
v -149.839264 -59.495850 236.216888
v -98.889244 -63.876717 266.736359
v 31.732931 -59.334171 249.051453
v 86.817665 -67.373230 253.967651
v 132.286362 -60.426777 231.355698
v 166.854874 -63.852161 207.104813
v 182.956558 -59.474491 200.129562
v 220.975479 -58.951019 189.350800
v -240.851395 -61.088253 251.913498
v -215.589874 -66.052094 242.035812
v -185.706024 -63.038418 223.333237
v -178.332016 -64.774742 221.757736
v -139.529770 -66.375916 249.666214
v -132.760254 -62.412266 252.694321
v -114.899429 -67.696548 262.171753
v -73.716583 -64.923737 265.899628
v 7.058643 -63.554157 247.924835
v 62.245140 -70.806305 251.824890
v 125.908554 -67.707451 234.539078
v 139.062027 -67.260666 224.514008
v 151.153931 -62.431133 215.228302
v 240.440674 -65.323433 176.626740
v -232.500092 -66.450714 250.220856
v -222.393951 -68.424896 247.032623
v -158.961304 -65.931847 230.781448
v -154.189056 -65.820747 235.124100
v -87.341736 -72.477135 268.723785
v -24.318092 -71.814781 255.048309
v 12.303051 -67.445099 247.202057
v 38.679794 -69.889961 248.048553
v 101.840317 -65.806664 250.355804
v 111.501770 -68.573410 244.975403
v 164.611542 -67.325424 205.441849
v 174.831863 -64.028763 201.906647
v 180.858200 -64.887268 195.763519
v 197.254669 -67.319427 190.999893
v 208.060898 -60.915882 189.706635
v 220.049820 -67.263641 183.483353
v -238.856415 -65.855423 250.473740
v -180.973373 -67.005112 221.973328
v -127.896156 -68.343796 255.980499
v -49.275421 -67.526749 260.299957
v -2.177330 -72.432976 250.362946
v 24.847136 -70.651817 247.440460
v 116.101051 -65.536369 243.539474
v 188.175522 -73.619957 190.737091
v 207.662430 -67.434853 186.452835
v 232.864792 -67.724426 176.905609
v -193.244492 -76.675285 223.753586
v -148.405945 -74.155380 244.213074
v -120.781509 -69.145500 259.470795
v -95.309181 -70.155708 268.171509
v -60.802826 -69.475296 263.309204
v -44.870689 -75.872688 259.853912
v 74.646614 -69.956589 253.293320
v 117.552040 -69.654968 239.239288
v 144.984680 -69.522491 215.863647
v 176.800797 -68.934830 197.733780
v 184.824066 -67.927299 194.553024
v -195.907333 -72.628098 225.938553
v -171.031403 -69.003601 224.504578
v -156.813553 -74.074875 235.067596
v 17.681410 -69.676079 246.911316
v 68.016823 -77.193039 251.284409
v 102.111465 -70.831390 248.643768
v 149.095016 -69.999733 212.864471
v 153.539886 -70.791748 208.712814
v 171.548050 -69.315292 198.890030
v -245.679260 -73.318298 249.868408
v -230.724182 -77.160713 245.654480
v -211.100159 -78.232918 233.531189
v -204.864395 -72.247330 232.912323
v -186.283676 -74.877426 219.403412
v -177.538193 -73.328186 222.671768
v 12.777031 -72.303101 247.718369
v 48.371441 -74.436798 248.830856
v 94.413666 -77.532646 250.398117
v 160.148590 -73.325630 204.233505
v 196.486359 -71.296822 189.908691
v 210.710861 -73.949112 182.383179
v 230.720016 -72.147827 175.112915
v -236.806580 -72.908195 247.325912
v -233.851624 -74.821121 246.869614
v -222.986740 -75.443069 241.669876
v -216.505600 -78.204536 237.316986
v -171.502060 -79.058105 225.309952
v -140.628891 -72.649338 249.017853
v -131.962173 -73.973091 254.300781
v -117.855476 -75.754066 261.259583
v -74.879051 -76.517891 267.253143
v -36.256844 -79.802971 258.355865
v 107.610367 -78.537651 244.230148
v 114.325226 -74.512115 240.044556
v 167.947189 -72.933762 200.692429
v -226.549713 -78.193733 240.730484
v -199.410843 -77.353264 226.678497
v -109.933876 -80.652054 265.181549
v -100.220222 -80.825157 268.327942
v -94.703049 -89.799568 269.880768
v -59.510876 -79.724884 263.867401
v 21.576035 -76.648727 245.721680
v 79.267380 -82.338921 251.271469
v 141.230499 -75.163605 218.092773
v 150.867020 -75.679680 210.191803
v 165.659546 -77.310448 199.319443
v 175.237793 -76.004433 196.691849
v 191.089081 -75.593994 188.051941
v 200.315109 -74.887909 186.485107
v 235.653290 -78.387177 169.274857
v -239.332657 -80.215126 250.307281
v -152.415833 -79.576118 240.724030
v 38.352032 -79.823006 246.497116
v 49.280598 -83.885498 247.104691
v 86.558830 -80.440948 251.424454
v 117.225014 -80.383934 236.112152
v 127.960289 -79.782257 227.968872
v 136.760345 -85.397125 218.067749
v 144.515884 -79.043610 212.858765
v 213.425980 -81.054848 176.541672
v -206.375748 -82.536118 228.252701
v -187.077621 -80.942345 219.994308
v -168.148727 -84.909698 229.064713
v -163.503311 -85.732964 233.242981
v -148.415710 -79.678940 246.696503
v -7.145653 -84.255234 252.350281
v 22.176960 -87.157852 246.703964
v 28.300236 -82.826920 244.922501
v 65.847771 -85.682022 249.231689
v 195.673279 -82.088829 184.007538
v 200.953003 -83.218491 181.701508
v 223.960449 -85.108231 167.188812
v 231.071243 -84.402603 166.308823
v 238.011093 -84.052063 165.804840
v -249.997147 -87.759628 254.740967
v -192.675217 -88.412064 221.123306
v -181.727844 -80.467766 221.201324
v -177.075958 -84.927834 222.521393
v -129.535919 -84.556992 256.533173
v 5.331347 -90.487625 250.003632
v 55.800888 -85.804100 247.560623
v 102.075432 -85.212730 245.346664
v 153.991425 -83.058327 204.374237
v 159.649033 -85.934853 200.070328
v 167.351761 -83.861931 196.561829
v 178.417664 -81.763901 192.209625
v 189.107697 -87.124458 185.637726
v -229.516953 -84.189323 242.928268
v -221.260651 -84.133446 236.771957
v -157.925873 -89.063599 238.698669
v -148.549911 -87.525314 247.747635
v -141.877594 -87.869888 251.226273
v -136.343185 -89.627831 254.239014
v -72.057602 -95.420296 268.749512
v 118.475975 -85.127296 233.235336
v 144.915070 -84.693954 210.314423
v -211.978287 -86.756729 228.579498
v -185.876175 -88.280312 218.784241
v -123.394836 -95.451180 260.527161
v -118.360291 -94.675629 263.131622
v -81.509743 -87.222252 269.413239
v -59.661579 -90.166969 265.158997
v -48.385883 -92.034592 262.481537
v -25.761011 -85.523651 256.645721
v 34.814163 -88.212639 244.123169
v 106.354256 -86.255943 240.755417
v 109.822868 -89.879379 237.930130
v -237.906479 -89.558395 250.708664
v -230.451904 -89.508629 244.826996
v -220.119873 -90.714127 234.950623
v -110.755829 -94.810272 266.083160
v 91.623703 -91.697472 247.417252
v 148.767731 -92.929230 203.026764
v 196.424026 -92.068977 180.883774
v 223.610687 -89.330353 165.780823
v -201.982208 -91.670990 222.757080
v -41.587273 -95.306198 260.957214
v 124.400566 -87.842834 226.202911
v 140.378494 -89.254639 210.790482
v 171.778885 -89.071121 191.439362
v 206.264526 -89.621513 176.603287
v 209.963882 -93.441330 173.211136
v 227.526871 -90.182259 165.091766
v -242.533127 -97.025162 252.278091
v -234.027390 -94.040421 248.176514
v -177.582520 -96.418221 226.672806
v -164.285873 -90.792831 234.408585
v -101.946114 -94.290878 269.283661
v -21.933186 -97.847313 256.156006
v 41.540302 -95.162041 242.853134
v 63.798347 -95.342583 246.588699
v 73.509842 -98.228500 247.128571
v 101.075943 -92.089287 243.510483
v 125.299614 -90.947021 222.811234
v 138.740234 -92.116867 211.229202
v 156.247604 -93.200233 197.897476
v 240.119324 -91.924873 167.089355
v -230.366852 -96.474464 243.915421
v -214.288788 -93.958298 230.531082
v -188.682388 -94.331917 219.345047
v -168.404068 -97.629883 232.778961
v -157.105942 -93.118546 239.511627
v -148.913803 -96.175781 248.410141
v -36.019394 -105.435562 259.962830
v -8.176899 -93.354904 252.885071
v 81.813896 -96.011147 247.994202
v 104.076500 -96.608131 239.607056
v 116.902222 -97.448196 229.408920
v 166.901474 -95.865036 192.562759
v 171.515701 -93.226707 190.098480
v 182.823364 -101.265488 181.943207
v 189.037369 -94.203842 182.873489
v 242.232452 -97.637772 168.315613
v -222.060074 -97.094093 237.491150
v -197.318481 -99.317574 219.899948
v -160.418213 -98.539383 238.877441
v -144.464630 -101.159805 251.162872
v -135.157120 -96.628410 255.249039
v -91.290649 -99.291679 270.969147
v -55.537762 -101.074966 265.454468
v 24.244116 -95.926643 246.293900
v 51.915009 -94.325066 244.715530
v 131.318863 -95.955109 214.676605
v 138.992081 -98.300797 207.472595
v 198.007202 -98.930412 176.829178
v 217.495148 -95.964584 169.059402
v 224.516357 -97.047318 165.503693
v 237.549545 -97.506813 166.311417
v -205.878738 -99.053040 223.683685
v -178.840988 -103.148987 226.580795
v -78.618484 -103.242058 270.752289
v -65.069229 -105.348640 268.413239
v -11.602917 -104.327034 253.006577
v 1.115356 -99.159904 250.462585
v 38.907684 -100.887062 243.450516
v 57.628883 -100.358589 243.579575
v 87.584221 -107.026863 245.283447
v 95.792801 -101.426178 243.542068
v 126.357521 -97.450203 220.345703
v 133.660843 -98.586693 212.360504
v 161.738220 -97.456505 193.624969
v -236.920258 -101.880852 248.046967
v -231.725876 -100.564438 243.483429
v -186.617233 -98.782013 220.775787
v -130.868790 -105.666519 257.783966
v 33.968735 -104.523056 245.319778
v 45.923054 -101.693451 240.139359
v 68.205147 -102.874069 244.912994
v 110.204262 -104.201195 232.192917
v 143.546051 -101.685463 202.519333
v 170.516373 -102.786331 187.478485
v 229.304031 -101.819595 166.637665
v -228.867508 -106.675903 240.419037
v -222.348633 -102.068993 236.631058
v -215.687317 -104.370369 229.628235
v -192.026215 -103.530502 217.927917
v -152.066742 -100.920502 247.245026
v -124.469215 -107.777519 261.450439
v -108.789688 -103.122734 268.033539
v -47.182026 -108.101501 263.778595
v -28.436075 -109.263206 257.696442
v 6.899363 -105.383675 250.652603
v 125.718727 -102.878044 220.330048
v 153.579071 -102.462837 196.043961
v 196.748367 -107.363564 174.264221
v 209.247284 -108.250648 167.323914
v 214.611343 -104.909256 165.605301
v -240.238419 -110.083839 248.285934
v -169.561874 -102.464661 232.518188
v -160.749573 -104.708542 238.722855
v -138.080826 -104.045700 254.310333
v 19.633360 -105.003578 248.449509
v 78.757629 -107.106201 245.437622
v 105.625809 -104.084846 236.221832
v 118.093575 -103.412643 225.289001
v 163.475586 -103.456215 190.474197
v 190.260025 -104.859909 177.270416
v 224.585434 -107.466576 165.411896
v 238.871384 -104.390930 171.420425
v -199.523834 -105.478630 218.222504
v -165.648315 -114.405640 237.158218
v -158.071030 -106.934563 241.233810
v -149.266769 -108.707008 249.437408
v -112.953415 -111.130142 267.095734
v -85.793579 -109.325729 272.523438
v -6.635639 -107.275238 253.237274
v 57.088627 -107.138748 239.609726
v 148.641129 -104.864433 198.605484
v 177.404373 -104.826469 183.817627
v -234.065872 -109.925224 242.463211
v -222.856247 -111.312363 234.976273
v -205.870346 -107.667908 220.814484
v -195.036316 -107.510605 218.126099
v -191.072586 -111.902573 220.886856
v -143.124512 -114.441681 253.262802
v -118.185196 -110.369461 264.760925
v -100.673615 -104.542709 270.639069
v 48.711498 -106.391617 238.493103
v 51.593895 -109.983521 237.521774
v 67.484238 -111.662933 240.386093
v 130.760300 -110.471397 209.183807
v 136.404755 -114.033119 201.751541
v 216.341110 -112.415504 164.950592
v -213.162521 -112.876366 225.442230
v -175.729385 -115.327896 230.600052
v -132.817795 -116.526924 258.589172
v -98.805290 -112.050110 272.039886
v -24.413033 -113.307465 257.225159
v 17.119692 -115.409058 250.513794
v 95.879272 -112.212151 240.237762
v 111.114883 -110.204887 228.432724
v 122.116577 -111.935211 217.933273
v 165.273163 -110.830582 186.512527
v 175.588730 -110.369125 182.489563
v 181.464096 -110.694290 179.892532
v 203.325607 -114.601997 169.094681
v -200.775482 -110.784424 217.886719
v -196.572784 -112.961006 217.774857
v -58.167400 -113.996147 267.723389
v -40.641628 -115.790108 262.495850
v 36.614727 -117.473358 245.617111
v 45.293949 -116.612061 241.557297
v 83.300682 -111.908112 243.831482
v 103.688232 -115.338776 234.276962
v 116.587219 -115.336304 222.168900
v 154.170349 -112.613953 191.438782
v 225.705307 -113.611290 166.678635
v 240.995132 -114.527321 176.084442
v -180.690857 -116.680359 228.041656
v -91.574028 -114.204285 273.278351
v 3.323078 -118.268845 253.610962
v 54.444950 -114.615593 235.659012
v 78.294937 -113.895073 242.359070
v 89.878098 -118.676704 240.346100
v 125.028419 -113.576347 212.032806
v 160.397324 -116.333954 187.222260
v 169.862076 -112.799454 184.690414
v 184.255234 -112.907082 178.307053
v -236.963943 -116.718636 241.181519
v -222.960663 -115.062103 233.031433
v -218.772644 -118.483437 227.554520
v -201.961456 -116.842369 216.382645
v -153.230957 -117.620651 247.773514
v -64.195557 -123.743393 270.923645
v -7.965581 -120.645241 256.135376
v 59.900913 -119.262665 234.564041
v 133.549469 -116.347702 202.200333
v 148.274475 -116.347839 193.124084
v 193.907074 -116.648155 172.723221
v 209.572296 -117.821770 165.046188
v 215.094925 -121.363945 164.156799
v -171.022659 -119.100456 233.463837
v -112.869125 -119.311440 268.434845
v -100.527878 -123.475578 273.623749
v -89.067177 -123.919395 275.227203
v -72.884537 -119.813896 272.360382
v -48.897057 -120.119110 265.798981
v -31.502390 -122.225113 260.994995
v -20.576017 -119.662048 257.963745
v 68.795326 -118.377434 236.892288
v 77.861847 -120.380020 238.827362
v 119.259735 -118.757515 219.227539
v 124.647171 -118.928993 210.755005
v 127.463074 -119.012909 208.216293
v 153.498367 -124.113152 187.537323
v 173.467682 -121.020905 178.576004
v 231.523544 -117.362839 171.014999
v -212.557556 -128.819778 220.429489
v -191.046265 -118.921669 222.060928
v -187.123489 -122.833916 224.478668
v 13.214840 -125.941170 252.592209
v 27.169100 -124.854729 249.057922
v 84.655235 -122.572067 238.818665
v 106.696609 -122.457626 228.552322
v 140.215683 -119.651566 197.721771
v 159.181244 -124.117569 184.037689
v 168.501663 -120.129044 181.357758
v 243.115982 -122.259224 181.061890
v -244.022232 -125.315529 244.205307
v -232.758728 -125.515388 236.893036
v -225.988983 -121.167343 232.930649
v -199.681931 -124.045311 216.693329
v -160.454178 -128.721085 243.543289
v -143.182648 -123.465225 254.100403
v -136.741364 -123.763680 257.159180
v -122.486549 -120.798279 264.213654
v -95.189674 -131.160019 276.174744
v -79.591064 -133.386902 275.965240
v -51.482994 -127.299011 267.630890
v 96.530983 -126.928535 234.859406
v 165.894958 -125.065063 180.210449
v 218.608826 -127.429543 165.421936
v 239.839615 -123.306808 179.142273
v -202.771240 -126.852699 215.872604
v -169.646500 -125.837982 236.133728
v -149.363449 -124.590691 250.669617
v -112.706589 -125.426926 269.550934
v 63.653141 -122.900948 232.469177
v 66.432091 -125.437988 231.851807
v 111.666161 -125.710388 223.531189
v 120.554428 -125.076225 214.668304
v 132.417404 -122.531921 200.003647
v 180.643906 -125.733215 174.281647
v 196.018936 -122.952492 170.174377
v -219.564575 -132.990814 225.205322
v -206.339996 -126.376099 216.997162
v -128.576035 -127.784904 262.080963
v -70.482491 -131.888290 273.889008
v 45.084286 -132.110291 243.705765
v 55.808243 -127.450081 237.498260
v 90.295670 -126.483185 236.765976
v 115.140121 -127.450577 220.843918
v 137.756943 -126.011169 195.898972
v 148.809784 -128.116226 189.486267
v 232.377930 -129.950836 174.428131
v -182.993011 -126.912338 227.610031
v -167.595230 -130.909042 237.199554
v -40.819202 -127.799744 264.721832
v -12.963674 -128.776810 258.386078
v -7.126178 -132.950485 257.781830
v 67.734962 -127.694054 231.219849
v 70.009758 -130.924591 231.060349
v 79.340515 -128.078354 235.402634
v 86.473076 -134.121078 233.861252
v 101.019653 -133.025421 229.632202
v 198.908356 -128.034119 167.879807
v 210.577423 -130.011826 165.487473
v -237.102386 -128.975815 238.414230
v -231.295120 -134.258362 233.190399
v -195.831085 -133.980972 221.157974
v -156.436874 -130.985016 247.247650
v -142.908096 -130.857635 254.937225
v -122.669762 -136.153870 266.197296
v -114.921028 -133.160919 269.689911
v -87.496437 -133.578033 277.051453
v 25.634731 -136.491028 250.772934
v 34.208084 -136.134476 248.270462
v 125.684723 -129.262695 203.094208
v 165.760269 -133.417465 177.622177
v 237.013809 -130.380661 180.547974
v 242.274384 -130.862610 184.836090
v -228.666428 -136.360275 229.834900
v -205.931396 -131.761353 215.797318
v -189.254135 -131.479309 224.042648
v -172.385132 -132.490799 235.487198
v -128.520264 -138.614792 262.977112
v -55.971375 -132.973022 269.922363
v -28.657021 -133.110596 262.504211
v 78.114182 -137.200302 231.143021
v 136.863953 -133.002274 194.085007
v 205.179123 -134.304428 166.799103
v -244.357635 -136.447525 241.214554
v -200.476364 -137.204956 217.998627
v -180.774048 -139.536087 230.535126
v -134.546844 -132.935654 259.288666
v -63.948765 -138.104630 273.005096
v -47.012550 -136.656677 268.058655
v 63.281078 -137.299347 234.796814
v 70.923584 -135.760498 229.839020
v 119.896133 -136.640503 209.439651
v 127.932350 -136.272079 197.755219
v 140.742279 -137.248047 190.272675
v 150.495041 -135.621826 185.609497
v 171.535461 -132.720139 174.664001
v 178.715836 -132.779602 172.580582
v 192.461807 -133.646011 169.536682
v 226.769943 -135.661224 172.253052
v -242.324692 -143.323532 238.896713
v -150.046082 -136.719421 250.849945
v -107.296906 -139.266434 273.949402
v 3.323583 -140.295822 256.432739
v 48.671448 -141.168045 243.114685
v 96.883522 -137.198318 230.882477
v 113.563126 -136.989151 219.609390
v 209.329437 -139.145386 164.314117
v -208.696808 -137.765930 215.559998
v -189.436783 -141.927948 224.937439
v -159.205490 -140.272675 245.226883
v -39.296860 -144.496017 266.946899
v -20.662355 -146.155197 262.431824
v 170.245148 -142.361618 174.288300
v 178.839569 -139.363800 171.364960
v 230.562347 -144.296799 179.788300
v 236.464523 -140.108688 184.928513
v -221.447693 -140.696442 223.997360
v -214.588608 -144.872910 218.318756
v -195.241699 -143.264099 221.567184
v -177.909103 -142.454544 231.854843
v -169.323761 -139.353424 238.210678
v -133.235626 -140.267242 260.051239
v -80.251282 -147.723648 278.039307
v -30.775980 -139.760056 264.265930
v -7.898603 -143.090775 259.161377
v 72.799660 -141.366852 227.633514
v 85.130936 -148.400742 225.137192
v 96.326447 -142.278809 228.331009
v 122.466072 -141.417542 204.330414
v 129.385147 -140.798813 194.597977
v 144.997482 -140.004959 185.773407
v 156.879257 -139.939163 181.400146
v 198.941147 -145.092606 165.279480
v -236.628601 -141.801071 234.546234
v -209.897507 -144.421585 215.951706
v -200.515381 -142.058609 218.490677
v -161.540222 -146.601929 244.813553
v -145.169708 -145.350006 254.441345
v -134.938339 -145.604462 259.787598
v -118.288742 -143.442505 269.262146
v -99.218933 -143.903198 277.184418
v 41.337574 -148.598419 247.059174
v 105.768730 -147.416122 222.558884
v 131.585678 -145.424133 192.534302
v 137.290833 -142.740265 189.843018
v 183.429642 -143.627182 169.495941
v 217.145844 -143.611862 165.471573
v -230.594315 -149.962997 228.932922
v -211.912201 -143.401413 218.099716
v -173.501984 -148.674850 235.833832
v -109.990944 -147.531326 273.512939
v -92.666748 -155.174438 279.620361
v 8.814532 -146.476089 255.799484
v 58.735115 -148.496475 239.246109
v 65.769257 -145.783920 234.107468
v 111.159889 -144.413971 220.148285
v 117.663460 -145.312210 210.051895
v 145.124817 -146.154114 183.694168
v 187.947922 -144.882080 169.112427
v -190.130844 -150.333176 223.444687
v -156.031754 -147.302322 248.369949
v -70.448692 -155.181870 276.713135
v -52.208500 -150.376968 271.187408
v 15.201887 -152.627136 254.862473
v 73.496399 -145.865067 227.164856
v 77.244873 -146.389847 225.842453
v 152.784378 -145.985992 180.160019
v 164.787827 -147.653183 174.758545
v 176.476990 -148.687546 170.400146
v 208.996109 -150.238937 163.170319
v 225.223312 -143.971283 173.237045
v 239.955078 -145.198334 188.339478
v -241.087479 -152.777222 234.964264
v -180.827850 -148.986496 230.308563
v -147.783218 -148.707275 253.721024
v -124.909477 -147.252701 265.486176
v 54.452305 -151.540970 241.706085
v 126.315903 -145.676773 194.876495
v 136.940659 -148.499222 188.536377
v -224.365494 -153.502884 223.538956
v -210.260544 -152.955994 212.616608
v -204.344055 -150.808136 214.798935
v -141.690247 -150.744934 256.428741
v -131.183121 -151.685760 262.639099
v 29.529190 -151.297531 251.235367
v 68.512772 -151.985245 233.176239
v 77.680328 -149.492111 225.512115
v 92.049858 -154.470581 220.844498
v 99.144066 -151.377350 222.301117
v 108.154266 -149.881302 219.379822
v 113.457031 -150.741028 211.022156
v 118.684280 -156.367401 204.107269
v 132.952255 -152.266541 188.946182
v 150.835083 -150.388840 179.482819
v 158.673431 -151.286621 177.185318
v 184.067276 -153.599609 168.029083
v 197.288284 -150.017502 163.882935
v 217.053131 -153.177170 169.545761
v 241.387924 -153.464569 190.643906
v -168.103531 -155.542191 240.200363
v -45.895073 -157.704391 269.387238
v -31.138235 -151.265976 265.322968
v -5.198144 -157.671524 259.459717
v 82.483788 -152.343735 223.703796
v 126.901772 -150.661865 193.796082
v 140.751511 -152.849426 183.581818
v -214.338852 -151.833344 215.166428
v -188.810745 -155.547607 224.161270
v -158.080994 -154.589905 247.351913
v -149.535797 -157.236572 252.467224
v -123.986687 -155.798798 267.000549
v -101.088173 -158.904434 278.133942
v -60.178524 -160.732407 273.698212
v -17.167690 -155.043594 262.156799
v 36.731411 -160.104279 249.974915
v 195.100006 -162.070816 163.707977
v 207.218750 -155.917725 162.406631
v 228.038010 -155.827850 181.509857
v -233.420288 -162.536591 226.074814
v -172.933090 -157.613510 236.326355
v -140.187271 -157.847839 257.222198
v -29.056690 -162.701385 264.654480
v 51.320103 -160.830704 244.593246
v 63.288280 -158.201202 238.043732
v 75.694969 -160.279480 230.599487
v 124.193527 -156.077652 192.139664
v 129.496841 -160.439041 188.254974
v 152.480270 -158.297684 175.280746
v 158.019974 -156.835312 174.354095
v 162.915863 -155.319641 172.630905
v 220.542038 -160.088989 175.781967
v 236.517365 -163.294601 189.110687
v -205.135468 -158.497482 213.958878
v -200.563919 -156.469406 217.918259
v -185.305038 -158.355927 227.410446
v -118.491249 -158.522552 269.895416
v -106.995171 -155.212860 275.584595
v -85.776642 -161.228592 280.226044
v 18.778708 -161.023895 254.557571
v 30.153307 -167.118286 252.225540
v 87.058334 -156.470764 221.861343
v 106.475220 -162.640549 215.782394
v 125.099907 -158.465912 191.367920
v 139.017273 -155.564163 184.076508
v 171.083374 -162.281998 168.660568
v 231.162109 -162.832077 184.760590
v 241.741638 -159.938232 191.499207
v -217.884445 -165.561859 214.642181
v -212.059235 -162.770920 212.687347
v -207.576050 -162.785278 213.078384
v -128.984589 -160.746262 263.734924
v 1.051962 -164.862259 258.331482
v 70.075783 -166.059479 234.894745
v 95.244896 -159.030594 218.589630
v 101.004807 -160.704376 216.844452
v 113.297371 -167.447372 202.789215
v 133.815674 -159.989975 184.741653
v 141.324417 -160.847702 179.924545
v 167.092880 -156.756424 171.203232
v 201.028442 -158.962921 163.151123
v 209.496780 -165.001083 169.984161
v -243.187042 -168.495346 230.881561
v -223.973633 -161.506409 220.113129
v -193.237625 -167.254013 224.271606
v -163.356827 -163.628571 243.834152
v -152.762924 -167.521378 250.341766
v -144.973404 -162.051636 254.882553
v -96.936104 -167.702271 279.596008
v -14.586958 -168.152191 261.139618
v 117.530098 -164.295837 200.269897
v 148.206390 -162.558044 176.024002
v 160.312439 -163.386002 171.369644
v -139.107651 -165.641571 257.767242
v -108.519417 -170.000824 274.732025
v -83.649872 -171.541687 280.316101
v -73.979202 -165.936325 277.980316
v 44.245167 -167.957321 248.062943
v 63.344601 -170.294952 239.468399
v 79.614571 -167.142700 229.958984
v 122.103485 -163.982803 189.238937
v 170.578171 -169.634064 168.361847
v 187.404663 -172.119003 165.188019
v 205.264725 -164.987732 168.272537
v -180.519073 -165.637192 231.417236
v -118.476967 -167.159821 269.507263
v -93.402977 -172.814651 280.339783
v 18.333521 -175.268112 255.048508
v 130.159760 -166.525940 185.692352
v 137.542786 -167.527588 179.591827
v 144.176239 -167.329941 177.681717
v 152.559204 -164.678238 174.445526
v 218.711197 -166.940308 176.347076
v -235.399078 -168.218536 224.812088
v -214.161285 -169.929886 211.800232
v -131.766068 -168.107666 261.796967
v -43.157051 -165.837250 267.910248
v 90.287186 -168.269592 223.944778
v 105.194855 -168.383133 216.041458
v 160.800858 -171.170319 169.910629
v 202.075409 -170.141617 167.365356
v 222.638855 -171.414474 180.241989
v -232.624847 -173.226639 221.298676
v -226.459808 -174.723755 216.415710
v -203.154083 -172.561539 218.986649
v -175.843948 -169.465729 235.286606
v 67.468643 -172.084427 237.097275
v 77.730064 -176.649124 232.599960
v 105.170441 -173.412994 215.662125
v 114.113937 -172.163544 203.207108
v 118.013832 -170.617691 199.980362
v 121.915665 -171.719986 187.945053
v 142.122345 -171.033478 177.158493
v 241.432343 -172.955673 193.745407
v -224.497040 -178.980988 214.665802
v -188.572800 -176.621872 227.573898
v -176.869049 -178.647552 234.555573
v -167.814804 -175.262878 240.653275
v -158.431961 -173.511765 246.887955
v -149.006393 -173.667465 252.350906
v -127.464951 -172.009445 264.630554
v -68.329109 -170.699921 275.960876
v -47.729050 -176.487061 267.841400
v 1.004823 -173.750412 257.943054
v 108.914139 -170.694229 208.522491
v 196.112625 -175.166199 167.467972
v -238.551224 -173.285172 226.332550
v -214.272293 -177.694275 211.484436
v -186.210983 -174.860123 228.304825
v -134.094543 -175.052139 260.381195
v -115.346634 -178.096252 271.444305
v -103.243637 -176.432312 277.277252
v -78.423920 -181.946701 278.668488
v -26.155602 -177.591507 261.043732
v -11.212316 -178.240402 258.772308
v 35.355244 -180.033981 251.479218
v 53.630947 -175.088272 244.851486
v 84.551315 -175.578690 228.771133
v 120.276131 -173.539734 189.671356
v 125.790100 -174.481705 186.276779
v 135.657944 -175.790497 180.705551
v 207.628021 -177.365356 170.234665
v -211.100418 -179.176025 212.045288
v -202.293335 -176.183029 220.390457
v -149.006973 -178.598221 252.189758
v -123.018723 -179.544495 266.726196
v -62.082954 -179.592392 272.749023
v -37.060509 -181.015198 263.012146
v 91.635498 -177.870148 225.268768
v 186.901138 -176.649429 164.946136
v 235.177216 -180.819031 189.501678
v -239.723099 -180.840210 224.496811
v -230.199478 -178.841415 219.138412
v -199.195801 -181.770340 222.074463
v 9.841467 -182.864456 256.139679
v 100.848831 -180.231232 220.288788
v 110.240242 -177.791580 209.083328
v 113.426125 -182.157150 203.643387
v 147.263992 -178.015228 174.079788
v 158.604706 -177.547974 170.672577
v 161.327332 -183.018295 170.822006
v 216.880417 -179.052002 176.226990
v 223.877029 -184.142868 181.147781
v 232.500076 -175.792389 187.496490
v -162.354446 -179.803513 244.262634
v -137.593399 -178.911087 257.857880
v -131.415131 -180.804871 262.096924
v 43.843971 -185.752625 249.330536
v 67.102112 -185.063980 239.404999
v 126.228027 -184.214645 187.381897
v 131.757645 -180.474014 183.630539
v 190.154800 -178.616959 164.640274
v 220.442200 -179.858261 178.059601
v 242.627197 -181.465256 194.952286
v -236.300751 -184.963699 220.817535
v -189.235565 -183.562546 227.653122
v -181.847641 -182.613968 232.619263
v -150.850403 -184.699066 251.296036
v -93.813133 -186.649719 280.214661
v -73.939545 -183.753189 276.808075
v 50.704018 -184.502838 247.090881
v 83.058784 -186.487671 231.299072
v 118.383347 -181.712769 192.525162
v 138.910965 -186.348785 179.667191
v -221.961960 -184.580704 212.553711
v -214.339645 -187.861984 210.700256
v -175.969864 -186.242096 236.805008
v -102.701057 -185.347977 277.691589
v -2.399563 -186.142303 256.665649
v 22.974962 -191.905945 253.971725
v 73.722763 -193.242401 237.158478
v 133.332062 -185.249619 182.667587
v 147.692154 -182.743729 174.883789
v 181.268097 -196.704132 166.067932
v 195.740677 -182.498672 164.324722
v 203.887741 -186.103714 164.854645
v 212.548325 -183.839417 172.176041
v -199.789291 -192.758911 221.388931
v -195.600220 -188.733292 224.144852
v -165.943344 -188.999771 243.779846
v -142.034012 -189.789474 256.566345
v -128.348251 -187.448456 264.131775
v -115.263908 -185.032333 271.440643
v -48.494881 -188.487701 266.041901
v -30.679377 -189.483795 259.050446
v 97.123459 -189.670883 223.119888
v 106.414368 -183.832520 216.972610
v 149.444794 -189.495483 174.811691
v -233.905487 -186.801758 219.223587
v -212.944107 -190.817886 210.819855
v -88.770714 -192.912247 279.770447
v -60.382652 -190.699219 270.371948
v -19.065588 -187.996811 256.862244
v 110.665039 -190.707138 212.117798
v 118.806427 -188.376694 193.192917
v 159.432999 -189.703964 170.563385
v 199.419312 -188.798584 163.417007
v 211.637787 -190.239639 171.518524
v 238.129395 -191.602036 189.939377
v -125.413757 -194.808075 266.815796
v -73.228058 -195.647354 274.626740
v -38.559460 -194.682312 261.174133
v -9.590471 -199.645370 253.637436
v 17.053743 -195.355225 254.469376
v 58.757092 -190.595856 244.413376
v 214.584579 -193.915833 172.631195
v -246.585114 -191.087097 221.406052
v -239.240860 -195.004761 218.691376
v -174.819794 -192.997040 238.533813
v -153.606155 -192.124863 250.017227
v -146.278076 -196.405457 255.358475
v -117.059822 -192.252930 270.872009
v 40.312637 -195.225510 250.887787
v 68.875282 -199.145676 240.793045
v 80.409676 -198.778305 234.681259
v 109.128311 -193.032425 213.309433
v 114.677879 -194.048645 209.125656
v 120.874420 -193.678864 193.195129
v 135.462906 -192.140671 182.648590
v 149.980072 -193.046524 174.595261
v 206.861801 -191.215912 167.154694
v 228.642563 -192.820404 182.868912
v -222.547943 -194.592880 211.062927
v -186.491379 -190.210297 230.205963
v -162.463013 -197.710770 246.878983
v -140.867020 -196.280151 258.322479
v -110.859154 -197.671310 274.648315
v -102.269257 -201.937668 278.340790
v -93.789803 -197.008957 279.724335
v 2.454386 -193.742310 255.381592
v 48.082222 -195.398407 248.599319
v 102.760475 -194.944229 220.188263
v 123.507072 -199.544617 192.403305
v 141.610413 -194.226913 179.983887
v 166.724167 -198.855942 168.896179
v 192.246170 -196.872116 162.713120
v 209.624298 -195.443008 168.800949
v 216.345337 -197.300735 172.137970
v -235.792023 -195.903748 215.705276
v -215.724442 -198.294479 210.149719
v -207.914490 -197.666351 218.380295
v -196.587997 -199.144150 225.334885
v -181.300644 -198.973618 234.384140
v -26.145481 -197.711563 256.624512
v 59.244759 -201.309189 245.279678
v 127.387146 -199.669632 189.493179
v 198.199921 -199.030716 162.137924
v 229.622086 -198.151321 181.324982
v 241.253387 -197.647766 191.620346
v -131.974731 -200.420807 263.652618
v -84.354332 -204.742706 276.872803
v -63.474854 -200.476395 270.142761
v -50.538612 -199.082520 265.628906
v 93.443878 -201.572937 227.077271
v 106.224388 -198.299271 218.466537
v 135.413834 -198.746490 184.389969
v 159.502792 -201.913345 171.628494
v -225.207748 -205.860138 209.016022
v -189.937973 -200.567841 229.611603
v -160.963089 -208.531677 248.606415
v -126.547279 -203.324219 267.120422
v -109.757637 -204.079590 275.480316
v -15.260295 -205.288574 253.428650
v 5.044984 -202.515274 254.065826
v 31.507353 -202.302963 252.302765
v 110.649696 -201.305832 213.387222
v 116.302238 -199.132767 207.654099
v 140.300705 -206.475159 182.951950
v -240.536575 -203.721573 219.869370
v -232.658142 -202.495193 213.255814
v -92.756996 -210.034866 278.362488
v -71.306686 -207.765411 271.706207
v 119.144958 -202.186249 204.366959
v 148.862839 -206.163818 177.612076
v 169.119308 -203.145020 169.186203
v 203.238892 -204.244705 163.067123
v 227.115234 -209.313141 175.175140
v -215.190826 -206.100800 213.448090
v -208.771637 -204.715683 219.695160
v -185.740128 -204.087479 232.219482
v -176.961349 -208.158981 239.004242
v -139.611038 -205.915482 259.703949
v -115.935120 -207.642563 272.939728
v 50.381458 -209.733704 248.667831
v 74.949806 -206.467422 238.536850
v 98.475456 -206.356628 224.801529
v 112.994202 -206.509094 212.697601
v 125.701996 -204.133530 192.997177
v 199.295319 -206.861572 161.937958
v 232.518585 -208.793335 179.267181
v 238.682007 -203.638046 186.734970
v -192.488312 -208.049896 229.389450
v -148.384033 -207.337479 255.420319
v -37.844540 -209.445404 259.569733
v -27.168036 -214.711136 255.746811
v 22.342270 -207.739319 252.642944
v 85.844017 -210.259445 233.671021
v 107.851616 -206.764114 217.509201
v 132.766724 -205.504425 188.967422
v 135.280228 -208.274841 187.305389
v 162.082306 -205.495819 171.733017
v 180.735062 -208.828949 166.730438
v 184.599091 -211.744797 166.431213
v 245.218109 -208.225967 192.192612
v -235.937408 -212.644562 213.345993
v -201.931641 -211.556213 224.027390
v -170.488312 -208.034836 243.115692
v -153.824478 -211.635468 252.766174
v -132.661087 -210.118484 263.816711
v -102.065170 -211.807938 278.121643
v -58.743832 -211.021286 266.752289
v -2.879897 -213.015747 251.313202
v 38.724224 -214.042343 250.847427
v 116.427910 -208.947144 211.273743
v 122.737640 -208.009369 197.896652
v 126.639198 -210.065598 195.140762
v -242.290619 -215.836777 219.782745
v -225.771927 -209.942108 209.143234
v -209.416397 -210.749802 219.115891
v -125.395615 -211.836578 268.238464
v -111.854416 -216.203766 274.885254
v -50.186893 -211.367050 263.736176
v 11.878063 -214.523300 251.839005
v 71.210243 -215.141129 242.030060
v 102.760124 -212.327362 223.377609
v 139.304688 -211.875916 185.543259
v 164.966187 -213.952484 173.255875
v 201.860306 -214.552673 161.742783
v 208.385696 -211.599792 163.249588
v 212.612640 -217.440170 163.454437
v 220.313049 -214.160568 169.110107
v -190.425049 -216.193069 231.502090
v -85.810387 -218.778503 275.164764
v 65.144157 -216.560471 244.890610
v 119.437798 -212.144043 208.941162
v 148.604858 -213.216110 179.730576
v 169.368790 -211.807541 170.318314
v 193.313156 -216.312515 164.088440
v 240.836304 -216.073792 187.741074
v -236.653229 -216.222610 213.853073
v -226.141281 -219.403152 208.738312
v -173.060715 -217.830872 243.961029
v -161.237152 -217.132278 249.837006
v -147.565659 -217.302811 256.534546
v -94.852226 -222.959290 277.456146
v 111.251183 -217.971924 218.498245
v 132.430023 -218.334259 190.433884
v 157.536011 -216.615524 176.466751
v -229.754990 -216.057663 209.732559
v -205.091263 -218.992920 222.625580
v -197.024368 -221.187408 227.927734
v -122.082672 -217.044586 270.333130
v -72.875061 -218.777573 270.297089
v -12.325115 -218.068634 252.008835
v 24.749184 -220.335449 250.804123
v 58.290775 -222.506760 247.103775
v 87.870583 -218.011429 233.840210
v 97.204498 -220.341354 228.753677
v 120.510925 -215.211136 208.591492
v 127.629196 -214.592712 193.308502
v 139.509232 -217.094269 186.119858
v 174.079956 -216.139984 170.878586
v 225.639862 -218.934769 173.613693
v 233.174591 -217.554321 181.193680
v -216.807236 -219.350571 213.195541
v -185.377457 -223.406387 235.637100
v -102.678421 -228.390900 277.730347
v -53.649094 -220.096085 263.449280
v -40.668625 -222.317093 258.472992
v 0.479858 -223.066559 249.623672
v 45.750072 -220.774261 249.182068
v 112.951752 -220.726013 217.379196
v 129.229065 -217.871628 191.623108
v 177.757843 -220.557251 172.357620
v 183.563873 -219.042511 169.949020
v 245.905380 -224.624802 190.136871
v -210.312210 -227.023178 218.984970
v -179.837311 -223.785583 239.770996
v -155.643448 -223.727570 253.841141
v -128.155716 -219.850693 266.934570
v 77.915184 -222.563889 239.946625
v 122.923576 -220.101028 209.330688
v 145.515411 -220.903763 183.880066
v 170.673279 -219.329926 173.684097
v -240.759232 -228.071732 214.201416
v -232.606186 -225.927383 209.252457
v -166.791107 -223.769836 248.354813
v -140.913635 -221.988693 260.532654
v -109.983315 -231.281921 275.942261
v -68.144371 -228.011551 266.582275
v 7.868486 -226.875610 248.876968
v 32.640423 -225.714020 249.615860
v 73.460648 -226.594360 242.888138
v 126.203606 -223.269562 208.287582
v 139.390778 -224.579147 189.257935
v 193.586349 -220.740402 165.014343
v 204.747757 -225.494217 162.662491
v 218.315491 -224.799973 162.625519
v 234.939865 -223.604675 180.821075
v -225.658463 -226.087646 207.554489
v -135.444168 -225.292252 263.898743
v -124.061867 -223.280182 269.522919
v -114.019371 -225.128555 274.296082
v 85.376991 -227.591873 236.867218
v 129.186890 -222.380203 203.353897
v 133.996246 -222.895737 191.407272
v 151.680145 -225.129562 182.895554
v 187.127258 -222.182053 171.279709
v 199.167770 -223.701431 163.553650
v -215.096695 -229.189026 213.961380
v -205.468658 -232.480560 222.906586
v -83.867828 -230.782074 272.820129
v -77.309410 -227.365189 270.672821
v -46.748024 -233.951874 258.015137
v -20.824251 -229.102798 252.775024
v 45.342937 -229.966553 248.220184
v 65.902092 -231.185562 245.702103
v 107.083954 -226.183060 223.365387
v 113.292015 -224.910355 217.798584
v 142.241394 -228.109131 188.225082
v 185.138809 -226.139603 173.705246
v 190.479401 -226.553513 171.927353
v 240.668488 -226.274109 184.250931
v -236.821335 -233.432297 210.238129
v -151.988922 -230.646469 256.319458
v 91.454597 -230.869446 234.396469
v 125.634430 -229.689880 211.037247
v 133.905273 -227.115829 201.451675
v 145.232208 -230.808197 188.034622
v 159.760300 -228.793411 181.537292
v 173.504868 -229.696014 177.985184
v 200.148087 -226.726654 165.982712
v 212.367661 -229.574814 161.757446
v 229.129944 -231.759827 170.819717
v -229.638245 -231.196548 207.302261
v -173.841537 -228.424072 244.353409
v -144.253204 -234.413956 260.110596
v -131.464066 -228.848343 265.975677
v -123.184998 -230.151337 270.170197
v -95.550476 -234.452133 276.822418
v -54.609715 -232.525681 260.736969
v -39.082825 -237.249878 255.793381
v 23.065767 -235.573837 247.159592
v 119.499260 -230.526749 216.855743
v 131.300873 -231.769806 209.072678
v 137.673157 -228.466049 199.769775
v 219.999161 -231.226227 161.200455
v 238.803909 -231.678696 181.582031
v -224.323669 -235.340134 209.999939
v -200.251434 -233.203537 225.365356
v -177.140793 -234.635345 241.328323
v -117.219650 -234.167206 273.110504
v -66.491753 -238.310806 265.073608
v 54.391102 -238.467194 246.652084
v 105.854309 -235.574921 226.836075
v 184.546936 -231.696243 178.406723
v 207.943954 -232.965973 162.846024
v -211.963974 -232.195084 217.714722
v -193.018951 -237.060837 230.279556
v -179.787445 -231.634888 239.126328
v -159.657593 -236.116531 252.607620
v -152.146042 -237.129822 256.353516
v -17.898966 -237.781052 251.240845
v 75.818077 -241.166809 243.186340
v 79.064590 -236.722046 241.645554
v 137.788834 -234.522491 204.737595
v 159.063416 -234.497681 185.158005
v 176.249741 -233.710907 179.891235
v 192.279663 -234.456451 174.728134
v 203.475632 -237.446655 167.152664
v -229.058975 -235.424927 207.331772
v -212.745529 -237.780319 219.543762
v -169.234634 -233.439011 247.832214
v -131.912704 -240.756729 266.778534
v 31.970266 -240.798050 246.292206
v 120.202225 -237.140137 218.310349
v 144.753204 -236.679321 199.076965
v 150.863144 -233.246277 188.328506
v 214.049805 -236.591965 161.817383
v 221.393860 -237.441589 161.616470
v 235.116257 -234.216858 175.129150
v -245.600342 -241.533249 212.176910
v -183.337616 -242.112244 237.340256
v -169.290802 -239.617874 247.877289
v -124.149101 -243.073273 270.713837
v -90.221558 -241.367081 274.423706
v -77.911659 -239.413345 269.735596
v 1.127656 -240.534943 247.818726
v 12.345817 -241.593460 246.053131
v 89.288956 -241.075974 236.973679
v 134.174927 -241.358932 210.842178
v 153.459091 -239.500137 191.502731
v 181.404083 -240.412323 184.159698
v 188.430511 -238.697891 179.752151
v 222.248184 -244.627945 160.630814
v 236.057693 -236.063278 174.087982
v 242.874710 -237.198990 181.021973
v -239.059525 -239.450302 209.008041
v -227.093155 -239.262604 208.611618
v -174.568527 -240.600845 243.123352
v -114.371124 -243.034164 274.716675
v -103.831352 -239.552429 277.604370
v 68.875893 -244.004211 244.632141
v 82.269081 -244.032288 240.533813
v 100.797142 -244.495758 231.793610
v 113.682053 -244.735031 224.561386
v 141.495987 -240.186157 204.809402
v 146.068420 -241.586700 202.231659
v 170.492905 -243.654236 187.664337
v 220.127563 -242.053986 160.956467
v -213.832962 -245.399384 221.682449
v -205.674454 -245.651031 226.828186
v -178.838745 -245.480270 241.311646
v -163.379456 -244.620804 250.782822
v -148.864044 -242.088074 257.803467
v -140.223221 -241.978622 262.546265
v -77.322334 -245.218369 268.882233
v -54.673439 -244.910385 260.176208
v 128.970917 -243.038742 215.194778
v 147.329208 -242.547531 201.487335
v 156.542557 -244.767639 193.247803
v 164.444977 -240.508469 187.330078
v 205.745407 -243.311005 167.918091
v 213.998138 -243.085312 162.380585
v 234.452362 -240.622559 172.306274
v -234.800095 -247.095474 207.304749
v -224.079865 -247.223907 213.251694
v 183.988556 -245.980515 185.274246
v 194.078125 -243.714096 177.393875
v 242.443787 -243.166382 180.714310
v 246.366760 -244.652161 184.441452
v -196.055359 -247.160126 232.925125
v 49.722740 -244.704910 245.700500
v 161.770355 -247.436722 193.493958
v 239.333572 -246.629654 175.602921
v 76.592316 -249.990097 241.962601
v 133.915451 -249.946228 214.155670
v 176.617615 -247.786148 188.780502
vn 0.3477 -0.1125 0.9308
vn 0.2245 0.4844 0.8456
vn 0.3846 -0.4286 0.8175
vn 0.2333 -0.0133 0.9723
vn 0.3673 0.2489 0.8962
vn 0.4527 0.0085 0.8916
vn 0.5217 -0.0506 0.8517
vn -0.2756 -0.2822 0.9189
vn -0.3859 -0.2866 0.8769
vn -0.4203 -0.2573 0.8701
vn -0.2954 -0.0161 0.9552
vn -0.4458 -0.3849 0.8081
vn -0.5306 -0.1643 0.8315
vn -0.4215 -0.0604 0.9048
vn -0.3822 -0.1053 0.9181
vn -0.2264 -0.0554 0.9725
vn -0.0813 -0.0006 0.9967
vn 0.1499 0.0978 0.9838
vn 0.4518 0.2522 0.8557
vn 0.4599 0.3590 0.8122
vn 0.3865 0.5208 0.7612
vn 0.2728 0.4021 0.8740
vn 0.3456 0.3120 0.8850
vn 0.3335 0.3045 0.8922
vn 0.2487 0.3960 0.8839
vn 0.1868 0.5101 0.8396
vn 0.2093 0.5174 0.8298
vn 0.2021 0.5493 0.8108
vn 0.3216 0.5316 0.7836
vn 0.1824 0.6334 0.7520
vn 0.2051 0.6069 0.7678
vn 0.0599 0.5855 0.8085
vn 0.1766 0.5589 0.8102
vn 0.1630 0.5612 0.8115
vn 0.1863 0.5266 0.8294
vn 0.3211 0.3409 0.8836
vn 0.3233 0.2764 0.9050
vn 0.3566 -0.0878 0.9301
vn 0.4470 0.0773 0.8912
vn 0.2362 0.3488 0.9069
vn -0.0836 -0.5431 0.8355
vn -0.4373 -0.3732 0.8182
vn -0.3543 -0.3090 0.8826
vn -0.3621 -0.2577 0.8958
vn -0.6479 -0.2485 0.7201
vn -0.5736 -0.2751 0.7715
vn -0.4896 -0.2768 0.8269
vn -0.3850 -0.1100 0.9163
vn 0.3864 0.3042 0.8707
vn 0.1588 0.2592 0.9527
vn 0.6520 -0.0269 0.7577
vn 0.0859 0.0547 0.9948
vn 0.4222 0.3561 0.8336
vn 0.3693 0.4422 0.8174
vn 0.3486 0.4505 0.8219
vn 0.2770 0.5828 0.7640
vn 0.1415 0.4485 0.8825
vn 0.3065 0.4346 0.8469
vn 0.3424 0.3867 0.8563
vn 0.2325 0.4214 0.8766
vn 0.2286 0.4215 0.8776
vn 0.2272 0.4203 0.8785
vn 0.2686 0.3888 0.8813
vn 0.2424 0.3836 0.8911
vn 0.2460 0.3786 0.8922
vn 0.3485 0.3272 0.8784
vn 0.3590 0.2931 0.8861
vn 0.3834 0.3413 0.8582
vn 0.1898 0.5319 0.8253
vn 0.1637 0.5499 0.8190
vn 0.2500 0.4765 0.8429
vn 0.3156 0.3366 0.8872
vn 0.2087 0.4280 0.8793
vn -0.2474 -0.4580 0.8538
vn -0.5651 -0.3027 0.7675
vn -0.4176 -0.2443 0.8752
vn -0.4236 -0.1824 0.8873
vn -0.4291 -0.2343 0.8724
vn -0.5010 -0.1627 0.8500
vn -0.5991 -0.0991 0.7945
vn -0.5380 -0.1554 0.8285
vn -0.5407 -0.1550 0.8268
vn -0.5047 -0.2482 0.8268
vn -0.2162 -0.0660 0.9741
vn -0.1478 -0.0635 0.9870
vn -0.0501 -0.0280 0.9984
vn -0.0030 -0.0195 0.9998
vn 0.0648 0.0732 0.9952
vn 0.4642 0.3550 0.8115
vn 0.4730 0.3138 0.8233
vn 0.4446 0.3252 0.8346
vn 0.3388 0.4350 0.8343
vn 0.3293 0.2861 0.8998
vn 0.2214 0.4630 0.8583
vn 0.3344 0.0463 0.9413
vn 0.3097 0.0670 0.9485
vn 0.2452 0.3479 0.9049
vn 0.4233 0.3673 0.8282
vn 0.4893 0.3479 0.7997
vn 0.6425 0.3215 0.6956
vn -0.4576 -0.3995 0.7944
vn -0.4553 -0.4346 0.7771
vn -0.2546 -0.0373 0.9663
vn -0.3597 -0.0485 0.9318
vn -0.3183 -0.0839 0.9443
vn -0.5239 -0.1919 0.8299
vn -0.4758 -0.2576 0.8410
vn -0.5380 -0.2117 0.8159
vn -0.4702 -0.2083 0.8576
vn -0.4222 -0.2895 0.8590
vn -0.3914 -0.2197 0.8936
vn -0.0196 -0.0097 0.9998
vn 0.0400 0.0243 0.9989
vn 0.2767 0.1465 0.9497
vn 0.2401 0.1623 0.9571
vn 0.1229 -0.0125 0.9923
vn 0.1021 -0.0158 0.9946
vn 0.3928 0.3192 0.8624
vn 0.3618 0.3908 0.8464
vn 0.2986 0.4834 0.8229
vn 0.3346 0.4604 0.8222
vn 0.2417 0.4428 0.8634
vn 0.2456 0.4417 0.8629
vn 0.2919 0.3259 0.8992
vn 0.3673 0.2973 0.8813
vn 0.3577 0.2977 0.8851
vn 0.3885 0.2306 0.8921
vn 0.2776 0.3881 0.8788
vn 0.1845 0.3617 0.9139
vn 0.2113 0.4040 0.8900
vn 0.3319 0.3240 0.8859
vn 0.3565 0.2898 0.8882
vn 0.3413 0.2918 0.8935
vn 0.3844 0.2130 0.8983
vn 0.4178 0.1904 0.8884
vn 0.2887 0.0884 0.9533
vn 0.3180 0.0992 0.9429
vn 0.4842 0.3462 0.8035
vn 0.4924 0.4077 0.7690
vn -0.5398 -0.1559 0.8272
vn -0.4027 -0.2934 0.8670
vn -0.5407 -0.3129 0.7809
vn -0.4890 -0.2371 0.8395
vn -0.3230 -0.1630 0.9322
vn -0.3833 -0.1561 0.9103
vn -0.3171 -0.1718 0.9327
vn 0.1289 0.1140 0.9851
vn 0.4684 0.3313 0.8190
vn 0.3419 0.4208 0.8402
vn 0.3056 0.4378 0.8455
vn 0.2732 0.5147 0.8127
vn 0.2392 0.4530 0.8588
vn 0.2514 0.3483 0.9030
vn 0.1574 0.4007 0.9026
vn 0.2368 0.4394 0.8665
vn 0.1677 0.4375 0.8834
vn 0.2259 0.3905 0.8925
vn 0.1906 0.3604 0.9131
vn 0.3307 0.3225 0.8869
vn 0.1934 0.3954 0.8979
vn 0.3643 0.3426 0.8659
vn 0.6553 0.2167 0.7236
vn -0.4873 -0.2387 0.8400
vn -0.6956 -0.0292 0.7178
vn -0.3249 -0.1547 0.9330
vn -0.5326 -0.1465 0.8336
vn 0.0128 -0.0027 0.9999
vn 0.4880 0.4195 0.7654
vn 0.1800 -0.0998 0.9786
vn 0.3423 0.3755 0.8613
vn 0.3403 0.3765 0.8616
vn 0.2073 0.4518 0.8677
vn 0.1622 0.2886 0.9436
vn 0.1806 0.4468 0.8762
vn 0.3160 0.2406 0.9178
vn 0.2470 0.3426 0.9064
vn -0.5037 -0.0994 0.8582
vn -0.3655 -0.3593 0.8586
vn -0.4773 -0.2899 0.8295
vn -0.3595 -0.2637 0.8951
vn -0.4590 -0.2116 0.8629
vn -0.4369 -0.1365 0.8891
vn -0.4191 -0.1474 0.8959
vn -0.3788 -0.1408 0.9147
vn -0.5634 0.0530 0.8245
vn -0.3151 -0.0732 0.9462
vn -0.5008 -0.2300 0.8344
vn -0.5054 -0.3217 0.8006
vn -0.4916 -0.3331 0.8046
vn -0.4002 -0.2027 0.8937
vn -0.3517 -0.1751 0.9196
vn 0.3533 0.1620 0.9214
vn 0.3118 0.1820 0.9326
vn 0.1339 0.5196 0.8439
vn 0.3828 0.0201 0.9236
vn 0.0624 0.0857 0.9944
vn 0.2943 0.4069 0.8647
vn 0.3006 0.4049 0.8635
vn 0.2613 0.3324 0.9062
vn 0.2871 0.3208 0.9026
vn 0.3541 0.2799 0.8924
vn 0.2243 0.2510 0.9416
vn 0.1906 0.2874 0.9387
vn 0.3559 0.2273 0.9064
vn 0.3702 0.2465 0.8957
vn 0.3215 0.4793 0.8166
vn 0.2131 0.3610 0.9079
vn 0.3335 0.2426 0.9110
vn 0.5816 0.4023 0.7071
vn -0.2278 -0.5856 0.7779
vn -0.5087 -0.1445 0.8487
vn -0.3761 -0.0909 0.9221
vn -0.4305 -0.2844 0.8566
vn -0.5127 -0.2782 0.8122
vn -0.4322 -0.3743 0.8204
vn -0.2691 -0.4912 0.8284
vn -0.4808 -0.4522 0.7512
vn -0.4353 -0.4289 0.7916
vn -0.4068 -0.3032 0.8617
vn 0.3309 0.3406 0.8801
vn 0.3584 0.3078 0.8813
vn 0.2709 0.3655 0.8905
vn 0.3179 0.2573 0.9125
vn 0.1886 0.2874 0.9391
vn 0.3670 0.2481 0.8965
vn 0.3616 0.3177 0.8765
vn 0.3580 0.2083 0.9102
vn -0.2949 -0.5417 0.7871
vn -0.4713 -0.0096 0.8819
vn -0.3517 -0.3877 0.8520
vn -0.5699 -0.3655 0.7360
vn -0.4127 -0.4970 0.7633
vn -0.4847 -0.4235 0.7653
vn -0.5039 -0.3370 0.7953
vn -0.1102 -0.1216 0.9864
vn -0.0877 -0.0783 0.9931
vn 0.0482 -0.0078 0.9988
vn 0.3183 0.1661 0.9333
vn 0.5141 0.2641 0.8161
vn 0.3725 0.3129 0.8737
vn 0.3226 0.3581 0.8762
vn 0.3461 0.3064 0.8867
vn 0.3119 0.2792 0.9081
vn 0.3540 0.2254 0.9077
vn 0.2616 0.3074 0.9149
vn 0.2071 0.2478 0.9464
vn 0.3454 0.2308 0.9096
vn 0.3473 0.1433 0.9267
vn 0.4169 0.1323 0.8993
vn 0.3220 0.3412 0.8831
vn 0.2633 0.3292 0.9068
vn 0.3052 0.2887 0.9074
vn 0.2372 0.2812 0.9299
vn 0.4817 0.2161 0.8493
vn 0.5082 0.2841 0.8131
vn 0.5842 0.3522 0.7313
vn 0.5447 0.3629 0.7561
vn -0.5146 -0.4243 0.7450
vn -0.5610 -0.0723 0.8246
vn -0.2842 -0.0940 0.9541
vn -0.5464 -0.4216 0.7237
vn -0.4209 -0.2112 0.8822
vn -0.1760 -0.0959 0.9797
vn 0.0176 -0.0117 0.9998
vn 0.2507 0.1530 0.9559
vn 0.1067 -0.0113 0.9942
vn 0.0505 -0.0205 0.9985
vn 0.3558 0.2637 0.8966
vn 0.2881 0.2917 0.9121
vn 0.3000 0.3081 0.9028
vn 0.3229 0.2384 0.9159
vn 0.3938 0.1948 0.8983
vn 0.2893 0.2768 0.9163
vn 0.2845 0.3101 0.9071
vn 0.2416 0.3243 0.9146
vn 0.2297 0.2190 0.9483
vn 0.2511 0.2220 0.9421
vn 0.4169 0.1682 0.8933
vn 0.3586 0.1680 0.9183
vn -0.5680 -0.1751 0.8042
vn -0.5564 -0.0891 0.8261
vn -0.5744 -0.0863 0.8140
vn -0.3970 -0.1631 0.9032
vn -0.3444 -0.3600 0.8671
vn -0.5133 -0.3272 0.7934
vn -0.5911 -0.2070 0.7796
vn -0.5011 -0.2455 0.8299
vn -0.5221 -0.2658 0.8104
vn -0.2717 -0.2349 0.9333
vn -0.3763 -0.2085 0.9027
vn -0.0224 -0.0825 0.9963
vn 0.0912 0.0215 0.9956
vn 0.2430 0.1095 0.9638
vn 0.3160 0.1301 0.9398
vn 0.4875 0.2996 0.8201
vn 0.3979 0.2831 0.8726
vn 0.0281 -0.0066 0.9996
vn 0.4140 0.1738 0.8935
vn 0.2552 0.3026 0.9183
vn 0.3438 0.2865 0.8943
vn 0.2744 0.1730 0.9459
vn 0.2808 0.3000 0.9117
vn 0.2888 0.1936 0.9376
vn 0.3456 0.2738 0.8976
vn 0.2932 0.1639 0.9419
vn 0.2910 0.1652 0.9423
vn 0.4202 0.1631 0.8926
vn 0.4233 0.1659 0.8907
vn 0.2781 0.2336 0.9317
vn 0.3108 0.5400 0.7822
vn 0.5886 0.1357 0.7970
vn -0.2607 0.0145 0.9653
vn -0.6112 -0.1583 0.7755
vn -0.4362 -0.1023 0.8940
vn -0.4926 -0.1612 0.8552
vn -0.2580 -0.2068 0.9438
vn -0.4132 -0.1971 0.8890
vn -0.2928 -0.3074 0.9054
vn -0.3646 -0.3098 0.8781
vn -0.5980 -0.1980 0.7766
vn -0.4393 -0.3070 0.8443
vn -0.3853 -0.2522 0.8877
vn -0.3632 -0.2542 0.8964
vn -0.3625 -0.2548 0.8965
vn 0.0233 0.0057 0.9997
vn 0.1686 0.0185 0.9855
vn 0.2422 0.1381 0.9604
vn 0.3694 0.2072 0.9059
vn 0.2635 0.2496 0.9318
vn 0.2210 0.1683 0.9607
vn 0.2940 0.1605 0.9422
vn 0.3661 0.1279 0.9218
vn 0.3301 0.1708 0.9284
vn 0.3840 0.0870 0.9192
vn 0.3435 0.1393 0.9288
vn 0.4888 0.1293 0.8628
vn -0.3576 -0.2788 0.8913
vn -0.3073 -0.2585 0.9158
vn -0.3300 -0.3346 0.8827
vn -0.3462 -0.3006 0.8887
vn -0.3844 -0.4147 0.8248
vn -0.0861 -0.0802 0.9931
vn -0.0374 -0.0691 0.9969
vn 0.0911 0.0216 0.9956
vn 0.3179 0.1267 0.9396
vn 0.3293 0.0338 0.9436
vn 0.3773 0.0745 0.9231
vn 0.3884 0.1728 0.9051
vn 0.3558 0.1668 0.9196
vn 0.3480 0.1743 0.9211
vn 0.3267 0.2150 0.9204
vn 0.1959 0.1773 0.9645
vn 0.4273 0.0592 0.9022
vn 0.2964 0.1792 0.9381
vn 0.3755 0.0840 0.9230
vn 0.3265 0.1238 0.9370
vn 0.5610 0.0428 0.8267
vn -0.3665 -0.1355 0.9205
vn -0.4162 -0.0750 0.9062
vn -0.4886 -0.1445 0.8605
vn -0.3013 -0.2936 0.9072
vn -0.2832 -0.3098 0.9076
vn -0.4239 -0.4526 0.7845
vn -0.4866 -0.3096 0.8169
vn -0.4721 -0.3139 0.8237
vn -0.1931 -0.1873 0.9631
vn -0.0154 -0.0684 0.9975
vn 0.4681 0.0233 0.8834
vn 0.0326 -0.0980 0.9946
vn -0.0785 -0.0611 0.9950
vn 0.3572 0.0290 0.9336
vn 0.3085 0.2002 0.9299
vn 0.2778 0.2295 0.9328
vn 0.2214 0.1706 0.9602
vn 0.2774 0.1753 0.9446
vn 0.3095 0.1099 0.9445
vn 0.4877 0.1313 0.8631
vn 0.5831 0.0613 0.8101
vn -0.6618 0.2442 0.7088
vn -0.5416 -0.0293 0.8401
vn -0.3670 -0.1478 0.9184
vn -0.4241 -0.1270 0.8967
vn -0.5464 -0.2147 0.8095
vn -0.5709 -0.1838 0.8002
vn -0.6099 -0.2286 0.7588
vn -0.4124 -0.4639 0.7841
vn -0.3688 -0.2152 0.9043
vn -0.1388 -0.1179 0.9833
vn 0.1729 0.0054 0.9849
vn 0.3413 0.0181 0.9398
vn 0.4356 0.0352 0.8994
vn 0.3560 0.0255 0.9342
vn 0.2715 0.0722 0.9597
vn 0.2349 0.0843 0.9684
vn 0.3274 0.1559 0.9319
vn 0.3439 0.1793 0.9217
vn 0.3104 0.1960 0.9302
vn 0.2349 0.2020 0.9508
vn 0.3055 0.2204 0.9263
vn 0.2242 0.1678 0.9600
vn 0.2460 0.1362 0.9596
vn 0.3820 0.0949 0.9193
vn 0.4386 0.0588 0.8968
vn -0.3364 -0.3413 0.8777
vn -0.2928 -0.3072 0.9055
vn -0.2966 -0.2036 0.9331
vn -0.3026 -0.1940 0.9332
vn -0.4142 -0.2654 0.8706
vn -0.5121 -0.4520 0.7304
vn -0.5196 -0.2502 0.8169
vn -0.2757 -0.1342 0.9518
vn 0.2743 -0.0657 0.9594
vn 0.2397 -0.1473 0.9596
vn 0.3410 0.1066 0.9340
vn 0.3257 0.0984 0.9403
vn 0.3533 0.0767 0.9324
vn 0.3479 0.0912 0.9331
vn 0.4622 0.1088 0.8801
vn 0.4098 0.1161 0.9048
vn 0.4278 0.0984 0.8985
vn 0.4281 0.0981 0.8984
vn 0.3970 0.1078 0.9114
vn 0.3223 0.1137 0.9398
vn 0.2764 0.1433 0.9503
vn 0.3837 0.0389 0.9226
vn -0.6253 0.0510 0.7787
vn -0.5186 0.0135 0.8549
vn -0.3732 -0.3380 0.8640
vn -0.5253 -0.2745 0.8054
vn -0.5324 -0.3272 0.7807
vn -0.2146 -0.3955 0.8930
vn -0.4307 -0.3693 0.8235
vn -0.3619 -0.2973 0.8835
vn -0.0135 -0.0703 0.9974
vn -0.0025 -0.0698 0.9976
vn 0.2853 -0.1143 0.9516
vn 0.4270 0.0419 0.9033
vn -0.0239 -0.1235 0.9921
vn 0.3283 -0.0728 0.9418
vn 0.3551 0.0277 0.9344
vn 0.4217 0.0034 0.9067
vn 0.4619 0.0131 0.8868
vn 0.4363 0.0723 0.8969
vn -0.5843 0.1466 0.7982
vn -0.3822 -0.1777 0.9069
vn -0.3993 -0.1743 0.9001
vn -0.5132 -0.2055 0.8333
vn -0.3077 -0.4848 0.8187
vn -0.3764 -0.2327 0.8968
vn 0.4435 -0.0823 0.8925
vn -0.0365 -0.1171 0.9924
vn 0.3475 -0.0794 0.9343
vn 0.3787 -0.2232 0.8982
vn 0.3397 0.0651 0.9383
vn 0.2939 0.1142 0.9490
vn 0.3002 0.0968 0.9489
vn 0.2959 0.1505 0.9433
vn 0.2570 0.0570 0.9647
vn 0.3794 0.0649 0.9230
vn 0.3129 -0.0808 0.9464
vn 0.3162 -0.0519 0.9473
vn 0.2685 -0.0488 0.9620
vn 0.3289 0.0406 0.9435
vn 0.5370 -0.0320 0.8430
vn 0.5825 0.0126 0.8127
vn 0.6711 -0.1289 0.7301
vn -0.2028 -0.1596 0.9661
vn -0.4042 -0.1759 0.8976
vn -0.3300 -0.2711 0.9042
vn -0.3474 -0.0827 0.9341
vn -0.5528 -0.2504 0.7948
vn -0.4165 -0.2166 0.8830
vn -0.3955 -0.2308 0.8890
vn -0.3193 -0.1882 0.9288
vn 0.1093 -0.0977 0.9892
vn 0.3017 -0.1342 0.9439
vn 0.5278 -0.1422 0.8374
vn 0.4518 -0.2340 0.8609
vn 0.3672 -0.1962 0.9092
vn 0.3254 -0.1172 0.9383
vn 0.2936 -0.0847 0.9522
vn 0.2626 0.1422 0.9544
vn 0.2711 0.0571 0.9608
vn 0.3787 0.0711 0.9228
vn 0.4289 0.0987 0.8979
vn 0.4024 0.1489 0.9033
vn 0.3034 -0.0603 0.9510
vn 0.3857 -0.0677 0.9201
vn 0.2881 -0.1041 0.9519
vn 0.3281 0.0422 0.9437
vn 0.1616 -0.3612 0.9184
vn -0.5220 -0.5002 0.6909
vn -0.3287 -0.2479 0.9113
vn -0.3312 -0.3529 0.8751
vn -0.3689 -0.2370 0.8987
vn -0.3355 -0.2983 0.8935
vn -0.4972 -0.2399 0.8338
vn -0.4108 -0.1784 0.8941
vn -0.0349 -0.1130 0.9930
vn -0.0422 -0.1079 0.9933
vn -0.0395 -0.1379 0.9897
vn 0.2253 -0.1626 0.9606
vn 0.2480 -0.1721 0.9533
vn 0.2687 -0.1571 0.9503
vn 0.2848 -0.1633 0.9446
vn 0.2610 0.0351 0.9647
vn 0.2638 0.0469 0.9634
vn 0.2983 0.0262 0.9541
vn 0.2797 0.0888 0.9560
vn 0.4166 0.0292 0.9086
vn 0.3980 0.0652 0.9151
vn 0.3211 -0.0613 0.9451
vn -0.4230 -0.2553 0.8694
vn -0.3204 -0.2504 0.9136
vn -0.2640 -0.3456 0.9005
vn -0.4627 -0.2466 0.8515
vn -0.4436 -0.2062 0.8721
vn -0.3027 -0.1966 0.9326
vn -0.4975 -0.3444 0.7962
vn -0.3793 -0.4624 0.8014
vn -0.4143 -0.3751 0.8292
vn -0.5625 -0.2208 0.7968
vn -0.4137 -0.0810 0.9068
vn -0.6725 -0.1649 0.7215
vn -0.5129 -0.2324 0.8264
vn -0.5119 -0.2333 0.8268
vn 0.0061 -0.0761 0.9971
vn 0.0452 -0.0755 0.9961
vn 0.3355 -0.2374 0.9116
vn 0.2610 -0.1324 0.9562
vn 0.2622 -0.1332 0.9558
vn 0.3300 -0.3484 0.8773
vn 0.3240 -0.3344 0.8850
vn 0.2867 -0.3762 0.8811
vn 0.2929 -0.2383 0.9260
vn 0.2625 0.1102 0.9586
vn 0.2470 0.0621 0.9670
vn 0.2699 -0.0255 0.9625
vn 0.4304 0.0562 0.9009
vn -0.7089 -0.1373 0.6918
vn -0.2333 -0.2693 0.9344
vn -0.4606 -0.1723 0.8707
vn -0.3441 -0.2322 0.9098
vn -0.3002 -0.1989 0.9329
vn -0.5547 -0.2194 0.8026
vn -0.4637 -0.0538 0.8843
vn -0.4185 -0.1985 0.8863
vn -0.1076 -0.1436 0.9838
vn 0.1839 -0.1647 0.9691
vn 0.5532 -0.2823 0.7837
vn 0.2005 -0.3116 0.9288
vn 0.2221 -0.3810 0.8975
vn 0.2479 -0.0931 0.9643
vn 0.2443 -0.0924 0.9653
vn 0.2505 -0.0877 0.9641
vn 0.3478 0.0519 0.9361
vn 0.2828 0.0478 0.9580
vn 0.3829 0.0112 0.9237
vn 0.3117 0.0056 0.9502
vn 0.4557 0.0151 0.8900
vn 0.2738 -0.2439 0.9303
vn 0.3089 -0.0507 0.9497
vn 0.3976 -0.0470 0.9163
vn 0.5323 -0.0106 0.8465
vn 0.6849 -0.0504 0.7269
vn -0.1876 0.0888 0.9782
vn -0.6266 -0.2090 0.7508
vn -0.4078 -0.3279 0.8522
vn -0.4504 -0.3995 0.7985
vn -0.3211 -0.1817 0.9295
vn -0.0437 -0.1028 0.9937
vn 0.2779 -0.1819 0.9432
vn 0.5940 -0.2557 0.7628
vn -0.0407 -0.1382 0.9896
vn 0.4661 -0.3405 0.8166
vn 0.4281 -0.3679 0.8254
vn 0.3250 -0.3539 0.8770
vn 0.3326 -0.3685 0.8681
vn 0.3052 -0.3577 0.8825
vn 0.2616 -0.4051 0.8760
vn 0.2376 -0.3173 0.9181
vn 0.2931 -0.0032 0.9561
vn 0.2166 0.0070 0.9762
vn 0.2605 0.0637 0.9634
vn 0.2940 -0.0827 0.9522
vn 0.5153 0.1939 0.8348
vn 0.3521 0.1107 0.9294
vn -0.3678 -0.3570 0.8586
vn -0.3546 -0.2800 0.8921
vn -0.4240 -0.2363 0.8743
vn -0.3143 -0.2676 0.9108
vn -0.5599 -0.3349 0.7579
vn -0.4919 -0.3058 0.8152
vn -0.4158 -0.2102 0.8848
vn -0.4777 -0.1064 0.8720
vn -0.3075 -0.1994 0.9304
vn -0.1441 -0.2024 0.9686
vn 0.4652 -0.3633 0.8072
vn 0.2194 -0.3263 0.9195
vn 0.2249 -0.2899 0.9303
vn 0.1608 -0.2712 0.9490
vn 0.4635 -0.0413 0.8851
vn 0.4351 -0.0281 0.9000
vn 0.4030 -0.0523 0.9137
vn 0.2716 -0.2382 0.9325
vn 0.2393 -0.3026 0.9226
vn 0.3005 -0.2645 0.9164
vn 0.2471 -0.2147 0.9449
vn 0.4706 -0.1016 0.8765
vn -0.3966 -0.4831 0.7806
vn -0.5370 -0.3947 0.7456
vn -0.4253 -0.1235 0.8966
vn -0.3002 -0.2135 0.9297
vn -0.4595 -0.2013 0.8650
vn -0.5029 -0.2031 0.8401
vn -0.5101 -0.2065 0.8350
vn -0.5691 -0.1049 0.8155
vn -0.5304 -0.1767 0.8291
vn -0.3073 -0.1987 0.9306
vn -0.0249 -0.1074 0.9939
vn 0.3207 -0.3421 0.8832
vn 0.2018 -0.4552 0.8672
vn 0.2209 -0.3913 0.8934
vn 0.2498 -0.0868 0.9644
vn 0.2216 -0.0922 0.9708
vn 0.2681 -0.0275 0.9630
vn 0.3330 -0.3053 0.8921
vn 0.2733 -0.3153 0.9088
vn 0.2700 -0.2446 0.9313
vn 0.2028 -0.2437 0.9484
vn 0.2234 -0.2012 0.9537
vn 0.4726 -0.1352 0.8709
vn -0.0861 0.2266 0.9702
vn -0.3370 -0.4357 0.8346
vn -0.3724 -0.2337 0.8982
vn -0.4066 -0.2193 0.8869
vn -0.3799 -0.1477 0.9132
vn -0.2711 -0.1800 0.9456
vn -0.4440 -0.2235 0.8677
vn -0.5157 -0.1470 0.8441
vn -0.0823 -0.2112 0.9740
vn 0.1669 -0.1325 0.9770
vn 0.3495 -0.2103 0.9130
vn 0.2892 -0.2408 0.9265
vn 0.5721 -0.4212 0.7038
vn -0.0433 -0.1442 0.9886
vn 0.4307 -0.3264 0.8414
vn 0.3345 -0.3263 0.8841
vn 0.3624 -0.3361 0.8693
vn 0.3127 -0.4130 0.8554
vn 0.1645 -0.4953 0.8530
vn 0.2601 -0.3921 0.8824
vn 0.2541 -0.3872 0.8863
vn 0.1480 -0.2431 0.9586
vn 0.1439 -0.2414 0.9597
vn 0.3051 -0.1011 0.9469
vn 0.2585 -0.0123 0.9659
vn 0.2768 0.0423 0.9600
vn 0.2743 -0.0364 0.9610
vn 0.4220 -0.1060 0.9004
vn 0.3830 -0.0262 0.9234
vn 0.4444 -0.1129 0.8887
vn 0.5380 -0.0736 0.8397
vn 0.5155 -0.0412 0.8559
vn -0.3915 -0.2539 0.8844
vn -0.4902 -0.1169 0.8637
vn -0.3823 -0.1494 0.9119
vn -0.4810 -0.2350 0.8447
vn -0.6242 -0.2152 0.7510
vn -0.5977 -0.2342 0.7668
vn -0.4294 -0.2143 0.8773
vn -0.1371 -0.2143 0.9671
vn -0.0249 -0.1071 0.9939
vn 0.3154 -0.2454 0.9167
vn 0.2885 -0.2047 0.9353
vn 0.2507 -0.2268 0.9411
vn 0.5946 -0.4126 0.6900
vn 0.4978 -0.3399 0.7979
vn 0.3360 -0.3618 0.8696
vn 0.4294 -0.5655 0.7041
vn 0.2359 -0.5272 0.8163
vn 0.1907 -0.3642 0.9116
vn 0.2954 -0.0401 0.9545
vn 0.2641 -0.0263 0.9641
vn 0.2981 -0.0754 0.9516
vn 0.2987 -0.0755 0.9513
vn 0.3732 -0.0863 0.9237
vn 0.4212 -0.1061 0.9008
vn 0.2493 -0.2548 0.9343
vn 0.2099 -0.2768 0.9377
vn -0.2409 -0.2647 0.9338
vn -0.0248 -0.3689 0.9291
vn -0.5303 -0.4238 0.7343
vn -0.6187 -0.3549 0.7009
vn -0.3688 -0.3008 0.8795
vn -0.3247 -0.3976 0.8582
vn -0.5218 -0.1864 0.8325
vn -0.2844 -0.1025 0.9532
vn -0.5258 -0.2993 0.7962
vn -0.4497 -0.1909 0.8725
vn 0.3449 -0.3271 0.8798
vn -0.0218 -0.1804 0.9834
vn 0.3306 -0.4734 0.8164
vn 0.2064 -0.4104 0.8882
vn 0.1629 -0.3916 0.9056
vn 0.1433 -0.2332 0.9618
vn 0.2525 -0.1303 0.9588
vn 0.3038 -0.0477 0.9515
vn 0.3316 -0.2881 0.8984
vn 0.2413 -0.2582 0.9355
vn 0.3614 -0.2930 0.8852
vn 0.3639 0.2448 0.8987
vn 0.5237 0.1124 0.8445
vn -0.4698 -0.0679 0.8802
vn -0.4520 -0.2578 0.8539
vn -0.4809 -0.2473 0.8412
vn -0.5686 -0.2881 0.7705
vn -0.5979 -0.2178 0.7714
vn -0.5087 -0.2439 0.8257
vn -0.4990 -0.2471 0.8306
vn -0.0083 -0.1581 0.9874
vn 0.5272 -0.4052 0.7469
vn 0.3671 -0.4070 0.8364
vn 0.3734 -0.3486 0.8597
vn 0.2349 -0.2181 0.9472
vn 0.2739 -0.0380 0.9610
vn 0.3696 -0.1156 0.9220
vn 0.2152 -0.1940 0.9571
vn 0.3180 -0.1904 0.9288
vn 0.3964 -0.3831 0.8343
vn 0.4119 -0.3519 0.8405
vn 0.2237 0.6323 0.7417
vn -0.4586 -0.5519 0.6965
vn -0.4244 -0.5676 0.7055
vn -0.4621 -0.1533 0.8735
vn -0.3768 -0.1669 0.9111
vn -0.3615 -0.1796 0.9149
vn -0.3285 -0.1454 0.9332
vn -0.5132 -0.2364 0.8251
vn -0.3992 -0.3080 0.8636
vn -0.2937 -0.2331 0.9271
vn -0.2591 -0.2437 0.9346
vn -0.1440 -0.2257 0.9635
vn -0.1078 -0.1513 0.9826
vn 0.2872 -0.1942 0.9380
vn 0.3312 -0.2382 0.9130
vn 0.3330 -0.2710 0.9031
vn 0.5940 -0.4084 0.6931
vn -0.0343 -0.1603 0.9865
vn 0.3447 -0.3582 0.8677
vn 0.3603 -0.3675 0.8574
vn 0.1457 -0.4524 0.8799
vn 0.1405 -0.4489 0.8825
vn 0.2309 -0.4286 0.8735
vn 0.1095 -0.3666 0.9239
vn 0.1924 -0.2925 0.9367
vn 0.1224 -0.2833 0.9512
vn 0.1661 -0.1970 0.9662
vn 0.3163 -0.0698 0.9461
vn 0.2804 -0.1182 0.9526
vn 0.4763 -0.2015 0.8559
vn 0.4197 -0.1863 0.8883
vn 0.3732 -0.1171 0.9203
vn 0.4271 -0.1389 0.8935
vn 0.2166 -0.2785 0.9357
vn 0.0251 0.0064 0.9997
vn 0.4721 0.4833 0.7373
vn -0.0738 0.0968 0.9926
vn -0.3122 -0.7319 0.6057
vn -0.4786 -0.4176 0.7724
vn -0.3846 -0.2834 0.8785
vn -0.4857 -0.1431 0.8623
vn -0.4619 -0.1529 0.8736
vn -0.2484 -0.1415 0.9583
vn -0.5967 -0.1426 0.7897
vn -0.3147 -0.2433 0.9175
vn -0.1218 -0.2534 0.9597
vn 0.0909 -0.1867 0.9782
vn 0.2531 -0.2333 0.9389
vn 0.6822 -0.3492 0.6424
vn 0.3399 -0.3611 0.8684
vn 0.3831 -0.4932 0.7810
vn 0.3918 -0.2342 0.8898
vn 0.2055 -0.4121 0.8877
vn 0.1577 -0.3823 0.9105
vn 0.2415 -0.1098 0.9642
vn 0.2354 -0.1073 0.9659
vn 0.3698 -0.1383 0.9188
vn 0.4179 -0.2455 0.8747
vn 0.2556 -0.1772 0.9504
vn 0.2565 -0.1606 0.9531
vn 0.3825 -0.3756 0.8442
vn 0.4696 0.4872 0.7363
vn 0.6251 0.4085 0.6651
vn 0.0613 -0.0459 0.9971
vn -0.2484 -0.2034 0.9471
vn -0.7898 -0.1336 0.5986
vn -0.4884 -0.4053 0.7728
vn -0.4041 -0.2437 0.8816
vn -0.4414 -0.2509 0.8615
vn -0.3528 -0.2464 0.9027
vn -0.5277 -0.1362 0.8385
vn -0.5141 -0.1461 0.8452
vn -0.5213 -0.1756 0.8351
vn -0.4754 -0.3096 0.8235
vn -0.4782 -0.2209 0.8500
vn 0.0939 -0.1954 0.9762
vn 0.3201 -0.1761 0.9309
vn 0.5246 -0.4083 0.7470
vn 0.2267 -0.3624 0.9040
vn 0.4309 -0.3850 0.8162
vn 0.3381 -0.3381 0.8783
vn 0.1396 -0.4686 0.8723
vn 0.2037 -0.3788 0.9028
vn 0.1396 -0.3977 0.9068
vn 0.0755 -0.3871 0.9189
vn 0.1772 -0.2608 0.9490
vn 0.1413 -0.2429 0.9597
vn 0.2677 -0.0375 0.9628
vn 0.4552 -0.2278 0.8608
vn 0.2819 -0.1481 0.9479
vn 0.4045 -0.3615 0.8401
vn 0.0256 0.0042 0.9997
vn -0.3130 -0.1324 0.9405
vn -0.5508 -0.2282 0.8028
vn -0.5249 -0.2404 0.8165
vn -0.4593 -0.1607 0.8736
vn -0.3916 -0.2868 0.8743
vn -0.3247 -0.2679 0.9071
vn -0.3922 -0.0662 0.9175
vn -0.6079 -0.1543 0.7789
vn -0.4418 -0.3178 0.8389
vn -0.3937 -0.4071 0.8242
vn -0.4687 -0.3783 0.7983
vn -0.1708 -0.1810 0.9685
vn -0.1000 -0.2042 0.9738
vn 0.4203 -0.2714 0.8658
vn 0.3558 -0.2444 0.9021
vn 0.6770 -0.3205 0.6626
vn 0.3537 -0.2983 0.8865
vn 0.3981 -0.3797 0.8351
vn 0.3460 -0.3486 0.8711
vn 0.2873 -0.3178 0.9036
vn 0.1371 -0.4674 0.8734
vn 0.1809 -0.3582 0.9160
vn 0.0448 -0.3639 0.9304
vn 0.2494 -0.1358 0.9588
vn 0.2964 -0.1368 0.9452
vn 0.2454 -0.0841 0.9658
vn 0.4172 -0.2194 0.8819
vn 0.4299 -0.2156 0.8767
vn 0.3860 -0.2790 0.8793
vn 0.4358 -0.1631 0.8852
vn 0.2420 -0.1076 0.9643
vn 0.2917 -0.3239 0.9000
vn 0.2626 0.3122 0.9130
vn 0.0451 0.5134 0.8570
vn 0.0528 0.5033 0.8625
vn 0.0515 0.5034 0.8625
vn 0.3407 0.3644 0.8667
vn 0.4146 0.5724 0.7074
vn -0.3499 -0.2376 0.9062
vn -0.2994 -0.3275 0.8962
vn -0.4270 -0.4841 0.7638
vn 0.2535 -0.2340 0.9386
vn 0.2898 -0.2408 0.9263
vn 0.3583 -0.2494 0.8997
vn 0.6178 -0.3615 0.6983
vn -0.0348 -0.1608 0.9864
vn 0.5069 -0.3532 0.7863
vn 0.4875 -0.4001 0.7761
vn 0.3509 -0.3386 0.8731
vn 0.1818 -0.3581 0.9158
vn 0.1208 -0.4381 0.8908
vn 0.1170 -0.3537 0.9280
vn 0.2378 -0.0839 0.9677
vn 0.3172 -0.0856 0.9445
vn 0.3623 -0.1559 0.9189
vn 0.4692 -0.2747 0.8393
vn 0.3794 -0.2140 0.9001
vn 0.4348 -0.3044 0.8475
vn 0.3604 -0.0972 0.9277
vn 0.2794 -0.0760 0.9572
vn 0.2850 -0.1363 0.9488
vn 0.3129 -0.1182 0.9424
vn 0.1001 0.4510 0.8869
vn 0.3925 0.2200 0.8930
vn 0.5701 0.3674 0.7348
vn -0.1872 0.1146 0.9756
vn -0.3912 -0.2279 0.8916
vn -0.3346 -0.2794 0.9000
vn -0.4243 -0.2445 0.8719
vn -0.4737 -0.2128 0.8546
vn -0.5233 -0.3043 0.7959
vn -0.4036 -0.4863 0.7750
vn -0.6712 -0.1269 0.7303
vn -0.4880 -0.2432 0.8383
vn -0.0926 -0.2164 0.9719
vn -0.1357 -0.1898 0.9724
vn 0.5195 -0.3376 0.7850
vn 0.4790 -0.3811 0.7908
vn 0.2325 -0.3242 0.9170
vn 0.2863 -0.3038 0.9087
vn 0.0628 -0.4001 0.9143
vn 0.0017 -0.3512 0.9363
vn 0.0824 -0.3317 0.9398
vn 0.2253 -0.1939 0.9548
vn 0.2932 -0.4562 0.8402
vn 0.2750 -0.1635 0.9474
vn 0.2844 -0.1625 0.9448
vn 0.1699 -0.0346 0.9849
vn 0.4487 0.1869 0.8739
vn 0.5738 0.3124 0.7571
vn -0.1912 0.1149 0.9748
vn -0.5345 0.0532 0.8435
vn -0.3300 -0.3467 0.8780
vn -0.5721 -0.0950 0.8147
vn -0.5313 -0.1764 0.8286
vn -0.4837 -0.1087 0.8684
vn -0.6394 -0.0372 0.7680
vn -0.5695 -0.0528 0.8203
vn -0.4146 -0.1384 0.8994
vn -0.3248 -0.1190 0.9383
vn -0.0890 -0.2496 0.9643
vn 0.0551 -0.2520 0.9662
vn 0.3219 -0.2988 0.8984
vn 0.5007 -0.4896 0.7138
vn 0.2939 -0.6246 0.7235
vn 0.2463 -0.4186 0.8742
vn 0.3157 -0.2569 0.9134
vn 0.5066 -0.4149 0.7558
vn 0.1982 -0.3848 0.9015
vn 0.1372 -0.4624 0.8760
vn 0.2069 -0.3855 0.8992
vn 0.0808 -0.3973 0.9141
vn 0.6292 -0.1771 0.7568
vn 0.3856 -0.3058 0.8705
vn 0.3235 -0.3557 0.8768
vn 0.3341 -0.5200 0.7861
vn 0.1418 -0.3255 0.9348
vn 0.2979 -0.1876 0.9360
vn -0.0701 0.4781 0.8755
vn 0.0371 0.4478 0.8934
vn 0.5237 0.3727 0.7660
vn -0.2738 -0.3581 0.8927
vn -0.3095 -0.4177 0.8543
vn -0.5213 -0.1074 0.8466
vn -0.4536 -0.1224 0.8827
vn -0.2195 -0.4190 0.8811
vn -0.6192 -0.3538 0.7011
vn -0.3421 -0.2462 0.9068
vn -0.2693 -0.2249 0.9364
vn 0.6304 -0.4145 0.6563
vn -0.0193 -0.1962 0.9804
vn 0.7586 -0.3242 0.5652
vn 0.4771 -0.4436 0.7587
vn 0.2927 -0.3879 0.8740
vn 0.2708 -0.4199 0.8662
vn 0.3137 -0.2567 0.9142
vn 0.0928 -0.4549 0.8857
vn 0.1459 -0.2652 0.9531
vn 0.1156 -0.2454 0.9625
vn 0.3183 -0.0833 0.9443
vn 0.4441 -0.1115 0.8890
vn 0.4122 -0.1316 0.9015
vn 0.4302 -0.2502 0.8674
vn 0.4503 -0.2695 0.8512
vn 0.4019 -0.3438 0.8487
vn 0.2974 -0.4497 0.8422
vn 0.2038 0.2463 0.9475
vn 0.1245 0.2783 0.9524
vn 0.1154 0.2852 0.9515
vn 0.3527 0.0714 0.9330
vn 0.1131 -0.4379 0.8919
vn -0.1920 -0.6124 0.7669
vn -0.4927 -0.4660 0.7349
vn -0.3411 -0.3266 0.8815
vn -0.4158 -0.4045 0.8146
vn -0.3884 -0.3493 0.8528
vn -0.3325 -0.3253 0.8852
vn -0.4303 -0.2452 0.8687
vn -0.4754 -0.0923 0.8749
vn -0.6704 0.1737 0.7214
vn -0.5287 0.0430 0.8477
vn -0.3498 -0.1041 0.9310
vn -0.2240 -0.1426 0.9641
vn -0.0882 -0.1789 0.9799
vn 0.0137 -0.1886 0.9820
vn 0.1997 -0.3175 0.9270
vn 0.6785 -0.3137 0.6643
vn 0.4685 -0.4675 0.7497
vn 0.2365 -0.5855 0.7754
vn 0.2500 -0.4485 0.8581
vn 0.2747 -0.4558 0.8466
vn 0.3200 -0.5177 0.7935
vn 0.2846 -0.4814 0.8290
vn 0.1632 -0.2797 0.9461
vn 0.0809 -0.3608 0.9291
vn 0.2213 -0.2923 0.9304
vn 0.2764 -0.4011 0.8733
vn 0.1304 -0.3225 0.9375
vn 0.0808 -0.3264 0.9418
vn 0.2243 -0.1897 0.9559
vn 0.2263 -0.0636 0.9720
vn 0.2988 -0.0600 0.9524
vn 0.3513 -0.0631 0.9341
vn 0.4518 -0.2288 0.8623
vn 0.2108 0.6885 0.6939
vn 0.4073 0.4694 0.7834
vn 0.0447 0.4840 0.8739
vn 0.0321 0.4788 0.8773
vn -0.0265 0.5007 0.8652
vn 0.2702 0.1002 0.9576
vn 0.3322 0.0969 0.9382
vn 0.4388 0.0493 0.8972
vn -0.6235 -0.2396 0.7442
vn -0.4242 -0.3021 0.8537
vn -0.5019 -0.2226 0.8358
vn -0.5007 0.1745 0.8478
vn -0.0840 -0.1865 0.9789
vn 0.3185 -0.2390 0.9173
vn 0.3517 -0.1963 0.9153
vn 0.3858 -0.1904 0.9028
vn 0.5262 -0.2571 0.8106
vn 0.2731 -0.4568 0.8466
vn 0.3304 -0.5144 0.7914
vn 0.1832 -0.2941 0.9380
vn 0.0445 -0.3428 0.9384
vn 0.0032 -0.4257 0.9049
vn 0.0591 -0.3131 0.9479
vn 0.1208 -0.2576 0.9587
vn 0.3382 -0.0471 0.9399
vn 0.5435 -0.0511 0.8378
vn 0.4482 -0.2296 0.8639
vn 0.2473 -0.3249 0.9128
vn 0.1354 0.4854 0.8637
vn 0.1915 0.3742 0.9074
vn 0.2618 0.2866 0.9216
vn 0.1900 0.1724 0.9665
vn 0.4016 0.1168 0.9083
vn 0.5987 0.0113 0.8009
vn -0.6170 -0.2828 0.7344
vn -0.2638 -0.3149 0.9117
vn -0.3566 -0.1226 0.9262
vn -0.4236 -0.1482 0.8936
vn -0.3890 -0.3560 0.8497
vn -0.5068 0.0724 0.8590
vn -0.3736 0.2476 0.8940
vn -0.7415 0.0825 0.6659
vn -0.5721 -0.0091 0.8201
vn -0.2177 -0.1529 0.9640
vn 0.2572 -0.1415 0.9560
vn 0.6756 -0.3593 0.6438
vn 0.6160 -0.1804 0.7669
vn 0.3644 -0.1314 0.9219
vn 0.4610 -0.1470 0.8752
vn 0.3020 -0.4196 0.8560
vn 0.1693 -0.4188 0.8922
vn 0.0167 -0.4309 0.9023
vn 0.0560 -0.4438 0.8944
vn 0.1313 -0.2605 0.9565
vn 0.1755 -0.1739 0.9690
vn 0.4476 -0.1721 0.8775
vn 0.5488 -0.1605 0.8204
vn 0.5434 -0.0809 0.8356
vn 0.4095 -0.0416 0.9114
vn 0.2546 0.1828 0.9496
vn 0.7193 0.2230 0.6580
vn 0.1720 0.4724 0.8645
vn 0.0510 0.5384 0.8412
vn 0.8416 -0.0780 0.5344
vn -0.0935 0.1280 0.9874
vn -0.0008 0.1060 0.9944
vn -0.4030 0.0033 0.9152
vn -0.3770 -0.1857 0.9074
vn -0.4185 -0.1093 0.9016
vn -0.0896 -0.1885 0.9780
vn 0.1277 -0.1943 0.9726
vn 0.3088 0.0013 0.9511
vn 0.6324 -0.2330 0.7387
vn 0.3361 -0.2357 0.9119
vn 0.1968 -0.4314 0.8805
vn 0.1211 -0.6564 0.7446
vn 0.2031 -0.3486 0.9150
vn 0.0482 -0.4006 0.9150
vn 0.0798 -0.3596 0.9297
vn 0.1686 -0.1424 0.9753
vn 0.2895 -0.1317 0.9481
vn 0.3698 -0.1936 0.9087
vn 0.4499 -0.1779 0.8752
vn 0.5050 -0.0725 0.8600
vn 0.3739 -0.1374 0.9172
vn 0.1661 0.3642 0.9164
vn 0.0621 0.2076 0.9762
vn 0.5425 0.0808 0.8362
vn -0.3393 -0.4280 0.8377
vn -0.5282 -0.3510 0.7732
vn -0.4201 -0.2168 0.8812
vn -0.4380 -0.1222 0.8907
vn -0.4736 0.0531 0.8792
vn -0.4941 0.0893 0.8648
vn -0.5585 -0.0913 0.8245
vn -0.4559 -0.1599 0.8755
vn -0.1034 -0.1817 0.9779
vn 0.2448 -0.1507 0.9578
vn 0.7301 0.5624 0.3882
vn 0.1204 -0.1449 0.9821
vn 0.6026 -0.2173 0.7679
vn 0.5122 -0.2166 0.8311
vn 0.3547 -0.2704 0.8950
vn 0.2808 -0.2441 0.9282
vn 0.3580 -0.3041 0.8828
vn 0.2896 -0.1689 0.9421
vn 0.2194 -0.1885 0.9573
vn 0.3194 -0.2528 0.9133
vn -0.0298 -0.3333 0.9423
vn 0.0637 -0.4433 0.8941
vn 0.1331 -0.2803 0.9507
vn 0.3991 -0.0330 0.9163
vn 0.4522 -0.0973 0.8866
vn 0.2172 0.1855 0.9583
vn 0.5564 0.0253 0.8306
vn 0.1148 0.3709 0.9215
vn 0.0957 0.3702 0.9240
vn 0.3243 0.1260 0.9375
vn 0.3829 0.0895 0.9194
vn 0.6941 0.3229 0.6434
vn -0.6144 -0.2865 0.7352
vn -0.3374 -0.4272 0.8389
vn -0.4034 -0.0771 0.9118
vn -0.4686 -0.0409 0.8825
vn -0.4546 0.0006 0.8907
vn -0.4867 0.0483 0.8722
vn -0.5045 -0.0641 0.8610
vn -0.5320 0.0866 0.8423
vn -0.4739 -0.1542 0.8670
vn -0.1638 -0.1887 0.9683
vn -0.1842 -0.0831 0.9794
vn 0.2261 -0.2371 0.9448
vn 0.1728 -0.3475 0.9216
vn -0.0080 -0.3548 0.9349
vn 0.0959 -0.2469 0.9643
vn 0.2042 -0.1574 0.9662
vn 0.1765 -0.0996 0.9793
vn 0.2295 -0.0084 0.9733
vn 0.4531 0.0586 0.8895
vn 0.2507 0.0382 0.9673
vn 0.2669 0.1136 0.9570
vn 0.5285 0.1397 0.8373
vn 0.2697 -0.1790 0.9462
vn -0.4621 -0.1432 0.8752
vn -0.4366 -0.0664 0.8972
vn -0.4420 -0.0582 0.8951
vn -0.4639 -0.1035 0.8798
vn -0.5648 -0.1030 0.8188
vn -0.4822 -0.1656 0.8603
vn -0.3924 -0.2453 0.8865
vn -0.1294 -0.1549 0.9794
vn -0.0860 -0.1388 0.9866
vn 0.1146 -0.1150 0.9867
vn 0.3178 -0.1231 0.9401
vn 0.3782 -0.1893 0.9062
vn 0.7325 -0.2154 0.6458
vn 0.0279 -0.1543 0.9876
vn 0.6532 -0.1850 0.7343
vn 0.4247 -0.1386 0.8947
vn 0.3206 -0.3231 0.8904
vn 0.0430 -0.3565 0.9333
vn 0.0497 -0.2854 0.9571
vn 0.3587 0.0475 0.9322
vn 0.5130 0.1159 0.8505
vn 0.5143 0.1151 0.8498
vn 0.4721 0.1962 0.8594
vn 0.3244 0.2381 0.9155
vn 0.1112 0.4597 0.8811
vn 0.1439 0.4606 0.8759
vn 0.1726 0.2160 0.9610
vn 0.1912 0.1800 0.9649
vn 0.3679 0.1189 0.9222
vn -0.4094 -0.2020 0.8897
vn -0.4993 -0.1614 0.8513
vn -0.6477 0.1062 0.7545
vn -0.3974 -0.0703 0.9150
vn -0.4689 -0.0567 0.8814
vn -0.4860 -0.1194 0.8658
vn -0.4768 -0.2503 0.8426
vn -0.3910 -0.2633 0.8819
vn -0.0366 -0.1737 0.9841
vn 0.0546 -0.1517 0.9869
vn 0.3469 -0.3052 0.8868
vn 0.1752 -0.3448 0.9222
vn 0.0446 -0.2984 0.9534
vn 0.1743 -0.1172 0.9777
vn 0.3976 0.1200 0.9097
vn 0.5527 0.0811 0.8295
vn 0.5137 0.0814 0.8541
vn 0.2810 0.1374 0.9498
vn 0.3732 0.1715 0.9118
vn 0.5323 0.1367 0.8354
vn 0.6967 0.1297 0.7055
vn -0.5517 0.0857 0.8297
vn -0.4742 -0.1220 0.8719
vn -0.1277 -0.1428 0.9815
vn 0.6749 -0.0850 0.7330
vn 0.1965 -0.2482 0.9486
vn 0.2284 -0.2556 0.9394
vn 0.3171 -0.3284 0.8897
vn -0.0587 -0.3380 0.9393
vn 0.1835 -0.3406 0.9221
vn 0.1781 -0.2940 0.9391
vn 0.1084 -0.2820 0.9533
vn 0.0264 -0.3016 0.9531
vn 0.1277 -0.0824 0.9884
vn 0.2258 -0.0539 0.9727
vn 0.2832 -0.0285 0.9587
vn 0.4623 0.2089 0.8618
vn 0.4215 0.3007 0.8555
vn 0.1135 0.4984 0.8595
vn 0.1756 0.3371 0.9249
vn 0.2455 0.2773 0.9289
vn 0.2371 0.1862 0.9535
vn 0.7855 0.0630 0.6156
vn -0.4552 -0.0932 0.8855
vn -0.4600 -0.2555 0.8504
vn -0.4733 -0.2582 0.8422
vn -0.4044 -0.2916 0.8669
vn 0.5017 -0.2815 0.8180
vn 0.2981 -0.2710 0.9153
vn 0.0586 -0.2699 0.9611
vn -0.0082 -0.2954 0.9554
vn 0.1845 -0.0214 0.9826
vn 0.3522 0.0242 0.9356
vn 0.3883 0.2766 0.8791
vn 0.4822 0.1922 0.8547
vn 0.3972 0.3288 0.8568
vn 0.2939 0.3716 0.8806
vn 0.2430 0.3931 0.8868
vn 0.2475 0.2772 0.9284
vn -0.0341 0.1812 0.9829
vn -0.5066 -0.1499 0.8490
vn -0.6739 -0.0525 0.7369
vn -0.4999 -0.1455 0.8538
vn -0.2202 -0.3651 0.9046
vn 0.2116 -0.1243 0.9694
vn 0.0184 -0.1685 0.9855
vn 0.5622 -0.1932 0.8041
vn 0.4056 -0.1445 0.9026
vn 0.3511 -0.2198 0.9102
vn 0.2559 -0.2331 0.9382
vn 0.2834 -0.2686 0.9206
vn 0.2827 -0.2616 0.9228
vn 0.1052 -0.3265 0.9393
vn 0.1069 -0.2808 0.9538
vn -0.0091 -0.2963 0.9551
vn 0.0884 -0.1893 0.9779
vn 0.0503 -0.1618 0.9855
vn 0.1509 0.4270 0.8916
vn 0.2843 0.1285 0.9501
vn 0.2839 0.1290 0.9501
vn 0.2859 0.1282 0.9496
vn 0.7446 0.1301 0.6547
vn 0.4008 -0.0233 0.9159
vn -0.4256 -0.1200 0.8969
vn -0.4015 -0.0615 0.9138
vn -0.3944 -0.0640 0.9167
vn -0.4343 -0.1070 0.8944
vn -0.4937 -0.1473 0.8571
vn -0.4079 -0.3096 0.8589
vn -0.4632 -0.2752 0.8424
vn -0.4649 -0.3849 0.7973
vn -0.2380 -0.2783 0.9305
vn -0.2863 -0.2313 0.9298
vn 0.6289 -0.1411 0.7646
vn 0.6596 -0.1596 0.7345
vn 0.4116 -0.2614 0.8731
vn 0.4055 -0.0976 0.9089
vn 0.2605 -0.3212 0.9105
vn 0.1907 -0.2025 0.9605
vn 0.5013 0.2370 0.8322
vn 0.1541 0.5406 0.8271
vn 0.5277 0.1312 0.8393
vn -0.4384 -0.0790 0.8953
vn -0.3832 -0.2822 0.8795
vn -0.5217 -0.4769 0.7074
vn -0.4122 -0.2620 0.8726
vn -0.3143 -0.3115 0.8968
vn 0.4270 -0.1742 0.8873
vn 0.0483 -0.1879 0.9810
vn 0.6564 -0.1570 0.7379
vn 0.5862 -0.1538 0.7954
vn 0.3474 -0.2013 0.9159
vn 0.3934 -0.1876 0.9000
vn 0.2463 -0.1612 0.9557
vn 0.1670 -0.2051 0.9644
vn -0.0307 -0.2541 0.9667
vn 0.0194 -0.2521 0.9675
vn -0.0159 -0.2302 0.9730
vn 0.3265 0.0891 0.9410
vn 0.3919 0.0939 0.9152
vn 0.2883 0.1540 0.9451
vn 0.2414 0.1107 0.9641
vn 0.4071 0.1207 0.9054
vn 0.0042 -0.4426 0.8967
vn -0.5781 -0.4276 0.6949
vn -0.7408 -0.1600 0.6524
vn -0.4331 -0.1555 0.8878
vn -0.4527 -0.2536 0.8549
vn -0.2223 -0.5440 0.8091
vn -0.1444 -0.1139 0.9829
vn 0.2057 -0.0904 0.9744
vn 0.2676 -0.1266 0.9552
vn 0.3559 -0.1188 0.9269
vn 0.2779 -0.1841 0.9428
vn 0.2177 -0.1256 0.9679
vn -0.0495 -0.3107 0.9492
vn 0.4811 0.1941 0.8549
vn 0.1416 0.4921 0.8589
vn 0.2839 0.2798 0.9171
vn 0.2909 0.1519 0.9446
vn 0.2603 0.1440 0.9547
vn -0.4799 -0.0417 0.8763
vn -0.4073 -0.0634 0.9111
vn -0.5592 -0.2320 0.7959
vn -0.4274 -0.2773 0.8605
vn -0.0418 -0.1042 0.9937
vn -0.0426 -0.1038 0.9937
vn 0.0735 -0.1122 0.9910
vn 0.5071 0.1876 0.8412
vn 0.6601 0.1076 0.7435
vn 0.5351 -0.0751 0.8414
vn 0.4993 -0.1149 0.8588
vn 0.4100 -0.2205 0.8850
vn 0.2035 -0.1298 0.9704
vn 0.2538 0.0066 0.9672
vn 0.2412 0.0070 0.9705
vn 0.4042 0.2629 0.8761
vn 0.1991 0.3244 0.9247
vn 0.3164 0.2410 0.9175
vn 0.2457 0.2593 0.9340
vn 0.2960 0.0882 0.9511
vn 0.3875 0.8604 0.3308
vn 0.2188 0.0175 0.9756
vn -0.0992 0.0507 0.9938
vn -0.7381 -0.1912 0.6471
vn -0.3768 -0.1145 0.9192
vn -0.3826 -0.2258 0.8959
vn -0.4317 -0.2020 0.8791
vn -0.2444 -0.2588 0.9345
vn -0.6589 -0.1379 0.7395
vn -0.5206 -0.2124 0.8270
vn -0.2838 -0.2485 0.9261
vn 0.4207 -0.0237 0.9069
vn 0.7732 -0.1326 0.6202
vn 0.5618 -0.0784 0.8236
vn 0.4086 -0.0985 0.9074
vn 0.0567 -0.2555 0.9652
vn -0.0551 -0.3033 0.9513
vn -0.0135 -0.2441 0.9697
vn 0.0507 -0.1633 0.9853
vn 0.1084 -0.1618 0.9808
vn 0.1772 -0.0804 0.9809
vn 0.3576 0.1300 0.9248
vn 0.3877 0.1254 0.9132
vn 0.3980 0.2920 0.8697
vn 0.2591 0.3442 0.9025
vn 0.3925 0.0813 0.9161
vn 0.5371 0.1124 0.8360
vn 0.6855 0.1108 0.7195
vn 0.6727 0.0841 0.7352
vn 0.3568 0.0599 0.9322
vn -0.6967 -0.2821 0.6596
vn -0.5470 -0.2477 0.7996
vn -0.3940 -0.1081 0.9127
vn -0.3689 -0.3065 0.8774
vn -0.3793 -0.3016 0.8747
vn -0.5509 -0.0286 0.8341
vn -0.3155 -0.3083 0.8974
vn -0.1693 -0.1065 0.9798
vn 0.0786 -0.1146 0.9903
vn 0.0201 -0.7132 0.7006
vn 0.4130 -0.1188 0.9030
vn 0.3764 -0.0551 0.9248
vn 0.1462 0.0116 0.9892
vn 0.3744 -0.1880 0.9080
vn 0.2723 -0.0504 0.9609
vn 0.1743 -0.1251 0.9767
vn 0.1212 -0.1618 0.9793
vn 0.0745 -0.2691 0.9602
vn -0.1363 -0.2958 0.9455
vn 0.0067 -0.2604 0.9655
vn 0.1089 -0.0608 0.9922
vn 0.3130 0.1825 0.9320
vn 0.4759 0.1618 0.8645
vn 0.4171 0.2362 0.8777
vn 0.3687 0.2612 0.8921
vn 0.3426 0.1767 0.9227
vn 0.3127 0.2032 0.9279
vn 0.2886 0.0871 0.9535
vn 0.3174 0.0742 0.9454
vn 0.3040 0.0630 0.9506
vn -0.6361 -0.5016 0.5863
vn -0.3689 -0.1106 0.9229
vn -0.3343 -0.4415 0.8326
vn -0.5115 -0.3010 0.8048
vn -0.3599 -0.2726 0.8923
vn 0.0714 -0.1374 0.9879
vn 0.1466 -0.1542 0.9771
vn 0.6994 0.0793 0.7103
vn 0.3982 -0.0651 0.9150
vn 0.2079 -0.1133 0.9716
vn 0.1713 -0.1240 0.9774
vn 0.1727 -0.1528 0.9731
vn 0.0663 -0.1127 0.9914
vn 0.2065 0.0506 0.9771
vn 0.3239 0.2056 0.9235
vn 0.0396 0.2998 0.9532
vn 0.4735 0.0484 0.8795
vn -0.3872 -0.1907 0.9021
vn -0.3351 -0.2109 0.9183
vn -0.3583 -0.3338 0.8719
vn -0.3751 -0.3171 0.8711
vn -0.3790 -0.3191 0.8686
vn -0.5167 -0.2548 0.8174
vn -0.3662 -0.6121 0.7009
vn -0.3575 -0.2358 0.9036
vn 0.2464 -0.0704 0.9666
vn 0.3481 -0.1150 0.9304
vn 0.6748 -0.0470 0.7365
vn 0.2409 -0.1125 0.9640
vn 0.0977 -0.1243 0.9874
vn 0.4499 -0.0943 0.8881
vn 0.2475 -0.0593 0.9671
vn 0.0800 -0.1238 0.9891
vn -0.0561 -0.3067 0.9501
vn 0.0042 -0.2602 0.9655
vn -0.0183 -0.1940 0.9808
vn 0.4029 0.2302 0.8858
vn 0.2615 0.3674 0.8925
vn 0.3190 0.2570 0.9123
vn 0.3367 0.1317 0.9324
vn 0.6930 -0.1151 0.7117
vn 0.2541 0.6143 0.7470
vn 0.0252 -0.0772 0.9967
vn -0.4636 -0.2473 0.8508
vn -0.5606 -0.1287 0.8180
vn -0.3719 -0.3258 0.8692
vn -0.4873 -0.2758 0.8285
vn -0.2792 -0.2202 0.9346
vn 0.3751 -0.1197 0.9192
vn 0.3480 -0.1303 0.9284
vn 0.3497 -0.0745 0.9339
vn 0.6880 0.0117 0.7256
vn 0.3147 -0.0530 0.9477
vn 0.2252 0.0172 0.9742
vn 0.3060 -0.0743 0.9491
vn 0.2489 -0.0275 0.9681
vn 0.1787 0.0423 0.9830
vn 0.1321 -0.1006 0.9861
vn 0.0152 -0.4871 0.8732
vn -0.1733 -0.5154 0.8393
vn 0.0063 -0.4893 0.8721
vn 0.0341 -0.2012 0.9790
vn 0.3844 0.1548 0.9101
vn 0.3962 0.1834 0.8997
vn 0.2816 0.2378 0.9296
vn 0.3540 0.1511 0.9229
vn 0.3436 0.1250 0.9308
vn 0.3093 0.1242 0.9428
vn 0.3172 0.0591 0.9465
vn 0.4692 -0.0395 0.8822
vn 0.4749 -0.0312 0.8795
vn -0.7941 -0.1714 0.5831
vn -0.7909 -0.1767 0.5859
vn -0.6175 -0.2507 0.7456
vn -0.2069 -0.5985 0.7739
vn -0.7579 -0.2179 0.6149
vn -0.5083 -0.4200 0.7518
vn -0.6818 -0.1568 0.7145
vn -0.4337 -0.2943 0.8516
vn -0.3217 -0.1879 0.9280
vn 0.6619 -0.0037 0.7496
vn 0.7904 -0.0725 0.6083
vn 0.3772 0.0383 0.9253
vn 0.2616 -0.0313 0.9647
vn 0.2457 -0.0351 0.9687
vn 0.3112 -0.2299 0.9221
vn -0.1741 -0.5145 0.8397
vn -0.0307 -0.2865 0.9576
vn 0.0193 -0.1082 0.9939
vn 0.1068 -0.0456 0.9932
vn 0.3673 0.2111 0.9058
vn 0.3341 0.2110 0.9186
vn 0.3670 0.1441 0.9190
vn 0.3469 0.1237 0.9297
vn 0.3421 0.1238 0.9315
vn -0.4125 -0.0518 0.9095
vn -0.5231 -0.3108 0.7936
vn -0.2670 -0.4540 0.8500
vn -0.3324 -0.2101 0.9194
vn 0.3426 -0.1224 0.9315
vn 0.5537 -0.0278 0.8323
vn 0.5030 -0.0033 0.8643
vn 0.3386 0.0636 0.9388
vn 0.3823 0.0637 0.9218
vn 0.2201 -0.0340 0.9749
vn 0.1557 0.0182 0.9876
vn 0.2069 -0.0256 0.9780
vn 0.1935 -0.0238 0.9808
vn -0.1200 -0.3383 0.9334
vn 0.0920 -0.0421 0.9949
vn 0.2244 0.0447 0.9735
vn 0.2449 0.0473 0.9684
vn 0.3285 0.1455 0.9332
vn 0.0784 -0.0281 0.9965
vn -0.7234 -0.0174 0.6903
vn -0.5992 -0.0897 0.7956
vn -0.3687 -0.1029 0.9238
vn -0.2642 -0.1671 0.9499
vn -0.3331 -0.1716 0.9272
vn -0.3613 -0.3203 0.8757
vn -0.4262 -0.2498 0.8695
vn -0.3225 -0.1857 0.9282
vn -0.0648 -0.0582 0.9962
vn 0.4138 0.0283 0.9099
vn 0.4252 0.0266 0.9047
vn 0.5464 0.2039 0.8123
vn 0.6905 0.0079 0.7233
vn 0.3993 0.0529 0.9153
vn 0.2879 -0.0137 0.9576
vn 0.0963 -0.0365 0.9947
vn 0.0598 -0.0698 0.9958
vn -0.1144 -0.2004 0.9730
vn -0.0620 -0.2098 0.9758
vn 0.1814 0.0654 0.9812
vn 0.3690 0.1827 0.9113
vn 0.3461 0.0869 0.9342
vn 0.3458 0.0928 0.9337
vn 0.3421 0.0714 0.9370
vn 0.4970 0.0621 0.8655
vn 0.6189 0.0261 0.7850
vn 0.6650 -0.0368 0.7459
vn -0.7394 0.1013 0.6656
vn -0.2612 -0.2560 0.9307
vn -0.3369 -0.3818 0.8606
vn -0.5058 -0.1423 0.8509
vn -0.3941 -0.1671 0.9037
vn 0.0368 -0.0422 0.9984
vn 0.0962 -0.0610 0.9935
vn 0.5719 0.1272 0.8104
vn 0.0957 -0.1034 0.9900
vn 0.6335 -0.1108 0.7657
vn 0.3614 0.1239 0.9242
vn 0.2145 0.0661 0.9745
vn 0.2868 0.0478 0.9568
vn 0.1157 -0.0821 0.9899
vn 0.0929 -0.1134 0.9892
vn -0.0098 -0.4407 0.8976
vn -0.2439 -0.3149 0.9172
vn -0.0438 -0.2253 0.9733
vn -0.0578 -0.2217 0.9734
vn 0.0126 -0.1055 0.9943
vn 0.2984 0.0910 0.9501
vn 0.3946 0.1775 0.9015
vn 0.3549 0.1050 0.9290
vn 0.3372 0.2198 0.9154
vn 0.3451 0.1026 0.9330
vn 0.3564 0.0955 0.9295
vn 0.3211 0.0409 0.9462
vn 0.3340 0.0759 0.9395
vn 0.2304 -0.1209 0.9656
vn -0.7622 -0.0726 0.6432
vn -0.3267 -0.2324 0.9161
vn -0.5370 -0.2875 0.7931
vn -0.3020 -0.4684 0.8303
vn -0.5352 0.0771 0.8412
vn -0.5889 0.1126 0.8003
vn -0.3196 -0.1985 0.9265
vn 0.2838 -0.0712 0.9562
vn 0.4298 -0.0662 0.9005
vn 0.3805 -0.0306 0.9243
vn 0.6566 0.0473 0.7528
vn 0.4493 0.1332 0.8834
vn 0.3741 0.0725 0.9245
vn 0.2897 0.0448 0.9561
vn 0.1629 0.0059 0.9866
vn 0.2014 -0.0286 0.9791
vn 0.1305 0.0504 0.9902
vn 0.4276 0.1224 0.8957
vn 0.3880 0.1348 0.9117
vn 0.3585 0.0748 0.9305
vn 0.3099 0.0737 0.9479
vn 0.3779 0.0482 0.9246
vn 0.5491 -0.0060 0.8357
vn -0.6424 -0.1610 0.7493
vn -0.3264 -0.2467 0.9125
vn -0.4294 -0.0903 0.8986
vn -0.0908 -0.0504 0.9946
vn 0.0788 -0.0900 0.9928
vn 0.5155 0.3969 0.7594
vn 0.4163 0.1426 0.8980
vn 0.4069 0.1621 0.8990
vn 0.2197 -0.0220 0.9753
vn 0.1070 0.0039 0.9943
vn 0.0789 0.0214 0.9967
vn 0.0838 -0.0304 0.9960
vn 0.2896 0.0994 0.9520
vn 0.3880 0.1752 0.9049
vn 0.4261 0.1585 0.8907
vn 0.3848 0.0367 0.9223
vn 0.3396 0.0658 0.9383
vn 0.3131 0.0751 0.9468
vn 0.6601 -0.0771 0.7472
vn 0.2018 -0.0836 0.9759
vn -0.4166 -0.0925 0.9044
vn -0.4931 -0.3002 0.8165
vn -0.2351 -0.2949 0.9261
vn -0.3460 -0.1894 0.9189
vn -0.2903 -0.2496 0.9238
vn -0.3904 -0.1223 0.9125
vn -0.4158 -0.0999 0.9039
vn -0.5149 -0.0630 0.8549
vn -0.4486 -0.1761 0.8762
vn 0.4110 -0.0863 0.9075
vn 0.3841 -0.0483 0.9220
vn 0.6456 0.2280 0.7289
vn 0.0786 -0.0730 0.9942
vn 0.5347 0.2326 0.8124
vn 0.3474 0.1727 0.9217
vn 0.2776 0.0959 0.9559
vn 0.2701 0.0989 0.9577
vn 0.1435 0.0402 0.9888
vn 0.0337 -0.2212 0.9747
vn -0.1472 -0.1376 0.9795
vn 0.0755 -0.1129 0.9907
vn -0.2303 -0.4337 0.8711
vn -0.2104 -0.4309 0.8775
vn 0.0127 -0.1190 0.9928
vn -0.0205 -0.1064 0.9941
vn 0.1138 -0.0303 0.9930
vn 0.3551 0.0405 0.9340
vn 0.5232 0.1339 0.8416
vn -0.2525 -0.2197 0.9423
vn -0.3225 -0.1615 0.9327
vn -0.3677 -0.1826 0.9118
vn -0.4300 -0.1708 0.8865
vn 0.6241 0.2500 0.7403
vn 0.6765 0.1296 0.7249
vn 0.4051 0.1651 0.8992
vn 0.3157 0.1726 0.9330
vn 0.3101 0.2041 0.9285
vn 0.1318 0.0739 0.9885
vn 0.2396 0.0319 0.9703
vn 0.2431 -0.1563 0.9573
vn -0.1107 -0.2845 0.9523
vn -0.0794 -0.1672 0.9827
vn 0.3014 -0.0021 0.9535
vn 0.4047 0.0948 0.9095
vn 0.5197 0.1387 0.8430
vn -0.6204 -0.3660 0.6936
vn -0.4972 -0.2767 0.8223
vn -0.3013 -0.2326 0.9247
vn -0.6303 0.0752 0.7727
vn -0.5509 0.0493 0.8331
vn -0.3859 -0.0827 0.9188
vn -0.2613 -0.1263 0.9570
vn -0.3232 -0.1851 0.9280
vn 0.0988 -0.0633 0.9931
vn 0.2794 -0.0550 0.9586
vn 0.3968 0.0124 0.9178
vn 0.5899 0.1198 0.7986
vn 0.2550 0.1185 0.9597
vn 0.2494 0.1217 0.9607
vn -0.2843 -0.3737 0.8829
vn 0.1908 0.0091 0.9816
vn 0.3471 0.0603 0.9359
vn 0.4250 0.0747 0.9021
vn 0.4347 0.0259 0.9002
vn 0.3403 0.0166 0.9402
vn 0.3268 0.0267 0.9447
vn 0.3030 0.0101 0.9529
vn 0.3845 0.0397 0.9223
vn 0.7324 0.0350 0.6800
vn 0.5620 -0.0014 0.8271
vn 0.3026 -0.0175 0.9529
vn -0.5634 -0.4035 0.7209
vn -0.3113 -0.1357 0.9406
vn -0.2824 -0.1744 0.9433
vn -0.3936 -0.1422 0.9082
vn -0.4850 0.0626 0.8723
vn -0.3365 0.0871 0.9377
vn -0.4920 -0.0333 0.8699
vn -0.4790 -0.0364 0.8770
vn -0.2574 -0.1303 0.9575
vn 0.3596 0.0051 0.9331
vn 0.1295 -0.0861 0.9878
vn 0.1199 -0.0775 0.9897
vn 0.4048 0.1662 0.8992
vn 0.3035 0.1274 0.9443
vn 0.3178 0.0277 0.9477
vn 0.1867 0.1323 0.9735
vn 0.3018 0.0726 0.9506
vn 0.4013 -0.0756 0.9128
vn 0.1494 0.1137 0.9822
vn 0.2295 0.0645 0.9712
vn 0.2650 -0.0834 0.9606
vn 0.0754 -0.0947 0.9927
vn -0.0177 -0.1362 0.9905
vn 0.1154 -0.0331 0.9928
vn 0.4115 0.0371 0.9107
vn 0.3780 0.0176 0.9256
vn 0.3753 0.0024 0.9269
vn 0.3858 0.0314 0.9221
vn 0.7108 0.2813 0.6447
vn -0.5699 -0.0147 0.8216
vn -0.4533 -0.3222 0.8311
vn -0.5854 -0.3234 0.7434
vn -0.2880 -0.4392 0.8510
vn -0.4433 -0.2415 0.8632
vn -0.2544 -0.3704 0.8933
vn -0.4074 -0.0139 0.9132
vn -0.3241 -0.1554 0.9332
vn 0.2770 -0.0586 0.9591
vn 0.3750 0.0305 0.9265
vn 0.5483 0.1147 0.8284
vn 0.4268 0.1485 0.8921
vn 0.3283 -0.0002 0.9446
vn 0.1585 -0.0865 0.9836
vn 0.0788 -0.1040 0.9915
vn 0.2297 -0.1308 0.9644
vn -0.1408 -0.1550 0.9778
vn -0.0615 -0.1970 0.9785
vn 0.0888 -0.1035 0.9906
vn -0.2838 -0.3725 0.8836
vn -0.1126 -0.2698 0.9563
vn 0.0775 -0.1138 0.9905
vn 0.2708 0.0321 0.9621
vn 0.2556 0.0641 0.9646
vn 0.4372 0.0614 0.8973
vn 0.4006 0.0129 0.9162
vn 0.3597 -0.0524 0.9316
vn 0.3346 -0.0354 0.9417
vn 0.3081 -0.0368 0.9506
vn -0.4874 -0.2946 0.8220
vn -0.5503 -0.3740 0.7465
vn -0.4043 -0.1412 0.9037
vn -0.3263 0.0244 0.9450
vn -0.4790 0.2655 0.8367
vn -0.4981 -0.0320 0.8665
vn -0.3311 -0.0374 0.9429
vn 0.6150 0.0618 0.7861
vn 0.1157 -0.1263 0.9852
vn 0.3848 0.1075 0.9167
vn 0.1806 0.0005 0.9836
vn 0.2933 0.0487 0.9548
vn 0.1292 0.1132 0.9851
vn -0.1762 -0.4847 0.8568
vn -0.4012 -0.5109 0.7603
vn -0.0744 -0.2182 0.9731
vn 0.3574 0.0736 0.9311
vn 0.2702 -0.0017 0.9628
vn 0.5215 0.1608 0.8380
vn 0.6718 0.3253 0.6655
vn 0.2755 0.0493 0.9600
vn 0.0946 0.0247 0.9952
vn -0.5436 -0.4940 0.6786
vn -0.4279 0.0732 0.9008
vn -0.4861 0.0600 0.8718
vn -0.1564 -0.1467 0.9767
vn 0.2472 -0.0270 0.9686
vn 0.3389 -0.0224 0.9405
vn 0.5346 0.1385 0.8337
vn 0.3582 0.0342 0.9330
vn 0.3056 0.0253 0.9518
vn 0.2347 -0.0176 0.9719
vn 0.1680 0.0660 0.9836
vn 0.2581 0.0561 0.9645
vn 0.0096 -0.3813 0.9244
vn 0.0560 -0.3863 0.9207
vn 0.1090 -0.1421 0.9838
vn -0.1331 -0.2415 0.9612
vn 0.0259 -0.3408 0.9398
vn -0.3440 -0.3065 0.8875
vn 0.5320 -0.0663 0.8441
vn 0.3820 0.0206 0.9239
vn 0.6319 0.1578 0.7588
vn -0.4869 -0.2962 0.8217
vn -0.4918 -0.0957 0.8654
vn -0.4875 0.0558 0.8713
vn -0.4791 -0.0027 0.8778
vn -0.4843 -0.0002 0.8749
vn -0.2863 -0.1912 0.9389
vn 0.0057 -0.1482 0.9889
vn 0.6613 0.0454 0.7487
vn 0.0473 -0.0972 0.9941
vn 0.4233 0.0344 0.9053
vn 0.3331 0.0139 0.9428
vn 0.2491 0.0980 0.9635
vn 0.2156 -0.0212 0.9762
vn -0.1637 -0.1645 0.9727
vn 0.0712 -0.1947 0.9783
vn 0.2240 -0.0985 0.9696
vn 0.4013 -0.0268 0.9155
vn 0.3972 -0.0811 0.9142
vn 0.3968 0.0321 0.9173
vn 0.3091 0.0022 0.9510
vn 0.3662 0.0426 0.9296
vn 0.7403 0.1461 0.6562
vn 0.4123 0.3937 0.8216
vn 0.4737 0.2993 0.8283
vn 0.0877 0.0579 0.9945
vn -0.0690 0.0419 0.9967
vn -0.3496 -0.4354 0.8296
vn -0.4928 -0.0266 0.8697
vn -0.4685 0.0511 0.8820
vn -0.2764 -0.1600 0.9476
vn 0.0045 -0.1464 0.9892
vn 0.3085 0.0190 0.9510
vn 0.3767 0.0268 0.9259
vn 0.0428 -0.0892 0.9951
vn 0.5143 0.0282 0.8571
vn 0.3990 0.0594 0.9150
vn 0.2998 -0.0415 0.9531
vn 0.2904 -0.1748 0.9408
vn 0.1870 0.0459 0.9813
vn 0.3156 -0.0755 0.9459
vn -0.1299 -0.3805 0.9156
vn 0.0902 -0.1230 0.9883
vn -0.4178 -0.4351 0.7976
vn -0.3368 -0.4428 0.8310
vn -0.3732 -0.1891 0.9083
vn 0.1999 -0.0350 0.9792
vn 0.3711 -0.0309 0.9281
vn 0.3645 -0.0275 0.9308
vn 0.4419 -0.0325 0.8965
vn 0.4644 -0.1242 0.8769
vn 0.4574 -0.1444 0.8775
vn 0.3883 -0.0873 0.9174
vn 0.3207 -0.1120 0.9405
vn 0.2887 -0.0633 0.9553
vn 0.2767 -0.0568 0.9593
vn -0.5570 -0.0238 0.8302
vn -0.2585 -0.0924 0.9616
vn 0.4223 -0.0107 0.9064
vn 0.4084 -0.0052 0.9128
vn 0.6239 0.1830 0.7598
vn 0.4261 0.0342 0.9041
vn 0.4005 0.0605 0.9143
vn 0.3587 0.0636 0.9313
vn 0.4023 0.0035 0.9155
vn 0.2911 -0.1797 0.9397
vn 0.0773 -0.1656 0.9832
vn -0.2955 -0.4820 0.8249
vn 0.0836 -0.1278 0.9883
vn 0.2370 -0.0639 0.9694
vn 0.3654 -0.0504 0.9295
vn 0.3752 0.0077 0.9269
vn 0.6722 -0.0411 0.7393
vn 0.7437 0.1565 0.6500
vn 0.0869 -0.1768 0.9804
vn -0.3876 -0.1568 0.9084
vn -0.6732 -0.2198 0.7060
vn -0.6668 -0.3546 0.6555
vn -0.7090 -0.3351 0.6205
vn -0.3592 -0.0361 0.9326
vn -0.4731 -0.0179 0.8808
vn -0.4935 -0.0047 0.8697
vn -0.4442 -0.0312 0.8954
vn -0.3171 -0.0767 0.9453
vn 0.1751 -0.1441 0.9739
vn 0.3589 0.0384 0.9326
vn 0.6317 0.2216 0.7429
vn 0.0873 -0.1113 0.9899
vn 0.4500 0.1256 0.8841
vn 0.2534 -0.1672 0.9528
vn 0.1907 -0.0453 0.9806
vn 0.2255 0.0013 0.9742
vn -0.1830 -0.3535 0.9173
vn 0.2503 -0.5364 0.8060
vn -0.0755 -0.2138 0.9740
vn 0.0618 -0.1938 0.9791
vn 0.5001 -0.1397 0.8546
vn 0.2392 -0.1554 0.9584
vn 0.5064 0.1416 0.8506
vn -0.4676 -0.0074 0.8839
vn -0.4913 -0.0106 0.8709
vn -0.2910 -0.0449 0.9557
vn -0.2113 -0.1650 0.9634
vn -0.2556 -0.2277 0.9396
vn 0.5780 0.2620 0.7728
vn 0.0953 -0.0557 0.9939
vn 0.5597 0.0793 0.8249
vn 0.3920 0.0563 0.9183
vn 0.3007 0.0744 0.9508
vn 0.2624 0.0123 0.9649
vn 0.3658 -0.0715 0.9279
vn 0.1042 0.0680 0.9922
vn 0.2068 -0.0178 0.9782
vn 0.2387 -0.0305 0.9706
vn 0.2987 -0.0007 0.9543
vn 0.2502 -0.0290 0.9678
vn 0.0459 -0.1541 0.9870
vn -0.2953 -0.4882 0.8212
vn 0.4579 -0.0501 0.8876
vn 0.4121 -0.1652 0.8961
vn 0.4287 -0.1795 0.8854
vn 0.3697 -0.2075 0.9057
vn 0.4342 -0.2067 0.8768
vn 0.3441 -0.1145 0.9319
vn 0.3294 -0.1073 0.9381
vn 0.4071 -0.1990 0.8914
vn 0.2830 -0.1250 0.9509
vn 0.3340 -0.1388 0.9323
vn 0.7431 0.1574 0.6503
vn 0.5193 -0.0879 0.8500
vn -0.4368 -0.1094 0.8929
vn -0.5696 -0.0912 0.8168
vn -0.5466 -0.1225 0.8284
vn -0.7212 -0.0425 0.6914
vn -0.3621 0.0030 0.9321
vn -0.4882 -0.0183 0.8725
vn -0.4814 -0.0144 0.8764
vn -0.4559 -0.0294 0.8895
vn -0.0751 -0.3143 0.9463
vn 0.1752 -0.1450 0.9738
vn 0.1389 -0.1204 0.9830
vn 0.3031 -0.0939 0.9483
vn 0.1522 -0.1113 0.9821
vn 0.1013 -0.1014 0.9897
vn 0.3755 0.0028 0.9268
vn 0.3773 0.0015 0.9261
vn 0.0858 0.0801 0.9931
vn 0.2498 -0.0557 0.9667
vn 0.0526 -0.1331 0.9897
vn -0.2127 -0.5311 0.8202
vn 0.0464 -0.1762 0.9833
vn -0.4314 -0.4913 0.7567
vn -0.4071 -0.1415 0.9024
vn -0.1303 -0.2725 0.9533
vn 0.3458 -0.1783 0.9212
vn 0.3509 -0.1850 0.9179
vn 0.4161 -0.1926 0.8887
vn 0.2881 -0.2596 0.9217
vn 0.2297 -0.2235 0.9473
vn 0.5170 -0.1192 0.8476
vn 0.6974 -0.1427 0.7023
vn 0.5468 -0.1189 0.8288
vn 0.2360 -0.1336 0.9625
vn -0.5230 0.0058 0.8523
vn -0.4522 -0.0291 0.8914
vn -0.4043 0.0373 0.9139
vn -0.3678 0.0273 0.9295
vn -0.4845 -0.0161 0.8746
vn -0.2008 -0.2447 0.9486
vn -0.2561 -0.2299 0.9389
vn -0.1071 -0.2438 0.9639
vn 0.0183 -0.2750 0.9613
vn 0.2812 -0.0671 0.9573
vn 0.3506 0.0702 0.9339
vn 0.5488 0.0981 0.8302
vn 0.4250 0.0413 0.9043
vn 0.3794 -0.0082 0.9252
vn 0.2859 -0.1991 0.9374
vn 0.1526 -0.1737 0.9729
vn 0.3064 -0.0488 0.9506
vn 0.3151 -0.0477 0.9479
vn -0.1443 -0.6040 0.7838
vn 0.0359 -0.1725 0.9844
vn -0.1328 -0.2974 0.9455
vn 0.4924 -0.0428 0.8693
vn 0.3716 -0.1662 0.9134
vn 0.6628 0.0248 0.7484
vn -0.7260 -0.0309 0.6870
vn -0.4756 0.0596 0.8776
vn -0.2423 -0.1414 0.9598
vn 0.3826 0.0144 0.9238
vn 0.4002 0.0554 0.9148
vn 0.3887 -0.0197 0.9212
vn 0.2450 -0.1521 0.9575
vn 0.2488 -0.0977 0.9636
vn 0.4215 -0.1128 0.8998
vn 0.4430 -0.4427 0.7796
vn -0.3493 -0.4967 0.7945
vn -0.4636 -0.4570 0.7591
vn 0.2290 -0.0966 0.9686
vn 0.3915 -0.1206 0.9123
vn 0.4553 -0.0619 0.8882
vn 0.3898 -0.0114 0.9208
vn 0.6453 -0.2104 0.7344
vn 0.4630 -0.1145 0.8789
vn 0.2289 -0.2099 0.9506
vn 0.3363 -0.1474 0.9302
vn 0.4461 -0.2030 0.8717
vn 0.5992 0.0495 0.7991
vn -0.4690 0.1277 0.8739
vn -0.4470 0.0343 0.8939
vn -0.1711 -0.1749 0.9696
vn 0.2842 -0.1265 0.9504
vn 0.5953 0.1027 0.7969
vn 0.7519 0.0556 0.6569
vn 0.5559 0.1124 0.8236
vn 0.4129 0.0365 0.9100
vn 0.3501 -0.0204 0.9365
vn 0.1476 -0.0771 0.9860
vn 0.2486 -0.1519 0.9566
vn -0.0445 -0.1501 0.9877
vn 0.0266 -0.1543 0.9877
vn 0.0383 -0.1537 0.9874
vn -0.4561 -0.4174 0.7860
vn -0.1430 -0.2607 0.9548
vn 0.0179 -0.1442 0.9894
vn 0.1239 -0.1352 0.9830
vn 0.1279 -0.1367 0.9823
vn 0.2819 -0.1351 0.9499
vn 0.3815 -0.1178 0.9168
vn 0.3717 -0.1443 0.9171
vn 0.4146 -0.1254 0.9013
vn 0.3958 -0.1135 0.9113
vn 0.3538 -0.1603 0.9215
vn 0.3540 -0.1508 0.9230
vn 0.2630 -0.2550 0.9305
vn 0.2932 -0.2463 0.9238
vn 0.0784 -0.0535 0.9955
vn -0.3618 -0.0280 0.9318
vn -0.7259 -0.0294 0.6871
vn -0.4340 0.0935 0.8961
vn -0.4590 0.0849 0.8844
vn 0.0068 -0.2591 0.9658
vn 0.1140 -0.2616 0.9584
vn 0.3569 -0.0312 0.9336
vn 0.3001 0.1019 0.9484
vn 0.1034 -0.1040 0.9892
vn 0.4114 0.0374 0.9107
vn 0.3832 -0.0042 0.9236
vn 0.1138 0.0954 0.9889
vn 0.1163 0.0932 0.9888
vn 0.2711 -0.0585 0.9608
vn 0.1757 -0.1411 0.9743
vn 0.2080 -0.1114 0.9718
vn 0.2498 -0.0983 0.9633
vn 0.4701 -0.1480 0.8701
vn -0.3513 -0.5292 0.7724
vn -0.4149 -0.5184 0.7477
vn -0.1524 -0.2543 0.9550
vn 0.3352 -0.1035 0.9364
vn 0.3844 -0.1333 0.9135
vn 0.4494 -0.2451 0.8590
vn 0.5557 -0.3277 0.7641
vn 0.6569 -0.3239 0.6808
vn -0.4225 0.0669 0.9039
vn -0.4000 -0.1308 0.9071
vn -0.2763 -0.2085 0.9382
vn -0.1608 -0.2905 0.9433
vn -0.2124 -0.3298 0.9198
vn 0.3371 -0.1169 0.9342
vn 0.6182 0.2478 0.7459
vn 0.1241 -0.1128 0.9858
vn 0.3833 0.0875 0.9195
vn 0.3783 0.0872 0.9216
vn 0.3938 0.0768 0.9160
vn 0.7400 0.3778 0.5565
vn 0.2999 -0.0030 0.9540
vn 0.4264 -0.1336 0.8946
vn 0.4785 -0.1350 0.8677
vn 0.1198 -0.3129 0.9422
vn -0.3579 -0.4622 0.8114
vn -0.4701 -0.3861 0.7937
vn -0.2696 -0.3568 0.8944
vn 0.0244 -0.1481 0.9887
vn -0.0512 -0.2375 0.9700
vn 0.4007 0.0129 0.9161
vn 0.2805 -0.0445 0.9588
vn 0.3447 -0.1107 0.9322
vn 0.3519 -0.3228 0.8786
vn 0.5723 -0.3291 0.7511
vn 0.6018 -0.2785 0.7485
vn 0.5500 0.0293 0.8347
vn -0.5829 0.0179 0.8124
vn -0.6155 0.0426 0.7870
vn -0.7604 0.0240 0.6490
vn -0.4152 0.0768 0.9065
vn -0.4905 0.1242 0.8626
vn -0.4479 0.0521 0.8926
vn -0.1852 -0.2612 0.9473
vn -0.1868 -0.3384 0.9223
vn 0.0647 -0.2302 0.9710
vn 0.2611 -0.1087 0.9592
vn 0.4454 0.0266 0.8949
vn 0.6129 0.2997 0.7311
vn 0.7391 0.1805 0.6490
vn 0.5521 0.1197 0.8252
vn 0.4208 0.1675 0.8915
vn 0.5312 -0.0295 0.8467
vn 0.2943 -0.0041 0.9557
vn 0.2165 -0.1735 0.9607
vn 0.2128 -0.1432 0.9666
vn 0.3951 -0.1832 0.9002
vn 0.0549 -0.4921 0.8688
vn 0.7793 0.3772 -0.5003
vn 0.0333 -0.1658 0.9856
vn -0.4223 -0.4531 0.7851
vn -0.0373 -0.2790 0.9596
vn 0.1369 -0.1924 0.9717
vn 0.4040 -0.1005 0.9092
vn 0.3069 0.0178 0.9516
vn 0.3117 -0.0228 0.9499
vn -0.4016 0.0232 0.9155
vn -0.1922 -0.3117 0.9305
vn -0.1626 -0.2674 0.9498
vn 0.0673 -0.2711 0.9602
vn 0.2387 -0.0379 0.9704
vn 0.1264 -0.0758 0.9891
vn 0.4061 0.0676 0.9113
vn 0.3776 0.0820 0.9223
vn 0.4014 0.0455 0.9148
vn 0.2602 0.0440 0.9645
vn 0.2132 0.0850 0.9733
vn 0.2721 -0.1837 0.9446
vn 0.2667 -0.1796 0.9469
vn 0.1314 -0.6272 0.7677
vn -0.1912 -0.5438 0.8171
vn -0.0375 -0.4701 0.8818
vn -0.1689 -0.3219 0.9316
vn 0.2576 -0.1705 0.9511
vn 0.4138 -0.0671 0.9079
vn 0.3739 -0.1016 0.9219
vn 0.5900 -0.3835 0.7105
vn -0.3846 0.0725 0.9202
vn -0.2189 -0.3059 0.9266
vn -0.1647 -0.3714 0.9137
vn -0.1064 -0.3948 0.9126
vn 0.2555 -0.0465 0.9657
vn 0.1094 -0.1047 0.9885
vn 0.4112 0.0738 0.9086
vn 0.3779 -0.0143 0.9257
vn 0.4962 -0.0066 0.8682
vn 0.2557 0.0680 0.9644
vn 0.2872 -0.1196 0.9504
vn -0.3591 -0.5656 0.7424
vn -0.1976 -0.1862 0.9625
vn -0.3635 -0.4954 0.7889
vn -0.4318 -0.4887 0.7581
vn -0.0925 -0.3727 0.9233
vn -0.1583 -0.3820 0.9105
vn 0.0429 -0.2674 0.9626
vn 0.2034 -0.2030 0.9578
vn 0.4020 -0.1668 0.9003
vn 0.4118 -0.0952 0.9063
vn 0.3741 -0.1853 0.9087
vn 0.3239 -0.1891 0.9270
vn 0.3908 0.0277 0.9201
vn 0.3290 0.0300 0.9439
vn 0.3087 0.0541 0.9496
vn 0.4208 -0.3821 0.8228
vn -0.4693 -0.0741 0.8799
vn -0.6657 0.1862 0.7226
vn -0.7201 0.2108 0.6611
vn -0.4119 0.0594 0.9093
vn -0.4538 0.0708 0.8883
vn -0.3319 -0.0986 0.9382
vn 0.0412 -0.2485 0.9678
vn 0.2433 -0.1678 0.9553
vn 0.4264 0.0723 0.9016
vn 0.7153 0.1282 0.6870
vn 0.5532 0.1104 0.8257
vn 0.4152 -0.0034 0.9097
vn 0.2379 -0.1843 0.9536
vn 0.5087 -0.2695 0.8177
vn 0.4523 -0.2409 0.8587
vn 0.6049 0.7941 -0.0586
vn -0.3936 -0.4730 0.7882
vn -0.3022 -0.5275 0.7940
vn 0.0730 -0.1983 0.9774
vn 0.3325 -0.1020 0.9376
vn 0.3853 -0.1771 0.9056
vn 0.4199 -0.1146 0.9003
vn 0.3492 -0.0395 0.9362
vn 0.2939 -0.0321 0.9553
vn 0.3434 0.0365 0.9385
vn 0.3368 0.0856 0.9377
vn 0.4267 -0.4491 0.7850
vn 0.4856 -0.4582 0.7445
vn -0.4352 0.0519 0.8989
vn -0.3230 -0.1027 0.9408
vn -0.1763 -0.2087 0.9620
vn -0.1801 -0.2094 0.9611
vn -0.1741 -0.4189 0.8912
vn -0.1876 -0.4159 0.8898
vn -0.1359 -0.3686 0.9196
vn -0.1545 -0.3642 0.9184
vn -0.1179 -0.3807 0.9172
vn 0.2387 -0.0429 0.9702
vn 0.1134 -0.1481 0.9825
vn 0.0559 -0.1176 0.9915
vn 0.5114 0.1580 0.8447
vn 0.4919 0.1612 0.8556
vn 0.2476 0.0378 0.9681
vn 0.2773 0.0147 0.9607
vn 0.4528 -0.2351 0.8600
vn 0.4026 -0.3046 0.8632
vn 0.4041 -0.1830 0.8962
vn -0.3163 -0.5230 0.7915
vn -0.2634 -0.6864 0.6778
vn -0.4540 -0.6366 0.6235
vn 0.2989 -0.1692 0.9392
vn 0.3221 -0.0775 0.9435
vn 0.3846 0.0066 0.9230
vn 0.4091 0.0036 0.9125
vn 0.4898 -0.4563 0.7429
vn 0.6482 -0.3047 0.6979
vn 0.3131 -0.1924 0.9300
vn 0.3080 -0.1886 0.9325
vn -0.6582 0.0853 0.7480
vn -0.4035 0.0804 0.9114
vn -0.0938 -0.3182 0.9434
vn -0.1181 -0.3544 0.9276
vn 0.0466 -0.2319 0.9716
vn 0.0791 -0.1346 0.9877
vn 0.3941 -0.0134 0.9190
vn 0.6795 0.1829 0.7105
vn 0.5812 0.1933 0.7904
vn 0.3423 0.0629 0.9375
vn 0.4449 0.0546 0.8939
vn 0.3896 -0.0288 0.9205
vn 0.3590 0.0864 0.9293
vn 0.5011 -0.0315 0.8648
vn 0.1097 0.1356 0.9847
vn 0.2979 0.0297 0.9541
vn 0.2832 0.0109 0.9590
vn 0.2601 0.0854 0.9618
vn 0.2962 -0.2279 0.9275
vn 0.4061 -0.1913 0.8936
vn 0.4147 -0.2009 0.8875
vn -0.3673 -0.4829 0.7949
vn 0.0620 -0.1767 0.9823
vn 0.0774 -0.1788 0.9808
vn -0.4742 -0.4429 0.7609
vn 0.3345 -0.1584 0.9290
vn 0.3927 -0.0648 0.9174
vn 0.3360 -0.0818 0.9383
vn 0.3291 -0.0538 0.9428
vn 0.3276 -0.4797 0.8140
vn -0.5420 0.2712 0.7954
vn -0.6948 0.1336 0.7066
vn -0.4103 0.1048 0.9059
vn -0.4746 0.0705 0.8774
vn -0.4212 0.0724 0.9041
vn -0.1249 -0.3503 0.9283
vn 0.2205 -0.0102 0.9753
vn 0.3860 -0.0152 0.9224
vn 0.5130 0.0682 0.8556
vn 0.5200 -0.0258 0.8538
vn 0.1154 0.1307 0.9847
vn 0.3326 0.0504 0.9417
vn 0.2626 -0.0264 0.9645
vn -0.3482 -0.4820 0.8040
vn 0.0592 -0.1510 0.9868
vn 0.0928 -0.2972 0.9503
vn 0.1841 -0.2621 0.9473
vn 0.3017 -0.1563 0.9405
vn 0.3413 -0.0936 0.9353
vn 0.2967 -0.0917 0.9506
vn 0.3484 -0.0538 0.9358
vn 0.5314 -0.1109 0.8398
vn 0.7349 -0.0972 0.6712
vn 0.7589 -0.1223 0.6396
vn 0.0471 0.2634 0.9635
vn -0.4407 0.1295 0.8883
vn -0.6209 0.2714 0.7354
vn -0.3255 0.0078 0.9455
vn -0.4808 0.0689 0.8741
vn -0.4206 0.0728 0.9043
vn -0.0197 -0.3225 0.9464
vn -0.0920 -0.3738 0.9229
vn -0.2137 -0.3717 0.9034
vn -0.1115 -0.4175 0.9018
vn -0.1779 -0.4361 0.8822
vn -0.1213 -0.3518 0.9282
vn 0.3975 -0.0180 0.9174
vn 0.6538 0.0598 0.7543
vn 0.0667 -0.1443 0.9873
vn 0.0637 -0.1428 0.9877
vn 0.2808 -0.0303 0.9593
vn 0.3889 -0.0176 0.9211
vn 0.4258 -0.2306 0.8749
vn -0.0612 -0.1205 0.9908
vn -0.3100 -0.3939 0.8653
vn -0.3098 -0.5028 0.8069
vn -0.3882 -0.4458 0.8066
vn 0.0590 -0.1523 0.9866
vn -0.3883 -0.5312 0.7530
vn -0.1935 -0.5458 0.8153
vn -0.4350 -0.1333 0.8905
vn 0.2206 -0.2698 0.9373
vn 0.2850 -0.1180 0.9512
vn 0.3617 -0.0907 0.9279
vn 0.3272 -0.0516 0.9435
vn 0.3877 -0.1286 0.9128
vn 0.0434 -0.5278 0.8483
vn -0.4572 0.0574 0.8875
vn -0.4930 0.0851 0.8658
vn -0.4204 -0.0171 0.9072
vn -0.1338 -0.2914 0.9472
vn 0.0439 -0.2288 0.9725
vn 0.2285 0.1824 0.9563
vn 0.2669 0.1737 0.9480
vn 0.3463 0.1651 0.9235
vn 0.4477 -0.1600 0.8798
vn 0.0703 -0.2933 0.9534
vn 0.0842 -0.1669 0.9824
vn -0.1985 -0.3655 0.9094
vn 0.4059 -0.0468 0.9127
vn 0.5075 -0.0713 0.8587
vn 0.3469 -0.1595 0.9243
vn 0.3531 -0.1148 0.9285
vn -0.7056 0.1693 0.6880
vn -0.7077 0.1689 0.6860
vn -0.3226 -0.1016 0.9411
vn -0.2376 -0.2082 0.9488
vn -0.1512 -0.3491 0.9248
vn -0.2150 -0.3766 0.9011
vn -0.1318 -0.4213 0.8973
vn -0.1145 -0.4614 0.8798
vn 0.1937 -0.1407 0.9709
vn 0.3261 -0.0896 0.9411
vn 0.6671 0.1072 0.7372
vn 0.4566 0.1170 0.8819
vn 0.5362 0.1144 0.8363
vn 0.1164 0.1963 0.9736
vn 0.2866 0.1051 0.9523
vn 0.2670 0.1353 0.9542
vn 0.4983 0.0871 0.8626
vn -0.0089 -0.4236 0.9058
vn -0.3415 -0.5555 0.7582
vn -0.3825 -0.5365 0.7522
vn 0.0292 -0.3695 0.9288
vn 0.4116 -0.1837 0.8927
vn 0.2766 -0.2222 0.9350
vn 0.2825 -0.0699 0.9567
vn 0.5438 -0.0849 0.8349
vn 0.7565 -0.2283 0.6128
vn 0.3808 -0.3888 0.8389
vn 0.2499 -0.3375 0.9075
vn -0.3084 -0.0083 0.9512
vn -0.4785 -0.0025 0.8781
vn -0.4672 0.0068 0.8841
vn -0.4569 0.0166 0.8893
vn -0.4185 -0.0158 0.9081
vn -0.3162 -0.1029 0.9431
vn -0.1136 -0.2556 0.9601
vn -0.1031 -0.4566 0.8837
vn -0.1399 -0.3044 0.9422
vn 0.0410 -0.1926 0.9804
vn 0.0103 -0.0508 0.9987
vn 0.5775 0.1942 0.7929
vn 0.0469 -0.1135 0.9924
vn 0.0508 -0.1147 0.9921
vn 0.3849 0.1135 0.9160
vn 0.3610 0.1070 0.9264
vn 0.3134 0.1382 0.9395
vn 0.5932 0.0633 0.8025
vn 0.2897 0.1276 0.9486
vn 0.3820 0.1313 0.9148
vn 0.4961 0.0865 0.8639
vn 0.4945 0.0932 0.8642
vn 0.5032 0.0896 0.8595
vn 0.4407 -0.1397 0.8867
vn 0.0085 -0.1860 0.9825
vn 0.0806 -0.1345 0.9876
vn 0.0774 -0.1342 0.9879
vn -0.4008 -0.4800 0.7804
vn 0.1683 -0.1893 0.9674
vn 0.3362 -0.0738 0.9389
vn 0.3165 -0.1644 0.9342
vn 0.2912 -0.2305 0.9285
vn 0.7598 -0.2166 0.6131
vn 0.3917 -0.1726 0.9038
vn -0.7089 0.1633 0.6862
vn -0.6241 -0.0080 0.7813
vn -0.4060 -0.0202 0.9136
vn -0.0223 -0.3434 0.9389
vn -0.1381 -0.4370 0.8888
vn -0.1768 -0.4468 0.8770
vn -0.1572 -0.3026 0.9401
vn -0.0006 -0.1729 0.9849
vn 0.3639 0.0043 0.9314
vn 0.5702 0.0886 0.8167
vn 0.4626 0.0389 0.8857
vn 0.4555 0.0448 0.8891
vn 0.0467 0.1907 0.9805
vn 0.4685 0.1015 0.8776
vn 0.2108 0.1586 0.9646
vn 0.2332 0.1767 0.9562
vn 0.5202 0.0978 0.8484
vn -0.2705 -0.4859 0.8311
vn -0.3593 -0.5134 0.7793
vn -0.3258 -0.5132 0.7940
vn 0.0670 -0.1198 0.9905
vn -0.3428 -0.5233 0.7802
vn 0.0288 -0.3755 0.9264
vn 0.2445 -0.1711 0.9544
vn 0.3925 -0.1427 0.9086
vn 0.2827 -0.2037 0.9373
vn 0.2486 -0.2040 0.9469
vn 0.2848 -0.1787 0.9418
vn -0.3706 -0.0758 0.9257
vn -0.4774 -0.0616 0.8765
vn -0.1177 -0.2483 0.9615
vn -0.2369 -0.4154 0.8783
vn -0.2494 -0.4137 0.8756
vn 0.3347 0.0986 0.9371
vn 0.2391 0.1536 0.9588
vn 0.2355 0.1616 0.9584
vn 0.1491 -0.4224 0.8940
vn -0.3279 -0.4551 0.8279
vn 0.0682 -0.1656 0.9838
vn -0.3413 -0.5037 0.7936
vn -0.0362 -0.2750 0.9608
vn 0.3824 -0.0937 0.9192
vn 0.5181 -0.0997 0.8495
vn 0.5860 -0.2444 0.7726
vn 0.1551 -0.1587 0.9751
vn -0.3445 -0.0325 0.9382
vn -0.4301 -0.0970 0.8975
vn -0.7154 -0.0784 0.6943
vn -0.5766 0.0707 0.8140
vn -0.1075 -0.4271 0.8978
vn 0.3594 -0.1114 0.9265
vn 0.3228 -0.0856 0.9426
vn 0.5884 0.0515 0.8069
vn 0.0457 -0.1014 0.9938
vn 0.0300 -0.0972 0.9948
vn 0.3433 0.0491 0.9379
vn 0.3251 0.1186 0.9382
vn 0.2237 0.1462 0.9636
vn 0.5137 0.1086 0.8511
vn -0.5419 -0.7089 0.4515
vn -0.1249 -0.3926 0.9112
vn -0.3561 -0.3662 0.8597
vn 0.0596 -0.1625 0.9849
vn -0.2560 -0.5205 0.8146
vn 0.0046 -0.2805 0.9598
vn 0.1122 -0.2569 0.9599
vn 0.3359 -0.1165 0.9347
vn 0.3068 -0.1305 0.9428
vn 0.7502 -0.0792 0.6565
vn 0.5408 -0.1561 0.8265
vn -0.0535 -0.0154 0.9984
vn -0.8083 0.1695 0.5639
vn -0.4427 -0.0528 0.8951
vn 0.0026 -0.3194 0.9476
vn -0.1274 -0.4116 0.9024
vn -0.1478 -0.4150 0.8977
vn 0.1845 -0.2600 0.9478
vn 0.3694 -0.2304 0.9002
vn 0.2004 -0.1405 0.9696
vn 0.5901 0.1074 0.8002
vn 0.0816 0.2046 0.9754
vn 0.2912 0.1235 0.9487
vn 0.2830 0.1140 0.9523
vn 0.2899 0.0767 0.9540
vn 0.4906 0.0631 0.8691
vn 0.5173 0.0053 0.8558
vn -0.1233 -0.3776 0.9177
vn -0.3164 -0.5227 0.7916
vn 0.0597 -0.1370 0.9888
vn 0.2793 -0.2002 0.9391
vn 0.5103 -0.0833 0.8559
vn 0.4156 -0.0745 0.9065
vn 0.1949 -0.1231 0.9731
vn 0.3115 -0.1571 0.9372
vn 0.7017 -0.2533 0.6659
vn -0.4052 0.0185 0.9140
vn -0.4350 -0.0291 0.9000
vn -0.4549 -0.0263 0.8902
vn -0.3163 -0.1007 0.9433
vn -0.2129 -0.1249 0.9690
vn -0.0199 -0.3451 0.9384
vn -0.1430 -0.3114 0.9395
vn 0.2993 -0.0468 0.9530
vn 0.5785 0.0536 0.8139
vn 0.3506 0.0549 0.9349
vn 0.3313 0.0728 0.9407
vn 0.2201 0.1475 0.9643
vn 0.3816 0.0993 0.9190
vn 0.3326 0.0592 0.9412
vn 0.5024 0.0531 0.8630
vn 0.5381 0.0263 0.8425
vn -0.2675 -0.4297 0.8624
vn -0.3130 -0.4587 0.8317
vn 0.1020 -0.1611 0.9817
vn -0.2551 -0.4688 0.8456
vn 0.0982 -0.2169 0.9712
vn 0.2985 -0.1771 0.9378
vn 0.2701 -0.1489 0.9512
vn 0.0132 0.1365 0.9906
vn -0.3896 -0.0003 0.9210
vn -0.3461 -0.0013 0.9382
vn -0.8056 -0.0923 0.5852
vn -0.3683 -0.0041 0.9297
vn -0.1043 -0.2126 0.9716
vn -0.1237 -0.1800 0.9759
vn -0.0102 -0.2369 0.9715
vn -0.1313 -0.3963 0.9087
vn -0.2284 -0.4470 0.8649
vn -0.0773 -0.4322 0.8985
vn 0.4479 0.1386 0.8833
vn 0.3417 0.0577 0.9380
vn 0.4759 0.0564 0.8777
vn 0.2479 0.1647 0.9547
vn 0.3108 0.0863 0.9465
vn 0.5089 0.0417 0.8598
vn 0.4837 0.0600 0.8731
vn 0.2197 -0.0786 0.9724
vn -0.3554 -0.3648 0.8606
vn -0.3500 -0.4445 0.8246
vn 0.1054 -0.0525 0.9930
vn -0.2278 -0.4790 0.8477
vn 0.4002 -0.1403 0.9056
vn 0.3229 -0.2170 0.9212
vn 0.7008 -0.1710 0.6926
vn 0.5497 0.0189 0.8352
vn -0.5415 -0.0616 0.8385
vn -0.4538 -0.0354 0.8904
vn -0.3950 -0.0698 0.9160
vn -0.3324 -0.1056 0.9372
vn -0.0931 -0.3846 0.9184
vn -0.0775 -0.3867 0.9190
vn -0.2062 -0.3727 0.9048
vn -0.0802 -0.4288 0.8998
vn 0.0907 -0.3968 0.9134
vn 0.2386 -0.2345 0.9424
vn 0.0291 -0.0943 0.9951
vn 0.2436 0.0770 0.9668
vn 0.3336 0.0575 0.9410
vn 0.5129 0.0298 0.8580
vn 0.5301 -0.0112 0.8478
vn -0.1907 -0.3343 0.9230
vn -0.2715 -0.3569 0.8938
vn -0.3125 -0.5073 0.8031
vn 0.1159 -0.0653 0.9911
vn -0.2405 -0.3650 0.8994
vn -0.0393 -0.4239 0.9049
vn 0.4398 -0.1178 0.8903
vn 0.4230 -0.0430 0.9051
vn 0.3742 -0.0290 0.9269
vn 0.2995 -0.1163 0.9470
vn 0.2868 -0.1081 0.9519
vn 0.2912 -0.1685 0.9417
vn 0.2482 -0.1707 0.9536
vn 0.1997 -0.4223 0.8842
vn -0.7697 -0.1756 0.6137
vn -0.4247 -0.0726 0.9024
vn 0.0529 -0.3362 0.9403
vn -0.0710 -0.3965 0.9153
vn -0.1373 -0.3885 0.9111
vn -0.2193 -0.3636 0.9054
vn -0.2069 -0.3728 0.9046
vn 0.2025 -0.2344 0.9508
vn 0.5812 0.0450 0.8125
vn 0.3465 0.1439 0.9270
vn 0.0849 -0.0861 0.9927
vn 0.3336 0.0447 0.9417
vn 0.2685 0.1107 0.9569
vn 0.2229 0.1230 0.9670
vn 0.3184 0.0636 0.9458
vn 0.3274 0.0636 0.9427
vn 0.4984 -0.0995 0.8612
vn -0.3189 -0.3663 0.8741
vn 0.1472 -0.2451 0.9583
vn 0.2313 -0.2356 0.9439
vn 0.4396 -0.1179 0.8904
vn 0.2989 -0.0979 0.9493
vn 0.4030 -0.1054 0.9091
vn 0.3752 -0.0902 0.9225
vn 0.7303 -0.1121 0.6739
vn 0.5366 -0.1029 0.8375
vn 0.4444 -0.1105 0.8890
vn -0.2406 -0.0729 0.9679
vn -0.4682 -0.0752 0.8804
vn -0.4939 0.1798 0.8507
vn -0.5399 0.1629 0.8258
vn -0.7448 0.1242 0.6556
vn -0.5660 -0.0405 0.8234
vn -0.1377 -0.3942 0.9087
vn 0.0176 -0.3757 0.9266
vn 0.4976 0.0992 0.8617
vn 0.6116 -0.0779 0.7873
vn 0.1039 0.1134 0.9881
vn 0.4688 0.0875 0.8790
vn 0.4487 0.1025 0.8878
vn 0.2824 0.1076 0.9532
vn 0.2776 0.1116 0.9542
vn 0.2604 0.1182 0.9582
vn 0.4953 0.0332 0.8681
vn 0.6133 0.0028 0.7898
vn 0.5414 -0.0473 0.8394
vn 0.5191 -0.0379 0.8539
vn 0.2294 -0.0800 0.9700
vn -0.2792 -0.3498 0.8943
vn -0.4935 -0.1960 0.8474
vn 0.0989 -0.1490 0.9839
vn -0.0269 -0.4657 0.8845
vn -0.1049 -0.4912 0.8647
vn 0.4373 -0.0868 0.8951
vn 0.4856 -0.1307 0.8644
vn 0.5037 -0.3024 0.8092
vn -0.5488 0.0036 0.8359
vn -0.3696 -0.0222 0.9289
vn -0.1262 -0.1470 0.9811
vn -0.1065 -0.1711 0.9795
vn 0.0366 -0.2520 0.9670
vn -0.0211 -0.3064 0.9517
vn -0.0860 -0.3551 0.9309
vn -0.0878 -0.4462 0.8906
vn 0.1876 -0.1069 0.9764
vn 0.0519 -0.1181 0.9916
vn -0.0154 -0.1048 0.9944
vn 0.2537 0.1033 0.9618
vn 0.2187 -0.2702 0.9377
vn 0.0625 -0.0794 0.9949
vn 0.1779 -0.1062 0.9783
vn 0.2342 -0.6687 0.7057
vn 0.2659 -0.6270 0.7322
vn 0.2748 -0.0586 0.9597
vn 0.2997 -0.2325 0.9253
vn 0.7701 0.1035 0.6295
vn 0.4749 -0.1416 0.8686
vn 0.4276 0.0170 0.9038
vn -0.2235 -0.0606 0.9728
vn -0.5916 -0.0255 0.8058
vn -0.7165 0.0203 0.6973
vn -0.4469 -0.0450 0.8935
vn -0.4011 0.0090 0.9160
vn -0.4242 -0.0855 0.9015
vn -0.1771 -0.1508 0.9726
vn 0.0584 -0.2334 0.9706
vn 0.1378 -0.3131 0.9397
vn -0.0654 -0.3676 0.9277
vn -0.1405 -0.4524 0.8807
vn 0.1789 -0.2442 0.9531
vn 0.3955 -0.0875 0.9143
vn 0.0540 0.1527 0.9868
vn 0.3160 0.0474 0.9476
vn 0.4859 -0.0075 0.8740
vn 0.5441 -0.0433 0.8379
vn -0.3132 -0.4271 0.8482
vn -0.3018 -0.4310 0.8504
vn 0.1630 -0.0324 0.9861
vn 0.2900 0.1646 0.9428
vn 0.3511 -0.1487 0.9245
vn 0.3407 -0.0542 0.9386
vn 0.3133 -0.2300 0.9214
vn 0.4984 -0.1304 0.8571
vn 0.5734 -0.1587 0.8038
vn 0.1889 0.1059 0.9763
vn -0.7231 -0.0063 0.6907
vn -0.3760 -0.0453 0.9255
vn -0.3309 -0.1132 0.9369
vn -0.3495 -0.1007 0.9315
vn -0.0456 -0.3454 0.9374
vn -0.0655 -0.3674 0.9277
vn -0.2043 -0.3387 0.9185
vn -0.1594 -0.3388 0.9273
vn -0.1370 -0.3612 0.9224
vn 0.0134 -0.3284 0.9445
vn 0.0100 -0.3270 0.9450
vn 0.5871 -0.1032 0.8029
vn 0.4412 -0.0708 0.8946
vn 0.4104 -0.1088 0.9054
vn 0.3271 0.0541 0.9435
vn 0.6503 -0.0110 0.7596
vn 0.0507 0.1425 0.9885
vn 0.2853 0.0426 0.9575
vn 0.3145 0.0491 0.9480
vn 0.5781 0.0318 0.8153
vn 0.6537 -0.0321 0.7561
vn 0.5039 -0.2066 0.8387
vn 0.3316 -0.3071 0.8920
vn -0.2614 -0.4421 0.8581
vn -0.3017 -0.4251 0.8534
vn -0.3037 -0.4245 0.8529
vn 0.1745 -0.0297 0.9842
vn 0.3741 -0.0869 0.9233
vn 0.2380 -0.1576 0.9584
vn 0.2231 -0.0934 0.9703
vn 0.3441 -0.0781 0.9357
vn 0.3678 -0.0833 0.9262
vn 0.3820 -0.3244 0.8654
vn -0.5896 -0.0301 0.8071
vn -0.1071 -0.3547 0.9288
vn -0.1514 -0.3537 0.9230
vn -0.1095 -0.3555 0.9282
vn 0.1501 -0.2073 0.9667
vn 0.4306 0.0210 0.9023
vn 0.2741 0.0526 0.9603
vn 0.3254 0.0494 0.9443
vn 0.4875 0.0087 0.8731
vn 0.5252 -0.0080 0.8509
vn 0.3539 0.0342 0.9347
vn 0.5135 -0.0155 0.8579
vn -0.3578 -0.3511 0.8653
vn -0.4371 -0.3857 0.8125
vn -0.1814 -0.4464 0.8762
vn 0.0716 -0.4255 0.9021
vn 0.2681 -0.1274 0.9549
vn 0.3212 -0.1146 0.9401
vn 0.3768 -0.0755 0.9232
vn 0.7799 -0.0562 0.6233
vn 0.5337 -0.0744 0.8424
vn -0.5692 -0.2122 0.7943
vn -0.5401 -0.0151 0.8415
vn -0.4347 -0.0215 0.9003
vn 0.0604 -0.1726 0.9831
vn 0.1098 -0.2853 0.9521
vn -0.1226 -0.3342 0.9345
vn -0.0760 -0.3760 0.9235
vn 0.2697 -0.0092 0.9629
vn 0.3338 -0.0001 0.9427
vn 0.2775 0.0506 0.9594
vn 0.4585 -0.0031 0.8887
vn 0.4105 0.0480 0.9106
vn 0.2771 0.1029 0.9553
vn 0.4237 -0.0339 0.9051
vn 0.5250 -0.0265 0.8507
vn 0.5353 0.3029 0.7885
vn -0.3594 -0.3802 0.8522
vn 0.5233 -0.0258 0.8518
vn 0.3468 -0.0635 0.9358
vn 0.4298 -0.1302 0.8935
vn 0.3638 -0.0706 0.9288
vn 0.4348 -0.3240 0.8402
vn 0.5369 -0.4766 0.6961
vn 0.4231 0.0096 0.9060
vn 0.2739 -0.0308 0.9613
vn -0.0983 0.0877 0.9913
vn -0.6792 -0.1679 0.7145
vn -0.3482 -0.0559 0.9358
vn -0.4049 -0.1105 0.9077
vn -0.0543 -0.3374 0.9398
vn 0.0055 -0.3086 0.9512
vn -0.0200 -0.2971 0.9546
vn 0.0646 0.1308 0.9893
vn 0.2697 0.0286 0.9625
vn 0.3045 0.0276 0.9521
vn 0.5476 -0.0595 0.8346
vn 0.5368 0.1168 0.8356
vn 0.4934 0.0524 0.8682
vn 0.2220 0.5189 0.8255
vn -0.3302 -0.3352 0.8824
vn -0.1359 -0.4822 0.8654
vn 0.1519 -0.4732 0.8678
vn 0.6425 -0.1820 0.7444
vn 0.4332 -0.0749 0.8982
vn 0.5064 -0.3468 0.7895
vn 0.5612 -0.3511 0.7495
vn 0.4539 -0.1196 0.8830
vn -0.6142 -0.1513 0.7745
vn -0.8226 -0.0531 0.5662
vn -0.6194 -0.0836 0.7806
vn -0.3466 -0.0513 0.9366
vn -0.1109 -0.2002 0.9735
vn 0.0930 -0.2289 0.9690
vn 0.1218 -0.2339 0.9646
vn 0.1414 -0.3309 0.9330
vn -0.1207 -0.3182 0.9403
vn 0.1418 -0.2911 0.9461
vn 0.4383 -0.1356 0.8885
vn -0.0113 -0.1595 0.9871
vn 0.2484 0.0378 0.9679
vn 0.2883 0.0342 0.9569
vn 0.4115 0.0637 0.9092
vn 0.5201 0.1237 0.8451
vn 0.6079 0.1978 0.7690
vn 0.4309 -0.0188 0.9022
vn 0.1954 0.1867 0.9628
vn -0.2711 -0.3716 0.8879
vn 0.3678 -0.1097 0.9234
vn 0.3254 -0.0315 0.9451
vn 0.2982 -0.0206 0.9543
vn 0.3386 0.0069 0.9409
vn 0.1179 -0.2122 0.9701
vn -0.4372 -0.1356 0.8891
vn -0.3592 -0.0358 0.9326
vn -0.0537 -0.3525 0.9343
vn -0.2018 -0.3421 0.9177
vn -0.1649 -0.3469 0.9233
vn -0.1429 -0.3716 0.9173
vn -0.1002 -0.3091 0.9457
vn 0.0380 -0.1919 0.9807
vn 0.3233 0.0281 0.9459
vn 0.2987 0.0418 0.9534
vn 0.3001 0.0246 0.9536
vn 0.5654 0.0985 0.8189
vn -0.2329 -0.4182 0.8780
vn -0.0876 -0.3986 0.9129
vn 0.0441 -0.3406 0.9392
vn 0.4193 -0.0573 0.9061
vn 0.3586 0.0306 0.9330
vn 0.4843 0.0325 0.8743
vn 0.5853 0.0678 0.8080
vn 0.5626 0.0890 0.8220
vn -0.4416 -0.0124 0.8971
vn 0.0350 -0.1833 0.9824
vn 0.0976 -0.3061 0.9470
vn -0.1357 -0.3291 0.9345
vn -0.1383 -0.2777 0.9507
vn -0.1179 -0.3719 0.9208
vn -0.0837 -0.3187 0.9442
vn 0.3678 -0.1158 0.9227
vn 0.4147 -0.0801 0.9064
vn 0.1869 -0.0778 0.9793
vn 0.0635 0.1161 0.9912
vn 0.4161 -0.0330 0.9087
vn 0.4274 0.0454 0.9029
vn 0.5102 0.0036 0.8600
vn 0.4577 -0.1577 0.8750
vn -0.3794 -0.3470 0.8577
vn 0.3238 -0.0345 0.9455
vn 0.3761 0.1333 0.9169
vn 0.6118 0.0995 0.7847
vn 0.5915 0.1230 0.7969
vn 0.5891 -0.0356 0.8073
vn 0.3696 -0.1329 0.9196
vn -0.4768 -0.0427 0.8780
vn -0.3528 -0.0519 0.9342
vn -0.1373 -0.1362 0.9811
vn 0.0930 -0.1656 0.9818
vn -0.0626 -0.3398 0.9384
vn -0.1621 -0.2830 0.9453
vn 0.0474 -0.1797 0.9826
vn -0.1038 -0.1798 0.9782
vn 0.2830 -0.1055 0.9533
vn 0.5837 -0.2088 0.7847
vn 0.0235 0.1095 0.9937
vn 0.2829 0.0186 0.9590
vn 0.5118 0.0053 0.8591
vn 0.6026 0.0347 0.7973
vn 0.5301 0.0890 0.8433
vn 0.4442 0.0430 0.8949
vn 0.4662 -0.0321 0.8841
vn 0.3979 -0.0362 0.9167
vn 0.3181 -0.0554 0.9464
vn 0.2130 0.0546 0.9755
vn 0.2502 0.3075 0.9181
vn 0.6712 0.1511 0.7258
vn 0.2027 -0.0828 0.9757
vn -0.5760 -0.0016 0.8175
vn -0.2747 -0.2006 0.9404
vn 0.2063 -0.2010 0.9576
vn 0.1097 -0.2628 0.9586
vn -0.1648 -0.3541 0.9206
vn 0.2302 -0.1174 0.9660
vn 0.3965 -0.1815 0.8999
vn 0.3577 0.0354 0.9332
vn 0.2555 0.0210 0.9666
vn 0.2963 0.0461 0.9540
vn 0.3159 0.0358 0.9481
vn 0.3033 0.0315 0.9524
vn 0.4676 0.0306 0.8834
vn 0.5646 0.2767 0.7776
vn -0.2632 -0.3985 0.8786
vn -0.0455 -0.4284 0.9024
vn -0.0068 -0.4290 0.9033
vn 0.1477 -0.3707 0.9169
vn 0.2801 0.1023 0.9545
vn 0.6634 0.1640 0.7301
vn 0.5068 0.0484 0.8607
vn 0.0361 -0.1840 0.9823
vn -0.1599 -0.3538 0.9216
vn 0.0400 -0.2790 0.9595
vn 0.0270 0.1468 0.9888
vn 0.3809 0.0182 0.9244
vn 0.5090 0.0469 0.8595
vn 0.5199 0.0047 0.8542
vn 0.4748 -0.0557 0.8783
vn -0.3205 -0.3545 0.8784
vn -0.3281 -0.3523 0.8765
vn -0.3950 -0.3738 0.8392
vn -0.2075 -0.3087 0.9283
vn 0.3492 -0.0960 0.9321
vn 0.3342 -0.0546 0.9409
vn 0.1698 0.0273 0.9851
vn 0.7052 -0.1986 0.6806
vn -0.5324 -0.2010 0.8223
vn -0.8193 0.0009 0.5733
vn -0.8283 -0.0222 0.5598
vn -0.6446 0.0307 0.7639
vn -0.5048 -0.0852 0.8590
vn -0.3746 0.0288 0.9267
vn -0.2170 -0.0563 0.9746
vn 0.1879 -0.1728 0.9669
vn 0.2374 -0.1992 0.9508
vn 0.0698 -0.2442 0.9672
vn -0.0476 -0.2890 0.9561
vn 0.0218 -0.2641 0.9643
vn 0.1110 -0.3666 0.9237
vn 0.3591 -0.0483 0.9320
vn 0.3776 0.0227 0.9257
vn 0.4726 0.0419 0.8803
vn 0.5132 -0.0003 0.8583
vn 0.4248 -0.2124 0.8800
vn 0.4173 -0.1063 0.9025
vn 0.3496 -0.1125 0.9301
vn 0.3110 -0.0943 0.9457
vn 0.2434 -0.0439 0.9689
vn 0.6746 -0.1377 0.7252
vn 0.4962 -0.1465 0.8558
vn 0.2251 -0.1208 0.9668
vn -0.3779 0.0093 0.9258
vn -0.7304 -0.3424 0.5910
vn -0.4983 -0.1103 0.8600
vn 0.2394 -0.1155 0.9640
vn -0.1370 -0.3261 0.9354
vn -0.0712 -0.4154 0.9069
vn 0.1913 -0.2900 0.9377
vn 0.3249 -0.0890 0.9415
vn 0.1507 -0.0305 0.9881
vn 0.2889 0.0305 0.9569
vn 0.2936 0.0286 0.9555
vn 0.3020 0.0292 0.9529
vn 0.3067 0.0254 0.9515
vn 0.2632 0.0355 0.9641
vn 0.2763 0.0287 0.9606
vn 0.2865 0.0219 0.9578
vn 0.2609 0.0233 0.9651
vn 0.5543 -0.0643 0.8298
vn 0.5586 -0.0687 0.8266
vn 0.2733 -0.1410 0.9516
vn -0.3631 -0.3940 0.8443
vn -0.1001 -0.5977 0.7954
vn 0.0489 -0.4883 0.8713
vn -0.0060 -0.4782 0.8782
vn 0.9058 -0.1007 0.4116
vn 0.3312 -0.2161 0.9185
vn 0.3555 -0.1078 0.9284
vn 0.2070 -0.1130 0.9718
vn 0.1564 -0.0964 0.9830
vn 0.3653 -0.0531 0.9294
vn 0.5625 -0.2177 0.7976
vn 0.4933 -0.1430 0.8580
vn 0.2316 -0.1158 0.9659
vn -0.6023 -0.5175 0.6078
vn -0.7253 -0.4241 0.5423
vn -0.5480 -0.0601 0.8343
vn -0.3477 -0.0080 0.9376
vn -0.3644 -0.0073 0.9312
vn -0.2530 -0.0688 0.9650
vn -0.0357 -0.3141 0.9487
vn -0.1365 -0.3090 0.9412
vn -0.0971 -0.3265 0.9402
vn -0.0122 -0.3157 0.9488
vn -0.0484 -0.3068 0.9506
vn 0.1535 -0.0112 0.9881
vn 0.3052 -0.0582 0.9505
vn 0.3817 -0.0090 0.9242
vn 0.5672 -0.0787 0.8198
vn 0.4934 -0.1006 0.8639
vn -0.3038 -0.6482 0.6983
vn -0.1436 -0.7178 0.6813
vn 0.1401 -0.6560 0.7416
vn -0.1686 -0.5061 0.8458
vn 0.3487 -0.1510 0.9250
vn 0.6417 -0.1757 0.7466
vn 0.4144 -0.2030 0.8872
vn -0.5032 0.2043 -0.8397
vn -0.4231 0.0411 0.9052
vn -0.4257 0.4955 0.7572
vn -0.3296 0.0063 0.9441
vn -0.1939 -0.0876 0.9771
vn 0.0579 -0.0840 0.9948
vn 0.1853 -0.0896 0.9786
vn 0.0937 -0.1360 0.9863
vn -0.1730 -0.3013 0.9377
vn -0.1698 -0.3016 0.9382
vn -0.1231 -0.3587 0.9253
vn -0.1271 -0.3049 0.9439
vn -0.0326 -0.3201 0.9468
vn -0.0489 -0.1306 0.9902
vn 0.0796 -0.1263 0.9888
vn 0.0673 -0.1197 0.9905
vn 0.1536 0.0057 0.9881
vn 0.3676 -0.0237 0.9297
vn 0.4402 -0.0324 0.8973
vn 0.5336 -0.0043 0.8457
vn 0.5510 -0.1162 0.8264
vn -0.0328 -0.5446 0.8380
vn 0.0086 -0.4925 0.8703
vn 0.3162 -0.1740 0.9326
vn 0.3122 -0.0985 0.9449
vn 0.4224 -0.1505 0.8938
vn 0.5939 -0.2729 0.7568
vn 0.2601 -0.3469 0.9011
vn -0.6001 0.1465 0.7864
vn 0.2114 -0.0933 0.9729
vn 0.1677 -0.1626 0.9724
vn 0.0057 -0.1919 0.9814
vn -0.1258 -0.3582 0.9251
vn -0.1727 -0.3255 0.9296
vn -0.1643 -0.3266 0.9308
vn 0.0670 -0.0773 0.9948
vn 0.3129 -0.0291 0.9493
vn 0.5709 -0.2284 0.7886
vn 0.4553 -0.1649 0.8749
vn 0.2712 -0.1452 0.9515
vn -0.2687 -0.4467 0.8533
vn -0.0952 -0.5423 0.8348
vn 0.3103 -0.1713 0.9351
vn 0.2806 -0.0801 0.9565
vn 0.5443 -0.2917 0.7865
vn -0.2962 0.0544 0.9536
vn -0.4186 0.0118 0.9081
vn -0.7988 -0.0570 0.5989
vn -0.6710 -0.1134 0.7327
vn 0.2441 -0.1123 0.9632
vn 0.0399 -0.2477 0.9680
vn -0.1117 -0.3515 0.9295
vn -0.1306 -0.3040 0.9437
vn 0.0593 -0.0743 0.9955
vn 0.2498 -0.0218 0.9681
vn 0.2780 0.0147 0.9605
vn 0.2161 0.0225 0.9761
vn 0.2823 0.0014 0.9593
vn 0.3043 -0.0058 0.9525
vn 0.3899 0.0737 0.9179
vn 0.5332 -0.0011 0.8460
vn 0.3932 -0.2523 0.8841
vn 0.5623 -0.1466 0.8139
vn 0.4893 -0.0921 0.8672
vn 0.2746 -0.1484 0.9500
vn -0.2244 -0.5814 0.7820
vn -0.0537 -0.5068 0.8604
vn -0.0067 -0.5266 0.8501
vn 0.4066 -0.2192 0.8869
vn 0.4880 -0.2899 0.8233
vn 0.4645 -0.2161 0.8588
vn -0.5257 0.1654 0.8344
vn -0.4865 0.1258 0.8646
vn -0.6524 0.2869 0.7015
vn -0.6548 0.2856 0.6997
vn -0.7236 0.0772 0.6859
vn -0.2731 0.0578 0.9603
vn -0.0306 -0.2075 0.9778
vn -0.1382 -0.2410 0.9606
vn -0.0979 -0.3094 0.9459
vn -0.0393 -0.2974 0.9539
vn 0.2977 -0.0387 0.9539
vn 0.3149 -0.0154 0.9490
vn 0.2589 -0.0162 0.9658
vn 0.4860 -0.0312 0.8734
vn 0.4777 0.0182 0.8784
vn 0.5050 -0.1126 0.8557
vn -0.2026 -0.4943 0.8454
vn 0.2914 -0.1108 0.9502
vn 0.3130 -0.2850 0.9060
vn 0.5899 -0.2595 0.7647
vn 0.6243 -0.2728 0.7320
vn 0.5521 -0.2293 0.8016
vn 0.5102 -0.1857 0.8398
vn -0.5269 -0.1380 0.8387
vn -0.4643 0.0758 0.8824
vn -0.2928 0.1026 0.9507
vn -0.3237 0.0799 0.9428
vn 0.0259 -0.0445 0.9987
vn 0.1571 -0.1039 0.9821
vn -0.1715 -0.3137 0.9339
vn -0.1311 -0.3149 0.9400
vn -0.1310 -0.3149 0.9400
vn -0.0946 -0.2655 0.9594
vn -0.0079 -0.2699 0.9629
vn 0.2986 -0.0429 0.9534
vn 0.3038 -0.0102 0.9527
vn 0.2916 -0.0136 0.9564
vn 0.2726 -0.0102 0.9621
vn 0.3100 0.0043 0.9507
vn 0.3382 0.0533 0.9395
vn 0.4853 -0.0376 0.8735
vn 0.6024 -0.0674 0.7953
vn 0.5071 -0.1210 0.8534
vn 0.3562 -0.4909 0.7951
vn -0.1109 -0.5140 0.8506
vn 0.3157 -0.1534 0.9364
vn 0.3259 -0.1112 0.9388
vn 0.2021 -0.1956 0.9596
vn 0.5835 -0.3424 0.7364
vn 0.6145 -0.2215 0.7572
vn 0.4636 -0.2196 0.8584
vn -0.4901 0.0552 0.8699
vn -0.6050 0.2442 0.7579
vn -0.4640 0.0755 0.8826
vn -0.1624 -0.0109 0.9867
vn -0.1160 -0.2568 0.9595
vn -0.0949 -0.3228 0.9417
vn -0.0698 -0.3309 0.9411
vn 0.0912 -0.2327 0.9683
vn 0.2048 -0.1081 0.9728
vn 0.2043 -0.1080 0.9729
vn 0.5374 -0.0505 0.8418
vn 0.6284 -0.0861 0.7731
vn 0.4553 -0.1616 0.8756
vn -0.4379 -0.5190 0.7341
vn -0.1308 -0.5215 0.8432
vn -0.1508 -0.5425 0.8264
vn -0.0303 -0.4914 0.8704
vn 0.2892 -0.1254 0.9490
vn 0.5636 -0.2773 0.7781
vn -0.2221 0.3095 0.9246
vn -0.7008 0.1695 0.6929
vn -0.3896 0.2640 0.8823
vn -0.2799 0.0549 0.9585
vn -0.1897 0.0436 0.9809
vn -0.0386 -0.0610 0.9974
vn 0.2388 -0.0301 0.9706
vn 0.1906 -0.0101 0.9816
vn -0.1627 -0.2923 0.9424
vn -0.1755 -0.2643 0.9483
vn -0.1593 -0.2685 0.9500
vn -0.1276 -0.2088 0.9696
vn 0.4240 -0.1141 0.8985
vn 0.4981 -0.1042 0.8609
vn 0.5655 0.0105 0.8247
vn 0.6699 -0.1782 0.7207
vn 0.3628 -0.0818 0.9283
vn 0.5115 -0.0625 0.8570
vn 0.2976 -0.1117 0.9481
vn 0.2893 -0.1783 0.9405
vn 0.2632 -0.1689 0.9499
vn 0.3216 -0.3723 0.8706
vn 0.4273 -0.6359 0.6427
vn 0.5284 -0.5801 0.6199
vn 0.0119 -0.3044 0.9525
vn -0.3124 0.0332 0.9494
vn -0.6567 0.1454 0.7400
vn -0.7094 0.1001 0.6976
vn -0.5990 0.3097 0.7385
vn 0.1229 -0.0517 0.9911
vn 0.2132 -0.0320 0.9765
vn 0.1123 -0.0309 0.9932
vn -0.0057 -0.1254 0.9921
vn -0.0714 -0.3236 0.9435
vn -0.1302 -0.2865 0.9492
vn -0.0227 -0.2182 0.9756
vn 0.2545 -0.0280 0.9667
vn 0.2609 -0.0367 0.9647
vn 0.2696 -0.0406 0.9621
vn 0.3481 -0.0435 0.9364
vn 0.5072 -0.0701 0.8590
vn 0.5848 -0.0252 0.8108
vn 0.5395 0.0010 0.8420
vn 0.5321 -0.1005 0.8407
vn -0.1653 -0.5130 0.8423
vn -0.1106 -0.5549 0.8246
vn -0.0623 -0.5583 0.8273
vn -0.0147 -0.4973 0.8674
vn 0.3365 -0.1328 0.9323
vn 0.2727 -0.0954 0.9574
vn 0.3491 -0.1094 0.9307
vn 0.4219 -0.4690 0.7759
vn 0.5957 -0.4690 0.6521
vn 0.4026 -0.6235 0.6702
vn 0.4717 -0.3712 0.7998
vn 0.4524 -0.3650 0.8137
vn 0.3815 -0.2897 0.8778
vn -0.5183 0.2332 0.8228
vn -0.3499 0.1504 0.9246
vn -0.7418 0.1785 0.6464
vn 0.2255 -0.0715 0.9716
vn 0.1836 -0.0476 0.9819
vn 0.1720 -0.0769 0.9821
vn -0.0892 -0.2747 0.9574
vn -0.1512 -0.2841 0.9468
vn -0.1304 -0.2953 0.9465
vn 0.2422 -0.0509 0.9689
vn 0.3002 -0.0064 0.9538
vn 0.4004 -0.0660 0.9140
vn 0.4417 0.1557 0.8835
vn 0.0691 -0.2211 0.9728
vn 0.2555 -0.2093 0.9439
vn 0.2942 -0.2472 0.9232
vn -0.3844 0.2120 0.8985
vn -0.5075 0.2046 0.8370
vn -0.6572 0.2133 0.7229
vn 0.0380 -0.1476 0.9883
vn -0.1273 -0.2936 0.9474
vn -0.0637 -0.3095 0.9488
vn -0.1058 -0.3302 0.9380
vn -0.0875 -0.3404 0.9362
vn 0.0098 -0.1767 0.9842
vn 0.1142 -0.1679 0.9792
vn 0.1707 -0.0699 0.9828
vn 0.3535 -0.0418 0.9345
vn 0.5671 -0.1264 0.8139
vn 0.4135 -0.1273 0.9015
vn 0.6622 0.0239 0.7489
vn 0.5739 -0.0077 0.8189
vn 0.3197 -0.3440 0.8828
vn -0.1699 -0.5331 0.8288
vn 0.4546 -0.3642 0.8128
vn -0.3661 0.1365 0.9205
vn 0.1921 -0.0712 0.9788
vn -0.1536 -0.1969 0.9683
vn -0.1011 -0.3120 0.9447
vn 0.2736 -0.0919 0.9574
vn 0.3841 -0.1097 0.9168
vn 0.4658 -0.1566 0.8709
vn 0.5397 0.0722 0.8388
vn 0.5827 0.1280 0.8025
vn 0.4873 0.1304 0.8635
vn 0.4345 -0.0943 0.8957
vn -0.1121 -0.5665 0.8164
vn -0.0902 -0.5267 0.8453
vn 0.2634 -0.1177 0.9575
vn 0.3732 -0.3252 0.8689
vn 0.4661 -0.4042 0.7870
vn -0.3745 0.1042 0.9214
vn -0.6719 0.3841 0.6332
vn -0.2817 0.0908 0.9552
vn -0.1848 0.0995 0.9777
vn -0.0411 0.0404 0.9983
vn 0.0383 -0.1622 0.9860
vn -0.1050 -0.2701 0.9571
vn 0.2679 -0.0282 0.9630
vn 0.5591 -0.1639 0.8127
vn 0.6421 0.0079 0.7666
vn 0.5804 0.0329 0.8136
vn 0.5532 -0.1037 0.8266
vn -0.1866 -0.4933 0.8496
vn -0.1102 -0.5669 0.8164
vn 0.2769 -0.1587 0.9477
vn 0.5786 -0.4173 0.7008
vn 0.4536 -0.4111 0.7907
vn 0.5690 -0.3526 0.7429
vn 0.5024 -0.3419 0.7941
vn 0.3732 -0.3783 0.8471
vn 0.1997 -0.0160 0.9797
vn -0.6442 0.2435 0.7251
vn -0.7940 0.2468 0.5556
vn -0.6912 0.4242 0.5851
vn -0.6007 0.1645 0.7823
vn -0.2949 0.0956 0.9507
vn 0.0417 -0.0044 0.9991
vn 0.1622 0.0033 0.9867
vn 0.2166 -0.0729 0.9735
vn 0.1240 -0.1816 0.9755
vn 0.1436 -0.1142 0.9830
vn 0.2472 -0.0594 0.9671
vn 0.2968 -0.0818 0.9514
vn 0.3332 -0.0989 0.9377
vn 0.3471 -0.1210 0.9300
vn 0.5538 -0.0879 0.8280
vn 0.5692 0.0999 0.8161
vn 0.4872 0.0258 0.8729
vn 0.3463 -0.0295 0.9377
vn 0.4688 -0.0752 0.8801
vn -0.1257 -0.5511 0.8249
vn -0.0969 -0.5521 0.8282
vn 0.2622 -0.1171 0.9579
vn 0.4059 -0.1278 0.9049
vn 0.6534 -0.1715 0.7373
vn 0.6417 -0.2967 0.7072
vn 0.1623 -0.2042 0.9654
vn -0.5521 0.2818 0.7847
vn -0.3405 0.1574 0.9270
vn -0.2606 0.1132 0.9588
vn 0.1983 -0.0764 0.9772
vn 0.1840 -0.0530 0.9815
vn -0.1579 -0.1724 0.9723
vn -0.1655 -0.1658 0.9722
vn -0.1097 -0.1756 0.9783
vn -0.0844 -0.2902 0.9532
vn -0.1565 -0.2216 0.9625
vn -0.0101 -0.2297 0.9732
vn -0.0092 -0.1235 0.9923
vn 0.0933 -0.0751 0.9928
vn 0.2982 -0.0738 0.9517
vn 0.2664 -0.0276 0.9635
vn 0.2937 -0.0803 0.9525
vn 0.5948 0.0922 0.7986
vn 0.5854 0.1295 0.8003
vn -0.0908 -0.3331 0.9385
vn -0.2007 -0.2783 0.9393
vn 0.3100 -0.1869 0.9322
vn 0.3573 -0.1450 0.9227
vn 0.7097 -0.2401 0.6624
vn 0.5218 -0.2204 0.8241
vn 0.5102 0.0009 0.8600
vn -0.3688 0.0944 0.9247
vn -0.5335 0.1819 0.8260
vn -0.5893 0.2911 0.7537
vn -0.3283 0.0898 0.9403
vn -0.1078 0.0256 0.9938
vn 0.2005 -0.0893 0.9756
vn 0.1033 -0.0573 0.9930
vn 0.0205 -0.1358 0.9905
vn -0.0576 -0.1275 0.9902
vn -0.1349 -0.2266 0.9646
vn -0.0795 -0.2459 0.9660
vn 0.2010 -0.0920 0.9753
vn 0.2862 -0.0823 0.9546
vn 0.2922 -0.0847 0.9526
vn 0.4455 -0.2301 0.8652
vn 0.4903 -0.1885 0.8509
vn 0.4711 -0.1919 0.8610
vn 0.4184 -0.0864 0.9041
vn 0.5930 0.0667 0.8024
vn 0.3916 0.0218 0.9199
vn 0.1062 -0.0712 0.9918
vn 0.3321 -0.1485 0.9315
vn -0.2365 -0.4488 0.8618
vn 0.2047 -0.2560 0.9448
vn 0.3355 -0.1745 0.9257
vn 0.5573 -0.2053 0.8045
vn 0.4065 -0.2226 0.8861
vn 0.4548 -0.1136 0.8833
vn -0.7878 0.2037 0.5813
vn -0.4280 0.0592 0.9019
vn -0.3279 0.0896 0.9404
vn -0.1244 0.1398 0.9823
vn 0.2138 -0.0159 0.9767
vn -0.0536 -0.2497 0.9668
vn -0.0913 -0.2679 0.9591
vn -0.0804 -0.1574 0.9843
vn 0.3059 -0.1055 0.9462
vn 0.4936 -0.2778 0.8241
vn 0.4191 -0.0870 0.9038
vn 0.4511 0.0769 0.8892
vn 0.4893 0.2080 0.8470
vn -0.0478 -0.4327 0.9003
vn -0.1547 -0.4014 0.9027
vn -0.5335 0.1818 0.8261
vn -0.6797 0.4209 0.6007
vn 0.2117 -0.0139 0.9772
vn 0.0662 -0.0977 0.9930
vn -0.1331 -0.2477 0.9597
vn 0.3683 -0.1769 0.9127
vn 0.4508 -0.2945 0.8427
vn 0.4383 -0.2947 0.8491
vn 0.4688 -0.2759 0.8391
vn 0.7731 0.6109 0.1705
vn 0.1405 -0.1745 0.9746
vn 0.3999 0.0190 0.9164
vn 0.6266 -0.4152 0.6595
vn 0.5022 -0.1151 0.8570
vn 0.4399 -0.3378 0.8321
vn -0.5796 0.2015 0.7896
vn -0.0541 0.0701 0.9961
vn 0.0559 0.0436 0.9975
vn 0.1816 -0.0219 0.9831
vn 0.2254 -0.0458 0.9732
vn 0.2165 -0.0486 0.9751
vn -0.0766 -0.2091 0.9749
vn -0.0616 -0.2425 0.9682
vn 0.2731 -0.1363 0.9523
vn 0.3395 -0.1905 0.9211
vn 0.4212 -0.3586 0.8331
vn 0.4154 -0.1932 0.8889
vn 0.5874 0.1280 0.7991
vn 0.3337 -0.1520 0.9304
vn -0.1003 -0.6515 0.7520
vn 0.2614 -0.2001 0.9443
vn 0.3103 -0.1754 0.9343
vn 0.2668 -0.1474 0.9524
vn 0.0459 -0.1398 0.9891
vn 0.4174 -0.3455 0.8405
vn 0.6456 -0.2693 0.7146
vn 0.4604 -0.3239 0.8265
vn 0.4709 -0.4025 0.7851
vn 0.1100 -0.1089 0.9880
vn 0.0361 -0.0830 0.9959
vn -0.4106 0.0320 0.9113
vn -0.5584 0.1344 0.8186
vn -0.6443 0.4354 0.6287
vn -0.4196 0.1455 0.8960
vn -0.1938 0.0847 0.9774
vn 0.2210 -0.0433 0.9743
vn 0.1395 -0.1089 0.9842
vn -0.1581 -0.2466 0.9561
vn -0.1185 -0.2779 0.9533
vn 0.2748 -0.1506 0.9496
vn 0.2244 -0.4082 0.8849
vn 0.5236 -0.3977 0.7534
vn 0.4746 -0.3397 0.8120
vn 0.3267 -0.2143 0.9205
vn 0.3907 -0.0203 0.9203
vn 0.5246 0.1389 0.8399
vn 0.4647 0.0768 0.8821
vn 0.4185 0.0600 0.9062
vn 0.4729 -0.0326 0.8805
vn -0.1412 -0.4447 0.8845
vn -0.0168 -0.5394 0.8419
vn 0.0170 -0.5475 0.8366
vn 0.4411 -0.2894 0.8495
vn 0.6391 -0.2316 0.7334
vn 0.4897 -0.2425 0.8375
vn 0.5423 -0.3464 0.7655
vn -0.1557 0.0220 0.9876
vn -0.7138 0.2440 0.6565
vn -0.3555 0.0948 0.9298
vn -0.3293 0.1025 0.9387
vn -0.1680 -0.1457 0.9750
vn -0.0607 -0.2542 0.9652
vn -0.1851 -0.1601 0.9696
vn 0.2852 -0.1478 0.9470
vn 0.3179 -0.1975 0.9273
vn 0.4877 -0.3561 0.7971
vn 0.3758 -0.4028 0.8346
vn 0.3987 -0.1653 0.9020
vn 0.1224 0.0018 0.9925
vn 0.4865 0.1181 0.8656
vn 0.6513 -0.1145 0.7502
vn 0.3846 0.0373 0.9223
vn 0.4029 0.0077 0.9152
vn -0.5325 0.0326 0.8458
vn -0.6252 0.2547 0.7377
vn -0.4812 0.1183 0.8686
vn -0.2620 0.1169 0.9580
vn 0.0625 0.0375 0.9973
vn 0.1845 -0.0115 0.9828
vn 0.1674 -0.0648 0.9838
vn 0.0730 -0.1060 0.9917
vn -0.0694 -0.1746 0.9822
vn -0.1077 -0.2663 0.9578
vn -0.0795 -0.2458 0.9660
vn -0.0106 -0.1534 0.9881
vn 0.2427 -0.1583 0.9571
vn 0.2249 -0.1528 0.9623
vn 0.3719 -0.2141 0.9032
vn 0.3499 -0.2184 0.9110
vn 0.4536 -0.4263 0.7826
vn 0.4555 -0.3851 0.8026
vn 0.2222 0.2116 0.9518
vn 0.5514 -0.1090 0.8271
vn 0.5216 -0.1064 0.8465
vn 0.4879 -0.0190 0.8727
vn -0.0255 -0.3641 0.9310
vn 0.2525 -0.1893 0.9489
vn 0.5513 -0.2312 0.8016
vn 0.4142 -0.4527 0.7896
vn 0.1344 -0.0701 0.9884
vn -0.1595 -0.3824 0.9101
vn -0.7135 0.2471 0.6556
vn -0.7233 0.2638 0.6381
vn -0.3586 0.1208 0.9256
vn 0.1587 0.0271 0.9870
vn -0.0589 -0.1386 0.9886
vn -0.1243 -0.1768 0.9764
vn -0.0503 -0.2208 0.9740
vn -0.1288 -0.2616 0.9566
vn -0.0990 -0.1964 0.9755
vn 0.0773 -0.1734 0.9818
vn 0.0825 -0.1781 0.9806
vn 0.4096 -0.4593 0.7882
vn 0.4323 -0.4753 0.7663
vn 0.5152 -0.2665 0.8146
vn 0.4519 -0.1687 0.8760
vn 0.5067 -0.0404 0.8612
vn 0.4515 0.1925 0.8713
vn 0.5861 0.0628 0.8078
vn 0.1292 -0.2132 0.9684
vn 0.2378 -0.1832 0.9539
vn 0.7405 -0.3412 0.5790
vn 0.4023 -0.1520 0.9028
vn 0.5257 -0.3922 0.7548
vn 0.4050 -0.5389 0.7387
vn 0.1428 -0.3484 0.9264
vn -0.5401 0.1360 0.8306
vn -0.4755 0.1693 0.8632
vn -0.3470 0.1037 0.9321
vn 0.2444 -0.0166 0.9695
vn 0.1276 0.0516 0.9905
vn 0.2452 -0.0371 0.9688
vn 0.0188 -0.0939 0.9954
vn -0.0459 -0.2069 0.9773
vn -0.0245 -0.2082 0.9778
vn -0.0751 -0.2427 0.9672
vn -0.1546 -0.1850 0.9705
vn 0.3269 -0.1919 0.9254
vn 0.4288 -0.3094 0.8488
vn 0.5810 -0.3351 0.7417
vn 0.4031 -0.4588 0.7918
vn 0.4632 -0.4680 0.7526
vn 0.3331 -0.3534 0.8741
vn -0.0036 -0.1939 0.9810
vn 0.1180 -0.1828 0.9760
vn 0.3739 -0.3824 0.8449
vn 0.3258 -0.2800 0.9030
vn 0.4638 0.3221 0.8253
vn 0.0014 -0.4014 0.9159
vn 0.2018 -0.4707 0.8589
vn 0.1568 -0.2295 0.9606
vn 0.4056 -0.0934 0.9093
vn 0.7462 -0.1779 0.6415
vn -0.6123 0.3533 0.7073
vn -0.5885 0.0965 0.8027
vn -0.2118 0.1351 0.9679
vn 0.2203 0.0210 0.9752
vn 0.1418 -0.0511 0.9886
vn -0.1362 -0.1955 0.9712
vn 0.5190 -0.2150 0.8273
vn 0.2686 -0.4163 0.8687
vn 0.4385 -0.1720 0.8821
vn 0.4314 -0.1325 0.8924
vn 0.5331 -0.0445 0.8449
vn 0.3965 0.1454 0.9064
vn 0.4116 0.0972 0.9062
vn 0.4962 0.0561 0.8664
vn 0.5068 0.0768 0.8587
vn 0.4668 0.0821 0.8806
vn 0.5834 -0.0445 0.8109
vn 0.0245 -0.0818 0.9963
vn -0.2957 -0.0146 0.9552
vn -0.3945 0.0697 0.9162
vn -0.6949 0.1294 0.7074
vn -0.4103 0.0834 0.9081
vn -0.0406 0.0941 0.9947
vn 0.2253 0.0401 0.9735
vn -0.0512 -0.2068 0.9771
vn 0.2391 -0.1748 0.9551
vn 0.2803 -0.1659 0.9455
vn 0.4106 -0.3593 0.8380
vn 0.2151 -0.4101 0.8863
vn 0.5284 -0.2804 0.8014
vn 0.3801 -0.4463 0.8102
vn 0.3798 -0.4461 0.8104
vn 0.3649 -0.5624 0.7420
vn 0.3950 -0.3045 0.8668
vn 0.2310 -0.1629 0.9592
vn 0.2673 -0.1521 0.9515
vn 0.3423 -0.1924 0.9197
vn 0.5525 -0.1593 0.8182
vn 0.6982 -0.2654 0.6649
vn 0.7007 -0.2651 0.6624
vn 0.5557 -0.0959 0.8258
vn -0.6335 0.1987 0.7478
vn -0.3554 0.0955 0.9298
vn 0.2301 0.0361 0.9725
vn -0.0620 -0.2057 0.9767
vn 0.0769 -0.1980 0.9772
vn 0.3280 -0.2163 0.9196
vn 0.3263 -0.2169 0.9200
vn 0.2897 -0.3138 0.9042
vn 0.5774 -0.2582 0.7746
vn 0.5628 -0.2661 0.7826
vn 0.3529 -0.4873 0.7987
vn 0.4002 -0.5734 0.7149
vn 0.3965 -0.3209 0.8601
vn 0.8358 0.0362 0.5479
vn 0.6069 0.0185 0.7945
vn 0.5990 -0.0810 0.7966
vn 0.3758 -0.2406 0.8949
vn 0.3165 -0.2443 0.9166
vn -0.1947 -0.2050 0.9592
vn -0.5720 0.0676 0.8175
vn -0.7462 0.0614 0.6629
vn -0.3601 0.1003 0.9275
vn 0.1583 0.0239 0.9871
vn 0.2434 0.0387 0.9692
vn 0.0269 -0.0033 0.9996
vn -0.1265 -0.1319 0.9832
vn -0.0561 -0.2002 0.9781
vn 0.2529 -0.1442 0.9567
vn 0.4242 -0.3164 0.8485
vn 0.5978 -0.1825 0.7806
vn 0.4874 -0.4304 0.7597
vn 0.2111 -0.4290 0.8783
vn 0.4680 -0.3822 0.7968
vn 0.5582 -0.2980 0.7744
vn -0.0445 -0.4590 0.8873
vn 0.0566 -0.5221 0.8510
vn 0.3215 -0.2152 0.9221
vn 0.2238 -0.2276 0.9477
vn 0.3508 -0.1065 0.9304
vn 0.5076 -0.0221 0.8613
vn 0.5893 -0.0813 0.8038
vn 0.6724 -0.0087 0.7402
vn 0.5674 -0.0773 0.8198
vn 0.3684 0.0422 0.9287
vn -0.6669 -0.0696 0.7419
vn -0.6695 -0.0864 0.7378
vn -0.5706 0.0381 0.8203
vn -0.3475 0.1132 0.9308
vn -0.3685 0.1328 0.9201
vn -0.2529 0.0830 0.9639
vn -0.0316 0.0832 0.9960
vn 0.0867 0.0823 0.9928
vn 0.2031 0.0475 0.9780
vn 0.1442 -0.0649 0.9874
vn -0.1785 -0.1568 0.9714
vn 0.3325 -0.1743 0.9269
vn 0.3942 -0.2840 0.8740
vn 0.5553 -0.4188 0.7185
vn 0.3195 -0.4839 0.8147
vn 0.4843 -0.4010 0.7776
vn 0.3891 -0.2976 0.8718
vn 0.0572 -0.4950 0.8670
vn 0.3505 -0.5234 0.7767
vn 0.2045 -0.3997 0.8935
vn 0.2390 -0.4108 0.8799
vn 0.5847 -0.1434 0.7985
vn 0.1351 -0.1882 0.9728
vn 0.2158 -0.1875 0.9583
vn 0.3348 -0.1743 0.9260
vn 0.3728 -0.1979 0.9066
vn 0.6139 -0.3220 0.7207
vn 0.3530 -0.3429 0.8705
vn 0.3481 -0.3455 0.8714
vn 0.2943 -0.2695 0.9169
vn -0.4393 0.0373 0.8976
vn -0.7144 -0.0931 0.6935
vn -0.5186 0.0149 0.8549
vn -0.4083 0.0876 0.9086
vn -0.2097 0.0776 0.9747
vn -0.0103 0.0729 0.9973
vn 0.1383 0.0312 0.9899
vn 0.2206 0.0318 0.9748
vn 0.2504 0.0328 0.9676
vn 0.0802 -0.1235 0.9891
vn 0.0153 -0.0920 0.9956
vn -0.0175 -0.2141 0.9766
vn -0.0608 -0.2045 0.9770
vn -0.0604 -0.2340 0.9704
vn 0.3444 -0.1984 0.9176
vn 0.3292 -0.2998 0.8954
vn 0.5595 -0.2371 0.7942
vn 0.3822 -0.0784 0.9207
vn 0.2713 -0.5532 0.7877
vn 0.3327 -0.5107 0.7928
vn 0.3724 -0.1409 0.9173
vn 0.4445 -0.1629 0.8809
vn 0.2217 0.0041 0.9751
vn -0.4324 0.0650 0.8993
vn -0.6262 -0.2361 0.7431
vn -0.3754 0.1057 0.9208
vn 0.2267 0.0299 0.9735
vn 0.1724 0.0127 0.9849
vn -0.0346 -0.1856 0.9820
vn -0.1858 -0.1290 0.9741
vn 0.1159 -0.2215 0.9682
vn 0.4643 -0.1706 0.8691
vn 0.2918 -0.5309 0.7956
vn 0.5876 -0.1764 0.7897
vn 0.5672 -0.0611 0.8213
vn 0.2757 -0.6166 0.7374
vn 0.4052 -0.6247 0.6675
vn 0.3218 -0.5093 0.7982
vn 0.2513 -0.3615 0.8978
vn 0.1721 -0.4440 0.8793
vn 0.5897 -0.1312 0.7969
vn 0.5973 -0.1236 0.7925
vn 0.2312 -0.2118 0.9496
vn 0.4121 -0.2878 0.8645
vn 0.4260 -0.3000 0.8535
vn 0.6228 -0.1245 0.7724
vn 0.5108 -0.2246 0.8298
vn 0.6076 -0.1808 0.7734
vn 0.5552 -0.2645 0.7885
vn -0.4051 -0.1723 0.8979
vn -0.2671 0.1194 0.9562
vn 0.2329 0.0241 0.9722
vn 0.2295 0.0293 0.9729
vn 0.2293 0.0295 0.9729
vn -0.0482 -0.1898 0.9806
vn -0.1820 -0.1260 0.9752
vn -0.0358 -0.1486 0.9882
vn 0.1324 -0.1505 0.9797
vn 0.5454 -0.3777 0.7483
vn 0.4237 -0.4900 0.7618
vn 0.4780 -0.4818 0.7344
vn 0.3317 -0.5288 0.7812
vn 0.1680 -0.3375 0.9262
vn 0.3042 -0.4475 0.8410
vn 0.5030 -0.3241 0.8012
vn 0.0704 -0.2853 0.9558
vn 0.6548 0.0926 0.7501
vn 0.7379 0.1332 0.6616
vn 0.4023 -0.2452 0.8821
vn -0.4047 -0.0692 0.9118
vn -0.7243 -0.1459 0.6739
vn -0.6876 -0.2489 0.6821
vn -0.5178 -0.0649 0.8530
vn -0.4587 -0.1365 0.8781
vn -0.3037 -0.0716 0.9501
vn -0.4452 -0.0108 0.8953
vn -0.3629 -0.1405 0.9212
vn -0.3448 -0.0286 0.9383
vn 0.2029 0.0570 0.9775
vn 0.2618 0.0060 0.9651
vn 0.2046 -0.0297 0.9784
vn 0.0072 -0.2078 0.9781
vn -0.0556 -0.1746 0.9831
vn -0.1485 -0.1555 0.9766
vn -0.1523 -0.1484 0.9771
vn 0.3459 -0.1733 0.9221
vn 0.4536 -0.3427 0.8227
vn 0.6500 0.0258 0.7595
vn 0.1845 -0.4373 0.8802
vn 0.4918 -0.4104 0.7679
vn 0.3997 -0.5358 0.7438
vn 0.4261 -0.5612 0.7096
vn 0.2405 -0.5004 0.8317
vn 0.3228 -0.5291 0.7848
vn 0.1609 -0.6607 0.7332
vn 0.2138 -0.6618 0.7185
vn 0.0217 -0.3019 0.9531
vn 0.4468 -0.1694 0.8784
vn 0.2425 -0.2177 0.9454
vn 0.1473 0.0271 0.9887
vn 0.5128 -0.2123 0.8319
vn 0.4832 0.0502 0.8741
vn 0.1616 -0.0671 0.9846
vn -0.1146 0.2360 0.9650
vn -0.4983 0.0342 0.8663
vn -0.5560 0.0304 0.8306
vn -0.4586 -0.0474 0.8874
vn -0.3379 -0.0361 0.9405
vn -0.0177 0.0916 0.9956
vn 0.2329 0.0197 0.9723
vn 0.2595 0.0078 0.9657
vn 0.0038 -0.1159 0.9932
vn -0.0786 -0.1857 0.9795
vn -0.0805 -0.1690 0.9823
vn 0.0221 -0.1816 0.9831
vn 0.1089 -0.1172 0.9871
vn 0.3664 -0.2528 0.8955
vn 0.4298 -0.2260 0.8742
vn 0.3701 0.2396 0.8976
vn 0.6938 -0.2776 0.6645
vn 0.5253 -0.4537 0.7199
vn 0.4552 -0.5002 0.7366
vn 0.1580 -0.5129 0.8438
vn 0.2324 -0.5743 0.7850
vn 0.1554 -0.8298 0.5361
vn 0.5555 -0.3035 0.7741
vn 0.5121 -0.2811 0.8116
vn 0.5138 -0.2876 0.8083
vn 0.5117 -0.0977 0.8536
vn 0.4261 -0.2211 0.8773
vn 0.6592 0.0790 0.7478
vn 0.4871 0.0869 0.8690
vn 0.7979 0.0147 0.6027
vn 0.3026 -0.1253 0.9448
vn 0.1502 -0.0655 0.9865
vn -0.2568 0.2870 0.9229
vn -0.8046 -0.0615 0.5907
vn -0.4049 0.0813 0.9107
vn -0.3580 0.0944 0.9289
vn 0.0915 0.0409 0.9950
vn 0.0246 -0.1096 0.9937
vn -0.0784 -0.1824 0.9801
vn 0.3616 -0.1656 0.9175
vn 0.4610 0.2787 0.8425
vn 0.5378 -0.1890 0.8216
vn 0.4434 -0.5461 0.7107
vn 0.3778 -0.5659 0.7328
vn 0.3483 -0.5636 0.7490
vn 0.0436 -0.5418 0.8394
vn 0.3057 -0.5119 0.8028
vn -0.1756 -0.3290 0.9279
vn -0.1833 -0.3224 0.9287
vn 0.5555 -0.6165 0.5580
vn 0.2678 -0.5382 0.7991
vn 0.0451 -0.2439 0.9687
vn -0.1086 -0.1450 0.9835
vn 0.2263 -0.2152 0.9500
vn 0.5053 -0.1777 0.8444
vn 0.4086 -0.2086 0.8886
vn 0.2779 -0.1107 0.9542
vn 0.5074 -0.2770 0.8160
vn 0.5205 -0.2907 0.8028
vn 0.6014 -0.2383 0.7626
vn 0.7884 -0.1438 0.5981
vn 0.6105 0.1777 0.7718
vn -0.2625 0.3032 0.9161
vn -0.4436 -0.0479 0.8949
vn -0.6818 -0.0718 0.7280
vn -0.5049 0.0591 0.8612
vn -0.6206 0.1589 0.7678
vn -0.4024 0.0800 0.9120
vn -0.3540 0.0904 0.9309
vn -0.2152 0.0536 0.9751
vn 0.2231 0.0718 0.9721
vn 0.0203 -0.1098 0.9937
vn -0.1659 -0.1396 0.9762
vn 0.0742 0.0586 0.9955
vn 0.2940 -0.0355 0.9551
vn 0.3460 0.1135 0.9314
vn 0.4539 -0.0321 0.8905
vn 0.4801 -0.0280 0.8768
vn 0.0785 -0.5467 0.8337
vn 0.2347 -0.6142 0.7534
vn 0.1021 -0.5312 0.8411
vn -0.2006 -0.3433 0.9176
vn -0.0070 -0.8370 0.5472
vn 0.2385 -0.8615 0.4483
vn 0.4169 -0.7879 0.4533
vn 0.1368 -0.0788 0.9875
vn 0.5801 0.0438 0.8134
vn 0.5628 -0.2038 0.8011
vn -0.3072 -0.0471 0.9505
vn -0.5462 -0.0009 0.8377
vn -0.7875 0.1415 0.5999
vn -0.3203 0.1448 0.9362
vn 0.1886 0.0713 0.9795
vn 0.2866 0.0465 0.9569
vn 0.1686 0.0781 0.9826
vn -0.0480 0.1150 0.9922
vn -0.1416 -0.1258 0.9819
vn 0.6588 -0.3670 0.6567
vn 0.5228 -0.3910 0.7575
vn 0.5264 -0.3898 0.7556
vn 0.5303 -0.3854 0.7551
vn 0.4012 -0.3994 0.8243
vn 0.4222 -0.4640 0.7788
vn 0.3397 -0.6728 0.6572
vn 0.2698 -0.5276 0.8055
vn 0.2885 -0.5415 0.7897
vn 0.4551 -0.4581 0.7636
vn 0.2748 0.0177 0.9613
vn 0.1324 -0.0778 0.9881
vn 0.3092 0.0464 0.9499
vn 0.5196 -0.3745 0.7679
vn 0.5467 -0.3961 0.7377
vn -0.7806 0.0803 0.6199
vn -0.5125 0.0506 0.8572
vn 0.2053 0.0331 0.9781
vn 0.2809 0.0495 0.9585
vn 0.1752 0.0420 0.9836
vn 0.2011 0.0498 0.9783
vn -0.0093 -0.1621 0.9867
vn -0.0919 -0.1562 0.9834
vn -0.1781 -0.1395 0.9741
vn -0.0965 -0.0986 0.9904
vn 0.0215 -0.0608 0.9979
vn 0.0586 -0.1045 0.9928
vn 0.3644 -0.2518 0.8965
vn 0.6075 -0.3065 0.7328
vn 0.5887 -0.3008 0.7503
vn 0.6365 -0.3349 0.6947
vn 0.5488 -0.3455 0.7612
vn 0.4623 -0.3787 0.8018
vn 0.2155 -0.6178 0.7562
vn 0.1881 -0.5362 0.8229
vn 0.4150 -0.4369 0.7980
vn -0.0306 -0.5034 0.8635
vn 0.2108 -0.2184 0.9528
vn 0.2978 -0.2084 0.9316
vn -0.4969 0.1662 0.8517
vn -0.4894 0.1647 0.8563
vn -0.5374 0.0560 0.8415
vn -0.7981 0.0188 0.6022
vn -0.3431 -0.0436 0.9383
vn -0.3701 0.0844 0.9252
vn -0.2898 0.1098 0.9508
vn -0.0742 0.0483 0.9961
vn 0.2396 0.0568 0.9692
vn 0.2516 0.0353 0.9672
vn -0.0928 -0.1554 0.9835
vn 0.0708 -0.1406 0.9875
vn 0.2844 -0.1920 0.9393
vn 0.5228 -0.3985 0.7536
vn 0.5949 -0.5215 0.6117
vn 0.4840 -0.5061 0.7139
vn 0.3645 -0.4379 0.8218
vn 0.3650 -0.4379 0.8216
vn 0.2933 -0.3523 0.8887
vn 0.2536 -0.4021 0.8797
vn 0.4153 -0.4813 0.7720
vn 0.3049 -0.0334 0.9518
vn -0.0164 -0.3267 0.9450
vn 0.5410 -0.3609 0.7596
vn 0.5359 -0.3661 0.7608
vn 0.4855 -0.3289 0.8100
vn 0.6335 -0.2169 0.7427
vn 0.1356 -0.0431 0.9898
vn 0.1918 -0.0736 0.9787
vn -0.1966 -0.0952 0.9759
vn -0.3015 0.2877 0.9090
vn -0.5966 0.1487 0.7886
vn -0.6034 -0.0065 0.7974
vn -0.4156 0.1027 0.9037
vn -0.3922 0.1439 0.9086
vn 0.0988 0.0234 0.9948
vn 0.1864 0.0784 0.9793
vn 0.2240 0.0724 0.9719
vn 0.2146 0.1192 0.9694
vn 0.0235 -0.1419 0.9896
vn -0.1574 -0.1588 0.9747
vn -0.1983 -0.1360 0.9707
vn -0.1231 -0.1592 0.9795
vn -0.1127 -0.1614 0.9804
vn 0.3795 -0.2577 0.8886
vn 0.5821 -0.2547 0.7722
vn 0.6842 -0.3109 0.6597
vn 0.4546 -0.4269 0.7817
vn 0.3975 -0.4087 0.8216
vn 0.4039 -0.3995 0.8230
vn 0.1768 -0.7312 0.6589
vn 0.1688 -0.2668 0.9489
vn 0.4239 -0.2459 0.8717
vn 0.6308 -0.3267 0.7038
vn 0.5499 -0.3691 0.7493
vn -0.3465 -0.0605 0.9361
vn -0.4963 -0.0293 0.8676
vn -0.6415 0.3208 0.6968
vn -0.4526 0.0958 0.8865
vn -0.4464 0.0672 0.8923
vn 0.1470 0.1027 0.9838
vn 0.2304 0.0773 0.9700
vn 0.2474 0.1168 0.9618
vn -0.0025 -0.1455 0.9894
vn 0.1779 -0.1951 0.9645
vn 0.3189 -0.1689 0.9326
vn 0.5114 -0.1973 0.8364
vn 0.4231 -0.2019 0.8833
vn 0.7045 -0.2616 0.6597
vn 0.4068 -0.4598 0.7894
vn 0.1060 -0.4843 0.8685
vn 0.4631 -0.4027 0.7895
vn 0.4915 -0.4069 0.7699
vn 0.1654 -0.5809 0.7969
vn 0.3690 -0.3902 0.8435
vn 0.2836 -0.5691 0.7718
vn -0.0373 -0.3032 0.9522
vn 0.1805 -0.1194 0.9763
vn -0.4481 0.0168 0.8938
vn -0.4489 0.1222 0.8852
vn -0.3046 0.1131 0.9457
vn 0.2428 0.0688 0.9676
vn 0.2406 0.0717 0.9680
vn 0.1500 0.0856 0.9850
vn 0.0293 -0.1442 0.9891
vn -0.0764 -0.0948 0.9926
vn 0.4220 -0.2312 0.8766
vn 0.6642 -0.1926 0.7224
vn 0.5181 -0.2914 0.8042
vn 0.5077 -0.3419 0.7908
vn 0.4923 -0.6541 0.5743
vn 0.3063 -0.4456 0.8412
vn -0.0168 -0.4457 0.8950
vn 0.3282 -0.5688 0.7541
vn 0.2229 -0.6154 0.7561
vn 0.3426 -0.5915 0.7299
vn 0.2731 -0.1716 0.9466
vn 0.0079 -0.3183 0.9480
vn 0.4027 -0.2478 0.8811
vn 0.4997 -0.2507 0.8291
vn -0.6395 0.3190 0.6994
vn -0.7398 0.2650 0.6185
vn -0.6054 0.1418 0.7832
vn -0.4351 0.0982 0.8950
vn -0.1442 0.1416 0.9794
vn -0.0420 0.0927 0.9948
vn 0.2221 0.0771 0.9720
vn 0.2337 0.0715 0.9697
vn 0.2044 0.1247 0.9709
vn 0.1561 0.0858 0.9840
vn 0.1891 0.0722 0.9793
vn -0.0432 -0.0950 0.9945
vn -0.0762 -0.0949 0.9926
vn -0.0105 -0.2062 0.9785
vn 0.4052 -0.1909 0.8941
vn 0.7398 -0.3434 0.5786
vn 0.5200 -0.3300 0.7878
vn 0.7329 -0.3383 0.5903
vn 0.4991 -0.3637 0.7865
vn 0.6532 -0.3211 0.6857
vn -0.1928 -0.5697 0.7989
vn 0.0241 -0.5468 0.8369
vn 0.2768 -0.4346 0.8570
vn 0.1937 -0.4476 0.8730
vn 0.1994 -0.5674 0.7989
vn 0.3478 -0.6009 0.7197
vn -0.3574 -0.0104 0.9339
vn -0.4554 -0.0291 0.8898
vn -0.6613 0.2053 0.7215
vn -0.4293 0.0985 0.8978
vn 0.2264 0.0905 0.9698
vn 0.2114 0.0872 0.9735
vn -0.1230 -0.4140 0.9019
vn -0.1503 -0.1693 0.9740
vn -0.1042 -0.1723 0.9795
vn 0.4065 -0.2749 0.8713
vn 0.5997 -0.1849 0.7786
vn 0.5160 -0.3801 0.7676
vn 0.5933 -0.3826 0.7082
vn 0.3852 -0.4963 0.7780
vn 0.4274 -0.5999 0.6763
vn 0.4274 -0.6335 0.6449
vn 0.2149 -0.5813 0.7848
vn 0.3942 -0.3132 0.8640
vn 0.3754 -0.3024 0.8761
vn 0.1933 -0.2958 0.9355
vn 0.1552 -0.2200 0.9631
vn 0.1783 -0.3608 0.9155
vn 0.2615 -0.3887 0.8835
vn 0.5365 -0.2173 0.8154
vn 0.5832 -0.2757 0.7641
vn 0.5599 -0.2855 0.7778
vn 0.0083 -0.3154 0.9489
vn -0.0079 0.1055 0.9944
vn -0.3144 0.0720 0.9465
vn -0.4990 0.2969 0.8142
vn -0.7166 0.2233 0.6608
vn 0.2257 0.1247 0.9662
vn -0.1651 -0.1851 0.9688
vn -0.1606 -0.1857 0.9694
vn -0.1038 -0.1766 0.9788
vn 0.3054 -0.2923 0.9062
vn 0.5436 -0.5069 0.6690
vn 0.3791 -0.4453 0.8112
vn 0.3565 0.0950 0.9294
vn 0.1753 -0.2918 0.9403
vn 0.2148 -0.4432 0.8703
vn 0.3812 -0.5000 0.7776
vn 0.1720 -0.4405 0.8811
vn 0.2966 -0.5186 0.8019
vn 0.2744 -0.3243 0.9053
vn -0.0019 -0.4080 0.9130
vn -0.0882 -0.3579 0.9296
vn 0.0732 -0.3809 0.9217
vn 0.4743 -0.5595 0.6798
vn 0.6176 -0.5098 0.5989
vn 0.5540 -0.3373 0.7611
vn 0.5410 -0.3268 0.7749
vn 0.3706 -0.2950 0.8807
vn 0.2197 -0.3476 0.9115
vn -0.5262 0.0043 0.8504
vn -0.3957 -0.0256 0.9180
vn -0.4818 0.0879 0.8718
vn -0.4357 0.0465 0.8989
vn -0.4278 0.0548 0.9022
vn 0.1485 0.1000 0.9838
vn 0.2093 0.0874 0.9739
vn 0.2087 0.1167 0.9710
vn 0.1727 0.0897 0.9809
vn 0.1011 0.1149 0.9882
vn -0.0352 -0.1499 0.9881
vn 0.3745 -0.1927 0.9070
vn 0.4008 -0.2230 0.8886
vn 0.6281 -0.2981 0.7187
vn 0.5830 -0.3097 0.7511
vn 0.6247 -0.2538 0.7385
vn 0.2574 -0.5438 0.7987
vn 0.4316 -0.7368 0.5205
vn 0.4114 -0.3567 0.8388
vn 0.5761 -0.3087 0.7568
vn -0.3254 0.0906 0.9412
vn -0.5725 0.0921 0.8147
vn -0.5093 0.0839 0.8565
vn -0.2831 -0.0047 0.9591
vn -0.2880 0.1014 0.9523
vn -0.2021 0.1073 0.9735
vn -0.0442 0.0852 0.9954
vn 0.2307 0.0819 0.9696
vn 0.2386 0.0828 0.9676
vn 0.2446 0.0774 0.9665
vn 0.1929 -0.0593 0.9794
vn -0.1019 -0.2223 0.9696
vn -0.1483 -0.1478 0.9778
vn -0.0189 -0.1680 0.9856
vn 0.6274 -0.2988 0.7191
vn 0.6813 -0.4434 0.5824
vn 0.5829 -0.0680 0.8097
vn 0.6625 -0.1396 0.7359
vn 0.5480 -0.0470 0.8351
vn 0.3895 -0.4514 0.8028
vn 0.3839 -0.4531 0.8046
vn 0.4712 -0.0298 0.8815
vn 0.2242 -0.1904 0.9558
vn 0.2496 -0.6309 0.7346
vn 0.1797 -0.5716 0.8006
vn 0.3909 -0.3817 0.8376
vn 0.3703 -0.3613 0.8558
vn 0.2728 -0.5458 0.7923
vn 0.3274 0.2543 0.9100
vn 0.2467 0.3239 0.9133
vn 0.3121 0.2644 0.9125
vn -0.3366 -0.0792 0.9383
vn -0.7314 0.1077 0.6734
vn -0.3816 0.1170 0.9169
vn -0.3044 0.1127 0.9459
vn 0.2086 0.0915 0.9737
vn -0.1587 -0.1922 0.9684
vn 0.0293 -0.1915 0.9811
vn 0.1772 -0.1914 0.9654
vn 0.2004 -0.2030 0.9584
vn 0.5670 -0.2464 0.7860
vn 0.5184 -0.2538 0.8166
vn 0.5858 -0.3083 0.7495
vn 0.6165 -0.1017 0.7808
vn 0.6898 -0.3029 0.6576
vn 0.6646 -0.3369 0.6669
vn 0.4828 -0.2450 0.8408
vn 0.2929 -0.4222 0.8579
vn 0.3832 -0.2170 0.8978
vn 0.4440 -0.3037 0.8430
vn 0.2922 -0.5382 0.7905
vn 0.2194 -0.4416 0.8700
vn 0.2670 0.2835 0.9210
vn 0.4792 -0.4195 0.7709
vn 0.4852 -0.4189 0.7676
vn 0.4377 -0.1868 0.8795
vn 0.5274 0.0137 0.8495
vn -0.3681 0.1378 0.9195
vn -0.5851 0.1731 0.7923
vn -0.6247 0.2423 0.7423
vn -0.5407 0.3457 0.7669
vn -0.4482 0.0850 0.8899
vn -0.4144 0.0623 0.9080
vn -0.1452 0.0813 0.9860
vn 0.2690 0.1049 0.9574
vn -0.0933 -0.2270 0.9694
vn -0.0313 -0.2109 0.9770
vn -0.1091 -0.1499 0.9827
vn -0.1316 -0.2011 0.9707
vn -0.0867 -0.1920 0.9776
vn 0.2905 -0.3065 0.9065
vn 0.4435 -0.3850 0.8094
vn 0.3634 -0.4428 0.8197
vn 0.4186 -0.5607 0.7145
vn 0.2999 -0.6066 0.7363
vn 0.2264 -0.5640 0.7941
vn 0.2582 0.1914 0.9469
vn 0.4378 0.1227 0.8906
vn 0.2582 -0.5945 0.7615
vn 0.4376 -0.1764 0.8817
vn -0.2131 -0.0756 0.9741
vn -0.2942 -0.0241 0.9554
vn -0.4230 -0.0286 0.9057
vn -0.8035 0.2453 0.5424
vn 0.2197 0.0712 0.9730
vn 0.1735 0.0526 0.9834
vn -0.1247 -0.1899 0.9738
vn -0.1318 -0.2183 0.9669
vn -0.1581 -0.2066 0.9656
vn 0.3853 -0.2071 0.8993
vn 0.4234 -0.2034 0.8828
vn 0.6339 -0.2787 0.7215
vn 0.5221 -0.3807 0.7632
vn 0.5674 -0.3481 0.7463
vn 0.4806 -0.2921 0.8269
vn 0.5133 -0.2873 0.8087
vn 0.4555 -0.2429 0.8565
vn 0.4001 -0.4150 0.8171
vn 0.5528 -0.2607 0.7915
vn 0.4121 -0.2540 0.8750
vn 0.1831 -0.4233 0.8873
vn 0.2693 -0.4640 0.8439
vn 0.1564 -0.5733 0.8043
vn 0.7433 -0.1271 0.6568
vn 0.3039 -0.3260 0.8952
vn 0.5044 -0.4710 0.7237
vn -0.6072 0.2294 0.7607
vn -0.6518 0.2239 0.7245
vn -0.4535 0.1260 0.8823
vn -0.5003 0.1366 0.8550
vn 0.1502 0.1054 0.9830
vn 0.1567 0.1012 0.9824
vn 0.2360 0.1116 0.9653
vn 0.2188 0.0716 0.9731
vn 0.1827 0.0486 0.9820
vn 0.2101 0.1029 0.9723
vn -0.0953 -0.2109 0.9729
vn 0.6452 -0.3985 0.6519
vn 0.5223 -0.3063 0.7959
vn 0.2355 -0.4578 0.8573
vn 0.6767 -0.2620 0.6880
vn 0.3843 -0.3028 0.8721
vn 0.4049 -0.4833 0.7762
vn 0.0246 -0.2856 0.9580
vn 0.5978 -0.0020 0.8017
vn 0.5047 -0.4719 0.7229
vn 0.4131 -0.4889 0.7683
vn 0.4187 -0.1792 0.8903
vn -0.1999 -0.1912 0.9610
vn -0.4148 0.1639 0.8950
vn -0.4309 0.1641 0.8873
vn -0.3867 0.1046 0.9162
vn -0.4296 0.0874 0.8988
vn -0.4692 0.0993 0.8775
vn -0.3906 0.1009 0.9150
vn 0.2188 0.1100 0.9695
vn 0.2085 0.0915 0.9737
vn -0.0798 -0.2401 0.9675
vn 0.3389 -0.2572 0.9050
vn 0.6219 -0.4034 0.6712
vn 0.5313 -0.1425 0.8351
vn 0.5870 -0.3010 0.7516
vn 0.5593 -0.3072 0.7700
vn 0.0878 -0.4935 0.8653
vn 0.4435 0.1059 0.8900
vn 0.9062 -0.0084 0.4228
vn 0.5874 0.1785 0.7894
vn -0.3572 -0.0977 0.9289
vn -0.5822 0.1757 0.7938
vn -0.8269 0.0885 0.5553
vn -0.3060 0.0782 0.9488
vn 0.2341 0.1160 0.9653
vn -0.1344 -0.2169 0.9669
vn 0.2130 -0.2412 0.9468
vn 0.6094 -0.4169 0.6744
vn 0.5573 -0.4049 0.7249
vn 0.5521 -0.3926 0.7355
vn 0.3400 -0.2575 0.9045
vn 0.4092 -0.3360 0.8483
vn 0.5650 -0.3028 0.7676
vn 0.6191 -0.0389 0.7843
vn 0.6426 -0.0989 0.7598
vn 0.3270 -0.3667 0.8710
vn 0.4227 -0.3092 0.8519
vn 0.3254 -0.1017 0.9401
vn -0.6925 0.2584 0.6736
vn -0.1356 0.0874 0.9869
vn 0.2459 0.1032 0.9638
vn 0.2524 0.0751 0.9647
vn 0.6041 -0.5397 0.5864
vn 0.5069 -0.4260 0.7494
vn 0.4482 -0.3495 0.8228
vn 0.3995 -0.4473 0.8002
vn 0.3314 -0.3916 0.8584
vn 0.4064 -0.2449 0.8802
vn 0.4426 -0.3044 0.8435
vn 0.4175 -0.3430 0.8415
vn 0.5273 -0.3550 0.7720
vn 0.0957 -0.3220 0.9419
vn 0.1457 -0.2886 0.9463
vn 0.0828 -0.2537 0.9637
vn 0.3587 0.0410 0.9326
vn 0.2111 0.0741 0.9747
vn 0.6164 0.0917 0.7821
vn 0.6836 -0.0822 0.7252
vn 0.2655 -0.2987 0.9167
vn -0.4707 0.3181 0.8230
vn -0.5639 0.3025 0.7685
vn -0.6182 0.2660 0.7397
vn -0.5877 0.2668 0.7638
vn -0.3451 0.1104 0.9320
vn 0.0244 0.0563 0.9981
vn 0.2228 0.0305 0.9744
vn -0.1119 -0.2824 0.9527
vn -0.1418 -0.2547 0.9566
vn -0.1560 -0.2481 0.9561
vn -0.0929 -0.2195 0.9712
vn 0.1708 -0.2613 0.9500
vn 0.6694 -0.2809 0.6877
vn 0.5645 -0.5289 0.6337
vn 0.5106 -0.6283 0.5869
vn 0.4930 -0.4530 0.7428
vn 0.5675 -0.2793 0.7745
vn -0.1388 0.1231 0.9826
vn -0.0854 0.1381 0.9867
vn 0.7333 -0.0794 0.6753
vn 0.6831 -0.0866 0.7252
vn 0.6105 0.0187 0.7918
vn 0.3258 -0.0636 0.9433
vn -0.5132 0.2500 0.8210
vn -0.6563 0.2236 0.7206
vn -0.5678 0.0499 0.8216
vn -0.7380 -0.0140 0.6746
vn -0.6991 0.0838 0.7101
vn -0.3662 0.0718 0.9278
vn -0.4155 0.0973 0.9044
vn -0.3594 0.0801 0.9297
vn 0.2306 0.1162 0.9661
vn 0.1939 0.0632 0.9790
vn 0.2212 0.0322 0.9747
vn 0.2014 0.0347 0.9789
vn 0.2075 0.1066 0.9724
vn -0.1507 -0.2565 0.9547
vn -0.1705 -0.2262 0.9590
vn 0.0384 -0.2261 0.9733
vn 0.3554 -0.2890 0.8889
vn 0.6323 -0.2215 0.7424
vn 0.4839 -0.2009 0.8518
vn 0.5789 -0.3084 0.7548
vn 0.6708 -0.2968 0.6797
vn 0.6213 -0.2414 0.7454
vn 0.6051 -0.2295 0.7624
vn 0.4676 -0.4470 0.7626
vn 0.3637 -0.3067 0.8796
vn 0.3320 -0.3738 0.8661
vn 0.3359 -0.3455 0.8763
vn -0.1176 0.1667 0.9790
vn 0.2394 -0.2083 0.9483
vn -0.5171 0.2191 0.8274
vn -0.4570 0.0870 0.8852
vn -0.4556 0.0845 0.8862
vn 0.0121 0.1182 0.9929
vn 0.2481 0.1198 0.9613
vn 0.1923 -0.0006 0.9813
vn 0.2002 0.0014 0.9798
vn 0.1947 0.0092 0.9808
vn -0.1241 -0.2373 0.9635
vn -0.0372 -0.2395 0.9702
vn 0.7364 -0.3904 0.5525
vn 0.5579 -0.4559 0.6935
vn 0.5557 -0.4150 0.7204
vn 0.5731 -0.2843 0.7686
vn 0.2667 -0.3528 0.8969
vn 0.4467 -0.3765 0.8116
vn 0.4803 -0.0094 0.8770
vn 0.4543 0.0213 0.8906
vn 0.1700 -0.0154 0.9853
vn -0.1647 -0.0614 0.9844
vn -0.1689 0.1892 0.9673
vn 0.2880 -0.0225 0.9574
vn 0.6128 0.1244 0.7804
vn 0.6038 -0.0006 0.7971
vn 0.6337 0.0063 0.7736
vn 0.4516 -0.1275 0.8830
vn 0.1659 -0.1794 0.9697
vn -0.4853 0.3011 0.8209
vn -0.5434 0.0902 0.8346
vn -0.5868 0.1644 0.7929
vn -0.4544 0.0842 0.8868
vn -0.4250 0.0583 0.9033
vn 0.0455 0.0914 0.9948
vn 0.1658 0.1118 0.9798
vn 0.2262 0.1265 0.9658
vn 0.2847 0.0626 0.9566
vn 0.2422 0.0367 0.9695
vn -0.1748 -0.3395 0.9242
vn 0.1325 -0.1708 0.9763
vn 0.3423 -0.2174 0.9141
vn 0.3667 -0.2044 0.9076
vn 0.6832 -0.1591 0.7127
vn 0.7624 -0.1172 0.6363
vn 0.5145 -0.2611 0.8168
vn 0.6357 -0.3817 0.6710
vn 0.3098 -0.4442 0.8407
vn 0.4057 -0.3038 0.8620
vn 0.3468 -0.4166 0.8404
vn 0.4139 -0.3467 0.8417
vn -0.0586 0.0854 0.9946
vn 0.4604 -0.0999 0.8821
vn 0.4800 -0.1912 0.8562
vn 0.6571 -0.2542 0.7097
vn 0.6718 -0.2950 0.6795
vn 0.9116 -0.1208 0.3929
vn 0.3999 -0.0967 0.9115
vn -0.5491 0.0139 0.8357
vn -0.6434 0.3113 0.6993
vn -0.4136 0.0586 0.9086
vn 0.2195 -0.0552 0.9741
vn 0.1822 -0.0366 0.9826
vn 0.4130 -0.0954 0.9057
vn 0.4157 -0.0968 0.9043
vn -0.1225 -0.4498 0.8847
vn -0.1394 -0.2921 0.9462
vn 0.5483 -0.3076 0.7776
vn 0.5677 -0.2931 0.7693
vn 0.5981 -0.2843 0.7493
vn 0.7411 0.0720 0.6675
vn 0.5450 -0.3687 0.7530
vn 0.5199 -0.3551 0.7769
vn 0.5697 -0.2721 0.7755
vn -0.0546 0.1787 0.9824
vn -0.3917 0.0523 0.9186
vn 0.4310 -0.2352 0.8712
vn 0.5877 -0.1837 0.7880
vn 0.5948 -0.1703 0.7856
vn 0.6901 -0.1540 0.7071
vn 0.5696 -0.1466 0.8087
vn 0.1859 -0.2153 0.9587
vn -0.4977 0.0475 0.8661
vn -0.5967 0.0999 0.7962
vn -0.6475 0.2539 0.7185
vn -0.4698 0.1066 0.8763
vn -0.3607 0.0486 0.9314
vn -0.3454 0.1362 0.9285
vn -0.1500 0.1113 0.9824
vn -0.0821 0.0843 0.9930
vn 0.2454 0.1188 0.9621
vn 0.2655 0.1051 0.9584
vn 0.2704 0.0930 0.9582
vn 0.2517 -0.0679 0.9654
vn 0.2182 -0.0573 0.9742
vn 0.1516 0.1706 0.9736
vn 0.1896 0.1039 0.9763
vn -0.2210 -0.3785 0.8988
vn -0.1929 -0.3193 0.9278
vn 0.6443 -0.2006 0.7380
vn 0.6509 -0.3391 0.6792
vn 0.7288 -0.0877 0.6791
vn 0.4994 -0.3061 0.8105
vn 0.4336 -0.2953 0.8514
vn 0.2964 -0.3754 0.8782
vn 0.3904 -0.4038 0.8273
vn 0.4223 -0.2804 0.8620
vn 0.4158 -0.3533 0.8381
vn 0.3213 -0.4295 0.8440
vn 0.3529 -0.4339 0.8290
vn -0.3423 0.5300 0.7758
vn 0.1149 -0.2991 0.9473
vn -0.5613 0.0937 0.8223
vn -0.5739 0.0103 0.8188
vn -0.7048 0.0201 0.7091
vn -0.4226 0.0521 0.9048
vn -0.2901 0.0900 0.9528
vn 0.2740 -0.0264 0.9614
vn 0.2757 -0.0274 0.9608
vn 0.1604 0.1787 0.9707
vn 0.1643 0.1481 0.9752
vn -0.0450 -0.2125 0.9761
vn 0.5320 -0.2553 0.8073
vn 0.6368 -0.3480 0.6880
vn 0.5473 -0.0668 0.8343
vn 0.3363 -0.4078 0.8489
vn 0.3561 -0.4025 0.8433
vn 0.2948 -0.3181 0.9011
vn -0.2400 -0.0101 0.9707
vn -0.3229 0.5233 0.7886
vn 0.4035 -0.2019 0.8924
vn 0.4922 -0.1742 0.8529
vn 0.3670 -0.3644 0.8559
vn -0.5468 0.1265 0.8276
vn -0.5454 0.1422 0.8260
vn -0.6947 -0.0250 0.7189
vn -0.4542 0.0863 0.8867
vn -0.4190 0.1123 0.9010
vn 0.0771 0.1938 0.9780
vn 0.3064 0.0753 0.9489
vn 0.0965 0.2382 0.9664
vn 0.2076 0.1249 0.9702
vn -0.2087 -0.4314 0.8777
vn 0.0191 -0.2295 0.9731
vn 0.5225 -0.1869 0.8319
vn 0.4217 -0.1733 0.8900
vn 0.4423 -0.3208 0.8375
vn -0.2533 0.5447 0.7995
vn -0.3441 0.5282 0.7763
vn 0.4350 -0.1560 0.8868
vn 0.6742 -0.2445 0.6969
vn 0.4690 -0.2107 0.8577
vn 0.5980 -0.2527 0.7606
vn 0.4446 -0.2826 0.8500
vn 0.0328 0.0250 0.9992
vn -0.5391 0.2254 0.8115
vn -0.5415 0.0845 0.8365
vn -0.4019 0.1033 0.9098
vn -0.4676 0.1065 0.8775
vn -0.4216 0.1250 0.8981
vn -0.3918 0.1094 0.9135
vn -0.0619 0.1196 0.9909
vn 0.1838 0.0963 0.9782
vn -0.1580 -0.4895 0.8576
vn -0.1552 -0.3720 0.9152
vn -0.2211 -0.4796 0.8492
vn -0.1569 -0.2735 0.9490
vn 0.7514 -0.3353 0.5683
vn 0.6453 -0.3403 0.6839
vn 0.5484 -0.3640 0.7529
vn 0.4416 -0.3136 0.8406
vn 0.4744 -0.3449 0.8099
vn 0.0669 -0.0714 0.9952
vn -0.0504 -0.0091 0.9987
vn -0.4103 0.1475 0.9000
vn 0.6678 -0.2497 0.7012
vn 0.5838 -0.1740 0.7930
vn 0.6871 -0.1644 0.7077
vn 0.6195 -0.1908 0.7614
vn -0.0065 -0.0616 0.9981
vn -0.3159 0.2840 0.9053
vn -0.5489 0.1403 0.8240
vn -0.4237 0.0526 0.9043
vn -0.4041 0.1395 0.9040
vn -0.2985 0.0435 0.9534
vn -0.1202 0.1531 0.9809
vn 0.2336 0.1200 0.9649
vn 0.4194 -0.0683 0.9052
vn -0.2507 -0.4269 0.8688
vn -0.2171 -0.4328 0.8749
vn 0.5360 -0.2434 0.8084
vn 0.6138 -0.3501 0.7076
vn 0.6390 -0.3364 0.6918
vn 0.5182 -0.4054 0.7531
vn 0.6778 -0.4278 0.5980
vn 0.6572 -0.3507 0.6672
vn 0.3942 -0.3585 0.8462
vn 0.3610 -0.3396 0.8685
vn 0.3561 -0.3264 0.8756
vn 0.3666 -0.3286 0.8704
vn 0.4598 -0.2515 0.8516
vn 0.4254 -0.2505 0.8697
vn 0.4657 -0.1935 0.8635
vn -0.3634 0.3787 0.8512
vn 0.4190 -0.1555 0.8946
vn -0.0059 -0.0627 0.9980
vn -0.5031 0.0864 0.8599
vn -0.5403 0.1630 0.8256
vn -0.6856 -0.0419 0.7268
vn 0.2453 0.1190 0.9621
vn 0.2833 0.1096 0.9527
vn 0.3009 0.0977 0.9486
vn 0.3247 0.0855 0.9420
vn 0.1676 0.2131 0.9626
vn 0.1039 0.2504 0.9626
vn 0.1626 0.1777 0.9706
vn 0.1875 0.1474 0.9712
vn 0.2988 0.0829 0.9507
vn 0.4727 0.0496 0.8798
vn 0.4090 0.1339 0.9027
vn 0.0194 -0.3006 0.9535
vn 0.3721 -0.2692 0.8883
vn 0.6837 -0.2644 0.6802
vn 0.5537 -0.3171 0.7700
vn 0.4321 -0.3516 0.8305
vn 0.4811 -0.3210 0.8158
vn 0.3114 -0.0111 0.9502
vn -0.4058 0.1130 0.9070
vn -0.4914 0.2770 0.8257
vn -0.4137 0.3076 0.8569
vn 0.4349 -0.2154 0.8744
vn 0.5046 -0.2973 0.8106
vn -0.4772 0.0986 0.8733
vn -0.5933 0.1729 0.7862
vn -0.4626 0.0927 0.8817
vn -0.4361 0.1218 0.8916
vn -0.4548 0.1468 0.8784
vn -0.0891 0.2546 0.9629
vn 0.1605 0.1784 0.9708
vn 0.2066 0.1421 0.9681
vn 0.4453 0.1173 0.8877
vn -0.1165 -0.4315 0.8946
vn -0.2353 -0.3877 0.8912
vn -0.2423 -0.3869 0.8897
vn -0.1066 -0.4046 0.9083
vn 0.1085 -0.3697 0.9228
vn 0.3470 -0.3072 0.8861
vn 0.5297 -0.2322 0.8158
vn 0.6967 -0.2370 0.6771
vn 0.6029 -0.2724 0.7499
vn 0.5897 -0.6546 0.4731
vn 0.4489 -0.3117 0.8375
vn 0.3973 -0.3128 0.8627
vn 0.3638 -0.0139 0.9314
vn 0.3825 -0.1684 0.9085
vn 0.3656 -0.1546 0.9178
vn -0.1575 0.1718 0.9725
vn 0.6354 -0.3961 0.6628
vn 0.4875 -0.3582 0.7963
vn 0.4944 -0.4110 0.7659
vn 0.7237 -0.2526 0.6422
vn 0.5406 -0.2368 0.8073
vn 0.3382 -0.2886 0.8957
vn -0.0899 -0.2234 0.9706
vn -0.4990 0.1411 0.8550
vn -0.5196 0.1616 0.8390
vn -0.6567 0.1543 0.7382
vn -0.4900 0.0555 0.8700
vn -0.4262 0.1131 0.8975
vn 0.2238 0.1422 0.9642
vn 0.2740 0.1428 0.9511
vn 0.1755 0.1918 0.9656
vn -0.2116 -0.4525 0.8663
vn 0.5861 -0.4893 0.6458
vn 0.5334 -0.5302 0.6591
vn 0.4869 -0.3799 0.7865
vn 0.4023 -0.2684 0.8753
vn 0.3964 -0.2671 0.8784
vn 0.4630 -0.1903 0.8657
vn 0.1902 -0.2212 0.9565
vn -0.1886 -0.0607 0.9802
vn 0.5769 -0.4472 0.6835
vn 0.6049 -0.3798 0.6998
vn -0.5423 -0.0396 0.8392
vn -0.3911 0.1134 0.9133
vn -0.3467 0.1480 0.9262
vn -0.2967 0.1033 0.9494
vn -0.1220 0.1543 0.9805
vn -0.0312 0.1888 0.9815
vn 0.1250 0.1386 0.9824
vn 0.1921 0.1604 0.9682
vn 0.2775 0.1206 0.9531
vn 0.2781 0.1746 0.9446
vn 0.2842 0.1728 0.9431
vn 0.2080 0.2359 0.9492
vn 0.5424 -0.0040 0.8401
vn -0.1768 -0.4813 0.8586
vn -0.2529 -0.4850 0.8372
vn -0.0703 -0.4735 0.8780
vn 0.6526 -0.1317 0.7462
vn 0.8359 -0.2582 0.4843
vn 0.8275 -0.1854 0.5299
vn 0.6496 -0.2200 0.7278
vn 0.7270 -0.1455 0.6710
vn 0.5007 -0.2540 0.8275
vn 0.5593 -0.6522 0.5117
vn 0.4383 -0.3116 0.8430
vn 0.4690 -0.3854 0.7947
vn 0.3087 -0.3816 0.8713
vn 0.3922 -0.1550 0.9067
vn -0.5065 0.1873 0.8416
vn 0.6271 -0.2119 0.7496
vn -0.5079 0.1403 0.8499
vn -0.5044 0.0276 0.8630
vn -0.6074 0.1960 0.7699
vn -0.4316 0.1312 0.8925
vn -0.4162 0.1427 0.8980
vn 0.3175 0.1130 0.9415
vn 0.1556 0.1945 0.9685
vn 0.1936 0.1204 0.9737
vn 0.2338 0.0996 0.9672
vn 0.2852 0.0802 0.9551
vn -0.1395 -0.4357 0.8892
vn 0.0481 -0.4199 0.9063
vn 0.6986 -0.2453 0.6722
vn 0.6367 -0.2224 0.7384
vn 0.4053 -0.3351 0.8505
vn 0.3954 -0.3157 0.8625
vn 0.2455 -0.2851 0.9265
vn 0.4168 -0.4392 0.7958
vn 0.3772 -0.4404 0.8147
vn 0.3928 -0.2285 0.8908
vn -0.4277 0.4034 0.8089
vn -0.4007 0.3894 0.8293
vn 0.5617 -0.1298 0.8171
vn 0.5082 -0.2656 0.8192
vn 0.6398 -0.3288 0.6946
vn 0.5387 -0.2340 0.8094
vn 0.5221 -0.1802 0.8336
vn -0.2293 -0.0306 0.9729
vn -0.5585 0.0761 0.8260
vn -0.6203 0.1479 0.7703
vn -0.6067 0.0940 0.7893
vn -0.4959 0.0840 0.8643
vn -0.4437 0.0857 0.8921
vn -0.4264 0.0527 0.9030
vn -0.3297 0.1782 0.9271
vn -0.1712 0.2013 0.9645
vn 0.0861 0.1628 0.9829
vn 0.1582 0.1797 0.9709
vn 0.2879 0.1381 0.9476
vn -0.2798 -0.4447 0.8509
vn 0.3480 -0.3082 0.8854
vn 0.5114 -0.2749 0.8142
vn 0.5468 -0.3888 0.7415
vn 0.4087 -0.4059 0.8175
vn 0.4265 -0.2613 0.8659
vn 0.0947 -0.1010 0.9904
vn -0.5081 0.1844 0.8413
vn -0.5209 0.3411 0.7825
vn -0.5539 0.3379 0.7609
vn -0.3350 0.2697 0.9028
vn 0.5600 -0.2887 0.7765
vn 0.6073 -0.2313 0.7601
vn -0.2303 -0.0309 0.9726
vn -0.4469 -0.0499 0.8932
vn -0.3140 0.2937 0.9029
vn -0.6508 0.1611 0.7420
vn -0.4952 0.0835 0.8648
vn -0.4169 0.1525 0.8961
vn -0.0620 0.1809 0.9815
vn 0.2839 0.1361 0.9492
vn 0.2759 0.1712 0.9458
vn 0.1843 0.1553 0.9705
vn 0.2367 0.1029 0.9661
vn 0.5062 0.1748 0.8445
vn -0.1456 -0.6021 0.7850
vn -0.2711 -0.4975 0.8240
vn -0.2843 -0.4922 0.8227
vn 0.6287 -0.1996 0.7516
vn 0.8227 -0.2120 0.5274
vn 0.3843 -0.3707 0.8455
vn 0.5331 -0.2276 0.8149
vn 0.2932 -0.3605 0.8855
vn 0.3539 -0.3693 0.8593
vn 0.2940 -0.2720 0.9163
vn -0.2640 0.0480 0.9633
vn 0.5859 -0.1955 0.7865
vn 0.6270 -0.1578 0.7629
vn 0.5308 -0.1905 0.8258
vn 0.2910 -0.0721 0.9540
vn -0.5270 0.1130 0.8423
vn -0.5508 0.0407 0.8336
vn -0.4817 0.0889 0.8718
vn -0.4394 0.1109 0.8914
vn -0.3361 0.1604 0.9281
vn 0.1941 0.1611 0.9677
vn 0.2342 0.1678 0.9576
vn 0.3093 0.1290 0.9422
vn 0.1572 0.2298 0.9605
vn 0.4109 0.1197 0.9038
vn 0.4594 0.1159 0.8806
vn 0.3297 0.1681 0.9290
vn 0.0434 -0.4146 0.9090
vn 0.5544 -0.1556 0.8175
vn 0.6320 -0.1585 0.7586
vn 0.7735 -0.2590 0.5785
vn 0.8432 -0.2629 0.4689
vn 0.5941 -0.4397 0.6736
vn 0.7264 -0.4039 0.5560
vn 0.3882 -0.3895 0.8352
vn 0.5736 -0.4228 0.7016
vn 0.4814 -0.3953 0.7823
vn 0.3923 -0.3997 0.8285
vn 0.1986 0.0640 0.9780
vn 0.5366 -0.1484 0.8307
vn -0.4548 0.0914 0.8859
vn -0.5412 0.1247 0.8316
vn -0.6433 -0.1007 0.7589
vn 0.1284 0.2042 0.9705
vn 0.2668 0.1718 0.9483
vn 0.2166 0.1345 0.9670
vn 0.1973 0.1354 0.9709
vn 0.5203 0.0456 0.8528
vn -0.3269 -0.4252 0.8440
vn -0.4050 -0.3273 0.8537
vn -0.1358 -0.4244 0.8953
vn 0.0685 -0.3844 0.9206
vn 0.2430 -0.3936 0.8866
vn 0.5331 -0.2892 0.7951
vn 0.6586 -0.2825 0.6974
vn 0.6597 -0.3559 0.6620
vn 0.4513 -0.2447 0.8582
vn 0.4056 -0.1745 0.8972
vn 0.2075 0.0420 0.9773
vn -0.0488 0.1768 0.9830
vn -0.5123 0.1922 0.8370
vn -0.6271 0.1639 0.7615
vn -0.3503 0.4797 0.8045
vn 0.6064 -0.1723 0.7762
vn 0.5166 -0.2951 0.8038
vn 0.6187 -0.1584 0.7695
vn -0.4348 0.2235 0.8723
vn -0.5800 0.1361 0.8032
vn -0.5056 0.1414 0.8511
vn -0.5855 0.2320 0.7768
vn -0.4948 0.0796 0.8653
vn -0.4241 0.0863 0.9015
vn -0.4825 0.0869 0.8715
vn -0.4478 0.1198 0.8861
vn 0.2022 0.1318 0.9704
vn 0.2359 0.1112 0.9654
vn 0.2696 0.1014 0.9576
vn 0.3584 0.0860 0.9296
vn 0.4183 0.2454 0.8745
vn -0.2679 -0.4341 0.8601
vn -0.1531 -0.4100 0.8991
vn 0.7528 -0.4373 0.4919
vn 0.4475 -0.2713 0.8521
vn 0.3443 -0.2830 0.8952
vn 0.3033 -0.3469 0.8875
vn -0.7169 0.3999 0.5711
vn -0.5549 0.3698 0.7453
vn -0.5641 0.3774 0.7344
vn 0.5001 -0.2654 0.8243
vn 0.7249 -0.1622 0.6695
vn 0.5208 -0.3188 0.7919
vn 0.5218 -0.1476 0.8402
vn 0.2720 -0.1896 0.9434
vn -0.2668 -0.3390 0.9022
vn -0.3519 0.0541 0.9345
vn -0.4931 0.0819 0.8661
vn -0.4309 0.1207 0.8943
vn -0.4527 0.1454 0.8797
vn -0.2647 0.1332 0.9551
vn -0.0565 0.1764 0.9827
vn 0.2879 0.1540 0.9452
vn 0.2207 0.1903 0.9566
vn 0.6040 -0.2470 0.7578
vn 0.6423 -0.3234 0.6949
vn 0.4420 -0.2778 0.8529
vn 0.3920 -0.1841 0.9014
vn 0.2069 0.0385 0.9776
vn -0.4351 0.3971 0.8081
vn 0.6204 -0.2209 0.7525
vn 0.5491 -0.2322 0.8029
vn -0.2446 0.1427 0.9591
vn -0.5801 0.0385 0.8136
vn -0.5412 0.0984 0.8351
vn -0.6045 0.1733 0.7775
vn -0.4391 0.1022 0.8926
vn -0.4717 0.0703 0.8790
vn -0.3312 0.1117 0.9369
vn 0.2649 0.1428 0.9537
vn 0.2757 0.1425 0.9506
vn 0.2668 0.1708 0.9485
vn 0.2591 0.1988 0.9452
vn 0.4521 0.0999 0.8863
vn -0.3299 -0.2893 0.8986
vn -0.2387 -0.3843 0.8918
vn 0.5620 -0.1376 0.8156
vn 0.8155 -0.1618 0.5557
vn 0.4590 -0.2874 0.8407
vn 0.4504 -0.2777 0.8486
vn 0.4535 -0.3293 0.8282
vn 0.5608 -0.2771 0.7802
vn 0.5049 -0.2691 0.8202
vn 0.4603 -0.3490 0.8163
vn 0.2641 -0.2940 0.9186
vn 0.2804 -0.1498 0.9481
vn -0.5139 0.1856 0.8376
vn 0.6206 -0.2206 0.7524
vn 0.4846 -0.1474 0.8622
vn 0.5636 -0.1780 0.8066
vn 0.5688 -0.0138 0.8224
vn -0.5452 0.0971 0.8326
vn -0.6847 0.2232 0.6938
vn -0.4941 -0.0045 0.8694
vn -0.5031 0.0687 0.8615
vn -0.3684 0.1767 0.9127
vn 0.2106 0.1548 0.9653
vn 0.2075 0.1169 0.9712
vn 0.2746 0.1047 0.9558
vn 0.4565 0.1233 0.8812
vn 0.5298 0.0691 0.8453
vn -0.1456 -0.4025 0.9038
vn 0.2326 -0.4452 0.8647
vn 0.1600 -0.3517 0.9224
vn 0.5326 -0.2897 0.7952
vn 0.5730 -0.1977 0.7953
vn 0.8323 -0.2043 0.5153
vn 0.4515 -0.3274 0.8301
vn 0.1908 -0.2794 0.9410
vn 0.3560 -0.1668 0.9195
vn 0.0512 -0.1341 0.9896
vn 0.5612 -0.2891 0.7755
vn -0.2891 0.0955 0.9525
vn -0.4270 0.0846 0.9003
vn -0.6662 0.0365 0.7448
vn 0.2909 0.1524 0.9445
vn 0.2403 0.1497 0.9591
vn 0.2117 0.1244 0.9694
vn 0.2072 0.1164 0.9714
vn 0.4683 0.1150 0.8760
vn 0.3335 0.1893 0.9235
vn 0.5559 -0.1033 0.8248
vn 0.8325 -0.2136 0.5111
vn 0.4770 -0.2448 0.8441
vn 0.4630 -0.0963 0.8811
vn 0.2773 -0.0744 0.9579
vn 0.2024 -0.1741 0.9637
vn 0.2124 0.0442 0.9762
vn -0.6216 0.3420 0.7048
vn -0.7461 0.3138 0.5872
vn -0.7400 0.3105 0.5967
vn -0.5681 0.3644 0.7379
vn -0.4281 0.2776 0.8601
vn 0.5115 -0.2537 0.8210
vn 0.6008 -0.1974 0.7747
vn -0.5627 0.0007 0.8267
vn -0.5566 0.0805 0.8269
vn -0.4686 -0.0615 0.8813
vn -0.6050 0.0456 0.7949
vn -0.3849 0.1870 0.9038
vn -0.5652 0.0588 0.8228
vn -0.5258 -0.0056 0.8506
vn -0.2838 0.1646 0.9446
vn 0.1997 0.1313 0.9710
vn 0.2676 0.1712 0.9482
vn 0.1956 0.1924 0.9616
vn 0.2283 0.1018 0.9683
vn -0.2432 -0.4245 0.8722
vn -0.0885 -0.5132 0.8537
vn 0.1177 -0.4559 0.8822
vn 0.8161 -0.1560 0.5564
vn 0.4696 -0.3987 0.7877
vn 0.4373 -0.5211 0.7329
vn 0.4750 -0.1440 0.8681
vn 0.3680 -0.1621 0.9156
vn -0.4687 0.3396 0.8155
vn 0.6278 -0.3160 0.7114
vn 0.6358 -0.3236 0.7008
vn -0.2895 0.1082 0.9510
vn -0.4860 0.0920 0.8691
vn -0.5031 0.0061 0.8642
vn -0.5540 0.1509 0.8187
vn -0.5134 -0.0335 0.8575
vn -0.5290 0.0536 0.8470
vn -0.4534 0.0403 0.8904
vn -0.2941 0.0467 0.9546
vn -0.4429 0.1080 0.8900
vn -0.4224 0.1009 0.9008
vn 0.2342 0.1087 0.9661
vn 0.2507 0.1240 0.9601
vn 0.2751 0.1633 0.9474
vn 0.3499 0.1097 0.9304
vn 0.5298 0.0868 0.8437
vn 0.6936 -0.0506 0.7186
vn 0.2706 -0.4556 0.8481
vn 0.4981 -0.2445 0.8319
vn 0.5715 -0.2023 0.7953
vn 0.3252 -0.2520 0.9115
vn 0.5233 -0.3209 0.7894
vn 0.4411 -0.3421 0.8297
vn 0.2100 -0.1940 0.9583
vn -0.1378 0.0155 0.9903
vn -0.6062 0.0572 0.7932
vn -0.4789 0.2379 0.8450
vn 0.6055 -0.1347 0.7844
vn 0.5751 -0.1035 0.8115
vn 0.5728 -0.1348 0.8085
vn 0.5198 -0.2549 0.8154
vn -0.2040 0.4966 0.8437
vn -0.2831 0.0990 0.9540
vn -0.5595 0.1532 0.8146
vn -0.5011 0.0618 0.8632
vn -0.3405 0.0614 0.9382
vn -0.0704 0.1344 0.9884
vn 0.1316 0.1360 0.9819
vn 0.2280 0.1033 0.9682
vn 0.3940 0.0964 0.9141
vn 0.4552 0.1630 0.8753
vn 0.0438 -0.5238 0.8507
vn 0.4431 -0.0786 0.8930
vn 0.8379 -0.1793 0.5156
vn 0.8084 -0.1683 0.5640
vn 0.8115 -0.1359 0.5683
vn 0.4736 -0.3605 0.8036
vn 0.6290 -0.2373 0.7403
vn 0.2692 -0.3035 0.9140
vn 0.3488 -0.3369 0.8746
vn 0.4526 -0.1032 0.8857
vn 0.0666 -0.0644 0.9957
vn 0.2031 -0.1183 0.9720
vn 0.3083 -0.3052 0.9010
vn 0.2417 -0.2710 0.9317
vn -0.4632 0.1982 0.8638
vn 0.5711 -0.1346 0.8097
vn 0.7060 -0.0860 0.7030
vn -0.6066 0.0700 0.7919
vn -0.5303 0.1027 0.8416
vn -0.4616 0.0491 0.8857
vn -0.5565 0.1371 0.8195
vn 0.0649 0.1025 0.9926
vn 0.2252 0.1241 0.9664
vn 0.2833 0.1303 0.9501
vn 0.2278 0.0820 0.9703
vn 0.2206 0.1150 0.9686
vn 0.2771 0.0653 0.9586
vn 0.3263 -0.0478 0.9440
vn -0.1928 -0.4765 0.8578
vn -0.0488 -0.4956 0.8672
vn 0.8104 -0.2230 0.5418
vn 0.4057 -0.2044 0.8908
vn 0.3746 -0.1889 0.9077
vn 0.2410 -0.1601 0.9572
vn -0.1985 -0.0946 0.9755
vn -0.6728 0.2092 0.7096
vn -0.7520 0.2138 0.6235
vn 0.6287 -0.2271 0.7437
vn 0.3987 -0.6253 0.6709
vn -0.5214 -0.1278 0.8437
vn -0.4788 -0.1150 0.8703
vn -0.5184 -0.1079 0.8483
vn -0.5921 -0.0159 0.8057
vn -0.4343 -0.0191 0.9006
vn -0.5291 0.1019 0.8424
vn -0.4210 0.1353 0.8969
vn -0.5107 0.0361 0.8590
vn -0.4191 0.0889 0.9036
vn -0.1496 0.1250 0.9808
vn 0.2619 0.1085 0.9590
vn 0.2600 0.1200 0.9581
vn 0.2331 0.0946 0.9678
vn 0.4301 0.1182 0.8950
vn 0.5621 0.0981 0.8212
vn 0.6683 0.0261 0.7435
vn 0.8216 -0.3139 0.4760
vn 0.7449 -0.4400 0.5016
vn 0.4991 -0.2205 0.8381
vn 0.5424 -0.2171 0.8116
vn 0.3862 -0.4290 0.8166
vn 0.3663 -0.4185 0.8310
vn 0.3587 -0.2911 0.8869
vn 0.3191 -0.2478 0.9147
vn -0.6709 0.0363 0.7407
vn 0.5743 -0.2712 0.7724
vn 0.5913 -0.1630 0.7898
vn 0.4481 -0.3554 0.8203
vn -0.2106 -0.3480 0.9135
vn -0.1722 -0.3180 0.9323
vn -0.6024 0.0812 0.7941
vn -0.6102 0.0723 0.7889
vn -0.6036 0.0320 0.7966
vn -0.4624 0.0283 0.8862
vn -0.4524 0.0692 0.8891
vn -0.3542 0.1122 0.9284
vn 0.2140 0.0904 0.9726
vn 0.2363 0.0924 0.9673
vn 0.3088 0.1107 0.9447
vn 0.3945 0.0958 0.9139
vn 0.6583 0.1815 0.7306
vn 0.3253 -0.0548 0.9440
vn 0.0527 -0.5359 0.8426
vn 0.0620 -0.5380 0.8407
vn 0.2535 -0.4786 0.8406
vn 0.7232 -0.4689 0.5071
vn 0.7227 -0.4693 0.5073
vn 0.6001 -0.3352 0.7263
vn 0.8518 -0.1849 0.4901
vn 0.4203 -0.3541 0.8354
vn 0.2454 -0.2526 0.9359
vn 0.4018 -0.0661 0.9133
vn 0.0443 -0.1426 0.9888
vn 0.1519 -0.1059 0.9827
vn -0.4614 0.1631 0.8721
vn -0.5745 0.2905 0.7652
vn 0.5263 -0.1822 0.8306
vn 0.5704 -0.1588 0.8058
vn 0.4276 -0.3448 0.8357
vn -0.3772 0.0960 0.9211
vn -0.5143 0.0827 0.8536
vn -0.4404 0.0389 0.8970
vn 0.2583 0.0803 0.9627
vn 0.2082 0.0585 0.9763
vn 0.5545 0.1217 0.8233
vn 0.5631 0.2984 0.7706
vn 0.3229 -0.0553 0.9448
vn -0.0026 -0.3401 0.9404
vn 0.5518 -0.4057 0.7287
vn 0.4076 -0.1474 0.9012
vn 0.5467 -0.3006 0.7815
vn 0.5493 -0.3714 0.7486
vn 0.4038 -0.3111 0.8603
vn 0.3054 -0.3232 0.8957
vn 0.3538 -0.2688 0.8959
vn 0.3021 -0.3525 0.8857
vn -0.5028 0.3428 0.7935
vn -0.6917 0.2887 0.6620
vn -0.0151 0.9980 0.0619
vn 0.5588 -0.2551 0.7891
vn -0.5107 -0.1442 0.8476
vn -0.5897 -0.0384 0.8067
vn -0.5390 0.0340 0.8416
vn -0.5398 0.0343 0.8411
vn -0.5179 -0.0193 0.8552
vn -0.5002 0.0947 0.8607
vn -0.4712 0.1043 0.8758
vn -0.5326 0.0916 0.8414
vn -0.3400 0.1015 0.9349
vn 0.2872 0.0112 0.9578
vn 0.3014 0.0255 0.9532
vn 0.2368 0.0631 0.9695
vn 0.2338 0.0619 0.9703
vn 0.3074 0.1163 0.9444
vn 0.1679 -0.4344 0.8849
vn 0.7918 -0.0390 0.6095
vn 0.4882 -0.4345 0.7569
vn 0.4202 -0.2889 0.8602
vn 0.2191 -0.1283 0.9672
vn -0.0159 -0.2678 0.9633
vn 0.1189 -0.1688 0.9785
vn -0.6389 0.2486 0.7280
vn -0.5753 0.1256 0.8083
vn 0.5482 -0.3264 0.7701
vn 0.5219 -0.2989 0.7989
vn 0.6406 -0.2976 0.7078
vn -0.6028 0.0416 0.7968
vn -0.6265 0.0031 0.7794
vn -0.5813 0.0069 0.8137
vn -0.4188 -0.0472 0.9068
vn -0.4532 0.0037 0.8914
vn -0.2108 0.0879 0.9736
vn 0.2413 0.0584 0.9687
vn 0.2325 0.0629 0.9706
vn 0.4017 0.1456 0.9041
vn 0.5617 0.1630 0.8111
vn 0.5771 0.2591 0.7745
vn 0.4862 0.2980 0.8215
vn 0.5478 -0.2977 0.7819
vn 0.5451 -0.1998 0.8142
vn 0.4174 -0.4515 0.7886
vn 0.5157 -0.3437 0.7848
vn 0.2541 -0.2013 0.9460
vn 0.3160 -0.0711 0.9461
vn -0.6869 0.2641 0.6770
vn -0.6738 0.2513 0.6949
vn -0.5358 0.1406 0.8326
vn -0.3228 -0.0699 0.9439
vn -0.6505 -0.0160 0.7593
vn -0.5189 0.1199 0.8464
vn -0.6457 0.0734 0.7601
vn -0.5849 0.0075 0.8110
vn -0.5096 -0.0117 0.8603
vn -0.4518 0.0638 0.8899
vn 0.0395 0.1439 0.9888
vn 0.1928 0.0795 0.9780
vn 0.2164 -0.0177 0.9761
vn 0.2044 0.0635 0.9768
vn 0.2391 0.0667 0.9687
vn 0.2549 0.0704 0.9644
vn 0.4428 0.0973 0.8913
vn 0.2534 -0.1461 0.9563
vn 0.1987 -0.3908 0.8988
vn 0.6478 -0.2845 0.7067
vn 0.7899 -0.5025 0.3515
vn 0.0188 -0.3010 0.9534
vn 0.4277 -0.3571 0.8304
vn 0.5029 -0.2817 0.8171
vn 0.3928 -0.0840 0.9158
vn 0.4658 -0.3377 0.8179
vn 0.2096 -0.4244 0.8809
vn 0.2638 -0.4629 0.8463
vn 0.2770 -0.2293 0.9331
vn 0.1763 -0.1934 0.9651
vn -0.6002 0.0808 0.7958
vn -0.5749 0.1192 0.8095
vn -0.4620 0.0913 0.8822
vn 0.5342 -0.2913 0.7936
vn 0.4914 -0.1596 0.8562
vn -0.0868 0.0231 0.9960
vn -0.2868 -0.0334 0.9574
vn -0.5822 0.0235 0.8127
vn -0.5061 -0.0185 0.8623
vn -0.5288 -0.0257 0.8483
vn -0.4516 0.0363 0.8915
vn 0.2867 0.0116 0.9580
vn 0.2124 0.0313 0.9767
vn 0.2362 0.0700 0.9692
vn 0.5630 0.1615 0.8105
vn 0.4910 0.1591 0.8565
vn 0.5404 0.2388 0.8068
vn 0.2896 -0.2535 0.9230
vn 0.0071 -0.4393 0.8983
vn 0.1224 -0.4829 0.8671
vn -0.0120 -0.5067 0.8620
vn 0.8038 -0.2570 0.5365
vn 0.5743 -0.3663 0.7322
vn 0.8875 0.2032 0.4135
vn 0.5564 -0.5619 0.6121
vn 0.1319 -0.0259 0.9909
vn -0.6075 0.4134 0.6782
vn -0.6104 0.1822 0.7708
vn 0.5312 -0.2768 0.8007
vn 0.5627 -0.3014 0.7697
vn 0.5312 -0.3113 0.7880
vn 0.6428 -0.2746 0.7151
vn 0.5874 -0.1818 0.7886
vn 0.3416 -0.0558 0.9382
vn -0.6954 0.2581 0.6707
vn -0.1980 0.0841 0.9766
vn -0.5200 -0.0288 0.8537
vn -0.4523 0.0187 0.8917
vn -0.4932 -0.0739 0.8668
vn -0.2021 0.0670 0.9771
vn 0.2946 -0.0738 0.9528
vn 0.2282 -0.0154 0.9735
vn 0.2248 -0.0313 0.9739
vn 0.1979 0.0487 0.9790
vn 0.3487 0.0966 0.9322
vn 0.4561 0.1203 0.8818
vn 0.8096 -0.2657 0.5234
vn 0.8144 -0.3445 0.4669
vn 0.4290 -0.4349 0.7918
vn 0.2401 -0.3316 0.9123
vn 0.1115 -0.0346 0.9932
vn 0.3746 -0.5859 0.7186
vn -0.5572 0.3834 0.7366
vn -0.6323 0.0758 0.7710
vn -0.5674 0.0773 0.8198
vn -0.5256 0.1375 0.8395
vn -0.5623 0.2202 0.7971
vn -0.4895 -0.0266 0.8716
vn -0.5044 -0.0095 0.8634
vn 0.2041 0.0506 0.9776
vn 0.2090 0.0465 0.9768
vn 0.2903 0.0174 0.9568
vn 0.2126 -0.0339 0.9766
vn 0.3488 0.1070 0.9311
vn 0.5140 0.1027 0.8516
vn 0.5421 0.2343 0.8070
vn 0.6701 -0.4002 0.6252
vn 0.7810 -0.5432 0.3084
vn 0.4562 -0.4181 0.7855
vn 0.4222 -0.2727 0.8645
vn 0.2858 -0.1209 0.9506
vn 0.3828 -0.1152 0.9166
vn 0.3920 -0.2643 0.8812
vn 0.2444 -0.2263 0.9429
vn 0.2599 -0.2424 0.9347
vn 0.3017 -0.0912 0.9490
vn -0.1992 0.5621 0.8027
vn -0.3085 0.5625 0.7671
vn -0.5677 0.1630 0.8069
vn 0.4061 -0.3868 0.8279
vn -0.5860 0.0596 0.8081
vn -0.5977 0.0768 0.7981
vn -0.6469 0.0925 0.7570
vn -0.5743 0.0305 0.8181
vn -0.4404 0.0018 0.8978
vn -0.4996 -0.0397 0.8653
vn -0.4336 -0.0412 0.9002
vn -0.4022 -0.0113 0.9155
vn -0.1413 0.0462 0.9889
vn -0.0501 0.0428 0.9978
vn 0.3020 -0.0710 0.9507
vn 0.1769 -0.0007 0.9842
vn 0.4593 0.1060 0.8819
vn 0.3433 -0.4946 0.7984
vn 0.6272 -0.2432 0.7399
vn 0.4865 -0.3160 0.8146
vn 0.4729 -0.0951 0.8760
vn 0.0791 -0.0459 0.9958
vn -0.5256 0.2085 0.8248
vn -0.5952 0.2227 0.7721
vn -0.6076 0.1985 0.7691
vn -0.5723 0.1526 0.8057
vn 0.5805 -0.3640 0.7283
vn 0.5263 -0.3550 0.7726
vn -0.0868 -0.0974 0.9915
vn -0.6027 0.0594 0.7958
vn -0.4985 0.1428 0.8550
vn -0.5262 -0.0106 0.8503
vn -0.4918 -0.0431 0.8696
vn -0.4653 -0.0031 0.8851
vn 0.0013 0.0090 1.0000
vn 0.2025 0.0274 0.9789
vn 0.2146 0.0269 0.9763
vn 0.4935 0.2804 0.8233
vn 0.4289 0.2696 0.8622
vn 0.3582 0.3169 0.8782
vn 0.1912 0.0017 0.9816
vn 0.8465 -0.1659 0.5059
vn 0.2846 -0.3455 0.8942
vn 0.6022 -0.2255 0.7658
vn 0.1669 -0.1201 0.9786
vn -0.3893 0.0794 0.9177
vn -0.5896 0.1698 0.7896
vn -0.4933 0.1593 0.8552
vn -0.5288 0.0889 0.8441
vn 0.5049 -0.2905 0.8128
vn 0.5395 -0.3194 0.7791
vn 0.4065 -0.2290 0.8845
vn -0.4994 -0.0392 0.8655
vn 0.3087 -0.0367 0.9504
vn 0.3112 -0.0389 0.9495
vn 0.5236 0.0834 0.8478
vn 0.4860 0.1653 0.8582
vn 0.4288 0.1619 0.8888
vn 0.4632 0.1616 0.8714
vn 0.8537 -0.0433 0.5189
vn 0.4195 0.1519 0.8949
vn 0.6343 0.0131 0.7729
vn 0.9212 -0.0858 0.3795
vn 0.3541 -0.1626 0.9210
vn 0.3170 -0.2253 0.9213
vn 0.1956 -0.2427 0.9502
vn 0.3858 -0.1465 0.9109
vn 0.2563 -0.1625 0.9528
vn 0.5068 -0.3193 0.8008
vn 0.3899 -0.1906 0.9009
vn -0.4742 0.2883 0.8319
vn -0.5519 0.2341 0.8004
vn -0.5612 -0.0112 0.8276
vn -0.4941 -0.0179 0.8692
vn -0.4580 -0.0346 0.8883
vn -0.4747 -0.0084 0.8801
vn -0.4851 -0.0156 0.8743
vn -0.5043 0.0691 0.8607
vn -0.3825 -0.0270 0.9236
vn 0.1855 -0.0439 0.9817
vn 0.1608 -0.0439 0.9860
vn 0.2965 0.0515 0.9536
vn 0.4489 0.0889 0.8892
vn 0.4615 0.1845 0.8678
vn 0.6112 -0.7912 0.0192
vn 0.9512 0.0589 0.3030
vn 0.1641 -0.0513 0.9851
vn -0.1579 0.2612 0.9523
vn -0.5892 0.0856 0.8034
vn 0.3972 -0.4248 0.8135
vn 0.6113 -0.1469 0.7777
vn 0.6387 -0.1723 0.7499
vn 0.4268 -0.2087 0.8799
vn -0.4947 0.0593 0.8671
vn -0.1027 -0.2606 0.9600
vn -0.5889 0.0924 0.8029
vn -0.5226 0.0030 0.8526
vn -0.5016 -0.0239 0.8648
vn -0.4837 0.0165 0.8751
vn -0.4586 0.0260 0.8882
vn -0.3937 0.0405 0.9184
vn 0.3036 -0.0434 0.9518
vn 0.1580 -0.2035 0.9662
vn 0.2714 0.0538 0.9610
vn 0.3750 0.0775 0.9238
vn 0.4461 0.1306 0.8854
vn 0.4660 0.1499 0.8720
vn 0.4973 0.1713 0.8505
vn 0.7276 0.1845 0.6607
vn 0.8339 -0.4553 0.3120
vn 0.3259 -0.1100 0.9390
vn 0.6332 -0.0403 0.7729
vn 0.4753 0.0102 0.8798
vn 0.7538 -0.4813 0.4474
vn 0.0497 -0.5288 0.8473
vn 0.1746 -0.0718 0.9820
vn -0.1996 0.2561 0.9458
vn -0.3808 0.0734 0.9217
vn -0.3737 0.0752 0.9245
vn -0.5510 0.1001 0.8285
vn -0.5684 0.0769 0.8191
vn -0.1908 -0.0372 0.9809
vn -0.5666 -0.1662 0.8070
vn -0.5390 0.1900 0.8206
vn -0.4602 0.0825 0.8840
vn -0.5572 -0.0039 0.8304
vn -0.5512 -0.0169 0.8342
vn -0.5016 -0.0282 0.8646
vn -0.5432 0.0110 0.8396
vn -0.5138 -0.0652 0.8555
vn 0.2499 -0.0278 0.9679
vn 0.3224 -0.1130 0.9398
vn 0.3496 -0.1561 0.9238
vn 0.3513 -0.1568 0.9230
vn 0.2623 -0.1993 0.9442
vn 0.2309 -0.1866 0.9549
vn 0.1401 -0.1816 0.9734
vn 0.1337 -0.1838 0.9738
vn 0.4831 0.1858 0.8556
vn 0.5747 -0.7455 0.3374
vn 0.4633 -0.1909 0.8654
vn 0.3641 -0.1381 0.9211
vn 0.3546 -0.1379 0.9248
vn -0.2606 -0.0226 0.9652
vn -0.5919 0.1669 0.7886
vn -0.5771 0.0184 0.8165
vn 0.3775 -0.4189 0.8258
vn 0.6474 -0.0135 0.7620
vn 0.6148 -0.0375 0.7878
vn 0.3018 -0.0431 0.9524
vn -0.4636 0.0101 0.8860
vn -0.5576 -0.0038 0.8301
vn -0.4760 -0.0287 0.8790
vn -0.2788 -0.0532 0.9589
vn 0.1613 -0.0387 0.9861
vn 0.3364 0.0187 0.9415
vn 0.4965 0.1258 0.8589
vn 0.7669 -0.0520 0.6397
vn 0.8356 0.1967 0.5130
vn 0.7276 0.1881 0.6598
vn 0.8497 -0.0355 0.5261
vn 0.4927 -0.0208 0.8700
vn 0.2871 0.0156 0.9578
vn 0.1433 0.0822 0.9863
vn -0.1838 0.2376 0.9538
vn -0.5469 -0.0275 0.8367
vn -0.5927 -0.0003 0.8054
vn -0.5598 0.2035 0.8032
vn 0.5147 -0.2770 0.8114
vn 0.6161 -0.0393 0.7867
vn 0.3143 -0.2071 0.9264
vn -0.7027 0.1057 0.7036
vn -0.5531 -0.0028 0.8331
vn -0.5073 -0.0429 0.8607
vn -0.4418 -0.1748 0.8799
vn -0.5699 -0.0204 0.8215
vn -0.5396 -0.0002 0.8419
vn -0.4781 -0.0381 0.8775
vn -0.4342 0.0003 0.9008
vn 0.0036 -0.0092 1.0000
vn 0.3126 0.1094 0.9436
vn 0.5367 0.1330 0.8332
vn 0.4503 0.1440 0.8812
vn 0.9075 -0.0442 0.4177
vn 0.5377 0.2724 0.7979
vn 0.5001 0.1199 0.8576
vn 0.5022 0.1169 0.8568
vn 0.2169 0.0295 0.9758
vn -0.1744 -0.4263 0.8876
vn -0.2745 -0.2799 0.9199
vn -0.4734 -0.1029 0.8748
vn -0.6779 -0.0136 0.7351
vn -0.6075 0.0273 0.7939
vn 0.2549 -0.2655 0.9298
vn 0.5148 -0.2920 0.8061
vn -0.4420 0.2332 0.8662
vn -0.4883 0.1981 0.8499
vn -0.5564 -0.0086 0.8309
vn -0.3056 0.0256 0.9518
vn 0.3504 -0.0901 0.9322
vn 0.3508 -0.0903 0.9321
vn 0.2130 0.0294 0.9766
vn 0.2848 0.1371 0.9487
vn 0.4574 0.0687 0.8866
vn 0.4742 0.1367 0.8697
vn 0.7714 -0.0589 0.6337
vn 0.6492 0.4184 0.6352
vn 0.9121 -0.0702 0.4039
vn 0.5373 0.1644 0.8272
vn 0.5334 0.0816 0.8419
vn 0.2757 0.1853 0.9432
vn 0.1084 0.0810 0.9908
vn -0.2478 -0.4273 0.8695
vn -0.5577 -0.1809 0.8101
vn -0.5884 0.0320 0.8080
vn -0.5805 -0.0244 0.8139
vn -0.2070 -0.0739 0.9755
vn -0.6556 -0.1398 0.7420
vn -0.5623 0.0631 0.8245
vn -0.4864 0.1947 0.8518
vn -0.4335 -0.0056 0.9011
vn 0.1158 -0.1333 0.9843
vn 0.0754 -0.1227 0.9896
vn 0.1475 -0.0228 0.9888
vn 0.4250 0.1043 0.8992
vn 0.4593 0.1305 0.8787
vn 0.8807 0.0565 0.4704
vn 0.5705 0.1180 0.8128
vn 0.4700 -0.0230 0.8824
vn 0.5139 0.1888 0.8368
vn -0.2465 -0.4294 0.8688
vn 0.5907 -0.2669 0.7615
vn 0.2043 -0.0766 0.9759
vn -0.6459 -0.0127 0.7633
vn -0.4802 0.0558 0.8754
vn -0.5368 0.1806 0.8242
vn -0.5325 0.1642 0.8304
vn -0.5124 0.0291 0.8583
vn -0.4419 0.0743 0.8940
vn -0.5365 0.1198 0.8354
vn -0.4872 0.0422 0.8722
vn -0.4451 0.0145 0.8953
vn -0.2732 -0.0006 0.9620
vn 0.1758 -0.0672 0.9821
vn 0.3503 -0.1607 0.9228
vn 0.3496 -0.1607 0.9230
vn 0.2477 -0.2511 0.9357
vn 0.1314 -0.2913 0.9476
vn 0.4879 0.0684 0.8702
vn 0.5321 0.0436 0.8456
vn 0.9059 0.1122 0.4084
vn 0.4603 0.0547 0.8861
vn 0.3277 0.0750 0.9418
vn 0.3039 0.3659 0.8796
vn -0.5953 -0.2208 0.7725
vn 0.2759 -0.6509 0.7072
vn 0.4362 -0.1937 0.8788
vn 0.4991 -0.0987 0.8609
vn -0.2247 -0.0667 0.9721
vn -0.6247 0.0168 0.7807
vn -0.4876 0.0078 0.8730
vn -0.5633 0.0832 0.8221
vn -0.5022 0.0251 0.8644
vn -0.4888 0.0413 0.8714
vn -0.5229 -0.0067 0.8524
vn 0.0434 -0.0359 0.9984
vn 0.3620 -0.1418 0.9213
vn 0.2092 -0.2385 0.9483
vn 0.4231 0.1679 0.8904
vn 0.4682 0.1382 0.8728
vn 0.8578 0.1945 0.4757
vn 0.9097 0.0982 0.4034
vn 0.5705 0.1177 0.8128
vn 0.5544 0.0150 0.8321
vn 0.3917 0.0184 0.9199
vn -0.0842 -0.0147 0.9963
vn 0.2260 -0.0090 0.9741
vn -0.1663 -0.2351 0.9576
vn -0.3728 0.3271 0.8684
vn -0.5951 0.0036 0.8036
vn -0.5666 -0.1220 0.8149
vn -0.5928 -0.1300 0.7948
vn -0.5936 0.1822 0.7839
vn 0.2127 -0.5463 0.8101
vn -0.5333 -0.0239 0.8456
vn -0.5403 0.0979 0.8358
vn -0.5491 0.0711 0.8327
vn -0.5403 0.0897 0.8367
vn -0.4760 0.0798 0.8758
vn 0.3260 -0.1516 0.9331
vn 0.3602 -0.1422 0.9220
vn 0.3506 -0.1625 0.9223
vn 0.3554 -0.1628 0.9204
vn 0.0487 -0.2295 0.9721
vn 0.0250 -0.2314 0.9725
vn 0.1201 -0.0632 0.9908
vn 0.3114 -0.0061 0.9503
vn 0.4571 0.1313 0.8797
vn 0.5615 0.1379 0.8159
vn 0.4420 0.1052 0.8908
vn -0.0402 -0.1655 0.9854
vn -0.6476 0.0139 0.7618
vn -0.6246 -0.0912 0.7756
vn -0.6174 -0.0936 0.7811
vn -0.6382 -0.0947 0.7640
vn 0.5286 -0.0045 0.8488
vn 0.2138 -0.2689 0.9391
vn 0.3631 -0.2936 0.8843
vn -0.5586 0.1151 0.8214
vn -0.5445 0.1198 0.8301
vn -0.4729 0.1389 0.8701
vn -0.4486 0.0126 0.8936
vn -0.5620 0.0666 0.8244
vn -0.4527 0.1293 0.8822
vn -0.4465 0.0406 0.8939
vn 0.3661 -0.1466 0.9190
vn 0.0746 -0.1196 0.9900
vn 0.2034 -0.0066 0.9791
vn 0.2789 0.0537 0.9588
vn 0.4478 0.1462 0.8821
vn 0.4737 0.1373 0.8699
vn 0.5313 0.0938 0.8420
vn 0.7431 0.5460 0.3869
vn 0.5430 0.2121 0.8125
vn 0.4910 0.1495 0.8582
vn 0.4553 0.1780 0.8724
vn 0.3915 0.0029 0.9202
vn -0.3958 0.1753 0.9015
vn -0.6675 -0.0542 0.7427
vn -0.5770 -0.1579 0.8014
vn 0.6328 0.2286 0.7398
vn 0.2092 -0.2608 0.9424
vn 0.5036 -0.1560 0.8498
vn 0.3057 0.1821 0.9346
vn -0.4146 0.1535 0.8970
vn -0.4974 0.1421 0.8558
vn -0.4428 0.0725 0.8937
vn -0.3838 0.0261 0.9230
vn -0.2688 0.0307 0.9627
vn 0.0293 -0.0472 0.9985
vn 0.2036 -0.1720 0.9638
vn 0.1788 0.0201 0.9837
vn 0.2832 0.0518 0.9577
vn 0.3343 0.0757 0.9394
vn 0.4381 0.1427 0.8875
vn 0.4741 0.1453 0.8684
vn 0.5159 0.0772 0.8531
vn 0.7240 -0.0387 0.6887
vn 0.7462 -0.1622 0.6457
vn 0.4478 0.2090 0.8694
vn 0.1313 -0.0754 0.9885
vn 0.0200 -0.1045 0.9943
vn -0.6529 -0.1365 0.7451
vn -0.3944 -0.0382 0.9182
vn -0.4162 -0.3394 0.8436
vn -0.6084 -0.1809 0.7727
vn -0.6619 -0.0780 0.7455
vn 0.6464 0.1872 0.7397
vn 0.4789 0.3356 0.8112
vn 0.5387 -0.3986 0.7422
vn 0.3382 -0.3995 0.8521
vn 0.0845 -0.1516 0.9848
vn 0.0703 -0.1149 0.9909
vn -0.5284 0.4239 0.7356
vn -0.6383 0.1469 0.7556
vn -0.5316 0.1458 0.8344
vn -0.5719 0.0516 0.8187
vn -0.5351 0.0852 0.8405
vn -0.4858 0.0521 0.8725
vn 0.3815 -0.1094 0.9179
vn -0.0463 -0.1951 0.9797
vn 0.0506 -0.1036 0.9933
vn 0.6031 0.0101 0.7976
vn 0.5767 0.1505 0.8030
vn 0.5432 0.1657 0.8231
vn 0.5381 0.0298 0.8423
vn 0.1980 -0.0516 0.9788
vn 0.2917 -0.0285 0.9561
vn -0.4624 -0.0555 0.8849
vn -0.5582 -0.2040 0.8042
vn -0.6300 -0.1119 0.7685
vn -0.6309 -0.1203 0.7664
vn -0.4765 0.1009 0.8734
vn -0.5064 0.1100 0.8552
vn -0.1341 -0.0472 0.9898
vn 0.2512 -0.1408 0.9576
vn 0.3580 -0.1349 0.9239
vn 0.3205 -0.1011 0.9418
vn 0.1719 -0.0170 0.9850
vn 0.5194 0.1207 0.8460
vn 0.5385 0.1113 0.8353
vn 0.6504 0.3173 0.6902
vn 0.8735 0.3408 0.3477
vn 0.5977 0.1282 0.7914
vn 0.5060 0.2163 0.8350
vn 0.4507 0.2244 0.8640
vn 0.3660 0.0830 0.9269
vn 0.3213 0.0841 0.9432
vn -0.5382 -0.3242 0.7780
vn 0.6553 0.0047 0.7554
vn -0.7175 0.2072 0.6650
vn -0.5179 0.1238 0.8465
vn -0.4967 0.1159 0.8602
vn -0.5185 0.1603 0.8399
vn -0.4777 0.1484 0.8659
vn -0.4577 0.0925 0.8843
vn -0.4577 0.0926 0.8843
vn -0.3704 0.0567 0.9271
vn 0.3164 -0.1560 0.9357
vn 0.3613 -0.1359 0.9225
vn 0.3375 -0.1016 0.9358
vn 0.1783 -0.1537 0.9719
vn 0.1290 -0.1658 0.9777
vn 0.0470 -0.1346 0.9898
vn 0.3278 0.0910 0.9404
vn 0.4035 0.0920 0.9104
vn 0.7878 0.1505 0.5973
vn 0.6115 0.1198 0.7821
vn 0.9139 0.1878 0.3598
vn 0.8566 0.3310 0.3957
vn 0.5205 0.1481 0.8409
vn 0.0487 -0.1296 0.9904
vn -0.5052 0.0059 0.8630
vn -0.4932 -0.3712 0.7867
vn -0.5523 -0.3239 0.7681
vn -0.6539 -0.1307 0.7452
vn 0.5647 0.0592 0.8232
vn 0.5512 0.0308 0.8338
vn 0.3422 -0.2456 0.9070
vn -0.4763 0.2769 0.8345
vn -0.3843 0.0934 0.9185
vn -0.4984 0.0972 0.8615
vn 0.0710 -0.0982 0.9926
vn 0.2568 -0.1384 0.9565
vn 0.3416 -0.1687 0.9246
vn -0.0613 -0.1657 0.9843
vn 0.1190 -0.0614 0.9910
vn 0.5411 0.1325 0.8304
vn 0.8447 0.3675 0.3891
vn 0.4317 0.1671 0.8864
vn 0.1658 0.1584 0.9733
vn -0.4255 -0.2566 0.8678
vn -0.5554 -0.3021 0.7747
vn 0.6410 0.0196 0.7673
vn 0.4520 -0.1138 0.8847
vn 0.0307 -0.1857 0.9821
vn -0.7035 0.2353 0.6707
vn -0.7170 0.2111 0.6643
vn -0.4910 0.0584 0.8692
vn -0.6059 0.1100 0.7879
vn -0.5301 0.1010 0.8419
vn -0.4924 0.0603 0.8683
vn -0.4040 0.0491 0.9134
vn 0.1791 -0.0262 0.9835
vn 0.2832 0.0500 0.9578
vn 0.3110 0.0544 0.9489
vn 0.4839 0.1350 0.8647
vn 0.4395 0.1334 0.8883
vn 0.5192 0.1455 0.8422
vn 0.5752 0.1527 0.8037
vn 0.7830 0.0713 0.6179
vn 0.5658 0.3662 0.7387
vn 0.4954 0.1542 0.8549
vn 0.0916 -0.0126 0.9957
vn -0.2389 -0.0582 0.9693
vn -0.6206 -0.3181 0.7167
vn -0.9776 -0.0338 0.2076
vn -0.3738 0.3392 0.8633
vn -0.4901 0.2171 0.8442
vn -0.5120 0.1494 0.8459
vn -0.4455 0.1255 0.8865
vn -0.4812 0.0976 0.8712
vn -0.4799 0.0974 0.8719
vn 0.3280 -0.1719 0.9289
vn 0.3408 -0.1678 0.9250
vn 0.3307 -0.0861 0.9398
vn 0.3241 -0.0867 0.9420
vn 0.2396 -0.0644 0.9687
vn 0.0429 -0.1278 0.9909
vn 0.0984 -0.1039 0.9897
vn 0.5238 0.1746 0.8337
vn 0.6145 0.0290 0.7884
vn 0.7740 0.0777 0.6284
vn 0.7852 0.0686 0.6154
vn 0.8093 0.4378 0.3917
vn 0.4704 0.3611 0.8052
vn 0.6864 0.2040 0.6980
vn 0.5897 0.2287 0.7746
vn 0.5193 0.1493 0.8414
vn 0.3756 0.2961 0.8782
vn 0.2636 0.2172 0.9398
vn 0.2268 0.0432 0.9730
vn 0.2926 0.0393 0.9554
vn 0.1862 0.1471 0.9714
vn 0.2579 0.1075 0.9602
vn -0.4865 -0.2641 0.8328
vn -0.5571 -0.3013 0.7739
vn -0.6183 -0.3081 0.7230
vn -0.7142 -0.2320 0.6604
vn -0.6137 -0.1886 0.7667
vn -0.6603 -0.1537 0.7351
vn 0.6479 -0.2028 0.7342
vn 0.4432 -0.1353 0.8862
vn -0.4564 0.1034 0.8838
vn -0.5626 0.1438 0.8142
vn -0.5344 0.1099 0.8380
vn -0.4802 0.0677 0.8746
vn -0.4468 0.0696 0.8919
vn -0.5182 0.0511 0.8538
vn -0.4484 0.0565 0.8920
vn -0.4756 0.0922 0.8748
vn -0.1468 -0.0250 0.9888
vn 0.3316 -0.1401 0.9330
vn 0.3871 -0.1296 0.9129
vn 0.4420 0.1311 0.8874
vn 0.6635 0.2036 0.7199
vn 0.5941 0.4455 0.6698
vn 0.8641 -0.0254 0.5027
vn 0.6561 0.3460 0.6707
vn 0.5797 0.3564 0.7328
vn 0.4956 0.3868 0.7777
vn 0.3824 0.2530 0.8887
vn 0.2686 0.2135 0.9393
vn -0.6992 -0.1700 0.6944
vn 0.5346 -0.1068 0.8383
vn 0.5573 -0.0866 0.8258
vn -0.4015 0.0839 0.9120
vn -0.6981 0.0059 0.7160
vn -0.5275 0.1388 0.8382
vn -0.4955 0.0695 0.8658
vn -0.5119 0.0434 0.8580
vn -0.3609 0.0167 0.9324
vn -0.0058 -0.1044 0.9945
vn 0.3245 -0.1350 0.9362
vn 0.3067 -0.0675 0.9494
vn -0.0686 -0.2042 0.9765
vn 0.0313 -0.1650 0.9858
vn 0.1864 -0.0072 0.9825
vn 0.4865 0.1377 0.8628
vn 0.6011 0.2504 0.7589
vn 0.8996 0.0775 0.4298
vn 0.4971 0.2991 0.8145
vn 0.2529 0.2543 0.9335
vn -0.2145 -0.0962 0.9720
vn -0.4131 -0.2674 0.8705
vn -0.4935 -0.2681 0.8274
vn -0.5272 -0.2688 0.8061
vn -0.7714 0.0700 0.6325
vn -0.6640 -0.2967 0.6863
vn -0.3688 -0.0254 0.9292
vn -0.5047 0.2752 0.8182
vn -0.4388 0.0006 0.8986
vn -0.4865 0.0492 0.8723
vn -0.3913 0.0225 0.9200
vn 0.3343 -0.1479 0.9308
vn 0.3947 0.1295 0.9096
vn 0.3983 0.1284 0.9082
vn 0.5322 0.1647 0.8304
vn 0.7944 0.4514 0.4064
vn 0.6490 0.1402 0.7478
vn 0.5758 0.2649 0.7735
vn 0.5395 0.2241 0.8116
vn 0.5074 0.1260 0.8525
vn 0.2666 0.1324 0.9547
vn -0.4121 -0.2677 0.8710
vn -0.7133 0.0008 0.7008
vn 0.7717 -0.0647 0.6326
vn 0.3876 -0.0249 0.9215
vn -0.5501 -0.0214 0.8348
vn -0.5126 0.2188 0.8303
vn -0.4815 0.2001 0.8533
vn -0.4522 0.1404 0.8808
vn -0.4622 0.0770 0.8834
vn -0.3027 -0.0274 0.9527
vn 0.2381 -0.1063 0.9654
vn 0.0897 -0.1267 0.9879
vn 0.0806 -0.0737 0.9940
vn 0.2839 0.0854 0.9550
vn 0.5324 0.1851 0.8260
vn 0.6018 0.2495 0.7587
vn 0.6527 0.2607 0.7114
vn 0.3085 -0.2981 0.9033
vn 0.6662 0.0428 0.7445
vn 0.4057 0.2125 0.8889
vn 0.2016 0.3381 0.9193
vn 0.2763 0.2716 0.9219
vn 0.2796 0.0413 0.9592
vn 0.2527 0.0598 0.9657
vn -0.1799 -0.1016 0.9784
vn -0.6010 -0.0374 0.7984
vn 0.7169 -0.1087 0.6886
vn 0.4172 -0.1860 0.8896
vn 0.2214 -0.0503 0.9739
vn -0.5417 0.0723 0.8374
vn -0.5152 0.0830 0.8531
vn -0.5245 0.0869 0.8470
vn -0.5777 0.0647 0.8137
vn -0.5271 0.2095 0.8236
vn -0.4696 0.0834 0.8789
vn -0.4652 0.0593 0.8832
vn -0.4075 0.0133 0.9131
vn 0.3060 -0.1462 0.9407
vn 0.3244 -0.1654 0.9314
vn 0.3384 -0.1647 0.9265
vn 0.2715 -0.1407 0.9521
vn 0.2322 -0.0546 0.9711
vn 0.1173 -0.0830 0.9896
vn -0.0844 -0.1926 0.9776
vn -0.0380 -0.2031 0.9784
vn 0.0571 -0.1335 0.9894
vn 0.2686 0.0485 0.9620
vn 0.5343 0.1578 0.8304
vn 0.5061 0.1917 0.8409
vn 0.1938 -0.2767 0.9412
vn 0.7104 0.1707 0.6827
vn 0.8903 0.2697 0.3670
vn 0.6546 0.5569 0.5113
vn 0.9058 0.0269 0.4230
vn 0.4919 0.1284 0.8611
vn 0.5383 0.1134 0.8351
vn 0.3000 0.2672 0.9158
vn -0.6567 -0.0216 0.7538
vn -0.6747 -0.0414 0.7370
vn -0.6721 -0.0377 0.7395
vn -0.4308 0.0354 0.9017
vn -0.6706 0.0677 0.7387
vn -0.5780 0.0620 0.8137
vn -0.4980 0.1082 0.8604
vn -0.0215 -0.0228 0.9995
vn 0.3472 -0.1675 0.9227
vn 0.3225 -0.1586 0.9332
vn 0.3310 -0.1520 0.9313
vn 0.0157 -0.1415 0.9898
vn 0.1968 -0.0369 0.9797
vn 0.7481 0.2055 0.6310
vn 0.6600 0.2332 0.7141
vn 0.2883 -0.3227 0.9015
vn 0.2099 0.4002 0.8920
vn -0.1819 -0.0973 0.9785
vn -0.7147 0.0987 0.6924
vn -0.6581 0.1144 0.7442
vn -0.6481 -0.1767 0.7408
vn -0.4183 -0.3245 0.8484
vn 0.5124 0.0192 0.8585
vn -0.6455 0.0294 0.7632
vn -0.5989 0.0265 0.8004
vn -0.4557 0.1466 0.8780
vn -0.4130 0.1421 0.8996
vn -0.4696 0.0833 0.8789
vn -0.4498 0.0096 0.8931
vn -0.4990 0.0309 0.8661
vn -0.3200 0.0151 0.9473
vn 0.1606 -0.0214 0.9868
vn 0.4500 0.1598 0.8786
vn 0.4484 0.1596 0.8795
vn 0.4696 0.1418 0.8714
vn 0.4576 -0.0774 0.8858
vn 0.5639 0.3884 0.7288
vn 0.8005 0.4541 0.3912
vn 0.8996 0.2576 0.3528
vn 0.5023 0.1144 0.8571
vn 0.4781 0.2606 0.8388
vn 0.4244 0.2921 0.8571
vn 0.3451 0.4325 0.8330
vn 0.2964 0.4324 0.8516
vn 0.2286 0.4749 0.8498
vn 0.4093 0.3484 0.8432
vn 0.4784 -0.2376 0.8454
vn 0.6993 -0.2224 0.6793
vn 0.1777 -0.0990 0.9791
vn -0.4224 -0.1876 0.8868
vn -0.5346 0.1065 0.8383
vn -0.4594 0.1613 0.8735
vn -0.4101 0.1420 0.9009
vn -0.3362 0.0313 0.9413
vn -0.2324 -0.0144 0.9725
vn 0.0936 -0.0847 0.9920
vn 0.2980 -0.1743 0.9385
vn -0.0188 -0.2274 0.9736
vn 0.0574 -0.1343 0.9893
vn 0.0893 -0.1504 0.9846
vn 0.3939 0.1454 0.9076
vn 0.5824 0.1341 0.8018
vn 0.6180 0.1280 0.7757
vn 0.7080 0.6240 0.3307
vn 0.2570 0.9047 0.3397
vn 0.5052 0.3269 0.7987
vn 0.4602 0.2088 0.8629
vn 0.2176 0.2126 0.9526
vn -0.1453 0.0447 0.9884
vn -0.4174 -0.4145 0.8087
vn -0.7434 -0.2408 0.6240
vn -0.6077 -0.2242 0.7618
vn -0.5898 0.1080 0.8003
vn -0.4238 0.1591 0.8917
vn -0.4619 0.1292 0.8774
vn -0.5046 0.0482 0.8620
vn -0.4265 0.0179 0.9043
vn -0.4090 0.0390 0.9117
vn 0.3488 -0.1395 0.9268
vn 0.3387 -0.1966 0.9201
vn 0.1365 -0.1197 0.9834
vn -0.0237 -0.2258 0.9739
vn 0.4441 0.1534 0.8827
vn 0.5005 0.1397 0.8544
vn 0.3286 0.8746 0.3564
vn 0.8676 0.3690 0.3333
vn 0.4481 0.3311 0.8304
vn 0.3884 0.3701 0.8439
vn 0.2341 0.4098 0.8816
vn 0.2963 0.3841 0.8745
vn 0.2413 0.4828 0.8419
vn 0.4054 0.7062 0.5805
vn 0.3009 0.0992 0.9485
vn 0.1981 0.1339 0.9710
vn -0.6668 -0.2380 0.7062
vn 0.5095 -0.1517 0.8470
vn -0.6058 0.0335 0.7949
vn -0.4663 0.0315 0.8841
vn -0.5592 0.0502 0.8275
vn -0.4205 0.0581 0.9054
vn -0.4813 0.0840 0.8725
vn -0.4244 0.0311 0.9049
vn 0.3653 -0.1212 0.9230
vn 0.3199 -0.2036 0.9253
vn 0.2210 -0.1029 0.9698
vn 0.0731 -0.1070 0.9916
vn 0.1478 -0.1094 0.9829
vn 0.2538 0.0667 0.9650
vn 0.3111 0.0687 0.9479
vn 0.5717 0.2444 0.7832
vn 0.4826 0.4028 0.7777
vn 0.5723 0.3480 0.7425
vn 0.4379 0.3417 0.8315
vn 0.5642 0.2230 0.7950
vn 0.2373 0.4269 0.8726
vn 0.2201 0.4940 0.8411
vn 0.1004 0.4827 0.8700
vn 0.5369 0.5112 0.6711
vn 0.4741 0.5573 0.6817
vn -0.5814 -0.2548 0.7727
vn -0.6968 -0.2219 0.6821
vn 0.5473 -0.1990 0.8129
vn 0.5401 -0.1958 0.8185
vn -0.5555 -0.0280 0.8311
vn -0.5493 0.0377 0.8348
vn -0.2783 0.0184 0.9603
vn -0.4750 0.1259 0.8709
vn 0.1616 -0.0561 0.9853
vn 0.4642 0.1547 0.8721
vn 0.4629 0.2089 0.8615
vn 0.6475 0.1280 0.7513
vn 0.7342 0.6236 0.2686
vn 0.4050 0.8416 0.3573
vn 0.3708 0.3502 0.8602
vn 0.3764 0.3492 0.8581
vn 0.3302 0.4136 0.8485
vn 0.1828 0.4524 0.8729
vn 0.3189 0.3736 0.8710
vn 0.4071 0.6484 0.6433
vn 0.3196 0.6541 0.6856
vn 0.0429 -0.1392 0.9893
vn -0.0339 -0.1377 0.9899
vn -0.6956 -0.3285 0.6390
vn -0.6760 -0.3278 0.6600
vn -0.5147 -0.2075 0.8319
vn 0.5485 -0.2892 0.7845
vn 0.1464 -0.1622 0.9758
vn -0.5238 -0.0248 0.8515
vn -0.7076 -0.0683 0.7033
vn -0.5462 0.1139 0.8299
vn -0.4213 0.1003 0.9013
vn -0.4076 0.0786 0.9098
vn -0.4776 0.0987 0.8730
vn 0.2752 -0.0696 0.9589
vn 0.3561 -0.1233 0.9263
vn 0.3925 -0.1631 0.9052
vn 0.3219 -0.2255 0.9195
vn 0.2820 -0.2253 0.9326
vn 0.2091 -0.1085 0.9719
vn 0.1767 -0.1133 0.9777
vn -0.0112 -0.2314 0.9728
vn 0.4558 0.1379 0.8793
vn 0.5400 0.1491 0.8284
vn 0.6480 0.2506 0.7193
vn 0.8330 0.1537 0.5314
vn 0.4455 0.5367 0.7166
vn 0.6970 0.4809 0.5319
vn 0.4561 0.8079 0.3732
vn 0.2523 0.4288 0.8674
vn 0.0259 -0.2100 0.9774
vn -0.5697 -0.1974 0.7978
vn 0.2722 -0.1954 0.9422
vn -0.3152 0.1997 0.9278
vn -0.4336 -0.0750 0.8980
vn -0.6381 -0.0671 0.7670
vn -0.6536 -0.0213 0.7566
vn -0.4506 0.0805 0.8891
vn -0.4484 0.0269 0.8934
vn -0.3672 0.0080 0.9301
vn 0.2721 -0.1419 0.9517
vn 0.1183 -0.0570 0.9913
vn 0.4563 0.3683 0.8101
vn 0.7800 0.5347 0.3252
vn 0.3574 0.4944 0.7924
vn 0.0864 0.6381 0.7651
vn 0.2944 0.5988 0.7448
vn 0.5215 0.2509 0.8155
vn 0.5321 0.2475 0.8097
vn 0.1679 0.0959 0.9811
vn -0.6950 -0.3244 0.6417
vn -0.7128 -0.2805 0.6428
vn -0.6372 -0.3765 0.6725
vn 0.5251 -0.3810 0.7610
vn 0.4048 -0.1081 0.9080
vn -0.4773 0.1595 0.8641
vn -0.7373 0.0705 0.6719
vn -0.6242 0.0075 0.7813
vn -0.5648 -0.0077 0.8252
vn -0.5996 -0.0693 0.7973
vn -0.3423 -0.2582 0.9034
vn -0.6415 0.1212 0.7575
vn -0.4432 0.0132 0.8963
vn -0.4247 0.0317 0.9048
vn 0.0461 -0.0160 0.9988
vn 0.3741 -0.0754 0.9243
vn 0.2150 -0.1503 0.9650
vn 0.0484 -0.1009 0.9937
vn -0.0219 -0.2303 0.9729
vn 0.3106 0.0696 0.9480
vn 0.4558 0.1445 0.8783
vn 0.5114 0.2382 0.8257
vn 0.6325 0.1943 0.7498
vn 0.6534 0.2282 0.7218
vn 0.4967 0.5561 0.6664
vn 0.8806 0.3105 0.3580
vn 0.6216 0.6589 0.4235
vn 0.1878 0.5332 0.8249
vn 0.3803 0.4621 0.8012
vn 0.2475 0.4975 0.8314
vn 0.2242 0.5388 0.8121
vn 0.0485 0.4552 0.8890
vn 0.5052 0.3882 0.7707
vn 0.4877 0.3882 0.7819
vn 0.5879 0.2659 0.7640
vn -0.6374 -0.1530 0.7552
vn -0.4892 -0.0609 0.8701
vn -0.5812 0.3256 0.7458
vn -0.5816 0.3255 0.7455
vn -0.5501 -0.0197 0.8349
vn -0.4445 0.0155 0.8956
vn -0.4340 0.0152 0.9008
vn -0.4318 0.0429 0.9009
vn -0.4410 0.0769 0.8942
vn 0.3410 -0.0626 0.9380
vn 0.4005 -0.0909 0.9118
vn 0.3830 -0.0734 0.9208
vn -0.0303 -0.2138 0.9764
vn 0.0347 -0.2165 0.9757
vn 0.1178 -0.0568 0.9914
vn 0.3424 0.0746 0.9366
vn 0.5153 0.2360 0.8239
vn 0.6104 0.5659 0.5542
vn 0.5563 0.7235 0.4088
vn 0.3340 0.8262 0.4538
vn 0.0787 0.0274 0.9965
vn -0.7235 -0.1168 0.6803
vn -0.6275 -0.5325 0.5681
vn -0.5268 -0.4609 0.7141
vn -0.7716 -0.1302 0.6226
vn 0.4952 -0.3007 0.8151
vn 0.4439 -0.3350 0.8311
vn 0.1543 0.0280 0.9876
vn -0.5538 0.3418 0.7593
vn -0.5940 0.0646 0.8019
vn -0.4431 0.0769 0.8932
vn -0.4142 0.0502 0.9088
vn -0.4284 0.0914 0.8990
vn 0.3520 -0.0901 0.9317
vn 0.1628 -0.0954 0.9820
vn 0.1404 -0.1452 0.9794
vn 0.4430 0.1558 0.8829
vn 0.4050 0.2819 0.8698
vn 0.6163 0.3177 0.7206
vn 0.3741 0.5385 0.7550
vn 0.2312 0.5071 0.8303
vn 0.5877 0.3376 0.7353
vn 0.1980 0.0558 0.9786
vn -0.6963 -0.1781 0.6953
vn -0.5655 -0.6046 0.5610
vn -0.6458 -0.5318 0.5478
vn -0.7793 -0.1092 0.6171
vn 0.4536 -0.2899 0.8428
vn 0.4961 -0.3472 0.7958
vn -0.4911 0.0387 0.8703
vn -0.3322 0.4400 0.8343
vn -0.5701 0.0534 0.8199
vn -0.6313 -0.0391 0.7746
vn -0.6704 0.0115 0.7419
vn -0.4438 0.0106 0.8960
vn -0.2322 -0.0147 0.9725
vn 0.1320 -0.0626 0.9893
vn 0.0038 -0.1873 0.9823
vn 0.1170 -0.0556 0.9916
vn 0.4766 0.0757 0.8758
vn 0.3986 0.1441 0.9057
vn 0.5034 0.1838 0.8443
vn 0.5153 0.2358 0.8239
vn 0.5540 0.3721 0.7447
vn 0.6458 0.4307 0.6304
vn 0.6576 0.5241 0.5412
vn 0.6390 0.5422 0.5456
vn 0.2232 0.5169 0.8265
vn 0.0869 0.5819 0.8086
vn 0.0171 0.5465 0.8373
vn 0.4191 0.3900 0.8199
vn 0.5081 0.4257 0.7487
vn 0.1218 -0.0209 0.9923
vn -0.3879 -0.0254 0.9214
vn 0.1794 -0.4122 0.8932
vn 0.3728 -0.3900 0.8420
vn -0.3135 0.1520 0.9374
vn -0.5695 0.2965 0.7667
vn -0.4172 0.2653 0.8692
vn -0.6176 0.0955 0.7807
vn -0.4409 0.0004 0.8976
vn -0.4251 -0.0167 0.9050
vn -0.4813 0.0257 0.8762
vn -0.4583 0.0417 0.8878
vn -0.3803 0.0474 0.9236
vn -0.2694 0.0170 0.9629
vn 0.3614 -0.0440 0.9314
vn 0.3196 -0.0445 0.9465
vn 0.2160 -0.0313 0.9759
vn 0.4391 0.1313 0.8888
vn 0.4824 0.2004 0.8527
vn 0.5219 0.3698 0.7687
vn 0.5229 0.3699 0.7680
vn 0.5311 0.5543 0.6409
vn 0.6850 0.4635 0.5620
vn 0.4179 0.4966 0.7607
vn 0.2933 0.5461 0.7847
vn 0.5911 0.3251 0.7381
vn 0.5140 0.2700 0.8142
vn 0.2131 0.0827 0.9735
vn -0.6307 -0.2456 0.7361
vn -0.6211 -0.2612 0.7389
vn 0.2046 -0.1029 0.9734
vn -0.6417 0.1901 0.7430
vn -0.6437 0.1897 0.7414
vn -0.5700 0.2965 0.7663
vn -0.5106 0.2527 0.8219
vn -0.4276 0.3472 0.8347
vn -0.4564 0.0701 0.8870
vn -0.4459 0.0031 0.8951
vn -0.3786 0.0450 0.9245
vn 0.3657 -0.0790 0.9274
vn 0.3841 -0.0960 0.9183
vn 0.2044 -0.0971 0.9741
vn 0.2144 -0.0995 0.9717
vn 0.3923 0.0322 0.9193
vn 0.4802 0.2737 0.8334
vn 0.4293 0.3647 0.8263
vn 0.5913 0.3171 0.7415
vn 0.2123 0.0828 0.9737
vn -0.7147 -0.0216 0.6991
vn -0.7222 0.0165 0.6914
vn -0.7629 0.0218 0.6462
vn 0.2507 -0.0753 0.9651
vn -0.4581 0.3118 0.8324
vn -0.4159 0.2630 0.8705
vn -0.5764 0.3648 0.7312
vn -0.4384 0.4011 0.8043
vn -0.6645 0.3332 0.6689
vn -0.4321 -0.0224 0.9015
vn -0.4594 -0.0316 0.8877
vn 0.3678 -0.0986 0.9247
vn 0.3501 -0.0690 0.9342
vn 0.2603 -0.0447 0.9645
vn 0.1470 -0.0857 0.9854
vn -0.0050 -0.1721 0.9851
vn -0.0045 -0.1698 0.9855
vn 0.0174 -0.1635 0.9864
vn 0.0813 -0.2095 0.9744
vn 0.5400 0.4101 0.7350
vn 0.5360 0.5311 0.6562
vn 0.2616 0.5832 0.7690
vn 0.2610 0.5835 0.7691
vn 0.2148 0.2866 0.9337
vn 0.5582 0.2576 0.7887
vn 0.5245 0.3067 0.7942
vn -0.0149 -0.1376 0.9904
vn -0.7381 -0.2575 0.6236
vn -0.7124 -0.1785 0.6787
vn -0.8137 -0.0047 0.5813
vn -0.4203 0.3993 0.8148
vn -0.6006 0.0881 0.7947
vn -0.4297 0.0165 0.9028
vn -0.4797 -0.0677 0.8748
vn -0.4497 -0.0332 0.8926
vn -0.3789 -0.0012 0.9255
vn 0.1178 -0.0391 0.9923
vn 0.3148 -0.0854 0.9453
vn 0.2565 -0.0410 0.9657
vn -0.0021 -0.2407 0.9706
vn 0.0229 -0.2721 0.9620
vn -0.0246 -0.2581 0.9658
vn 0.0559 -0.2099 0.9761
vn 0.2462 -0.1119 0.9627
vn 0.4291 0.0815 0.8996
vn 0.4994 0.1793 0.8476
vn 0.5608 0.2808 0.7789
vn 0.7472 0.3494 0.5654
vn 0.5798 0.4781 0.6597
vn 0.2373 0.5652 0.7900
vn 0.2171 0.0556 0.9746
vn -0.6817 -0.0505 0.7299
vn -0.8092 -0.0318 0.5866
vn 0.3035 -0.2251 0.9259
vn 0.4933 -0.3158 0.8105
vn 0.3256 -0.1102 0.9391
vn -0.6437 0.1917 0.7409
vn -0.3945 0.3497 0.8497
vn -0.4582 0.3190 0.8296
vn -0.4306 -0.0324 0.9020
vn -0.4794 -0.0679 0.8750
vn -0.4538 -0.0405 0.8902
vn -0.2829 0.0624 0.9571
vn 0.1311 -0.0485 0.9902
vn 0.3478 -0.0708 0.9349
vn 0.1671 -0.0676 0.9836
vn 0.1635 -0.1000 0.9815
vn -0.0156 -0.2902 0.9568
vn 0.3401 -0.0998 0.9351
vn 0.4280 0.2865 0.8571
vn 0.5563 0.2845 0.7808
vn 0.4983 0.2990 0.8138
vn 0.5525 0.3556 0.7538
vn 0.6372 0.2800 0.7180
vn 0.5841 0.3408 0.7367
vn 0.2572 0.5884 0.7666
vn 0.3800 0.2018 0.9027
vn 0.5474 0.1565 0.8221
vn -0.6493 -0.1150 0.7518
vn -0.3648 0.6669 0.6498
vn -0.2013 0.9018 0.3823
vn -0.2176 0.8239 0.5233
vn -0.5552 0.1350 0.8207
vn -0.5194 0.1911 0.8329
vn -0.4911 0.1722 0.8539
vn -0.5226 0.1677 0.8359
vn -0.4229 0.0020 0.9062
vn -0.3547 -0.0281 0.9345
vn 0.3424 -0.1157 0.9324
vn 0.3799 -0.0562 0.9233
vn 0.3602 -0.0540 0.9313
vn 0.3606 -0.0519 0.9313
vn 0.1698 -0.0756 0.9826
vn 0.0523 -0.2014 0.9781
vn 0.1426 -0.2439 0.9592
vn 0.5321 -0.3189 0.7844
vn 0.3703 -0.0076 0.9289
vn 0.4891 0.0753 0.8690
vn 0.4683 0.1339 0.8734
vn 0.1976 0.4665 0.8622
vn 0.3194 0.3142 0.8940
vn 0.3016 0.1757 0.9371
vn 0.3524 0.1015 0.9303
vn 0.6008 0.0879 0.7945
vn 0.6303 0.0072 0.7763
vn 0.5861 0.1910 0.7874
vn 0.2574 0.3588 0.8972
vn 0.3458 0.1838 0.9201
vn -0.6529 0.4174 0.6320
vn -0.7871 -0.1687 0.5933
vn -0.7751 -0.1234 0.6196
vt 0.501413 0.062032
vt 0.504676 0.062540
vt 0.500053 0.062543
vt 0.502965 0.062220
vt 0.503866 0.062174
vt 0.505442 0.062093
vt 0.506677 0.062544
vt 0.506375 0.062086
vt 0.506801 0.062087
vt 0.507563 0.062531
vt 0.510168 0.062542
vt 0.510873 0.061897
vt 0.511339 0.062542
vt 0.512865 0.062545
vt 0.513440 0.061621
vt 0.513877 0.062543
vt 0.514748 0.062203
vt 0.514877 0.062547
vt 0.515263 0.061861
vt 0.515871 0.062546
vt 0.518664 0.062550
vt 0.519900 0.061971
vt 0.520567 0.062542
vt 0.521724 0.061713
vt 0.522440 0.062544
vt 0.522944 0.061715
vt 0.523764 0.062542
vt 0.524809 0.061425
vt 0.525786 0.062542
vt 0.529668 0.062543
vt 0.530066 0.061200
vt 0.531079 0.062543
vt 0.532605 0.061849
vt 0.533054 0.062543
vt 0.532291 0.062544
vt 0.534109 0.062075
vt 0.534470 0.062542
vt 0.533733 0.062541
vt 0.536966 0.062541
vt 0.538131 0.061824
vt 0.538523 0.062548
vt 0.540516 0.061755
vt 0.541797 0.062536
vt 0.540592 0.062543
vt 0.546705 0.061155
vt 0.548782 0.062545
vt 0.547509 0.062545
vt 0.550306 0.062039
vt 0.549918 0.062541
vt 0.550460 0.062547
vt 0.551665 0.062541
vt 0.552023 0.061873
vt 0.552649 0.062540
vt 0.553685 0.061937
vt 0.553682 0.062542
vt 0.554277 0.062543
vt 0.554967 0.062544
vt 0.555194 0.061882
vt 0.555472 0.062545
vt 0.556209 0.061824
vt 0.556281 0.062541
vt 0.557923 0.062542
vt 0.557168 0.061760
vt 0.559661 0.061923
vt 0.560630 0.062542
vt 0.559151 0.062535
vt 0.561520 0.061496
vt 0.562530 0.062542
vt 0.500051 0.061764
vt 0.503028 0.061525
vt 0.503860 0.061735
vt 0.507121 0.061792
vt 0.508439 0.061754
vt 0.508681 0.062543
vt 0.508865 0.061150
vt 0.510056 0.061591
vt 0.517023 0.061936
vt 0.516936 0.062542
vt 0.518162 0.062540
vt 0.533316 0.061602
vt 0.533648 0.061820
vt 0.534628 0.061537
vt 0.535313 0.062549
vt 0.536767 0.061769
vt 0.536434 0.062546
vt 0.539430 0.061827
vt 0.539412 0.062550
vt 0.542939 0.061823
vt 0.542868 0.062548
vt 0.543978 0.061424
vt 0.544884 0.062542
vt 0.545153 0.061720
vt 0.546513 0.062548
vt 0.546189 0.061791
vt 0.549106 0.061553
vt 0.558076 0.061046
vt 0.504997 0.061196
vt 0.507443 0.061511
vt 0.511253 0.061374
vt 0.512125 0.061609
vt 0.514856 0.060941
vt 0.515857 0.061329
vt 0.517970 0.061164
vt 0.523845 0.060803
vt 0.526174 0.060402
vt 0.527429 0.062542
vt 0.535039 0.061205
vt 0.554032 0.061327
vt 0.500773 0.061261
vt 0.506183 0.060694
vt 0.506905 0.060892
vt 0.512950 0.061259
vt 0.514021 0.061235
vt 0.516633 0.061329
vt 0.518845 0.061337
vt 0.519194 0.060796
vt 0.520166 0.060918
vt 0.527907 0.060334
vt 0.529023 0.060933
vt 0.531550 0.060582
vt 0.534247 0.061177
vt 0.535462 0.060619
vt 0.537723 0.060515
vt 0.538409 0.061307
vt 0.539977 0.061235
vt 0.541545 0.061275
vt 0.544673 0.060769
vt 0.547714 0.060992
vt 0.548371 0.061036
vt 0.550681 0.061106
vt 0.552150 0.061079
vt 0.560608 0.061081
vt 0.562526 0.060800
vt 0.500047 0.060977
vt 0.501758 0.061079
vt 0.507572 0.061098
vt 0.517283 0.060985
vt 0.522348 0.060494
vt 0.523149 0.060299
vt 0.539125 0.061006
vt 0.555338 0.060869
vt 0.557021 0.060981
vt 0.502481 0.060472
vt 0.513219 0.060525
vt 0.534200 0.060843
vt 0.536467 0.060993
vt 0.551220 0.060086
vt 0.559895 0.060880
vt 0.507789 0.060653
vt 0.509411 0.060192
vt 0.510374 0.060583
vt 0.511443 0.060147
vt 0.512341 0.060508
vt 0.514345 0.060090
vt 0.515248 0.060273
vt 0.518375 0.060553
vt 0.532805 0.060305
vt 0.534884 0.060355
vt 0.541363 0.060403
vt 0.543486 0.060139
vt 0.548538 0.059873
vt 0.552458 0.059837
vt 0.554079 0.060213
vt 0.557885 0.060201
vt 0.559026 0.060246
vt 0.505267 0.060028
vt 0.508204 0.060312
vt 0.515963 0.060029
vt 0.516646 0.060045
vt 0.517302 0.060312
vt 0.519265 0.060280
vt 0.520394 0.060406
vt 0.535966 0.060120
vt 0.539323 0.060141
vt 0.500048 0.059806
vt 0.506328 0.059712
vt 0.508490 0.060151
vt 0.510779 0.059854
vt 0.518129 0.059787
vt 0.524199 0.059799
vt 0.525191 0.059584
vt 0.529191 0.059590
vt 0.534577 0.060093
vt 0.544613 0.059743
vt 0.546225 0.059644
vt 0.549492 0.059715
vt 0.560460 0.059339
vt 0.501376 0.059337
vt 0.502713 0.059279
vt 0.507808 0.059704
vt 0.512196 0.059467
vt 0.521764 0.059930
vt 0.535631 0.059579
vt 0.536376 0.059616
vt 0.540740 0.059874
vt 0.541787 0.059558
vt 0.546916 0.058944
vt 0.555527 0.059896
vt 0.559579 0.059541
vt 0.509187 0.058846
vt 0.510294 0.059140
vt 0.513306 0.059028
vt 0.517294 0.059628
vt 0.518453 0.059382
vt 0.518955 0.059018
vt 0.520067 0.059269
vt 0.523539 0.058941
vt 0.526108 0.058310
vt 0.530546 0.059128
vt 0.533118 0.059242
vt 0.535149 0.059459
vt 0.536649 0.059039
vt 0.537641 0.059561
vt 0.539386 0.059049
vt 0.543917 0.058975
vt 0.556036 0.059026
vt 0.559013 0.059020
vt 0.508622 0.059292
vt 0.515262 0.059187
vt 0.516089 0.059163
vt 0.522371 0.059059
vt 0.531480 0.058686
vt 0.539634 0.058594
vt 0.550549 0.059035
vt 0.553931 0.058630
vt 0.557320 0.058681
vt 0.561727 0.059266
vt 0.562528 0.059474
vt 0.506327 0.058757
vt 0.517031 0.058600
vt 0.520715 0.058832
vt 0.527973 0.058412
vt 0.534162 0.058611
vt 0.537233 0.058817
vt 0.542477 0.058501
vt 0.545343 0.058862
vt 0.548222 0.058423
vt 0.552068 0.058101
vt 0.503736 0.058637
vt 0.504369 0.058754
vt 0.508558 0.058405
vt 0.508824 0.058451
vt 0.511039 0.058581
vt 0.512461 0.058514
vt 0.514384 0.058184
vt 0.515114 0.058357
vt 0.519644 0.058854
vt 0.521625 0.058432
vt 0.524490 0.058416
vt 0.535197 0.058332
vt 0.535995 0.058472
vt 0.500040 0.058316
vt 0.501718 0.058215
vt 0.507200 0.058475
vt 0.511833 0.058085
vt 0.518136 0.058172
vt 0.525481 0.057545
vt 0.532372 0.058129
vt 0.537785 0.058317
vt 0.541428 0.058334
vt 0.549452 0.057655
vt 0.562529 0.058186
vt 0.513364 0.057851
vt 0.515836 0.057865
vt 0.517150 0.057706
vt 0.519336 0.058329
vt 0.520788 0.057937
vt 0.522237 0.058054
vt 0.540334 0.057913
vt 0.544228 0.058368
vt 0.546228 0.057690
vt 0.558217 0.057913
vt 0.559480 0.058020
vt 0.560867 0.058023
vt 0.561535 0.058396
vt 0.504355 0.057726
vt 0.509948 0.057775
vt 0.519665 0.057757
vt 0.529287 0.057415
vt 0.532736 0.057325
vt 0.535938 0.057646
vt 0.536809 0.057518
vt 0.505928 0.057612
vt 0.506630 0.057216
vt 0.508769 0.057806
vt 0.511042 0.057369
vt 0.523546 0.057790
vt 0.535388 0.057427
vt 0.537598 0.057490
vt 0.547854 0.057213
vt 0.551081 0.057085
vt 0.553499 0.057281
vt 0.500043 0.057328
vt 0.503622 0.057125
vt 0.507791 0.057596
vt 0.508548 0.057432
vt 0.518328 0.057474
vt 0.522503 0.056991
vt 0.524459 0.057315
vt 0.530585 0.056142
vt 0.539261 0.057236
vt 0.543474 0.057559
vt 0.555702 0.057140
vt 0.559206 0.056766
vt 0.501609 0.057134
vt 0.502118 0.056913
vt 0.508960 0.057269
vt 0.511565 0.056766
vt 0.513810 0.057352
vt 0.514570 0.057233
vt 0.515087 0.056840
vt 0.526798 0.056720
vt 0.536296 0.056389
vt 0.542041 0.057425
vt 0.550022 0.056703
vt 0.554039 0.056652
vt 0.557578 0.056949
vt 0.560583 0.057018
vt 0.562538 0.057111
vt 0.505139 0.056615
vt 0.509906 0.056828
vt 0.512262 0.056208
vt 0.515660 0.056641
vt 0.516550 0.057000
vt 0.517716 0.056923
vt 0.518840 0.056786
vt 0.519974 0.056560
vt 0.520349 0.056884
vt 0.521322 0.056639
vt 0.532958 0.056586
vt 0.534388 0.057048
vt 0.538202 0.056965
vt 0.539992 0.056698
vt 0.542853 0.056812
vt 0.544231 0.056955
vt 0.556561 0.056316
vt 0.509311 0.056257
vt 0.513576 0.056628
vt 0.535649 0.056667
vt 0.541353 0.056498
vt 0.546093 0.056968
vt 0.547048 0.056547
vt 0.551838 0.055931
vt 0.558345 0.056107
vt 0.500046 0.056398
vt 0.505957 0.056142
vt 0.507571 0.056378
vt 0.508999 0.056483
vt 0.510216 0.056031
vt 0.524162 0.056497
vt 0.528930 0.055959
vt 0.535146 0.056602
vt 0.537335 0.056563
vt 0.538834 0.056403
vt 0.544878 0.056361
vt 0.549250 0.056022
vt 0.514324 0.055769
vt 0.519535 0.056299
vt 0.522344 0.055888
vt 0.525526 0.056007
vt 0.536596 0.055798
vt 0.545722 0.055929
vt 0.560194 0.056001
vt 0.561249 0.055937
vt 0.500042 0.055650
vt 0.501686 0.055974
vt 0.502738 0.055832
vt 0.504553 0.055632
vt 0.509581 0.056056
vt 0.515048 0.055349
vt 0.517731 0.055916
vt 0.518618 0.055565
vt 0.520224 0.055835
vt 0.520958 0.055946
vt 0.524338 0.055586
vt 0.538217 0.055828
vt 0.540222 0.055971
vt 0.542884 0.055622
vt 0.548078 0.055852
vt 0.555268 0.055545
vt 0.503473 0.055164
vt 0.506924 0.055403
vt 0.508779 0.055942
vt 0.513171 0.055258
vt 0.516265 0.055710
vt 0.526926 0.055154
vt 0.531187 0.055294
vt 0.532807 0.055607
vt 0.533579 0.055098
vt 0.535155 0.055731
vt 0.537167 0.055376
vt 0.540575 0.055350
vt 0.542068 0.055962
vt 0.546648 0.055696
vt 0.553755 0.055006
vt 0.559259 0.055304
vt 0.562529 0.055752
vt 0.507852 0.055372
vt 0.511874 0.055078
vt 0.519563 0.055435
vt 0.522936 0.055246
vt 0.529596 0.054738
vt 0.534579 0.055424
vt 0.535887 0.055299
vt 0.539075 0.055309
vt 0.539657 0.055453
vt 0.552621 0.054961
vt 0.557039 0.054482
vt 0.558602 0.055187
vt 0.501181 0.054899
vt 0.509292 0.055467
vt 0.509820 0.055133
vt 0.510379 0.055571
vt 0.511157 0.055062
vt 0.516857 0.055065
vt 0.520203 0.055022
vt 0.544162 0.055094
vt 0.547495 0.055380
vt 0.550079 0.054907
vt 0.505394 0.054605
vt 0.508142 0.054958
vt 0.518508 0.054973
vt 0.520872 0.054894
vt 0.521850 0.054922
vt 0.535292 0.054205
vt 0.536400 0.054860
vt 0.548768 0.054634
vt 0.555167 0.054305
vt 0.560862 0.054927
vt 0.502711 0.054460
vt 0.506288 0.054409
vt 0.507342 0.054814
vt 0.508860 0.054724
vt 0.510230 0.054864
vt 0.514056 0.054654
vt 0.515764 0.055004
vt 0.517864 0.054392
vt 0.523467 0.054681
vt 0.525088 0.054160
vt 0.525832 0.054531
vt 0.531904 0.054659
vt 0.534255 0.054503
vt 0.534715 0.054812
vt 0.537483 0.054757
vt 0.541066 0.054812
vt 0.542259 0.054844
vt 0.545055 0.054345
vt 0.547854 0.054662
vt 0.557861 0.054125
vt 0.559819 0.054775
vt 0.500052 0.054341
vt 0.510046 0.054690
vt 0.510752 0.054731
vt 0.510792 0.054255
vt 0.512362 0.054609
vt 0.512913 0.054267
vt 0.520732 0.054275
vt 0.524304 0.054141
vt 0.528368 0.054513
vt 0.530813 0.053952
vt 0.537979 0.054168
vt 0.551102 0.054148
vt 0.561738 0.053999
vt 0.562531 0.054362
vt 0.503900 0.054175
vt 0.509632 0.053941
vt 0.510449 0.054442
vt 0.515039 0.053732
vt 0.515954 0.053741
vt 0.518899 0.054098
vt 0.521816 0.054300
vt 0.532834 0.054250
vt 0.538772 0.054122
vt 0.539316 0.053404
vt 0.541814 0.054175
vt 0.543269 0.054245
vt 0.546224 0.053944
vt 0.549451 0.053767
vt 0.558755 0.054263
vt 0.505182 0.054132
vt 0.512227 0.054039
vt 0.513105 0.053499
vt 0.519912 0.053728
vt 0.522672 0.053802
vt 0.526380 0.053386
vt 0.532919 0.053686
vt 0.534420 0.053839
vt 0.535864 0.053692
vt 0.536979 0.053499
vt 0.540544 0.053959
vt 0.544156 0.053566
vt 0.552539 0.053584
vt 0.553647 0.052813
vt 0.560240 0.053827
vt 0.500043 0.053414
vt 0.502176 0.053633
vt 0.505783 0.053948
vt 0.507266 0.053594
vt 0.508521 0.053645
vt 0.513855 0.053055
vt 0.516674 0.053576
vt 0.521897 0.053805
vt 0.531611 0.053485
vt 0.533685 0.053349
vt 0.545643 0.053464
vt 0.547787 0.053298
vt 0.556143 0.053820
vt 0.559007 0.053527
vt 0.500804 0.053464
vt 0.504849 0.053542
vt 0.509367 0.053338
vt 0.510737 0.053715
vt 0.517475 0.052901
vt 0.520419 0.052905
vt 0.523069 0.053528
vt 0.527574 0.053238
vt 0.535161 0.053583
vt 0.537803 0.053685
vt 0.541389 0.053471
vt 0.546359 0.053064
vt 0.551482 0.053297
vt 0.501637 0.053087
vt 0.502736 0.053002
vt 0.503959 0.053214
vt 0.510230 0.053206
vt 0.510911 0.053298
vt 0.511843 0.053587
vt 0.522547 0.053353
vt 0.523878 0.053032
vt 0.524549 0.053098
vt 0.529575 0.053177
vt 0.535438 0.053168
vt 0.536533 0.053082
vt 0.538606 0.053248
vt 0.540433 0.053322
vt 0.541451 0.052834
vt 0.543039 0.053409
vt 0.558441 0.052930
vt 0.560462 0.053276
vt 0.561745 0.052812
vt 0.500044 0.053036
vt 0.505352 0.052778
vt 0.514683 0.052799
vt 0.516003 0.052788
vt 0.518777 0.053042
vt 0.520791 0.052988
vt 0.521248 0.053155
vt 0.534003 0.052964
vt 0.534863 0.052639
vt 0.537364 0.052768
vt 0.550069 0.052690
vt 0.554786 0.052562
vt 0.557111 0.052733
vt 0.559630 0.053109
vt 0.502982 0.052669
vt 0.506103 0.052145
vt 0.508099 0.052204
vt 0.511104 0.052491
vt 0.511464 0.052620
vt 0.519080 0.052559
vt 0.522464 0.052555
vt 0.524630 0.052337
vt 0.527779 0.052228
vt 0.529561 0.052276
vt 0.538915 0.052662
vt 0.539711 0.052720
vt 0.540528 0.052752
vt 0.542236 0.052384
vt 0.543596 0.052601
vt 0.544368 0.052773
vt 0.545037 0.052530
vt 0.548703 0.052688
vt 0.552134 0.052438
vt 0.556042 0.052424
vt 0.560538 0.052402
vt 0.500968 0.052720
vt 0.501346 0.052447
vt 0.504346 0.052519
vt 0.507070 0.051960
vt 0.509051 0.052454
vt 0.513018 0.052566
vt 0.518080 0.052390
vt 0.531363 0.052605
vt 0.531876 0.051876
vt 0.533043 0.052199
vt 0.535941 0.052221
vt 0.547293 0.052263
vt 0.551162 0.052318
vt 0.562551 0.052277
vt 0.500048 0.052443
vt 0.501559 0.052155
vt 0.509737 0.051890
vt 0.512236 0.051826
vt 0.514185 0.051860
vt 0.516245 0.052141
vt 0.519907 0.051754
vt 0.520954 0.052249
vt 0.525127 0.051426
vt 0.536267 0.051707
vt 0.546142 0.052127
vt 0.548733 0.051875
vt 0.557193 0.052237
vt 0.558474 0.052260
vt 0.559448 0.052189
vt 0.560944 0.052052
vt 0.500930 0.051317
vt 0.502554 0.052036
vt 0.510599 0.052105
vt 0.511289 0.051907
vt 0.511568 0.052176
vt 0.515274 0.051923
vt 0.526447 0.050956
vt 0.533216 0.052012
vt 0.533745 0.051791
vt 0.537354 0.051669
vt 0.543229 0.051795
vt 0.544926 0.051548
vt 0.550006 0.051876
vt 0.553176 0.051743
vt 0.554500 0.051601
vt 0.562094 0.051919
vt 0.513574 0.051680
vt 0.518208 0.051893
vt 0.521777 0.051572
vt 0.523596 0.051479
vt 0.530715 0.050389
vt 0.534665 0.051188
vt 0.535341 0.051022
vt 0.538292 0.051169
vt 0.539680 0.051242
vt 0.541726 0.051614
vt 0.546999 0.051454
vt 0.551196 0.051456
vt 0.555914 0.051492
vt 0.504442 0.051428
vt 0.508352 0.051124
vt 0.512666 0.051290
vt 0.515877 0.051287
vt 0.517276 0.051691
vt 0.518348 0.051150
vt 0.557339 0.051016
vt 0.562524 0.051331
vt 0.509906 0.050853
vt 0.511533 0.051076
vt 0.513318 0.050358
vt 0.515060 0.050846
vt 0.521019 0.050926
vt 0.528394 0.050646
vt 0.531847 0.050619
vt 0.533061 0.051120
vt 0.537547 0.050720
vt 0.542260 0.051295
vt 0.558515 0.050660
vt 0.560604 0.050561
vt 0.500049 0.051205
vt 0.502651 0.051145
vt 0.505353 0.050383
vt 0.506402 0.050405
vt 0.511901 0.050696
vt 0.519765 0.050534
vt 0.521658 0.050709
vt 0.524776 0.050758
vt 0.529936 0.050751
vt 0.544603 0.050589
vt 0.549932 0.050813
vt 0.553631 0.050435
vt 0.559492 0.050994
vt 0.508862 0.050085
vt 0.510726 0.049913
vt 0.527065 0.049892
vt 0.533855 0.049981
vt 0.536017 0.050477
vt 0.540511 0.050198
vt 0.543516 0.050410
vt 0.545644 0.049930
vt 0.548437 0.050111
vt 0.554894 0.050146
vt 0.555806 0.050038
vt 0.556489 0.050654
vt 0.561243 0.050172
vt 0.500044 0.050186
vt 0.503458 0.050282
vt 0.504453 0.050113
vt 0.516419 0.050006
vt 0.523295 0.050513
vt 0.541871 0.049715
vt 0.546570 0.049847
vt 0.559263 0.049758
vt 0.562530 0.050013
vt 0.502251 0.049971
vt 0.511548 0.049901
vt 0.512306 0.050204
vt 0.518164 0.049938
vt 0.539724 0.050524
vt 0.551815 0.049919
vt 0.506781 0.049499
vt 0.507946 0.049836
vt 0.511963 0.049785
vt 0.513464 0.049493
vt 0.515430 0.049641
vt 0.520510 0.049794
vt 0.522510 0.050022
vt 0.525288 0.049754
vt 0.533114 0.049582
vt 0.534618 0.049647
vt 0.536857 0.049920
vt 0.541187 0.049613
vt 0.544666 0.049693
vt 0.501227 0.049873
vt 0.510079 0.049506
vt 0.519424 0.049213
vt 0.521662 0.049756
vt 0.524267 0.049438
vt 0.531896 0.049459
vt 0.535166 0.049650
vt 0.537825 0.049301
vt 0.542855 0.049498
vt 0.549986 0.049620
vt 0.557483 0.049533
vt 0.504721 0.049494
vt 0.512394 0.049600
vt 0.517232 0.049202
vt 0.527892 0.048843
vt 0.530948 0.049057
vt 0.539358 0.049379
vt 0.543876 0.049038
vt 0.548890 0.048861
vt 0.559888 0.049566
vt 0.500048 0.049120
vt 0.501683 0.048801
vt 0.505752 0.048979
vt 0.514630 0.048886
vt 0.523051 0.048881
vt 0.528479 0.047755
vt 0.529757 0.048369
vt 0.533472 0.049417
vt 0.534917 0.048920
vt 0.535776 0.048592
vt 0.536647 0.048829
vt 0.556425 0.048651
vt 0.503122 0.048440
vt 0.506996 0.048197
vt 0.512297 0.048642
vt 0.512611 0.048948
vt 0.515979 0.048450
vt 0.517576 0.048246
vt 0.520972 0.048621
vt 0.522214 0.048921
vt 0.525870 0.048239
vt 0.533030 0.048573
vt 0.533758 0.048983
vt 0.547436 0.048892
vt 0.549912 0.048573
vt 0.550538 0.048443
vt 0.553648 0.049087
vt 0.555356 0.048491
vt 0.558315 0.048320
vt 0.562533 0.048843
vt 0.509269 0.048118
vt 0.510812 0.048545
vt 0.512071 0.048629
vt 0.513659 0.048878
vt 0.520140 0.048720
vt 0.524368 0.048501
vt 0.538202 0.048570
vt 0.539120 0.048515
vt 0.542409 0.048037
vt 0.545069 0.048450
vt 0.546794 0.048385
vt 0.551654 0.048444
vt 0.559220 0.048685
vt 0.560497 0.048223
vt 0.504939 0.048671
vt 0.513016 0.048561
vt 0.523734 0.048640
vt 0.534144 0.047681
vt 0.537104 0.047834
vt 0.556995 0.047930
vt 0.509565 0.048522
vt 0.514489 0.048215
vt 0.518577 0.048335
vt 0.519069 0.047502
vt 0.521664 0.047785
vt 0.523351 0.048115
vt 0.524934 0.047740
vt 0.530788 0.046853
vt 0.531653 0.048216
vt 0.535107 0.047782
vt 0.541531 0.048382
vt 0.548132 0.047295
vt 0.548999 0.048275
vt 0.553520 0.048199
vt 0.500048 0.048165
vt 0.502107 0.048035
vt 0.504107 0.047451
vt 0.510552 0.047650
vt 0.513019 0.047858
vt 0.526761 0.047206
vt 0.532331 0.048020
vt 0.533718 0.048065
vt 0.539879 0.047820
vt 0.543339 0.047158
vt 0.545642 0.047890
vt 0.550026 0.048119
vt 0.550695 0.047789
vt 0.559435 0.047614
vt 0.561647 0.047784
vt 0.501193 0.047655
vt 0.502809 0.047717
vt 0.505849 0.047431
vt 0.507790 0.047315
vt 0.513571 0.047567
vt 0.523388 0.047698
vt 0.524030 0.047309
vt 0.533320 0.047391
vt 0.537555 0.047418
vt 0.544289 0.047082
vt 0.552150 0.047687
vt 0.554874 0.047302
vt 0.556107 0.047307
vt 0.562530 0.047611
vt 0.504965 0.047128
vt 0.514686 0.047156
vt 0.520693 0.047185
vt 0.522034 0.047176
vt 0.536013 0.047041
vt 0.538247 0.046852
vt 0.546509 0.046247
vt 0.557865 0.046609
vt 0.512243 0.046579
vt 0.514066 0.046793
vt 0.515108 0.046819
vt 0.516143 0.046995
vt 0.527480 0.046420
vt 0.529167 0.046373
vt 0.532255 0.047315
vt 0.540544 0.047415
vt 0.549799 0.047109
vt 0.550936 0.047232
vt 0.552529 0.047090
vt 0.558670 0.046742
vt 0.560115 0.046902
vt 0.503086 0.046647
vt 0.506088 0.046281
vt 0.509460 0.046503
vt 0.510815 0.046793
vt 0.512858 0.047074
vt 0.517139 0.046693
vt 0.524453 0.046568
vt 0.525242 0.046288
vt 0.529922 0.045851
vt 0.533672 0.046846
vt 0.534332 0.046811
vt 0.535038 0.046823
vt 0.541137 0.046636
vt 0.551801 0.047083
vt 0.553117 0.046649
vt 0.561089 0.046588
vt 0.562527 0.046478
vt 0.500046 0.046446
vt 0.502083 0.046348
vt 0.504058 0.046326
vt 0.513125 0.046133
vt 0.521070 0.046861
vt 0.522828 0.046561
vt 0.532855 0.046635
vt 0.536757 0.045906
vt 0.539065 0.046495
vt 0.544997 0.046529
vt 0.546036 0.046748
vt 0.549429 0.046628
vt 0.500774 0.045718
vt 0.508492 0.045630
vt 0.519073 0.046352
vt 0.523584 0.045243
vt 0.535346 0.046547
vt 0.548396 0.046026
vt 0.550017 0.046362
vt 0.556995 0.046092
vt 0.507357 0.045840
vt 0.511760 0.045609
vt 0.512897 0.045503
vt 0.515154 0.045931
vt 0.517701 0.046170
vt 0.519933 0.046142
vt 0.531954 0.046030
vt 0.534061 0.046347
vt 0.534804 0.045934
vt 0.535558 0.045876
vt 0.540631 0.045965
vt 0.542928 0.045982
vt 0.551294 0.045998
vt 0.551903 0.046210
vt 0.552768 0.046225
vt 0.555590 0.045967
vt 0.560186 0.046192
vt 0.509834 0.045844
vt 0.516503 0.045867
vt 0.520988 0.045982
vt 0.547568 0.045763
vt 0.553637 0.045789
vt 0.558540 0.045372
vt 0.500045 0.044978
vt 0.510545 0.045689
vt 0.513803 0.045866
vt 0.521577 0.045330
vt 0.526146 0.045053
vt 0.530815 0.044879
vt 0.533131 0.045024
vt 0.534312 0.045633
vt 0.543510 0.045594
vt 0.561351 0.045162
vt 0.501600 0.045085
vt 0.503634 0.045113
vt 0.507660 0.044927
vt 0.512304 0.045243
vt 0.517786 0.045349
vt 0.518914 0.045594
vt 0.520046 0.045086
vt 0.522605 0.045253
vt 0.528010 0.045052
vt 0.538244 0.045234
vt 0.539337 0.045142
vt 0.540765 0.045089
vt 0.545392 0.045390
vt 0.545672 0.045035
vt 0.548039 0.044669
vt 0.551416 0.045284
vt 0.552360 0.045612
vt 0.557293 0.044818
vt 0.502791 0.044925
vt 0.509002 0.044128
vt 0.511301 0.044796
vt 0.513247 0.044959
vt 0.514095 0.045123
vt 0.515113 0.044836
vt 0.516080 0.045149
vt 0.524794 0.044542
vt 0.535815 0.045207
vt 0.541670 0.044741
vt 0.549759 0.045032
vt 0.553308 0.045525
vt 0.554295 0.045096
vt 0.560311 0.045013
vt 0.562529 0.045226
vt 0.505075 0.044612
vt 0.506155 0.044422
vt 0.518763 0.044746
vt 0.534568 0.044613
vt 0.535085 0.044792
vt 0.536991 0.044843
vt 0.543190 0.044600
vt 0.544363 0.044782
vt 0.553861 0.045110
vt 0.556135 0.044567
vt 0.510628 0.044601
vt 0.512979 0.044904
vt 0.514390 0.044572
vt 0.516768 0.044586
vt 0.521203 0.044422
vt 0.529925 0.044318
vt 0.532028 0.044117
vt 0.545649 0.043901
vt 0.552205 0.044517
vt 0.553386 0.044644
vt 0.554730 0.044685
vt 0.555527 0.044464
vt 0.500428 0.044367
vt 0.504157 0.044321
vt 0.513554 0.044559
vt 0.515396 0.044292
vt 0.523176 0.044114
vt 0.538202 0.043956
vt 0.540645 0.044141
vt 0.548612 0.044421
vt 0.550994 0.044464
vt 0.555115 0.044254
vt 0.558730 0.044369
vt 0.502144 0.044149
vt 0.511904 0.044265
vt 0.513306 0.044383
vt 0.516052 0.043687
vt 0.527968 0.043797
vt 0.530815 0.043913
vt 0.533235 0.044069
vt 0.535324 0.044228
vt 0.536124 0.044120
vt 0.537128 0.043781
vt 0.542130 0.043796
vt 0.553022 0.043950
vt 0.554374 0.044359
vt 0.555059 0.043725
vt 0.559428 0.043833
vt 0.560619 0.043548
vt 0.561260 0.043783
vt 0.500043 0.043385
vt 0.500443 0.043450
vt 0.505500 0.043694
vt 0.507127 0.043889
vt 0.525822 0.043610
vt 0.533523 0.043218
vt 0.539286 0.043844
vt 0.543945 0.043616
vt 0.554122 0.043699
vt 0.510512 0.043681
vt 0.511446 0.043725
vt 0.513538 0.043507
vt 0.515392 0.043825
vt 0.519228 0.043418
vt 0.520934 0.043184
vt 0.535097 0.043656
vt 0.536586 0.043351
vt 0.548420 0.043342
vt 0.549716 0.043360
vt 0.557523 0.043326
vt 0.505790 0.043184
vt 0.522798 0.043503
vt 0.524692 0.043022
vt 0.529489 0.043381
vt 0.535672 0.043654
vt 0.540529 0.043381
vt 0.541919 0.042869
vt 0.544313 0.042949
vt 0.547502 0.043270
vt 0.550622 0.043356
vt 0.562524 0.043478
vt 0.501613 0.043446
vt 0.502586 0.042874
vt 0.503733 0.043115
vt 0.504478 0.043329
vt 0.508694 0.043061
vt 0.512481 0.043377
vt 0.514291 0.042684
vt 0.515205 0.042994
vt 0.517337 0.042702
vt 0.523867 0.042490
vt 0.531410 0.043215
vt 0.532161 0.043103
vt 0.535847 0.042782
vt 0.540078 0.042804
vt 0.552238 0.043018
vt 0.553106 0.043079
vt 0.554784 0.042977
vt 0.555401 0.043287
vt 0.555723 0.043564
vt 0.505262 0.042345
vt 0.506420 0.042805
vt 0.511301 0.042841
vt 0.513291 0.043022
vt 0.516144 0.042903
vt 0.518136 0.042189
vt 0.527740 0.042737
vt 0.530477 0.042588
vt 0.534333 0.043159
vt 0.537579 0.042593
vt 0.541064 0.042785
vt 0.545471 0.043124
vt 0.551182 0.042660
vt 0.553694 0.042947
vt 0.556068 0.043000
vt 0.500043 0.042924
vt 0.504191 0.042512
vt 0.512323 0.042635
vt 0.521971 0.042331
vt 0.525394 0.042628
vt 0.535531 0.042380
vt 0.548409 0.042006
vt 0.550033 0.042301
vt 0.559908 0.042539
vt 0.560740 0.041956
vt 0.561972 0.042615
vt 0.562527 0.042734
vt 0.500058 0.042039
vt 0.501491 0.041495
vt 0.507834 0.042386
vt 0.509951 0.042548
vt 0.519346 0.041662
vt 0.532644 0.042026
vt 0.537086 0.042257
vt 0.538600 0.042452
vt 0.542957 0.041453
vt 0.545569 0.042378
vt 0.553084 0.042364
vt 0.555459 0.042064
vt 0.555738 0.042732
vt 0.556803 0.042291
vt 0.558882 0.042354
vt 0.500876 0.042151
vt 0.508977 0.041744
vt 0.513458 0.041926
vt 0.515543 0.042037
vt 0.516248 0.041831
vt 0.520187 0.041434
vt 0.531357 0.041926
vt 0.534388 0.041845
vt 0.535188 0.041578
vt 0.536134 0.042306
vt 0.543619 0.041547
vt 0.546460 0.041960
vt 0.556118 0.042391
vt 0.557786 0.042021
vt 0.502990 0.041794
vt 0.510508 0.041714
vt 0.510952 0.041535
vt 0.512121 0.042321
vt 0.524114 0.041938
vt 0.526206 0.041546
vt 0.529007 0.041757
vt 0.533337 0.041831
vt 0.541158 0.041500
vt 0.542580 0.041869
vt 0.544558 0.041605
vt 0.552152 0.041986
vt 0.553895 0.042143
vt 0.553942 0.041445
vt 0.554987 0.042301
vt 0.504148 0.041465
vt 0.507147 0.041652
vt 0.514309 0.041192
vt 0.517967 0.041062
vt 0.521913 0.040642
vt 0.527433 0.041447
vt 0.535987 0.041971
vt 0.536440 0.041488
vt 0.537360 0.041587
vt 0.537930 0.041443
vt 0.548585 0.041360
vt 0.551105 0.041793
vt 0.553362 0.041913
vt 0.556509 0.041844
vt 0.559156 0.040584
vt 0.559683 0.041387
vt 0.562525 0.041601
vt 0.525204 0.041462
vt 0.531856 0.041178
vt 0.539554 0.041518
vt 0.542324 0.041276
vt 0.546157 0.041127
vt 0.549993 0.041044
vt 0.553704 0.041631
vt 0.555759 0.041485
vt 0.557413 0.041501
vt 0.560711 0.041101
vt 0.509702 0.041473
vt 0.511755 0.040769
vt 0.529762 0.040844
vt 0.534096 0.040463
vt 0.540279 0.040669
vt 0.556482 0.041036
vt 0.556959 0.041278
vt 0.558033 0.040870
vt 0.562024 0.041217
vt 0.500878 0.040698
vt 0.505053 0.040950
vt 0.505993 0.040576
vt 0.507837 0.040964
vt 0.513310 0.040844
vt 0.515006 0.040560
vt 0.520194 0.040176
vt 0.522970 0.040192
vt 0.533107 0.040812
vt 0.536144 0.041133
vt 0.537589 0.041030
vt 0.538989 0.040790
vt 0.552318 0.040876
vt 0.554146 0.040917
vt 0.554659 0.040596
vt 0.500047 0.040809
vt 0.501836 0.040527
vt 0.502827 0.040544
vt 0.510192 0.040841
vt 0.510801 0.040081
vt 0.524350 0.040833
vt 0.526084 0.040827
vt 0.528662 0.040105
vt 0.536907 0.040755
vt 0.537889 0.040540
vt 0.544360 0.040187
vt 0.548022 0.040412
vt 0.550948 0.040611
vt 0.557424 0.041015
vt 0.503782 0.040264
vt 0.508826 0.040285
vt 0.511367 0.040108
vt 0.512194 0.040183
vt 0.516164 0.040398
vt 0.527739 0.040312
vt 0.532524 0.040329
vt 0.535161 0.040253
vt 0.536501 0.040432
vt 0.539470 0.039671
vt 0.541856 0.040430
vt 0.542529 0.040301
vt 0.549428 0.040248
vt 0.552733 0.040177
vt 0.556231 0.039780
vt 0.556863 0.040652
vt 0.557699 0.040579
vt 0.561385 0.040384
vt 0.562529 0.040504
vt 0.506301 0.039545
vt 0.513250 0.040186
vt 0.514200 0.039963
vt 0.516683 0.039765
vt 0.518180 0.039817
vt 0.531323 0.039948
vt 0.535805 0.039513
vt 0.538222 0.039606
vt 0.543193 0.040278
vt 0.545944 0.040095
vt 0.560322 0.039676
vt 0.501258 0.039464
vt 0.504979 0.039849
vt 0.507630 0.039109
vt 0.509655 0.039778
vt 0.515549 0.039733
vt 0.517375 0.039335
vt 0.519052 0.039946
vt 0.524014 0.039614
vt 0.525485 0.039440
vt 0.530122 0.039950
vt 0.537095 0.040089
vt 0.553924 0.040061
vt 0.555041 0.039479
vt 0.557348 0.039992
vt 0.558133 0.040090
vt 0.558731 0.040129
vt 0.562530 0.039483
vt 0.512621 0.039801
vt 0.520819 0.039091
vt 0.546824 0.039411
vt 0.547985 0.039541
vt 0.549818 0.039245
vt 0.559170 0.039720
vt 0.500554 0.039206
vt 0.502027 0.038482
vt 0.510642 0.039537
vt 0.514998 0.039233
vt 0.521670 0.039115
vt 0.522489 0.038837
vt 0.527036 0.039061
vt 0.529173 0.039221
vt 0.534371 0.038665
vt 0.535022 0.039202
vt 0.536759 0.039492
vt 0.541811 0.039085
vt 0.542746 0.038121
vt 0.544808 0.038919
vt 0.549059 0.038948
vt 0.551353 0.039070
vt 0.554248 0.039531
vt 0.558585 0.039690
vt 0.503101 0.039123
vt 0.509316 0.038987
vt 0.511749 0.039316
vt 0.513213 0.038818
vt 0.513863 0.039225
vt 0.515663 0.038613
vt 0.519728 0.038539
vt 0.532434 0.038933
vt 0.533351 0.038950
vt 0.537496 0.039329
vt 0.540844 0.038632
vt 0.542328 0.039102
vt 0.550433 0.038755
vt 0.552369 0.038847
vt 0.553288 0.038778
vt 0.554594 0.039229
vt 0.558056 0.039310
vt 0.558883 0.039339
vt 0.561753 0.038540
vt 0.500041 0.038642
vt 0.510745 0.038497
vt 0.524951 0.038749
vt 0.530623 0.038644
vt 0.537031 0.039005
vt 0.538591 0.038322
vt 0.539452 0.038364
vt 0.543323 0.038101
vt 0.545684 0.038191
vt 0.555689 0.038683
vt 0.557601 0.038964
vt 0.559471 0.039186
vt 0.502714 0.038260
vt 0.504917 0.038576
vt 0.506362 0.038404
vt 0.523324 0.038518
vt 0.531277 0.038392
vt 0.547623 0.038525
vt 0.554946 0.038789
vt 0.558656 0.038738
vt 0.559455 0.038742
vt 0.560174 0.038635
vt 0.508632 0.037832
vt 0.511705 0.038479
vt 0.512729 0.038032
vt 0.513872 0.038136
vt 0.514705 0.038239
vt 0.528287 0.038256
vt 0.535973 0.038282
vt 0.537342 0.037865
vt 0.537813 0.038075
vt 0.544113 0.037612
vt 0.546436 0.038142
vt 0.556940 0.038012
vt 0.560656 0.038151
vt 0.503629 0.037825
vt 0.517949 0.037544
vt 0.518458 0.037125
vt 0.533071 0.037773
vt 0.535105 0.038227
vt 0.542201 0.037997
vt 0.547790 0.037562
vt 0.549421 0.038123
vt 0.551784 0.037906
vt 0.554015 0.037785
vt 0.555414 0.038280
vt 0.559122 0.038174
vt 0.562527 0.037428
vt 0.501076 0.037808
vt 0.505086 0.037249
vt 0.507254 0.037465
vt 0.516510 0.037677
vt 0.521341 0.037402
vt 0.525062 0.037912
vt 0.540568 0.037564
vt 0.541685 0.037257
vt 0.553198 0.037726
vt 0.558444 0.037915
vt 0.560019 0.038156
vt 0.561284 0.037781
vt 0.511553 0.037626
vt 0.513184 0.037451
vt 0.514103 0.037665
vt 0.522794 0.037482
vt 0.528336 0.037192
vt 0.539003 0.037610
vt 0.550305 0.037104
vt 0.555231 0.037106
vt 0.556165 0.037091
vt 0.559576 0.037785
vt 0.508117 0.036818
vt 0.510088 0.036530
vt 0.514982 0.037447
vt 0.515748 0.037005
vt 0.519882 0.037129
vt 0.526857 0.037478
vt 0.531560 0.036758
vt 0.534712 0.037139
vt 0.535914 0.037239
vt 0.538025 0.037783
vt 0.549140 0.037313
vt 0.557934 0.037387
vt 0.560504 0.037607
vt 0.501690 0.036412
vt 0.502465 0.037282
vt 0.503884 0.036905
vt 0.506365 0.036682
vt 0.511999 0.037171
vt 0.530166 0.036960
vt 0.537554 0.037190
vt 0.538969 0.036273
vt 0.539859 0.037021
vt 0.544245 0.036516
vt 0.545540 0.036634
vt 0.552041 0.037479
vt 0.558918 0.037023
vt 0.561837 0.037293
vt 0.500623 0.036165
vt 0.502990 0.036539
vt 0.509013 0.036984
vt 0.510764 0.036671
vt 0.512801 0.036010
vt 0.514116 0.036861
vt 0.529058 0.036686
vt 0.541901 0.037055
vt 0.542597 0.036829
vt 0.543341 0.036601
vt 0.551558 0.036561
vt 0.553813 0.037155
vt 0.559650 0.037156
vt 0.561624 0.037038
vt 0.500045 0.036416
vt 0.514915 0.036456
vt 0.516875 0.036269
vt 0.521440 0.036399
vt 0.522315 0.036252
vt 0.523932 0.036220
vt 0.525016 0.037230
vt 0.526226 0.036540
vt 0.533252 0.036900
vt 0.538166 0.036215
vt 0.555838 0.036285
vt 0.560297 0.036750
vt 0.562526 0.037058
vt 0.505122 0.036450
vt 0.507380 0.036222
vt 0.509390 0.036453
vt 0.511632 0.036027
vt 0.512288 0.036454
vt 0.518804 0.036150
vt 0.520930 0.035712
vt 0.536395 0.036289
vt 0.547997 0.036227
vt 0.552461 0.036127
vt 0.557684 0.036308
vt 0.561751 0.036465
vt 0.562530 0.036461
vt 0.508807 0.036384
vt 0.514047 0.036085
vt 0.517675 0.034664
vt 0.519905 0.034900
vt 0.525570 0.035909
vt 0.527942 0.035950
vt 0.529848 0.035669
vt 0.532454 0.036188
vt 0.533634 0.035549
vt 0.535376 0.036062
vt 0.537700 0.036214
vt 0.539348 0.036222
vt 0.541635 0.035709
vt 0.546135 0.035544
vt 0.549207 0.035592
vt 0.553676 0.036128
vt 0.554372 0.036431
vt 0.556355 0.036339
vt 0.556687 0.036156
vt 0.504200 0.036200
vt 0.504609 0.035748
vt 0.506157 0.035747
vt 0.542286 0.035656
vt 0.550966 0.035848
vt 0.554942 0.035939
vt 0.559521 0.035934
vt 0.560833 0.035270
vt 0.505359 0.035193
vt 0.507238 0.035819
vt 0.510085 0.035529
vt 0.513214 0.035199
vt 0.515678 0.035158
vt 0.522643 0.035485
vt 0.540080 0.035288
vt 0.541210 0.035340
vt 0.543038 0.035716
vt 0.553624 0.035428
vt 0.557957 0.035160
vt 0.500043 0.035492
vt 0.501772 0.034812
vt 0.502538 0.035150
vt 0.508058 0.035748
vt 0.511959 0.035405
vt 0.514408 0.034652
vt 0.535574 0.034631
vt 0.536424 0.034946
vt 0.544894 0.034995
vt 0.548522 0.035382
vt 0.554623 0.035154
vt 0.555383 0.035040
vt 0.556946 0.034994
vt 0.500055 0.034824
vt 0.509127 0.035487
vt 0.510744 0.035068
vt 0.514884 0.034886
vt 0.518969 0.034477
vt 0.523784 0.035506
vt 0.524969 0.034982
vt 0.528974 0.034702
vt 0.537816 0.034990
vt 0.538322 0.034455
vt 0.547200 0.035138
vt 0.550068 0.034900
vt 0.552821 0.035559
vt 0.503592 0.034556
vt 0.512685 0.034937
vt 0.516427 0.034320
vt 0.525959 0.034752
vt 0.531380 0.034256
vt 0.532521 0.034614
vt 0.534437 0.034535
vt 0.543270 0.034545
vt 0.558932 0.034480
vt 0.559929 0.034191
vt 0.561906 0.034750
vt 0.505946 0.034239
vt 0.506753 0.034015
vt 0.509598 0.034727
vt 0.521725 0.034087
vt 0.527730 0.034252
vt 0.530274 0.034146
vt 0.539288 0.034391
vt 0.541841 0.034513
vt 0.550358 0.034164
vt 0.552222 0.034301
vt 0.502504 0.034126
vt 0.507966 0.033912
vt 0.508504 0.033865
vt 0.510211 0.034319
vt 0.511608 0.034264
vt 0.512958 0.034311
vt 0.523194 0.033780
vt 0.538983 0.034068
vt 0.540328 0.033945
vt 0.541051 0.034590
vt 0.546043 0.034337
vt 0.552885 0.033913
vt 0.554163 0.034188
vt 0.556198 0.034626
vt 0.504666 0.033877
vt 0.508835 0.033979
vt 0.525505 0.033863
vt 0.533868 0.033755
vt 0.547877 0.034014
vt 0.548973 0.033958
vt 0.557280 0.034274
vt 0.560826 0.033946
vt 0.562529 0.034004
vt 0.536804 0.033844
vt 0.540019 0.033240
vt 0.550965 0.033484
vt 0.555281 0.033931
vt 0.557646 0.033339
vt 0.558573 0.033793
vt 0.559384 0.033784
vt 0.501556 0.033525
vt 0.509066 0.033132
vt 0.514081 0.033613
vt 0.515005 0.033920
vt 0.516953 0.033034
vt 0.520498 0.033155
vt 0.524337 0.033846
vt 0.526395 0.033685
vt 0.537476 0.033246
vt 0.542020 0.033300
vt 0.551856 0.033647
vt 0.556988 0.033662
vt 0.503041 0.033337
vt 0.506667 0.032982
vt 0.510124 0.032683
vt 0.512333 0.033266
vt 0.514427 0.033399
vt 0.515619 0.033208
vt 0.524860 0.033024
vt 0.527899 0.033203
vt 0.541589 0.033115
vt 0.542855 0.033417
vt 0.543388 0.032918
vt 0.544518 0.033168
vt 0.546139 0.033412
vt 0.547119 0.033194
vt 0.553467 0.033289
vt 0.559570 0.033343
vt 0.561517 0.033211
vt 0.500045 0.032691
vt 0.500044 0.033943
vt 0.505297 0.032316
vt 0.508277 0.032635
vt 0.511447 0.033103
vt 0.514863 0.033212
vt 0.518917 0.032888
vt 0.534751 0.032816
vt 0.535863 0.032829
vt 0.549927 0.032896
vt 0.554317 0.033279
vt 0.559069 0.033220
vt 0.560459 0.032807
vt 0.502330 0.032267
vt 0.507771 0.032783
vt 0.510758 0.033144
vt 0.516135 0.032982
vt 0.521756 0.032613
vt 0.523813 0.032505
vt 0.525960 0.032536
vt 0.528871 0.032642
vt 0.531123 0.032657
vt 0.533661 0.032902
vt 0.538370 0.032942
vt 0.540585 0.032642
vt 0.548550 0.032304
vt 0.555168 0.032964
vt 0.562529 0.032874
vt 0.501035 0.032422
vt 0.503685 0.032099
vt 0.511766 0.032497
vt 0.514201 0.032288
vt 0.526606 0.032446
vt 0.532315 0.032266
vt 0.539718 0.032498
vt 0.556349 0.032375
vt 0.556798 0.032419
vt 0.557962 0.032820
vt 0.510675 0.032704
vt 0.512622 0.032280
vt 0.515543 0.032674
vt 0.527308 0.032222
vt 0.542288 0.032023
vt 0.545811 0.032306
vt 0.550079 0.032477
vt 0.551515 0.032307
vt 0.553829 0.032442
vt 0.560877 0.032063
vt 0.507257 0.031995
vt 0.515041 0.031872
vt 0.516086 0.032010
vt 0.519469 0.031425
vt 0.528342 0.031913
vt 0.534980 0.031770
vt 0.536766 0.032082
vt 0.543704 0.031225
vt 0.544636 0.032177
vt 0.558749 0.031445
vt 0.505563 0.031637
vt 0.508552 0.031873
vt 0.510087 0.031971
vt 0.511181 0.031723
vt 0.513826 0.031937
vt 0.517099 0.031610
vt 0.518077 0.031319
vt 0.522081 0.031346
vt 0.533685 0.031857
vt 0.537879 0.032010
vt 0.546821 0.031415
vt 0.547736 0.031441
vt 0.550538 0.032019
vt 0.552376 0.031462
vt 0.555367 0.031530
vt 0.558025 0.032084
vt 0.500043 0.031919
vt 0.501017 0.031514
vt 0.512532 0.031546
vt 0.530644 0.031602
vt 0.539532 0.031180
vt 0.541465 0.031274
vt 0.556241 0.031672
vt 0.558170 0.031779
vt 0.561938 0.031674
vt 0.502123 0.031142
vt 0.515837 0.031244
vt 0.520871 0.031317
vt 0.525412 0.031159
vt 0.532053 0.031108
vt 0.548894 0.031004
vt 0.554231 0.030875
vt 0.556888 0.031203
vt 0.504805 0.031049
vt 0.506183 0.030937
vt 0.508017 0.031294
vt 0.508535 0.031107
vt 0.511159 0.030871
vt 0.513766 0.031035
vt 0.514195 0.031038
vt 0.523395 0.030390
vt 0.526588 0.031274
vt 0.527713 0.030700
vt 0.536159 0.031172
vt 0.545331 0.031192
vt 0.551216 0.030522
vt 0.553084 0.030575
vt 0.559930 0.031144
vt 0.560843 0.031010
vt 0.562529 0.030608
vt 0.503389 0.030613
vt 0.506763 0.030403
vt 0.509190 0.030267
vt 0.510307 0.030828
vt 0.512426 0.031091
vt 0.513118 0.029961
vt 0.515126 0.030794
vt 0.529557 0.030752
vt 0.533218 0.030648
vt 0.534364 0.030732
vt 0.542645 0.030552
vt 0.550062 0.030533
vt 0.557602 0.031165
vt 0.558463 0.030932
vt 0.500046 0.030501
vt 0.535144 0.030173
vt 0.537099 0.030693
vt 0.540729 0.030750
vt 0.550417 0.029949
vt 0.555643 0.030932
vt 0.558982 0.030922
vt 0.515680 0.030306
vt 0.524446 0.029968
vt 0.547543 0.030024
vt 0.549140 0.029929
vt 0.552112 0.029611
vt 0.554865 0.030245
vt 0.556306 0.030420
vt 0.557501 0.030242
vt 0.559766 0.030376
vt 0.501567 0.029916
vt 0.510058 0.030265
vt 0.510994 0.030094
vt 0.514558 0.030216
vt 0.517398 0.029418
vt 0.519070 0.029407
vt 0.521214 0.029741
vt 0.528631 0.030139
vt 0.538087 0.029709
vt 0.545014 0.030341
vt 0.559196 0.030597
vt 0.502544 0.029579
vt 0.507629 0.030001
vt 0.508258 0.030270
vt 0.513931 0.029722
vt 0.522201 0.029448
vt 0.525655 0.029709
vt 0.540536 0.029226
vt 0.541576 0.029177
vt 0.543258 0.029630
vt 0.545754 0.029036
vt 0.554157 0.029455
vt 0.555431 0.029493
vt 0.558722 0.030131
vt 0.560879 0.030178
vt 0.505319 0.029083
vt 0.506320 0.029771
vt 0.507108 0.029413
vt 0.510433 0.029516
vt 0.518170 0.029023
vt 0.530321 0.029111
vt 0.531766 0.029255
vt 0.539470 0.029571
vt 0.542395 0.029053
vt 0.556838 0.028839
vt 0.559985 0.029868
vt 0.562528 0.029731
vt 0.503785 0.029625
vt 0.508177 0.029404
vt 0.511691 0.029555
vt 0.514616 0.029285
vt 0.515943 0.029200
vt 0.527182 0.029105
vt 0.529395 0.029229
vt 0.533832 0.028810
vt 0.537191 0.029208
vt 0.544625 0.029317
vt 0.553145 0.029262
vt 0.556280 0.028572
vt 0.559494 0.029602
vt 0.561514 0.029317
vt 0.500046 0.028715
vt 0.519865 0.028386
vt 0.523634 0.029030
vt 0.536252 0.028960
vt 0.546719 0.029221
vt 0.550849 0.028747
vt 0.560558 0.029124
vt 0.512696 0.028901
vt 0.513853 0.028675
vt 0.528342 0.028369
vt 0.548051 0.028659
vt 0.548965 0.028556
vt 0.555715 0.029169
vt 0.501196 0.028413
vt 0.504082 0.028911
vt 0.508692 0.028355
vt 0.520766 0.027884
vt 0.524740 0.028010
vt 0.526110 0.028124
vt 0.543664 0.028249
vt 0.553281 0.028371
vt 0.554270 0.028635
vt 0.557408 0.028287
vt 0.562528 0.028581
vt 0.502636 0.027811
vt 0.503691 0.027983
vt 0.505368 0.028498
vt 0.507524 0.027773
vt 0.509770 0.028711
vt 0.509958 0.028190
vt 0.510910 0.028152
vt 0.515037 0.027911
vt 0.518305 0.027781
vt 0.538159 0.027973
vt 0.544922 0.027946
vt 0.550494 0.028052
vt 0.551460 0.027883
vt 0.555352 0.028498
vt 0.558493 0.028101
vt 0.559820 0.028586
vt 0.560867 0.028662
vt 0.561181 0.028337
vt 0.507027 0.028531
vt 0.512321 0.028387
vt 0.516315 0.027562
vt 0.530461 0.027404
vt 0.535655 0.028251
vt 0.538701 0.026946
vt 0.546299 0.028015
vt 0.552165 0.027384
vt 0.554457 0.027817
vt 0.506041 0.027604
vt 0.508823 0.028024
vt 0.513688 0.027982
vt 0.521440 0.027518
vt 0.527778 0.027305
vt 0.529004 0.027533
vt 0.531874 0.027444
vt 0.536834 0.027493
vt 0.541252 0.027817
vt 0.542546 0.027483
vt 0.546886 0.027528
vt 0.549559 0.027616
vt 0.553912 0.028197
vt 0.561608 0.028014
vt 0.501582 0.027408
vt 0.504526 0.027403
vt 0.507014 0.027965
vt 0.508436 0.027540
vt 0.510003 0.027852
vt 0.512848 0.027431
vt 0.522802 0.027324
vt 0.534546 0.027436
vt 0.540055 0.026637
vt 0.548621 0.027435
vt 0.555293 0.027562
vt 0.556405 0.027552
vt 0.558383 0.027280
vt 0.560337 0.027895
vt 0.500046 0.026585
vt 0.509427 0.027598
vt 0.510549 0.027249
vt 0.514091 0.027014
vt 0.525837 0.027256
vt 0.533705 0.026494
vt 0.547562 0.027096
vt 0.550183 0.027323
vt 0.552861 0.027589
vt 0.553352 0.027518
vt 0.562053 0.027571
vt 0.562538 0.027031
vt 0.506595 0.027128
vt 0.513349 0.026636
vt 0.519471 0.026828
vt 0.536793 0.026485
vt 0.550913 0.027257
vt 0.553840 0.026434
vt 0.559924 0.026744
vt 0.561547 0.027042
vt 0.509759 0.026628
vt 0.515274 0.026393
vt 0.523757 0.026754
vt 0.535495 0.026527
vt 0.543886 0.026902
vt 0.548847 0.026832
vt 0.551681 0.026532
vt 0.553474 0.026734
vt 0.554774 0.026763
vt 0.556817 0.026896
vt 0.502939 0.026592
vt 0.505032 0.025755
vt 0.505907 0.026650
vt 0.508857 0.026623
vt 0.512284 0.026976
vt 0.541703 0.026163
vt 0.545217 0.026846
vt 0.546654 0.025916
vt 0.552698 0.026724
vt 0.557673 0.026709
vt 0.504804 0.026314
vt 0.506417 0.026393
vt 0.507296 0.025907
vt 0.508400 0.026407
vt 0.509710 0.026307
vt 0.512824 0.026415
vt 0.515763 0.025949
vt 0.522289 0.025874
vt 0.526574 0.025794
vt 0.528473 0.026519
vt 0.530849 0.026070
vt 0.543452 0.025803
vt 0.548504 0.026118
vt 0.550938 0.026264
vt 0.558437 0.026399
vt 0.559285 0.026270
vt 0.560828 0.026263
vt 0.510978 0.025952
vt 0.513735 0.025921
vt 0.516661 0.025821
vt 0.517550 0.025989
vt 0.519504 0.025285
vt 0.520968 0.025861
vt 0.547581 0.026438
vt 0.549610 0.026515
vt 0.550068 0.025948
vt 0.553273 0.026310
vt 0.554779 0.025955
vt 0.555669 0.025937
vt 0.562536 0.026146
vt 0.501537 0.025658
vt 0.503376 0.025499
vt 0.507853 0.025680
vt 0.509081 0.026109
vt 0.514643 0.025916
vt 0.518539 0.025504
vt 0.522830 0.025182
vt 0.529633 0.025728
vt 0.534048 0.025211
vt 0.545346 0.025815
vt 0.552247 0.026113
vt 0.556350 0.025636
vt 0.559565 0.025613
vt 0.509644 0.025618
vt 0.512333 0.025289
vt 0.525513 0.025114
vt 0.528348 0.024719
vt 0.532749 0.024759
vt 0.537637 0.025410
vt 0.547952 0.025610
vt 0.553437 0.025492
vt 0.557265 0.025659
vt 0.558262 0.025330
vt 0.562553 0.025456
vt 0.502026 0.024935
vt 0.504255 0.025650
vt 0.506636 0.025379
vt 0.508123 0.025214
vt 0.516050 0.025532
vt 0.523656 0.024851
vt 0.536251 0.025029
vt 0.540915 0.024816
vt 0.542073 0.024824
vt 0.550147 0.024899
vt 0.551821 0.025009
vt 0.560927 0.025548
vt 0.500043 0.024790
vt 0.506019 0.025086
vt 0.507469 0.025228
vt 0.510401 0.025294
vt 0.513115 0.025079
vt 0.513770 0.024984
vt 0.514886 0.025302
vt 0.516760 0.025172
vt 0.521143 0.024686
vt 0.527578 0.025232
vt 0.529231 0.025021
vt 0.539473 0.024508
vt 0.543258 0.025063
vt 0.544768 0.025204
vt 0.547696 0.025121
vt 0.548567 0.025447
vt 0.548874 0.024836
vt 0.553460 0.024550
vt 0.555409 0.024915
vt 0.559685 0.025064
vt 0.503026 0.024838
vt 0.505014 0.025022
vt 0.508904 0.024949
vt 0.509323 0.024848
vt 0.511016 0.024684
vt 0.520251 0.024312
vt 0.525986 0.024516
vt 0.531532 0.023849
vt 0.546812 0.025011
vt 0.556525 0.025008
vt 0.558742 0.025282
vt 0.561570 0.024966
vt 0.562517 0.024812
vt 0.504261 0.024467
vt 0.506647 0.024773
vt 0.508524 0.024695
vt 0.515504 0.024387
vt 0.517426 0.024241
vt 0.530932 0.024237
vt 0.534390 0.024106
vt 0.545326 0.024627
vt 0.546296 0.024746
vt 0.550649 0.024443
vt 0.554335 0.024813
vt 0.556037 0.024345
vt 0.558234 0.024126
vt 0.558962 0.024951
vt 0.560543 0.024961
vt 0.500620 0.024279
vt 0.501249 0.024388
vt 0.503530 0.024619
vt 0.505539 0.024523
vt 0.507558 0.024580
vt 0.512060 0.024476
vt 0.512433 0.024311
vt 0.514293 0.024351
vt 0.514792 0.024471
vt 0.517890 0.023042
vt 0.524208 0.024043
vt 0.537475 0.023462
vt 0.538469 0.023968
vt 0.543119 0.024725
vt 0.544185 0.024692
vt 0.544847 0.024477
vt 0.556620 0.023630
vt 0.559328 0.024568
vt 0.559921 0.024565
vt 0.501848 0.024186
vt 0.503536 0.024115
vt 0.509795 0.023385
vt 0.526973 0.023922
vt 0.529048 0.023918
vt 0.545882 0.023856
vt 0.547733 0.024257
vt 0.548757 0.024022
vt 0.551938 0.024147
vt 0.560509 0.023915
vt 0.561938 0.023975
vt 0.500048 0.023909
vt 0.505424 0.023173
vt 0.513613 0.023518
vt 0.530315 0.023439
vt 0.535253 0.023880
vt 0.536022 0.023663
vt 0.541161 0.024053
vt 0.546270 0.023625
vt 0.562532 0.023861
vt 0.503122 0.023123
vt 0.510823 0.023864
vt 0.512562 0.023860
vt 0.514697 0.023495
vt 0.516193 0.023660
vt 0.518930 0.023312
vt 0.522075 0.023181
vt 0.542137 0.022875
vt 0.543091 0.023103
vt 0.547819 0.023743
vt 0.549630 0.023839
vt 0.554151 0.023862
vt 0.558902 0.023928
vt 0.501189 0.023661
vt 0.504346 0.023040
vt 0.506757 0.023461
vt 0.508080 0.023417
vt 0.509002 0.023200
vt 0.513851 0.023000
vt 0.516929 0.022835
vt 0.528248 0.022320
vt 0.532169 0.023352
vt 0.536121 0.022561
vt 0.539066 0.022446
vt 0.547022 0.022833
vt 0.550176 0.023493
vt 0.553136 0.023293
vt 0.557288 0.023682
vt 0.502233 0.022990
vt 0.503495 0.022744
vt 0.511422 0.023055
vt 0.512019 0.023069
vt 0.520373 0.022237
vt 0.525130 0.022856
vt 0.532825 0.022866
vt 0.544014 0.023071
vt 0.545221 0.022725
vt 0.548665 0.022889
vt 0.551858 0.022881
vt 0.552139 0.023315
vt 0.555938 0.022882
vt 0.558786 0.022889
vt 0.561334 0.023131
vt 0.501438 0.023065
vt 0.508672 0.022921
vt 0.515305 0.022754
vt 0.523689 0.022613
vt 0.531015 0.022243
vt 0.534392 0.022465
vt 0.545796 0.023105
vt 0.553889 0.023186
vt 0.554803 0.022094
vt 0.557238 0.022868
vt 0.560388 0.022831
vt 0.507138 0.021713
vt 0.512742 0.022028
vt 0.516194 0.022654
vt 0.519377 0.022527
vt 0.525680 0.021813
vt 0.540616 0.022552
vt 0.545977 0.022590
vt 0.549406 0.022607
vt 0.553382 0.022680
vt 0.554384 0.022806
vt 0.509914 0.022671
vt 0.511691 0.022038
vt 0.521930 0.021732
vt 0.526757 0.021322
vt 0.533497 0.022587
vt 0.544048 0.022443
vt 0.549919 0.022547
vt 0.550475 0.022448
vt 0.552725 0.022632
vt 0.555842 0.022385
vt 0.500046 0.022343
vt 0.500586 0.022132
vt 0.502455 0.021652
vt 0.505686 0.022266
vt 0.506806 0.022218
vt 0.508008 0.021937
vt 0.509101 0.022131
vt 0.532884 0.022259
vt 0.537332 0.021992
vt 0.539787 0.021648
vt 0.551301 0.022131
vt 0.557619 0.022053
vt 0.560120 0.022278
vt 0.562528 0.022409
vt 0.501695 0.022183
vt 0.502064 0.021944
vt 0.503421 0.021867
vt 0.504231 0.021521
vt 0.504907 0.021518
vt 0.513714 0.022216
vt 0.514797 0.022050
vt 0.516559 0.021828
vt 0.543086 0.021605
vt 0.544735 0.021480
vt 0.545574 0.021983
vt 0.547278 0.021324
vt 0.552275 0.022180
vt 0.560736 0.021499
vt 0.502976 0.021523
vt 0.506368 0.021628
vt 0.509855 0.021415
vt 0.517549 0.021215
vt 0.518763 0.021194
vt 0.519453 0.020072
vt 0.523851 0.021331
vt 0.533984 0.021716
vt 0.536080 0.021319
vt 0.541193 0.021005
vt 0.548936 0.021901
vt 0.550141 0.021837
vt 0.551989 0.021633
vt 0.553186 0.021796
vt 0.555167 0.021848
vt 0.556320 0.021936
vt 0.500045 0.021488
vt 0.501379 0.021270
vt 0.512240 0.021350
vt 0.528068 0.020607
vt 0.537446 0.020811
vt 0.542104 0.021242
vt 0.545937 0.021249
vt 0.548378 0.020622
vt 0.549347 0.021417
vt 0.557958 0.021165
vt 0.561031 0.020791
vt 0.505497 0.020980
vt 0.507909 0.021179
vt 0.510274 0.020683
vt 0.510855 0.020580
vt 0.512740 0.021337
vt 0.515100 0.020728
vt 0.534059 0.020402
vt 0.534824 0.020944
vt 0.539516 0.020587
vt 0.552201 0.020814
vt 0.553584 0.021077
vt 0.556400 0.020895
vt 0.559275 0.020659
vt 0.560163 0.020747
vt 0.500046 0.020327
vt 0.507209 0.020246
vt 0.508577 0.021239
vt 0.509159 0.020681
vt 0.530394 0.020765
vt 0.531954 0.019986
vt 0.538261 0.020572
vt 0.544043 0.020646
vt 0.550531 0.020915
vt 0.551238 0.020555
vt 0.554919 0.020407
vt 0.555740 0.021036
vt 0.502605 0.020773
vt 0.503637 0.020780
vt 0.511552 0.020164
vt 0.512724 0.020356
vt 0.513557 0.020313
vt 0.514249 0.020094
vt 0.521101 0.020394
vt 0.522283 0.019370
vt 0.544578 0.020515
vt 0.546093 0.020656
vt 0.549397 0.020710
vt 0.562528 0.021174
vt 0.504797 0.020453
vt 0.508059 0.020262
vt 0.515867 0.019366
vt 0.516496 0.019463
vt 0.525241 0.019793
vt 0.535638 0.020270
vt 0.542737 0.019835
vt 0.545012 0.020062
vt 0.501557 0.020102
vt 0.502489 0.020109
vt 0.517447 0.019446
vt 0.523832 0.020026
vt 0.546833 0.020317
vt 0.549878 0.019681
vt 0.555834 0.019789
vt 0.557064 0.020094
vt 0.559231 0.020131
vt 0.503780 0.019958
vt 0.506046 0.019838
vt 0.518547 0.019511
vt 0.526090 0.019384
vt 0.548830 0.020140
vt 0.552754 0.020163
vt 0.557526 0.019617
vt 0.559721 0.020024
vt 0.500979 0.019169
vt 0.502042 0.019542
vt 0.509095 0.019245
vt 0.510757 0.019948
vt 0.528547 0.019066
vt 0.536478 0.019402
vt 0.537775 0.019507
vt 0.540474 0.019019
vt 0.541511 0.019296
vt 0.543918 0.019786
vt 0.546946 0.019929
vt 0.550813 0.019647
vt 0.552144 0.019314
vt 0.561294 0.019807
vt 0.502499 0.019238
vt 0.504508 0.019552
vt 0.507708 0.019506
vt 0.510243 0.019094
vt 0.511654 0.019657
vt 0.512678 0.019275
vt 0.514397 0.019219
vt 0.526786 0.018118
vt 0.530266 0.019628
vt 0.539260 0.019379
vt 0.544293 0.019221
vt 0.545896 0.019116
vt 0.548625 0.019783
vt 0.554134 0.018639
vt 0.554911 0.019522
vt 0.561558 0.019093
vt 0.506629 0.018883
vt 0.511240 0.018980
vt 0.513234 0.018652
vt 0.519879 0.018886
vt 0.524347 0.018663
vt 0.534317 0.019306
vt 0.547698 0.019303
vt 0.548657 0.019010
vt 0.552721 0.019644
vt 0.556032 0.018931
vt 0.558467 0.019302
vt 0.559344 0.019166
vt 0.560973 0.019109
vt 0.562528 0.019623
vt 0.500042 0.018469
vt 0.503537 0.019161
vt 0.503501 0.018539
vt 0.505560 0.018916
vt 0.508938 0.018404
vt 0.521463 0.018392
vt 0.523156 0.018129
vt 0.538489 0.018753
vt 0.542232 0.017919
vt 0.543258 0.018619
vt 0.547078 0.019116
vt 0.547990 0.018974
vt 0.551499 0.019115
vt 0.501680 0.018562
vt 0.502329 0.018727
vt 0.507966 0.018950
vt 0.514933 0.018089
vt 0.531427 0.018902
vt 0.535532 0.018232
vt 0.536149 0.018686
vt 0.537026 0.018586
vt 0.539811 0.018438
vt 0.545059 0.018272
vt 0.549226 0.018587
vt 0.552596 0.018449
vt 0.559943 0.018570
vt 0.502687 0.017963
vt 0.504334 0.018251
vt 0.507291 0.018356
vt 0.510098 0.018489
vt 0.512284 0.018682
vt 0.515733 0.017825
vt 0.517692 0.018407
vt 0.518707 0.018230
vt 0.525391 0.017785
vt 0.529837 0.018256
vt 0.532150 0.018124
vt 0.544487 0.018287
vt 0.546045 0.018371
vt 0.546998 0.018438
vt 0.550479 0.018490
vt 0.551716 0.018365
vt 0.557436 0.017766
vt 0.558107 0.018184
vt 0.562526 0.018345
vt 0.506353 0.018113
vt 0.511199 0.018209
vt 0.514032 0.018292
vt 0.527734 0.017639
vt 0.530458 0.017888
vt 0.533741 0.018172
vt 0.541129 0.017909
vt 0.555063 0.018190
vt 0.555874 0.017877
vt 0.559353 0.017864
vt 0.561138 0.018249
vt 0.501266 0.017537
vt 0.510587 0.016997
vt 0.511534 0.017931
vt 0.512634 0.017709
vt 0.517172 0.017406
vt 0.520566 0.017632
vt 0.537375 0.017998
vt 0.549863 0.018189
vt 0.553457 0.018194
vt 0.500044 0.017418
vt 0.502037 0.017557
vt 0.505560 0.017839
vt 0.506914 0.017859
vt 0.507410 0.017310
vt 0.513402 0.016992
vt 0.516518 0.017501
vt 0.518940 0.017291
vt 0.538422 0.017905
vt 0.537735 0.017550
vt 0.547628 0.017489
vt 0.548333 0.017043
vt 0.558323 0.017246
vt 0.503438 0.017383
vt 0.504649 0.017188
vt 0.506197 0.017449
vt 0.509327 0.016882
vt 0.514690 0.016732
vt 0.528237 0.017134
vt 0.539721 0.017340
vt 0.543269 0.017271
vt 0.545173 0.017522
vt 0.546548 0.017306
vt 0.551941 0.017444
vt 0.553230 0.017501
vt 0.553964 0.017461
vt 0.556696 0.016972
vt 0.562521 0.017348
vt 0.506722 0.017177
vt 0.508707 0.016712
vt 0.524018 0.017048
vt 0.526209 0.016824
vt 0.528716 0.016340
vt 0.531703 0.016514
vt 0.533427 0.016871
vt 0.535863 0.016613
vt 0.536947 0.016721
vt 0.541697 0.017309
vt 0.545857 0.016881
vt 0.550553 0.017221
vt 0.551332 0.016756
vt 0.559493 0.017096
vt 0.561404 0.016982
vt 0.500043 0.016498
vt 0.519844 0.017022
vt 0.538091 0.016971
vt 0.541072 0.017061
vt 0.542519 0.016463
vt 0.544245 0.016880
vt 0.546912 0.017100
vt 0.552514 0.017198
vt 0.554313 0.017184
vt 0.501675 0.016708
vt 0.503425 0.016915
vt 0.503948 0.016487
vt 0.506049 0.016692
vt 0.507413 0.016432
vt 0.512139 0.016595
vt 0.522179 0.016321
vt 0.523265 0.015830
vt 0.530292 0.016217
vt 0.538773 0.016390
vt 0.547976 0.016754
vt 0.555519 0.016717
vt 0.557477 0.016570
vt 0.558167 0.016127
vt 0.509915 0.016410
vt 0.515981 0.016198
vt 0.517182 0.016384
vt 0.518725 0.015863
vt 0.520157 0.015808
vt 0.525177 0.016283
vt 0.527351 0.016020
vt 0.539885 0.016500
vt 0.541017 0.016250
vt 0.546191 0.016453
vt 0.546864 0.016431
vt 0.547216 0.016421
vt 0.548810 0.016341
vt 0.549817 0.016754
vt 0.550470 0.015783
vt 0.552965 0.016170
vt 0.560220 0.016627
vt 0.504725 0.015195
vt 0.507903 0.015943
vt 0.532939 0.015555
vt 0.534683 0.015691
vt 0.541866 0.015976
vt 0.544621 0.015990
vt 0.551180 0.015783
vt 0.552344 0.016281
vt 0.555783 0.015929
vt 0.561669 0.016015
vt 0.562527 0.016578
vt 0.502200 0.015608
vt 0.503046 0.016152
vt 0.506334 0.015792
vt 0.510087 0.015568
vt 0.511236 0.015207
vt 0.512622 0.015724
vt 0.513394 0.015864
vt 0.514199 0.015827
vt 0.519392 0.014903
vt 0.521341 0.014624
vt 0.524854 0.015385
vt 0.543351 0.015432
vt 0.552019 0.015664
vt 0.558606 0.015369
vt 0.561259 0.015884
vt 0.562526 0.016200
vt 0.500050 0.015931
vt 0.500793 0.015633
vt 0.505948 0.015441
vt 0.517203 0.015619
vt 0.526186 0.015323
vt 0.529667 0.015201
vt 0.538261 0.015366
vt 0.539242 0.015935
vt 0.539589 0.015618
vt 0.545242 0.015584
vt 0.546353 0.015663
vt 0.547835 0.015981
vt 0.549884 0.015283
vt 0.553862 0.015581
vt 0.503849 0.014674
vt 0.505502 0.015501
vt 0.508419 0.015434
vt 0.515220 0.015325
vt 0.522479 0.014812
vt 0.527706 0.014659
vt 0.536921 0.014784
vt 0.542571 0.015487
vt 0.545676 0.015366
vt 0.546994 0.015140
vt 0.548502 0.015546
vt 0.556144 0.015293
vt 0.506815 0.014550
vt 0.510344 0.014934
vt 0.520353 0.014600
vt 0.530397 0.014679
vt 0.539752 0.015336
vt 0.540036 0.014932
vt 0.541202 0.015288
vt 0.542094 0.014533
vt 0.543911 0.014670
vt 0.557602 0.015046
vt 0.560327 0.015054
vt 0.562527 0.015172
vt 0.500046 0.015183
vt 0.501657 0.015176
vt 0.511738 0.014925
vt 0.513429 0.014940
vt 0.514474 0.014681
vt 0.515958 0.014279
vt 0.534491 0.014236
vt 0.535562 0.014281
vt 0.552002 0.014621
vt 0.552723 0.014708
vt 0.560906 0.015000
vt 0.561564 0.014940
vt 0.502383 0.014515
vt 0.502712 0.014253
vt 0.505553 0.014828
vt 0.507637 0.014863
vt 0.509745 0.014736
vt 0.516926 0.014653
vt 0.517879 0.013890
vt 0.524293 0.014676
vt 0.547275 0.014264
vt 0.548391 0.014672
vt 0.555339 0.014592
vt 0.556928 0.014510
vt 0.500751 0.014242
vt 0.506234 0.014147
vt 0.508697 0.013856
vt 0.515227 0.013971
vt 0.523296 0.014035
vt 0.525412 0.014216
vt 0.539195 0.014135
vt 0.540151 0.014328
vt 0.541049 0.014148
vt 0.546270 0.014218
vt 0.548875 0.014142
vt 0.550094 0.014345
vt 0.553621 0.014700
vt 0.559626 0.014340
vt 0.500047 0.013936
vt 0.501005 0.013383
vt 0.510127 0.013879
vt 0.512537 0.014208
vt 0.531703 0.013761
vt 0.537370 0.013652
vt 0.543395 0.014148
vt 0.545479 0.014174
vt 0.557446 0.013905
vt 0.505207 0.014077
vt 0.507614 0.013557
vt 0.511392 0.013764
vt 0.526376 0.013236
vt 0.528705 0.013029
vt 0.530300 0.013412
vt 0.552562 0.013503
vt 0.553636 0.013877
vt 0.560100 0.013261
vt 0.560837 0.013784
vt 0.503614 0.013711
vt 0.504471 0.013189
vt 0.506889 0.013390
vt 0.509055 0.013491
vt 0.514637 0.013764
vt 0.518888 0.013310
vt 0.521259 0.012832
vt 0.527441 0.013828
vt 0.540385 0.013627
vt 0.541926 0.012748
vt 0.543325 0.013513
vt 0.546592 0.013621
vt 0.547456 0.013698
vt 0.549407 0.013797
vt 0.550892 0.013805
vt 0.562530 0.013885
vt 0.501717 0.013573
vt 0.505057 0.013245
vt 0.506230 0.013540
vt 0.511100 0.012973
vt 0.513146 0.013129
vt 0.514425 0.013097
vt 0.516505 0.013368
vt 0.524763 0.012501
vt 0.536453 0.012723
vt 0.539506 0.013075
vt 0.544505 0.012871
vt 0.547731 0.013120
vt 0.548444 0.013455
vt 0.554210 0.013345
vt 0.558423 0.013346
vt 0.561274 0.013148
vt 0.500046 0.013233
vt 0.502471 0.012553
vt 0.504805 0.013373
vt 0.517542 0.012857
vt 0.519707 0.011901
vt 0.532389 0.012988
vt 0.538627 0.012736
vt 0.545179 0.013246
vt 0.545991 0.013134
vt 0.549423 0.013029
vt 0.554774 0.013188
vt 0.556148 0.013161
vt 0.562532 0.013358
vt 0.509605 0.012714
vt 0.511789 0.012885
vt 0.522484 0.011900
vt 0.527396 0.012390
vt 0.540472 0.013065
vt 0.540940 0.012999
vt 0.547073 0.013088
vt 0.553341 0.012712
vt 0.557405 0.012518
vt 0.559433 0.013301
vt 0.501159 0.012201
vt 0.505751 0.012447
vt 0.507527 0.012506
vt 0.508690 0.012675
vt 0.512819 0.012710
vt 0.515678 0.012891
vt 0.533187 0.012220
vt 0.538092 0.012355
vt 0.548400 0.012736
vt 0.550380 0.013050
vt 0.551880 0.012841
vt 0.500046 0.012160
vt 0.503249 0.012110
vt 0.504502 0.012319
vt 0.505012 0.012178
vt 0.510280 0.011855
vt 0.513581 0.012455
vt 0.514894 0.012337
vt 0.517917 0.011896
vt 0.534978 0.012386
vt 0.539849 0.012300
vt 0.540995 0.012611
vt 0.542791 0.011989
vt 0.543677 0.012376
vt 0.544803 0.012563
vt 0.545466 0.012455
vt 0.546119 0.011752
vt 0.547902 0.012265
vt 0.550137 0.012499
vt 0.551116 0.012387
vt 0.554290 0.012098
vt 0.561453 0.012115
vt 0.562527 0.012662
vt 0.515793 0.011823
vt 0.530638 0.011589
vt 0.541595 0.012255
vt 0.547146 0.012465
vt 0.548877 0.012192
vt 0.551646 0.011883
vt 0.555942 0.012546
vt 0.558412 0.012151
vt 0.507692 0.011855
vt 0.511533 0.011974
vt 0.512600 0.011644
vt 0.518655 0.011435
vt 0.523767 0.011207
vt 0.525552 0.011585
vt 0.529142 0.011918
vt 0.535878 0.011285
vt 0.557183 0.011808
vt 0.559785 0.011820
vt 0.500048 0.011445
vt 0.502118 0.010981
vt 0.508130 0.011504
vt 0.509677 0.011596
vt 0.513769 0.011567
vt 0.537701 0.011194
vt 0.539196 0.011523
vt 0.540747 0.011263
vt 0.547470 0.011243
vt 0.548660 0.011853
vt 0.551035 0.011694
vt 0.552168 0.011703
vt 0.555668 0.011039
vt 0.558848 0.011287
vt 0.562526 0.011416
vt 0.505652 0.011486
vt 0.506224 0.011739
vt 0.520568 0.011145
vt 0.527656 0.010961
vt 0.533634 0.011170
vt 0.535055 0.010408
vt 0.542167 0.011739
vt 0.544593 0.010968
vt 0.546807 0.011788
vt 0.546921 0.011490
vt 0.550342 0.011511
vt 0.552667 0.011013
vt 0.560175 0.010944
vt 0.560844 0.010886
vt 0.561497 0.011306
vt 0.504059 0.010603
vt 0.504787 0.010952
vt 0.505347 0.010950
vt 0.510873 0.010845
vt 0.515169 0.011205
vt 0.516480 0.011483
vt 0.531419 0.010690
vt 0.540045 0.010541
vt 0.543190 0.011419
vt 0.543910 0.011210
vt 0.545446 0.010367
vt 0.548010 0.011299
vt 0.556409 0.011428
vt 0.557467 0.010673
vt 0.500897 0.010236
vt 0.503298 0.011110
vt 0.507139 0.010391
vt 0.513170 0.011042
vt 0.519174 0.010335
vt 0.525894 0.010569
vt 0.529464 0.010279
vt 0.545975 0.010761
vt 0.548948 0.011192
vt 0.551321 0.010875
vt 0.512197 0.010358
vt 0.513904 0.010593
vt 0.520834 0.009856
vt 0.522042 0.010556
vt 0.536816 0.010304
vt 0.539203 0.010011
vt 0.541237 0.010405
vt 0.546546 0.010800
vt 0.549808 0.010978
vt 0.550352 0.010713
vt 0.554707 0.009783
vt 0.556939 0.010675
vt 0.562533 0.010750
vt 0.500044 0.010271
vt 0.508728 0.010594
vt 0.509313 0.010115
vt 0.516482 0.010403
vt 0.517726 0.010048
vt 0.519615 0.009696
vt 0.547553 0.010482
vt 0.548476 0.010357
vt 0.549305 0.010382
vt 0.552604 0.010094
vt 0.558619 0.010431
vt 0.559110 0.009871
vt 0.561458 0.009679
vt 0.501870 0.010271
vt 0.504524 0.010057
vt 0.514821 0.010285
vt 0.533578 0.009390
vt 0.542570 0.010264
vt 0.544433 0.010250
vt 0.556540 0.010030
vt 0.562527 0.010188
vt 0.502217 0.009645
vt 0.502988 0.009458
vt 0.522748 0.009961
vt 0.539719 0.009788
vt 0.541001 0.009217
vt 0.544430 0.009622
vt 0.545548 0.009778
vt 0.546035 0.009971
vt 0.546523 0.009833
vt 0.549048 0.009919
vt 0.551382 0.009902
vt 0.503233 0.008926
vt 0.505900 0.009728
vt 0.510316 0.009390
vt 0.512667 0.009590
vt 0.514530 0.009417
vt 0.515358 0.009797
vt 0.531413 0.009579
vt 0.535706 0.008794
vt 0.537989 0.009412
vt 0.542739 0.009065
vt 0.544898 0.009961
vt 0.555795 0.009403
vt 0.560342 0.009324
vt 0.500049 0.008459
vt 0.501477 0.009638
vt 0.507722 0.009221
vt 0.508017 0.009441
vt 0.511489 0.009609
vt 0.516873 0.009036
vt 0.518385 0.009244
vt 0.521487 0.008555
vt 0.528019 0.009099
vt 0.541853 0.009351
vt 0.546318 0.009606
vt 0.547007 0.009488
vt 0.548240 0.009324
vt 0.554644 0.009217
vt 0.557234 0.009128
vt 0.504511 0.009087
vt 0.504907 0.008901
vt 0.506007 0.009275
vt 0.509185 0.008967
vt 0.512666 0.008974
vt 0.515914 0.008855
vt 0.523529 0.008849
vt 0.525323 0.009237
vt 0.526656 0.008672
vt 0.529886 0.009018
vt 0.549690 0.009047
vt 0.560677 0.008696
vt 0.502520 0.008943
vt 0.506395 0.008577
vt 0.532517 0.008440
vt 0.543890 0.008769
vt 0.545064 0.009074
vt 0.545462 0.008529
vt 0.551108 0.009105
vt 0.551448 0.008421
vt 0.558390 0.008917
vt 0.559264 0.008281
vt 0.562515 0.009349
vt 0.501330 0.008693
vt 0.503550 0.008226
vt 0.510999 0.008823
vt 0.514093 0.008934
vt 0.514865 0.008698
vt 0.519564 0.007967
vt 0.536766 0.008079
vt 0.539673 0.008165
vt 0.547062 0.008272
vt 0.547753 0.008739
vt 0.555050 0.008971
vt 0.558835 0.008816
vt 0.561608 0.008615
vt 0.501758 0.008178
vt 0.508562 0.008472
vt 0.518453 0.008130
vt 0.522047 0.008329
vt 0.537624 0.008236
vt 0.541667 0.007988
vt 0.544586 0.008319
vt 0.546081 0.008584
vt 0.548647 0.008005
vt 0.549744 0.008455
vt 0.555748 0.008486
vt 0.557849 0.008319
vt 0.562544 0.008772
vt 0.504502 0.007816
vt 0.507639 0.008353
vt 0.509297 0.008018
vt 0.516883 0.008169
vt 0.530987 0.008031
vt 0.534158 0.007310
vt 0.540500 0.007143
vt 0.547949 0.008142
vt 0.556767 0.008036
vt 0.502057 0.007948
vt 0.506320 0.007204
vt 0.510550 0.007674
vt 0.512436 0.008211
vt 0.513538 0.007575
vt 0.515248 0.007867
vt 0.520194 0.007185
vt 0.525227 0.007738
vt 0.527453 0.007613
vt 0.528905 0.007799
vt 0.543424 0.007590
vt 0.545117 0.007460
vt 0.549963 0.007612
vt 0.500038 0.008024
vt 0.504677 0.007446
vt 0.506844 0.007707
vt 0.507982 0.007522
vt 0.523742 0.007461
vt 0.538630 0.007474
vt 0.546134 0.007751
vt 0.551211 0.007586
vt 0.553940 0.006711
vt 0.556208 0.007699
vt 0.561046 0.007348
vt 0.562530 0.008413
vt 0.515615 0.006948
vt 0.522136 0.006843
vt 0.526469 0.006963
vt 0.530089 0.006343
vt 0.533418 0.006879
vt 0.557735 0.007519
vt 0.558103 0.007059
vt 0.500045 0.007729
vt 0.500473 0.007413
vt 0.501390 0.006923
vt 0.509441 0.007174
vt 0.512092 0.007283
vt 0.513007 0.006748
vt 0.516659 0.007267
vt 0.531594 0.007081
vt 0.536325 0.006895
vt 0.541336 0.006451
vt 0.545618 0.007042
vt 0.546393 0.007089
vt 0.548216 0.007281
vt 0.550030 0.007168
vt 0.557138 0.007397
vt 0.559860 0.007196
vt 0.500037 0.007269
vt 0.503476 0.006974
vt 0.510985 0.006585
vt 0.513684 0.006764
vt 0.517434 0.006590
vt 0.518507 0.006056
vt 0.519567 0.006672
vt 0.528020 0.006585
vt 0.537296 0.006874
vt 0.539895 0.006405
vt 0.544129 0.006931
vt 0.544925 0.007170
vt 0.548984 0.007020
vt 0.552122 0.006442
vt 0.555312 0.006690
vt 0.557483 0.006868
vt 0.558323 0.006636
vt 0.561436 0.006593
vt 0.562539 0.007955
vt 0.500053 0.006672
vt 0.501821 0.006811
vt 0.504329 0.006512
vt 0.505305 0.006590
vt 0.506720 0.006406
vt 0.508631 0.006427
vt 0.524972 0.006413
vt 0.546722 0.006356
vt 0.547206 0.006340
vt 0.556056 0.006420
vt 0.562535 0.006873
vt 0.514795 0.006246
vt 0.520746 0.005706
vt 0.523355 0.006239
vt 0.535225 0.006011
vt 0.542965 0.006102
vt 0.544562 0.006511
vt 0.548210 0.006455
vt 0.551220 0.006059
vt 0.559983 0.006530
vt 0.501228 0.005833
vt 0.507551 0.006228
vt 0.511172 0.005232
vt 0.515473 0.005883
vt 0.517571 0.005789
vt 0.529380 0.005638
vt 0.531918 0.005984
vt 0.538691 0.006135
vt 0.545115 0.006135
vt 0.545821 0.006407
vt 0.548820 0.005489
vt 0.500045 0.005908
vt 0.503144 0.005566
vt 0.519696 0.005044
vt 0.522376 0.005328
vt 0.543594 0.005504
vt 0.546176 0.006025
vt 0.549890 0.005528
vt 0.552422 0.005906
vt 0.556685 0.005768
vt 0.559669 0.005135
vt 0.502213 0.005987
vt 0.504396 0.005536
vt 0.505198 0.005709
vt 0.508076 0.005788
vt 0.509173 0.005279
vt 0.513841 0.005559
vt 0.516799 0.005343
vt 0.537583 0.005082
vt 0.540654 0.005490
vt 0.545408 0.005485
vt 0.546996 0.005782
vt 0.556193 0.005441
vt 0.561115 0.005844
vt 0.562523 0.005866
vt 0.562546 0.006432
vt 0.507233 0.005293
vt 0.512744 0.005382
vt 0.525016 0.004878
vt 0.526558 0.005118
vt 0.527892 0.004460
vt 0.534079 0.005331
vt 0.542015 0.005016
vt 0.544765 0.005453
vt 0.547879 0.005611
vt 0.548193 0.005264
vt 0.551542 0.005612
vt 0.553873 0.005195
vt 0.554356 0.004831
vt 0.558819 0.004529
vt 0.560344 0.005200
vt 0.561931 0.005271
vt 0.501803 0.004718
vt 0.506053 0.004854
vt 0.509982 0.005294
vt 0.512064 0.004844
vt 0.514709 0.005034
vt 0.515617 0.004819
vt 0.518533 0.004823
vt 0.523946 0.004921
vt 0.545837 0.005180
vt 0.546625 0.005298
vt 0.547113 0.005041
vt 0.549858 0.004647
vt 0.500044 0.004770
vt 0.501009 0.004319
vt 0.503073 0.005056
vt 0.505117 0.004955
vt 0.517309 0.004273
vt 0.530928 0.004672
vt 0.532772 0.004483
vt 0.536126 0.004544
vt 0.540186 0.004406
vt 0.544129 0.004758
vt 0.548696 0.004814
vt 0.551903 0.004555
vt 0.556513 0.004480
vt 0.557329 0.004849
vt 0.557857 0.004119
vt 0.562535 0.005551
vt 0.562538 0.005177
vt 0.503027 0.003874
vt 0.520564 0.003952
vt 0.539428 0.004229
vt 0.546213 0.004781
vt 0.552453 0.004823
vt 0.561384 0.004290
vt 0.501714 0.004271
vt 0.509660 0.004070
vt 0.511138 0.004157
vt 0.512847 0.004136
vt 0.519434 0.003429
vt 0.543435 0.003756
vt 0.545190 0.004052
vt 0.547237 0.004475
vt 0.547837 0.004007
vt 0.550974 0.004222
vt 0.553042 0.004281
vt 0.555445 0.004260
vt 0.559485 0.003932
vt 0.502576 0.004292
vt 0.505658 0.003925
vt 0.506666 0.003651
vt 0.507491 0.004275
vt 0.516031 0.004168
vt 0.522180 0.003952
vt 0.524583 0.003787
vt 0.526205 0.003509
vt 0.529747 0.004040
vt 0.531347 0.003416
vt 0.534380 0.003757
vt 0.538572 0.003486
vt 0.542268 0.004048
vt 0.546347 0.004397
vt 0.548721 0.004162
vt 0.562515 0.004541
vt 0.504194 0.003880
vt 0.508121 0.003373
vt 0.513678 0.003550
vt 0.518456 0.002750
vt 0.537005 0.003702
vt 0.545403 0.003708
vt 0.547437 0.004065
vt 0.554227 0.003919
vt 0.560426 0.004105
vt 0.562017 0.003221
vt 0.562526 0.003702
vt 0.505005 0.002921
vt 0.511837 0.003333
vt 0.515272 0.003818
vt 0.517039 0.003158
vt 0.541024 0.003478
vt 0.546649 0.003786
vt 0.549472 0.003686
vt 0.552616 0.003883
vt 0.553501 0.003729
vt 0.500054 0.002869
vt 0.501200 0.002790
vt 0.502219 0.003058
vt 0.503088 0.003038
vt 0.510444 0.003328
vt 0.517543 0.002389
vt 0.522772 0.002798
vt 0.532271 0.002940
vt 0.535366 0.003085
vt 0.540468 0.002975
vt 0.545445 0.003185
vt 0.547059 0.003390
vt 0.548707 0.003227
vt 0.555479 0.003706
vt 0.556874 0.003112
vt 0.558569 0.003199
vt 0.560647 0.003348
vt 0.508814 0.003326
vt 0.514361 0.003137
vt 0.515784 0.003389
vt 0.521626 0.002878
vt 0.541957 0.002850
vt 0.547431 0.003501
vt 0.548032 0.003437
vt 0.550242 0.003158
vt 0.551252 0.002700
vt 0.554672 0.003526
vt 0.556177 0.003336
vt 0.505611 0.002239
vt 0.514859 0.002693
vt 0.515893 0.002530
vt 0.520807 0.002451
vt 0.525446 0.002055
vt 0.528685 0.002661
vt 0.536954 0.002553
vt 0.539523 0.002401
vt 0.544669 0.003026
vt 0.546221 0.002483
vt 0.549063 0.002785
vt 0.552970 0.002587
vt 0.554424 0.003032
vt 0.555091 0.002980
vt 0.561363 0.003015
vt 0.501693 0.002120
vt 0.506263 0.002149
vt 0.510139 0.002119
vt 0.542716 0.002440
vt 0.548021 0.002910
vt 0.549437 0.002448
vt 0.556299 0.002958
vt 0.557826 0.002602
vt 0.559921 0.002329
vt 0.562531 0.002676
vt 0.502590 0.002400
vt 0.504408 0.002650
vt 0.509563 0.002746
vt 0.512294 0.002468
vt 0.513260 0.001997
vt 0.519347 0.001993
vt 0.524463 0.002233
vt 0.526403 0.001643
vt 0.529051 0.001577
vt 0.534170 0.001852
vt 0.546987 0.002588
vt 0.547695 0.002328
vt 0.548492 0.002741
vt 0.558780 0.002396
vt 0.561130 0.002339
vt 0.503254 0.001882
vt 0.508820 0.002345
vt 0.509151 0.001970
vt 0.516639 0.002028
vt 0.538084 0.001491
vt 0.544516 0.001852
vt 0.550140 0.002143
vt 0.554350 0.002337
vt 0.556715 0.001618
vt 0.557273 0.002178
vt 0.500046 0.002067
vt 0.504799 0.002275
vt 0.507166 0.001667
vt 0.511335 0.001785
vt 0.518312 0.001355
vt 0.522978 0.001510
vt 0.531428 0.001232
vt 0.540762 0.001153
vt 0.541168 0.001709
vt 0.546309 0.001657
vt 0.548506 0.001984
vt 0.551165 0.001987
vt 0.553313 0.002085
vt 0.555316 0.001992
vt 0.502663 0.001871
vt 0.504701 0.001577
vt 0.512274 0.001658
vt 0.514803 0.001205
vt 0.520013 0.001128
vt 0.521551 0.001373
vt 0.535283 0.001199
vt 0.549377 0.001714
vt 0.558037 0.001725
vt 0.558954 0.001619
vt 0.560669 0.002022
vt 0.561639 0.001649
vt 0.562533 0.002304
vt 0.500596 0.001108
vt 0.501413 0.001368
vt 0.508376 0.001035
vt 0.515773 0.000915
vt 0.532830 0.001100
vt 0.548055 0.001129
vt 0.550465 0.001362
vt 0.551837 0.001236
vt 0.554835 0.001462
vt 0.559061 0.000721
vt 0.560787 0.001791
vt 0.562506 0.001310
vt 0.502908 0.001391
vt 0.509472 0.001224
vt 0.510132 0.001347
vt 0.516995 0.000920
vt 0.539895 0.000799
vt 0.541568 0.000795
vt 0.542446 0.001165
vt 0.543884 0.000737
vt 0.545494 0.000707
vt 0.548970 0.001276
vt 0.549541 0.001101
vt 0.552593 0.000842
vt 0.553957 0.001248
vt 0.558796 0.001042
vt 0.560586 0.001221
vt 0.500046 0.000820
vt 0.501945 0.000412
vt 0.504565 0.000624
vt 0.505585 0.000593
vt 0.508938 0.000614
vt 0.510870 0.000722
vt 0.512684 0.001038
vt 0.513764 0.001052
vt 0.524455 0.000685
vt 0.547404 0.000919
vt 0.549699 0.000981
vt 0.550850 0.000703
vt 0.556999 0.000885
vt 0.558030 0.000914
vt 0.503285 0.000396
vt 0.506787 0.000404
vt 0.521625 0.000647
vt 0.528038 0.000049
vt 0.554280 0.000552
vt 0.555541 0.000835
vt 0.561585 0.000903
vt 0.500817 0.000048
vt 0.506143 0.000052
vt 0.508087 0.000055
vt 0.514670 0.000050
vt 0.524921 0.000049
vt 0.531933 0.000050
vt 0.537501 0.000711
vt 0.538085 0.000051
vt 0.549970 0.000057
vt 0.551503 0.000370
vt 0.561196 0.000471
vt 0.562075 0.000718
vt 0.562547 0.000925
vt 0.509702 0.000047
vt 0.513269 0.000050
vt 0.516154 0.000049
vt 0.517982 0.000049
vt 0.518947 0.000050
vt 0.533739 0.000050
vt 0.534918 0.000053
vt 0.540859 0.000051
vt 0.543851 0.000049
vt 0.546217 0.000050
vt 0.547507 0.000051
vt 0.551034 0.000052
vt 0.553359 0.000326
vt 0.559198 0.000054
vt 0.562539 0.000367
vt 0.500045 0.000052
vt 0.504285 0.000052
vt 0.509111 0.000051
vt 0.548022 0.000056
vt 0.548986 0.000052
vt 0.554111 0.000049
vt 0.557553 0.000051
vt 0.505273 0.000048
vt 0.521555 0.000049
vt 0.539513 0.000049
vt 0.552979 0.000051
vt 0.562540 0.000053
s 0
usemtl Material
f 199/1/1 120/2/1 1/3/1
f 199/1/2 200/4/2 120/2/2
f 200/4/3 201/5/3 120/2/3
f 201/5/4 202/6/4 120/2/4
f 202/6/5 123/7/5 120/2/5
f 202/6/6 203/8/6 123/7/6
f 203/8/7 204/9/7 123/7/7
f 204/9/8 125/10/8 123/7/8
f 130/11/9 205/12/9 131/13/9
f 205/12/10 133/14/10 131/13/10
f 133/14/11 206/15/11 134/16/11
f 134/16/12 207/17/12 136/18/12
f 208/19/13 137/20/13 136/18/13
f 142/21/14 210/22/14 144/23/14
f 234/24/15 146/25/15 144/23/15
f 211/26/16 148/27/16 146/25/16
f 212/28/17 149/29/17 148/27/17
f 152/30/18 213/31/18 153/32/18
f 214/33/19 157/34/19 155/35/19
f 215/36/20 159/37/20 158/38/20
f 163/39/21 216/40/21 165/41/21
f 217/42/22 169/43/22 168/44/22
f 284/45/23 177/46/23 175/47/23
f 177/46/24 220/48/24 179/49/24
f 181/50/25 220/48/25 183/51/25
f 220/48/26 221/52/26 183/51/26
f 183/51/27 221/52/27 185/53/27
f 185/53/28 222/54/28 186/55/28
f 222/54/29 188/56/29 186/55/29
f 222/54/30 189/57/30 188/56/30
f 222/54/31 223/58/31 189/57/31
f 223/58/32 190/59/32 189/57/32
f 224/60/33 191/61/33 190/59/33
f 224/60/34 193/62/34 191/61/34
f 224/60/35 225/63/35 193/62/35
f 226/64/36 196/65/36 194/66/36
f 196/65/37 227/67/37 197/68/37
f 2/69/38 199/1/38 1/3/38
f 228/70/39 201/5/39 200/4/39
f 229/71/40 202/6/40 201/5/40
f 230/72/41 125/10/41 204/9/41
f 125/10/42 231/73/42 127/74/42
f 127/74/43 232/75/43 130/11/43
f 233/76/44 205/12/44 130/11/44
f 207/17/45 208/19/45 136/18/45
f 137/20/46 209/77/46 139/78/46
f 209/77/47 141/79/47 139/78/47
f 210/22/48 234/24/48 144/23/48
f 214/33/49 235/80/49 157/34/49
f 235/80/50 158/38/50 157/34/50
f 235/80/51 236/81/51 158/38/51
f 236/81/52 215/36/52 158/38/52
f 237/82/53 161/83/53 159/37/53
f 238/84/54 163/39/54 162/85/54
f 238/84/55 216/40/55 163/39/55
f 216/40/56 239/86/56 165/41/56
f 239/86/57 167/87/57 165/41/57
f 239/86/58 168/44/58 167/87/58
f 239/86/59 217/42/59 168/44/59
f 169/43/60 218/88/60 170/89/60
f 218/88/61 240/90/61 170/89/61
f 240/90/62 172/91/62 170/89/62
f 240/90/63 241/92/63 172/91/63
f 241/92/64 174/93/64 172/91/64
f 241/92/65 219/94/65 174/93/65
f 219/94/66 175/47/66 174/93/66
f 284/45/67 242/95/67 177/46/67
f 220/48/68 181/50/68 179/49/68
f 221/52/69 222/54/69 185/53/69
f 223/58/70 224/60/70 190/59/70
f 225/63/71 194/66/71 193/62/71
f 254/96/72 226/64/72 194/66/72
f 243/97/73 202/6/73 229/71/73
f 230/72/74 244/98/74 125/10/74
f 231/73/75 232/75/75 127/74/75
f 233/76/76 130/11/76 232/75/76
f 258/99/77 245/100/77 205/12/77
f 245/100/78 133/14/78 205/12/78
f 245/100/79 206/15/79 133/14/79
f 246/101/80 208/19/80 207/17/80
f 247/102/81 137/20/81 208/19/81
f 247/102/82 209/77/82 137/20/82
f 209/77/83 248/103/83 141/79/83
f 211/26/84 250/104/84 148/27/84
f 250/104/85 212/28/85 148/27/85
f 212/28/86 251/105/86 149/29/86
f 251/105/87 150/106/87 149/29/87
f 150/106/88 213/31/88 152/30/88
f 215/36/89 237/82/89 159/37/89
f 252/107/90 161/83/90 237/82/90
f 252/107/91 162/85/91 161/83/91
f 252/107/92 238/84/92 162/85/92
f 242/95/93 220/48/93 177/46/93
f 275/108/94 223/58/94 222/54/94
f 255/109/95 199/1/95 2/69/95
f 228/70/96 200/4/96 199/1/96
f 228/70/97 229/71/97 201/5/97
f 202/6/98 256/110/98 203/8/98
f 203/8/99 257/111/99 204/9/99
f 257/111/100 230/72/100 204/9/100
f 244/98/101 231/73/101 125/10/101
f 259/112/102 206/15/102 245/100/102
f 206/15/103 260/113/103 134/16/103
f 260/113/104 207/17/104 134/16/104
f 260/113/105 246/101/105 207/17/105
f 247/102/106 261/114/106 209/77/106
f 248/103/107 142/21/107 141/79/107
f 248/103/108 262/115/108 142/21/108
f 262/115/109 210/22/109 142/21/109
f 262/115/110 249/116/110 210/22/110
f 280/117/111 234/24/111 210/22/111
f 251/105/112 263/118/112 150/106/112
f 264/119/113 213/31/113 150/106/113
f 265/120/114 155/35/114 153/32/114
f 265/120/115 214/33/115 155/35/115
f 236/81/116 266/121/116 215/36/116
f 266/121/117 237/82/117 215/36/117
f 252/107/118 303/122/118 238/84/118
f 238/84/119 268/123/119 216/40/119
f 269/124/120 239/86/120 216/40/120
f 239/86/121 270/125/121 217/42/121
f 283/126/122 169/43/122 217/42/122
f 283/126/123 218/88/123 169/43/123
f 240/90/124 271/127/124 241/92/124
f 219/94/125 284/45/125 175/47/125
f 272/128/126 242/95/126 284/45/126
f 272/128/127 273/129/127 242/95/127
f 242/95/128 274/130/128 220/48/128
f 274/130/129 221/52/129 220/48/129
f 253/131/130 222/54/130 221/52/130
f 254/96/131 194/66/131 225/63/131
f 276/132/132 196/65/132 226/64/132
f 276/132/133 227/67/133 196/65/133
f 227/67/134 3/133/134 197/68/134
f 4/134/135 255/109/135 2/69/135
f 255/109/136 277/135/136 199/1/136
f 277/135/137 228/70/137 199/1/137
f 257/111/138 203/8/138 256/110/138
f 257/111/139 244/98/139 230/72/139
f 278/136/140 231/73/140 244/98/140
f 261/114/141 279/137/141 209/77/141
f 279/137/142 248/103/142 209/77/142
f 249/116/143 280/117/143 210/22/143
f 281/138/144 146/25/144 234/24/144
f 281/138/145 211/26/145 146/25/145
f 288/139/146 250/104/146 211/26/146
f 213/31/147 265/120/147 153/32/147
f 235/80/148 266/121/148 236/81/148
f 282/140/149 239/86/149 269/124/149
f 282/140/150 270/125/150 239/86/150
f 270/125/151 283/126/151 217/42/151
f 283/126/152 240/90/152 218/88/152
f 271/127/153 219/94/153 241/92/153
f 274/130/154 253/131/154 221/52/154
f 275/108/155 285/141/155 223/58/155
f 223/58/156 285/141/156 224/60/156
f 285/141/157 286/142/157 224/60/157
f 286/142/158 225/63/158 224/60/158
f 286/142/159 254/96/159 225/63/159
f 293/143/160 243/97/160 229/71/160
f 243/97/161 256/110/161 202/6/161
f 257/111/162 278/136/162 244/98/162
f 278/136/163 232/75/163 231/73/163
f 259/112/164 287/144/164 206/15/164
f 287/144/165 260/113/165 206/15/165
f 246/101/166 247/102/166 208/19/166
f 263/118/167 264/119/167 150/106/167
f 290/145/168 266/121/168 235/80/168
f 266/121/169 252/107/169 237/82/169
f 303/122/170 267/146/170 238/84/170
f 267/146/171 268/123/171 238/84/171
f 268/123/172 269/124/172 216/40/172
f 274/130/173 314/147/173 253/131/173
f 253/131/174 275/108/174 222/54/174
f 292/148/175 276/132/175 226/64/175
f 293/143/176 229/71/176 228/70/176
f 294/149/177 232/75/177 278/136/177
f 232/75/178 295/150/178 233/76/178
f 295/150/179 296/151/179 233/76/179
f 296/151/180 205/12/180 233/76/180
f 296/151/181 258/99/181 205/12/181
f 297/152/182 245/100/182 258/99/182
f 297/152/183 298/153/183 245/100/183
f 298/153/184 259/112/184 245/100/184
f 298/153/185 287/144/185 259/112/185
f 299/154/186 246/101/186 260/113/186
f 300/155/187 247/102/187 246/101/187
f 301/156/188 262/115/188 248/103/188
f 301/156/189 249/116/189 262/115/189
f 280/117/190 281/138/190 234/24/190
f 281/138/191 288/139/191 211/26/191
f 289/157/192 235/80/192 214/33/192
f 289/157/193 290/145/193 235/80/193
f 290/145/194 252/107/194 266/121/194
f 290/145/195 302/158/195 252/107/195
f 302/158/196 303/122/196 252/107/196
f 270/125/197 291/159/197 283/126/197
f 291/159/198 304/160/198 283/126/198
f 304/160/199 240/90/199 283/126/199
f 304/160/200 271/127/200 240/90/200
f 305/161/201 242/95/201 273/129/201
f 315/162/202 275/108/202 253/131/202
f 316/163/203 285/141/203 275/108/203
f 306/164/204 307/165/204 254/96/204
f 307/165/205 226/64/205 254/96/205
f 255/109/206 293/143/206 277/135/206
f 293/143/207 228/70/207 277/135/207
f 332/166/208 256/110/208 243/97/208
f 257/111/209 294/149/209 278/136/209
f 308/167/210 232/75/210 294/149/210
f 296/151/211 297/152/211 258/99/211
f 287/144/212 299/154/212 260/113/212
f 300/155/213 309/168/213 247/102/213
f 309/168/214 261/114/214 247/102/214
f 310/169/215 279/137/215 261/114/215
f 310/169/216 311/170/216 279/137/216
f 311/170/217 248/103/217 279/137/217
f 321/171/218 280/117/218 249/116/218
f 312/172/219 281/138/219 280/117/219
f 325/173/220 268/123/220 267/146/220
f 313/174/221 270/125/221 282/140/221
f 313/174/222 291/159/222 270/125/222
f 271/127/223 284/45/223 219/94/223
f 315/162/224 316/163/224 275/108/224
f 307/165/225 292/148/225 226/64/225
f 5/175/226 255/109/226 4/134/226
f 332/166/227 318/176/227 256/110/227
f 319/177/228 232/75/228 308/167/228
f 296/151/229 320/178/229 297/152/229
f 309/168/230 310/169/230 261/114/230
f 311/170/231 301/156/231 248/103/231
f 301/156/232 334/179/232 249/116/232
f 334/179/233 321/171/233 249/116/233
f 321/171/234 312/172/234 280/117/234
f 322/180/235 212/28/235 250/104/235
f 336/181/236 251/105/236 212/28/236
f 323/182/237 213/31/237 264/119/237
f 289/157/238 324/183/238 290/145/238
f 324/183/239 302/158/239 290/145/239
f 325/173/240 267/146/240 303/122/240
f 268/123/241 282/140/241 269/124/241
f 268/123/242 313/174/242 282/140/242
f 304/160/243 327/184/243 271/127/243
f 328/185/244 272/128/244 284/45/244
f 329/186/245 274/130/245 242/95/245
f 314/147/246 315/162/246 253/131/246
f 286/142/247 306/164/247 254/96/247
f 292/148/248 317/187/248 276/132/248
f 317/187/249 227/67/249 276/132/249
f 5/175/250 331/188/250 255/109/250
f 331/188/251 293/143/251 255/109/251
f 331/188/252 341/189/252 293/143/252
f 341/189/253 243/97/253 293/143/253
f 318/176/254 333/190/254 256/110/254
f 333/190/255 257/111/255 256/110/255
f 333/190/256 294/149/256 257/111/256
f 333/190/257 308/167/257 294/149/257
f 319/177/258 295/150/258 232/75/258
f 370/191/259 287/144/259 298/153/259
f 299/154/260 300/155/260 246/101/260
f 311/170/261 334/179/261 301/156/261
f 335/192/262 281/138/262 312/172/262
f 322/180/263 336/181/263 212/28/263
f 263/118/264 323/182/264 264/119/264
f 265/120/265 289/157/265 214/33/265
f 302/158/266 337/193/266 303/122/266
f 337/193/267 325/173/267 303/122/267
f 353/194/268 268/123/268 325/173/268
f 339/195/269 291/159/269 313/174/269
f 326/196/270 304/160/270 291/159/270
f 328/185/271 284/45/271 271/127/271
f 340/197/272 273/129/272 272/128/272
f 340/197/273 305/161/273 273/129/273
f 305/161/274 329/186/274 242/95/274
f 329/186/275 314/147/275 274/130/275
f 330/198/276 285/141/276 316/163/276
f 330/198/277 286/142/277 285/141/277
f 358/199/278 317/187/278 292/148/278
f 317/187/279 3/133/279 227/67/279
f 342/200/280 295/150/280 319/177/280
f 343/201/281 296/151/281 295/150/281
f 343/201/282 320/178/282 296/151/282
f 287/144/283 344/202/283 299/154/283
f 345/203/284 311/170/284 310/169/284
f 345/203/285 334/179/285 311/170/285
f 346/204/286 321/171/286 334/179/286
f 347/205/287 348/206/287 321/171/287
f 348/206/288 312/172/288 321/171/288
f 288/139/289 349/207/289 250/104/289
f 349/207/290 322/180/290 250/104/290
f 251/105/291 363/208/291 263/118/291
f 350/209/292 265/120/292 213/31/292
f 351/210/293 289/157/293 265/120/293
f 351/210/294 324/183/294 289/157/294
f 352/211/295 302/158/295 324/183/295
f 352/211/296 337/193/296 302/158/296
f 337/193/297 353/194/297 325/173/297
f 354/212/298 268/123/298 353/194/298
f 354/212/299 338/213/299 268/123/299
f 338/213/300 313/174/300 268/123/300
f 377/214/301 339/195/301 313/174/301
f 339/195/302 326/196/302 291/159/302
f 355/215/303 327/184/303 304/160/303
f 327/184/304 328/185/304 271/127/304
f 356/216/305 286/142/305 330/198/305
f 356/216/306 306/164/306 286/142/306
f 357/217/307 358/199/307 307/165/307
f 358/199/308 292/148/308 307/165/308
f 341/189/309 332/166/309 243/97/309
f 333/190/310 319/177/310 308/167/310
f 333/190/311 359/218/311 319/177/311
f 359/218/312 342/200/312 319/177/312
f 342/200/313 343/201/313 295/150/313
f 297/152/314 370/191/314 298/153/314
f 370/191/315 344/202/315 287/144/315
f 360/219/316 300/155/316 299/154/316
f 360/219/317 309/168/317 300/155/317
f 360/219/318 361/220/318 309/168/318
f 361/220/319 310/169/319 309/168/319
f 346/204/320 347/205/320 321/171/320
f 348/206/321 335/192/321 312/172/321
f 335/192/322 362/221/322 281/138/322
f 281/138/323 362/221/323 288/139/323
f 362/221/324 349/207/324 288/139/324
f 323/182/325 350/209/325 213/31/325
f 364/222/326 351/210/326 265/120/326
f 365/223/327 326/196/327 339/195/327
f 328/185/328 340/197/328 272/128/328
f 366/224/329 314/147/329 329/186/329
f 367/225/330 330/198/330 316/163/330
f 356/216/331 368/226/331 306/164/331
f 368/226/332 307/165/332 306/164/332
f 368/226/333 357/217/333 307/165/333
f 382/227/334 6/228/334 3/133/334
f 369/229/335 318/176/335 332/166/335
f 369/229/336 333/190/336 318/176/336
f 343/201/337 297/152/337 320/178/337
f 344/202/338 360/219/338 299/154/338
f 361/220/339 345/203/339 310/169/339
f 361/220/340 371/230/340 345/203/340
f 373/231/341 335/192/341 348/206/341
f 363/208/342 251/105/342 336/181/342
f 363/208/343 374/232/343 263/118/343
f 350/209/344 364/222/344 265/120/344
f 351/210/345 352/211/345 324/183/345
f 351/210/346 375/233/346 352/211/346
f 354/212/347 376/234/347 338/213/347
f 338/213/348 377/214/348 313/174/348
f 378/235/349 304/160/349 326/196/349
f 379/236/350 328/185/350 327/184/350
f 380/237/351 305/161/351 340/197/351
f 381/238/352 315/162/352 314/147/352
f 382/227/353 3/133/353 317/187/353
f 383/239/354 332/166/354 341/189/354
f 383/239/355 384/240/355 332/166/355
f 384/240/356 369/229/356 332/166/356
f 385/241/357 359/218/357 333/190/357
f 386/242/358 342/200/358 359/218/358
f 387/243/359 370/191/359 297/152/359
f 370/191/360 388/244/360 344/202/360
f 389/245/361 360/219/361 344/202/361
f 389/245/362 404/246/362 360/219/362
f 347/205/363 372/247/363 348/206/363
f 373/231/364 390/248/364 335/192/364
f 390/248/365 362/221/365 335/192/365
f 391/249/366 336/181/366 322/180/366
f 374/232/367 323/182/367 263/118/367
f 392/250/368 337/193/368 352/211/368
f 337/193/369 393/251/369 353/194/369
f 393/251/370 354/212/370 353/194/370
f 377/214/371 365/223/371 339/195/371
f 378/235/372 355/215/372 304/160/372
f 305/161/373 380/237/373 329/186/373
f 381/238/374 316/163/374 315/162/374
f 7/252/375 331/188/375 5/175/375
f 331/188/376 394/253/376 341/189/376
f 369/229/377 395/254/377 333/190/377
f 395/254/378 385/241/378 333/190/378
f 386/242/379 343/201/379 342/200/379
f 387/243/380 297/152/380 343/201/380
f 387/243/381 396/255/381 370/191/381
f 388/244/382 370/191/382 396/255/382
f 371/230/383 334/179/383 345/203/383
f 371/230/384 346/204/384 334/179/384
f 397/256/385 347/205/385 346/204/385
f 372/247/386 373/231/386 348/206/386
f 349/207/387 391/249/387 322/180/387
f 398/257/388 363/208/388 336/181/388
f 364/222/389 399/258/389 351/210/389
f 375/233/390 392/250/390 352/211/390
f 376/234/391 420/259/391 338/213/391
f 420/259/392 377/214/392 338/213/392
f 400/260/393 326/196/393 365/223/393
f 400/260/394 378/235/394 326/196/394
f 355/215/395 379/236/395 327/184/395
f 379/236/396 340/197/396 328/185/396
f 380/237/397 401/261/397 329/186/397
f 401/261/398 366/224/398 329/186/398
f 366/224/399 381/238/399 314/147/399
f 381/238/400 367/225/400 316/163/400
f 367/225/401 356/216/401 330/198/401
f 8/262/402 6/228/402 382/227/402
f 385/241/403 386/242/403 359/218/403
f 403/263/404 389/245/404 344/202/404
f 404/246/405 361/220/405 360/219/405
f 361/220/406 426/264/406 371/230/406
f 426/264/407 405/265/407 371/230/407
f 347/205/408 406/266/408 372/247/408
f 407/267/409 390/248/409 373/231/409
f 408/268/410 362/221/410 390/248/410
f 391/249/411 398/257/411 336/181/411
f 399/258/412 375/233/412 351/210/412
f 430/269/413 400/260/413 365/223/413
f 378/235/414 409/270/414 355/215/414
f 409/270/415 379/236/415 355/215/415
f 379/236/416 410/271/416 340/197/416
f 368/226/417 411/272/417 357/217/417
f 357/217/418 412/273/418 358/199/418
f 412/273/419 317/187/419 358/199/419
f 413/274/420 382/227/420 317/187/420
f 413/274/421 402/275/421 382/227/421
f 402/275/422 8/262/422 382/227/422
f 7/252/423 394/253/423 331/188/423
f 394/253/424 383/239/424 341/189/424
f 414/276/425 384/240/425 383/239/425
f 415/277/426 343/201/426 386/242/426
f 415/277/427 387/243/427 343/201/427
f 403/263/428 344/202/428 388/244/428
f 371/230/429 397/256/429 346/204/429
f 397/256/430 406/266/430 347/205/430
f 406/266/431 427/278/431 372/247/431
f 427/278/432 373/231/432 372/247/432
f 408/268/433 349/207/433 362/221/433
f 416/279/434 323/182/434 374/232/434
f 416/279/435 350/209/435 323/182/435
f 417/280/436 375/233/436 399/258/436
f 393/251/437 337/193/437 392/250/437
f 393/251/438 429/281/438 354/212/438
f 419/282/439 376/234/439 354/212/439
f 365/223/440 377/214/440 420/259/440
f 421/283/441 422/284/441 369/229/441
f 422/284/442 395/254/442 369/229/442
f 385/241/443 424/285/443 386/242/443
f 424/285/444 415/277/444 386/242/444
f 425/286/445 396/255/445 387/243/445
f 404/246/446 426/264/446 361/220/446
f 405/265/447 397/256/447 371/230/447
f 427/278/448 407/267/448 373/231/448
f 428/287/449 391/249/449 349/207/449
f 418/288/450 393/251/450 392/250/450
f 429/281/451 419/282/451 354/212/451
f 419/282/452 420/259/452 376/234/452
f 420/259/453 440/289/453 365/223/453
f 409/270/454 410/271/454 379/236/454
f 340/197/455 410/271/455 380/237/455
f 410/271/456 431/290/456 380/237/456
f 432/291/457 366/224/457 401/261/457
f 381/238/458 433/292/458 367/225/458
f 411/272/459 412/273/459 357/217/459
f 10/293/460 394/253/460 7/252/460
f 394/253/461 435/294/461 383/239/461
f 435/294/462 414/276/462 383/239/462
f 414/276/463 369/229/463 384/240/463
f 422/284/464 423/295/464 395/254/464
f 423/295/465 385/241/465 395/254/465
f 423/295/466 436/296/466 385/241/466
f 436/296/467 424/285/467 385/241/467
f 415/277/468 425/286/468 387/243/468
f 396/255/469 403/263/469 388/244/469
f 389/245/470 426/264/470 404/246/470
f 437/297/471 406/266/471 397/256/471
f 438/298/472 349/207/472 408/268/472
f 438/298/473 428/287/473 349/207/473
f 477/299/474 398/257/474 391/249/474
f 439/300/475 399/258/475 364/222/475
f 417/280/476 392/250/476 375/233/476
f 418/288/477 429/281/477 393/251/477
f 419/282/478 440/289/478 420/259/478
f 440/289/479 441/301/479 365/223/479
f 442/302/480 409/270/480 378/235/480
f 442/302/481 410/271/481 409/270/481
f 432/291/482 381/238/482 366/224/482
f 443/303/483 368/226/483 356/216/483
f 444/304/484 412/273/484 411/272/484
f 412/273/485 413/274/485 317/187/485
f 413/274/486 8/262/486 402/275/486
f 10/293/487 434/305/487 394/253/487
f 434/305/488 445/306/488 394/253/488
f 445/306/489 435/294/489 394/253/489
f 414/276/490 421/283/490 369/229/490
f 436/296/491 446/307/491 424/285/491
f 446/307/492 415/277/492 424/285/492
f 473/308/493 403/263/493 396/255/493
f 447/309/494 389/245/494 403/263/494
f 448/310/495 426/264/495 389/245/495
f 448/310/496 449/311/496 426/264/496
f 405/265/497 437/297/497 397/256/497
f 428/287/498 477/299/498 391/249/498
f 363/208/499 450/312/499 374/232/499
f 450/312/500 416/279/500 374/232/500
f 451/313/501 419/282/501 429/281/501
f 441/301/502 430/269/502 365/223/502
f 430/269/503 452/314/503 400/260/503
f 452/314/504 378/235/504 400/260/504
f 452/314/505 442/302/505 378/235/505
f 453/315/506 432/291/506 401/261/506
f 454/316/507 356/216/507 367/225/507
f 443/303/508 411/272/508 368/226/508
f 443/303/509 455/317/509 411/272/509
f 470/318/510 8/262/510 413/274/510
f 470/318/511 9/319/511 8/262/511
f 456/320/512 421/283/512 414/276/512
f 457/321/513 425/286/513 415/277/513
f 425/286/514 473/308/514 396/255/514
f 473/308/515 485/322/515 403/263/515
f 447/309/516 448/310/516 389/245/516
f 458/323/517 426/264/517 449/311/517
f 459/324/518 405/265/518 426/264/518
f 460/325/519 437/297/519 405/265/519
f 437/297/520 427/278/520 406/266/520
f 437/297/521 475/326/521 427/278/521
f 475/326/522 461/327/522 427/278/522
f 462/328/523 407/267/523 427/278/523
f 407/267/524 476/329/524 390/248/524
f 476/329/525 408/268/525 390/248/525
f 476/329/526 438/298/526 408/268/526
f 439/300/527 350/209/527 416/279/527
f 439/300/528 364/222/528 350/209/528
f 417/280/529 488/330/529 392/250/529
f 488/330/530 463/331/530 392/250/530
f 463/331/531 418/288/531 392/250/531
f 464/332/532 441/301/532 440/289/532
f 441/301/533 465/333/533 430/269/533
f 452/314/534 466/334/534 442/302/534
f 467/335/535 410/271/535 442/302/535
f 431/290/536 401/261/536 380/237/536
f 454/316/537 443/303/537 356/216/537
f 469/336/538 455/317/538 443/303/538
f 444/304/539 413/274/539 412/273/539
f 472/337/540 415/277/540 446/307/540
f 403/263/541 474/338/541 447/309/541
f 474/338/542 448/310/542 447/309/542
f 458/323/543 459/324/543 426/264/543
f 459/324/544 460/325/544 405/265/544
f 461/327/545 462/328/545 427/278/545
f 462/328/546 476/329/546 407/267/546
f 438/298/547 477/299/547 428/287/547
f 398/257/548 450/312/548 363/208/548
f 439/300/549 417/280/549 399/258/549
f 478/339/550 429/281/550 418/288/550
f 465/333/551 452/314/551 430/269/551
f 465/333/552 479/340/552 452/314/552
f 468/341/553 410/271/553 467/335/553
f 468/341/554 480/342/554 410/271/554
f 480/342/555 431/290/555 410/271/555
f 432/291/556 481/343/556 381/238/556
f 433/292/557 454/316/557 367/225/557
f 455/317/558 482/344/558 411/272/558
f 482/344/559 444/304/559 411/272/559
f 444/304/560 470/318/560 413/274/560
f 11/345/561 434/305/561 10/293/561
f 456/320/562 483/346/562 421/283/562
f 483/346/563 422/284/563 421/283/563
f 422/284/564 471/347/564 423/295/564
f 471/347/565 436/296/565 423/295/565
f 484/348/566 472/337/566 446/307/566
f 472/337/567 457/321/567 415/277/567
f 507/349/568 473/308/568 425/286/568
f 460/325/569 475/326/569 437/297/569
f 486/350/570 398/257/570 477/299/570
f 450/312/571 487/351/571 416/279/571
f 463/331/572 489/352/572 418/288/572
f 489/352/573 478/339/573 418/288/573
f 478/339/574 451/313/574 429/281/574
f 451/313/575 490/353/575 419/282/575
f 490/353/576 440/289/576 419/282/576
f 490/353/577 464/332/577 440/289/577
f 491/354/578 441/301/578 464/332/578
f 465/333/579 441/301/579 491/354/579
f 479/340/580 466/334/580 452/314/580
f 492/355/581 468/341/581 467/335/581
f 431/290/582 493/356/582 401/261/582
f 493/356/583 453/315/583 401/261/583
f 481/343/584 433/292/584 381/238/584
f 435/294/585 456/320/585 414/276/585
f 471/347/586 484/348/586 436/296/586
f 484/348/587 446/307/587 436/296/587
f 507/349/588 425/286/588 457/321/588
f 485/322/589 474/338/589 403/263/589
f 474/338/590 494/357/590 448/310/590
f 494/357/591 449/311/591 448/310/591
f 475/326/592 495/358/592 461/327/592
f 461/327/593 476/329/593 462/328/593
f 513/359/594 477/299/594 438/298/594
f 513/359/595 486/350/595 477/299/595
f 486/350/596 496/360/596 398/257/596
f 496/360/597 450/312/597 398/257/597
f 497/361/598 490/353/598 451/313/598
f 466/334/599 467/335/599 442/302/599
f 492/355/600 498/362/600 468/341/600
f 498/362/601 480/342/601 468/341/601
f 500/363/602 470/318/602 444/304/602
f 500/363/603 501/364/603 470/318/603
f 501/364/604 9/319/604 470/318/604
f 13/365/605 434/305/605 11/345/605
f 502/366/606 503/367/606 445/306/606
f 503/367/607 435/294/607 445/306/607
f 504/368/608 456/320/608 435/294/608
f 483/346/609 471/347/609 422/284/609
f 506/369/610 457/321/610 472/337/610
f 506/369/611 507/349/611 457/321/611
f 449/311/612 508/370/612 458/323/612
f 459/324/613 509/371/613 460/325/613
f 509/371/614 475/326/614 460/325/614
f 510/372/615 495/358/615 475/326/615
f 511/373/616 476/329/616 461/327/616
f 511/373/617 512/374/617 476/329/617
f 513/359/618 438/298/618 476/329/618
f 514/375/619 496/360/619 486/350/619
f 487/351/620 439/300/620 416/279/620
f 490/353/621 515/376/621 464/332/621
f 516/377/622 479/340/622 465/333/622
f 539/378/623 467/335/623 466/334/623
f 499/379/624 431/290/624 480/342/624
f 499/379/625 493/356/625 431/290/625
f 443/303/626 518/380/626 469/336/626
f 502/366/627 434/305/627 13/365/627
f 502/366/628 445/306/628 434/305/628
f 503/367/629 519/381/629 435/294/629
f 519/381/630 504/368/630 435/294/630
f 504/368/631 483/346/631 456/320/631
f 520/382/632 471/347/632 483/346/632
f 505/383/633 472/337/633 484/348/633
f 507/349/634 485/322/634 473/308/634
f 521/384/635 474/338/635 485/322/635
f 521/384/636 494/357/636 474/338/636
f 458/323/637 522/385/637 459/324/637
f 509/371/638 459/324/638 522/385/638
f 509/371/639 510/372/639 475/326/639
f 512/374/640 513/359/640 476/329/640
f 533/386/641 487/351/641 450/312/641
f 535/387/642 417/280/642 439/300/642
f 523/388/643 524/389/643 488/330/643
f 524/389/644 463/331/644 488/330/644
f 525/390/645 478/339/645 489/352/645
f 525/390/646 451/313/646 478/339/646
f 497/361/647 526/391/647 490/353/647
f 526/391/648 515/376/648 490/353/648
f 515/376/649 491/354/649 464/332/649
f 491/354/650 516/377/650 465/333/650
f 527/392/651 528/393/651 479/340/651
f 528/393/652 466/334/652 479/340/652
f 528/393/653 539/378/653 466/334/653
f 498/362/654 517/394/654 480/342/654
f 517/394/655 499/379/655 480/342/655
f 493/356/656 432/291/656 453/315/656
f 493/356/657 481/343/657 432/291/657
f 481/343/658 454/316/658 433/292/658
f 529/395/659 443/303/659 454/316/659
f 566/396/660 500/363/660 444/304/660
f 501/364/661 12/397/661 9/319/661
f 520/382/662 530/398/662 471/347/662
f 530/398/663 484/348/663 471/347/663
f 530/398/664 505/383/664 484/348/664
f 531/399/665 521/384/665 485/322/665
f 494/357/666 508/370/666 449/311/666
f 508/370/667 522/385/667 458/323/667
f 510/372/668 532/400/668 495/358/668
f 532/400/669 461/327/669 495/358/669
f 532/400/670 511/373/670 461/327/670
f 559/401/671 514/375/671 486/350/671
f 533/386/672 450/312/672 496/360/672
f 487/351/673 534/402/673 439/300/673
f 535/387/674 488/330/674 417/280/674
f 535/387/675 523/388/675 488/330/675
f 524/389/676 489/352/676 463/331/676
f 536/403/677 525/390/677 489/352/677
f 551/404/678 497/361/678 451/313/678
f 537/405/679 516/377/679 491/354/679
f 537/405/680 538/406/680 516/377/680
f 516/377/681 527/392/681 479/340/681
f 539/378/682 492/355/682 467/335/682
f 553/407/683 529/395/683 454/316/683
f 518/380/684 443/303/684 529/395/684
f 541/408/685 455/317/685 469/336/685
f 541/408/686 482/344/686 455/317/686
f 542/409/687 444/304/687 482/344/687
f 542/409/688 566/396/688 444/304/688
f 543/410/689 503/367/689 502/366/689
f 545/411/690 472/337/690 505/383/690
f 545/411/691 506/369/691 472/337/691
f 545/411/692 546/412/692 506/369/692
f 546/412/693 507/349/693 506/369/693
f 546/412/694 547/413/694 507/349/694
f 547/413/695 485/322/695 507/349/695
f 547/413/696 555/414/696 485/322/696
f 555/414/697 531/399/697 485/322/697
f 548/415/698 509/371/698 522/385/698
f 549/416/699 512/374/699 511/373/699
f 559/401/700 486/350/700 513/359/700
f 524/389/701 536/403/701 489/352/701
f 525/390/702 551/404/702 451/313/702
f 538/406/703 527/392/703 516/377/703
f 540/417/704 492/355/704 539/378/704
f 540/417/705 498/362/705 492/355/705
f 552/418/706 499/379/706 517/394/706
f 564/419/707 481/343/707 493/356/707
f 553/407/708 454/316/708 481/343/708
f 13/365/709 543/410/709 502/366/709
f 504/368/710 544/420/710 483/346/710
f 544/420/711 520/382/711 483/346/711
f 554/421/712 505/383/712 530/398/712
f 554/421/713 545/411/713 505/383/713
f 521/384/714 508/370/714 494/357/714
f 557/422/715 510/372/715 509/371/715
f 557/422/716 532/400/716 510/372/716
f 532/400/717 549/416/717 511/373/717
f 549/416/718 558/423/718 512/374/718
f 558/423/719 513/359/719 512/374/719
f 550/424/720 559/401/720 513/359/720
f 561/425/721 551/404/721 525/390/721
f 551/404/722 562/426/722 497/361/722
f 562/426/723 526/391/723 497/361/723
f 537/405/724 491/354/724 515/376/724
f 563/427/725 493/356/725 499/379/725
f 565/428/726 469/336/726 518/380/726
f 586/429/727 12/397/727 501/364/727
f 543/410/728 567/430/728 503/367/728
f 567/430/729 519/381/729 503/367/729
f 544/420/730 568/431/730 520/382/730
f 520/382/731 569/432/731 530/398/731
f 570/433/732 545/411/732 554/421/732
f 571/434/733 547/413/733 546/412/733
f 571/434/734 555/414/734 547/413/734
f 572/435/735 508/370/735 521/384/735
f 556/436/736 522/385/736 508/370/736
f 556/436/737 548/415/737 522/385/737
f 573/437/738 557/422/738 509/371/738
f 550/424/739 513/359/739 558/423/739
f 574/438/740 514/375/740 559/401/740
f 514/375/741 575/439/741 496/360/741
f 576/440/742 496/360/742 575/439/742
f 576/440/743 533/386/743 496/360/743
f 534/402/744 487/351/744 533/386/744
f 577/441/745 523/388/745 535/387/745
f 577/441/746 524/389/746 523/388/746
f 524/389/747 578/442/747 536/403/747
f 536/403/748 560/443/748 525/390/748
f 560/443/749 561/425/749 525/390/749
f 594/444/750 515/376/750 526/391/750
f 594/444/751 537/405/751 515/376/751
f 580/445/752 528/393/752 527/392/752
f 580/445/753 581/446/753 528/393/753
f 581/446/754 539/378/754 528/393/754
f 582/447/755 517/394/755 498/362/755
f 583/448/756 499/379/756 552/418/756
f 583/448/757 563/427/757 499/379/757
f 563/427/758 564/419/758 493/356/758
f 469/336/759 565/428/759 541/408/759
f 584/449/760 542/409/760 482/344/760
f 566/396/761 585/450/761 500/363/761
f 585/450/762 501/364/762 500/363/762
f 585/450/763 586/429/763 501/364/763
f 14/451/764 543/410/764 13/365/764
f 519/381/765 544/420/765 504/368/765
f 569/432/766 554/421/766 530/398/766
f 570/433/767 546/412/767 545/411/767
f 546/412/768 587/452/768 571/434/768
f 571/434/769 588/453/769 555/414/769
f 555/414/770 614/454/770 531/399/770
f 531/399/771 589/455/771 521/384/771
f 589/455/772 590/456/772 521/384/772
f 590/456/773 572/435/773 521/384/773
f 548/415/774 573/437/774 509/371/774
f 591/457/775 558/423/775 549/416/775
f 592/458/776 575/439/776 514/375/776
f 593/459/777 534/402/777 533/386/777
f 534/402/778 535/387/778 439/300/778
f 605/460/779 577/441/779 535/387/779
f 578/442/780 560/443/780 536/403/780
f 562/426/781 594/444/781 526/391/781
f 594/444/782 579/461/782 537/405/782
f 538/406/783 580/445/783 527/392/783
f 581/446/784 540/417/784 539/378/784
f 540/417/785 582/447/785 498/362/785
f 564/419/786 596/462/786 481/343/786
f 596/462/787 553/407/787 481/343/787
f 541/408/788 584/449/788 482/344/788
f 586/429/789 597/463/789 12/397/789
f 597/463/790 15/464/790 12/397/790
f 598/465/791 544/420/791 519/381/791
f 568/431/792 569/432/792 520/382/792
f 599/466/793 546/412/793 570/433/793
f 599/466/794 587/452/794 546/412/794
f 587/452/795 600/467/795 571/434/795
f 600/467/796 588/453/796 571/434/796
f 588/453/797 614/454/797 555/414/797
f 614/454/798 589/455/798 531/399/798
f 572/435/799 556/436/799 508/370/799
f 601/468/800 602/469/800 556/436/800
f 602/469/801 548/415/801 556/436/801
f 557/422/802 603/470/802 532/400/802
f 603/470/803 549/416/803 532/400/803
f 591/457/804 550/424/804 558/423/804
f 604/471/805 559/401/805 550/424/805
f 592/458/806 514/375/806 574/438/806
f 534/402/807 605/460/807 535/387/807
f 606/472/808 524/389/808 577/441/808
f 561/425/809 562/426/809 551/404/809
f 579/461/810 607/473/810 537/405/810
f 607/473/811 538/406/811 537/405/811
f 608/474/812 580/445/812 538/406/812
f 609/475/813 581/446/813 580/445/813
f 581/446/814 610/476/814 540/417/814
f 595/477/815 517/394/815 582/447/815
f 595/477/816 552/418/816 517/394/816
f 611/478/817 564/419/817 563/427/817
f 611/478/818 596/462/818 564/419/818
f 565/428/819 518/380/819 529/395/819
f 612/479/820 585/450/820 566/396/820
f 567/430/821 598/465/821 519/381/821
f 613/480/822 568/431/822 544/420/822
f 569/432/823 570/433/823 554/421/823
f 600/467/824 614/454/824 588/453/824
f 615/481/825 589/455/825 614/454/825
f 615/481/826 590/456/826 589/455/826
f 590/456/827 616/482/827 572/435/827
f 572/435/828 601/468/828 556/436/828
f 602/469/829 573/437/829 548/415/829
f 573/437/830 603/470/830 557/422/830
f 617/483/831 591/457/831 549/416/831
f 591/457/832 604/471/832 550/424/832
f 604/471/833 618/484/833 559/401/833
f 618/484/834 574/438/834 559/401/834
f 576/440/835 619/485/835 533/386/835
f 619/485/836 593/459/836 533/386/836
f 662/486/837 524/389/837 606/472/837
f 662/486/838 578/442/838 524/389/838
f 578/442/839 620/487/839 560/443/839
f 562/426/840 635/488/840 594/444/840
f 635/488/841 621/489/841 594/444/841
f 622/490/842 580/445/842 608/474/842
f 622/490/843 609/475/843 580/445/843
f 609/475/844 610/476/844 581/446/844
f 540/417/845 623/491/845 582/447/845
f 595/477/846 583/448/846 552/418/846
f 624/492/847 553/407/847 596/462/847
f 624/492/848 529/395/848 553/407/848
f 638/493/849 565/428/849 529/395/849
f 584/449/850 612/479/850 542/409/850
f 612/479/851 566/396/851 542/409/851
f 625/494/852 597/463/852 586/429/852
f 16/495/853 543/410/853 14/451/853
f 626/496/854 567/430/854 543/410/854
f 598/465/855 613/480/855 544/420/855
f 627/497/856 568/431/856 613/480/856
f 627/497/857 569/432/857 568/431/857
f 627/497/858 628/498/858 569/432/858
f 628/498/859 570/433/859 569/432/859
f 629/499/860 599/466/860 570/433/860
f 599/466/861 600/467/861 587/452/861
f 630/500/862 601/468/862 572/435/862
f 646/501/863 573/437/863 602/469/863
f 631/502/864 618/484/864 604/471/864
f 633/503/865 577/441/865 605/460/865
f 633/503/866 606/472/866 577/441/866
f 634/504/867 578/442/867 662/486/867
f 634/504/868 620/487/868 578/442/868
f 620/487/869 561/425/869 560/443/869
f 635/488/870 562/426/870 561/425/870
f 621/489/871 579/461/871 594/444/871
f 607/473/872 608/474/872 538/406/872
f 623/491/873 540/417/873 610/476/873
f 636/505/874 595/477/874 582/447/874
f 637/506/875 563/427/875 583/448/875
f 624/492/876 638/493/876 529/395/876
f 639/507/877 541/408/877 565/428/877
f 639/507/878 584/449/878 541/408/878
f 640/508/879 585/450/879 612/479/879
f 640/508/880 586/429/880 585/450/880
f 640/508/881 625/494/881 586/429/881
f 641/509/882 543/410/882 16/495/882
f 641/509/883 626/496/883 543/410/883
f 626/496/884 598/465/884 567/430/884
f 643/510/885 613/480/885 598/465/885
f 628/498/886 629/499/886 570/433/886
f 644/511/887 599/466/887 629/499/887
f 599/466/888 645/512/888 600/467/888
f 645/512/889 614/454/889 600/467/889
f 616/482/890 630/500/890 572/435/890
f 646/501/891 647/513/891 573/437/891
f 647/513/892 603/470/892 573/437/892
f 603/470/893 617/483/893 549/416/893
f 617/483/894 648/514/894 591/457/894
f 591/457/895 631/502/895 604/471/895
f 618/484/896 649/515/896 574/438/896
f 649/515/897 592/458/897 574/438/897
f 632/516/898 593/459/898 619/485/898
f 632/516/899 534/402/899 593/459/899
f 650/517/900 635/488/900 561/425/900
f 621/489/901 651/518/901 579/461/901
f 651/518/902 607/473/902 579/461/902
f 653/519/903 609/475/903 622/490/903
f 654/520/904 583/448/904 595/477/904
f 654/520/905 637/506/905 583/448/905
f 637/506/906 611/478/906 563/427/906
f 655/521/907 624/492/907 596/462/907
f 641/509/908 667/522/908 626/496/908
f 668/523/909 642/524/909 598/465/909
f 642/524/910 643/510/910 598/465/910
f 643/510/911 627/497/911 613/480/911
f 644/511/912 656/525/912 599/466/912
f 656/525/913 645/512/913 599/466/913
f 645/512/914 657/526/914 614/454/914
f 657/526/915 615/481/915 614/454/915
f 657/526/916 658/527/916 615/481/916
f 658/527/917 590/456/917 615/481/917
f 658/527/918 616/482/918 590/456/918
f 631/502/919 674/528/919 618/484/919
f 674/528/920 649/515/920 618/484/920
f 659/529/921 592/458/921 649/515/921
f 659/529/922 660/530/922 592/458/922
f 660/530/923 575/439/923 592/458/923
f 632/516/924 661/531/924 534/402/924
f 661/531/925 605/460/925 534/402/925
f 633/503/926 662/486/926 606/472/926
f 663/532/927 635/488/927 650/517/927
f 664/533/928 621/489/928 635/488/928
f 665/534/929 608/474/929 607/473/929
f 652/535/930 653/519/930 622/490/930
f 653/519/931 695/536/931 609/475/931
f 695/536/932 666/537/932 609/475/932
f 666/537/933 610/476/933 609/475/933
f 623/491/934 636/505/934 582/447/934
f 636/505/935 654/520/935 595/477/935
f 612/479/936 680/538/936 640/508/936
f 682/539/937 597/463/937 625/494/937
f 704/540/938 15/464/938 597/463/938
f 17/541/939 641/509/939 16/495/939
f 667/522/940 668/523/940 626/496/940
f 668/523/941 598/465/941 626/496/941
f 643/510/942 684/542/942 627/497/942
f 684/542/943 628/498/943 627/497/943
f 656/525/944 657/526/944 645/512/944
f 669/543/945 601/468/945 630/500/945
f 670/544/946 646/501/946 602/469/946
f 671/545/947 603/470/947 647/513/947
f 671/545/948 617/483/948 603/470/948
f 648/514/949 672/546/949 591/457/949
f 672/546/950 673/547/950 591/457/950
f 673/547/951 631/502/951 591/457/951
f 575/439/952 619/485/952 576/440/952
f 676/548/953 620/487/953 634/504/953
f 620/487/954 677/549/954 561/425/954
f 677/549/955 650/517/955 561/425/955
f 621/489/956 678/550/956 651/518/956
f 678/550/957 665/534/957 651/518/957
f 665/534/958 607/473/958 651/518/958
f 608/474/959 652/535/959 622/490/959
f 666/537/960 623/491/960 610/476/960
f 715/551/961 596/462/961 611/478/961
f 715/551/962 655/521/962 596/462/962
f 565/428/963 701/552/963 639/507/963
f 679/553/964 680/538/964 584/449/964
f 680/538/965 612/479/965 584/449/965
f 640/508/966 681/554/966 625/494/966
f 681/554/967 682/539/967 625/494/967
f 704/540/968 597/463/968 682/539/968
f 17/541/969 667/522/969 641/509/969
f 683/555/970 642/524/970 668/523/970
f 684/542/971 685/556/971 628/498/971
f 685/556/972 629/499/972 628/498/972
f 686/557/973 644/511/973 629/499/973
f 687/558/974 688/559/974 657/526/974
f 688/559/975 658/527/975 657/526/975
f 688/559/976 616/482/976 658/527/976
f 669/543/977 670/544/977 601/468/977
f 670/544/978 602/469/978 601/468/978
f 670/544/979 647/513/979 646/501/979
f 671/545/980 722/560/980 617/483/980
f 722/560/981 648/514/981 617/483/981
f 673/547/982 674/528/982 631/502/982
f 674/528/983 690/561/983 649/515/983
f 690/561/984 659/529/984 649/515/984
f 660/530/985 675/562/985 575/439/985
f 675/562/986 619/485/986 575/439/986
f 725/563/987 661/531/987 632/516/987
f 691/564/988 605/460/988 661/531/988
f 691/564/989 633/503/989 605/460/989
f 650/517/990 677/549/990 663/532/990
f 663/532/991 664/533/991 635/488/991
f 664/533/992 678/550/992 621/489/992
f 693/565/993 608/474/993 665/534/993
f 694/566/994 652/535/994 608/474/994
f 652/535/995 713/567/995 653/519/995
f 713/567/996 695/536/996 653/519/996
f 696/568/997 666/537/997 695/536/997
f 666/537/998 697/569/998 623/491/998
f 714/570/999 636/505/999 623/491/999
f 714/570/1000 698/571/1000 636/505/1000
f 698/571/1001 654/520/1001 636/505/1001
f 699/572/1002 611/478/1002 637/506/1002
f 700/573/1003 624/492/1003 655/521/1003
f 701/552/1004 565/428/1004 638/493/1004
f 701/552/1005 702/574/1005 639/507/1005
f 702/574/1006 584/449/1006 639/507/1006
f 703/575/1007 704/540/1007 682/539/1007
f 705/576/1008 667/522/1008 17/541/1008
f 705/576/1009 706/577/1009 667/522/1009
f 683/555/1010 707/578/1010 642/524/1010
f 707/578/1011 643/510/1011 642/524/1011
f 707/578/1012 684/542/1012 643/510/1012
f 735/579/1013 686/557/1013 629/499/1013
f 708/580/1014 644/511/1014 686/557/1014
f 708/580/1015 656/525/1015 644/511/1015
f 689/581/1016 616/482/1016 688/559/1016
f 689/581/1017 630/500/1017 616/482/1017
f 647/513/1018 709/582/1018 671/545/1018
f 673/547/1019 690/561/1019 674/528/1019
f 725/563/1020 691/564/1020 661/531/1020
f 692/583/1021 662/486/1021 633/503/1021
f 710/584/1022 711/585/1022 662/486/1022
f 711/585/1023 634/504/1023 662/486/1023
f 712/586/1024 664/533/1024 663/532/1024
f 693/565/1025 694/566/1025 608/474/1025
f 694/566/1026 713/567/1026 652/535/1026
f 696/568/1027 697/569/1027 666/537/1027
f 697/569/1028 714/570/1028 623/491/1028
f 729/587/1029 699/572/1029 637/506/1029
f 699/572/1030 715/551/1030 611/478/1030
f 715/551/1031 716/588/1031 655/521/1031
f 702/574/1032 679/553/1032 584/449/1032
f 680/538/1033 681/554/1033 640/508/1033
f 681/554/1034 703/575/1034 682/539/1034
f 18/589/1035 15/464/1035 704/540/1035
f 19/590/1036 705/576/1036 17/541/1036
f 667/522/1037 718/591/1037 668/523/1037
f 718/591/1038 683/555/1038 668/523/1038
f 685/556/1039 735/579/1039 629/499/1039
f 708/580/1040 736/592/1040 656/525/1040
f 736/592/1041 657/526/1041 656/525/1041
f 688/559/1042 719/593/1042 689/581/1042
f 630/500/1043 720/594/1043 669/543/1043
f 669/543/1044 721/595/1044 670/544/1044
f 721/595/1045 647/513/1045 670/544/1045
f 722/560/1046 671/545/1046 709/582/1046
f 723/596/1047 648/514/1047 722/560/1047
f 648/514/1048 724/597/1048 672/546/1048
f 724/597/1049 673/547/1049 672/546/1049
f 724/597/1050 690/561/1050 673/547/1050
f 749/598/1051 619/485/1051 675/562/1051
f 692/583/1052 710/584/1052 662/486/1052
f 711/585/1053 676/548/1053 634/504/1053
f 677/549/1054 712/586/1054 663/532/1054
f 726/599/1055 664/533/1055 712/586/1055
f 726/599/1056 678/550/1056 664/533/1056
f 678/550/1057 693/565/1057 665/534/1057
f 698/571/1058 728/600/1058 654/520/1058
f 654/520/1059 729/587/1059 637/506/1059
f 730/601/1060 715/551/1060 699/572/1060
f 716/588/1061 700/573/1061 655/521/1061
f 700/573/1062 638/493/1062 624/492/1062
f 731/602/1063 680/538/1063 679/553/1063
f 732/603/1064 681/554/1064 680/538/1064
f 717/604/1065 703/575/1065 681/554/1065
f 703/575/1066 759/605/1066 704/540/1066
f 19/590/1067 733/606/1067 705/576/1067
f 706/577/1068 718/591/1068 667/522/1068
f 718/591/1069 734/607/1069 683/555/1069
f 734/607/1070 707/578/1070 683/555/1070
f 737/608/1071 687/558/1071 657/526/1071
f 687/558/1072 738/609/1072 688/559/1072
f 738/609/1073 739/610/1073 688/559/1073
f 739/610/1074 719/593/1074 688/559/1074
f 740/611/1075 721/595/1075 669/543/1075
f 659/529/1076 675/562/1076 660/530/1076
f 797/612/1077 632/516/1077 619/485/1077
f 691/564/1078 692/583/1078 633/503/1078
f 741/613/1079 711/585/1079 710/584/1079
f 711/585/1080 742/614/1080 676/548/1080
f 753/615/1081 693/565/1081 678/550/1081
f 696/568/1082 727/616/1082 697/569/1082
f 697/569/1083 698/571/1083 714/570/1083
f 755/617/1084 728/600/1084 698/571/1084
f 728/600/1085 729/587/1085 654/520/1085
f 743/618/1086 716/588/1086 715/551/1086
f 700/573/1087 766/619/1087 638/493/1087
f 757/620/1088 702/574/1088 701/552/1088
f 731/602/1089 679/553/1089 702/574/1089
f 731/602/1090 732/603/1090 680/538/1090
f 732/603/1091 717/604/1091 681/554/1091
f 744/621/1092 18/589/1092 704/540/1092
f 733/606/1093 734/607/1093 718/591/1093
f 707/578/1094 685/556/1094 684/542/1094
f 736/592/1095 737/608/1095 657/526/1095
f 745/622/1096 630/500/1096 689/581/1096
f 745/622/1097 720/594/1097 630/500/1097
f 720/594/1098 740/611/1098 669/543/1098
f 721/595/1099 709/582/1099 647/513/1099
f 746/623/1100 722/560/1100 709/582/1100
f 746/623/1101 723/596/1101 722/560/1101
f 724/597/1102 747/624/1102 690/561/1102
f 748/625/1103 675/562/1103 659/529/1103
f 797/612/1104 725/563/1104 632/516/1104
f 750/626/1105 710/584/1105 692/583/1105
f 741/613/1106 742/614/1106 711/585/1106
f 751/627/1107 677/549/1107 620/487/1107
f 752/628/1108 712/586/1108 677/549/1108
f 753/615/1109 678/550/1109 726/599/1109
f 753/615/1110 754/629/1110 693/565/1110
f 754/629/1111 694/566/1111 693/565/1111
f 694/566/1112 787/630/1112 713/567/1112
f 765/631/1113 695/536/1113 713/567/1113
f 765/631/1114 696/568/1114 695/536/1114
f 765/631/1115 727/616/1115 696/568/1115
f 756/632/1116 699/572/1116 729/587/1116
f 756/632/1117 730/601/1117 699/572/1117
f 716/588/1118 775/633/1118 700/573/1118
f 758/634/1119 731/602/1119 702/574/1119
f 759/605/1120 744/621/1120 704/540/1120
f 733/606/1121 706/577/1121 705/576/1121
f 733/606/1122 718/591/1122 706/577/1122
f 760/635/1123 707/578/1123 734/607/1123
f 760/635/1124 685/556/1124 707/578/1124
f 761/636/1125 708/580/1125 686/557/1125
f 761/636/1126 736/592/1126 708/580/1126
f 737/608/1127 738/609/1127 687/558/1127
f 719/593/1128 762/637/1128 689/581/1128
f 762/637/1129 745/622/1129 689/581/1129
f 740/611/1130 763/638/1130 721/595/1130
f 763/638/1131 764/639/1131 721/595/1131
f 764/639/1132 709/582/1132 721/595/1132
f 764/639/1133 746/623/1133 709/582/1133
f 783/640/1134 723/596/1134 746/623/1134
f 723/596/1135 724/597/1135 648/514/1135
f 748/625/1136 659/529/1136 690/561/1136
f 749/598/1137 797/612/1137 619/485/1137
f 742/614/1138 620/487/1138 676/548/1138
f 787/630/1139 765/631/1139 713/567/1139
f 697/569/1140 755/617/1140 698/571/1140
f 730/601/1141 743/618/1141 715/551/1141
f 766/619/1142 700/573/1142 775/633/1142
f 766/619/1143 701/552/1143 638/493/1143
f 766/619/1144 757/620/1144 701/552/1144
f 757/620/1145 758/634/1145 702/574/1145
f 776/641/1146 732/603/1146 731/602/1146
f 744/621/1147 20/642/1147 18/589/1147
f 735/579/1148 761/636/1148 686/557/1148
f 736/592/1149 781/643/1149 737/608/1149
f 738/609/1150 767/644/1150 739/610/1150
f 767/644/1151 719/593/1151 739/610/1151
f 782/645/1152 740/611/1152 720/594/1152
f 782/645/1153 768/646/1153 740/611/1153
f 723/596/1154 769/647/1154 724/597/1154
f 769/647/1155 747/624/1155 724/597/1155
f 747/624/1156 748/625/1156 690/561/1156
f 748/625/1157 749/598/1157 675/562/1157
f 797/612/1158 770/648/1158 725/563/1158
f 770/648/1159 691/564/1159 725/563/1159
f 691/564/1160 750/626/1160 692/583/1160
f 710/584/1161 786/649/1161 741/613/1161
f 786/649/1162 772/650/1162 741/613/1162
f 772/650/1163 742/614/1163 741/613/1163
f 742/614/1164 751/627/1164 620/487/1164
f 751/627/1165 752/628/1165 677/549/1165
f 773/651/1166 754/629/1166 753/615/1166
f 774/652/1167 727/616/1167 765/631/1167
f 728/600/1168 756/632/1168 729/587/1168
f 775/633/1169 716/588/1169 743/618/1169
f 758/634/1170 776/641/1170 731/602/1170
f 777/653/1171 717/604/1171 732/603/1171
f 717/604/1172 759/605/1172 703/575/1172
f 792/654/1173 744/621/1173 759/605/1173
f 21/655/1174 733/606/1174 19/590/1174
f 733/606/1175 778/656/1175 734/607/1175
f 778/656/1176 760/635/1176 734/607/1176
f 760/635/1177 779/657/1177 685/556/1177
f 780/658/1178 735/579/1178 685/556/1178
f 761/636/1179 781/643/1179 736/592/1179
f 767/644/1180 795/659/1180 719/593/1180
f 795/659/1181 762/637/1181 719/593/1181
f 745/622/1182 782/645/1182 720/594/1182
f 768/646/1183 763/638/1183 740/611/1183
f 764/639/1184 783/640/1184 746/623/1184
f 783/640/1185 784/660/1185 723/596/1185
f 796/661/1186 748/625/1186 747/624/1186
f 748/625/1187 785/662/1187 749/598/1187
f 770/648/1188 771/663/1188 691/564/1188
f 771/663/1189 750/626/1189 691/564/1189
f 787/630/1190 694/566/1190 754/629/1190
f 697/569/1191 788/664/1191 755/617/1191
f 803/665/1192 775/633/1192 743/618/1192
f 789/666/1193 757/620/1193 766/619/1193
f 776/641/1194 777/653/1194 732/603/1194
f 777/653/1195 791/667/1195 717/604/1195
f 791/667/1196 759/605/1196 717/604/1196
f 780/658/1197 761/636/1197 735/579/1197
f 793/668/1198 781/643/1198 761/636/1198
f 781/643/1199 794/669/1199 737/608/1199
f 794/669/1200 738/609/1200 737/608/1200
f 782/645/1201 745/622/1201 762/637/1201
f 784/660/1202 769/647/1202 723/596/1202
f 830/670/1203 770/648/1203 797/612/1203
f 772/650/1204 798/671/1204 742/614/1204
f 712/586/1205 799/672/1205 726/599/1205
f 787/630/1206 800/673/1206 765/631/1206
f 800/673/1207 774/652/1207 765/631/1207
f 801/674/1208 697/569/1208 727/616/1208
f 801/674/1209 788/664/1209 697/569/1209
f 802/675/1210 728/600/1210 755/617/1210
f 802/675/1211 756/632/1211 728/600/1211
f 820/676/1212 730/601/1212 756/632/1212
f 789/666/1213 804/677/1213 757/620/1213
f 804/677/1214 758/634/1214 757/620/1214
f 805/678/1215 790/679/1215 758/634/1215
f 792/654/1216 20/642/1216 744/621/1216
f 792/654/1217 806/680/1217 20/642/1217
f 22/681/1218 778/656/1218 733/606/1218
f 808/682/1219 760/635/1219 778/656/1219
f 814/683/1220 779/657/1220 760/635/1220
f 779/657/1221 780/658/1221 685/556/1221
f 794/669/1222 767/644/1222 738/609/1222
f 809/684/1223 764/639/1223 763/638/1223
f 769/647/1224 796/661/1224 747/624/1224
f 810/685/1225 748/625/1225 796/661/1225
f 810/685/1226 785/662/1226 748/625/1226
f 799/672/1227 753/615/1227 726/599/1227
f 811/686/1228 727/616/1228 774/652/1228
f 812/687/1229 820/676/1229 756/632/1229
f 803/665/1230 743/618/1230 730/601/1230
f 804/677/1231 805/678/1231 758/634/1231
f 790/679/1232 776/641/1232 758/634/1232
f 813/688/1233 759/605/1233 791/667/1233
f 813/688/1234 792/654/1234 759/605/1234
f 806/680/1235 23/689/1235 20/642/1235
f 22/681/1236 733/606/1236 21/655/1236
f 807/690/1237 808/682/1237 778/656/1237
f 808/682/1238 814/683/1238 760/635/1238
f 815/691/1239 795/659/1239 767/644/1239
f 795/659/1240 816/692/1240 762/637/1240
f 816/692/1241 782/645/1241 762/637/1241
f 817/693/1242 783/640/1242 764/639/1242
f 785/662/1243 797/612/1243 749/598/1243
f 750/626/1244 786/649/1244 710/584/1244
f 798/671/1245 751/627/1245 742/614/1245
f 752/628/1246 799/672/1246 712/586/1246
f 799/672/1247 773/651/1247 753/615/1247
f 818/694/1248 787/630/1248 754/629/1248
f 818/694/1249 800/673/1249 787/630/1249
f 811/686/1250 774/652/1250 800/673/1250
f 801/674/1251 727/616/1251 811/686/1251
f 788/664/1252 802/675/1252 755/617/1252
f 802/675/1253 812/687/1253 756/632/1253
f 820/676/1254 803/665/1254 730/601/1254
f 821/695/1255 766/619/1255 775/633/1255
f 766/619/1256 821/695/1256 789/666/1256
f 807/690/1257 778/656/1257 22/681/1257
f 822/696/1258 761/636/1258 780/658/1258
f 822/696/1259 823/697/1259 761/636/1259
f 823/697/1260 793/668/1260 761/636/1260
f 794/669/1261 815/691/1261 767/644/1261
f 815/691/1262 824/698/1262 795/659/1262
f 846/699/1263 768/646/1263 782/645/1263
f 768/646/1264 825/700/1264 763/638/1264
f 825/700/1265 809/684/1265 763/638/1265
f 809/684/1266 817/693/1266 764/639/1266
f 817/693/1267 784/660/1267 783/640/1267
f 784/660/1268 826/701/1268 769/647/1268
f 826/701/1269 796/661/1269 769/647/1269
f 796/661/1270 827/702/1270 810/685/1270
f 829/703/1271 797/612/1271 785/662/1271
f 829/703/1272 830/670/1272 797/612/1272
f 831/704/1273 798/671/1273 772/650/1273
f 832/705/1274 752/628/1274 751/627/1274
f 799/672/1275 833/706/1275 773/651/1275
f 773/651/1276 818/694/1276 754/629/1276
f 819/707/1277 811/686/1277 800/673/1277
f 841/708/1278 802/675/1278 788/664/1278
f 813/688/1279 791/667/1279 777/653/1279
f 834/709/1280 807/690/1280 22/681/1280
f 844/710/1281 794/669/1281 781/643/1281
f 824/698/1282 816/692/1282 795/659/1282
f 836/711/1283 826/701/1283 784/660/1283
f 837/712/1284 827/702/1284 796/661/1284
f 810/685/1285 828/713/1285 785/662/1285
f 828/713/1286 829/703/1286 785/662/1286
f 838/714/1287 831/704/1287 772/650/1287
f 798/671/1288 832/705/1288 751/627/1288
f 832/705/1289 839/715/1289 752/628/1289
f 839/715/1290 799/672/1290 752/628/1290
f 833/706/1291 862/716/1291 773/651/1291
f 862/716/1292 818/694/1292 773/651/1292
f 811/686/1293 840/717/1293 801/674/1293
f 801/674/1294 841/708/1294 788/664/1294
f 820/676/1295 842/718/1295 803/665/1295
f 842/718/1296 775/633/1296 803/665/1296
f 842/718/1297 821/695/1297 775/633/1297
f 843/719/1298 776/641/1298 790/679/1298
f 843/719/1299 777/653/1299 776/641/1299
f 835/720/1300 779/657/1300 814/683/1300
f 779/657/1301 822/696/1301 780/658/1301
f 793/668/1302 844/710/1302 781/643/1302
f 824/698/1303 845/721/1303 816/692/1303
f 845/721/1304 782/645/1304 816/692/1304
f 845/721/1305 846/699/1305 782/645/1305
f 847/722/1306 817/693/1306 809/684/1306
f 817/693/1307 836/711/1307 784/660/1307
f 826/701/1308 837/712/1308 796/661/1308
f 830/670/1309 848/723/1309 770/648/1309
f 849/724/1310 786/649/1310 750/626/1310
f 849/724/1311 838/714/1311 786/649/1311
f 838/714/1312 772/650/1312 786/649/1312
f 863/725/1313 800/673/1313 818/694/1313
f 864/726/1314 841/708/1314 801/674/1314
f 865/727/1315 842/718/1315 820/676/1315
f 813/688/1316 851/728/1316 792/654/1316
f 24/729/1317 834/709/1317 22/681/1317
f 869/730/1318 808/682/1318 807/690/1318
f 852/731/1319 779/657/1319 835/720/1319
f 852/731/1320 822/696/1320 779/657/1320
f 853/732/1321 768/646/1321 846/699/1321
f 853/732/1322 825/700/1322 768/646/1322
f 855/733/1323 810/685/1323 827/702/1323
f 855/733/1324 828/713/1324 810/685/1324
f 856/734/1325 771/663/1325 770/648/1325
f 856/734/1326 857/735/1326 771/663/1326
f 857/735/1327 750/626/1327 771/663/1327
f 858/736/1328 798/671/1328 831/704/1328
f 859/737/1329 839/715/1329 832/705/1329
f 839/715/1330 860/738/1330 799/672/1330
f 861/739/1331 833/706/1331 799/672/1331
f 862/716/1332 863/725/1332 818/694/1332
f 864/726/1333 801/674/1333 840/717/1333
f 805/678/1334 867/740/1334 790/679/1334
f 867/740/1335 843/719/1335 790/679/1335
f 851/728/1336 806/680/1336 792/654/1336
f 869/730/1337 807/690/1337 834/709/1337
f 869/730/1338 870/741/1338 808/682/1338
f 870/741/1339 814/683/1339 808/682/1339
f 822/696/1340 871/742/1340 823/697/1340
f 794/669/1341 824/698/1341 815/691/1341
f 824/698/1342 872/743/1342 845/721/1342
f 872/743/1343 873/744/1343 845/721/1343
f 873/744/1344 846/699/1344 845/721/1344
f 875/745/1345 809/684/1345 825/700/1345
f 847/722/1346 854/746/1346 817/693/1346
f 854/746/1347 836/711/1347 817/693/1347
f 905/747/1348 837/712/1348 826/701/1348
f 876/748/1349 827/702/1349 837/712/1349
f 876/748/1350 855/733/1350 827/702/1350
f 877/749/1351 830/670/1351 829/703/1351
f 838/714/1352 878/750/1352 831/704/1352
f 858/736/1353 879/751/1353 798/671/1353
f 860/738/1354 861/739/1354 799/672/1354
f 861/739/1355 862/716/1355 833/706/1355
f 890/752/1356 820/676/1356 812/687/1356
f 865/727/1357 880/753/1357 842/718/1357
f 881/754/1358 821/695/1358 842/718/1358
f 850/755/1359 789/666/1359 821/695/1359
f 850/755/1360 804/677/1360 789/666/1360
f 804/677/1361 866/756/1361 805/678/1361
f 843/719/1362 868/757/1362 777/653/1362
f 868/757/1363 813/688/1363 777/653/1363
f 25/758/1364 23/689/1364 806/680/1364
f 24/729/1365 869/730/1365 834/709/1365
f 882/759/1366 844/710/1366 793/668/1366
f 844/710/1367 896/760/1367 794/669/1367
f 896/760/1368 883/761/1368 794/669/1368
f 883/761/1369 824/698/1369 794/669/1369
f 883/761/1370 872/743/1370 824/698/1370
f 874/762/1371 846/699/1371 873/744/1371
f 874/762/1372 853/732/1372 846/699/1372
f 875/745/1373 847/722/1373 809/684/1373
f 884/763/1374 826/701/1374 836/711/1374
f 884/763/1375 905/747/1375 826/701/1375
f 905/747/1376 876/748/1376 837/712/1376
f 828/713/1377 885/764/1377 829/703/1377
f 848/723/1378 856/734/1378 770/648/1378
f 857/735/1379 849/724/1379 750/626/1379
f 831/704/1380 879/751/1380 858/736/1380
f 911/765/1381 863/725/1381 862/716/1381
f 911/765/1382 886/766/1382 863/725/1382
f 886/766/1383 800/673/1383 863/725/1383
f 886/766/1384 819/707/1384 800/673/1384
f 887/767/1385 840/717/1385 811/686/1385
f 888/768/1386 802/675/1386 841/708/1386
f 802/675/1387 889/769/1387 812/687/1387
f 890/752/1388 865/727/1388 820/676/1388
f 880/753/1389 881/754/1389 842/718/1389
f 881/754/1390 891/770/1390 821/695/1390
f 866/756/1391 867/740/1391 805/678/1391
f 868/757/1392 892/771/1392 813/688/1392
f 892/771/1393 851/728/1393 813/688/1393
f 893/772/1394 806/680/1394 851/728/1394
f 893/772/1395 25/758/1395 806/680/1395
f 870/741/1396 835/720/1396 814/683/1396
f 894/773/1397 852/731/1397 835/720/1397
f 852/731/1398 871/742/1398 822/696/1398
f 871/742/1399 882/759/1399 823/697/1399
f 882/759/1400 793/668/1400 823/697/1400
f 897/774/1401 874/762/1401 873/744/1401
f 853/732/1402 875/745/1402 825/700/1402
f 899/775/1403 828/713/1403 855/733/1403
f 899/775/1404 885/764/1404 828/713/1404
f 885/764/1405 877/749/1405 829/703/1405
f 901/776/1406 832/705/1406 798/671/1406
f 901/776/1407 859/737/1407 832/705/1407
f 859/737/1408 860/738/1408 839/715/1408
f 861/739/1409 902/777/1409 862/716/1409
f 864/726/1410 888/768/1410 841/708/1410
f 888/768/1411 889/769/1411 802/675/1411
f 889/769/1412 890/752/1412 812/687/1412
f 850/755/1413 866/756/1413 804/677/1413
f 867/740/1414 904/778/1414 843/719/1414
f 870/741/1415 894/773/1415 835/720/1415
f 882/759/1416 895/779/1416 844/710/1416
f 895/779/1417 896/760/1417 844/710/1417
f 920/780/1418 875/745/1418 853/732/1418
f 875/745/1419 854/746/1419 847/722/1419
f 854/746/1420 898/781/1420 836/711/1420
f 898/781/1421 884/763/1421 836/711/1421
f 936/782/1422 905/747/1422 884/763/1422
f 906/783/1423 855/733/1423 876/748/1423
f 907/784/1424 899/775/1424 855/733/1424
f 885/764/1425 908/785/1425 877/749/1425
f 909/786/1426 838/714/1426 849/724/1426
f 909/786/1427 900/787/1427 838/714/1427
f 878/750/1428 879/751/1428 831/704/1428
f 879/751/1429 901/776/1429 798/671/1429
f 901/776/1430 910/788/1430 859/737/1430
f 902/777/1431 911/765/1431 862/716/1431
f 912/789/1432 887/767/1432 811/686/1432
f 914/790/1433 865/727/1433 890/752/1433
f 915/791/1434 880/753/1434 865/727/1434
f 891/770/1435 850/755/1435 821/695/1435
f 891/770/1436 903/792/1436 850/755/1436
f 892/771/1437 893/772/1437 851/728/1437
f 26/793/1438 869/730/1438 24/729/1438
f 916/794/1439 870/741/1439 869/730/1439
f 917/795/1440 894/773/1440 870/741/1440
f 918/796/1441 883/761/1441 896/760/1441
f 918/796/1442 872/743/1442 883/761/1442
f 872/743/1443 919/797/1443 873/744/1443
f 919/797/1444 897/774/1444 873/744/1444
f 920/780/1445 853/732/1445 874/762/1445
f 898/781/1446 936/782/1446 884/763/1446
f 905/747/1447 906/783/1447 876/748/1447
f 921/798/1448 848/723/1448 830/670/1448
f 900/787/1449 922/799/1449 838/714/1449
f 922/799/1450 878/750/1450 838/714/1450
f 923/800/1451 901/776/1451 879/751/1451
f 910/788/1452 860/738/1452 859/737/1452
f 886/766/1453 940/801/1453 819/707/1453
f 940/801/1454 811/686/1454 819/707/1454
f 940/801/1455 912/789/1455 811/686/1455
f 840/717/1456 913/802/1456 864/726/1456
f 924/803/1457 889/769/1457 888/768/1457
f 889/769/1458 914/790/1458 890/752/1458
f 915/791/1459 925/804/1459 880/753/1459
f 925/804/1460 881/754/1460 880/753/1460
f 926/805/1461 891/770/1461 881/754/1461
f 903/792/1462 866/756/1462 850/755/1462
f 927/806/1463 893/772/1463 892/771/1463
f 893/772/1464 928/807/1464 25/758/1464
f 946/808/1465 916/794/1465 869/730/1465
f 929/809/1466 917/795/1466 870/741/1466
f 931/810/1467 852/731/1467 894/773/1467
f 931/810/1468 871/742/1468 852/731/1468
f 932/811/1469 882/759/1469 871/742/1469
f 882/759/1470 918/796/1470 895/779/1470
f 918/796/1471 896/760/1471 895/779/1471
f 919/797/1472 874/762/1472 897/774/1472
f 919/797/1473 933/812/1473 874/762/1473
f 933/812/1474 920/780/1474 874/762/1474
f 906/783/1475 907/784/1475 855/733/1475
f 907/784/1476 955/813/1476 899/775/1476
f 955/813/1477 885/764/1477 899/775/1477
f 955/813/1478 937/814/1478 885/764/1478
f 937/814/1479 908/785/1479 885/764/1479
f 921/798/1480 856/734/1480 848/723/1480
f 938/815/1481 879/751/1481 878/750/1481
f 938/815/1482 923/800/1482 879/751/1482
f 939/816/1483 911/765/1483 902/777/1483
f 913/802/1484 941/817/1484 864/726/1484
f 941/817/1485 888/768/1485 864/726/1485
f 914/790/1486 915/791/1486 865/727/1486
f 925/804/1487 926/805/1487 881/754/1487
f 943/818/1488 903/792/1488 891/770/1488
f 944/819/1489 866/756/1489 903/792/1489
f 945/820/1490 867/740/1490 866/756/1490
f 928/807/1491 27/821/1491 25/758/1491
f 26/793/1492 946/808/1492 869/730/1492
f 916/794/1493 929/809/1493 870/741/1493
f 917/795/1494 930/822/1494 894/773/1494
f 930/822/1495 931/810/1495 894/773/1495
f 934/823/1496 875/745/1496 920/780/1496
f 947/824/1497 906/783/1497 905/747/1497
f 992/825/1498 907/784/1498 906/783/1498
f 877/749/1499 921/798/1499 830/670/1499
f 922/799/1500 938/815/1500 878/750/1500
f 860/738/1501 986/826/1501 861/739/1501
f 986/826/1502 902/777/1502 861/739/1502
f 939/816/1503 970/827/1503 911/765/1503
f 970/827/1504 886/766/1504 911/765/1504
f 887/767/1505 913/802/1505 840/717/1505
f 941/817/1506 924/803/1506 888/768/1506
f 924/803/1507 942/828/1507 889/769/1507
f 942/828/1508 914/790/1508 889/769/1508
f 926/805/1509 943/818/1509 891/770/1509
f 945/820/1510 904/778/1510 867/740/1510
f 904/778/1511 950/829/1511 843/719/1511
f 950/829/1512 868/757/1512 843/719/1512
f 868/757/1513 927/806/1513 892/771/1513
f 952/830/1514 919/797/1514 872/743/1514
f 933/812/1515 953/831/1515 920/780/1515
f 953/831/1516 934/823/1516 920/780/1516
f 935/832/1517 875/745/1517 934/823/1517
f 935/832/1518 954/833/1518 875/745/1518
f 954/833/1519 854/746/1519 875/745/1519
f 854/746/1520 936/782/1520 898/781/1520
f 955/813/1521 907/784/1521 992/825/1521
f 921/798/1522 956/834/1522 856/734/1522
f 957/835/1523 857/735/1523 856/734/1523
f 948/836/1524 922/799/1524 900/787/1524
f 948/836/1525 938/815/1525 922/799/1525
f 938/815/1526 901/776/1526 923/800/1526
f 910/788/1527 986/826/1527 860/738/1527
f 970/827/1528 940/801/1528 886/766/1528
f 958/837/1529 912/789/1529 940/801/1529
f 914/790/1530 925/804/1530 915/791/1530
f 959/838/1531 926/805/1531 925/804/1531
f 973/839/1532 943/818/1532 926/805/1532
f 949/840/1533 903/792/1533 943/818/1533
f 950/829/1534 960/841/1534 868/757/1534
f 951/842/1535 893/772/1535 927/806/1535
f 946/808/1536 929/809/1536 916/794/1536
f 961/843/1537 917/795/1537 929/809/1537
f 931/810/1538 962/844/1538 871/742/1538
f 963/845/1539 918/796/1539 882/759/1539
f 918/796/1540 979/846/1540 872/743/1540
f 979/846/1541 952/830/1541 872/743/1541
f 964/847/1542 933/812/1542 919/797/1542
f 965/848/1543 854/746/1543 954/833/1543
f 947/824/1544 905/747/1544 936/782/1544
f 937/814/1545 966/849/1545 908/785/1545
f 967/850/1546 877/749/1546 908/785/1546
f 968/851/1547 849/724/1547 857/735/1547
f 968/851/1548 909/786/1548 849/724/1548
f 938/815/1549 969/852/1549 901/776/1549
f 984/853/1550 910/788/1550 901/776/1550
f 985/854/1551 986/826/1551 910/788/1551
f 970/827/1552 958/837/1552 940/801/1552
f 958/837/1553 971/855/1553 912/789/1553
f 912/789/1554 971/855/1554 887/767/1554
f 914/790/1555 959/838/1555 925/804/1555
f 959/838/1556 973/839/1556 926/805/1556
f 974/856/1557 943/818/1557 973/839/1557
f 974/856/1558 949/840/1558 943/818/1558
f 949/840/1559 997/857/1559 903/792/1559
f 997/857/1560 944/819/1560 903/792/1560
f 944/819/1561 945/820/1561 866/756/1561
f 960/841/1562 927/806/1562 868/757/1562
f 975/858/1563 928/807/1563 893/772/1563
f 29/859/1564 27/821/1564 928/807/1564
f 28/860/1565 946/808/1565 26/793/1565
f 976/861/1566 929/809/1566 946/808/1566
f 976/861/1567 961/843/1567 929/809/1567
f 977/862/1568 930/822/1568 917/795/1568
f 962/844/1569 932/811/1569 871/742/1569
f 952/830/1570 964/847/1570 919/797/1570
f 980/863/1571 953/831/1571 933/812/1571
f 965/848/1572 936/782/1572 854/746/1572
f 981/864/1573 906/783/1573 947/824/1573
f 981/864/1574 992/825/1574 906/783/1574
f 992/825/1575 982/865/1575 955/813/1575
f 982/865/1576 937/814/1576 955/813/1576
f 967/850/1577 921/798/1577 877/749/1577
f 909/786/1578 948/836/1578 900/787/1578
f 948/836/1579 983/866/1579 938/815/1579
f 983/866/1580 969/852/1580 938/815/1580
f 969/852/1581 984/853/1581 901/776/1581
f 902/777/1582 995/867/1582 939/816/1582
f 987/868/1583 958/837/1583 970/827/1583
f 971/855/1584 913/802/1584 887/767/1584
f 941/817/1585 972/869/1585 924/803/1585
f 924/803/1586 988/870/1586 942/828/1586
f 989/871/1587 959/838/1587 914/790/1587
f 28/860/1588 990/872/1588 946/808/1588
f 990/872/1589 976/861/1589 946/808/1589
f 930/822/1590 962/844/1590 931/810/1590
f 978/873/1591 882/759/1591 932/811/1591
f 978/873/1592 963/845/1592 882/759/1592
f 963/845/1593 979/846/1593 918/796/1593
f 964/847/1594 980/863/1594 933/812/1594
f 991/874/1595 947/824/1595 936/782/1595
f 1004/875/1596 966/849/1596 937/814/1596
f 957/835/1597 968/851/1597 857/735/1597
f 984/853/1598 985/854/1598 910/788/1598
f 994/876/1599 986/826/1599 985/854/1599
f 995/867/1600 902/777/1600 986/826/1600
f 995/867/1601 970/827/1601 939/816/1601
f 972/869/1602 988/870/1602 924/803/1602
f 996/877/1603 989/871/1603 914/790/1603
f 959/838/1604 1009/878/1604 973/839/1604
f 998/879/1605 904/778/1605 945/820/1605
f 960/841/1606 951/842/1606 927/806/1606
f 951/842/1607 975/858/1607 893/772/1607
f 975/858/1608 29/859/1608 928/807/1608
f 961/843/1609 977/862/1609 917/795/1609
f 962/844/1610 999/880/1610 932/811/1610
f 999/880/1611 978/873/1611 932/811/1611
f 1001/881/1612 952/830/1612 979/846/1612
f 952/830/1613 1002/882/1613 964/847/1613
f 1002/882/1614 980/863/1614 964/847/1614
f 953/831/1615 935/832/1615 934/823/1615
f 935/832/1616 1024/883/1616 954/833/1616
f 965/848/1617 1017/884/1617 936/782/1617
f 1017/884/1618 991/874/1618 936/782/1618
f 1003/885/1619 947/824/1619 991/874/1619
f 1003/885/1620 981/864/1620 947/824/1620
f 982/865/1621 1004/875/1621 937/814/1621
f 967/850/1622 908/785/1622 966/849/1622
f 983/866/1623 948/836/1623 993/886/1623
f 1005/887/1624 969/852/1624 983/866/1624
f 969/852/1625 1005/887/1625 984/853/1625
f 1006/888/1626 985/854/1626 984/853/1626
f 1019/889/1627 995/867/1627 986/826/1627
f 1007/890/1628 971/855/1628 958/837/1628
f 1008/891/1629 913/802/1629 971/855/1629
f 1008/891/1630 941/817/1630 913/802/1630
f 1009/878/1631 959/838/1631 989/871/1631
f 973/839/1632 1010/892/1632 974/856/1632
f 1010/892/1633 1011/893/1633 974/856/1633
f 1011/893/1634 1012/894/1634 974/856/1634
f 1012/894/1635 949/840/1635 974/856/1635
f 1012/894/1636 997/857/1636 949/840/1636
f 1013/895/1637 945/820/1637 944/819/1637
f 1013/895/1638 998/879/1638 945/820/1638
f 998/879/1639 950/829/1639 904/778/1639
f 1014/896/1640 975/858/1640 951/842/1640
f 1015/897/1641 979/846/1641 963/845/1641
f 1016/898/1642 965/848/1642 954/833/1642
f 1016/898/1643 1017/884/1643 965/848/1643
f 1003/885/1644 1018/899/1644 981/864/1644
f 1018/899/1645 992/825/1645 981/864/1645
f 1005/887/1646 1006/888/1646 984/853/1646
f 1019/889/1647 986/826/1647 994/876/1647
f 995/867/1648 987/868/1648 970/827/1648
f 1007/890/1649 958/837/1649 987/868/1649
f 1007/890/1650 1008/891/1650 971/855/1650
f 942/828/1651 1020/900/1651 914/790/1651
f 1020/900/1652 996/877/1652 914/790/1652
f 1009/878/1653 1010/892/1653 973/839/1653
f 1021/901/1654 1013/895/1654 997/857/1654
f 1013/895/1655 944/819/1655 997/857/1655
f 1022/902/1656 951/842/1656 960/841/1656
f 30/903/1657 990/872/1657 28/860/1657
f 1015/897/1658 1000/904/1658 979/846/1658
f 1023/905/1659 953/831/1659 980/863/1659
f 1024/883/1660 935/832/1660 953/831/1660
f 1024/883/1661 1016/898/1661 954/833/1661
f 1018/899/1662 1025/906/1662 992/825/1662
f 1025/906/1663 982/865/1663 992/825/1663
f 967/850/1664 1088/907/1664 921/798/1664
f 1088/907/1665 956/834/1665 921/798/1665
f 956/834/1666 957/835/1666 856/734/1666
f 1026/908/1667 909/786/1667 968/851/1667
f 909/786/1668 993/886/1668 948/836/1668
f 1027/909/1669 1005/887/1669 983/866/1669
f 1028/910/1670 1006/888/1670 1005/887/1670
f 1029/911/1671 941/817/1671 1008/891/1671
f 1029/911/1672 972/869/1672 941/817/1672
f 1012/894/1673 1021/901/1673 997/857/1673
f 950/829/1674 1022/902/1674 960/841/1674
f 1014/896/1675 1030/912/1675 975/858/1675
f 1030/912/1676 29/859/1676 975/858/1676
f 1031/913/1677 976/861/1677 990/872/1677
f 1048/914/1678 930/822/1678 977/862/1678
f 1048/914/1679 962/844/1679 930/822/1679
f 1033/915/1680 978/873/1680 999/880/1680
f 978/873/1681 1015/897/1681 963/845/1681
f 1000/904/1682 1001/881/1682 979/846/1682
f 1001/881/1683 1034/916/1683 952/830/1683
f 1034/916/1684 1002/882/1684 952/830/1684
f 1023/905/1685 1024/883/1685 953/831/1685
f 1035/917/1686 991/874/1686 1017/884/1686
f 1035/917/1687 1036/918/1687 991/874/1687
f 1036/918/1688 1003/885/1688 991/874/1688
f 1036/918/1689 1037/919/1689 1003/885/1689
f 1037/919/1690 1018/899/1690 1003/885/1690
f 1025/906/1691 1038/920/1691 982/865/1691
f 1038/920/1692 1004/875/1692 982/865/1692
f 1088/907/1693 1039/921/1693 956/834/1693
f 993/886/1694 1027/909/1694 983/866/1694
f 1006/888/1695 994/876/1695 985/854/1695
f 1006/888/1696 1019/889/1696 994/876/1696
f 1040/922/1697 987/868/1697 995/867/1697
f 1041/923/1698 1007/890/1698 987/868/1698
f 1067/924/1699 1008/891/1699 1007/890/1699
f 972/869/1700 1042/925/1700 988/870/1700
f 1042/925/1701 942/828/1701 988/870/1701
f 1042/925/1702 1091/926/1702 942/828/1702
f 1091/926/1703 1020/900/1703 942/828/1703
f 1043/927/1704 996/877/1704 1020/900/1704
f 1009/878/1705 1044/928/1705 1010/892/1705
f 1045/929/1706 1012/894/1706 1011/893/1706
f 1046/930/1707 998/879/1707 1013/895/1707
f 998/879/1708 1022/902/1708 950/829/1708
f 1031/913/1709 1047/931/1709 976/861/1709
f 1047/931/1710 961/843/1710 976/861/1710
f 961/843/1711 1048/914/1711 977/862/1711
f 1049/932/1712 1015/897/1712 978/873/1712
f 1000/904/1713 1050/933/1713 1001/881/1713
f 1002/882/1714 1023/905/1714 980/863/1714
f 1002/882/1715 1051/934/1715 1023/905/1715
f 1052/935/1716 1024/883/1716 1023/905/1716
f 1024/883/1717 1053/936/1717 1016/898/1717
f 1053/936/1718 1054/937/1718 1016/898/1718
f 1054/937/1719 1017/884/1719 1016/898/1719
f 1055/938/1720 967/850/1720 966/849/1720
f 1039/921/1721 957/835/1721 956/834/1721
f 1026/908/1722 993/886/1722 909/786/1722
f 1005/887/1723 1027/909/1723 1028/910/1723
f 1056/939/1724 995/867/1724 1019/889/1724
f 1040/922/1725 1041/923/1725 987/868/1725
f 1067/924/1726 1057/940/1726 1008/891/1726
f 996/877/1727 1058/941/1727 989/871/1727
f 1058/941/1728 1009/878/1728 989/871/1728
f 1058/941/1729 1044/928/1729 1009/878/1729
f 1044/928/1730 1011/893/1730 1010/892/1730
f 1044/928/1731 1045/929/1731 1011/893/1731
f 1059/942/1732 1012/894/1732 1045/929/1732
f 1059/942/1733 1021/901/1733 1012/894/1733
f 1060/943/1734 1013/895/1734 1021/901/1734
f 998/879/1735 1046/930/1735 1022/902/1735
f 1022/902/1736 1014/896/1736 951/842/1736
f 1022/902/1737 1061/944/1737 1014/896/1737
f 1030/912/1738 31/945/1738 29/859/1738
f 1047/931/1739 1048/914/1739 961/843/1739
f 1062/946/1740 962/844/1740 1048/914/1740
f 1062/946/1741 1032/947/1741 962/844/1741
f 1032/947/1742 999/880/1742 962/844/1742
f 1052/935/1743 1023/905/1743 1051/934/1743
f 1052/935/1744 1053/936/1744 1024/883/1744
f 1035/917/1745 1017/884/1745 1054/937/1745
f 1035/917/1746 1063/948/1746 1036/918/1746
f 1037/919/1747 1025/906/1747 1018/899/1747
f 1004/875/1748 1055/938/1748 966/849/1748
f 1055/938/1749 1088/907/1749 967/850/1749
f 1064/949/1750 1006/888/1750 1028/910/1750
f 1065/950/1751 1019/889/1751 1006/888/1751
f 1066/951/1752 1040/922/1752 995/867/1752
f 1068/952/1753 1029/911/1753 1008/891/1753
f 1069/953/1754 972/869/1754 1029/911/1754
f 1069/953/1755 1042/925/1755 972/869/1755
f 1070/954/1756 1021/901/1756 1059/942/1756
f 1070/954/1757 1060/943/1757 1021/901/1757
f 1013/895/1758 1071/955/1758 1046/930/1758
f 1061/944/1759 1030/912/1759 1014/896/1759
f 1032/947/1760 1033/915/1760 999/880/1760
f 1073/956/1761 1000/904/1761 1015/897/1761
f 1050/933/1762 1034/916/1762 1001/881/1762
f 1034/916/1763 1074/957/1763 1002/882/1763
f 1074/957/1764 1051/934/1764 1002/882/1764
f 1052/935/1765 1075/958/1765 1053/936/1765
f 1076/959/1766 1035/917/1766 1054/937/1766
f 1086/960/1767 1038/920/1767 1025/906/1767
f 957/835/1768 1077/961/1768 968/851/1768
f 1026/908/1769 1078/962/1769 993/886/1769
f 1078/962/1770 1027/909/1770 993/886/1770
f 1066/951/1771 995/867/1771 1056/939/1771
f 1067/924/1772 1007/890/1772 1041/923/1772
f 1057/940/1773 1068/952/1773 1008/891/1773
f 1068/952/1774 1069/953/1774 1029/911/1774
f 1091/926/1775 1106/963/1775 1020/900/1775
f 1043/927/1776 1058/941/1776 996/877/1776
f 1044/928/1777 1080/964/1777 1045/929/1777
f 1080/964/1778 1059/942/1778 1045/929/1778
f 1081/965/1779 1070/954/1779 1059/942/1779
f 1082/966/1780 1013/895/1780 1060/943/1780
f 1082/966/1781 1083/967/1781 1013/895/1781
f 1083/967/1782 1071/955/1782 1013/895/1782
f 30/903/1783 1084/968/1783 990/872/1783
f 1096/969/1784 1062/946/1784 1048/914/1784
f 1073/956/1785 1050/933/1785 1000/904/1785
f 1085/970/1786 1052/935/1786 1051/934/1786
f 1053/936/1787 1099/971/1787 1054/937/1787
f 1063/948/1788 1037/919/1788 1036/918/1788
f 1087/972/1789 1004/875/1789 1038/920/1789
f 1087/972/1790 1055/938/1790 1004/875/1790
f 1039/921/1791 1077/961/1791 957/835/1791
f 1077/961/1792 1026/908/1792 968/851/1792
f 1064/949/1793 1065/950/1793 1006/888/1793
f 1065/950/1794 1056/939/1794 1019/889/1794
f 1079/973/1795 1041/923/1795 1040/922/1795
f 1090/974/1796 1057/940/1796 1067/924/1796
f 1092/975/1797 1058/941/1797 1043/927/1797
f 1058/941/1798 1093/976/1798 1044/928/1798
f 1080/964/1799 1081/965/1799 1059/942/1799
f 1094/977/1800 1083/967/1800 1082/966/1800
f 1072/978/1801 1061/944/1801 1022/902/1801
f 1084/968/1802 1031/913/1802 990/872/1802
f 1095/979/1803 1047/931/1803 1031/913/1803
f 1047/931/1804 1096/969/1804 1048/914/1804
f 1033/915/1805 1049/932/1805 978/873/1805
f 1049/932/1806 1073/956/1806 1015/897/1806
f 1097/980/1807 1034/916/1807 1050/933/1807
f 1097/980/1808 1074/957/1808 1034/916/1808
f 1097/980/1809 1098/981/1809 1074/957/1809
f 1098/981/1810 1051/934/1810 1074/957/1810
f 1098/981/1811 1085/970/1811 1051/934/1811
f 1085/970/1812 1075/958/1812 1052/935/1812
f 1100/982/1813 1076/959/1813 1054/937/1813
f 1037/919/1814 1086/960/1814 1025/906/1814
f 1123/983/1815 1077/961/1815 1039/921/1815
f 1077/961/1816 1089/984/1816 1026/908/1816
f 1078/962/1817 1101/985/1817 1027/909/1817
f 1101/985/1818 1028/910/1818 1027/909/1818
f 1102/986/1819 1056/939/1819 1065/950/1819
f 1103/987/1820 1066/951/1820 1056/939/1820
f 1066/951/1821 1104/988/1821 1040/922/1821
f 1105/989/1822 1068/952/1822 1057/940/1822
f 1069/953/1823 1091/926/1823 1042/925/1823
f 1106/963/1824 1043/927/1824 1020/900/1824
f 1093/976/1825 1080/964/1825 1044/928/1825
f 1107/990/1826 1081/965/1826 1080/964/1826
f 1081/965/1827 1108/991/1827 1070/954/1827
f 1108/991/1828 1060/943/1828 1070/954/1828
f 1108/991/1829 1082/966/1829 1060/943/1829
f 1083/967/1830 1141/992/1830 1071/955/1830
f 1109/993/1831 1061/944/1831 1072/978/1831
f 1061/944/1832 1110/994/1832 1030/912/1832
f 1110/994/1833 1111/995/1833 1030/912/1833
f 1111/995/1834 31/945/1834 1030/912/1834
f 32/996/1835 1084/968/1835 30/903/1835
f 1084/968/1836 1127/997/1836 1031/913/1836
f 1127/997/1837 1095/979/1837 1031/913/1837
f 1062/946/1838 1130/998/1838 1032/947/1838
f 1112/999/1839 1033/915/1839 1032/947/1839
f 1112/999/1840 1049/932/1840 1033/915/1840
f 1099/971/1841 1100/982/1841 1054/937/1841
f 1088/907/1842 1122/1000/1842 1039/921/1842
f 1114/1001/1843 1028/910/1843 1101/985/1843
f 1114/1001/1844 1064/949/1844 1028/910/1844
f 1064/949/1845 1102/986/1845 1065/950/1845
f 1104/988/1846 1079/973/1846 1040/922/1846
f 1116/1002/1847 1041/923/1847 1079/973/1847
f 1116/1002/1848 1067/924/1848 1041/923/1848
f 1116/1002/1849 1090/974/1849 1067/924/1849
f 1125/1003/1850 1091/926/1850 1069/953/1850
f 1117/1004/1851 1108/991/1851 1081/965/1851
f 1108/991/1852 1094/977/1852 1082/966/1852
f 1046/930/1853 1072/978/1853 1022/902/1853
f 1110/994/1854 1061/944/1854 1109/993/1854
f 1095/979/1855 1096/969/1855 1047/931/1855
f 1049/932/1856 1113/1005/1856 1073/956/1856
f 1113/1005/1857 1050/933/1857 1073/956/1857
f 1118/1006/1858 1097/980/1858 1050/933/1858
f 1098/981/1859 1119/1007/1859 1085/970/1859
f 1085/970/1860 1119/1007/1860 1075/958/1860
f 1075/958/1861 1099/971/1861 1053/936/1861
f 1075/958/1862 1120/1008/1862 1099/971/1862
f 1120/1008/1863 1100/982/1863 1099/971/1863
f 1076/959/1864 1063/948/1864 1035/917/1864
f 1121/1009/1865 1037/919/1865 1063/948/1865
f 1121/1009/1866 1086/960/1866 1037/919/1866
f 1131/1010/1867 1038/920/1867 1086/960/1867
f 1122/1000/1868 1088/907/1868 1055/938/1868
f 1089/984/1869 1078/962/1869 1026/908/1869
f 1114/1001/1870 1115/1011/1870 1064/949/1870
f 1115/1011/1871 1102/986/1871 1064/949/1871
f 1102/986/1872 1103/987/1872 1056/939/1872
f 1103/987/1873 1124/1012/1873 1066/951/1873
f 1125/1003/1874 1069/953/1874 1068/952/1874
f 1043/927/1875 1126/1013/1875 1092/975/1875
f 1139/1014/1876 1093/976/1876 1058/941/1876
f 1107/990/1877 1117/1004/1877 1081/965/1877
f 1094/977/1878 1141/992/1878 1083/967/1878
f 1071/955/1879 1142/1015/1879 1046/930/1879
f 1046/930/1880 1142/1015/1880 1072/978/1880
f 32/996/1881 1127/997/1881 1084/968/1881
f 1145/1016/1882 1112/999/1882 1032/947/1882
f 1113/1005/1883 1118/1006/1883 1050/933/1883
f 1131/1010/1884 1132/1017/1884 1038/920/1884
f 1132/1017/1885 1087/972/1885 1038/920/1885
f 1152/1018/1886 1122/1000/1886 1055/938/1886
f 1122/1000/1887 1123/983/1887 1039/921/1887
f 1133/1019/1888 1077/961/1888 1123/983/1888
f 1115/1011/1889 1134/1020/1889 1102/986/1889
f 1134/1020/1890 1103/987/1890 1102/986/1890
f 1124/1012/1891 1104/988/1891 1066/951/1891
f 1135/1021/1892 1090/974/1892 1116/1002/1892
f 1090/974/1893 1135/1021/1893 1057/940/1893
f 1105/989/1894 1136/1022/1894 1068/952/1894
f 1136/1022/1895 1125/1003/1895 1068/952/1895
f 1137/1023/1896 1106/963/1896 1091/926/1896
f 1138/1024/1897 1043/927/1897 1106/963/1897
f 1138/1024/1898 1126/1013/1898 1043/927/1898
f 1139/1014/1899 1058/941/1899 1092/975/1899
f 1140/1025/1900 1093/976/1900 1139/1014/1900
f 1117/1004/1901 1141/992/1901 1108/991/1901
f 1141/992/1902 1094/977/1902 1108/991/1902
f 1111/995/1903 33/1026/1903 31/945/1903
f 1128/1027/1904 1095/979/1904 1127/997/1904
f 1128/1027/1905 1143/1028/1905 1095/979/1905
f 1143/1028/1906 1096/969/1906 1095/979/1906
f 1129/1029/1907 1062/946/1907 1096/969/1907
f 1129/1029/1908 1144/1030/1908 1062/946/1908
f 1144/1030/1909 1130/998/1909 1062/946/1909
f 1145/1016/1910 1032/947/1910 1130/998/1910
f 1146/1031/1911 1049/932/1911 1112/999/1911
f 1146/1031/1912 1113/1005/1912 1049/932/1912
f 1118/1006/1913 1147/1032/1913 1097/980/1913
f 1147/1032/1914 1098/981/1914 1097/980/1914
f 1148/1033/1915 1075/958/1915 1119/1007/1915
f 1148/1033/1916 1120/1008/1916 1075/958/1916
f 1148/1033/1917 1149/1034/1917 1120/1008/1917
f 1149/1034/1918 1100/982/1918 1120/1008/1918
f 1150/1035/1919 1063/948/1919 1076/959/1919
f 1121/1009/1920 1131/1010/1920 1086/960/1920
f 1151/1036/1921 1055/938/1921 1087/972/1921
f 1151/1036/1922 1152/1018/1922 1055/938/1922
f 1133/1019/1923 1089/984/1923 1077/961/1923
f 1089/984/1924 1153/1037/1924 1078/962/1924
f 1153/1037/1925 1154/1038/1925 1078/962/1925
f 1154/1038/1926 1101/985/1926 1078/962/1926
f 1155/1039/1927 1103/987/1927 1134/1020/1927
f 1155/1039/1928 1124/1012/1928 1103/987/1928
f 1116/1002/1929 1156/1040/1929 1135/1021/1929
f 1105/989/1930 1057/940/1930 1135/1021/1930
f 1125/1003/1931 1137/1023/1931 1091/926/1931
f 1126/1013/1932 1139/1014/1932 1092/975/1932
f 1158/1041/1933 1107/990/1933 1080/964/1933
f 1159/1042/1934 1117/1004/1934 1107/990/1934
f 1117/1004/1935 1160/1043/1935 1141/992/1935
f 1161/1044/1936 1162/1045/1936 1141/992/1936
f 1162/1045/1937 1071/955/1937 1141/992/1937
f 1162/1045/1938 1142/1015/1938 1071/955/1938
f 1143/1028/1939 1129/1029/1939 1096/969/1939
f 1144/1030/1940 1163/1046/1940 1130/998/1940
f 1163/1046/1941 1145/1016/1941 1130/998/1941
f 1164/1047/1942 1112/999/1942 1145/1016/1942
f 1164/1047/1943 1146/1031/1943 1112/999/1943
f 1113/1005/1944 1165/1048/1944 1118/1006/1944
f 1165/1048/1945 1147/1032/1945 1118/1006/1945
f 1147/1032/1946 1166/1049/1946 1098/981/1946
f 1166/1049/1947 1119/1007/1947 1098/981/1947
f 1167/1050/1948 1076/959/1948 1100/982/1948
f 1167/1050/1949 1150/1035/1949 1076/959/1949
f 1150/1035/1950 1168/1051/1950 1063/948/1950
f 1168/1051/1951 1121/1009/1951 1063/948/1951
f 1132/1017/1952 1151/1036/1952 1087/972/1952
f 1122/1000/1953 1170/1052/1953 1123/983/1953
f 1170/1052/1954 1133/1019/1954 1123/983/1954
f 1133/1019/1955 1171/1053/1955 1089/984/1955
f 1171/1053/1956 1153/1037/1956 1089/984/1956
f 1154/1038/1957 1114/1001/1957 1101/985/1957
f 1172/1054/1958 1115/1011/1958 1114/1001/1958
f 1124/1012/1959 1173/1055/1959 1104/988/1959
f 1173/1055/1960 1079/973/1960 1104/988/1960
f 1135/1021/1961 1174/1056/1961 1105/989/1961
f 1137/1023/1962 1157/1057/1962 1106/963/1962
f 1157/1057/1963 1138/1024/1963 1106/963/1963
f 1175/1058/1964 1093/976/1964 1140/1025/1964
f 1175/1058/1965 1080/964/1965 1093/976/1965
f 1159/1042/1966 1176/1059/1966 1117/1004/1966
f 1160/1043/1967 1161/1044/1967 1141/992/1967
f 1177/1060/1968 1142/1015/1968 1162/1045/1968
f 34/1061/1969 1127/997/1969 32/996/1969
f 1187/1062/1970 1163/1046/1970 1144/1030/1970
f 1165/1048/1971 1178/1063/1971 1147/1032/1971
f 1149/1034/1972 1167/1050/1972 1100/982/1972
f 1179/1064/1973 1132/1017/1973 1131/1010/1973
f 1152/1018/1974 1169/1065/1974 1122/1000/1974
f 1180/1066/1975 1115/1011/1975 1172/1054/1975
f 1173/1055/1976 1116/1002/1976 1079/973/1976
f 1174/1056/1977 1136/1022/1977 1105/989/1977
f 1138/1024/1978 1181/1067/1978 1126/1013/1978
f 1139/1014/1979 1182/1068/1979 1140/1025/1979
f 1175/1058/1980 1158/1041/1980 1080/964/1980
f 1159/1042/1981 1107/990/1981 1158/1041/1981
f 1176/1059/1982 1160/1043/1982 1117/1004/1982
f 1161/1044/1983 1177/1060/1983 1162/1045/1983
f 1183/1069/1984 1110/994/1984 1109/993/1984
f 1184/1070/1985 1111/995/1985 1110/994/1985
f 1185/1071/1986 33/1026/1986 1111/995/1986
f 35/1072/1987 33/1026/1987 1185/1071/1987
f 34/1061/1988 36/1073/1988 1127/997/1988
f 1128/1027/1989 1200/1074/1989 1143/1028/1989
f 1188/1075/1990 1146/1031/1990 1164/1047/1990
f 1189/1076/1991 1113/1005/1991 1146/1031/1991
f 1189/1076/1992 1165/1048/1992 1113/1005/1992
f 1178/1063/1993 1166/1049/1993 1147/1032/1993
f 1190/1077/1994 1131/1010/1994 1121/1009/1994
f 1179/1064/1995 1151/1036/1995 1132/1017/1995
f 1170/1052/1996 1122/1000/1996 1169/1065/1996
f 1191/1078/1997 1114/1001/1997 1154/1038/1997
f 1180/1066/1998 1134/1020/1998 1115/1011/1998
f 1180/1066/1999 1155/1039/1999 1134/1020/1999
f 1192/1079/2000 1173/1055/2000 1124/1012/2000
f 1193/1080/2001 1156/1040/2001 1116/1002/2001
f 1194/1081/2002 1125/1003/2002 1136/1022/2002
f 1212/1082/2003 1138/1024/2003 1157/1057/2003
f 1181/1067/2004 1139/1014/2004 1126/1013/2004
f 1195/1083/2005 1176/1059/2005 1159/1042/2005
f 1160/1043/2006 1196/1084/2006 1161/1044/2006
f 1196/1084/2007 1197/1085/2007 1161/1044/2007
f 1197/1085/2008 1177/1060/2008 1161/1044/2008
f 1198/1086/2009 1142/1015/2009 1177/1060/2009
f 1142/1015/2010 1199/1087/2010 1072/978/2010
f 1199/1087/2011 1109/993/2011 1072/978/2011
f 1199/1087/2012 1183/1069/2012 1109/993/2012
f 1183/1069/2013 1184/1070/2013 1110/994/2013
f 1185/1071/2014 1111/995/2014 1184/1070/2014
f 36/1073/2015 1186/1088/2015 1127/997/2015
f 1186/1088/2016 1128/1027/2016 1127/997/2016
f 1186/1088/2017 1200/1074/2017 1128/1027/2017
f 1187/1062/2018 1144/1030/2018 1129/1029/2018
f 1145/1016/2019 1163/1046/2019 1164/1047/2019
f 1188/1075/2020 1229/1089/2020 1146/1031/2020
f 1229/1089/2021 1189/1076/2021 1146/1031/2021
f 1166/1049/2022 1201/1090/2022 1119/1007/2022
f 1201/1090/2023 1148/1033/2023 1119/1007/2023
f 1202/1091/2024 1167/1050/2024 1149/1034/2024
f 1203/1092/2025 1150/1035/2025 1167/1050/2025
f 1254/1093/2026 1179/1064/2026 1131/1010/2026
f 1171/1053/2027 1206/1094/2027 1153/1037/2027
f 1206/1094/2028 1154/1038/2028 1153/1037/2028
f 1207/1095/2029 1180/1066/2029 1172/1054/2029
f 1207/1095/2030 1208/1096/2030 1180/1066/2030
f 1209/1097/2031 1124/1012/2031 1155/1039/2031
f 1173/1055/2032 1193/1080/2032 1116/1002/2032
f 1156/1040/2033 1174/1056/2033 1135/1021/2033
f 1194/1081/2034 1137/1023/2034 1125/1003/2034
f 1194/1081/2035 1211/1098/2035 1137/1023/2035
f 1212/1082/2036 1157/1057/2036 1137/1023/2036
f 1235/1099/2037 1138/1024/2037 1212/1082/2037
f 1182/1068/2038 1139/1014/2038 1181/1067/2038
f 1182/1068/2039 1175/1058/2039 1140/1025/2039
f 1195/1083/2040 1159/1042/2040 1158/1041/2040
f 1197/1085/2041 1214/1100/2041 1177/1060/2041
f 1214/1100/2042 1198/1086/2042 1177/1060/2042
f 1215/1101/2043 1142/1015/2043 1198/1086/2043
f 1216/1102/2044 1129/1029/2044 1143/1028/2044
f 1216/1102/2045 1187/1062/2045 1129/1029/2045
f 1189/1076/2046 1217/1103/2046 1165/1048/2046
f 1217/1103/2047 1218/1104/2047 1165/1048/2047
f 1230/1105/2048 1166/1049/2048 1178/1063/2048
f 1190/1077/2049 1254/1093/2049 1131/1010/2049
f 1204/1106/2050 1152/1018/2050 1151/1036/2050
f 1204/1106/2051 1169/1065/2051 1152/1018/2051
f 1219/1107/2052 1170/1052/2052 1169/1065/2052
f 1170/1052/2053 1205/1108/2053 1133/1019/2053
f 1221/1109/2054 1172/1054/2054 1114/1001/2054
f 1180/1066/2055 1209/1097/2055 1155/1039/2055
f 1209/1097/2056 1192/1079/2056 1124/1012/2056
f 1222/1110/2057 1174/1056/2057 1156/1040/2057
f 1222/1110/2058 1136/1022/2058 1174/1056/2058
f 1222/1110/2059 1210/1111/2059 1136/1022/2059
f 1210/1111/2060 1194/1081/2060 1136/1022/2060
f 1211/1098/2061 1223/1112/2061 1137/1023/2061
f 1224/1113/2062 1158/1041/2062 1175/1058/2062
f 1224/1113/2063 1195/1083/2063 1158/1041/2063
f 1195/1083/2064 1213/1114/2064 1176/1059/2064
f 1176/1059/2065 1225/1115/2065 1160/1043/2065
f 1225/1115/2066 1226/1116/2066 1160/1043/2066
f 1226/1116/2067 1196/1084/2067 1160/1043/2067
f 1196/1084/2068 1214/1100/2068 1197/1085/2068
f 1215/1101/2069 1199/1087/2069 1142/1015/2069
f 1228/1117/2070 1163/1046/2070 1187/1062/2070
f 1240/1118/2071 1188/1075/2071 1164/1047/2071
f 1240/1118/2072 1229/1089/2072 1188/1075/2072
f 1229/1089/2073 1217/1103/2073 1189/1076/2073
f 1218/1104/2074 1230/1105/2074 1165/1048/2074
f 1230/1105/2075 1178/1063/2075 1165/1048/2075
f 1230/1105/2076 1201/1090/2076 1166/1049/2076
f 1148/1033/2077 1241/1119/2077 1149/1034/2077
f 1241/1119/2078 1202/1091/2078 1149/1034/2078
f 1202/1091/2079 1203/1092/2079 1167/1050/2079
f 1168/1051/2080 1253/1120/2080 1121/1009/2080
f 1253/1120/2081 1190/1077/2081 1121/1009/2081
f 1284/1121/2082 1151/1036/2082 1179/1064/2082
f 1219/1107/2083 1220/1122/2083 1170/1052/2083
f 1205/1108/2084 1171/1053/2084 1133/1019/2084
f 1206/1094/2085 1191/1078/2085 1154/1038/2085
f 1191/1078/2086 1221/1109/2086 1114/1001/2086
f 1208/1096/2087 1231/1123/2087 1180/1066/2087
f 1231/1123/2088 1209/1097/2088 1180/1066/2088
f 1231/1123/2089 1232/1124/2089 1209/1097/2089
f 1233/1125/2090 1173/1055/2090 1192/1079/2090
f 1233/1125/2091 1193/1080/2091 1173/1055/2091
f 1233/1125/2092 1234/1126/2092 1193/1080/2092
f 1223/1112/2093 1212/1082/2093 1137/1023/2093
f 1235/1099/2094 1181/1067/2094 1138/1024/2094
f 1181/1067/2095 1246/1127/2095 1182/1068/2095
f 1175/1058/2096 1236/1128/2096 1224/1113/2096
f 1237/1129/2097 1213/1114/2097 1195/1083/2097
f 1213/1114/2098 1225/1115/2098 1176/1059/2098
f 1238/1130/2099 1214/1100/2099 1196/1084/2099
f 1238/1130/2100 1198/1086/2100 1214/1100/2100
f 1215/1101/2101 1239/1131/2101 1199/1087/2101
f 1199/1087/2102 1227/1132/2102 1183/1069/2102
f 37/1133/2103 35/1072/2103 1185/1071/2103
f 1216/1102/2104 1228/1117/2104 1187/1062/2104
f 1240/1118/2105 1164/1047/2105 1163/1046/2105
f 1201/1090/2106 1241/1119/2106 1148/1033/2106
f 1242/1134/2107 1219/1107/2107 1169/1065/2107
f 1220/1122/2108 1205/1108/2108 1170/1052/2108
f 1206/1094/2109 1243/1135/2109 1191/1078/2109
f 1221/1109/2110 1207/1095/2110 1172/1054/2110
f 1209/1097/2111 1233/1125/2111 1192/1079/2111
f 1244/1136/2112 1156/1040/2112 1193/1080/2112
f 1244/1136/2113 1222/1110/2113 1156/1040/2113
f 1222/1110/2114 1245/1137/2114 1210/1111/2114
f 1223/1112/2115 1235/1099/2115 1212/1082/2115
f 1274/1138/2116 1181/1067/2116 1235/1099/2116
f 1182/1068/2117 1256/1139/2117 1175/1058/2117
f 1256/1139/2118 1236/1128/2118 1175/1058/2118
f 1247/1140/2119 1213/1114/2119 1237/1129/2119
f 1247/1140/2120 1225/1115/2120 1213/1114/2120
f 1196/1084/2121 1248/1141/2121 1238/1130/2121
f 1198/1086/2122 1249/1142/2122 1215/1101/2122
f 1259/1143/2123 1184/1070/2123 1183/1069/2123
f 1216/1102/2124 1143/1028/2124 1200/1074/2124
f 1251/1144/2125 1217/1103/2125 1229/1089/2125
f 1252/1145/2126 1230/1105/2126 1218/1104/2126
f 1253/1120/2127 1168/1051/2127 1150/1035/2127
f 1204/1106/2128 1242/1134/2128 1169/1065/2128
f 1205/1108/2129 1268/1146/2129 1171/1053/2129
f 1268/1146/2130 1206/1094/2130 1171/1053/2130
f 1270/1147/2131 1208/1096/2131 1207/1095/2131
f 1232/1124/2132 1233/1125/2132 1209/1097/2132
f 1234/1126/2133 1244/1136/2133 1193/1080/2133
f 1255/1148/2134 1222/1110/2134 1244/1136/2134
f 1245/1137/2135 1194/1081/2135 1210/1111/2135
f 1223/1112/2136 1274/1138/2136 1235/1099/2136
f 1274/1138/2137 1246/1127/2137 1181/1067/2137
f 1226/1116/2138 1248/1141/2138 1196/1084/2138
f 1248/1141/2139 1257/1149/2139 1238/1130/2139
f 1238/1130/2140 1258/1150/2140 1198/1086/2140
f 1258/1150/2141 1249/1142/2141 1198/1086/2141
f 1249/1142/2142 1278/1151/2142 1215/1101/2142
f 1278/1151/2143 1239/1131/2143 1215/1101/2143
f 1239/1131/2144 1227/1132/2144 1199/1087/2144
f 1227/1132/2145 1259/1143/2145 1183/1069/2145
f 1259/1143/2146 1185/1071/2146 1184/1070/2146
f 1185/1071/2147 1279/1152/2147 37/1133/2147
f 36/1073/2148 1260/1153/2148 1186/1088/2148
f 1260/1153/2149 1200/1074/2149 1186/1088/2149
f 1281/1154/2150 1163/1046/2150 1228/1117/2150
f 1261/1155/2151 1240/1118/2151 1163/1046/2151
f 1261/1155/2152 1262/1156/2152 1240/1118/2152
f 1252/1145/2153 1201/1090/2153 1230/1105/2153
f 1263/1157/2154 1241/1119/2154 1201/1090/2154
f 1241/1119/2155 1264/1158/2155 1202/1091/2155
f 1264/1158/2156 1203/1092/2156 1202/1091/2156
f 1203/1092/2157 1253/1120/2157 1150/1035/2157
f 1266/1159/2158 1179/1064/2158 1254/1093/2158
f 1267/1160/2159 1204/1106/2159 1151/1036/2159
f 1243/1135/2160 1269/1161/2160 1191/1078/2160
f 1269/1161/2161 1221/1109/2161 1191/1078/2161
f 1208/1096/2162 1271/1162/2162 1231/1123/2162
f 1271/1162/2163 1232/1124/2163 1231/1123/2163
f 1272/1163/2164 1234/1126/2164 1233/1125/2164
f 1273/1164/2165 1244/1136/2165 1234/1126/2165
f 1246/1127/2166 1256/1139/2166 1182/1068/2166
f 1275/1165/2167 1195/1083/2167 1224/1113/2167
f 1275/1165/2168 1237/1129/2168 1195/1083/2168
f 1225/1115/2169 1247/1140/2169 1237/1129/2169
f 1276/1166/2170 1226/1116/2170 1225/1115/2170
f 1277/1167/2171 1248/1141/2171 1226/1116/2171
f 1257/1149/2172 1258/1150/2172 1238/1130/2172
f 1279/1152/2173 1185/1071/2173 1259/1143/2173
f 38/1168/2174 1260/1153/2174 36/1073/2174
f 1200/1074/2175 1280/1169/2175 1216/1102/2175
f 1280/1169/2176 1250/1170/2176 1216/1102/2176
f 1250/1170/2177 1228/1117/2177 1216/1102/2177
f 1281/1154/2178 1261/1155/2178 1163/1046/2178
f 1262/1156/2179 1229/1089/2179 1240/1118/2179
f 1282/1171/2180 1217/1103/2180 1251/1144/2180
f 1217/1103/2181 1283/1172/2181 1218/1104/2181
f 1266/1159/2182 1284/1121/2182 1179/1064/2182
f 1284/1121/2183 1267/1160/2183 1151/1036/2183
f 1267/1160/2184 1297/1173/2184 1204/1106/2184
f 1297/1173/2185 1242/1134/2185 1204/1106/2185
f 1242/1134/2186 1285/1174/2186 1219/1107/2186
f 1285/1174/2187 1220/1122/2187 1219/1107/2187
f 1286/1175/2188 1205/1108/2188 1220/1122/2188
f 1286/1175/2189 1268/1146/2189 1205/1108/2189
f 1268/1146/2190 1243/1135/2190 1206/1094/2190
f 1270/1147/2191 1207/1095/2191 1221/1109/2191
f 1287/1176/2192 1233/1125/2192 1232/1124/2192
f 1287/1176/2193 1272/1163/2193 1233/1125/2193
f 1272/1163/2194 1288/1177/2194 1234/1126/2194
f 1288/1177/2195 1273/1164/2195 1234/1126/2195
f 1289/1178/2196 1274/1138/2196 1223/1112/2196
f 1274/1138/2197 1291/1179/2197 1246/1127/2197
f 1306/1180/2198 1275/1165/2198 1236/1128/2198
f 1275/1165/2199 1224/1113/2199 1236/1128/2199
f 1275/1165/2200 1225/1115/2200 1237/1129/2200
f 1276/1166/2201 1277/1167/2201 1226/1116/2201
f 1258/1150/2202 1292/1181/2202 1249/1142/2202
f 1292/1181/2203 1278/1151/2203 1249/1142/2203
f 1260/1153/2204 1280/1169/2204 1200/1074/2204
f 1250/1170/2205 1293/1182/2205 1228/1117/2205
f 1262/1156/2206 1294/1183/2206 1229/1089/2206
f 1294/1183/2207 1251/1144/2207 1229/1089/2207
f 1282/1171/2208 1283/1172/2208 1217/1103/2208
f 1218/1104/2209 1295/1184/2209 1252/1145/2209
f 1296/1185/2210 1201/1090/2210 1252/1145/2210
f 1296/1185/2211 1263/1157/2211 1201/1090/2211
f 1264/1158/2212 1265/1186/2212 1203/1092/2212
f 1253/1120/2213 1203/1092/2213 1265/1186/2213
f 1297/1173/2214 1285/1174/2214 1242/1134/2214
f 1328/1187/2215 1286/1175/2215 1220/1122/2215
f 1298/1188/2216 1269/1161/2216 1243/1135/2216
f 1269/1161/2217 1270/1147/2217 1221/1109/2217
f 1299/1189/2218 1271/1162/2218 1208/1096/2218
f 1271/1162/2219 1300/1190/2219 1232/1124/2219
f 1300/1190/2220 1287/1176/2220 1232/1124/2220
f 1273/1164/2221 1301/1191/2221 1244/1136/2221
f 1301/1191/2222 1255/1148/2222 1244/1136/2222
f 1255/1148/2223 1245/1137/2223 1222/1110/2223
f 1255/1148/2224 1302/1192/2224 1245/1137/2224
f 1245/1137/2225 1303/1193/2225 1194/1081/2225
f 1303/1193/2226 1211/1098/2226 1194/1081/2226
f 1211/1098/2227 1289/1178/2227 1223/1112/2227
f 1291/1179/2228 1256/1139/2228 1246/1127/2228
f 1291/1179/2229 1305/1194/2229 1256/1139/2229
f 1306/1180/2230 1236/1128/2230 1256/1139/2230
f 1307/1195/2231 1225/1115/2231 1275/1165/2231
f 1307/1195/2232 1276/1166/2232 1225/1115/2232
f 1308/1196/2233 1257/1149/2233 1248/1141/2233
f 1257/1149/2234 1309/1197/2234 1258/1150/2234
f 1309/1197/2235 1292/1181/2235 1258/1150/2235
f 1310/1198/2236 1278/1151/2236 1292/1181/2236
f 1259/1143/2237 1311/1199/2237 1279/1152/2237
f 39/1200/2238 37/1133/2238 1279/1152/2238
f 1293/1182/2239 1281/1154/2239 1228/1117/2239
f 1261/1155/2240 1312/1201/2240 1262/1156/2240
f 1283/1172/2241 1295/1184/2241 1218/1104/2241
f 1313/1202/2242 1241/1119/2242 1263/1157/2242
f 1314/1203/2243 1264/1158/2243 1241/1119/2243
f 1265/1186/2244 1315/1204/2244 1253/1120/2244
f 1324/1205/2245 1190/1077/2245 1253/1120/2245
f 1190/1077/2246 1266/1159/2246 1254/1093/2246
f 1316/1206/2247 1243/1135/2247 1268/1146/2247
f 1299/1189/2248 1208/1096/2248 1270/1147/2248
f 1330/1207/2249 1300/1190/2249 1271/1162/2249
f 1288/1177/2250 1332/1208/2250 1273/1164/2250
f 1302/1192/2251 1303/1193/2251 1245/1137/2251
f 1303/1193/2252 1304/1209/2252 1211/1098/2252
f 1304/1209/2253 1289/1178/2253 1211/1098/2253
f 1290/1210/2254 1291/1179/2254 1274/1138/2254
f 1277/1167/2255 1308/1196/2255 1248/1141/2255
f 1309/1197/2256 1310/1198/2256 1292/1181/2256
f 1239/1131/2257 1318/1211/2257 1227/1132/2257
f 1318/1211/2258 1259/1143/2258 1227/1132/2258
f 1260/1153/2259 1377/1212/2259 1280/1169/2259
f 1293/1182/2260 1319/1213/2260 1281/1154/2260
f 1319/1213/2261 1261/1155/2261 1281/1154/2261
f 1320/1214/2262 1294/1183/2262 1262/1156/2262
f 1294/1183/2263 1321/1215/2263 1251/1144/2263
f 1321/1215/2264 1282/1171/2264 1251/1144/2264
f 1321/1215/2265 1283/1172/2265 1282/1171/2265
f 1296/1185/2266 1313/1202/2266 1263/1157/2266
f 1313/1202/2267 1314/1203/2267 1241/1119/2267
f 1322/1216/2268 1265/1186/2268 1264/1158/2268
f 1315/1204/2269 1323/1217/2269 1253/1120/2269
f 1323/1217/2270 1324/1205/2270 1253/1120/2270
f 1325/1218/2271 1266/1159/2271 1190/1077/2271
f 1326/1219/2272 1327/1220/2272 1297/1173/2272
f 1327/1220/2273 1285/1174/2273 1297/1173/2273
f 1285/1174/2274 1328/1187/2274 1220/1122/2274
f 1286/1175/2275 1329/1221/2275 1268/1146/2275
f 1329/1221/2276 1316/1206/2276 1268/1146/2276
f 1316/1206/2277 1298/1188/2277 1243/1135/2277
f 1330/1207/2278 1271/1162/2278 1299/1189/2278
f 1300/1190/2279 1331/1222/2279 1287/1176/2279
f 1331/1222/2280 1272/1163/2280 1287/1176/2280
f 1331/1222/2281 1288/1177/2281 1272/1163/2281
f 1289/1178/2282 1290/1210/2282 1274/1138/2282
f 1305/1194/2283 1306/1180/2283 1256/1139/2283
f 1307/1195/2284 1317/1223/2284 1276/1166/2284
f 1317/1223/2285 1277/1167/2285 1276/1166/2285
f 1342/1224/2286 1308/1196/2286 1277/1167/2286
f 1257/1149/2287 1308/1196/2287 1309/1197/2287
f 1308/1196/2288 1334/1225/2288 1309/1197/2288
f 1334/1225/2289 1310/1198/2289 1309/1197/2289
f 1310/1198/2290 1335/1226/2290 1278/1151/2290
f 1335/1226/2291 1239/1131/2291 1278/1151/2291
f 1335/1226/2292 1336/1227/2292 1239/1131/2292
f 1318/1211/2293 1311/1199/2293 1259/1143/2293
f 1311/1199/2294 40/1228/2294 1279/1152/2294
f 40/1228/2295 39/1200/2295 1279/1152/2295
f 1312/1201/2296 1320/1214/2296 1262/1156/2296
f 1296/1185/2297 1252/1145/2297 1295/1184/2297
f 1338/1229/2298 1313/1202/2298 1296/1185/2298
f 1322/1216/2299 1315/1204/2299 1265/1186/2299
f 1324/1205/2300 1325/1218/2300 1190/1077/2300
f 1266/1159/2301 1347/1230/2301 1284/1121/2301
f 1267/1160/2302 1326/1219/2302 1297/1173/2302
f 1298/1188/2303 1270/1147/2303 1269/1161/2303
f 1290/1210/2304 1339/1231/2304 1291/1179/2304
f 1340/1232/2305 1305/1194/2305 1291/1179/2305
f 1341/1233/2306 1306/1180/2306 1305/1194/2306
f 1306/1180/2307 1307/1195/2307 1275/1165/2307
f 1317/1223/2308 1342/1224/2308 1277/1167/2308
f 1334/1225/2309 1335/1226/2309 1310/1198/2309
f 1336/1227/2310 1337/1234/2310 1239/1131/2310
f 1343/1235/2311 1260/1153/2311 38/1168/2311
f 1343/1235/2312 1377/1212/2312 1260/1153/2312
f 1344/1236/2313 1250/1170/2313 1280/1169/2313
f 1345/1237/2314 1295/1184/2314 1283/1172/2314
f 1314/1203/2315 1346/1238/2315 1264/1158/2315
f 1346/1238/2316 1322/1216/2316 1264/1158/2316
f 1348/1239/2317 1267/1160/2317 1284/1121/2317
f 1348/1239/2318 1349/1240/2318 1267/1160/2318
f 1327/1220/2319 1350/1241/2319 1285/1174/2319
f 1350/1241/2320 1328/1187/2320 1285/1174/2320
f 1350/1241/2321 1286/1175/2321 1328/1187/2321
f 1351/1242/2322 1329/1221/2322 1286/1175/2322
f 1352/1243/2323 1299/1189/2323 1270/1147/2323
f 1353/1244/2324 1330/1207/2324 1299/1189/2324
f 1300/1190/2325 1354/1245/2325 1331/1222/2325
f 1332/1208/2326 1301/1191/2326 1273/1164/2326
f 1333/1246/2327 1303/1193/2327 1302/1192/2327
f 1303/1193/2328 1355/1247/2328 1304/1209/2328
f 1356/1248/2329 1290/1210/2329 1289/1178/2329
f 1357/1249/2330 1341/1233/2330 1305/1194/2330
f 1388/1250/2331 1307/1195/2331 1306/1180/2331
f 1358/1251/2332 1342/1224/2332 1317/1223/2332
f 1335/1226/2333 1359/1252/2333 1336/1227/2333
f 1359/1252/2334 1337/1234/2334 1336/1227/2334
f 1337/1234/2335 1318/1211/2335 1239/1131/2335
f 1344/1236/2336 1378/1253/2336 1250/1170/2336
f 1378/1253/2337 1293/1182/2337 1250/1170/2337
f 1319/1213/2338 1312/1201/2338 1261/1155/2338
f 1360/1254/2339 1321/1215/2339 1294/1183/2339
f 1321/1215/2340 1345/1237/2340 1283/1172/2340
f 1295/1184/2341 1361/1255/2341 1296/1185/2341
f 1361/1255/2342 1338/1229/2342 1296/1185/2342
f 1338/1229/2343 1362/1256/2343 1313/1202/2343
f 1362/1256/2344 1363/1257/2344 1313/1202/2344
f 1363/1257/2345 1314/1203/2345 1313/1202/2345
f 1364/1258/2346 1315/1204/2346 1322/1216/2346
f 1380/1259/2347 1347/1230/2347 1266/1159/2347
f 1347/1230/2348 1348/1239/2348 1284/1121/2348
f 1349/1240/2349 1326/1219/2349 1267/1160/2349
f 1350/1241/2350 1351/1242/2350 1286/1175/2350
f 1365/1260/2351 1298/1188/2351 1316/1206/2351
f 1366/1261/2352 1270/1147/2352 1298/1188/2352
f 1352/1243/2353 1353/1244/2353 1299/1189/2353
f 1367/1262/2354 1331/1222/2354 1354/1245/2354
f 1367/1262/2355 1288/1177/2355 1331/1222/2355
f 1367/1262/2356 1332/1208/2356 1288/1177/2356
f 1301/1191/2357 1368/1263/2357 1255/1148/2357
f 1368/1263/2358 1302/1192/2358 1255/1148/2358
f 1368/1263/2359 1333/1246/2359 1302/1192/2359
f 1369/1264/2360 1303/1193/2360 1333/1246/2360
f 1340/1232/2361 1357/1249/2361 1305/1194/2361
f 1370/1265/2362 1306/1180/2362 1341/1233/2362
f 1370/1265/2363 1388/1250/2363 1306/1180/2363
f 1388/1250/2364 1371/1266/2364 1307/1195/2364
f 1371/1266/2365 1372/1267/2365 1307/1195/2365
f 1358/1251/2366 1317/1223/2366 1307/1195/2366
f 1358/1251/2367 1373/1268/2367 1342/1224/2367
f 1374/1269/2368 1335/1226/2368 1334/1225/2368
f 1374/1269/2369 1359/1252/2369 1335/1226/2369
f 1375/1270/2370 1337/1234/2370 1359/1252/2370
f 1376/1271/2371 1311/1199/2371 1318/1211/2371
f 41/1272/2372 1343/1235/2372 38/1168/2372
f 1377/1212/2373 1344/1236/2373 1280/1169/2373
f 1378/1253/2374 1319/1213/2374 1293/1182/2374
f 1360/1254/2375 1345/1237/2375 1321/1215/2375
f 1379/1273/2376 1295/1184/2376 1345/1237/2376
f 1363/1257/2377 1346/1238/2377 1314/1203/2377
f 1346/1238/2378 1364/1258/2378 1322/1216/2378
f 1380/1259/2379 1266/1159/2379 1325/1218/2379
f 1381/1274/2380 1327/1220/2380 1326/1219/2380
f 1382/1275/2381 1329/1221/2381 1351/1242/2381
f 1382/1275/2382 1316/1206/2382 1329/1221/2382
f 1365/1260/2383 1366/1261/2383 1298/1188/2383
f 1366/1261/2384 1352/1243/2384 1270/1147/2384
f 1330/1207/2385 1354/1245/2385 1300/1190/2385
f 1354/1245/2386 1383/1276/2386 1367/1262/2386
f 1384/1277/2387 1301/1191/2387 1332/1208/2387
f 1384/1277/2388 1385/1278/2388 1301/1191/2388
f 1369/1264/2389 1355/1247/2389 1303/1193/2389
f 1355/1247/2390 1386/1279/2390 1304/1209/2390
f 1387/1280/2391 1339/1231/2391 1290/1210/2391
f 1339/1231/2392 1340/1232/2392 1291/1179/2392
f 1372/1267/2393 1358/1251/2393 1307/1195/2393
f 1342/1224/2394 1389/1281/2394 1308/1196/2394
f 1390/1282/2395 1334/1225/2395 1308/1196/2395
f 1390/1282/2396 1374/1269/2396 1334/1225/2396
f 1374/1269/2397 1375/1270/2397 1359/1252/2397
f 1375/1270/2398 1391/1283/2398 1337/1234/2398
f 1391/1283/2399 1318/1211/2399 1337/1234/2399
f 1376/1271/2400 40/1228/2400 1311/1199/2400
f 1393/1284/2401 1378/1253/2401 1344/1236/2401
f 1378/1253/2402 1394/1285/2402 1319/1213/2402
f 1394/1285/2403 1312/1201/2403 1319/1213/2403
f 1395/1286/2404 1320/1214/2404 1312/1201/2404
f 1364/1258/2405 1323/1217/2405 1315/1204/2405
f 1324/1205/2406 1380/1259/2406 1325/1218/2406
f 1349/1240/2407 1396/1287/2407 1326/1219/2407
f 1397/1288/2408 1316/1206/2408 1382/1275/2408
f 1397/1288/2409 1365/1260/2409 1316/1206/2409
f 1386/1279/2410 1289/1178/2410 1304/1209/2410
f 1356/1248/2411 1387/1280/2411 1290/1210/2411
f 1339/1231/2412 1398/1289/2412 1340/1232/2412
f 1399/1290/2413 1342/1224/2413 1373/1268/2413
f 1389/1281/2414 1390/1282/2414 1308/1196/2414
f 1400/1291/2415 1375/1270/2415 1374/1269/2415
f 1375/1270/2416 1401/1292/2416 1391/1283/2416
f 1391/1283/2417 1392/1293/2417 1318/1211/2417
f 1320/1214/2418 1402/1294/2418 1294/1183/2418
f 1402/1294/2419 1360/1254/2419 1294/1183/2419
f 1379/1273/2420 1361/1255/2420 1295/1184/2420
f 1403/1295/2421 1338/1229/2421 1361/1255/2421
f 1404/1296/2422 1362/1256/2422 1338/1229/2422
f 1362/1256/2423 1405/1297/2423 1363/1257/2423
f 1405/1297/2424 1346/1238/2424 1363/1257/2424
f 1406/1298/2425 1364/1258/2425 1346/1238/2425
f 1350/1241/2426 1407/1299/2426 1351/1242/2426
f 1408/1300/2427 1354/1245/2427 1330/1207/2427
f 1408/1300/2428 1383/1276/2428 1354/1245/2428
f 1409/1301/2429 1367/1262/2429 1383/1276/2429
f 1410/1302/2430 1332/1208/2430 1367/1262/2430
f 1410/1302/2431 1384/1277/2431 1332/1208/2431
f 1385/1278/2432 1368/1263/2432 1301/1191/2432
f 1411/1303/2433 1356/1248/2433 1289/1178/2433
f 1412/1304/2434 1339/1231/2434 1387/1280/2434
f 1372/1267/2435 1399/1290/2435 1358/1251/2435
f 1399/1290/2436 1373/1268/2436 1358/1251/2436
f 1399/1290/2437 1389/1281/2437 1342/1224/2437
f 1389/1281/2438 1414/1305/2438 1390/1282/2438
f 1400/1291/2439 1401/1292/2439 1375/1270/2439
f 1401/1292/2440 1392/1293/2440 1391/1283/2440
f 1392/1293/2441 1415/1306/2441 1318/1211/2441
f 1415/1306/2442 1376/1271/2442 1318/1211/2442
f 1393/1284/2443 1416/1307/2443 1378/1253/2443
f 1416/1307/2444 1394/1285/2444 1378/1253/2444
f 1379/1273/2445 1345/1237/2445 1360/1254/2445
f 1379/1273/2446 1403/1295/2446 1361/1255/2446
f 1403/1295/2447 1404/1296/2447 1338/1229/2447
f 1405/1297/2448 1406/1298/2448 1346/1238/2448
f 1429/1308/2449 1417/1309/2449 1380/1259/2449
f 1396/1287/2450 1381/1274/2450 1326/1219/2450
f 1407/1299/2451 1382/1275/2451 1351/1242/2451
f 1419/1310/2452 1366/1261/2452 1365/1260/2452
f 1352/1243/2453 1420/1311/2453 1353/1244/2453
f 1420/1311/2454 1330/1207/2454 1353/1244/2454
f 1420/1311/2455 1408/1300/2455 1330/1207/2455
f 1333/1246/2456 1421/1312/2456 1369/1264/2456
f 1421/1312/2457 1355/1247/2457 1369/1264/2457
f 1386/1279/2458 1411/1303/2458 1289/1178/2458
f 1340/1232/2459 1455/1313/2459 1357/1249/2459
f 1422/1314/2460 1341/1233/2460 1357/1249/2460
f 1388/1250/2461 1413/1315/2461 1371/1266/2461
f 1372/1267/2462 1423/1316/2462 1399/1290/2462
f 1424/1317/2463 1389/1281/2463 1399/1290/2463
f 1390/1282/2464 1400/1291/2464 1374/1269/2464
f 1425/1318/2465 1401/1292/2465 1400/1291/2465
f 1376/1271/2466 42/1319/2466 40/1228/2466
f 1426/1320/2467 1377/1212/2467 1343/1235/2467
f 1426/1320/2468 1344/1236/2468 1377/1212/2468
f 1427/1321/2469 1312/1201/2469 1394/1285/2469
f 1428/1322/2470 1402/1294/2470 1320/1214/2470
f 1402/1294/2471 1379/1273/2471 1360/1254/2471
f 1440/1323/2472 1323/1217/2472 1364/1258/2472
f 1323/1217/2473 1429/1308/2473 1324/1205/2473
f 1429/1308/2474 1380/1259/2474 1324/1205/2474
f 1347/1230/2475 1430/1324/2475 1348/1239/2475
f 1430/1324/2476 1349/1240/2476 1348/1239/2476
f 1431/1325/2477 1327/1220/2477 1381/1274/2477
f 1431/1325/2478 1350/1241/2478 1327/1220/2478
f 1408/1300/2479 1409/1301/2479 1383/1276/2479
f 1409/1301/2480 1410/1302/2480 1367/1262/2480
f 1432/1326/2481 1333/1246/2481 1368/1263/2481
f 1432/1326/2482 1433/1327/2482 1333/1246/2482
f 1412/1304/2483 1398/1289/2483 1339/1231/2483
f 1398/1289/2484 1455/1313/2484 1340/1232/2484
f 1422/1314/2485 1370/1265/2485 1341/1233/2485
f 1413/1315/2486 1372/1267/2486 1371/1266/2486
f 1456/1328/2487 1423/1316/2487 1372/1267/2487
f 1414/1305/2488 1434/1329/2488 1390/1282/2488
f 1434/1329/2489 1400/1291/2489 1390/1282/2489
f 1425/1318/2490 1435/1330/2490 1401/1292/2490
f 1435/1330/2491 1392/1293/2491 1401/1292/2491
f 1415/1306/2492 1436/1331/2492 1376/1271/2492
f 1427/1321/2493 1395/1286/2493 1312/1201/2493
f 1395/1286/2494 1428/1322/2494 1320/1214/2494
f 1403/1295/2495 1437/1332/2495 1404/1296/2495
f 1404/1296/2496 1438/1333/2496 1362/1256/2496
f 1438/1333/2497 1405/1297/2497 1362/1256/2497
f 1439/1334/2498 1406/1298/2498 1405/1297/2498
f 1440/1323/2499 1429/1308/2499 1323/1217/2499
f 1430/1324/2500 1396/1287/2500 1349/1240/2500
f 1430/1324/2501 1452/1335/2501 1396/1287/2501
f 1452/1335/2502 1381/1274/2502 1396/1287/2502
f 1453/1336/2503 1382/1275/2503 1407/1299/2503
f 1397/1288/2504 1419/1310/2504 1365/1260/2504
f 1419/1310/2505 1352/1243/2505 1366/1261/2505
f 1442/1337/2506 1385/1278/2506 1384/1277/2506
f 1385/1278/2507 1432/1326/2507 1368/1263/2507
f 1433/1327/2508 1421/1312/2508 1333/1246/2508
f 1411/1303/2509 1387/1280/2509 1356/1248/2509
f 1455/1313/2510 1422/1314/2510 1357/1249/2510
f 1443/1338/2511 1388/1250/2511 1370/1265/2511
f 1443/1338/2512 1413/1315/2512 1388/1250/2512
f 1444/1339/2513 1424/1317/2513 1399/1290/2513
f 1445/1340/2514 1414/1305/2514 1389/1281/2514
f 1434/1329/2515 1425/1318/2515 1400/1291/2515
f 1446/1341/2516 1435/1330/2516 1425/1318/2516
f 1435/1330/2517 1415/1306/2517 1392/1293/2517
f 41/1272/2518 1426/1320/2518 1343/1235/2518
f 1447/1342/2519 1402/1294/2519 1428/1322/2519
f 1402/1294/2520 1449/1343/2520 1379/1273/2520
f 1379/1273/2521 1437/1332/2521 1403/1295/2521
f 1450/1344/2522 1364/1258/2522 1406/1298/2522
f 1451/1345/2523 1440/1323/2523 1364/1258/2523
f 1464/1346/2524 1347/1230/2524 1380/1259/2524
f 1464/1346/2525 1430/1324/2525 1347/1230/2525
f 1431/1325/2526 1418/1347/2526 1350/1241/2526
f 1418/1347/2527 1407/1299/2527 1350/1241/2527
f 1467/1348/2528 1419/1310/2528 1397/1288/2528
f 1454/1349/2529 1352/1243/2529 1419/1310/2529
f 1454/1349/2530 1420/1311/2530 1352/1243/2530
f 1408/1300/2531 1468/1350/2531 1409/1301/2531
f 1441/1351/2532 1384/1277/2532 1410/1302/2532
f 1412/1304/2533 1455/1313/2533 1398/1289/2533
f 1473/1352/2534 1370/1265/2534 1422/1314/2534
f 1413/1315/2535 1456/1328/2535 1372/1267/2535
f 1423/1316/2536 1444/1339/2536 1399/1290/2536
f 1424/1317/2537 1445/1340/2537 1389/1281/2537
f 1414/1305/2538 1457/1353/2538 1434/1329/2538
f 1434/1329/2539 1446/1341/2539 1425/1318/2539
f 1446/1341/2540 1458/1354/2540 1435/1330/2540
f 1458/1354/2541 1415/1306/2541 1435/1330/2541
f 1458/1354/2542 1436/1331/2542 1415/1306/2542
f 1459/1355/2543 1344/1236/2543 1426/1320/2543
f 1460/1356/2544 1393/1284/2544 1344/1236/2544
f 1460/1356/2545 1416/1307/2545 1393/1284/2545
f 1416/1307/2546 1461/1357/2546 1394/1285/2546
f 1461/1357/2547 1427/1321/2547 1394/1285/2547
f 1427/1321/2548 1462/1358/2548 1395/1286/2548
f 1462/1358/2549 1428/1322/2549 1395/1286/2549
f 1463/1359/2550 1404/1296/2550 1437/1332/2550
f 1439/1334/2551 1450/1344/2551 1406/1298/2551
f 1417/1309/2552 1464/1346/2552 1380/1259/2552
f 1452/1335/2553 1431/1325/2553 1381/1274/2553
f 1418/1347/2554 1453/1336/2554 1407/1299/2554
f 1466/1360/2555 1382/1275/2555 1453/1336/2555
f 1466/1360/2556 1397/1288/2556 1382/1275/2556
f 1466/1360/2557 1467/1348/2557 1397/1288/2557
f 1420/1311/2558 1468/1350/2558 1408/1300/2558
f 1469/1361/2559 1410/1302/2559 1409/1301/2559
f 1469/1361/2560 1441/1351/2560 1410/1302/2560
f 1470/1362/2561 1442/1337/2561 1384/1277/2561
f 1471/1363/2562 1432/1326/2562 1385/1278/2562
f 1472/1364/2563 1387/1280/2563 1411/1303/2563
f 1387/1280/2564 1487/1365/2564 1412/1304/2564
f 1455/1313/2565 1473/1352/2565 1422/1314/2565
f 1473/1352/2566 1443/1338/2566 1370/1265/2566
f 1474/1366/2567 1456/1328/2567 1413/1315/2567
f 1434/1329/2568 1475/1367/2568 1446/1341/2568
f 1476/1368/2569 1376/1271/2569 1436/1331/2569
f 1476/1368/2570 42/1319/2570 1376/1271/2570
f 1477/1369/2571 1459/1355/2571 1426/1320/2571
f 1459/1355/2572 1460/1356/2572 1344/1236/2572
f 1460/1356/2573 1478/1370/2573 1416/1307/2573
f 1478/1370/2574 1461/1357/2574 1416/1307/2574
f 1448/1371/2575 1449/1343/2575 1402/1294/2575
f 1449/1343/2576 1479/1372/2576 1379/1273/2576
f 1479/1372/2577 1437/1332/2577 1379/1273/2577
f 1463/1359/2578 1480/1373/2578 1404/1296/2578
f 1480/1373/2579 1438/1333/2579 1404/1296/2579
f 1438/1333/2580 1481/1374/2580 1405/1297/2580
f 1481/1374/2581 1439/1334/2581 1405/1297/2581
f 1481/1374/2582 1450/1344/2582 1439/1334/2582
f 1450/1344/2583 1451/1345/2583 1364/1258/2583
f 1482/1375/2584 1466/1360/2584 1453/1336/2584
f 1454/1349/2585 1468/1350/2585 1420/1311/2585
f 1442/1337/2586 1471/1363/2586 1385/1278/2586
f 1433/1327/2587 1484/1376/2587 1421/1312/2587
f 1484/1376/2588 1355/1247/2588 1421/1312/2588
f 1485/1377/2589 1386/1279/2589 1355/1247/2589
f 1485/1377/2590 1486/1378/2590 1386/1279/2590
f 1486/1378/2591 1411/1303/2591 1386/1279/2591
f 1486/1378/2592 1472/1364/2592 1411/1303/2592
f 1472/1364/2593 1487/1365/2593 1387/1280/2593
f 1488/1379/2594 1413/1315/2594 1443/1338/2594
f 1488/1379/2595 1474/1366/2595 1413/1315/2595
f 1489/1380/2596 1423/1316/2596 1456/1328/2596
f 1489/1380/2597 1444/1339/2597 1423/1316/2597
f 1444/1339/2598 1445/1340/2598 1424/1317/2598
f 1457/1353/2599 1475/1367/2599 1434/1329/2599
f 1475/1367/2600 1490/1381/2600 1446/1341/2600
f 1490/1381/2601 1458/1354/2601 1446/1341/2601
f 1458/1354/2602 1492/1382/2602 1436/1331/2602
f 1492/1382/2603 1476/1368/2603 1436/1331/2603
f 43/1383/2604 1426/1320/2604 41/1272/2604
f 43/1383/2605 1477/1369/2605 1426/1320/2605
f 1447/1342/2606 1448/1371/2606 1402/1294/2606
f 1505/1384/2607 1451/1345/2607 1450/1344/2607
f 1493/1385/2608 1429/1308/2608 1440/1323/2608
f 1430/1324/2609 1494/1386/2609 1452/1335/2609
f 1494/1386/2610 1495/1387/2610 1452/1335/2610
f 1496/1388/2611 1431/1325/2611 1452/1335/2611
f 1465/1389/2612 1497/1390/2612 1431/1325/2612
f 1497/1390/2613 1418/1347/2613 1431/1325/2613
f 1483/1391/2614 1454/1349/2614 1419/1310/2614
f 1468/1350/2615 1469/1361/2615 1409/1301/2615
f 1441/1351/2616 1498/1392/2616 1384/1277/2616
f 1498/1392/2617 1470/1362/2617 1384/1277/2617
f 1487/1365/2618 1455/1313/2618 1412/1304/2618
f 1444/1339/2619 1499/1393/2619 1445/1340/2619
f 1490/1381/2620 1491/1394/2620 1458/1354/2620
f 1491/1394/2621 1492/1382/2621 1458/1354/2621
f 1492/1382/2622 44/1395/2622 1476/1368/2622
f 44/1395/2623 42/1319/2623 1476/1368/2623
f 1500/1396/2624 1427/1321/2624 1461/1357/2624
f 1501/1397/2625 1428/1322/2625 1462/1358/2625
f 1502/1398/2626 1449/1343/2626 1448/1371/2626
f 1479/1372/2627 1463/1359/2627 1437/1332/2627
f 1479/1372/2628 1503/1399/2628 1463/1359/2628
f 1504/1400/2629 1480/1373/2629 1463/1359/2629
f 1480/1373/2630 1481/1374/2630 1438/1333/2630
f 1481/1374/2631 1505/1384/2631 1450/1344/2631
f 1451/1345/2632 1493/1385/2632 1440/1323/2632
f 1493/1385/2633 1417/1309/2633 1429/1308/2633
f 1506/1401/2634 1464/1346/2634 1417/1309/2634
f 1507/1402/2635 1494/1386/2635 1430/1324/2635
f 1495/1387/2636 1496/1388/2636 1452/1335/2636
f 1496/1388/2637 1465/1389/2637 1431/1325/2637
f 1497/1390/2638 1453/1336/2638 1418/1347/2638
f 1467/1348/2639 1483/1391/2639 1419/1310/2639
f 1468/1350/2640 1509/1403/2640 1469/1361/2640
f 1470/1362/2641 1471/1363/2641 1442/1337/2641
f 1484/1376/2642 1485/1377/2642 1355/1247/2642
f 1511/1404/2643 1473/1352/2643 1455/1313/2643
f 1512/1405/2644 1456/1328/2644 1474/1366/2644
f 1512/1405/2645 1489/1380/2645 1456/1328/2645
f 1414/1305/2646 1513/1406/2646 1457/1353/2646
f 1513/1406/2647 1475/1367/2647 1457/1353/2647
f 1491/1394/2648 1514/1407/2648 1492/1382/2648
f 1492/1382/2649 45/1408/2649 44/1395/2649
f 1459/1355/2650 1478/1370/2650 1460/1356/2650
f 1500/1396/2651 1462/1358/2651 1427/1321/2651
f 1428/1322/2652 1501/1397/2652 1447/1342/2652
f 1447/1342/2653 1515/1409/2653 1448/1371/2653
f 1515/1409/2654 1502/1398/2654 1448/1371/2654
f 1503/1399/2655 1504/1400/2655 1463/1359/2655
f 1516/1410/2656 1505/1384/2656 1481/1374/2656
f 1517/1411/2657 1417/1309/2657 1493/1385/2657
f 1518/1412/2658 1430/1324/2658 1464/1346/2658
f 1518/1412/2659 1507/1402/2659 1430/1324/2659
f 1519/1413/2660 1497/1390/2660 1465/1389/2660
f 1497/1390/2661 1532/1414/2661 1453/1336/2661
f 1466/1360/2662 1533/1415/2662 1467/1348/2662
f 1520/1416/2663 1483/1391/2663 1467/1348/2663
f 1520/1416/2664 1521/1417/2664 1483/1391/2664
f 1454/1349/2665 1508/1418/2665 1468/1350/2665
f 1508/1418/2666 1509/1403/2666 1468/1350/2666
f 1510/1419/2667 1441/1351/2667 1469/1361/2667
f 1510/1419/2668 1498/1392/2668 1441/1351/2668
f 1522/1420/2669 1471/1363/2669 1470/1362/2669
f 1471/1363/2670 1433/1327/2670 1432/1326/2670
f 1433/1327/2671 1523/1421/2671 1484/1376/2671
f 1523/1421/2672 1485/1377/2672 1484/1376/2672
f 1536/1422/2673 1511/1404/2673 1455/1313/2673
f 1511/1404/2674 1524/1423/2674 1473/1352/2674
f 1488/1379/2675 1512/1405/2675 1474/1366/2675
f 1525/1424/2676 1526/1425/2676 1489/1380/2676
f 1526/1425/2677 1444/1339/2677 1489/1380/2677
f 1499/1393/2678 1527/1426/2678 1445/1340/2678
f 1527/1426/2679 1414/1305/2679 1445/1340/2679
f 1527/1426/2680 1528/1427/2680 1414/1305/2680
f 1528/1427/2681 1513/1406/2681 1414/1305/2681
f 1514/1407/2682 45/1408/2682 1492/1382/2682
f 1529/1428/2683 1461/1357/2683 1478/1370/2683
f 1529/1428/2684 1500/1396/2684 1461/1357/2684
f 1529/1428/2685 1530/1429/2685 1500/1396/2685
f 1500/1396/2686 1531/1430/2686 1462/1358/2686
f 1531/1430/2687 1501/1397/2687 1462/1358/2687
f 1501/1397/2688 1515/1409/2688 1447/1342/2688
f 1480/1373/2689 1516/1410/2689 1481/1374/2689
f 1453/1336/2690 1532/1414/2690 1482/1375/2690
f 1482/1375/2691 1533/1415/2691 1466/1360/2691
f 1521/1417/2692 1454/1349/2692 1483/1391/2692
f 1509/1403/2693 1510/1419/2693 1469/1361/2693
f 1535/1431/2694 1486/1378/2694 1485/1377/2694
f 1536/1422/2695 1455/1313/2695 1487/1365/2695
f 1524/1423/2696 1443/1338/2696 1473/1352/2696
f 1443/1338/2697 1537/1432/2697 1488/1379/2697
f 1512/1405/2698 1525/1424/2698 1489/1380/2698
f 1538/1433/2699 1444/1339/2699 1526/1425/2699
f 1538/1433/2700 1499/1393/2700 1444/1339/2700
f 1539/1434/2701 1475/1367/2701 1513/1406/2701
f 1539/1434/2702 1490/1381/2702 1475/1367/2702
f 1539/1434/2703 1491/1394/2703 1490/1381/2703
f 1540/1435/2704 1514/1407/2704 1491/1394/2704
f 1530/1429/2705 1541/1436/2705 1500/1396/2705
f 1541/1436/2706 1531/1430/2706 1500/1396/2706
f 1554/1437/2707 1515/1409/2707 1501/1397/2707
f 1502/1398/2708 1542/1438/2708 1449/1343/2708
f 1542/1438/2709 1479/1372/2709 1449/1343/2709
f 1543/1439/2710 1516/1410/2710 1480/1373/2710
f 1544/1440/2711 1451/1345/2711 1505/1384/2711
f 1544/1440/2712 1493/1385/2712 1451/1345/2712
f 1545/1441/2713 1496/1388/2713 1495/1387/2713
f 1496/1388/2714 1519/1413/2714 1465/1389/2714
f 1532/1414/2715 1533/1415/2715 1482/1375/2715
f 1521/1417/2716 1508/1418/2716 1454/1349/2716
f 1522/1420/2717 1546/1442/2717 1471/1363/2717
f 1546/1442/2718 1433/1327/2718 1471/1363/2718
f 1546/1442/2719 1534/1443/2719 1433/1327/2719
f 1534/1443/2720 1523/1421/2720 1433/1327/2720
f 1535/1431/2721 1547/1444/2721 1486/1378/2721
f 1486/1378/2722 1547/1444/2722 1472/1364/2722
f 1524/1423/2723 1537/1432/2723 1443/1338/2723
f 1512/1405/2724 1549/1445/2724 1525/1424/2724
f 1525/1424/2725 1538/1433/2725 1526/1425/2725
f 1551/1446/2726 1539/1434/2726 1513/1406/2726
f 43/1383/2727 46/1447/2727 1477/1369/2727
f 1552/1448/2728 1478/1370/2728 1459/1355/2728
f 1552/1448/2729 1553/1449/2729 1478/1370/2729
f 1554/1437/2730 1501/1397/2730 1531/1430/2730
f 1554/1437/2731 1555/1450/2731 1515/1409/2731
f 1555/1450/2732 1502/1398/2732 1515/1409/2732
f 1542/1438/2733 1503/1399/2733 1479/1372/2733
f 1556/1451/2734 1504/1400/2734 1503/1399/2734
f 1556/1451/2735 1480/1373/2735 1504/1400/2735
f 1557/1452/2736 1505/1384/2736 1516/1410/2736
f 1517/1411/2737 1506/1401/2737 1417/1309/2737
f 1506/1401/2738 1518/1412/2738 1464/1346/2738
f 1519/1413/2739 1532/1414/2739 1497/1390/2739
f 1508/1418/2740 1560/1453/2740 1509/1403/2740
f 1560/1453/2741 1561/1454/2741 1509/1403/2741
f 1523/1421/2742 1535/1431/2742 1485/1377/2742
f 1562/1455/2743 1487/1365/2743 1472/1364/2743
f 1548/1456/2744 1524/1423/2744 1511/1404/2744
f 1512/1405/2745 1488/1379/2745 1537/1432/2745
f 1563/1457/2746 1538/1433/2746 1525/1424/2746
f 1538/1433/2747 1550/1458/2747 1499/1393/2747
f 1499/1393/2748 1528/1427/2748 1527/1426/2748
f 1564/1459/2749 1513/1406/2749 1528/1427/2749
f 1539/1434/2750 1540/1435/2750 1491/1394/2750
f 1540/1435/2751 45/1408/2751 1514/1407/2751
f 47/1460/2752 1477/1369/2752 46/1447/2752
f 47/1460/2753 1459/1355/2753 1477/1369/2753
f 1565/1461/2754 1502/1398/2754 1555/1450/2754
f 1565/1461/2755 1542/1438/2755 1502/1398/2755
f 1566/1462/2756 1503/1399/2756 1542/1438/2756
f 1543/1439/2757 1557/1452/2757 1516/1410/2757
f 1557/1452/2758 1558/1463/2758 1505/1384/2758
f 1558/1463/2759 1544/1440/2759 1505/1384/2759
f 1567/1464/2760 1518/1412/2760 1506/1401/2760
f 1507/1402/2761 1495/1387/2761 1494/1386/2761
f 1568/1465/2762 1496/1388/2762 1545/1441/2762
f 1568/1465/2763 1519/1413/2763 1496/1388/2763
f 1568/1465/2764 1559/1466/2764 1519/1413/2764
f 1577/1467/2765 1533/1415/2765 1532/1414/2765
f 1561/1454/2766 1510/1419/2766 1509/1403/2766
f 1569/1468/2767 1498/1392/2767 1510/1419/2767
f 1570/1469/2768 1470/1362/2768 1498/1392/2768
f 1562/1455/2769 1536/1422/2769 1487/1365/2769
f 1571/1470/2770 1511/1404/2770 1536/1422/2770
f 1572/1471/2771 1537/1432/2771 1524/1423/2771
f 1537/1432/2772 1573/1472/2772 1512/1405/2772
f 1573/1472/2773 1549/1445/2773 1512/1405/2773
f 1549/1445/2774 1563/1457/2774 1525/1424/2774
f 1550/1458/2775 1528/1427/2775 1499/1393/2775
f 1564/1459/2776 1551/1446/2776 1513/1406/2776
f 1553/1449/2777 1529/1428/2777 1478/1370/2777
f 1553/1449/2778 1574/1473/2778 1529/1428/2778
f 1574/1473/2779 1530/1429/2779 1529/1428/2779
f 1566/1462/2780 1556/1451/2780 1503/1399/2780
f 1556/1451/2781 1575/1474/2781 1480/1373/2781
f 1575/1474/2782 1543/1439/2782 1480/1373/2782
f 1493/1385/2783 1588/1475/2783 1517/1411/2783
f 1576/1476/2784 1532/1414/2784 1519/1413/2784
f 1533/1415/2785 1578/1477/2785 1467/1348/2785
f 1578/1477/2786 1520/1416/2786 1467/1348/2786
f 1579/1478/2787 1521/1417/2787 1520/1416/2787
f 1580/1479/2788 1508/1418/2788 1521/1417/2788
f 1561/1454/2789 1569/1468/2789 1510/1419/2789
f 1581/1480/2790 1472/1364/2790 1547/1444/2790
f 1581/1480/2791 1562/1455/2791 1472/1364/2791
f 1571/1470/2792 1548/1456/2792 1511/1404/2792
f 1563/1457/2793 1550/1458/2793 1538/1433/2793
f 1582/1481/2794 1583/1482/2794 1539/1434/2794
f 1583/1482/2795 1540/1435/2795 1539/1434/2795
f 1584/1483/2796 45/1408/2796 1540/1435/2796
f 1552/1448/2797 1459/1355/2797 47/1460/2797
f 1531/1430/2798 1608/1484/2798 1554/1437/2798
f 1585/1485/2799 1555/1450/2799 1554/1437/2799
f 1565/1461/2800 1587/1486/2800 1542/1438/2800
f 1587/1486/2801 1566/1462/2801 1542/1438/2801
f 1588/1475/2802 1493/1385/2802 1544/1440/2802
f 1589/1487/2803 1545/1441/2803 1495/1387/2803
f 1559/1466/2804 1576/1476/2804 1519/1413/2804
f 1590/1488/2805 1577/1467/2805 1532/1414/2805
f 1599/1489/2806 1578/1477/2806 1533/1415/2806
f 1578/1477/2807 1579/1478/2807 1520/1416/2807
f 1580/1479/2808 1560/1453/2808 1508/1418/2808
f 1569/1468/2809 1570/1469/2809 1498/1392/2809
f 1591/1490/2810 1522/1420/2810 1470/1362/2810
f 1591/1490/2811 1546/1442/2811 1522/1420/2811
f 1592/1491/2812 1535/1431/2812 1523/1421/2812
f 1592/1491/2813 1547/1444/2813 1535/1431/2813
f 1572/1471/2814 1614/1492/2814 1537/1432/2814
f 1593/1493/2815 1573/1472/2815 1537/1432/2815
f 1550/1458/2816 1564/1459/2816 1528/1427/2816
f 1551/1446/2817 1582/1481/2817 1539/1434/2817
f 1594/1494/2818 1574/1473/2818 1553/1449/2818
f 1585/1485/2819 1595/1495/2819 1555/1450/2819
f 1595/1495/2820 1565/1461/2820 1555/1450/2820
f 1595/1495/2821 1586/1496/2821 1565/1461/2821
f 1596/1497/2822 1566/1462/2822 1587/1486/2822
f 1597/1498/2823 1556/1451/2823 1566/1462/2823
f 1575/1474/2824 1610/1499/2824 1543/1439/2824
f 1517/1411/2825 1567/1464/2825 1506/1401/2825
f 1589/1487/2826 1495/1387/2826 1507/1402/2826
f 1545/1441/2827 1598/1500/2827 1568/1465/2827
f 1576/1476/2828 1590/1488/2828 1532/1414/2828
f 1577/1467/2829 1599/1489/2829 1533/1415/2829
f 1570/1469/2830 1600/1501/2830 1470/1362/2830
f 1600/1501/2831 1591/1490/2831 1470/1362/2831
f 1601/1502/2832 1534/1443/2832 1546/1442/2832
f 1602/1503/2833 1523/1421/2833 1534/1443/2833
f 1602/1503/2834 1592/1491/2834 1523/1421/2834
f 1603/1504/2835 1571/1470/2835 1536/1422/2835
f 1614/1492/2836 1593/1493/2836 1537/1432/2836
f 1573/1472/2837 1604/1505/2837 1549/1445/2837
f 1604/1505/2838 1605/1506/2838 1549/1445/2838
f 1605/1506/2839 1563/1457/2839 1549/1445/2839
f 1550/1458/2840 1606/1507/2840 1564/1459/2840
f 1552/1448/2841 1594/1494/2841 1553/1449/2841
f 1530/1429/2842 1607/1508/2842 1541/1436/2842
f 1608/1484/2843 1531/1430/2843 1541/1436/2843
f 1586/1496/2844 1609/1509/2844 1565/1461/2844
f 1609/1509/2845 1587/1486/2845 1565/1461/2845
f 1597/1498/2846 1575/1474/2846 1556/1451/2846
f 1610/1499/2847 1557/1452/2847 1543/1439/2847
f 1589/1487/2848 1507/1402/2848 1518/1412/2848
f 1598/1500/2849 1559/1466/2849 1568/1465/2849
f 1559/1466/2850 1618/1510/2850 1576/1476/2850
f 1611/1511/2851 1580/1479/2851 1521/1417/2851
f 1591/1490/2852 1601/1502/2852 1546/1442/2852
f 1601/1502/2853 1602/1503/2853 1534/1443/2853
f 1581/1480/2854 1547/1444/2854 1592/1491/2854
f 1562/1455/2855 1603/1504/2855 1536/1422/2855
f 1612/1512/2856 1548/1456/2856 1571/1470/2856
f 1612/1512/2857 1613/1513/2857 1548/1456/2857
f 1613/1513/2858 1524/1423/2858 1548/1456/2858
f 1593/1493/2859 1604/1505/2859 1573/1472/2859
f 1563/1457/2860 1606/1507/2860 1550/1458/2860
f 1615/1514/2861 1551/1446/2861 1564/1459/2861
f 1583/1482/2862 1616/1515/2862 1540/1435/2862
f 1616/1515/2863 1584/1483/2863 1540/1435/2863
f 49/1516/2864 45/1408/2864 1584/1483/2864
f 1585/1485/2865 1554/1437/2865 1608/1484/2865
f 1609/1509/2866 1596/1497/2866 1587/1486/2866
f 1596/1497/2867 1597/1498/2867 1566/1462/2867
f 1589/1487/2868 1598/1500/2868 1545/1441/2868
f 1579/1478/2869 1611/1511/2869 1521/1417/2869
f 1620/1517/2870 1569/1468/2870 1561/1454/2870
f 1659/1518/2871 1592/1491/2871 1602/1503/2871
f 1613/1513/2872 1572/1471/2872 1524/1423/2872
f 1621/1519/2873 1593/1493/2873 1614/1492/2873
f 1622/1520/2874 1606/1507/2874 1563/1457/2874
f 1606/1507/2875 1615/1514/2875 1564/1459/2875
f 1615/1514/2876 1623/1521/2876 1551/1446/2876
f 1623/1521/2877 1624/1522/2877 1551/1446/2877
f 1624/1522/2878 1582/1481/2878 1551/1446/2878
f 1625/1523/2879 1583/1482/2879 1582/1481/2879
f 1637/1524/2880 1594/1494/2880 1552/1448/2880
f 1607/1508/2881 1530/1429/2881 1574/1473/2881
f 1607/1508/2882 1608/1484/2882 1541/1436/2882
f 1626/1525/2883 1596/1497/2883 1609/1509/2883
f 1628/1526/2884 1557/1452/2884 1610/1499/2884
f 1628/1526/2885 1629/1527/2885 1557/1452/2885
f 1629/1527/2886 1558/1463/2886 1557/1452/2886
f 1629/1527/2887 1544/1440/2887 1558/1463/2887
f 1629/1527/2888 1588/1475/2888 1544/1440/2888
f 1588/1475/2889 1642/1528/2889 1517/1411/2889
f 1630/1529/2890 1589/1487/2890 1518/1412/2890
f 1598/1500/2891 1617/1530/2891 1559/1466/2891
f 1617/1530/2892 1618/1510/2892 1559/1466/2892
f 1618/1510/2893 1619/1531/2893 1576/1476/2893
f 1619/1531/2894 1590/1488/2894 1576/1476/2894
f 1620/1517/2895 1631/1532/2895 1569/1468/2895
f 1600/1501/2896 1601/1502/2896 1591/1490/2896
f 1632/1533/2897 1581/1480/2897 1592/1491/2897
f 1613/1513/2898 1614/1492/2898 1572/1471/2898
f 1634/1534/2899 1604/1505/2899 1593/1493/2899
f 1605/1506/2900 1622/1520/2900 1563/1457/2900
f 1635/1535/2901 1615/1514/2901 1606/1507/2901
f 1637/1524/2902 1552/1448/2902 47/1460/2902
f 1638/1536/2903 1574/1473/2903 1594/1494/2903
f 1638/1536/2904 1607/1508/2904 1574/1473/2904
f 1639/1537/2905 1585/1485/2905 1608/1484/2905
f 1640/1538/2906 1596/1497/2906 1626/1525/2906
f 1640/1538/2907 1597/1498/2907 1596/1497/2907
f 1627/1539/2908 1575/1474/2908 1597/1498/2908
f 1627/1539/2909 1610/1499/2909 1575/1474/2909
f 1628/1526/2910 1641/1540/2910 1629/1527/2910
f 1629/1527/2911 1655/1541/2911 1588/1475/2911
f 1617/1530/2912 1643/1542/2912 1618/1510/2912
f 1644/1543/2913 1577/1467/2913 1590/1488/2913
f 1611/1511/2914 1560/1453/2914 1580/1479/2914
f 1631/1532/2915 1570/1469/2915 1569/1468/2915
f 1601/1502/2916 1659/1518/2916 1602/1503/2916
f 1659/1518/2917 1645/1544/2917 1592/1491/2917
f 1632/1533/2918 1646/1545/2918 1581/1480/2918
f 1646/1545/2919 1647/1546/2919 1581/1480/2919
f 1647/1546/2920 1562/1455/2920 1581/1480/2920
f 1647/1546/2921 1648/1547/2921 1562/1455/2921
f 1648/1547/2922 1603/1504/2922 1562/1455/2922
f 1633/1548/2923 1571/1470/2923 1603/1504/2923
f 1633/1548/2924 1649/1549/2924 1571/1470/2924
f 1649/1549/2925 1612/1512/2925 1571/1470/2925
f 1650/1550/2926 1605/1506/2926 1604/1505/2926
f 1635/1535/2927 1606/1507/2927 1622/1520/2927
f 1635/1535/2928 1623/1521/2928 1615/1514/2928
f 1624/1522/2929 1625/1523/2929 1582/1481/2929
f 1663/1551/2930 1616/1515/2930 1583/1482/2930
f 1616/1515/2931 1636/1552/2931 1584/1483/2931
f 1636/1552/2932 49/1516/2932 1584/1483/2932
f 51/1553/2933 47/1460/2933 48/1554/2933
f 51/1553/2934 1637/1524/2934 47/1460/2934
f 1637/1524/2935 1638/1536/2935 1594/1494/2935
f 1607/1508/2936 1651/1555/2936 1608/1484/2936
f 1651/1555/2937 1639/1537/2937 1608/1484/2937
f 1639/1537/2938 1595/1495/2938 1585/1485/2938
f 1595/1495/2939 1652/1556/2939 1586/1496/2939
f 1653/1557/2940 1597/1498/2940 1640/1538/2940
f 1653/1557/2941 1627/1539/2941 1597/1498/2941
f 1641/1540/2942 1654/1558/2942 1629/1527/2942
f 1654/1558/2943 1655/1541/2943 1629/1527/2943
f 1655/1541/2944 1642/1528/2944 1588/1475/2944
f 1517/1411/2945 1656/1559/2945 1567/1464/2945
f 1656/1559/2946 1518/1412/2946 1567/1464/2946
f 1656/1559/2947 1630/1529/2947 1518/1412/2947
f 1619/1531/2948 1644/1543/2948 1590/1488/2948
f 1657/1560/2949 1560/1453/2949 1611/1511/2949
f 1657/1560/2950 1658/1561/2950 1560/1453/2950
f 1658/1561/2951 1561/1454/2951 1560/1453/2951
f 1658/1561/2952 1620/1517/2952 1561/1454/2952
f 1659/1518/2953 1601/1502/2953 1600/1501/2953
f 1645/1544/2954 1632/1533/2954 1592/1491/2954
f 1660/1562/2955 1614/1492/2955 1613/1513/2955
f 1650/1550/2956 1661/1563/2956 1605/1506/2956
f 1661/1563/2957 1622/1520/2957 1605/1506/2957
f 1624/1522/2958 1662/1564/2958 1625/1523/2958
f 1662/1564/2959 1663/1551/2959 1625/1523/2959
f 1663/1551/2960 1583/1482/2960 1625/1523/2960
f 1688/1565/2961 1616/1515/2961 1663/1551/2961
f 1664/1566/2962 1638/1536/2962 1637/1524/2962
f 1680/1567/2963 1652/1556/2963 1595/1495/2963
f 1652/1556/2964 1609/1509/2964 1586/1496/2964
f 1665/1568/2965 1653/1557/2965 1640/1538/2965
f 1627/1539/2966 1628/1526/2966 1610/1499/2966
f 1666/1569/2967 1642/1528/2967 1655/1541/2967
f 1642/1528/2968 1656/1559/2968 1517/1411/2968
f 1667/1570/2969 1589/1487/2969 1630/1529/2969
f 1667/1570/2970 1598/1500/2970 1589/1487/2970
f 1668/1571/2971 1617/1530/2971 1598/1500/2971
f 1669/1572/2972 1619/1531/2972 1618/1510/2972
f 1644/1543/2973 1671/1573/2973 1577/1467/2973
f 1671/1573/2974 1599/1489/2974 1577/1467/2974
f 1578/1477/2975 1672/1574/2975 1579/1478/2975
f 1673/1575/2976 1611/1511/2976 1579/1478/2976
f 1658/1561/2977 1631/1532/2977 1620/1517/2977
f 1674/1576/2978 1570/1469/2978 1631/1532/2978
f 1674/1576/2979 1600/1501/2979 1570/1469/2979
f 1674/1576/2980 1659/1518/2980 1600/1501/2980
f 1685/1577/2981 1645/1544/2981 1659/1518/2981
f 1675/1578/2982 1660/1562/2982 1613/1513/2982
f 1660/1562/2983 1621/1519/2983 1614/1492/2983
f 1621/1519/2984 1634/1534/2984 1593/1493/2984
f 1676/1579/2985 1635/1535/2985 1622/1520/2985
f 1688/1565/2986 1636/1552/2986 1616/1515/2986
f 1636/1552/2987 50/1580/2987 49/1516/2987
f 1678/1581/2988 1664/1566/2988 1637/1524/2988
f 1679/1582/2989 1607/1508/2989 1638/1536/2989
f 1680/1567/2990 1595/1495/2990 1639/1537/2990
f 1652/1556/2991 1626/1525/2991 1609/1509/2991
f 1653/1557/2992 1681/1583/2992 1627/1539/2992
f 1628/1526/2993 1682/1584/2993 1641/1540/2993
f 1643/1542/2994 1669/1572/2994 1618/1510/2994
f 1669/1572/2995 1670/1585/2995 1619/1531/2995
f 1670/1585/2996 1644/1543/2996 1619/1531/2996
f 1672/1574/2997 1578/1477/2997 1599/1489/2997
f 1672/1574/2998 1683/1586/2998 1579/1478/2998
f 1683/1586/2999 1673/1575/2999 1579/1478/2999
f 1684/1587/3000 1685/1577/3000 1659/1518/3000
f 1649/1549/3001 1613/1513/3001 1612/1512/3001
f 1676/1579/3002 1686/1588/3002 1635/1535/3002
f 1686/1588/3003 1677/1589/3003 1635/1535/3003
f 1677/1589/3004 1623/1521/3004 1635/1535/3004
f 1687/1590/3005 1624/1522/3005 1623/1521/3005
f 1687/1590/3006 1662/1564/3006 1624/1522/3006
f 51/1553/3007 1678/1581/3007 1637/1524/3007
f 1679/1582/3008 1651/1555/3008 1607/1508/3008
f 1640/1538/3009 1689/1591/3009 1665/1568/3009
f 1681/1583/3010 1690/1592/3010 1627/1539/3010
f 1690/1592/3011 1628/1526/3011 1627/1539/3011
f 1691/1593/3012 1655/1541/3012 1654/1558/3012
f 1691/1593/3013 1666/1569/3013 1655/1541/3013
f 1668/1571/3014 1643/1542/3014 1617/1530/3014
f 1692/1594/3015 1644/1543/3015 1670/1585/3015
f 1671/1573/3016 1672/1574/3016 1599/1489/3016
f 1673/1575/3017 1657/1560/3017 1611/1511/3017
f 1674/1576/3018 1684/1587/3018 1659/1518/3018
f 1693/1595/3019 1647/1546/3019 1646/1545/3019
f 1694/1596/3020 1603/1504/3020 1648/1547/3020
f 1694/1596/3021 1633/1548/3021 1603/1504/3021
f 1694/1596/3022 1649/1549/3022 1633/1548/3022
f 1649/1549/3023 1675/1578/3023 1613/1513/3023
f 1660/1562/3024 1695/1597/3024 1621/1519/3024
f 1696/1598/3025 1634/1534/3025 1621/1519/3025
f 1604/1505/3026 1697/1599/3026 1650/1550/3026
f 1697/1599/3027 1661/1563/3027 1650/1550/3027
f 1697/1599/3028 1622/1520/3028 1661/1563/3028
f 1677/1589/3029 1687/1590/3029 1623/1521/3029
f 1662/1564/3030 1688/1565/3030 1663/1551/3030
f 1688/1565/3031 1727/1600/3031 1636/1552/3031
f 1727/1600/3032 50/1580/3032 1636/1552/3032
f 1698/1601/3033 1680/1567/3033 1639/1537/3033
f 1689/1591/3034 1653/1557/3034 1665/1568/3034
f 1689/1591/3035 1681/1583/3035 1653/1557/3035
f 1690/1592/3036 1682/1584/3036 1628/1526/3036
f 1682/1584/3037 1654/1558/3037 1641/1540/3037
f 1682/1584/3038 1713/1602/3038 1654/1558/3038
f 1713/1602/3039 1691/1593/3039 1654/1558/3039
f 1691/1593/3040 1699/1603/3040 1666/1569/3040
f 1701/1604/3041 1630/1529/3041 1656/1559/3041
f 1702/1605/3042 1644/1543/3042 1692/1594/3042
f 1702/1605/3043 1671/1573/3043 1644/1543/3043
f 1657/1560/3044 1717/1606/3044 1658/1561/3044
f 1658/1561/3045 1718/1607/3045 1631/1532/3045
f 1645/1544/3046 1646/1545/3046 1632/1533/3046
f 1704/1608/3047 1648/1547/3047 1647/1546/3047
f 1719/1609/3048 1694/1596/3048 1648/1547/3048
f 1695/1597/3049 1696/1598/3049 1621/1519/3049
f 1696/1598/3050 1604/1505/3050 1634/1534/3050
f 1697/1599/3051 1676/1579/3051 1622/1520/3051
f 1662/1564/3052 1707/1610/3052 1688/1565/3052
f 1664/1566/3053 1679/1582/3053 1638/1536/3053
f 1709/1611/3054 1698/1601/3054 1639/1537/3054
f 1652/1556/3055 1710/1612/3055 1626/1525/3055
f 1710/1612/3056 1640/1538/3056 1626/1525/3056
f 1729/1613/3057 1689/1591/3057 1640/1538/3057
f 1729/1613/3058 1711/1614/3058 1689/1591/3058
f 1712/1615/3059 1682/1584/3059 1690/1592/3059
f 1699/1603/3060 1642/1528/3060 1666/1569/3060
f 1700/1616/3061 1714/1617/3061 1642/1528/3061
f 1642/1528/3062 1714/1617/3062 1656/1559/3062
f 1715/1618/3063 1598/1500/3063 1667/1570/3063
f 1715/1618/3064 1668/1571/3064 1598/1500/3064
f 1683/1586/3065 1716/1619/3065 1673/1575/3065
f 1716/1619/3066 1657/1560/3066 1673/1575/3066
f 1716/1619/3067 1717/1606/3067 1657/1560/3067
f 1718/1607/3068 1674/1576/3068 1631/1532/3068
f 1703/1620/3069 1684/1587/3069 1674/1576/3069
f 1645/1544/3070 1693/1595/3070 1646/1545/3070
f 1704/1608/3071 1719/1609/3071 1648/1547/3071
f 1720/1621/3072 1649/1549/3072 1694/1596/3072
f 1720/1621/3073 1721/1622/3073 1649/1549/3073
f 1721/1622/3074 1675/1578/3074 1649/1549/3074
f 1695/1597/3075 1660/1562/3075 1675/1578/3075
f 1722/1623/3076 1696/1598/3076 1695/1597/3076
f 1705/1624/3077 1697/1599/3077 1604/1505/3077
f 1697/1599/3078 1726/1625/3078 1676/1579/3078
f 1677/1589/3079 1706/1626/3079 1687/1590/3079
f 1687/1590/3080 1707/1610/3080 1662/1564/3080
f 52/1627/3081 1678/1581/3081 51/1553/3081
f 1708/1628/3082 1664/1566/3082 1678/1581/3082
f 1651/1555/3083 1709/1611/3083 1639/1537/3083
f 1698/1601/3084 1652/1556/3084 1680/1567/3084
f 1729/1613/3085 1640/1538/3085 1710/1612/3085
f 1711/1614/3086 1681/1583/3086 1689/1591/3086
f 1723/1629/3087 1712/1615/3087 1690/1592/3087
f 1713/1602/3088 1699/1603/3088 1691/1593/3088
f 1699/1603/3089 1700/1616/3089 1642/1528/3089
f 1701/1604/3090 1667/1570/3090 1630/1529/3090
f 1702/1605/3091 1672/1574/3091 1671/1573/3091
f 1702/1605/3092 1724/1630/3092 1672/1574/3092
f 1717/1606/3093 1718/1607/3093 1658/1561/3093
f 1749/1631/3094 1685/1577/3094 1684/1587/3094
f 1725/1632/3095 1645/1544/3095 1685/1577/3095
f 1725/1632/3096 1693/1595/3096 1645/1544/3096
f 1696/1598/3097 1705/1624/3097 1604/1505/3097
f 1726/1625/3098 1686/1588/3098 1676/1579/3098
f 1736/1633/3099 1677/1589/3099 1686/1588/3099
f 1706/1626/3100 1738/1634/3100 1687/1590/3100
f 1738/1634/3101 1707/1610/3101 1687/1590/3101
f 1707/1610/3102 1727/1600/3102 1688/1565/3102
f 1728/1635/3103 50/1580/3103 1727/1600/3103
f 1775/1636/3104 1679/1582/3104 1664/1566/3104
f 1698/1601/3105 1710/1612/3105 1652/1556/3105
f 1711/1614/3106 1690/1592/3106 1681/1583/3106
f 1712/1615/3107 1713/1602/3107 1682/1584/3107
f 1730/1637/3108 1700/1616/3108 1699/1603/3108
f 1714/1617/3109 1701/1604/3109 1656/1559/3109
f 1701/1604/3110 1731/1638/3110 1667/1570/3110
f 1715/1618/3111 1667/1570/3111 1731/1638/3111
f 1732/1639/3112 1669/1572/3112 1643/1542/3112
f 1732/1639/3113 1670/1585/3113 1669/1572/3113
f 1724/1630/3114 1683/1586/3114 1672/1574/3114
f 1724/1630/3115 1733/1640/3115 1683/1586/3115
f 1733/1640/3116 1716/1619/3116 1683/1586/3116
f 1703/1620/3117 1674/1576/3117 1718/1607/3117
f 1695/1597/3118 1734/1641/3118 1722/1623/3118
f 1705/1624/3119 1696/1598/3119 1722/1623/3119
f 1697/1599/3120 1735/1642/3120 1726/1625/3120
f 1726/1625/3121 1736/1633/3121 1686/1588/3121
f 1736/1633/3122 1737/1643/3122 1677/1589/3122
f 1737/1643/3123 1706/1626/3123 1677/1589/3123
f 1708/1628/3124 1678/1581/3124 52/1627/3124
f 1740/1644/3125 1651/1555/3125 1679/1582/3125
f 1740/1644/3126 1709/1611/3126 1651/1555/3126
f 1709/1611/3127 1741/1645/3127 1698/1601/3127
f 1742/1646/3128 1710/1612/3128 1698/1601/3128
f 1743/1647/3129 1729/1613/3129 1710/1612/3129
f 1757/1648/3130 1690/1592/3130 1711/1614/3130
f 1757/1648/3131 1723/1629/3131 1690/1592/3131
f 1744/1649/3132 1745/1650/3132 1712/1615/3132
f 1745/1650/3133 1713/1602/3133 1712/1615/3133
f 1713/1602/3134 1730/1637/3134 1699/1603/3134
f 1801/1651/3135 1668/1571/3135 1715/1618/3135
f 1746/1652/3136 1670/1585/3136 1732/1639/3136
f 1746/1652/3137 1692/1594/3137 1670/1585/3137
f 1747/1653/3138 1702/1605/3138 1692/1594/3138
f 1717/1606/3139 1748/1654/3139 1718/1607/3139
f 1748/1654/3140 1703/1620/3140 1718/1607/3140
f 1749/1631/3141 1684/1587/3141 1703/1620/3141
f 1693/1595/3142 1704/1608/3142 1647/1546/3142
f 1750/1655/3143 1694/1596/3143 1719/1609/3143
f 1750/1655/3144 1720/1621/3144 1694/1596/3144
f 1734/1641/3145 1695/1597/3145 1675/1578/3145
f 1751/1656/3146 1705/1624/3146 1722/1623/3146
f 1705/1624/3147 1752/1657/3147 1697/1599/3147
f 1752/1657/3148 1735/1642/3148 1697/1599/3148
f 1737/1643/3149 1738/1634/3149 1706/1626/3149
f 1707/1610/3150 1739/1658/3150 1727/1600/3150
f 1739/1658/3151 1753/1659/3151 1727/1600/3151
f 1753/1659/3152 1728/1635/3152 1727/1600/3152
f 53/1660/3153 50/1580/3153 1728/1635/3153
f 1708/1628/3154 1775/1636/3154 1664/1566/3154
f 1754/1661/3155 1679/1582/3155 1775/1636/3155
f 1754/1661/3156 1740/1644/3156 1679/1582/3156
f 1741/1645/3157 1755/1662/3157 1698/1601/3157
f 1755/1662/3158 1742/1646/3158 1698/1601/3158
f 1742/1646/3159 1743/1647/3159 1710/1612/3159
f 1743/1647/3160 1756/1663/3160 1729/1613/3160
f 1768/1664/3161 1711/1614/3161 1729/1613/3161
f 1768/1664/3162 1757/1648/3162 1711/1614/3162
f 1758/1665/3163 1712/1615/3163 1723/1629/3163
f 1759/1666/3164 1744/1649/3164 1712/1615/3164
f 1745/1650/3165 1760/1667/3165 1713/1602/3165
f 1801/1651/3166 1643/1542/3166 1668/1571/3166
f 1801/1651/3167 1732/1639/3167 1643/1542/3167
f 1746/1652/3168 1747/1653/3168 1692/1594/3168
f 1761/1668/3169 1724/1630/3169 1702/1605/3169
f 1733/1640/3170 1762/1669/3170 1716/1619/3170
f 1716/1619/3171 1763/1670/3171 1717/1606/3171
f 1764/1671/3172 1704/1608/3172 1693/1595/3172
f 1704/1608/3173 1750/1655/3173 1719/1609/3173
f 1734/1641/3174 1765/1672/3174 1722/1623/3174
f 1766/1673/3175 1738/1634/3175 1737/1643/3175
f 1738/1634/3176 1767/1674/3176 1707/1610/3176
f 54/1675/3177 1708/1628/3177 52/1627/3177
f 54/1675/3178 1775/1636/3178 1708/1628/3178
f 1758/1665/3179 1723/1629/3179 1757/1648/3179
f 1758/1665/3180 1759/1666/3180 1712/1615/3180
f 1760/1667/3181 1730/1637/3181 1713/1602/3181
f 1747/1653/3182 1761/1668/3182 1702/1605/3182
f 1762/1669/3183 1763/1670/3183 1716/1619/3183
f 1717/1606/3184 1777/1676/3184 1748/1654/3184
f 1748/1654/3185 1769/1677/3185 1703/1620/3185
f 1769/1677/3186 1749/1631/3186 1703/1620/3186
f 1749/1631/3187 1770/1678/3187 1685/1577/3187
f 1770/1678/3188 1725/1632/3188 1685/1577/3188
f 1725/1632/3189 1764/1671/3189 1693/1595/3189
f 1721/1622/3190 1734/1641/3190 1675/1578/3190
f 1765/1672/3191 1772/1679/3191 1722/1623/3191
f 1772/1679/3192 1751/1656/3192 1722/1623/3192
f 1773/1680/3193 1736/1633/3193 1726/1625/3193
f 1766/1673/3194 1767/1674/3194 1738/1634/3194
f 1767/1674/3195 1774/1681/3195 1707/1610/3195
f 1774/1681/3196 1739/1658/3196 1707/1610/3196
f 1756/1663/3197 1768/1664/3197 1729/1613/3197
f 1798/1682/3198 1700/1616/3198 1730/1637/3198
f 1801/1651/3199 1776/1683/3199 1732/1639/3199
f 1761/1668/3200 1733/1640/3200 1724/1630/3200
f 1777/1676/3201 1717/1606/3201 1763/1670/3201
f 1720/1621/3202 1792/1684/3202 1721/1622/3202
f 1808/1685/3203 1765/1672/3203 1734/1641/3203
f 1778/1686/3204 1752/1657/3204 1705/1624/3204
f 1779/1687/3205 1726/1625/3205 1735/1642/3205
f 1780/1688/3206 1736/1633/3206 1773/1680/3206
f 1780/1688/3207 1737/1643/3207 1736/1633/3207
f 1781/1689/3208 1766/1673/3208 1737/1643/3208
f 1793/1690/3209 1753/1659/3209 1739/1658/3209
f 1753/1659/3210 53/1660/3210 1728/1635/3210
f 1783/1691/3211 1754/1661/3211 1775/1636/3211
f 1741/1645/3212 1709/1611/3212 1740/1644/3212
f 1784/1692/3213 1768/1664/3213 1756/1663/3213
f 1785/1693/3214 1758/1665/3214 1757/1648/3214
f 1786/1694/3215 1760/1667/3215 1745/1650/3215
f 1714/1617/3216 1799/1695/3216 1701/1604/3216
f 1787/1696/3217 1731/1638/3217 1701/1604/3217
f 1731/1638/3218 1788/1697/3218 1715/1618/3218
f 1747/1653/3219 1789/1698/3219 1761/1668/3219
f 1790/1699/3220 1749/1631/3220 1769/1677/3220
f 1771/1700/3221 1720/1621/3221 1750/1655/3221
f 1751/1656/3222 1778/1686/3222 1705/1624/3222
f 1779/1687/3223 1773/1680/3223 1726/1625/3223
f 1780/1688/3224 1781/1689/3224 1737/1643/3224
f 1781/1689/3225 1767/1674/3225 1766/1673/3225
f 1782/1701/3226 1739/1658/3226 1774/1681/3226
f 1782/1701/3227 1793/1690/3227 1739/1658/3227
f 1783/1691/3228 1794/1702/3228 1754/1661/3228
f 1755/1662/3229 1795/1703/3229 1742/1646/3229
f 1795/1703/3230 1796/1704/3230 1742/1646/3230
f 1796/1704/3231 1743/1647/3231 1742/1646/3231
f 1796/1704/3232 1756/1663/3232 1743/1647/3232
f 1784/1692/3233 1757/1648/3233 1768/1664/3233
f 1784/1692/3234 1785/1693/3234 1757/1648/3234
f 1797/1705/3235 1745/1650/3235 1744/1649/3235
f 1797/1705/3236 1786/1694/3236 1745/1650/3236
f 1786/1694/3237 1730/1637/3237 1760/1667/3237
f 1786/1694/3238 1798/1682/3238 1730/1637/3238
f 1700/1616/3239 1799/1695/3239 1714/1617/3239
f 1800/1706/3240 1715/1618/3240 1788/1697/3240
f 1800/1706/3241 1801/1651/3241 1715/1618/3241
f 1815/1707/3242 1746/1652/3242 1732/1639/3242
f 1770/1678/3243 1805/1708/3243 1725/1632/3243
f 1806/1709/3244 1764/1671/3244 1725/1632/3244
f 1764/1671/3245 1791/1710/3245 1704/1608/3245
f 1807/1711/3246 1720/1621/3246 1771/1700/3246
f 1792/1684/3247 1734/1641/3247 1721/1622/3247
f 1792/1684/3248 1808/1685/3248 1734/1641/3248
f 1752/1657/3249 1809/1712/3249 1735/1642/3249
f 1773/1680/3250 1818/1713/3250 1780/1688/3250
f 1781/1689/3251 1810/1714/3251 1767/1674/3251
f 1810/1714/3252 1774/1681/3252 1767/1674/3252
f 1810/1714/3253 1782/1701/3253 1774/1681/3253
f 1793/1690/3254 1811/1715/3254 1753/1659/3254
f 1811/1715/3255 53/1660/3255 1753/1659/3255
f 1783/1691/3256 1775/1636/3256 54/1675/3256
f 1821/1716/3257 1741/1645/3257 1740/1644/3257
f 1812/1717/3258 1755/1662/3258 1741/1645/3258
f 1813/1718/3259 1795/1703/3259 1755/1662/3259
f 1822/1719/3260 1785/1693/3260 1784/1692/3260
f 1759/1666/3261 1797/1705/3261 1744/1649/3261
f 1814/1720/3262 1701/1604/3262 1799/1695/3262
f 1814/1720/3263 1787/1696/3263 1701/1604/3263
f 1776/1683/3264 1815/1707/3264 1732/1639/3264
f 1815/1707/3265 1747/1653/3265 1746/1652/3265
f 1802/1721/3266 1733/1640/3266 1761/1668/3266
f 1802/1721/3267 1803/1722/3267 1733/1640/3267
f 1803/1722/3268 1762/1669/3268 1733/1640/3268
f 1777/1676/3269 1769/1677/3269 1748/1654/3269
f 1790/1699/3270 1804/1723/3270 1749/1631/3270
f 1804/1723/3271 1770/1678/3271 1749/1631/3271
f 1805/1708/3272 1806/1709/3272 1725/1632/3272
f 1817/1724/3273 1764/1671/3273 1806/1709/3273
f 1791/1710/3274 1750/1655/3274 1704/1608/3274
f 1791/1710/3275 1771/1700/3275 1750/1655/3275
f 1807/1711/3276 1792/1684/3276 1720/1621/3276
f 1779/1687/3277 1818/1713/3277 1773/1680/3277
f 1843/1725/3278 1781/1689/3278 1780/1688/3278
f 1819/1726/3279 1811/1715/3279 1793/1690/3279
f 55/1727/3280 53/1660/3280 1811/1715/3280
f 1820/1728/3281 1754/1661/3281 1794/1702/3281
f 1754/1661/3282 1821/1716/3282 1740/1644/3282
f 1812/1717/3283 1813/1718/3283 1755/1662/3283
f 1834/1729/3284 1756/1663/3284 1796/1704/3284
f 1756/1663/3285 1822/1719/3285 1784/1692/3285
f 1823/1730/3286 1758/1665/3286 1785/1693/3286
f 1823/1730/3287 1759/1666/3287 1758/1665/3287
f 1835/1731/3288 1798/1682/3288 1786/1694/3288
f 1824/1732/3289 1700/1616/3289 1798/1682/3289
f 1787/1696/3290 1788/1697/3290 1731/1638/3290
f 1815/1707/3291 1816/1733/3291 1747/1653/3291
f 1816/1733/3292 1789/1698/3292 1747/1653/3292
f 1825/1734/3293 1761/1668/3293 1789/1698/3293
f 1825/1734/3294 1802/1721/3294 1761/1668/3294
f 1826/1735/3295 1763/1670/3295 1762/1669/3295
f 1827/1736/3296 1790/1699/3296 1769/1677/3296
f 1817/1724/3297 1791/1710/3297 1764/1671/3297
f 1791/1710/3298 1828/1737/3298 1771/1700/3298
f 1828/1737/3299 1807/1711/3299 1771/1700/3299
f 1772/1679/3300 1765/1672/3300 1808/1685/3300
f 1778/1686/3301 1829/1738/3301 1752/1657/3301
f 1829/1738/3302 1809/1712/3302 1752/1657/3302
f 1809/1712/3303 1779/1687/3303 1735/1642/3303
f 1818/1713/3304 1830/1739/3304 1780/1688/3304
f 1831/1740/3305 1782/1701/3305 1810/1714/3305
f 1831/1740/3306 1793/1690/3306 1782/1701/3306
f 1831/1740/3307 1819/1726/3307 1793/1690/3307
f 1833/1741/3308 55/1727/3308 1811/1715/3308
f 56/1742/3309 1783/1691/3309 54/1675/3309
f 1820/1728/3310 1821/1716/3310 1754/1661/3310
f 1821/1716/3311 1812/1717/3311 1741/1645/3311
f 1795/1703/3312 1834/1729/3312 1796/1704/3312
f 1834/1729/3313 1822/1719/3313 1756/1663/3313
f 1835/1731/3314 1786/1694/3314 1797/1705/3314
f 1835/1731/3315 1824/1732/3315 1798/1682/3315
f 1824/1732/3316 1799/1695/3316 1700/1616/3316
f 1836/1743/3317 1788/1697/3317 1787/1696/3317
f 1801/1651/3318 1837/1744/3318 1776/1683/3318
f 1826/1735/3319 1777/1676/3319 1763/1670/3319
f 1838/1745/3320 1769/1677/3320 1777/1676/3320
f 1804/1723/3321 1805/1708/3321 1770/1678/3321
f 1839/1746/3322 1792/1684/3322 1807/1711/3322
f 1841/1747/3323 1751/1656/3323 1772/1679/3323
f 1809/1712/3324 1818/1713/3324 1779/1687/3324
f 1830/1739/3325 1843/1725/3325 1780/1688/3325
f 1781/1689/3326 1831/1740/3326 1810/1714/3326
f 1819/1726/3327 1832/1748/3327 1811/1715/3327
f 1832/1748/3328 1833/1741/3328 1811/1715/3328
f 1844/1749/3329 1759/1666/3329 1823/1730/3329
f 1845/1750/3330 1835/1731/3330 1797/1705/3330
f 1837/1744/3331 1815/1707/3331 1776/1683/3331
f 1789/1698/3332 1846/1751/3332 1825/1734/3332
f 1838/1745/3333 1827/1736/3333 1769/1677/3333
f 1839/1746/3334 1840/1752/3334 1792/1684/3334
f 1840/1752/3335 1848/1753/3335 1808/1685/3335
f 1848/1753/3336 1772/1679/3336 1808/1685/3336
f 1841/1747/3337 1778/1686/3337 1751/1656/3337
f 1842/1754/3338 1830/1739/3338 1818/1713/3338
f 1850/1755/3339 1783/1691/3339 56/1742/3339
f 1851/1756/3340 1821/1716/3340 1820/1728/3340
f 1813/1718/3341 1812/1717/3341 1821/1716/3341
f 1813/1718/3342 1834/1729/3342 1795/1703/3342
f 1834/1729/3343 1860/1757/3343 1822/1719/3343
f 1844/1749/3344 1797/1705/3344 1759/1666/3344
f 1836/1743/3345 1853/1758/3345 1788/1697/3345
f 1853/1758/3346 1800/1706/3346 1788/1697/3346
f 1800/1706/3347 1837/1744/3347 1801/1651/3347
f 1854/1759/3348 1864/1760/3348 1815/1707/3348
f 1864/1760/3349 1816/1733/3349 1815/1707/3349
f 1803/1722/3350 1826/1735/3350 1762/1669/3350
f 1826/1735/3351 1838/1745/3351 1777/1676/3351
f 1847/1761/3352 1828/1737/3352 1791/1710/3352
f 1792/1684/3353 1840/1752/3353 1808/1685/3353
f 1778/1686/3354 1855/1762/3354 1829/1738/3354
f 1856/1763/3355 1818/1713/3355 1809/1712/3355
f 1843/1725/3356 1849/1764/3356 1781/1689/3356
f 1832/1748/3357 1819/1726/3357 1831/1740/3357
f 57/1765/3358 55/1727/3358 1833/1741/3358
f 1850/1755/3359 1794/1702/3359 1783/1691/3359
f 1857/1766/3360 1820/1728/3360 1794/1702/3360
f 1857/1766/3361 1858/1767/3361 1820/1728/3361
f 1858/1767/3362 1851/1756/3362 1820/1728/3362
f 1851/1756/3363 1874/1768/3363 1821/1716/3363
f 1874/1768/3364 1813/1718/3364 1821/1716/3364
f 1875/1769/3365 1860/1757/3365 1834/1729/3365
f 1860/1757/3366 1852/1770/3366 1822/1719/3366
f 1852/1770/3367 1861/1771/3367 1822/1719/3367
f 1861/1771/3368 1785/1693/3368 1822/1719/3368
f 1862/1772/3369 1823/1730/3369 1785/1693/3369
f 1862/1772/3370 1844/1749/3370 1823/1730/3370
f 1844/1749/3371 1845/1750/3371 1797/1705/3371
f 1863/1773/3372 1824/1732/3372 1835/1731/3372
f 1886/1774/3373 1836/1743/3373 1787/1696/3373
f 1854/1759/3374 1815/1707/3374 1837/1744/3374
f 1816/1733/3375 1846/1751/3375 1789/1698/3375
f 1790/1699/3376 1890/1775/3376 1804/1723/3376
f 1890/1775/3377 1805/1708/3377 1804/1723/3377
f 1866/1776/3378 1807/1711/3378 1828/1737/3378
f 1867/1777/3379 1841/1747/3379 1772/1679/3379
f 1841/1747/3380 1868/1778/3380 1778/1686/3380
f 1855/1762/3381 1809/1712/3381 1829/1738/3381
f 1855/1762/3382 1856/1763/3382 1809/1712/3382
f 1869/1779/3383 1842/1754/3383 1818/1713/3383
f 1849/1764/3384 1870/1780/3384 1781/1689/3384
f 1871/1781/3385 1831/1740/3385 1781/1689/3385
f 1831/1740/3386 1871/1781/3386 1832/1748/3386
f 1871/1781/3387 1872/1782/3387 1832/1748/3387
f 1872/1782/3388 1833/1741/3388 1832/1748/3388
f 1872/1782/3389 1873/1783/3389 1833/1741/3389
f 1873/1783/3390 57/1765/3390 1833/1741/3390
f 1858/1767/3391 1874/1768/3391 1851/1756/3391
f 1874/1768/3392 1859/1784/3392 1813/1718/3392
f 1859/1784/3393 1834/1729/3393 1813/1718/3393
f 1859/1784/3394 1875/1769/3394 1834/1729/3394
f 1862/1772/3395 1785/1693/3395 1861/1771/3395
f 1876/1785/3396 1845/1750/3396 1844/1749/3396
f 1863/1773/3397 1877/1786/3397 1824/1732/3397
f 1877/1786/3398 1799/1695/3398 1824/1732/3398
f 1802/1721/3399 1878/1787/3399 1803/1722/3399
f 1826/1735/3400 1865/1788/3400 1838/1745/3400
f 1891/1789/3401 1805/1708/3401 1890/1775/3401
f 1847/1761/3402 1866/1776/3402 1828/1737/3402
f 1880/1790/3403 1839/1746/3403 1807/1711/3403
f 1848/1753/3404 1867/1777/3404 1772/1679/3404
f 1881/1791/3405 1855/1762/3405 1778/1686/3405
f 1882/1792/3406 1818/1713/3406 1856/1763/3406
f 1882/1792/3407 1869/1779/3407 1818/1713/3407
f 1870/1780/3408 1871/1781/3408 1781/1689/3408
f 1899/1793/3409 1859/1784/3409 1874/1768/3409
f 1884/1794/3410 1852/1770/3410 1860/1757/3410
f 1884/1794/3411 1861/1771/3411 1852/1770/3411
f 1876/1785/3412 1844/1749/3412 1862/1772/3412
f 1885/1795/3413 1835/1731/3413 1845/1750/3413
f 1885/1795/3414 1863/1773/3414 1835/1731/3414
f 1886/1774/3415 1787/1696/3415 1814/1720/3415
f 1853/1758/3416 1887/1796/3416 1800/1706/3416
f 1887/1796/3417 1837/1744/3417 1800/1706/3417
f 1888/1797/3418 1846/1751/3418 1816/1733/3418
f 1889/1798/3419 1825/1734/3419 1846/1751/3419
f 1803/1722/3420 1879/1799/3420 1826/1735/3420
f 1904/1800/3421 1890/1775/3421 1827/1736/3421
f 1890/1775/3422 1790/1699/3422 1827/1736/3422
f 1892/1801/3423 1806/1709/3423 1805/1708/3423
f 1893/1802/3424 1791/1710/3424 1817/1724/3424
f 1893/1802/3425 1847/1761/3425 1791/1710/3425
f 1880/1790/3426 1894/1803/3426 1839/1746/3426
f 1894/1803/3427 1840/1752/3427 1839/1746/3427
f 1895/1804/3428 1867/1777/3428 1848/1753/3428
f 1868/1778/3429 1881/1791/3429 1778/1686/3429
f 1855/1762/3430 1896/1805/3430 1856/1763/3430
f 1896/1805/3431 1882/1792/3431 1856/1763/3431
f 1869/1779/3432 1830/1739/3432 1842/1754/3432
f 1830/1739/3433 1849/1764/3433 1843/1725/3433
f 1873/1783/3434 1908/1806/3434 57/1765/3434
f 1898/1807/3435 1794/1702/3435 1850/1755/3435
f 1921/1808/3436 1899/1793/3436 1874/1768/3436
f 1883/1809/3437 1875/1769/3437 1859/1784/3437
f 1900/1810/3438 1884/1794/3438 1860/1757/3438
f 1901/1811/3439 1862/1772/3439 1861/1771/3439
f 1911/1812/3440 1845/1750/3440 1876/1785/3440
f 1911/1812/3441 1885/1795/3441 1845/1750/3441
f 1877/1786/3442 1814/1720/3442 1799/1695/3442
f 1902/1813/3443 1837/1744/3443 1887/1796/3443
f 1878/1787/3444 1802/1721/3444 1825/1734/3444
f 1878/1787/3445 1879/1799/3445 1803/1722/3445
f 1903/1814/3446 1865/1788/3446 1826/1735/3446
f 1904/1800/3447 1827/1736/3447 1838/1745/3447
f 1914/1815/3448 1892/1801/3448 1805/1708/3448
f 1892/1801/3449 1817/1724/3449 1806/1709/3449
f 1892/1801/3450 1893/1802/3450 1817/1724/3450
f 1916/1816/3451 1895/1804/3451 1848/1753/3451
f 1867/1777/3452 1868/1778/3452 1841/1747/3452
f 1905/1817/3453 1830/1739/3453 1869/1779/3453
f 1906/1818/3454 1849/1764/3454 1830/1739/3454
f 1849/1764/3455 1907/1819/3455 1870/1780/3455
f 1897/1820/3456 1872/1782/3456 1871/1781/3456
f 1897/1820/3457 1873/1783/3457 1872/1782/3457
f 59/1821/3458 1850/1755/3458 56/1742/3458
f 1857/1766/3459 1794/1702/3459 1898/1807/3459
f 1899/1793/3460 1883/1809/3460 1859/1784/3460
f 1875/1769/3461 1900/1810/3461 1860/1757/3461
f 1900/1810/3462 1909/1822/3462 1884/1794/3462
f 1909/1822/3463 1861/1771/3463 1884/1794/3463
f 1909/1822/3464 1901/1811/3464 1861/1771/3464
f 1910/1823/3465 1876/1785/3465 1862/1772/3465
f 1912/1824/3466 1863/1773/3466 1885/1795/3466
f 1886/1774/3467 1814/1720/3467 1877/1786/3467
f 1902/1813/3468 1854/1759/3468 1837/1744/3468
f 1925/1825/3469 1816/1733/3469 1864/1760/3469
f 1925/1825/3470 1888/1797/3470 1816/1733/3470
f 1889/1798/3471 1878/1787/3471 1825/1734/3471
f 1879/1799/3472 1913/1826/3472 1826/1735/3472
f 1913/1826/3473 1903/1814/3473 1826/1735/3473
f 1865/1788/3474 1904/1800/3474 1838/1745/3474
f 1914/1815/3475 1805/1708/3475 1891/1789/3475
f 1866/1776/3476 1880/1790/3476 1807/1711/3476
f 1894/1803/3477 1915/1827/3477 1840/1752/3477
f 1915/1827/3478 1916/1816/3478 1840/1752/3478
f 1916/1816/3479 1848/1753/3479 1840/1752/3479
f 1895/1804/3480 1917/1828/3480 1867/1777/3480
f 1918/1829/3481 1855/1762/3481 1881/1791/3481
f 1918/1829/3482 1919/1830/3482 1855/1762/3482
f 1919/1830/3483 1896/1805/3483 1855/1762/3483
f 1919/1830/3484 1882/1792/3484 1896/1805/3484
f 1905/1817/3485 1869/1779/3485 1882/1792/3485
f 1897/1820/3486 1908/1806/3486 1873/1783/3486
f 1920/1831/3487 57/1765/3487 1908/1806/3487
f 1920/1831/3488 58/1832/3488 57/1765/3488
f 59/1821/3489 1898/1807/3489 1850/1755/3489
f 1921/1808/3490 1874/1768/3490 1858/1767/3490
f 1899/1793/3491 1922/1833/3491 1883/1809/3491
f 1910/1823/3492 1911/1812/3492 1876/1785/3492
f 1923/1834/3493 1912/1824/3493 1885/1795/3493
f 1886/1774/3494 1924/1835/3494 1836/1743/3494
f 1925/1825/3495 1864/1760/3495 1854/1759/3495
f 1888/1797/3496 1889/1798/3496 1846/1751/3496
f 1963/1836/3497 1890/1775/3497 1904/1800/3497
f 1927/1837/3498 1868/1778/3498 1867/1777/3498
f 1928/1838/3499 1905/1817/3499 1882/1792/3499
f 1906/1818/3500 1830/1739/3500 1905/1817/3500
f 1906/1818/3501 1907/1819/3501 1849/1764/3501
f 1870/1780/3502 1907/1819/3502 1871/1781/3502
f 1907/1819/3503 1897/1820/3503 1871/1781/3503
f 1907/1819/3504 1929/1839/3504 1897/1820/3504
f 1929/1839/3505 1930/1840/3505 1897/1820/3505
f 1930/1840/3506 1908/1806/3506 1897/1820/3506
f 1930/1840/3507 1920/1831/3507 1908/1806/3507
f 1922/1833/3508 1875/1769/3508 1883/1809/3508
f 1909/1822/3509 1931/1841/3509 1901/1811/3509
f 1931/1841/3510 1862/1772/3510 1901/1811/3510
f 1931/1841/3511 1910/1823/3511 1862/1772/3511
f 1911/1812/3512 1923/1834/3512 1885/1795/3512
f 1912/1824/3513 1932/1842/3513 1863/1773/3513
f 1924/1835/3514 1853/1758/3514 1836/1743/3514
f 1933/1843/3515 1854/1759/3515 1902/1813/3515
f 1865/1788/3516 1934/1844/3516 1904/1800/3516
f 1893/1802/3517 1926/1845/3517 1847/1761/3517
f 1926/1845/3518 1866/1776/3518 1847/1761/3518
f 1936/1846/3519 1895/1804/3519 1916/1816/3519
f 1917/1828/3520 1927/1837/3520 1867/1777/3520
f 1937/1847/3521 1881/1791/3521 1868/1778/3521
f 1938/1848/3522 1882/1792/3522 1919/1830/3522
f 1938/1848/3523 1928/1838/3523 1882/1792/3523
f 1939/1849/3524 1906/1818/3524 1905/1817/3524
f 1940/1850/3525 1907/1819/3525 1906/1818/3525
f 1898/1807/3526 1941/1851/3526 1857/1766/3526
f 1941/1851/3527 1858/1767/3527 1857/1766/3527
f 1941/1851/3528 1921/1808/3528 1858/1767/3528
f 1942/1852/3529 1899/1793/3529 1921/1808/3529
f 1942/1852/3530 1943/1853/3530 1899/1793/3530
f 1943/1853/3531 1922/1833/3531 1899/1793/3531
f 1944/1854/3532 1909/1822/3532 1900/1810/3532
f 1910/1823/3533 1945/1855/3533 1911/1812/3533
f 1932/1842/3534 1877/1786/3534 1863/1773/3534
f 1933/1843/3535 1925/1825/3535 1854/1759/3535
f 1903/1814/3536 1934/1844/3536 1865/1788/3536
f 1949/1856/3537 1893/1802/3537 1892/1801/3537
f 1926/1845/3538 1935/1857/3538 1866/1776/3538
f 1935/1857/3539 1880/1790/3539 1866/1776/3539
f 1950/1858/3540 1894/1803/3540 1880/1790/3540
f 1915/1827/3541 1936/1846/3541 1916/1816/3541
f 1927/1837/3542 1937/1847/3542 1868/1778/3542
f 1951/1859/3543 1918/1829/3543 1881/1791/3543
f 1928/1838/3544 1939/1849/3544 1905/1817/3544
f 1940/1850/3545 1952/1860/3545 1907/1819/3545
f 1969/1861/3546 1942/1852/3546 1921/1808/3546
f 1943/1853/3547 1954/1862/3547 1922/1833/3547
f 1955/1863/3548 1875/1769/3548 1922/1833/3548
f 1956/1864/3549 1900/1810/3549 1875/1769/3549
f 1956/1864/3550 1944/1854/3550 1900/1810/3550
f 1957/1865/3551 1910/1823/3551 1931/1841/3551
f 1945/1855/3552 1959/1866/3552 1911/1812/3552
f 1959/1866/3553 1923/1834/3553 1911/1812/3553
f 1932/1842/3554 1961/1867/3554 1877/1786/3554
f 1887/1796/3555 1947/1868/3555 1902/1813/3555
f 1925/1825/3556 1962/1869/3556 1888/1797/3556
f 1986/1870/3557 1878/1787/3557 1889/1798/3557
f 1948/1871/3558 1879/1799/3558 1878/1787/3558
f 1963/1836/3559 1904/1800/3559 1934/1844/3559
f 1973/1872/3560 1926/1845/3560 1893/1802/3560
f 1950/1858/3561 1915/1827/3561 1894/1803/3561
f 1915/1827/3562 1964/1873/3562 1936/1846/3562
f 1936/1846/3563 1917/1828/3563 1895/1804/3563
f 1917/1828/3564 1965/1874/3564 1927/1837/3564
f 1965/1874/3565 1937/1847/3565 1927/1837/3565
f 1937/1847/3566 1951/1859/3566 1881/1791/3566
f 1951/1859/3567 1919/1830/3567 1918/1829/3567
f 1951/1859/3568 1938/1848/3568 1919/1830/3568
f 1952/1860/3569 1966/1875/3569 1907/1819/3569
f 1966/1875/3570 1967/1876/3570 1907/1819/3570
f 1967/1876/3571 1929/1839/3571 1907/1819/3571
f 1929/1839/3572 1953/1877/3572 1930/1840/3572
f 1930/1840/3573 58/1832/3573 1920/1831/3573
f 1954/1862/3574 1955/1863/3574 1922/1833/3574
f 1955/1863/3575 1956/1864/3575 1875/1769/3575
f 1944/1854/3576 1931/1841/3576 1909/1822/3576
f 1958/1878/3577 1959/1866/3577 1910/1823/3577
f 1959/1866/3578 1945/1855/3578 1910/1823/3578
f 1923/1834/3579 1960/1879/3579 1912/1824/3579
f 1970/1880/3580 1886/1774/3580 1877/1786/3580
f 1970/1880/3581 1946/1881/3581 1886/1774/3581
f 1946/1881/3582 1924/1835/3582 1886/1774/3582
f 1971/1882/3583 1853/1758/3583 1924/1835/3583
f 1972/1883/3584 1887/1796/3584 1853/1758/3584
f 1972/1883/3585 1947/1868/3585 1887/1796/3585
f 1986/1870/3586 1889/1798/3586 1888/1797/3586
f 1963/1836/3587 1891/1789/3587 1890/1775/3587
f 1973/1872/3588 1935/1857/3588 1926/1845/3588
f 1935/1857/3589 1950/1858/3589 1880/1790/3589
f 1950/1858/3590 1974/1884/3590 1915/1827/3590
f 1974/1884/3591 1964/1873/3591 1915/1827/3591
f 1975/1885/3592 1917/1828/3592 1936/1846/3592
f 1976/1886/3593 1965/1874/3593 1917/1828/3593
f 1978/1887/3594 1938/1848/3594 1951/1859/3594
f 1979/1888/3595 1906/1818/3595 1939/1849/3595
f 1979/1888/3596 1980/1889/3596 1906/1818/3596
f 1980/1889/3597 1940/1850/3597 1906/1818/3597
f 1930/1840/3598 60/1890/3598 58/1832/3598
f 59/1821/3599 1968/1891/3599 1898/1807/3599
f 1968/1891/3600 1941/1851/3600 1898/1807/3600
f 1941/1851/3601 1992/1892/3601 1921/1808/3601
f 1992/1892/3602 1969/1861/3602 1921/1808/3602
f 1955/1863/3603 1982/1893/3603 1956/1864/3603
f 1956/1864/3604 1983/1894/3604 1944/1854/3604
f 1983/1894/3605 1931/1841/3605 1944/1854/3605
f 1983/1894/3606 1957/1865/3606 1931/1841/3606
f 1958/1878/3607 1910/1823/3607 1957/1865/3607
f 1959/1866/3608 1960/1879/3608 1923/1834/3608
f 1984/1895/3609 1912/1824/3609 1960/1879/3609
f 1984/1895/3610 1932/1842/3610 1912/1824/3610
f 2019/1896/3611 1971/1882/3611 1924/1835/3611
f 1971/1882/3612 1972/1883/3612 1853/1758/3612
f 1947/1868/3613 1985/1897/3613 1902/1813/3613
f 1985/1897/3614 1933/1843/3614 1902/1813/3614
f 1986/1870/3615 1888/1797/3615 1962/1869/3615
f 1987/1898/3616 1878/1787/3616 1986/1870/3616
f 1987/1898/3617 1948/1871/3617 1878/1787/3617
f 1988/1899/3618 1903/1814/3618 1913/1826/3618
f 1988/1899/3619 1934/1844/3619 1903/1814/3619
f 1914/1815/3620 1949/1856/3620 1892/1801/3620
f 1973/1872/3621 1990/1900/3621 1935/1857/3621
f 1975/1885/3622 1976/1886/3622 1917/1828/3622
f 1937/1847/3623 1977/1901/3623 1951/1859/3623
f 1977/1901/3624 1978/1887/3624 1951/1859/3624
f 1978/1887/3625 1928/1838/3625 1938/1848/3625
f 1980/1889/3626 1981/1902/3626 1940/1850/3626
f 1967/1876/3627 1991/1903/3627 1929/1839/3627
f 1991/1903/3628 1953/1877/3628 1929/1839/3628
f 1993/1904/3629 1957/1865/3629 1983/1894/3629
f 1993/1904/3630 1958/1878/3630 1957/1865/3630
f 1994/1905/3631 1959/1866/3631 1958/1878/3631
f 1961/1867/3632 1970/1880/3632 1877/1786/3632
f 1995/1906/3633 1962/1869/3633 1925/1825/3633
f 1996/1907/3634 1987/1898/3634 1986/1870/3634
f 1879/1799/3635 1997/1908/3635 1913/1826/3635
f 1998/1909/3636 1891/1789/3636 1963/1836/3636
f 1949/1856/3637 1973/1872/3637 1893/1802/3637
f 1990/1900/3638 1950/1858/3638 1935/1857/3638
f 1999/1910/3639 1964/1873/3639 1974/1884/3639
f 1964/1873/3640 1975/1885/3640 1936/1846/3640
f 1964/1873/3641 1976/1886/3641 1975/1885/3641
f 1978/1887/3642 2000/1911/3642 1928/1838/3642
f 2000/1911/3643 1939/1849/3643 1928/1838/3643
f 1940/1850/3644 1981/1902/3644 1952/1860/3644
f 2001/1912/3645 1966/1875/3645 1952/1860/3645
f 2002/1913/3646 1967/1876/3646 1966/1875/3646
f 1953/1877/3647 61/1914/3647 1930/1840/3647
f 61/1914/3648 60/1890/3648 1930/1840/3648
f 2003/1915/3649 1941/1851/3649 1968/1891/3649
f 1992/1892/3650 2004/1916/3650 1969/1861/3650
f 2004/1916/3651 1942/1852/3651 1969/1861/3651
f 1942/1852/3652 2005/1917/3652 1943/1853/3652
f 2005/1917/3653 1954/1862/3653 1943/1853/3653
f 2005/1917/3654 1955/1863/3654 1954/1862/3654
f 1982/1893/3655 2006/1918/3655 1956/1864/3655
f 1961/1867/3656 2018/1919/3656 1970/1880/3656
f 1946/1881/3657 2019/1896/3657 1924/1835/3657
f 1985/1897/3658 1925/1825/3658 1933/1843/3658
f 1985/1897/3659 2035/1920/3659 1925/1825/3659
f 2035/1920/3660 1995/1906/3660 1925/1825/3660
f 1948/1871/3661 1997/1908/3661 1879/1799/3661
f 1989/1921/3662 1998/1909/3662 1963/1836/3662
f 2009/1922/3663 1949/1856/3663 1914/1815/3663
f 1949/1856/3664 2010/1923/3664 1973/1872/3664
f 1950/1858/3665 1999/1910/3665 1974/1884/3665
f 1976/1886/3666 2039/1924/3666 1965/1874/3666
f 1965/1874/3667 2011/1925/3667 1937/1847/3667
f 2011/1925/3668 1977/1901/3668 1937/1847/3668
f 1981/1902/3669 2001/1912/3669 1952/1860/3669
f 2002/1913/3670 1966/1875/3670 2001/1912/3670
f 2012/1926/3671 61/1914/3671 1953/1877/3671
f 62/1927/3672 1968/1891/3672 59/1821/3672
f 1942/1852/3673 2013/1928/3673 2005/1917/3673
f 2014/1929/3674 1982/1893/3674 1955/1863/3674
f 2006/1918/3675 1983/1894/3675 1956/1864/3675
f 2015/1930/3676 1958/1878/3676 1993/1904/3676
f 1994/1905/3677 1960/1879/3677 1959/1866/3677
f 1994/1905/3678 2016/1931/3678 1960/1879/3678
f 1960/1879/3679 2032/1932/3679 1984/1895/3679
f 2032/1932/3680 2017/1933/3680 1984/1895/3680
f 1984/1895/3681 2017/1933/3681 1932/1842/3681
f 2017/1933/3682 1961/1867/3682 1932/1842/3682
f 2017/1933/3683 2018/1919/3683 1961/1867/3683
f 1970/1880/3684 2033/1934/3684 1946/1881/3684
f 2020/1935/3685 1947/1868/3685 1972/1883/3685
f 2007/1936/3686 1996/1907/3686 1986/1870/3686
f 1996/1907/3687 2008/1937/3687 1987/1898/3687
f 1997/1908/3688 1988/1899/3688 1913/1826/3688
f 1989/1921/3689 1963/1836/3689 1934/1844/3689
f 1998/1909/3690 1914/1815/3690 1891/1789/3690
f 1998/1909/3691 2021/1938/3691 1914/1815/3691
f 2037/1939/3692 1990/1900/3692 1973/1872/3692
f 2022/1940/3693 1950/1858/3693 1990/1900/3693
f 2023/1941/3694 1999/1910/3694 1950/1858/3694
f 1999/1910/3695 2024/1942/3695 1964/1873/3695
f 2025/1943/3696 1976/1886/3696 1964/1873/3696
f 2011/1925/3697 1978/1887/3697 1977/1901/3697
f 2011/1925/3698 2000/1911/3698 1978/1887/3698
f 2026/1944/3699 1939/1849/3699 2000/1911/3699
f 2026/1944/3700 1979/1888/3700 1939/1849/3700
f 2027/1945/3701 1980/1889/3701 1979/1888/3701
f 2027/1945/3702 1981/1902/3702 1980/1889/3702
f 1991/1903/3703 1967/1876/3703 2002/1913/3703
f 2028/1946/3704 1953/1877/3704 1991/1903/3704
f 2003/1915/3705 1992/1892/3705 1941/1851/3705
f 2003/1915/3706 2029/1947/3706 1992/1892/3706
f 2044/1948/3707 2013/1928/3707 1942/1852/3707
f 2005/1917/3708 2014/1929/3708 1955/1863/3708
f 2030/1949/3709 1993/1904/3709 1983/1894/3709
f 2030/1949/3710 2031/1950/3710 1993/1904/3710
f 2015/1930/3711 2063/1951/3711 1958/1878/3711
f 2063/1951/3712 1994/1905/3712 1958/1878/3712
f 2033/1934/3713 1970/1880/3713 2018/1919/3713
f 2033/1934/3714 2019/1896/3714 1946/1881/3714
f 1971/1882/3715 2034/1952/3715 1972/1883/3715
f 1995/1906/3716 2090/1953/3716 1962/1869/3716
f 1962/1869/3717 2007/1936/3717 1986/1870/3717
f 2036/1954/3718 1997/1908/3718 1948/1871/3718
f 1988/1899/3719 1989/1921/3719 1934/1844/3719
f 2021/1938/3720 2009/1922/3720 1914/1815/3720
f 2009/1922/3721 2010/1923/3721 1949/1856/3721
f 2010/1923/3722 2037/1939/3722 1973/1872/3722
f 2037/1939/3723 2022/1940/3723 1990/1900/3723
f 2022/1940/3724 2038/1955/3724 1950/1858/3724
f 2023/1941/3725 2024/1942/3725 1999/1910/3725
f 2024/1942/3726 2025/1943/3726 1964/1873/3726
f 2039/1924/3727 1976/1886/3727 2025/1943/3727
f 2039/1924/3728 2011/1925/3728 1965/1874/3728
f 1981/1902/3729 2056/1956/3729 2001/1912/3729
f 2056/1956/3730 2002/1913/3730 2001/1912/3730
f 2040/1957/3731 1991/1903/3731 2002/1913/3731
f 2028/1946/3732 2012/1926/3732 1953/1877/3732
f 2042/1958/3733 61/1914/3733 2012/1926/3733
f 2042/1958/3734 63/1959/3734 61/1914/3734
f 2043/1960/3735 2044/1948/3735 2004/1916/3735
f 2044/1948/3736 1942/1852/3736 2004/1916/3736
f 2013/1928/3737 2045/1961/3737 2005/1917/3737
f 2045/1961/3738 2014/1929/3738 2005/1917/3738
f 2014/1929/3739 2006/1918/3739 1982/1893/3739
f 2046/1962/3740 1983/1894/3740 2006/1918/3740
f 2046/1962/3741 2030/1949/3741 1983/1894/3741
f 2031/1950/3742 2015/1930/3742 1993/1904/3742
f 2016/1931/3743 2032/1932/3743 1960/1879/3743
f 2067/1963/3744 2033/1934/3744 2018/1919/3744
f 2048/1964/3745 2019/1896/3745 2033/1934/3745
f 2034/1952/3746 2020/1935/3746 1972/1883/3746
f 2070/1965/3747 2036/1954/3747 1948/1871/3747
f 2049/1966/3748 1989/1921/3748 1988/1899/3748
f 2051/1967/3749 2052/1968/3749 2022/1940/3749
f 2052/1968/3750 2038/1955/3750 2022/1940/3750
f 2038/1955/3751 2023/1941/3751 1950/1858/3751
f 2039/1924/3752 2053/1969/3752 2011/1925/3752
f 2054/1970/3753 1979/1888/3753 2026/1944/3753
f 2054/1970/3754 2027/1945/3754 1979/1888/3754
f 2055/1971/3755 2056/1956/3755 1981/1902/3755
f 2085/1972/3756 2040/1957/3756 2002/1913/3756
f 2040/1957/3757 2057/1973/3757 1991/1903/3757
f 2057/1973/3758 2028/1946/3758 1991/1903/3758
f 2028/1946/3759 2041/1974/3759 2012/1926/3759
f 2041/1974/3760 2042/1958/3760 2012/1926/3760
f 2058/1975/3761 1968/1891/3761 62/1927/3761
f 2058/1975/3762 2059/1976/3762 1968/1891/3762
f 2059/1976/3763 2003/1915/3763 1968/1891/3763
f 2029/1947/3764 2060/1977/3764 1992/1892/3764
f 2060/1977/3765 2004/1916/3765 1992/1892/3765
f 2060/1977/3766 2043/1960/3766 2004/1916/3766
f 2061/1978/3767 2013/1928/3767 2044/1948/3767
f 2061/1978/3768 2045/1961/3768 2013/1928/3768
f 2045/1961/3769 2062/1979/3769 2014/1929/3769
f 2062/1979/3770 2006/1918/3770 2014/1929/3770
f 2062/1979/3771 2046/1962/3771 2006/1918/3771
f 2063/1951/3772 2015/1930/3772 2031/1950/3772
f 2047/1980/3773 2064/1981/3773 1994/1905/3773
f 2064/1981/3774 2016/1931/3774 1994/1905/3774
f 2032/1932/3775 2065/1982/3775 2017/1933/3775
f 2065/1982/3776 2066/1983/3776 2017/1933/3776
f 2067/1963/3777 2018/1919/3777 2017/1933/3777
f 2048/1964/3778 2068/1984/3778 2019/1896/3778
f 2068/1984/3779 1971/1882/3779 2019/1896/3779
f 2069/1985/3780 1995/1906/3780 2035/1920/3780
f 1987/1898/3781 2070/1965/3781 1948/1871/3781
f 2071/1986/3782 2050/1987/3782 1998/1909/3782
f 2010/1923/3783 2072/1988/3783 2037/1939/3783
f 2072/1988/3784 2073/1989/3784 2037/1939/3784
f 2073/1989/3785 2022/1940/3785 2037/1939/3785
f 2073/1989/3786 2074/1990/3786 2022/1940/3786
f 2074/1990/3787 2051/1967/3787 2022/1940/3787
f 2027/1945/3788 2055/1971/3788 1981/1902/3788
f 2056/1956/3789 2075/1991/3789 2002/1913/3789
f 2075/1991/3790 2085/1972/3790 2002/1913/3790
f 2085/1972/3791 2057/1973/3791 2040/1957/3791
f 2076/1992/3792 2028/1946/3792 2057/1973/3792
f 2076/1992/3793 2077/1993/3793 2028/1946/3793
f 2077/1993/3794 2041/1974/3794 2028/1946/3794
f 2078/1994/3795 2029/1947/3795 2003/1915/3795
f 2029/1947/3796 2079/1995/3796 2060/1977/3796
f 2043/1960/3797 2061/1978/3797 2044/1948/3797
f 2031/1950/3798 2080/1996/3798 2063/1951/3798
f 2063/1951/3799 2047/1980/3799 1994/1905/3799
f 2064/1981/3800 2032/1932/3800 2016/1931/3800
f 2066/1983/3801 2067/1963/3801 2017/1933/3801
f 2020/1935/3802 1985/1897/3802 1947/1868/3802
f 1996/1907/3803 2007/1936/3803 2091/1997/3803
f 1996/1907/3804 2081/1998/3804 2008/1937/3804
f 2081/1998/3805 1987/1898/3805 2008/1937/3805
f 2050/1987/3806 2021/1938/3806 1998/1909/3806
f 2095/1999/3807 2038/1955/3807 2052/1968/3807
f 2038/1955/3808 2083/2000/3808 2023/1941/3808
f 2083/2000/3809 2097/2001/3809 2023/1941/3809
f 2097/2001/3810 2024/1942/3810 2023/1941/3810
f 2053/1969/3811 2084/2002/3811 2011/1925/3811
f 2011/1925/3812 2026/1944/3812 2000/1911/3812
f 2085/1972/3813 2076/1992/3813 2057/1973/3813
f 2086/2003/3814 2042/1958/3814 2041/1974/3814
f 2086/2003/3815 2087/2004/3815 2042/1958/3815
f 2087/2004/3816 63/1959/3816 2042/1958/3816
f 64/2005/3817 2058/1975/3817 62/1927/3817
f 2078/1994/3818 2003/1915/3818 2059/1976/3818
f 2079/1995/3819 2043/1960/3819 2060/1977/3819
f 2100/2006/3820 2045/1961/3820 2061/1978/3820
f 2100/2006/3821 2062/1979/3821 2045/1961/3821
f 2088/2007/3822 2032/1932/3822 2064/1981/3822
f 2088/2007/3823 2065/1982/3823 2032/1932/3823
f 2091/1997/3824 1962/1869/3824 2090/1953/3824
f 2091/1997/3825 2007/1936/3825 1962/1869/3825
f 2081/1998/3826 2092/2008/3826 1987/1898/3826
f 2092/2008/3827 2070/1965/3827 1987/1898/3827
f 1997/1908/3828 2049/1966/3828 1988/1899/3828
f 2049/1966/3829 2105/2009/3829 1989/1921/3829
f 2093/2010/3830 1998/1909/3830 1989/1921/3830
f 2021/1938/3831 2082/2011/3831 2009/1922/3831
f 2082/2011/3832 2010/1923/3832 2009/1922/3832
f 2082/2011/3833 2072/1988/3833 2010/1923/3833
f 2051/1967/3834 2095/1999/3834 2052/1968/3834
f 2096/2012/3835 2038/1955/3835 2095/1999/3835
f 2096/2012/3836 2083/2000/3836 2038/1955/3836
f 2024/1942/3837 2097/2001/3837 2025/1943/3837
f 2097/2001/3838 2039/1924/3838 2025/1943/3838
f 2084/2002/3839 2026/1944/3839 2011/1925/3839
f 2055/1971/3840 2075/1991/3840 2056/1956/3840
f 2077/1993/3841 2086/2003/3841 2041/1974/3841
f 2087/2004/3842 65/2013/3842 63/1959/3842
f 2058/1975/3843 2078/1994/3843 2059/1976/3843
f 2099/2014/3844 2029/1947/3844 2078/1994/3844
f 2099/2014/3845 2079/1995/3845 2029/1947/3845
f 2080/1996/3846 2102/2015/3846 2063/1951/3846
f 2102/2015/3847 2103/2016/3847 2063/1951/3847
f 2103/2016/3848 2047/1980/3848 2063/1951/3848
f 2103/2016/3849 2088/2007/3849 2064/1981/3849
f 2066/1983/3850 2116/2017/3850 2067/1963/3850
f 2089/2018/3851 2048/1964/3851 2033/1934/3851
f 2068/1984/3852 2104/2019/3852 1971/1882/3852
f 2104/2019/3853 2034/1952/3853 1971/1882/3853
f 2118/2020/3854 2035/1920/3854 1985/1897/3854
f 2069/1985/3855 2090/1953/3855 1995/1906/3855
f 2105/2009/3856 2093/2010/3856 1989/1921/3856
f 2106/2021/3857 2072/1988/3857 2082/2011/3857
f 2094/2022/3858 2073/1989/3858 2072/1988/3858
f 2107/2023/3859 2097/2001/3859 2083/2000/3859
f 2097/2001/3860 2098/2024/3860 2039/1924/3860
f 2098/2024/3861 2053/1969/3861 2039/1924/3861
f 2026/1944/3862 2109/2025/3862 2054/1970/3862
f 2109/2025/3863 2027/1945/3863 2054/1970/3863
f 2109/2025/3864 2055/1971/3864 2027/1945/3864
f 2085/1972/3865 2110/2026/3865 2076/1992/3865
f 2110/2026/3866 2077/1993/3866 2076/1992/3866
f 64/2005/3867 2111/2027/3867 2058/1975/3867
f 2058/1975/3868 2111/2027/3868 2078/1994/3868
f 2112/2028/3869 2061/1978/3869 2043/1960/3869
f 2100/2006/3870 2101/2029/3870 2062/1979/3870
f 2101/2029/3871 2113/2030/3871 2062/1979/3871
f 2113/2030/3872 2046/1962/3872 2062/1979/3872
f 2113/2030/3873 2030/1949/3873 2046/1962/3873
f 2113/2030/3874 2114/2031/3874 2030/1949/3874
f 2114/2031/3875 2031/1950/3875 2030/1949/3875
f 2103/2016/3876 2064/1981/3876 2047/1980/3876
f 2088/2007/3877 2115/2032/3877 2065/1982/3877
f 2065/1982/3878 2116/2017/3878 2066/1983/3878
f 2067/1963/3879 2089/2018/3879 2033/1934/3879
f 2089/2018/3880 2117/2033/3880 2048/1964/3880
f 2034/1952/3881 2118/2020/3881 2020/1935/3881
f 2118/2020/3882 1985/1897/3882 2020/1935/3882
f 2118/2020/3883 2069/1985/3883 2035/1920/3883
f 2130/2034/3884 2081/1998/3884 1996/1907/3884
f 2119/2035/3885 1997/1908/3885 2036/1954/3885
f 2093/2010/3886 2132/2036/3886 1998/1909/3886
f 2132/2036/3887 2071/1986/3887 1998/1909/3887
f 2050/1987/3888 2120/2037/3888 2021/1938/3888
f 2120/2037/3889 2082/2011/3889 2021/1938/3889
f 2094/2022/3890 2074/1990/3890 2073/1989/3890
f 2096/2012/3891 2121/2038/3891 2083/2000/3891
f 2121/2038/3892 2107/2023/3892 2083/2000/3892
f 2123/2039/3893 2053/1969/3893 2098/2024/3893
f 2123/2039/3894 2084/2002/3894 2053/1969/3894
f 2136/2040/3895 2109/2025/3895 2026/1944/3895
f 2139/2041/3896 2085/1972/3896 2075/1991/3896
f 2125/2042/3897 2099/2014/3897 2078/1994/3897
f 2079/1995/3898 2126/2043/3898 2043/1960/3898
f 2126/2043/3899 2112/2028/3899 2043/1960/3899
f 2112/2028/3900 2100/2006/3900 2061/1978/3900
f 2114/2031/3901 2080/1996/3901 2031/1950/3901
f 2102/2015/3902 2127/2044/3902 2103/2016/3902
f 2127/2044/3903 2128/2045/3903 2103/2016/3903
f 2115/2032/3904 2116/2017/3904 2065/1982/3904
f 2116/2017/3905 2089/2018/3905 2067/1963/3905
f 2129/2046/3906 2118/2020/3906 2034/1952/3906
f 2144/2047/3907 2091/1997/3907 2090/1953/3907
f 2091/1997/3908 2130/2034/3908 1996/1907/3908
f 2131/2048/3909 2049/1966/3909 1997/1908/3909
f 2106/2021/3910 2094/2022/3910 2072/1988/3910
f 2133/2049/3911 2074/1990/3911 2094/2022/3911
f 2134/2050/3912 2051/1967/3912 2074/1990/3912
f 2134/2050/3913 2095/1999/3913 2051/1967/3913
f 2122/2051/3914 2098/2024/3914 2097/2001/3914
f 2123/2039/3915 2135/2052/3915 2084/2002/3915
f 2135/2052/3916 2108/2053/3916 2084/2002/3916
f 2084/2002/3917 2136/2040/3917 2026/1944/3917
f 2138/2054/3918 2075/1991/3918 2055/1971/3918
f 2140/2055/3919 2110/2026/3919 2085/1972/3919
f 2110/2026/3920 2086/2003/3920 2077/1993/3920
f 2124/2056/3921 2087/2004/3921 2086/2003/3921
f 2141/2057/3922 2078/1994/3922 2111/2027/3922
f 2113/2030/3923 2142/2058/3923 2114/2031/3923
f 2080/1996/3924 2127/2044/3924 2102/2015/3924
f 2143/2059/3925 2089/2018/3925 2116/2017/3925
f 2117/2033/3926 2068/1984/3926 2048/1964/3926
f 2155/2060/3927 2090/1953/3927 2069/1985/3927
f 2155/2060/3928 2144/2047/3928 2090/1953/3928
f 2070/1965/3929 2145/2061/3929 2036/1954/3929
f 2119/2035/3930 2131/2048/3930 1997/1908/3930
f 2146/2062/3931 2105/2009/3931 2049/1966/3931
f 2133/2049/3932 2134/2050/3932 2074/1990/3932
f 2147/2063/3933 2096/2012/3933 2095/1999/3933
f 2107/2023/3934 2122/2051/3934 2097/2001/3934
f 2108/2053/3935 2136/2040/3935 2084/2002/3935
f 2136/2040/3936 2137/2064/3936 2109/2025/3936
f 2109/2025/3937 2148/2065/3937 2055/1971/3937
f 2149/2066/3938 2085/1972/3938 2139/2041/3938
f 2110/2026/3939 2140/2055/3939 2086/2003/3939
f 2150/2067/3940 2124/2056/3940 2086/2003/3940
f 2124/2056/3941 65/2013/3941 2087/2004/3941
f 64/2005/3942 2141/2057/3942 2111/2027/3942
f 2141/2057/3943 2125/2042/3943 2078/1994/3943
f 2099/2014/3944 2126/2043/3944 2079/1995/3944
f 2101/2029/3945 2151/2068/3945 2113/2030/3945
f 2128/2045/3946 2152/2069/3946 2103/2016/3946
f 2152/2069/3947 2088/2007/3947 2103/2016/3947
f 2152/2069/3948 2115/2032/3948 2088/2007/3948
f 2153/2070/3949 2117/2033/3949 2089/2018/3949
f 2154/2071/3950 2034/1952/3950 2104/2019/3950
f 2154/2071/3951 2129/2046/3951 2034/1952/3951
f 2155/2060/3952 2069/1985/3952 2118/2020/3952
f 2156/2072/3953 2091/1997/3953 2144/2047/3953
f 2130/2034/3954 2092/2008/3954 2081/1998/3954
f 2092/2008/3955 2145/2061/3955 2070/1965/3955
f 2145/2061/3956 2119/2035/3956 2036/1954/3956
f 2131/2048/3957 2146/2062/3957 2049/1966/3957
f 2146/2062/3958 2093/2010/3958 2105/2009/3958
f 2157/2073/3959 2106/2021/3959 2082/2011/3959
f 2134/2050/3960 2147/2063/3960 2095/1999/3960
f 2158/2074/3961 2096/2012/3961 2147/2063/3961
f 2096/2012/3962 2158/2074/3962 2121/2038/3962
f 2159/2075/3963 2098/2024/3963 2122/2051/3963
f 2159/2075/3964 2123/2039/3964 2098/2024/3964
f 2160/2076/3965 2137/2064/3965 2136/2040/3965
f 2137/2064/3966 2161/2077/3966 2109/2025/3966
f 2161/2077/3967 2148/2065/3967 2109/2025/3967
f 2148/2065/3968 2138/2054/3968 2055/1971/3968
f 2075/1991/3969 2149/2066/3969 2139/2041/3969
f 2149/2066/3970 2140/2055/3970 2085/1972/3970
f 2140/2055/3971 2150/2067/3971 2086/2003/3971
f 2114/2031/3972 2163/2078/3972 2080/1996/3972
f 2163/2078/3973 2127/2044/3973 2080/1996/3973
f 2164/2079/3974 2128/2045/3974 2127/2044/3974
f 2143/2059/3975 2153/2070/3975 2089/2018/3975
f 2192/2080/3976 2155/2060/3976 2118/2020/3976
f 2193/2081/3977 2130/2034/3977 2091/1997/3977
f 2165/2082/3978 2146/2062/3978 2131/2048/3978
f 2120/2037/3979 2050/1987/3979 2071/1986/3979
f 2120/2037/3980 2157/2073/3980 2082/2011/3980
f 2167/2083/3981 2134/2050/3981 2133/2049/3981
f 2121/2038/3982 2122/2051/3982 2107/2023/3982
f 2159/2075/3983 2168/2084/3983 2123/2039/3983
f 2168/2084/3984 2169/2085/3984 2123/2039/3984
f 2169/2085/3985 2135/2052/3985 2123/2039/3985
f 2135/2052/3986 2136/2040/3986 2108/2053/3986
f 2135/2052/3987 2170/2086/3987 2136/2040/3987
f 2170/2086/3988 2160/2076/3988 2136/2040/3988
f 2181/2087/3989 2075/1991/3989 2138/2054/3989
f 2181/2087/3990 2149/2066/3990 2075/1991/3990
f 66/2088/3991 2141/2057/3991 64/2005/3991
f 66/2088/3992 2171/2089/3992 2141/2057/3992
f 2125/2042/3993 2172/2090/3993 2099/2014/3993
f 2172/2090/3994 2126/2043/3994 2099/2014/3994
f 2174/2091/3995 2101/2029/3995 2100/2006/3995
f 2174/2091/3996 2162/2092/3996 2101/2029/3996
f 2151/2068/3997 2175/2093/3997 2113/2030/3997
f 2175/2093/3998 2142/2058/3998 2113/2030/3998
f 2176/2094/3999 2114/2031/3999 2142/2058/3999
f 2176/2094/4000 2163/2078/4000 2114/2031/4000
f 2163/2078/4001 2164/2079/4001 2127/2044/4001
f 2164/2079/4002 2152/2069/4002 2128/2045/4002
f 2177/2095/4003 2131/2048/4003 2119/2035/4003
f 2132/2036/4004 2178/2096/4004 2071/1986/4004
f 2178/2096/4005 2120/2037/4005 2071/1986/4005
f 2166/2097/4006 2157/2073/4006 2120/2037/4006
f 2094/2022/4007 2167/2083/4007 2133/2049/4007
f 2134/2050/4008 2158/2074/4008 2147/2063/4008
f 2169/2085/4009 2180/2098/4009 2135/2052/4009
f 2160/2076/4010 2161/2077/4010 2137/2064/4010
f 2181/2087/4011 2138/2054/4011 2148/2065/4011
f 2182/2099/4012 2140/2055/4012 2149/2066/4012
f 2183/2100/4013 2150/2067/4013 2140/2055/4013
f 2183/2100/4014 2124/2056/4014 2150/2067/4014
f 2124/2056/4015 67/2101/4015 65/2013/4015
f 2184/2102/4016 2141/2057/4016 2171/2089/4016
f 2184/2102/4017 2125/2042/4017 2141/2057/4017
f 2184/2102/4018 2185/2103/4018 2125/2042/4018
f 2185/2103/4019 2172/2090/4019 2125/2042/4019
f 2172/2090/4020 2186/2104/4020 2126/2043/4020
f 2186/2104/4021 2112/2028/4021 2126/2043/4021
f 2187/2105/4022 2100/2006/4022 2112/2028/4022
f 2187/2105/4023 2173/2106/4023 2100/2006/4023
f 2173/2106/4024 2174/2091/4024 2100/2006/4024
f 2162/2092/4025 2151/2068/4025 2101/2029/4025
f 2189/2107/4026 2115/2032/4026 2152/2069/4026
f 2189/2107/4027 2116/2017/4027 2115/2032/4027
f 2116/2017/4028 2190/2108/4028 2143/2059/4028
f 2190/2108/4029 2153/2070/4029 2143/2059/4029
f 2191/2109/4030 2117/2033/4030 2153/2070/4030
f 2192/2080/4031 2118/2020/4031 2129/2046/4031
f 2156/2072/4032 2193/2081/4032 2091/1997/4032
f 2130/2034/4033 2145/2061/4033 2092/2008/4033
f 2145/2061/4034 2177/2095/4034 2119/2035/4034
f 2177/2095/4035 2165/2082/4035 2131/2048/4035
f 2146/2062/4036 2132/2036/4036 2093/2010/4036
f 2179/2110/4037 2167/2083/4037 2094/2022/4037
f 2194/2111/4038 2134/2050/4038 2167/2083/4038
f 2134/2050/4039 2195/2112/4039 2158/2074/4039
f 2121/2038/4040 2218/2113/4040 2122/2051/4040
f 2196/2114/4041 2170/2086/4041 2135/2052/4041
f 2183/2100/4042 2211/2115/4042 2124/2056/4042
f 2197/2116/4043 2186/2104/4043 2172/2090/4043
f 2187/2105/4044 2112/2028/4044 2186/2104/4044
f 2198/2117/4045 2162/2092/4045 2174/2091/4045
f 2176/2094/4046 2188/2118/4046 2163/2078/4046
f 2188/2118/4047 2164/2079/4047 2163/2078/4047
f 2189/2107/4048 2190/2108/4048 2116/2017/4048
f 2117/2033/4049 2191/2109/4049 2068/1984/4049
f 2199/2119/4050 2104/2019/4050 2068/1984/4050
f 2104/2019/4051 2200/2120/4051 2154/2071/4051
f 2201/2121/4052 2129/2046/4052 2154/2071/4052
f 2192/2080/4053 2202/2122/4053 2155/2060/4053
f 2202/2122/4054 2144/2047/4054 2155/2060/4054
f 2202/2122/4055 2156/2072/4055 2144/2047/4055
f 2177/2095/4056 2203/2123/4056 2165/2082/4056
f 2203/2123/4057 2146/2062/4057 2165/2082/4057
f 2214/2124/4058 2178/2096/4058 2132/2036/4058
f 2204/2125/4059 2106/2021/4059 2157/2073/4059
f 2194/2111/4060 2195/2112/4060 2134/2050/4060
f 2218/2113/4061 2159/2075/4061 2122/2051/4061
f 2205/2126/4062 2168/2084/4062 2159/2075/4062
f 2168/2084/4063 2206/2127/4063 2169/2085/4063
f 2206/2127/4064 2180/2098/4064 2169/2085/4064
f 2207/2128/4065 2135/2052/4065 2180/2098/4065
f 2207/2128/4066 2196/2114/4066 2135/2052/4066
f 2196/2114/4067 2208/2129/4067 2170/2086/4067
f 2208/2129/4068 2160/2076/4068 2170/2086/4068
f 2209/2130/4069 2181/2087/4069 2148/2065/4069
f 2209/2130/4070 2210/2131/4070 2181/2087/4070
f 2181/2087/4071 2210/2131/4071 2149/2066/4071
f 2210/2131/4072 2182/2099/4072 2149/2066/4072
f 2211/2115/4073 67/2101/4073 2124/2056/4073
f 68/2132/4074 2171/2089/4074 66/2088/4074
f 68/2132/4075 2184/2102/4075 2171/2089/4075
f 2212/2133/4076 2185/2103/4076 2184/2102/4076
f 2175/2093/4077 2176/2094/4077 2142/2058/4077
f 2213/2134/4078 2152/2069/4078 2164/2079/4078
f 2191/2109/4079 2199/2119/4079 2068/1984/4079
f 2199/2119/4080 2200/2120/4080 2104/2019/4080
f 2265/2135/4081 2145/2061/4081 2130/2034/4081
f 2215/2136/4082 2120/2037/4082 2178/2096/4082
f 2204/2125/4083 2216/2137/4083 2106/2021/4083
f 2216/2137/4084 2094/2022/4084 2106/2021/4084
f 2216/2137/4085 2179/2110/4085 2094/2022/4085
f 2195/2112/4086 2217/2138/4086 2158/2074/4086
f 2217/2138/4087 2121/2038/4087 2158/2074/4087
f 2217/2138/4088 2218/2113/4088 2121/2038/4088
f 2218/2113/4089 2205/2126/4089 2159/2075/4089
f 2219/2139/4090 2220/2140/4090 2205/2126/4090
f 2220/2140/4091 2168/2084/4091 2205/2126/4091
f 2220/2140/4092 2206/2127/4092 2168/2084/4092
f 2207/2128/4093 2208/2129/4093 2196/2114/4093
f 2208/2129/4094 2161/2077/4094 2160/2076/4094
f 2208/2129/4095 2148/2065/4095 2161/2077/4095
f 2221/2141/4096 2140/2055/4096 2182/2099/4096
f 2211/2115/4097 2235/2142/4097 67/2101/4097
f 2212/2133/4098 2184/2102/4098 68/2132/4098
f 2173/2106/4099 2222/2143/4099 2174/2091/4099
f 2222/2143/4100 2198/2117/4100 2174/2091/4100
f 2198/2117/4101 2151/2068/4101 2162/2092/4101
f 2151/2068/4102 2223/2144/4102 2175/2093/4102
f 2223/2144/4103 2176/2094/4103 2175/2093/4103
f 2224/2145/4104 2164/2079/4104 2188/2118/4104
f 2224/2145/4105 2225/2146/4105 2164/2079/4105
f 2226/2147/4106 2189/2107/4106 2152/2069/4106
f 2240/2148/4107 2153/2070/4107 2190/2108/4107
f 2240/2148/4108 2191/2109/4108 2153/2070/4108
f 2200/2120/4109 2201/2121/4109 2154/2071/4109
f 2228/2149/4110 2203/2123/4110 2177/2095/4110
f 2229/2150/4111 2146/2062/4111 2203/2123/4111
f 2229/2150/4112 2132/2036/4112 2146/2062/4112
f 2229/2150/4113 2214/2124/4113 2132/2036/4113
f 2230/2151/4114 2166/2097/4114 2120/2037/4114
f 2166/2097/4115 2204/2125/4115 2157/2073/4115
f 2207/2128/4116 2246/2152/4116 2208/2129/4116
f 2247/2153/4117 2148/2065/4117 2208/2129/4117
f 2232/2154/4118 2182/2099/4118 2210/2131/4118
f 2221/2141/4119 2233/2155/4119 2140/2055/4119
f 2233/2155/4120 2183/2100/4120 2140/2055/4120
f 2234/2156/4121 2211/2115/4121 2183/2100/4121
f 2236/2157/4122 2212/2133/4122 68/2132/4122
f 2212/2133/4123 2172/2090/4123 2185/2103/4123
f 2197/2116/4124 2187/2105/4124 2186/2104/4124
f 2237/2158/4125 2151/2068/4125 2198/2117/4125
f 2238/2159/4126 2176/2094/4126 2223/2144/4126
f 2238/2159/4127 2239/2160/4127 2176/2094/4127
f 2239/2160/4128 2188/2118/4128 2176/2094/4128
f 2213/2134/4129 2226/2147/4129 2152/2069/4129
f 2227/2161/4130 2145/2061/4130 2265/2135/4130
f 2241/2162/4131 2177/2095/4131 2145/2061/4131
f 2214/2124/4132 2215/2136/4132 2178/2096/4132
f 2215/2136/4133 2242/2163/4133 2120/2037/4133
f 2242/2163/4134 2230/2151/4134 2120/2037/4134
f 2179/2110/4135 2243/2164/4135 2167/2083/4135
f 2243/2164/4136 2194/2111/4136 2167/2083/4136
f 2218/2113/4137 2219/2139/4137 2205/2126/4137
f 2220/2140/4138 2244/2165/4138 2206/2127/4138
f 2244/2165/4139 2180/2098/4139 2206/2127/4139
f 2244/2165/4140 2245/2166/4140 2180/2098/4140
f 2245/2166/4141 2207/2128/4141 2180/2098/4141
f 2245/2166/4142 2246/2152/4142 2207/2128/4142
f 2246/2152/4143 2247/2153/4143 2208/2129/4143
f 2248/2167/4144 2209/2130/4144 2148/2065/4144
f 2248/2167/4145 2231/2168/4145 2209/2130/4145
f 2231/2168/4146 2210/2131/4146 2209/2130/4146
f 2231/2168/4147 2232/2154/4147 2210/2131/4147
f 2233/2155/4148 2234/2156/4148 2183/2100/4148
f 2249/2169/4149 2197/2116/4149 2172/2090/4149
f 2250/2170/4150 2187/2105/4150 2197/2116/4150
f 2250/2170/4151 2173/2106/4151 2187/2105/4151
f 2225/2146/4152 2251/2171/4152 2164/2079/4152
f 2251/2171/4153 2213/2134/4153 2164/2079/4153
f 2252/2172/4154 2253/2173/4154 2226/2147/4154
f 2254/2174/4155 2190/2108/4155 2189/2107/4155
f 2262/2175/4156 2192/2080/4156 2129/2046/4156
f 2255/2176/4157 2192/2080/4157 2262/2175/4157
f 2255/2176/4158 2202/2122/4158 2192/2080/4158
f 2227/2161/4159 2241/2162/4159 2145/2061/4159
f 2241/2162/4160 2228/2149/4160 2177/2095/4160
f 2228/2149/4161 2229/2150/4161 2203/2123/4161
f 2230/2151/4162 2204/2125/4162 2166/2097/4162
f 2267/2177/4163 2195/2112/4163 2194/2111/4163
f 2267/2177/4164 2256/2178/4164 2195/2112/4164
f 2256/2178/4165 2217/2138/4165 2195/2112/4165
f 2219/2139/4166 2257/2179/4166 2220/2140/4166
f 2247/2153/4167 2248/2167/4167 2148/2065/4167
f 2221/2141/4168 2182/2099/4168 2232/2154/4168
f 2235/2142/4169 69/2180/4169 67/2101/4169
f 2249/2169/4170 2250/2170/4170 2197/2116/4170
f 2250/2170/4171 2258/2181/4171 2173/2106/4171
f 2258/2181/4172 2222/2143/4172 2173/2106/4172
f 2237/2158/4173 2223/2144/4173 2151/2068/4173
f 2259/2182/4174 2238/2159/4174 2223/2144/4174
f 2253/2173/4175 2189/2107/4175 2226/2147/4175
f 2253/2173/4176 2254/2174/4176 2189/2107/4176
f 2254/2174/4177 2240/2148/4177 2190/2108/4177
f 2240/2148/4178 2260/2183/4178 2191/2109/4178
f 2260/2183/4179 2261/2184/4179 2191/2109/4179
f 2261/2184/4180 2199/2119/4180 2191/2109/4180
f 2264/2185/4181 2193/2081/4181 2156/2072/4181
f 2193/2081/4182 2265/2135/4182 2130/2034/4182
f 2266/2186/4183 2214/2124/4183 2229/2150/4183
f 2273/2187/4184 2243/2164/4184 2179/2110/4184
f 2243/2164/4185 2267/2177/4185 2194/2111/4185
f 2268/2188/4186 2256/2178/4186 2267/2177/4186
f 2256/2178/4187 2218/2113/4187 2217/2138/4187
f 2257/2179/4188 2244/2165/4188 2220/2140/4188
f 2234/2156/4189 2235/2142/4189 2211/2115/4189
f 2269/2189/4190 2172/2090/4190 2212/2133/4190
f 2270/2190/4191 2249/2169/4191 2172/2090/4191
f 2270/2190/4192 2250/2170/4192 2249/2169/4192
f 2259/2182/4193 2239/2160/4193 2238/2159/4193
f 2239/2160/4194 2224/2145/4194 2188/2118/4194
f 2252/2172/4195 2226/2147/4195 2213/2134/4195
f 2272/2191/4196 2200/2120/4196 2199/2119/4196
f 2263/2192/4197 2156/2072/4197 2202/2122/4197
f 2266/2186/4198 2215/2136/4198 2214/2124/4198
f 2216/2137/4199 2273/2187/4199 2179/2110/4199
f 2256/2178/4200 2279/2193/4200 2218/2113/4200
f 2279/2193/4201 2219/2139/4201 2218/2113/4201
f 2274/2194/4202 2244/2165/4202 2257/2179/4202
f 2275/2195/4203 2232/2154/4203 2231/2168/4203
f 2232/2154/4204 2282/2196/4204 2221/2141/4204
f 2221/2141/4205 2276/2197/4205 2233/2155/4205
f 2269/2189/4206 2270/2190/4206 2172/2090/4206
f 2271/2198/4207 2258/2181/4207 2250/2170/4207
f 2258/2181/4208 2277/2199/4208 2222/2143/4208
f 2277/2199/4209 2198/2117/4209 2222/2143/4209
f 2237/2158/4210 2259/2182/4210 2223/2144/4210
f 2251/2171/4211 2252/2172/4211 2213/2134/4211
f 2289/2200/4212 2201/2121/4212 2200/2120/4212
f 2264/2185/4213 2156/2072/4213 2263/2192/4213
f 2264/2185/4214 2278/2201/4214 2193/2081/4214
f 2280/2202/4215 2257/2179/4215 2219/2139/4215
f 2280/2202/4216 2274/2194/4216 2257/2179/4216
f 2274/2194/4217 2245/2166/4217 2244/2165/4217
f 2281/2203/4218 2247/2153/4218 2246/2152/4218
f 2281/2203/4219 2248/2167/4219 2247/2153/4219
f 2248/2167/4220 2275/2195/4220 2231/2168/4220
f 2275/2195/4221 2282/2196/4221 2232/2154/4221
f 2282/2196/4222 2283/2204/4222 2221/2141/4222
f 2276/2197/4223 2221/2141/4223 2283/2204/4223
f 2276/2197/4224 2284/2205/4224 2233/2155/4224
f 2284/2205/4225 2234/2156/4225 2233/2155/4225
f 2284/2205/4226 2235/2142/4226 2234/2156/4226
f 2285/2206/4227 2212/2133/4227 2236/2157/4227
f 2285/2206/4228 2269/2189/4228 2212/2133/4228
f 2286/2207/4229 2270/2190/4229 2269/2189/4229
f 2270/2190/4230 2271/2198/4230 2250/2170/4230
f 2277/2199/4231 2237/2158/4231 2198/2117/4231
f 2287/2208/4232 2239/2160/4232 2259/2182/4232
f 2287/2208/4233 2224/2145/4233 2239/2160/4233
f 2288/2209/4234 2225/2146/4234 2224/2145/4234
f 2288/2209/4235 2251/2171/4235 2225/2146/4235
f 2272/2191/4236 2289/2200/4236 2200/2120/4236
f 2201/2121/4237 2262/2175/4237 2129/2046/4237
f 2290/2210/4238 2227/2161/4238 2265/2135/4238
f 2291/2211/4239 2215/2136/4239 2266/2186/4239
f 2323/2212/4240 2242/2163/4240 2215/2136/4240
f 2323/2212/4241 2230/2151/4241 2242/2163/4241
f 2293/2213/4242 2204/2125/4242 2230/2151/4242
f 2307/2214/4243 2273/2187/4243 2216/2137/4243
f 2294/2215/4244 2267/2177/4244 2243/2164/4244
f 2295/2216/4245 2280/2202/4245 2279/2193/4245
f 2280/2202/4246 2219/2139/4246 2279/2193/4246
f 2274/2194/4247 2297/2217/4247 2245/2166/4247
f 2246/2152/4248 2310/2218/4248 2281/2203/4248
f 2284/2205/4249 2298/2219/4249 2235/2142/4249
f 2298/2219/4250 69/2180/4250 2235/2142/4250
f 2286/2207/4251 2299/2220/4251 2270/2190/4251
f 2299/2220/4252 2271/2198/4252 2270/2190/4252
f 2271/2198/4253 2300/2221/4253 2258/2181/4253
f 2301/2222/4254 2259/2182/4254 2237/2158/4254
f 2287/2208/4255 2302/2223/4255 2224/2145/4255
f 2302/2223/4256 2288/2209/4256 2224/2145/4256
f 2288/2209/4257 2303/2224/4257 2251/2171/4257
f 2303/2224/4258 2304/2225/4258 2251/2171/4258
f 2304/2225/4259 2252/2172/4259 2251/2171/4259
f 2254/2174/4260 2319/2226/4260 2240/2148/4260
f 2319/2226/4261 2260/2183/4261 2240/2148/4261
f 2261/2184/4262 2272/2191/4262 2199/2119/4262
f 2255/2176/4263 2263/2192/4263 2202/2122/4263
f 2193/2081/4264 2305/2227/4264 2265/2135/4264
f 2290/2210/4265 2306/2228/4265 2227/2161/4265
f 2306/2228/4266 2241/2162/4266 2227/2161/4266
f 2228/2149/4267 2266/2186/4267 2229/2150/4267
f 2291/2211/4268 2323/2212/4268 2215/2136/4268
f 2323/2212/4269 2292/2229/4269 2230/2151/4269
f 2307/2214/4270 2216/2137/4270 2204/2125/4270
f 2273/2187/4271 2294/2215/4271 2243/2164/4271
f 2294/2215/4272 2308/2230/4272 2267/2177/4272
f 2308/2230/4273 2268/2188/4273 2267/2177/4273
f 2268/2188/4274 2309/2231/4274 2256/2178/4274
f 2309/2231/4275 2279/2193/4275 2256/2178/4275
f 2295/2216/4276 2296/2232/4276 2280/2202/4276
f 2296/2232/4277 2274/2194/4277 2280/2202/4277
f 2297/2217/4278 2246/2152/4278 2245/2166/4278
f 2297/2217/4279 2310/2218/4279 2246/2152/4279
f 2312/2233/4280 2248/2167/4280 2281/2203/4280
f 2313/2234/4281 2275/2195/4281 2248/2167/4281
f 2298/2219/4282 2314/2235/4282 69/2180/4282
f 2316/2236/4283 2237/2158/4283 2277/2199/4283
f 2317/2237/4284 2303/2224/4284 2288/2209/4284
f 2304/2225/4285 2253/2173/4285 2252/2172/4285
f 2318/2238/4286 2254/2174/4286 2253/2173/4286
f 2320/2239/4287 2262/2175/4287 2201/2121/4287
f 2321/2240/4288 2264/2185/4288 2263/2192/4288
f 2322/2241/4289 2228/2149/4289 2241/2162/4289
f 2322/2241/4290 2266/2186/4290 2228/2149/4290
f 2322/2241/4291 2291/2211/4291 2266/2186/4291
f 2292/2229/4292 2293/2213/4292 2230/2151/4292
f 2293/2213/4293 2307/2214/4293 2204/2125/4293
f 2309/2231/4294 2295/2216/4294 2279/2193/4294
f 2324/2242/4295 2296/2232/4295 2295/2216/4295
f 2325/2243/4296 2274/2194/4296 2296/2232/4296
f 2311/2244/4297 2281/2203/4297 2310/2218/4297
f 2312/2233/4298 2313/2234/4298 2248/2167/4298
f 2326/2245/4299 2282/2196/4299 2275/2195/4299
f 2327/2246/4300 2276/2197/4300 2283/2204/4300
f 2327/2246/4301 2328/2247/4301 2276/2197/4301
f 2328/2247/4302 2284/2205/4302 2276/2197/4302
f 2284/2205/4303 2329/2248/4303 2298/2219/4303
f 2314/2235/4304 70/2249/4304 69/2180/4304
f 71/2250/4305 2285/2206/4305 2236/2157/4305
f 2299/2220/4306 2315/2251/4306 2271/2198/4306
f 2271/2198/4307 2355/2252/4307 2300/2221/4307
f 2300/2221/4308 2330/2253/4308 2258/2181/4308
f 2330/2253/4309 2277/2199/4309 2258/2181/4309
f 2316/2236/4310 2301/2222/4310 2237/2158/4310
f 2301/2222/4311 2287/2208/4311 2259/2182/4311
f 2331/2254/4312 2302/2223/4312 2287/2208/4312
f 2302/2223/4313 2317/2237/4313 2288/2209/4313
f 2304/2225/4314 2318/2238/4314 2253/2173/4314
f 2318/2238/4315 2319/2226/4315 2254/2174/4315
f 2332/2255/4316 2262/2175/4316 2320/2239/4316
f 2332/2255/4317 2255/2176/4317 2262/2175/4317
f 2255/2176/4318 2333/2256/4318 2263/2192/4318
f 2278/2201/4319 2305/2227/4319 2193/2081/4319
f 2305/2227/4320 2290/2210/4320 2265/2135/4320
f 2323/2212/4321 2337/2257/4321 2292/2229/4321
f 2338/2258/4322 2273/2187/4322 2307/2214/4322
f 2338/2258/4323 2339/2259/4323 2273/2187/4323
f 2339/2259/4324 2294/2215/4324 2273/2187/4324
f 2309/2231/4325 2340/2260/4325 2295/2216/4325
f 2340/2260/4326 2324/2242/4326 2295/2216/4326
f 2341/2261/4327 2296/2232/4327 2324/2242/4327
f 2341/2261/4328 2325/2243/4328 2296/2232/4328
f 2342/2262/4329 2310/2218/4329 2297/2217/4329
f 2311/2244/4330 2312/2233/4330 2281/2203/4330
f 2313/2234/4331 2326/2245/4331 2275/2195/4331
f 2326/2245/4332 2283/2204/4332 2282/2196/4332
f 2329/2248/4333 2284/2205/4333 2328/2247/4333
f 2285/2206/4334 2286/2207/4334 2269/2189/4334
f 2285/2206/4335 2343/2263/4335 2286/2207/4335
f 2343/2263/4336 2299/2220/4336 2286/2207/4336
f 2343/2263/4337 2344/2264/4337 2299/2220/4337
f 2315/2251/4338 2355/2252/4338 2271/2198/4338
f 2330/2253/4339 2316/2236/4339 2277/2199/4339
f 2345/2265/4340 2287/2208/4340 2301/2222/4340
f 2317/2237/4341 2304/2225/4341 2303/2224/4341
f 2319/2226/4342 2346/2266/4342 2260/2183/4342
f 2306/2228/4343 2335/2267/4343 2241/2162/4343
f 2335/2267/4344 2322/2241/4344 2241/2162/4344
f 2347/2268/4345 2336/2269/4345 2291/2211/4345
f 2336/2269/4346 2348/2270/4346 2291/2211/4346
f 2348/2270/4347 2323/2212/4347 2291/2211/4347
f 2349/2271/4348 2293/2213/4348 2292/2229/4348
f 2339/2259/4349 2308/2230/4349 2294/2215/4349
f 2308/2230/4350 2350/2272/4350 2268/2188/4350
f 2350/2272/4351 2309/2231/4351 2268/2188/4351
f 2340/2260/4352 2341/2261/4352 2324/2242/4352
f 2351/2273/4353 2274/2194/4353 2325/2243/4353
f 2351/2273/4354 2297/2217/4354 2274/2194/4354
f 2352/2274/4355 2311/2244/4355 2310/2218/4355
f 2328/2247/4356 2353/2275/4356 2329/2248/4356
f 2329/2248/4357 2314/2235/4357 2298/2219/4357
f 2344/2264/4358 2354/2276/4358 2299/2220/4358
f 2354/2276/4359 2355/2252/4359 2299/2220/4359
f 2355/2252/4360 2315/2251/4360 2299/2220/4360
f 2355/2252/4361 2356/2277/4361 2300/2221/4361
f 2356/2277/4362 2330/2253/4362 2300/2221/4362
f 2316/2236/4363 2357/2278/4363 2301/2222/4363
f 2357/2278/4364 2345/2265/4364 2301/2222/4364
f 2370/2279/4365 2317/2237/4365 2302/2223/4365
f 2317/2237/4366 2358/2280/4366 2304/2225/4366
f 2358/2280/4314 2318/2238/4314 2304/2225/4314
f 2359/2281/4367 2261/2184/4367 2260/2183/4367
f 2261/2184/4368 2359/2281/4368 2272/2191/4368
f 2360/2282/4369 2289/2200/4369 2272/2191/4369
f 2398/2283/4370 2201/2121/4370 2289/2200/4370
f 2398/2283/4371 2320/2239/4371 2201/2121/4371
f 2333/2256/4372 2321/2240/4372 2263/2192/4372
f 2321/2240/4373 2278/2201/4373 2264/2185/4373
f 2321/2240/4374 2361/2284/4374 2278/2201/4374
f 2290/2210/4375 2334/2285/4375 2306/2228/4375
f 2334/2285/4376 2335/2267/4376 2306/2228/4376
f 2363/2286/4377 2322/2241/4377 2335/2267/4377
f 2347/2268/4378 2291/2211/4378 2322/2241/4378
f 2348/2270/4379 2337/2257/4379 2323/2212/4379
f 2337/2257/4380 2349/2271/4380 2292/2229/4380
f 2375/2287/4381 2350/2272/4381 2308/2230/4381
f 2376/2288/4382 2340/2260/4382 2309/2231/4382
f 2364/2289/4383 2341/2261/4383 2340/2260/4383
f 2351/2273/4384 2365/2290/4384 2297/2217/4384
f 2365/2290/4385 2342/2262/4385 2297/2217/4385
f 2377/2291/4386 2310/2218/4386 2342/2262/4386
f 2377/2291/4387 2352/2274/4387 2310/2218/4387
f 2352/2274/4388 2312/2233/4388 2311/2244/4388
f 2326/2245/4389 2367/2292/4389 2283/2204/4389
f 2368/2293/4390 2327/2246/4390 2283/2204/4390
f 2368/2293/4391 2328/2247/4391 2327/2246/4391
f 2314/2235/4392 72/2294/4392 70/2249/4392
f 2381/2295/4393 2357/2278/4393 2316/2236/4393
f 2331/2254/4394 2287/2208/4394 2345/2265/4394
f 2370/2279/4395 2371/2296/4395 2317/2237/4395
f 2371/2296/4396 2358/2280/4396 2317/2237/4396
f 2372/2297/4397 2319/2226/4397 2318/2238/4397
f 2360/2282/4398 2398/2283/4398 2289/2200/4398
f 2305/2227/4399 2362/2298/4399 2290/2210/4399
f 2362/2298/4400 2334/2285/4400 2290/2210/4400
f 2387/2299/4401 2363/2286/4401 2335/2267/4401
f 2373/2300/4402 2322/2241/4402 2363/2286/4402
f 2374/2301/4403 2307/2214/4403 2293/2213/4403
f 2339/2259/4404 2375/2287/4404 2308/2230/4404
f 2350/2272/4405 2376/2288/4405 2309/2231/4405
f 2376/2288/4406 2364/2289/4406 2340/2260/4406
f 2312/2233/4407 2378/2302/4407 2313/2234/4407
f 2378/2302/4408 2326/2245/4408 2313/2234/4408
f 2378/2302/4409 2366/2303/4409 2326/2245/4409
f 2379/2304/4410 2353/2275/4410 2328/2247/4410
f 2380/2305/4411 2314/2235/4411 2329/2248/4411
f 71/2250/4412 2369/2306/4412 2285/2206/4412
f 2369/2306/4413 2343/2263/4413 2285/2206/4413
f 2381/2295/4414 2316/2236/4414 2330/2253/4414
f 2357/2278/4415 2331/2254/4415 2345/2265/4415
f 2370/2279/4416 2382/2307/4416 2371/2296/4416
f 2383/2308/4417 2358/2280/4417 2371/2296/4417
f 2384/2309/4418 2318/2238/4418 2358/2280/4418
f 2385/2310/4419 2360/2282/4419 2272/2191/4419
f 2386/2311/4420 2332/2255/4420 2320/2239/4420
f 2361/2284/4421 2305/2227/4421 2278/2201/4421
f 2387/2299/4422 2335/2267/4422 2334/2285/4422
f 2373/2300/4423 2347/2268/4423 2322/2241/4423
f 2399/2312/4424 2337/2257/4424 2348/2270/4424
f 2374/2301/4425 2338/2258/4425 2307/2214/4425
f 2389/2313/4426 2365/2290/4426 2351/2273/4426
f 2390/2314/4427 2312/2233/4427 2352/2274/4427
f 2366/2303/4428 2367/2292/4428 2326/2245/4428
f 2380/2305/4429 2329/2248/4429 2353/2275/4429
f 2380/2305/4430 72/2294/4430 2314/2235/4430
f 73/2315/4431 2369/2306/4431 71/2250/4431
f 2343/2263/4432 2391/2316/4432 2344/2264/4432
f 2391/2316/4433 2354/2276/4433 2344/2264/4433
f 2356/2277/4434 2393/2317/4434 2330/2253/4434
f 2393/2317/4435 2381/2295/4435 2330/2253/4435
f 2394/2318/4436 2357/2278/4436 2381/2295/4436
f 2395/2319/4437 2331/2254/4437 2357/2278/4437
f 2331/2254/4438 2370/2279/4438 2302/2223/4438
f 2318/2238/4439 2396/2320/4439 2372/2297/4439
f 2346/2266/4440 2359/2281/4440 2260/2183/4440
f 2397/2321/4441 2272/2191/4441 2359/2281/4441
f 2397/2321/4442 2385/2310/4442 2272/2191/4442
f 2408/2322/4443 2386/2311/4443 2320/2239/4443
f 2332/2255/4444 2333/2256/4444 2255/2176/4444
f 2399/2312/4445 2388/2323/4445 2337/2257/4445
f 2399/2312/4446 2400/2324/4446 2388/2323/4446
f 2388/2323/4447 2349/2271/4447 2337/2257/4447
f 2349/2271/4448 2374/2301/4448 2293/2213/4448
f 2402/2325/4449 2341/2261/4449 2364/2289/4449
f 2402/2325/4450 2325/2243/4450 2341/2261/4450
f 2403/2326/4451 2351/2273/4451 2325/2243/4451
f 2365/2290/4452 2377/2291/4452 2342/2262/4452
f 2367/2292/4453 2368/2293/4453 2283/2204/4453
f 2404/2327/4454 2328/2247/4454 2368/2293/4454
f 2404/2327/4455 2379/2304/4455 2328/2247/4455
f 2379/2304/4456 2380/2305/4456 2353/2275/4456
f 2369/2306/4457 2391/2316/4457 2343/2263/4457
f 2354/2276/4458 2392/2328/4458 2355/2252/4458
f 2392/2328/4459 2356/2277/4459 2355/2252/4459
f 2405/2329/4460 2393/2317/4460 2356/2277/4460
f 2418/2330/4461 2394/2318/4461 2381/2295/4461
f 2394/2318/4462 2395/2319/4462 2357/2278/4462
f 2406/2331/4463 2382/2307/4463 2370/2279/4463
f 2372/2297/4464 2346/2266/4464 2319/2226/4464
f 2372/2297/4465 2407/2332/4465 2346/2266/4465
f 2385/2310/4466 2398/2283/4466 2360/2282/4466
f 2408/2322/4467 2320/2239/4467 2398/2283/4467
f 2409/2333/4468 2334/2285/4468 2362/2298/4468
f 2336/2269/4469 2399/2312/4469 2348/2270/4469
f 2388/2323/4470 2401/2334/4470 2349/2271/4470
f 2401/2334/4471 2374/2301/4471 2349/2271/4471
f 2411/2335/4472 2375/2287/4472 2339/2259/4472
f 2375/2287/4473 2412/2336/4473 2350/2272/4473
f 2412/2336/4474 2376/2288/4474 2350/2272/4474
f 2413/2337/4475 2364/2289/4475 2376/2288/4475
f 2364/2289/4476 2413/2337/4476 2402/2325/4476
f 2402/2325/4477 2403/2326/4477 2325/2243/4477
f 2414/2338/4478 2352/2274/4478 2377/2291/4478
f 2414/2338/4479 2390/2314/4479 2352/2274/4479
f 2414/2338/4480 2415/2339/4480 2390/2314/4480
f 2415/2339/4481 2416/2340/4481 2390/2314/4481
f 2416/2340/4482 2312/2233/4482 2390/2314/4482
f 2416/2340/4483 2378/2302/4483 2312/2233/4483
f 2417/2341/4484 2367/2292/4484 2366/2303/4484
f 74/2342/4485 72/2294/4485 2380/2305/4485
f 2418/2330/4486 2381/2295/4486 2393/2317/4486
f 2418/2330/4487 2419/2343/4487 2394/2318/4487
f 2419/2343/4488 2395/2319/4488 2394/2318/4488
f 2430/2344/4489 2370/2279/4489 2331/2254/4489
f 2383/2308/4490 2384/2309/4490 2358/2280/4490
f 2420/2345/4491 2321/2240/4491 2333/2256/4491
f 2420/2345/4492 2361/2284/4492 2321/2240/4492
f 2361/2284/4493 2421/2346/4493 2305/2227/4493
f 2421/2346/4494 2362/2298/4494 2305/2227/4494
f 2409/2333/4495 2460/2347/4495 2334/2285/4495
f 2460/2347/4496 2387/2299/4496 2334/2285/4496
f 2432/2348/4497 2373/2300/4497 2363/2286/4497
f 2432/2348/4498 2410/2349/4498 2373/2300/4498
f 2422/2350/4499 2336/2269/4499 2347/2268/4499
f 2422/2350/4500 2399/2312/4500 2336/2269/4500
f 2422/2350/4501 2423/2351/4501 2399/2312/4501
f 2424/2352/4502 2338/2258/4502 2374/2301/4502
f 2411/2335/4503 2339/2259/4503 2338/2258/4503
f 2426/2353/4504 2413/2337/4504 2376/2288/4504
f 2427/2354/4505 2365/2290/4505 2389/2313/4505
f 2365/2290/4506 2427/2354/4506 2377/2291/4506
f 2437/2355/4507 2414/2338/4507 2377/2291/4507
f 2367/2292/4508 2404/2327/4508 2368/2293/4508
f 2428/2356/4509 2380/2305/4509 2379/2304/4509
f 2428/2356/4510 2429/2357/4510 2380/2305/4510
f 2429/2357/4511 74/2342/4511 2380/2305/4511
f 75/2358/4512 2369/2306/4512 73/2315/4512
f 2391/2316/4513 2392/2328/4513 2354/2276/4513
f 2430/2344/4514 2406/2331/4514 2370/2279/4514
f 2382/2307/4515 2383/2308/4515 2371/2296/4515
f 2384/2309/4516 2396/2320/4516 2318/2238/4516
f 2396/2320/4517 2407/2332/4517 2372/2297/4517
f 2407/2332/4518 2359/2281/4518 2346/2266/4518
f 2431/2359/4519 2386/2311/4519 2408/2322/4519
f 2432/2348/4520 2363/2286/4520 2387/2299/4520
f 2410/2349/4521 2347/2268/4521 2373/2300/4521
f 2423/2351/4522 2400/2324/4522 2399/2312/4522
f 2400/2324/4523 2433/2360/4523 2388/2323/4523
f 2433/2360/4524 2401/2334/4524 2388/2323/4524
f 2401/2334/4525 2434/2361/4525 2374/2301/4525
f 2434/2361/4526 2424/2352/4526 2374/2301/4526
f 2424/2352/4527 2435/2362/4527 2338/2258/4527
f 2435/2362/4528 2411/2335/4528 2338/2258/4528
f 2411/2335/4529 2425/2363/4529 2375/2287/4529
f 2425/2363/4530 2412/2336/4530 2375/2287/4530
f 2412/2336/4531 2426/2353/4531 2376/2288/4531
f 2436/2364/4532 2402/2325/4532 2413/2337/4532
f 2403/2326/4533 2389/2313/4533 2351/2273/4533
f 2437/2355/4534 2377/2291/4534 2427/2354/4534
f 2438/2365/4535 2415/2339/4535 2414/2338/4535
f 2439/2366/4536 2378/2302/4536 2416/2340/4536
f 2439/2366/4537 2366/2303/4537 2378/2302/4537
f 2404/2327/4538 2428/2356/4538 2379/2304/4538
f 2440/2367/4539 2391/2316/4539 2369/2306/4539
f 2440/2367/4540 2392/2328/4540 2391/2316/4540
f 2440/2367/4541 2441/2368/4541 2392/2328/4541
f 2392/2328/4542 2442/2369/4542 2356/2277/4542
f 2442/2369/4543 2405/2329/4543 2356/2277/4543
f 2393/2317/4544 2443/2370/4544 2418/2330/4544
f 2443/2370/4545 2419/2343/4545 2418/2330/4545
f 2470/2371/4546 2331/2254/4546 2395/2319/4546
f 2470/2371/4547 2430/2344/4547 2331/2254/4547
f 2383/2308/4548 2444/2372/4548 2384/2309/4548
f 2444/2372/4549 2396/2320/4549 2384/2309/4549
f 2407/2332/4550 2397/2321/4550 2359/2281/4550
f 2457/2373/4551 2445/2374/4551 2333/2256/4551
f 2445/2374/4552 2420/2345/4552 2333/2256/4552
f 2446/2375/4553 2432/2348/4553 2387/2299/4553
f 2433/2360/4554 2447/2376/4554 2401/2334/4554
f 2436/2364/4555 2448/2377/4555 2402/2325/4555
f 2448/2377/4556 2403/2326/4556 2402/2325/4556
f 2403/2326/4557 2427/2354/4557 2389/2313/4557
f 2450/2378/4558 2366/2303/4558 2439/2366/4558
f 2450/2378/4559 2417/2341/4559 2366/2303/4559
f 2417/2341/4560 2451/2379/4560 2367/2292/4560
f 2451/2379/4561 2404/2327/4561 2367/2292/4561
f 2452/2380/4562 2428/2356/4562 2404/2327/4562
f 75/2358/4563 2440/2367/4563 2369/2306/4563
f 2441/2368/4564 2442/2369/4564 2392/2328/4564
f 2453/2381/4565 2382/2307/4565 2406/2331/4565
f 2487/2382/4566 2385/2310/4566 2397/2321/4566
f 2454/2383/4567 2398/2283/4567 2385/2310/4567
f 2454/2383/4568 2408/2322/4568 2398/2283/4568
f 2455/2384/4569 2431/2359/4569 2408/2322/4569
f 2456/2385/4570 2386/2311/4570 2431/2359/4570
f 2386/2311/4571 2457/2373/4571 2332/2255/4571
f 2457/2373/4572 2333/2256/4572 2332/2255/4572
f 2420/2345/4573 2458/2386/4573 2361/2284/4573
f 2421/2346/4574 2459/2387/4574 2362/2298/4574
f 2459/2387/4575 2409/2333/4575 2362/2298/4575
f 2459/2387/4576 2460/2347/4576 2409/2333/4576
f 2423/2351/4577 2433/2360/4577 2400/2324/4577
f 2447/2376/4578 2461/2388/4578 2401/2334/4578
f 2461/2388/4579 2434/2361/4579 2401/2334/4579
f 2462/2389/4580 2424/2352/4580 2434/2361/4580
f 2426/2353/4581 2463/2390/4581 2413/2337/4581
f 2463/2390/4582 2436/2364/4582 2413/2337/4582
f 2463/2390/4583 2464/2391/4583 2436/2364/4583
f 2464/2391/4584 2465/2392/4584 2436/2364/4584
f 2465/2392/4585 2448/2377/4585 2436/2364/4585
f 2403/2326/4586 2476/2393/4586 2427/2354/4586
f 2476/2393/4587 2449/2394/4587 2427/2354/4587
f 2449/2394/4588 2466/2395/4588 2427/2354/4588
f 2467/2396/4589 2415/2339/4589 2438/2365/4589
f 2467/2396/4590 2439/2366/4590 2415/2339/4590
f 2439/2366/4591 2416/2340/4591 2415/2339/4591
f 2468/2397/4592 2429/2357/4592 2428/2356/4592
f 2405/2329/4593 2469/2398/4593 2393/2317/4593
f 2470/2371/4594 2395/2319/4594 2419/2343/4594
f 2471/2399/4595 2430/2344/4595 2470/2371/4595
f 2444/2372/4596 2383/2308/4596 2382/2307/4596
f 2487/2382/4597 2397/2321/4597 2407/2332/4597
f 2487/2382/4598 2454/2383/4598 2385/2310/4598
f 2458/2386/4599 2421/2346/4599 2361/2284/4599
f 2446/2375/4600 2387/2299/4600 2460/2347/4600
f 2472/2400/4601 2410/2349/4601 2432/2348/4601
f 2410/2349/4602 2473/2401/4602 2347/2268/4602
f 2473/2401/4603 2422/2350/4603 2347/2268/4603
f 2462/2389/4604 2474/2402/4604 2424/2352/4604
f 2474/2402/4605 2435/2362/4605 2424/2352/4605
f 2425/2363/4606 2475/2403/4606 2412/2336/4606
f 2475/2403/4607 2426/2353/4607 2412/2336/4607
f 2448/2377/4608 2476/2393/4608 2403/2326/4608
f 2466/2395/4609 2437/2355/4609 2427/2354/4609
f 2477/2404/4610 2438/2365/4610 2414/2338/4610
f 2477/2404/4611 2478/2405/4611 2438/2365/4611
f 2478/2405/4612 2467/2396/4612 2438/2365/4612
f 2505/2406/4613 2417/2341/4613 2450/2378/4613
f 2479/2407/4614 74/2342/4614 2429/2357/4614
f 2479/2407/4615 76/2408/4615 74/2342/4615
f 2481/2409/4616 2482/2410/4616 2440/2367/4616
f 2482/2410/4617 2441/2368/4617 2440/2367/4617
f 2482/2410/4618 2442/2369/4618 2441/2368/4618
f 2442/2369/4619 2469/2398/4619 2405/2329/4619
f 2469/2398/4620 2443/2370/4620 2393/2317/4620
f 2443/2370/4621 2483/2411/4621 2419/2343/4621
f 2483/2411/4622 2470/2371/4622 2419/2343/4622
f 2382/2307/4623 2496/2412/4623 2444/2372/4623
f 2496/2412/4624 2484/2413/4624 2444/2372/4624
f 2444/2372/4625 2497/2414/4625 2396/2320/4625
f 2485/2415/4626 2407/2332/4626 2396/2320/4626
f 2485/2415/4627 2486/2416/4627 2407/2332/4627
f 2454/2383/4628 2455/2384/4628 2408/2322/4628
f 2455/2384/4629 2488/2417/4629 2431/2359/4629
f 2456/2385/4630 2489/2418/4630 2386/2311/4630
f 2489/2418/4631 2457/2373/4631 2386/2311/4631
f 2490/2419/4632 2458/2386/4632 2420/2345/4632
f 2461/2388/4633 2462/2389/4633 2434/2361/4633
f 2435/2362/4634 2491/2420/4634 2411/2335/4634
f 2491/2420/4635 2425/2363/4635 2411/2335/4635
f 2437/2355/4636 2477/2404/4636 2414/2338/4636
f 2492/2421/4637 2478/2405/4637 2477/2404/4637
f 2505/2406/4638 2451/2379/4638 2417/2341/4638
f 2451/2379/4639 2452/2380/4639 2404/2327/4639
f 2493/2422/4640 2468/2397/4640 2428/2356/4640
f 2494/2423/4641 2429/2357/4641 2468/2397/4641
f 2494/2423/4642 2479/2407/4642 2429/2357/4642
f 2479/2407/4643 77/2424/4643 76/2408/4643
f 78/2425/4644 2480/2426/4644 75/2358/4644
f 2480/2426/4645 2440/2367/4645 75/2358/4645
f 2495/2427/4646 2483/2411/4646 2443/2370/4646
f 2471/2399/4647 2406/2331/4647 2430/2344/4647
f 2496/2412/4648 2453/2381/4648 2406/2331/4648
f 2453/2381/4649 2496/2412/4649 2382/2307/4649
f 2497/2414/4650 2485/2415/4650 2396/2320/4650
f 2487/2382/4651 2498/2428/4651 2454/2383/4651
f 2488/2417/4652 2456/2385/4652 2431/2359/4652
f 2445/2374/4653 2490/2419/4653 2420/2345/4653
f 2519/2429/4654 2459/2387/4654 2421/2346/4654
f 2520/2430/4655 2432/2348/4655 2446/2375/4655
f 2472/2400/4656 2473/2401/4656 2410/2349/4656
f 2511/2431/4657 2433/2360/4657 2423/2351/4657
f 2499/2432/4658 2461/2388/4658 2447/2376/4658
f 2499/2432/4659 2500/2433/4659 2461/2388/4659
f 2500/2433/4660 2462/2389/4660 2461/2388/4660
f 2475/2403/4661 2501/2434/4661 2426/2353/4661
f 2502/2435/4662 2464/2391/4662 2463/2390/4662
f 2503/2436/4663 2476/2393/4663 2448/2377/4663
f 2515/2437/4664 2466/2395/4664 2449/2394/4664
f 2467/2396/4665 2504/2438/4665 2439/2366/4665
f 2504/2438/4666 2450/2378/4666 2439/2366/4666
f 2504/2438/4667 2505/2406/4667 2450/2378/4667
f 2493/2422/4668 2428/2356/4668 2452/2380/4668
f 2481/2409/4669 2506/2439/4669 2482/2410/4669
f 2506/2439/4670 2442/2369/4670 2482/2410/4670
f 2469/2398/4671 2507/2440/4671 2443/2370/4671
f 2507/2440/4672 2495/2427/4672 2443/2370/4672
f 2471/2399/4673 2517/2441/4673 2406/2331/4673
f 2484/2413/4674 2497/2414/4674 2444/2372/4674
f 2486/2416/4675 2508/2442/4675 2407/2332/4675
f 2508/2442/4676 2487/2382/4676 2407/2332/4676
f 2498/2428/4677 2455/2384/4677 2454/2383/4677
f 2489/2418/4678 2509/2443/4678 2457/2373/4678
f 2509/2443/4679 2445/2374/4679 2457/2373/4679
f 2490/2419/4680 2421/2346/4680 2458/2386/4680
f 2549/2444/4681 2446/2375/4681 2460/2347/4681
f 2422/2350/4682 2510/2445/4682 2423/2351/4682
f 2510/2445/4683 2511/2431/4683 2423/2351/4683
f 2511/2431/4684 2447/2376/4684 2433/2360/4684
f 2474/2402/4685 2512/2446/4685 2435/2362/4685
f 2501/2434/4686 2513/2447/4686 2426/2353/4686
f 2513/2447/4687 2463/2390/4687 2426/2353/4687
f 2513/2447/4688 2502/2435/4688 2463/2390/4688
f 2502/2435/4689 2539/2448/4689 2464/2391/4689
f 2539/2448/4690 2465/2392/4690 2464/2391/4690
f 2539/2448/4691 2448/2377/4691 2465/2392/4691
f 2514/2449/4692 2476/2393/4692 2503/2436/4692
f 2514/2449/4693 2449/2394/4693 2476/2393/4693
f 2477/2404/4694 2437/2355/4694 2466/2395/4694
f 2492/2421/4695 2467/2396/4695 2478/2405/4695
f 2527/2450/4696 2452/2380/4696 2451/2379/4696
f 2480/2426/4697 2481/2409/4697 2440/2367/4697
f 2531/2451/4698 2471/2399/4698 2470/2371/4698
f 2517/2441/4699 2496/2412/4699 2406/2331/4699
f 2518/2452/4700 2484/2413/4700 2496/2412/4700
f 2536/2453/4701 2489/2418/4701 2456/2385/4701
f 2519/2429/4702 2421/2346/4702 2490/2419/4702
f 2549/2444/4703 2520/2430/4703 2446/2375/4703
f 2521/2454/4704 2432/2348/4704 2520/2430/4704
f 2511/2431/4705 2499/2432/4705 2447/2376/4705
f 2522/2455/4706 2462/2389/4706 2500/2433/4706
f 2522/2455/4707 2523/2456/4707 2462/2389/4707
f 2524/2457/4708 2474/2402/4708 2462/2389/4708
f 2525/2458/4709 2512/2446/4709 2474/2402/4709
f 2512/2446/4710 2491/2420/4710 2435/2362/4710
f 2491/2420/4711 2526/2459/4711 2425/2363/4711
f 2526/2459/4712 2475/2403/4712 2425/2363/4712
f 2539/2448/4713 2503/2436/4713 2448/2377/4713
f 2514/2449/4714 2515/2437/4714 2449/2394/4714
f 2527/2450/4715 2451/2379/4715 2505/2406/4715
f 2528/2460/4716 2452/2380/4716 2527/2450/4716
f 2528/2460/4717 2493/2422/4717 2452/2380/4717
f 2516/2461/4718 2468/2397/4718 2493/2422/4718
f 2516/2461/4719 2494/2423/4719 2468/2397/4719
f 2479/2407/4720 79/2462/4720 77/2424/4720
f 80/2463/4721 2480/2426/4721 78/2425/4721
f 2480/2426/4722 2529/2464/4722 2481/2409/4722
f 2506/2439/4723 2469/2398/4723 2442/2369/4723
f 2495/2427/4724 2531/2451/4724 2483/2411/4724
f 2531/2451/4725 2470/2371/4725 2483/2411/4725
f 2531/2451/4726 2517/2441/4726 2471/2399/4726
f 2532/2465/4727 2497/2414/4727 2484/2413/4727
f 2497/2414/4728 2533/2466/4728 2485/2415/4728
f 2533/2466/4729 2486/2416/4729 2485/2415/4729
f 2556/2467/4730 2508/2442/4730 2486/2416/4730
f 2508/2442/4731 2534/2468/4731 2487/2382/4731
f 2521/2454/4732 2472/2400/4732 2432/2348/4732
f 2472/2400/4733 2537/2469/4733 2473/2401/4733
f 2538/2470/4734 2422/2350/4734 2473/2401/4734
f 2538/2470/4735 2510/2445/4735 2422/2350/4735
f 2511/2431/4736 2500/2433/4736 2499/2432/4736
f 2523/2456/4737 2524/2457/4737 2462/2389/4737
f 2524/2457/4738 2525/2458/4738 2474/2402/4738
f 2539/2448/4739 2502/2435/4739 2513/2447/4739
f 2540/2471/4740 2492/2421/4740 2477/2404/4740
f 2540/2471/4741 2467/2396/4741 2492/2421/4741
f 2565/2472/4742 2504/2438/4742 2467/2396/4742
f 2516/2461/4743 2541/2473/4743 2494/2423/4743
f 2541/2473/4744 2479/2407/4744 2494/2423/4744
f 2541/2473/4745 2542/2474/4745 2479/2407/4745
f 2529/2464/4746 2530/2475/4746 2481/2409/4746
f 2530/2475/4747 2543/2476/4747 2481/2409/4747
f 2543/2476/4748 2506/2439/4748 2481/2409/4748
f 2469/2398/4749 2544/2477/4749 2507/2440/4749
f 2544/2477/4750 2495/2427/4750 2507/2440/4750
f 2545/2478/4751 2517/2441/4751 2531/2451/4751
f 2546/2479/4752 2518/2452/4752 2496/2412/4752
f 2532/2465/4753 2533/2466/4753 2497/2414/4753
f 2487/2382/4754 2534/2468/4754 2498/2428/4754
f 2534/2468/4755 2535/2480/4755 2498/2428/4755
f 2571/2481/4756 2488/2417/4756 2455/2384/4756
f 2488/2417/4757 2536/2453/4757 2456/2385/4757
f 2548/2482/4758 2490/2419/4758 2445/2374/4758
f 2549/2444/4759 2460/2347/4759 2459/2387/4759
f 2526/2459/4760 2501/2434/4760 2475/2403/4760
f 2539/2448/4761 2562/2483/4761 2503/2436/4761
f 2551/2484/4762 2515/2437/4762 2514/2449/4762
f 2567/2485/4763 2527/2450/4763 2505/2406/4763
f 2552/2486/4764 2528/2460/4764 2527/2450/4764
f 2542/2474/4765 79/2462/4765 2479/2407/4765
f 80/2463/4766 2553/2487/4766 2480/2426/4766
f 2553/2487/4767 2529/2464/4767 2480/2426/4767
f 2544/2477/4768 2554/2488/4768 2495/2427/4768
f 2554/2488/4769 2531/2451/4769 2495/2427/4769
f 2517/2441/4770 2555/2489/4770 2496/2412/4770
f 2555/2489/4771 2546/2479/4771 2496/2412/4771
f 2533/2466/4772 2556/2467/4772 2486/2416/4772
f 2556/2467/4773 2547/2490/4773 2508/2442/4773
f 2535/2480/4774 2455/2384/4774 2498/2428/4774
f 2509/2443/4775 2557/2491/4775 2445/2374/4775
f 2557/2491/4776 2548/2482/4776 2445/2374/4776
f 2558/2492/4777 2519/2429/4777 2490/2419/4777
f 2549/2444/4778 2459/2387/4778 2519/2429/4778
f 2559/2493/4779 2500/2433/4779 2511/2431/4779
f 2560/2494/4780 2524/2457/4780 2523/2456/4780
f 2560/2494/4781 2550/2495/4781 2524/2457/4781
f 2526/2459/4782 2513/2447/4782 2501/2434/4782
f 2561/2496/4783 2562/2483/4783 2539/2448/4783
f 2562/2483/4784 2514/2449/4784 2503/2436/4784
f 2562/2483/4785 2551/2484/4785 2514/2449/4785
f 2563/2497/4786 2515/2437/4786 2551/2484/4786
f 2515/2437/4787 2564/2498/4787 2466/2395/4787
f 2564/2498/4788 2477/2404/4788 2466/2395/4788
f 2565/2472/4789 2467/2396/4789 2540/2471/4789
f 2566/2499/4790 2504/2438/4790 2565/2472/4790
f 2504/2438/4791 2567/2485/4791 2505/2406/4791
f 2568/2500/4792 2516/2461/4792 2493/2422/4792
f 81/2501/4793 2553/2487/4793 80/2463/4793
f 2553/2487/4794 2569/2502/4794 2529/2464/4794
f 2569/2502/4795 2530/2475/4795 2529/2464/4795
f 2506/2439/4796 2544/2477/4796 2469/2398/4796
f 2555/2489/4797 2517/2441/4797 2545/2478/4797
f 2590/2503/4798 2484/2413/4798 2518/2452/4798
f 2570/2504/4799 2533/2466/4799 2532/2465/4799
f 2547/2490/4800 2534/2468/4800 2508/2442/4800
f 2535/2480/4801 2571/2481/4801 2455/2384/4801
f 2549/2444/4802 2521/2454/4802 2520/2430/4802
f 2572/2505/4803 2472/2400/4803 2521/2454/4803
f 2537/2469/4804 2538/2470/4804 2473/2401/4804
f 2573/2506/4805 2511/2431/4805 2510/2445/4805
f 2559/2493/4806 2522/2455/4806 2500/2433/4806
f 2550/2495/4807 2525/2458/4807 2524/2457/4807
f 2525/2458/4808 2491/2420/4808 2512/2446/4808
f 2525/2458/4809 2574/2507/4809 2491/2420/4809
f 2574/2507/4810 2526/2459/4810 2491/2420/4810
f 2575/2508/4811 2513/2447/4811 2526/2459/4811
f 2575/2508/4812 2539/2448/4812 2513/2447/4812
f 2563/2497/4813 2564/2498/4813 2515/2437/4813
f 2566/2499/4814 2567/2485/4814 2504/2438/4814
f 2552/2486/4815 2576/2509/4815 2528/2460/4815
f 2528/2460/4816 2576/2509/4816 2493/2422/4816
f 2506/2439/4817 2577/2510/4817 2544/2477/4817
f 2577/2510/4818 2554/2488/4818 2544/2477/4818
f 2531/2451/4819 2578/2511/4819 2545/2478/4819
f 2579/2512/4820 2532/2465/4820 2484/2413/4820
f 2580/2513/4821 2519/2429/4821 2558/2492/4821
f 2580/2513/4822 2549/2444/4822 2519/2429/4822
f 2581/2514/4823 2521/2454/4823 2549/2444/4823
f 2594/2515/4824 2572/2505/4824 2521/2454/4824
f 2573/2506/4825 2559/2493/4825 2511/2431/4825
f 2559/2493/4826 2523/2456/4826 2522/2455/4826
f 2559/2493/4827 2560/2494/4827 2523/2456/4827
f 2575/2508/4828 2561/2496/4828 2539/2448/4828
f 2564/2498/4829 2540/2471/4829 2477/2404/4829
f 2540/2471/4830 2582/2516/4830 2565/2472/4830
f 2582/2516/4831 2566/2499/4831 2565/2472/4831
f 2583/2517/4832 2567/2485/4832 2566/2499/4832
f 2567/2485/4833 2552/2486/4833 2527/2450/4833
f 2568/2500/4834 2584/2518/4834 2516/2461/4834
f 2584/2518/4835 2541/2473/4835 2516/2461/4835
f 2584/2518/4836 2585/2519/4836 2541/2473/4836
f 2585/2519/4837 2542/2474/4837 2541/2473/4837
f 2585/2519/4838 79/2462/4838 2542/2474/4838
f 2586/2520/4839 2506/2439/4839 2543/2476/4839
f 2587/2521/4840 2577/2510/4840 2506/2439/4840
f 2554/2488/4841 2588/2522/4841 2531/2451/4841
f 2578/2511/4842 2555/2489/4842 2545/2478/4842
f 2589/2523/4843 2546/2479/4843 2555/2489/4843
f 2589/2523/4844 2590/2503/4844 2546/2479/4844
f 2590/2503/4845 2518/2452/4845 2546/2479/4845
f 2590/2503/4846 2579/2512/4846 2484/2413/4846
f 2591/2524/4847 2547/2490/4847 2556/2467/4847
f 2571/2481/4848 2610/2525/4848 2488/2417/4848
f 2489/2418/4849 2592/2526/4849 2509/2443/4849
f 2548/2482/4850 2558/2492/4850 2490/2419/4850
f 2580/2513/4851 2593/2527/4851 2549/2444/4851
f 2572/2505/4852 2537/2469/4852 2472/2400/4852
f 2595/2528/4853 2550/2495/4853 2560/2494/4853
f 2596/2529/4854 2525/2458/4854 2550/2495/4854
f 2597/2530/4855 2574/2507/4855 2525/2458/4855
f 2561/2496/4856 2598/2531/4856 2562/2483/4856
f 2599/2532/4857 2551/2484/4857 2562/2483/4857
f 2600/2533/4858 2564/2498/4858 2563/2497/4858
f 2601/2534/4859 2540/2471/4859 2564/2498/4859
f 2582/2516/4860 2583/2517/4860 2566/2499/4860
f 2585/2519/4861 82/2535/4861 79/2462/4861
f 2603/2536/4862 2530/2475/4862 2569/2502/4862
f 2603/2536/4863 2543/2476/4863 2530/2475/4863
f 2604/2537/4864 2554/2488/4864 2577/2510/4864
f 2605/2538/4865 2588/2522/4865 2554/2488/4865
f 2588/2522/4866 2578/2511/4866 2531/2451/4866
f 2606/2539/4867 2579/2512/4867 2590/2503/4867
f 2579/2512/4868 2570/2504/4868 2532/2465/4868
f 2607/2540/4869 2533/2466/4869 2570/2504/4869
f 2607/2540/4870 2556/2467/4870 2533/2466/4870
f 2608/2541/4871 2591/2524/4871 2556/2467/4871
f 2609/2542/4872 2535/2480/4872 2534/2468/4872
f 2609/2542/4873 2571/2481/4873 2535/2480/4873
f 2592/2526/4874 2557/2491/4874 2509/2443/4874
f 2632/2543/4875 2558/2492/4875 2548/2482/4875
f 2593/2527/4876 2581/2514/4876 2549/2444/4876
f 2611/2544/4877 2510/2445/4877 2538/2470/4877
f 2559/2493/4878 2624/2545/4878 2560/2494/4878
f 2624/2545/4879 2595/2528/4879 2560/2494/4879
f 2597/2530/4880 2612/2546/4880 2574/2507/4880
f 2612/2546/4881 2526/2459/4881 2574/2507/4881
f 2612/2546/4882 2575/2508/4882 2526/2459/4882
f 2599/2532/4883 2613/2547/4883 2551/2484/4883
f 2613/2547/4884 2614/2548/4884 2551/2484/4884
f 2614/2548/4885 2563/2497/4885 2551/2484/4885
f 2615/2549/4886 2567/2485/4886 2583/2517/4886
f 2576/2509/4887 2616/2550/4887 2493/2422/4887
f 2616/2550/4888 2568/2500/4888 2493/2422/4888
f 2641/2551/4889 82/2535/4889 2585/2519/4889
f 81/2501/4890 84/2552/4890 2553/2487/4890
f 84/2552/4891 2569/2502/4891 2553/2487/4891
f 2617/2553/4892 2586/2520/4892 2543/2476/4892
f 2586/2520/4893 2587/2521/4893 2506/2439/4893
f 2587/2521/4894 2618/2554/4894 2577/2510/4894
f 2604/2537/4895 2605/2538/4895 2554/2488/4895
f 2606/2539/4896 2570/2504/4896 2579/2512/4896
f 2609/2542/4897 2534/2468/4897 2547/2490/4897
f 2620/2555/4898 2610/2525/4898 2571/2481/4898
f 2621/2556/4899 2536/2453/4899 2488/2417/4899
f 2592/2526/4900 2489/2418/4900 2536/2453/4900
f 2622/2557/4901 2537/2469/4901 2572/2505/4901
f 2611/2544/4902 2573/2506/4902 2510/2445/4902
f 2623/2558/4903 2559/2493/4903 2573/2506/4903
f 2596/2529/4904 2597/2530/4904 2525/2458/4904
f 2625/2559/4905 2575/2508/4905 2612/2546/4905
f 2626/2560/4906 2561/2496/4906 2575/2508/4906
f 2626/2560/4907 2598/2531/4907 2561/2496/4907
f 2598/2531/4908 2599/2532/4908 2562/2483/4908
f 2614/2548/4909 2627/2561/4909 2563/2497/4909
f 2627/2561/4910 2600/2533/4910 2563/2497/4910
f 2627/2561/4911 2564/2498/4911 2600/2533/4911
f 2627/2561/4912 2601/2534/4912 2564/2498/4912
f 2582/2516/4913 2540/2471/4913 2601/2534/4913
f 2628/2562/4914 2567/2485/4914 2615/2549/4914
f 2628/2562/4915 2552/2486/4915 2567/2485/4915
f 2628/2562/4916 2602/2563/4916 2552/2486/4916
f 2602/2563/4917 2576/2509/4917 2552/2486/4917
f 83/2564/4918 82/2535/4918 2641/2551/4918
f 2603/2536/4919 2617/2553/4919 2543/2476/4919
f 2618/2554/4920 2604/2537/4920 2577/2510/4920
f 2619/2565/4921 2606/2539/4921 2590/2503/4921
f 2630/2566/4922 2570/2504/4922 2606/2539/4922
f 2607/2540/4923 2608/2541/4923 2556/2467/4923
f 2608/2541/4924 2547/2490/4924 2591/2524/4924
f 2621/2556/4925 2592/2526/4925 2536/2453/4925
f 2631/2567/4926 2557/2491/4926 2592/2526/4926
f 2557/2491/4927 2632/2543/4927 2548/2482/4927
f 2671/2568/4928 2581/2514/4928 2593/2527/4928
f 2581/2514/4929 2594/2515/4929 2521/2454/4929
f 2537/2469/4930 2611/2544/4930 2538/2470/4930
f 2634/2569/4931 2635/2570/4931 2595/2528/4931
f 2635/2570/4932 2550/2495/4932 2595/2528/4932
f 2635/2570/4933 2596/2529/4933 2550/2495/4933
f 2625/2559/4934 2626/2560/4934 2575/2508/4934
f 2647/2571/4935 2613/2547/4935 2599/2532/4935
f 2638/2572/4936 2583/2517/4936 2582/2516/4936
f 2638/2572/4937 2615/2549/4937 2583/2517/4937
f 2576/2509/4938 2639/2573/4938 2616/2550/4938
f 2616/2550/4939 2640/2574/4939 2568/2500/4939
f 2640/2574/4940 2584/2518/4940 2568/2500/4940
f 2569/2502/4941 2642/2575/4941 2603/2536/4941
f 2587/2521/4942 2604/2537/4942 2618/2554/4942
f 2651/2576/4943 2588/2522/4943 2605/2538/4943
f 2588/2522/4944 2629/2577/4944 2578/2511/4944
f 2629/2577/4945 2555/2489/4945 2578/2511/4945
f 2629/2577/4946 2643/2578/4946 2555/2489/4946
f 2643/2578/4947 2589/2523/4947 2555/2489/4947
f 2630/2566/4948 2644/2579/4948 2570/2504/4948
f 2644/2579/4949 2607/2540/4949 2570/2504/4949
f 2547/2490/4950 2645/2580/4950 2609/2542/4950
f 2609/2542/4951 2620/2555/4951 2571/2481/4951
f 2610/2525/4952 2621/2556/4952 2488/2417/4952
f 2631/2567/4953 2632/2543/4953 2557/2491/4953
f 2632/2543/4954 2580/2513/4954 2558/2492/4954
f 2622/2557/4955 2633/2581/4955 2537/2469/4955
f 2573/2506/4956 2646/2582/4956 2623/2558/4956
f 2623/2558/4957 2624/2545/4957 2559/2493/4957
f 2624/2545/4958 2634/2569/4958 2595/2528/4958
f 2626/2560/4959 2647/2571/4959 2598/2531/4959
f 2647/2571/4960 2599/2532/4960 2598/2531/4960
f 2613/2547/4961 2648/2583/4961 2614/2548/4961
f 2648/2583/4962 2627/2561/4962 2614/2548/4962
f 2627/2561/4963 2636/2584/4963 2601/2534/4963
f 2636/2584/4964 2582/2516/4964 2601/2534/4964
f 2636/2584/4965 2637/2585/4965 2582/2516/4965
f 2637/2585/4966 2638/2572/4966 2582/2516/4966
f 2584/2518/4967 2641/2551/4967 2585/2519/4967
f 85/2586/4968 2569/2502/4968 84/2552/4968
f 2617/2553/4969 2649/2587/4969 2586/2520/4969
f 2587/2521/4970 2676/2588/4970 2604/2537/4970
f 2650/2589/4971 2651/2576/4971 2604/2537/4971
f 2651/2576/4972 2605/2538/4972 2604/2537/4972
f 2643/2578/4973 2619/2565/4973 2589/2523/4973
f 2619/2565/4974 2590/2503/4974 2589/2523/4974
f 2669/2590/4975 2606/2539/4975 2619/2565/4975
f 2652/2591/4976 2608/2541/4976 2607/2540/4976
f 2653/2592/4977 2645/2580/4977 2547/2490/4977
f 2706/2593/4978 2610/2525/4978 2620/2555/4978
f 2594/2515/4979 2622/2557/4979 2572/2505/4979
f 2633/2581/4980 2654/2594/4980 2537/2469/4980
f 2654/2594/4981 2611/2544/4981 2537/2469/4981
f 2611/2544/4982 2646/2582/4982 2573/2506/4982
f 2655/2595/4983 2634/2569/4983 2624/2545/4983
f 2634/2569/4984 2656/2596/4984 2635/2570/4984
f 2596/2529/4985 2657/2597/4985 2597/2530/4985
f 2657/2597/4986 2658/2598/4986 2597/2530/4986
f 2658/2598/4987 2612/2546/4987 2597/2530/4987
f 2659/2599/4988 2660/2600/4988 2625/2559/4988
f 2660/2600/4989 2626/2560/4989 2625/2559/4989
f 2660/2600/4990 2661/2601/4990 2626/2560/4990
f 2661/2601/4991 2647/2571/4991 2626/2560/4991
f 2662/2602/4992 2648/2583/4992 2613/2547/4992
f 2663/2603/4993 2664/2604/4993 2636/2584/4993
f 2664/2604/4994 2637/2585/4994 2636/2584/4994
f 2615/2549/4995 2665/2605/4995 2628/2562/4995
f 2639/2573/4996 2576/2509/4996 2602/2563/4996
f 2668/2606/4997 83/2564/4997 2641/2551/4997
f 2668/2606/4998 86/2607/4998 83/2564/4998
f 2642/2575/4999 2617/2553/4999 2603/2536/4999
f 2649/2587/5000 2587/2521/5000 2586/2520/5000
f 2676/2588/5001 2650/2589/5001 2604/2537/5001
f 2644/2579/5002 2652/2591/5002 2607/2540/5002
f 2653/2592/5003 2547/2490/5003 2608/2541/5003
f 2680/2608/5004 2620/2555/5004 2609/2542/5004
f 2671/2568/5005 2593/2527/5005 2580/2513/5005
f 2672/2609/5006 2622/2557/5006 2594/2515/5006
f 2623/2558/5007 2655/2595/5007 2624/2545/5007
f 2655/2595/5008 2656/2596/5008 2634/2569/5008
f 2656/2596/5009 2673/2610/5009 2635/2570/5009
f 2673/2610/5010 2596/2529/5010 2635/2570/5010
f 2612/2546/5011 2659/2599/5011 2625/2559/5011
f 2674/2611/5012 2613/2547/5012 2647/2571/5012
f 2674/2611/5013 2662/2602/5013 2613/2547/5013
f 2648/2583/5014 2675/2612/5014 2627/2561/5014
f 2627/2561/5015 2663/2603/5015 2636/2584/5015
f 2699/2613/5016 2638/2572/5016 2637/2585/5016
f 2665/2605/5017 2666/2614/5017 2628/2562/5017
f 2666/2614/5018 2602/2563/5018 2628/2562/5018
f 2639/2573/5019 2667/2615/5019 2616/2550/5019
f 2667/2615/5020 2584/2518/5020 2616/2550/5020
f 2584/2518/5021 2640/2574/5021 2616/2550/5021
f 85/2586/5022 2642/2575/5022 2569/2502/5022
f 2651/2576/5023 2629/2577/5023 2588/2522/5023
f 2677/2616/5024 2643/2578/5024 2629/2577/5024
f 2678/2617/5025 2630/2566/5025 2606/2539/5025
f 2678/2617/5026 2644/2579/5026 2630/2566/5026
f 2678/2617/5027 2679/2618/5027 2644/2579/5027
f 2652/2591/5028 2653/2592/5028 2608/2541/5028
f 2653/2592/5029 2680/2608/5029 2645/2580/5029
f 2680/2608/5030 2609/2542/5030 2645/2580/5030
f 2706/2593/5031 2681/2619/5031 2610/2525/5031
f 2682/2620/5032 2632/2543/5032 2631/2567/5032
f 2632/2543/5033 2670/2621/5033 2580/2513/5033
f 2683/2622/5034 2581/2514/5034 2671/2568/5034
f 2581/2514/5035 2683/2622/5035 2594/2515/5035
f 2684/2623/5036 2611/2544/5036 2654/2594/5036
f 2673/2610/5037 2657/2597/5037 2596/2529/5037
f 2661/2601/5038 2674/2611/5038 2647/2571/5038
f 2662/2602/5039 2675/2612/5039 2648/2583/5039
f 2663/2603/5040 2627/2561/5040 2675/2612/5040
f 2638/2572/5041 2665/2605/5041 2615/2549/5041
f 2666/2614/5042 2686/2624/5042 2602/2563/5042
f 2686/2624/5043 2639/2573/5043 2602/2563/5043
f 2687/2625/5044 2641/2551/5044 2584/2518/5044
f 2687/2625/5045 2668/2606/5045 2641/2551/5045
f 88/2626/5046 2642/2575/5046 85/2586/5046
f 2617/2553/5047 2688/2627/5047 2649/2587/5047
f 2649/2587/5048 2676/2588/5048 2587/2521/5048
f 2704/2628/5049 2619/2565/5049 2643/2578/5049
f 2689/2629/5050 2669/2590/5050 2619/2565/5050
f 2669/2590/5051 2678/2617/5051 2606/2539/5051
f 2679/2618/5052 2652/2591/5052 2644/2579/5052
f 2679/2618/5053 2690/2630/5053 2652/2591/5053
f 2681/2619/5054 2621/2556/5054 2610/2525/5054
f 2670/2621/5055 2671/2568/5055 2580/2513/5055
f 2683/2622/5056 2672/2609/5056 2594/2515/5056
f 2611/2544/5057 2692/2631/5057 2646/2582/5057
f 2693/2632/5058 2655/2595/5058 2623/2558/5058
f 2694/2633/5059 2656/2596/5059 2655/2595/5059
f 2694/2633/5060 2673/2610/5060 2656/2596/5060
f 2696/2634/5061 2662/2602/5061 2674/2611/5061
f 2662/2602/5062 2713/2635/5062 2675/2612/5062
f 2698/2636/5063 2699/2613/5063 2664/2604/5063
f 2699/2613/5064 2637/2585/5064 2664/2604/5064
f 2728/2637/5065 2638/2572/5065 2699/2613/5065
f 2665/2605/5066 2685/2638/5066 2666/2614/5066
f 2667/2615/5067 2700/2639/5067 2584/2518/5067
f 2700/2639/5068 2687/2625/5068 2584/2518/5068
f 2668/2606/5069 87/2640/5069 86/2607/5069
f 2650/2589/5070 2702/2641/5070 2651/2576/5070
f 2702/2641/5071 2703/2642/5071 2651/2576/5071
f 2703/2642/5072 2629/2577/5072 2651/2576/5072
f 2677/2616/5073 2704/2628/5073 2643/2578/5073
f 2704/2628/5074 2689/2629/5074 2619/2565/5074
f 2690/2630/5075 2653/2592/5075 2652/2591/5075
f 2706/2593/5076 2620/2555/5076 2680/2608/5076
f 2707/2643/5077 2592/2526/5077 2621/2556/5077
f 2707/2643/5078 2631/2567/5078 2592/2526/5078
f 2691/2644/5079 2683/2622/5079 2671/2568/5079
f 2672/2609/5080 2633/2581/5080 2622/2557/5080
f 2708/2645/5081 2654/2594/5081 2633/2581/5081
f 2709/2646/5082 2684/2623/5082 2654/2594/5082
f 2646/2582/5083 2693/2632/5083 2623/2558/5083
f 2710/2647/5084 2657/2597/5084 2673/2610/5084
f 2711/2648/5085 2612/2546/5085 2658/2598/5085
f 2711/2648/5086 2659/2599/5086 2612/2546/5086
f 2661/2601/5087 2695/2649/5087 2674/2611/5087
f 2712/2650/5088 2674/2611/5088 2695/2649/5088
f 2712/2650/5089 2696/2634/5089 2674/2611/5089
f 2696/2634/5090 2713/2635/5090 2662/2602/5090
f 2713/2635/5091 2663/2603/5091 2675/2612/5091
f 2713/2635/5092 2697/2651/5092 2663/2603/5092
f 2697/2651/5093 2664/2604/5093 2663/2603/5093
f 2697/2651/5094 2698/2636/5094 2664/2604/5094
f 2714/2652/5095 2638/2572/5095 2728/2637/5095
f 2714/2652/5096 2665/2605/5096 2638/2572/5096
f 2686/2624/5097 2667/2615/5097 2639/2573/5097
f 2715/2653/5098 2668/2606/5098 2687/2625/5098
f 2701/2654/5099 2716/2655/5099 2668/2606/5099
f 88/2626/5100 2617/2553/5100 2642/2575/5100
f 2717/2656/5101 2650/2589/5101 2676/2588/5101
f 2718/2657/5102 2719/2658/5102 2650/2589/5102
f 2719/2658/5103 2702/2641/5103 2650/2589/5103
f 2669/2590/5104 2734/2659/5104 2678/2617/5104
f 2690/2630/5105 2720/2660/5105 2653/2592/5105
f 2720/2660/5106 2680/2608/5106 2653/2592/5106
f 2705/2661/5107 2706/2593/5107 2680/2608/5107
f 2682/2620/5108 2670/2621/5108 2632/2543/5108
f 2721/2662/5109 2633/2581/5109 2672/2609/5109
f 2708/2645/5110 2709/2646/5110 2654/2594/5110
f 2693/2632/5111 2722/2663/5111 2655/2595/5111
f 2722/2663/5112 2694/2633/5112 2655/2595/5112
f 2694/2633/5113 2710/2647/5113 2673/2610/5113
f 2710/2647/5114 2723/2664/5114 2657/2597/5114
f 2723/2664/5115 2658/2598/5115 2657/2597/5115
f 2723/2664/5116 2724/2665/5116 2658/2598/5116
f 2724/2665/5117 2711/2648/5117 2658/2598/5117
f 2711/2648/5118 2660/2600/5118 2659/2599/5118
f 2725/2666/5119 2661/2601/5119 2660/2600/5119
f 2661/2601/5120 2712/2650/5120 2695/2649/5120
f 2696/2634/5121 2726/2667/5121 2713/2635/5121
f 2729/2668/5122 2686/2624/5122 2666/2614/5122
f 2730/2669/5123 2667/2615/5123 2686/2624/5123
f 2715/2653/5124 2701/2654/5124 2668/2606/5124
f 88/2626/5125 2731/2670/5125 2617/2553/5125
f 2731/2670/5126 2688/2627/5126 2617/2553/5126
f 2732/2671/5127 2649/2587/5127 2688/2627/5127
f 2732/2671/5128 2676/2588/5128 2649/2587/5128
f 2732/2671/5129 2717/2656/5129 2676/2588/5129
f 2717/2656/5130 2718/2657/5130 2650/2589/5130
f 2702/2641/5131 2719/2658/5131 2703/2642/5131
f 2629/2577/5132 2733/2672/5132 2677/2616/5132
f 2734/2659/5133 2679/2618/5133 2678/2617/5133
f 2736/2673/5134 2690/2630/5134 2679/2618/5134
f 2720/2660/5135 2705/2661/5135 2680/2608/5135
f 2681/2619/5136 2737/2674/5136 2621/2556/5136
f 2670/2621/5137 2765/2675/5137 2671/2568/5137
f 2765/2675/5138 2691/2644/5138 2671/2568/5138
f 2691/2644/5139 2738/2676/5139 2683/2622/5139
f 2721/2662/5140 2708/2645/5140 2633/2581/5140
f 2684/2623/5141 2692/2631/5141 2611/2544/5141
f 2692/2631/5142 2693/2632/5142 2646/2582/5142
f 2711/2648/5143 2725/2666/5143 2660/2600/5143
f 2739/2677/5144 2712/2650/5144 2661/2601/5144
f 2727/2678/5145 2697/2651/5145 2713/2635/5145
f 2697/2651/5146 2741/2679/5146 2698/2636/5146
f 2685/2638/5147 2729/2668/5147 2666/2614/5147
f 2685/2638/5148 2686/2624/5148 2729/2668/5148
f 2730/2669/5149 2700/2639/5149 2667/2615/5149
f 2700/2639/5150 2715/2653/5150 2687/2625/5150
f 2716/2655/5151 87/2640/5151 2668/2606/5151
f 2703/2642/5152 2733/2672/5152 2629/2577/5152
f 2733/2672/5153 2704/2628/5153 2677/2616/5153
f 2735/2680/5154 2736/2673/5154 2679/2618/5154
f 2742/2681/5155 2720/2660/5155 2690/2630/5155
f 2744/2682/5156 2631/2567/5156 2707/2643/5156
f 2744/2682/5157 2745/2683/5157 2631/2567/5157
f 2745/2683/5158 2682/2620/5158 2631/2567/5158
f 2738/2676/5159 2672/2609/5159 2683/2622/5159
f 2684/2623/5160 2746/2684/5160 2692/2631/5160
f 2747/2685/5161 2722/2663/5161 2693/2632/5161
f 2748/2686/5162 2710/2647/5162 2694/2633/5162
f 2725/2666/5163 2739/2677/5163 2661/2601/5163
f 2739/2677/5164 2749/2687/5164 2712/2650/5164
f 2726/2667/5165 2727/2678/5165 2713/2635/5165
f 2740/2688/5166 2697/2651/5166 2727/2678/5166
f 2740/2688/5167 2760/2689/5167 2697/2651/5167
f 2760/2689/5168 2741/2679/5168 2697/2651/5168
f 2741/2679/5169 2699/2613/5169 2698/2636/5169
f 2741/2679/5170 2728/2637/5170 2699/2613/5170
f 2741/2679/5171 2714/2652/5171 2728/2637/5171
f 2751/2690/5172 2685/2638/5172 2665/2605/5172
f 2685/2638/5173 2752/2691/5173 2686/2624/5173
f 2752/2691/5174 2730/2669/5174 2686/2624/5174
f 2716/2655/5175 89/2692/5175 87/2640/5175
f 90/2693/5176 2731/2670/5176 88/2626/5176
f 2753/2694/5177 2689/2629/5177 2704/2628/5177
f 2753/2694/5178 2774/2695/5178 2689/2629/5178
f 2774/2695/5179 2669/2590/5179 2689/2629/5179
f 2774/2695/5180 2734/2659/5180 2669/2590/5180
f 2736/2673/5181 2742/2681/5181 2690/2630/5181
f 2754/2696/5182 2705/2661/5182 2720/2660/5182
f 2754/2696/5183 2706/2593/5183 2705/2661/5183
f 2743/2697/5184 2681/2619/5184 2706/2593/5184
f 2737/2674/5185 2755/2698/5185 2621/2556/5185
f 2755/2698/5186 2707/2643/5186 2621/2556/5186
f 2765/2675/5187 2670/2621/5187 2682/2620/5187
f 2738/2676/5188 2721/2662/5188 2672/2609/5188
f 2692/2631/5189 2747/2685/5189 2693/2632/5189
f 2749/2687/5190 2696/2634/5190 2712/2650/5190
f 2757/2699/5191 2726/2667/5191 2696/2634/5191
f 2726/2667/5192 2758/2700/5192 2727/2678/5192
f 2727/2678/5193 2759/2701/5193 2740/2688/5193
f 2714/2652/5194 2750/2702/5194 2665/2605/5194
f 2761/2703/5195 2700/2639/5195 2730/2669/5195
f 2761/2703/5196 2715/2653/5196 2700/2639/5196
f 2770/2704/5197 2701/2654/5197 2715/2653/5197
f 2782/2705/5198 89/2692/5198 2716/2655/5198
f 2731/2670/5199 2762/2706/5199 2688/2627/5199
f 2762/2706/5200 2732/2671/5200 2688/2627/5200
f 2763/2707/5201 2719/2658/5201 2718/2657/5201
f 2719/2658/5202 2733/2672/5202 2703/2642/5202
f 2733/2672/5203 2753/2694/5203 2704/2628/5203
f 2734/2659/5204 2735/2680/5204 2679/2618/5204
f 2742/2681/5205 2764/2708/5205 2720/2660/5205
f 2754/2696/5206 2743/2697/5206 2706/2593/5206
f 2755/2698/5207 2744/2682/5207 2707/2643/5207
f 2721/2662/5208 2756/2709/5208 2708/2645/5208
f 2756/2709/5209 2709/2646/5209 2708/2645/5209
f 2748/2686/5210 2766/2710/5210 2710/2647/5210
f 2766/2710/5211 2723/2664/5211 2710/2647/5211
f 2766/2710/5212 2724/2665/5212 2723/2664/5212
f 2767/2711/5213 2711/2648/5213 2724/2665/5213
f 2767/2711/5214 2725/2666/5214 2711/2648/5214
f 2749/2687/5215 2757/2699/5215 2696/2634/5215
f 2757/2699/5216 2758/2700/5216 2726/2667/5216
f 2750/2702/5217 2751/2690/5217 2665/2605/5217
f 2769/2712/5218 2752/2691/5218 2685/2638/5218
f 2761/2703/5219 2770/2704/5219 2715/2653/5219
f 2701/2654/5220 2782/2705/5220 2716/2655/5220
f 2782/2705/5221 91/2713/5221 89/2692/5221
f 2771/2714/5222 2732/2671/5222 2762/2706/5222
f 2771/2714/5223 2772/2715/5223 2732/2671/5223
f 2717/2656/5224 2763/2707/5224 2718/2657/5224
f 2764/2708/5225 2754/2696/5225 2720/2660/5225
f 2745/2683/5226 2790/2716/5226 2682/2620/5226
f 2790/2716/5227 2765/2675/5227 2682/2620/5227
f 2775/2717/5228 2722/2663/5228 2747/2685/5228
f 2722/2663/5229 2776/2718/5229 2694/2633/5229
f 2776/2718/5230 2748/2686/5230 2694/2633/5230
f 2766/2710/5231 2767/2711/5231 2724/2665/5231
f 2777/2719/5232 2725/2666/5232 2767/2711/5232
f 2725/2666/5233 2778/2720/5233 2739/2677/5233
f 2778/2720/5234 2779/2721/5234 2739/2677/5234
f 2739/2677/5235 2780/2722/5235 2749/2687/5235
f 2780/2722/5236 2757/2699/5236 2749/2687/5236
f 2758/2700/5237 2781/2723/5237 2727/2678/5237
f 2781/2723/5238 2759/2701/5238 2727/2678/5238
f 2760/2689/5239 2768/2724/5239 2741/2679/5239
f 2768/2724/5240 2714/2652/5240 2741/2679/5240
f 2732/2671/5241 2772/2715/5241 2717/2656/5241
f 2772/2715/5242 2783/2725/5242 2717/2656/5242
f 2763/2707/5243 2773/2726/5243 2719/2658/5243
f 2773/2726/5244 2733/2672/5244 2719/2658/5244
f 2774/2695/5245 2786/2727/5245 2734/2659/5245
f 2735/2680/5246 2788/2728/5246 2736/2673/5246
f 2788/2728/5247 2742/2681/5247 2736/2673/5247
f 2788/2728/5248 2798/2729/5248 2742/2681/5248
f 2798/2729/5249 2764/2708/5249 2742/2681/5249
f 2789/2730/5250 2754/2696/5250 2764/2708/5250
f 2743/2697/5251 2737/2674/5251 2681/2619/5251
f 2792/2731/5252 2721/2662/5252 2738/2676/5252
f 2792/2731/5253 2756/2709/5253 2721/2662/5253
f 2804/2732/5254 2746/2684/5254 2684/2623/5254
f 2805/2733/5255 2747/2685/5255 2692/2631/5255
f 2766/2710/5256 2817/2734/5256 2767/2711/5256
f 2793/2735/5257 2725/2666/5257 2777/2719/5257
f 2779/2721/5258 2780/2722/5258 2739/2677/5258
f 2768/2724/5259 2750/2702/5259 2714/2652/5259
f 2794/2736/5260 2685/2638/5260 2751/2690/5260
f 2832/2737/5261 2782/2705/5261 2701/2654/5261
f 92/2738/5262 2731/2670/5262 90/2693/5262
f 2795/2739/5263 2762/2706/5263 2731/2670/5263
f 2795/2739/5264 2771/2714/5264 2762/2706/5264
f 2783/2725/5265 2763/2707/5265 2717/2656/5265
f 2784/2740/5266 2753/2694/5266 2733/2672/5266
f 2784/2740/5267 2797/2741/5267 2753/2694/5267
f 2797/2741/5268 2774/2695/5268 2753/2694/5268
f 2787/2742/5269 2735/2680/5269 2734/2659/5269
f 2787/2742/5270 2788/2728/5270 2735/2680/5270
f 2789/2730/5271 2799/2743/5271 2754/2696/5271
f 2799/2743/5272 2743/2697/5272 2754/2696/5272
f 2743/2697/5273 2800/2744/5273 2737/2674/5273
f 2801/2745/5274 2790/2716/5274 2745/2683/5274
f 2691/2644/5275 2802/2746/5275 2738/2676/5275
f 2709/2646/5276 2804/2732/5276 2684/2623/5276
f 2805/2733/5277 2692/2631/5277 2746/2684/5277
f 2775/2717/5278 2776/2718/5278 2722/2663/5278
f 2776/2718/5279 2806/2747/5279 2748/2686/5279
f 2806/2747/5280 2766/2710/5280 2748/2686/5280
f 2793/2735/5281 2778/2720/5281 2725/2666/5281
f 2807/2748/5282 2780/2722/5282 2779/2721/5282
f 2780/2722/5283 2808/2749/5283 2757/2699/5283
f 2757/2699/5284 2809/2750/5284 2758/2700/5284
f 2809/2750/5285 2781/2723/5285 2758/2700/5285
f 2781/2723/5286 2740/2688/5286 2759/2701/5286
f 2768/2724/5287 2760/2689/5287 2740/2688/5287
f 2818/2751/5288 2751/2690/5288 2750/2702/5288
f 2794/2736/5289 2769/2712/5289 2685/2638/5289
f 2769/2712/5290 2810/2752/5290 2752/2691/5290
f 2810/2752/5291 2730/2669/5291 2752/2691/5291
f 2810/2752/5292 2761/2703/5292 2730/2669/5292
f 2832/2737/5293 2701/2654/5293 2770/2704/5293
f 2796/2753/5294 2811/2754/5294 2763/2707/5294
f 2811/2754/5295 2773/2726/5295 2763/2707/5295
f 2812/2755/5296 2733/2672/5296 2773/2726/5296
f 2812/2755/5297 2784/2740/5297 2733/2672/5297
f 2797/2741/5298 2785/2756/5298 2774/2695/5298
f 2786/2727/5299 2787/2742/5299 2734/2659/5299
f 2813/2757/5300 2788/2728/5300 2787/2742/5300
f 2798/2729/5301 2789/2730/5301 2764/2708/5301
f 2814/2758/5302 2799/2743/5302 2789/2730/5302
f 2744/2682/5303 2801/2745/5303 2745/2683/5303
f 2815/2759/5304 2765/2675/5304 2790/2716/5304
f 2815/2759/5305 2791/2760/5305 2765/2675/5305
f 2791/2760/5306 2816/2761/5306 2765/2675/5306
f 2816/2761/5307 2691/2644/5307 2765/2675/5307
f 2816/2761/5308 2802/2746/5308 2691/2644/5308
f 2802/2746/5309 2803/2762/5309 2738/2676/5309
f 2803/2762/5310 2792/2731/5310 2738/2676/5310
f 2806/2747/5311 2817/2734/5311 2766/2710/5311
f 2778/2720/5312 2807/2748/5312 2779/2721/5312
f 2808/2749/5313 2809/2750/5313 2757/2699/5313
f 2827/2763/5314 2740/2688/5314 2781/2723/5314
f 2827/2763/5315 2768/2724/5315 2740/2688/5315
f 2818/2751/5316 2794/2736/5316 2751/2690/5316
f 2770/2704/5317 2761/2703/5317 2810/2752/5317
f 2819/2764/5318 2782/2705/5318 2832/2737/5318
f 92/2738/5319 2795/2739/5319 2731/2670/5319
f 2821/2765/5320 2771/2714/5320 2795/2739/5320
f 2821/2765/5321 2772/2715/5321 2771/2714/5321
f 2783/2725/5322 2796/2753/5322 2763/2707/5322
f 2822/2766/5323 2784/2740/5323 2812/2755/5323
f 2785/2756/5324 2786/2727/5324 2774/2695/5324
f 2813/2757/5325 2798/2729/5325 2788/2728/5325
f 2800/2744/5326 2755/2698/5326 2737/2674/5326
f 2823/2767/5327 2756/2709/5327 2792/2731/5327
f 2804/2732/5328 2805/2733/5328 2746/2684/5328
f 2824/2768/5329 2767/2711/5329 2817/2734/5329
f 2824/2768/5330 2777/2719/5330 2767/2711/5330
f 2777/2719/5331 2825/2769/5331 2793/2735/5331
f 2825/2769/5332 2778/2720/5332 2793/2735/5332
f 2825/2769/5333 2826/2770/5333 2778/2720/5333
f 2827/2763/5334 2781/2723/5334 2809/2750/5334
f 2827/2763/5335 2828/2771/5335 2768/2724/5335
f 2768/2724/5336 2829/2772/5336 2750/2702/5336
f 2794/2736/5337 2810/2752/5337 2769/2712/5337
f 2830/2773/5338 2770/2704/5338 2810/2752/5338
f 2831/2774/5339 2832/2737/5339 2770/2704/5339
f 93/2775/5340 91/2713/5340 2782/2705/5340
f 2820/2776/5341 2821/2765/5341 2795/2739/5341
f 2821/2765/5342 2783/2725/5342 2772/2715/5342
f 2853/2777/5343 2796/2753/5343 2783/2725/5343
f 2811/2754/5344 2812/2755/5344 2773/2726/5344
f 2833/2778/5345 2787/2742/5345 2786/2727/5345
f 2833/2778/5346 2813/2757/5346 2787/2742/5346
f 2834/2779/5347 2798/2729/5347 2813/2757/5347
f 2834/2779/5348 2835/2780/5348 2798/2729/5348
f 2835/2780/5349 2789/2730/5349 2798/2729/5349
f 2835/2780/5350 2814/2758/5350 2789/2730/5350
f 2799/2743/5351 2800/2744/5351 2743/2697/5351
f 2847/2781/5352 2744/2682/5352 2755/2698/5352
f 2804/2732/5353 2836/2782/5353 2805/2733/5353
f 2837/2783/5354 2775/2717/5354 2747/2685/5354
f 2775/2717/5355 2837/2783/5355 2776/2718/5355
f 2826/2770/5356 2807/2748/5356 2778/2720/5356
f 2807/2748/5357 2808/2749/5357 2780/2722/5357
f 2808/2749/5358 2838/2784/5358 2809/2750/5358
f 2838/2784/5359 2839/2785/5359 2809/2750/5359
f 2829/2772/5360 2818/2751/5360 2750/2702/5360
f 2840/2786/5361 2794/2736/5361 2818/2751/5361
f 2840/2786/5362 2810/2752/5362 2794/2736/5362
f 2841/2787/5363 2770/2704/5363 2830/2773/5363
f 2841/2787/5364 2831/2774/5364 2770/2704/5364
f 2842/2788/5365 93/2775/5365 2782/2705/5365
f 92/2738/5366 2820/2776/5366 2795/2739/5366
f 2820/2776/5367 2843/2789/5367 2821/2765/5367
f 2784/2740/5368 2845/2790/5368 2797/2741/5368
f 2845/2790/5369 2785/2756/5369 2797/2741/5369
f 2785/2756/5370 2833/2778/5370 2786/2727/5370
f 2800/2744/5371 2856/2791/5371 2755/2698/5371
f 2848/2792/5372 2790/2716/5372 2801/2745/5372
f 2848/2792/5373 2815/2759/5373 2790/2716/5373
f 2756/2709/5374 2804/2732/5374 2709/2646/5374
f 2836/2782/5375 2849/2793/5375 2805/2733/5375
f 2849/2793/5376 2747/2685/5376 2805/2733/5376
f 2850/2794/5377 2817/2734/5377 2806/2747/5377
f 2824/2768/5378 2825/2769/5378 2777/2719/5378
f 2824/2768/5379 2875/2795/5379 2825/2769/5379
f 2826/2770/5380 2851/2796/5380 2807/2748/5380
f 2851/2796/5381 2808/2749/5381 2807/2748/5381
f 2839/2785/5382 2852/2797/5382 2809/2750/5382
f 2827/2763/5383 2861/2798/5383 2828/2771/5383
f 2828/2771/5384 2829/2772/5384 2768/2724/5384
f 2840/2786/5385 2863/2799/5385 2810/2752/5385
f 2810/2752/5386 2865/2800/5386 2830/2773/5386
f 2819/2764/5387 2842/2788/5387 2782/2705/5387
f 94/2801/5388 93/2775/5388 2842/2788/5388
f 2854/2802/5389 2811/2754/5389 2796/2753/5389
f 2811/2754/5390 2822/2766/5390 2812/2755/5390
f 2844/2803/5391 2845/2790/5391 2784/2740/5391
f 2845/2790/5392 2855/2804/5392 2785/2756/5392
f 2871/2805/5393 2800/2744/5393 2799/2743/5393
f 2803/2762/5394 2857/2806/5394 2792/2731/5394
f 2792/2731/5395 2857/2806/5395 2823/2767/5395
f 2823/2767/5396 2858/2807/5396 2756/2709/5396
f 2849/2793/5397 2837/2783/5397 2747/2685/5397
f 2859/2808/5398 2776/2718/5398 2837/2783/5398
f 2875/2795/5399 2826/2770/5399 2825/2769/5399
f 2851/2796/5400 2838/2784/5400 2808/2749/5400
f 2860/2809/5401 2852/2797/5401 2839/2785/5401
f 2809/2750/5402 2861/2798/5402 2827/2763/5402
f 2864/2810/5403 2810/2752/5403 2863/2799/5403
f 2877/2811/5404 2783/2725/5404 2821/2765/5404
f 2853/2777/5405 2854/2802/5405 2796/2753/5405
f 2866/2812/5406 2822/2766/5406 2811/2754/5406
f 2822/2766/5407 2844/2803/5407 2784/2740/5407
f 2855/2804/5408 2833/2778/5408 2785/2756/5408
f 2855/2804/5409 2868/2813/5409 2833/2778/5409
f 2833/2778/5410 2846/2814/5410 2813/2757/5410
f 2869/2815/5411 2834/2779/5411 2813/2757/5411
f 2869/2815/5412 2835/2780/5412 2834/2779/5412
f 2870/2816/5413 2814/2758/5413 2835/2780/5413
f 2871/2805/5414 2856/2791/5414 2800/2744/5414
f 2847/2781/5415 2755/2698/5415 2856/2791/5415
f 2879/2817/5416 2801/2745/5416 2744/2682/5416
f 2872/2818/5417 2791/2760/5417 2815/2759/5417
f 2872/2818/5418 2816/2761/5418 2791/2760/5418
f 2873/2819/5419 2802/2746/5419 2816/2761/5419
f 2881/2820/5420 2803/2762/5420 2802/2746/5420
f 2817/2734/5421 2874/2821/5421 2824/2768/5421
f 2874/2821/5422 2875/2795/5422 2824/2768/5422
f 2882/2822/5423 2851/2796/5423 2826/2770/5423
f 2852/2797/5424 2861/2798/5424 2809/2750/5424
f 2876/2823/5425 2828/2771/5425 2861/2798/5425
f 2818/2751/5426 2863/2799/5426 2840/2786/5426
f 2864/2810/5427 2865/2800/5427 2810/2752/5427
f 96/2824/5428 2820/2776/5428 92/2738/5428
f 2877/2811/5429 2821/2765/5429 2843/2789/5429
f 2877/2811/5430 2853/2777/5430 2783/2725/5430
f 2854/2802/5431 2878/2825/5431 2811/2754/5431
f 2878/2825/5432 2866/2812/5432 2811/2754/5432
f 2867/2826/5433 2844/2803/5433 2822/2766/5433
f 2912/2827/5434 2845/2790/5434 2844/2803/5434
f 2846/2814/5435 2869/2815/5435 2813/2757/5435
f 2870/2816/5436 2835/2780/5436 2869/2815/5436
f 2814/2758/5437 2871/2805/5437 2799/2743/5437
f 2879/2817/5438 2744/2682/5438 2847/2781/5438
f 2880/2828/5439 2872/2818/5439 2815/2759/5439
f 2873/2819/5440 2881/2820/5440 2802/2746/5440
f 2849/2793/5441 2893/2829/5441 2837/2783/5441
f 2850/2794/5442 2806/2747/5442 2776/2718/5442
f 2875/2795/5443 2882/2822/5443 2826/2770/5443
f 2883/2830/5444 2851/2796/5444 2882/2822/5444
f 2883/2830/5445 2838/2784/5445 2851/2796/5445
f 2838/2784/5446 2860/2809/5446 2839/2785/5446
f 2876/2823/5447 2884/2831/5447 2828/2771/5447
f 2884/2831/5448 2829/2772/5448 2828/2771/5448
f 2829/2772/5449 2862/2832/5449 2818/2751/5449
f 2885/2833/5450 2864/2810/5450 2863/2799/5450
f 2831/2774/5451 2841/2787/5451 2830/2773/5451
f 2831/2774/5452 2819/2764/5452 2832/2737/5452
f 2831/2774/5453 2887/2834/5453 2819/2764/5453
f 2887/2834/5454 2842/2788/5454 2819/2764/5454
f 95/2835/5455 94/2801/5455 2842/2788/5455
f 96/2824/5456 2843/2789/5456 2820/2776/5456
f 2866/2812/5457 2867/2826/5457 2822/2766/5457
f 2867/2826/5458 2912/2827/5458 2844/2803/5458
f 2912/2827/5459 2855/2804/5459 2845/2790/5459
f 2870/2816/5460 2888/2836/5460 2814/2758/5460
f 2888/2836/5461 2871/2805/5461 2814/2758/5461
f 2801/2745/5462 2889/2837/5462 2848/2792/5462
f 2889/2837/5463 2880/2828/5463 2815/2759/5463
f 2890/2838/5464 2816/2761/5464 2872/2818/5464
f 2890/2838/5465 2873/2819/5465 2816/2761/5465
f 2881/2820/5466 2891/2839/5466 2803/2762/5466
f 2891/2839/5467 2857/2806/5467 2803/2762/5467
f 2823/2767/5468 2892/2840/5468 2858/2807/5468
f 2836/2782/5469 2893/2829/5469 2849/2793/5469
f 2859/2808/5470 2850/2794/5470 2776/2718/5470
f 2883/2830/5471 2860/2809/5471 2838/2784/5471
f 2852/2797/5472 2876/2823/5472 2861/2798/5472
f 2818/2751/5473 2885/2833/5473 2863/2799/5473
f 2864/2810/5474 2886/2841/5474 2865/2800/5474
f 2865/2800/5475 2894/2842/5475 2830/2773/5475
f 2894/2842/5476 2831/2774/5476 2830/2773/5476
f 2887/2834/5477 95/2835/5477 2842/2788/5477
f 98/2843/5478 2895/2844/5478 96/2824/5478
f 2895/2844/5479 2843/2789/5479 96/2824/5479
f 2896/2845/5480 2877/2811/5480 2843/2789/5480
f 2912/2827/5481 2897/2846/5481 2855/2804/5481
f 2897/2846/5482 2868/2813/5482 2855/2804/5482
f 2868/2813/5483 2846/2814/5483 2833/2778/5483
f 2868/2813/5484 2898/2847/5484 2846/2814/5484
f 2898/2847/5485 2899/2848/5485 2846/2814/5485
f 2899/2848/5486 2869/2815/5486 2846/2814/5486
f 2888/2836/5487 2900/2849/5487 2871/2805/5487
f 2848/2792/5488 2889/2837/5488 2815/2759/5488
f 2918/2850/5489 2823/2767/5489 2857/2806/5489
f 2858/2807/5490 2804/2732/5490 2756/2709/5490
f 2901/2851/5491 2836/2782/5491 2804/2732/5491
f 2859/2808/5492 2903/2852/5492 2850/2794/5492
f 2850/2794/5493 2903/2852/5493 2817/2734/5493
f 2903/2852/5494 2874/2821/5494 2817/2734/5494
f 2882/2822/5495 2905/2853/5495 2883/2830/5495
f 2883/2830/5496 2906/2854/5496 2860/2809/5496
f 2907/2855/5497 2852/2797/5497 2860/2809/5497
f 2907/2855/5498 2876/2823/5498 2852/2797/5498
f 2908/2856/5499 2884/2831/5499 2876/2823/5499
f 2885/2833/5500 2909/2857/5500 2864/2810/5500
f 2909/2857/5501 2886/2841/5501 2864/2810/5501
f 2910/2858/5502 2887/2834/5502 2831/2774/5502
f 99/2859/5503 2895/2844/5503 98/2843/5503
f 2895/2844/5504 2896/2845/5504 2843/2789/5504
f 2911/2860/5505 2853/2777/5505 2877/2811/5505
f 2853/2777/5506 2878/2825/5506 2854/2802/5506
f 2913/2861/5507 2898/2847/5507 2868/2813/5507
f 2869/2815/5508 2914/2862/5508 2870/2816/5508
f 2871/2805/5509 2915/2863/5509 2856/2791/5509
f 2915/2863/5510 2916/2864/5510 2856/2791/5510
f 2916/2864/5511 2847/2781/5511 2856/2791/5511
f 2917/2865/5512 2879/2817/5512 2847/2781/5512
f 2873/2819/5513 2932/2866/5513 2881/2820/5513
f 2858/2807/5514 2901/2851/5514 2804/2732/5514
f 2901/2851/5515 2919/2867/5515 2836/2782/5515
f 2919/2867/5516 2893/2829/5516 2836/2782/5516
f 2902/2868/5517 2837/2783/5517 2893/2829/5517
f 2902/2868/5518 2859/2808/5518 2837/2783/5518
f 2874/2821/5519 2920/2869/5519 2875/2795/5519
f 2920/2869/5520 2882/2822/5520 2875/2795/5520
f 2920/2869/5521 2904/2870/5521 2882/2822/5521
f 2922/2871/5522 2876/2823/5522 2907/2855/5522
f 2884/2831/5523 2923/2872/5523 2829/2772/5523
f 2924/2873/5524 2885/2833/5524 2818/2751/5524
f 2909/2857/5525 2925/2874/5525 2886/2841/5525
f 2886/2841/5526 2894/2842/5526 2865/2800/5526
f 2926/2875/5527 2831/2774/5527 2894/2842/5527
f 2926/2875/5528 2910/2858/5528 2831/2774/5528
f 95/2835/5529 2937/2876/5529 97/2877/5529
f 99/2859/5530 101/2878/5530 2895/2844/5530
f 101/2878/5531 2896/2845/5531 2895/2844/5531
f 2896/2845/5532 2927/2879/5532 2877/2811/5532
f 2927/2879/5533 2911/2860/5533 2877/2811/5533
f 2911/2860/5534 2878/2825/5534 2853/2777/5534
f 2911/2860/5535 2928/2880/5535 2878/2825/5535
f 2929/2881/5536 2866/2812/5536 2878/2825/5536
f 2930/2882/5537 2867/2826/5537 2866/2812/5537
f 2930/2882/5538 2912/2827/5538 2867/2826/5538
f 2931/2883/5539 2897/2846/5539 2912/2827/5539
f 2897/2846/5540 2913/2861/5540 2868/2813/5540
f 2900/2849/5541 2915/2863/5541 2871/2805/5541
f 2941/2884/5542 2890/2838/5542 2872/2818/5542
f 2891/2839/5543 2918/2850/5543 2857/2806/5543
f 2918/2850/5544 2892/2840/5544 2823/2767/5544
f 2904/2870/5545 2905/2853/5545 2882/2822/5545
f 2906/2854/5546 2921/2885/5546 2860/2809/5546
f 2934/2886/5547 2907/2855/5547 2860/2809/5547
f 2922/2871/5548 2908/2856/5548 2876/2823/5548
f 2923/2872/5549 2862/2832/5549 2829/2772/5549
f 2862/2832/5550 2924/2873/5550 2818/2751/5550
f 2935/2887/5551 2909/2857/5551 2885/2833/5551
f 2925/2874/5552 2894/2842/5552 2886/2841/5552
f 2887/2834/5553 2937/2876/5553 95/2835/5553
f 2937/2876/5554 100/2888/5554 97/2877/5554
f 2914/2862/5555 2938/2889/5555 2870/2816/5555
f 2938/2889/5556 2888/2836/5556 2870/2816/5556
f 2917/2865/5557 2847/2781/5557 2916/2864/5557
f 2879/2817/5558 2939/2890/5558 2801/2745/5558
f 2940/2891/5559 2880/2828/5559 2889/2837/5559
f 2890/2838/5560 2932/2866/5560 2873/2819/5560
f 2953/2892/5561 2901/2851/5561 2858/2807/5561
f 2903/2852/5562 2942/2893/5562 2874/2821/5562
f 2942/2893/5563 2920/2869/5563 2874/2821/5563
f 2943/2894/5564 2904/2870/5564 2920/2869/5564
f 2905/2853/5565 2906/2854/5565 2883/2830/5565
f 2934/2886/5566 2860/2809/5566 2921/2885/5566
f 2934/2886/5567 2944/2895/5567 2907/2855/5567
f 2944/2895/5568 2922/2871/5568 2907/2855/5568
f 2945/2896/5569 2884/2831/5569 2908/2856/5569
f 2945/2896/5570 2923/2872/5570 2884/2831/5570
f 2936/2897/5571 2887/2834/5571 2910/2858/5571
f 2957/2898/5572 2927/2879/5572 2896/2845/5572
f 2928/2880/5573 2929/2881/5573 2878/2825/5573
f 2930/2882/5574 2947/2899/5574 2912/2827/5574
f 2947/2899/5575 2931/2883/5575 2912/2827/5575
f 2948/2900/5576 2899/2848/5576 2898/2847/5576
f 2899/2848/5577 2914/2862/5577 2869/2815/5577
f 2888/2836/5578 2949/2901/5578 2900/2849/5578
f 2949/2901/5579 2915/2863/5579 2900/2849/5579
f 2950/2902/5580 2916/2864/5580 2915/2863/5580
f 2939/2890/5581 2889/2837/5581 2801/2745/5581
f 2940/2891/5582 2872/2818/5582 2880/2828/5582
f 2940/2891/5583 2941/2884/5583 2872/2818/5583
f 2932/2866/5584 2951/2903/5584 2881/2820/5584
f 2951/2903/5585 2891/2839/5585 2881/2820/5585
f 2952/2904/5586 2892/2840/5586 2918/2850/5586
f 2933/2905/5587 2893/2829/5587 2919/2867/5587
f 2933/2905/5588 2902/2868/5588 2893/2829/5588
f 2943/2894/5589 2954/2906/5589 2904/2870/5589
f 2954/2906/5590 2905/2853/5590 2904/2870/5590
f 2955/2907/5591 2906/2854/5591 2905/2853/5591
f 2955/2907/5592 2921/2885/5592 2906/2854/5592
f 2956/2908/5593 2908/2856/5593 2922/2871/5593
f 2924/2873/5594 2935/2887/5594 2885/2833/5594
f 2935/2887/5595 2925/2874/5595 2909/2857/5595
f 2925/2874/5596 2926/2875/5596 2894/2842/5596
f 2936/2897/5597 2910/2858/5597 2926/2875/5597
f 2936/2897/5598 2937/2876/5598 2887/2834/5598
f 103/2909/5599 2957/2898/5599 101/2878/5599
f 2957/2898/5600 2896/2845/5600 101/2878/5600
f 2927/2879/5601 2946/2910/5601 2911/2860/5601
f 2929/2881/5602 2930/2882/5602 2866/2812/5602
f 2913/2861/5603 2948/2900/5603 2898/2847/5603
f 2938/2889/5604 2949/2901/5604 2888/2836/5604
f 2917/2865/5605 2959/2911/5605 2879/2817/5605
f 2959/2911/5606 2939/2890/5606 2879/2817/5606
f 2960/2912/5607 2940/2891/5607 2889/2837/5607
f 2891/2839/5608 2952/2904/5608 2918/2850/5608
f 2892/2840/5609 2953/2892/5609 2858/2807/5609
f 2974/2913/5610 2943/2894/5610 2920/2869/5610
f 2961/2914/5611 2921/2885/5611 2955/2907/5611
f 2962/2915/5612 2945/2896/5612 2908/2856/5612
f 2963/2916/5613 2862/2832/5613 2923/2872/5613
f 2964/2917/5614 2925/2874/5614 2935/2887/5614
f 2926/2875/5615 2965/2918/5615 2936/2897/5615
f 2957/2898/5616 2958/2919/5616 2927/2879/5616
f 2958/2919/5617 2946/2910/5617 2927/2879/5617
f 2946/2910/5618 2928/2880/5618 2911/2860/5618
f 2966/2920/5619 2967/2921/5619 2928/2880/5619
f 2967/2921/5620 2929/2881/5620 2928/2880/5620
f 2968/2922/5621 2931/2883/5621 2947/2899/5621
f 2969/2923/5622 2897/2846/5622 2931/2883/5622
f 2969/2923/5623 2913/2861/5623 2897/2846/5623
f 2970/2924/5624 2938/2889/5624 2914/2862/5624
f 2971/2925/5625 2950/2902/5625 2915/2863/5625
f 2953/2892/5626 2972/2926/5626 2901/2851/5626
f 2972/2926/5627 2919/2867/5627 2901/2851/5627
f 2919/2867/5628 2972/2926/5628 2933/2905/5628
f 2902/2868/5629 2973/2927/5629 2859/2808/5629
f 2973/2927/5630 2903/2852/5630 2859/2808/5630
f 2942/2893/5631 2974/2913/5631 2920/2869/5631
f 2954/2906/5632 2975/2928/5632 2905/2853/5632
f 2975/2928/5633 2955/2907/5633 2905/2853/5633
f 2921/2885/5634 2976/2929/5634 2934/2886/5634
f 2944/2895/5635 2956/2908/5635 2922/2871/5635
f 2977/2930/5636 2935/2887/5636 2924/2873/5636
f 2935/2887/5637 2977/2930/5637 2964/2917/5637
f 2979/2931/5638 2937/2876/5638 2936/2897/5638
f 100/2888/5639 104/2932/5639 102/2933/5639
f 2946/2910/5640 2966/2920/5640 2928/2880/5640
f 2967/2921/5641 2930/2882/5641 2929/2881/5641
f 2980/2934/5642 2947/2899/5642 2930/2882/5642
f 2980/2934/5643 2968/2922/5643 2947/2899/5643
f 2948/2900/5644 2981/2935/5644 2899/2848/5644
f 2981/2935/5645 2914/2862/5645 2899/2848/5645
f 2939/2890/5646 2960/2912/5646 2889/2837/5646
f 2960/2912/5647 2941/2884/5647 2940/2891/5647
f 3010/2936/5648 2982/2937/5648 2890/2838/5648
f 2982/2937/5649 2932/2866/5649 2890/2838/5649
f 2983/2938/5650 2951/2903/5650 2932/2866/5650
f 2952/2904/5651 2984/2939/5651 2892/2840/5651
f 2892/2840/5652 2984/2939/5652 2953/2892/5652
f 2985/2940/5653 2942/2893/5653 2903/2852/5653
f 2974/2913/5654 2986/2941/5654 2943/2894/5654
f 2986/2941/5655 2954/2906/5655 2943/2894/5655
f 2975/2928/5656 2961/2914/5656 2955/2907/5656
f 2961/2914/5657 2976/2929/5657 2921/2885/5657
f 2987/2942/5658 2944/2895/5658 2934/2886/5658
f 2987/2942/5659 2988/2943/5659 2944/2895/5659
f 2988/2943/5660 2956/2908/5660 2944/2895/5660
f 2956/2908/5661 2962/2915/5661 2908/2856/5661
f 2962/2915/5662 2989/2944/5662 2945/2896/5662
f 2989/2944/5663 2923/2872/5663 2945/2896/5663
f 2990/2945/5664 2862/2832/5664 2963/2916/5664
f 2990/2945/5665 2924/2873/5665 2862/2832/5665
f 2990/2945/5666 2991/2946/5666 2924/2873/5666
f 2991/2946/5667 2977/2930/5667 2924/2873/5667
f 2925/2874/5668 3019/2947/5668 2926/2875/5668
f 2965/2918/5669 2978/2948/5669 2936/2897/5669
f 2978/2948/5670 2979/2931/5670 2936/2897/5670
f 2979/2931/5671 2992/2949/5671 2937/2876/5671
f 2992/2949/5672 100/2888/5672 2937/2876/5672
f 2992/2949/5673 104/2932/5673 100/2888/5673
f 2957/2898/5674 2993/2950/5674 2958/2919/5674
f 2993/2950/5675 2946/2910/5675 2958/2919/5675
f 2967/2921/5676 2994/2951/5676 2930/2882/5676
f 2968/2922/5677 2969/2923/5677 2931/2883/5677
f 2995/2952/5678 2913/2861/5678 2969/2923/5678
f 2996/2953/5679 2981/2935/5679 2948/2900/5679
f 2981/2935/5680 2970/2924/5680 2914/2862/5680
f 2997/2954/5681 2949/2901/5681 2938/2889/5681
f 2949/2901/5682 3008/2955/5682 2915/2863/5682
f 3008/2955/5683 2971/2925/5683 2915/2863/5683
f 2998/2956/5684 2917/2865/5684 2916/2864/5684
f 2999/2957/5685 2941/2884/5685 2960/2912/5685
f 3010/2936/5686 2890/2838/5686 2941/2884/5686
f 2973/2927/5687 2985/2940/5687 2903/2852/5687
f 2986/2941/5688 2975/2928/5688 2954/2906/5688
f 2975/2928/5689 3002/2958/5689 2961/2914/5689
f 3003/2959/5690 2976/2929/5690 2961/2914/5690
f 3003/2959/5691 3004/2960/5691 2976/2929/5691
f 3004/2960/5692 2934/2886/5692 2976/2929/5692
f 3004/2960/5693 2987/2942/5693 2934/2886/5693
f 3024/2961/5694 2989/2944/5694 2962/2915/5694
f 2989/2944/5695 2963/2916/5695 2923/2872/5695
f 2978/2948/5696 2992/2949/5696 2979/2931/5696
f 106/2962/5697 3005/2963/5697 103/2909/5697
f 3005/2963/5698 2957/2898/5698 103/2909/5698
f 3006/2964/5699 2966/2920/5699 2946/2910/5699
f 2966/2920/5700 3007/2965/5700 2967/2921/5700
f 2994/2951/5701 2980/2934/5701 2930/2882/5701
f 2995/2952/5702 2948/2900/5702 2913/2861/5702
f 2997/2954/5703 3008/2955/5703 2949/2901/5703
f 3009/2966/5704 2916/2864/5704 2950/2902/5704
f 2998/2956/5705 2959/2911/5705 2917/2865/5705
f 2999/2957/5706 3010/2936/5706 2941/2884/5706
f 2982/2937/5707 2983/2938/5707 2932/2866/5707
f 3000/2967/5708 2952/2904/5708 2891/2839/5708
f 3011/2968/5709 2984/2939/5709 2952/2904/5709
f 3001/2969/5710 2972/2926/5710 2953/2892/5710
f 3012/2970/5711 2973/2927/5711 2902/2868/5711
f 3013/2971/5712 2986/2941/5712 2974/2913/5712
f 3002/2958/5713 3003/2959/5713 2961/2914/5713
f 3014/2972/5714 2962/2915/5714 2956/2908/5714
f 3015/2973/5715 2963/2916/5715 2989/2944/5715
f 2977/2930/5716 3016/2974/5716 2964/2917/5716
f 2964/2917/5717 3017/2975/5717 2925/2874/5717
f 2925/2874/5718 3018/2976/5718 3019/2947/5718
f 3019/2947/5719 2965/2918/5719 2926/2875/5719
f 2992/2949/5720 105/2977/5720 104/2932/5720
f 2992/2949/5721 107/2978/5721 105/2977/5721
f 3029/2979/5722 2966/2920/5722 3006/2964/5722
f 2980/2934/5723 2969/2923/5723 2968/2922/5723
f 2996/2953/5724 2970/2924/5724 2981/2935/5724
f 2970/2924/5725 2997/2954/5725 2938/2889/5725
f 2971/2925/5726 3009/2966/5726 2950/2902/5726
f 3021/2980/5727 2960/2912/5727 2939/2890/5727
f 3022/2981/5728 2902/2868/5728 2933/2905/5728
f 3022/2981/5729 3012/2970/5729 2902/2868/5729
f 2985/2940/5730 2974/2913/5730 2942/2893/5730
f 3002/2958/5731 3023/2982/5731 3003/2959/5731
f 3004/2960/5732 2988/2943/5732 2987/2942/5732
f 2988/2943/5733 3014/2972/5733 2956/2908/5733
f 3024/2961/5734 2962/2915/5734 3014/2972/5734
f 3015/2973/5735 3025/2983/5735 2963/2916/5735
f 3025/2983/5736 2990/2945/5736 2963/2916/5736
f 3017/2975/5737 3018/2976/5737 2925/2874/5737
f 3027/2984/5738 2992/2949/5738 2978/2948/5738
f 2957/2898/5739 3028/2985/5739 2993/2950/5739
f 2993/2950/5740 3006/2964/5740 2946/2910/5740
f 3007/2965/5741 2994/2951/5741 2967/2921/5741
f 3030/2986/5742 2969/2923/5742 2980/2934/5742
f 3030/2986/5743 2948/2900/5743 2995/2952/5743
f 3031/2987/5744 2996/2953/5744 2948/2900/5744
f 3032/2988/5745 2970/2924/5745 2996/2953/5745
f 2998/2956/5746 2916/2864/5746 3009/2966/5746
f 3033/2989/5747 2939/2890/5747 2959/2911/5747
f 2951/2903/5748 3000/2967/5748 2891/2839/5748
f 2984/2939/5749 3001/2969/5749 2953/2892/5749
f 2972/2926/5750 3022/2981/5750 2933/2905/5750
f 2974/2913/5751 3046/2990/5751 3013/2971/5751
f 3013/2971/5752 3034/2991/5752 2986/2941/5752
f 3034/2991/5753 2975/2928/5753 2986/2941/5753
f 3048/2992/5754 3035/2993/5754 3004/2960/5754
f 3035/2993/5755 2988/2943/5755 3004/2960/5755
f 3036/2994/5756 2989/2944/5756 3024/2961/5756
f 3025/2983/5757 3050/2995/5757 2990/2945/5757
f 3050/2995/5758 2991/2946/5758 2990/2945/5758
f 2991/2946/5759 3026/2996/5759 2977/2930/5759
f 3026/2996/5760 3016/2974/5760 2977/2930/5760
f 3016/2974/5761 3017/2975/5761 2964/2917/5761
f 3051/2997/5762 2978/2948/5762 2965/2918/5762
f 3005/2963/5763 3028/2985/5763 2957/2898/5763
f 3037/2998/5764 3006/2964/5764 2993/2950/5764
f 3037/2998/5765 3029/2979/5765 3006/2964/5765
f 3007/2965/5766 3038/2999/5766 2994/2951/5766
f 2994/2951/5767 3039/3000/5767 2980/2934/5767
f 3039/3000/5768 3020/3001/5768 2980/2934/5768
f 3020/3001/5769 3030/2986/5769 2980/2934/5769
f 3030/2986/5770 2995/2952/5770 2969/2923/5770
f 3032/2988/5771 2997/2954/5771 2970/2924/5771
f 3040/3002/5772 2971/2925/5772 3008/2955/5772
f 3040/3002/5773 3009/2966/5773 2971/2925/5773
f 3033/2989/5774 3021/2980/5774 2939/2890/5774
f 3041/3003/5775 2999/2957/5775 2960/2912/5775
f 3056/3004/5776 2982/2937/5776 3010/2936/5776
f 3057/3005/5777 2983/2938/5777 2982/2937/5777
f 3042/3006/5778 2951/2903/5778 2983/2938/5778
f 3042/3006/5779 3000/2967/5779 2951/2903/5779
f 3000/2967/5780 3058/3007/5780 2952/2904/5780
f 3058/3007/5781 3011/2968/5781 2952/2904/5781
f 3043/3008/5782 3001/2969/5782 2984/2939/5782
f 3044/3009/5783 3022/2981/5783 2972/2926/5783
f 2985/2940/5784 3045/3010/5784 2974/2913/5784
f 3045/3010/5785 3046/2990/5785 2974/2913/5785
f 2975/2928/5786 3047/3011/5786 3002/2958/5786
f 3047/3011/5787 3023/2982/5787 3002/2958/5787
f 3023/2982/5788 3047/3011/5788 3003/2959/5788
f 3047/3011/5789 3004/2960/5789 3003/2959/5789
f 3047/3011/5790 3048/2992/5790 3004/2960/5790
f 3035/2993/5791 3014/2972/5791 2988/2943/5791
f 3049/3012/5792 3024/2961/5792 3014/2972/5792
f 3036/2994/5793 3015/2973/5793 2989/2944/5793
f 3019/2947/5794 3051/2997/5794 2965/2918/5794
f 3027/2984/5795 108/3013/5795 2992/2949/5795
f 108/3013/5796 107/2978/5796 2992/2949/5796
f 3029/2979/5797 3053/3014/5797 2966/2920/5797
f 3053/3014/5798 3007/2965/5798 2966/2920/5798
f 3020/3001/5799 3054/3015/5799 3030/2986/5799
f 3076/3016/5800 3008/2955/5800 2997/2954/5800
f 3055/3017/5801 2959/2911/5801 2998/2956/5801
f 3021/2980/5802 3041/3003/5802 2960/2912/5802
f 2999/2957/5803 3056/3004/5803 3010/2936/5803
f 3056/3004/5804 3057/3005/5804 2982/2937/5804
f 3011/2968/5805 3043/3008/5805 2984/2939/5805
f 3059/3018/5806 2972/2926/5806 3001/2969/5806
f 3034/2991/5807 3060/3019/5807 2975/2928/5807
f 3060/3019/5808 3047/3011/5808 2975/2928/5808
f 3061/3020/5809 3035/2993/5809 3048/2992/5809
f 3050/2995/5810 3063/3021/5810 2991/2946/5810
f 3016/2974/5811 3018/2976/5811 3017/2975/5811
f 3051/2997/5812 3052/3022/5812 2978/2948/5812
f 3052/3022/5813 3027/2984/5813 2978/2948/5813
f 3027/2984/5814 3064/3023/5814 108/3013/5814
f 3064/3023/5815 109/3024/5815 108/3013/5815
f 3028/2985/5816 3037/2998/5816 2993/2950/5816
f 3053/3014/5817 3065/3025/5817 3007/2965/5817
f 3065/3025/5818 3038/2999/5818 3007/2965/5818
f 3031/2987/5819 3067/3026/5819 2996/2953/5819
f 3067/3026/5820 3032/2988/5820 2996/2953/5820
f 3076/3016/5821 2997/2954/5821 3032/2988/5821
f 3076/3016/5822 3068/3027/5822 3008/2955/5822
f 3068/3027/5823 3040/3002/5823 3008/2955/5823
f 3091/3028/5824 2998/2956/5824 3009/2966/5824
f 3059/3018/5825 3044/3009/5825 2972/2926/5825
f 3012/2970/5826 3069/3029/5826 2973/2927/5826
f 3069/3029/5827 2985/2940/5827 2973/2927/5827
f 3069/3029/5828 3045/3010/5828 2985/2940/5828
f 3060/3019/5829 3034/2991/5829 3013/2971/5829
f 3060/3019/5830 3070/3030/5830 3047/3011/5830
f 3070/3030/5831 3048/2992/5831 3047/3011/5831
f 3070/3030/5832 3061/3020/5832 3048/2992/5832
f 3035/2993/5833 3049/3012/5833 3014/2972/5833
f 3071/3031/5834 3024/2961/5834 3049/3012/5834
f 3024/2961/5835 3071/3031/5835 3036/2994/5835
f 3015/2973/5836 3072/3032/5836 3025/2983/5836
f 3072/3032/5837 3050/2995/5837 3025/2983/5837
f 3062/3033/5838 3063/3021/5838 3050/2995/5838
f 3063/3021/5839 3026/2996/5839 2991/2946/5839
f 106/2962/5840 110/3034/5840 3005/2963/5840
f 3073/3035/5841 3028/2985/5841 3005/2963/5841
f 3074/3036/5842 3029/2979/5842 3037/2998/5842
f 3029/2979/5843 3088/3037/5843 3053/3014/5843
f 3039/3000/5844 3054/3015/5844 3020/3001/5844
f 3075/3038/5845 2948/2900/5845 3030/2986/5845
f 3075/3038/5846 3031/2987/5846 2948/2900/5846
f 3091/3028/5847 3077/3039/5847 2998/2956/5847
f 3077/3039/5848 3055/3017/5848 2998/2956/5848
f 3055/3017/5849 3033/2989/5849 2959/2911/5849
f 3078/3040/5850 3056/3004/5850 2999/2957/5850
f 3058/3007/5851 3079/3041/5851 3011/2968/5851
f 3043/3008/5852 3080/3042/5852 3001/2969/5852
f 3080/3042/5853 3059/3018/5853 3001/2969/5853
f 3022/2981/5854 3081/3043/5854 3012/2970/5854
f 3046/2990/5855 3060/3019/5855 3013/2971/5855
f 3060/3019/5856 3107/3044/5856 3070/3030/5856
f 3070/3030/5857 3082/3045/5857 3061/3020/5857
f 3082/3045/5858 3035/2993/5858 3061/3020/5858
f 3083/3046/5859 3071/3031/5859 3049/3012/5859
f 3063/3021/5860 3084/3047/5860 3026/2996/5860
f 3084/3047/5861 3016/2974/5861 3026/2996/5861
f 3085/3048/5862 3018/2976/5862 3016/2974/5862
f 3018/2976/5863 3086/3049/5863 3019/2947/5863
f 3019/2947/5864 3086/3049/5864 3051/2997/5864
f 3087/3050/5865 3027/2984/5865 3052/3022/5865
f 3054/3015/5866 3066/3051/5866 3030/2986/5866
f 3067/3026/5867 3076/3016/5867 3032/2988/5867
f 3076/3016/5868 3089/3052/5868 3068/3027/5868
f 3090/3053/5869 3040/3002/5869 3068/3027/5869
f 3090/3053/5870 3091/3028/5870 3040/3002/5870
f 3091/3028/5871 3009/2966/5871 3040/3002/5871
f 3021/2980/5872 3101/3054/5872 3041/3003/5872
f 3041/3003/5873 3078/3040/5873 2999/2957/5873
f 3042/3006/5874 3058/3007/5874 3000/2967/5874
f 3079/3041/5875 3043/3008/5875 3011/2968/5875
f 3081/3043/5876 3069/3029/5876 3012/2970/5876
f 3092/3055/5877 3046/2990/5877 3045/3010/5877
f 3093/3056/5878 3035/2993/5878 3082/3045/5878
f 3093/3056/5879 3094/3057/5879 3035/2993/5879
f 3094/3057/5880 3049/3012/5880 3035/2993/5880
f 3071/3031/5881 3095/3058/5881 3036/2994/5881
f 3036/2994/5882 3118/3059/5882 3015/2973/5882
f 3118/3059/5883 3072/3032/5883 3015/2973/5883
f 3072/3032/5884 3062/3033/5884 3050/2995/5884
f 3096/3060/5885 3084/3047/5885 3063/3021/5885
f 3097/3061/5886 3016/2974/5886 3084/3047/5886
f 3097/3061/5887 3085/3048/5887 3016/2974/5887
f 3051/2997/5888 3087/3050/5888 3052/3022/5888
f 3073/3035/5889 3037/2998/5889 3028/2985/5889
f 3099/3062/5890 3038/2999/5890 3065/3025/5890
f 3099/3062/5891 2994/2951/5891 3038/2999/5891
f 3099/3062/5892 3039/3000/5892 2994/2951/5892
f 3089/3052/5893 3126/3063/5893 3068/3027/5893
f 3126/3063/5894 3090/3053/5894 3068/3027/5894
f 3127/3064/5895 3091/3028/5895 3090/3053/5895
f 3100/3065/5896 3101/3054/5896 3021/2980/5896
f 3102/3066/5897 3057/3005/5897 3056/3004/5897
f 2983/2938/5898 3103/3067/5898 3042/3006/5898
f 3080/3042/5899 3104/3068/5899 3059/3018/5899
f 3104/3068/5900 3044/3009/5900 3059/3018/5900
f 3044/3009/5901 3105/3069/5901 3022/2981/5901
f 3105/3069/5902 3081/3043/5902 3022/2981/5902
f 3046/2990/5903 3106/3070/5903 3060/3019/5903
f 3132/3071/5904 3070/3030/5904 3107/3044/5904
f 3132/3071/5905 3082/3045/5905 3070/3030/5905
f 3094/3057/5906 3083/3046/5906 3049/3012/5906
f 3083/3046/5907 3108/3072/5907 3071/3031/5907
f 3072/3032/5908 3119/3073/5908 3062/3033/5908
f 3062/3033/5909 3109/3074/5909 3063/3021/5909
f 3109/3074/5910 3096/3060/5910 3063/3021/5910
f 3096/3060/5911 3110/3075/5911 3084/3047/5911
f 3110/3075/5912 3097/3061/5912 3084/3047/5912
f 3087/3050/5913 3111/3076/5913 3027/2984/5913
f 3111/3076/5914 3064/3023/5914 3027/2984/5914
f 3073/3035/5915 3112/3077/5915 3037/2998/5915
f 3112/3077/5916 3074/3036/5916 3037/2998/5916
f 3138/3078/5917 3054/3015/5917 3039/3000/5917
f 3066/3051/5918 3075/3038/5918 3030/2986/5918
f 3161/3079/5919 3031/2987/5919 3075/3038/5919
f 3161/3079/5920 3067/3026/5920 3031/2987/5920
f 3103/3067/5921 3058/3007/5921 3042/3006/5921
f 3092/3055/5922 3045/3010/5922 3069/3029/5922
f 3092/3055/5923 3114/3080/5923 3046/2990/5923
f 3106/3070/5924 3107/3044/5924 3060/3019/5924
f 3093/3056/5925 3116/3081/5925 3094/3057/5925
f 3116/3081/5926 3083/3046/5926 3094/3057/5926
f 3108/3072/5927 3117/3082/5927 3071/3031/5927
f 3117/3082/5928 3095/3058/5928 3071/3031/5928
f 3118/3059/5929 3036/2994/5929 3095/3058/5929
f 3119/3073/5930 3109/3074/5930 3062/3033/5930
f 3109/3074/5931 3110/3075/5931 3096/3060/5931
f 3110/3075/5932 3120/3083/5932 3097/3061/5932
f 3120/3083/5933 3085/3048/5933 3097/3061/5933
f 3121/3084/5934 3018/2976/5934 3085/3048/5934
f 3121/3084/5935 3086/3049/5935 3018/2976/5935
f 3086/3049/5936 3122/3085/5936 3051/2997/5936
f 3122/3085/5937 3087/3050/5937 3051/2997/5937
f 3064/3023/5938 111/3086/5938 109/3024/5938
f 110/3034/5939 3073/3035/5939 3005/2963/5939
f 3123/3087/5940 3088/3037/5940 3029/2979/5940
f 3088/3037/5941 3098/3088/5941 3053/3014/5941
f 3098/3088/5942 3065/3025/5942 3053/3014/5942
f 3124/3089/5943 3075/3038/5943 3066/3051/5943
f 3113/3090/5944 3076/3016/5944 3067/3026/5944
f 3113/3090/5945 3125/3091/5945 3076/3016/5945
f 3125/3091/5946 3089/3052/5946 3076/3016/5946
f 3033/2989/5947 3128/3092/5947 3021/2980/5947
f 3128/3092/5948 3100/3065/5948 3021/2980/5948
f 3101/3054/5949 3078/3040/5949 3041/3003/5949
f 3078/3040/5950 3129/3093/5950 3056/3004/5950
f 3129/3093/5951 3102/3066/5951 3056/3004/5951
f 3130/3094/5952 3103/3067/5952 2983/2938/5952
f 3103/3067/5953 3151/3095/5953 3058/3007/5953
f 3131/3096/5954 3080/3042/5954 3043/3008/5954
f 3081/3043/5955 3092/3055/5955 3069/3029/5955
f 3114/3080/5956 3106/3070/5956 3046/2990/5956
f 3132/3071/5957 3115/3097/5957 3082/3045/5957
f 3115/3097/5958 3093/3056/5958 3082/3045/5958
f 3115/3097/5959 3133/3098/5959 3093/3056/5959
f 3133/3098/5960 3116/3081/5960 3093/3056/5960
f 3134/3099/5961 3083/3046/5961 3116/3081/5961
f 3118/3059/5962 3119/3073/5962 3072/3032/5962
f 3121/3084/5963 3135/3100/5963 3086/3049/5963
f 3136/3101/5964 3111/3076/5964 3087/3050/5964
f 3074/3036/5965 3123/3087/5965 3029/2979/5965
f 3123/3087/5966 3137/3102/5966 3088/3037/5966
f 3099/3062/5967 3138/3078/5967 3039/3000/5967
f 3148/3103/5968 3124/3089/5968 3066/3051/5968
f 3148/3103/5969 3139/3104/5969 3124/3089/5969
f 3113/3090/5970 3067/3026/5970 3161/3079/5970
f 3126/3063/5971 3127/3064/5971 3090/3053/5971
f 3140/3105/5972 3077/3039/5972 3091/3028/5972
f 3057/3005/5973 3130/3094/5973 2983/2938/5973
f 3142/3106/5974 3044/3009/5974 3104/3068/5974
f 3143/3107/5975 3132/3071/5975 3107/3044/5975
f 3134/3099/5976 3108/3072/5976 3083/3046/5976
f 3166/3108/5977 3118/3059/5977 3095/3058/5977
f 3119/3073/5978 3144/3109/5978 3109/3074/5978
f 3144/3109/5979 3110/3075/5979 3109/3074/5979
f 3158/3110/5980 3085/3048/5980 3120/3083/5980
f 3158/3110/5981 3145/3111/5981 3085/3048/5981
f 3145/3111/5982 3121/3084/5982 3085/3048/5982
f 3135/3100/5983 3122/3085/5983 3086/3049/5983
f 3122/3085/5984 3136/3101/5984 3087/3050/5984
f 3111/3076/5985 111/3086/5985 3064/3023/5985
f 112/3112/5986 3073/3035/5986 110/3034/5986
f 3112/3077/5987 3123/3087/5987 3074/3036/5987
f 3137/3102/5988 3098/3088/5988 3088/3037/5988
f 3146/3113/5989 3065/3025/5989 3098/3088/5989
f 3146/3113/5990 3099/3062/5990 3065/3025/5990
f 3147/3114/5991 3054/3015/5991 3138/3078/5991
f 3148/3103/5992 3066/3051/5992 3054/3015/5992
f 3139/3104/5993 3075/3038/5993 3124/3089/5993
f 3139/3104/5994 3161/3079/5994 3075/3038/5994
f 3149/3115/5995 3113/3090/5995 3161/3079/5995
f 3127/3064/5996 3140/3105/5996 3091/3028/5996
f 3190/3116/5997 3033/2989/5997 3055/3017/5997
f 3141/3117/5998 3129/3093/5998 3078/3040/5998
f 3102/3066/5999 3130/3094/5999 3057/3005/5999
f 3058/3007/6000 3176/3118/6000 3079/3041/6000
f 3131/3096/6001 3043/3008/6001 3079/3041/6001
f 3105/3069/6002 3152/3119/6002 3081/3043/6002
f 3153/3120/6003 3092/3055/6003 3081/3043/6003
f 3143/3107/6004 3106/3070/6004 3114/3080/6004
f 3143/3107/6005 3107/3044/6005 3106/3070/6005
f 3132/3071/6006 3164/3121/6006 3115/3097/6006
f 3116/3081/6007 3154/3122/6007 3134/3099/6007
f 3154/3122/6008 3108/3072/6008 3134/3099/6008
f 3154/3122/6009 3117/3082/6009 3108/3072/6009
f 3117/3082/6010 3166/3108/6010 3095/3058/6010
f 3166/3108/6011 3155/3123/6011 3118/3059/6011
f 3155/3123/6012 3119/3073/6012 3118/3059/6012
f 3155/3123/6013 3156/3124/6013 3119/3073/6013
f 3156/3124/6014 3144/3109/6014 3119/3073/6014
f 3144/3109/6015 3157/3125/6015 3110/3075/6015
f 3157/3125/6016 3120/3083/6016 3110/3075/6016
f 3157/3125/6017 3158/3110/6017 3120/3083/6017
f 3136/3101/6018 111/3086/6018 3111/3076/6018
f 3159/3126/6019 3137/3102/6019 3123/3087/6019
f 3160/3127/6020 3146/3113/6020 3098/3088/6020
f 3160/3127/6021 3099/3062/6021 3146/3113/6021
f 3147/3114/6022 3148/3103/6022 3054/3015/6022
f 3149/3115/6023 3150/3128/6023 3113/3090/6023
f 3150/3128/6024 3125/3091/6024 3113/3090/6024
f 3125/3091/6025 3126/3063/6025 3089/3052/6025
f 3162/3129/6026 3127/3064/6026 3126/3063/6026
f 3128/3092/6027 3174/3130/6027 3100/3065/6027
f 3101/3054/6028 3175/3131/6028 3078/3040/6028
f 3175/3131/6029 3141/3117/6029 3078/3040/6029
f 3131/3096/6030 3163/3132/6030 3080/3042/6030
f 3163/3132/6031 3104/3068/6031 3080/3042/6031
f 3142/3106/6032 3105/3069/6032 3044/3009/6032
f 3152/3119/6033 3153/3120/6033 3081/3043/6033
f 3143/3107/6034 3164/3121/6034 3132/3071/6034
f 3133/3098/6035 3154/3122/6035 3116/3081/6035
f 3165/3133/6036 3117/3082/6036 3154/3122/6036
f 3165/3133/6037 3166/3108/6037 3117/3082/6037
f 3167/3134/6038 3135/3100/6038 3121/3084/6038
f 3168/3135/6039 3122/3085/6039 3135/3100/6039
f 3122/3085/6040 3169/3136/6040 3136/3101/6040
f 3136/3101/6041 3185/3137/6041 111/3086/6041
f 3185/3137/6042 113/3138/6042 111/3086/6042
f 3170/3139/6043 3073/3035/6043 112/3112/6043
f 3186/3140/6044 3123/3087/6044 3112/3077/6044
f 3186/3140/6045 3159/3126/6045 3123/3087/6045
f 3137/3102/6046 3160/3127/6046 3098/3088/6046
f 3171/3141/6047 3139/3104/6047 3148/3103/6047
f 3125/3091/6048 3162/3129/6048 3126/3063/6048
f 3162/3129/6049 3140/3105/6049 3127/3064/6049
f 3162/3129/6050 3173/3142/6050 3140/3105/6050
f 3100/3065/6051 3175/3131/6051 3101/3054/6051
f 3176/3118/6052 3058/3007/6052 3151/3095/6052
f 3177/3143/6053 3079/3041/6053 3176/3118/6053
f 3153/3120/6054 3114/3080/6054 3092/3055/6054
f 3115/3097/6055 3179/3144/6055 3133/3098/6055
f 3179/3144/6056 3154/3122/6056 3133/3098/6056
f 3180/3145/6057 3155/3123/6057 3166/3108/6057
f 3210/3146/6058 3156/3124/6058 3155/3123/6058
f 3182/3147/6059 3158/3110/6059 3157/3125/6059
f 3145/3111/6060 3167/3134/6060 3121/3084/6060
f 3183/3148/6061 3122/3085/6061 3168/3135/6061
f 3184/3149/6062 3136/3101/6062 3169/3136/6062
f 3184/3149/6063 3185/3137/6063 3136/3101/6063
f 114/3150/6064 113/3138/6064 3185/3137/6064
f 3170/3139/6065 3112/3077/6065 3073/3035/6065
f 3170/3139/6066 3186/3140/6066 3112/3077/6066
f 3187/3151/6067 3137/3102/6067 3159/3126/6067
f 3099/3062/6068 3147/3114/6068 3138/3078/6068
f 3147/3114/6069 3171/3141/6069 3148/3103/6069
f 3139/3104/6070 3188/3152/6070 3161/3079/6070
f 3188/3152/6071 3172/3153/6071 3161/3079/6071
f 3172/3153/6072 3149/3115/6072 3161/3079/6072
f 3189/3154/6073 3055/3017/6073 3077/3039/6073
f 3190/3116/6074 3128/3092/6074 3033/2989/6074
f 3177/3143/6075 3131/3096/6075 3079/3041/6075
f 3142/3106/6076 3191/3155/6076 3105/3069/6076
f 3192/3156/6077 3114/3080/6077 3153/3120/6077
f 3192/3156/6078 3178/3157/6078 3114/3080/6078
f 3193/3158/6079 3143/3107/6079 3114/3080/6079
f 3143/3107/6080 3194/3159/6080 3164/3121/6080
f 3179/3144/6081 3195/3160/6081 3154/3122/6081
f 3195/3160/6082 3165/3133/6082 3154/3122/6082
f 3196/3161/6083 3166/3108/6083 3165/3133/6083
f 3196/3161/6084 3180/3145/6084 3166/3108/6084
f 3210/3146/6085 3197/3162/6085 3156/3124/6085
f 3197/3162/6086 3181/3163/6086 3156/3124/6086
f 3181/3163/6087 3144/3109/6087 3156/3124/6087
f 3181/3163/6088 3182/3147/6088 3144/3109/6088
f 3182/3147/6089 3157/3125/6089 3144/3109/6089
f 3198/3164/6090 3135/3100/6090 3167/3134/6090
f 3198/3164/6091 3168/3135/6091 3135/3100/6091
f 3213/3165/6092 3184/3149/6092 3169/3136/6092
f 115/3166/6093 3170/3139/6093 112/3112/6093
f 3214/3167/6094 3187/3151/6094 3159/3126/6094
f 3137/3102/6095 3199/3168/6095 3160/3127/6095
f 3200/3169/6096 3147/3114/6096 3099/3062/6096
f 3171/3141/6097 3201/3170/6097 3139/3104/6097
f 3202/3171/6098 3149/3115/6098 3172/3153/6098
f 3203/3172/6099 3125/3091/6099 3150/3128/6099
f 3203/3172/6100 3204/3173/6100 3125/3091/6100
f 3204/3173/6101 3162/3129/6101 3125/3091/6101
f 3173/3142/6102 3077/3039/6102 3140/3105/6102
f 3189/3154/6103 3190/3116/6103 3055/3017/6103
f 3141/3117/6104 3206/3174/6104 3129/3093/6104
f 3206/3174/6105 3102/3066/6105 3129/3093/6105
f 3191/3155/6106 3152/3119/6106 3105/3069/6106
f 3178/3157/6107 3193/3158/6107 3114/3080/6107
f 3193/3158/6108 3194/3159/6108 3143/3107/6108
f 3164/3121/6109 3207/3175/6109 3115/3097/6109
f 3207/3175/6110 3179/3144/6110 3115/3097/6110
f 3195/3160/6111 3196/3161/6111 3165/3133/6111
f 3208/3176/6112 3180/3145/6112 3196/3161/6112
f 3180/3145/6113 3209/3177/6113 3155/3123/6113
f 3209/3177/6114 3210/3146/6114 3155/3123/6114
f 3182/3147/6115 3211/3178/6115 3158/3110/6115
f 3158/3110/6116 3212/3179/6116 3145/3111/6116
f 3212/3179/6117 3167/3134/6117 3145/3111/6117
f 3183/3148/6118 3169/3136/6118 3122/3085/6118
f 3183/3148/6119 3213/3165/6119 3169/3136/6119
f 3214/3167/6120 3159/3126/6120 3186/3140/6120
f 3187/3151/6121 3215/3180/6121 3137/3102/6121
f 3215/3180/6122 3199/3168/6122 3137/3102/6122
f 3199/3168/6123 3099/3062/6123 3160/3127/6123
f 3199/3168/6124 3200/3169/6124 3099/3062/6124
f 3220/3181/6125 3171/3141/6125 3147/3114/6125
f 3201/3170/6126 3188/3152/6126 3139/3104/6126
f 3202/3171/6127 3150/3128/6127 3149/3115/6127
f 3173/3142/6128 3189/3154/6128 3077/3039/6128
f 3174/3130/6129 3175/3131/6129 3100/3065/6129
f 3205/3182/6130 3141/3117/6130 3175/3131/6130
f 151/3183/6131 3103/3067/6131 3130/3094/6131
f 151/3183/6132 3151/3095/6132 3103/3067/6132
f 3152/3119/6133 3192/3156/6133 3153/3120/6133
f 3194/3159/6134 3207/3175/6134 3164/3121/6134
f 3216/3184/6135 3182/3147/6135 3181/3163/6135
f 3217/3185/6136 3211/3178/6136 3182/3147/6136
f 3212/3179/6137 3198/3164/6137 3167/3134/6137
f 3213/3165/6138 3185/3137/6138 3184/3149/6138
f 3213/3165/6139 3218/3186/6139 3185/3137/6139
f 3218/3186/6140 114/3150/6140 3185/3137/6140
f 119/3187/6141 3214/3167/6141 3186/3140/6141
f 3214/3167/6142 3215/3180/6142 3187/3151/6142
f 3200/3169/6143 124/3188/6143 3147/3114/6143
f 3220/3181/6144 3147/3114/6144 124/3188/6144
f 126/3189/6145 3171/3141/6145 3220/3181/6145
f 3201/3170/6146 3172/3153/6146 3188/3152/6146
f 3202/3171/6147 3203/3172/6147 3150/3128/6147
f 135/3190/6148 3173/3142/6148 3162/3129/6148
f 3174/3130/6149 3205/3182/6149 3175/3131/6149
f 147/3191/6150 3102/3066/6150 3206/3174/6150
f 147/3191/6151 3130/3094/6151 3102/3066/6151
f 154/3192/6152 3177/3143/6152 3176/3118/6152
f 3177/3143/6153 3163/3132/6153 3131/3096/6153
f 3163/3132/6154 3221/3193/6154 3104/3068/6154
f 3221/3193/6155 3142/3106/6155 3104/3068/6155
f 3221/3193/6156 164/3194/6156 3142/3106/6156
f 3196/3161/6157 3195/3160/6157 3179/3144/6157
f 180/3195/6158 3209/3177/6158 3180/3145/6158
f 3209/3177/6159 3222/3196/6159 3210/3146/6159
f 3222/3196/6160 3197/3162/6160 3210/3146/6160
f 3197/3162/6161 3216/3184/6161 3181/3163/6161
f 3216/3184/6162 3217/3185/6162 3182/3147/6162
f 3211/3178/6163 3212/3179/6163 3158/3110/6163
f 3198/3164/6164 3183/3148/6164 3168/3135/6164
f 3213/3165/6165 3223/3197/6165 3218/3186/6165
f 3218/3186/6166 3219/3198/6166 114/3150/6166
f 3219/3198/6167 116/3199/6167 114/3150/6167
f 126/3189/6168 3201/3170/6168 3171/3141/6168
f 3201/3170/6169 129/3200/6169 3172/3153/6169
f 129/3200/6170 3202/3171/6170 3172/3153/6170
f 132/3201/6171 135/3190/6171 3204/3173/6171
f 135/3190/6172 3162/3129/6172 3204/3173/6172
f 138/3202/6173 3189/3154/6173 3173/3142/6173
f 140/3203/6174 3128/3092/6174 3190/3116/6174
f 3128/3092/6175 143/3204/6175 3174/3130/6175
f 147/3191/6176 151/3183/6176 3130/3094/6176
f 156/3205/6177 3163/3132/6177 3177/3143/6177
f 156/3205/6178 160/3206/6178 3163/3132/6178
f 160/3206/6179 3221/3193/6179 3163/3132/6179
f 164/3194/6180 3191/3155/6180 3142/3106/6180
f 3224/3207/6181 3152/3119/6181 3191/3155/6181
f 3178/3157/6182 171/3208/6182 3193/3158/6182
f 173/3209/6183 3207/3175/6183 3194/3159/6183
f 176/3210/6184 3179/3144/6184 3207/3175/6184
f 3208/3176/6185 180/3195/6185 3180/3145/6185
f 180/3195/6186 182/3211/6186 3209/3177/6186
f 3226/3212/6187 3216/3184/6187 3197/3162/6187
f 3212/3179/6188 3183/3148/6188 3198/3164/6188
f 195/3213/6189 3213/3165/6189 3183/3148/6189
f 3219/3198/6190 117/3214/6190 116/3199/6190
f 118/3215/6191 3170/3139/6191 115/3166/6191
f 118/3215/6192 3186/3140/6192 3170/3139/6192
f 118/3215/6193 119/3187/6193 3186/3140/6193
f 121/3216/6194 3199/3168/6194 3215/3180/6194
f 126/3189/6195 128/3217/6195 3201/3170/6195
f 128/3217/6196 129/3200/6196 3201/3170/6196
f 3202/3171/6197 132/3201/6197 3203/3172/6197
f 132/3201/6198 3204/3173/6198 3203/3172/6198
f 135/3190/6199 138/3202/6199 3173/3142/6199
f 140/3203/6200 3190/3116/6200 3189/3154/6200
f 140/3203/6201 143/3204/6201 3128/3092/6201
f 147/3191/6202 3206/3174/6202 3141/3117/6202
f 151/3183/6203 3176/3118/6203 3151/3095/6203
f 154/3192/6204 156/3205/6204 3177/3143/6204
f 160/3206/6205 164/3194/6205 3221/3193/6205
f 3224/3207/6206 3192/3156/6206 3152/3119/6206
f 173/3209/6207 176/3210/6207 3207/3175/6207
f 3225/3218/6208 3179/3144/6208 176/3210/6208
f 3225/3218/6209 178/3219/6209 3179/3144/6209
f 178/3219/6210 3196/3161/6210 3179/3144/6210
f 178/3219/6211 3208/3176/6211 3196/3161/6211
f 178/3219/6212 180/3195/6212 3208/3176/6212
f 3222/3196/6213 3226/3212/6213 3197/3162/6213
f 3226/3212/6214 187/3220/6214 3216/3184/6214
f 3211/3178/6215 192/3221/6215 3212/3179/6215
f 195/3213/6216 3223/3197/6216 3213/3165/6216
f 3218/3186/6217 117/3214/6217 3219/3198/6217
f 119/3187/6218 3215/3180/6218 3214/3167/6218
f 119/3187/6219 121/3216/6219 3215/3180/6219
f 121/3216/6220 122/3222/6220 3199/3168/6220
f 122/3222/6221 3200/3169/6221 3199/3168/6221
f 122/3222/6222 124/3188/6222 3200/3169/6222
f 124/3188/6223 126/3189/6223 3220/3181/6223
f 129/3200/6224 132/3201/6224 3202/3171/6224
f 138/3202/6225 140/3203/6225 3189/3154/6225
f 143/3204/6226 145/3223/6226 3174/3130/6226
f 145/3223/6227 3205/3182/6227 3174/3130/6227
f 145/3223/6228 147/3191/6228 3205/3182/6228
f 147/3191/6229 3141/3117/6229 3205/3182/6229
f 151/3183/6230 154/3192/6230 3176/3118/6230
f 166/3224/6231 3191/3155/6231 164/3194/6231
f 166/3224/6232 3224/3207/6232 3191/3155/6232
f 3224/3207/6233 3178/3157/6233 3192/3156/6233
f 3224/3207/6234 171/3208/6234 3178/3157/6234
f 171/3208/6235 3194/3159/6235 3193/3158/6235
f 171/3208/6236 173/3209/6236 3194/3159/6236
f 182/3211/6237 3222/3196/6237 3209/3177/6237
f 182/3211/6238 184/3225/6238 3222/3196/6238
f 184/3225/6239 3226/3212/6239 3222/3196/6239
f 184/3225/6240 187/3220/6240 3226/3212/6240
f 187/3220/6241 3217/3185/6241 3216/3184/6241
f 187/3220/6242 3211/3178/6242 3217/3185/6242
f 187/3220/6243 192/3221/6243 3211/3178/6243
f 192/3221/6244 3183/3148/6244 3212/3179/6244
f 192/3221/6245 195/3213/6245 3183/3148/6245
f 195/3213/6246 198/3226/6246 3223/3197/6246
f 198/3226/6247 3218/3186/6247 3223/3197/6247
f 198/3226/6248 117/3214/6248 3218/3186/6248
