-3548.00952148438,3681.37915039062,887.223327636719
-3091.70166015625,1163.38024902344,656.449645996094
3777.787109375,-1512.3115234375,243.007461547852
2877.32177734375,-1306.41235351562,310.806243896484
-3531.27978515625,-2832.80224609375,874.316284179688
-32.7735786437988,-1763.82409667969,448.359680175781
-3471.22192382812,2315.4541015625,915.076782226562
1959.27697753906,-1150.14233398438,554.972045898438
899.528137207031,-2564.62548828125,263.100494384766
2057.53564453125,-1176.32373046875,505.863525390625
423.314575195312,-914.788269042969,420.671508789062
-3585.6103515625,254.586685180664,668.363525390625
2183.39501953125,-2324.56591796875,317.142242431641
2499.29467773438,4487.8125,832.146057128906
963.606689453125,1533.3466796875,896.251831054688
2226.64965820312,-1826.43286132812,391.611877441406
-972.638427734375,-1048.10595703125,597.455322265625
-3736.0693359375,-385.407684326172,534.065612792969
2192.60302734375,4346.5771484375,822.923889160156
2295.47875976562,3507.2685546875,842.05859375
2411.05297851562,522.251342773438,817.370361328125
4087.92163085938,4442.35791015625,677.100341796875
2358.81787109375,4312.455078125,837.45849609375
4139.71728515625,-1.81691062450409,744.412231445312
2224.07983398438,2714.3671875,829.873840332031
3348.39379882812,2054.27880859375,822.646484375
3898.76171875,-2588.85205078125,312.702301025391
-3061.40502929688,-1417.04455566406,548.019653320312
-3525.080078125,3653.5673828125,891.707092285156
-2923.26416015625,1309.60131835938,736.501586914062
-3636.31201171875,1444.76147460938,712.59423828125
-149.095001220703,1024.244140625,868.687683105469
449.916137695312,-935.700256347656,414.049255371094
938.409790039062,1501.07470703125,892.961242675781
1287.62963867188,1863.02563476562,836.222412109375
-3594.05249023438,3564.73510742188,866.169799804688
2350.93017578125,4051.275390625,828.295043945312
291.541778564453,692.194213867188,844.260131835938
299.778686523438,2263.333984375,864.530334472656
2555.85375976562,2512.70361328125,766.145812988281
-3321.43383789062,-538.662902832031,589.61181640625
3842.4072265625,302.178680419922,748.224060058594
-3401.7255859375,-2610.771484375,628.193176269531
2208.07104492188,3769.8310546875,837.950378417969
2275.36743164062,4182.12158203125,840.214782714844
-2883.71875,-193.960479736328,837.576110839844
-37.0290451049805,-2415.1474609375,338.440734863281
1639.25927734375,-241.822891235352,829.948181152344
4084.166015625,3805.66064453125,779.151977539062
2259.13696289062,-1275.62023925781,456.96875
-2249.89013671875,1852.7216796875,941.03173828125
3436.77416992188,844.870788574219,704.093017578125
1887.05505371094,2837.19384765625,864.634826660156
3575.85522460938,2036.90441894531,806.102172851562
-2376.90893554688,1754.98132324219,953.766479492188
2150.79736328125,4217.3671875,835.113891601562
1076.75036621094,1193.80212402344,877.970336914062
-480.121307373047,1761.48693847656,914.19873046875
232.138824462891,2413.69775390625,864.19140625
-3711.53125,3943.24487304688,890.401733398438
-3673.5595703125,125.394996643066,631.847045898438
-449.462158203125,-537.746948242188,854.813720703125
-2106.83569335938,-206.061950683594,872.380249023438
2773.32421875,3847.2060546875,742.080993652344
-2971.16015625,1262.35766601562,695.723999023438
-3737.4599609375,-169.894836425781,558.535278320312
-1333.41223144531,506.885772705078,875.2763671875
2228.09228515625,1920.71215820312,819.03515625
-3616.63452148438,-150.840209960938,587.078125
500.865692138672,-2854.61669921875,298.109649658203
955.748779296875,1646.19860839844,879.909606933594
-2721.32421875,2703.81665039062,942.158508300781
-3284.6298828125,-1724.6650390625,640.075927734375
-321.007598876953,-3000.666015625,304.307800292969
1803.24853515625,1904.50415039062,808.140686035156
3154.78833007812,3840.24829101562,671.813293457031
-3314.7099609375,-721.630981445312,637.707153320312
-333.850189208984,64.3600311279297,829.352783203125
268.337829589844,-1403.79626464844,419.849517822266
-349.669616699219,4380.7578125,833.58642578125
-2659.22412109375,2808.1376953125,928.033813476562
-2492.39404296875,1813.01879882812,910.015686035156
1443.48266601562,3148.0107421875,811.929931640625
465.872985839844,4196.75634765625,814.177795410156
-2631.06127929688,-2721.71337890625,488.749542236328
-1557.65051269531,4678.1337890625,817.815979003906
257.654998779297,-1894.35656738281,382.820678710938
-782.677734375,4289.765625,878.5263671875
3292.44848632812,1687.68286132812,816.05908203125
159.944458007812,-1377.94030761719,452.696807861328
-2986.56030273438,1046.4912109375,677.626831054688
-1736.142578125,-2090.6455078125,432.23193359375
2802.9228515625,-1283.18188476562,328.323547363281
-3617.6396484375,3725.42724609375,869.888244628906
-1625.79125976562,-2670.18041992188,358.154388427734
1207.09948730469,-1135.22912597656,477.204742431641
1010.86328125,1276.16369628906,883.037780761719
-145.399169921875,-1812.81005859375,484.998474121094
-778.047973632812,2625.59350585938,883.8759765625
2281.65673828125,-934.218017578125,482.749877929688
681.40478515625,-2875.9853515625,246.617126464844
2668.17431640625,1338.39892578125,802.542053222656
238.50927734375,2088.92431640625,887.433410644531
-2641.72265625,-206.546096801758,894.337890625
-3016.9609375,-695.452697753906,820.699096679688
17.3901214599609,-1260.37902832031,469.228057861328
2110.1142578125,1961.88549804688,806.80615234375
-2794.6845703125,2781.81665039062,932.494873046875
2387.7158203125,4174.03125,845.401489257812
2355.154296875,-1882.28356933594,364.254180908203
904.09375,-430.794372558594,558.806640625
2355.27661132812,-1885.87561035156,364.05029296875
46.7210121154785,-1648.55285644531,444.523864746094
-436.877319335938,-2968.1044921875,332.862731933594
2176.65185546875,-1560.2509765625,450.344757080078
-369.922790527344,-2083.45434570312,469.568969726562
460.821228027344,-1438.29333496094,396.991851806641
-1778.33081054688,1889.42810058594,908.020751953125
2214.9697265625,2150.03100585938,791.130981445312
-2317.0859375,3801.07250976562,897.6142578125
130.858749389648,1207.01513671875,846.244750976562
-520.854553222656,1783.25268554688,907.849914550781
-2220.11743164062,1850.76574707031,943.38134765625
306.800842285156,4675.375,828.776062011719
-3533.69775390625,2199.34130859375,920.777587890625
-2648.2939453125,4625.2451171875,893.629516601562
2188.44189453125,-1472.46203613281,463.232055664062
-516.49072265625,1785.06494140625,908.092651367188
-1534.87463378906,-2751.63842773438,367.353607177734
3417.32641601562,1047.22631835938,736.322875976562
-1432.46118164062,-1202.48608398438,504.137084960938
2794.48266601562,-2218.43212890625,249.308013916016
-2403.97485351562,1642.73791503906,953.697875976562
458.678497314453,-1661.72680664062,372.982299804688
1675.09094238281,-3196.9970703125,245.046279907227
2850.73608398438,3768.6513671875,741.007446289062
-1312.33740234375,-1568.58203125,407.226806640625
2064.154296875,2161.6201171875,809.436401367188
-1872.65319824219,1906.33374023438,925.928833007812
4067.0224609375,1304.16943359375,817.388854980469
-3428.1962890625,-2980.71313476562,892.672546386719
345.503875732422,1065.11242675781,846.422729492188
-1885.78649902344,2082.90771484375,927.43603515625
-2305.166015625,-2646.9443359375,380.516723632812
4006.92431640625,1480.77783203125,818.660034179688
-3469.82153320312,3628.6865234375,912.0078125
-209.926544189453,662.802307128906,845.466796875
-3561.85766601562,186.111907958984,691.053466796875
2183.71655273438,-2114.74169921875,361.562561035156
159.646438598633,-1630.29284667969,416.488739013672
1039.28698730469,1781.75280761719,877.8203125
2159.79345703125,3704.5693359375,835.365051269531
3137.77880859375,3909.94409179688,702.458923339844
976.490173339844,1128.99890136719,879.316162109375
2446.787109375,-1879.85534667969,341.040588378906
288.441314697266,-1406.28564453125,419.955749511719
-490.510833740234,805.509338378906,869.425598144531
-129.222854614258,-2438.8642578125,374.878601074219
-398.587310791016,1661.51794433594,915.733642578125
4145.2998046875,1252.87536621094,808.783142089844
2949.98876953125,-1728.9619140625,264.85009765625
-3707.81494140625,2565.71533203125,886.590454101562
-3715.7216796875,3762.20532226562,866.80126953125
690.955810546875,1466.13659667969,887.625122070312
-2623.22827148438,-1313.09313964844,497.484008789062
-3360.41552734375,-2371.9306640625,599.114074707031
-2648.6328125,-123.257133483887,898.677856445312
-491.999237060547,4146.5380859375,856.960510253906
-3115.31982421875,-1355.73364257812,585.765747070312
-2787.96899414062,-157.793014526367,830.147338867188
663.170043945312,-2438.7705078125,206.88330078125
-1482.83056640625,2645.55737304688,914.33935546875
1179.56811523438,-2640.55102539062,292.878173828125
1993.2666015625,-2785.23681640625,225.557159423828
2351.64282226562,347.761993408203,824.254089355469
3390.65747070312,-1943.01696777344,195.229843139648
-2061.78564453125,1657.1416015625,940.19580078125
-3221.24731445312,-1634.89538574219,603.96142578125
4178.45166015625,3214.08569335938,797.749267578125
3172.890625,-1150.16381835938,417.701354980469
4085.5947265625,3699.42602539062,808.054138183594
1497.02587890625,-3020.80908203125,291.765625
-1737.44067382812,3005.01245117188,912.16162109375
-485.409240722656,2669.45068359375,894.492370605469
-3510.93310546875,3740.47216796875,890.2275390625
1595.90063476562,1699.48120117188,828.796630859375
778.787048339844,-2458.30419921875,208.687408447266
-503.492553710938,1698.19311523438,913.215393066406
-1504.80810546875,-3005.7900390625,354.6845703125
-1278.91088867188,-2919.33056640625,292.932983398438
-3478.15209960938,1047.54577636719,569.502563476562
3309.06030273438,1621.25451660156,818.960327148438
-1544.4609375,1817.98657226562,925.184936523438
-629.654541015625,3880.03955078125,874.4091796875
4101.4375,3881.55908203125,753.403869628906
859.860290527344,1290.39794921875,881.318420410156
2133.38745117188,1814.6015625,832.464904785156
-3365.8427734375,3740.15234375,928.920471191406
1642.08569335938,883.408447265625,867.485534667969
2875.79541015625,3980.4013671875,761.901000976562
2557.9375,4411.39892578125,840.712463378906
3890.24780273438,1706.24291992188,800.457153320312
3398.28759765625,2482.70703125,823.054992675781
3963.26318359375,3062.45068359375,801.094848632812
3651.84936523438,2149.40014648438,816.489013671875
-2690.75463867188,1885.27587890625,923.917419433594
861.103515625,1290.95568847656,881.728454589844
-315.306945800781,1572.84851074219,884.837158203125
-83.635009765625,1242.7109375,848.802490234375
4058.78881835938,4278.8037109375,681.513977050781
379.892852783203,-1131.10717773438,441.610656738281
-617.433837890625,3850.65478515625,875.191711425781
-2358.998046875,3642.98046875,907.200805664062
1784.8134765625,-3205.1474609375,221.969360351562
-1603.68444824219,-2622.84741210938,350.695922851562
-3107.92211914062,4297.1298828125,936.620239257812
-1742.70751953125,2989.3369140625,913.086853027344
1915.52368164062,2087.8662109375,842.535278320312
2477.19799804688,3736.64135742188,814.248107910156
193.307327270508,4454.255859375,856.235717773438
1761.07092285156,-3099.205078125,222.463516235352
4043.9326171875,1724.80102539062,802.615356445312
1888.60229492188,1862.076171875,814.584045410156
-3650.02465820312,2536.19189453125,897.366333007812
2899.94067382812,3893.74829101562,736.440124511719
2827.96875,1254.46643066406,810.056091308594
-1630.60327148438,2565.52099609375,925.785034179688
791.860168457031,1245.93005371094,856.752746582031
1985.4482421875,2221.9130859375,821.4111328125
-1163.14807128906,-1530.21752929688,356.684997558594
3331.09375,970.9921875,770.506286621094
747.648315429688,-1039.31909179688,331.811401367188
3909.52612304688,4314.1748046875,659.183227539062
-3321.12890625,-1155.76928710938,834.352722167969
2406.99194335938,4490.37158203125,846.325927734375
-3744.89868164062,168.945404052734,603.870727539062
2422.5517578125,4456.00537109375,849.118530273438
-989.723754882812,3810.55908203125,852.72900390625
-1473.63208007812,4008.60571289062,875.120666503906
-3006.603515625,1230.44177246094,683.993041992188
-3745.77612304688,1522.98193359375,683.85986328125
716.543151855469,-2435.77392578125,196.688522338867
3020.03173828125,3855.01123046875,714.458435058594
491.065246582031,651.534545898438,827.63671875
-3221.1689453125,4441.8896484375,942.3623046875
3336.67626953125,-201.8828125,639.30859375
-1742.86706542969,-1338.99548339844,571.791809082031
-727.3671875,2746.71801757812,888.159423828125
-2853.654296875,4497.529296875,914.033935546875
193.26416015625,-607.260009765625,499.767883300781
1931.5458984375,133.310638427734,844.193664550781
2137.12426757812,-2376.5712890625,300.79052734375
4171.92138671875,-67.8415222167969,715.498901367188
3980.78759765625,3005.51831054688,798.805419921875
2537.74047851562,2560.03369140625,770.368713378906
406.578857421875,743.125854492188,811.46142578125
-2686.84985351562,1887.72253417969,923.860961914062
-415.568298339844,4303.29345703125,840.037841796875
-3576.166015625,450.395477294922,635.438659667969
889.797058105469,1591.66613769531,877.711853027344
-1557.91357421875,2825.42797851562,915.541076660156
-3557.431640625,2257.958984375,921.528625488281
1683.17883300781,2036.32165527344,843.834289550781
-410.950378417969,2707.71118164062,889.986145019531
-2438.3349609375,327.180938720703,903.164367675781
4164.5146484375,135.305694580078,753.328247070312
-9.80038738250732,-1525.16381835938,454.213012695312
4114.26220703125,-139.806091308594,742.273254394531
189.928588867188,-1625.87133789062,414.690856933594
2370.55883789062,3479.73364257812,837.776550292969
2100.81201171875,-1748.24072265625,444.401733398438
2359.57299804688,2382.3798828125,775.003662109375
2895.90966796875,-1423.3291015625,299.574951171875
-1822.82788085938,-1705.43920898438,522.8330078125
-86.9091644287109,3690.23779296875,832.425048828125
1043.12646484375,-2562.8623046875,312.23046875
-66.6053466796875,1189.7919921875,852.238647460938
1621.55310058594,-2031.03552246094,512.236206054688
-3626.22216796875,2547.92211914062,891.990783691406
2015.79431152344,2186.7705078125,820.317260742188
2654.87890625,-1431.88525390625,338.795257568359
-3709.4580078125,2517.28637695312,901.805541992188
4051.12158203125,4360.94873046875,666.1494140625
-3329.93188476562,3177.74072265625,876.4833984375
-1647.34436035156,1897.9521484375,915.341674804688
-510.451110839844,4248.6318359375,855.412353515625
537.278076171875,3240.30224609375,838.985473632812
-450.174194335938,714.718383789062,870.115478515625
-3129.21484375,-3220.314453125,668.371337890625
2850.67895507812,3920.23046875,734.684692382812
171.963012695312,1317.45629882812,857.21826171875
186.5419921875,-1757.85229492188,407.910827636719
3938.81787109375,3534.34130859375,799.628173828125
3347.1201171875,4234.76953125,626.915893554688
335.951477050781,-1895.390625,367.742126464844
-27.0448436737061,1123.76538085938,856.532592773438
-2808.20166015625,-110.704483032227,833.434692382812
1514.8828125,-3174.287109375,297.684906005859
2033.85180664062,1713.08178710938,846.369384765625
1699.01818847656,1624.10815429688,827.359008789062
-2634.69140625,1834.77075195312,899.841674804688
1862.1904296875,2025.87231445312,830.191284179688
1558.89208984375,70.7319183349609,827.890563964844
2401.81298828125,2080.15356445312,807.210876464844
37.4636611938477,-1816.16088867188,429.578979492188
2423.63525390625,3742.49975585938,816.5048828125
2735.83056640625,3873.7294921875,763.607299804688
795.896362304688,3111.03686523438,874.907470703125
3894.712890625,-2510.25390625,305.162170410156
2417.58251953125,228.514236450195,836.110412597656
1559.49426269531,1773.23168945312,834.0048828125
900.084045410156,-417.521270751953,565.19140625
197.161682128906,-599.088439941406,499.846313476562
3873.01391601562,3380.43310546875,803.191772460938
2238.49560546875,-1758.34521484375,393.689025878906
-2076.87084960938,1440.47253417969,933.859130859375
-8.6271505355835,1090.63110351562,857.210205078125
3274.73486328125,-1913.6259765625,203.459259033203
-3389.921875,1340.59411621094,734.776123046875
2264.5,-1402.4091796875,444.390350341797
-2987.71533203125,1138.27612304688,672.84228515625
-1124.05749511719,394.760986328125,892.678100585938
3166.7958984375,-3233.7607421875,128.632537841797
-2699.26928710938,149.363983154297,907.27978515625
-698.081726074219,1078.61865234375,885.624755859375
2355.34375,-1049.8154296875,424.023620605469
4025.72998046875,2904.06982421875,799.192443847656
3933.8876953125,2997.6767578125,800.009460449219
2126.408203125,1828.95837402344,829.090576171875
2382.1943359375,2335.43505859375,776.912536621094
1021.14709472656,2982.45556640625,845.115356445312
121.392044067383,1339.93957519531,857.828796386719
4053.19555664062,3074.908203125,796.822631835938
-2787.96264648438,4606.11328125,912.621215820312
181.608947753906,-1128.19555664062,462.823852539062
-3702.92578125,-523.538696289062,547.934143066406
120.219665527344,1339.75695800781,857.707702636719
4200.47265625,3214.73779296875,798.895690917969
2319.4716796875,-1802.81298828125,373.236938476562
-2657.49243164062,1794.86560058594,900.601196289062
1562.06921386719,3266.42065429688,825.860412597656
-2749.61279296875,106.590995788574,907.404113769531
-1790.82470703125,1020.21514892578,897.203857421875
398.713012695312,530.396240234375,810.947326660156
362.328674316406,567.765197753906,807.371887207031
-2020.1201171875,-1991.38830566406,420.722381591797
-336.106994628906,3623.75927734375,860.767395019531
-1362.353515625,1763.74182128906,921.03759765625
1171.79846191406,-778.576599121094,448.671173095703
1681.67321777344,-1174.44812011719,831.395385742188
3764.31201171875,4616.1669921875,688.317565917969
-2843.505859375,4329.5244140625,909.274780273438
-2998.17260742188,-3139.66918945312,603.421691894531
4066.5849609375,3709.7041015625,807.029541015625
3276.310546875,2369.61108398438,811.554992675781
3885.48706054688,4348.6669921875,669.201171875
-531.565551757812,4092.5009765625,862.173278808594
-1689.87915039062,4258.1572265625,845.516235351562
4220.05224609375,3862.17529296875,730.134643554688
171.891662597656,-1944.23266601562,389.832550048828
-1492.65539550781,1861.28247070312,915.306945800781
-1627.87902832031,4657.359375,817.806640625
375.195129394531,-958.558410644531,427.492126464844
23.8733177185059,-1597.29150390625,449.308288574219
2522.85302734375,2019.43029785156,817.965270996094
-158.482116699219,2364.04541015625,903.874450683594
-252.635055541992,3954.59008789062,868.215515136719
-3533.74609375,3633.1767578125,888.665405273438
4151.86474609375,3895.24633789062,746.347778320312
-3343.11303710938,2152.21337890625,928.814575195312
-2701.98583984375,1666.86242675781,915.569580078125
-465.712249755859,2662.52734375,894.900756835938
433.0341796875,4343.93017578125,793.959350585938
2680.38818359375,-2228.92114257812,253.419738769531
-1562.94567871094,4668.55859375,818.929443359375
3099.39794921875,3760.85791015625,657.855651855469
-635.788818359375,4041.03857421875,873.033996582031
173.736755371094,4672.95654296875,839.643005371094
2934.06860351562,-2187.61157226562,238.925033569336
457.813232421875,-1480.38134765625,399.456726074219
1895.18774414062,1943.90002441406,803.3203125
1494.75366210938,1944.90368652344,865.279296875
-2850.80712890625,4484.478515625,913.200317382812
1654.0634765625,5.62284660339355,824.576721191406
-3723.2568359375,1410.97778320312,649.492431640625
2492.46411132812,-750.670349121094,455.809173583984
-3570.18408203125,1180.94067382812,600.288330078125
-1771.11218261719,-2163.32641601562,406.122619628906
-671.16845703125,4221.53125,873.499389648438
-3419.68359375,1400.51416015625,744.3466796875
2364.69140625,4312.8369140625,838.714477539062
1597.37341308594,1377.17260742188,858.905822753906
352.847229003906,-2004.55078125,343.389343261719
-3103.91259765625,4197.71337890625,942.765625
2541.8173828125,-870.359313964844,402.527465820312
3445.96923828125,1621.74072265625,814.767272949219
728.681274414062,-2431.27783203125,196.643127441406
-2221.53051757812,3891.6396484375,891.184020996094
3440.1611328125,-869.005554199219,466.514038085938
-3251.40454101562,-1046.69140625,819.636962890625
1771.92395019531,-2987.7509765625,266.104797363281
2023.10424804688,1921.91333007812,804.855102539062
-782.957763671875,3832.70751953125,863.569091796875
-3411.37084960938,1207.34826660156,662.536743164062
3542.69946289062,1480.43884277344,815.457275390625
-2016.98657226562,1891.37329101562,950.271423339844
1501.84301757812,3072.2421875,828.726196289062
542.085998535156,4191.39404296875,825.250610351562
1726.66906738281,1701.88452148438,816.823974609375
-1612.89721679688,-273.630554199219,845.891662597656
-316.160095214844,676.617553710938,858.180236816406
295.226867675781,596.6923828125,821.795593261719
3086.56079101562,-1171.84802246094,395.442504882812
2263.64501953125,4510.30078125,840.579711914062
3086.18286132812,-1161.79235839844,397.73291015625
784.051574707031,-1036.84130859375,313.129089355469
3900.02294921875,-936.9892578125,232.401779174805
1653.42944335938,1782.13012695312,821.444091796875
-1494.77783203125,1776.02661132812,927.658203125
3824.01342773438,2998.3544921875,811.256103515625
485.092315673828,4399.34130859375,797.336975097656
-322.441650390625,4741.5419921875,851.020751953125
3048.4599609375,-1099.5361328125,396.055267333984
-1717.0302734375,-2002.67810058594,435.399200439453
-926.861877441406,-2076.8623046875,332.2666015625
488.043334960938,585.940551757812,831.078369140625
3034.88330078125,-2928.9013671875,118.742523193359
-1747.38891601562,-2218.45239257812,405.599975585938
-1584.78588867188,-2263.03955078125,388.12744140625
27.3816413879395,2138.42626953125,910.139892578125
3999.53833007812,4477.5947265625,631.274719238281
-3598.67431640625,170.599945068359,666.440063476562
4046.9169921875,3227.11083984375,800.753295898438
-883.845275878906,-746.897888183594,867.122680664062
851.574279785156,1321.0380859375,884.863037109375
4165.58203125,3507.8671875,807.385803222656
916.200866699219,-416.954528808594,567.973388671875
-3678.845703125,1239.56970214844,623.139282226562
2261.28076171875,-1308.28601074219,448.677001953125
-3711.23876953125,2051.72021484375,817.432434082031
-2282.72314453125,1675.03002929688,933.178955078125
1980.39428710938,1542.02404785156,852.360534667969
-1438.7529296875,1773.0029296875,924.490478515625
1173.88513183594,-1387.02807617188,421.575012207031
3310.0830078125,-1236.8642578125,436.31787109375
1995.13610839844,4664.52490234375,811.658264160156
-1541.16040039062,2620.71948242188,922.638793945312
-624.60888671875,4195.001953125,871.263793945312
-2630.2802734375,2715.94482421875,940.67138671875
410.424652099609,-976.924011230469,427.012573242188
-3022.55786132812,4500.84716796875,925.109741210938
2426.35913085938,2700.04516601562,825.144287109375
109.280426025391,2326.23828125,887.1123046875
2391.59497070312,3411.62255859375,818.887878417969
363.468353271484,-1044.97680664062,443.878540039062
1823.98291015625,2846.25146484375,857.596557617188
251.162200927734,4665.31787109375,840.11572265625
-3424.64086914062,-1582.61804199219,691.247314453125
1861.17932128906,1937.95520019531,804.863891601562
2471.4736328125,-795.22021484375,449.955169677734
-820.166870117188,-880.017578125,861.094848632812
-1044.7607421875,-1593.9140625,358.900146484375
824.431945800781,-2590.11352539062,233.476440429688
1754.19873046875,937.152221679688,874.091674804688
1179.6787109375,-2714.6796875,264.692169189453
2768.93212890625,3796.2744140625,741.201354980469
-664.040771484375,-2651.54174804688,350.042022705078
665.375244140625,-2409.4833984375,217.6787109375
-1746.91772460938,4414.98876953125,843.878112792969
2093.576171875,1849.4521484375,820.738647460938
-3206.63452148438,907.050903320312,631.926513671875
-2343.45190429688,-3007.11279296875,441.614501953125
1122.52514648438,3009.30517578125,819.375854492188
841.71728515625,1543.8779296875,880.72119140625
3901.35595703125,-2395.396484375,302.183074951172
3825.6201171875,-2255.38061523438,253.486572265625
1484.04211425781,-2719.95629882812,270.709869384766
1476.56640625,-2722.4375,270.648712158203
-3618.51782226562,1220.79052734375,617.742492675781
-1620.5771484375,1917.021484375,916.156372070312
-1703.90991210938,2989.20947265625,915.717712402344
3840.73193359375,3352.86596679688,804.781555175781
179.609603881836,-645.018920898438,500.016845703125
3498.00952148438,1709.61987304688,807.211669921875
-3449.07348632812,3204.09521484375,874.905883789062
3471.26904296875,2207.2099609375,818.884399414062
3765.41357421875,1785.25830078125,793.895812988281
-34.4184722900391,3695.97509765625,835.810729980469
-271.156677246094,1269.97827148438,858.414672851562
2180.81787109375,2806.0625,798.181945800781
557.305236816406,4282.033203125,815.492919921875
2228.55078125,-1371.59106445312,456.209381103516
-286.851318359375,4004.23657226562,869.567443847656
3191.12622070312,-2958.75146484375,143.334533691406
2716.2998046875,-2073.94848632812,260.570556640625
1946.76440429688,-907.568664550781,791.794128417969
3570.6787109375,2314.40112304688,823.313354492188
-1033.60424804688,-927.7861328125,628.100708007812
3412.89404296875,-821.220886230469,471.546569824219
-379.017517089844,-213.207733154297,835.234802246094
2036.1103515625,1923.97424316406,806.836303710938
2974.1123046875,4064.37109375,764.6591796875
-3584.11572265625,-1143.76904296875,839.544799804688
2877.109375,4049.6298828125,781.841064453125
-2504.94384765625,-2641.11669921875,437.313171386719
2772.96044921875,-2547.40185546875,222.003677368164
364.158905029297,598.228088378906,817.837524414062
161.694442749023,-1525.37060546875,434.384918212891
-1708.05114746094,663.342651367188,881.321655273438
2199.3095703125,4339.80224609375,823.469909667969
2198.36376953125,-2246.66845703125,338.149200439453
-2665.86401367188,111.219017028809,911.5107421875
-2965.38793945312,1144.08483886719,686.71875
3438.8369140625,1226.01550292969,774.673278808594
2814.83032226562,-1258.43688964844,324.236694335938
-2585.86767578125,2770.66015625,933.230224609375
1308.30688476562,1040.05334472656,852.45263671875
3106.5849609375,2261.20263671875,820.54833984375
-806.016357421875,2569.74658203125,880.595458984375
-2702.99877929688,211.307067871094,902.578979492188
1614.15246582031,1805.34985351562,825.199157714844
-2605.85498046875,1765.75866699219,884.363891601562
2308.82861328125,366.127410888672,831.118286132812
1002.54986572266,2785.78662109375,837.872619628906
401.777313232422,-1239.11743164062,414.121185302734
4003.8662109375,3152.833984375,800.492370605469
2675.01342773438,-1376.86938476562,338.903198242188
-2052.74487304688,1681.00207519531,946.784301757812
-2714.55859375,2752.32763671875,936.292053222656
2387.49340820312,3445.63330078125,831.379699707031
-676.739562988281,3767.9013671875,881.902221679688
-934.828430175781,-3004.087890625,340.139953613281
-2231.54956054688,-776.226928710938,890.028625488281
3139.00024414062,-2900.603515625,128.195068359375
292.450988769531,2132.70776367188,876.929321289062
-149.036590576172,1107.33215332031,861.05029296875
1601.41247558594,-2691.904296875,310.729888916016
-3481.91796875,2273.33422851562,920.890747070312
-738.125427246094,4361.39111328125,875.456176757812
3917.1337890625,-1110.947265625,208.874526977539
-3335.40087890625,-918.068298339844,825.935791015625
3454.96557617188,1794.77014160156,803.435913085938
-61.0970993041992,-1721.26123046875,457.425354003906
-2354.39672851562,-3062.93505859375,468.061706542969
-1861.00244140625,2084.01684570312,923.334594726562
-2861.5380859375,2178.7314453125,957.0009765625
2353.99194335938,4081.53686523438,834.414428710938
-3607.30029296875,35.3622741699219,616.243041992188
3148.07470703125,2348.66723632812,806.759033203125
-2586.7890625,110.440902709961,907.016906738281
1483.34228515625,-3080.630859375,295.599548339844
-2641.96850585938,96.0620498657227,911.6103515625
668.336853027344,1597.126953125,870.162475585938
1821.26293945312,-929.164428710938,833.979858398438
3246.04541015625,811.793884277344,737.7451171875
3304.04467773438,-924.256103515625,510.037628173828
1578.6640625,2237.548828125,874.1787109375
2505.25390625,4258.439453125,847.982421875
-3698.23168945312,2342.79370117188,925.751159667969
421.746948242188,-1562.62963867188,402.004699707031
-1757.33935546875,-1745.9970703125,503.564880371094
-433.517578125,4218.1806640625,850.00439453125
1985.01989746094,1783.49536132812,833.174377441406
-1713.84436035156,2922.36352539062,919.683349609375
3992.099609375,3121.13671875,799.426147460938
-1785.05786132812,-1360.32641601562,580.531860351562
293.295989990234,-2384.25927734375,319.147399902344
-1741.68200683594,985.655334472656,889.796875
2767.9755859375,3796.52807617188,741.6298828125
4089.57861328125,3391.08837890625,801.918090820312
515.133728027344,-2853.61572265625,292.153198242188
405.238586425781,1130.59838867188,838.30810546875
2236.78759765625,4371.5224609375,819.386108398438
-797.593627929688,1048.35046386719,910.771301269531
1411.42504882812,1882.017578125,864.157043457031
3923.43286132812,3102.44409179688,805.782592773438
2649.53198242188,-1915.17541503906,304.097412109375
2890.71875,-2002.86791992188,253.861358642578
1752.7080078125,-3175.23974609375,231.120880126953
-804.315795898438,-746.202514648438,870.750122070312
-3505.71875,-3006.17578125,893.930847167969
-2750.35986328125,-411.863250732422,850.934753417969
3795.4736328125,-2447.68676757812,255.477294921875
838.202087402344,1679.28051757812,865.031494140625
-3401.86108398438,-1774.77673339844,687.022277832031
3271.4580078125,-1172.88659667969,432.598815917969
1684.33837890625,-104.4951171875,837.462646484375
-3745.8623046875,-243.580596923828,562.185791015625
-2049.94384765625,4078.50634765625,878.210205078125
2655.19409179688,-1938.07067871094,295.286193847656
420.922882080078,2251.01098632812,872.835205078125
2222.38598632812,-1832.71520996094,392.750793457031
3938.28393554688,4437.2587890625,659.128967285156
3345.05419921875,-213.415145874023,629.125
2274.43823242188,327.369750976562,842.035034179688
2886.599609375,-2050.14306640625,252.597930908203
1081.26062011719,4091.34887695312,848.674133300781
-1215.9990234375,340.668670654297,888.507568359375
4112.9345703125,4059.79174804688,702.416870117188
3599.19970703125,1838.37438964844,797.772521972656
-1620.37426757812,-1894.64453125,400.912109375
1676.58129882812,160.059204101562,833.9091796875
2380.48364257812,495.278961181641,820.067565917969
989.492553710938,3144.5966796875,856.595520019531
-3559.46655273438,2202.5009765625,917.752258300781
3216.56396484375,2314.84936523438,811.069641113281
-668.89013671875,-913.43896484375,869.803039550781
2877.4150390625,-1259.95397949219,304.10302734375
-1047.74157714844,3903.96240234375,855.156127929688
-3593.03125,-2599.783203125,732.277099609375
3172.39404296875,4153.748046875,654.759704589844
-1466.73278808594,-1846.12548828125,380.471343994141
2448.1943359375,4433.6240234375,849.145446777344
968.672912597656,1303.80200195312,882.96875
2731.10498046875,949.305908203125,797.353942871094
80.6557769775391,-580.51953125,521.350402832031
-1769.72961425781,-2014.31359863281,419.401733398438
-2531.56909179688,12.0040159225464,893.163635253906
-3059.34716796875,3637.6845703125,906.697387695312
755.961791992188,-646.364929199219,475.602386474609
453.999633789062,-2677.49609375,300.399505615234
2218.36254882812,2377.13720703125,812.618041992188
2422.076171875,3380.50561523438,808.580505371094
-966.227966308594,-199.663818359375,878.740539550781
58.9424362182617,-1787.8583984375,419.329895019531
-2718.7216796875,231.465087890625,900.287475585938
-2524.49340820312,106.56420135498,899.43701171875
-469.334259033203,4195.35986328125,852.810424804688
-3218.48486328125,4195.56640625,943.031616210938
438.52978515625,2253.34716796875,872.8974609375
-1796.83325195312,-2448.86401367188,390.380249023438
-118.95320892334,3922.16259765625,849.254211425781
3730.486328125,604.689086914062,744.454223632812
482.766937255859,4536.822265625,789.996704101562
3368.21313476562,539.083374023438,739.895935058594
517.304504394531,3186.89990234375,848.268615722656
310.939025878906,474.129364013672,807.557983398438
-567.848754882812,4058.35693359375,866.592895507812
1558.67431640625,4673.00830078125,757.062805175781
2229.34228515625,389.742614746094,842.041259765625
3.16895365715027,3621.072265625,850.91259765625
3080.7744140625,-3140.697265625,120.038688659668
-4.71946573257446,1585.2099609375,859.048522949219
-2101.20263671875,-2234.36401367188,379.945678710938
-2811.24145507812,4400.7119140625,903.234252929688
-3588.31640625,3915.8505859375,882.487915039062
-3246.40795898438,-692.18408203125,663.353576660156
2083.74487304688,1924.7138671875,807.436462402344
2012.30139160156,1750.33276367188,841.111450195312
3683.93286132812,1633.48559570312,805.295959472656
1902.94604492188,1889.34655761719,810.33935546875
-2597.10546875,-1362.91125488281,496.419616699219
-1596.75036621094,4591.8388671875,831.172607421875
987.125610351562,-2761.0595703125,248.471786499023
3964.703125,-508.476135253906,395.843444824219
4082.90283203125,-1109.77880859375,287.192596435547
-1649.2958984375,-2757.11669921875,380.246429443359
1082.14978027344,-2642.134765625,292.325012207031
-1961.73876953125,4490.099609375,898.999145507812
3855.81420898438,1782.1708984375,796.09033203125
-2947.9130859375,-3192.94116210938,603.68896484375
4077.13647460938,-1018.16021728516,272.093383789062
717.464660644531,-1176.33154296875,322.980926513672
-518.626098632812,-3144.49975585938,268.070251464844
-3109.30419921875,-1419.20166015625,565.379455566406
-892.249938964844,2588.12109375,871.37060546875
-2453.4384765625,-2863.03173828125,474.538970947266
-1958.77368164062,2684.99072265625,893.581909179688
1156.83081054688,-3147.01049804688,270.451721191406
-2824.22192382812,-286.410675048828,814.361083984375
-2615.7607421875,4697.689453125,893.145385742188
3087.57983398438,1271.58483886719,803.594177246094
4186.7265625,26.6712551116943,736.554565429688
1670.203125,-2968.14404296875,273.443572998047
-1227.14001464844,-3207.98583984375,235.705368041992
-3744.83056640625,1335.48657226562,617.73388671875
3922.6669921875,-1354.21032714844,194.402374267578
-2525.79443359375,1504.28466796875,899.125854492188
3075.00634765625,-3146.041015625,119.472061157227
997.028259277344,-2669.8974609375,260.041748046875
-3597.56323242188,-538.520935058594,563.671020507812
-3368.1337890625,-2559.35620117188,609.920043945312
-427.867248535156,4362.6962890625,848.525939941406
2488.76098632812,122.442245483398,809.070678710938
-2260.5966796875,1908.18188476562,921.600158691406
507.815490722656,4260.16162109375,814.775085449219
-2447.6220703125,-2863.14208984375,473.246429443359
-1436.10412597656,1606.69946289062,920.837585449219
-2207.43872070312,-1590.60949707031,537.839904785156
-411.402313232422,2436.4853515625,896.883544921875
-2480.62036132812,-2561.0810546875,422.522430419922
-3314.7177734375,3680.18408203125,944.011657714844
1693.92724609375,1803.39868164062,813.219482421875
4119.50537109375,1159.12353515625,813.227600097656
-2284.84765625,-2889.30078125,414.404327392578
-2753.888671875,4414.5888671875,906.710021972656
-631.66943359375,1796.37072753906,894.619262695312
3869.33422851562,332.797943115234,754.953857421875
2628.96630859375,3728.330078125,807.297485351562
3437.14038085938,1858.1220703125,807.70068359375
1558.30419921875,1919.69360351562,861.090270996094
2682.11547851562,576.584899902344,792.653381347656
269.715118408203,-1112.47045898438,444.532409667969
392.956420898438,-2653.3193359375,301.7265625
833.56689453125,-2490.59741210938,241.67512512207
2003.22412109375,1791.60180664062,832.563354492188
3000.07666015625,3974.21435546875,737.22265625
4219.08984375,-895.628540039062,330.434326171875
-3546.66064453125,2200.53735351562,919.670471191406
2481.60717773438,4443.92333984375,843.419311523438
4171.58447265625,-455.633666992188,415.867736816406
-325.165954589844,2700.64819335938,876.456481933594
3216.2529296875,-3080.1435546875,136.555221557617
4174.0693359375,4345.01708984375,719.33544921875
-2733.9111328125,398.291015625,907.428527832031
-2270.36499023438,3890.12744140625,892.097045898438
-3245.78344726562,3734.07666015625,959.780517578125
1567.49975585938,1747.3916015625,830.76806640625
1377.76379394531,3407.88891601562,786.968872070312
3396.26782226562,815.5361328125,721.242919921875
-1718.43115234375,4291.81884765625,861.22998046875
-2466.09008789062,69.7523803710938,891.038696289062
2480.494140625,2485.45166015625,780.420776367188
3755.869140625,-955.40576171875,314.858856201172
-916.051330566406,-722.089660644531,869.921264648438
-2020.02392578125,1497.68395996094,946.081726074219
3882.1181640625,3295.10498046875,806.578796386719
4206.892578125,-99.1722564697266,699.823547363281
587.369567871094,4504.3193359375,817.579345703125
-3557.2470703125,3699.79907226562,884.2802734375
4113.25634765625,3300.8505859375,799.544921875
-3486.46801757812,-3017.51416015625,888.74072265625
-1742.88037109375,3067.42529296875,907.431396484375
-2461.8486328125,109.508209228516,896.612487792969
4077.96215820312,-1266.56494140625,239.592025756836
-219.644409179688,3443.7666015625,856.044067382812
-5.0424542427063,1315.65405273438,846.925537109375
-3679.95532226562,-1533.65637207031,891.143920898438
-2563.53466796875,-1339.25817871094,512.167785644531
128.322326660156,1230.84020996094,845.878601074219
-1796.80017089844,-2086.2470703125,409.313140869141
1122.39904785156,1160.79711914062,874.104614257812
2552.16796875,4189.7275390625,818.363159179688
3866.42138671875,3317.64965820312,807.068237304688
-2024.76416015625,-2164.22778320312,400.347412109375
2984.81665039062,3970.74658203125,734.348876953125
3905.14965820312,1785.27221679688,797.48486328125
-458.538360595703,4245.484375,846.909606933594
-3586.322265625,-2865.50512695312,913.046142578125
575.92138671875,4312.89501953125,808.79833984375
1476.05249023438,4169.5732421875,788.712036132812
1943.78845214844,1722.98352050781,842.776489257812
-3140.05541992188,1901.24719238281,917.126831054688
2599.32739257812,441.493438720703,811.587524414062
-2438.37939453125,1790.9970703125,936.163146972656
-3258.28393554688,-957.014038085938,812.84228515625
779.423706054688,1405.52197265625,885.2041015625
-887.537780761719,-77.8543014526367,879.273559570312
2240.39672851562,420.84130859375,837.718872070312
340.592987060547,-1838.23706054688,375.733001708984
-1026.3662109375,-1860.81591796875,348.106140136719
3982.42553710938,-2451.669921875,336.066131591797
3945.57202148438,3237.89672851562,803.561645507812
-2307.146484375,1752.53369140625,954.860656738281
2550.51782226562,269.286804199219,823.366394042969
-914.205749511719,-717.109802246094,870.532348632812
1499.69641113281,3239.84423828125,802.642150878906
-330.884948730469,4548.69873046875,851.536682128906
-3600.62841796875,-444.340179443359,537.208435058594
-1552.60681152344,2849.70361328125,915.224487304688
535.3017578125,4322.60302734375,808.313598632812
-1702.10998535156,-2142.3369140625,434.898803710938
182.469329833984,2185.2373046875,878.666320800781
685.634399414062,4159.1279296875,821.250732421875
1177.18127441406,-2843.91625976562,227.463363647461
-2799.9091796875,4637.2578125,912.912231445312
2807.1328125,4009.11328125,740.732055664062
2518.08569335938,4474.76123046875,833.418395996094
-3745.9990234375,2496.22875976562,903.687866210938
2388.6767578125,-849.888793945312,493.464019775391
2338.65869140625,-725.366943359375,546.021606445312
-432.532012939453,153.39518737793,877.090393066406
167.579620361328,1221.96459960938,844.926513671875
2554.74536132812,4554.0048828125,818.151733398438
-3142.4541015625,-1395.14294433594,585.183776855469
62.4682312011719,-598.967529296875,524.010864257812
1091.43725585938,3075.72045898438,848.857055664062
1659.89135742188,1769.94311523438,818.396850585938
2303.04248046875,481.164916992188,831.723999023438
2491.39794921875,423.85693359375,810.030090332031
129.575149536133,-566.108825683594,516.094848632812
175.773956298828,-1789.25903320312,408.405883789062
-687.938354492188,4367.013671875,872.635009765625
422.441070556641,4641.04052734375,799.579162597656
-1623.70056152344,714.909545898438,875.202697753906
3199.13452148438,2349.82177734375,809.022888183594
4065.39453125,-514.327880859375,410.290924072266
302.448181152344,-1515.16552734375,414.341796875
-198.995758056641,1095.00354003906,865.763732910156
718.3662109375,-960.803649902344,356.734069824219
-3676.10107421875,-1655.00451660156,898.197570800781
785.566284179688,1409.6796875,886.091430664062
2813.65966796875,-1402.46081542969,318.363891601562
-136.64778137207,1572.6796875,866.554321289062
-431.171997070312,1886.04272460938,922.12353515625
-877.147705078125,-1146.83142089844,587.687683105469
-2091.89428710938,4742.09814453125,884.318054199219
-1801.28295898438,-1891.98742675781,440.983673095703
-3720.3681640625,1346.93762207031,629.820190429688
3912.35888671875,3160.93603515625,808.227722167969
-28.7384223937988,-1813.16381835938,446.268035888672
4096.04833984375,-2562.953125,383.621551513672
905.187744140625,1250.78271484375,882.3359375
2307.07421875,4056.71337890625,836.037231445312
3809.962890625,-1633.88354492188,204.479888916016
303.133117675781,-464.862426757812,511.726745605469
2781.99365234375,-1419.21020507812,324.276397705078
-2007.54846191406,-2163.99755859375,392.881256103516
-986.694885253906,-1121.76037597656,557.1953125
494.656524658203,-867.378540039062,403.256988525391
-3721.25122070312,3844.13256835938,879.30712890625
-1783.72802734375,-1864.32885742188,461.461212158203
2181.48828125,441.448089599609,849.788024902344
2582.6953125,4375.49951171875,841.591552734375
1015.05120849609,-2559.67309570312,302.218383789062
-3296.1083984375,3663.82177734375,947.655944824219
-2842.974609375,4728.5322265625,903.578857421875
2995.51611328125,-671.438293457031,465.001220703125
-2296.48559570312,-357.006622314453,890.295288085938
-786.9970703125,3827.45947265625,862.824829101562
2260.31762695312,4399.05126953125,821.742370605469
3456.5771484375,-935.788635253906,448.002655029297
-751.539489746094,966.330200195312,892.125427246094
-2687.60620117188,4605.54736328125,901.683715820312
-2670.49169921875,4741.97802734375,902.650451660156
-3058.29931640625,1215.66979980469,686.529296875
4162.7939453125,1811.45971679688,796.86328125
2449.79833984375,3349.69799804688,796.351501464844
768.343444824219,-475.26416015625,554.797180175781
2400.43798828125,3396.13232421875,813.410888671875
1713.27075195312,918.98974609375,869.957885742188
313.779541015625,546.504272460938,799.366333007812
2338.42260742188,-2099.43920898438,333.923034667969
2395.76489257812,292.333190917969,824.759643554688
-1860.07788085938,4104.8662109375,878.777404785156
-3264.294921875,3708.8193359375,955.394165039062
-1633.18286132812,-2786.240234375,376.271850585938
-206.348602294922,1617.85974121094,858.804443359375
-833.28515625,-722.982849121094,872.546691894531
-2782.888671875,2686.232421875,936.022399902344
501.390594482422,-1359.25061035156,381.955688476562
-3418.9482421875,1227.99780273438,670.09912109375
1648.88903808594,-26.2311420440674,824.236999511719
1868.51904296875,-849.930480957031,831.577392578125
1947.18896484375,1938.02575683594,802.883666992188
3223.01147460938,-1147.81420898438,425.620910644531
3226.09692382812,3946.1943359375,661.919189453125
-2126.47021484375,1709.66723632812,913.414916992188
-1458.50317382812,4166.48583984375,866.702880859375
-1571.0869140625,-2781.38891601562,363.203399658203
-2997.22485351562,1185.55322265625,672.199035644531
-1728.8125,-1768.21350097656,493.951934814453
2650.83227539062,3752.59326171875,801.623718261719
-2731.00756835938,4456.6806640625,901.115112304688
-2654.4755859375,2520.02807617188,913.035217285156
1615.5498046875,3527.07397460938,805.736206054688
-2279.81689453125,-528.565307617188,879.283386230469
3695.4462890625,1701.322265625,801.500305175781
2074.2470703125,2196.62768554688,811.216125488281
-1748.90417480469,-1843.98095703125,461.731140136719
826.546752929688,1176.54174804688,861.158813476562
2193.71435546875,2735.94580078125,822.23388671875
-2579.58520507812,288.822265625,908.812561035156
-510.159332275391,4113.845703125,859.86181640625
1864.40100097656,-696.80810546875,820.830871582031
4031.8515625,1251.33032226562,815.978637695312
1871.47497558594,1710.08264160156,831.978881835938
-3008.61743164062,1183.36047363281,671.020568847656
3303.52465820312,2159.1328125,828.747741699219
3827.98193359375,606.89794921875,777.39404296875
873.466613769531,-2617.10302734375,234.690490722656
-2736.9208984375,3872.48681640625,922.413269042969
-3300.95092773438,1328.15307617188,894.142944335938
-3181.984375,-1613.37353515625,583.097473144531
-107.188484191895,-1898.40014648438,453.976837158203
2006.01928710938,1887.60131835938,812.470092773438
3950.34936523438,2950.48559570312,800.4599609375
-3549.6513671875,-1176.22241210938,848.739624023438
2349.822265625,4386.85205078125,843.460693359375
2543.12377929688,499.473205566406,801.88134765625
1244.25024414062,-912.466003417969,511.065368652344
464.725128173828,-1110.96044921875,423.573913574219
70.1305084228516,-1521.09704589844,454.820404052734
1871.50561523438,-2433.93798828125,296.062164306641
109.139099121094,-2285.74682617188,321.141296386719
-3362.10034179688,-1021.55181884766,835.343322753906
2272.66137695312,2967.45068359375,814.690795898438
2011.53051757812,1495.24926757812,843.8251953125
-2394.19091796875,1795.36767578125,948.577331542969
-2002.40673828125,-2234.94409179688,356.813781738281
-2628.50537109375,2446.78442382812,894.544921875
144.015716552734,-1652.20080566406,418.892059326172
1852.92199707031,4713.37744140625,763.724609375
691.364379882812,3713.14697265625,848.738220214844
2630.333984375,3729.4130859375,807.05517578125
2306.5341796875,-938.761596679688,476.431762695312
297.144287109375,1049.43798828125,847.554016113281
-3040.0693359375,114.408447265625,902.730834960938
-3222.74536132812,-902.542846679688,809.326721191406
581.775024414062,4465.263671875,815.71484375
1462.45751953125,2033.67163085938,841.315673828125
-3345.71826171875,3800.150390625,942.94775390625
-2423.560546875,3602.79736328125,911.086181640625
-278.898864746094,2697.38940429688,867.481262207031
2602.3369140625,388.308898925781,816.225158691406
4026.40234375,1685.98742675781,803.209716796875
-2080.22412109375,1830.58935546875,935.572143554688
-2228.1337890625,2468.76586914062,876.916442871094
977.887268066406,2993.98217773438,856.524230957031
2563.24145507812,4190.4091796875,815.561340332031
-948.327514648438,3954.14013671875,844.484741210938
-3475.68481445312,-1546.22875976562,730.89599609375
2893.5234375,-1397.58068847656,304.721527099609
-3594.8212890625,324.797576904297,642.619018554688
564.888916015625,4729.0693359375,794.1513671875
2307.03564453125,4352.462890625,832.331237792969
715.673706054688,1490.02453613281,882.559814453125
45.9098663330078,-1626.44946289062,446.85107421875
-638.77880859375,-2686.49243164062,360.523162841797
3731.53662109375,1654.34448242188,803.006896972656
1588.93957519531,3070.93896484375,815.903686523438
1224.49096679688,2961.70678710938,812.069213867188
3917.95166015625,4325.787109375,652.8564453125
234.971450805664,-1369.16040039062,427.936889648438
-3688.28442382812,-2752.42529296875,916.786376953125
-2010.47619628906,-128.445098876953,862.480529785156
2604.05126953125,1306.42260742188,807.9609375
-1870.60754394531,1896.16284179688,925.683715820312
-1807.75512695312,-2476.40478515625,381.753601074219
548.673828125,1657.37658691406,892.443115234375
2419.00756835938,-892.447143554688,468.377227783203
321.767120361328,-368.248779296875,533.350524902344
-1625.54577636719,-387.061706542969,827.7841796875
2266.97924804688,2791.98852539062,803.182800292969
-1187.5126953125,-3184.86279296875,183.817657470703
3600.2548828125,1732.93188476562,802.7001953125
2603.02880859375,4539.82373046875,816.099304199219
4197.5400390625,3832.0556640625,739.266662597656
63.7953834533691,-783.7568359375,521.998657226562
-3374.5947265625,1807.88427734375,863.065185546875
-1336.0361328125,1611.01599121094,934.058166503906
2075.17993164062,4646.0537109375,832.894470214844
2617.57177734375,-806.205261230469,415.545989990234
4037.80078125,3237.60595703125,800.994323730469
-1972.77624511719,-2382.01025390625,379.242218017578
3726.71508789062,3411.95068359375,779.95751953125
-3070.30346679688,4101.1201171875,941.156799316406
1970.88342285156,1405.42907714844,840.634948730469
769.859130859375,4549.54052734375,814.11572265625
-1608.39233398438,3026.78857421875,914.011474609375
101.048294067383,2047.86840820312,908.425476074219
140.538619995117,-648.211059570312,505.49560546875
-2837.53564453125,2639.01440429688,931.943725585938
3282.359375,-1839.55688476562,210.173706054688
4009.77978515625,1546.92236328125,811.195251464844
113.46907043457,4583.78515625,847.803344726562
3136.56201171875,2232.93505859375,823.381774902344
-3342.30126953125,2106.91674804688,925.242004394531
962.296752929688,-3146.26123046875,252.203948974609
3556.46923828125,1852.42919921875,799.234741210938
-2038.47668457031,3966.86206054688,888.990600585938
-728.244201660156,113.942153930664,888.437744140625
2209.4677734375,310.702789306641,850.666259765625
1568.98596191406,1929.35009765625,857.682922363281
-1867.52563476562,4302.85498046875,844.801818847656
2207.90307617188,2916.69848632812,821.0302734375
-2182.1396484375,4159.51806640625,885.598693847656
452.682739257812,-1585.60717773438,394.321472167969
222.329895019531,664.61279296875,843.763671875
-771.312133789062,4106.298828125,883.764404296875
-1953.68115234375,1853.92456054688,949.65771484375
3930.93408203125,3183.2158203125,805.817321777344
598.867431640625,3790.67163085938,843.332336425781
-2864.02172851562,2613.97705078125,930.462524414062
-925.043823242188,-475.260314941406,883.0234375
-1006.24255371094,-3010.3818359375,307.735656738281
4015.71484375,4443.99072265625,635.90185546875
-3473.79345703125,3691.7255859375,904.255187988281
3455.6953125,1914.99060058594,810.926391601562
2567.46044921875,-998.696655273438,381.512603759766
-3586.29052734375,2372.04931640625,914.989196777344
1971.01220703125,1803.26440429688,828.105834960938
-1022.2509765625,4565.5947265625,876.434020996094
88.7515563964844,-1456.35534667969,457.802795410156
2008.79125976562,2048.67724609375,803.449279785156
4065.5341796875,-270.174896240234,515.260070800781
-1659.78063964844,3163.55810546875,893.82861328125
404.85693359375,-2596.45556640625,297.917816162109
919.002746582031,1183.1396484375,880.207641601562
-3586.59326171875,1284.74853515625,645.179443359375
4020.244140625,1851.03198242188,794.153686523438
3372.01245117188,-1251.02783203125,439.546722412109
-3.50716590881348,-1482.93139648438,455.365814208984
1550.53686523438,-2647.42993164062,301.9443359375
-2582.056640625,2407.8583984375,889.534240722656
-3087.748046875,-1482.51293945312,548.12646484375
-732.987182617188,4331.81787109375,874.477233886719
471.967010498047,4525.251953125,789.54345703125
-2677.48657226562,4641.84716796875,904.17626953125
-3720.9130859375,1964.40783691406,812.187377929688
4244.2294921875,4097.67041015625,705.454467773438
-2625.8408203125,2603.55322265625,929.713745117188
404.468414306641,-1194.53735351562,414.292663574219
-2046.81970214844,-2208.56030273438,394.090148925781
3234.73779296875,1258.90319824219,799.148193359375
-1703.53076171875,2038.6357421875,902.181762695312
4042.65625,1785.28381347656,798.443054199219
1670.23815917969,1007.09191894531,875.937072753906
-1977.12023925781,4387.23095703125,894.907043457031
-1397.224609375,1808.53918457031,922.938537597656
1833.1025390625,1820.74389648438,815.7236328125
-2293.55419921875,-283.009185791016,890.269409179688
3489.25732421875,1863.86694335938,806.4033203125
-117.530502319336,-2418.42211914062,373.522399902344
4125.88427734375,1214.01293945312,812.0849609375
3464.33911132812,1974.9736328125,812.792175292969
-83.6759338378906,1491.732421875,858.367736816406
-2655.20458984375,2671.53149414062,943.822570800781
2111.79443359375,-2244.796875,346.762451171875
355.549560546875,580.841613769531,813.726135253906
2783.82177734375,-778.338317871094,366.877807617188
1705.552734375,815.934692382812,852.819580078125
1404.44970703125,4103.1630859375,794.22021484375
1607.81616210938,1696.82263183594,827.893798828125
-688.575561523438,2643.96142578125,892.482421875
407.275360107422,2191.1533203125,870.09326171875
2796.20849609375,-1329.33447265625,326.077606201172
-1294.90966796875,525.824157714844,877.107727050781
1281.15771484375,-2590.31274414062,289.781494140625
2056.93603515625,-263.604400634766,841.852722167969
-1770.40258789062,-3086.24267578125,258.398345947266
2242.646484375,275.750427246094,847.374145507812
-395.394592285156,4327.203125,837.755920410156
2515.43334960938,165.738922119141,792.432800292969
1353.06457519531,-3147.62255859375,269.579284667969
325.728820800781,-1387.58557128906,421.419616699219
1147.00549316406,-2878.6748046875,209.58219909668
-2623.6484375,4748.44189453125,896.66650390625
3465.98974609375,-1885.09692382812,188.668151855469
-2850.30493164062,4745.69677734375,900.379272460938
2253.7109375,2953.11279296875,815.31396484375
3857.4560546875,3169.5732421875,813.704772949219
-332.499206542969,155.880096435547,835.793395996094
2287.3857421875,329.662780761719,840.903747558594
210.118347167969,-3091.45166015625,268.039337158203
-427.837158203125,1585.87158203125,917.545349121094
-2922.853515625,-110.958656311035,843.755737304688
3688.5185546875,1686.17504882812,801.487609863281
-2662.50805664062,2669.9814453125,944.05419921875
1487.36901855469,-3001.52416992188,291.112884521484
457.277404785156,3116.82788085938,851.161682128906
4076.77197265625,3128.99560546875,798.489379882812
1974.7900390625,1807.5302734375,827.311645507812
-2451.56689453125,2812.55346679688,925.40283203125
-2669.50610351562,4585.2451171875,893.527709960938
-2938.21264648438,4154.74951171875,928.303588867188
-1718.10498046875,-2098.6455078125,439.823120117188
-1718.77661132812,-1124.12670898438,612.498962402344
3315.32983398438,1696.89245605469,813.851501464844
1977.99963378906,250.122589111328,849.327514648438
3577.42797851562,1956.42846679688,805.0185546875
-3378.63671875,1090.77062988281,614.766906738281
-3002.38989257812,4174.298828125,928.08203125
3160.76220703125,2206.12963867188,825.6806640625
2738.74291992188,4504.990234375,813.986633300781
-1424.22155761719,-1552.00122070312,447.294372558594
-3624.06494140625,2286.04809570312,923.048461914062
371.324188232422,-995.584899902344,430.073852539062
2110.95166015625,1887.59289550781,815.664794921875
940.093505859375,-496.608947753906,531.428527832031
2352.45166015625,310.913635253906,824.638488769531
-1073.24169921875,-1423.6591796875,373.189697265625
242.266830444336,-2281.31396484375,335.721862792969
-560.741149902344,4182.9990234375,864.147705078125
3810.30419921875,4478.46630859375,683.876770019531
-2850.33251953125,2589.1923828125,933.642761230469
-925.494873046875,3810.94506835938,847.760498046875
-3564.28662109375,3750.9921875,880.929870605469
3695.7060546875,-800.916015625,381.134216308594
2468.03515625,282.344055175781,825.674377441406
-41.6288909912109,1560.51098632812,865.850219726562
1080.12414550781,3143.3505859375,848.082641601562
3270.6318359375,-1109.76171875,451.513702392578
-2932.5400390625,4435.5703125,918.9130859375
203.508834838867,-1674.33984375,410.864440917969
392.076293945312,688.25634765625,812.569702148438
-948.030456542969,-1704.56469726562,420.304260253906
1910.23413085938,1981.44714355469,807.466918945312
-478.336151123047,4341.53076171875,849.460754394531
1570.34790039062,-2724.802734375,304.928100585938
2409.24853515625,3251.88696289062,798.23828125
500.398254394531,3114.77270507812,852.2392578125
-2649.892578125,2740.43725585938,938.386779785156
-359.978088378906,4296.03515625,842.613586425781
-1746.92333984375,-1896.07934570312,453.328857421875
1866.23425292969,1825.14135742188,818.27197265625
-3237.71240234375,3630.662109375,942.43310546875
-3629.810546875,393.602966308594,631.301452636719
204.370498657227,-648.2998046875,501.634094238281
161.412246704102,-1413.59167480469,448.843078613281
-2738.86694335938,4579.10009765625,906.647705078125
3335.568359375,-904.976318359375,501.701171875
-3532.77978515625,-2983.7373046875,904.061157226562
2255.60180664062,-2267.18798828125,315.559478759766
378.812896728516,-1409.69787597656,416.794403076172
-1777.0732421875,4280.26220703125,864.419616699219
4014.34497070312,3355.58666992188,803.548950195312
-456.677337646484,-2741.70361328125,357.269256591797
471.245971679688,544.0556640625,827.227416992188
3958.1513671875,3188.56787109375,803.254943847656
1916.73974609375,2264.49267578125,832.796081542969
2833.6474609375,-1145.15576171875,310.157379150391
-1971.92761230469,3911.67138671875,895.081481933594
3472.08813476562,1526.78955078125,819.788696289062
1791.08666992188,2147.94873046875,867.689025878906
4016.87841796875,3363.08544921875,802.638244628906
-490.144439697266,4577.1142578125,872.730407714844
1979.50512695312,2155.60815429688,831.1435546875
-1153.69018554688,-3163.75317382812,225.983596801758
875.931884765625,-2569.87109375,261.403045654297
3761.74438476562,-2533.89331054688,254.323715209961
1705.05200195312,-2964.4326171875,280.255432128906
3031.58276367188,3976.39794921875,743.708679199219
957.617431640625,1495.0595703125,895.365112304688
1083.93444824219,3042.53979492188,843.309020996094
-3508.06372070312,-1158.82116699219,846.655639648438
-1625.32397460938,-2167.96459960938,402.748687744141
-760.670837402344,-962.615295410156,859.397094726562
2817.5673828125,3804.90771484375,728.378784179688
-3413.24633789062,3516.54541015625,894.969604492188
1212.33996582031,-3182.24926757812,251.99299621582
2678.80615234375,496.313232421875,805.644653320312
-1796.65673828125,1929.75390625,907.641906738281
3943.1455078125,-1153.41625976562,202.769271850586
-2828.78125,-13.6604528427124,875.69140625
-1286.87744140625,-1922.83215332031,360.116607666016
-2808.1728515625,339.004272460938,877.074584960938
2113.4921875,-2428.67553710938,295.266235351562
2413.49951171875,2062.09912109375,810.602844238281
-1317.37072753906,1745.39904785156,922.968933105469
745.176025390625,-1916.46118164062,297.484466552734
2359.63037109375,4394.9287109375,846.411926269531
-1517.37927246094,1827.869140625,921.978271484375
2255.05712890625,3029.05126953125,825.804443359375
-2557.29638671875,-2703.69482421875,463.096954345703
-2093.8427734375,1742.31213378906,925.820190429688
852.415161132812,1276.66528320312,877.228149414062
428.347381591797,-1411.26953125,406.467529296875
1749.22045898438,-3119.87915039062,221.739883422852
1999.5537109375,1798.6337890625,830.720397949219
-1555.876953125,-1709.74694824219,435.326110839844
-3377.70068359375,-1671.77709960938,685.569702148438
-123.251792907715,3715.39624023438,828.728149414062
-3263.9658203125,3651.5087890625,948.254333496094
2288.72729492188,4496.92041015625,842.361694335938
4209.19384765625,202.943405151367,769.403625488281
-2032.06958007812,3998.85180664062,885.962646484375
-2513.58471679688,3891.31640625,892.846801757812
-830.682434082031,930.038940429688,907.373718261719
3171.67578125,-3086.83081054688,131.041381835938
-3236.49438476562,-663.2880859375,661.648803710938
2580.80786132812,1958.61804199219,814.6044921875
-1746.49768066406,-222.220993041992,853.752563476562
676.997192382812,3431.88647460938,860.984252929688
4030.02685546875,4364.09228515625,655.1376953125
-1541.7099609375,3995.26977539062,856.518920898438
307.217681884766,1231.14721679688,840.983032226562
2280.98779296875,1152.50341796875,827.9580078125
3509.48681640625,1862.314453125,804.783813476562
3039.29565429688,-1973.88061523438,234.652374267578
4130.68359375,1250.24914550781,810.720336914062
2066.79150390625,2006.59912109375,799.43603515625
204.778503417969,-2020.62426757812,383.723175048828
1223.21948242188,-2975.09765625,240.515075683594
1585.56091308594,-3000.89013671875,291.012023925781
2299.30517578125,3884.75366210938,823.354309082031
454.46484375,2194.9970703125,860.33837890625
387.376800537109,4281.1640625,798.494201660156
-611.450012207031,4220.38525390625,869.976989746094
-3148.9345703125,-823.576171875,818.248168945312
2752.19677734375,-1219.3203125,332.401153564453
1965.22155761719,-825.695678710938,796.713256835938
-944.298767089844,-823.27880859375,843.490600585938
535.645324707031,1702.84582519531,891.295776367188
3231.80419921875,1657.06982421875,822.532897949219
3835.54174804688,4488.826171875,675.619995117188
2217.51123046875,2306.3896484375,783.869201660156
2312.9765625,366.448822021484,829.401672363281
-1472.17919921875,4191.64453125,861.392333984375
2286.42456054688,-2409.62133789062,278.86767578125
1358.73364257812,-862.151550292969,536.395629882812
2425.78076171875,2194.2001953125,786.612976074219
903.727111816406,1604.83447265625,879.843200683594
-3363.3408203125,1239.31787109375,699.071411132812
-3645.2646484375,358.953796386719,627.371948242188
-1258.34460449219,-1651.95520019531,378.460571289062
-451.6611328125,2571.2958984375,895.936340332031
2456.884765625,216.892181396484,834.380126953125
3411.04931640625,1770.25805664062,806.3671875
4039.46850585938,3547.09521484375,803.52783203125
2265.99584960938,4095.376953125,840.802734375
-862.142883300781,-3204.0234375,232.89909362793
3484.63354492188,1985.85583496094,811.043579101562
-1891.61694335938,1760.94006347656,939.19384765625
-1772.06225585938,-1185.32800292969,629.049987792969
413.981628417969,-2738.35522460938,302.722564697266
2455.845703125,217.677215576172,834.408569335938
-3718.61279296875,2548.87329101562,890.738342285156
1476.14001464844,4679.01904296875,769.76953125
-512.50048828125,1552.8369140625,912.835815429688
291.859436035156,-776.123901367188,469.406005859375
381.904479980469,-957.447692871094,427.30419921875
-2783.55932617188,-26.8414573669434,866.190490722656
738.779907226562,-1088.73461914062,324.697662353516
2422.9892578125,2732.23022460938,825.724243164062
2251.38696289062,-2291.25317382812,314.364807128906
4084.76513671875,3270.50122070312,800.138488769531
2655.74584960938,255.265197753906,819.072570800781
3869.53466796875,4517.921875,669.357055664062
-2778.83935546875,2569.46923828125,937.236572265625
-2231.94189453125,-445.1201171875,877.892211914062
2370.08862304688,4428.259765625,850.028442382812
-2312.47045898438,-460.395263671875,882.834655761719
1799.47802734375,-837.6201171875,829.229248046875
-587.2314453125,4239.853515625,867.764099121094
2342.16552734375,3589.50439453125,828.857849121094
2028.01208496094,-3095.23681640625,184.371185302734
-2247.89501953125,3809.05908203125,900.952453613281
-3650.41064453125,1631.41735839844,853.960571289062
3366.9609375,844.391357421875,725.723937988281
301.194763183594,4664.32763671875,829.072509765625
4045.91479492188,3090.47045898438,797.168151855469
4200.58251953125,3803.80810546875,746.56884765625
-634.937927246094,4287.2548828125,869.784606933594
870.722717285156,1278.19067382812,881.92431640625
761.964477539062,-780.316101074219,421.905029296875
-25.5760097503662,-1726.77526855469,446.312347412109
-1892.43994140625,-2212.50048828125,414.7109375
2231.60009765625,-1809.31860351562,393.718811035156
-3474.15625,1103.55932617188,593.795166015625
4222.5712890625,3178.12719726562,796.382690429688
-2170.07836914062,-170.062866210938,872.970458984375
3397.95458984375,1683.51416015625,810.324523925781
742.943115234375,-2414.21752929688,200.84114074707
1625.67504882812,1835.6005859375,825.966247558594
1672.82202148438,954.8818359375,872.680114746094
401.312866210938,-1559.45056152344,403.840515136719
-323.504180908203,3635.19580078125,860.526733398438
76.8609924316406,1460.34741210938,861.616088867188
201.9609375,1310.95031738281,856.706481933594
534.4736328125,-2942.63720703125,281.772308349609
3423.20703125,-822.167419433594,467.810241699219
3604.849609375,1877.21630859375,797.354553222656
2030.37902832031,-1755.70947265625,466.145568847656
-182.413803100586,765.562316894531,839.270812988281
960.946533203125,1643.71008300781,880.628540039062
2237.8623046875,-2244.771484375,329.405639648438
1634.4609375,1931.69018554688,834.386291503906
-3072.63598632812,-1994.76049804688,530.440124511719
1459.158203125,4085.7314453125,777.986755371094
4030.79760742188,1746.91918945312,801.540954589844
-975.373107910156,2578.97119140625,881.947692871094
3137.16650390625,3917.3427734375,704.199645996094
3523.9697265625,1863.55786132812,802.491943359375
2556.42724609375,293.750793457031,823.269714355469
-3197.50634765625,-1772.9072265625,608.93212890625
478.245422363281,3156.68579101562,850.553283691406
-3531.48315429688,1286.46826171875,649.104675292969
-1642.58557128906,1827.30688476562,922.181640625
3997.51123046875,3788.271484375,793.912536621094
-1610.64624023438,-408.708862304688,832.770751953125
-2366.56201171875,285.7880859375,893.149047851562
1228.88989257812,-3153.49389648438,261.162963867188
2330.86059570312,2332.23266601562,775.266967773438
2324.49926757812,109.519645690918,844.699401855469
4096.8251953125,-74.6497802734375,753.937561035156
3450.71337890625,1336.6513671875,799.950805664062
-3423.2705078125,-1724.318359375,711.834350585938
-627.344299316406,4389.5537109375,870.728759765625
4036.990234375,3542.0810546875,803.415771484375
2378.9912109375,2600.60278320312,813.906433105469
4115.326171875,-1091.78527832031,298.386047363281
4091.68286132812,2485.56298828125,807.659362792969
-518.114013671875,1864.078125,908.111999511719
-1981.80981445312,1737.14111328125,951.8115234375
347.023498535156,-852.401123046875,448.262786865234
-1435.51696777344,3575.71704101562,900.634582519531
3085.83422851562,705.845886230469,763.325988769531
-1472.50207519531,4729.04638671875,792.530639648438
2550.6396484375,644.960144042969,800.495727539062
1946.10034179688,1779.0390625,831.489624023438
2891.11181640625,3811.74243164062,742.990478515625
3808.68896484375,4119.20068359375,737.100830078125
-1642.77526855469,4230.56396484375,823.492614746094
454.384826660156,3242.37280273438,847.40185546875
1577.47802734375,-3021.85034179688,287.797515869141
1395.06188964844,3610.32421875,786.263610839844
-3736.0107421875,2358.65795898438,925.40478515625
633.289001464844,-2888.78442382812,248.952941894531
3146.02465820312,2335.47045898438,808.034057617188
1431.03442382812,3627.75244140625,783.906921386719
3158.9365234375,3936.25659179688,702.801635742188
-2669.15478515625,4738.49560546875,902.669372558594
584.269653320312,-2968.32958984375,265.677856445312
-48.527946472168,1647.16662597656,868.651123046875
-3253.82861328125,2118.32348632812,933.171264648438
-3354.80053710938,-2479.91748046875,603.051879882812
-2098.169921875,1822.47338867188,931.099243164062
3924.93798828125,-1331.04711914062,197.765045166016
2997.3125,-1424.07958984375,290.833038330078
2041.71105957031,1900.79992675781,807.873718261719
2057.015625,4621.37158203125,822.531921386719
-1185.4453125,-1512.40979003906,371.642944335938
-1787.87158203125,-2212.46240234375,394.225189208984
-2688.85693359375,2613.79443359375,939.776977539062
2505.99389648438,4611.8369140625,818.751586914062
2049.36010742188,1797.36193847656,833.524353027344
4213.35400390625,-821.428344726562,275.01220703125
-3221.73266601562,3706.74682617188,956.950988769531
3616.17529296875,-704.575805664062,364.798309326172
-402.655609130859,-1946.94909667969,501.5048828125
4084.5,3880.35009765625,752.53955078125
-551.416198730469,4129.810546875,862.960327148438
80.1221923828125,-1148.3720703125,475.676116943359
1827.4765625,-3016.607421875,261.869873046875
-2276.5302734375,-1338.15356445312,601.200744628906
-74.4554748535156,1694.42163085938,874.8701171875
244.401702880859,1203.29272460938,843.079833984375
-1970.88134765625,4382.47412109375,893.452697753906
3231.80712890625,-1307.41821289062,391.490325927734
2339.93530273438,-1944.95825195312,350.911376953125
388.211608886719,1128.96130371094,840.20263671875
1043.31103515625,-2674.60229492188,272.081604003906
667.404296875,-2882.38647460938,243.704895019531
88.5311279296875,2299.7392578125,892.831909179688
2356.71240234375,3364.783203125,809.230224609375
367.027404785156,-1764.6474609375,372.321807861328
1223.29858398438,4036.19677734375,806.179321289062
2884.92211914062,4504.78369140625,816.173767089844
3861.375,-1634.46899414062,191.3642578125
2566.72705078125,311.45068359375,821.131591796875
1157.10131835938,-1345.35888671875,418.550689697266
1859.6455078125,1764.75500488281,822.1455078125
-3275.64501953125,-1098.33447265625,830.411193847656
2357.486328125,-487.21533203125,780.633911132812
3822.60205078125,3257.681640625,809.319030761719
2390.39794921875,3589.26318359375,824.163330078125
-1533.72924804688,4117.783203125,852.395263671875
-1783.32666015625,-1917.19067382812,434.387939453125
833.687805175781,-2538.52978515625,261.624572753906
-3299.884765625,3737.7666015625,950.595642089844
704.623840332031,-2885.52001953125,246.327941894531
2484.48291015625,3665.86474609375,793.9970703125
-2565.5380859375,-2725.748046875,471.385528564453
2670.458984375,3700.42456054688,784.2890625
3906.98388671875,3299.59643554688,805.6396484375
-2124.25341796875,3819.90112304688,901.6044921875
1373.94152832031,3369.392578125,787.092041015625
-282.229919433594,1608.59130859375,877.376586914062
-1701.228515625,-2572.26635742188,359.946838378906
-1554.72302246094,-407.645385742188,824.902709960938
3965.20678710938,-1265.52099609375,201.597198486328
-544.7099609375,4458.44189453125,871.061462402344
827.9111328125,-454.729583740234,566.821655273438
-1141.29431152344,-1475.216796875,380.623474121094
-2548.54467773438,-2779.81494140625,471.458068847656
1392.46691894531,3602.822265625,786.016479492188
-601.050659179688,4119.85498046875,869.30322265625
3269.91284179688,-933.16064453125,523.892578125
145.227325439453,1282.90930175781,849.461853027344
2208.13012695312,1874.64025878906,825.094116210938
96.8273773193359,2301.44409179688,891.636901855469
3316.55859375,1830.14978027344,812.878479003906
-2073.4580078125,4230.74609375,892.572998046875
790.896118164062,-2896.85766601562,210.507598876953
15.8575506210327,4604.4638671875,838.709899902344
1701.51330566406,48.7573051452637,832.325927734375
-532.879638671875,4219.6455078125,860.984130859375
2946.76171875,-1353.73364257812,296.313781738281
2346.734375,177.297271728516,845.292541503906
968.559326171875,1772.77319335938,867.276184082031
3228.43823242188,-1109.93518066406,437.339935302734
3840.083984375,1809.40307617188,792.194519042969
-1548.93041992188,4010.4677734375,853.339050292969
1932.61083984375,1846.98498535156,817.403259277344
693.8486328125,-2857.21484375,249.059829711914
-3090.73583984375,4268.4560546875,935.032470703125
332.04248046875,3062.9921875,837.354248046875
3902.94311523438,4367.23828125,663.27978515625
-2672.07080078125,2818.4013671875,925.146484375
293.904968261719,-2438.73266601562,305.719451904297
1673.6328125,-1176.22436523438,830.349426269531
138.120162963867,2205.24194335938,888.213806152344
369.953948974609,-483.881683349609,491.611450195312
4135.88818359375,-1098.85998535156,298.24267578125
1700.03967285156,2947.4970703125,837.578063964844
2243.99853515625,2922.58251953125,808.609252929688
2647.89697265625,461.036193847656,809.057861328125
2785.27197265625,-119.958160400391,770.742797851562
-2135.97338867188,4163.2666015625,874.3818359375
357.100463867188,4294.42724609375,805.3583984375
-1088.36206054688,557.653015136719,889.566772460938
1279.38146972656,-3086.3720703125,283.797424316406
3426.71850585938,1723.8583984375,806.928283691406
-469.984436035156,-2806.89208984375,366.243713378906
-2468.83129882812,-2952.36254882812,473.530914306641
2228.16381835938,4383.90380859375,818.299194335938
337.372619628906,-2358.345703125,323.279205322266
-2440.7978515625,1727.95715332031,934.545288085938
-510.370330810547,4412.2353515625,865.747314453125
-3195.01928710938,3649.65502929688,942.390991210938
1401.22668457031,1993.96484375,842.185424804688
2210.86376953125,-371.287933349609,822.861755371094
-113.563140869141,769.545532226562,854.452270507812
264.142608642578,-1112.15258789062,446.965881347656
1701.71533203125,1884.45288085938,822.085266113281
761.6923828125,3680.24682617188,858.907104492188
2091.95092773438,2032.77783203125,800.033264160156
3399.75439453125,2309.92895507812,826.079772949219
142.89485168457,-1766.53637695312,405.685089111328
-3706.27075195312,-1749.98571777344,900.874084472656
-3487.1435546875,3881.509765625,907.131469726562
3224.39965820312,-893.007446289062,559.003173828125
1901.32397460938,-707.266174316406,820.163696289062
4147.56982421875,-122.27938079834,731.0283203125
1336.72045898438,-3061.94995117188,277.95263671875
4148.70703125,3236.8173828125,798.255859375
-405.926239013672,-451.009918212891,850.517944335938
1086.205078125,2749.59936523438,804.488708496094
-2757.779296875,4679.36181640625,908.974365234375
512.303100585938,-724.096130371094,407.764495849609
-1068.21984863281,3716.3251953125,868.0703125
3992.52880859375,3006.85986328125,798.566833496094
2761.9775390625,3735.98974609375,742.481506347656
3696.9853515625,2855.74536132812,810.995971679688
547.992370605469,-1687.75439453125,347.352081298828
-1137.40490722656,3645.53930664062,881.308776855469
380.608795166016,4310.2236328125,802.462036132812
2603.1494140625,-2078.24731445312,265.128723144531
2607.09301757812,4158.4384765625,791.866149902344
-549.003662109375,4268.99951171875,864.137756347656
-3081.7626953125,77.7549743652344,896.557739257812
1606.73693847656,986.983581542969,869.121765136719
-446.200469970703,96.8906936645508,869.97216796875
1056.81567382812,1213.57238769531,879.234680175781
3394.7666015625,-653.556091308594,449.221557617188
-2801.9765625,-219.957733154297,822.492797851562
2487.3212890625,3464.18090820312,818.097534179688
4199.0625,-423.163177490234,425.309814453125
-338.545684814453,3585.33911132812,853.989624023438
2484.05078125,-789.14306640625,444.042694091797
1963.33471679688,1771.40551757812,834.458862304688
2187.56958007812,3659.82421875,840.394409179688
1516.52893066406,1790.1171875,847.124755859375
369.677124023438,4637.47119140625,812.080383300781
3120.54736328125,2046.26000976562,817.464904785156
550.045715332031,-1815.29272460938,335.279449462891
-2110.32006835938,1386.4541015625,922.208068847656
3955.89404296875,-2532.56323242188,337.129364013672
3843.34521484375,-1517.87829589844,212.178588867188
1840.01098632812,1660.64379882812,836.741943359375
2528.64672851562,-848.768615722656,410.135803222656
3791.52661132812,4342.515625,700.372497558594
-1601.07299804688,4725.9423828125,804.766845703125
2207.4404296875,-1272.12133789062,471.129425048828
-2665.48999023438,1704.17602539062,900.577819824219
-3634.61450195312,460.870758056641,627.52978515625
3564.87158203125,-2481.7978515625,211.617050170898
3634.64233398438,1866.32653808594,795.612060546875
-339.070007324219,1363.92004394531,861.711242675781
2819.98266601562,3905.26586914062,733.221862792969
-3146.77612304688,-1293.92041015625,614.956848144531
2444.55908203125,176.304412841797,833.987731933594
637.596313476562,3569.2265625,853.368347167969
2419.5205078125,2327.34936523438,780.438903808594
2508.68579101562,3370.78369140625,800.818115234375
1340.10034179688,4020.7109375,787.873291015625
-1190.7373046875,3673.54736328125,884.35302734375
-1524.86560058594,-242.131958007812,842.444458007812
-2633.46020507812,2500.13159179688,908.512512207031
2258.80224609375,-204.812652587891,834.189331054688
-1542.82043457031,1663.26318359375,935.155578613281
-663.275390625,-2739.69995117188,353.333740234375
4044.03173828125,1159.11633300781,815.908630371094
259.895721435547,4492.25341796875,843.318664550781
-3669.52661132812,2092.64208984375,871.767272949219
508.345764160156,2202.59838867188,850.26904296875
-1477.17211914062,1770.705078125,926.154357910156
4144.294921875,-146.293716430664,728.165283203125
3710.78930664062,2342.80981445312,821.296508789062
1519.14855957031,1684.58666992188,836.044677734375
1003.37536621094,4102.2568359375,857.83544921875
1883.82604980469,-729.444213867188,822.066772460938
2137.93505859375,-1725.95458984375,441.353973388672
1709.14001464844,1822.30297851562,812.7412109375
-1947.86376953125,3908.1435546875,895.023315429688
2514.04736328125,3325.19213867188,782.773193359375
1734.833984375,1726.69030761719,816.599609375
4207.1103515625,4068.89453125,694.300048828125
-28.7016487121582,-2397.19165039062,331.97314453125
255.841812133789,2003.17236328125,886.678344726562
-435.472076416016,-2754.05395507812,345.234436035156
-2155.40234375,2424.2626953125,890.125
2730.84448242188,-1996.26110839844,270.724609375
1539.44738769531,3129.14794921875,809.96875
1605.61901855469,3226.94482421875,825.753051757812
230.299682617188,-1923.47912597656,378.909942626953
-683.94677734375,4079.98828125,876.746826171875
-437.158843994141,1683.90270996094,919.616516113281
362.057861328125,-1541.08837890625,409.826538085938
-3672.82666015625,3353.80346679688,748.227478027344
1671.42700195312,-3111.2841796875,243.725967407227
-2621.201171875,4611.8095703125,892.566284179688
3868.4296875,-1513.54797363281,203.956237792969
2372.482421875,-1333.89343261719,406.989044189453
-2252.66357421875,-936.148193359375,895.701904296875
4106.44189453125,18.6643714904785,761.857788085938
171.667877197266,-586.4375,503.174499511719
1630.68762207031,1985.90942382812,841.9853515625
325.596069335938,4557.73583984375,824.92919921875
762.010437011719,-740.6640625,437.158935546875
-2033.30517578125,1766.70874023438,947.899536132812
-2597.80322265625,1734.49731445312,883.074829101562
769.413940429688,-2789.89208984375,221.275573730469
250.057922363281,-1876.02697753906,387.722351074219
2331.34838867188,3935.802734375,820.651733398438
1088.04504394531,-2983.91870117188,235.940231323242
-3103.05615234375,1591.58666992188,889.657592773438
-1593.41198730469,2683.53540039062,923.994323730469
2425.14184570312,2401.427734375,771.852416992188
-1687.47534179688,-142.556991577148,844.176513671875
1769.01611328125,1722.41625976562,822.414367675781
391.518737792969,598.817504882812,806.698669433594
2396.94189453125,2322.6845703125,779.1767578125
2073.95288085938,192.2001953125,846.107360839844
1759.13037109375,-3152.62426757812,224.875213623047
-3323.26806640625,1873.40795898438,875.193542480469
-2569.66650390625,-9.5177526473999,896.658081054688
3785.966796875,4334.95458984375,703.595520019531
2435.033203125,2492.46752929688,785.29541015625
108.682098388672,1643.5751953125,877.924865722656
2210.43676757812,4284.06640625,828.570922851562
2722.86474609375,2132.05029296875,783.428527832031
4103.236328125,19.2836456298828,763.062622070312
3041.25903320312,-3214.41186523438,112.641883850098
-2466.99267578125,1820.69567871094,920.460327148438
3587.29150390625,1590.20849609375,811.316467285156
2837.22607421875,3840.39794921875,735.045776367188
3820.22119140625,-2372.16040039062,255.056884765625
-3696.96533203125,-1639.54650878906,890.892150878906
3054.17919921875,3926.361328125,732.401062011719
-1411.84252929688,4662.9599609375,783.098754882812
-911.848205566406,-143.408737182617,878.876220703125
-2660.26635742188,2680.44580078125,943.922485351562
418.105194091797,-1342.16784667969,408.428436279297
3991.6279296875,3751.15112304688,802.79833984375
-706.379821777344,-687.204895019531,874.560974121094
-3280.73779296875,1295.97326660156,890.1220703125
-2282.29248046875,-259.383880615234,888.871826171875
402.060913085938,-1787.56396484375,358.946258544922
-2688.28979492188,2591.52758789062,933.74267578125
-2889.67236328125,4233.1787109375,920.564636230469
566.02392578125,4252.990234375,819.085693359375
1734.36218261719,972.187622070312,878.166137695312
683.987854003906,-1927.41748046875,315.547668457031
1173.90734863281,3963.19995117188,812.129516601562
1101.49047851562,-2981.09375,240.153656005859
275.591827392578,-1007.27307128906,457.842315673828
-3346.77783203125,-684.072326660156,618.259399414062
4126.67236328125,3184.501953125,798.38037109375
3856.22192382812,555.553649902344,787.776733398438
281.621734619141,-1034.76599121094,462.193267822266
3969.41674804688,3505.77099609375,802.682250976562
705.013793945312,-2461.38354492188,193.948822021484
1812.96594238281,1368.10046386719,855.495727539062
-2668.45776367188,324.226135253906,899.663696289062
-974.924255371094,3129.07934570312,865.830078125
-2566.92114257812,1763.990234375,893.212768554688
1414.64770507812,3256.85473632812,792.292358398438
3711.76123046875,4677.3876953125,637.985229492188
-1109.88513183594,-265.724212646484,866.497375488281
1482.095703125,3546.32275390625,796.916259765625
3699.80517578125,603.169494628906,736.463928222656
687.03662109375,-720.09716796875,433.608337402344
-2359.3076171875,1629.73620605469,948.423095703125
2353.2861328125,525.525695800781,826.928955078125
285.554229736328,-1950.673828125,363.220581054688
3110.140625,-776.521179199219,542.232666015625
432.443542480469,-1342.51208496094,406.382507324219
213.975860595703,2268.82470703125,879.959228515625
385.635955810547,458.044921875,814.9345703125
-1384.91162109375,-2957.61938476562,318.962951660156
540.082153320312,3208.1455078125,843.727966308594
-1603.71008300781,-281.037841796875,845.381774902344
-1560.50183105469,1902.24597167969,920.044616699219
-3190.7080078125,3638.126953125,939.99853515625
-595.998779296875,-845.729125976562,869.99755859375
1848.21752929688,1368.72143554688,850.819458007812
3846.12231445312,3273.10009765625,807.915161132812
4196.41259765625,3899.5341796875,729.939147949219
4170.6904296875,3101.59423828125,794.480224609375
410.447662353516,-1592.61352539062,398.74169921875
-617.424682617188,4230.67138671875,870.195007324219
2654.6083984375,317.840545654297,821.436340332031
2348.35888671875,-772.664428710938,527.070983886719
164.80029296875,-2315.95043945312,310.061584472656
-2311.1796875,-850.968872070312,857.560363769531
2736.08154296875,-1632.61730957031,318.29931640625
74.0221252441406,-1655.666015625,441.438110351562
3537.6220703125,-821.089294433594,429.462677001953
-3593.77221679688,88.9425430297852,648.821350097656
140.554138183594,4725.447265625,826.358032226562
-3452.02783203125,-2940.73583984375,893.198608398438
3615.17919921875,1806.45751953125,799.148803710938
895.358703613281,1738.3330078125,865.955200195312
-2191.00830078125,1542.52551269531,893.276977539062
-3198.0712890625,3482.10986328125,883.948852539062
1633.24267578125,-83.7176513671875,831.898071289062
854.337036132812,-2513.24536132812,268.007995605469
3955.01733398438,-1815.11669921875,185.822280883789
3156.3369140625,-689.88623046875,643.409790039062
253.927276611328,2139.44750976562,878.120849609375
2848.220703125,-2165.18286132812,246.84114074707
-406.572570800781,4312.84228515625,839.416870117188
4083.30908203125,-1000.22698974609,272.725891113281
2199.56494140625,541.072448730469,841.988891601562
-1139.38745117188,-1534.958984375,357.834350585938
247.041656494141,-1552.60693359375,416.960205078125
-3180.9921875,4332.6708984375,943.83544921875
2244.42822265625,322.626129150391,845.110900878906
-1666.59448242188,-2403.4716796875,387.243682861328
-2050.8994140625,1808.25671386719,942.028198242188
-2625.43798828125,1800.05712890625,891.337280273438
-287.788635253906,-2041.322265625,459.188995361328
3396.6376953125,-173.885192871094,638.77783203125
4005.69384765625,3337.62133789062,803.2080078125
933.572265625,-2592.88159179688,260.312774658203
-971.184936523438,3749.33325195312,853.209716796875
-1072.25939941406,3862.76733398438,861.277221679688
-76.1809844970703,-1106.85705566406,542.574829101562
-3456.51538085938,-268.358245849609,596.442504882812
3756.55908203125,1774.15283203125,794.725891113281
-94.4873657226562,-1868.875,462.043212890625
3964.80908203125,1797.23291015625,797.923217773438
1179.2470703125,-1299.32092285156,425.565124511719
3571.75268554688,4718.4228515625,680.252380371094
-2922.65185546875,4616.20458984375,915.460327148438
-3141.14208984375,3892.37622070312,970.18994140625
3688.73754882812,3391.59204101562,794.83447265625
1368.72973632812,-3025.57836914062,276.417114257812
-2425.74389648438,190.114562988281,900.156066894531
3180.7431640625,2113.0498046875,837.101928710938
-2885.861328125,153.034713745117,899.615600585938
3986.08911132812,4188.0341796875,648.238647460938
409.207580566406,-1130.76635742188,434.41357421875
3301.08837890625,-754.241394042969,506.675354003906
4081.77783203125,1603.08081054688,805.285034179688
1720.29382324219,1179.6796875,870.916931152344
-3328.9541015625,-2549.0732421875,606.63330078125
-1554.73608398438,1808.609375,926.172912597656
-1696.91345214844,-1845.93737792969,435.00341796875
-2304.6298828125,-1651.61218261719,510.390838623047
2442.20336914062,324.802703857422,819.743347167969
352.281860351562,1143.626953125,841.840698242188
-2417.84814453125,66.1836471557617,887.609252929688
-441.464416503906,-38.7548522949219,859.759765625
215.843368530273,-1454.44873046875,426.904479980469
2681.20288085938,967.292846679688,788.430480957031
2133.79418945312,-1811.66528320312,427.898406982422
-1650.72802734375,-2402.341796875,383.444244384766
2779.10327148438,-1450.39233398438,321.294830322266
711.54833984375,3321.30346679688,862.58935546875
3421.89404296875,2201.42822265625,820.822448730469
3773.0263671875,1839.0283203125,790.583740234375
351.161254882812,-1021.92553710938,439.988647460938
2743.83935546875,3887.51318359375,762.031982421875
115.509399414062,1478.80224609375,869.913696289062
-486.766937255859,-2779.36767578125,373.126647949219
-3709.8798828125,3632.02587890625,850.59033203125
717.157470703125,-2651.3115234375,194.807403564453
-3082.30737304688,-1356.365234375,575.565795898438
307.231750488281,-2305.8046875,336.570373535156
-2543.07739257812,-2674.2919921875,456.982055664062
128.760681152344,-1673.68774414062,423.475769042969
2986.64208984375,3858.12744140625,698.64501953125
-2492.35546875,1113.572265625,898.223693847656
-3404.17504882812,1326.86254882812,709.146423339844
-257.3544921875,-2037.01953125,449.046142578125
2266.466796875,160.023956298828,847.537902832031
999.545837402344,3185.4921875,850.602661132812
3861.58984375,2929.3125,801.692993164062
1755.0732421875,-3213.31689453125,231.288955688477
3172.67529296875,-1169.53149414062,409.467346191406
2533.67358398438,2089.9814453125,813.7783203125
-2826.00854492188,2727.33276367188,926.885986328125
3607.42797851562,1695.03649902344,805.123352050781
552.9814453125,3991.23168945312,837.955200195312
-552.206909179688,4214.32861328125,863.764038085938
1602.61022949219,3128.74072265625,810.793640136719
-2880.64208984375,157.861602783203,899.645812988281
-113.218803405762,3540.75073242188,850.333923339844
924.479797363281,-2515.30859375,285.495697021484
-2453.05541992188,-2919.201171875,476.451171875
-1945.03405761719,2717.23681640625,891.373107910156
3925.12255859375,-342.420288085938,443.834411621094
3085.40014648438,-2033.40856933594,221.555297851562
2299.12817382812,4385.337890625,829.033081054688
3141.17895507812,-644.500366210938,647.345336914062
-191.135070800781,4069.01831054688,867.992370605469
926.652709960938,-3065.77490234375,217.797348022461
3317.765625,4039.3115234375,630.560180664062
-482.267150878906,1673.49853515625,915.895141601562
2576.310546875,4498.984375,824.473510742188
2833.21606445312,3941.7109375,734.450134277344
454.688690185547,3752.91479492188,811.654052734375
3946.78735351562,3634.32763671875,804.404724121094
3137.2001953125,-1188.52746582031,398.459930419922
2328.947265625,-1893.27453613281,369.334655761719
1751.04809570312,156.831680297852,834.5478515625
-1948.79382324219,3912.18798828125,894.838500976562
134.240570068359,-2394.95092773438,318.78662109375
2290.97216796875,-2208.06591796875,314.255554199219
2310.72534179688,128.974624633789,845.697631835938
1528.89135742188,1610.83239746094,829.776794433594
1430.81518554688,1777.68237304688,871.989990234375
-1989.48474121094,4384.8447265625,896.48095703125
-638.034301757812,3980.49584960938,873.106323242188
-1070.92944335938,445.618591308594,891.9912109375
-2925.6005859375,4523.64892578125,919.640808105469
-3689.01953125,-1615.05847167969,890.270629882812
3892.240234375,-2456.72802734375,303.384490966797
913.505126953125,-2643.8447265625,234.765213012695
3383.54833984375,1140.30603027344,764.105163574219
2264.1240234375,2134.09057617188,790.11376953125
-329.582885742188,-2015.95104980469,475.021392822266
2443.78662109375,4148.544921875,836.218994140625
2708.0966796875,-1967.78881835938,282.059143066406
971.430297851562,1226.9736328125,884.148315429688
1669.72583007812,219.775665283203,847.098571777344
-3604.87744140625,252.992004394531,657.820617675781
4218.11328125,3347.22387695312,805.707763671875
461.9912109375,591.57080078125,822.998229980469
460.251892089844,3757.65209960938,812.59912109375
-704.010375976562,3815.1552734375,877.7177734375
44.244987487793,3807.21630859375,837.311401367188
-2299.5986328125,-3154.87646484375,471.485412597656
-383.796997070312,4257.56787109375,846.92236328125
-3436.56640625,-243.208465576172,606.631958007812
1865.71484375,1951.03430175781,806.658569335938
4000.43481445312,-1865.64331054688,203.798797607422
-28.9252586364746,-2526.98046875,343.793640136719
2447.07421875,2593.5869140625,796.718383789062
-2228.68994140625,-3194.0595703125,444.841156005859
-957.724853515625,3183.54833984375,856.487060546875
2439.001953125,3314.884765625,784.411499023438
-39.6789016723633,-979.609985351562,524.324645996094
-451.125244140625,191.614959716797,880.336364746094
3112.33642578125,-1265.52770996094,373.979309082031
2458.1953125,257.678375244141,829.756713867188
2566.556640625,4322.52490234375,843.713256835938
2766.61767578125,-1329.64770507812,333.122314453125
-3105.20556640625,1497.00732421875,886.950622558594
2322.6474609375,-383.504974365234,827.346557617188
1585.19592285156,-2730.03393554688,310.357025146484
74.3120574951172,1588.47155761719,870.21728515625
4007.3623046875,-2589.20458984375,346.087951660156
-890.053161621094,-1207.70886230469,546.807678222656
-2860.55297851562,4482.4609375,914.150939941406
-3038.96997070312,4215.37646484375,931.330932617188
4104.953125,-1133.77770996094,291.726776123047
3253.74365234375,2214.70532226562,824.207580566406
-2843.3232421875,2616.74755859375,932.597412109375
2568.20263671875,2093.26025390625,809.5703125
-25.1421394348145,1597.70678710938,863.436889648438
3415.82763671875,4650.76806640625,647.202209472656
-3604.25390625,-1657.9033203125,905.616760253906
2400.2822265625,1235.47204589844,821.526184082031
-24.5884876251221,1599.51220703125,863.2685546875
3093.09741210938,-2086.1533203125,215.053253173828
3604.53149414062,1921.35241699219,801.697631835938
3369.90454101562,4056.048828125,686.946533203125
2313.166015625,4403.2978515625,830.498413085938
3293.2841796875,2108.36206054688,830.203186035156
-2575.51440429688,2859.3720703125,918.892761230469
1325.30151367188,2088.99560546875,830.77978515625
1041.77136230469,2973.17529296875,838.80810546875
-3605.052734375,3668.7978515625,875.085876464844
-3741.27563476562,507.802368164062,618.135375976562
-582.392456054688,4388.10498046875,868.398071289062
-362.712921142578,-43.9230613708496,856.773315429688
-1452.3876953125,-2871.55932617188,332.453430175781
-3665.76440429688,474.442321777344,626.745727539062
2392.33520507812,-2434.52734375,263.724365234375
-3674.134765625,368.689636230469,624.027954101562
-2144.79516601562,1779.01416015625,915.9111328125
387.29345703125,-2800.48046875,270.617889404297
-3270.66064453125,-1015.71569824219,820.268432617188
-3711.3359375,-1409.70129394531,853.662658691406
-2000.60559082031,1814.23828125,944.623596191406
2309.29614257812,4402.4755859375,829.191955566406
-720.684936523438,-646.277770996094,874.97802734375
-1039.04614257812,3839.50952148438,857.593444824219
182.294006347656,-526.059326171875,512.034057617188
1636.623046875,3053.78344726562,821.100646972656
-2141.32250976562,1778.16271972656,915.287841796875
775.994567871094,1582.15930175781,861.711669921875
-595.051574707031,3650.568359375,894.506225585938
3302.09350585938,1635.98779296875,818.627807617188
-2671.44775390625,-252.604919433594,892.244506835938
-773.497802734375,2464.66796875,885.424072265625
1065.27685546875,3146.66381835938,849.479858398438
-3637.2998046875,-504.336730957031,549.751770019531
-386.783569335938,-373.357116699219,844.994323730469
2666.56689453125,3455.03588867188,789.025634765625
877.237060546875,1334.2216796875,884.758483886719
3333.8251953125,4533.56298828125,646.990600585938
4064.72973632812,3057.876953125,796.816162109375
206.708190917969,-1702.66552734375,409.048767089844
1694.6923828125,1858.75268554688,822.427185058594
3138.91040039062,-1265.65698242188,371.485046386719
286.628143310547,-1318.57763671875,416.516357421875
-2764.85864257812,-157.991760253906,841.810302734375
1648.74194335938,3180.935546875,830.046630859375
1300.02941894531,-3210.28051757812,262.432830810547
406.301208496094,-1816.55249023438,356.682983398438
1637.3046875,1950.63134765625,835.084289550781
3382.92016601562,1951.33837890625,819.728637695312
-1673.42993164062,-1712.88037109375,489.2529296875
1988.48132324219,527.143737792969,866.633911132812
-2636.83129882812,1829.14953613281,898.776733398438
4116.49365234375,3976.41235351562,734.797180175781
-2766.40551757812,-160.82600402832,841.264038085938
704.343627929688,-2763.70678710938,245.995483398438
2725.67944335938,-1383.55859375,335.620880126953
2259.9775390625,1911.439453125,821.387573242188
-2820.59130859375,4578.19677734375,913.311157226562
2758.45166015625,-2116.1904296875,257.747924804688
3909.93627929688,4464.99853515625,663.181030273438
491.886444091797,-565.718444824219,457.486358642578
-1848.9814453125,-256.252410888672,865.303344726562
139.282272338867,4559.423828125,852.508483886719
-2323.24096679688,1675.17163085938,947.002685546875
2300.16748046875,2022.00854492188,804.315124511719
455.202758789062,4406.2060546875,796.038208007812
3492.744140625,3190.45849609375,772.024780273438
-157.491058349609,3659.3466796875,833.274719238281
-3013.68481445312,-3203.48266601562,622.143981933594
289.058654785156,-1321.21887207031,416.512878417969
286.655334472656,-720.489624023438,477.503601074219
-1493.95251464844,-1868.412109375,380.57373046875
-484.060394287109,-18.9594478607178,864.53759765625
56.6238861083984,4652.0712890625,835.029724121094
2567.05346679688,4535.1533203125,820.074096679688
1750.30151367188,1348.03173828125,855.247253417969
3937.4140625,-1385.22741699219,194.74462890625
1528.03942871094,1759.25219726562,839.883178710938
3428.56909179688,1744.7041015625,806.20751953125
2341.6962890625,457.223693847656,821.991455078125
374.312805175781,4382.89306640625,808.150268554688
-3241.63232421875,-1019.66918945312,817.473815917969
-2293.8681640625,-1366.82934570312,587.9140625
678.522644042969,3303.61206054688,857.300842285156
3838.48803710938,2413.09326171875,819.523071289062
-3618.2578125,1391.65698242188,702.747253417969
-1167.03784179688,3684.56494140625,882.172119140625
2367.33740234375,475.302673339844,820.362670898438
2446.45361328125,343.94140625,817.07080078125
-2118.97802734375,3825.5908203125,901.35400390625
246.764877319336,-1240.78161621094,435.948364257812
-1382.46203613281,1794.84204101562,922.919372558594
1218.23498535156,-3126.30810546875,276.515472412109
3456.013671875,1851.54125976562,806.829956054688
-274.318664550781,3546.21337890625,857.383422851562
-2140.0029296875,1778.84240722656,915.547241210938
-3542.841796875,3712.56713867188,886.434692382812
2189.8984375,4635.69287109375,856.040832519531
-2528.45068359375,1833.81323242188,901.635498046875
-997.339477539062,3080.20751953125,872.732666015625
-1554.80798339844,698.095397949219,872.361511230469
2884.16064453125,-1330.89465332031,306.271331787109
3317.70092773438,-1306.04467773438,420.866546630859
2291.71118164062,50.4612007141113,843.7890625
1427.033203125,3572.21240234375,785.131225585938
-609.134216308594,-2812.41455078125,373.210052490234
178.351196289062,2132.36376953125,882.4189453125
3276.25146484375,-801.930053710938,535.082641601562
-2641.119140625,-256.3291015625,897.285827636719
3318.49560546875,-1304.5166015625,421.551147460938
3660.08984375,2079.55712890625,810.197265625
-3117.83251953125,4047.34228515625,955.261352539062
2437.5546875,2079.83251953125,810.307739257812
4065.923828125,1199.86059570312,814.932067871094
-2554.7294921875,102.105133056641,902.425170898438
-863.973754882812,-854.623046875,851.479797363281
-817.515197753906,3750.455078125,853.665771484375
3765.14208984375,-1614.64306640625,212.043319702148
442.013366699219,3237.98681640625,846.402954101562
2040.09619140625,-209.146636962891,846.134155273438
3040.15991210938,-3150.9755859375,110.524971008301
379.416412353516,-2829.08642578125,259.871643066406
385.561737060547,-1738.8828125,375.904144287109
-1170.00512695312,-1487.22058105469,380.393035888672
695.171264648438,4351.18359375,823.100830078125
241.332229614258,2009.84619140625,892.335327148438
456.340698242188,-825.598754882812,420.5771484375
-1628.79223632812,4743.8515625,822.92041015625
3125.9697265625,1253.77294921875,799.626159667969
-1041.35241699219,-724.192993164062,856.626953125
2555.2705078125,2661.31201171875,784.285400390625
-97.9276123046875,3783.8115234375,825.32568359375
524.205261230469,3039.6513671875,855.81884765625
97.6804504394531,1186.40515136719,846.793579101562
-172.453643798828,4592.08203125,822.753662109375
-375.734283447266,4508.708984375,857.77734375
1574.1201171875,3458.76928710938,818.505432128906
78.704231262207,-1284.51672363281,457.340484619141
-3710.00610351562,2440.06372070312,915.713256835938
1218.49597167969,-2764.81616210938,239.831237792969
533.157836914062,3475.2255859375,835.365173339844
-398.486694335938,4354.40771484375,842.135803222656
-2583.91186523438,83.8292388916016,900.457702636719
660.950927734375,-2884.68603515625,242.838195800781
2368.71801757812,2379.22875976562,772.174743652344
-3298.35107421875,1975.96801757812,897.260986328125
-2935.79345703125,1944.87744140625,886.153198242188
3919.80395507812,531.304748535156,796.437866210938
4082.8037109375,3302.47583007812,800.952819824219
4054.79711914062,3366.54150390625,801.94921875
632.907653808594,4395.9990234375,818.896606445312
402.973876953125,4368.49267578125,802.010620117188
1822.85363769531,4726.9482421875,769.533935546875
-1985.7490234375,-1815.60144042969,442.77587890625
1889.80883789062,1877.18737792969,811.793212890625
2687.78076171875,-2184.41845703125,258.100646972656
-1521.82531738281,1847.49841308594,920.335266113281
299.150177001953,2173.94604492188,870.96728515625
-3661.29833984375,467.983673095703,626.81787109375
3046.01342773438,3868.14013671875,716.993103027344
4054.68603515625,3795.759765625,785.604614257812
755.106384277344,3709.78198242188,859.624084472656
-3718.54931640625,-2108.74096679688,911.9130859375
-3583.611328125,3761.4736328125,877.656494140625
-1162.42224121094,572.74072265625,883.089782714844
4233.6298828125,3862.73681640625,730.324096679688
3311.10546875,1730.68481445312,811.842407226562
-2972.6201171875,-3201.48046875,613.489013671875
-2359.39184570312,1776.865234375,953.959716796875
354.162475585938,-1319.30859375,412.070159912109
3518.107421875,1927.14074707031,807.908447265625
3372.79638671875,4061.2724609375,689.5732421875
3903.06591796875,3354.93408203125,805.979187011719
-1597.392578125,-2959.4013671875,363.003753662109
298.981018066406,1043.11743164062,847.777221679688
4082.466796875,3510.05737304688,803.762817382812
-1691.27807617188,484.622863769531,879.61083984375
108.143981933594,4459.0673828125,860.203002929688
-2364.22094726562,1656.38330078125,954.560852050781
-1924.873046875,-2214.98803710938,405.09912109375
389.912719726562,-1512.2578125,410.218078613281
-71.6211700439453,3681.01831054688,834.626342773438
1824.20751953125,2267.26684570312,854.375244140625
-213.723876953125,3485.21948242188,851.295104980469
771.228942871094,-2768.3037109375,219.000915527344
-939.19921875,-2150.62548828125,346.960418701172
-2221.22631835938,2347.18188476562,894.305358886719
259.396362304688,-533.306884765625,507.497802734375
2001.25537109375,4551.4501953125,789.355224609375
-1955.228515625,-1943.64050292969,410.776611328125
3978.00952148438,-1155.48571777344,223.801040649414
3457.3916015625,2159.9755859375,815.707092285156
972.392822265625,-2694.7890625,250.020080566406
-782.038208007812,-972.751220703125,858.956359863281
2705.3173828125,3668.8134765625,767.174255371094
2578.4697265625,3623.05786132812,777.09765625
4146.8505859375,3528.34228515625,806.562377929688
-2265.49975585938,4715.443359375,895.888793945312
3156.37524414062,-3151.27856445312,125.895568847656
4119.1044921875,47.8357315063477,765.279479980469
-2140.9658203125,-2193.09765625,386.188018798828
1097.52905273438,3148.9375,845.818908691406
3511.69360351562,700.278442382812,741.545166015625
-2383.49951171875,3464.1875,914.945190429688
-2599.31469726562,2660.98779296875,937.163330078125
3426.42333984375,1782.4951171875,805.379638671875
3940.34619140625,-1021.57287597656,217.620788574219
-3716.935546875,-282.279144287109,546.072814941406
143.728561401367,4747.998046875,820.4697265625
-2336.41015625,1784.36596679688,953.69580078125
2872.349609375,3887.201171875,737.687133789062
3311.50146484375,1732.04638671875,811.794799804688
2398.1923828125,3521.81201171875,829.643371582031
-1526.140625,2640.08813476562,920.5068359375
2652.88037109375,3916.55981445312,782.0322265625
-1501.07080078125,-1623.1943359375,450.314025878906
-3557.71484375,-912.793579101562,657.795654296875
449.247619628906,-2657.42456054688,297.294006347656
2925.98120117188,-1338.00854492188,300.608459472656
439.404815673828,-1392.90026855469,397.268463134766
-1459.78662109375,-2655.76953125,328.544525146484
3311.21459960938,1176.97058105469,776.2041015625
3332.98388671875,-1898.67419433594,199.392608642578
-2221.51879882812,3874.24926757812,893.448974609375
-585.997375488281,1736.42724609375,901.962036132812
178.90885925293,1188.29064941406,845.947143554688
216.743896484375,-3007.79345703125,274.690338134766
-1211.02648925781,-2655.73999023438,235.366989135742
878.030395507812,1556.20751953125,880.7890625
1485.31701660156,-3113.49340820312,300.366149902344
-36.9628639221191,-2317.17895507812,331.287750244141
-686.950927734375,-2785.2197265625,355.530364990234
1446.71655273438,-3209.64624023438,291.269836425781
-3646.29638671875,23.1708240509033,607.837219238281
3363.48266601562,1698.89672851562,811.521362304688
3414.29150390625,2288.177734375,825.6318359375
-844.525329589844,-774.408081054688,867.598510742188
325.192047119141,4693.1474609375,825.863342285156
2259.064453125,4422.07275390625,821.139343261719
546.729736328125,4382.111328125,799.868713378906
-399.27099609375,-2089.6025390625,473.831512451172
1360.62316894531,-1583.89514160156,457.274505615234
2838.95849609375,-1512.1259765625,305.05810546875
-3418.7353515625,-1769.91442871094,697.222778320312
2360.23095703125,1936.42456054688,826.768310546875
119.107887268066,1598.41064453125,881.571899414062
3396.6494140625,-1947.38330078125,193.41552734375
4007.57006835938,4329.880859375,649.083374023438
-3197.59399414062,3887.185546875,959.79833984375
3603.228515625,2093.67114257812,807.33203125
2329.08227539062,4098.4267578125,839.25927734375
406.3203125,-1416.67431640625,412.99365234375
4168.30810546875,3645.84350585938,809.780395507812
-1253.60852050781,1573.68969726562,926.241577148438
3327.77783203125,1733.41540527344,810.942138671875
2843.15258789062,3958.14013671875,739.409301757812
-3636.16479492188,-116.610664367676,590.440307617188
1588.36962890625,2023.46911621094,866.911376953125
879.259704589844,1550.97766113281,883.406616210938
3809.74462890625,3233.26220703125,811.320068359375
3065.43432617188,3868.9951171875,715.659790039062
1642.10314941406,106.025177001953,827.29833984375
-3591.6416015625,2384.73974609375,914.1630859375
58.946647644043,1677.37646484375,868.544250488281
2247.9375,4114.90234375,841.347106933594
3826.2236328125,3352.08740234375,802.031127929688
2348.37060546875,551.095458984375,827.815734863281
-489.394409179688,60.7306518554688,871.820556640625
-847.501892089844,-772.717407226562,867.493469238281
-335.250427246094,-196.669219970703,823.715087890625
-2426.77880859375,1700.95629882812,941.33251953125
4187.76318359375,3509.74243164062,808.315490722656
2042.75024414062,1651.99340820312,856.08251953125
38.7777938842773,4650.06298828125,834.663818359375
576.460266113281,4258.45751953125,818.091979980469
-3140.5166015625,4153.283203125,945.007507324219
2240.9814453125,2262.31176757812,783.683349609375
-2526.94311523438,1851.3505859375,905.705383300781
2271.91015625,415.476440429688,828.052612304688
3346.84057617188,1583.63793945312,819.524963378906
-935.286560058594,-2202.04663085938,351.317077636719
2187.4677734375,2842.73852539062,801.107238769531
1705.20495605469,1789.82666015625,810.6279296875
164.682250976562,-1483.47338867188,442.736206054688
-284.668182373047,-2014.73217773438,455.690979003906
3340.35986328125,972.087829589844,770.990112304688
-3289.43994140625,-1482.3173828125,619.972106933594
-2887.5576171875,2053.09326171875,930.061096191406
2470.83374023438,508.859008789062,804.900085449219
609.113830566406,3522.93896484375,852.647827148438
-2889.54443359375,-2666.154296875,537.465881347656
2039.29064941406,2193.21484375,817.655944824219
-3493.4931640625,3562.60791015625,910.005493164062
-443.253173828125,-3065.61572265625,318.98046875
2451.26391601562,3523.59033203125,819.501281738281
3530.62060546875,2200.31567382812,819.821655273438
343.478973388672,3168.56762695312,831.642761230469
-2119.10327148438,1694.61437988281,916.3173828125
-1055.23120117188,-746.581420898438,843.372253417969
2293.28369140625,492.585876464844,836.029846191406
869.477233886719,-458.839813232422,547.348754882812
-599.084167480469,4214.71630859375,869.071411132812
2586.29956054688,196.710723876953,801.820373535156
3338.49267578125,-800.036193847656,506.500061035156
4143.75927734375,3403.69580078125,803.577880859375
-2480.44287109375,-2922.623046875,482.616577148438
2766.177734375,3597.96923828125,732.450561523438
318.517700195312,-1870.00341796875,371.016967773438
-3481.0166015625,1196.671875,637.406860351562
1292.17822265625,4545.72607421875,787.67529296875
-1688.25048828125,-2631.99047851562,376.85986328125
2444.18115234375,3728.2265625,816.027099609375
-2128.13159179688,1827.74816894531,931.429809570312
217.183334350586,-1288.662109375,432.124572753906
2565.05810546875,344.880859375,818.385986328125
2810.25708007812,-2321.98120117188,235.604309082031
-504.482849121094,1793.35888671875,909.288269042969
486.170379638672,3702.03076171875,819.112548828125
-3333.970703125,1226.92919921875,698.747192382812
3150.7216796875,3950.9716796875,706.17822265625
-3607.26708984375,367.428497314453,636.523681640625
553.410705566406,-1758.28930664062,335.044891357422
4182.826171875,3107.84814453125,794.506958007812
1735.03967285156,1312.59643554688,859.022216796875
2409.51733398438,2217.20190429688,784.842529296875
3251.09838867188,1766.19689941406,820.115966796875
-3312.85473632812,3636.87255859375,943.131958007812
3162.837890625,-3019.84643554688,137.246322631836
2306.2685546875,-1868.69079589844,372.170776367188
513.377075195312,3572.2607421875,829.894775390625
1887.00061035156,1192.26489257812,856.23876953125
-2218.00952148438,2579.1328125,873.253784179688
18.0324821472168,1211.94421386719,848.1376953125
263.789215087891,2298.10400390625,871.032409667969
-590.1083984375,-2742.69653320312,379.860900878906
662.815307617188,4427.91162109375,821.433959960938
-2464.45434570312,2888.6044921875,916.056335449219
-2249.77416992188,1761.18200683594,939.940307617188
-1867.2919921875,-1552.18872070312,567.449584960938
-933.056335449219,3860.01245117188,847.119201660156
744.020202636719,1658.75939941406,857.507019042969
1633.36450195312,1766.11413574219,822.471984863281
3943.6884765625,1756.64672851562,800.383117675781
520.914916992188,4236.24267578125,818.625244140625
323.665954589844,600.410034179688,824.041198730469
1593.94799804688,-3115.34545898438,279.634399414062
2256.46142578125,2739.50830078125,825.837158203125
1435.57189941406,3510.15478515625,790.744140625
1174.98522949219,-2646.22387695312,293.808807373047
4220.61865234375,863.857116699219,796.944580078125
3319.18798828125,-1762.28283691406,215.76171875
-362.467254638672,-2717.95703125,330.748779296875
-678.277709960938,4000.435546875,876.56396484375
-2665.34643554688,221.040252685547,903.71435546875
-2729.99975585938,2761.8095703125,934.960632324219
-3603.72290039062,28.7759952545166,614.537536621094
-957.070434570312,-2229.39208984375,345.650665283203
-2643.35815429688,1628.47875976562,881.769165039062
4074.46875,3032.888671875,796.089477539062
-1032.82885742188,410.408233642578,889.040222167969
-3567.77416992188,3833.25927734375,887.225402832031
-45.0222244262695,1120.294921875,858.2578125
-2457.34106445312,251.961456298828,905.124084472656
-2429.74926757812,1686.65014648438,942.504821777344
568.543823242188,466.254364013672,843.030029296875
-2652.31640625,375.580505371094,909.964416503906
2577.32739257812,-671.750427246094,461.492736816406
1329.02124023438,-3179.91552734375,256.821655273438
255.398834228516,2200.69677734375,871.137084960938
3889.59033203125,-2622.68115234375,315.434936523438
3722.75146484375,3369.56323242188,797.012939453125
-1037.28564453125,-802.048828125,818.83154296875
4149.3466796875,3402.1728515625,803.70703125
3001.06860351562,-1352.31921386719,277.220733642578
-1394.09692382812,-1605.15478515625,425.822692871094
-2545.54516601562,26.7664852142334,893.791625976562
-1627.48071289062,-2102.38525390625,425.270446777344
589.626708984375,3482.68017578125,850.350708007812
2022.58740234375,-2329.85327148438,312.714508056641
2938.8916015625,-2318.62841796875,233.525177001953
-3602.47021484375,223.203033447266,664.71337890625
4200.44775390625,3156.96435546875,795.207580566406
-3087.68505859375,2761.40161132812,901.276611328125
-3657.8134765625,-1957.78771972656,908.812866210938
2629.58813476562,-1436.04211425781,341.913299560547
-3014.6142578125,293.47265625,889.059020996094
2331.99169921875,-1861.58874511719,368.783294677734
1768.359375,1842.48522949219,808.10986328125
2384.14404296875,2242.12377929688,782.629272460938
-2921.22998046875,2028.06665039062,911.503662109375
2435.09912109375,-2945.21533203125,204.851531982422
143.74153137207,-1554.89367675781,436.540649414062
289.834533691406,4322.376953125,823.360229492188
-3653.568359375,-266.902648925781,554.102661132812
-3102.76831054688,37.5188751220703,871.33837890625
-334.917663574219,2740.99560546875,877.294250488281
1150.2822265625,-2958.01806640625,235.832672119141
3838.85791015625,4293.37646484375,687.875061035156
-3028.7021484375,-259.679290771484,808.439025878906
-108.21199798584,3528.0126953125,851.894714355469
704.876525878906,1525.14270019531,877.540588378906
-2676.72924804688,2724.6923828125,940.090087890625
2622.01440429688,193.216659545898,806.498779296875
3402.10400390625,4054.82983398438,686.799499511719
-382.564147949219,3435.51904296875,867.499816894531
-626.366760253906,4122.53955078125,871.222351074219
2275.92602539062,-1915.09448242188,382.491088867188
-493.109985351562,1733.93273925781,914.146118164062
-2725.97045898438,2742.47412109375,937.332458496094
-83.7357330322266,1167.12329101562,854.305725097656
4175.01953125,48.4148139953613,738.828247070312
612.580444335938,3612.63110351562,846.303955078125
157.417938232422,-2364.6455078125,315.182586669922
4079.5908203125,1642.73266601562,804.170654296875
-3403.92236328125,3442.41625976562,863.540161132812
-2297.79638671875,-3065.39868164062,453.038665771484
896.954956054688,-2619.5849609375,235.316284179688
2603.95336914062,4297.1845703125,821.099304199219
4062.6630859375,3953.87109375,724.817199707031
-2237.181640625,3887.84521484375,891.673217773438
894.97216796875,-2619.59252929688,234.927520751953
-1615.958984375,4681.1953125,812.809753417969
-3527.22900390625,3870.1591796875,896.583984375
-3532.07299804688,2277.2744140625,921.564880371094
3970.27124023438,1620.89245605469,807.748229980469
-2339.62158203125,1793.12768554688,953.017822265625
2265.47241210938,-2005.1298828125,376.182220458984
-2334.27221679688,-2956.12451171875,432.618804931641
823.310302734375,-2852.7138671875,195.241577148438
1685.51965332031,-229.775329589844,844.948913574219
2451.1943359375,3283.86083984375,785.21826171875
1559.49926757812,2145.486328125,871.92724609375
-2214.16064453125,-2164.5458984375,408.527221679688
-1611.74633789062,2886.98168945312,920.260375976562
672.839233398438,-633.875610351562,469.655975341797
-3254.71337890625,-1038.7119140625,820.173461914062
-2671.46801757812,-190.871673583984,879.271789550781
-3302.35888671875,2255.83178710938,918.716979980469
1602.03051757812,1917.81030273438,841.477355957031
1602.47473144531,1908.44055175781,841.946228027344
1239.33850097656,-3067.39111328125,277.908508300781
3917.83032226562,1681.48742675781,802.712524414062
1147.5625,3967.5908203125,819.326293945312
-612.502746582031,4287.4892578125,868.594665527344
-610.605895996094,1782.93334960938,897.824096679688
-2581.95825195312,4627.8671875,894.884643554688
-3695.6337890625,266.777618408203,613.420349121094
2974.15747070312,-1583.09240722656,276.210906982422
-464.956207275391,4351.07568359375,850.041625976562
-3396.34326171875,-1215.81164550781,854.370239257812
-1900.8662109375,-2090.84497070312,408.315948486328
-742.602905273438,-699.653503417969,877.148559570312
-1986.21044921875,4238.73486328125,865.126831054688
1175.44592285156,3091.42626953125,818.508483886719
-2283.93310546875,-985.999633789062,880.475830078125
-310.699493408203,-2710.77807617188,320.858917236328
188.230987548828,-1555.10620117188,417.792785644531
4111.47998046875,3231.39501953125,798.5341796875
-2366.73046875,1927.82641601562,928.842224121094
-1240.3515625,-1465.89880371094,417.477478027344
3385.841796875,1729.57153320312,808.361877441406
1060.44274902344,3017.09765625,843.81396484375
439.852661132812,4447.68505859375,791.720947265625
-1689.29821777344,4231.39501953125,840.787475585938
-1558.939453125,-1848.05029296875,399.15380859375
2464.30712890625,1285.80859375,817.018615722656
1214.79797363281,-378.169494628906,574.135375976562
3416.19482421875,1809.888671875,805.919860839844
-1408.00463867188,675.942260742188,856.488891601562
371.950622558594,4569.2607421875,814.461059570312
-389.930297851562,1575.25756835938,910.260803222656
-3562.8515625,3673.15991210938,884.330688476562
-3377.5341796875,3737.72509765625,924.435913085938
-2282.65649414062,2573.26806640625,882.926513671875
3158.35620117188,3878.51586914062,688.388732910156
2007.87658691406,-1169.81030273438,534.48876953125
600.442749023438,4221.029296875,821.862670898438
902.946411132812,1762.86303710938,863.042236328125
-2621.87280273438,2543.00317382812,913.3486328125
1393.59777832031,3403.06884765625,790.434875488281
-3592.23999023438,197.144592285156,671.508483886719
-145.098846435547,3478.95654296875,856.356323242188
567.391784667969,1687.95202636719,891.53857421875
-2917.71069335938,4219.58935546875,920.042846679688
-642.615783691406,4312.4541015625,869.01953125
16.8147010803223,1649.05590820312,863.273315429688
2290.181640625,-323.946166992188,828.528564453125
-2817.3623046875,262.494842529297,891.693664550781
2218.193359375,323.522552490234,849.18505859375
1332.80676269531,4176.611328125,817.928466796875
816.766967773438,1286.67883300781,869.142456054688
-2637.59057617188,442.129272460938,917.994140625
-3385.21484375,-1707.76879882812,692.810302734375
421.744323730469,3016.71752929688,852.160705566406
3395.04443359375,-783.226257324219,470.609436035156
3387.31005859375,1825.40258789062,807.949768066406
-2882.45068359375,2552.33203125,932.638061523438
2576.11596679688,-1105.47680664062,368.083435058594
991.572326660156,1656.7236328125,881.235229492188
266.725524902344,4541.419921875,840.021484375
3963.27075195312,-2575.26782226562,340.561859130859
3560.5693359375,2774.392578125,816.806762695312
15.4126281738281,1570.91760253906,858.754638671875
2389.48657226562,3092.83178710938,810.661743164062
-451.574188232422,4209.78857421875,851.042236328125
-932.383056640625,-784.847595214844,857.91845703125
2272.18188476562,-2101.70239257812,359.349578857422
-2681.4287109375,-2680.7724609375,509.123229980469
-2699.751953125,1574.54125976562,897.9892578125
-3379.32690429688,-1709.2939453125,690.236022949219
2528.67553710938,2075.80322265625,813.344665527344
-2156.44995117188,1649.43408203125,899.407470703125
3528.0693359375,2161.26416015625,816.143432617188
-2635.60986328125,448.350646972656,918.176452636719
3208.58056640625,543.195922851562,737.00146484375
-859.560363769531,-715.121643066406,872.0615234375
-611.341247558594,3864.86376953125,874.249206542969
1702.11694335938,2201.90576171875,855.301452636719
956.576416015625,-3041.27197265625,209.84895324707
1727.87097167969,1855.15478515625,814.500610351562
-3600.2861328125,-173.777938842773,579.420654296875
-3156.94091796875,3564.04931640625,917.721923828125
1403.0205078125,-2643.26098632812,260.424255371094
1116.77319335938,2980.8046875,817.636047363281
-77.1858291625977,1163.7451171875,854.838134765625
3920.4970703125,2570.54858398438,813.686401367188
3386.03466796875,828.46337890625,723.3046875
-1303.64331054688,-1532.06091308594,417.831237792969
418.69482421875,4504.46337890625,804.72802734375
-1770.06091308594,2969.87524414062,911.970031738281
-2450.77709960938,1876.7861328125,930.455444335938
1974.60888671875,1431.14990234375,841.993530273438
-3114.66015625,3648.37744140625,924.916137695312
2466.0283203125,-853.817077636719,446.055999755859
1711.84753417969,-3209.80102539062,234.37548828125
2633.02905273438,198.268661499023,811.313415527344
2696.18212890625,475.832305908203,806.820434570312
1733.20458984375,-619.404968261719,817.834594726562
-3467.8251953125,3812.6201171875,915.296264648438
-322.992889404297,4554.63525390625,849.604064941406
1803.90942382812,985.342041015625,884.2626953125
4205.486328125,-1987.12341308594,286.064025878906
2754.60180664062,-2200.24536132812,254.903442382812
-2173.6328125,-2213.18212890625,403.156951904297
2057.57275390625,1582.63134765625,858.165344238281
-953.876342773438,-1517.583984375,397.914428710938
-1502.74719238281,2618.85986328125,915.505493164062
-917.459350585938,-2882.021484375,317.192626953125
275.1162109375,-2062.724609375,350.255767822266
-3361.88623046875,-944.889953613281,825.009033203125
-87.1530685424805,1188.69360351562,851.913940429688
-2816.74096679688,2680.39697265625,932.007507324219
3126.720703125,-2993.85766601562,133.456604003906
-3647.99169921875,245.446105957031,638.210021972656
2647.5224609375,4593.40185546875,801.210815429688
352.806518554688,-1117.64184570312,447.307983398438
423.635375976562,-1614.2021484375,394.170349121094
-2853.31591796875,2046.66577148438,937.627746582031
4109.6083984375,3997.38500976562,728.575988769531
-1382.4033203125,1821.48815917969,922.512390136719
4164.63623046875,193.454879760742,764.658630371094
-1506.45910644531,-1846.40417480469,387.348297119141
28.4338836669922,1471.36157226562,854.948913574219
2583.78564453125,2025.66491699219,811.094421386719
-458.622253417969,-412.928527832031,849.805053710938
-3403.07373046875,-2608.68994140625,628.355834960938
431.766235351562,-2948.38696289062,270.900756835938
-2696.0986328125,395.388122558594,909.884887695312
-1633.54467773438,2651.359375,923.174194335938
2585.98388671875,2025.88269042969,810.729064941406
-2717.23559570312,299.901245117188,893.051025390625
909.617797851562,-179.864883422852,845.984985351562
-1849.23254394531,4389.3642578125,838.58056640625
-1443.40698242188,-3060.3037109375,324.554229736328
-1637.79541015625,3007.45751953125,914.898071289062
2466.64599609375,-853.789245605469,445.737854003906
3766.34008789062,-2652.9658203125,266.365753173828
2152.91015625,-1637.82946777344,444.513427734375
-96.928466796875,-2446.87548828125,362.671630859375
2913.99633789062,3943.6630859375,744.27734375
-96.7623596191406,-2581.7275390625,353.476196289062
-51.4178237915039,2202.20825195312,915.627807617188
3556.16015625,-800.385131835938,414.339080810547
-790.323364257812,-784.938720703125,869.149719238281
-1520.82580566406,1616.51965332031,916.962890625
3912.8017578125,4242.78564453125,676.617309570312
3344.8349609375,4383.24658203125,662.243530273438
2227.15209960938,186.255279541016,850.255859375
-2624.22705078125,1809.05139160156,894.173706054688
45.8470077514648,-1680.595703125,438.661743164062
2464.26342773438,-917.654052734375,441.035766601562
-3636.28344726562,-189.01106262207,567.727783203125
1576.95166015625,-3085.34301757812,281.154815673828
3832.93286132812,1801.14892578125,792.692321777344
-1984.18774414062,-2258.04956054688,360.261901855469
-1225.35375976562,394.121520996094,886.540832519531
357.093994140625,-1009.0419921875,435.415161132812
2901.8896484375,-2293.349609375,239.178634643555
942.557495117188,-2646.33642578125,252.542205810547
853.592407226562,-2670.24975585938,197.946258544922
-3241.0751953125,-937.201171875,810.88037109375
360.613494873047,-1131.83142089844,444.279235839844
2379.154296875,322.382995605469,821.235107421875
259.181823730469,4683.1396484375,838.369201660156
-1715.57897949219,1886.13830566406,907.137756347656
-2241.86791992188,2506.87426757812,873.208374023438
3172.72485351562,-855.622619628906,594.577392578125
3261.931640625,4133.51025390625,657.933288574219
1572.3076171875,-1910.47814941406,547.334716796875
469.9169921875,-2606.42065429688,270.9091796875
3161.98461914062,-1213.53466796875,390.831176757812
2726.7734375,-2213.01928710938,256.249633789062
2611.31640625,4529.28271484375,816.071228027344
1772.20483398438,1979.58654785156,834.969116210938
903.642211914062,3706.296875,871.505065917969
-2716.24145507812,2715.03515625,941.017517089844
-344.806274414062,-2785.14306640625,323.605041503906
3384.45849609375,1863.88354492188,811.671081542969
-411.236999511719,-1219.7060546875,631.855651855469
-3552.58349609375,2145.38891601562,912.528076171875
1404.72143554688,3577.435546875,782.735778808594
-496.786376953125,657.603637695312,873.942993164062
308.749267578125,4450.12255859375,829.2236328125
-1606.11865234375,-1775.92028808594,435.000549316406
3311.94580078125,1125.32897949219,782.66796875
-2532.54809570312,107.19075012207,899.952392578125
-2996.13916015625,-3203.91357421875,620.017150878906
-164.820861816406,3513.99609375,848.587768554688
2079.42211914062,-1791.10437011719,445.54345703125
2100.39233398438,1645.27416992188,860.431091308594
-1832.92993164062,-2066.80908203125,405.392120361328
492.084442138672,595.814636230469,831.233703613281
1515.11926269531,1739.64807128906,840.762512207031
-3173.4052734375,-1292.49682617188,622.41357421875
-1733.32727050781,980.824584960938,888.857360839844
940.798889160156,-2675.29052734375,239.811416625977
1362.15087890625,4717.25927734375,785.292236328125
1481.45874023438,-2593.6337890625,297.443695068359
4062.91748046875,-1296.37841796875,228.821655273438
958.9638671875,-2850.55078125,208.395950317383
-2598.05493164062,1811.03271484375,894.109375
2539.07446289062,-957.820068359375,400.079040527344
2192.78149414062,379.587310791016,850.62158203125
195.809112548828,4471.841796875,855.577026367188
998.127258300781,3093.58862304688,862.812316894531
2395.17724609375,3562.35498046875,825.8876953125
326.132171630859,4211.66064453125,805.284973144531
2702.900390625,3347.08471679688,755.368835449219
2342.07836914062,272.966583251953,831.94287109375
-2701.76440429688,2594.40869140625,936.85888671875
-2430.47216796875,2877.40698242188,915.305480957031
1881.68017578125,-3182.24853515625,239.324798583984
364.101806640625,-1110.55932617188,446.94921875
-2127.89526367188,1495.2578125,908.651123046875
-111.578094482422,-1796.36254882812,479.418884277344
-1697.40991210938,2964.56201171875,917.597839355469
207.544006347656,4478.54541015625,853.399719238281
3307.37524414062,2383.95849609375,815.080932617188
-2158.3740234375,1526.89868164062,898.597534179688
2850.744140625,-107.433113098145,760.836181640625
3278.66870117188,2222.12622070312,823.28076171875
3005.3095703125,4077.2451171875,752.384582519531
125.318740844727,2076.43090820312,899.768798828125
-1017.18920898438,3897.0146484375,851.269348144531
-3026.74267578125,-3099.6865234375,600.338195800781
465.633422851562,-2829.70629882812,301.482360839844
1266.64123535156,-3004.3544921875,253.282318115234
-3266.177734375,-951.579650878906,813.010131835938
3749.4365234375,488.234252929688,767.857238769531
-2518.3896484375,322.009643554688,913.611999511719
1992.43774414062,-1147.45178222656,541.542297363281
137.892211914062,4667.08642578125,836.974914550781
-3685.10327148438,2543.66381835938,895.596130371094
333.569885253906,2978.8271484375,844.358154296875
965.518188476562,1499.05981445312,895.965881347656
3509.12841796875,1839.08654785156,801.864929199219
540.997863769531,3375.12451171875,827.1103515625
1282.72973632812,-3001.36474609375,249.241088867188
-532.64111328125,-3174.88818359375,251.540069580078
262.110870361328,4518.4169921875,842.201538085938
4107.23974609375,3482.7255859375,804.500732421875
-2073.53247070312,2649.62060546875,891.658569335938
-2697.66625976562,2713.14575195312,941.545776367188
3784.91357421875,-2485.4462890625,257.498657226562
952.7724609375,1373.2333984375,893.145080566406
-3211.63671875,4207.873046875,944.484497070312
-2567.81298828125,-2893.59252929688,498.538238525391
3603.58251953125,4715.06005859375,683.718994140625
-3649.7138671875,3654.54833984375,864.406005859375
362.605682373047,4235.13037109375,801.118896484375
3839.21801757812,432.600891113281,775.236877441406
2026.50927734375,-3049.62426757812,196.751510620117
435.074188232422,4491.5888671875,795.3720703125
-3428.02661132812,3650.37866210938,924.818237304688
3765.43481445312,526.386474609375,765.972412109375
-2823.041015625,1966.19152832031,919.937133789062
-3059.30444335938,-2005.05627441406,523.026977539062
-1220.24780273438,398.845031738281,886.521240234375
-328.886993408203,-1.04419302940369,838.861755371094
1003.85083007812,1695.25720214844,878.344116210938
966.611572265625,-209.472442626953,842.457885742188
-490.196472167969,1706.12255859375,914.63037109375
-2933.98315429688,152.723831176758,901.099060058594
-1045.19213867188,-162.940795898438,871.229187011719
3915.79638671875,2454.01635742188,818.299438476562
1919.982421875,-141.802627563477,851.683227539062
-1929.50354003906,-2169.68823242188,402.162536621094
2349.86865234375,3537.8046875,834.505310058594
-32.8033447265625,1188.65490722656,851.994506835938
4059.0634765625,-516.950622558594,407.839477539062
186.717803955078,4579.009765625,851.6494140625
123.090385437012,4705.1328125,829.074401855469
-3138.4755859375,-347.708801269531,677.746826171875
2268.55029296875,2392.39770507812,811.869262695312
2353.03735351562,3537.0615234375,834.35107421875
2375.482421875,4307.9609375,839.06298828125
187.371841430664,2091.68090820312,887.41796875
-1246.26208496094,-1665.20935058594,373.179779052734
4186.03955078125,3151.421875,795.242553710938
-2675.96044921875,1697.2353515625,905.563659667969
3888.7939453125,4479.94384765625,666.852783203125
4040.55419921875,4260.02783203125,681.529663085938
-2714.35205078125,4481.55517578125,899.819458007812
-3159.40087890625,4306.642578125,942.174438476562
-2869.20092773438,-2617.3896484375,521.760681152344
4183.814453125,3604.94580078125,809.960388183594
1115.3642578125,-2623.876953125,302.146270751953
-2541.4150390625,2700.3310546875,933.139038085938
357.884552001953,-1897.32666015625,362.778656005859
1485.44458007812,-68.3204956054688,811.780883789062
2300.98510742188,-2353.7236328125,278.447235107422
3801.93627929688,4374.08544921875,689.150695800781
21.620433807373,-1901.25146484375,425.435424804688
-621.987976074219,4262.06103515625,869.609130859375
1274.93884277344,-1435.54284667969,442.9765625
-2854.8603515625,4714.1318359375,906.158813476562
2260.01879882812,4368.96484375,821.994873046875
-322.945037841797,-1204.0537109375,591.036804199219
-3135.1181640625,172.130172729492,903.312683105469
3149.56201171875,-2089.12548828125,197.117523193359
1781.94946289062,1657.42138671875,824.772705078125
-1611.05444335938,4701.02197265625,809.787963867188
1819.58801269531,2842.8798828125,856.795654296875
-2801.779296875,91.0007247924805,903.861938476562
-1715.73510742188,3217.6015625,895.604614257812
-1687.896484375,-2599.23095703125,368.31298828125
3603.18359375,621.062072753906,751.9228515625
3114.724609375,-3240.3828125,116.529113769531
1787.53210449219,2017.86157226562,843.136779785156
940.112609863281,-2706.10180664062,225.105575561523
72.252067565918,3857.66918945312,832.56396484375
1009.54260253906,-3069.60302734375,237.608200073242
-3443.62133789062,1308.72973632812,679.472778320312
-3659.4072265625,-708.2724609375,584.618835449219
3962.9111328125,-1215.685546875,205.320343017578
-883.696533203125,3025.04248046875,858.3212890625
-69.4470825195312,-3207.02905273438,283.235504150391
-2134.6943359375,1749.97875976562,912.016479492188
3990.90478515625,-1070.12255859375,242.095062255859
-633.542236328125,-2787.89672851562,375.232086181641
139.13818359375,-649.3076171875,505.862121582031
599.4326171875,-809.896179199219,379.216339111328
-1143.13916015625,3770.86279296875,877.5087890625
295.305725097656,4700.70947265625,832.147277832031
1018.67150878906,-3069.67431640625,240.452301025391
-2925.24145507812,-13.0088310241699,874.684448242188
635.6064453125,-2916.89477539062,246.394165039062
2374.96337890625,3957.02905273438,812.343383789062
3688.5654296875,1953.09338378906,794.794311523438
-507.678894042969,1784.51953125,909.328125
-3656.48706054688,-205.836029052734,561.114624023438
2372.85864257812,4394.43603515625,849.536804199219
-3399.607421875,3728.61279296875,913.753662109375
-365.972259521484,1281.54821777344,872.142211914062
2840.0224609375,-121.138336181641,761.629150390625
3913.6552734375,1697.31591796875,802.672973632812
189.21598815918,-1877.76086425781,397.958129882812
4171.46728515625,3245.8310546875,799.970092773438
1028.68151855469,-3074.93432617188,244.767196655273
1474.5419921875,-1625.4306640625,509.490753173828
-3688.576171875,2575.0947265625,885.887023925781
237.001007080078,1117.23999023438,846.134338378906
-1404.94750976562,-1577.0478515625,435.571472167969
-3600.962890625,3675.31689453125,875.731262207031
-2264.7724609375,-1343.28735351562,601.824890136719
-592.028442382812,3938.42431640625,870.60009765625
-338.570251464844,2784.98779296875,876.851318359375
-2066.1826171875,1786.20336914062,936.904907226562
-227.305511474609,-2401.59008789062,377.726165771484
2120.21435546875,509.273071289062,851.431030273438
1086.35021972656,2976.42553710938,825.331359863281
-285.473419189453,1611.93237304688,877.909301757812
-2641.44384765625,1792.36743164062,895.947509765625
-1599.34790039062,1781.14794921875,929.292785644531
3272.642578125,-1457.4609375,375.221282958984
2920.77026367188,-1359.84313964844,299.702575683594
-1438.9765625,-2651.015625,317.269500732422
-466.812164306641,-356.918151855469,848.484924316406
-582.76025390625,4186.3779296875,867.348266601562
3296.26293945312,407.765808105469,764.41015625
333.785888671875,4410.58544921875,819.624755859375
-3428.814453125,-865.6806640625,683.1376953125
2762.42041015625,3711.40600585938,746.463134765625
798.336181640625,-2414.0791015625,197.426223754883
297.864410400391,4702.7763671875,831.778381347656
2628.1416015625,4572.0732421875,808.183837890625
1336.64379882812,-1567.05737304688,448.642211914062
4071.13916015625,1624.93322753906,804.987426757812
2159.72387695312,-2224.65405273438,342.731414794922
-2688.88720703125,2595.3193359375,934.975891113281
2390.91552734375,-834.897705078125,494.814239501953
-2826.78442382812,1831.87963867188,915.84619140625
-280.755767822266,4344.8427734375,838.659973144531
-3416.15942382812,2169.0634765625,928.1083984375
-611.819152832031,3926.51904296875,872.1953125
-380.947143554688,3617.12255859375,862.785034179688
-1310.54748535156,488.104858398438,877.831420898438
153.455184936523,-650.480590820312,503.011169433594
-1428.07495117188,765.018615722656,856.541687011719
2437.53515625,3794.02392578125,808.642639160156
-2677.65454101562,167.346832275391,907.140991210938
2354.67578125,4157.02294921875,843.150024414062
3899.71362304688,-289.442352294922,446.070007324219
3831.86474609375,-1568.05151367188,207.693634033203
-1735.85424804688,-1257.22412109375,595.617797851562
3952.6728515625,1768.26342773438,799.815307617188
-686.41064453125,-889.781372070312,868.88427734375
2314.03100585938,-1895.09399414062,371.508483886719
-3280.73022460938,-916.644897460938,812.298767089844
2156.7158203125,2938.3173828125,840.29638671875
-974.213623046875,-1068.57788085938,586.044311523438
3947.69360351562,3472.05639648438,803.595397949219
1315.36694335938,4631.37109375,792.7705078125
2337.12670898438,181.915161132812,845.889526367188
3928.083984375,4337.1279296875,660.30859375
-2835.89794921875,21.9694671630859,891.662963867188
-787.276245117188,4292.875,878.79248046875
51.5133361816406,2278.7099609375,899.78857421875
3867.26513671875,4434.82275390625,670.736328125
1410.13793945312,3389.45239257812,795.643737792969
-3170.65063476562,-1218.22180175781,661.972290039062
-3407.8095703125,3556.79345703125,913.520935058594
-3288.65087890625,2193.36157226562,926.541870117188
-1482.47241210938,-1420.13134765625,480.974731445312
2303.2470703125,2299.08642578125,777.502075195312
-3057.3271484375,-3179.20043945312,626.5986328125
265.411376953125,-1368.90502929688,419.001098632812
4033.45239257812,-1113.93811035156,263.084686279297
1508.40112304688,4074.10888671875,775.034423828125
3923.71875,-273.965667724609,462.002746582031
-572.09619140625,4521.8212890625,875.410461425781
267.579742431641,-1371.43615722656,419.386016845703
-3646.81884765625,-207.125381469727,562.468811035156
-1773.06713867188,-2558.67431640625,382.732391357422
1645.19897460938,2345.10791015625,849.835083007812
-2562.216796875,2540.46850585938,896.85546875
1654.11389160156,1837.17980957031,822.941040039062
278.211090087891,4480.26611328125,837.477172851562
327.794799804688,-986.090270996094,437.691101074219
4120.1806640625,-1131.20751953125,295.903625488281
3793.55981445312,3282.25219726562,806.526428222656
2788.17602539062,-2200.2763671875,250.472366333008
-3573.7275390625,2303.36499023438,921.030456542969
2793.98291015625,3917.244140625,740.532836914062
-3350.11840820312,3646.49658203125,940.926025390625
162.43000793457,-2317.8359375,308.933959960938
2791.982421875,3914.6240234375,741.665893554688
3841.34814453125,-2327.6162109375,262.24658203125
-552.470397949219,4228.61767578125,864.013793945312
4240.59228515625,3469.80737304688,809.476928710938
266.044677734375,-1839.55322265625,388.532470703125
1993.13659667969,-1100.29760742188,549.605712890625
-688.810180664062,-885.9716796875,869.208862304688
3164.94848632812,-3092.115234375,130.108459472656
2107.44848632812,1799.03076171875,832.378540039062
1020.51098632812,-2569.958984375,302.088623046875
-3598.73608398438,3729.3447265625,872.806518554688
-3629.86279296875,150.025085449219,652.901000976562
3924.79418945312,-995.080810546875,212.590911865234
2007.40454101562,1808.02160644531,829.168884277344
1383.54064941406,-712.344299316406,570.219116210938
-1152.5146484375,-2270.0732421875,307.619201660156
-3118.13500976562,4140.86181640625,942.468994140625
2726.17797851562,-1334.31005859375,335.650268554688
-3093.44287109375,1531.26647949219,889.89794921875
-3234.28540039062,1343.45568847656,868.572937011719
-2520.12109375,1773.73388671875,906.320617675781
2173.01611328125,506.549560546875,845.762817382812
3657.61767578125,-2515.93969726562,232.47721862793
-1473.42407226562,2657.76123046875,913.741821289062
-78.3942794799805,3590.29052734375,849.676513671875
891.935668945312,-371.529663085938,596.88671875
2153.71435546875,552.387145996094,843.104064941406
625.90478515625,-2859.2255859375,250.482574462891
-2198.95361328125,-830.30517578125,893.785888671875
2381.44091796875,-770.318054199219,507.085327148438
311.466979980469,-1957.3779296875,363.153533935547
3269.22119140625,313.570434570312,774.4677734375
-2832.13403320312,1871.3857421875,912.840087890625
-2695.41552734375,1852.62536621094,915.327270507812
-254.79460144043,3567.34448242188,853.979248046875
1183.20263671875,-1414.58850097656,417.450103759766
2212.46264648438,2373.79418945312,811.922729492188
3320.92724609375,578.540283203125,733.71826171875
3806.07763671875,1797.70520019531,792.863403320312
-483.704711914062,-2785.08056640625,372.371429443359
3411.6064453125,-1086.74731445312,441.662719726562
383.493408203125,-975.952575683594,427.737396240234
-2449.50561523438,325.500671386719,905.739685058594
-3264.0654296875,-1746.42883300781,633.159729003906
-2089.66162109375,1748.068359375,927.61083984375
446.51513671875,2192.59643554688,861.515869140625
3292.83935546875,1677.80358886719,815.944396972656
-3265.99365234375,-889.297241210938,790.907592773438
-2887.72436523438,34.7869987487793,895.575622558594
632.145935058594,4249.04736328125,816.122619628906
1145.48608398438,3054.29296875,823.325134277344
-454.33740234375,-2161.9775390625,483.600677490234
-2552.0244140625,4699.970703125,888.9853515625
370.060638427734,539.148132324219,805.392883300781
2276.58325195312,3899.1044921875,825.767700195312
175.681427001953,-811.178039550781,493.722900390625
3808.61694335938,3261.02612304688,809.085998535156
105.142181396484,-1115.87915039062,472.155426025391
-2693.71728515625,2455.24096679688,902.554809570312
-242.178146362305,3775.58740234375,861.565795898438
77.6626815795898,2299.66235351562,894.274291992188
3266.63525390625,-977.946044921875,507.915588378906
2997.98828125,3965.01025390625,733.322387695312
-1288.89782714844,-2848.37817382812,291.317657470703
-2315.61401367188,2368.56420898438,887.840576171875
3349.51318359375,-1261.37292480469,439.088989257812
2696.8974609375,4326.0341796875,825.730529785156
3788.57373046875,4300.7587890625,708.347778320312
-2949.71557617188,-221.126129150391,821.189819335938
3851.72387695312,-2322.34814453125,265.741546630859
3818.35522460938,-2625.70556640625,282.9462890625
287.347717285156,-1848.63061523438,383.294616699219
2320.04541015625,4511.38037109375,848.0927734375
2258.08129882812,4530.90234375,843.223083496094
1848.72204589844,2021.14685058594,831.851623535156
1063.44873046875,3094.0244140625,854.152221679688
-320.119812011719,3593.85888671875,852.555114746094
3647.8974609375,2015.55200195312,802.76318359375
2412.158203125,4468.7587890625,848.37060546875
1602.13073730469,-2057.52075195312,503.323364257812
3562.66235351562,1829.40100097656,799.292724609375
515.338317871094,-2972.97778320312,269.659912109375
3829.40600585938,-2431.88403320312,266.133758544922
967.856506347656,1571.23364257812,893.613403320312
-250.734802246094,3537.6015625,857.308288574219
4103.37255859375,-873.002502441406,243.829254150391
-833.07470703125,-854.56396484375,865.601440429688
-2575.51513671875,1678.15478515625,887.62255859375
-3528.12817382812,1132.81079101562,613.181640625
-2138.78125,-259.571197509766,877.827331542969
1923.66662597656,1848.74108886719,817.167785644531
2362.55883789062,4413.35986328125,847.583862304688
-2128.5966796875,2392.82568359375,897.749450683594
-535.9287109375,-3069.96826171875,301.707672119141
-1138.77563476562,2170.7841796875,901.077209472656
2536.71044921875,266.942687988281,823.406799316406
-2838.26831054688,-143.842071533203,834.144409179688
-3131.2421875,3614.87255859375,923.885864257812
-299.540985107422,4016.546875,868.8525390625
544.660400390625,4225.0048828125,821.871520996094
3783.25854492188,-2656.8974609375,273.439331054688
1744.0927734375,-3205.77294921875,235.217239379883
-3619.7900390625,-99.8415451049805,596.207885742188
2302.00244140625,2052.357421875,799.063598632812
-2215.33056640625,1804.52465820312,940.137329101562
251.946075439453,-1783.64904785156,401.964263916016
1490.97436523438,1650.01245117188,840.78759765625
-2739.9931640625,285.679931640625,894.498657226562
3886.439453125,2993.69116210938,802.643188476562
-1730.22521972656,-1904.57189941406,452.201934814453
-1729.5712890625,-1799.93505859375,466.743713378906
-376.816986083984,4496.02880859375,857.344421386719
643.125427246094,-1747.74182128906,322.200653076172
-1373.47302246094,1848.35888671875,918.770080566406
-3075.08129882812,112.500961303711,902.843017578125
-2402.76708984375,-2756.09619140625,433.952270507812
2605.51879882812,4642.9345703125,801.239318847656
2296.42138671875,195.019653320312,847.106079101562
-2900.20385742188,-3176.28173828125,589.003845214844
3901.92211914062,395.300476074219,767.941162109375
-2602.6533203125,220.523162841797,909.9765625
26.895902633667,-1261.79541015625,467.536010742188
-2686.95141601562,199.187850952148,904.109802246094
114.87183380127,1192.79602050781,846.519653320312
4151.0224609375,-22.1984977722168,734.990112304688
2374.29638671875,165.938049316406,842.81640625
1717.83813476562,1283.37231445312,861.864807128906
1412.27563476562,4033.66845703125,784.410400390625
3520.8837890625,555.5302734375,736.507934570312
3870.70947265625,-2540.78369140625,296.262329101562
3967.185546875,3409.689453125,804.189086914062
2266.3388671875,4420.45703125,821.845458984375
2717.51513671875,3251.11499023438,732.809814453125
2942.0390625,-2059.61083984375,247.786682128906
-1965.66467285156,2309.6552734375,925.743774414062
2186.181640625,3757.10546875,837.750610351562
-3318.771484375,3329.90185546875,865.218688964844
404.569610595703,4454.8828125,804.225402832031
3390.498046875,4535.6650390625,619.1630859375
2222.66186523438,452.38232421875,843.436340332031
441.008483886719,-644.848876953125,434.257629394531
647.346557617188,4281.0400390625,809.008972167969
4125.6787109375,3591.63745117188,807.151123046875
2336.8916015625,-791.869934082031,529.770141601562
1920.89831542969,1674.98205566406,848.383666992188
2029.95812988281,598.910705566406,849.63037109375
886.2255859375,1316.02197265625,885.961059570312
-952.818176269531,3168.09301757812,858.358154296875
2642.97729492188,2062.77172851562,796.176025390625
231.8525390625,1028.50659179688,847.85107421875
2156.6083984375,-1989.13439941406,408.986022949219
-2160.94287109375,-2261.8876953125,407.237945556641
2439.42041015625,2746.859375,823.709838867188
-2360.421875,1705.16137695312,955.744140625
-1098.25817871094,-3012.5771484375,211.278991699219
1038.56372070312,2825.16040039062,840.560791015625
127.377487182617,2040.88305664062,901.64794921875
1379.94812011719,-1665.32958984375,451.421203613281
701.287475585938,4355.34423828125,823.935363769531
-1430.81762695312,-1184.86010742188,509.452545166016
527.298950195312,3088.802734375,853.336364746094
3461.0234375,1243.98583984375,764.07568359375
-1804.45959472656,-1398.30249023438,580.091003417969
60.9855270385742,1161.19506835938,849.871215820312
3740.8212890625,-2432.1904296875,238.883834838867
265.975738525391,-1794.81323242188,397.329040527344
374.122344970703,521.415649414062,809.364074707031
1266.89428710938,-1396.73303222656,443.076293945312
-3215.15649414062,1339.15344238281,871.800842285156
2841.06323242188,-1261.96557617188,318.385955810547
-3294.28100585938,-2587.69604492188,606.246398925781
-3043.8408203125,97.3042449951172,903.8994140625
4017.798828125,3308.12182617188,802.543212890625
2088.9599609375,2202.16870117188,807.754028320312
487.054931640625,4491.4072265625,791.174194335938
2454.77392578125,-815.277465820312,457.081146240234
-498.697998046875,-2933.24731445312,359.225952148438
2234.68139648438,2353.482421875,801.791748046875
4088.99609375,-1200.322265625,282.369110107422
-1736.80639648438,3010.60327148438,911.823791503906
1634.81396484375,-3059.93017578125,257.095428466797
-2353.76000976562,3424.21142578125,907.936462402344
-2777.15185546875,2493.6123046875,921.975952148438
-569.481689453125,2736.28198242188,892.668334960938
-2829.39135742188,1842.9931640625,914.202514648438
415.934204101562,2248.38989257812,872.681640625
2456.05712890625,173.400665283203,831.325073242188
2119.45922851562,-2362.00805664062,311.706695556641
4125.70849609375,3590.87524414062,807.111450195312
68.1818313598633,-1332.71215820312,453.689910888672
-1893.74645996094,-2147.61303710938,412.756713867188
-1185.78076171875,579.538269042969,880.565612792969
471.9794921875,-2772.11694335938,310.892944335938
-577.938232421875,1806.0205078125,900.587097167969
-1885.90588378906,1787.57946777344,936.056335449219
-202.050735473633,1116.57958984375,862.732421875
-201.501480102539,-2423.0537109375,373.846496582031
-3340.91772460938,3733.06713867188,937.049926757812
-541.455261230469,-827.494873046875,865.558959960938
-2828.94604492188,1844.08227539062,914.255432128906
-1836.05078125,-2193.56787109375,398.376678466797
1190.09790039062,4072.34521484375,826.271606445312
-2839.2978515625,4692.02392578125,909.927917480469
2379.34619140625,-2023.32995605469,327.138977050781
2351.6259765625,2456.03637695312,801.702026367188
-3719.82885742188,-1828.10107421875,923.267456054688
3072.87646484375,-1542.20373535156,267.270935058594
-120.194351196289,-2507.25610351562,363.509033203125
3638.8759765625,1716.74060058594,802.927124023438
3924.0390625,1784.06079101562,798.058227539062
109.912117004395,-1952.51403808594,401.363311767578
-1344.5380859375,-1608.37231445312,413.468200683594
1249.35375976562,1122.31042480469,862.818115234375
2186.39501953125,2434.03466796875,832.514282226562
-3106.46826171875,3680.24267578125,928.78515625
2131.3564453125,-2352.27124023438,310.739562988281
-1831.74682617188,-2195.16284179688,396.498168945312
2461.91650390625,508.064178466797,807.67041015625
4091.5771484375,-195.166625976562,610.256591796875
3386.400390625,1873.82165527344,811.654418945312
356.984008789062,3010.29614257812,845.9501953125
409.442474365234,-1369.66943359375,396.808013916016
505.084442138672,-2660.78271484375,271.22900390625
-3668.17431640625,1454.73510742188,701.573181152344
-2687.70825195312,4733.9609375,903.944458007812
-3699.34985351562,-145.045288085938,571.298461914062
1458.82885742188,3514.25463867188,795.443908691406
2612.72265625,4144.5390625,786.263671875
1761.82067871094,1689.02282714844,821.244262695312
-3493.66845703125,1137.33154296875,609.227722167969
-3538.01098632812,1115.32263183594,607.661682128906
-1573.603515625,-1696.8984375,444.153198242188
-3493.203125,1133.10913085938,607.243469238281
-335.700073242188,-118.732299804688,850.366638183594
-2698.37280273438,104.782485961914,910.4970703125
2001.58520507812,-729.949951171875,821.959533691406
1065.96765136719,-1977.67517089844,291.082885742188
4227.845703125,3332.3701171875,805.688537597656
-1598.47229003906,1766.00988769531,929.28564453125
1251.61657714844,-3126.4619140625,274.300354003906
-2908.8720703125,-233.6484375,816.187438964844
216.507568359375,-1581.42211914062,415.492126464844
2068.34545898438,4118.546875,815.932373046875
362.856140136719,-1242.857421875,413.326843261719
124.584136962891,2111.77783203125,892.506774902344
1141.17102050781,2970.666015625,818.431762695312
907.11181640625,1460.10583496094,892.008605957031
-2557.36987304688,-2867.20166015625,488.900085449219
-526.3994140625,-2743.68212890625,382.57666015625
-985.253662109375,-771.324340820312,847.717102050781
195.212829589844,2239.1015625,882.463439941406
-3392.2373046875,1388.07836914062,742.743286132812
536.012817382812,634.540405273438,839.555297851562
-410.287322998047,1588.52160644531,916.166381835938
2245.93481445312,2288.263671875,779.768615722656
-2221.27026367188,1816.64709472656,945.627136230469
4040.60107421875,3765.95263671875,794.437927246094
2029.33142089844,1848.80603027344,818.836120605469
851.7392578125,1507.52319335938,883.414123535156
-576.420959472656,4163.404296875,865.968872070312
232.314514160156,-1391.85729980469,427.198455810547
-2669.02734375,4726.84228515625,903.288940429688
2343.38549804688,551.086853027344,828.659545898438
-3479.6103515625,3761.6220703125,898.520690917969
457.978942871094,2972.53540039062,856.486694335938
4222.48681640625,-22.0612926483154,712.208129882812
-3498.03540039062,1235.09680175781,629.1845703125
1027.76245117188,-3045.65014648438,232.776840209961
1018.84527587891,4110.9208984375,855.941528320312
-548.574157714844,1798.16369628906,903.7919921875
-2538.5869140625,-2704.92504882812,458.268249511719
-3221.08251953125,-2473.9306640625,580.053833007812
-988.386352539062,-818.470275878906,822.556518554688
-2784.6337890625,1726.48388671875,909.744140625
1662.55981445312,268.055786132812,849.99169921875
407.945007324219,3203.16479492188,843.0166015625
166.718872070312,-1713.13427734375,406.506713867188
-3286.73681640625,2130.86889648438,930.98388671875
-3378.5322265625,-1709.85961914062,689.949829101562
2033.33557128906,-1142.25952148438,528.502746582031
-3322.1787109375,3785.27563476562,947.9501953125
2329.50146484375,-280.796508789062,830.207641601562
-2352.53125,-2541.03955078125,373.794128417969
1289.001953125,-3119.37377929688,278.722778320312
1416.16040039062,-937.241943359375,588.845825195312
4144.1748046875,3371.33203125,803.296997070312
-2030.33569335938,-1529.03491210938,553.885559082031
1784.94555664062,1694.21997070312,824.342407226562
2568.09765625,4354.802734375,846.251953125
974.795654296875,1704.8056640625,872.782348632812
-3002.90649414062,-3149.60400390625,606.213012695312
1560.07543945312,-158.069351196289,833.902954101562
-111.86653137207,-2505.76049804688,364.177154541016
2418.166015625,591.121704101562,818.489501953125
3388.1982421875,1927.87573242188,816.181518554688
-2376.45385742188,1810.58740234375,949.394592285156
3379.36352539062,2353.23120117188,825.36474609375
3108.93896484375,2033.59069824219,815.202270507812
104.872001647949,4536.43994140625,852.648071289062
-2581.95336914062,1593.47131347656,878.117065429688
-785.866577148438,4350.5009765625,878.862915039062
601.95751953125,4105.2880859375,835.545593261719
-2698.6328125,2619.50341796875,942.2060546875
402.849060058594,-665.953979492188,451.474395751953
2801.109375,1219.3818359375,805.118286132812
4133.1337890625,3906.61376953125,747.9736328125
3282.26025390625,783.872741699219,734.558288574219
-1510.576171875,-1739.4931640625,412.703704833984
-2017.63671875,-1281.7001953125,685.3671875
-488.292724609375,4286.623046875,850.198120117188
19.6660919189453,1682.33520507812,865.1181640625
4031.4208984375,1698.546875,802.587158203125
-2573.06591796875,226.095428466797,912.142333984375
845.214660644531,1350.2060546875,885.294189453125
20.4490356445312,1684.18823242188,865.291381835938
3302.5283203125,2146.04858398438,829.411499023438
3771.11694335938,4636.0947265625,683.641174316406
313.863983154297,4356.591796875,817.653015136719
2484.02465820312,1301.41760253906,816.21337890625
2002.15087890625,2067.66943359375,809.632629394531
2314.43188476562,3510.59423828125,841.442138671875
344.536437988281,4493.99755859375,822.416259765625
3196.49658203125,-1842.43994140625,212.241424560547
2076.01684570312,1973.37329101562,804.208557128906
147.135299682617,4579.541015625,850.221557617188
-1989.01306152344,4678.8720703125,893.808959960938
243.044708251953,2484.08862304688,860.135986328125
1718.50732421875,2916.59814453125,839.709106445312
4037.7587890625,1631.49060058594,807.238220214844
2325.1220703125,2296.2255859375,779.741149902344
3007.6845703125,-2379.6376953125,217.481033325195
-2764.595703125,-313.428863525391,835.135986328125
1586.59680175781,2069.82153320312,869.442016601562
-557.027221679688,-2816.92895507812,385.708221435547
1736.86865234375,-589.638000488281,816.884765625
-713.7197265625,3850.90380859375,873.473999023438
-1922.71520996094,1823.26171875,948.68701171875
218.173889160156,-1733.72094726562,407.504577636719
2233.27294921875,432.943969726562,840.893310546875
3097.4765625,3896.98583984375,716.908813476562
2534.4775390625,-898.398132324219,408.322906494141
1859.70080566406,-640.8154296875,817.955383300781
1457.11938476562,3993.98388671875,789.701782226562
1965.00744628906,1477.16748046875,845.659362792969
3311.72583007812,1661.39685058594,816.286560058594
-2165.62060546875,1721.05126953125,902.749694824219
-1190.3671875,411.688842773438,888.337280273438
-509.608337402344,4233.7861328125,855.982543945312
-3685.24926757812,2296.42065429688,924.148803710938
-551.463134765625,-2813.90283203125,388.342498779297
-374.192016601562,3553.34619140625,857.822509765625
1660.83996582031,1254.07397460938,867.054870605469
-2753.5712890625,2757.73706054688,934.54052734375
2487.07348632812,2656.8173828125,807.671691894531
1042.78857421875,3206.94873046875,846.173706054688
-444.510375976562,-505.996978759766,854.277221679688
-2979.62646484375,2559.65112304688,932.611999511719
3977.6748046875,-2536.875,340.576232910156
3445.0107421875,-826.832275390625,459.409057617188
-1299.23388671875,-1715.1904296875,372.350769042969
998.14892578125,-3104.46020507812,246.818267822266
4067.060546875,1634.58349609375,804.973510742188
1056.130859375,3119.92651367188,852.756530761719
-792.58251953125,-971.002685546875,858.746704101562
-1637.130859375,-1082.28686523438,580.314270019531
-3455.6474609375,2290.74560546875,918.241149902344
-2263.7646484375,-256.760894775391,887.323913574219
-3055.31298828125,-601.304565429688,805.205749511719
1677.50341796875,1633.60815429688,825.627807617188
3075.71948242188,-3119.65625,120.249877929688
-77.2243957519531,1184.43298339844,852.910339355469
264.874603271484,4509.74755859375,841.628295898438
-174.061309814453,660.307006835938,835.566711425781
2249.1884765625,1869.15283203125,831.028137207031
-2688.94067382812,4630.56591796875,905.401489257812
-353.167602539062,2491.876953125,887.060241699219
2013.50219726562,1381.76831054688,835.546997070312
-2440.28637695312,1690.07751464844,939.414916992188
3701.97265625,1967.794921875,795.604309082031
338.405578613281,4270.95556640625,807.49072265625
-3040.13305664062,-601.076477050781,811.657897949219
-1724.83374023438,-212.343002319336,851.437805175781
4039.0537109375,-2572.73779296875,350.016235351562
2074.2783203125,1394.62731933594,831.283508300781
-2274.4267578125,1722.74291992188,940.8818359375
-2255.19409179688,-254.261688232422,886.601379394531
2349.85888671875,-2076.98095703125,336.889953613281
-3530.80249023438,2303.32763671875,919.495483398438
371.499542236328,-1543.77685546875,408.928924560547
2468.962890625,216.508422851562,833.189453125
2077.94189453125,-1791.31640625,445.954986572266
4205.44140625,-686.752197265625,313.458068847656
-28.8915348052979,-1630.94445800781,449.298675537109
-1639.34448242188,1804.29028320312,924.760314941406
-1568.78491210938,1767.16723632812,929.2451171875
-3399.67041015625,-1796.50317382812,674.605224609375
-1946.259765625,1836.6416015625,949.738952636719
3193.09741210938,3924.91040039062,670.431945800781
1484.7548828125,-90.1020126342773,815.869934082031
3862.166015625,3292.18359375,807.207153320312
2358.2412109375,-1863.68701171875,365.27783203125
-247.803833007812,3632.20263671875,842.830078125
-3330.05615234375,2227.10473632812,922.821044921875
4046.25732421875,3351.45043945312,802.016296386719
-3332.93774414062,-1031.90966796875,834.145446777344
-1447.48974609375,711.256652832031,854.866088867188
-3257.21337890625,-1115.66821289062,826.181884765625
-891.953369140625,2543.40454101562,871.509033203125
-26.23828125,-1634.94702148438,449.00048828125
301.186370849609,-1228.73583984375,419.661010742188
-3624.99267578125,-1714.50170898438,904.883972167969
148.018585205078,1265.21276855469,844.019653320312
2105.19946289062,4612.44384765625,839.220703125
2270.32739257812,-1413.90393066406,437.789337158203
-232.195556640625,3663.95385742188,849.27685546875
-2991.85815429688,2853.23266601562,903.202026367188
-455.793975830078,-830.809997558594,848.074523925781
2584.75366210938,-941.262145996094,384.871643066406
3938.55932617188,415.132446289062,783.198974609375
3712.38525390625,1715.71704101562,799.860107421875
768.241516113281,-2769.77856445312,220.576385498047
3591.04638671875,2040.82861328125,805.787536621094
12.0826072692871,-1769.95458984375,437.62646484375
2235.03759765625,413.195556640625,838.309814453125
207.912002563477,1291.44348144531,852.555053710938
-2262.94677734375,-255.029205322266,887.168823242188
2291.76025390625,-1951.74694824219,370.598205566406
-3117.71337890625,-1337.61010742188,589.021606445312
-1861.60302734375,4268.21630859375,850.457641601562
2392.142578125,2646.62280273438,825.192138671875
1662.71740722656,1513.28393554688,844.430419921875
2248.5634765625,2168.00073242188,787.358032226562
-2731.54638671875,2490.54443359375,916.797973632812
4062.04345703125,3768.07861328125,792.925537109375
4101.74853515625,1182.30676269531,814.125915527344
1552.25415039062,3281.455078125,828.056640625
712.049865722656,3389.49365234375,862.854797363281
-3534.29638671875,-920.081420898438,670.248413085938
4045.2294921875,3314.15771484375,801.753479003906
-2477.71630859375,1733.78796386719,918.738464355469
949.924011230469,1549.73522949219,894.813171386719
2445.12622070312,4567.64306640625,827.874450683594
-1771.30224609375,-1918.49792480469,436.274475097656
2606.6650390625,3724.59814453125,808.964233398438
696.779479980469,-2891.78369140625,244.273696899414
2543.8408203125,-892.472290039062,403.479797363281
1758.830078125,1923.00964355469,818.705383300781
-2982.54858398438,128.957550048828,902.176086425781
-2858.416015625,4457.54296875,912.112487792969
2380.07299804688,2598.26342773438,812.891906738281
-1367.01684570312,-3111.3173828125,277.504028320312
2170.7900390625,-1733.45959472656,429.379333496094
1426.6962890625,4194.2177734375,804.260925292969
612.366088867188,4272.755859375,813.682067871094
565.599731445312,-1686.71020507812,342.240356445312
-1514.53125,-1800.85998535156,395.231262207031
4113.68212890625,1178.04248046875,813.57470703125
1566.96850585938,3065.4677734375,819.391967773438
4235.62353515625,1616.40954589844,807.497253417969
291.356201171875,-583.073059082031,499.486236572266
-2270.86279296875,2477.12255859375,881.595092773438
233.676513671875,-607.063232421875,498.956604003906
4044.51806640625,3349.17919921875,802.036193847656
-2634.48291015625,300.276489257812,901.926147460938
2865.60302734375,-1381.94421386719,310.311431884766
-2102.28051757812,4708.69775390625,887.66259765625
1621.62670898438,-1986.328125,533.827697753906
327.591186523438,-1568.90551757812,411.415954589844
1527.24096679688,1800.64501953125,844.271240234375
1590.62341308594,2070.03491210938,869.584045410156
-2814.24926757812,282.2802734375,890.096252441406
1358.82836914062,4745.32958984375,786.593688964844
872.317810058594,-594.149230957031,521.014953613281
-754.709045410156,3791.17529296875,870.58544921875
-1514.33081054688,-330.928497314453,840.955200195312
-1819.0087890625,-2482.73950195312,384.928253173828
-889.021789550781,2641.939453125,869.412902832031
3329.27880859375,2291.591796875,822.766235351562
-526.491638183594,1792.4013671875,906.547973632812
891.73193359375,-400.826965332031,575.752807617188
267.987335205078,-987.251220703125,458.327270507812
-604.174133300781,1284.2822265625,920.045104980469
2369.0439453125,4408.95556640625,848.981750488281
1288.37145996094,-3178.78662109375,249.210571289062
1639.45629882812,1193.08508300781,870.533996582031
1191.20825195312,2905.51953125,824.055053710938
-3608.62817382812,-453.782470703125,532.326965332031
-217.880905151367,3506.478515625,851.6240234375
3781.96801757812,1837.91381835938,790.673583984375
1243.45703125,-2704.78515625,242.895538330078
-3016.0791015625,-2644.9521484375,542.493103027344
2363.34765625,-1414.2548828125,388.791748046875
-1349.4248046875,-1695.34484863281,394.237213134766
-538.532897949219,4361.0712890625,862.996948242188
3147.68774414062,-2906.26708984375,130.924835205078
340.569763183594,485.688659667969,810.772094726562
-174.670867919922,1102.3046875,863.550048828125
-1661.12963867188,-289.380554199219,847.88671875
4240.43359375,1716.46166992188,802.696533203125
-291.233764648438,3434.21655273438,864.88916015625
2409.04931640625,3564.44995117188,823.26708984375
2087.900390625,618.261108398438,839.588623046875
-2991.73120117188,-2621.65161132812,539.759826660156
-2629.76489257812,429.5869140625,917.330871582031
-282.019470214844,1172.08972167969,865.851928710938
2406.68823242188,360.568542480469,815.923645019531
3838.98828125,1733.48657226562,797.797668457031
-826.038757324219,-953.066589355469,848.561218261719
-499.605621337891,4137.28466796875,857.719177246094
1693.22631835938,1946.02990722656,822.99658203125
2335.57153320312,2563.619140625,806.935546875
906.693115234375,1520.154296875,889.853271484375
-3475.48413085938,3596.01538085938,913.126403808594
-1609.45581054688,2911.80590820312,919.631225585938
1685.48901367188,17.7467060089111,828.982666015625
-552.109008789062,759.507080078125,875.241882324219
2324.0087890625,4566.6181640625,845.599975585938
-1414.02575683594,676.547546386719,856.037414550781
-2762.67431640625,4514.48486328125,900.169311523438
3851.89282226562,3196.92626953125,811.580139160156
-2606.39819335938,2569.3232421875,917.65966796875
-3272.53759765625,3553.33251953125,923.422973632812
-3449.65405273438,3642.37646484375,919.21435546875
2572.38110351562,290.601257324219,823.467956542969
-1884.15954589844,-1734.61877441406,472.676452636719
1995.93469238281,1788.83801269531,832.645751953125
4180.75146484375,3232.01782226562,799.341369628906
-3435.50463867188,-2843.41748046875,719.38623046875
961.94873046875,1736.11437988281,868.619812011719
1463.71704101562,-3154.30932617188,289.892791748047
1848.126953125,-3215.45874023438,218.963714599609
2100.86767578125,1983.24731445312,804.413452148438
-2932.70532226562,4352.33203125,916.765869140625
-3645.32885742188,87.1858673095703,627.524719238281
2254.67236328125,562.254821777344,837.95068359375
2404.40673828125,-2415.93676757812,267.96728515625
-2184.83569335938,-977.242492675781,891.570861816406
1977.59106445312,1713.90283203125,845.69091796875
-3698.369140625,75.7530059814453,607.974487304688
-3724.5712890625,1325.00830078125,624.234008789062
3164.56689453125,-1196.76708984375,397.265197753906
-3620.57934570312,281.782257080078,641.001892089844
581.363586425781,4374.294921875,802.768371582031
1635.60546875,1575.91235351562,832.001159667969
-2200.9052734375,1680.85180664062,900.18896484375
-2666.31860351562,1756.65368652344,902.714233398438
3865.73583984375,1730.0693359375,798.612365722656
3575.28662109375,2050.8515625,806.536499023438
1083.24670410156,2935.0205078125,830.277038574219
-736.443359375,1019.87817382812,890.453002929688
950.610595703125,1477.00793457031,894.240966796875
-1762.8798828125,-2485.3173828125,379.089416503906
-1599.02185058594,-179.150802612305,842.416076660156
-776.113830566406,3729.72705078125,868.476013183594
2952.8857421875,-1639.48205566406,273.453002929688
-1830.73413085938,-1894.54541015625,433.353332519531
-1360.93481445312,1795.03967285156,922.566162109375
666.619384765625,4275.12890625,810.14208984375
2793.9482421875,-1339.32507324219,325.658020019531
3116.50927734375,-1215.59045410156,388.935913085938
2564.7734375,3378.44506835938,787.10546875
-21.3701801300049,-1851.72338867188,449.097106933594
347.968719482422,-1030.76892089844,443.084533691406
2882.998046875,-2414.92431640625,222.755310058594
285.259582519531,-1395.04174804688,420.729522705078
2971.31762695312,4100.9501953125,760.953735351562
3845.2822265625,3301.78686523438,807.376220703125
2889.552734375,-2124.83837890625,250.077270507812
2389.68041992188,4403.82470703125,853.934753417969
269.886138916016,-1590.1318359375,415.566284179688
-421.304229736328,4277.65185546875,843.101928710938
3298.9677734375,1707.86145019531,814.069091796875
2475.26684570312,3448.13061523438,823.919616699219
-1489.06188964844,4072.24243164062,865.737854003906
-2671.84301757812,4698.404296875,904.25146484375
267.666442871094,4486.92724609375,840.709838867188
-211.220642089844,1584.96350097656,857.686645507812
-916.188903808594,-2139.74145507812,350.406616210938
-2845.69458007812,1739.66320800781,892.258483886719
30.1309337615967,2066.56787109375,914.173828125
-2689.93212890625,2748.77172851562,937.081481933594
2242.38989257812,2399.79345703125,817.958679199219
2620.08935546875,-756.38037109375,427.058471679688
1958.33947753906,1944.75720214844,802.569030761719
-2257.2841796875,3836.76684570312,897.437927246094
2792.88940429688,-2267.39282226562,247.578125
-2175.60424804688,1681.77551269531,898.044921875
3904.98999023438,-2324.62915039062,289.198028564453
293.5087890625,4556.126953125,832.3837890625
432.838409423828,485.571258544922,823.716613769531
11.6366901397705,1488.98071289062,854.71728515625
-2195.99682617188,-2962.54052734375,402.49169921875
-2668.74584960938,-25.3717784881592,903.086486816406
2189.22998046875,487.401275634766,845.413391113281
1626.81066894531,1876.11010742188,832.357971191406
3803.10400390625,2308.3251953125,824.995483398438
3278.63061523438,2295.76440429688,815.918518066406
-1183.69091796875,-1551.21325683594,359.818023681641
3391.95092773438,1774.63818359375,806.826354980469
-3337.73681640625,3650.63208007812,942.071228027344
2325.18432617188,2400.05151367188,796.040832519531
4077.005859375,4055.82763671875,689.920959472656
1045.75500488281,-2652.8291015625,280.858184814453
147.104095458984,-1879.71508789062,395.696594238281
-2968.57983398438,2611.84985351562,924.945617675781
-1584.84594726562,-998.2744140625,574.307739257812
2161.49169921875,-2174.169921875,350.97802734375
-1015.90246582031,-147.217346191406,874.536926269531
-1549.96325683594,1734.26000976562,931.908203125
-2662.45263671875,-35.3730087280273,904.8359375
804.5869140625,-2466.04565429688,219.530136108398
2959.37182617188,-1476.30737304688,292.569946289062
2197.24755859375,3596.244140625,846.386352539062
4091.68603515625,4440.16650390625,678.452209472656
2957.29125976562,219.06201171875,796.188842773438
3133.59326171875,3944.18798828125,712.619384765625
-866.158081054688,2542.10400390625,868.993957519531
4079.64111328125,3769.98681640625,791.79541015625
3351.32543945312,1954.20629882812,823.643920898438
2336.03662109375,-2058.48706054688,346.708923339844
4072.5322265625,4625.9873046875,683.506896972656
-2268.5205078125,-840.800415039062,876.5498046875
753.436157226562,-960.768798828125,336.442626953125
-1983.12731933594,4481.79052734375,903.099853515625
-3359.71118164062,3828.427734375,935.989135742188
-1356.84643554688,1779.26953125,921.509460449219
3894.869140625,3043.10473632812,807.182250976562
250.157165527344,721.807006835938,848.80517578125
-2638.3212890625,1547.22509765625,869.59033203125
1903.5751953125,1797.82800292969,822.576599121094
289.949371337891,-1956.166015625,362.9697265625
2369.36840820312,3107.03466796875,815.971252441406
3726.54541015625,4524.0673828125,712.162963867188
-2040.4970703125,4367.158203125,901.88134765625
-3367.4501953125,3751.56713867188,930.762268066406
2594.5322265625,318.412506103516,820.524780273438
3184.6064453125,-1151.30261230469,417.444641113281
-2702.61865234375,2673.78515625,944.98046875
-171.776885986328,-2506.2890625,361.992462158203
168.268295288086,-543.884033203125,512.442016601562
339.974609375,-1293.91491699219,420.257690429688
4097.26025390625,-1888.47998046875,213.014175415039
3073.90966796875,-3190.76586914062,113.953308105469
382.849975585938,2131.27954101562,870.898376464844
-299.732849121094,2812.50610351562,873.189208984375
-2042.29052734375,-2197.5830078125,396.642578125
-2495.24072265625,-2926.2431640625,487.759216308594
1333.65356445312,4652.9921875,790.179748535156
118.754745483398,2128.0791015625,891.299438476562
3789.39404296875,-1684.83190917969,203.094879150391
2272.87744140625,2559.755859375,812.458740234375
736.15234375,1537.84106445312,876.131530761719
74.4976196289062,4512.837890625,852.441345214844
-1541.57080078125,-1924.20751953125,386.656982421875
3579.560546875,-2546.75610351562,213.362091064453
2859.57104492188,-2203.06420898438,242.674499511719
-3350.0703125,2317.1494140625,908.258422851562
-2515.09326171875,2356.296875,906.609008789062
2632.84619140625,397.49560546875,816.720825195312
3727.62353515625,1820.11865234375,793.097106933594
2530.9697265625,3447.53564453125,808.781005859375
368.219879150391,-990.907348632812,430.808349609375
-2038.60266113281,-2201.86108398438,396.916625976562
-279.354858398438,3492.41162109375,862.459106445312
-1022.14794921875,3772.35791015625,858.428344726562
2584.83715820312,4079.3330078125,783.384765625
-278.295623779297,4612.9345703125,841.539672851562
2379.09033203125,3342.72216796875,800.2685546875
-3409.83251953125,3180.5673828125,880.436767578125
4241.732421875,-843.525146484375,290.832214355469
-2404.3310546875,1819.69567871094,941.528991699219
-1875.83666992188,-2284.14697265625,411.017395019531
2250.28540039062,2889.26782226562,797.947631835938
-3002.01904296875,272.838531494141,887.028625488281
1536.65795898438,-131.655960083008,827.916320800781
-1880.51477050781,1882.119140625,931.732666015625
3369.11743164062,2478.38745117188,823.026794433594
1655.25158691406,-572.361755371094,794.035522460938
-2991.6318359375,1914.2373046875,900.218444824219
-2272.55322265625,-339.064453125,887.860229492188
-2427.07739257812,1793.61279296875,939.5244140625
-3476.79272460938,1149.53588867188,614.66357421875
3894.97143554688,1718.82653808594,800.3251953125
1083.38305664062,1593.55322265625,902.572631835938
990.551635742188,1259.84216308594,884.364929199219
2827.13696289062,-2496.55786132812,228.054611206055
-2563.93896484375,2767.35327148438,933.518127441406
114.377815246582,1127.60302734375,849.098266601562
3101.11962890625,1220.6494140625,803.626098632812
-2590.96752929688,319.102478027344,907.833984375
-1717.490234375,-317.876220703125,849.093078613281
208.061874389648,4443.49365234375,853.696533203125
3329.13427734375,1711.31494140625,812.192443847656
3907.09765625,3220.70190429688,806.089782714844
-2116.43212890625,-1304.26403808594,640.630187988281
2133.591796875,4550.38330078125,829.165161132812
-2752.68603515625,2633.38671875,944.21240234375
2369.37744140625,3356.12646484375,803.97998046875
-3028.21533203125,-215.954696655273,818.816589355469
-480.628631591797,-2986.17724609375,337.447570800781
270.833282470703,-489.7109375,504.717590332031
-2274.78295898438,-1042.41577148438,859.396118164062
-701.231018066406,4275.5615234375,873.434936523438
3565.9990234375,1966.20263671875,805.589172363281
1275.87145996094,-2522.345703125,300.01025390625
3359.67724609375,1011.78784179688,772.528930664062
2325.16455078125,2187.759765625,784.05859375
2014.06323242188,-1734.2060546875,468.146911621094
79.7737884521484,-1365.26342773438,451.378295898438
2453.63696289062,2087.39331054688,811.493408203125
3134.65087890625,2090.63500976562,825.627075195312
-88.4557342529297,1514.87646484375,862.449523925781
-1735.50219726562,1885.22802734375,906.147216796875
-641.944885253906,4226.33154296875,872.048461914062
2345.36279296875,-1924.18481445312,355.190856933594
-480.783660888672,1785.10986328125,913.154174804688
2603.36474609375,-793.24169921875,426.127746582031
1205.74829101562,1034.65588378906,863.093444824219
3772.048828125,-2630.7529296875,266.909454345703
-3604.72265625,405.712738037109,635.570068359375
3867.25341796875,3261.923828125,807.543579101562
2390.91455078125,-965.340209960938,452.962860107422
-2163.58544921875,-1285.72424316406,642.03955078125
512.261108398438,4476.39111328125,798.85009765625
2931.71948242188,4104.50146484375,772.629699707031
-3207.27416992188,-2586.97802734375,582.504638671875
424.3232421875,4534.9326171875,804.312683105469
-1246.84631347656,3748.02685546875,885.076904296875
3631.3779296875,1632.1083984375,808.326904296875
1601.82263183594,2213.55737304688,872.651123046875
3913.8720703125,4355.69384765625,661.664184570312
-3426.33203125,1146.6943359375,625.5625
967.105285644531,-326.031921386719,702.905639648438
2198.42919921875,-2229.62524414062,337.063110351562
-2883.69506835938,-2507.77026367188,511.857543945312
-518.84423828125,1860.99755859375,907.920471191406
1190.279296875,3942.87060546875,811.365478515625
-3420.59252929688,3570.2841796875,920.704467773438
-3060.56298828125,-156.231185913086,825.303955078125
-1718.1201171875,1841.64709472656,908.763549804688
-992.019409179688,-2935.03466796875,310.288818359375
235.538421630859,4710.853515625,838.487426757812
-3300.71044921875,-946.40771484375,821.984619140625
3529.193359375,-1621.29919433594,227.774673461914
4089.56469726562,-1135.88330078125,286.934936523438
-1605.78100585938,4242.1787109375,823.635009765625
2196.20483398438,1827.4716796875,835.076599121094
2792.12939453125,-1318.38061523438,328.558776855469
-2593.9736328125,468.23974609375,918.6103515625
2499.30053710938,-697.428833007812,489.785034179688
3506.140625,1772.65869140625,803.112121582031
1199.44250488281,-1552.54284667969,405.381683349609
32.4455146789551,4710.44091796875,817.414916992188
-3240.56127929688,-366.068786621094,643.221252441406
2589.66796875,384.133056640625,816.320617675781
1898.05627441406,-703.111877441406,819.691772460938
32.8711395263672,-1198.72106933594,478.115539550781
3333.64086914062,-1380.77673339844,387.242309570312
1676.73840332031,1723.02783203125,814.912841796875
1489.35180664062,3281.03344726562,813.384826660156
1668.787109375,-3092.29736328125,239.627868652344
4079.80346679688,3175.103515625,800.458740234375
4084.5185546875,3592.61157226562,805.087585449219
-143.19416809082,1169.85754394531,855.149353027344
-974.186340332031,3700.68334960938,859.694274902344
1096.23547363281,-2549.32543945312,336.185211181641
3633.4814453125,-518.920166015625,366.681457519531
-2746.607421875,2436.74975585938,905.187255859375
-3600.76953125,321.712005615234,640.548522949219
-467.599212646484,2630.45727539062,895.243835449219
3792.04443359375,1681.56420898438,799.783569335938
4030.53051757812,1770.57238769531,799.610534667969
375.633666992188,4708.4150390625,815.404968261719
-3367.0224609375,3760.79907226562,932.698608398438
-693.343444824219,1085.69165039062,883.942504882812
1512.52368164062,-147.155654907227,827.014404296875
3466.61596679688,4108.0302734375,727.371337890625
924.501098632812,-2392.42138671875,239.52848815918
-1041.44165039062,3804.08935546875,859.084655761719
-915.448181152344,-695.205444335938,873.313720703125
356.808654785156,-1821.94946289062,370.886993408203
-2581.10473632812,-1325.93859863281,508.082702636719
1403.18884277344,-1622.84997558594,471.134521484375
888.947814941406,-2517.26635742188,275.887939453125
2239.50341796875,-1914.35668945312,388.689147949219
64.5156936645508,4602.974609375,842.388061523438
1733.51062011719,-2999.900390625,272.132751464844
-1112.73413085938,-1664.57849121094,339.6728515625
-1790.51000976562,660.808837890625,881.917785644531
2175.44287109375,-2445.63671875,269.593475341797
4009.322265625,-134.186447143555,715.516967773438
-2872.84423828125,1987.28430175781,914.942077636719
-3080.19287109375,3831.6875,960.056701660156
-415.983703613281,4355.4599609375,845.793701171875
141.961791992188,-1465.34143066406,451.031677246094
2146.42553710938,1638.48999023438,859.920654296875
-1151.24072265625,-1517.66955566406,358.114044189453
311.049682617188,-1325.11669921875,413.739379882812
2620.14038085938,4460.16845703125,821.490661621094
-474.202209472656,-2877.00805664062,370.670654296875
1685.201171875,1035.28881835938,879.754028320312
2437.8857421875,4399.11376953125,857.615356445312
-360.502014160156,4500.033203125,855.14501953125
-726.869567871094,4347.62451171875,874.064270019531
-3075.8857421875,1486.1064453125,888.003845214844
-558.158569335938,1749.1689453125,905.294189453125
1542.45617675781,-3181.76196289062,287.102172851562
231.129638671875,689.820190429688,848.42431640625
89.8743133544922,-591.02587890625,519.622924804688
-2660.6748046875,4686.72705078125,902.538330078125
852.259704589844,-2675.46264648438,197.040557861328
-233.542739868164,3615.3701171875,841.618774414062
2488.04370117188,299.491027832031,822.498413085938
335.219177246094,4380.701171875,815.297729492188
911.342590332031,-2437.87622070312,248.112640380859
-2190.5107421875,-1029.84765625,875.40234375
3782.18676757812,-2572.95751953125,267.839050292969
-896.806701660156,2626.076171875,871.606506347656
2085.25610351562,4216.90771484375,831.40869140625
-213.986633300781,3649.12060546875,839.548645019531
2649.40625,-799.687622070312,406.115142822266
3976.6552734375,3104.806640625,801.043579101562
3460.17211914062,1105.20336914062,721.018737792969
3914.60205078125,1521.53393554688,814.06640625
251.442581176758,4430.86669921875,843.244873046875
284.054107666016,4614.7197265625,830.819885253906
4019.50537109375,4201.01611328125,648.428039550781
1053.10461425781,3202.3603515625,846.1904296875
-2402.02465820312,1632.10827636719,953.228271484375
4042.08471679688,3620.73095703125,804.792907714844
-269.104736328125,3462.2578125,862.112854003906
-1089.3994140625,3835.021484375,865.166198730469
507.716796875,-2861.091796875,295.012573242188
479.724395751953,-1392.5234375,380.83642578125
-2779.71435546875,4500.1025390625,901.4921875
1297.05297851562,-1420.36877441406,455.532165527344
-1623.72509765625,-2075.80419921875,429.049865722656
-2311.9384765625,-2757.44604492188,390.233764648438
-3618.50756835938,24.4652328491211,610.479919433594
2270.66479492188,4500.587890625,840.092102050781
254.987152099609,4613.3759765625,840.221923828125
382.325225830078,4713.423828125,814.004028320312
2415.26440429688,4200.4189453125,843.941772460938
-2403.6357421875,1632.32482910156,953.11669921875
219.218292236328,4716.3017578125,836.93994140625
4032.4658203125,3823.92895507812,775.258850097656
-3668.0478515625,-87.9096374511719,576.239135742188
1565.54321289062,1679.44775390625,830.445434570312
418.185241699219,468.670959472656,819.121887207031
-2153.84790039062,-823.928100585938,887.659912109375
996.100402832031,-171.863357543945,843.25537109375
4133.53759765625,4217.54736328125,688.681030273438
2514.49389648438,4468.09033203125,835.232360839844
-3579.91064453125,3803.650390625,882.518493652344
-2589.6728515625,-2841.02392578125,491.082336425781
3852.38061523438,-2709.14697265625,304.005676269531
-1158.97497558594,-1647.22705078125,333.00244140625
-821.012756347656,3702.40258789062,853.764770507812
908.736450195312,1607.72778320312,879.948059082031
-1925.82397460938,2297.802734375,921.994995117188
-2708.01538085938,209.134826660156,903.1484375
-1784.09375,-1754.32385253906,508.127105712891
2648.373046875,3951.08715820312,772.852783203125
2359.12939453125,152.742935180664,843.515747070312
2173.73168945312,-1503.59350585938,466.934814453125
3787.37548828125,3387.83154296875,775.51513671875
1947.34704589844,-2828.25,194.630020141602
1567.873046875,-154.663391113281,834.0712890625
1022.83740234375,-2775.17749023438,241.911575317383
1663.14294433594,246.102508544922,850.145202636719
3499.603515625,-1332.41723632812,372.867095947266
-3693.00366210938,517.419250488281,623.766967773438
3982.4267578125,3243.85717773438,802.44287109375
3251.75024414062,-1200.25927734375,422.312896728516
-1134.23620605469,-1519.46850585938,360.875610351562
1517.61157226562,-70.2491073608398,817.22607421875
201.993423461914,-1736.70397949219,407.606689453125
3585.6328125,1684.51599121094,806.648803710938
-2426.06958007812,95.8056411743164,890.620422363281
1915.86108398438,1610.04345703125,854.551635742188
2586.138671875,-2031.84301757812,279.5966796875
-2244.14819335938,2541.85131835938,873.139221191406
-2604.63916015625,1715.27453613281,880.104248046875
298.397796630859,-1075.4267578125,453.482727050781
775.284729003906,1419.72631835938,885.773864746094
-442.432952880859,1646.09619140625,918.834106445312
4134.064453125,1580.634765625,806.092102050781
-557.648071289062,-3180.82373046875,240.549331665039
-1794.15588378906,4367.50244140625,844.877990722656
-2736.28759765625,-15.5157470703125,888.758666992188
-351.705444335938,1249.39038085938,874.034423828125
4006.31811523438,3142.38989257812,800.264282226562
-3010.44458007812,1269.07727050781,727.888061523438
2155.802734375,2862.15991210938,815.657653808594
1769.09729003906,1955.705078125,829.809692382812
-3363.59521484375,3754.84887695312,932.801147460938
2572.4501953125,2460.91577148438,771.325073242188
2438.28247070312,473.881042480469,806.997680664062
4246.255859375,-2037.796875,320.901763916016
-1056.29064941406,-269.645141601562,871.462341308594
-491.683349609375,1862.576171875,912.175415039062
1799.31225585938,-3110.32006835938,224.173812866211
-2075.04248046875,4308.38037109375,903.150024414062
2612.6240234375,-919.623046875,367.711975097656
383.428405761719,-921.477783203125,430.576324462891
583.915283203125,3268.90869140625,835.818969726562
1383.73046875,4168.69775390625,810.612182617188
3790.40209960938,-2739.53125,278.290252685547
3962.59130859375,4427.89599609375,645.163452148438
3843.40942382812,396.317108154297,758.728820800781
-2937.2353515625,4520.06640625,920.233825683594
-1757.07250976562,1002.36712646484,892.068969726562
355.230560302734,-1641.24072265625,398.309326171875
3568.53515625,1782.54138183594,801.589477539062
4152.2646484375,-125.177665710449,728.907897949219
-117.523941040039,1686.58020019531,883.111083984375
-327.117736816406,-2021.451171875,473.6865234375
1374.18334960938,1983.36938476562,838.468139648438
-2867.5908203125,-0.150484979152679,883.250366210938
-2850.22631835938,1984.63635253906,919.210632324219
2301.41162109375,-1365.91845703125,431.765747070312
3148.15600585938,-2039.77600097656,203.271453857422
2304.63330078125,2034.20861816406,803.188354492188
3227.49462890625,-1065.33813476562,457.5341796875
-2831.2236328125,1809.37670898438,912.57666015625
2960.853515625,-1981.81774902344,248.590606689453
3603.8544921875,600.041809082031,736.787109375
-1749.37548828125,-381.524780273438,844.019653320312
328.786376953125,2071.54736328125,874.860168457031
-1618.28930664062,-2859.8134765625,375.663909912109
3838.16943359375,-2573.86181640625,284.881134033203
2343.99462890625,-30.2800445556641,833.457153320312
3370.49780273438,4137.8681640625,686.491455078125
-994.907409667969,3750.97387695312,855.277709960938
3825.86743164062,3255.36767578125,809.44873046875
1328.45544433594,4182.10107421875,819.987121582031
-2383.45703125,1676.11779785156,955.075622558594
-2490.26977539062,242.344314575195,910.102355957031
4044.9248046875,3731.74853515625,803.307373046875
1960.44787597656,-1563.052734375,500.252868652344
-90.8874359130859,1253.52465820312,848.949951171875
4129.84423828125,3442.17895507812,804.516662597656
3908.67333984375,-1916.93872070312,209.496429443359
3855.76098632812,3266.85693359375,808.045776367188
4209.556640625,3531.4013671875,809.094970703125
1092.75927734375,3070.77807617188,847.728454589844
2790.69750976562,-1382.52612304688,322.520050048828
-1495.05151367188,1575.59216308594,898.960205078125
594.951354980469,-1847.56225585938,330.317840576172
-2598.12524414062,2434.85571289062,890.64111328125
2285.1025390625,2204.75854492188,783.299255371094
-2857.35473632812,-36.683177947998,870.771911621094
-2242.716796875,-938.542358398438,900.406616210938
-3542.88452148438,1569.59948730469,844.0595703125
4166.7333984375,3985.58911132812,721.696716308594
3336.65307617188,-707.075561523438,492.728118896484
-2560.49682617188,-2675.51049804688,464.803680419922
3921.92016601562,3501.0546875,801.03466796875
4120.802734375,-1981.41088867188,271.108184814453
-3587.26513671875,-130.43244934082,598.882568359375
237.102783203125,-1318.28942871094,429.949340820312
3426.96728515625,1898.44165039062,810.519592285156
4051.48681640625,3377.37280273438,801.962585449219
1638.98181152344,-3150.31494140625,267.769378662109
-569.992736816406,4401.6162109375,868.314697265625
-2695.05322265625,1885.8095703125,925.099914550781
-2117.90576171875,4268.544921875,903.649047851562
2326.7685546875,-107.254287719727,834.127868652344
469.277709960938,-1118.36743164062,421.862152099609
2718.072265625,-1263.01110839844,339.656036376953
-2627.560546875,87.7954025268555,909.130126953125
-1376.45654296875,-3167.1025390625,305.082916259766
-1567.21948242188,2704.93823242188,920.853759765625
168.171173095703,2073.56787109375,892.550903320312
-1347.70971679688,-1753.19653320312,375.493469238281
-276.616271972656,-239.004302978516,815.243469238281
974.8017578125,3028.10083007812,862.064392089844
-2595.55395507812,2633.5625,931.48291015625
1249.75207519531,3133.52685546875,800.552368164062
2917.63208007812,4115.77734375,775.893310546875
2741.18237304688,-2059.01318359375,261.819580078125
1320.85961914062,4117.02783203125,810.824951171875
2508.55102539062,-940.839477539062,416.926452636719
-503.706604003906,1745.29541015625,912.178649902344
6.03117609024048,-853.609497070312,523.953918457031
-1541.5400390625,-2729.66772460938,363.208587646484
-2258.890625,1771.14453125,946.628173828125
3679.4248046875,1870.62646484375,793.223388671875
-1525.08801269531,1918.88256835938,917.385131835938
2065.21337890625,-266.37353515625,841.578491210938
436.345550537109,4464.677734375,792.32275390625
972.696655273438,-2994.72900390625,217.166748046875
3888.4609375,3326.19091796875,806.51025390625
-1599.51721191406,-2511.8583984375,333.974182128906
3247.97680664062,-3246.59912109375,164.128265380859
205.159881591797,-656.561584472656,503.283996582031
2390.49755859375,-2360.34106445312,270.049407958984
-418.307037353516,2640.47265625,894.569946289062
1334.9599609375,3614.4052734375,806.479370117188
-1111.66662597656,-2067.5341796875,281.498504638672
4198.11572265625,1584.44506835938,807.361389160156
-2388.43139648438,1624.8134765625,952.740661621094
3758.2685546875,-1481.49230957031,257.883178710938
-1692.30834960938,1905.58471679688,909.848083496094
2129.91528320312,-2158.0048828125,365.625274658203
2632.79028320312,2129.58129882812,796.148315429688
3879.28515625,449.813690185547,789.354675292969
-1576.64916992188,2593.75341796875,924.530334472656
723.475830078125,-1008.47369384766,351.319061279297
4217.05029296875,3124.14697265625,794.476318359375
-674.437866210938,1098.84143066406,877.16796875
470.24609375,-1717.47485351562,362.631500244141
1296.74475097656,3435.70336914062,790.2470703125
-153.100082397461,792.245971679688,851.984130859375
201.246597290039,-1582.24584960938,416.092163085938
-1342.75708007812,1617.14831542969,934.423522949219
2065.5673828125,1690.21069335938,850.875610351562
-1442.87451171875,-1744.89660644531,407.323272705078
-2500.48193359375,3439.98828125,928.040893554688
1856.19384765625,-3189.91064453125,224.109313964844
-837.297485351562,-820.034057617188,865.684997558594
-1066.7783203125,-774.791137695312,824.73193359375
4192.88232421875,232.021270751953,769.391235351562
987.33544921875,-2624.2724609375,269.302307128906
3947.0576171875,-2572.61840820312,338.225555419922
-2675.98461914062,1840.62231445312,907.212158203125
-1725.80004882812,-1275.36840820312,585.904418945312
2542.03271484375,-943.070190429688,404.666870117188
-2800.0361328125,194.645065307617,897.887939453125
-2775.28857421875,-84.8260116577148,849.044982910156
2401.7939453125,3766.341796875,815.727844238281
-1867.14282226562,1719.39172363281,937.713623046875
438.947143554688,-877.497741699219,412.237670898438
2026.94152832031,-1691.40258789062,468.626403808594
2492.5263671875,207.85954284668,821.237060546875
243.526168823242,-1183.50354003906,436.867034912109
-3417.64135742188,-1715.71923828125,708.827697753906
-3631.14819335938,503.049896240234,625.475952148438
2357.8681640625,490.254455566406,823.776062011719
167.666351318359,2283.49609375,885.567504882812
903.383422851562,3058.65356445312,871.46923828125
1177.38903808594,-3050.52319335938,265.003784179688
-3734.86206054688,2336.7626953125,927.063720703125
954.803833007812,-2652.89379882812,250.847061157227
-2341.70727539062,-850.881713867188,836.4892578125
4218.66943359375,3124.6669921875,794.443908691406
-2629.49951171875,-2789.69409179688,495.811157226562
3193.81274414062,-1174.6484375,407.850799560547
-1682.17663574219,3002.2939453125,915.304748535156
-3305.89477539062,3854.3916015625,939.64892578125
4016.68505859375,3838.0732421875,772.384216308594
-1519.4921875,4066.9375,855.922912597656
2742.97119140625,-1510.56201171875,324.9404296875
-1369.400390625,1718.75231933594,927.757202148438
157.97883605957,1084.63757324219,849.1015625
260.541381835938,4432.9892578125,840.643615722656
535.647705078125,-1720.17309570312,346.450256347656
-2921.01538085938,1955.626953125,891.048767089844
2910.33276367188,-2117.01708984375,249.484146118164
-3054.26318359375,1298.30236816406,737.281799316406
-3370.98583984375,-2403.90478515625,602.010437011719
-3355.13208007812,2079.80908203125,920.443359375
-3693.09326171875,240.952697753906,615.413146972656
1119.75366210938,2895.5009765625,834.556640625
80.9464416503906,4626.34130859375,839.981018066406
-70.9917221069336,-1052.95947265625,542.324890136719
1953.56176757812,1811.21057128906,825.018920898438
3592.5029296875,1746.5244140625,801.635375976562
446.107940673828,644.803588867188,811.94091796875
-1388.46337890625,4108.38818359375,880.107727050781
3942.52172851562,1634.57958984375,805.692199707031
2415.54077148438,-2240.45776367188,262.973937988281
-441.298889160156,4232.501953125,847.955688476562
-1992.02087402344,1909.78369140625,948.330810546875
-2772.77392578125,1864.69702148438,933.632080078125
-1023.85095214844,-939.372802734375,628.70947265625
164.366928100586,-1437.81286621094,449.6572265625
435.330505371094,-2735.6435546875,309.611450195312
-575.20654296875,4225.80712890625,866.890747070312
3036.47094726562,-611.633972167969,507.101593017578
3194.81030273438,1167.68334960938,786.254760742188
225.837432861328,-1197.40625,437.404449462891
-692.949401855469,1037.36645507812,882.863403320312
3200.44482421875,2178.33056640625,829.899475097656
-2881.07934570312,-108.779861450195,846.339050292969
-1033.1923828125,-953.98779296875,618.172241210938
2586.529296875,-1024.18713378906,367.220977783203
-1405.00378417969,2517.45947265625,882.475341796875
3829.14404296875,-1429.86401367188,245.567535400391
-2756.49169921875,310.814697265625,891.508422851562
-2711.15576171875,2610.26782226562,942.000366210938
-1715.59619140625,862.548034667969,881.647766113281
1161.28112792969,3109.50439453125,825.75048828125
3426.26025390625,-801.310852050781,460.607849121094
1549.99743652344,-3209.240234375,279.306335449219
3206.86206054688,3891.32080078125,660.422058105469
514.404296875,3159.44458007812,849.636840820312
-554.651123046875,4165.36083984375,862.864318847656
-2075.27661132812,-188.149154663086,869.771301269531
-328.351867675781,1231.71997070312,874.504150390625
3452.26708984375,1705.3671875,807.582275390625
-2549.10131835938,-1223.57800292969,557.474792480469
1112.64428710938,3896.7392578125,834.159545898438
3259.50122070312,2037.20202636719,836.423706054688
1064.45874023438,-2624.72485351562,297.435394287109
-1629.76000976562,-2653.96533203125,357.374481201172
3414.83569335938,4148.65283203125,710.989868164062
3713.61791992188,1849.92834472656,791.4794921875
-1859.64575195312,4387.0869140625,841.450317382812
1871.68530273438,1987.48559570312,816.84033203125
-2987.93408203125,2116.36499023438,941.769226074219
3026.56518554688,-1089.66906738281,395.507080078125
2423.97412109375,325.352844238281,819.5322265625
2759.9248046875,-2176.82690429688,254.439254760742
1039.90246582031,-2600.9013671875,297.475769042969
1732.95678710938,1030.91235351562,883.661376953125
3516.87158203125,1837.8359375,800.392944335938
-2282.22094726562,1748.63439941406,951.918884277344
2822.38354492188,-3097.27270507812,163.732543945312
757.023315429688,2390.43237304688,819.480041503906
324.517059326172,604.868408203125,825.194519042969
3858.3466796875,-1024.47387695312,237.254669189453
3318.97583007812,-1243.69140625,437.173187255859
2051.83984375,-1681.28491210938,464.948089599609
1073.82739257812,-2628.7353515625,297.733947753906
1302.51049804688,-3152.72119140625,260.206756591797
1556.71911621094,38.3553733825684,819.345581054688
-3348.37817382812,3645.24462890625,941.199890136719
273.455505371094,-1032.2890625,463.289428710938
3014.70092773438,3932.42211914062,726.4296875
4060.27758789062,-849.59619140625,233.0302734375
3806.640625,1889.66796875,787.667114257812
2301.48754882812,2788.6494140625,809.242919921875
264.369964599609,4693.5908203125,837.566284179688
4042.6875,-2464.63232421875,350.193756103516
1818.94152832031,1718.41833496094,823.588317871094
-2311.1337890625,-2959.9296875,434.545196533203
2239.24829101562,2382.90747070312,812.01171875
371.98779296875,-1519.64770507812,410.852416992188
2218.3515625,4330.60205078125,823.828186035156
740.770812988281,1472.05639648438,884.524230957031
-2921.6484375,-3207.146484375,599.626892089844
3938.01513671875,-263.6533203125,473.043395996094
-3071.49365234375,4092.68920898438,942.639770507812
-275.962951660156,2333.20776367188,881.402526855469
2851.59619140625,-1421.58142089844,308.960479736328
2397.73657226562,-417.446990966797,780.027587890625
-2566.7236328125,2582.6513671875,910.805969238281
1377.08642578125,4719.26123046875,782.277282714844
749.664916992188,1511.01025390625,874.536254882812
364.134338378906,556.916198730469,801.645263671875
-1656.82080078125,-1826.96472167969,430.528015136719
-3303.91088867188,-568.292358398438,597.259216308594
-381.168792724609,-3045.15478515625,322.458465576172
2132.81005859375,2841.83642578125,815.604370117188
2384.05981445312,3613.560546875,822.172729492188
3785.9150390625,4384.29736328125,691.496337890625
235.213638305664,-1539.05029296875,417.089324951172
3503.13647460938,2236.88452148438,821.693237304688
4107.3974609375,3279.70581054688,798.862182617188
852.395385742188,3733.45751953125,868.4638671875
1246.69396972656,-3160.35302734375,256.390777587891
-2368.73413085938,-2626.7705078125,398.409484863281
555.022583007812,4534.7548828125,810.9423828125
1962.60681152344,1565.45349121094,857.699035644531
4021.43774414062,1745.41906738281,801.991821289062
-324.522125244141,1233.72741699219,873.830932617188
2815.21997070312,-1181.72863769531,304.766784667969
2872.91796875,-2033.87622070312,255.182525634766
-2522.75122070312,-2763.49926757812,464.535614013672
-2293.09228515625,518.75390625,920.369934082031
-2859.35693359375,-66.4770965576172,861.305908203125
-2801.92919921875,-3.90682411193848,877.712341308594
757.305114746094,-2850.74926757812,223.971771240234
-3393.36376953125,3563.03784179688,917.691467285156
-810.987487792969,3779.23510742188,856.310913085938
2147.9970703125,432.300231933594,856.615600585938
3756.9521484375,4598.71240234375,691.80712890625
2412.53076171875,3764.1240234375,815.481567382812
581.408569335938,4502.80126953125,816.950988769531
1006.92138671875,3164.677734375,851.592895507812
-657.006286621094,4134.5791015625,873.455688476562
1424.27209472656,3411.27465820312,798.440307617188
-2785.76953125,4697.501953125,908.373413085938
4240.05859375,3892.92504882812,727.396545410156
3956.45434570312,2898.76708984375,800.680603027344
616.335266113281,4242.11962890625,818.269348144531
-1616.42541503906,1743.36706542969,930.778442382812
4063.0751953125,3146.9306640625,799.445129394531
4047.00341796875,1623.88916015625,806.776245117188
3929.18505859375,-1179.7001953125,203.237915039062
-25.3596134185791,1702.283203125,866.029663085938
-2032.99230957031,1883.19702148438,950.059143066406
3178.79638671875,-2966.39184570312,141.632461547852
-3569.1064453125,3890.04736328125,886.685668945312
3319.14208984375,2191.3388671875,827.495727539062
-3005.42749023438,4217.84326171875,926.073486328125
91.1512451171875,1522.00512695312,871.424438476562
2427.67138671875,-996.35693359375,427.065368652344
-3662.953125,3727.4033203125,861.727783203125
-2733.52465820312,4614.421875,908.921020507812
2157.8193359375,-143.415222167969,846.513061523438
1943.90112304688,-1616.76867675781,496.036743164062
1867.20788574219,-1670.21154785156,533.06396484375
442.070068359375,3226.8193359375,846.48388671875
-76.0588760375977,-1076.68212890625,544.052307128906
1935.462890625,1469.49658203125,849.3916015625
-1051.10302734375,-923.6904296875,619.383239746094
492.810424804688,3361.1806640625,828.072692871094
2373.49536132812,-1900.20190429688,349.699493408203
2539.26440429688,3784.94897460938,806.38525390625
-437.374237060547,-564.930297851562,855.333068847656
3920.59716796875,1537.51806640625,814.556884765625
-188.996917724609,557.997802734375,843.201782226562
-2203.7802734375,1836.216796875,944.263977050781
666.347534179688,3724.62084960938,845.349975585938
-2171.6708984375,3817.34350585938,900.207641601562
-1696.94213867188,4719.458984375,841.387939453125
731.957458496094,-588.659851074219,504.791381835938
39.2901954650879,827.158264160156,866.38134765625
-3130.275390625,-1123.97717285156,660.618774414062
3905.41674804688,1864.41125488281,788.9912109375
315.261444091797,-1206.70654296875,431.559051513672
-2950.38623046875,-197.462966918945,827.225524902344
4141.33251953125,1768.30187988281,796.890747070312
-69.4403839111328,-1072.94921875,541.760009765625
2969.20166015625,161.37419128418,799.086669921875
3893.2578125,469.850402832031,797.822509765625
622.775024414062,-2444.3798828125,213.429748535156
52.074405670166,3689.88720703125,851.080993652344
-3724.00268554688,461.434692382812,622.904418945312
3296.07421875,1843.48718261719,816.369995117188
-3298.07177734375,3616.25244140625,941.30712890625
162.103576660156,2316.35107421875,883.682189941406
-2077.43896484375,1795.91625976562,934.678833007812
1258.94958496094,-1576.9482421875,421.983123779297
-643.670654296875,4096.7919921875,872.825073242188
3983.46020507812,4436.625,638.204040527344
-3491.650390625,3954.89599609375,895.84765625
-2112.76391601562,-2248.89477539062,389.168762207031
2355.27075195312,4045.53247070312,825.911193847656
-770.653930664062,998.802001953125,899.791198730469
3326.619140625,1686.21508789062,813.880249023438
529.142761230469,3505.76196289062,834.1865234375
-2872.35400390625,2048.01147460938,932.718505859375
-3682.45190429688,-1557.93432617188,891.819152832031
-1598.27172851562,732.127075195312,872.914184570312
-1310.548828125,-3008.29858398438,270.980590820312
-299.143310546875,2659.9140625,871.750610351562
624.502563476562,4376.3203125,814.532470703125
2186.77587890625,2366.40771484375,808.241760253906
3816.09521484375,1583.92102050781,806.072998046875
-571.815856933594,705.432739257812,880.983764648438
1088.76147460938,2915.63745117188,833.289672851562
500.801574707031,-811.933410644531,408.039276123047
2968.0556640625,-631.653015136719,462.977325439453
1791.43615722656,1356.24951171875,856.498291015625
1322.38513183594,-1551.64025878906,446.061370849609
2326.33251953125,3694.814453125,828.203735351562
1181.32165527344,3996.51904296875,810.909790039062
2100.162109375,-2416.08251953125,302.165893554688
3761.76733398438,-1564.3232421875,232.860046386719
-1747.67163085938,-3144.03881835938,268.486083984375
3816.794921875,4498.2744140625,683.619445800781
-2516.42529296875,1568.54614257812,905.626831054688
-395.916107177734,4322.98779296875,838.001770019531
4133.2705078125,3167.20166015625,798.1318359375
2073.50268554688,-251.446533203125,841.357299804688
1858.14575195312,1831.85583496094,816.988708496094
3655.55932617188,1783.970703125,798.693664550781
456.376892089844,-1522.4052734375,402.041015625
1747.75390625,2393.86401367188,836.7021484375
3906.47192382812,509.104736328125,798.374145507812
969.781982421875,1674.79406738281,876.751098632812
1324.37341308594,3363.49731445312,790.393676757812
231.154418945312,-1950.54858398438,374.861083984375
2995.60888671875,3925.380859375,719.3779296875
1343.01330566406,4102.3681640625,805.216430664062
-1633.40319824219,-2057.84545898438,435.614868164062
-2755.03857421875,1949.29858398438,935.989379882812
-2286.97900390625,-3076.89453125,452.777893066406
273.219177246094,-624.508972167969,498.962219238281
1582.77807617188,3304.6787109375,834.677490234375
3433.3662109375,-876.560546875,468.135314941406
508.248016357422,-2782.5009765625,308.980377197266
-100.393020629883,3501.90600585938,854.160034179688
2439.2880859375,3398.2822265625,816.972106933594
-2815.47534179688,4521.9013671875,911.002685546875
-3088.78344726562,-1369.00854492188,573.95751953125
485.267700195312,4194.50146484375,818.206970214844
1665.92260742188,34.4241714477539,831.607543945312
-1361.32885742188,673.491516113281,861.0849609375
881.731140136719,-462.893920898438,544.663513183594
2097.17822265625,-2447.95751953125,297.735168457031
2690.7548828125,-2236.48706054688,252.909927368164
2324.49438476562,3794.84936523438,821.262817382812
62.2371406555176,4612.79833984375,840.866577148438
1162.68200683594,-2628.2490234375,301.679077148438
4113.6904296875,2962.59301757812,797.130065917969
2266.212890625,4481.22216796875,835.308715820312
-2933.62524414062,-2616.45068359375,532.51123046875
3537.41015625,1725.03625488281,805.921691894531
3790.86450195312,1835.70068359375,790.891845703125
-3706.09765625,2432.46044921875,916.564208984375
537.285034179688,545.968627929688,840.602172851562
-519.881286621094,2489.59838867188,900.304626464844
1399.12841796875,4693.97607421875,772.945373535156
-276.255615234375,4090.5234375,866.464233398438
419.085845947266,3244.5849609375,843.351806640625
500.284881591797,580.191711425781,836.229309082031
4078.40087890625,3820.06567382812,775.129821777344
-2670.89111328125,-57.1788520812988,903.474487304688
-2597.58520507812,-1259.12329101562,523.232788085938
965.299133300781,1093.04699707031,876.236511230469
901.384094238281,-3127.20458984375,241.699859619141
-1406.18774414062,1851.65698242188,915.326416015625
1863.00219726562,980.984985351562,879.178283691406
1170.54809570312,-2630.794921875,298.043823242188
-2441.505859375,302.287170410156,902.696411132812
747.221923828125,3644.99755859375,857.112243652344
2166.97973632812,-1695.70947265625,437.813415527344
-1814.76538085938,1974.93859863281,911.973327636719
3592.7685546875,-690.710083007812,371.099426269531
421.075225830078,2947.7197265625,854.961547851562
-3066.99560546875,4200.671875,934.73779296875
3513.56103515625,1929.08459472656,808.160034179688
-113.270446777344,1112.44396972656,859.179077148438
2685.66577148438,3933.73413085938,776.935241699219
2354.013671875,2828.12939453125,800.970764160156
3941.9912109375,4299.36865234375,648.693054199219
-1619.79272460938,-2582.25854492188,339.762573242188
-3701.51904296875,67.3795013427734,604.756042480469
2391.984375,-861.237121582031,488.872497558594
-2062.07666015625,1748.31762695312,937.995849609375
-3616.93310546875,3842.39819335938,875.797607421875
505.456970214844,-1671.90808105469,360.844482421875
2384.37109375,4391.3310546875,851.977783203125
-1853.85583496094,1868.3017578125,924.88134765625
860.887145996094,1567.21728515625,872.504760742188
-2244.32055664062,-330.936889648438,884.913330078125
288.88623046875,4627.18505859375,829.307312011719
2477.72778320312,4604.3876953125,822.482849121094
2350.68701171875,4080.4462890625,834.569213867188
-934.08544921875,-2915.85107421875,330.808044433594
-280.615997314453,1603.17041015625,876.872192382812
1620.32507324219,1932.69104003906,837.425659179688
-751.356323242188,-1015.21911621094,850.622192382812
-3046.83447265625,151.808670043945,899.227722167969
-391.274505615234,-163.046722412109,839.806274414062
1631.07287597656,-84.5665512084961,831.82421875
418.287048339844,1054.59033203125,835.267822265625
2437.64819335938,-798.9375,466.023773193359
2546.2939453125,529.552795410156,796.237060546875
2934.83251953125,-1829.40063476562,248.190856933594
490.119567871094,4303.6806640625,807.860229492188
1774.34729003906,-557.434692382812,816.382690429688
-3005.2373046875,1199.1064453125,675.772277832031
-514.152954101562,-2847.9912109375,388.762786865234
-1464.7919921875,1791.64282226562,925.881591796875
2327.38134765625,-272.106201171875,830.202331542969
-2106.63842773438,3869.3720703125,897.543762207031
-1721.36328125,-1305.19970703125,577.933715820312
943.429992675781,-3080.93481445312,226.971786499023
4126.685546875,1631.64978027344,803.925476074219
1671.36706542969,1819.23950195312,820.198059082031
-919.262451171875,2541.33447265625,876.293823242188
4080.82250976562,1325.1044921875,817.002075195312
-3627.54638671875,2319.34619140625,923.505859375
2256.39233398438,3938.0234375,828.025390625
3854.5009765625,4624.05517578125,675.746948242188
-2976.96069335938,2027.30822753906,912.959106445312
-2266.00561523438,-2763.44165039062,371.894683837891
2520.03466796875,173.339996337891,791.916625976562
1961.22729492188,234.747055053711,849.112976074219
1376.38330078125,-3038.12280273438,281.674865722656
-3599.06225585938,120.956741333008,659.006286621094
946.353698730469,-2705.84716796875,229.775054931641
-3415.74658203125,2295.26611328125,915.767211914062
724.801696777344,-2452.77490234375,193.559829711914
786.023742675781,-682.051696777344,464.162017822266
-2652.34204101562,1699.4892578125,893.730346679688
1748.46044921875,-1146.11108398438,835.024780273438
-2718.822265625,260.60107421875,896.437683105469
131.773315429688,757.524536132812,861.516662597656
1631.49487304688,-3093.85302734375,258.748413085938
-3381.18725585938,2155.8076171875,928.178466796875
-363.914428710938,649.121887207031,861.30419921875
4128.4423828125,-116.075210571289,739.0693359375
1207.76782226562,3253.89453125,815.108154296875
2261.35180664062,299.778350830078,843.964172363281
1049.09985351562,2976.0546875,837.185913085938
3980.80151367188,-1165.88037109375,224.129150390625
2462.13500976562,3420.9736328125,826.169677734375
1194.95593261719,3101.53173828125,814.276123046875
-49.0780868530273,-1708.46276855469,455.245971679688
-483.326293945312,-2140.2099609375,478.125671386719
-10.1788311004639,1636.32568359375,861.555847167969
-3429.70629882812,-2487.02416992188,633.500854492188
-3376.13452148438,2375.892578125,904.385498046875
-262.461608886719,4682.72021484375,844.548156738281
-2437.47265625,225.144912719727,900.759887695312
-2242.49096679688,1694.1884765625,920.154296875
4167.49072265625,981.643920898438,807.043579101562
174.505081176758,4415.03369140625,859.5791015625
2126.1533203125,1671.54309082031,856.081237792969
2451.07739257812,261.979064941406,829.181396484375
2822.0888671875,1199.97497558594,807.203735351562
-3722.53564453125,-21.9152069091797,574.761352539062
-471.44287109375,-361.425476074219,849.666076660156
-1521.33129882812,4198.6806640625,848.3486328125
4031.8388671875,-832.146545410156,232.276382446289
-1591.72485351562,-2051.08374023438,424.608459472656
2757.57666015625,4376.84375,825.49462890625
-3121.42553710938,1520.88720703125,886.033020019531
-397.886901855469,1572.18359375,911.92724609375
-2759.05883789062,97.8428497314453,906.847595214844
-692.329040527344,82.3399810791016,885.815551757812
1673.27172851562,4071.21362304688,797.306518554688
3879.38916015625,-2631.33935546875,313.430877685547
-3749.07666015625,11.4590492248535,578.179565429688
199.522125244141,-1270.58728027344,437.229370117188
4219.44384765625,1820.48193359375,796.840515136719
3815.24853515625,412.770416259766,759.752807617188
-1595.02856445312,2791.73364257812,919.548583984375
474.393524169922,-1372.17895507812,380.028930664062
705.597961425781,1474.54455566406,886.5439453125
3217.52416992188,3959.79052734375,669.572204589844
-1739.21752929688,1930.24987792969,903.60888671875
-3640.3095703125,1265.74438476562,637.106262207031
-2655.55126953125,125.616104125977,911.4521484375
366.710479736328,-1774.74499511719,369.394409179688
581.238525390625,-730.417602539062,414.231994628906
405.413055419922,-1163.62841796875,426.749908447266
2046.27172851562,616.497924804688,846.354125976562
-2270.80224609375,1678.63989257812,929.3037109375
2386.99243164062,625.824951171875,820.993225097656
-2823.76342773438,2684.001953125,929.946533203125
-3159.35009765625,-162.965362548828,817.76708984375
-697.009887695312,-816.4052734375,870.506958007812
4104.24462890625,3104.54663085938,796.017211914062
4089.31982421875,3833.20678710938,768.734375
-3724.82421875,102.514694213867,607.144348144531
-342.314178466797,-1221.76147460938,591.158142089844
651.281494140625,-744.936767578125,420.850799560547
2516.1708984375,4559.18359375,817.649780273438
177.913558959961,-1560.60681152344,418.746154785156
-440.005767822266,-436.149475097656,852.63427734375
2213.1337890625,-862.025268554688,525.498413085938
132.26985168457,-769.706298828125,509.110504150391
1189.43054199219,-2552.4951171875,308.765014648438
3750.54858398438,1768.43151855469,795.461791992188
-3335.794921875,-966.398559570312,828.045288085938
2572.48828125,2101.416015625,808.650756835938
3901.64379882812,4342.88134765625,662.272338867188
1798.96875,-3051.73876953125,239.848327636719
-935.260620117188,-3149.89819335938,282.910339355469
4213.19677734375,1815.10424804688,796.847045898438
1660.27087402344,-3185.76098632812,252.126022338867
-2448.96459960938,-1910.21044921875,416.499664306641
909.840209960938,1369.44091796875,897.186218261719
3993.13940429688,-1162.8935546875,231.756225585938
158.889129638672,-1828.17578125,405.121063232422
3940.43579101562,3366.927734375,805.213500976562
-169.6474609375,3959.21435546875,863.688537597656
627.616088867188,3580.22583007812,850.445068359375
1880.15185546875,-3108.08203125,248.761077880859
-3585.44799804688,2392.33740234375,912.384643554688
3713.11254882812,1831.71728515625,792.678344726562
2888.07446289062,3848.82275390625,736.306640625
2671.3642578125,-1266.56335449219,348.642822265625
-3243.4931640625,1149.59118652344,668.804931640625
1285.83032226562,-3067.26684570312,277.666717529297
-1659.13696289062,4254.1591796875,831.343505859375
-3468.04272460938,-1645.15979003906,758.041870117188
2093.33520507812,1827.30700683594,826.482727050781
2452.8330078125,264.794372558594,828.734924316406
3390.95629882812,-851.655151367188,491.9697265625
2262.0673828125,4624.8095703125,855.807739257812
2966.77001953125,4015.08666992188,753.916442871094
56.5153160095215,-2291.720703125,333.666961669922
-440.661712646484,-3072.14819335938,315.092834472656
-411.184295654297,-431.086486816406,850.967712402344
2447.1337890625,270.106536865234,828.017944335938
2066.7099609375,2181.33935546875,811.516845703125
2351.81127929688,4066.77490234375,830.251892089844
3386.02392578125,-913.02978515625,482.498291015625
1575.86669921875,-3148.04272460938,285.584350585938
-632.796813964844,-413.130310058594,861.650329589844
1210.052734375,-2573.8701171875,300.262054443359
-2303.9990234375,1824.53833007812,944.01025390625
3279.17626953125,1644.79614257812,819.4609375
-1371.19384765625,-1932.69677734375,380.799011230469
4009.94580078125,-191.502838134766,533.633544921875
-559.123168945312,685.424560546875,880.28955078125
-304.490112304688,-147.933746337891,847.318725585938
1778.166015625,-667.659729003906,820.264282226562
3621.9052734375,1953.80004882812,802.55810546875
-3577.80590820312,2343.73022460938,917.552978515625
1250.96557617188,4084.19482421875,812.881042480469
2131.818359375,1873.90063476562,818.860107421875
1128.11376953125,3961.9150390625,824.669799804688
298.004638671875,4247.0693359375,813.308227539062
830.39892578125,1423.28771972656,888.390991210938
-362.435150146484,2727.1357421875,882.442260742188
4096.38818359375,3218.35766601562,798.788757324219
-3116.34887695312,3660.5703125,927.404907226562
3771.43090820312,638.387573242188,752.694580078125
3311.6787109375,625.850524902344,718.673095703125
2647.25073242188,1933.37084960938,807.327392578125
4040.35986328125,-1915.95581054688,232.523391723633
-161.8583984375,-2510.134765625,361.669708251953
1803.83154296875,1732.19445800781,822.200500488281
8.15817928314209,3779.98193359375,835.24267578125
-2137.65551757812,-1305.31066894531,638.492736816406
2215.1123046875,2342.75048828125,799.192932128906
2176.57495117188,543.782104492188,843.711791992188
-3498.51708984375,-1985.31921386719,666.491455078125
-3086.10107421875,2774.421875,899.435241699219
-2416.36352539062,3488.24487304688,918.64111328125
1524.30822753906,4025.927734375,777.981079101562
2042.55798339844,-619.64013671875,818.54150390625
3930.56591796875,-2550.19384765625,329.334381103516
-3624.345703125,1188.85424804688,606.748901367188
416.152557373047,-687.759826660156,441.532775878906
530.573364257812,3250.48095703125,838.653015136719
3944.9404296875,3354.52099609375,805.071838378906
2569.0048828125,3670.69653320312,796.301635742188
2062.2568359375,1718.49206542969,845.520629882812
4113.0048828125,3200.76611328125,799.078918457031
-3629.86669921875,-837.125061035156,596.983947753906
3229.0517578125,-1195.50073242188,411.364624023438
4192.9345703125,3289.45385742188,802.775756835938
-3109.99072265625,1525.39587402344,890.239990234375
646.349182128906,-2773.20874023438,262.581237792969
3348.11865234375,1792.60180664062,810.327270507812
1658.4541015625,250.774002075195,850.00830078125
-2959.95678710938,-3237.84936523438,616.796081542969
2585.29931640625,2705.78784179688,784.53857421875
-2291.25366210938,1831.95581054688,944.027587890625
316.951263427734,-1116.88342285156,450.077362060547
-1914.81884765625,1739.84838867188,948.441528320312
-3717.65893554688,12.3216304779053,582.541015625
-3398.89306640625,-2559.97900390625,624.03369140625
1705.68041992188,1618.57092285156,828.007751464844
-64.4067459106445,1715.99401855469,871.910217285156
-2747.86645507812,70.471809387207,906.935485839844
467.246765136719,-3004.57934570312,256.219177246094
-1817.08728027344,1806.62219238281,920.312072753906
1683.45483398438,1999.0224609375,831.265869140625
-655.814331054688,4394.7744140625,872.987548828125
4232.7578125,3410.94287109375,808.132263183594
420.178955078125,-1697.96826171875,369.130432128906
2300.96484375,394.995178222656,826.88623046875
-598.431518554688,4170.2958984375,868.557983398438
2226.22583007812,170.794158935547,849.24462890625
1869.17651367188,-3212.05786132812,228.459411621094
-444.313354492188,-455.471954345703,853.768737792969
4117.09912109375,3467.28759765625,804.830261230469
-2825.34619140625,-2426.4697265625,483.155883789062
-3284.2529296875,-963.819519042969,817.867431640625
-2490.23291015625,-2626.21801757812,433.062469482422
-1432.54382324219,-1088.04418945312,522.807006835938
-3045.48828125,209.716171264648,895.795043945312
3224.87133789062,2216.875,823.184265136719
-3272.95751953125,2051.55639648438,920.382568359375
2191.40795898438,485.141876220703,845.49267578125
477.168579101562,-2841.169921875,300.835815429688
-3350.55322265625,-1170.37243652344,838.891052246094
293.870147705078,-1103.73620605469,450.357269287109
1846.33532714844,-943.753173828125,834.660034179688
930.939819335938,-108.42488861084,846.094787597656
1273.91088867188,3024.91479492188,799.162414550781
-2510.29931640625,1535.43627929688,906.76123046875
2767.64038085938,1283.59912109375,799.303466796875
-3519.59228515625,1229.61462402344,623.344543457031
2636.7646484375,-882.705322265625,397.796569824219
-3418.87377929688,3537.23974609375,904.693298339844
2130.8359375,2710.56396484375,828.287231445312
-2027.98828125,1739.34228515625,951.015808105469
365.226257324219,-945.48095703125,428.258056640625
-1230.27294921875,3688.02905273438,887.018127441406
-2553.7939453125,1764.33972167969,896.515014648438
65.4149475097656,4697.2177734375,825.47607421875
2426.603515625,208.583557128906,837.094848632812
-447.559234619141,4168.6044921875,856.180541992188
3981.32373046875,3401.48608398438,803.707641601562
-3322.6904296875,-792.92333984375,667.561767578125
2467.36181640625,-544.947814941406,553.501953125
4235.24072265625,1749.29028320312,799.449035644531
-3587.57006835938,1189.37182617188,600.203735351562
2456.443359375,3245.6181640625,789.098083496094
1093.31896972656,2846.84057617188,836.026489257812
4144.4140625,3477.349609375,806.655029296875
1502.43249511719,4711.322265625,764.976745605469
2682.95458984375,2059.82177734375,791.027954101562
3700.890625,1778.27465820312,796.646728515625
-1480.126953125,-1753.97729492188,401.021850585938
-3662.6806640625,-1607.71630859375,900.246826171875
1484.64184570312,-2653.85498046875,296.206604003906
-163.64289855957,3538.6806640625,842.604370117188
-2807.0771484375,4538.6630859375,911.151672363281
3360.34741210938,1962.23876953125,822.868347167969
343.509094238281,2192.08740234375,872.414367675781
946.425170898438,-2601.8916015625,260.102386474609
-1740.15356445312,2987.1044921875,913.536926269531
2523.54833984375,3401.404296875,808.013122558594
2223.29296875,1936.56640625,816.54150390625
447.563385009766,3212.2734375,847.607971191406
2305.3955078125,4051.24047851562,835.473999023438
2373.77783203125,280.13916015625,827.737854003906
-46.0738067626953,1135.71752929688,856.983642578125
1570.22119140625,-3124.50830078125,286.751586914062
495.810180664062,-2830.64379882812,301.949523925781
3847.9228515625,1837.6201171875,790.886291503906
-1608.96313476562,1857.896484375,921.902709960938
3160.64916992188,539.600524902344,749.374633789062
-2028.35766601562,-2359.67822265625,333.511932373047
-3128.130859375,-392.523956298828,646.696838378906
-437.016235351562,3601.26098632812,865.725463867188
1442.77319335938,3499.25512695312,793.561706542969
2528.28588867188,4450.361328125,837.901550292969
-3153.20922851562,3674.32739257812,939.296936035156
223.958160400391,1182.15258789062,844.785400390625
2262.03637695312,4283.0849609375,826.930053710938
2579.56787109375,3393.38549804688,787.763366699219
2984.3359375,3967.4912109375,732.989929199219
-2380.08862304688,-2902.99536132812,438.497192382812
-1630.93676757812,-1581.82434082031,497.668334960938
3141.0986328125,-1113.33544921875,427.454193115234
2374.23486328125,4533.7275390625,844.361877441406
4036.45556640625,44.563362121582,778.467651367188
2424.04638671875,4186.03564453125,844.230712890625
2425.4296875,3331.51000976562,789.059448242188
-2363.30346679688,-2079.28784179688,418.805908203125
-799.197265625,905.250549316406,900.266296386719
-1766.486328125,1901.61596679688,905.990356445312
-2914.92211914062,2073.53051757812,928.4697265625
-329.529174804688,3603.27709960938,856.241149902344
-3362.53515625,-708.219360351562,622.191284179688
-1746.54895019531,3089.68139648438,905.668090820312
-3610.00390625,-412.926910400391,552.817138671875
1207.47192382812,-2779.29907226562,240.629196166992
-3634.71215820312,3837.62109375,870.050537109375
952.636474609375,1250.86987304688,884.827697753906
291.710021972656,-1649.92065429688,409.013916015625
1650.28430175781,1139.12390136719,872.944641113281
3409.22998046875,661.439331054688,699.640625
3645.18139648438,498.625518798828,736.352416992188
-1499.28234863281,4671.0068359375,791.082153320312
1929.60546875,2012.01733398438,812.481079101562
-1637.71691894531,-2558.79614257812,335.174285888672
4104.88623046875,-387.248809814453,464.114868164062
-946.800659179688,-791.584228515625,848.729309082031
-2502.61743164062,-2587.40771484375,435.987548828125
473.251800537109,-2924.09228515625,283.381805419922
3179.93212890625,-1136.86975097656,422.594635009766
2152.19482421875,1870.39379882812,820.836242675781
-1634.18725585938,2581.38305664062,926.895080566406
-388.623718261719,-5.5610237121582,858.596923828125
1468.21435546875,-3239.2919921875,295.612670898438
512.729553222656,4614.0986328125,794.694274902344
2267.24633789062,543.95703125,839.043762207031
-604.640991210938,4045.64672851562,870.147338867188
2456.31787109375,2274.861328125,789.05712890625
4206.44189453125,3487.8857421875,808.937622070312
2509.728515625,-699.544189453125,487.851806640625
999.175598144531,-2526.95703125,309.524230957031
-2715.755859375,2591.85498046875,938.241943359375
-69.7360382080078,-2508.5205078125,359.058563232422
3790.11328125,4152.68505859375,740.925476074219
-73.4303359985352,-2402.81420898438,348.697387695312
-90.5247344970703,3613.30224609375,844.261352539062
-2754.65966796875,391.851684570312,904.985473632812
-1822.6923828125,4412.60986328125,835.895812988281
2433.12280273438,-2273.61206054688,263.474426269531
2091.2978515625,1981.37243652344,804.68310546875
3480.36328125,-746.048461914062,421.981201171875
283.021728515625,4458.708984375,835.740112304688
-2451.98266601562,-2818.94677734375,458.470458984375
4055.501953125,3295.13110351562,801.40869140625
2422.51147460938,281.197937011719,826.551879882812
-1689.35302734375,582.545349121094,883.8369140625
1649.55187988281,1017.86279296875,874.127868652344
1217.27612304688,-1354.67333984375,427.173522949219
4038.41455078125,-886.489624023438,228.959381103516
-1268.37097167969,4615.3798828125,808.459594726562
253.092437744141,-789.240234375,478.78076171875
-2680.11181640625,-2732.75805664062,500.102447509766
1908.57275390625,-664.572387695312,816.837890625
2343.28125,2123.53271484375,792.965148925781
2031.41577148438,636.188171386719,846.45361328125
3999.35546875,1643.6279296875,807.67529296875
-2315.3642578125,-882.68994140625,866.85107421875
-2315.6328125,2979.07861328125,903.418090820312
-2781.72802734375,2716.84301757812,934.277954101562
-1749.96936035156,-1177.66772460938,623.609558105469
-1648.55737304688,-258.635772705078,847.7353515625
-1398.77600097656,-1750.05932617188,398.557861328125
1717.83032226562,1904.61328125,818.457641601562
1466.83703613281,-70.6061553955078,809.242553710938
-761.333923339844,909.277526855469,892.773132324219
-1639.32739257812,-1910.42626953125,404.511749267578
4177.9853515625,142.293411254883,747.660766601562
-2434.27026367188,-2816.75927734375,453.657775878906
2320.5390625,-2002.09729003906,353.139343261719
-103.877655029297,1170.5166015625,854.768920898438
-407.754028320312,4456.490234375,859.102600097656
-522.18310546875,2457.08422851562,901.699951171875
12.4591999053955,1593.8857421875,859.036315917969
4146.685546875,3612.2685546875,808.776733398438
-2687.2568359375,459.302734375,917.60498046875
-1111.17321777344,-3242.75024414062,173.482086181641
4073.91625976562,3088.9716796875,796.27001953125
-47.9055938720703,1116.90649414062,858.094482421875
-2926.84057617188,1655.84558105469,865.984619140625
2285.8115234375,-2216.32690429688,316.565887451172
-2190.22119140625,2491.97119140625,881.73779296875
1578.76477050781,-1993.64184570312,523.717102050781
4154.3916015625,1488.13342285156,808.12939453125
-881.655395507812,2522.9990234375,869.975158691406
-2027.21557617188,-174.300048828125,867.734130859375
-2439.72607421875,1768.80810546875,936.997436523438
-2756.974609375,155.036224365234,903.073974609375
3658.22021484375,4495.9814453125,732.89990234375
2573.55200195312,377.169128417969,816.370239257812
4137.0498046875,3965.76147460938,735.434753417969
4216.2998046875,-524.152648925781,364.355804443359
3220.0302734375,2031.54309082031,837.785339355469
232.418365478516,-1710.08447265625,408.142547607422
-2698.31689453125,-18.8744297027588,897.925842285156
684.692504882812,1534.14624023438,878.595764160156
2201.86889648438,-1399.77416992188,460.705963134766
3545.91650390625,1750.02294921875,804.58154296875
-1835.41650390625,-2199.58251953125,397.490844726562
-2095.2041015625,2463.56494140625,898.197875976562
-1584.16284179688,1775.8798828125,929.026550292969
1064.96337890625,-2630.47216796875,295.481658935547
3750.28857421875,-2690.70190429688,263.201110839844
-3449.21801757812,3860.3525390625,918.654174804688
2598.84130859375,-1391.958984375,346.836639404297
647.745422363281,-588.586608886719,497.966796875
-94.6832427978516,3747.17578125,826.996948242188
69.6920623779297,3763.142578125,847.402099609375
534.156066894531,-1774.68005371094,338.985198974609
3526.33422851562,1999.32897949219,808.255249023438
4155.13232421875,3629.76025390625,809.327270507812
-2801.25073242188,134.251312255859,901.420532226562
2391.35620117188,2478.13330078125,795.151062011719
740.274291992188,-2420.9892578125,198.202789306641
549.736206054688,1721.68469238281,889.783630371094
811.375183105469,-2777.39184570312,199.453704833984
319.102172851562,-1906.20922851562,366.587036132812
3919.2626953125,4470.4873046875,661.401733398438
4245.37353515625,-807.737731933594,278.392913818359
369.868041992188,-1400.08471679688,415.39306640625
3863.7548828125,3378.56420898438,801.332763671875
396.593505859375,-1119.57275390625,438.749084472656
1058.61389160156,-2444.2880859375,299.975006103516
2162.052734375,3018.35546875,845.386535644531
-1430.408203125,1742.94152832031,924.023132324219
121.513175964355,2095.298828125,895.709350585938
4053.595703125,3824.8125,773.331909179688
3828.5595703125,1685.78393554688,799.317504882812
-2607.48364257812,139.216125488281,912.890014648438
4003.740234375,1583.81103515625,809.755737304688
3236.8896484375,2285.95556640625,813.93408203125
-93.0978775024414,3960.02392578125,851.245178222656
-2904.45068359375,1930.97180175781,890.068115234375
-2206.8115234375,3896.13012695312,891.4716796875
1580.25610351562,1881.74084472656,843.586303710938
1947.84936523438,4710.1044921875,805.74560546875
143.00895690918,4491.56884765625,858.145751953125
1123.53039550781,1172.99768066406,873.947265625
-56.676944732666,1200.94970703125,850.931762695312
2295.6220703125,-227.291107177734,827.643737792969
624.030334472656,4271.0458984375,812.84814453125
266.750061035156,1284.8056640625,854.95068359375
3276.39477539062,2076.49975585938,833.264526367188
-2581.875,140.844787597656,913.279296875
3028.34375,-1382.14672851562,273.699035644531
2469.71899414062,-905.515747070312,441.241302490234
2150.6572265625,1907.97644042969,817.144653320312
-429.741943359375,2686.83520507812,892.544494628906
221.816558837891,-3044.04736328125,263.684417724609
-483.436462402344,2592.7529296875,895.988403320312
2151.52758789062,-1922.14404296875,417.184448242188
4014.21752929688,-1736.84802246094,241.123336791992
-1778.12133789062,-233.759918212891,857.337829589844
2559.208984375,207.624954223633,793.007141113281
-1715.31042480469,2992.70239257812,915.374877929688
3161.41796875,2109.779296875,832.371337890625
-2807.3056640625,2571.00366210938,937.368286132812
3872.49072265625,-1553.72326660156,205.200897216797
938.315795898438,-293.305114746094,784.174072265625
1423.09875488281,3574.13842773438,784.632995605469
523.373168945312,4494.4853515625,803.233520507812
-3684.8447265625,-507.128021240234,548.2744140625
494.134094238281,4359.85986328125,801.969360351562
2165.1572265625,2686.33203125,836.259216308594
-2767.62329101562,-447.813842773438,833.651977539062
277.950073242188,-1929.85510253906,370.642761230469
3393.71313476562,1431.4560546875,825.27490234375
3233.89721679688,2235.630859375,820.339599609375
-2621.56811523438,-2735.92236328125,489.414489746094
2848.92138671875,3926.73583984375,735.165405273438
-75.6824798583984,-1937.22631835938,443.507598876953
2314.44555664062,-878.135192871094,514.694580078125
347.456634521484,4524.4775390625,821.829711914062
-1910.68310546875,1959.39868164062,936.700073242188
2033.94287109375,2231.40405273438,813.419921875
-410.341369628906,2654.583984375,891.307495117188
3892.07177734375,3121.7685546875,810.180419921875
-1680.07446289062,606.597534179688,881.526611328125
-1582.89074707031,1821.44519042969,926.13134765625
1729.00219726562,-606.537658691406,816.602722167969
1696.01806640625,-151.527145385742,845.344604492188
2107.64721679688,2141.58178710938,791.122741699219
-1481.1279296875,4708.87744140625,793.792602539062
1035.85363769531,2831.37255859375,842.960083007812
2042.6826171875,1501.88732910156,842.622375488281
-2686.93896484375,374.298034667969,907.619873046875
2374.40356445312,-2448.34765625,257.895629882812
624.605102539062,-2443.88842773438,212.505874633789
-2647.76196289062,163.464935302734,910.803833007812
-3162.40551757812,-831.417236328125,818.702392578125
4008.5986328125,1581.70532226562,809.68603515625
2285.18310546875,4007.26220703125,832.013244628906
2557.68798828125,152.623611450195,766.008911132812
-689.053039550781,4014.943359375,877.341674804688
-1733.20776367188,-2283.92724609375,390.568054199219
697.585327148438,1538.17700195312,877.330383300781
4121.56787109375,3822.400390625,764.88671875
-3578.73291015625,3839.53637695312,884.229797363281
1976.66162109375,-1794.25317382812,468.305786132812
3973.03857421875,2920.58374023438,800.065979003906
3988.9013671875,-223.022796630859,510.34521484375
421.596984863281,4518.32275390625,804.600341796875
353.292907714844,-1748.26306152344,380.548522949219
3909.0390625,2861.03540039062,802.249267578125
-3527.25244140625,1199.69921875,613.2724609375
2183.89477539062,1891.78894042969,821.776489257812
-2546.41015625,82.6110687255859,897.526672363281
-878.90673828125,2632.82373046875,867.450256347656
2190.68823242188,397.522796630859,849.717712402344
1570.66333007812,4652.49755859375,754.244506835938
-2627.65063476562,2736.52026367188,938.489013671875
150.79948425293,-1202.63598632812,453.029693603516
175.357879638672,-2267.21826171875,335.372528076172
1773.21899414062,1906.95288085938,812.801330566406
450.387084960938,-2784.51806640625,307.991424560547
194.699737548828,4445.63916015625,856.07421875
128.899276733398,-1440.69360351562,454.438690185547
-2765.31005859375,4579.93310546875,909.737915039062
190.156890869141,-1183.16381835938,451.227172851562
402.420104980469,-1075.47509765625,439.838043212891
1247.08166503906,1085.45947265625,862.842163085938
2463.35473632812,4515.0048828125,830.584350585938
135.70817565918,-1435.39587402344,454.207305908203
3588.7138671875,1847.861328125,797.975708007812
-3465.66552734375,-1914.46948242188,668.655395507812
-2659.80029296875,2727.66528320312,939.82470703125
2038.896484375,2231.78295898438,812.631103515625
320.925048828125,4248.88330078125,809.698303222656
4050.650390625,3083.53393554688,796.933410644531
2375.57763671875,2620.14306640625,820.972412109375
-3105.44482421875,-1323.9287109375,589.737060546875
2489.787109375,-717.359436035156,474.108032226562
226.573791503906,4721.29833984375,836.406799316406
630.393859863281,-1776.63989257812,322.433410644531
-30.2944087982178,3554.60327148438,855.694213867188
4058.40112304688,-1013.12084960938,259.799530029297
3252.306640625,2285.49462890625,814.164794921875
-2911.05029296875,-274.043518066406,811.283386230469
-3532.52685546875,3629.21630859375,888.883178710938
2091.83666992188,1831.52612304688,825.677185058594
-3186.470703125,3670.9462890625,945.203247070312
2229.63525390625,-1898.52368164062,386.77978515625
249.157669067383,-1952.84313964844,370.110534667969
-3019.162109375,-3184.79736328125,623.580139160156
2470.626953125,565.936950683594,812.006103515625
3449.22119140625,4097.4052734375,717.110107421875
-525.9306640625,4368.546875,862.531494140625
-212.34538269043,673.636962890625,847.401245117188
-770.12109375,-813.633117675781,868.640686035156
-2939.60595703125,1881.81909179688,879.962829589844
414.105010986328,-1569.28930664062,401.574981689453
450.298095703125,-1427.56555175781,399.200805664062
-315.426879882812,687.3837890625,858.408813476562
166.991989135742,1255.15832519531,843.822814941406
292.914154052734,-723.952819824219,475.79931640625
2655.9677734375,824.438842773438,776.737915039062
3187.77490234375,633.654296875,763.644592285156
999.703491210938,-2552.13012695312,299.545349121094
2479.59619140625,3493.42236328125,815.746704101562
2742.60620117188,-3123.818359375,179.303726196289
-2121.86474609375,4708.06201171875,886.599060058594
-3670.66796875,3912.29809570312,867.996459960938
-2306.17333984375,-2760.00708007812,387.891418457031
-650.354858398438,-2672.98657226562,357.016418457031
623.081665039062,4389.90087890625,816.611511230469
-3704.47216796875,18.6824569702148,586.919738769531
3699.74951171875,3380.42236328125,796.851806640625
3290.52172851562,2157.73315429688,830.040161132812
-1725.10546875,-3057.46166992188,238.586929321289
-1239.140625,437.230102539062,884.061706542969
4090.38916015625,4658.1181640625,670.509643554688
-2871.58081054688,1869.66333007812,899.7744140625
1246.61608886719,-2990.56762695312,250.092559814453
2461.12451171875,426.116516113281,807.348571777344
2575.15258789062,3576.03588867188,783.411743164062
1923.84985351562,180.710067749023,846.55810546875
-1957.50366210938,4350.01025390625,880.893249511719
2836.4853515625,3844.03515625,733.263000488281
4105.080078125,3712.6455078125,807.848510742188
218.06689453125,-3099.06884765625,264.508941650391
-2733.29565429688,2512.25512695312,921.787048339844
-105.431205749512,-2532.80029296875,359.552276611328
2160.859375,2830.1015625,803.22119140625
1340.77197265625,-843.580871582031,525.921691894531
-2291.64501953125,-325.550262451172,890.378784179688
211.252700805664,2253.3544921875,880.3564453125
4179.525390625,4303.1552734375,724.212341308594
344.000854492188,2332.28637695312,861.759765625
-2406.62353515625,1812.86535644531,942.222839355469
-1912.93041992188,2035.29174804688,933.180236816406
14.3041009902954,3826.88940429688,831.417236328125
127.437683105469,-1161.75,464.6943359375
1199.02307128906,-2681.8896484375,269.256225585938
-1913.58984375,2039.97021484375,933.00830078125
2357.08178710938,1249.81005859375,824.282043457031
1679.70776367188,862.721557617188,863.548461914062
461.545532226562,-2858.93310546875,294.531158447266
-1933.98547363281,-2078.61987304688,394.498016357422
4097.80517578125,3513.34521484375,804.381530761719
-385.237518310547,3660.47314453125,868.948486328125
4146.35302734375,3173.158203125,797.308471679688
3930.33032226562,3022.935546875,800.390563964844
1361.20178222656,3453.37768554688,785.889892578125
2958.9345703125,3705.345703125,751.8359375
590.45703125,3579.99462890625,845.28662109375
-1080.56616210938,373.302612304688,890.969482421875
4124.3583984375,1229.06848144531,811.915893554688
29.2589073181152,1110.16723632812,853.886901855469
-1570.76635742188,-2883.37451171875,364.809204101562
-764.284729003906,-690.181701660156,877.571899414062
1610.97119140625,-3243.19116210938,243.318344116211
-3676.4638671875,2356.1201171875,924.265502929688
-3677.3662109375,-1521.3818359375,889.774658203125
-3719.9169921875,-290.716369628906,544.659851074219
1501.47192382812,-3154.0576171875,298.694183349609
2786.75927734375,-1289.00354003906,330.000854492188
-101.046005249023,-2430.23291015625,365.260681152344
-3616.90844726562,-168.863159179688,578.709716796875
-1332.61962890625,-2962.7822265625,307.254547119141
-2341.0498046875,-261.392578125,892.653137207031
-2374.79809570312,-2794.22802734375,425.641235351562
-3621.48071289062,2492.65258789062,902.4130859375
1573.19250488281,1721.45446777344,831.180908203125
2636.7412109375,-705.508911132812,425.845550537109
-1400.92651367188,4103.921875,879.764831542969
1455.20471191406,-2684.22143554688,291.46826171875
-104.573822021484,-2433.33422851562,366.627502441406
301.702972412109,-1166.78039550781,442.498748779297
153.399673461914,2481.72607421875,869.297058105469
832.006225585938,3678.43212890625,869.5810546875
255.196960449219,-1596.87622070312,415.431457519531
1933.97485351562,1592.35095214844,856.092346191406
-2846.95141601562,50.5694427490234,901.994750976562
2283.15307617188,-2245.82177734375,313.204925537109
1315.71875,-1534.60852050781,441.694122314453
805.686889648438,1270.09033203125,862.640380859375
2172.19287109375,304.803894042969,853.956298828125
-1728.14929199219,-2628.78491210938,386.762451171875
-3135.95434570312,-1040.36303710938,687.242919921875
4023.802734375,1831.18701171875,796.164916992188
-2021.00415039062,-1576.28784179688,530.382568359375
4145.2763671875,3241.61938476562,798.547180175781
4090.01220703125,3292.806640625,800.329711914062
3082.72412109375,-3035.90087890625,115.467208862305
-3570.18920898438,-172.229278564453,587.264404296875
4072.60009765625,1242.45715332031,814.834411621094
2159.08129882812,-2262.96020507812,342.049926757812
-407.830078125,4270.720703125,844.238525390625
1366.99255371094,-3010.35302734375,271.747497558594
1813.49621582031,-783.33984375,826.603881835938
-475.982299804688,-2906.853515625,364.416198730469
-3466.0126953125,3823.15405273438,916.933837890625
4111.94921875,-1013.97961425781,287.350769042969
1000.84057617188,1282.78662109375,883.591186523438
-946.759643554688,-231.905685424805,880.225708007812
3086.3671875,-3039.76928710938,115.799987792969
2325.06420898438,49.217357635498,839.064270019531
-2945.82495117188,2661.302734375,917.7060546875
230.840866088867,-1682.56616210938,410.269775390625
2325.07666015625,2433.4443359375,807.373046875
752.689636230469,1416.5380859375,885.651062011719
2450.41381835938,2775.2041015625,819.022216796875
2359.7099609375,2165.65454101562,786.548828125
3023.47875976562,4121.04052734375,739.255432128906
195.022033691406,1212.25610351562,845.141906738281
2260.34057617188,4650.1728515625,855.442993164062
4144.35302734375,4579.9443359375,699.313354492188
-3638.8935546875,21.5953407287598,609.490478515625
-2224.486328125,-2174.4228515625,413.885375976562
2287.54125976562,3855.62060546875,825.016357421875
765.823913574219,-1078.31042480469,316.771759033203
-3597.5859375,-225.098648071289,569.410400390625
-2599.87060546875,2733.78002929688,937.814453125
-3675.06005859375,3792.287109375,859.619384765625
-2058.2568359375,1937.86303710938,942.527160644531
2894.63452148438,-1362.06030273438,306.086334228516
-3260.37744140625,1233.15515136719,718.369445800781
-3503.58056640625,4216.2060546875,928.82763671875
1622.25317382812,-3243.80810546875,239.560623168945
-1818.92321777344,-2564.42431640625,396.086944580078
3509.82299804688,824.135925292969,738.568603515625
-290.120391845703,3490.49877929688,862.868041992188
3971.05737304688,3836.3076171875,784.487976074219
1047.57080078125,-2551.6123046875,319.789184570312
-488.529724121094,1832.13659667969,912.110595703125
-2312.58715820312,1930.060546875,920.6689453125
3444.65087890625,1776.43615722656,804.864807128906
294.016540527344,-2836.2919921875,259.414306640625
-1104.65979003906,3668.59106445312,877.958984375
3713.87036132812,-2579.6787109375,239.057525634766
-1221.49267578125,446.377380371094,885.136962890625
3498.138671875,1421.6767578125,810.477416992188
-2351.17456054688,-2789.84301757812,418.71337890625
-2766.34790039062,1787.71252441406,928.358154296875
3945.7431640625,3025.47924804688,799.935913085938
376.362915039062,4697.62158203125,814.5673828125
-349.636993408203,2684.6298828125,881.36474609375
2380.1357421875,2386.07006835938,772.4072265625
-1410.97424316406,-3088.5830078125,302.920379638672
4057.19970703125,4453.06884765625,667.945190429688
-2260.359375,1830.56726074219,945.138427734375
207.729370117188,1262.40014648438,847.056945800781
-2447.8974609375,-2735.89331054688,435.799682617188
-451.835998535156,1659.24682617188,919.339904785156
-3706.2705078125,2547.87255859375,892.334594726562
-138.092346191406,-2377.44360351562,380.941253662109
-839.460510253906,-188.976348876953,879.656677246094
-2733.9345703125,4691.97705078125,907.46630859375
1473.93481445312,4674.1123046875,770.366577148438
511.250396728516,2984.55297851562,859.694396972656
-3450.52734375,1343.34765625,686.880859375
-2556.87451171875,314.069549560547,911.196594238281
2919.04711914062,-146.589660644531,722.965942382812
-2562.9599609375,566.496337890625,915.327514648438
-483.987152099609,4441.33203125,865.869262695312
559.623413085938,-2866.06787109375,267.586669921875
2359.91796875,2395.51025390625,779.907897949219
-144.978576660156,699.8173828125,832.988525390625
2214.38500976562,2303.21166992188,784.716186523438
-3395.36767578125,3669.04833984375,927.489013671875
1553.41040039062,-0.949199080467224,808.88623046875
-3533.37231445312,209.078201293945,708.572875976562
1911.85778808594,-4.31147527694702,843.780883789062
-863.776245117188,2628.18920898438,867.129577636719
-519.931457519531,3615.29833984375,878.185546875
-3093.69995117188,3039.26513671875,914.551391601562
-31.541784286499,1555.99890136719,863.156127929688
483.091369628906,-903.711975097656,399.936614990234
3926.6201171875,-1106.40600585938,205.60188293457
968.011840820312,1167.47692871094,881.483276367188
-2730.71337890625,2603.46533203125,942.071655273438
-691.02587890625,4103.75537109375,877.4287109375
2156.80639648438,4601.5986328125,845.941101074219
133.933898925781,2225.03955078125,890.318481445312
-1785.74560546875,-1953.3876953125,424.818115234375
-2165.30029296875,1632.80139160156,898.064697265625
3954.65307617188,1601.25744628906,808.265380859375
2834.60571289062,-3066.62622070312,165.151412963867
2801.607421875,-2124.443359375,258.357299804688
4210.9833984375,3292.87963867188,803.775268554688
-1531.72485351562,3565.16162109375,888.10107421875
469.946411132812,-1747.19287109375,353.627685546875
151.095291137695,1270.1513671875,845.537902832031
-1431.65173339844,-457.229583740234,828.775512695312
-978.47216796875,-2964.359375,312.026184082031
2222.44091796875,4220.6875,835.616577148438
1622.41467285156,-3216.81689453125,242.351623535156
582.425537109375,4211.12548828125,824.015258789062
-268.471923828125,4071.11865234375,867.133422851562
3982.09326171875,3486.7431640625,802.963500976562
-1198.38745117188,-1619.18908691406,361.57177734375
-450.050964355469,2540.55224609375,896.211364746094
3510.91162109375,1870.47985839844,805.984130859375
-1220.43481445312,-2917.34448242188,268.729370117188
1483.74914550781,-94.7210159301758,816.427307128906
1506.42834472656,-2630.8193359375,304.865844726562
2732.78833007812,3603.7890625,736.784423828125
1577.40478515625,3337.85791015625,834.195251464844
615.930908203125,3261.38671875,844.997253417969
3571.73266601562,3047.72729492188,807.493896484375
-468.543395996094,-2963.16064453125,342.739349365234
-1032.57299804688,-2188.78491210938,307.809112548828
474.860290527344,-1744.58679199219,353.619171142578
1032.50927734375,3867.90405273438,850.877197265625
-1791.14208984375,-283.945434570312,857.221069335938
2389.0869140625,1324.56750488281,821.148132324219
-1036.33447265625,2491.0439453125,888.116455078125
-2664.4921875,2632.25659179688,940.403076171875
4090.67919921875,-1871.33129882812,207.347290039062
1663.9736328125,1882.40551757812,825.811767578125
-728.063720703125,3818.15478515625,873.523864746094
-3626.72705078125,3859.3017578125,872.279907226562
2212.814453125,-2339.97216796875,302.550476074219
3343.6689453125,-850.722045898438,507.826202392578
214.07048034668,-1849.17370605469,398.287353515625
3464.05297851562,2104.82958984375,813.038940429688
-1012.84210205078,-2162.04565429688,321.940460205078
278.713256835938,1220.68615722656,839.054077148438
3454.17309570312,1121.7919921875,724.744506835938
1701.5625,-3188.8125,245.438812255859
2608.07763671875,-780.785034179688,428.42724609375
-3419.2119140625,1339.71826171875,702.458618164062
374.616729736328,2102.8505859375,868.999145507812
-305.364196777344,2686.673828125,872.566040039062
2047.05017089844,-1081.5234375,532.445007324219
1289.18701171875,3309.52905273438,795.042236328125
959.359802246094,-2655.15161132812,251.431655883789
2593.9716796875,567.053527832031,789.809875488281
3592.9765625,-443.495178222656,398.840393066406
2678.4033203125,-2220.08984375,254.132232666016
1980.91809082031,1532.80529785156,851.935791015625
-105.908279418945,3592.32666015625,844.187194824219
2130.3388671875,-1822.14575195312,427.328979492188
1172.14599609375,-2960.54248046875,239.740844726562
563.646606445312,583.228515625,844.917114257812
439.56787109375,737.642944335938,811.409423828125
522.9130859375,3138.7177734375,850.324584960938
539.705139160156,1667.29663085938,892.019653320312
4138.70361328125,3819.3115234375,759.429626464844
1658.69396972656,-3213.65576171875,237.399337768555
-2945.16235351562,1910.0419921875,883.716430664062
1262.90283203125,-2783.32446289062,224.300857543945
-3710.02563476562,86.9852600097656,607.004333496094
-2115.6923828125,4210.49853515625,891.664306640625
269.733093261719,-1229.00805664062,433.690307617188
4205.23876953125,4020.4072265625,701.097900390625
-217.27734375,3469.60766601562,852.876953125
-2386.47900390625,3745.4306640625,897.047729492188
661.290405273438,3567.111328125,855.865844726562
2836.92138671875,-2130.66235351562,250.45002746582
3667.52319335938,1677.1171875,803.472290039062
4013.4326171875,3332.1435546875,802.506286621094
2408.6533203125,4388.75634765625,857.618225097656
-242.537170410156,3571.494140625,851.90380859375
-3419.845703125,1339.89270019531,702.332397460938
-2418.88134765625,1635.21215820312,951.9169921875
-3647.52490234375,614.57958984375,613.495239257812
-2468.86279296875,1624.8310546875,935.539367675781
-362.603057861328,3682.6103515625,869.334289550781
-3352.05981445312,2271.58642578125,917.286254882812
3274.29345703125,1614.23413085938,821.960693359375
4016.365234375,3182.11694335938,801.613891601562
-2716.24389648438,240.221481323242,899.962890625
3028.02783203125,-3165.97631835938,108.765724182129
-239.031799316406,569.178955078125,849.521728515625
636.814819335938,3639.2158203125,847.526428222656
418.761962890625,-2898.4970703125,268.78857421875
1578.69360351562,-139.584442138672,832.35986328125
1727.83032226562,-3189.02709960938,241.344085693359
908.140625,-2606.64868164062,247.11491394043
-1633.14831542969,2807.7470703125,922.411743164062
1991.33923339844,3680.4208984375,837.77734375
-2699.47680664062,1691.185546875,916.1640625
3988.8994140625,3366.48046875,803.670349121094
-156.893508911133,3485.75537109375,854.368469238281
3945.85205078125,-242.777862548828,486.024963378906
1082.99145507812,-2809.64868164062,248.967330932617
-2714.86938476562,240.555114746094,899.9130859375
-1451.51513671875,1782.77014160156,925.232604980469
-8.16938877105713,1628.74780273438,861.293701171875
-549.510620117188,1677.10571289062,906.284362792969
2525.82446289062,4289.142578125,850.08447265625
2311.63134765625,-329.144073486328,830.365844726562
-2422.4794921875,-2965.82153320312,463.807556152344
558.909118652344,4396.90478515625,801.152465820312
-213.291610717773,747.764038085938,842.806579589844
2517.34521484375,4419.62890625,845.434814453125
312.171508789062,-1825.45031738281,381.725280761719
2104.23681640625,1771.62133789062,835.740295410156
913.251708984375,1405.06469726562,897.545532226562
-3336.26806640625,1206.33190917969,685.7275390625
1069.52514648438,3057.15625,851.820068359375
171.852401733398,4710.49365234375,833.673828125
-3077.72265625,4326.91015625,935.80419921875
3414.49169921875,-855.122314453125,480.757446289062
3445.322265625,-1022.53857421875,441.223480224609
645.33984375,3561.79833984375,854.855102539062
-2843.78442382812,2735.0771484375,922.5517578125
2033.36743164062,-1167.57897949219,524.504089355469
1425.25842285156,1993.07006835938,845.583923339844
-2677.61791992188,1148.56689453125,884.422302246094
385.579284667969,-469.84033203125,478.63720703125
-583.177917480469,2501.78784179688,901.428588867188
264.450225830078,2175.72143554688,871.738525390625
-212.59049987793,3472.62451171875,852.552368164062
1404.01953125,-2522.29760742188,306.858764648438
-1720.45678710938,-2586.466796875,375.284027099609
1011.75036621094,-2417.443359375,270.130249023438
-1207.45776367188,452.207214355469,885.741455078125
3620.4541015625,2142.26733398438,813.197570800781
3938.91015625,3585.77099609375,798.4462890625
-2262.60546875,-980.890197753906,886.572143554688
-1461.68395996094,2675.7138671875,912.305419921875
891.26318359375,1449.04711914062,891.861877441406
-454.541595458984,-496.238861083984,854.622314453125
335.096313476562,4388.8359375,816.3701171875
-1620.34851074219,-2031.95080566406,441.101257324219
3244.01928710938,1658.77600097656,821.515625
2370.87451171875,4072.78833007812,829.176696777344
-1468.81042480469,-2774.1162109375,364.819885253906
-2591.47900390625,-1528.28247070312,456.018951416016
2766.75244140625,3954.27685546875,748.859375
-729.439208984375,4085.57421875,881.235046386719
-3223.80102539062,1395.75939941406,893.844116210938
3895.02099609375,-2568.86499023438,312.645843505859
-2051.42236328125,1782.86791992188,941.055419921875
1186.56921386719,-2799.7041015625,246.638580322266
-2261.65185546875,-979.721435546875,886.66845703125
3975.26123046875,3862.712890625,770.072631835938
-2987.07861328125,-1318.845703125,569.928039550781
827.610107421875,-664.940185546875,479.839782714844
-3232.0732421875,3677.02514648438,952.780395507812
650.660583496094,4622.2109375,798.505981445312
-1122.61926269531,3753.6748046875,875.732177734375
-3455.49609375,2268.74536132812,920.228393554688
-1849.53393554688,-1374.87353515625,595.760559082031
551.224853515625,732.541931152344,840.023254394531
-2985.75952148438,125.033233642578,902.322387695312
-2397.658203125,197.432373046875,896.596740722656
-2982.189453125,-1325.46911621094,565.106750488281
2307.90185546875,3866.4208984375,821.881896972656
-3034.14501953125,29.1855869293213,901.147216796875
-3724.72485351562,-1475.29223632812,870.642272949219
-1066.62512207031,-1628.19067382812,351.040649414062
-2897.12060546875,2060.67309570312,929.913024902344
202.294555664062,2142.8466796875,878.255493164062
-3586.14111328125,1368.45703125,700.652709960938
2554.31958007812,2122.82348632812,809.707641601562
167.148574829102,1199.13989257812,846.088623046875
1688.70068359375,-3126.10595703125,239.330688476562
1609.59521484375,-102.238090515137,831.219848632812
-317.749450683594,4053.88623046875,867.564514160156
3314.05419921875,1611.80346679688,819.740905761719
-3105.48901367188,2626.73901367188,917.075439453125
-89.4041595458984,3596.521484375,848.10791015625
167.02815246582,2009.55627441406,902.896728515625
-3472.62377929688,2154.27612304688,925.258666992188
3974.14721679688,2906.80834960938,800.277038574219
-2951.88916015625,167.597061157227,899.898620605469
-879.112365722656,2786.65893554688,863.170471191406
3364.55126953125,4045.93774414062,684.101440429688
-1326.19287109375,-1588.60900878906,408.578552246094
342.232452392578,-1908.9365234375,363.968872070312
379.839141845703,-1990.40173339844,339.444427490234
-2479.64575195312,-2989.76782226562,479.576721191406
2438.94091796875,302.782287597656,823.125366210938
-3434.60083007812,2253.921875,921.728637695312
-1008.25317382812,-1717.15454101562,402.682678222656
2661.65844726562,3368.98461914062,767.699829101562
-3354.1640625,3665.04272460938,936.38671875
2566.40234375,2081.931640625,810.288452148438
-363.554412841797,-58.9315338134766,855.353149414062
4113.65625,4446.0810546875,688.308044433594
1113.89672851562,3091.44897460938,841.928588867188
-2965.98022460938,-893.012329101562,667.5625
1685.47009277344,-3039.84204101562,243.840942382812
3396.72802734375,2252.35986328125,824.389953613281
2739.82080078125,4504.48779296875,814.246704101562
490.634643554688,4380.212890625,799.841430664062
2134.66455078125,1769.69140625,839.004516601562
3582.19409179688,2222.39306640625,823.945251464844
160.689544677734,-1591.60144042969,420.358947753906
2083.19360351562,1992.83764648438,802.344299316406
-520.542053222656,3517.59252929688,874.211303710938
3252.84936523438,1646.96008300781,821.271484375
-3534.6748046875,-87.3317642211914,625.360534667969
4040.572265625,3191.54296875,800.969116210938
-1750.06262207031,876.602478027344,883.689086914062
-2778.17822265625,1839.09399414062,932.822204589844
3478.02685546875,2167.4150390625,814.693603515625
3827.68310546875,431.767974853516,772.22216796875
3582.02563476562,616.116333007812,752.79541015625
2782.38427734375,-2010.34997558594,259.753387451172
446.528198242188,4667.78662109375,793.96337890625
845.27294921875,-662.060119628906,481.513977050781
-3472.580078125,2156.6455078125,925.372375488281
-3321.72509765625,1827.42736816406,871.152221679688
2303.08935546875,265.210968017578,840.713012695312
2995.91186523438,-680.671142578125,464.814147949219
3951.5498046875,-1183.36315917969,203.770462036133
1754.96789550781,30.4704341888428,833.231140136719
-76.6984024047852,2273.89184570312,912.1923828125
1705.365234375,-3123.87426757812,233.37077331543
3640.16943359375,1857.79931640625,795.95361328125
2733.1494140625,-815.901306152344,376.007720947266
146.313415527344,1234.8544921875,845.045166015625
1113.14221191406,-2992.30859375,244.02294921875
339.385375976562,-688.088989257812,468.529571533203
3258.79248046875,-1384.63024902344,381.212799072266
1089.24450683594,3052.58837890625,844.447631835938
359.456390380859,-1906.5751953125,360.705749511719
-991.093200683594,-1712.49194335938,406.992004394531
-334.691253662109,-468.598876953125,815.585754394531
-2458.751953125,3627.201171875,908.902038574219
-908.286376953125,3848.73657226562,846.26416015625
940.382873535156,1791.67907714844,861.373657226562
-531.402893066406,-2821.75439453125,389.307067871094
2317.74633789062,-2326.90014648438,284.200256347656
1781.86193847656,1698.2236328125,823.955810546875
2115.71142578125,2898.13989257812,838.291625976562
-2204.8095703125,2561.89819335938,873.247741699219
-2611.39013671875,2764.306640625,934.02880859375
-384.567504882812,-3154.87329101562,304.386871337891
-810.61328125,1022.44201660156,910.195678710938
-2408.97583007812,1666.17138671875,952.874938964844
-1108.54272460938,-2891.21655273438,218.910369873047
-2533.2451171875,-2760.1572265625,468.251373291016
2132.19140625,2194.5068359375,792.254821777344
4110.23779296875,-91.8078155517578,747.533020019531
1081.53515625,1220.23376464844,877.641357421875
24.7009124755859,-1778.890625,431.423309326172
4158.42236328125,-62.7039184570312,721.240966796875
984.768798828125,1670.361328125,878.929931640625
390.511322021484,-946.749084472656,429.205841064453
1114.94116210938,-3078.1767578125,244.478393554688
-3368.43408203125,-1627.70703125,663.65185546875
2980.15551757812,-3222.765625,111.717468261719
2438.75903320312,2161.1064453125,794.620910644531
-1558.76196289062,4663.33203125,817.994506835938
3117.85400390625,3936.02099609375,717.554809570312
3026.69604492188,2187.48046875,826.660705566406
691.748901367188,1626.84375,865.090087890625
2168.37353515625,4201.61669921875,835.758666992188
3714.52978515625,-1527.48510742188,253.679260253906
-431.148315429688,-2942.17553710938,337.677947998047
-2607.62744140625,710.897216796875,896.909423828125
-3148.2666015625,-122.350402832031,845.139343261719
807.887084960938,2730.04223632812,883.664672851562
-3679.57275390625,-61.8836517333984,570.62890625
-692.03564453125,2812.94189453125,883.351013183594
4080.93408203125,9.60262870788574,769.233154296875
-3660.97216796875,3637.712890625,862.726928710938
1609.86596679688,2946.4931640625,831.090576171875
-2425.9384765625,294.122894287109,899.68798828125
3019.55322265625,3923.1708984375,726.295776367188
4011.84936523438,-954.34033203125,244.144866943359
-853.4677734375,-165.0546875,880.322265625
870.122314453125,1390.890625,897.549072265625
-1965.50256347656,1860.1201171875,949.515869140625
-1688.80981445312,4631.203125,821.086181640625
-3561.16186523438,-1982.62377929688,707.225830078125
720.806213378906,3430.84204101562,864.1201171875
1149.36743164062,-2991.79638671875,249.763778686523
-2203.81103515625,1663.71984863281,897.750854492188
-3470.05517578125,3636.73828125,911.587707519531
-3496.68530273438,4269.1806640625,938.990478515625
-990.341125488281,-2916.89306640625,311.892211914062
175.075225830078,-2032.70056152344,387.763122558594
-3317.94409179688,3319.287109375,865.411376953125
-3375.59423828125,2174.47583007812,927.761779785156
4078.03881835938,1070.9375,813.195373535156
-940.523803710938,-764.584716796875,860.720825195312
2793.9375,3725.046875,728.59130859375
3112.32568359375,-2980.0732421875,130.427368164062
2294.79516601562,2338.87451171875,781.942932128906
-2510.849609375,-2759.1025390625,460.208953857422
3980.49487304688,4440.259765625,639.452758789062
2600.99633789062,4341.08544921875,835.11376953125
1384.04077148438,-3185.18798828125,276.1162109375
4052.50634765625,-2434.44775390625,349.592437744141
1110.263671875,2906.56665039062,834.490600585938
4048.556640625,4534.1787109375,662.410522460938
-2661.14916992188,1831.27978515625,902.148376464844
-1539.29125976562,4088.88354492188,851.3408203125
-821.542907714844,-174.699157714844,879.361083984375
2577.98828125,2098.41430664062,807.913879394531
1770.56103515625,817.305541992188,854.338806152344
288.373199462891,-1935.67993164062,366.54052734375
-3361.8056640625,2158.99389648438,928.534423828125
-588.312255859375,-3019.23022460938,298.232391357422
3611.38061523438,4669.86328125,694.099609375
-2594.62451171875,1603.68115234375,874.229125976562
3432.63525390625,1888.03344726562,809.75634765625
-3732.69580078125,-248.475997924805,558.93310546875
-1947.45056152344,3984.97265625,889.669006347656
-1153.12280273438,3625.79296875,884.083068847656
2904.3505859375,3778.42919921875,743.994262695312
1355.86218261719,3657.75854492188,803.043151855469
-3432.56787109375,-930.841857910156,720.559692382812
-1734.41357421875,-2080.0927734375,435.545104980469
-1602.21557617188,-1911.14440917969,395.265655517578
313.786254882812,1153.328125,842.714294433594
4161.810546875,3266.8515625,800.430419921875
460.906829833984,4275.69921875,806.820556640625
4098.22265625,3066.85498046875,795.561889648438
1868.83215332031,1894.74719238281,807.534912109375
547.058044433594,-1772.4951171875,335.381225585938
2243.03637695312,-1952.48669433594,389.517761230469
-1730.80688476562,616.749572753906,885.439819335938
-2749.0615234375,198.32878112793,902.183227539062
-1478.50317382812,2578.232421875,902.813232421875
1211.76879882812,-2546.994140625,305.809814453125
-2847.49365234375,89.0016250610352,901.90966796875
-2948.27197265625,-182.907760620117,833.946716308594
4041.2900390625,3551.97241210938,803.599670410156
-2183.7822265625,2443.220703125,885.900817871094
702.964233398438,3414.95043945312,862.552124023438
-2451.42236328125,224.270172119141,903.394653320312
-2580.22680664062,178.242340087891,913.607055664062
2046.24829101562,2090.90087890625,799.674194335938
3902.8916015625,426.322937011719,783.619323730469
4050.37084960938,3556.1904296875,803.719299316406
-2019.85620117188,-2154.40454101562,399.170562744141
-2718.14868164062,58.2944259643555,911.247253417969
2540.71337890625,2066.23413085938,813.234741210938
-2902.736328125,-191.065399169922,822.81640625
3285.10595703125,-1265.95959472656,424.390838623047
-2711.9443359375,61.9195404052734,911.407836914062
-1605.51806640625,-2060.26416015625,423.883544921875
1884.03405761719,-2797.0302734375,217.861953735352
551.547546386719,1575.91174316406,898.09619140625
638.783447265625,3491.0419921875,858.374267578125
-2779.0439453125,229.181793212891,897.302734375
395.345672607422,4324.21923828125,796.954467773438
1611.55456542969,1888.8984375,838.191040039062
3532.74560546875,2239.43334960938,822.30859375
-3346.857421875,3663.21459960938,938.825317382812
-3145.49169921875,914.590759277344,649.086791992188
272.824249267578,-1122.01196289062,441.733032226562
-1563.41430664062,1906.02416992188,919.838500976562
-2679.828125,2695.55883789062,942.989501953125
139.120910644531,2180.54614257812,885.4716796875
49.8396530151367,2420.70654296875,884.701599121094
-3356.4833984375,2154.4365234375,928.606994628906
34.5308799743652,-1612.66101074219,448.420288085938
2184.23779296875,2598.0947265625,840.720397949219
42.8803787231445,-1159.81018066406,478.427032470703
3538.177734375,1905.60217285156,805.947937011719
2428.65283203125,168.354431152344,835.593444824219
2178.78637695312,468.138000488281,848.78662109375
2357.52880859375,4049.4619140625,826
2927.98120117188,-1138.70690917969,354.263916015625
290.206787109375,-1378.26867675781,421.208923339844
-3370.51806640625,2146.10571289062,928.037963867188
2378.29296875,1997.61926269531,818.976806640625
1937.62915039062,-753.812561035156,825.862854003906
-434.728424072266,-2872.42626953125,347.366424560547
3935.65014648438,-1820.65893554688,181.73811340332
-812.761962890625,3813.58447265625,854.55908203125
2385.41821289062,3859.44702148438,802.13232421875
3490.08740234375,-652.694458007812,410.013061523438
1145.83325195312,-2685.66455078125,282.92041015625
516.683410644531,3450.0625,826.589904785156
-1986.28442382812,4411.0068359375,897.102722167969
2530.33813476562,4425.05810546875,842.712585449219
3462.31103515625,2514.82958984375,822.448059082031
-382.235137939453,2444.19677734375,893.748291015625
-2444.09765625,-2757.6787109375,442.674255371094
1931.03686523438,2026.83251953125,817.996765136719
2725.5048828125,-795.257995605469,381.513977050781
4016.89111328125,1660.03454589844,806.922302246094
1458.98474121094,-3161.994140625,288.286041259766
-642.631591796875,-2764.0390625,368.892852783203
4073.88232421875,3256.10522460938,800.054809570312
3235.98291015625,-3159.91870117188,144.413818359375
-384.791595458984,-2076.55249023438,473.673828125
20.0367317199707,1286.76818847656,846.455017089844
1511.53857421875,1830.46984863281,855.019653320312
1935.20239257812,1842.57214355469,818.142517089844
2384.822265625,3194.20141601562,819.354309082031
-2558.90869140625,336.496032714844,911.674865722656
-3475.53540039062,3639.23681640625,909.349670410156
4179.52880859375,1598.51147460938,806.063720703125
910.101440429688,-3049.85888671875,204.832168579102
-1959.83190917969,1843.54479980469,949.958129882812
2297.7314453125,-1843.32922363281,374.685485839844
-260.341491699219,-22.3718414306641,816.489074707031
-3685.1083984375,-1735.46667480469,903.5322265625
3875.09497070312,244.159454345703,753.949951171875
2722.96044921875,-2036.91662597656,267.579864501953
-504.773956298828,-2908.6044921875,369.007873535156
2636.44653320312,2127.33374023438,795.631530761719
3731.26806640625,1835.91418457031,792.479614257812
-2250.85986328125,1680.83557128906,921.252075195312
2227.3388671875,-2425.40502929688,268.65478515625
-2317.1484375,-694.176025390625,860.002563476562
-2212.02954101562,-161.215103149414,878.401306152344
-1331.62573242188,428.669250488281,876.521179199219
3408.69067382812,-84.5902938842773,764.3037109375
-1583.27966308594,4721.208984375,810.333679199219
-2284.05419921875,-899.79638671875,879.2099609375
216.5283203125,4566.3994140625,849.938293457031
-2852.2451171875,1942.19873046875,906.6279296875
1421.78283691406,3655.11840820312,784.224609375
261.608245849609,4646.43212890625,838.119323730469
3274.49267578125,339.733581542969,770.619567871094
-2066.55981445312,1726.29992675781,937.460083007812
260.871063232422,847.417114257812,849.109802246094
179.789138793945,-1464.29052734375,441.506134033203
1424.47912597656,2027.64782714844,839.350891113281
1369.53234863281,3658.56396484375,797.796264648438
2633.81909179688,2046.91870117188,797.891845703125
1211.546875,-3162.89453125,260.313110351562
-2144.58251953125,-2415.357421875,360.952758789062
3857.77221679688,-2640.28051757812,306.101440429688
3011.49829101562,182.96501159668,794.799072265625
2379.15869140625,162.122940063477,842.730834960938
-2290.8671875,-905.897705078125,878.03515625
4238.431640625,3400.35205078125,808.328979492188
-2033.32421875,2404.3076171875,913.037475585938
3115.23828125,2157.1591796875,832.114135742188
-3161.64404296875,3718.30615234375,949.150146484375
3240.79223632812,740.078491210938,749.96875
3928.1123046875,-2381.8310546875,308.033264160156
1463.82421875,-2980.48852539062,278.274291992188
-2037.30297851562,-2292.775390625,348.588592529297
3852.05126953125,-2408.45947265625,278.286804199219
2490.1953125,3467.890625,816.760375976562
1946.51989746094,1842.44360351562,818.08935546875
-3228.470703125,-1041.10302734375,815.031555175781
2361.70263671875,4488.9794921875,849.360046386719
-2834.38891601562,-307.088470458984,810.845031738281
-3747.62182617188,1787.99340820312,739.221313476562
1370.53967285156,4648.525390625,779.033935546875
3883.67724609375,3234.14404296875,806.886535644531
1347.73181152344,-3219.80419921875,277.55078125
-2078.68237304688,3906.12353515625,894.294494628906
2472.43823242188,4407.4130859375,851.456604003906
2264.64282226562,524.88232421875,841.760009765625
-211.540100097656,4636.1328125,819.398803710938
1795.17407226562,1742.04443359375,821.11669921875
1975.8095703125,1780.19665527344,833.495239257812
1723.56958007812,1657.33129882812,821.963989257812
4230.9248046875,3350.138671875,806.378479003906
-3064.52026367188,-3241.15087890625,652.093017578125
-3675.0390625,-1733.88647460938,907.5830078125
-2248.1865234375,2305.53686523438,894.148559570312
814.822265625,1577.33911132812,863.542846679688
-2023.07299804688,1533.16845703125,945.639282226562
326.913269042969,498.687225341797,809.768920898438
1942.10083007812,-783.0673828125,821.908508300781
2172.61474609375,2961.57275390625,842.409912109375
-2783.89453125,4649.65771484375,911.7666015625
3105.548828125,-3133.3720703125,122.522064208984
196.273376464844,-1687.56188964844,409.451202392578
3897.251953125,1677.77319335938,801.769165039062
-310.904968261719,-2071.591796875,474.962036132812
1197.9501953125,-2709.57958984375,259.042114257812
2326.45654296875,-821.625732421875,535.233093261719
-2336.65576171875,4717.8427734375,897.423522949219
-1104.02001953125,-1462.154296875,373.016967773438
-1245.17529296875,659.739624023438,871.85595703125
117.540580749512,1331.08166503906,856.046691894531
671.901489257812,-1880.00939941406,324.759948730469
4109.40283203125,-392.523376464844,462.38330078125
-3675.96411132812,-283.268707275391,549.795715332031
-2616.77319335938,1690.60693359375,878.426879882812
-3172.48583984375,-1747.0595703125,598.19775390625
1695.71447753906,3016.74584960938,837.894897460938
1523.39013671875,1800.89343261719,845.717529296875
1187.953125,3010.88452148438,807.747985839844
2946.955078125,-1110.00695800781,363.798614501953
-1872.21936035156,4267.5419921875,849.311096191406
-3295.814453125,3603.64379882812,939.875549316406
-827.146301269531,3811.59594726562,850.2919921875
-1658.89233398438,-2559.54931640625,341.199523925781
278.584381103516,-1170.54528808594,436.80712890625
3297.4560546875,-1134.0068359375,446.025085449219
3000.85791015625,3996.9716796875,746.603942871094
-258.136962890625,4061.40966796875,867.619689941406
3542.6669921875,1470.25024414062,813.838195800781
3929.99951171875,1692.59790039062,802.765563964844
-3199.78076171875,1419.91943359375,878.232055664062
-2675.1337890625,2699.169921875,942.741088867188
333.805969238281,-1376.8720703125,421.012420654297
-2011.37048339844,-1609.50012207031,516.940673828125
2618.27783203125,-842.80908203125,412.169036865234
965.919555664062,1267.42895507812,885.7109375
1993.30249023438,-667.678100585938,818.718872070312
2486.38745117188,-2058.515625,301.541351318359
-388.565002441406,4510.4208984375,859.351196289062
3194.75659179688,-1175.75793457031,407.562591552734
149.547241210938,-1613.27368164062,420.891632080078
-209.939254760742,4101.943359375,866.637084960938
489.791198730469,-925.775024414062,400.443237304688
3660.82080078125,1762.00427246094,799.692565917969
658.796081542969,-503.806335449219,540.2568359375
-800.515563964844,878.578125,899.366088867188
3803.634765625,1744.85302734375,797.323791503906
1816.35437011719,-650.045837402344,818.090148925781
-598.02734375,1751.25769042969,897.866394042969
-1110.95092773438,-2136.974609375,296.652587890625
4157.6767578125,3081.81420898438,794.398315429688
-1164.27172851562,435.794128417969,889.399169921875
3584.84448242188,-537.00244140625,392.608123779297
-2816.05322265625,-304.843017578125,822.925109863281
4238.0859375,111.920967102051,739.763793945312
183.344924926758,-1348.61279296875,448.657867431641
-65.0866928100586,3728.82666015625,829.8876953125
844.171875,-2582.65844726562,244.374328613281
1657.08374023438,1919.62829589844,828.20556640625
1989.26574707031,-671.8232421875,818.686767578125
3295.94799804688,-1142.04699707031,444.920593261719
1720.27429199219,263.350555419922,852.213745117188
2501.51293945312,449.564758300781,807.845275878906
768.708740234375,-1109.39282226562,308.375671386719
3377.93994140625,1087.85034179688,770.714538574219
3359.22387695312,2297.28393554688,824.822509765625
439.057312011719,3198.3857421875,847.345092773438
-1223.52587890625,-2019.47595214844,342.491821289062
-741.380920410156,-1097.33142089844,637.593872070312
-2632.7041015625,2601.06884765625,929.579345703125
-2153.24682617188,4139.080078125,870.417724609375
-1056.70092773438,-2865.75048828125,239.898132324219
-3693.25830078125,-394.665893554688,535.337219238281
3318.30712890625,-878.132507324219,514.841735839844
-2690.87255859375,1880.13293457031,922.048706054688
-3130.18017578125,2749.95532226562,900.105102539062
-161.709976196289,3941.70556640625,860.823364257812
678.796875,3384.87231445312,859.873596191406
124.377883911133,1334.52392578125,857.204467773438
-74.1664505004883,3504.66015625,854.325866699219
4097.5146484375,3416.58227539062,802.813110351562
2271.36206054688,-2309.67602539062,298.361541748047
-2484.73510742188,1868.853515625,916.515258789062
-3645.61401367188,56.5370559692383,617.729187011719
3851.85278320312,-2854.44360351562,299.349029541016
-3585.01904296875,194.001373291016,675.597534179688
4086.78540039062,3862.21362304688,759.008544921875
-1352.65881347656,1771.38403320312,921.023986816406
209.129684448242,1133.134765625,846.405212402344
-200.182525634766,3484.18701171875,851.703735351562
-1798.47119140625,1932.65478515625,907.594848632812
-3202.54614257812,889.093627929688,638.202880859375
2088.49536132812,1908.90625,810.52783203125
-13.4193305969238,1668.09130859375,863.503173828125
-2593.96264648438,2613.53955078125,926.555603027344
2278.93505859375,4469.73974609375,835.784301757812
610.560180664062,4470.9755859375,820.016540527344
3875.61010742188,1889.27392578125,787.722290039062
2787.6611328125,-1227.00854492188,322.373992919922
2367.962890625,3136.56005859375,822.813110351562
-3627.20556640625,-1929.35791015625,879.77197265625
1058.57873535156,2936.837890625,830.738464355469
-2600.54272460938,1841.18823242188,902.451293945312
-2183.27319335938,-1030.44921875,872.121704101562
2576.50390625,4267.2548828125,826.6171875
-464.083953857422,82.4591217041016,870.46826171875
381.686187744141,-1477.98779296875,412.748443603516
-50.6714859008789,-1806.10864257812,455.409240722656
4000.96826171875,-1011.67602539062,235.009567260742
-2673.55932617188,1665.75415039062,903.432434082031
4000.42431640625,-833.55712890625,228.120086669922
-1635.6259765625,1796.49157714844,926.599670410156
-1672.37841796875,687.689636230469,878.858947753906
683.589599609375,4327.755859375,819.452514648438
-127.537643432617,973.59228515625,873.378479003906
-3562.6376953125,306.768920898438,659.527038574219
-388.388122558594,-3094.70874023438,316.207885742188
-919.717041015625,3742.873046875,849.454711914062
-3131.41284179688,1930.46472167969,924.279541015625
-1112.41528320312,400.026580810547,892.715026855469
-2924.58569335938,-3182.01318359375,595.461669921875
2657.5556640625,-899.421264648438,381.775421142578
-2634.009765625,2599.505859375,929.305603027344
1907.22265625,-3142.08447265625,253.354034423828
347.779846191406,3154.345703125,832.756469726562
-2248.00463867188,2338.24975585938,892.121459960938
-2550.4072265625,1598.23461914062,891.922729492188
3955.49267578125,4471.345703125,643.271118164062
-804.099975585938,2559.86962890625,880.898010253906
-3609.37036132812,1257.75280761719,630.078308105469
-1279.59094238281,-2884.64770507812,291.415435791016
2504.41064453125,4414.6865234375,847.856201171875
3189.07763671875,-1903.03271484375,204.391693115234
1457.87878417969,-2664.94067382812,293.310943603516
-3380.232421875,3825.45825195312,932.505981445312
-2544.94799804688,119.184234619141,903.530395507812
185.098419189453,4659.71875,842.306518554688
1620.18774414062,-74.1892852783203,828.986572265625
-2763.2548828125,-324.73388671875,834.525390625
1692.58520507812,2952.140625,836.105712890625
-606.068176269531,4026.76904296875,870.1884765625
1427.31323242188,-3010.99462890625,260.376739501953
-1911.49438476562,4309.3037109375,844.216247558594
3389.115234375,-1964.06359863281,190.87028503418
405.616882324219,-1184.51147460938,417.2548828125
394.263977050781,-1674.91821289062,379.479888916016
583.576232910156,4132.65673828125,832.872497558594
2619.23608398438,375.122802734375,818.129333496094
2474.47143554688,4567.09375,822.125732421875
64.4650726318359,-1828.17297363281,417.553375244141
-3693.4189453125,100.297164916992,615.860717773438
-3084.65307617188,1291.19750976562,728.714111328125
2291.88525390625,3413.55590820312,835.934020996094
304.090118408203,-1575.05395507812,412.831176757812
3737.5576171875,1854.38513183594,790.366577148438
-2892.0830078125,181.531509399414,899.245422363281
-573.888061523438,4346.86669921875,864.6630859375
-732.761291503906,-657.143432617188,876.66162109375
-1819.9013671875,1879.248046875,915.515014648438
3919.001953125,4459.88671875,662.943969726562
1705.42016601562,208.395599365234,847.032165527344
-538.417846679688,-2794.84375,393.925170898438
-1823.03479003906,-1739.51000976562,510.052642822266
2224.26806640625,-2181.65478515625,339.862060546875
1991.91748046875,-1148.68444824219,541.412414550781
-1696.8671875,-151.889053344727,846.011962890625
3246.77392578125,3964.56494140625,672.106811523438
-41.9441909790039,3607.0419921875,851.664794921875
330.295959472656,1097.14208984375,845.7529296875
3778.50952148438,-1649.64855957031,209.415451049805
197.21549987793,-680.815490722656,504.942108154297
-3103.58081054688,-1407.29431152344,566.840087890625
-3721.17626953125,-222.877105712891,560.660339355469
-307.074279785156,2704.45971679688,872.752563476562
2154.93286132812,1808.85766601562,835.232666015625
2994.13427734375,-1155.619140625,359.772796630859
-2021.38098144531,4353.888671875,898.270080566406
1538.33374023438,-3220.263671875,283.029541015625
4169.81591796875,3552.84301757812,808.092956542969
4168.82958984375,3075.53955078125,794.001281738281
3435.47998046875,4099.99560546875,713.35302734375
4085.31494140625,3187.12866210938,800.160522460938
3749.29467773438,572.483520507812,755.140380859375
2032.01293945312,-1109.36157226562,532.18359375
-545.035278320312,4518.46435546875,875.16650390625
721.859375,3959.50244140625,848.407165527344
3104.0029296875,-1482.29077148438,257.66455078125
-1292.86108398438,3733.181640625,888.7412109375
56.5099716186523,-1390.2626953125,455.055267333984
2620.5654296875,-1088.25158691406,354.592224121094
2579.28637695312,1907.79907226562,815.013916015625
-2234.64721679688,-943.459411621094,902.275268554688
645.761169433594,1632.45056152344,878.266723632812
-43.0832290649414,2252.12280273438,913.25732421875
-2548.6845703125,1893.22326660156,920.904846191406
3987.515625,-185.542755126953,530.0712890625
-3637.25219726562,1431.77258300781,705.718017578125
-2514.9638671875,-2688.85913085938,442.570098876953
3918.19409179688,1763.3408203125,799.358154296875
383.734069824219,533.318176269531,808.224365234375
2116.73193359375,-1717.78930664062,447.135955810547
116.047668457031,4650.73095703125,837.883544921875
2653.32421875,3486.55541992188,786.55712890625
279.130676269531,-1447.10986328125,417.490905761719
2225.26806640625,428.281646728516,841.984252929688
-484.176605224609,-3186.6279296875,255.966430664062
-246.322113037109,3621.89624023438,840.970825195312
-2389.13549804688,1708.544921875,952.915893554688
1940.9541015625,2137.00024414062,841.906860351562
-1186.15124511719,-2018.50720214844,322.064483642578
-2782.32495117188,-295.999603271484,834.750671386719
3320.54443359375,1665.1064453125,815.566223144531
-2972.10083007812,-3241.57641601562,618.387329101562
-3497.7236328125,2353.22534179688,909.632202148438
2822.60717773438,-1316.54321289062,323.936370849609
3912.75,1795.91296386719,796.708618164062
-1175.99975585938,-2684.69580078125,228.775375366211
2437.6318359375,2366.10498046875,777.196350097656
-1512.20471191406,-1638.4716796875,451.387603759766
-2791.3046875,-305.692993164062,830.015991210938
-30.9122924804688,1254.70483398438,847.693481445312
3326.88842773438,-1123.18115234375,447.115966796875
-2082.80224609375,4325.80517578125,905.44970703125
-74.5681838989258,-1644.61596679688,464.298095703125
-3567.146484375,-10.4486989974976,615.837219238281
2200.87036132812,1791.88208007812,841.742919921875
-3199.94604492188,-2791.67749023438,600.634521484375
-3745.14770507812,606.596984863281,575.693237304688
194.467147827148,-1751.82849121094,407.631195068359
-954.962097167969,-1567.00500488281,389.487945556641
2574.7333984375,2557.97583007812,765.344604492188
1240.73876953125,-1505.69091796875,424.326904296875
-2139.45068359375,-291.66650390625,878.62890625
746.952392578125,3438.20849609375,864.989990234375
3727.67114257812,1726.00964355469,798.668090820312
3207.39404296875,2058.251953125,836.521728515625
-2306.3134765625,3779.54028320312,900.210998535156
2178.484375,-2004.25146484375,401.748107910156
-3553.81787109375,3727.63647460938,882.496459960938
-3360.34423828125,1394.62829589844,861.429748535156
1263.77661132812,-2984.15673828125,246.679626464844
4216.4560546875,-441.155456542969,410.212066650391
2332.19067382812,3736.56225585938,824.350830078125
-3009.29174804688,2719.5947265625,907.367309570312
2264.4912109375,597.406860351562,832.965454101562
1246.60437011719,-1507.29541015625,423.356201171875
2123.26733398438,-1800.20336914062,432.632080078125
441.179260253906,-649.920471191406,434.494445800781
-2244.322265625,1761.34716796875,938.211303710938
-3331.57934570312,1078.00988769531,619.5673828125
101.150939941406,1669.84521484375,875.231262207031
272.209411621094,4707.212890625,835.959533691406
-3624.53051757812,1297.59033203125,651.019165039062
4072.28393554688,1868.24719238281,793.356567382812
3946.91870117188,3243.87939453125,803.473205566406
889.29296875,1239.28869628906,879.331665039062
-2218.12133789062,1452.77697753906,892.96435546875
-2447.80712890625,-2605.57470703125,423.469360351562
-459.103271484375,-2079.06225585938,505.547576904297
1956.98669433594,-1577.49536132812,499.574005126953
3206.685546875,2027.25402832031,836.629455566406
3974.19140625,2961.85717773438,799.857543945312
2310.55395507812,-1902.10864257812,371.818664550781
-1720.92944335938,1751.50048828125,925.0927734375
465.764343261719,-1193.69421386719,417.100769042969
1074.78857421875,3027.2900390625,842.159973144531
1534.54760742188,1648.48291015625,834.274169921875
-3641.19311523438,-1629.78405761719,906.387329101562
-207.911880493164,703.664916992188,846.529235839844
-2916.5068359375,-3107.74682617188,586.045104980469
3993.49731445312,1726.29663085938,803.500122070312
-3061.59814453125,4296.96337890625,933.982116699219
2273.373046875,429.589477539062,829.924011230469
125.712219238281,-1393.43188476562,454.462066650391
-3273.14721679688,3585.56298828125,935.908813476562
-1876.92407226562,1749.3935546875,938.091735839844
-1278.36193847656,1626.80444335938,931.930908203125
3140.9306640625,-1137.21826171875,418.398468017578
314.158630371094,4658.74365234375,825.498657226562
3351.43603515625,1660.90942382812,814.515991210938
1761.03894042969,2910.63256835938,848.09375
-18.5668849945068,1564.2939453125,859.785827636719
2080.10522460938,4260.296875,834.10498046875
3421.70776367188,560.335571289062,696.632751464844
4057.4638671875,-1897.71142578125,219.401275634766
2138.2744140625,-1797.47766113281,425.915924072266
-3585.04125976562,-671.835754394531,591.651550292969
-2595.40234375,4652.6298828125,890.551208496094
252.374008178711,-1827.25183105469,393.981628417969
-1619.8662109375,-1985.35485839844,428.665618896484
1599.83764648438,1678.57849121094,826.590698242188
2094.44091796875,2125.4072265625,793.770812988281
659.432067871094,3214.73876953125,853.768798828125
-996.898132324219,-170.412658691406,876.864562988281
2347.20849609375,2589.900390625,815.768432617188
1129.09533691406,2942.24682617188,827.311401367188
2892.26611328125,-1222.63232421875,290.022094726562
-169.612915039062,691.48779296875,831.368469238281
-2974.4072265625,4304.52978515625,921.333374023438
-3146.4443359375,3903.78125,967.519104003906
27.381404876709,1094.07873535156,855.415161132812
2925.93310546875,-2041.5400390625,250.720962524414
-133.370071411133,-2381.04321289062,378.796539306641
828.393005371094,1635.09826660156,864.737609863281
-634.617797851562,-2853.13916015625,352.547393798828
1851.87524414062,-738.503784179688,824.386474609375
210.260650634766,-1827.01171875,401.887756347656
2405.833984375,4361.87890625,853.087768554688
-3214.47973632812,1213.185546875,705.698059082031
464.407257080078,-1603.91381835938,392.224548339844
-3728.17138671875,3857.27978515625,884.500610351562
2925.96923828125,-1342.27587890625,300.474212646484
1965.98022460938,1892.62231445312,811.398803710938
1537.26477050781,-3072.47705078125,297.350921630859
4050.1748046875,1693.42443847656,802.52197265625
4144.0341796875,3230.57177734375,797.583190917969
2958.9013671875,4030.37084960938,761.105102539062
2535.0537109375,-926.137451171875,412.081207275391
3411.5673828125,-901.405639648438,478.553894042969
1984.19165039062,2046.83813476562,811.246704101562
-1347.91711425781,1846.26098632812,922.35595703125
1965.98193359375,2171.98217773438,832.784545898438
-890.185485839844,-36.6779594421387,880.162963867188
728.153930664062,3521.70336914062,866.246032714844
-2976.6181640625,149.751678466797,900.753051757812
-824.821166992188,-718.251342773438,873.148864746094
-2581.9326171875,-1393.54211425781,485.854736328125
1186.83325195312,1200.09948730469,865.988403320312
-3159.46850585938,3646.79956054688,936.007934570312
1900.87280273438,-628.64697265625,817.075012207031
2294.7724609375,2080.34350585938,796.382446289062
2302.35083007812,-110.753257751465,833.738525390625
-1067.47985839844,367.100036621094,889.903686523438
1660.7001953125,2933.28466796875,834.426696777344
3760.14453125,3357.29248046875,794.022399902344
-197.879486083984,1150.41796875,859.366394042969
-1668.75268554688,4624.53125,818.594421386719
-359.58056640625,3415.57177734375,868.556823730469
3847.09497070312,3430.82641601562,786.912536621094
-2760.6201171875,2594.94384765625,941.286926269531
-716.507934570312,4056.7265625,879.850646972656
2846.845703125,-1714.20776367188,281.513519287109
3838.65649414062,3289.66333007812,807.50244140625
-3657.6298828125,2332.30786132812,925.220336914062
2533.1201171875,-860.600219726562,408.101165771484
3929.95947265625,-434.477996826172,416.059997558594
-1318.21948242188,-3072.2724609375,242.927597045898
842.906188964844,1645.716796875,869.433959960938
-1260.74963378906,1671.10986328125,927.004760742188
2344.90771484375,2356.64892578125,774.553344726562
2448.93627929688,4638.3447265625,820.948486328125
-918.22412109375,-2236.5703125,353.839508056641
3368.48999023438,2465.74609375,823.4970703125
183.91340637207,-1523.86315917969,425.487121582031
-1676.28259277344,-2586.8642578125,356.797302246094
312.857635498047,4347.2734375,817.372741699219
-613.239135742188,3938.04541015625,871.940673828125
3243.05224609375,2053.6083984375,837.47509765625
-1856.2783203125,-2065.9970703125,411.5556640625
61.9665756225586,758.990417480469,865.267761230469
1020.33306884766,-2684.482421875,267.136352539062
198.934829711914,-1660.2275390625,413.047546386719
4048.9833984375,3053.138671875,797.763916015625
1936.92712402344,1920.58374023438,805.162353515625
108.661460876465,1712.62377929688,878.769714355469
-1641.71447753906,-1810.07250976562,432.222229003906
2315.83447265625,-899.8349609375,500.008239746094
-904.403198242188,-2211.166015625,355.491760253906
282.914947509766,-1827.53295898438,387.206512451172
524.643371582031,4358.99951171875,802.395385742188
-1558.45007324219,1869.15063476562,922.211242675781
491.188354492188,3121.1640625,852.129333496094
-2881.87646484375,12.9656944274902,887.847045898438
-908.038024902344,3781.4677734375,847.534057617188
-619.02294921875,4051.12451171875,871.194519042969
1727.61840820312,-3128.53076171875,226.370788574219
-793.758239746094,-714.070678710938,875.27001953125
-1433.11169433594,-1834.43811035156,387.234710693359
-2852.39233398438,-502.098754882812,828.950317382812
3308.46264648438,1706.13940429688,813.3212890625
3327.48364257812,-1186.29187011719,444.547149658203
150.939010620117,-1566.80578613281,430.351684570312
64.3258743286133,-554.928955078125,528.436889648438
1414.15417480469,4101.44140625,792.258544921875
1629.77490234375,3027.3369140625,824.617919921875
1362.68579101562,4123.17626953125,806.112182617188
3277.78247070312,-960.676696777344,509.52880859375
-3256.85083007812,-2488.41723632812,594.705810546875
1968.6806640625,-1575.37451171875,500.248168945312
450.605346679688,1068.59887695312,824.953369140625
2222.92724609375,3056.45751953125,835.418395996094
317.495574951172,-1655.64978027344,405.439727783203
2563.52172851562,4393.79931640625,842.795349121094
1164.32531738281,3036.05810546875,813.0390625
2882.00830078125,3897.3505859375,741.611083984375
-2779.27905273438,2659.71557617188,938.818237304688
-2928.2021484375,1170.20251464844,715.321716308594
-328.097351074219,4520.31396484375,847.339233398438
3157.06640625,-1596.73950195312,244.316513061523
1109.89721679688,4129.40625,846.478332519531
1564.697265625,-55.4757080078125,822.267944335938
-176.723861694336,-2298.50244140625,377.717193603516
3236.97607421875,2442.58203125,807.940063476562
648.532775878906,1575.05322265625,876.764099121094
-3718.81787109375,-197.172576904297,562.486328125
226.130401611328,-2036.41967773438,376.026458740234
-2032.87670898438,1708.30554199219,950.283081054688
-2552.03173828125,1840.24877929688,902.677978515625
820.437133789062,-2831.95654296875,191.425231933594
-3388.30053710938,-1680.94421386719,691.073059082031
-1586.27966308594,2638.93530273438,926.065185546875
2910.96752929688,-1326.59973144531,302.045227050781
-1126.34594726562,-1497.78332519531,362.916809082031
1045.27612304688,-2424.63134765625,287.792755126953
-3549.8505859375,3724.45703125,883.627075195312
-2208.67529296875,1632.92297363281,894.110168457031
3321.30688476562,-832.145202636719,515.081848144531
4134.8447265625,-1007.14367675781,296.138977050781
-2542.53198242188,2527.94946289062,888.313903808594
-2526.2490234375,2564.9482421875,890.67578125
4075.21606445312,3144.79760742188,798.644226074219
211.857543945312,-618.508361816406,499.378631591797
248.832870483398,795.271240234375,846.291564941406
2274.06909179688,2876.07470703125,790.747253417969
-501.344177246094,4350.76513671875,853.6787109375
-233.503051757812,3917.67578125,866.6181640625
401.058227539062,3032.03759765625,850.282836914062
3892.95190429688,4311.306640625,665.724548339844
25.5617771148682,809.470520019531,866.881469726562
-395.342041015625,3648.8720703125,868.33740234375
-258.638092041016,1531.23974609375,866.296630859375
-1536.05444335938,1802.86767578125,925.247680664062
927.232543945312,1295.41577148438,888.084106445312
-2206.60327148438,1629.68762207031,893.780517578125
-1851.45288085938,1769.9248046875,932.046875
2250.23803710938,4511.68359375,838.212951660156
2173.07690429688,93.323486328125,848.624572753906
-1544.52270507812,-1910.02001953125,384.880432128906
1050.9501953125,-2632.83032226562,289.518615722656
-2265.17651367188,-327.986267089844,886.9365234375
3876.5654296875,-1528.24096679688,204.235717773438
2394.0654296875,3246.81298828125,803.013916015625
-3475.68432617188,3670.27490234375,907.386108398438
-2867.79272460938,102.9716796875,900.789184570312
-3031.4990234375,2031.98510742188,929.376831054688
1161.11376953125,-2945.1181640625,228.657974243164
3378.58203125,2235.5263671875,824.100708007812
315.857055664062,419.823089599609,815.477783203125
3656.94213867188,2018.44250488281,802.534545898438
2898.31396484375,3837.85107421875,734.978698730469
3209.0283203125,2349.83154296875,809.319274902344
-787.883544921875,-924.701416015625,860.40087890625
3929.2861328125,-1086.21594238281,207.538436889648
1721.51513671875,-3069.7451171875,234.013793945312
-2902.09008789062,4360.2978515625,909.306457519531
2719.28076171875,-2196.28955078125,257.33837890625
2339.80249023438,370.537109375,824.9580078125
4059.95849609375,3694.494140625,808.141723632812
2021.11083984375,2040.89660644531,798.265869140625
-2296.32885742188,3843.64526367188,895.412292480469
-2040.46423339844,4698.478515625,891.454711914062
-3293.7939453125,-888.342041015625,813.090087890625
3344.30444335938,4156.44921875,658.43505859375
-3002.0400390625,2576.64624023438,931.898864746094
1015.03692626953,4078.4150390625,857.417724609375
-1523.63427734375,1803.78442382812,925.347900390625
228.302581787109,-2268.91015625,340.861755371094
1128.29907226562,3123.74926757812,839.687316894531
1120.29760742188,-2604.37622070312,309.636932373047
2440.86108398438,-618.330200195312,546.703186035156
-1526.45373535156,1869.64526367188,919.623962402344
597.351867675781,-1829.27001953125,329.568603515625
47.2166061401367,4553.3544921875,845.567504882812
-2865.9150390625,2020.11206054688,927.168762207031
2329.2705078125,4438.2021484375,839.825561523438
-1413.77124023438,-1698.95141601562,411.363983154297
-2760.82861328125,306.989593505859,891.69677734375
-1569.54064941406,-1761.36291503906,422.121612548828
2015.34204101562,1981.14501953125,800.441650390625
-1914.98803710938,3932.32250976562,892.835998535156
-47.4691848754883,1766.3203125,867.55712890625
-3245.90234375,-1385.52258300781,631.258422851562
-701.537109375,-943.489379882812,855.876403808594
158.390350341797,2244.763671875,888.292846679688
-490.389007568359,4197.95849609375,855.564331054688
4058.34521484375,3238.4287109375,800.56787109375
-1586.77319335938,2637.97338867188,926.104248046875
223.335510253906,-2269.779296875,341.610443115234
-2162.06787109375,-1064.83471679688,856.882690429688
4009.94873046875,3110.50219726562,798.581726074219
-2249.03515625,-847.886840820312,884.169250488281
-1420.84948730469,-1728.81127929688,407.581756591797
-3739.28344726562,-377.754638671875,534.486022949219
-2783.91088867188,8.66087913513184,885.859191894531
-2245.78833007812,-746.099243164062,888.194091796875
2708.79541015625,2136.01025390625,784.188903808594
569.196533203125,3757.51831054688,832.29052734375
99.7643127441406,726.01904296875,863.237182617188
-2041.63916015625,-2293.26635742188,348.599182128906
1789.32006835938,-3145.93603515625,214.030868530273
-2210.62255859375,-670.44482421875,883.423889160156
2130.4287109375,-1955.32141113281,420.696228027344
-234.044692993164,3570.47729492188,850.939453125
-1471.60681152344,4070.21728515625,870.960327148438
185.639465332031,-3158.322265625,261.006958007812
345.192504882812,-775.087890625,453.408752441406
-422.882690429688,1848.56005859375,923.185546875
-2021.70764160156,-2295.2509765625,349.747650146484
-1720.73547363281,2938.57861328125,918.409118652344
3223.69140625,2344.92993164062,809.330688476562
1766.64453125,1713.25512695312,822.341979980469
3811.08422851562,-2418.41137695312,255.976974487305
-344.310119628906,4316.9072265625,840.5791015625
2022.0927734375,-1091.04309082031,540.312255859375
2802.33056640625,-2203.43579101562,248.550415039062
3516.54931640625,37.7668571472168,640.263916015625
2850.7373046875,-2277.634765625,242.256958007812
-345.989685058594,3414.56982421875,868.478820800781
964.80078125,1299.78930664062,887.121826171875
4162.2431640625,4180.0625,687.449829101562
2298.95849609375,209.125762939453,846.764892578125
2273.27465820312,-1852.14465332031,377.537017822266
1136.77905273438,3218.2646484375,838.86669921875
-2131.58911132812,-2397.46166992188,372.703735351562
1923.40307617188,1733.46264648438,838.235290527344
1186.15283203125,-2628.42138671875,292.537933349609
878.056884765625,1618.12390136719,875.780395507812
3328.72778320312,1739.25280761719,810.6591796875
990.868896484375,1178.97009277344,880.98828125
-3735.1181640625,3087.70458984375,868.024841308594
-975.653381347656,-1004.86871337891,616.491333007812
-1420.78015136719,-1196.15002441406,500.223052978516
3535.85205078125,1984.41784667969,807.128662109375
180.955551147461,4422.36669921875,858.513549804688
3926.296875,348.792175292969,766.034301757812
2694.11767578125,-2169.72509765625,259.010437011719
-520.792785644531,-2969.31591796875,339.904266357422
-2222.0361328125,2332.78076171875,894.97412109375
-3607.62109375,2407.44067382812,913.228637695312
-1699.09301757812,-1069.27893066406,598.000854492188
-3019.9091796875,4130.69775390625,931.657348632812
1745.99914550781,1684.08874511719,819.244140625
-2253.16333007812,-323.541778564453,885.681335449219
-2869.42993164062,-2543.51196289062,513.086730957031
18.327709197998,1231.208984375,847.190795898438
2141.14990234375,4166.67431640625,830.815551757812
12.2018957138062,1480.78161621094,854.434753417969
-544.503234863281,4087.8603515625,863.239440917969
-3744.74609375,-122.252311706543,558.680114746094
3937.98901367188,-335.992553710938,448.945922851562
-3398.369140625,3623.7392578125,933.320556640625
1705.75146484375,-3162.25732421875,242.803344726562
-1583.134765625,-1937.45788574219,397.843872070312
-1722.25085449219,-1959.0908203125,431.319396972656
-3530.84887695312,3726.57763671875,887.780151367188
56.176700592041,1250.134765625,846.193786621094
1545.79992675781,2234.1357421875,875.480224609375
-3468.7578125,2352.16674804688,907.160461425781
4091.36279296875,1011.73376464844,809.294677734375
-3145.6552734375,3631.23608398438,930.351379394531
1300.71459960938,-1594.48840332031,431.314331054688
4017.16967773438,-1142.99255371094,252.970108032227
749.927001953125,3675.71459960938,856.83154296875
3223.70385742188,2348.96313476562,809.09521484375
1196.458984375,-2656.51879882812,278.716400146484
2204.01220703125,1803.45983886719,840.20458984375
2717.822265625,3516.5302734375,767.03076171875
-236.715942382812,4624.48291015625,827.423645019531
1598.62976074219,98.8473129272461,827.928283691406
3407.58618164062,2413.50073242188,825.50634765625
342.442504882812,-927.348571777344,433.109558105469
1767.74035644531,112.346923828125,831.775390625
-1450.08544921875,1791.69067382812,925.343505859375
-1529.22570800781,-2515.02368164062,327.810607910156
-3667.08935546875,-1869.61181640625,922.017456054688
403.16162109375,3209.01953125,842.071716308594
-3292.17724609375,-1153.83837890625,836.450012207031
-1846.72412109375,-2206.38989257812,400.551696777344
4007.865234375,1743.2119140625,802.515014648438
3941.4296875,-356.490264892578,445.382049560547
4067.5322265625,-1123.30200195312,279.074493408203
4015.1796875,3171.05541992188,801.424072265625
-1640.52856445312,-3171.41357421875,256.904937744141
-3405.1982421875,3804.62109375,928.285278320312
-611.66455078125,4104.48388671875,870.47802734375
3478.85498046875,4100.548828125,728.646789550781
36.8804244995117,-1180.57958984375,478.411743164062
-1608.18115234375,2652.82958984375,925.592651367188
-7.66426944732666,-1496.72900390625,455.168975830078
2351.2216796875,2189.45068359375,784.254760742188
-3634.9287109375,-1778.107421875,915.224487304688
2619.63427734375,-1396.17553710938,343.665832519531
2999.50439453125,-2302.31079101562,225.563385009766
40.2533874511719,3706.25903320312,848.581420898438
1350.21203613281,4228.57421875,820.527709960938
-601.634765625,-2989.28344726562,315.047454833984
2469.60546875,3444.47265625,825.919311523438
2664.27978515625,471.6904296875,807.876220703125
414.796020507812,-2757.2646484375,300.407440185547
889.62255859375,411.595611572266,846.25341796875
-831.054077148438,3889.56176757812,851.290649414062
-1141.697265625,458.080261230469,890.148071289062
2013.02880859375,2140.87744140625,818.495422363281
-47.6585350036621,-1593.25012207031,451.143768310547
-49.809326171875,1179.93994140625,853.368896484375
43.6546669006348,2194.2646484375,905.05908203125
-3607.24365234375,3603.6015625,869.664916992188
-30.6564025878906,-1592.27172851562,449.718566894531
385.706298828125,-2636.47094726562,301.379699707031
1628.88232421875,75.7678070068359,829.338134765625
-3584.26879882812,134.854370117188,670.858703613281
-3674.28002929688,-213.369110107422,557.827941894531
-3518.69018554688,2248.27709960938,922.964416503906
-3635.81787109375,-75.5049743652344,586.278686523438
78.9522323608398,2448.56591796875,880.415283203125
2515.7802734375,4383.81494140625,851.690734863281
-3336.87915039062,-676.768493652344,619.264465332031
2266.7880859375,2265.94067382812,776.085083007812
212.781875610352,1075.41247558594,847.498779296875
3190.56103515625,2116.55932617188,837.468811035156
-3539.63110351562,-756.421325683594,611.3974609375
-1665.8251953125,-380.597381591797,808.671508789062
467.971069335938,-668.345336914062,424.562805175781
-972.756958007812,3729.24267578125,854.682189941406
-3513.232421875,2136.05810546875,919.040344238281
909.344909667969,-464.509826660156,543.603271484375
2345.07421875,4092.58837890625,837.637451171875
-594.098999023438,2568.27661132812,898.316101074219
-772.744201660156,4287.39013671875,877.7451171875
524.151672363281,3005.80737304688,858.352783203125
3220.05786132812,2004.16381835938,837.306945800781
3880.71313476562,-2521.42529296875,300.531097412109
-746.978759765625,4079.09814453125,882.5205078125
204.413940429688,-1538.93530273438,418.621032714844
148.587173461914,1257.41455078125,843.634460449219
-3685.46166992188,3778.275390625,853.9013671875
-1535.84765625,-2999.05419921875,368.02978515625
-2302.69750976562,-673.848388671875,873.892578125
238.270843505859,721.675659179688,849.793334960938
-2477.31005859375,-890.55224609375,649.926513671875
-2378.67553710938,1827.54028320312,943.905883789062
-1243.86328125,-2639.6591796875,240.534545898438
1720.24694824219,2114.06030273438,867.9384765625
-537.015869140625,1579.49169921875,909.793029785156
2447.7373046875,489.247589111328,808.637329101562
508.129913330078,4436.52294921875,794.182800292969
-2848.67626953125,-2432.30078125,489.12060546875
-1640.04870605469,-1786.51330566406,440.889099121094
4016.75830078125,4408.7861328125,641.624389648438
2091.443359375,2041.20495605469,801.642211914062
2996.73706054688,3765.8701171875,706.267700195312
3152.09643554688,4498.12646484375,719.609130859375
-2028.03833007812,-243.993240356445,872.138244628906
2691.66357421875,-2223.04223632812,254.443984985352
-1018.14654541016,2589.4169921875,881.142700195312
311.503448486328,4734.162109375,829.266174316406
2377.611328125,1327.49365234375,821.925109863281
-179.463623046875,-2463.35498046875,368.686584472656
-17.2608432769775,3647.28662109375,848.389465332031
61.5465965270996,2186.23071289062,901.952758789062
4059.24536132812,-813.361328125,236.619079589844
185.04914855957,4407.1884765625,857.680053710938
-3623.97485351562,3835.80249023438,872.458984375
-3214.6953125,3748.39624023438,963.545654296875
-3553.93310546875,-340.394409179688,570.868041992188
-3582.49658203125,2264.70971679688,921.383728027344
4086.07299804688,-1875.2275390625,207.780883789062
-504.81005859375,763.328491210938,872.116821289062
-2855.34033203125,4637.1318359375,914.229675292969
3852.5625,2359.234375,822.113525390625
-90.6676177978516,3482.47778320312,856.822082519531
-3079.42211914062,2638.716796875,918.546447753906
2414.59252929688,4407.625,859.147338867188
-3617.73486328125,-1687.40893554688,904.49365234375
-1576.84423828125,-491.974212646484,700.627563476562
2213.31127929688,414.032653808594,843.344116210938
1568.35961914062,2020.65100097656,867.107177734375
4.34746170043945,4696.056640625,820.240234375
452.482299804688,-1623.46667480469,388.672088623047
-3543.85131835938,1413.07556152344,772.374938964844
4032.93676757812,-924.737731933594,253.613708496094
-2799.2119140625,4476.37060546875,901.869384765625
193.299896240234,-717.439453125,502.223663330078
468.487609863281,4337.17236328125,802.288391113281
2398.56982421875,3404.87109375,816.654602050781
2623.3896484375,224.394546508789,818.454711914062
-2407.73828125,3775.82666015625,893.711181640625
46.0160293579102,3655.02392578125,849.838500976562
2352.02124023438,257.619262695312,834.375244140625
-1479.26220703125,-1807.4287109375,387.329864501953
1764.087890625,1806.27014160156,810.065063476562
981.299743652344,1266.37573242188,884.8193359375
359.078002929688,1048.30126953125,846.119873046875
3414.84106445312,1895.65710449219,810.363891601562
3982.21044921875,-1826.61596679688,189.924453735352
4220.3544921875,140.585189819336,752.104064941406
-3345.52661132812,1842.40112304688,868.178588867188
4143.607421875,-68.5271682739258,729.855285644531
-2273.30297851562,-707.888000488281,881.468383789062
-2880.04565429688,240.015502929688,893.835266113281
-3003.44677734375,-3128.21435546875,602.060180664062
2261.9296875,-1398.2841796875,445.896636962891
-1746.02722167969,4347.7138671875,857.869750976562
-2320.75512695312,1820.19836425781,947.084228515625
2384.82690429688,4326.27783203125,844.544677734375
305.178283691406,-1058.95837402344,456.422332763672
351.136413574219,-2897.93310546875,238.17138671875
492.233459472656,-671.348754882812,412.722595214844
306.904937744141,-1062.25305175781,456.180908203125
298.587066650391,-556.328125,502.628997802734
3304.90673828125,1607.4951171875,820.654663085938
3948.0263671875,-2526.71411132812,336.4140625
470.521667480469,-433.623229980469,500.944396972656
-2511.8564453125,2654.6357421875,917.303955078125
-1140.43872070312,481.281921386719,889.90673828125
437.363830566406,-927.179077148438,418.783050537109
1.92153167724609,-1574.203125,449.729370117188
3200.0068359375,-3039.3017578125,136.17448425293
-2629.28125,1485.82238769531,863.225158691406
2165.3671875,-2266.23559570312,340.422485351562
1669.15209960938,91.6162567138672,828.865844726562
986.087158203125,1186.41455078125,882.55419921875
452.291931152344,4383.439453125,798.7119140625
2312.86596679688,-707.421997070312,570.981323242188
-385.328430175781,4298.029296875,841.783569335938
476.942840576172,4373.0712890625,800.129760742188
2179.74951171875,539.52197265625,843.32666015625
4108.5029296875,65.3995819091797,769.61865234375
893.182006835938,1665.43103027344,873.356384277344
-930.339721679688,3693.23901367188,852.447326660156
-1194.02722167969,-1567.01232910156,362.969970703125
-1162.85852050781,328.923950195312,891.840576171875
2867.54467773438,-2209.75854492188,242.559417724609
-337.076690673828,-388.051727294922,843.842895507812
-1559.36010742188,4720.20849609375,815.185546875
4061.61083984375,4332.5654296875,668.691162109375
-2137.380859375,-2224.841796875,391.051513671875
4057.681640625,3891.3681640625,745.614501953125
645.694580078125,-2746.734375,253.358337402344
2282.43408203125,2791.11206054688,805.503967285156
3992.41040039062,3135.0107421875,800.143188476562
2122.85986328125,1921.57165527344,813.401977539062
3280.97631835938,-1880.2783203125,201.476043701172
248.873977661133,-1855.16796875,390.874755859375
-2597.10620117188,387.770446777344,913.68310546875
2657.71264648438,4512.27001953125,807.988403320312
-1328.67919921875,1683.23559570312,932.105285644531
1747.46948242188,2768.16357421875,842.663208007812
-306.113220214844,2515.19921875,879.733520507812
-3291.47094726562,3380.6162109375,870.67333984375
-1583.11352539062,1925.18078613281,918.244384765625
-2181.25610351562,3905.85009765625,891.679809570312
3190.01953125,-1938.12329101562,193.4384765625
2781.67822265625,3639.0185546875,728.542175292969
-2784.18237304688,2613.83422851562,940.128784179688
-2808.53881835938,-377.972595214844,822.574584960938
380.239318847656,-1606.59240722656,400.62939453125
-2520.24462890625,1663.82458496094,911.172912597656
2409.95947265625,409.083190917969,813.772827148438
-3015.14819335938,-161.917572021484,827.884521484375
491.016204833984,327.984191894531,839.44970703125
4003.53247070312,3393.57495117188,803.243591308594
-961.948852539062,-1042.568359375,604.223937988281
-648.389526367188,4123.0517578125,872.876953125
1.6940860748291,3605.05615234375,851.98583984375
552.856872558594,1565.62390136719,898.323486328125
2479.7861328125,2018.17138671875,820.143737792969
511.623657226562,-775.44091796875,407.601928710938
-2564.470703125,1519.83813476562,886.015258789062
3954.61499023438,-2549.51196289062,337.691131591797
305.643676757812,657.793579101562,840.816955566406
-3028.63500976562,-2682.814453125,543.650024414062
-1014.10827636719,2559.8896484375,882.710571289062
-758.128845214844,3809.5078125,869.040710449219
1102.32836914062,-2805.82592773438,251.569320678711
1157.17846679688,-2774.1748046875,261.070373535156
2209.15258789062,-1696.67944335938,418.133209228516
136.563873291016,4364.24853515625,864.102416992188
3176.611328125,1164.13818359375,779.303771972656
2338.2119140625,3039.77294921875,799.809265136719
1119.10217285156,-2736.01098632812,265.894805908203
-1191.41796875,-1545.21484375,363.761596679688
1991.62573242188,-1626.93530273438,483.022155761719
-4.20973873138428,1626.12768554688,860.956909179688
-271.256225585938,4646.3896484375,843.782897949219
-1452.22924804688,583.26220703125,855.742126464844
2416.47143554688,410.653839111328,813.008239746094
1440.22351074219,4632.228515625,774.958068847656
1097.5888671875,1219.74841308594,875.97412109375
-2977.82421875,1963.10632324219,901.558715820312
3890.50952148438,3442.12866210938,796.590576171875
4006.0859375,1618.25231933594,808.983642578125
3610.97143554688,2256.857421875,825.016723632812
2307.27294921875,3769.49780273438,824.054321289062
3112.51708984375,-1323.552734375,343.813781738281
-12.6621360778809,-1777.28051757812,441.179626464844
2725.21948242188,-2144.35083007812,258.136627197266
2139.5244140625,1773.65234375,838.975646972656
-2326.14819335938,1646.48669433594,942.236877441406
-3525.3798828125,-76.7226791381836,630.122192382812
2338.33349609375,1212.21130371094,824.005187988281
-524.366821289062,629.079650878906,874.913330078125
2330.681640625,2666.45971679688,837.321411132812
336.907897949219,-1061.5400390625,454.060699462891
-1266.56787109375,-3041.22265625,250.026672363281
1973.28247070312,1925.32189941406,805.3515625
-2250.78149414062,-1390.29260253906,610.983581542969
-3587.44384765625,391.119873046875,639.102416992188
2227.84765625,-696.656311035156,784.059265136719
3820.55932617188,-1399.45947265625,249.545303344727
2202.0986328125,2884.44384765625,811.460693359375
254.120422363281,-1456.69067382812,417.506317138672
1598.67395019531,-1974.71765136719,537.519592285156
3933.38037109375,287.177185058594,774.675598144531
-2702.462890625,3796.24438476562,907.011535644531
-12.0468349456787,-1715.13586425781,446.067199707031
-3136.99829101562,-1340.45141601562,595.037475585938
-996.521423339844,-1832.65600585938,367.138671875
-3719.56274414062,1866.89916992188,804.13427734375
936.613708496094,-2942.6123046875,211.796173095703
-3450.7568359375,1515.79931640625,845.734497070312
-838.744750976562,-834.63037109375,865.647644042969
4040.9443359375,-392.022644042969,462.578247070312
1808.51489257812,1904.56384277344,807.52490234375
-2844.05249023438,165.109619140625,897.22265625
-2344.8017578125,-2875.55419921875,430.250579833984
399.710815429688,1048.78210449219,840.377319335938
3616.85131835938,1762.23315429688,800.886596679688
53.9781951904297,3664.169921875,850.359008789062
1811.76892089844,-844.358459472656,830.138671875
3915.64697265625,1873.54467773438,788.226379394531
397.667083740234,-1377.65942382812,401.564025878906
2099.47192382812,199.004440307617,847.1591796875
85.6158294677734,2203.40966796875,899.036743164062
633.476440429688,4334.29150390625,808.311767578125
2361.12915039062,4365.779296875,846.54052734375
-143.033813476562,3521.36083984375,850.267700195312
2326.06591796875,2305.28833007812,779.01953125
-1680.27136230469,-2637.3916015625,375.890960693359
2196.76123046875,481.921997070312,845.284606933594
2695.72387695312,-1468.86987304688,333.885437011719
-3707.72900390625,257.071594238281,609.262512207031
-2979.9345703125,4134.9453125,930.826782226562
3920.78198242188,1829.83056640625,792.464965820312
3895.34326171875,4221.05908203125,686.130493164062
95.7497100830078,2252.61840820312,895.716430664062
-1665.67712402344,3051.09838867188,911.024169921875
472.537475585938,-1485.06103515625,396.728607177734
384.834655761719,2210.02587890625,872.551330566406
2097.7119140625,2051.97216796875,800.300903320312
-1041.09619140625,-2142.48364257812,324.491302490234
2760.2685546875,3727.71850585938,744.956665039062
-1346.87329101562,-2937.43139648438,323.103240966797
951.195617675781,-2634.28955078125,256.91162109375
1750.70178222656,-680.514221191406,821.094299316406
-1976.61254882812,-1829.66723632812,435.274353027344
4048.65209960938,3414.09155273438,802.178100585938
-3621.49926757812,2426.80200195312,912.482666015625
2810.78271484375,-1297.548828125,327.695251464844
-1663.76940917969,923.306030273438,881.503051757812
553.277709960938,4368.349609375,800.826538085938
2695.779296875,-1468.966796875,333.861083984375
2234.63671875,-2236.44067382812,331.306579589844
1057.48559570312,3177.5322265625,848.06689453125
1047.28686523438,1188.31726074219,879.136779785156
4100.79296875,1714.59399414062,800.295776367188
-928.275695800781,-782.015869140625,860.837524414062
3967.48095703125,-2670.02490234375,346.650146484375
-2216.92626953125,-1517.82287597656,569.975219726562
-2173.232421875,1710.50134277344,901.356323242188
1934.51293945312,4609.4814453125,783.370971679688
104.625335693359,1271.03833007812,844.650207519531
3099.4453125,-1996.84448242188,214.477249145508
112.278221130371,2094.85595703125,899.499633789062
-2733.63720703125,2665.80322265625,944.75341796875
2509.86499023438,3247.99755859375,777.495422363281
-68.7650146484375,-2379.8515625,343.235534667969
3423.7265625,1914.81372070312,811.63232421875
-2825.58837890625,343.024017333984,872.556945800781
2307.5517578125,2373.4033203125,791.176147460938
974.150756835938,-2632.6943359375,262.074279785156
-92.3514862060547,3936.3564453125,844.293579101562
-965.852844238281,-2761.04296875,312.883972167969
959.576293945312,-2454.5458984375,278.015716552734
92.9156265258789,1233.81677246094,846.112915039062
-61.5558471679688,-1545.82189941406,453.335662841797
-730.508972167969,-766.192260742188,872.975952148438
1532.56420898438,3403.64013671875,825.363220214844
2560.42895507812,-854.835693359375,406.168640136719
3075.69165039062,-1136.98889160156,395.124328613281
2790.9453125,-1274.93688964844,328.789337158203
-2008.76953125,-1536.76489257812,543.222106933594
563.274963378906,-1705.98291015625,341.731872558594
-726.052795410156,2672.92919921875,889.140869140625
3355.37768554688,1018.39562988281,773.46435546875
-160.946075439453,1111.74438476562,861.614807128906
-1028.74938964844,-2189.61254882812,309.431182861328
2746.47045898438,3899.07080078125,761.036987304688
3837.60131835938,4400.466796875,678.383666992188
4070.67358398438,3473.17236328125,802.987915039062
-1539.01147460938,2685.7822265625,920.048828125
1990.81762695312,2191.59643554688,824.994506835938
-2251.09765625,347.747924804688,894.1640625
216.725601196289,4540.802734375,850.499694824219
240.485870361328,-1038.18725585938,464.037170410156
136.62419128418,1233.66650390625,845.443969726562
3763.33203125,-1533.98059082031,237.159362792969
1027.25866699219,1167.7978515625,879.411499023438
-3677.80322265625,2512.76293945312,904.069091796875
3785.96557617188,3308.33471679688,803.15185546875
3615.66162109375,2894.58642578125,817.225463867188
3885.447265625,-1489.20104980469,204.459762573242
336.730407714844,4503.3623046875,824.159851074219
2251.27001953125,2405.54443359375,819.003784179688
3181.26342773438,-751.679016113281,603.197204589844
983.905517578125,-2528.53784179688,303.825378417969
3765.96533203125,-1534.82568359375,236.380096435547
2549.84350585938,4287.28076171875,844.099792480469
3630.24267578125,1804.11401367188,798.697204589844
-2680.24951171875,257.33203125,898.976135253906
-1707.62280273438,-1858.83984375,436.299682617188
116.801681518555,-2226.68041992188,328.533355712891
2214.96362304688,2311.34033203125,784.094360351562
2274.34765625,-1987.24829101562,374.769165039062
416.429718017578,-1550.09582519531,403.586669921875
4053.23974609375,2536.70581054688,809.9560546875
-200.98405456543,4480.689453125,832.864624023438
2275.40258789062,-448.363159179688,824.9736328125
228.608612060547,-1835.20385742188,397.46728515625
-3039.11059570312,1167.62390136719,663.050048828125
934.314147949219,-2611.23974609375,253.615081787109
3484.2568359375,-790.665893554688,439.128692626953
-151.100799560547,3476.1943359375,856.391357421875
-2686.21020507812,1688.5947265625,909.913818359375
819.560546875,-378.326812744141,596.599975585938
-270.136627197266,698.228881835938,854.583862304688
-3555.91625976562,1346.59497070312,683.35205078125
-3458.70654296875,-230.656066894531,601.28466796875
488.534057617188,3202.37036132812,849.6552734375
903.597839355469,1355.6064453125,896.278259277344
-2230.05151367188,-813.645385742188,890.243408203125
2652.59033203125,-967.971618652344,349.386444091797
3133.18798828125,-2073.35864257812,203.233734130859
-794.723266601562,-846.233703613281,865.120788574219
-3526.48461914062,3570.68090820312,891.925109863281
1656.62194824219,1785.92077636719,820.912658691406
-2465.74267578125,-2823.3291015625,462.859558105469
-433.266021728516,-47.2244415283203,857.313903808594
3465.1181640625,1855.47521972656,806.849487304688
-456.126678466797,-2175.80126953125,477.484344482422
-664.940795898438,4391.95947265625,872.899353027344
-523.54052734375,4380.1923828125,863.32080078125
76.9115219116211,4551.4384765625,848.756591796875
-157.556549072266,4068.41040039062,867.133178710938
-1408.48315429688,1709.369140625,928.385498046875
1378.59936523438,2005.125,836.175659179688
-1490.18786621094,1826.13452148438,917.453918457031
-1763.93212890625,2845.67236328125,914.391967773438
2546.43139648438,-737.710693359375,469.974639892578
2435.1923828125,-2252.42822265625,258.565612792969
-1586.18310546875,2916.966796875,917.927856445312
-61.0002479553223,-1697.26611328125,457.380889892578
1925.06213378906,-3192.77587890625,236.288925170898
2157.62670898438,1731.99548339844,849.284057617188
-1318.59008789062,-3074.18579101562,242.906173706055
2289.70043945312,2054.134765625,799.678527832031
2431.90063476562,3053.9775390625,796.354858398438
-3699.12548828125,3865.78271484375,872.1708984375
2971.6357421875,3801.15966796875,704.600036621094
-692.932861328125,986.894409179688,879.62841796875
2529.29467773438,-689.222290039062,483.917083740234
-2669.57958984375,4620.2958984375,898.990539550781
2358.7939453125,-1004.32360839844,434.261596679688
3705.091796875,1760.83349609375,798.029907226562
2227.62231445312,2754.37890625,817.095703125
-1235.13635253906,-1977.60095214844,352.044403076172
-2727.01123046875,1824.44836425781,928.942993164062
-2793.24047851562,2584.029296875,938.360900878906
2357.95556640625,4260.43115234375,833.583435058594
1305.07836914062,2069.08911132812,837.584228515625
336.890625,-994.489074707031,437.666625976562
3953.45727539062,3154.43090820312,803.590759277344
-1443.69470214844,1751.21801757812,926.375122070312
183.042266845703,2155.8232421875,879.635192871094
3042.30102539062,3768.98510742188,679.322875976562
-2987.70751953125,-2738.63818359375,541.415832519531
1938.48071289062,-3195.7412109375,228.099243164062
-1586.53210449219,3981.24560546875,852.63720703125
1187.28686523438,-3143.70922851562,273.634399414062
-1351.7626953125,4742.40869140625,810.856079101562
-2224.79736328125,-1337.49426269531,618.279296875
-3300.82592773438,-600.288391113281,606.102722167969
2542.36328125,422.763671875,811.277587890625
-2117.45239257812,1727.27404785156,917.10302734375
2263.20751953125,2538.6533203125,816.515563964844
76.0783920288086,-619.360900878906,522.269287109375
3121.90283203125,-3065.39599609375,129.7763671875
2404.51708984375,3371.802734375,802.976806640625
3995.83203125,-1257.15161132812,220.267669677734
1290.578125,-3106.212890625,285.000030517578
2243.96752929688,4458.04833984375,826.363525390625
1684.56909179688,1201.01257324219,871.02001953125
4011.94189453125,4304.1279296875,657.903686523438
4157.43994140625,-188.09489440918,711.973937988281
2229.76708984375,-1877.13098144531,384.042541503906
3388.1318359375,4436.4501953125,620.248901367188
1521.84521484375,1612.49145507812,830.698364257812
3869.25805664062,4456.70166015625,670.552429199219
265.080139160156,-1804.39770507812,395.051940917969
4215.89111328125,4749.79833984375,620.339416503906
1306.84155273438,-2662.48046875,258.970855712891
1321.76818847656,-3105.9560546875,286.585845947266
339.5966796875,682.164428710938,833.325439453125
2203.09790039062,1901.1494140625,820.884338378906
3978.49853515625,3434.314453125,803.61767578125
421.564636230469,-2671.76171875,304.695770263672
-634.491577148438,4177.84521484375,871.58251953125
3672.57885742188,1971.55554199219,798.718811035156
2978.51318359375,3948.79638671875,726.186096191406
4075.77392578125,-77.3771057128906,762.400817871094
-2899.22583007812,66.7958221435547,902.1708984375
-824.407592773438,3802.9736328125,851.504089355469
-671.378662109375,4087.19848632812,875.176635742188
-1503.33178710938,1919.61120605469,915.489624023438
2402.9130859375,-2066.62670898438,313.704223632812
2358.54370117188,2111.626953125,796.717163085938
1848.40356445312,-950.158325195312,834.98046875
110.814666748047,-793.753662109375,513.036376953125
-322.790893554688,3443.22827148438,866.7470703125
-293.983612060547,1643.38696289062,881.046569824219
1649.9482421875,1663.47692871094,819.101684570312
-3624.83178710938,254.101257324219,648.697937011719
-972.541076660156,-2164.09423828125,341.832183837891
4054.62939453125,4407.5859375,669.929138183594
-2740.275390625,-3231.55615234375,556.401611328125
-1303.734375,-1113.318359375,493.188812255859
4205.51171875,-691.07666015625,312.057312011719
672.463989257812,3677.09838867188,844.776184082031
1922.45935058594,1362.24609375,843.629272460938
3512.79907226562,1908.822265625,807.6591796875
-1177.55834960938,3721.27026367188,881.87060546875
-3684.25708007812,1306.35083007812,645.677551269531
-3553.72021484375,4360.7861328125,963.215698242188
3269.70068359375,419.593444824219,761.861206054688
-2714.03247070312,1825.51000976562,922.757629394531
1245.6328125,3003.66870117188,807.090576171875
-15.5130290985107,-1098.24682617188,525.346008300781
-299.436157226562,3636.99194335938,856.715087890625
390.688720703125,4605.8896484375,808.847351074219
2380.12573242188,244.37336730957,835.479919433594
2491.82568359375,4624.169921875,820.435302734375
87.4296417236328,4501.52099609375,854.768859863281
1368.82299804688,4105.7236328125,801.390747070312
2324.3212890625,556.533996582031,831.287536621094
-3630.365234375,2477.53735351562,906.9453125
1877.37915039062,-3091.87890625,255.725814819336
-3738.09375,100.311805725098,601.47314453125
4013.41284179688,3278.048828125,802.619995117188
-3589.13842773438,-281.392242431641,561.416076660156
-766.342163085938,-833.826171875,867.712524414062
832.388427734375,-2808.2998046875,191.576995849609
576.796875,4409.46923828125,807.706604003906
2523.73901367188,4106.2119140625,801.195434570312
-2424.75170898438,156.276947021484,898.421508789062
1230.41271972656,-3143.2490234375,266.310211181641
3174.82446289062,-1072.62487792969,453.180541992188
-3325.9296875,3691.2880859375,940.207275390625
4033.35986328125,1205.51525878906,815.477355957031
-311.46728515625,4347.0654296875,837.556274414062
568.317138671875,3492.0791015625,844.501220703125
350.568054199219,4510.52392578125,821.307373046875
843.275146484375,1548.99975585938,879.784545898438
4117.9326171875,3789.1181640625,777.256652832031
3064.6103515625,-2046.73767089844,227.132125854492
806.371215820312,-649.46875,483.361175537109
-652.669799804688,4006.38012695312,873.883117675781
-1772.22082519531,-1760.84301757812,504.584320068359
3383.37622070312,1681.52954101562,811.565124511719
-931.72314453125,-2944.244140625,337.4521484375
2570.90795898438,4550.7490234375,817.732116699219
-2709.57373046875,1830.73913574219,920.880187988281
3894.845703125,1640.33349609375,804.171081542969
-3263.43432617188,-965.641723632812,814.089538574219
-3664.14208984375,-259.092468261719,554.487182617188
2398.7490234375,3578.8193359375,823.995910644531
-3436.06176757812,2334.146484375,907.924865722656
-2071.3583984375,4743.1123046875,885.06005859375
1658.32275390625,300.1787109375,848.410400390625
2567.47314453125,208.669403076172,796.413452148438
1877.92358398438,1394.51501464844,848.118103027344
2491.22875976562,4441.2275390625,842.971984863281
3647.93090820312,697.6767578125,770.503967285156
260.065002441406,-676.653137207031,496.644714355469
210.065612792969,1232.37963867188,843.127258300781
2363.14038085938,2235.08862304688,782.619689941406
3983.1904296875,-1385.35693359375,205.840728759766
-3058.73168945312,-187.778228759766,828.451171875
1926.94750976562,2199.89892578125,836.682067871094
1845.08850097656,-3008.56274414062,260.492156982422
2363.19506835938,3619.22485351562,823.16162109375
-936.92578125,2644.359375,877.530334472656
299.602844238281,4352.2333984375,821.277160644531
2384.70751953125,2448.84814453125,785.806884765625
-655.079833984375,3778.5478515625,881.453247070312
3160.17578125,3918.671875,699.065124511719
1241.90991210938,-2557.62890625,298.987365722656
-1829.7392578125,-2029.64245605469,415.77001953125
-3577.82104492188,2218.064453125,916.303649902344
2526.61572265625,4506.54150390625,826.949340820312
-3634.10009765625,1310.47216796875,658.355651855469
2043.61413574219,2931.7099609375,845.504821777344
4227.484375,3996.76586914062,703.318481445312
4120.21484375,-1925.47607421875,232.62744140625
2323.697265625,2788.88842773438,812.484741210938
-101.932144165039,3983.7421875,856.959228515625
362.765747070312,4550.353515625,817.623596191406
4017.64599609375,3148.69482421875,800.2646484375
-2031.66870117188,-159.296234130859,866.350341796875
-2952.61083984375,4335.5517578125,918.925903320312
3952.828125,243.120376586914,777.768432617188
3103.01318359375,609.235229492188,773.359985351562
-1519.35400390625,-1194.69189453125,551.568725585938
-3654.17407226562,1259.42651367188,636.68994140625
3646.4140625,509.286926269531,734.035339355469
805.895385742188,-605.210815429688,502.513458251953
1374.35083007812,-3190.90063476562,275.745758056641
1343.25122070312,4716.533203125,788.696411132812
-211.085464477539,4673.7548828125,824.524047851562
2304.01538085938,3343.76611328125,830.174926757812
3442.658203125,1084.41357421875,726.653686523438
3925.77514648438,3328.99975585938,805.357971191406
377.231506347656,4402.79443359375,809.035766601562
-823.555908203125,3741.39453125,851.56884765625
4079.38696289062,1537.05090332031,809.07275390625
-2451.5625,2766.84448242188,927.277099609375
681.03369140625,-858.942993164062,363.316558837891
2322.30810546875,2312.88256835938,777.966369628906
265.884674072266,-535.440185546875,506.549560546875
3051.5888671875,-3196.859375,113.795806884766
-2968.7275390625,2003.26171875,905.709350585938
4149.1357421875,3219.97973632812,797.3505859375
-2934.52416992188,289.477722167969,888.957885742188
547.170288085938,1684.08020019531,891.963256835938
1707.91577148438,2896.42065429688,839.841064453125
-1001.23852539062,-2920.34936523438,308.621002197266
3771.79760742188,1901.61071777344,788.618530273438
-1000.57366943359,2567.9267578125,882.47607421875
-6.66703653335571,-2570.97265625,345.522338867188
-1028.623046875,-760.874328613281,841.384460449219
224.109283447266,4423.98779296875,850.334411621094
-3073.640625,1357.86743164062,796.686889648438
-3653.97827148438,280.659881591797,626.088256835938
2109.64624023438,-1742.64038085938,443.75927734375
-1688.1435546875,-1595.30187988281,507.074645996094
-351.124420166016,2742.72705078125,880.069763183594
196.820785522461,1182.23706054688,845.222900390625
-548.559448242188,4450.513671875,870.705932617188
-3653.0419921875,283.964233398438,625.987060546875
-3689.17944335938,1287.150390625,634.964904785156
-3734.2060546875,39.4941329956055,589.099487304688
3259.66870117188,-1801.18859863281,221.6162109375
167.354507446289,4675.17333984375,838.641845703125
-70.7329025268555,-2491.37939453125,358.430725097656
2615.60327148438,322.597686767578,820.129211425781
-2863.8720703125,34.5244979858398,896.7275390625
-353.206787109375,-43.8255157470703,857.296447753906
173.295822143555,1214.091796875,845.67724609375
218.600067138672,-534.89990234375,508.684509277344
-3530.30419921875,2210.13403320312,921.781555175781
587.7109375,4188.4453125,826.888671875
3089.55517578125,2154.39770507812,828.860961914062
-2753.44384765625,12.8830738067627,894.560607910156
-235.375854492188,-2132.48120117188,446.349822998047
2022.18103027344,1954.1796875,802.563903808594
91.8979644775391,2164.93212890625,896.706237792969
397.952758789062,-1236.20385742188,412.69580078125
-489.585174560547,-3081.79174804688,307.090118408203
-2606.16552734375,306.286895751953,905.635009765625
-2793.44360351562,-169.304183959961,827.780090332031
-2624.03393554688,2663.1455078125,940.497436523438
2436.8642578125,3367.1357421875,803.610107421875
-320.413055419922,3407.3720703125,867.383728027344
295.242523193359,697.7626953125,843.738647460938
3050.46533203125,1160.46264648438,800.424743652344
1097.35546875,2821.80444335938,825.729431152344
-168.277084350586,4472.98876953125,835.73779296875
1581.05444335938,-2.61042380332947,814.651611328125
-1631.36328125,-2312.71118164062,385.298583984375
-1005.90936279297,2563.70361328125,882.564208984375
-3431.86401367188,-1835.7021484375,669.8427734375
-654.617309570312,2797.15209960938,887.010192871094
350.176239013672,-632.186279296875,473.951812744141
3691.81591796875,4423.49365234375,716.266357421875
2761.0009765625,-2130.0654296875,256.160583496094
2194.96508789062,-2427.37255859375,268.19140625
3724.400390625,1758.78271484375,797.209655761719
1922.88305664062,-3006.9990234375,227.542022705078
-2560.74975585938,250.726745605469,911.583251953125
-2849.8876953125,-241.009979248047,799.982971191406
1636.017578125,-3162.7158203125,267.730438232422
-1692.03759765625,669.071228027344,880.668823242188
388.650970458984,-2874.3056640625,256.753662109375
-3604.0087890625,2302.1796875,922.089477539062
-1638.75537109375,-2015.45422363281,450.190826416016
-403.310852050781,-2004.00756835938,508.250610351562
1297.88513183594,4186.1826171875,826.810302734375
-1104.21716308594,3742.48388671875,873.520568847656
-3653.89599609375,-197.102493286133,562.385864257812
-2608.04541015625,2680.26196289062,939.368713378906
2574.89599609375,298.649658203125,820.972412109375
4001.57958984375,1672.5439453125,803.7705078125
3866.41625976562,-2498.60302734375,290.476135253906
227.840270996094,-1472.35510253906,420.405212402344
1209.5400390625,-3202.80615234375,244.716735839844
-1712.56164550781,4656.96435546875,832.670043945312
2407.30615234375,-438.907897949219,770.049194335938
515.195739746094,4325.56494140625,807.350036621094
-2778.96997070312,125.922142028809,903.288635253906
-3525.73120117188,2212.96484375,922.154235839844
-325.994232177734,3579.75732421875,852.356201171875
3111.32592773438,-1185.61254882812,397.582214355469
-818.058227539062,-196.085037231445,878.234130859375
273.751098632812,4635.9658203125,834.32568359375
-2302.46875,2020.51965332031,901.940795898438
430.888916015625,-498.564392089844,477.304779052734
-1478.06140136719,1664.05529785156,930.233459472656
254.991836547852,2067.52734375,889.078369140625
2173.0166015625,1760.64196777344,844.849304199219
461.427276611328,-691.424560546875,429.309753417969
-2519.36376953125,1707.37915039062,904.912536621094
-1966.08251953125,4250.525390625,857.680358886719
2646.46240234375,4389.3359375,827.01513671875
1041.37878417969,-3090.25756835938,250.043014526367
947.039428710938,-3003.0263671875,214.424072265625
1799.19616699219,2052.59716796875,854.633850097656
1231.66040039062,-3204.337890625,240.845642089844
2909.34423828125,-1324.33581542969,302.665985107422
57.5753860473633,-1299.38330078125,458.685302734375
-3434.64086914062,3524.88037109375,902.798583984375
2113.955078125,-1746.13452148438,441.87939453125
-597.142944335938,1807.82275390625,898.270874023438
-3490.95922851562,3185.43798828125,876.8330078125
-1545.44079589844,-224.367141723633,842.6650390625
3931.76098632812,-1249.99719238281,200.671508789062
-577.283203125,3992.93530273438,868.826904296875
1886.45434570312,2398.67846679688,846.038696289062
1580.23254394531,-19.1732635498047,816.288024902344
-1619.27648925781,-1966.14660644531,419.916015625
3292.82250976562,-1187.27197265625,439.802154541016
-3057.19921875,1699.50708007812,899.93408203125
-2720.00537109375,192.605361938477,903.7060546875
3967.12060546875,3590.93017578125,802.342468261719
520.402404785156,4277.974609375,814.2548828125
256.477722167969,-1603.03771972656,415.099884033203
-1655.01147460938,667.525268554688,878.467407226562
2833.68408203125,-2242.560546875,246.063598632812
1322.9228515625,4679.04736328125,794.21923828125
1030.71203613281,3277.77099609375,838.751098632812
4107.6083984375,3372.46215820312,801.887329101562
420.1689453125,4549.32373046875,805.286560058594
260.910583496094,4686.904296875,838.109985351562
-3642.92578125,-1616.6708984375,905.687072753906
2117.15478515625,1638.36694335938,861.455322265625
-1404.03381347656,-1640.85571289062,428.450958251953
-1333.65747070312,526.452880859375,873.899658203125
2292.42553710938,3548.61962890625,840.157836914062
2437.37255859375,4498.10595703125,839.431274414062
2708.48803710938,-2166.294921875,258.690612792969
-3735.2001953125,-1542.435546875,865.960144042969
1948.26330566406,-2398.02490234375,280.458068847656
-2982.56884765625,2635.09106445312,924.675354003906
4085.14453125,-1142.42224121094,287.234191894531
2491.90185546875,289.745910644531,823.720703125
-405.675659179688,-2855.12817382812,338.703216552734
3069.12109375,-2983.2626953125,117.980926513672
-952.913696289062,3831.19409179688,849.112670898438
2248.82641601562,-1952.46264648438,387.216766357422
-51.1316108703613,2333.98583984375,908.447509765625
-3319.45556640625,-1073.06726074219,836.227478027344
4189.9091796875,-1973.92895507812,274.321380615234
4027.46752929688,-1809.14074707031,200.475875854492
-3724.85693359375,2484.919921875,908.204956054688
252.878555297852,4621.8056640625,840.838134765625
-2881.24365234375,4439.76513671875,913.812622070312
2781.89575195312,-2124.83544921875,256.986511230469
4244.044921875,3502.6708984375,809.019104003906
-2666.65478515625,2401.0908203125,899.3623046875
4154.53466796875,3216.6767578125,797.506958007812
-1701.71325683594,3042.37963867188,910.798217773438
-3191.90600585938,3593.05688476562,930.243530273438
3653.12622070312,4682.2080078125,682.437683105469
3844.37255859375,-2639.69921875,298.555023193359
3475.2373046875,2019.314453125,811.093872070312
-2352.0654296875,-883.647277832031,845.180114746094
2421.20336914062,3485.0361328125,830.825561523438
2381.6875,-1956.13134765625,338.819641113281
2915.60546875,-1700.21520996094,272.362548828125
-2052.8095703125,-2397.71508789062,323.864807128906
-2849.39013671875,-2462.95947265625,488.613342285156
230.575149536133,4456.681640625,849.229675292969
2022.4375,4678.5341796875,824.312927246094
-2268.78466796875,1866.1884765625,939.226989746094
2611.9365234375,-2144.3916015625,260.7939453125
3859.91723632812,-228.716995239258,444.388000488281
-801.071411132812,1052.63598632812,912.461303710938
-1733.7900390625,-1543.22473144531,532.035278320312
3306.08740234375,-1055.04113769531,460.761322021484
-130.86247253418,1449.66015625,852.227294921875
-2176.84252929688,2353.10522460938,898.395385742188
3836.23193359375,352.319396972656,744.026306152344
2929.0556640625,-1213.13671875,313.288787841797
1669.90270996094,1734.74670410156,816.241149902344
384.920471191406,4332.45751953125,802.584045410156
-2281.11401367188,3836.26904296875,896.665466308594
1948.92138671875,1767.19580078125,834.33984375
510.863616943359,4172.11767578125,824.027648925781
3158.13427734375,3920.77978515625,699.938110351562
-1501.79846191406,-3120.833984375,353.109649658203
1660.45385742188,1994.56506347656,834.318115234375
-2690.798828125,1652.16259765625,910.539611816406
-2313.98681640625,-2763.8955078125,392.653259277344
-894.021911621094,3881.01196289062,844.587280273438
1456.21044921875,2065.37475585938,838.962829589844
-2281.1025390625,2627.59228515625,875.093139648438
1943.64721679688,1902.09350585938,808.565612792969
3908.33959960938,1742.17419433594,800.234497070312
-3270.02490234375,3630.77124023438,943.810180664062
-2740.5078125,1881.93933105469,933.585083007812
587.209228515625,3434.45727539062,847.852416992188
3319.6591796875,-1881.47534179688,201.196166992188
2226.63134765625,4422.21875,818.109985351562
1936.140625,1832.99560546875,819.465026855469
4139.14453125,4327.9716796875,696.294555664062
-3492.48779296875,-15.3267011642456,654.649963378906
3214.19848632812,-2956.5546875,146.272842407227
-525.757202148438,3599.49560546875,876.046569824219
-570.81787109375,4319.216796875,863.66748046875
-121.851760864258,1694.77783203125,883.27490234375
-3025.8857421875,2680.89819335938,916.815185546875
-2330.55712890625,3778.24609375,898.082946777344
3761.32006835938,1923.115234375,792.143798828125
2386.37939453125,236.007949829102,837.164245605469
-425.56298828125,2655.78955078125,894.475830078125
343.739562988281,4399.5283203125,815.903259277344
-3675.36254882812,-581.238647460938,563.248168945312
-1156.0712890625,-302.054931640625,863.894470214844
2080.07104492188,609.601745605469,841.782348632812
-3530.13403320312,3623.626953125,890.104797363281
2746.93334960938,3754.57861328125,748.270874023438
1684.98913574219,2148.69580078125,866.653076171875
1656.36328125,-3225.681640625,232.337799072266
-404.940826416016,2706.90771484375,889.484924316406
-403.525451660156,2712.990234375,888.975219726562
410.590362548828,4686.22705078125,805.156005859375
604.773681640625,-1210.611328125,388.942443847656
-3607.71142578125,248.664245605469,657.397583007812
1863.24169921875,1727.95068359375,825.864868164062
1993.17895507812,2224.31005859375,820.113403320312
-640.76220703125,1276.84252929688,913.46826171875
-1723.0048828125,4699.51171875,852.42138671875
3376.25366210938,-1080.49096679688,448.393676757812
1869.85083007812,1567.9365234375,849.622009277344
-295.722076416016,3400.33642578125,862.913208007812
-3694.0615234375,1489.42749023438,695.858642578125
-3049.6796875,-2625.47900390625,545.081420898438
2103.83715820312,459.502380371094,862.802856445312
645.147827148438,3341.23828125,853.062683105469
-1328.11181640625,-1199.7685546875,475.453552246094
2444.17456054688,-1935.17419433594,336.319152832031
-3080.79541015625,-3166.11889648438,630.251159667969
-2627.93090820312,1827.71716308594,898.040283203125
-1725.63549804688,2858.35888671875,920.569946289062
1852.6259765625,2136.5107421875,864.16845703125
-916.648498535156,2741.93212890625,871.116455078125
-1592.34155273438,1905.79187011719,918.666137695312
-2496.20458984375,-2858.033203125,480.365356445312
4060.30322265625,4609.75,683.986572265625
1469.70471191406,3055.38159179688,827.454223632812
947.871704101562,1120.64050292969,878.702819824219
-3718.58276367188,2526.671875,897.934387207031
-1324.58227539062,-1634.6572265625,406.736938476562
3404.61108398438,1722.5556640625,808.4482421875
1833.89855957031,-2422.48657226562,307.555511474609
-3484.2822265625,2383.32885742188,900.114562988281
1132.61730957031,2848.68115234375,825.70947265625
2915.02124023438,-1749.10327148438,258.953979492188
-2533.5009765625,-3.46488046646118,893.590576171875
-2190.07568359375,3969.0029296875,886.292602539062
-154.977096557617,3737.90698242188,834.646362304688
3972.43603515625,3179.5849609375,802.276733398438
2061.45361328125,519.005126953125,860.654174804688
-3220.32836914062,-974.348266601562,818.791870117188
3553.783203125,1985.21728515625,806.916687011719
-3026.0390625,2684.34033203125,916.032104492188
164.489120483398,-1330.63562011719,447.242980957031
-1594.578125,-2266.02978515625,390.539611816406
-3651.91064453125,3760.6943359375,862.424926757812
-2538.19848632812,3.31211042404175,893.615356445312
-360.282348632812,-188.751892089844,834.505737304688
3973.6337890625,1817.37475585938,796.572937011719
849.161743164062,1399.70092773438,890.723999023438
3978.64892578125,3366.45166015625,804.028503417969
-2051.50073242188,-2133.79174804688,408.808929443359
-476.952362060547,-493.326904296875,856.326721191406
2607.25463867188,4546.01318359375,814.769165039062
3876.93896484375,3329.71240234375,806.755493164062
1649.3203125,3086.01318359375,823.385070800781
4038.84765625,3417.60791015625,802.221557617188
3910.20239257812,4393.3857421875,661.7900390625
2801.09057617188,-1231.29345703125,320.471862792969
549.865966796875,3421.107421875,835.006164550781
-654.056518554688,-2671.1669921875,356.568817138672
1965.10595703125,-3064.41430664062,218.37922668457
819.884399414062,-2531.50903320312,257.541137695312
-3229.84033203125,-929.816650390625,812.99462890625
376.547943115234,-1888.35205078125,358.730316162109
-3603.49926757812,2254.87353515625,919.531311035156
1429.45666503906,4636.4140625,772.997680664062
1703.24157714844,-3139.6181640625,236.700347900391
-3564.630859375,2302.7197265625,920.788940429688
3914.54296875,-1925.29443359375,214.7412109375
3886.17504882812,4253.31689453125,680.72900390625
-2734.48168945312,2557.841796875,932.052917480469
-1784.65100097656,1869.80737304688,909.732971191406
157.557952880859,2074.89453125,893.505187988281
-3576.83740234375,2100.35766601562,901.431030273438
3073.533203125,-2128.49609375,216.512878417969
1925.21228027344,1891.70068359375,811.226318359375
-3579.9287109375,2227.14208984375,917.28564453125
459.579833984375,697.493041992188,812.364807128906
2130.66650390625,4631.15869140625,845.850708007812
-2851.51904296875,2235.09521484375,953.30712890625
-796.260009765625,3846.24072265625,860.581848144531
4011.22143554688,1593.53515625,809.513916015625
1850.9365234375,1972.95471191406,817.639892578125
4157.50048828125,3212.27563476562,797.538696289062
2814.07470703125,-1251.41589355469,324.092468261719
2537.82421875,1918.28015136719,820.75927734375
125.460586547852,-1743.31140136719,405.742004394531
2517.41162109375,332.251495361328,818.088989257812
-2524.52392578125,1637.83740234375,907.86767578125
-1141.27819824219,384.206298828125,892.486206054688
904.580322265625,-2636.72509765625,230.809967041016
165.4853515625,-1883.802734375,394.97509765625
623.431030273438,-1801.85656738281,324.230590820312
2280.13134765625,-1319.67846679688,437.572509765625
1704.69116210938,-3131.82470703125,235.199676513672
2301.93823242188,4294.73388671875,825.950073242188
244.664749145508,-1688.70104980469,409.288757324219
1454.61938476562,-3077.80712890625,294.890991210938
2879.39379882812,-2210.7939453125,241.265853881836
1.46570134162903,769.343200683594,866.124206542969
1635.22314453125,-3022.8408203125,274.700469970703
-3371.88037109375,2318.54345703125,907.273803710938
2280.2666015625,-1320.74523925781,437.53955078125
2091.10034179688,2947.02026367188,847.06005859375
3209.283203125,-1189.03039550781,406.524078369141
1920.05053710938,2035.1259765625,822.436157226562
3819.12426757812,4313.94677734375,695.191650390625
-3375.65283203125,3344.79223632812,864.034118652344
2256.9287109375,353.55126953125,840.828125
-2969.611328125,104.20295715332,903.598388671875
551.581909179688,3368.74365234375,829.278198242188
-3440.1025390625,-1928.44653320312,654.99609375
2631.0322265625,-1473.66040039062,338.595306396484
4022.5009765625,1591.04992675781,809.122680664062
-1699.03686523438,-1888.69409179688,428.851654052734
2630.60546875,1995.08740234375,803.771057128906
3405.69262695312,1656.49133300781,812.269104003906
3067.15747070312,-3226.15283203125,113.432403564453
4205.01708984375,3917.76318359375,722.510009765625
2269.6962890625,-1234.94775390625,464.419647216797
2625.15576171875,821.285461425781,786.317260742188
2061.09790039062,1802.59997558594,832.3525390625
1650.59594726562,3012.70922851562,827.7900390625
-1201.40979003906,494.623260498047,884.83740234375
-2731.0126953125,4482.0283203125,898.661743164062
-2574.4404296875,174.012130737305,913.884521484375
-3441.64990234375,3167.287109375,878.835998535156
-3363.4384765625,2202.36254882812,926.199279785156
2390.53540039062,427.801879882812,814.360046386719
4177.421875,3441.14477539062,806.525268554688
2356.79223632812,-1292.68383789062,405.469024658203
-1627.05261230469,-237.542388916016,845.762573242188
3637.41748046875,1791.51184082031,799.017761230469
1738.34167480469,1924.3740234375,817.062377929688
-545.513427734375,4241.181640625,862.582580566406
-3456.43823242188,3248.7744140625,869.834594726562
2500.39135742188,2676.10717773438,807.347229003906
4181.7822265625,3289.986328125,802.260681152344
1122.81030273438,3024.32202148438,822.710815429688
1485.67224121094,4647.505859375,773.677429199219
-2873.45288085938,4440.416015625,912.719787597656
-1793.96826171875,1852.53210449219,912.089660644531
3506.33715820312,-679.787109375,399.077423095703
1718.08947753906,1978.77075195312,829.051879882812
-3400.21142578125,2265.943359375,919.490966796875
2644.2451171875,-780.635131835938,413.418579101562
1020.85998535156,-2451.61645507812,296.179626464844
-2510.81323242188,-2692.650390625,443.216247558594
-32.451244354248,808.834777832031,866.607666015625
1366.53051757812,-876.967956542969,540.013549804688
1377.09228515625,3571.55346679688,787.818115234375
2219.83178710938,2087.60302734375,797.928466796875
-90.0135726928711,-1810.33032226562,472.766571044922
2031.09631347656,-1086.91857910156,537.390686035156
-904.365966796875,2741.140625,869.120300292969
2725.759765625,3917.6376953125,767.791320800781
-3289.66650390625,3746.1767578125,954.081726074219
4112.1494140625,3411.36206054688,803.151245117188
2007.65673828125,1747.20947265625,841.690673828125
2287.25805664062,260.244873046875,842.962036132812
2155.24194335938,-1801.49499511719,419.310180664062
-2589.2587890625,196.004287719727,913.060119628906
3025.734375,4090.58251953125,742.981872558594
-1603.0009765625,1755.14868164062,930.443603515625
-3518.22265625,2279.65771484375,920.792358398438
3996.01684570312,4371.658203125,638.266296386719
656.730407714844,1675.32543945312,874.445861816406
-260.785705566406,1463.13134765625,863.045776367188
1948.04418945312,1730.01708984375,841.748718261719
-272.498077392578,3669.68408203125,858.394775390625
-1247.99865722656,-1903.54125976562,351.636047363281
-2667.47143554688,-61.1786651611328,903.806030273438
4145.2548828125,1840.85095214844,792.725402832031
-2479.787109375,-2688.56005859375,436.318115234375
3773.1357421875,1855.44494628906,789.518310546875
-602.505004882812,-2700.13061523438,363.488128662109
-2731.27319335938,2508.62280273438,920.509155273438
1069.09045410156,1634.73657226562,896.814819335938
1573.54260253906,1718.58837890625,831.367248535156
-2006.67443847656,893.0126953125,908.028259277344
2520.05322265625,541.818481445312,793.431762695312
1224.138671875,-2916.79565429688,214.50146484375
-3614.1884765625,3739.10009765625,869.144897460938
-3695.40380859375,60.3137168884277,604.025146484375
3354.7197265625,-1341.48376464844,400.861022949219
1705.76721191406,2908.26928710938,838.850952148438
-407.003112792969,4339.5283203125,840.405334472656
2160.19287109375,3073.68310546875,846.355163574219
1374.48217773438,-3109.33813476562,292.570404052734
2365.27954101562,-997.39697265625,435.743957519531
3085.58032226562,-2276.07666015625,215.620040893555
249.75700378418,-2771.93432617188,270.5615234375
-1518.00402832031,-1841.09436035156,389.688812255859
301.348907470703,-1358.69787597656,421.855987548828
-74.4363250732422,1059.22644042969,862.664306640625
277.551971435547,-1336.81091308594,417.467834472656
3170.2900390625,-1208.07287597656,393.486938476562
-2182.59619140625,-714.665283203125,887.226196289062
2066.1162109375,2019.26684570312,799.187622070312
1510.078125,-59.0631408691406,813.883178710938
-1540.31103515625,1832.34313964844,924.138671875
-2892.86376953125,163.850784301758,899.736206054688
281.305206298828,-1581.42553710938,415.144378662109
-2860.45239257812,1737.46362304688,885.961791992188
-872.980651855469,2745.16845703125,863.666625976562
3496.9140625,-812.30908203125,442.053924560547
2309.97680664062,4260.42529296875,830.198059082031
-2750.37670898438,2736.49438476562,936.590454101562
32.6301879882812,-1225.4384765625,477.644653320312
3824.11767578125,3140.95166015625,818.03759765625
758.070556640625,-2921.97314453125,227.967864990234
-502.351623535156,-885.935424804688,864.635681152344
-1218.94567871094,475.857238769531,884.658813476562
248.173645019531,4632.28271484375,841.891296386719
4007.69677734375,3497.009765625,802.816955566406
2379.9521484375,2713.1953125,830.353271484375
2336.22021484375,3548.3779296875,834.573608398438
4120.63720703125,3249.84521484375,798.426574707031
963.033142089844,3061.21069335938,866.215576171875
2188.65380859375,523.227661132812,844.012878417969
505.74169921875,3046.76831054688,854.9541015625
360.649353027344,-1103.150390625,448.667694091797
150.751312255859,-1378.45874023438,453.608337402344
3731.60986328125,2503.84301757812,812.574157714844
157.847412109375,-1373.15942382812,453.145568847656
-2306.05810546875,1701.13427734375,948.656982421875
3552.3125,2181.77685546875,818.086181640625
1020.70959472656,1187.02746582031,880.421447753906
-2480.98291015625,172.423080444336,908.814575195312
-2699.33203125,-160.309509277344,875.946105957031
91.7632751464844,4548.32470703125,850.262084960938
4080.14404296875,3204.07666015625,800.139770507812
1530.18981933594,165.063339233398,821.820373535156
-430.31201171875,-3055.671875,323.651977539062
-3699.392578125,1354.84704589844,642.785827636719
-2609.43090820312,144.239364624023,912.939025878906
3980.20532226562,3067.1044921875,800.356384277344
-692.866271972656,-1058.48596191406,802.723205566406
-2881.47485351562,4597.42431640625,916.16552734375
716.414672851562,-772.328125,416.630310058594
79.6526336669922,778.116333007812,864.249877929688
-1534.72009277344,-1033.27319335938,555.509765625
-1449.86474609375,1684.88232421875,931.873901367188
2153.04931640625,3772.25317382812,834.981384277344
3123.24829101562,-3220.3603515625,118.636520385742
4149.1689453125,1466.07678222656,807.656433105469
-3500.22583007812,2168.90478515625,923.178833007812
2306.85888671875,-1906.50646972656,372.639282226562
-2074.96264648438,-2183.37255859375,401.240356445312
1447.44299316406,-2634.90380859375,281.113159179688
2362.615234375,-2039.44604492188,333.399536132812
410.872833251953,-2696.39453125,304.446899414062
-37.8983497619629,4556.59521484375,841.064392089844
-3090.96850585938,-3215.3203125,651.870910644531
71.5835418701172,4540.89453125,849.139892578125
-1306.01428222656,617.988586425781,870.04833984375
-3303.82958984375,1378.06225585938,903.414489746094
75.6206130981445,719.352478027344,864.559204101562
3824.14672851562,1858.74072265625,790.091125488281
3959.33349609375,4219.3642578125,651.576965332031
2214.0771484375,217.091720581055,850.752197265625
1574.96362304688,1974.69250488281,860.423767089844
-3657.02734375,-1822.25915527344,922.075073242188
-2536.34033203125,2548.4853515625,890.153137207031
4106.5517578125,1680.58923339844,800.814636230469
-916.752807617188,2658.38916015625,875.434265136719
521.67822265625,-1780.62438964844,339.230316162109
1904.63366699219,1505.47338867188,853.811279296875
-3124.798828125,-1454.6337890625,575.507507324219
3964.06396484375,3560.3076171875,801.505126953125
301.62109375,4311.36865234375,817.735412597656
1137.40966796875,2965.75537109375,819.966796875
-2651.12817382812,2646.7294921875,941.68359375
3777.2138671875,-2496.32958984375,256.186431884766
-2561.01245117188,279.736328125,911.385986328125
2383.28466796875,110.242431640625,839.686889648438
-2714.99853515625,255.532424926758,897.614562988281
-1686.71813964844,3105.19555664062,904.216430664062
-1934.94702148438,2770.5947265625,886.038330078125
4139.63330078125,182.256408691406,770.264892578125
2269.87939453125,-536.271484375,793.56787109375
-3648.5771484375,-77.4309234619141,582.271301269531
-2780.86669921875,4521.4462890625,904.148071289062
3980.61865234375,3178.63354492188,801.844604492188
775.235107421875,1619.05065917969,859.308227539062
2404.76928710938,4245.81787109375,839.596923828125
2332.01806640625,-56.2619018554688,834.929138183594
275.225158691406,-293.763916015625,547.682678222656
-2780.08056640625,-466.9013671875,827.245483398438
-296.263061523438,3583.45458984375,850.74169921875
207.774780273438,-1519.91467285156,419.600555419922
3120.21508789062,-3137.39135742188,123.331787109375
-3499.60986328125,2284.35400390625,920.439636230469
3381.78759765625,2543.2255859375,815.166381835938
-1093.09289550781,3696.23046875,876.128112792969
-752.675903320312,3804.19287109375,870.403564453125
190.364654541016,-2407.41943359375,317.6044921875
75.9270172119141,1225.92224121094,846.361999511719
-683.886962890625,4052.89990234375,876.756958007812
-3689.84741210938,2444.5830078125,915.151000976562
-3569.37182617188,130.123138427734,676.479614257812
93.8068084716797,-1127.27307128906,473.333984375
-2661.00366210938,216.607879638672,904.435424804688
4139.21875,3870.63916015625,752.436767578125
-2705.9892578125,2742.28515625,937.75146484375
286.396606445312,4399.46875,830.297485351562
-832.381042480469,2742.556640625,872.999267578125
-1590.73608398438,4708.87646484375,811.930541992188
-153.28288269043,1635.85095214844,871.345458984375
3883.0458984375,2997.73291015625,803.754028320312
1525.8916015625,-3104.75830078125,301.947143554688
-2741.845703125,2550.65209960938,931.541809082031
-1576.39501953125,-244.436386108398,842.63916015625
-357.840698242188,1717.74035644531,912.203979492188
193.542297363281,-1719.53527832031,407.489685058594
258.400970458984,-1973.95275878906,372.015197753906
-1019.89013671875,505.212066650391,897.214965820312
-1807.8662109375,4352.77490234375,845.384521484375
2760.83129882812,-2190.35522460938,254.144378662109
-108.477935791016,2196.98364257812,913.613647460938
3865.88647460938,4377.2265625,674.967224121094
366.521362304688,-1060.40502929688,447.826629638672
-672.618957519531,4109.837890625,875.394104003906
2060.76049804688,-2385.61962890625,309.918579101562
314.646789550781,4556.39208984375,827.354614257812
3652.13354492188,4090.48828125,786.671020507812
4108.79541015625,1606.41577148438,804.555419921875
4061.0703125,4079.88525390625,686.498229980469
2062.65161132812,-2385.01147460938,310.378845214844
3823.78051757812,-1532.55383300781,214.967132568359
-2692.908203125,2563.85473632812,926.954040527344
-265.574768066406,3582.748046875,851.5869140625
4008.4208984375,3056.25024414062,798.832763671875
4108.8681640625,3470.6455078125,804.280822753906
-2475.474609375,-2941.90966796875,478.550354003906
-235.087707519531,1664.70556640625,863.546081542969
3839.03491210938,3388.21313476562,792.036804199219
563.938415527344,606.165710449219,844.949584960938
-3701.70336914062,-98.9091796875,568.224548339844
-2913.0048828125,-3243.79467773438,603.078430175781
57.0325126647949,1063.38549804688,856.517272949219
-1550.64794921875,-3023.14135742188,358.334075927734
3975.859375,-1017.40856933594,228.339508056641
-3024.92797851562,1171.05200195312,666.302124023438
1987.26354980469,1575.92333984375,858.304931640625
-1656.05126953125,-158.266647338867,844.516479492188
-3173.1865234375,4275.662109375,945.1162109375
-689.073303222656,-789.025268554688,871.783935546875
4026.33837890625,-1925.25512695312,233.415771484375
1579.7412109375,-3047.7001953125,280.265960693359
-287.201995849609,2638.05102539062,869.846740722656
2140.10986328125,2270.28051757812,798.431335449219
-1897.87451171875,-2221.98217773438,413.446838378906
353.277679443359,-760.252136230469,456.281890869141
283.887756347656,-1175.14672851562,437.0185546875
-3427.4794921875,-2530.82568359375,636.617919921875
904.370483398438,-3090.96264648438,226.622329711914
886.128540039062,1698.48754882812,869.870178222656
-2503.7724609375,-2771.73706054688,458.699462890625
691.616821289062,-455.677001953125,548.990844726562
644.474792480469,-1833.81811523438,327.16357421875
4150.7509765625,-1121.07238769531,302.143524169922
-1779.93579101562,-1722.8720703125,518.944152832031
1581.99450683594,2019.93041992188,866.5595703125
2082.98583984375,-1628.13977050781,462.958068847656
3276.82177734375,-695.449340820312,534.53369140625
-72.3759918212891,1240.39245605469,848.819213867188
-1541.50073242188,-3027.5576171875,361.368560791016
-3728.9892578125,2501.39599609375,903.78955078125
1148.45947265625,2936.4140625,827.346984863281
3228.91235351562,4026.42626953125,683.791320800781
-1076.8671875,-1534.79772949219,381.955108642578
2489.33837890625,-989.713500976562,420.336212158203
-13.2489547729492,1145.26062011719,854.957763671875
2506.33740234375,-844.027709960938,423.101135253906
812.335327148438,1281.9345703125,866.785888671875
90.7709655761719,827.460388183594,863.086364746094
-2602.04443359375,-1201.82666015625,545.309692382812
-2225.62060546875,2514.134765625,873.246337890625
-1031.17529296875,3877.8251953125,854.920837402344
637.952575683594,3393.859375,854.645629882812
-2925.43188476562,-158.051879882812,833.025512695312
-673.245910644531,4111.26806640625,875.341247558594
-2256.49926757812,-1290.24572753906,615.395202636719
4115.6708984375,3281.31298828125,798.953125
-2849.443359375,252.529769897461,890.397277832031
3833.02514648438,1478.12341308594,815.198120117188
154.607345581055,1129.73449707031,847.295288085938
-2366.4599609375,-350.549560546875,897.093139648438
2988.29760742188,-1601.36938476562,270.880340576172
936.106872558594,-3114.484375,242.198089599609
-1630.5205078125,-160.530792236328,842.626037597656
431.15771484375,-1059.22985839844,438.197418212891
1514.35046386719,1479.66516113281,851.517211914062
-718.737060546875,4177.1875,878.145874023438
3458.96459960938,1893.68322753906,809.609619140625
-2325.05419921875,331.0087890625,889.628356933594
-2339.77099609375,1903.29760742188,928.14453125
-3039.61572265625,-2631.9345703125,544.805480957031
3852.06420898438,-1650.728515625,190.551193237305
2759.97900390625,4432.373046875,819.626892089844
403.309478759766,-1657.17529296875,381.719085693359
4152.43359375,3714.29223632812,801.1318359375
-3195.16674804688,1152.31884765625,665.286010742188
3396.9853515625,-860.174438476562,489.390747070312
-3246.54760742188,-610.300354003906,626.139892578125
-3281.9189453125,-1570.51550292969,611.829284667969
2163.45654296875,4354.14306640625,823.830871582031
3206.626953125,808.342346191406,742.678771972656
346.655029296875,-615.69921875,477.122131347656
567.733276367188,-2724.82592773438,267.849822998047
1405.88049316406,4479.9462890625,795.396484375
-2962.41821289062,4270.6787109375,916.124450683594
-2005.37670898438,2612.0849609375,899.099304199219
-3622.39990234375,357.5654296875,632.593811035156
-2352.4111328125,-2056.2548828125,423.825256347656
1093.10778808594,-2528.41137695312,347.205780029297
2214.03588867188,-1853.13098144531,391.635131835938
2540.783203125,3325.94287109375,770.766662597656
3588.07153320312,-1550.67822265625,255.877960205078
89.2990646362305,4364.35791015625,866.893005371094
-2690.73876953125,617.540832519531,904.872009277344
-265.768096923828,1158.19982910156,863.252197265625
4077.6279296875,1709.69311523438,801.471008300781
4164.21630859375,3537.79956054688,807.445556640625
2212.7216796875,-2209.35791015625,336.358337402344
1779.81860351562,2931.21899414062,853.039306640625
4176.90380859375,1461.46362304688,806.279296875
4163.45751953125,3200.70849609375,796.449768066406
1983.78698730469,-1755.09802246094,470.103240966797
3983.06884765625,4368.11572265625,635.533874511719
-526.134643554688,659.412719726562,876.417602539062
-1762.63037109375,2971.01245117188,912.513793945312
246.491302490234,4460.27099609375,845.876220703125
3803.63891601562,1802.3330078125,792.638854980469
-344.225830078125,-2058.326171875,489.225219726562
68.9318771362305,-2382.96118164062,332.315093994141
-793.467651367188,2679.216796875,881.101318359375
997.647521972656,2939.66064453125,840.841979980469
3325.04736328125,-1207.72900390625,443.3359375
2234.35327148438,2286.978515625,782.709411621094
4046.65087890625,3843.2373046875,764.966796875
2797.18334960938,-1943.14233398438,256.461578369141
4139.44189453125,3779.70385742188,768.995361328125
-135.141876220703,3598.76684570312,839.636474609375
1137.09448242188,2954.22119140625,823.418823242188
878.972534179688,1295.1396484375,884.142456054688
406.061920166016,730.250793457031,810.154052734375
1013.03350830078,-3113.0595703125,251.578735351562
3596.9970703125,2815.39404296875,816.056823730469
-2165.08471679688,-332.415252685547,880.39990234375
882.964660644531,1693.00952148438,870.176391601562
-590.07373046875,4268.5888671875,867.227905273438
2491.5947265625,3510.75830078125,807.419189453125
3404.751953125,2464.498046875,823.67236328125
-2719.23217773438,-5.00735473632812,896.629150390625
455.096740722656,-1360.13049316406,389.429321289062
3112.5751953125,-1099.98645019531,419.551330566406
-2566.14428710938,-2829.39453125,482.212799072266
3708.4111328125,-1188.20654296875,314.263885498047
2021.29528808594,2063.09936523438,801.732421875
-728.755615234375,4267.94287109375,875.467529296875
-2727.25390625,2552.86206054688,930.190795898438
3397.1318359375,4451.81494140625,620.110107421875
1101.40893554688,2720.1787109375,801.848205566406
484.429870605469,-2874.810546875,297.916748046875
780.169311523438,3371.486328125,861.211059570312
3827.08959960938,1644.45361328125,802.353515625
1210.44506835938,4192.06884765625,842.231262207031
-2914.28662109375,-3187.82104492188,593.525268554688
2266.22802734375,-2281.24267578125,309.988555908203
1910.34924316406,1418.95385742188,846.217346191406
-61.5825119018555,1619.18701171875,870.875610351562
3914.92919921875,267.945892333984,771.695434570312
-986.018737792969,-744.834533691406,864.368957519531
3184.44921875,4008.978515625,693.684692382812
2675.17529296875,-2252.94165039062,247.118606567383
-755.811462402344,903.2744140625,891.676452636719
-2257.20751953125,-375.637664794922,886.146362304688
2060.50268554688,1902.00439453125,809.655395507812
3078.26538085938,-1164.75512695312,394.6220703125
-471.589447021484,2677.7666015625,894.810974121094
-2174.3046875,1756.58312988281,913.278076171875
3184.61181640625,-1078.05981445312,452.375610351562
1484.70166015625,-2669.32177734375,291.678344726562
-2368.908203125,-2885.353515625,434.171569824219
1773.98034667969,-3147.19848632812,218.659454345703
-3594.91455078125,-81.1074295043945,603.245849609375
-820.73095703125,-946.16650390625,851.109741210938
1352.87158203125,2032.01977539062,825.634399414062
2111.75952148438,-2373.0615234375,308.203735351562
2650.09375,-1391.68591308594,341.584045410156
-828.37451171875,-942.095825195312,847.972045898438
-1628.35168457031,3104.79833984375,901.010314941406
-3156.62744140625,-876.970275878906,821.756164550781
-3536.50439453125,-230.68196105957,581.298034667969
2785.96630859375,4000.21215820312,739.539306640625
-1360.98205566406,3572.623046875,899.839782714844
-2306.23706054688,-2853.7216796875,415.605682373047
-2696.12890625,2668.60522460938,945.133422851562
435.621215820312,2291.59912109375,877.476440429688
2765.86743164062,-1998.3828125,261.421356201172
3986.01440429688,3332.76318359375,804.072387695312
1020.41186523438,-2741.36791992188,253.627258300781
-2997.36572265625,-11.7769470214844,892.888305664062
-387.438568115234,-110.199394226074,847.110046386719
3364.32421875,-2753.3076171875,187.208312988281
-1538.50927734375,2664.53393554688,921.393005371094
-324.675079345703,4450.83642578125,835.982543945312
4081.09228515625,4416.07275390625,678.281066894531
2469.05590820312,2706.119140625,819.529541015625
-3577.59545898438,-85.6618957519531,608.30810546875
-3681.03149414062,2550.8525390625,893.607238769531
-2293.77954101562,-2942.6767578125,429.904174804688
3146.68408203125,-1227.10217285156,385.644226074219
-2519.294921875,2869.34228515625,921.265075683594
219.038482666016,-2032.13037109375,378.610229492188
2506.00830078125,1208.50134277344,817.145263671875
3633.41772460938,539.919677734375,722.546325683594
3704.275390625,4706.97314453125,634.797424316406
-3399.21728515625,3879.88793945312,922.146240234375
3979.9599609375,4544.0654296875,655.0654296875
-3405.16357421875,2404.56005859375,902.844970703125
-3722.92700195312,-1803.82495117188,916.516723632812
-1510.92419433594,-1685.8896484375,431.792327880859
-2148.48388671875,-2153.53173828125,403.81298828125
1118.4365234375,4210.2294921875,840.688842773438
3835.91186523438,4312.62939453125,687.181884765625
3227.13549804688,-1118.48291015625,433.779510498047
118.558219909668,-2547.314453125,309.111206054688
288.133422851562,-536.950134277344,500.518829345703
1271.19580078125,-2931.08276367188,234.385864257812
3723.36010742188,4620.8935546875,664.551696777344
-2445.40209960938,1762.13732910156,934.694519042969
1069.29028320312,-2778.89599609375,247.412506103516
3133.05883789062,-1139.02905273438,416.551818847656
2512.3759765625,497.896179199219,801.679565429688
-3624.5966796875,462.943572998047,628.037658691406
3689.55322265625,2431.7333984375,816.227233886719
-264.158142089844,-207.863891601562,823.7001953125
158.484924316406,-1448.08154296875,450.874145507812
3945.25708007812,-1184.13195800781,201.477233886719
2203.98510742188,2954.07690429688,832.637084960938
1455.13513183594,1946.54248046875,861.563354492188
-700.796875,-2672.10034179688,350.265869140625
195.917358398438,-704.316345214844,504.643280029297
3991.07373046875,-1701.330078125,220.488922119141
1964.76452636719,1776.73205566406,833.336853027344
3972.65356445312,-1285.94506835938,202.730651855469
-2519.06909179688,1920.486328125,931.769653320312
3645.845703125,-1610.24658203125,242.546478271484
3888.46337890625,-2924.298828125,305.859191894531
4104.7216796875,3629.548828125,807.45849609375
-3631.56787109375,2355.13037109375,921.499694824219
-591.320129394531,-841.846923828125,869.505126953125
-1515.54809570312,-2779.25390625,365.232971191406
1129.67590332031,3267.255859375,831.536682128906
3482.02319335938,4698.30859375,645.708251953125
-2950.86206054688,4117.3134765625,933.554931640625
3080.27416992188,1248.38549804688,804.243286132812
2456.04467773438,1978.14086914062,827.845642089844
2239.04736328125,-1233.64013671875,471.778411865234
2884.92016601562,3959.072265625,758.50048828125
1530.748046875,1782.07592773438,841.079711914062
-3014.08251953125,171.733474731445,897.748413085938
4106.5361328125,4363.1875,683.532409667969
-444.906982421875,-3133.76708984375,287.064819335938
1044.53137207031,2939.27514648438,833.641357421875
-1428.94750976562,1775.75085449219,924.124267578125
-2772.10229492188,166.770278930664,901.135131835938
-2716.07250976562,2571.99609375,932.722351074219
3137.3095703125,-1547.18041992188,243.813323974609
-512.690490722656,2731.30932617188,894.032165527344
4199.90283203125,4360.1435546875,734.75390625
1603.27758789062,-3143.869140625,279.200103759766
-2904.71655273438,1884.99536132812,887.510009765625
950.734130859375,1123.76623535156,878.946838378906
-3505.5595703125,3598.53271484375,901.458374023438
-2861.30688476562,2719.404296875,919.842712402344
-2586.62939453125,2654.54931640625,933.822814941406
2609.3955078125,4401.82080078125,832.5888671875
503.783996582031,3515.2763671875,826.266357421875
1046.20983886719,4153.67626953125,850.105834960938
1105.109375,3191.12109375,843.956359863281
1319.4384765625,1982.40588378906,831.471923828125
1033.92944335938,-3006.47094726562,219.297210693359
-1791.21752929688,2088.35205078125,906.521484375
-1236.51062011719,673.200561523438,873.714050292969
2496.53515625,140.021911621094,808.784912109375
2598.59912109375,4402.25390625,834.8447265625
2593.423828125,-952.00830078125,381.251770019531
1961.87084960938,1928.03637695312,806.034912109375
-852.588012695312,2544.13427734375,871.333618164062
1620.34143066406,-2953.66748046875,288.696197509766
4008.60815429688,3373.87329101562,802.975341796875
-3262.92749023438,1202.19555664062,697.386047363281
-1180.35546875,-1448.48449707031,406.169891357422
-12.7560596466064,-2277.64697265625,336.852416992188
2621.013671875,219.18896484375,816.416870117188
2938.12670898438,-1720.9169921875,265.159057617188
-3436.2294921875,2300.81787109375,916.161315917969
2334.81689453125,-1884.67834472656,369.315856933594
1214.83984375,-1403.10766601562,424.084289550781
-1904.69104003906,4049.21826171875,884.320190429688
-2609.39721679688,2526.53881835938,908.613647460938
-2489.96118164062,214.294723510742,909.135131835938
1804.20043945312,-583.518188476562,820.1689453125
-129.421981811523,-2525.47509765625,360.439758300781
3336.82153320312,1603.69848632812,818.910766601562
4082.1298828125,3034.228515625,797.010009765625
-3614.21240234375,1169.45288085938,597.336059570312
2346.6220703125,1272.77282714844,824.638793945312
-2508.23999023438,1563.72607421875,909.025451660156
-209.006546020508,4438.83203125,835.637390136719
-3609.8173828125,2293.28344726562,922.884521484375
2552.0166015625,3361.35791015625,784.3408203125
2267.03955078125,4049.6640625,836.291259765625
3498.23120117188,2069.12182617188,810.493896484375
297.607482910156,-1945.37426757812,364.029907226562
238.928497314453,-659.721984863281,501.045227050781
-534.16064453125,3532.80444335938,875.730590820312
2472.2490234375,3237.3291015625,788.00244140625
-2466.90014648438,1788.67150878906,926.016662597656
2523.04052734375,2093.11669921875,813.616821289062
4021.1064453125,1094.62561035156,815.048583984375
-631.342956542969,-2676.68627929688,357.363342285156
2874.6875,-1201.5810546875,297.384521484375
-2485.87573242188,-2641.23095703125,433.001647949219
-3544.232421875,2348.43334960938,914.456298828125
-2111.21923828125,1803.22119140625,925.5810546875
1753.38549804688,2024.17443847656,848.130187988281
-1927.22192382812,1970.63647460938,937.466552734375
-1410.25805664062,-2973.04248046875,313.164428710938
3935.87646484375,-354.446899414062,444.591552734375
90.5856628417969,-1970.10046386719,401.852447509766
-450.898223876953,4274.28271484375,843.547485351562
1928.8974609375,-3200.20776367188,234.738342285156
-1499.12963867188,-3044.63818359375,349.415679931641
1639.93981933594,-3107.98974609375,255.680892944336
1990.93188476562,-2326.0810546875,309.096221923828
3722.82836914062,-2588.55249023438,241.196563720703
-2124.21752929688,1787.86352539062,919.423767089844
400.420471191406,-2646.75244140625,302.23486328125
3468.50024414062,-404.47705078125,447.522644042969
-2818.3984375,304.879516601562,886.323547363281
-3736.03466796875,444.096466064453,621.697509765625
4107.6025390625,3632.88647460938,807.758422851562
-2114.37182617188,1798.458984375,924.329223632812
2795.4033203125,1254.65209960938,805.307800292969
2533.15258789062,4407.4931640625,845.990844726562
1586.75561523438,1735.11669921875,828.807250976562
2754.4853515625,-1554.28234863281,320.428283691406
-2055.9638671875,1455.13830566406,936.188659667969
-1746.3916015625,3236.57763671875,896.062805175781
2428.99829101562,1264.18835449219,819.557250976562
2440.95703125,3121.59838867188,813.470275878906
269.094970703125,-1610.31384277344,414.143981933594
2577.4384765625,3957.0185546875,767.648681640625
707.465576171875,-1912.62426757812,310.185272216797
676.640197753906,3293.1220703125,857.265319824219
2712.18603515625,3970.89208984375,762.664916992188
-1336.49096679688,-1643.01342773438,407.851379394531
947.381591796875,1281.47998046875,886.694458007812
1383.09326171875,3427.11669921875,787.740905761719
3093.18969726562,3812.63549804688,693.151062011719
5.69862699508667,1210.83544921875,848.669128417969
-3310.294921875,1809.58239746094,872.415954589844
4002.9541015625,-2614.45068359375,347.750671386719
2570.88427734375,3330.00415039062,764.4091796875
4167.7197265625,1496.21337890625,808.43359375
337.115325927734,528.143249511719,805.1083984375
-3746.52709960938,-204.011627197266,561.594177246094
1378.04150390625,-3053.30981445312,286.310974121094
3463.826171875,2465.44067382812,822.6845703125
2604.2724609375,-1141.22705078125,357.626251220703
262.976867675781,672.496643066406,845.180725097656
-826.251342773438,-741.427734375,871.035522460938
4181.0068359375,3374.71508789062,804.974304199219
3334.61572265625,1104.85229492188,781.722106933594
-2031.89489746094,-2210.39184570312,394.249389648438
388.8662109375,3235.8876953125,839.26416015625
-2813.99194335938,4395.43408203125,903.552124023438
-1415.22534179688,-1684.73266601562,416.927429199219
2048.0361328125,2238.98461914062,810.451477050781
2326.44506835938,-2344.50561523438,283.983001708984
3931.33154296875,-1748.5791015625,190.652770996094
-3715.0693359375,345.537170410156,619.27001953125
2720.01806640625,-787.106750488281,383.833618164062
444.142150878906,3669.76489257812,813.222412109375
-1019.841796875,-2950.15380859375,289.524536132812
4024.0908203125,1096.68774414062,815.134765625
1287.60766601562,-3110.66650390625,282.935119628906
4056.00073242188,3057.646484375,797.251220703125
3945.65502929688,-1675.26782226562,200.947845458984
-3649.33862304688,3123.84008789062,880.035034179688
842.114990234375,-664.579956054688,480.429168701172
-1366.83410644531,1783.67529296875,922.030456542969
2255.44262695312,4165.3798828125,840.401000976562
-2120.66333007812,1867.40771484375,944.792724609375
958.942016601562,1275.22326660156,886.293029785156
-614.541259765625,1191.6220703125,898.174682617188
3119.51440429688,-2985.75122070312,131.614044189453
-1069.19873046875,3947.90185546875,855.162231445312
1.59962069988251,1654.04760742188,862.705078125
1553.38537597656,3446.2021484375,820.859008789062
-999.733276367188,2685.90405273438,871.775146484375
-3725.46337890625,342.576446533203,617.752563476562
1160.94299316406,-1516.83544921875,401.419036865234
143.198425292969,-517.159973144531,517.876342773438
998.575805664062,1160.9658203125,879.381958007812
3215.99755859375,4049.6708984375,680.711547851562
740.179626464844,-674.697326660156,457.831878662109
433.266357421875,-2846.96801757812,286.526489257812
2749.0048828125,-2147.61669921875,254.651763916016
-372.744781494141,329.923248291016,868.084045410156
-405.732604980469,2616.25732421875,892.080749511719
2403.33544921875,4436.8662109375,855.616516113281
4106.49267578125,3269.59643554688,798.952758789062
2070.2705078125,1649.6083984375,858.029663085938
-1052.34094238281,3719.431640625,864.874328613281
-221.186416625977,3899.15185546875,865.122131347656
-2477.77758789062,-2938.86376953125,480.097961425781
-3453.54541015625,3793.09887695312,915.795959472656
-3110.7822265625,-212.977600097656,821.691101074219
-3537.59985351562,-318.528259277344,572.098449707031
-3389.82177734375,-1766.22424316406,688.355651855469
4155.70166015625,3905.4130859375,744.360595703125
452.368835449219,-2845.10302734375,295.58251953125
2923.9912109375,-2100.8603515625,246.861419677734
-3460.00732421875,3446.90087890625,870.81884765625
-2520.56323242188,4034.24609375,893.359252929688
1065.55395507812,-2757.65942382812,246.200622558594
4088.556640625,-1881.1611328125,210.389511108398
2632.85131835938,2031.43347167969,799.33251953125
415.617736816406,-2787.25561523438,288.521057128906
978.979309082031,1309.0908203125,882.482788085938
741.246459960938,3332.96606445312,864.957885742188
-1632.31176757812,-414.091064453125,837.017822265625
-2072.17114257812,1882.5341796875,945.608032226562
-764.742919921875,-941.956176757812,860.114501953125
4176.1806640625,-414.856658935547,439.454315185547
2277.203125,275.371246337891,843.23486328125
-3713.29931640625,1374.37622070312,643.236633300781
3547.57421875,1912.27221679688,805.560424804688
3806.3271484375,-2590.68969726562,276.530090332031
-2684.65966796875,174.712844848633,906.232055664062
2593.57763671875,2703.30322265625,781.752807617188
3960.77392578125,1727.13684082031,803.0673828125
-2773.87255859375,13.5872964859009,889.805908203125
373.010955810547,655.367248535156,818.647338867188
-443.534423828125,699.780639648438,870.436401367188
-3570.17456054688,330.487243652344,650.269104003906
2857.41870117188,-2052.26904296875,255.950088500977
408.815765380859,-1260.4931640625,415.776184082031
-1471.08666992188,-2840.10961914062,343.003631591797
2857.60595703125,-2049.55737304688,256.255981445312
2366.80224609375,390.137756347656,819.898986816406
-1877.59521484375,-1453.29614257812,599.881530761719
3967.43090820312,3182.80102539062,803.19580078125
-707.403991699219,-2624.32006835938,340.579010009766
1926.74389648438,-592.900939941406,816.386840820312
-3718.22021484375,1375.41455078125,640.49072265625
267.907287597656,4421.01953125,837.286499023438
328.568298339844,1129.84399414062,844.473083496094
4191.1142578125,3516.09423828125,808.566223144531
-3016.2197265625,1970.15209960938,913.686157226562
-2902.4697265625,-3136.94921875,580.160888671875
1104.21948242188,2937.42211914062,829.62548828125
3287.53466796875,-948.099609375,509.419311523438
3924.51293945312,3483.970703125,801.357299804688
-1065.400390625,-259.165710449219,870.634643554688
-1581.4228515625,-1004.83258056641,572.401916503906
349.942749023438,2221.86791992188,870.845336914062
-330.335632324219,-1247.38452148438,585.648742675781
-2521.7646484375,-2745.93505859375,462.489868164062
-1696.18627929688,-1545.42578125,510.269744873047
-2329.77099609375,1817.58740234375,947.182495117188
-390.738372802734,4282.40771484375,843.507995605469
805.445678710938,3727.38671875,868.382568359375
3383.43090820312,1773.76452636719,807.354858398438
571.477905273438,3456.3046875,844.8115234375
-2426.84497070312,-2586.71533203125,413.970947265625
394.710968017578,2272.72412109375,873.178283691406
-2182.99169921875,-270.257263183594,882.131042480469
-2491.37670898438,1570.45422363281,917.188232421875
-3135.27099609375,100.748779296875,902.571166992188
1426.45434570312,-3047.4306640625,282.320922851562
2124.5068359375,1652.40563964844,858.765869140625
-658.423950195312,-932.399780273438,861.015747070312
1660.11743164062,1259.61791992188,866.032348632812
2647.00048828125,4413.3349609375,822.32177734375
4004.3759765625,3525.95751953125,802.978759765625
4005.869140625,1726.51062011719,803.508422851562
-3624.9130859375,-2824.5712890625,925.39501953125
131.434463500977,4532.24560546875,854.7138671875
1150.46166992188,-2740.77172851562,271.943542480469
1995.91943359375,1952.591796875,802.33544921875
2587.1328125,-1375.279296875,351.359313964844
-1462.32373046875,4122.3232421875,868.982788085938
-3567.58740234375,3887.41235351562,886.980773925781
2333.16015625,351.947357177734,827.990112304688
131.361206054688,2189.1357421875,887.960998535156
90.4839935302734,1617.48608398438,874.261901855469
3987.73828125,-1370.49194335938,206.377792358398
4046.3251953125,64.0381393432617,777.833862304688
-2782.23706054688,4567.5634765625,910.262573242188
3795.07299804688,4171.0703125,736.452026367188
-1955.13452148438,4303.4951171875,863.441650390625
-1555.14929199219,-3100.8388671875,339.564849853516
2174.83129882812,465.781494140625,849.863830566406
2299.2880859375,3983.80200195312,828.836303710938
490.314575195312,-1283.82861328125,404.277923583984
101.435920715332,2205.13623046875,896.164672851562
915.382934570312,1147.92407226562,878.540588378906
-1423.904296875,1933.04113769531,909.590759277344
848.226196289062,1209.34753417969,862.838073730469
913.743530273438,1153.91723632812,878.840698242188
-3116.93017578125,1101.42749023438,635.211120605469
-343.763305664062,-468.835540771484,820.775268554688
2989.75439453125,-2252.4599609375,227.8935546875
-3137.27368164062,-2470.84106445312,556.741088867188
-601.952575683594,4203.552734375,869.364990234375
2193.79614257812,2896.6142578125,817.423583984375
2295.1748046875,-1905.95129394531,377.249481201172
3902.15625,-2359.99267578125,296.380126953125
-3682.12548828125,2388.38891601562,921.524841308594
-1114.12841796875,-2123.29321289062,296.767303466797
470.346221923828,-930.256164550781,407.563842773438
3939.78833007812,366.472991943359,766.001708984375
-3749.4501953125,-1726.4443359375,886.338256835938
1904.21862792969,2031.30493164062,824.069580078125
-2718.02294921875,112.000183105469,909.058715820312
4127.978515625,3508.19775390625,805.82373046875
355.024536132812,4268.115234375,804.540893554688
-581.298522949219,4337.16796875,864.964050292969
-695.807739257812,1077.13415527344,885.128173828125
559.059448242188,4175.2216796875,828.102355957031
-2051.77001953125,-229.048568725586,872.2744140625
1143.79272460938,2826.66259765625,817.807556152344
-2082.72314453125,4728.53515625,886.427368164062
-931.526000976562,-2096.03076171875,343.880065917969
1120.98364257812,-2751.779296875,264.917297363281
835.139892578125,-2785.24072265625,190.653045654297
-1984.578125,-2354.10229492188,367.259979248047
-124.078689575195,2369.111328125,908.572509765625
2291.00561523438,3531.82666015625,841.771057128906
2239.47875976562,2948.18017578125,818.446166992188
-514.007263183594,4340.56689453125,853.452758789062
2266.33520507812,2947.34838867188,809.435119628906
2030.32189941406,-179.944473266602,848.098876953125
3062.435546875,-3107.845703125,111.156631469727
-2660.90307617188,4713.24072265625,902.5
2906.193359375,3936.17236328125,745.171020507812
-2939.36645507812,1869.62939453125,879.478332519531
269.486175537109,-599.576416015625,499.398742675781
3901.50390625,-1036.33850097656,212.823883056641
3360.2001953125,1878.9853515625,814.914184570312
2651.2802734375,3863.82543945312,791.484985351562
314.586853027344,-1556.38037109375,412.628051757812
-2284.6171875,2485.6796875,887.246887207031
-1514.23205566406,-1839.05114746094,389.576171875
1365.30859375,4156.2021484375,811.581909179688
2690.47900390625,1212.13549804688,788.55224609375
-3743.42700195312,1364.3291015625,625.490905761719
3900.5498046875,-1620.41162109375,182.780426025391
3924.23974609375,3310.44091796875,805.236450195312
1512.28088378906,-3201.73583984375,294.779388427734
-3540.59375,2187.00341796875,919.3056640625
-2221.79077148438,4665.95703125,892.0087890625
-2478.66284179688,-2888.64111328125,480.448394775391
2152.0166015625,4389.1708984375,820.635864257812
3283.74560546875,4194.79150390625,666.88671875
400.972961425781,4668.39013671875,806.59521484375
1148.31799316406,4153.759765625,843.592468261719
2414.99169921875,428.385986328125,812.091918945312
-2076.40063476562,4366.30078125,907.056640625
-2040.33520507812,2659.33056640625,892.953796386719
-2286.90869140625,-400.697143554688,887.657287597656
-2545.85229492188,-2766.69311523438,470.668182373047
2436.2236328125,425.211517333984,809.693786621094
-2478.30786132812,-2789.54638671875,453.480651855469
3577.75219726562,1449.03271484375,810.759338378906
-2201.2763671875,1686.40576171875,900.707214355469
3917.72509765625,2922.45385742188,801.407592773438
-2810.88134765625,2626.02294921875,936.288452148438
403.238128662109,548.693725585938,808.459045410156
-90.2195281982422,-3220.626953125,271.030090332031
692.070556640625,-1062.16760253906,352.375427246094
-3505.25024414062,-2887.00708007812,896.251403808594
4063.22998046875,-296.49755859375,496.8447265625
807.535705566406,1246.03833007812,859.721984863281
3091.7060546875,-3042.70385742188,116.712448120117
1148.08532714844,2835.78466796875,818.54150390625
3563.490234375,1932.8583984375,804.7578125
4101.2841796875,52.6980514526367,770.820007324219
398.641204833984,544.882202148438,808.14013671875
-1065.09851074219,3804.68432617188,862.112609863281
263.979400634766,-601.603515625,499.464660644531
4117.244140625,3365.1474609375,802.250610351562
914.158325195312,-3113.3291015625,239.273834228516
4230.8974609375,3490.1884765625,809.307067871094
2906.97387695312,3958.03686523438,752.434204101562
-2656.6201171875,379.797241210938,910.302856445312
-119.376968383789,3555.28051757812,848.210510253906
-2492.712890625,3771.53369140625,892.540466308594
-3359.5419921875,3463.41162109375,875.222045898438
-2523.93212890625,-2770.0458984375,464.196044921875
1988.75463867188,1869.93017578125,814.867858886719
2204.59350585938,4128.96044921875,836.690551757812
-2559.50903320312,-2719.26416015625,468.997863769531
-3369.09033203125,-801.248779296875,667.619262695312
3205.86157226562,-3174.6982421875,135.159881591797
433.045196533203,3117.46850585938,849.676635742188
-2702.1298828125,2514.84326171875,918.690856933594
3527.0556640625,1957.02514648438,807.191040039062
2633.51391601562,4563.4169921875,808.059814453125
-2914.0263671875,-2624.37841796875,531.265869140625
-3681.95263671875,181.744201660156,634.566101074219
101.886749267578,1298.71264648438,848.562133789062
-2995.0244140625,2602.45629882812,928.429504394531
299.848419189453,-557.253295898438,502.592559814453
2608.4375,4564.14599609375,812.175170898438
841.600769042969,1369.96240234375,886.413818359375
842.75830078125,-531.212463378906,544.260681152344
4118.8642578125,-1081.43322753906,298.234252929688
-2234.97119140625,-2907.85913085938,405.138671875
152.644653320312,1075.71264648438,849.396606445312
-2801.70849609375,188.3388671875,898.063110351562
2661.10888671875,4288.15234375,807.021240234375
-792.762390136719,3842.8544921875,860.82861328125
2791.826171875,-849.566711425781,349.906005859375
-3162.08276367188,3668.85595703125,940.244201660156
1084.478515625,-2686.923828125,265.600738525391
1824.30554199219,1321.34484863281,855.722900390625
2149.3349609375,-1827.46362304688,419.924072265625
372.807861328125,563.779052734375,801.474853515625
-1002.86572265625,-239.486511230469,877.788024902344
518.325073242188,580.899658203125,839.068725585938
-1413.93322753906,-1793.30126953125,396.085693359375
-576.22119140625,2778.8681640625,892.442504882812
106.319709777832,1517.01428222656,874.161499023438
-3732.0712890625,-1444.78247070312,866.65625
-410.137054443359,3660.17114257812,869.579345703125
380.183319091797,569.906677246094,802.657836914062
2366.92529296875,275.798492431641,829.146667480469
1714.3564453125,-3168.259765625,241.532684326172
-1490.3212890625,1725.08251953125,928.357421875
-2756.4453125,4481.896484375,898.016479492188
476.195739746094,4441.3359375,792.62109375
-578.460205078125,-2627.19897460938,357.429534912109
706.429565429688,3741.84765625,855.235595703125
1143.05737304688,4085.19775390625,838.595458984375
3936.70947265625,-257.011962890625,476.707427978516
3528.4423828125,1962.91772460938,807.190063476562
2705.3447265625,2069.36010742188,789.698974609375
-2351.92309570312,-774.796997070312,839.873046875
2691.72607421875,1210.75830078125,788.66796875
-1750.08581542969,4390.02490234375,848.467041015625
2710.86474609375,-2104.02685546875,260.221343994141
749.8359375,-1006.30059814453,336.439727783203
354.966156005859,-1609.8251953125,402.565277099609
531.097534179688,4183.2841796875,824.92138671875
3380.60180664062,4436.31201171875,622.734680175781
749.720703125,-2903.2041015625,233.098251342773
1737.56506347656,-3169.75732421875,234.863098144531
-313.739532470703,4050.162109375,867.498229980469
3972.87084960938,3312.181640625,804.007873535156
186.025085449219,-1597.62841796875,415.317687988281
1735.40380859375,-3168.3076171875,235.239929199219
942.891357421875,-2786.5947265625,221.081604003906
4095.669921875,3429.6015625,803.0341796875
3955.96533203125,-2671.49047851562,343.127319335938
120.672203063965,-1644.39111328125,429.414489746094
-1753.84008789062,2999.69091796875,911.236877441406
1837.31958007812,2385.33911132812,853.475708007812
3789.96728515625,4328.93017578125,703.62451171875
2049.71948242188,1588.99206542969,859.322509765625
427.842926025391,3045.029296875,851.3984375
1220.14086914062,-1454.81420898438,425.563842773438
2883.88696289062,-1389.15502929688,305.335388183594
1008.40753173828,-3084.15649414062,241.924911499023
2086.73022460938,1940.20690917969,805.855102539062
1560.29711914062,3336.044921875,833.229614257812
3362.41943359375,-771.575927734375,481.941833496094
-958.682861328125,-1608.75036621094,399.506317138672
4186.640625,-145.601531982422,713.251159667969
-3001.22973632812,4102.83984375,935.522033691406
-2350.05322265625,-2745.66748046875,412.952087402344
-873.823120117188,-795.297973632812,859.703247070312
-3518.92211914062,2336.17944335938,914.208801269531
-2612.73193359375,1755.71850585938,883.6953125
299.030334472656,-1129.92602539062,448.906677246094
2390.484375,4456.91259765625,851.338989257812
1129.42370605469,1260.203125,874.548461914062
2712.8505859375,3930.00024414062,771.236145019531
1327.41137695312,-3021.7158203125,262.097473144531
-1691.5244140625,3070.05053710938,908.324584960938
3812.79248046875,-2473.50610351562,268.334808349609
128.634185791016,1250.08483886719,844.652587890625
-3339.09008789062,-1861.59594726562,621.528747558594
2694.3193359375,-1940.14086914062,292.034454345703
297.464416503906,-1130.900390625,448.774780273438
3944.13696289062,345.618988037109,769.060852050781
3537.8662109375,1756.65893554688,804.016723632812
1894.78625488281,-2926.72631835938,215.473495483398
2550.35717773438,4492.724609375,827.869018554688
2584.35205078125,-2042.44763183594,276.635559082031
-792.594970703125,2692.439453125,881.395263671875
-1484.78186035156,-1919.75036621094,370.972747802734
-84.4116821289062,3606.89501953125,847.685424804688
882.27685546875,1483.84545898438,890.097229003906
947.640380859375,1576.65380859375,889.692138671875
3927.14697265625,-958.56103515625,217.903747558594
-2643.978515625,88.2767333984375,911.247131347656
-2498.04833984375,1774.21118164062,913.841918945312
-508.246520996094,1723.5439453125,912.308410644531
4191.984375,1027.99731445312,807.474609375
4135.6650390625,3382.978515625,803.238891601562
-238.98942565918,1497.98071289062,862.913146972656
-3529.81274414062,2200.13623046875,921.286865234375
-2403.05224609375,1858.44409179688,936.628540039062
2040.34509277344,1717.6630859375,845.686462402344
-3361.5546875,2231.96435546875,922.85009765625
-563.549499511719,-906.49462890625,871.855834960938
-608.679626464844,4111.95849609375,870.107666015625
1838.23071289062,-3008.14013671875,261.880187988281
4192.845703125,-151.133743286133,709.756225585938
-2632.16137695312,2531.32470703125,912.518371582031
3330.60595703125,-1776.43481445312,213.940811157227
-1774.00183105469,-2230.47265625,392.841369628906
3569.45092773438,1668.14672851562,808.420837402344
-1699.9140625,-1968.41137695312,431.389465332031
-2010.67468261719,-2186.71899414062,392.778686523438
3705.95263671875,2313.27001953125,823.028259277344
-248.621337890625,4722.21337890625,843.416687011719
-3387.59814453125,2301.490234375,911.928894042969
3041.38159179688,1177.40124511719,803.869140625
-3627.53930664062,190.74658203125,656.862548828125
-2469.94262695312,-2975.14721679688,475.741088867188
222.724716186523,4407.8857421875,850.021911621094
2663.07202148438,1337.28540039062,803.597290039062
-2463.01904296875,1805.9619140625,924.5732421875
3192.32739257812,2048.64672851562,832.420227050781
-2997.33959960938,1023.28814697266,685.973876953125
1630.85180664062,3229.8154296875,832.07763671875
3627.61962890625,1854.72485351562,796.356323242188
2332.97412109375,2283.27172851562,779.573913574219
2081.84033203125,4593.048828125,827.071044921875
3411.04248046875,1528.76525878906,821.726013183594
-2135.69677734375,-2480.00048828125,317.831573486328
-2928.20556640625,1876.35522460938,879.778259277344
4127.224609375,3547.07861328125,805.87451171875
15.2741746902466,1548.234375,857.633972167969
3812.8095703125,500.121368408203,786.391967773438
553.963806152344,3571.24487304688,838.584716796875
-2874.25756835938,2197.3359375,960.099914550781
-2914.25390625,-223.082397460938,814.68505859375
-1331.83325195312,1633.26306152344,934.628173828125
-2981.14501953125,4186.0068359375,925.381469726562
57.4036598205566,2286.90771484375,898.368041992188
2585.37353515625,3783.92260742188,804.544128417969
-2762.28466796875,164.521026611328,902.069213867188
-2496.48583984375,2751.3779296875,929.468627929688
4061.28564453125,4414.05322265625,671.290832519531
3468.83374023438,2499.5517578125,822.623291015625
97.1144256591797,-1835.58459472656,410.529174804688
1352.76513671875,-3081.423828125,287.831298828125
2662.10668945312,1861.82299804688,815.629272460938
3566.59228515625,1675.7216796875,807.922729492188
-2728.55810546875,1786.37927246094,928.209350585938
3172.17041015625,-2979.71752929688,140.694595336914
3483.18115234375,-889.096984863281,445.652313232422
-1480.67858886719,-382.459686279297,812.919921875
3614.48999023438,466.601470947266,729.105163574219
3950.8232421875,1586.35205078125,808.979370117188
313.726440429688,-1481.52905273438,415.906921386719
-3299.5224609375,-1108.46936035156,837.216186523438
3625.822265625,1810.84411621094,798.24658203125
273.204467773438,-1432.4658203125,418.496765136719
335.855712890625,-1890.04528808594,368.167327880859
-2316.04174804688,2390.15991210938,891.309020996094
-2295.75219726562,-2887.66015625,411.939819335938
553.349975585938,1493.9677734375,891.632202148438
-3458.6572265625,-2977.01025390625,893.113403320312
2855.38134765625,3851.44262695312,736.262817382812
529.606384277344,551.361022949219,840.252319335938
185.458831787109,-1651.79919433594,414.686584472656
2577.24145507812,-2145.6748046875,266.270416259766
-973.922241210938,-962.44775390625,634.813110351562
-2431.15625,3862.29370117188,885.92822265625
309.217407226562,-953.873168945312,443.690368652344
-1004.25469970703,-178.895767211914,876.410278320312
-3.64946103096008,-1626.3857421875,448.376525878906
2678.1064453125,1293.60864257812,793.882507324219
632.978942871094,-2520.7734375,206.390426635742
-2505.32153320312,-2718.47045898438,448.739013671875
1690.45397949219,1742.6728515625,814.856384277344
3049.08959960938,-3168.55346679688,115.089256286621
2020.0029296875,1749.26831054688,841.380920410156
1850.04614257812,-3232.76440429688,214.628295898438
1198.66430664062,3243.25634765625,818.54052734375
-1037.20068359375,-3203.0859375,251.373687744141
4159.91943359375,3056.53149414062,793.780090332031
3212.09228515625,-1325.65600585938,379.22900390625
4236.02978515625,4046.97045898438,698.823852539062
-3734.05004882812,3512.939453125,828.297607421875
-825.039306640625,-835.713500976562,866.18017578125
2245.8037109375,4288.83984375,826.92724609375
3087.47900390625,-2920.716796875,119.969161987305
2199.97705078125,-670.597961425781,785.480102539062
3974.63623046875,-249.861389160156,490.250274658203
-469.568054199219,-459.677307128906,854.582397460938
-718.82275390625,4094.30493164062,880.234436035156
-1539.10339355469,1582.63671875,908.219482421875
1810.54150390625,2142.78466796875,868.691528320312
-1046.53271484375,-1011.26971435547,584.722717285156
2127.66748046875,-1780.32873535156,432.531036376953
3696.43920898438,1736.39318847656,799.413024902344
-2488.74169921875,1094.92590332031,902.20361328125
2378.31079101562,-866.563842773438,494.419494628906
2033.78649902344,1997.95397949219,799.224731445312
-409.822601318359,-2771.22021484375,337.121398925781
-2169.53369140625,1647.14868164062,896.3779296875
4161.2041015625,3059.70385742188,793.808715820312
-2334.53662109375,507.7470703125,921.195983886719
-391.472015380859,-2032.37084960938,499.096069335938
-2198.466796875,-956.535034179688,901.791015625
3596.09228515625,1937.29736328125,803.538818359375
3742.58642578125,634.875305175781,747.480041503906
1082.97351074219,3081.94482421875,851.769409179688
-3286.32958984375,1139.22253417969,657.469970703125
887.813659667969,-840.321655273438,399.644805908203
-1271.16455078125,1625.78454589844,931.369018554688
-1136.09057617188,421.949340820312,891.424438476562
-3101.22412109375,4128.2734375,940.888061523438
2671.48388671875,-1323.73559570312,338.945404052734
981.277648925781,-222.700454711914,838.945434570312
196.507369995117,-1889.49780273438,395.373779296875
2436.02416992188,4480.02978515625,842.833923339844
1439.04296875,4640.23388671875,773.197814941406
2589.5771484375,3934.9072265625,776.091552734375
-2850.4169921875,1928.66137695312,904.319519042969
3786.12622070312,3335.03100585938,799.427307128906
2651.43676757812,163.275085449219,806.066833496094
2318.37841796875,214.52001953125,844.742980957031
-2900.78637695312,4454.33837890625,917.267028808594
2318.58569335938,214.01611328125,844.775390625
1709.79907226562,1099.88305664062,879.923950195312
-2666.94482421875,1766.42126464844,903.998229980469
2330.5654296875,-418.594451904297,820.622802734375
251.413558959961,-2003.6796875,370.244171142578
603.170227050781,3435.58544921875,851.281677246094
-2624.41967773438,2428.19165039062,893.537658691406
3702.51733398438,1741.37622070312,798.97802734375
1674.39306640625,2218.63012695312,859.405944824219
-3175.95068359375,1561.73181152344,859.737915039062
1488.84399414062,-3076.37866210938,294.497283935547
-150.587356567383,-2519.87084960938,360.356842041016
-78.5464324951172,3714.58813476562,830.007446289062
82.0141296386719,1218.66088867188,846.415893554688
-653.852661132812,1864.94030761719,896.063842773438
4128.9228515625,-414.253234863281,448.522918701172
-2031.8056640625,2690.67626953125,891.071716308594
194.226104736328,-749.068237304688,500.849822998047
3377.08544921875,1685.74426269531,811.432739257812
-1036.78564453125,457.887298583984,892.725219726562
190.850051879883,-1380.43823242188,444.035736083984
4144.00927734375,3376.68969726562,803.447143554688
4023.75244140625,1512.84240722656,812.276611328125
2354.37353515625,3754.58642578125,820.463806152344
3835.37377929688,-1609.45776367188,203.283096313477
-2787.75537109375,185.059692382812,898.877136230469
-3415.51000976562,3276.00512695312,869.421020507812
-3524.2197265625,2165.38134765625,919.565795898438
-2657.126953125,4677.61474609375,901.436889648438
2069.94384765625,-117.766006469727,848.624328613281
80.5065078735352,1222.30712890625,846.364868164062
3912.57592773438,-175.398590087891,498.041046142578
-966.150634765625,-1108.98950195312,566.668518066406
-599.185241699219,4073.86303710938,869.912658691406
2131.50830078125,3788.88793945312,830.635681152344
-1831.61254882812,2127.58984375,916.413452148438
3972.02734375,-1059.56481933594,228.774871826172
1684.1748046875,2025.75,839.592651367188
995.655090332031,1094.72875976562,877.166564941406
3283.525390625,-928.532836914062,519.01318359375
-2844.533203125,1868.56530761719,908.550354003906
780.390991210938,-2864.04931640625,217.630187988281
2646.44946289062,3720.06958007812,800.704956054688
2782.13403320312,-2989.73315429688,167.677871704102
-3027.47192382812,299.614990234375,891.770629882812
1101.02416992188,-2783.39404296875,255.916610717773
217.88232421875,-743.341552734375,494.099060058594
2274.11328125,-1728.1689453125,391.1435546875
-2457.43920898438,1791.79187011719,929.561218261719
231.029495239258,4693.74853515625,839.929504394531
-292.817504882812,3989.10522460938,870.319274902344
-2851.146484375,2024.47058105469,932.047668457031
1663.4267578125,2192.6552734375,865.957641601562
1565.89562988281,-3077.23681640625,284.029296875
-1142.78698730469,-1597.28125,349.926361083984
-3748.4296875,-96.9030609130859,560.099548339844
-2531.67944335938,3776.05541992188,891.4189453125
833.271423339844,3426.45068359375,856.402648925781
3145.07373046875,529.39892578125,753.926147460938
4129.9609375,3301.94287109375,800.398986816406
-2067.57666015625,-2321.44653320312,357.176330566406
-2901.70385742188,4215.5810546875,922.407470703125
-2066.34790039062,-2399.07153320312,331.490905761719
-307.437713623047,-2009.03173828125,463.530487060547
2737.681640625,3495.78662109375,766.775634765625
2454.93774414062,4465.01904296875,842.801696777344
-1093.53564453125,2551.39404296875,880.435485839844
-90.2944793701172,739.785339355469,853.992553710938
3395.7685546875,2424.84033203125,825.120727539062
309.914489746094,-996.9931640625,446.232635498047
3863.49877929688,4265.19140625,684.419555664062
337.442077636719,1232.01879882812,840.0078125
4176.1904296875,4121.34619140625,687.947814941406
-1519.755859375,1957.06982421875,915.823486328125
-3268.4296875,-975.1884765625,815.612731933594
-3665.45068359375,3686.94799804688,860.8603515625
-2333.16528320312,1897.18505859375,928.585754394531
-1921.939453125,-2105.7646484375,402.134979248047
365.683227539062,-1198.78393554688,427.362030029297
1634.33850097656,3046.59228515625,821.470458984375
2369.5126953125,-678.135620117188,540.718139648438
186.099655151367,4643.6318359375,844.233520507812
216.015029907227,-1251.49450683594,436.814361572266
-3739.13427734375,2407.560546875,920.21240234375
2391.54345703125,3764.90966796875,816.381164550781
3815.34521484375,4393.4658203125,683.317993164062
853.778015136719,3709.89697265625,869.496520996094
-1509.20654296875,2749.77368164062,915.025024414062
3040.572265625,-1894.1103515625,236.795837402344
-1020.966796875,3946.3759765625,849.582885742188
-47.3466949462891,-1815.31396484375,454.962188720703
-3533.11840820312,3637.63842773438,888.93701171875
2503.47143554688,-953.708251953125,416.972137451172
211.824615478516,4694.4931640625,839.662475585938
-2159.1142578125,1698.33288574219,900.790466308594
2128.240234375,1939.55590820312,812.796508789062
955.305297851562,1365.78552246094,892.920959472656
1083.259765625,-2759.31665039062,252.396331787109
-3745.89111328125,247.035400390625,593.656372070312
-3408.9775390625,2183.73974609375,927.41259765625
-1773.37145996094,-2205.1796875,399.879547119141
-3277.142578125,-497.565216064453,586.788879394531
2120.27880859375,1710.24096679688,850.86572265625
3385.86279296875,1709.62329101562,809.549621582031
-625.401245117188,4111.779296875,871.325805664062
179.698379516602,2101.66015625,886.735290527344
-3584.63818359375,-882.966064453125,638.109741210938
3988.30639648438,-264.518005371094,488.294921875
1728.17504882812,1291.43347167969,861.48193359375
190.966232299805,-1452.42919921875,438.054107666016
1172.34594726562,-2671.7333984375,286.041351318359
4129.96923828125,4601.9755859375,690.864013671875
3125.7373046875,1972.3359375,823.350158691406
-664.095825195312,3963.4169921875,875.694152832031
528.161987304688,3009.74462890625,858.019836425781
3143.03735351562,-2080.400390625,199.439956665039
925.117492675781,1630.533203125,879.788818359375
-1871.17309570312,-2181.04736328125,409.686767578125
-3662.22412109375,-1658.27355957031,902.068237304688
-3623.31298828125,-268.645599365234,558.15283203125
-740.719116210938,-748.599792480469,874.4775390625
722.159301757812,1555.31396484375,869.235107421875
4195.09375,223.509094238281,769.509948730469
-1722.02783203125,-186.908065795898,849.196350097656
461.341857910156,-1436.654296875,396.486480712891
-2261.48876953125,-856.956298828125,879.401306152344
852.433410644531,1194.32250976562,865.365966796875
4214.1650390625,1655.98852539062,804.233032226562
-980.333557128906,-976.196655273438,626.807250976562
-1634.09643554688,510.950622558594,875.932678222656
2663.38354492188,2046.34057617188,793.811645507812
-3092.25708007812,1299.45654296875,733.008666992188
1339.22338867188,3583.794921875,803.059448242188
1083.79528808594,3825.59375,846.489624023438
-745.707641601562,-865.124145507812,866.595947265625
197.314743041992,2219.71142578125,881.064575195312
-1961.12451171875,2632.13720703125,898.231323242188
-121.936294555664,1281.68493652344,848.832458496094
649.090026855469,-2845.37109375,253.459274291992
-3207.93530273438,-952.594055175781,820.381225585938
-1320.45324707031,1709.23815917969,926.623046875
2748.63598632812,-1323.57177734375,335.565246582031
918.652221679688,1261.89440917969,884.127685546875
1330.728515625,-861.148193359375,525.12451171875
2335.0556640625,4191.29541015625,841.66357421875
300.946960449219,4633.072265625,826.290588378906
-46.4191741943359,3738.61450195312,830.474243164062
4089.76318359375,4400.99951171875,682.919738769531
647.857482910156,-2845.7802734375,253.312561035156
1306.36584472656,-3142.45458984375,266.896484375
885.734191894531,-2457.91235351562,241.894241333008
1166.07165527344,-2783.00805664062,256.673614501953
-65.0533065795898,1175.79748535156,853.816162109375
445.246612548828,-557.665710449219,448.346710205078
1163.64807128906,3110.23193359375,824.928344726562
-2815.99560546875,318.398986816406,882.8779296875
-2489.21435546875,3506.80249023438,920.605102539062
3016.90502929688,-688.094665527344,479.28173828125
1717.34912109375,2192.11376953125,856.082397460938
-2455.79663085938,-2942.07958984375,473.18017578125
-2498.30346679688,1595.24694824219,915.904724121094
379.226440429688,-1196.84838867188,422.787139892578
2339.08056640625,148.426422119141,844.578491210938
-2809.7509765625,4555.4296875,911.87841796875
-2579.32861328125,2536.66015625,902.874389648438
-3681.83154296875,230.649322509766,623.278259277344
-1114.44116210938,472.234436035156,891.87841796875
339.735015869141,-2729.7470703125,265.724914550781
-510.039672851562,4334.236328125,852.411193847656
-3196.41918945312,3510.85229492188,895.634826660156
-549.766235351562,1737.134765625,906.405090332031
-3482.015625,1600.890625,849.330017089844
-3593.166015625,3689.75146484375,877.127197265625
-1441.91186523438,-3005.08447265625,327.841827392578
1950.32446289062,2039.77709960938,820.162109375
-3100.97021484375,-1636.23828125,551.0283203125
-2542.16235351562,120.57145690918,903.695922851562
3992.1875,1624.00354003906,808.889831542969
3898.3603515625,3063.25708007812,806.637329101562
-2742.78686523438,2787.97021484375,932.049621582031
334.159881591797,4356.75048828125,812.854064941406
2290.74536132812,484.048217773438,835.818237304688
3081.1953125,-2193.9521484375,212.811431884766
-3138.23364257812,4129.17822265625,946.310302734375
2389.115234375,308.104675292969,822.009765625
3649.11669921875,1796.31372070312,798.321899414062
37.0147552490234,1561.12963867188,861.279174804688
-3092.642578125,1486.5078125,888.125122070312
-3322.7861328125,2309.0537109375,910.834838867188
4211.09228515625,3233.74169921875,800.577453613281
2881.13452148438,-1285.44787597656,309.241760253906
-1421.77307128906,663.452453613281,855.124206542969
2886.21875,-1415.63537597656,303.210205078125
-3201.08032226562,1081.36181640625,630.715454101562
-3582.83764648438,2231.68286132812,917.578918457031
-708.593444824219,4085.67260742188,879.154479980469
167.009643554688,-1624.5634765625,416.253936767578
3089.05786132812,-1885.27294921875,232.412200927734
-3621.88134765625,3680.01708984375,871.040344238281
-1074.35998535156,3993.86254882812,850.711853027344
1911.029296875,-856.662841796875,811.072814941406
1009.201171875,2943.28515625,839.224853515625
-3079.98608398438,3840.4443359375,961.352722167969
2564.53002929688,-1186.57678222656,367.799377441406
-3077.10693359375,1300.35913085938,734.642883300781
-3737.55590820312,389.782531738281,621.886596679688
3777.80810546875,-1587.13244628906,218.931777954102
3575.5087890625,1780.16882324219,801.3251953125
3651.28125,1794.15185546875,798.377868652344
425.280517578125,-1192.06481933594,412.6328125
1681.22241210938,1757.43408203125,814.112060546875
-1700.9638671875,-2645.05322265625,381.558654785156
-1540.11547851562,4723.609375,817.03662109375
3065.95385742188,-1227.69299316406,368.869018554688
1549.50952148438,4733.92578125,755.595031738281
-2562.10009765625,4634.376953125,895.641784667969
-3034.94091796875,1183.88647460938,673.19580078125
-2819.876953125,2255.71484375,943.615905761719
2312.89672851562,-554.139038085938,778.998046875
-80.7605972290039,3659.34814453125,837.958435058594
-2724.765625,296.138793945312,893.336730957031
-619.099182128906,3828.64794921875,876.520874023438
-1605.78491210938,-1842.82739257812,409.149841308594
2291.29711914062,335.940734863281,839.690002441406
594.350891113281,-2907.85668945312,256.908142089844
-3617.818359375,374.522644042969,633.488037109375
124.092529296875,4503.91015625,856.552124023438
-2755.26538085938,266.500213623047,895.39208984375
2222.8857421875,4255.15771484375,830.986145019531
2098.08325195312,4587.625,830.996337890625
1172.61120605469,4239.40576171875,837.406127929688
2314.369140625,-852.371215820312,531.961303710938
-1719.37255859375,2975.51440429688,916.198364257812
-2875.33056640625,-212.369766235352,829.495910644531
858.478759765625,1500.7177734375,884.219787597656
2309.41186523438,2143.45751953125,788.758178710938
339.125915527344,-1290.029296875,420.520629882812
-2301.77978515625,1837.21105957031,942.874450683594
-1493.54675292969,4208.4736328125,854.756286621094
591.284606933594,3257.80004882812,837.573913574219
4035.73950195312,3833.71997070312,770.139404296875
784.713195800781,3716.60668945312,865.650939941406
1004.55346679688,-2717.4267578125,259.9892578125
299.562805175781,4672.099609375,830.041809082031
1866.02368164062,1825.75317382812,818.193664550781
1905.40783691406,2160.01318359375,847.288818359375
-2564.24462890625,1784.47338867188,893.745239257812
386.035369873047,-525.024963378906,477.755065917969
-3281.07568359375,-992.843505859375,820.502502441406
933.535034179688,1664.66821289062,875.615905761719
-2864.35693359375,198.737030029297,895.4814453125
-987.108093261719,3720.63525390625,856.626281738281
89.6405487060547,-1813.49438476562,411.322875976562
105.52806854248,2302.02197265625,890.50634765625
287.361267089844,-2326.1953125,330.761108398438
461.867645263672,-2792.05004882812,308.741760253906
-1150.57360839844,271.409027099609,885.912902832031
4122.90771484375,-1928.20166015625,234.400283813477
-2326.79833984375,-2948.8818359375,434.35107421875
-3640.5888671875,3850.06689453125,868.786804199219
336.193023681641,-757.076782226562,457.833923339844
-928.887145996094,-193.350509643555,879.494689941406
2127.79809570312,545.309509277344,845.160827636719
670.384582519531,3466.13720703125,861.521545410156
-552.5341796875,4537.72900390625,875.064697265625
387.619506835938,-1917.93395996094,353.260864257812
-3741.83959960938,-123.912773132324,558.740478515625
1718.84704589844,-3020.42578125,262.131927490234
-2459.52954101562,1730.96923828125,926.693420410156
30.9348297119141,1772.8271484375,877.65087890625
2290.97119140625,2701.87255859375,837.023315429688
287.933288574219,-1816.91430664062,388.212432861328
-930.612609863281,-122.426628112793,877.864440917969
1832.88269042969,-3094.50439453125,240.025009155273
566.529174804688,4315.94140625,808.677368164062
4159.6015625,3555.884765625,808.136108398438
2244.75317382812,4595.89599609375,855.427429199219
932.21533203125,-2642.74243164062,249.884948730469
-3070.837890625,1484.73767089844,887.494689941406
2701.166015625,-1233.21411132812,340.482299804688
506.606597900391,-2794.38330078125,307.771484375
3346.576171875,847.871398925781,728.176513671875
4204.18994140625,3763.43676757812,764.812805175781
-2618.041015625,349.836822509766,907.16357421875
712.4482421875,-2844.24169921875,243.622619628906
203.21125793457,-758.862854003906,497.353881835938
-2160.15966796875,1613.98303222656,901.686462402344
2371.80395507812,2528.24047851562,799.423828125
-774.835021972656,2580.322265625,884.580383300781
1364.783203125,-3144.40771484375,274.486419677734
4020.69799804688,1609.51379394531,808.672607421875
-2786.0087890625,2753.54418945312,932.076965332031
4181.22900390625,3818.9375,745.481140136719
1980.13488769531,588.675476074219,857.73291015625
3925.71069335938,3076.1533203125,804.244323730469
-261.464630126953,1153.65649414062,861.318237304688
-2375.56420898438,-3001.7958984375,451.205810546875
-2208.794921875,-2137.376953125,401.627746582031
-1701.88879394531,4616.037109375,821.163940429688
2248.96435546875,2740.15771484375,825.000732421875
892.653869628906,-2670.76293945312,218.313217163086
4238.609375,3957.8251953125,710.863220214844
-2040.171875,4251.8037109375,892.024475097656
4066.84375,3883.61962890625,749.751281738281
-527.559326171875,1653.94482421875,910.039306640625
4035.75048828125,-1862.29284667969,202.545776367188
-2172.26000976562,-2186.28247070312,396.740325927734
2289.6533203125,-436.797302246094,824.778259277344
2684.791015625,4309.291015625,818.914428710938
-3100.31640625,4103.189453125,947.203674316406
-745.63916015625,4037.32763671875,882.083435058594
1369.79248046875,3589.24926757812,791.392150878906
1049.52648925781,-2691.75390625,264.030364990234
4147.7431640625,1705.70874023438,798.547241210938
-667.25439453125,-857.251037597656,871.055419921875
1067.00317382812,1685.40014648438,891.459106445312
3800.310546875,1909.39331054688,788.125244140625
102.819877624512,-2068.52685546875,379.775756835938
2111.19702148438,1805.7314453125,831.747497558594
466.873840332031,2965.04467773438,857.564392089844
4015.75610351562,1762.03405761719,800.5927734375
1641.69140625,1747.16271972656,822.439086914062
-2576.14404296875,-1236.76342773438,541.304870605469
-3543.87744140625,1105.34594726562,604.640380859375
-171.875762939453,3380.01318359375,863.535888671875
1602.93908691406,-2995.20971679688,286.973022460938
3967.36865234375,-139.488708496094,611.0615234375
2804.61840820312,-1677.60754394531,304.286346435547
-3440.0966796875,3611.00048828125,924.492004394531
453.920532226562,-1947.70190429688,323.813842773438
894.389770507812,-712.809936523438,467.145385742188
3083.4013671875,-1184.66906738281,391.033325195312
2017.38854980469,454.964202880859,866.476928710938
2249.53540039062,2361.26635742188,802.71142578125
2233.091796875,365.848815917969,843.078247070312
3851.65209960938,1736.39880371094,798.123229980469
3371.2421875,2254.505859375,824.789672851562
-2624.06225585938,2797.86108398438,929.387573242188
-1065.15319824219,-2125.25463867188,317.347991943359
-3339.58251953125,-2507.92504882812,603.907836914062
-1721.85876464844,3202.07641601562,896.869140625
3256.84375,2365.56665039062,809.784118652344
4084.80395507812,3110.56689453125,796.782470703125
-3672.2333984375,3667.4697265625,858.688293457031
3922.68505859375,4459.2255859375,662.707092285156
-3068.22583007812,-160.821929931641,821.680541992188
329.221740722656,-639.390625,481.536041259766
-410.7177734375,1688.677734375,920.463073730469
1684.5224609375,-1208.39086914062,832.576049804688
-497.54833984375,-475.245697021484,855.534790039062
37.4371566772461,3756.5244140625,842.425537109375
3169.66650390625,-1889.95861816406,211.456695556641
923.569946289062,1562.87243652344,892.366516113281
-3340.43701171875,-1128.87365722656,845.091491699219
988.417663574219,1603.58093261719,891.742065429688
3931.115234375,3078.8876953125,804.066833496094
330.059173583984,-638.209106445312,481.347747802734
415.503479003906,618.492492675781,805.161193847656
3331.6787109375,4200.90576171875,628.256408691406
-567.014404296875,4280.50439453125,865.334411621094
1821.66577148438,-610.367797851562,819.5146484375
-1090.49658203125,-2144.3828125,303.344970703125
845.71923828125,1650.77270507812,869.7255859375
1097.55395507812,3180.60595703125,844.981567382812
1056.70788574219,-2508.93017578125,339.016052246094
669.770080566406,3899.66918945312,852.809936523438
2412.17651367188,-803.63232421875,481.403717041016
3943.03515625,4364.1826171875,648.866516113281
46.5553817749023,-1785.39916992188,423.089050292969
1232.12097167969,-2530.3466796875,301.614166259766
92.4212112426758,-1499.10290527344,453.584136962891
2415.5341796875,3154.74755859375,815.469299316406
439.270690917969,-2670.82006835938,302.263977050781
2349.29418945312,3769.4033203125,819.314025878906
-2314.42749023438,3896.22729492188,890.3671875
-3300.82104492188,1297.54614257812,887.326477050781
1967.95959472656,1820.64965820312,823.164916992188
-2483.24438476562,1647.5244140625,928.319763183594
-553.873168945312,-2779.51245117188,399.016784667969
1922.51171875,1975.84985351562,804.970336914062
-2484.9541015625,212.182464599609,909.041870117188
2813.18286132812,-1393.455078125,318.285827636719
2600.2568359375,4425.4208984375,829.648010253906
3366.97607421875,2250.46069335938,824.730834960938
4171.470703125,4398.90625,719.294372558594
-600.111755371094,4116.19384765625,869.282470703125
-2413.39794921875,3648.8564453125,906.6240234375
-2431.89282226562,3800.09814453125,890.239868164062
-17.7680816650391,4607.826171875,832.43603515625
4100.9228515625,2462.45703125,806.90673828125
4097.7109375,2910.00463867188,800.068908691406
2095.94750976562,-2326.6533203125,327.160888671875
1700.75793457031,1912.88525390625,820.502197265625
1795.03881835938,2864.6884765625,853.612060546875
243.895263671875,-578.707275390625,501.033050537109
3367.39770507812,-1111.646484375,450.007568359375
-2654.53979492188,2459.443359375,901.372863769531
3492.38134765625,1900.45947265625,808.384948730469
4234.91162109375,72.8977584838867,728.660461425781
2382.11376953125,2311.96240234375,778.602294921875
3643.40063476562,1981.26647949219,802.743835449219
-2293.4208984375,1857.98168945312,938.48876953125
1628.94311523438,4607.3876953125,757.896484375
224.283508300781,-1422.87255859375,427.749877929688
4060.6787109375,3223.787109375,800.402465820312
-693.907104492188,4084.62158203125,877.752685546875
2688.87060546875,541.866943359375,799.27001953125
3399.20581054688,1828.23962402344,807.103820800781
-436.850067138672,4531.23388671875,865.507690429688
1638.97119140625,3587.38427734375,793.049011230469
-403.594665527344,1680.70080566406,915.53759765625
-3512.08959960938,-2936.67065429688,908.795043945312
1446.0126953125,-1638.00366210938,490.418029785156
2258.39526367188,2491.60180664062,824.321350097656
-2775.61376953125,233.895812988281,897.29052734375
-330.983917236328,4555.22265625,852.305114746094
-582.556457519531,4090.46044921875,868.26123046875
3530.43286132812,1830.44189453125,800.392578125
4075.52685546875,1096.86242675781,814.728454589844
-2728.63989257812,1699.69104003906,921.794250488281
381.692749023438,4373.6982421875,806.489379882812
1026.3212890625,1802.95397949219,875.865478515625
3196.97973632812,1214.58410644531,795.815246582031
-610.105590820312,-2975.62817382812,323.459014892578
-3684.29125976562,-1784.73059082031,914.747985839844
-1319.62341308594,-1596.88818359375,407.149169921875
2158.7080078125,4139.23583984375,829.881896972656
1329.0107421875,4193.89306640625,821.849548339844
1656.94714355469,-85.3921127319336,833.35498046875
-3738.44702148438,-338.607818603516,537.736938476562
156.80029296875,-1399.1572265625,450.350799560547
-2917.19140625,-190.228454589844,821.163696289062
2438.44873046875,617.367431640625,817.109252929688
294.481140136719,2144.86938476562,874.88525390625
1325.69946289062,-1614.67419433594,439.567199707031
-29.0621910095215,1579.65710449219,863.940979003906
1927.25390625,2136.001953125,844.505126953125
-3699.38525390625,-1837.35961914062,923.648193359375
1067.60546875,1203.36010742188,878.325256347656
-3577.978515625,3783.49462890625,881.366516113281
-498.423156738281,4333.30078125,850.505065917969
-169.170013427734,-2492.33569335938,364.634521484375
4048.16650390625,-1088.57238769531,269.528503417969
408.774200439453,638.665405273438,807.430053710938
-2248.88989257812,-888.611328125,893.627685546875
232.517013549805,1056.86645507812,847.442443847656
-3248.82934570312,3628.806640625,942.696044921875
-3703.55126953125,-1837.41259765625,923.638061523438
2542.8447265625,179.439483642578,779.684326171875
-306.546783447266,3507.17456054688,860.932434082031
242.645263671875,-620.4033203125,498.945129394531
2772.99609375,-1971.28234863281,256.577697753906
-2623.16748046875,578.2705078125,909.470397949219
-1119.48779296875,-3161.61206054688,241.76789855957
2489.65991210938,4215.55126953125,840.754638671875
-858.275146484375,2476.55126953125,872.810424804688
-182.547729492188,1617.68859863281,859.542114257812
-3408.46508789062,1203.95141601562,661.421875
-161.433044433594,3428.79614257812,860.673461914062
-1733.83837890625,1993.70532226562,901.343322753906
2106.8974609375,3030.43334960938,844.150085449219
3679.63110351562,589.608703613281,733.503845214844
2678.94604492188,3583.40454101562,764.345581054688
-1671.04467773438,-2297.08715820312,395.211120605469
-1436.0107421875,-3100.7041015625,321.311889648438
4058.01342773438,1255.28344726562,815.497436523438
-351.241455078125,4386.69140625,833.8720703125
3626.490234375,1970.21765136719,802.978454589844

